file,start,end,n,dt_ms,trip,names,ch0_min,ch0_max,ch1_min,ch1_max,ch2_min,ch2_max
ring_054154.csv,05:41:34.793,05:41:54.713,250,80.0,0,vDcInst/set_freq/iq_shed,460.79,463.2,5.0,5.0,1.0,1.0
ring_054218.csv,05:42:00.292,05:42:18.532,229,80.0,0,vDcInst/set_freq/iq_shed,463.45,464.41,5.0,5.0,1.0,1.0
ring_054242.csv,05:42:23.837,05:42:42.237,231,80.0,0,vDcInst/set_freq/iq_shed,464.65,465.62,5.0,5.0,1.0,1.0
ring_054305.csv,05:42:47.399,05:43:05.639,229,80.0,0,vDcInst/set_freq/iq_shed,465.62,466.83,5.0,5.0,1.0,1.0
ring_054329.csv,05:43:10.865,05:43:29.665,236,80.0,0,vDcInst/set_freq/iq_shed,466.59,467.8,5.0,5.0,1.0,1.0
ring_054353.csv,05:43:35.003,05:43:53.323,230,80.0,0,vDcInst/set_freq/iq_shed,467.8,469.01,5.0,5.0,1.0,1.0
ring_054417.csv,05:43:58.435,05:44:17.235,236,80.0,0,vDcInst/set_freq/iq_shed,469.01,469.97,5.0,5.0,1.0,1.0
ring_054440.csv,05:44:22.382,05:44:40.782,231,80.0,0,vDcInst/set_freq/iq_shed,469.97,470.94,5.0,5.0,1.0,1.0
ring_054504.csv,05:44:45.848,05:45:04.168,230,80.0,0,vDcInst/set_freq/iq_shed,471.18,472.15,5.0,5.0,1.0,1.0
ring_054527.csv,05:45:09.489,05:45:27.729,229,80.0,0,vDcInst/set_freq/iq_shed,472.15,473.12,5.0,5.0,1.0,1.0
ring_054551.csv,05:45:32.859,05:45:51.259,231,80.0,0,vDcInst/set_freq/iq_shed,473.12,474.32,5.0,5.0,1.0,1.0
ring_054614.csv,05:45:56.438,05:46:14.678,229,80.0,0,vDcInst/set_freq/iq_shed,474.32,475.53,5.0,5.0,1.0,1.0
ring_054638.csv,05:46:19.999,05:46:38.319,230,80.0,0,vDcInst/set_freq/iq_shed,475.53,476.5,5.0,5.0,1.0,1.0
ring_054701.csv,05:46:43.561,05:47:01.881,230,80.0,0,vDcInst/set_freq/iq_shed,476.74,477.71,5.0,5.0,1.0,1.0
ring_054725.csv,05:47:07.107,05:47:25.347,229,80.0,0,vDcInst/set_freq/iq_shed,477.71,478.92,5.0,5.0,1.0,1.0
ring_054748.csv,05:47:30.621,05:47:48.941,230,80.0,0,vDcInst/set_freq/iq_shed,479.16,480.13,5.0,5.0,1.0,1.0
ring_054812.csv,05:47:54.134,05:48:12.374,229,80.0,0,vDcInst/set_freq/iq_shed,480.13,481.34,5.0,5.0,1.0,1.0
ring_054835.csv,05:48:17.650,05:48:35.970,230,80.0,0,vDcInst/set_freq/iq_shed,481.34,482.3,5.0,5.0,1.0,1.0
ring_054859.csv,05:48:41.116,05:48:59.516,231,80.0,0,vDcInst/set_freq/iq_shed,482.06,483.27,5.0,5.0,1.0,1.0
ring_054923.csv,05:49:04.694,05:49:23.094,231,80.0,0,vDcInst/set_freq/iq_shed,483.27,484.48,5.0,5.0,1.0,1.0
ring_054946.csv,05:49:28.319,05:49:46.639,230,80.0,0,vDcInst/set_freq/iq_shed,484.48,485.45,5.0,5.0,1.0,1.0
ring_055009.csv,05:49:51.737,05:50:09.977,229,80.0,0,vDcInst/set_freq/iq_shed,485.69,486.65,5.0,5.0,1.0,1.0
ring_055033.csv,05:50:15.346,05:50:33.586,229,80.0,0,vDcInst/set_freq/iq_shed,486.65,487.62,5.0,5.0,1.0,1.0
ring_055057.csv,05:50:38.829,05:50:57.229,231,80.0,0,vDcInst/set_freq/iq_shed,487.62,488.59,5.0,5.0,1.0,1.0
ring_055120.csv,05:51:02.359,05:51:20.679,230,80.0,0,vDcInst/set_freq/iq_shed,488.59,489.56,5.0,5.0,1.0,1.0
ring_055144.csv,05:51:25.857,05:51:44.177,230,80.0,0,vDcInst/set_freq/iq_shed,489.56,490.52,5.0,5.0,1.0,1.0
ring_055207.csv,05:51:49.483,05:52:07.883,231,80.0,0,vDcInst/set_freq/iq_shed,490.52,491.49,5.0,5.0,1.0,1.0
ring_055231.csv,05:52:12.948,05:52:31.268,230,80.0,0,vDcInst/set_freq/iq_shed,491.49,492.46,5.0,5.0,1.0,1.0
ring_055254.csv,05:52:36.526,05:52:54.846,230,80.0,0,vDcInst/set_freq/iq_shed,492.46,493.18,5.0,5.0,1.0,1.0
ring_055318.csv,05:53:00.024,05:53:18.424,231,80.0,0,vDcInst/set_freq/iq_shed,493.18,494.15,5.0,5.0,1.0,1.0
ring_055341.csv,05:53:23.634,05:53:41.874,229,80.0,0,vDcInst/set_freq/iq_shed,440.48,494.87,0.3,5.0,1.0,1.0
ring_055405.csv,05:53:47.116,05:54:05.436,230,80.0,0,vDcInst/set_freq/iq_shed,495.12,495.84,5.0,5.0,1.0,1.0
ring_055428.csv,05:54:10.647,05:54:28.967,230,80.0,0,vDcInst/set_freq/iq_shed,495.84,496.81,5.0,5.0,1.0,1.0
ring_055452.csv,05:54:34.161,05:54:52.401,229,80.0,0,vDcInst/set_freq/iq_shed,496.81,497.53,5.0,5.0,1.0,1.0
ring_055516.csv,05:54:57.738,05:55:16.058,230,80.0,0,vDcInst/set_freq/iq_shed,497.53,498.26,5.0,5.0,1.0,1.0
ring_055539.csv,05:55:21.237,05:55:39.557,230,80.0,0,vDcInst/set_freq/iq_shed,498.26,498.98,5.0,5.0,1.0,1.0
ring_055603.csv,05:55:44.799,05:56:03.119,230,80.0,0,vDcInst/set_freq/iq_shed,498.98,499.71,5.0,5.0,1.0,1.0
ring_055626.csv,05:56:08.344,05:56:26.584,229,80.0,0,vDcInst/set_freq/iq_shed,499.71,500.43,5.0,5.0,1.0,1.0
ring_055650.csv,05:56:31.906,05:56:50.146,229,80.0,0,vDcInst/set_freq/iq_shed,500.43,501.16,5.0,5.0,1.0,1.0
ring_055713.csv,05:56:55.469,05:57:13.709,229,80.0,0,vDcInst/set_freq/iq_shed,501.16,501.89,5.0,5.0,1.0,1.0
ring_055737.csv,05:57:18.950,05:57:37.190,229,80.0,0,vDcInst/set_freq/iq_shed,501.89,502.61,5.0,5.0,1.0,1.0
ring_055800.csv,05:57:42.464,05:58:00.784,230,80.0,0,vDcInst/set_freq/iq_shed,445.07,503.34,0.1,5.0,1.0,1.0
ring_055824.csv,05:58:06.010,05:58:24.330,230,80.0,0,vDcInst/set_freq/iq_shed,503.34,503.82,5.0,5.0,1.0,1.0
ring_055847.csv,05:58:29.540,05:58:47.860,230,80.0,0,vDcInst/set_freq/iq_shed,504.06,504.54,5.0,5.0,1.0,1.0
ring_055911.csv,05:58:53.087,05:59:11.327,229,80.0,0,vDcInst/set_freq/iq_shed,504.54,505.27,5.0,5.0,1.0,1.0
ring_055935.csv,05:59:16.633,05:59:35.033,231,80.0,0,vDcInst/set_freq/iq_shed,452.08,505.75,0.1,5.0,1.0,1.0
ring_055958.csv,05:59:40.179,05:59:58.499,230,80.0,0,vDcInst/set_freq/iq_shed,505.75,506.48,5.0,5.0,1.0,1.0
ring_060022.csv,06:00:03.724,06:00:22.124,231,80.0,0,vDcInst/set_freq/iq_shed,506.24,506.96,5.0,5.0,1.0,1.0
ring_060045.csv,06:00:27.191,06:00:45.591,231,80.0,0,vDcInst/set_freq/iq_shed,506.96,507.45,5.0,5.0,1.0,1.0
ring_060109.csv,06:00:50.721,06:01:09.041,230,80.0,0,vDcInst/set_freq/iq_shed,454.02,508.17,0.1,5.0,1.0,1.0
ring_060132.csv,06:01:14.330,06:01:32.650,230,80.0,0,vDcInst/set_freq/iq_shed,508.17,508.65,5.0,5.0,1.0,1.0
ring_060156.csv,06:01:37.797,06:01:56.117,230,80.0,0,vDcInst/set_freq/iq_shed,508.65,509.38,5.0,5.0,1.0,1.0
ring_060219.csv,06:02:01.424,06:02:19.664,229,80.0,0,vDcInst/set_freq/iq_shed,509.14,509.86,5.0,5.0,1.0,1.0
ring_060243.csv,06:02:24.953,06:02:43.353,231,80.0,0,vDcInst/set_freq/iq_shed,450.39,510.35,0.1,5.0,1.0,1.0
ring_060306.csv,06:02:48.467,06:03:06.707,229,80.0,0,vDcInst/set_freq/iq_shed,510.35,511.07,5.0,5.0,1.0,1.0
ring_060330.csv,06:03:12.044,06:03:30.284,229,80.0,0,vDcInst/set_freq/iq_shed,510.83,511.56,5.0,5.0,1.0,1.0
ring_060353.csv,06:03:35.607,06:03:53.847,229,80.0,0,vDcInst/set_freq/iq_shed,511.56,512.04,5.0,5.0,1.0,1.0
ring_060417.csv,06:03:59.169,06:04:17.409,229,80.0,0,vDcInst/set_freq/iq_shed,429.6,512.52,0.1,5.0,1.0,1.0
ring_060441.csv,06:04:22.603,06:04:41.003,231,80.0,0,vDcInst/set_freq/iq_shed,512.52,513.25,5.0,5.0,1.0,1.0
ring_060504.csv,06:04:46.180,06:05:04.500,230,80.0,0,vDcInst/set_freq/iq_shed,513.25,513.97,5.0,5.0,1.0,1.0
ring_060528.csv,06:05:09.695,06:05:28.015,230,80.0,0,vDcInst/set_freq/iq_shed,513.73,514.21,5.0,5.0,1.0,1.0
ring_060551.csv,06:05:33.258,06:05:51.578,230,80.0,0,vDcInst/set_freq/iq_shed,437.82,514.94,0.1,5.0,1.0,1.0
ring_060615.csv,06:05:56.787,06:06:15.027,229,80.0,0,vDcInst/set_freq/iq_shed,514.94,515.42,5.0,5.0,1.0,1.0
ring_060638.csv,06:06:20.364,06:06:38.684,230,80.0,0,vDcInst/set_freq/iq_shed,515.42,515.91,5.0,5.0,1.0,1.0
ring_060702.csv,06:06:43.862,06:07:02.182,230,80.0,0,vDcInst/set_freq/iq_shed,515.91,516.39,5.0,5.0,1.0,1.0
ring_060734.csv,06:07:14.348,06:07:34.428,252,80.0,0,vDcInst/idc_units/iq_shed,441.93,517.12,0.16,1.23,1.0,1.0
ring_060758.csv,06:07:40.279,06:07:58.599,230,80.0,0,vDcInst/idc_units/iq_shed,517.12,517.84,0.16,0.18,1.0,1.0
ring_060822.csv,06:08:03.793,06:08:22.113,230,80.0,0,vDcInst/idc_units/iq_shed,517.6,518.08,0.16,0.18,1.0,1.0
ring_060845.csv,06:08:27.339,06:08:45.739,231,80.0,0,vDcInst/idc_units/iq_shed,518.08,518.81,0.16,0.18,1.0,1.0
ring_060909.csv,06:08:50.885,06:09:09.205,230,80.0,0,vDcInst/idc_units/iq_shed,518.57,519.29,0.16,0.18,1.0,1.0
ring_060932.csv,06:09:14.383,06:09:32.863,232,80.0,0,vDcInst/idc_units/iq_shed,519.05,519.78,0.15,0.18,1.0,1.0
ring_060956.csv,06:09:37.978,06:09:56.378,231,80.0,0,vDcInst/idc_units/iq_shed,519.53,520.26,0.15,0.18,1.0,1.0
ring_061019.csv,06:10:01.476,06:10:19.796,230,80.0,0,vDcInst/idc_units/iq_shed,520.02,520.5,0.15,0.18,1.0,1.0
ring_061043.csv,06:10:24.989,06:10:43.389,231,80.0,0,vDcInst/idc_units/iq_shed,520.5,520.98,0.15,0.18,1.0,1.0
ring_061106.csv,06:10:48.520,06:11:06.920,231,80.0,0,vDcInst/idc_units/iq_shed,520.98,521.71,0.14,0.17,1.0,1.0
ring_061130.csv,06:11:12.097,06:11:30.497,231,80.0,0,vDcInst/idc_units/iq_shed,521.47,521.95,0.14,0.17,1.0,1.0
ring_061153.csv,06:11:35.580,06:11:53.980,231,80.0,0,vDcInst/idc_units/iq_shed,517.36,522.43,0.14,0.54,1.0,1.0
ring_061217.csv,06:11:59.157,06:12:17.557,231,80.0,0,vDcInst/idc_units/iq_shed,522.19,522.68,0.14,0.17,1.0,1.0
ring_061241.csv,06:12:22.640,06:12:41.040,231,80.0,0,vDcInst/idc_units/iq_shed,522.68,523.16,0.14,0.17,1.0,1.0
ring_061304.csv,06:12:46.233,06:13:04.633,231,80.0,0,vDcInst/idc_units/iq_shed,522.92,523.64,0.14,0.16,1.0,1.0
ring_061328.csv,06:13:09.746,06:13:28.146,231,80.0,0,vDcInst/idc_units/iq_shed,507.2,523.89,0.13,1.07,1.0,1.0
ring_061351.csv,06:13:33.341,06:13:51.821,232,80.0,0,vDcInst/idc_units/iq_shed,523.89,524.37,0.13,0.16,1.0,1.0
ring_061415.csv,06:13:57.223,06:14:15.623,231,80.0,0,vDcInst/idc_units/iq_shed,524.13,524.61,0.13,0.16,1.0,1.0
ring_061439.csv,06:14:20.720,06:14:39.280,233,80.0,0,vDcInst/idc_units/iq_shed,524.61,525.09,0.13,0.16,1.0,1.0
ring_061503.csv,06:14:44.746,06:15:03.146,231,80.0,0,vDcInst/idc_units/iq_shed,458.37,525.58,0.13,1.64,1.0,1.0
ring_061526.csv,06:15:08.229,06:15:26.629,231,80.0,0,vDcInst/idc_units/iq_shed,525.34,525.82,0.13,0.15,1.0,1.0
ring_061550.csv,06:15:31.742,06:15:50.142,231,80.0,0,vDcInst/idc_units/iq_shed,525.82,526.3,0.12,0.15,1.0,1.0
ring_061613.csv,06:15:55.352,06:16:13.752,231,80.0,0,vDcInst/idc_units/iq_shed,525.82,526.54,0.12,0.15,1.0,1.0
ring_061637.csv,06:16:18.835,06:16:37.235,231,80.0,0,vDcInst/idc_units/iq_shed,473.84,526.79,0.12,1.82,1.0,1.0
ring_061700.csv,06:16:42.316,06:17:00.796,232,80.0,0,vDcInst/idc_units/iq_shed,464.17,527.27,0.11,1.87,1.0,1.0
ring_061724.csv,06:17:05.911,06:17:24.311,231,80.0,0,vDcInst/idc_units/iq_shed,527.27,527.75,0.11,0.13,1.0,1.0
ring_061747.csv,06:17:29.441,06:17:47.841,231,80.0,0,vDcInst/idc_units/iq_shed,527.51,528.0,0.1,0.13,1.0,1.0
ring_061811.csv,06:17:52.938,06:18:11.258,230,80.0,0,vDcInst/idc_units/iq_shed,527.75,528.24,0.1,0.13,1.0,1.0
ring_061834.csv,06:18:16.373,06:18:34.853,232,80.0,0,vDcInst/idc_units/iq_shed,494.15,528.72,0.1,1.9,1.0,1.0
ring_061859.csv,06:18:41.150,06:18:59.550,231,80.0,0,vDcInst/idc_units/iq_shed,493.42,510.59,1.45,1.92,1.0,1.0
ring_061923.csv,06:19:04.760,06:19:23.160,231,80.0,0,vDcInst/idc_units/iq_shed,506.0,510.83,1.48,1.61,1.0,1.0
ring_061947.csv,06:19:28.305,06:19:47.745,244,80.0,0,vDcInst/idc_units/iq_shed,506.96,512.04,1.48,1.62,1.0,1.0
ring_062011.csv,06:19:53.355,06:20:11.755,231,80.0,0,vDcInst/idc_units/iq_shed,507.45,512.52,1.49,1.64,1.0,1.0
ring_062035.csv,06:20:17.077,06:20:35.397,230,80.0,0,vDcInst/idc_units/iq_shed,506.96,513.49,1.54,1.68,1.0,1.0
ring_062058.csv,06:20:40.527,06:20:58.927,231,80.0,0,vDcInst/idc_units/iq_shed,507.45,513.25,1.56,1.7,1.0,1.0
ring_062122.csv,06:21:04.090,06:21:22.490,231,80.0,0,vDcInst/idc_units/iq_shed,508.17,513.73,1.58,1.73,1.0,1.0
ring_062146.csv,06:21:27.588,06:21:46.548,238,80.0,0,vDcInst/idc_units/iq_shed,507.45,513.73,1.62,1.8,1.0,1.0
ring_062210.csv,06:21:51.949,06:22:10.509,233,80.0,0,vDcInst/idc_units/iq_shed,508.65,514.7,1.66,1.81,1.0,1.0
ring_062234.csv,06:22:15.927,06:22:34.247,230,80.0,0,vDcInst/idc_units/iq_shed,508.41,514.21,1.66,1.88,1.0,1.0
ring_062258.csv,06:22:39.409,06:22:58.849,244,80.0,0,vDcInst/idc_units/iq_shed,508.65,513.97,1.73,1.91,1.0,1.0
ring_062323.csv,06:23:04.555,06:23:23.035,232,80.0,0,vDcInst/idc_units/iq_shed,508.9,514.21,1.76,1.94,1.0,1.0
ring_062347.csv,06:23:28.147,06:23:47.107,238,80.0,0,vDcInst/idc_units/iq_shed,510.35,515.42,1.74,1.91,1.0,1.0
ring_062411.csv,06:23:52.622,06:24:11.022,231,80.0,0,vDcInst/idc_units/iq_shed,509.62,515.67,1.81,1.96,1.0,1.0
ring_062434.csv,06:24:16.392,06:24:34.712,230,80.0,0,vDcInst/idc_units/iq_shed,509.62,516.15,1.81,2.02,1.0,1.0
ring_062458.csv,06:24:40.001,06:24:58.321,230,80.0,0,vDcInst/idc_units/iq_shed,511.56,516.15,1.86,2.0,1.0,1.0
ring_062521.csv,06:25:03.548,06:25:21.948,231,80.0,0,vDcInst/idc_units/iq_shed,509.14,515.42,1.91,2.16,1.0,1.0
ring_062545.csv,06:25:27.045,06:25:45.445,231,80.0,0,vDcInst/idc_units/iq_shed,509.86,515.42,1.97,2.16,1.0,1.0
ring_062608.csv,06:25:50.577,06:26:08.897,230,80.0,0,vDcInst/idc_units/iq_shed,511.07,516.15,1.95,2.16,1.0,1.0
ring_062632.csv,06:26:14.090,06:26:32.570,232,80.0,0,vDcInst/idc_units/iq_shed,511.31,515.67,2.03,2.22,1.0,1.0
ring_062657.csv,06:26:37.716,06:26:57.156,244,80.0,0,vDcInst/idc_units/iq_shed,509.86,516.15,2.06,2.28,1.0,1.0
ring_062721.csv,06:27:02.829,06:27:21.789,238,80.0,0,vDcInst/idc_units/iq_shed,511.56,516.63,2.09,2.3,1.0,1.0
ring_062745.csv,06:27:27.304,06:27:45.624,230,80.0,0,vDcInst/idc_units/iq_shed,512.04,516.63,2.13,2.32,1.0,1.0
ring_062809.csv,06:27:50.705,06:28:09.105,231,80.0,0,vDcInst/idc_units/iq_shed,511.31,516.87,2.19,2.38,1.0,1.0
ring_062832.csv,06:28:14.204,06:28:32.604,231,80.0,0,vDcInst/idc_units/iq_shed,508.9,516.63,2.19,2.55,1.0,1.0
ring_062856.csv,06:28:37.782,06:28:56.182,231,80.0,0,vDcInst/idc_units/iq_shed,512.28,516.63,2.27,2.47,1.0,1.0
ring_062919.csv,06:29:01.327,06:29:19.647,230,80.0,0,vDcInst/idc_units/iq_shed,511.56,516.39,2.32,2.54,1.0,1.0
ring_062943.csv,06:29:24.825,06:29:43.225,231,80.0,0,vDcInst/idc_units/iq_shed,512.76,517.36,2.33,2.5,1.0,1.0
ring_063006.csv,06:29:48.356,06:30:06.756,231,80.0,0,vDcInst/idc_units/iq_shed,511.31,516.63,2.41,2.62,1.0,1.0
ring_063030.csv,06:30:11.981,06:30:30.461,232,80.0,0,vDcInst/idc_units/iq_shed,510.59,516.63,2.48,2.71,1.0,1.0
ring_063054.csv,06:30:35.975,06:30:54.375,231,80.0,0,vDcInst/idc_units/iq_shed,512.04,516.15,2.51,2.69,1.0,1.0
ring_063117.csv,06:30:59.539,06:31:17.939,231,80.0,0,vDcInst/idc_units/iq_shed,512.52,516.63,2.55,2.7,1.0,1.0
ring_063141.csv,06:31:23.450,06:31:41.930,232,80.0,0,vDcInst/idc_units/iq_shed,512.28,517.36,2.59,2.79,1.0,1.0
ring_063205.csv,06:31:47.412,06:32:05.812,231,80.0,0,vDcInst/idc_units/iq_shed,511.07,516.63,2.62,2.88,1.0,1.0
ring_063229.csv,06:32:10.927,06:32:29.327,231,80.0,0,vDcInst/idc_units/iq_shed,512.52,517.84,2.58,2.88,1.0,1.0
ring_063253.csv,06:32:34.457,06:32:53.017,233,80.0,0,vDcInst/idc_units/iq_shed,512.04,516.63,2.7,2.92,1.0,1.0
ring_063316.csv,06:32:58.481,06:33:16.881,231,80.0,0,vDcInst/idc_units/iq_shed,511.8,518.08,2.71,2.97,1.0,1.0
ring_063340.csv,06:33:22.347,06:33:40.827,232,80.0,0,vDcInst/idc_units/iq_shed,512.28,517.12,2.76,3.01,1.0,1.0
ring_063404.csv,06:33:46.293,06:34:04.693,231,80.0,0,vDcInst/idc_units/iq_shed,511.8,516.87,2.88,3.12,1.0,1.0
ring_063428.csv,06:34:09.857,06:34:28.257,231,80.0,0,vDcInst/idc_units/iq_shed,511.8,518.08,2.83,3.15,1.0,1.0
ring_063451.csv,06:34:33.384,06:34:51.864,232,80.0,0,vDcInst/idc_units/iq_shed,512.76,517.36,2.9,3.14,1.0,1.0
ring_063515.csv,06:34:57.282,06:35:15.682,231,80.0,0,vDcInst/idc_units/iq_shed,512.28,517.84,2.92,3.21,1.0,1.0
ring_063539.csv,06:35:20.796,06:35:39.036,229,80.0,0,vDcInst/idc_units/iq_shed,511.31,517.36,3.03,3.32,1.0,1.0
ring_063602.csv,06:35:44.358,06:36:02.678,230,80.0,0,vDcInst/idc_units/iq_shed,512.28,517.12,3.07,3.32,1.0,1.0
ring_063626.csv,06:36:07.936,06:36:26.176,229,80.0,0,vDcInst/idc_units/iq_shed,513.01,518.08,3.08,3.37,1.0,1.0
ring_063649.csv,06:36:31.498,06:36:49.898,231,80.0,0,vDcInst/idc_units/iq_shed,513.01,518.08,3.13,3.37,1.0,1.0
ring_063713.csv,06:36:55.060,06:37:13.380,230,80.0,0,vDcInst/idc_units/iq_shed,512.04,518.08,3.17,3.47,1.0,1.0
ring_063736.csv,06:37:18.574,06:37:36.974,231,80.0,0,vDcInst/idc_units/iq_shed,513.01,518.57,3.22,3.53,1.0,1.0
ring_063800.csv,06:37:42.072,06:38:00.472,231,80.0,0,vDcInst/idc_units/iq_shed,513.01,518.57,3.27,3.53,1.0,1.0
ring_063823.csv,06:38:05.571,06:38:23.971,231,80.0,0,vDcInst/idc_units/iq_shed,512.04,517.84,3.32,3.58,1.0,1.0
ring_063847.csv,06:38:29.181,06:38:47.501,230,80.0,0,vDcInst/idc_units/iq_shed,511.8,518.08,3.39,3.71,1.0,1.0
ring_063911.csv,06:38:52.775,06:39:11.175,231,80.0,0,vDcInst/idc_units/iq_shed,512.04,518.57,3.38,3.68,1.0,1.0
ring_063935.csv,06:39:16.881,06:39:35.201,230,80.0,0,vDcInst/idc_units/iq_shed,512.76,518.08,3.44,3.77,1.0,1.0
ring_063958.csv,06:39:40.589,06:39:58.989,231,80.0,0,vDcInst/idc_units/iq_shed,512.28,518.32,3.49,3.81,1.0,1.0
ring_064022.csv,06:40:04.149,06:40:22.469,230,80.0,0,vDcInst/idc_units/iq_shed,512.76,517.84,3.55,3.81,1.0,1.0
ring_064046.csv,06:40:27.695,06:40:46.015,230,80.0,0,vDcInst/idc_units/iq_shed,511.56,518.08,3.6,3.94,1.0,1.0
ring_064109.csv,06:40:51.257,06:41:09.657,231,80.0,0,vDcInst/idc_units/iq_shed,511.56,519.05,3.6,4.0,1.0,1.0
ring_064133.csv,06:41:14.740,06:41:33.140,231,80.0,0,vDcInst/idc_units/iq_shed,513.25,519.05,3.64,3.94,1.0,1.0
ring_064156.csv,06:41:38.334,06:41:56.654,230,80.0,0,vDcInst/idc_units/iq_shed,511.8,517.84,3.76,4.06,1.0,1.0
ring_064220.csv,06:42:01.912,06:42:20.312,231,80.0,0,vDcInst/idc_units/iq_shed,513.25,518.81,3.69,4.05,1.0,1.0
ring_064243.csv,06:42:25.410,06:42:43.730,230,80.0,0,vDcInst/idc_units/iq_shed,512.76,518.57,3.83,4.12,1.0,1.0
ring_064305.csv,06:42:48.957,06:43:05.757,211,80.0,0,vDcInst/idc_units/iq_shed,512.28,517.6,3.96,4.19,1.0,1.0
ring_064330.csv,06:43:10.693,06:43:30.693,251,80.0,0,vDcInst/idc_units/iq_shed,512.76,519.05,3.89,4.25,1.0,1.0
ring_064354.csv,06:43:36.433,06:43:54.833,231,80.0,0,vDcInst/idc_units/iq_shed,513.25,518.32,4.02,4.26,1.0,1.0
ring_064418.csv,06:43:59.961,06:44:18.441,232,80.0,0,vDcInst/idc_units/iq_shed,512.28,519.29,3.95,4.33,1.0,1.0
ring_064441.csv,06:44:23.603,06:44:41.923,230,80.0,0,vDcInst/idc_units/iq_shed,513.97,519.05,4.0,4.31,1.0,1.0
ring_064505.csv,06:44:47.037,06:45:05.357,230,80.0,0,vDcInst/idc_units/iq_shed,512.76,519.29,4.07,4.38,1.0,1.0
ring_064528.csv,06:45:10.568,06:45:28.968,231,80.0,0,vDcInst/idc_units/iq_shed,512.76,518.81,4.15,4.54,1.0,1.0
ring_064552.csv,06:45:34.193,06:45:52.593,231,80.0,0,vDcInst/idc_units/iq_shed,513.01,518.57,4.21,4.53,1.0,1.0
ring_064616.csv,06:45:57.725,06:46:16.045,230,80.0,0,vDcInst/idc_units/iq_shed,513.25,518.81,4.25,4.6,1.0,1.0
ring_064639.csv,06:46:21.270,06:46:39.670,231,80.0,0,vDcInst/idc_units/iq_shed,512.76,518.57,4.33,4.66,1.0,1.0
ring_064704.csv,06:46:45.807,06:47:04.127,230,80.0,0,vDcInst/idc_units/iq_shed,513.01,518.57,4.34,4.66,1.0,1.0
ring_064727.csv,06:47:09.561,06:47:27.961,231,80.0,0,vDcInst/idc_units/iq_shed,512.28,519.78,4.33,4.72,1.0,1.0
ring_064751.csv,06:47:33.107,06:47:51.347,229,80.0,0,vDcInst/idc_units/iq_shed,513.49,518.81,4.46,4.73,1.0,1.0
ring_064814.csv,06:47:56.621,06:48:14.941,230,80.0,0,vDcInst/idc_units/iq_shed,512.28,519.05,4.47,4.87,1.0,1.0
ring_064838.csv,06:48:20.105,06:48:38.505,231,80.0,0,vDcInst/idc_units/iq_shed,512.76,518.32,4.54,4.87,1.0,1.0
ring_064902.csv,06:48:43.745,06:49:02.065,230,80.0,0,vDcInst/idc_units/iq_shed,513.49,518.81,4.61,4.87,1.0,1.0
ring_064925.csv,06:49:07.307,06:49:25.627,230,80.0,0,vDcInst/idc_units/iq_shed,513.25,518.08,4.68,4.94,1.0,1.0
ring_064949.csv,06:49:30.773,06:49:49.093,230,80.0,0,vDcInst/idc_units/iq_shed,509.86,518.81,4.67,5.27,1.0,1.0
ring_065012.csv,06:49:54.303,06:50:12.623,230,80.0,0,vDcInst/idc_units/iq_shed,510.1,519.05,4.73,5.24,1.0,1.0
ring_065036.csv,06:50:17.865,06:50:36.265,231,80.0,0,vDcInst/idc_units/iq_shed,503.82,519.78,4.68,5.67,1.0,1.0
ring_065059.csv,06:50:41.347,06:50:59.667,230,80.0,0,vDcInst/idc_units/iq_shed,513.25,520.26,4.68,5.17,1.0,1.0
ring_065123.csv,06:51:05.005,06:51:23.325,230,80.0,0,vDcInst/idc_units/iq_shed,503.34,520.02,4.75,5.78,1.0,1.0
ring_065147.csv,06:51:29.591,06:51:47.991,231,80.0,0,vDcInst/idc_units/iq_shed,509.86,520.26,4.82,5.49,1.0,1.0
ring_065211.csv,06:51:53.249,06:52:11.649,231,80.0,0,vDcInst/idc_units/iq_shed,430.81,521.47,4.81,6.48,1.0,1.0
ring_065235.csv,06:52:16.747,06:52:35.147,231,80.0,0,vDcInst/idc_units/iq_shed,499.71,521.95,4.77,6.06,1.0,1.0
ring_065258.csv,06:52:40.341,06:52:58.741,231,80.0,0,vDcInst/idc_units/iq_shed,503.82,520.74,4.89,5.98,1.0,1.0
ring_065322.csv,06:53:03.839,06:53:22.159,230,80.0,0,vDcInst/idc_units/iq_shed,505.75,521.71,4.89,5.93,1.0,1.0
ring_065346.csv,06:53:28.440,06:53:46.840,231,80.0,0,vDcInst/idc_units/iq_shed,297.6,526.79,4.24,7.05,0.21,1.0
ring_065410.csv,06:53:52.147,06:54:10.467,230,80.0,0,vDcInst/idc_units/iq_shed,300.26,526.79,4.37,7.09,0.212,1.0
ring_065433.csv,06:54:15.678,06:54:33.998,230,80.0,0,vDcInst/idc_units/iq_shed,300.26,527.27,4.34,7.18,0.216,1.0
ring_065457.csv,06:54:39.207,06:54:57.607,231,80.0,0,vDcInst/idc_units/iq_shed,299.53,527.27,4.36,7.26,0.222,1.0
ring_065521.csv,06:55:02.833,06:55:21.153,230,80.0,0,vDcInst/idc_units/iq_shed,300.26,526.06,4.54,7.3,0.22,1.0
ring_065544.csv,06:55:26.395,06:55:44.635,229,80.0,0,vDcInst/idc_units/iq_shed,301.23,527.03,4.46,7.37,0.223,1.0
ring_065609.csv,06:55:49.845,06:56:09.285,244,80.0,0,vDcInst/idc_units/iq_shed,302.43,527.27,4.47,7.42,0.227,1.0
ring_065634.csv,06:56:14.990,06:56:34.270,242,80.0,0,vDcInst/idc_units/iq_shed,469.25,522.92,5.16,7.0,1.0,1.0
ring_065658.csv,06:56:39.656,06:56:58.056,231,80.0,0,vDcInst/idc_units/iq_shed,489.56,522.92,5.14,6.94,1.0,1.0
ring_065721.csv,06:57:03.394,06:57:21.714,230,80.0,0,vDcInst/idc_units/iq_shed,497.05,524.61,5.11,6.87,1.0,1.0
ring_065746.csv,06:57:27.900,06:57:46.220,230,80.0,0,vDcInst/idc_units/iq_shed,302.19,526.54,4.69,7.74,0.239,1.0
ring_065809.csv,06:57:51.591,06:58:09.911,230,80.0,0,vDcInst/idc_units/iq_shed,303.89,528.48,4.62,7.8,0.238,1.0
ring_065833.csv,06:58:15.185,06:58:33.585,231,80.0,0,vDcInst/idc_units/iq_shed,477.71,524.13,5.13,7.28,1.0,1.0
ring_065856.csv,06:58:38.731,06:58:56.971,229,80.0,0,vDcInst/idc_units/iq_shed,504.54,520.98,5.59,6.84,1.0,1.0
ring_065920.csv,06:59:02.228,06:59:20.628,231,80.0,0,vDcInst/idc_units/iq_shed,496.57,522.92,5.52,7.2,1.0,1.0
ring_065944.csv,06:59:25.855,06:59:44.175,230,80.0,0,vDcInst/idc_units/iq_shed,500.92,522.68,5.48,7.1,1.0,1.0
ring_070007.csv,06:59:49.417,07:00:07.817,231,80.0,0,vDcInst/idc_units/iq_shed,506.0,519.53,5.97,7.0,1.0,1.0
ring_070031.csv,07:00:13.379,07:00:31.699,230,80.0,0,vDcInst/idc_units/iq_shed,502.37,520.98,5.88,7.19,1.0,1.0
ring_070055.csv,07:00:36.813,07:00:55.213,231,80.0,0,vDcInst/idc_units/iq_shed,504.06,519.05,6.12,7.18,1.0,1.0
ring_070118.csv,07:01:00.311,07:01:18.711,231,80.0,0,vDcInst/idc_units/iq_shed,506.24,517.84,6.31,7.1,1.0,1.0
ring_070142.csv,07:01:23.921,07:01:42.241,230,80.0,0,vDcInst/idc_units/iq_shed,507.69,518.57,6.3,7.1,1.0,1.0
ring_070206.csv,07:01:47.466,07:02:06.906,244,80.0,0,vDcInst/idc_units/iq_shed,508.41,519.53,6.24,7.12,1.0,1.0
ring_070230.csv,07:02:12.518,07:02:30.918,231,80.0,0,vDcInst/idc_units/iq_shed,509.38,517.36,6.55,7.08,1.0,1.0
ring_070254.csv,07:02:36.126,07:02:54.526,231,80.0,0,vDcInst/idc_units/iq_shed,508.17,517.36,6.57,7.25,1.0,1.0
ring_070318.csv,07:02:59.721,07:03:18.201,232,80.0,0,vDcInst/idc_units/iq_shed,508.9,516.15,6.75,7.24,1.0,1.0
ring_070341.csv,07:03:23.585,07:03:41.985,231,80.0,0,vDcInst/idc_units/iq_shed,509.14,516.63,6.75,7.22,1.0,1.0
ring_070405.csv,07:03:47.163,07:04:05.563,231,80.0,0,vDcInst/idc_units/iq_shed,509.14,516.87,6.74,7.37,1.0,1.0
ring_070429.csv,07:04:10.724,07:04:29.124,231,80.0,0,vDcInst/idc_units/iq_shed,509.14,516.39,6.92,7.37,1.0,1.0
ring_070452.csv,07:04:34.223,07:04:52.543,230,80.0,0,vDcInst/idc_units/iq_shed,508.9,516.63,6.91,7.52,1.0,1.0
ring_070516.csv,07:04:57.896,07:05:16.296,231,80.0,0,vDcInst/idc_units/iq_shed,508.9,515.42,7.06,7.5,1.0,1.0
ring_070540.csv,07:05:21.762,07:05:40.082,230,80.0,0,vDcInst/idc_units/iq_shed,508.9,515.91,7.06,7.5,1.0,1.0
ring_070603.csv,07:05:45.292,07:06:03.612,230,80.0,0,vDcInst/idc_units/iq_shed,510.1,515.18,7.2,7.48,1.0,1.0
ring_070627.csv,07:06:08.790,07:06:27.270,232,80.0,0,vDcInst/idc_units/iq_shed,508.9,515.18,7.19,7.64,1.0,1.0
ring_070650.csv,07:06:32.432,07:06:50.832,231,80.0,0,vDcInst/idc_units/iq_shed,506.72,517.6,6.99,7.76,1.0,1.0
ring_070714.csv,07:06:55.978,07:07:14.298,230,80.0,0,vDcInst/idc_units/iq_shed,507.45,515.18,7.34,7.97,1.0,1.0
ring_070737.csv,07:07:19.476,07:07:37.876,231,80.0,0,vDcInst/idc_units/iq_shed,505.51,518.81,7.03,7.96,1.0,1.0
ring_070801.csv,07:07:42.496,07:08:01.376,237,80.0,0,vDcInst/idc_units/iq_shed,505.75,519.29,7.07,8.02,1.0,1.0
ring_070826.csv,07:08:07.448,07:08:26.408,238,80.0,0,vDcInst/idc_units/iq_shed,508.17,517.12,7.4,8.13,1.0,1.0
ring_070852.csv,07:08:33.873,07:08:52.193,230,80.0,0,vDcInst/idc_units/iq_shed,504.54,517.12,7.53,8.44,1.0,1.0
ring_070915.csv,07:08:57.276,07:09:15.676,231,80.0,0,vDcInst/idc_units/iq_shed,507.45,516.63,7.68,8.42,1.0,1.0
ring_070939.csv,07:09:20.759,07:09:39.239,232,80.0,0,vDcInst/idc_units/iq_shed,508.9,517.12,7.82,8.39,1.0,1.0
ring_071002.csv,07:09:44.401,07:10:02.801,231,80.0,0,vDcInst/idc_units/iq_shed,509.14,517.84,7.8,8.52,1.0,1.0
ring_071026.csv,07:10:07.962,07:10:26.282,230,80.0,0,vDcInst/idc_units/iq_shed,510.1,518.08,7.92,8.52,1.0,1.0
ring_071049.csv,07:10:31.732,07:10:49.892,228,80.0,0,vDcInst/idc_units/iq_shed,510.1,517.36,8.06,8.64,1.0,1.0
ring_143253.csv,14:32:53.210,14:32:53.261,256,0.2,0,wm_hat_hz/iq/id,0.0,0.0,0.0,0.0,0.0,0.0
ring_144005.csv,14:40:05.338,14:40:05.389,256,0.2,0,wm_hat_hz/iq/id,0.0,0.0,0.0,0.0,0.0,0.0
ring_144030.csv,14:40:11.782,14:40:30.902,240,80.0,0,vDcInst/idc_units/iq_shed,545.89,546.13,0.15,0.17,1.0,1.0
ring_144054.csv,14:40:36.144,14:40:54.544,231,80.0,0,vDcInst/idc_units/iq_shed,546.13,546.37,0.15,0.17,1.0,1.0
ring_144118.csv,14:40:59.610,14:41:18.010,231,80.0,0,vDcInst/idc_units/iq_shed,429.12,538.39,0.14,0.17,1.0,1.0
ring_144141.csv,14:41:23.060,14:41:41.380,230,80.0,0,vDcInst/idc_units/iq_shed,320.81,378.59,0.13,0.16,1.0,1.0
ring_144204.csv,14:41:46.607,14:42:04.927,230,80.0,0,vDcInst/idc_units/iq_shed,320.81,321.05,0.13,0.15,1.0,1.0
ring_144228.csv,14:42:10.153,14:42:28.553,231,80.0,0,vDcInst/idc_units/iq_shed,320.81,321.05,0.12,0.15,1.0,1.0
ring_144252.csv,14:42:33.683,14:42:52.003,230,80.0,0,vDcInst/idc_units/iq_shed,320.81,321.05,0.12,0.14,1.0,1.0
ring_144315.csv,14:42:57.133,14:43:15.453,230,80.0,0,vDcInst/idc_units/iq_shed,320.57,321.05,0.11,0.14,1.0,1.0
ring_144339.csv,14:43:20.663,14:43:39.063,231,80.0,0,vDcInst/idc_units/iq_shed,320.57,321.05,0.11,0.13,1.0,1.0
ring_144402.csv,14:43:44.289,14:44:02.609,230,80.0,0,vDcInst/idc_units/iq_shed,320.57,320.81,0.1,0.13,1.0,1.0
ring_144426.csv,14:44:07.643,14:44:26.123,232,80.0,0,vDcInst/idc_units/iq_shed,320.81,537.18,0.06,4.69,1.0,1.0
ring_144449.csv,14:44:31.093,14:44:49.413,230,80.0,0,vDcInst/idc_units/iq_shed,444.59,537.18,0.09,0.11,1.0,1.0
ring_144513.csv,14:44:54.736,14:45:13.056,230,80.0,0,vDcInst/idc_units/iq_shed,320.57,393.58,0.07,0.11,1.0,1.0
ring_144536.csv,14:45:18.217,14:45:36.617,231,80.0,0,vDcInst/idc_units/iq_shed,222.17,321.05,0.07,0.1,1.0,1.0
ring_145618.csv,14:56:18.453,14:56:18.504,256,0.2,0,wm_hat_hz/iq/id,0.0,0.0,0.0,0.0,0.0,0.0
ring_145643.csv,14:56:24.722,14:56:43.762,239,80.0,0,vDcInst/idc_units/iq_shed,600.28,604.39,0.38,0.61,1.0,1.0
ring_145707.csv,14:56:49.117,14:57:07.437,230,80.0,0,vDcInst/idc_units/iq_shed,600.28,601.49,0.47,0.5,1.0,1.0
ring_145731.csv,14:57:12.598,14:57:31.478,237,80.0,0,vDcInst/idc_units/iq_shed,600.28,601.49,0.46,0.49,1.0,1.0
ring_145754.csv,14:57:36.608,14:57:54.928,230,80.0,0,vDcInst/idc_units/iq_shed,600.28,601.49,0.45,0.49,1.0,1.0
ring_145818.csv,14:58:00.042,14:58:18.282,229,80.0,0,vDcInst/idc_units/iq_shed,600.28,601.25,0.45,0.49,1.0,1.0
ring_145841.csv,14:58:23.445,14:58:41.845,231,80.0,0,vDcInst/idc_units/iq_shed,600.04,601.49,0.44,0.49,1.0,1.0
ring_145906.csv,14:58:47.055,14:59:06.015,238,80.0,0,vDcInst/idc_units/iq_shed,600.28,601.49,0.44,0.47,1.0,1.0
ring_145929.csv,14:59:11.400,14:59:29.800,231,80.0,0,vDcInst/idc_units/iq_shed,600.04,601.25,0.42,0.46,1.0,1.0
ring_145953.csv,14:59:34.962,14:59:53.362,231,80.0,0,vDcInst/idc_units/iq_shed,600.28,601.25,0.41,0.46,1.0,1.0
ring_150016.csv,14:59:58.445,15:00:16.765,230,80.0,0,vDcInst/idc_units/iq_shed,600.04,601.25,0.41,0.46,1.0,1.0
ring_150040.csv,15:00:21.863,15:00:40.823,238,80.0,0,vDcInst/idc_units/iq_shed,600.04,601.25,0.4,0.44,1.0,1.0
ring_150104.csv,15:00:45.937,15:01:04.337,231,80.0,0,vDcInst/idc_units/iq_shed,600.04,601.01,0.4,0.45,1.0,1.0
ring_150127.csv,15:01:09.402,15:01:27.722,230,80.0,0,vDcInst/idc_units/iq_shed,600.04,601.01,0.39,0.43,1.0,1.0
ring_150151.csv,15:01:32.853,15:01:51.253,231,80.0,0,vDcInst/idc_units/iq_shed,599.8,601.01,0.38,0.43,1.0,1.0
ring_150214.csv,15:01:56.399,15:02:14.719,230,80.0,0,vDcInst/idc_units/iq_shed,599.8,601.01,0.38,0.43,1.0,1.0
ring_150238.csv,15:02:19.929,15:02:38.329,231,80.0,0,vDcInst/idc_units/iq_shed,599.8,601.01,0.37,0.41,1.0,1.0
ring_150301.csv,15:02:43.475,15:03:01.875,231,80.0,0,vDcInst/idc_units/iq_shed,599.8,601.49,0.36,0.4,1.0,1.0
ring_150325.csv,15:03:07.101,15:03:25.421,230,80.0,0,vDcInst/idc_units/iq_shed,599.8,600.76,0.36,0.4,1.0,1.0
ring_150348.csv,15:03:30.583,15:03:48.983,231,80.0,0,vDcInst/idc_units/iq_shed,599.8,600.76,0.35,0.4,1.0,1.0
ring_150412.csv,15:03:54.033,15:04:12.433,231,80.0,0,vDcInst/idc_units/iq_shed,599.8,600.76,0.35,0.39,1.0,1.0
ring_150437.csv,15:04:17.579,15:04:37.019,244,80.0,0,vDcInst/idc_units/iq_shed,599.56,600.76,0.34,0.38,1.0,1.0
ring_150501.csv,15:04:42.644,15:05:01.044,231,80.0,0,vDcInst/idc_units/iq_shed,599.56,601.01,0.33,0.38,1.0,1.0
ring_150524.csv,15:05:06.351,15:05:24.671,230,80.0,0,vDcInst/idc_units/iq_shed,599.56,600.76,0.32,0.37,1.0,1.0
ring_150548.csv,15:05:29.848,15:05:48.168,230,80.0,0,vDcInst/idc_units/iq_shed,599.56,600.76,0.33,0.37,1.0,1.0
ring_150611.csv,15:05:53.267,15:06:11.667,231,80.0,0,vDcInst/idc_units/iq_shed,599.56,600.52,0.31,0.35,1.0,1.0
ring_150635.csv,15:06:16.990,15:06:35.230,229,80.0,0,vDcInst/idc_units/iq_shed,599.8,600.52,0.32,0.35,1.0,1.0
ring_150658.csv,15:06:40.407,15:06:58.807,231,80.0,0,vDcInst/idc_units/iq_shed,599.56,600.76,0.32,0.36,1.0,1.0
ring_150722.csv,15:07:04.049,15:07:22.369,230,80.0,0,vDcInst/idc_units/iq_shed,599.56,600.76,0.31,0.34,1.0,1.0
ring_150745.csv,15:07:27.516,15:07:45.836,230,80.0,0,vDcInst/idc_units/iq_shed,599.56,600.76,0.3,0.34,1.0,1.0
ring_150809.csv,15:07:51.062,15:08:09.462,231,80.0,0,vDcInst/idc_units/iq_shed,599.56,600.76,0.31,0.35,1.0,1.0
ring_150832.csv,15:08:14.512,15:08:32.912,231,80.0,0,vDcInst/idc_units/iq_shed,599.56,600.52,0.3,0.34,1.0,1.0
ring_150856.csv,15:08:38.090,15:08:56.490,231,80.0,0,vDcInst/idc_units/iq_shed,599.56,600.52,0.3,0.33,1.0,1.0
ring_150920.csv,15:09:01.653,15:09:20.213,233,80.0,0,vDcInst/idc_units/iq_shed,599.56,600.52,0.3,0.33,1.0,1.0
ring_150944.csv,15:09:25.695,15:09:44.015,230,80.0,0,vDcInst/idc_units/iq_shed,599.56,600.76,0.29,0.33,1.0,1.0
ring_151007.csv,15:09:49.113,15:10:07.433,230,80.0,0,vDcInst/idc_units/iq_shed,599.56,600.76,0.29,0.32,1.0,1.0
ring_151031.csv,15:10:12.755,15:10:31.075,230,80.0,0,vDcInst/idc_units/iq_shed,599.56,600.52,0.29,0.32,1.0,1.0
ring_151054.csv,15:10:36.270,15:10:54.670,231,80.0,0,vDcInst/idc_units/iq_shed,599.56,600.52,0.28,0.32,1.0,1.0
ring_151118.csv,15:10:59.751,15:11:18.151,231,80.0,0,vDcInst/idc_units/iq_shed,599.56,600.52,0.29,0.32,1.0,1.0
ring_151141.csv,15:11:23.346,15:11:41.746,231,80.0,0,vDcInst/idc_units/iq_shed,599.56,600.52,0.28,0.32,1.0,1.0
ring_151205.csv,15:11:46.813,15:12:05.213,231,80.0,0,vDcInst/idc_units/iq_shed,599.56,600.52,0.28,0.31,1.0,1.0
ring_151229.csv,15:12:10.422,15:12:29.382,238,80.0,0,vDcInst/idc_units/iq_shed,599.56,600.76,0.28,0.32,1.0,1.0
ring_151253.csv,15:12:34.864,15:12:53.264,231,80.0,0,vDcInst/idc_units/iq_shed,599.56,600.52,0.28,0.3,1.0,1.0
ring_151317.csv,15:12:58.777,15:13:17.177,231,80.0,0,vDcInst/idc_units/iq_shed,599.56,600.52,0.28,0.3,1.0,1.0
ring_151340.csv,15:13:22.260,15:13:40.740,232,80.0,0,vDcInst/idc_units/iq_shed,599.56,600.52,0.28,0.31,1.0,1.0
ring_151404.csv,15:13:46.270,15:14:04.750,232,80.0,0,vDcInst/idc_units/iq_shed,599.56,600.52,0.27,0.31,1.0,1.0
ring_151428.csv,15:14:10.120,15:14:28.600,232,80.0,0,vDcInst/idc_units/iq_shed,599.56,600.52,0.27,0.31,1.0,1.0
ring_151452.csv,15:14:33.746,15:14:52.066,230,80.0,0,vDcInst/idc_units/iq_shed,599.56,600.76,0.27,0.3,1.0,1.0
ring_151516.csv,15:14:57.292,15:15:16.172,237,80.0,0,vDcInst/idc_units/iq_shed,599.31,600.52,0.28,0.3,1.0,1.0
ring_151540.csv,15:15:21.622,15:15:40.102,232,80.0,0,vDcInst/idc_units/iq_shed,599.31,600.52,0.27,0.31,1.0,1.0
ring_151603.csv,15:15:45.489,15:16:03.809,230,80.0,0,vDcInst/idc_units/iq_shed,599.56,600.52,0.27,0.31,1.0,1.0
ring_151627.csv,15:16:09.050,15:16:27.450,231,80.0,0,vDcInst/idc_units/iq_shed,599.31,600.52,0.27,0.31,1.0,1.0
ring_151651.csv,15:16:32.677,15:16:51.077,231,80.0,0,vDcInst/idc_units/iq_shed,599.56,600.28,0.27,0.31,1.0,1.0
ring_151714.csv,15:16:56.192,15:17:14.512,230,80.0,0,vDcInst/idc_units/iq_shed,599.56,600.52,0.27,0.31,1.0,1.0
ring_151738.csv,15:17:19.737,15:17:38.137,231,80.0,0,vDcInst/idc_units/iq_shed,599.31,600.52,0.27,0.3,1.0,1.0
ring_151801.csv,15:17:43.235,15:18:01.555,230,80.0,0,vDcInst/idc_units/iq_shed,599.8,600.52,0.27,0.3,1.0,1.0
ring_151825.csv,15:18:06.797,15:18:25.117,230,80.0,0,vDcInst/idc_units/iq_shed,599.56,600.52,0.27,0.3,1.0,1.0
ring_151848.csv,15:18:30.359,15:18:48.919,233,80.0,0,vDcInst/idc_units/iq_shed,599.56,600.52,0.27,0.3,1.0,1.0
ring_151912.csv,15:18:54.401,15:19:12.721,230,80.0,0,vDcInst/idc_units/iq_shed,599.56,600.52,0.27,0.29,1.0,1.0
ring_151936.csv,15:19:17.853,15:19:36.173,230,80.0,0,vDcInst/idc_units/iq_shed,599.31,600.52,0.27,0.3,1.0,1.0
ring_152000.csv,15:19:41.398,15:20:00.358,238,80.0,0,vDcInst/idc_units/iq_shed,599.31,600.52,0.26,0.3,1.0,1.0
ring_152024.csv,15:20:05.824,15:20:24.144,230,80.0,0,vDcInst/idc_units/iq_shed,599.56,600.52,0.27,0.3,1.0,1.0
ring_152047.csv,15:20:29.226,15:20:47.626,231,80.0,0,vDcInst/idc_units/iq_shed,599.31,600.52,0.27,0.3,1.0,1.0
ring_152111.csv,15:20:52.868,15:21:11.188,230,80.0,0,vDcInst/idc_units/iq_shed,599.56,600.52,0.27,0.31,1.0,1.0
ring_152134.csv,15:21:16.414,15:21:34.734,230,80.0,0,vDcInst/idc_units/iq_shed,599.56,600.52,0.27,0.3,1.0,1.0
ring_152158.csv,15:21:39.976,15:21:58.376,231,80.0,0,vDcInst/idc_units/iq_shed,599.56,600.52,0.27,0.3,1.0,1.0
ring_152221.csv,15:22:03.459,15:22:21.859,231,80.0,0,vDcInst/idc_units/iq_shed,599.56,600.52,0.27,0.3,1.0,1.0
ring_152245.csv,15:22:27.101,15:22:45.421,230,80.0,0,vDcInst/idc_units/iq_shed,599.56,600.52,0.27,0.3,1.0,1.0
ring_152309.csv,15:22:50.695,15:23:09.575,237,80.0,0,vDcInst/idc_units/iq_shed,599.56,600.52,0.26,0.3,1.0,1.0
ring_152333.csv,15:23:15.089,15:23:33.409,230,80.0,0,vDcInst/idc_units/iq_shed,599.56,600.52,0.26,0.29,1.0,1.0
ring_152356.csv,15:23:38.554,15:23:56.874,230,80.0,0,vDcInst/idc_units/iq_shed,599.8,600.52,0.27,0.29,1.0,1.0
ring_152420.csv,15:24:02.068,15:24:20.388,230,80.0,0,vDcInst/idc_units/iq_shed,599.56,600.52,0.26,0.3,1.0,1.0
ring_152443.csv,15:24:25.584,15:24:43.904,230,80.0,0,vDcInst/idc_units/iq_shed,599.8,600.52,0.27,0.3,1.0,1.0
ring_152507.csv,15:24:49.081,15:25:07.481,231,80.0,0,vDcInst/idc_units/iq_shed,599.56,600.52,0.27,0.29,1.0,1.0
ring_152531.csv,15:25:12.628,15:25:31.508,237,80.0,0,vDcInst/idc_units/iq_shed,599.56,600.52,0.27,0.3,1.0,1.0
ring_152555.csv,15:25:36.701,15:25:55.021,230,80.0,0,vDcInst/idc_units/iq_shed,599.56,600.52,0.26,0.3,1.0,1.0
ring_152618.csv,15:26:00.247,15:26:18.647,231,80.0,0,vDcInst/idc_units/iq_shed,599.56,600.52,0.26,0.29,1.0,1.0
ring_152642.csv,15:26:23.778,15:26:42.098,230,80.0,0,vDcInst/idc_units/iq_shed,599.56,600.52,0.26,0.3,1.0,1.0
ring_152705.csv,15:26:47.276,15:27:05.756,232,80.0,0,vDcInst/idc_units/iq_shed,599.8,600.52,0.26,0.3,1.0,1.0
ring_152729.csv,15:27:10.854,15:27:29.254,231,80.0,0,vDcInst/idc_units/iq_shed,599.8,600.52,0.26,0.3,1.0,1.0
ring_152752.csv,15:27:34.385,15:27:52.785,231,80.0,0,vDcInst/idc_units/iq_shed,599.8,600.76,0.26,0.3,1.0,1.0
ring_152816.csv,15:27:57.834,15:28:16.314,232,80.0,0,vDcInst/idc_units/iq_shed,599.8,600.52,0.26,0.29,1.0,1.0
ring_152839.csv,15:28:21.477,15:28:39.877,231,80.0,0,vDcInst/idc_units/iq_shed,599.56,600.52,0.26,0.3,1.0,1.0
ring_152903.csv,15:28:44.991,15:29:03.391,231,80.0,0,vDcInst/idc_units/iq_shed,599.8,600.52,0.26,0.3,1.0,1.0
ring_152926.csv,15:29:08.602,15:29:26.922,230,80.0,0,vDcInst/idc_units/iq_shed,599.56,600.52,0.26,0.29,1.0,1.0
ring_152950.csv,15:29:32.147,15:29:50.467,230,80.0,0,vDcInst/idc_units/iq_shed,599.56,600.52,0.26,0.3,1.0,1.0
ring_153014.csv,15:29:55.710,15:30:14.110,231,80.0,0,vDcInst/idc_units/iq_shed,599.8,600.76,0.26,0.29,1.0,1.0
ring_153037.csv,15:30:19.224,15:30:37.544,230,80.0,0,vDcInst/idc_units/iq_shed,599.56,600.52,0.27,0.29,1.0,1.0
ring_153101.csv,15:30:42.737,15:31:01.057,230,80.0,0,vDcInst/idc_units/iq_shed,599.56,600.76,0.26,0.29,1.0,1.0
ring_153124.csv,15:31:06.381,15:31:24.701,230,80.0,0,vDcInst/idc_units/iq_shed,599.56,600.52,0.26,0.3,1.0,1.0
ring_153148.csv,15:31:29.878,15:31:48.278,231,80.0,0,vDcInst/idc_units/iq_shed,599.8,600.76,0.26,0.3,1.0,1.0
ring_153211.csv,15:31:53.376,15:32:11.696,230,80.0,0,vDcInst/idc_units/iq_shed,599.8,600.76,0.26,0.3,1.0,1.0
ring_153235.csv,15:32:17.018,15:32:35.418,231,80.0,0,vDcInst/idc_units/iq_shed,599.56,600.52,0.26,0.3,1.0,1.0
ring_153258.csv,15:32:40.549,15:32:58.869,230,80.0,0,vDcInst/idc_units/iq_shed,599.56,600.76,0.27,0.3,1.0,1.0
ring_153323.csv,15:33:04.046,15:33:23.006,238,80.0,0,vDcInst/idc_units/iq_shed,599.8,600.52,0.26,0.29,1.0,1.0
ring_153346.csv,15:33:28.520,15:33:46.760,229,80.0,0,vDcInst/idc_units/iq_shed,599.8,600.76,0.26,0.3,1.0,1.0
ring_153410.csv,15:33:51.923,15:34:10.243,230,80.0,0,vDcInst/idc_units/iq_shed,599.8,600.52,0.26,0.29,1.0,1.0
ring_153433.csv,15:34:15.581,15:34:33.901,230,80.0,0,vDcInst/idc_units/iq_shed,594.0,600.52,0.25,0.6,1.0,1.0
ring_153457.csv,15:34:39.063,15:34:57.463,231,80.0,0,vDcInst/idc_units/iq_shed,599.8,600.52,0.25,0.29,1.0,1.0
ring_153520.csv,15:35:02.530,15:35:20.850,230,80.0,0,vDcInst/idc_units/iq_shed,599.8,600.76,0.26,0.29,1.0,1.0
ring_153544.csv,15:35:26.123,15:35:44.523,231,80.0,0,vDcInst/idc_units/iq_shed,599.8,601.01,0.25,0.29,1.0,1.0
ring_153608.csv,15:35:49.701,15:36:08.021,230,80.0,0,vDcInst/idc_units/iq_shed,599.56,600.76,0.25,0.29,1.0,1.0
ring_153631.csv,15:36:13.200,15:36:31.600,231,80.0,0,vDcInst/idc_units/iq_shed,599.8,600.76,0.25,0.28,1.0,1.0
ring_153655.csv,15:36:36.826,15:36:55.146,230,80.0,0,vDcInst/idc_units/iq_shed,599.8,600.52,0.24,0.28,1.0,1.0
ring_153718.csv,15:37:00.324,15:37:18.644,230,80.0,0,vDcInst/idc_units/iq_shed,600.04,600.52,0.25,0.28,1.0,1.0
ring_153742.csv,15:37:23.951,15:37:42.831,237,80.0,0,vDcInst/idc_units/iq_shed,599.8,600.76,0.24,0.27,1.0,1.0
ring_153806.csv,15:37:48.312,15:38:06.632,230,80.0,0,vDcInst/idc_units/iq_shed,599.8,600.76,0.25,0.27,1.0,1.0
ring_153830.csv,15:38:11.843,15:38:30.163,230,80.0,0,vDcInst/idc_units/iq_shed,599.8,600.52,0.25,0.29,1.0,1.0
ring_153853.csv,15:38:35.325,15:38:53.725,231,80.0,0,vDcInst/idc_units/iq_shed,599.8,600.76,0.25,0.27,1.0,1.0
ring_153917.csv,15:38:58.919,15:39:17.239,230,80.0,0,vDcInst/idc_units/iq_shed,599.8,600.76,0.25,0.27,1.0,1.0
ring_153940.csv,15:39:22.465,15:39:40.785,230,80.0,0,vDcInst/idc_units/iq_shed,599.8,600.76,0.25,0.29,1.0,1.0
ring_154004.csv,15:39:45.948,15:40:04.268,230,80.0,0,vDcInst/idc_units/iq_shed,599.8,600.76,0.25,0.28,1.0,1.0
ring_154027.csv,15:40:09.558,15:40:27.878,230,80.0,0,vDcInst/idc_units/iq_shed,599.8,600.76,0.25,0.28,1.0,1.0
ring_154051.csv,15:40:33.056,15:40:51.456,231,80.0,0,vDcInst/idc_units/iq_shed,599.8,600.76,0.25,0.28,1.0,1.0
ring_154114.csv,15:40:56.619,15:41:14.939,230,80.0,0,vDcInst/idc_units/iq_shed,599.8,600.76,0.24,0.28,1.0,1.0
ring_154138.csv,15:41:20.181,15:41:38.421,229,80.0,0,vDcInst/idc_units/iq_shed,600.04,600.76,0.25,0.27,1.0,1.0
ring_154202.csv,15:41:43.759,15:42:02.159,231,80.0,0,vDcInst/idc_units/iq_shed,599.8,600.76,0.25,0.28,1.0,1.0
ring_154225.csv,15:42:07.289,15:42:25.529,229,80.0,0,vDcInst/idc_units/iq_shed,600.04,600.76,0.25,0.27,1.0,1.0
ring_154249.csv,15:42:30.835,15:42:49.235,231,80.0,0,vDcInst/idc_units/iq_shed,599.8,600.76,0.25,0.28,1.0,1.0
ring_154312.csv,15:42:54.365,15:43:12.685,230,80.0,0,vDcInst/idc_units/iq_shed,599.8,600.76,0.25,0.28,1.0,1.0
ring_154336.csv,15:43:17.879,15:43:36.199,230,80.0,0,vDcInst/idc_units/iq_shed,599.8,600.52,0.25,0.28,1.0,1.0
ring_154359.csv,15:43:41.522,15:43:59.922,231,80.0,0,vDcInst/idc_units/iq_shed,599.8,600.76,0.24,0.28,1.0,1.0
ring_154423.csv,15:44:05.051,15:44:23.371,230,80.0,0,vDcInst/idc_units/iq_shed,599.8,600.76,0.25,0.29,1.0,1.0
ring_154446.csv,15:44:28.630,15:44:46.950,230,80.0,0,vDcInst/idc_units/iq_shed,600.04,600.76,0.25,0.27,1.0,1.0
ring_154510.csv,15:44:52.160,15:45:10.560,231,80.0,0,vDcInst/idc_units/iq_shed,599.8,600.76,0.25,0.29,1.0,1.0
ring_154534.csv,15:45:15.642,15:45:34.042,231,80.0,0,vDcInst/idc_units/iq_shed,599.8,600.76,0.25,0.27,1.0,1.0
ring_154557.csv,15:45:39.220,15:45:57.620,231,80.0,0,vDcInst/idc_units/iq_shed,599.8,600.76,0.25,0.28,1.0,1.0
ring_154621.csv,15:46:02.719,15:46:21.119,231,80.0,0,vDcInst/idc_units/iq_shed,600.04,600.76,0.25,0.27,1.0,1.0
ring_154644.csv,15:46:26.361,15:46:44.601,229,80.0,0,vDcInst/idc_units/iq_shed,599.8,600.76,0.25,0.28,1.0,1.0
ring_154708.csv,15:46:49.907,15:47:08.227,230,80.0,0,vDcInst/idc_units/iq_shed,599.8,600.76,0.25,0.28,1.0,1.0
ring_154731.csv,15:47:13.438,15:47:31.838,231,80.0,0,vDcInst/idc_units/iq_shed,599.8,600.76,0.25,0.29,1.0,1.0
ring_154755.csv,15:47:36.984,15:47:55.304,230,80.0,0,vDcInst/idc_units/iq_shed,599.8,600.76,0.25,0.27,1.0,1.0
ring_154818.csv,15:48:00.546,15:48:18.866,230,80.0,0,vDcInst/idc_units/iq_shed,600.04,600.76,0.25,0.28,1.0,1.0
ring_154842.csv,15:48:24.076,15:48:42.396,230,80.0,0,vDcInst/idc_units/iq_shed,600.04,600.76,0.25,0.27,1.0,1.0
ring_154905.csv,15:48:47.591,15:49:05.991,231,80.0,0,vDcInst/idc_units/iq_shed,599.8,600.76,0.25,0.28,1.0,1.0
ring_154929.csv,15:49:11.186,15:49:29.506,230,80.0,0,vDcInst/idc_units/iq_shed,600.04,600.76,0.25,0.27,1.0,1.0
ring_154953.csv,15:49:34.683,15:49:53.003,230,80.0,0,vDcInst/idc_units/iq_shed,600.04,600.76,0.25,0.27,1.0,1.0
ring_155016.csv,15:49:58.342,15:50:16.742,231,80.0,0,vDcInst/idc_units/iq_shed,600.04,600.76,0.26,0.29,1.0,1.0
ring_155040.csv,15:50:21.855,15:50:40.095,229,80.0,0,vDcInst/idc_units/iq_shed,600.04,600.76,0.25,0.29,1.0,1.0
ring_155103.csv,15:50:45.418,15:51:03.738,230,80.0,0,vDcInst/idc_units/iq_shed,599.8,600.76,0.26,0.29,1.0,1.0
ring_155127.csv,15:51:08.980,15:51:27.300,230,80.0,0,vDcInst/idc_units/iq_shed,600.04,600.76,0.25,0.29,1.0,1.0
ring_155150.csv,15:51:32.543,15:51:50.863,230,80.0,0,vDcInst/idc_units/iq_shed,600.04,600.76,0.25,0.29,1.0,1.0
ring_155214.csv,15:51:56.057,15:52:14.457,231,80.0,0,vDcInst/idc_units/iq_shed,600.04,600.76,0.25,0.29,1.0,1.0
ring_155237.csv,15:52:19.538,15:52:37.858,230,80.0,0,vDcInst/idc_units/iq_shed,599.8,600.76,0.26,0.29,1.0,1.0
ring_155301.csv,15:52:43.149,15:53:01.469,230,80.0,0,vDcInst/idc_units/iq_shed,600.04,600.76,0.26,0.29,1.0,1.0
ring_155325.csv,15:53:06.678,15:53:25.078,231,80.0,0,vDcInst/idc_units/iq_shed,600.04,600.76,0.25,0.29,1.0,1.0
ring_155348.csv,15:53:30.288,15:53:48.608,230,80.0,0,vDcInst/idc_units/iq_shed,600.04,600.76,0.25,0.27,1.0,1.0
ring_155412.csv,15:53:53.770,15:54:12.090,230,80.0,0,vDcInst/idc_units/iq_shed,600.04,600.76,0.25,0.29,1.0,1.0
ring_155435.csv,15:54:17.237,15:54:35.637,231,80.0,0,vDcInst/idc_units/iq_shed,600.04,600.76,0.25,0.29,1.0,1.0
ring_155459.csv,15:54:40.846,15:54:59.246,231,80.0,0,vDcInst/idc_units/iq_shed,599.8,600.76,0.26,0.29,1.0,1.0
ring_155522.csv,15:55:04.440,15:55:22.840,231,80.0,0,vDcInst/idc_units/iq_shed,600.04,600.76,0.25,0.28,1.0,1.0
ring_155546.csv,15:55:27.971,15:55:46.371,231,80.0,0,vDcInst/idc_units/iq_shed,600.04,600.76,0.25,0.29,1.0,1.0
ring_155609.csv,15:55:51.597,15:56:09.917,230,80.0,0,vDcInst/idc_units/iq_shed,599.8,600.76,0.25,0.29,1.0,1.0
ring_155634.csv,15:56:15.095,15:56:34.055,238,80.0,0,vDcInst/idc_units/iq_shed,600.04,600.76,0.25,0.29,1.0,1.0
ring_155657.csv,15:56:39.553,15:56:57.793,229,80.0,0,vDcInst/idc_units/iq_shed,600.04,600.76,0.25,0.28,1.0,1.0
ring_155721.csv,15:57:03.020,15:57:21.340,230,80.0,0,vDcInst/idc_units/iq_shed,600.04,600.76,0.25,0.29,1.0,1.0
ring_155744.csv,15:57:26.534,15:57:44.934,231,80.0,0,vDcInst/idc_units/iq_shed,600.04,600.76,0.25,0.29,1.0,1.0
ring_155808.csv,15:57:50.128,15:58:08.448,230,80.0,0,vDcInst/idc_units/iq_shed,600.04,600.76,0.25,0.27,1.0,1.0
ring_155832.csv,15:58:13.626,15:58:32.026,231,80.0,0,vDcInst/idc_units/iq_shed,600.04,600.76,0.25,0.27,1.0,1.0
ring_155855.csv,15:58:37.253,15:58:55.493,229,80.0,0,vDcInst/idc_units/iq_shed,600.04,600.76,0.25,0.28,1.0,1.0
ring_155919.csv,15:59:00.687,15:59:19.087,231,80.0,0,vDcInst/idc_units/iq_shed,600.04,600.76,0.25,0.27,1.0,1.0
ring_155942.csv,15:59:24.282,15:59:42.762,232,80.0,0,vDcInst/idc_units/iq_shed,600.04,600.76,0.25,0.27,1.0,1.0
ring_160006.csv,15:59:47.843,16:00:06.163,230,80.0,0,vDcInst/idc_units/iq_shed,600.04,601.01,0.26,0.28,1.0,1.0
ring_160029.csv,16:00:11.358,16:00:29.598,229,80.0,0,vDcInst/idc_units/iq_shed,599.8,600.76,0.25,0.28,1.0,1.0
ring_160053.csv,16:00:34.903,16:00:53.303,231,80.0,0,vDcInst/idc_units/iq_shed,600.04,600.76,0.25,0.28,1.0,1.0
ring_160116.csv,16:00:58.466,16:01:16.786,230,80.0,0,vDcInst/idc_units/iq_shed,600.04,600.76,0.25,0.27,1.0,1.0
ring_160140.csv,16:01:21.963,16:01:40.923,238,80.0,0,vDcInst/idc_units/iq_shed,599.8,600.76,0.25,0.28,1.0,1.0
ring_160204.csv,16:01:46.421,16:02:04.821,231,80.0,0,vDcInst/idc_units/iq_shed,600.04,600.76,0.25,0.29,1.0,1.0
ring_160228.csv,16:02:09.888,16:02:28.288,231,80.0,0,vDcInst/idc_units/iq_shed,600.28,601.01,0.25,0.28,1.0,1.0
ring_160251.csv,16:02:33.451,16:02:51.851,231,80.0,0,vDcInst/idc_units/iq_shed,600.28,600.76,0.25,0.28,1.0,1.0
ring_160315.csv,16:02:57.061,16:03:15.461,231,80.0,0,vDcInst/idc_units/iq_shed,600.04,600.76,0.25,0.29,1.0,1.0
ring_160338.csv,16:03:20.590,16:03:38.910,230,80.0,0,vDcInst/idc_units/iq_shed,600.04,600.76,0.26,0.28,1.0,1.0
ring_160402.csv,16:03:44.136,16:04:02.536,231,80.0,0,vDcInst/idc_units/iq_shed,600.04,600.76,0.25,0.28,1.0,1.0
ring_160425.csv,16:04:07.636,16:04:25.956,230,80.0,0,vDcInst/idc_units/iq_shed,600.28,600.76,0.25,0.28,1.0,1.0
ring_160449.csv,16:04:31.277,16:04:49.677,231,80.0,0,vDcInst/idc_units/iq_shed,600.04,600.76,0.26,0.28,1.0,1.0
ring_160513.csv,16:04:54.759,16:05:13.159,231,80.0,0,vDcInst/idc_units/iq_shed,600.04,600.76,0.25,0.29,1.0,1.0
ring_160536.csv,16:05:18.209,16:05:36.609,231,80.0,0,vDcInst/idc_units/iq_shed,599.56,601.01,0.26,0.29,1.0,1.0
ring_160600.csv,16:05:41.820,16:06:00.220,231,80.0,0,vDcInst/idc_units/iq_shed,600.04,600.76,0.25,0.28,1.0,1.0
ring_160623.csv,16:06:05.446,16:06:23.766,230,80.0,0,vDcInst/idc_units/iq_shed,600.04,600.76,0.26,0.29,1.0,1.0
ring_160647.csv,16:06:28.976,16:06:47.216,229,80.0,0,vDcInst/idc_units/iq_shed,600.28,600.76,0.25,0.28,1.0,1.0
ring_160710.csv,16:06:52.522,16:07:10.842,230,80.0,0,vDcInst/idc_units/iq_shed,600.04,600.76,0.26,0.29,1.0,1.0
ring_160734.csv,16:07:16.005,16:07:34.325,230,80.0,0,vDcInst/idc_units/iq_shed,600.04,600.76,0.26,0.28,1.0,1.0
ring_160757.csv,16:07:39.648,16:07:57.968,230,80.0,0,vDcInst/idc_units/iq_shed,600.04,600.76,0.26,0.29,1.0,1.0
ring_160821.csv,16:08:03.177,16:08:21.497,230,80.0,0,vDcInst/idc_units/iq_shed,600.28,601.01,0.26,0.28,1.0,1.0
ring_160845.csv,16:08:26.708,16:08:45.028,230,80.0,0,vDcInst/idc_units/iq_shed,600.28,600.76,0.26,0.28,1.0,1.0
ring_160908.csv,16:08:50.205,16:09:08.605,231,80.0,0,vDcInst/idc_units/iq_shed,600.04,601.01,0.26,0.29,1.0,1.0
ring_160932.csv,16:09:13.799,16:09:32.119,230,80.0,0,vDcInst/idc_units/iq_shed,600.04,600.76,0.26,0.29,1.0,1.0
ring_160955.csv,16:09:37.346,16:09:55.666,230,80.0,0,vDcInst/idc_units/iq_shed,600.04,600.76,0.26,0.29,1.0,1.0
ring_161019.csv,16:10:00.829,16:10:19.229,231,80.0,0,vDcInst/idc_units/iq_shed,600.28,600.76,0.26,0.28,1.0,1.0
ring_161042.csv,16:10:24.424,16:10:42.744,230,80.0,0,vDcInst/idc_units/iq_shed,600.04,600.76,0.26,0.29,1.0,1.0
ring_161106.csv,16:10:47.969,16:11:06.289,230,80.0,0,vDcInst/idc_units/iq_shed,600.04,600.76,0.27,0.29,1.0,1.0
ring_161129.csv,16:11:11.467,16:11:29.787,230,80.0,0,vDcInst/idc_units/iq_shed,600.28,601.01,0.26,0.28,1.0,1.0
ring_161153.csv,16:11:35.109,16:11:53.429,230,80.0,0,vDcInst/idc_units/iq_shed,600.04,600.76,0.26,0.29,1.0,1.0
ring_161216.csv,16:11:58.623,16:12:16.943,230,80.0,0,vDcInst/idc_units/iq_shed,600.28,600.76,0.26,0.28,1.0,1.0
ring_161240.csv,16:12:22.155,16:12:40.475,230,80.0,0,vDcInst/idc_units/iq_shed,600.04,600.76,0.26,0.29,1.0,1.0
ring_161304.csv,16:12:45.652,16:13:04.052,231,80.0,0,vDcInst/idc_units/iq_shed,600.28,601.01,0.26,0.29,1.0,1.0
ring_161327.csv,16:13:09.261,16:13:27.661,231,80.0,0,vDcInst/idc_units/iq_shed,600.04,601.01,0.26,0.29,1.0,1.0
ring_161351.csv,16:13:32.759,16:13:51.159,231,80.0,0,vDcInst/idc_units/iq_shed,600.04,600.76,0.26,0.29,1.0,1.0
ring_161414.csv,16:13:56.306,16:14:14.706,231,80.0,0,vDcInst/idc_units/iq_shed,600.04,600.76,0.26,0.29,1.0,1.0
ring_161438.csv,16:14:19.932,16:14:38.252,230,80.0,0,vDcInst/idc_units/iq_shed,600.04,600.76,0.26,0.29,1.0,1.0
ring_161501.csv,16:14:43.382,16:15:01.702,230,80.0,0,vDcInst/idc_units/iq_shed,600.04,600.76,0.26,0.29,1.0,1.0
ring_161525.csv,16:15:06.929,16:15:25.329,231,80.0,0,vDcInst/idc_units/iq_shed,600.28,600.76,0.26,0.29,1.0,1.0
ring_161548.csv,16:15:30.508,16:15:48.908,231,80.0,0,vDcInst/idc_units/iq_shed,600.04,601.01,0.26,0.29,1.0,1.0
ring_161612.csv,16:15:53.958,16:16:12.278,230,80.0,0,vDcInst/idc_units/iq_shed,600.28,601.01,0.26,0.29,1.0,1.0
ring_161635.csv,16:16:17.615,16:16:35.935,230,80.0,0,vDcInst/idc_units/iq_shed,600.04,601.01,0.26,0.29,1.0,1.0
ring_161659.csv,16:16:41.129,16:16:59.449,230,80.0,0,vDcInst/idc_units/iq_shed,600.04,601.01,0.27,0.29,1.0,1.0
ring_161723.csv,16:17:04.643,16:17:23.043,231,80.0,0,vDcInst/idc_units/iq_shed,600.04,601.01,0.26,0.29,1.0,1.0
ring_161746.csv,16:17:28.254,16:17:46.654,231,80.0,0,vDcInst/idc_units/iq_shed,600.28,600.76,0.26,0.29,1.0,1.0
ring_161810.csv,16:17:51.800,16:18:10.200,231,80.0,0,vDcInst/idc_units/iq_shed,600.04,601.01,0.26,0.29,1.0,1.0
ring_161833.csv,16:18:15.282,16:18:33.682,231,80.0,0,vDcInst/idc_units/iq_shed,600.28,601.01,0.26,0.29,1.0,1.0
ring_161857.csv,16:18:38.892,16:18:57.212,230,80.0,0,vDcInst/idc_units/iq_shed,600.04,600.76,0.26,0.29,1.0,1.0
ring_161920.csv,16:19:02.423,16:19:20.743,230,80.0,0,vDcInst/idc_units/iq_shed,600.04,601.01,0.26,0.29,1.0,1.0
ring_161944.csv,16:19:25.954,16:19:44.274,230,80.0,0,vDcInst/idc_units/iq_shed,600.28,601.01,0.26,0.28,1.0,1.0
ring_162007.csv,16:19:49.467,16:20:07.787,230,80.0,0,vDcInst/idc_units/iq_shed,600.28,601.01,0.27,0.29,1.0,1.0
ring_162031.csv,16:20:13.062,16:20:31.462,231,80.0,0,vDcInst/idc_units/iq_shed,600.04,601.01,0.27,0.29,1.0,1.0
ring_162054.csv,16:20:36.480,16:20:54.720,229,80.0,0,vDcInst/idc_units/iq_shed,600.28,601.01,0.26,0.29,1.0,1.0
ring_162118.csv,16:21:00.106,16:21:18.426,230,80.0,0,vDcInst/idc_units/iq_shed,600.28,601.01,0.27,0.29,1.0,1.0
ring_162142.csv,16:21:23.733,16:21:42.133,231,80.0,0,vDcInst/idc_units/iq_shed,600.04,601.01,0.26,0.29,1.0,1.0
ring_162205.csv,16:21:47.246,16:22:05.566,230,80.0,0,vDcInst/idc_units/iq_shed,600.28,601.01,0.26,0.29,1.0,1.0
ring_162229.csv,16:22:10.777,16:22:29.097,230,80.0,0,vDcInst/idc_units/iq_shed,600.28,601.01,0.27,0.29,1.0,1.0
ring_162252.csv,16:22:34.243,16:22:52.643,231,80.0,0,vDcInst/idc_units/iq_shed,600.28,601.01,0.26,0.29,1.0,1.0
ring_162316.csv,16:22:57.804,16:23:16.204,231,80.0,0,vDcInst/idc_units/iq_shed,600.28,601.01,0.27,0.29,1.0,1.0
ring_162339.csv,16:23:21.414,16:23:39.814,231,80.0,0,vDcInst/idc_units/iq_shed,600.28,600.76,0.27,0.29,1.0,1.0
ring_162403.csv,16:23:44.913,16:24:03.233,230,80.0,0,vDcInst/idc_units/iq_shed,600.04,601.01,0.27,0.29,1.0,1.0
ring_162426.csv,16:24:08.570,16:24:26.890,230,80.0,0,vDcInst/idc_units/iq_shed,600.28,601.01,0.27,0.29,1.0,1.0
ring_162450.csv,16:24:32.085,16:24:50.405,230,80.0,0,vDcInst/idc_units/iq_shed,600.28,601.01,0.26,0.29,1.0,1.0
ring_162513.csv,16:24:55.600,16:25:13.920,230,80.0,0,vDcInst/idc_units/iq_shed,600.28,601.01,0.27,0.3,1.0,1.0
ring_162537.csv,16:25:19.145,16:25:37.385,229,80.0,0,vDcInst/idc_units/iq_shed,600.28,601.01,0.27,0.29,1.0,1.0
ring_162600.csv,16:25:42.612,16:26:00.932,230,80.0,0,vDcInst/idc_units/iq_shed,600.28,601.01,0.27,0.29,1.0,1.0
ring_162624.csv,16:26:06.222,16:26:24.542,230,80.0,0,vDcInst/idc_units/iq_shed,600.04,601.01,0.27,0.3,1.0,1.0
ring_162648.csv,16:26:29.864,16:26:48.184,230,80.0,0,vDcInst/idc_units/iq_shed,600.52,601.01,0.27,0.29,1.0,1.0
ring_162711.csv,16:26:53.378,16:27:11.698,230,80.0,0,vDcInst/idc_units/iq_shed,600.28,601.01,0.27,0.29,1.0,1.0
ring_162735.csv,16:27:16.910,16:27:35.230,230,80.0,0,vDcInst/idc_units/iq_shed,600.28,601.01,0.27,0.3,1.0,1.0
ring_162758.csv,16:27:40.391,16:27:58.791,231,80.0,0,vDcInst/idc_units/iq_shed,600.28,601.01,0.27,0.29,1.0,1.0
ring_162822.csv,16:28:03.937,16:28:22.337,231,80.0,0,vDcInst/idc_units/iq_shed,600.28,601.01,0.27,0.3,1.0,1.0
ring_162845.csv,16:28:27.547,16:28:45.947,231,80.0,0,vDcInst/idc_units/iq_shed,600.04,601.01,0.27,0.3,1.0,1.0
ring_162909.csv,16:28:50.981,16:29:09.381,231,80.0,0,vDcInst/idc_units/iq_shed,600.28,601.01,0.27,0.3,1.0,1.0
ring_162932.csv,16:29:14.577,16:29:32.977,231,80.0,0,vDcInst/idc_units/iq_shed,600.28,601.01,0.27,0.3,1.0,1.0
ring_162956.csv,16:29:38.138,16:29:56.458,230,80.0,0,vDcInst/idc_units/iq_shed,600.28,601.01,0.27,0.3,1.0,1.0
ring_163020.csv,16:30:01.700,16:30:20.020,230,80.0,0,vDcInst/idc_units/iq_shed,600.28,601.01,0.27,0.3,1.0,1.0
ring_163043.csv,16:30:25.326,16:30:43.646,230,80.0,0,vDcInst/idc_units/iq_shed,600.28,601.01,0.27,0.3,1.0,1.0
ring_163107.csv,16:30:48.841,16:31:07.241,231,80.0,0,vDcInst/idc_units/iq_shed,600.04,601.01,0.28,0.3,1.0,1.0
ring_163130.csv,16:31:12.290,16:31:30.610,230,80.0,0,vDcInst/idc_units/iq_shed,600.28,601.01,0.27,0.3,1.0,1.0
ring_163154.csv,16:31:35.900,16:31:54.860,238,80.0,0,vDcInst/idc_units/iq_shed,600.28,601.01,0.27,0.3,1.0,1.0
ring_163218.csv,16:32:00.342,16:32:18.742,231,80.0,0,vDcInst/idc_units/iq_shed,600.28,601.01,0.27,0.31,1.0,1.0
ring_163242.csv,16:32:23.824,16:32:42.224,231,80.0,0,vDcInst/idc_units/iq_shed,600.28,601.01,0.27,0.3,1.0,1.0
ring_163306.csv,16:32:47.338,16:33:06.698,243,80.0,0,vDcInst/idc_units/iq_shed,600.04,601.01,0.27,0.31,1.0,1.0
ring_163330.csv,16:33:12.356,16:33:30.756,231,80.0,0,vDcInst/idc_units/iq_shed,600.28,601.01,0.27,0.3,1.0,1.0
ring_163354.csv,16:33:36.014,16:33:54.414,231,80.0,0,vDcInst/idc_units/iq_shed,600.28,601.01,0.27,0.3,1.0,1.0
ring_163418.csv,16:33:59.608,16:34:18.008,231,80.0,0,vDcInst/idc_units/iq_shed,600.52,601.25,0.27,0.3,1.0,1.0
ring_163441.csv,16:34:23.218,16:34:41.538,230,80.0,0,vDcInst/idc_units/iq_shed,600.28,601.01,0.27,0.31,1.0,1.0
ring_163505.csv,16:34:46.732,16:35:05.052,230,80.0,0,vDcInst/idc_units/iq_shed,600.28,601.01,0.27,0.3,1.0,1.0
ring_163528.csv,16:35:10.247,16:35:28.647,231,80.0,0,vDcInst/idc_units/iq_shed,600.28,601.01,0.27,0.3,1.0,1.0
ring_163552.csv,16:35:33.777,16:35:52.097,230,80.0,0,vDcInst/idc_units/iq_shed,600.28,601.01,0.27,0.3,1.0,1.0
ring_163615.csv,16:35:57.307,16:36:15.627,230,80.0,0,vDcInst/idc_units/iq_shed,600.28,601.01,0.28,0.31,1.0,1.0
ring_163639.csv,16:36:20.918,16:36:39.238,230,80.0,0,vDcInst/idc_units/iq_shed,600.28,601.01,0.28,0.31,1.0,1.0
ring_163702.csv,16:36:44.432,16:37:02.752,230,80.0,0,vDcInst/idc_units/iq_shed,600.28,601.01,0.27,0.3,1.0,1.0
ring_163726.csv,16:37:07.930,16:37:26.330,231,80.0,0,vDcInst/idc_units/iq_shed,600.28,601.01,0.27,0.31,1.0,1.0
ring_163749.csv,16:37:31.492,16:37:49.892,231,80.0,0,vDcInst/idc_units/iq_shed,600.28,601.01,0.28,0.3,1.0,1.0
ring_163813.csv,16:37:55.087,16:38:13.407,230,80.0,0,vDcInst/idc_units/iq_shed,600.28,601.01,0.28,0.3,1.0,1.0
ring_163837.csv,16:38:18.650,16:38:37.050,231,80.0,0,vDcInst/idc_units/iq_shed,600.28,601.01,0.28,0.31,1.0,1.0
ring_163900.csv,16:38:42.131,16:39:00.531,231,80.0,0,vDcInst/idc_units/iq_shed,600.28,601.01,0.28,0.31,1.0,1.0
ring_163924.csv,16:39:05.613,16:39:24.013,231,80.0,0,vDcInst/idc_units/iq_shed,600.28,601.01,0.28,0.3,1.0,1.0
ring_163947.csv,16:39:29.193,16:39:47.513,230,80.0,0,vDcInst/idc_units/iq_shed,600.28,601.01,0.28,0.31,1.0,1.0
ring_164011.csv,16:39:52.770,16:40:11.170,231,80.0,0,vDcInst/idc_units/iq_shed,600.28,601.01,0.28,0.31,1.0,1.0
ring_164034.csv,16:40:16.301,16:40:34.621,230,80.0,0,vDcInst/idc_units/iq_shed,600.28,601.01,0.28,0.31,1.0,1.0
ring_164058.csv,16:40:39.878,16:40:58.198,230,80.0,0,vDcInst/idc_units/iq_shed,600.28,601.01,0.27,0.31,1.0,1.0
ring_164121.csv,16:41:03.377,16:41:21.697,230,80.0,0,vDcInst/idc_units/iq_shed,600.28,601.01,0.28,0.31,1.0,1.0
ring_164145.csv,16:41:27.002,16:41:45.402,231,80.0,0,vDcInst/idc_units/iq_shed,600.28,601.01,0.29,0.31,1.0,1.0
ring_164208.csv,16:41:50.517,16:42:08.837,230,80.0,0,vDcInst/idc_units/iq_shed,600.28,601.01,0.28,0.31,1.0,1.0
ring_164232.csv,16:42:13.999,16:42:32.399,231,80.0,0,vDcInst/idc_units/iq_shed,600.28,601.01,0.28,0.31,1.0,1.0
ring_164255.csv,16:42:37.609,16:42:55.929,230,80.0,0,vDcInst/idc_units/iq_shed,600.52,601.01,0.28,0.31,1.0,1.0
ring_164319.csv,16:43:01.122,16:43:19.522,231,80.0,0,vDcInst/idc_units/iq_shed,600.52,601.01,0.28,0.31,1.0,1.0
ring_164343.csv,16:43:24.621,16:43:43.021,231,80.0,0,vDcInst/idc_units/iq_shed,600.28,601.01,0.28,0.31,1.0,1.0
ring_164406.csv,16:43:48.183,16:44:06.583,231,80.0,0,vDcInst/idc_units/iq_shed,600.28,601.01,0.29,0.31,1.0,1.0
ring_164430.csv,16:44:11.825,16:44:30.145,230,80.0,0,vDcInst/idc_units/iq_shed,600.28,601.01,0.28,0.31,1.0,1.0
ring_164453.csv,16:44:35.388,16:44:53.788,231,80.0,0,vDcInst/idc_units/iq_shed,600.28,601.01,0.28,0.31,1.0,1.0
ring_164517.csv,16:44:58.886,16:45:17.206,230,80.0,0,vDcInst/idc_units/iq_shed,600.28,601.01,0.28,0.31,1.0,1.0
ring_164540.csv,16:45:22.384,16:45:40.784,231,80.0,0,vDcInst/idc_units/iq_shed,600.28,601.01,0.28,0.31,1.0,1.0
ring_164604.csv,16:45:45.866,16:46:04.266,231,80.0,0,vDcInst/idc_units/iq_shed,600.28,601.01,0.28,0.31,1.0,1.0
ring_164627.csv,16:46:09.445,16:46:27.765,230,80.0,0,vDcInst/idc_units/iq_shed,600.28,601.01,0.29,0.31,1.0,1.0
ring_164651.csv,16:46:33.038,16:46:51.518,232,80.0,0,vDcInst/idc_units/iq_shed,600.28,601.01,0.29,0.31,1.0,1.0
ring_164715.csv,16:46:56.953,16:47:15.273,230,80.0,0,vDcInst/idc_units/iq_shed,600.28,601.01,0.29,0.32,1.0,1.0
ring_164738.csv,16:47:20.482,16:47:38.802,230,80.0,0,vDcInst/idc_units/iq_shed,600.52,601.01,0.29,0.31,1.0,1.0
ring_164802.csv,16:47:44.109,16:48:02.429,230,80.0,0,vDcInst/idc_units/iq_shed,600.04,601.01,0.29,0.31,1.0,1.0
ring_164825.csv,16:48:07.655,16:48:25.975,230,80.0,0,vDcInst/idc_units/iq_shed,600.28,601.01,0.29,0.31,1.0,1.0
ring_164849.csv,16:48:31.137,16:48:49.537,231,80.0,0,vDcInst/idc_units/iq_shed,600.28,601.01,0.29,0.32,1.0,1.0
ring_164912.csv,16:48:54.635,16:49:12.955,230,80.0,0,vDcInst/idc_units/iq_shed,600.28,601.01,0.29,0.32,1.0,1.0
ring_164936.csv,16:49:18.198,16:49:36.598,231,80.0,0,vDcInst/idc_units/iq_shed,600.28,601.01,0.29,0.32,1.0,1.0
ring_165000.csv,16:49:41.808,16:50:00.208,231,80.0,0,vDcInst/idc_units/iq_shed,600.52,601.01,0.29,0.32,1.0,1.0
ring_165023.csv,16:50:05.227,16:50:23.547,230,80.0,0,vDcInst/idc_units/iq_shed,600.28,601.01,0.28,0.32,1.0,1.0
ring_165047.csv,16:50:28.836,16:50:47.156,230,80.0,0,vDcInst/idc_units/iq_shed,600.28,601.25,0.29,0.32,1.0,1.0
ring_165110.csv,16:50:52.366,16:51:10.766,231,80.0,0,vDcInst/idc_units/iq_shed,600.28,601.01,0.28,0.32,1.0,1.0
ring_165134.csv,16:51:15.929,16:51:34.329,231,80.0,0,vDcInst/idc_units/iq_shed,600.52,601.01,0.29,0.32,1.0,1.0
ring_165157.csv,16:51:39.395,16:51:57.715,230,80.0,0,vDcInst/idc_units/iq_shed,600.28,601.01,0.29,0.32,1.0,1.0
ring_165221.csv,16:52:03.021,16:52:21.261,229,80.0,0,vDcInst/idc_units/iq_shed,600.28,601.01,0.29,0.32,1.0,1.0
ring_165244.csv,16:52:26.519,16:52:44.839,230,80.0,0,vDcInst/idc_units/iq_shed,600.52,601.01,0.29,0.32,1.0,1.0
ring_165308.csv,16:52:50.081,16:53:08.481,231,80.0,0,vDcInst/idc_units/iq_shed,600.28,601.01,0.29,0.32,1.0,1.0
ring_165331.csv,16:53:13.643,16:53:31.963,230,80.0,0,vDcInst/idc_units/iq_shed,600.28,601.01,0.29,0.32,1.0,1.0
ring_165355.csv,16:53:37.172,16:53:55.492,230,80.0,0,vDcInst/idc_units/iq_shed,600.52,601.25,0.29,0.32,1.0,1.0
ring_165419.csv,16:54:00.655,16:54:19.055,231,80.0,0,vDcInst/idc_units/iq_shed,600.52,601.01,0.29,0.31,1.0,1.0
ring_165442.csv,16:54:24.233,16:54:42.553,230,80.0,0,vDcInst/idc_units/iq_shed,600.28,601.01,0.29,0.32,1.0,1.0
ring_165506.csv,16:54:47.843,16:55:06.163,230,80.0,0,vDcInst/idc_units/iq_shed,600.52,601.01,0.29,0.32,1.0,1.0
ring_165529.csv,16:55:11.357,16:55:29.677,230,80.0,0,vDcInst/idc_units/iq_shed,600.28,601.01,0.29,0.32,1.0,1.0
ring_165553.csv,16:55:34.839,16:55:53.239,231,80.0,0,vDcInst/idc_units/iq_shed,600.28,601.01,0.29,0.32,1.0,1.0
ring_165616.csv,16:55:58.465,16:56:16.865,231,80.0,0,vDcInst/idc_units/iq_shed,600.28,601.01,0.29,0.32,1.0,1.0
ring_165640.csv,16:56:21.963,16:56:40.283,230,80.0,0,vDcInst/idc_units/iq_shed,600.28,601.01,0.29,0.32,1.0,1.0
ring_165703.csv,16:56:45.590,16:57:03.830,229,80.0,0,vDcInst/idc_units/iq_shed,600.52,601.01,0.29,0.32,1.0,1.0
ring_165727.csv,16:57:09.008,16:57:27.408,231,80.0,0,vDcInst/idc_units/iq_shed,600.52,601.25,0.29,0.32,1.0,1.0
ring_165750.csv,16:57:32.602,16:57:50.922,230,80.0,0,vDcInst/idc_units/iq_shed,600.52,601.01,0.29,0.32,1.0,1.0
ring_165814.csv,16:57:56.116,16:58:14.516,231,80.0,0,vDcInst/idc_units/iq_shed,600.28,601.01,0.3,0.32,1.0,1.0
ring_165838.csv,16:58:19.694,16:58:38.014,230,80.0,0,vDcInst/idc_units/iq_shed,600.52,601.25,0.29,0.32,1.0,1.0
ring_165901.csv,16:58:43.193,16:59:01.593,231,80.0,0,vDcInst/idc_units/iq_shed,600.52,601.25,0.3,0.32,1.0,1.0
ring_165925.csv,16:59:06.771,16:59:25.171,231,80.0,0,vDcInst/idc_units/iq_shed,600.28,601.01,0.29,0.32,1.0,1.0
ring_165948.csv,16:59:30.285,16:59:48.605,230,80.0,0,vDcInst/idc_units/iq_shed,600.28,601.01,0.29,0.33,1.0,1.0
ring_170012.csv,16:59:53.943,17:00:12.183,229,80.0,0,vDcInst/idc_units/iq_shed,600.28,601.01,0.29,0.32,1.0,1.0
ring_170035.csv,17:00:17.346,17:00:35.746,231,80.0,0,vDcInst/idc_units/iq_shed,600.52,601.01,0.29,0.32,1.0,1.0
ring_170059.csv,17:00:40.955,17:00:59.355,231,80.0,0,vDcInst/idc_units/iq_shed,600.52,601.25,0.29,0.32,1.0,1.0
ring_170122.csv,17:01:04.453,17:01:22.853,231,80.0,0,vDcInst/idc_units/iq_shed,600.28,601.01,0.29,0.32,1.0,1.0
ring_170146.csv,17:01:28.031,17:01:46.351,230,80.0,0,vDcInst/idc_units/iq_shed,600.52,601.25,0.29,0.32,1.0,1.0
ring_170209.csv,17:01:51.498,17:02:09.898,231,80.0,0,vDcInst/idc_units/iq_shed,600.52,601.01,0.3,0.32,1.0,1.0
ring_170233.csv,17:02:15.125,17:02:33.525,231,80.0,0,vDcInst/idc_units/iq_shed,600.52,601.49,0.29,0.33,1.0,1.0
ring_170256.csv,17:02:38.606,17:02:56.926,230,80.0,0,vDcInst/idc_units/iq_shed,600.52,601.25,0.29,0.32,1.0,1.0
ring_170320.csv,17:03:02.231,17:03:20.471,229,80.0,0,vDcInst/idc_units/iq_shed,600.52,601.49,0.29,0.32,1.0,1.0
ring_170344.csv,17:03:25.714,17:03:44.114,231,80.0,0,vDcInst/idc_units/iq_shed,600.52,601.25,0.29,0.32,1.0,1.0
ring_170407.csv,17:03:49.277,17:04:07.597,230,80.0,0,vDcInst/idc_units/iq_shed,600.52,601.25,0.3,0.32,1.0,1.0
ring_170431.csv,17:04:12.758,17:04:31.158,231,80.0,0,vDcInst/idc_units/iq_shed,600.28,601.25,0.29,0.32,1.0,1.0
ring_170454.csv,17:04:36.337,17:04:54.737,231,80.0,0,vDcInst/idc_units/iq_shed,600.52,601.49,0.29,0.32,1.0,1.0
ring_170518.csv,17:04:59.947,17:05:18.267,230,80.0,0,vDcInst/idc_units/iq_shed,600.52,601.25,0.29,0.32,1.0,1.0
ring_170542.csv,17:05:23.429,17:05:42.389,238,80.0,0,vDcInst/idc_units/iq_shed,600.52,601.49,0.29,0.32,1.0,1.0
ring_170606.csv,17:05:47.839,17:06:06.159,230,80.0,0,vDcInst/idc_units/iq_shed,600.76,601.49,0.29,0.32,1.0,1.0
ring_170629.csv,17:06:11.322,17:06:29.722,231,80.0,0,vDcInst/idc_units/iq_shed,600.52,601.49,0.29,0.32,1.0,1.0
ring_170653.csv,17:06:34.867,17:06:53.267,231,80.0,0,vDcInst/idc_units/iq_shed,600.52,601.25,0.3,0.32,1.0,1.0
ring_170716.csv,17:06:58.367,17:07:16.767,231,80.0,0,vDcInst/idc_units/iq_shed,600.28,601.25,0.3,0.33,1.0,1.0
ring_170740.csv,17:07:21.944,17:07:40.264,230,80.0,0,vDcInst/idc_units/iq_shed,600.52,601.25,0.3,0.32,1.0,1.0
ring_170803.csv,17:07:45.378,17:08:03.698,230,80.0,0,vDcInst/idc_units/iq_shed,600.52,601.25,0.3,0.33,1.0,1.0
ring_170827.csv,17:08:09.021,17:08:27.341,230,80.0,0,vDcInst/idc_units/iq_shed,600.52,601.49,0.29,0.32,1.0,1.0
ring_170850.csv,17:08:32.518,17:08:50.918,231,80.0,0,vDcInst/idc_units/iq_shed,600.52,601.25,0.3,0.33,1.0,1.0
ring_170914.csv,17:08:56.113,17:09:14.433,230,80.0,0,vDcInst/idc_units/iq_shed,600.52,601.49,0.3,0.33,1.0,1.0
ring_170937.csv,17:09:19.643,17:09:37.963,230,80.0,0,vDcInst/idc_units/iq_shed,600.76,601.49,0.3,0.33,1.0,1.0
ring_171002.csv,17:09:43.205,17:10:02.165,238,80.0,0,vDcInst/idc_units/iq_shed,600.52,601.49,0.29,0.33,1.0,1.0
ring_171026.csv,17:10:07.615,17:10:26.095,232,80.0,0,vDcInst/idc_units/iq_shed,600.52,601.25,0.3,0.33,1.0,1.0
ring_171049.csv,17:10:31.513,17:10:49.833,230,80.0,0,vDcInst/idc_units/iq_shed,600.52,601.49,0.3,0.33,1.0,1.0
ring_171113.csv,17:10:55.044,17:11:13.364,230,80.0,0,vDcInst/idc_units/iq_shed,600.52,601.25,0.3,0.32,1.0,1.0
ring_171137.csv,17:11:18.543,17:11:37.423,237,80.0,0,vDcInst/idc_units/iq_shed,600.76,601.73,0.29,0.33,1.0,1.0
ring_171200.csv,17:11:42.664,17:12:00.984,230,80.0,0,vDcInst/idc_units/iq_shed,600.52,601.49,0.3,0.32,1.0,1.0
ring_171224.csv,17:12:06.082,17:12:24.402,230,80.0,0,vDcInst/idc_units/iq_shed,600.76,601.49,0.3,0.33,1.0,1.0
ring_171247.csv,17:12:29.596,17:12:47.916,230,80.0,0,vDcInst/idc_units/iq_shed,600.76,601.49,0.3,0.33,1.0,1.0
ring_171311.csv,17:12:53.174,17:13:11.574,231,80.0,0,vDcInst/idc_units/iq_shed,600.76,601.49,0.3,0.33,1.0,1.0
ring_171335.csv,17:13:16.640,17:13:35.040,231,80.0,0,vDcInst/idc_units/iq_shed,600.52,601.49,0.3,0.33,1.0,1.0
ring_171358.csv,17:13:40.202,17:13:58.602,231,80.0,0,vDcInst/idc_units/iq_shed,600.76,601.49,0.3,0.33,1.0,1.0
ring_171422.csv,17:14:03.749,17:14:22.629,237,80.0,0,vDcInst/idc_units/iq_shed,600.52,601.49,0.3,0.33,1.0,1.0
ring_171446.csv,17:14:27.758,17:14:46.078,230,80.0,0,vDcInst/idc_units/iq_shed,600.76,601.49,0.3,0.33,1.0,1.0
ring_171509.csv,17:14:51.289,17:15:09.689,231,80.0,0,vDcInst/idc_units/iq_shed,600.76,601.49,0.3,0.33,1.0,1.0
ring_171533.csv,17:15:14.739,17:15:33.059,230,80.0,0,vDcInst/idc_units/iq_shed,600.76,601.49,0.3,0.33,1.0,1.0
ring_171556.csv,17:15:38.349,17:15:56.669,230,80.0,0,vDcInst/idc_units/iq_shed,600.76,601.73,0.3,0.33,1.0,1.0
ring_171620.csv,17:16:01.831,17:16:20.151,230,80.0,0,vDcInst/idc_units/iq_shed,600.76,601.49,0.31,0.33,1.0,1.0
ring_171643.csv,17:16:25.489,17:16:43.809,230,80.0,0,vDcInst/idc_units/iq_shed,600.76,601.49,0.31,0.34,1.0,1.0
ring_171707.csv,17:16:48.972,17:17:07.372,231,80.0,0,vDcInst/idc_units/iq_shed,600.76,601.73,0.3,0.33,1.0,1.0
ring_171730.csv,17:17:12.502,17:17:30.902,231,80.0,0,vDcInst/idc_units/iq_shed,600.76,601.49,0.3,0.33,1.0,1.0
ring_171754.csv,17:17:36.128,17:17:54.368,229,80.0,0,vDcInst/idc_units/iq_shed,600.76,601.49,0.3,0.33,1.0,1.0
ring_171817.csv,17:17:59.594,17:18:17.914,230,80.0,0,vDcInst/idc_units/iq_shed,600.76,601.73,0.3,0.33,1.0,1.0
ring_171841.csv,17:18:23.093,17:18:41.413,230,80.0,0,vDcInst/idc_units/iq_shed,601.01,601.49,0.3,0.33,1.0,1.0
ring_171905.csv,17:18:46.703,17:19:05.103,231,80.0,0,vDcInst/idc_units/iq_shed,600.76,601.49,0.3,0.33,1.0,1.0
ring_171928.csv,17:19:10.185,17:19:28.585,231,80.0,0,vDcInst/idc_units/iq_shed,600.76,601.49,0.3,0.33,1.0,1.0
ring_171952.csv,17:19:33.747,17:19:52.147,231,80.0,0,vDcInst/idc_units/iq_shed,600.76,601.73,0.3,0.34,1.0,1.0
ring_172015.csv,17:19:57.341,17:20:15.661,230,80.0,0,vDcInst/idc_units/iq_shed,600.76,601.73,0.3,0.33,1.0,1.0
ring_172039.csv,17:20:20.824,17:20:39.144,230,80.0,0,vDcInst/idc_units/iq_shed,600.76,601.73,0.31,0.34,1.0,1.0
ring_172102.csv,17:20:44.306,17:21:02.626,230,80.0,0,vDcInst/idc_units/iq_shed,600.76,601.73,0.31,0.33,1.0,1.0
ring_172126.csv,17:21:07.868,17:21:26.268,231,80.0,0,vDcInst/idc_units/iq_shed,600.76,601.49,0.3,0.33,1.0,1.0
ring_172149.csv,17:21:31.414,17:21:49.734,230,80.0,0,vDcInst/idc_units/iq_shed,600.76,601.49,0.3,0.33,1.0,1.0
ring_172213.csv,17:21:55.024,17:22:13.264,229,80.0,0,vDcInst/idc_units/iq_shed,600.76,601.73,0.3,0.33,1.0,1.0
ring_172236.csv,17:22:18.507,17:22:36.827,230,80.0,0,vDcInst/idc_units/iq_shed,600.76,601.73,0.31,0.33,1.0,1.0
ring_172300.csv,17:22:42.134,17:23:00.454,230,80.0,0,vDcInst/idc_units/iq_shed,601.01,601.49,0.3,0.33,1.0,1.0
ring_172324.csv,17:23:05.662,17:23:24.062,231,80.0,0,vDcInst/idc_units/iq_shed,600.52,601.73,0.3,0.34,1.0,1.0
ring_172347.csv,17:23:29.144,17:23:47.464,230,80.0,0,vDcInst/idc_units/iq_shed,600.76,601.73,0.3,0.33,1.0,1.0
ring_172410.csv,17:23:52.658,17:24:10.978,230,80.0,0,vDcInst/idc_units/iq_shed,600.76,601.49,0.31,0.33,1.0,1.0
ring_172434.csv,17:24:16.189,17:24:34.589,231,80.0,0,vDcInst/idc_units/iq_shed,601.01,601.49,0.31,0.33,1.0,1.0
ring_172458.csv,17:24:39.767,17:24:58.087,230,80.0,0,vDcInst/idc_units/iq_shed,600.76,601.73,0.31,0.34,1.0,1.0
ring_172521.csv,17:25:03.281,17:25:21.601,230,80.0,0,vDcInst/idc_units/iq_shed,601.01,601.97,0.31,0.34,1.0,1.0
ring_172545.csv,17:25:26.827,17:25:45.307,232,80.0,0,vDcInst/idc_units/iq_shed,601.01,601.97,0.31,0.33,1.0,1.0
ring_172609.csv,17:25:50.373,17:26:09.253,237,80.0,0,vDcInst/idc_units/iq_shed,601.01,601.73,0.3,0.34,1.0,1.0
ring_172632.csv,17:26:14.400,17:26:32.800,231,80.0,0,vDcInst/idc_units/iq_shed,601.01,601.73,0.31,0.33,1.0,1.0
ring_172656.csv,17:26:37.961,17:26:56.201,229,80.0,0,vDcInst/idc_units/iq_shed,601.01,601.97,0.31,0.33,1.0,1.0
ring_172720.csv,17:27:01.411,17:27:20.291,237,80.0,0,vDcInst/idc_units/iq_shed,601.01,601.73,0.31,0.34,1.0,1.0
ring_172743.csv,17:27:25.502,17:27:43.822,230,80.0,0,vDcInst/idc_units/iq_shed,600.76,601.97,0.31,0.33,1.0,1.0
ring_172807.csv,17:27:48.873,17:28:07.193,230,80.0,0,vDcInst/idc_units/iq_shed,601.25,601.97,0.31,0.33,1.0,1.0
ring_172830.csv,17:28:12.498,17:28:30.898,231,80.0,0,vDcInst/idc_units/iq_shed,600.76,601.97,0.31,0.33,1.0,1.0
ring_172854.csv,17:28:35.980,17:28:54.300,230,80.0,0,vDcInst/idc_units/iq_shed,601.01,601.97,0.31,0.33,1.0,1.0
ring_172917.csv,17:28:59.559,17:29:17.879,230,80.0,0,vDcInst/idc_units/iq_shed,601.01,601.97,0.3,0.33,1.0,1.0
ring_172941.csv,17:29:23.025,17:29:41.425,231,80.0,0,vDcInst/idc_units/iq_shed,601.01,601.97,0.31,0.33,1.0,1.0
ring_173004.csv,17:29:46.603,17:30:04.923,230,80.0,0,vDcInst/idc_units/iq_shed,601.25,601.73,0.31,0.34,1.0,1.0
ring_173028.csv,17:30:10.086,17:30:28.406,230,80.0,0,vDcInst/idc_units/iq_shed,601.01,601.97,0.31,0.34,1.0,1.0
ring_173051.csv,17:30:33.647,17:30:51.967,230,80.0,0,vDcInst/idc_units/iq_shed,601.01,601.97,0.31,0.34,1.0,1.0
ring_173115.csv,17:30:57.226,17:31:15.546,230,80.0,0,vDcInst/idc_units/iq_shed,601.25,601.97,0.31,0.33,1.0,1.0
ring_173139.csv,17:31:20.739,17:31:39.699,238,80.0,0,vDcInst/idc_units/iq_shed,601.01,601.97,0.31,0.34,1.0,1.0
ring_173203.csv,17:31:45.261,17:32:03.661,231,80.0,0,vDcInst/idc_units/iq_shed,601.01,601.97,0.31,0.33,1.0,1.0
ring_173227.csv,17:32:09.048,17:32:27.368,230,80.0,0,vDcInst/idc_units/iq_shed,601.01,601.97,0.31,0.34,1.0,1.0
ring_173250.csv,17:32:32.578,17:32:50.978,231,80.0,0,vDcInst/idc_units/iq_shed,601.25,601.97,0.31,0.34,1.0,1.0
ring_173314.csv,17:32:56.172,17:33:14.492,230,80.0,0,vDcInst/idc_units/iq_shed,601.25,601.97,0.31,0.33,1.0,1.0
ring_173338.csv,17:33:19.653,17:33:38.053,231,80.0,0,vDcInst/idc_units/iq_shed,601.25,602.21,0.31,0.34,1.0,1.0
ring_173401.csv,17:33:43.199,17:34:01.599,231,80.0,0,vDcInst/idc_units/iq_shed,601.25,601.97,0.31,0.34,1.0,1.0
ring_173425.csv,17:34:06.778,17:34:25.098,230,80.0,0,vDcInst/idc_units/iq_shed,601.25,601.97,0.31,0.34,1.0,1.0
ring_173449.csv,17:34:30.244,17:34:49.204,238,80.0,0,vDcInst/idc_units/iq_shed,601.25,601.97,0.31,0.34,1.0,1.0
ring_173512.csv,17:34:54.350,17:35:12.750,231,80.0,0,vDcInst/idc_units/iq_shed,601.01,601.97,0.31,0.33,1.0,1.0
ring_173536.csv,17:35:17.800,17:35:36.200,231,80.0,0,vDcInst/idc_units/iq_shed,601.25,601.97,0.31,0.34,1.0,1.0
ring_173559.csv,17:35:41.427,17:35:59.747,230,80.0,0,vDcInst/idc_units/iq_shed,601.25,601.97,0.31,0.34,1.0,1.0
ring_173623.csv,17:36:04.973,17:36:23.293,230,80.0,0,vDcInst/idc_units/iq_shed,601.25,601.97,0.31,0.34,1.0,1.0
ring_173646.csv,17:36:28.423,17:36:46.823,231,80.0,0,vDcInst/idc_units/iq_shed,601.25,601.97,0.31,0.34,1.0,1.0
ring_173710.csv,17:36:52.001,17:37:10.401,231,80.0,0,vDcInst/idc_units/iq_shed,601.49,601.97,0.3,0.34,1.0,1.0
ring_173733.csv,17:37:15.467,17:37:33.707,229,80.0,0,vDcInst/idc_units/iq_shed,601.25,601.97,0.31,0.34,1.0,1.0
ring_173757.csv,17:37:39.109,17:37:57.429,230,80.0,0,vDcInst/idc_units/iq_shed,601.25,601.97,0.31,0.34,1.0,1.0
ring_173820.csv,17:38:02.545,17:38:20.945,231,80.0,0,vDcInst/idc_units/iq_shed,601.25,602.21,0.32,0.34,1.0,1.0
ring_173844.csv,17:38:26.154,17:38:44.394,229,80.0,0,vDcInst/idc_units/iq_shed,601.49,601.97,0.31,0.34,1.0,1.0
ring_173908.csv,17:38:49.700,17:39:08.020,230,80.0,0,vDcInst/idc_units/iq_shed,601.25,601.97,0.31,0.34,1.0,1.0
ring_173931.csv,17:39:13.230,17:39:31.550,230,80.0,0,vDcInst/idc_units/iq_shed,601.25,601.97,0.31,0.34,1.0,1.0
ring_173955.csv,17:39:36.697,17:39:55.017,230,80.0,0,vDcInst/idc_units/iq_shed,601.25,601.97,0.31,0.34,1.0,1.0
ring_174018.csv,17:40:00.291,17:40:18.691,231,80.0,0,vDcInst/idc_units/iq_shed,601.25,601.97,0.32,0.34,1.0,1.0
ring_174042.csv,17:40:23.773,17:40:42.093,230,80.0,0,vDcInst/idc_units/iq_shed,601.49,601.97,0.32,0.34,1.0,1.0
ring_174105.csv,17:40:47.335,17:41:05.735,231,80.0,0,vDcInst/idc_units/iq_shed,601.25,601.97,0.32,0.34,1.0,1.0
ring_174129.csv,17:41:10.865,17:41:29.345,232,80.0,0,vDcInst/idc_units/iq_shed,601.25,601.97,0.32,0.34,1.0,1.0
ring_174152.csv,17:41:34.444,17:41:52.764,230,80.0,0,vDcInst/idc_units/iq_shed,601.25,601.97,0.31,0.34,1.0,1.0
ring_174216.csv,17:41:57.926,17:42:16.326,231,80.0,0,vDcInst/idc_units/iq_shed,601.01,601.97,0.31,0.34,1.0,1.0
ring_174239.csv,17:42:21.488,17:42:39.888,231,80.0,0,vDcInst/idc_units/iq_shed,601.49,602.21,0.32,0.34,1.0,1.0
ring_174303.csv,17:42:45.050,17:43:03.370,230,80.0,0,vDcInst/idc_units/iq_shed,601.49,602.21,0.32,0.34,1.0,1.0
ring_174326.csv,17:43:08.516,17:43:26.916,231,80.0,0,vDcInst/idc_units/iq_shed,601.25,602.21,0.32,0.34,1.0,1.0
ring_174350.csv,17:43:32.078,17:43:50.398,230,80.0,0,vDcInst/idc_units/iq_shed,601.49,602.21,0.32,0.35,1.0,1.0
ring_174414.csv,17:43:55.705,17:44:14.025,230,80.0,0,vDcInst/idc_units/iq_shed,601.25,602.21,0.32,0.34,1.0,1.0
ring_174437.csv,17:44:19.154,17:44:37.554,231,80.0,0,vDcInst/idc_units/iq_shed,601.49,602.21,0.32,0.35,1.0,1.0
ring_174501.csv,17:44:42.716,17:45:01.596,237,80.0,0,vDcInst/idc_units/iq_shed,601.49,602.21,0.32,0.35,1.0,1.0
ring_174525.csv,17:45:06.807,17:45:25.127,230,80.0,0,vDcInst/idc_units/iq_shed,601.25,602.21,0.32,0.35,1.0,1.0
ring_174548.csv,17:45:30.177,17:45:48.577,231,80.0,0,vDcInst/idc_units/iq_shed,601.49,602.46,0.32,0.34,1.0,1.0
ring_174612.csv,17:45:53.787,17:46:12.107,230,80.0,0,vDcInst/idc_units/iq_shed,601.25,602.46,0.32,0.34,1.0,1.0
ring_174635.csv,17:46:17.237,17:46:35.637,231,80.0,0,vDcInst/idc_units/iq_shed,601.73,602.46,0.32,0.35,1.0,1.0
ring_174659.csv,17:46:40.783,17:46:59.023,229,80.0,0,vDcInst/idc_units/iq_shed,601.73,602.46,0.32,0.35,1.0,1.0
ring_174722.csv,17:47:04.362,17:47:22.682,230,80.0,0,vDcInst/idc_units/iq_shed,601.73,602.7,0.32,0.35,1.0,1.0
ring_174746.csv,17:47:27.845,17:47:46.245,231,80.0,0,vDcInst/idc_units/iq_shed,600.04,601.97,0.33,0.38,1.0,1.0
ring_174809.csv,17:47:51.422,17:48:09.742,230,80.0,0,vDcInst/idc_units/iq_shed,600.28,601.73,0.33,0.38,1.0,1.0
ring_174833.csv,17:48:14.920,17:48:33.320,231,80.0,0,vDcInst/idc_units/iq_shed,600.04,601.49,0.32,0.38,1.0,1.0
ring_174856.csv,17:48:38.482,17:48:56.802,230,80.0,0,vDcInst/idc_units/iq_shed,600.28,601.73,0.32,0.38,1.0,1.0
ring_174920.csv,17:49:02.077,17:49:20.397,230,80.0,0,vDcInst/idc_units/iq_shed,600.52,601.97,0.33,0.39,1.0,1.0
ring_174943.csv,17:49:25.527,17:49:43.927,231,80.0,0,vDcInst/idc_units/iq_shed,600.52,601.97,0.33,0.38,1.0,1.0
ring_175007.csv,17:49:49.074,17:50:07.474,231,80.0,0,vDcInst/idc_units/iq_shed,600.28,601.97,0.33,0.39,1.0,1.0
ring_175030.csv,17:50:12.619,17:50:30.939,230,80.0,0,vDcInst/idc_units/iq_shed,600.76,602.21,0.33,0.38,1.0,1.0
ring_175054.csv,17:50:36.261,17:50:54.581,230,80.0,0,vDcInst/idc_units/iq_shed,601.25,601.97,0.33,0.35,1.0,1.0
ring_175118.csv,17:50:59.728,17:51:18.048,230,80.0,0,vDcInst/idc_units/iq_shed,600.52,601.97,0.33,0.37,1.0,1.0
ring_175141.csv,17:51:23.258,17:51:41.578,230,80.0,0,vDcInst/idc_units/iq_shed,600.28,601.97,0.33,0.38,1.0,1.0
ring_175205.csv,17:51:46.724,17:52:05.684,238,80.0,0,vDcInst/idc_units/iq_shed,600.52,601.97,0.33,0.38,1.0,1.0
ring_175229.csv,17:52:10.878,17:52:29.198,230,80.0,0,vDcInst/idc_units/iq_shed,600.28,601.97,0.33,0.39,1.0,1.0
ring_175252.csv,17:52:34.266,17:52:52.586,230,80.0,0,vDcInst/idc_units/iq_shed,600.52,601.97,0.33,0.38,1.0,1.0
ring_175316.csv,17:52:57.890,17:53:16.210,230,80.0,0,vDcInst/idc_units/iq_shed,600.76,601.97,0.33,0.38,1.0,1.0
ring_175339.csv,17:53:21.324,17:53:39.644,230,80.0,0,vDcInst/idc_units/iq_shed,600.28,601.73,0.33,0.37,1.0,1.0
ring_175403.csv,17:53:44.886,17:54:03.286,231,80.0,0,vDcInst/idc_units/iq_shed,600.28,601.97,0.33,0.38,1.0,1.0
ring_175426.csv,17:54:08.385,17:54:26.785,231,80.0,0,vDcInst/idc_units/iq_shed,600.76,601.97,0.33,0.38,1.0,1.0
ring_175450.csv,17:54:31.930,17:54:50.330,231,80.0,0,vDcInst/idc_units/iq_shed,600.28,601.97,0.33,0.39,1.0,1.0
ring_175513.csv,17:54:55.556,17:55:13.796,229,80.0,0,vDcInst/idc_units/iq_shed,600.52,601.97,0.33,0.37,1.0,1.0
ring_175537.csv,17:55:19.055,17:55:37.375,230,80.0,0,vDcInst/idc_units/iq_shed,600.52,601.97,0.33,0.39,1.0,1.0
ring_175601.csv,17:55:42.488,17:56:01.448,238,80.0,0,vDcInst/idc_units/iq_shed,600.52,601.97,0.33,0.39,1.0,1.0
ring_175624.csv,17:56:06.659,17:56:24.979,230,80.0,0,vDcInst/idc_units/iq_shed,600.52,601.97,0.33,0.38,1.0,1.0
ring_175648.csv,17:56:30.045,17:56:48.365,230,80.0,0,vDcInst/idc_units/iq_shed,600.28,601.97,0.33,0.38,1.0,1.0
ring_175711.csv,17:56:53.511,17:57:11.911,231,80.0,0,vDcInst/idc_units/iq_shed,600.28,601.97,0.34,0.38,1.0,1.0
ring_175735.csv,17:57:17.089,17:57:35.409,230,80.0,0,vDcInst/idc_units/iq_shed,600.28,601.97,0.33,0.37,1.0,1.0
ring_175759.csv,17:57:40.635,17:57:59.035,231,80.0,0,vDcInst/idc_units/iq_shed,600.52,601.97,0.33,0.39,1.0,1.0
ring_175822.csv,17:58:04.229,17:58:22.549,230,80.0,0,vDcInst/idc_units/iq_shed,600.52,601.97,0.33,0.38,1.0,1.0
ring_175846.csv,17:58:27.793,17:58:46.033,229,80.0,0,vDcInst/idc_units/iq_shed,600.28,601.97,0.33,0.38,1.0,1.0
ring_175909.csv,17:58:51.162,17:59:09.562,231,80.0,0,vDcInst/idc_units/iq_shed,600.28,601.97,0.33,0.38,1.0,1.0
ring_175933.csv,17:59:14.788,17:59:33.108,230,80.0,0,vDcInst/idc_units/iq_shed,600.52,603.18,0.33,0.38,1.0,1.0
ring_175956.csv,17:59:38.271,17:59:56.591,230,80.0,0,vDcInst/idc_units/iq_shed,602.94,603.42,0.33,0.36,1.0,1.0
ring_180020.csv,18:00:01.881,18:00:20.281,231,80.0,0,vDcInst/idc_units/iq_shed,602.94,603.42,0.33,0.36,1.0,1.0
ring_180043.csv,18:00:25.410,18:00:43.730,230,80.0,0,vDcInst/idc_units/iq_shed,602.94,603.42,0.34,0.36,1.0,1.0
ring_180107.csv,18:00:48.892,18:01:07.292,231,80.0,0,vDcInst/idc_units/iq_shed,602.94,603.42,0.33,0.36,1.0,1.0
ring_180130.csv,18:01:12.471,18:01:30.791,230,80.0,0,vDcInst/idc_units/iq_shed,602.94,603.42,0.34,0.36,1.0,1.0
ring_180154.csv,18:01:35.953,18:01:54.273,230,80.0,0,vDcInst/idc_units/iq_shed,602.7,603.42,0.34,0.36,1.0,1.0
ring_180217.csv,18:01:59.499,18:02:17.899,231,80.0,0,vDcInst/idc_units/iq_shed,602.94,603.42,0.34,0.36,1.0,1.0
ring_180241.csv,18:02:23.093,18:02:41.413,230,80.0,0,vDcInst/idc_units/iq_shed,602.94,603.42,0.34,0.36,1.0,1.0
ring_180304.csv,18:02:46.592,18:03:04.912,230,80.0,0,vDcInst/idc_units/iq_shed,602.94,603.42,0.34,0.37,1.0,1.0
ring_180328.csv,18:03:10.089,18:03:28.489,231,80.0,0,vDcInst/idc_units/iq_shed,602.94,603.42,0.34,0.37,1.0,1.0
ring_180351.csv,18:03:33.699,18:03:51.939,229,80.0,0,vDcInst/idc_units/iq_shed,602.94,603.42,0.34,0.36,1.0,1.0
ring_180415.csv,18:03:57.165,18:04:15.565,231,80.0,0,vDcInst/idc_units/iq_shed,602.94,603.42,0.33,0.36,1.0,1.0
ring_180439.csv,18:04:20.743,18:04:39.063,230,80.0,0,vDcInst/idc_units/iq_shed,602.94,603.42,0.33,0.37,1.0,1.0
ring_180502.csv,18:04:44.177,18:05:02.497,230,80.0,0,vDcInst/idc_units/iq_shed,602.94,603.42,0.33,0.36,1.0,1.0
ring_180526.csv,18:05:07.739,18:05:26.059,230,80.0,0,vDcInst/idc_units/iq_shed,602.94,603.42,0.33,0.36,1.0,1.0
ring_180549.csv,18:05:31.319,18:05:49.639,230,80.0,0,vDcInst/idc_units/iq_shed,602.94,603.42,0.33,0.37,1.0,1.0
ring_180613.csv,18:05:54.912,18:06:13.312,231,80.0,0,vDcInst/idc_units/iq_shed,603.18,603.42,0.34,0.36,1.0,1.0
ring_180636.csv,18:06:18.379,18:06:36.779,231,80.0,0,vDcInst/idc_units/iq_shed,602.94,603.42,0.34,0.36,1.0,1.0
ring_180700.csv,18:06:41.908,18:07:00.308,231,80.0,0,vDcInst/idc_units/iq_shed,603.18,603.42,0.34,0.36,1.0,1.0
ring_180723.csv,18:07:05.438,18:07:23.838,231,80.0,0,vDcInst/idc_units/iq_shed,602.7,603.42,0.33,0.36,1.0,1.0
ring_180747.csv,18:07:29.001,18:07:47.321,230,80.0,0,vDcInst/idc_units/iq_shed,602.7,603.18,0.33,0.36,1.0,1.0
ring_180810.csv,18:07:52.467,18:08:10.787,230,80.0,0,vDcInst/idc_units/iq_shed,602.7,603.18,0.33,0.36,1.0,1.0
ring_180834.csv,18:08:16.013,18:08:34.413,231,80.0,0,vDcInst/idc_units/iq_shed,602.7,603.18,0.33,0.36,1.0,1.0
ring_180857.csv,18:08:39.623,18:08:57.943,230,80.0,0,vDcInst/idc_units/iq_shed,602.7,603.42,0.33,0.36,1.0,1.0
ring_180921.csv,18:09:03.105,18:09:21.425,230,80.0,0,vDcInst/idc_units/iq_shed,602.7,603.42,0.33,0.36,1.0,1.0
ring_180945.csv,18:09:26.668,18:09:45.068,231,80.0,0,vDcInst/idc_units/iq_shed,602.7,603.18,0.33,0.36,1.0,1.0
ring_181008.csv,18:09:50.182,18:10:08.582,231,80.0,0,vDcInst/idc_units/iq_shed,602.7,603.18,0.33,0.36,1.0,1.0
ring_181032.csv,18:10:13.728,18:10:32.128,231,80.0,0,vDcInst/idc_units/iq_shed,600.52,603.18,0.33,0.39,1.0,1.0
ring_181055.csv,18:10:37.274,18:10:55.594,230,80.0,0,vDcInst/idc_units/iq_shed,600.76,602.94,0.33,0.39,1.0,1.0
ring_181119.csv,18:11:00.884,18:11:19.204,230,80.0,0,vDcInst/idc_units/iq_shed,600.52,602.94,0.33,0.39,1.0,1.0
ring_181142.csv,18:11:24.335,18:11:42.735,231,80.0,0,vDcInst/idc_units/iq_shed,600.76,602.94,0.32,0.39,1.0,1.0
ring_181206.csv,18:11:47.961,18:12:06.841,237,80.0,0,vDcInst/idc_units/iq_shed,600.76,602.94,0.33,0.4,1.0,1.0
ring_181230.csv,18:12:12.323,18:12:30.563,229,80.0,0,vDcInst/idc_units/iq_shed,600.52,602.94,0.33,0.39,1.0,1.0
ring_181254.csv,18:12:35.725,18:12:54.605,237,80.0,0,vDcInst/idc_units/iq_shed,600.52,602.94,0.33,0.4,1.0,1.0
ring_181317.csv,18:12:59.751,18:13:17.991,229,80.0,0,vDcInst/idc_units/iq_shed,600.52,602.94,0.33,0.39,1.0,1.0
ring_181341.csv,18:13:23.281,18:13:41.681,231,80.0,0,vDcInst/idc_units/iq_shed,600.52,603.18,0.33,0.39,1.0,1.0
ring_181405.csv,18:13:46.715,18:14:05.035,230,80.0,0,vDcInst/idc_units/iq_shed,600.76,603.18,0.33,0.4,1.0,1.0
ring_181428.csv,18:14:10.261,18:14:28.581,230,80.0,0,vDcInst/idc_units/iq_shed,600.52,602.94,0.33,0.39,1.0,1.0
ring_181452.csv,18:14:33.824,18:14:52.224,231,80.0,0,vDcInst/idc_units/iq_shed,600.76,602.94,0.33,0.39,1.0,1.0
ring_181515.csv,18:14:57.353,18:15:15.673,230,80.0,0,vDcInst/idc_units/iq_shed,600.76,603.18,0.33,0.39,1.0,1.0
ring_181539.csv,18:15:20.964,18:15:39.284,230,80.0,0,vDcInst/idc_units/iq_shed,600.76,602.94,0.33,0.39,1.0,1.0
ring_181602.csv,18:15:44.366,18:16:02.766,231,80.0,0,vDcInst/idc_units/iq_shed,600.76,603.18,0.33,0.39,1.0,1.0
ring_181626.csv,18:16:08.024,18:16:26.504,232,80.0,0,vDcInst/idc_units/iq_shed,601.01,603.18,0.33,0.39,1.0,1.0
ring_181649.csv,18:16:31.554,18:16:49.874,230,80.0,0,vDcInst/idc_units/iq_shed,600.76,603.18,0.34,0.4,1.0,1.0
ring_181713.csv,18:16:55.068,18:17:13.388,230,80.0,0,vDcInst/idc_units/iq_shed,600.76,603.18,0.34,0.38,1.0,1.0
ring_181737.csv,18:17:18.599,18:17:37.479,237,80.0,0,vDcInst/idc_units/iq_shed,600.76,603.42,0.33,0.39,1.0,1.0
ring_181801.csv,18:17:42.609,18:18:01.009,231,80.0,0,vDcInst/idc_units/iq_shed,600.76,603.18,0.34,0.39,1.0,1.0
ring_181824.csv,18:18:06.075,18:18:24.395,230,80.0,0,vDcInst/idc_units/iq_shed,600.76,603.42,0.33,0.39,1.0,1.0
ring_181847.csv,18:18:29.669,18:18:47.909,229,80.0,0,vDcInst/idc_units/iq_shed,600.76,603.42,0.33,0.4,1.0,1.0
ring_181911.csv,18:18:53.167,18:19:11.567,231,80.0,0,vDcInst/idc_units/iq_shed,601.01,603.18,0.33,0.4,1.0,1.0
ring_181934.csv,18:19:16.586,18:19:34.986,231,80.0,0,vDcInst/idc_units/iq_shed,601.01,603.42,0.33,0.39,1.0,1.0
ring_181958.csv,18:19:40.276,18:19:58.596,230,80.0,0,vDcInst/idc_units/iq_shed,600.76,603.42,0.33,0.4,1.0,1.0
ring_182022.csv,18:20:03.742,18:20:22.062,230,80.0,0,vDcInst/idc_units/iq_shed,601.01,603.42,0.33,0.39,1.0,1.0
ring_182045.csv,18:20:27.256,18:20:45.656,231,80.0,0,vDcInst/idc_units/iq_shed,601.01,603.42,0.34,0.39,1.0,1.0
ring_182109.csv,18:20:50.834,18:21:09.154,230,80.0,0,vDcInst/idc_units/iq_shed,601.01,603.18,0.33,0.39,1.0,1.0
ring_182132.csv,18:21:14.317,18:21:32.637,230,80.0,0,vDcInst/idc_units/iq_shed,601.01,603.18,0.33,0.39,1.0,1.0
ring_182156.csv,18:21:37.911,18:21:56.231,230,80.0,0,vDcInst/idc_units/iq_shed,601.01,603.42,0.33,0.39,1.0,1.0
ring_182219.csv,18:22:01.425,18:22:19.825,231,80.0,0,vDcInst/idc_units/iq_shed,601.01,603.42,0.33,0.4,1.0,1.0
ring_182243.csv,18:22:25.051,18:22:43.371,230,80.0,0,vDcInst/idc_units/iq_shed,601.25,603.42,0.34,0.39,1.0,1.0
ring_182306.csv,18:22:48.421,18:23:06.821,231,80.0,0,vDcInst/idc_units/iq_shed,601.01,603.42,0.33,0.4,1.0,1.0
ring_182330.csv,18:23:11.967,18:23:30.287,230,80.0,0,vDcInst/idc_units/iq_shed,601.25,603.42,0.33,0.39,1.0,1.0
ring_182353.csv,18:23:35.544,18:23:53.864,230,80.0,0,vDcInst/idc_units/iq_shed,601.25,603.42,0.34,0.4,1.0,1.0
ring_182417.csv,18:23:59.123,18:24:17.523,231,80.0,0,vDcInst/idc_units/iq_shed,601.25,603.42,0.34,0.41,1.0,1.0
ring_182440.csv,18:24:22.558,18:24:40.878,230,80.0,0,vDcInst/idc_units/iq_shed,601.25,603.42,0.34,0.42,1.0,1.0
ring_182504.csv,18:24:46.119,18:25:04.359,229,80.0,0,vDcInst/idc_units/iq_shed,601.25,603.42,0.35,0.41,1.0,1.0
ring_182528.csv,18:25:09.729,18:25:28.129,231,80.0,0,vDcInst/idc_units/iq_shed,601.25,603.42,0.35,0.4,1.0,1.0
ring_182551.csv,18:25:33.163,18:25:51.483,230,80.0,0,vDcInst/idc_units/iq_shed,601.49,603.42,0.35,0.4,1.0,1.0
ring_182615.csv,18:25:56.709,18:26:15.109,231,80.0,0,vDcInst/idc_units/iq_shed,601.49,603.67,0.35,0.39,1.0,1.0
ring_182638.csv,18:26:20.256,18:26:38.496,229,80.0,0,vDcInst/idc_units/iq_shed,601.73,603.42,0.34,0.39,1.0,1.0
ring_182702.csv,18:26:43.754,18:27:02.154,231,80.0,0,vDcInst/idc_units/iq_shed,601.97,603.42,0.35,0.39,1.0,1.0
ring_182725.csv,18:27:07.301,18:27:25.621,230,80.0,0,vDcInst/idc_units/iq_shed,601.97,603.67,0.35,0.39,1.0,1.0
ring_182749.csv,18:27:30.862,18:27:49.182,230,80.0,0,vDcInst/idc_units/iq_shed,602.21,603.67,0.35,0.39,1.0,1.0
ring_182812.csv,18:27:54.424,18:28:12.824,231,80.0,0,vDcInst/idc_units/iq_shed,601.97,603.42,0.35,0.39,1.0,1.0
ring_182836.csv,18:28:17.954,18:28:36.354,231,80.0,0,vDcInst/idc_units/iq_shed,602.21,603.42,0.35,0.39,1.0,1.0
ring_182859.csv,18:28:41.517,18:28:59.837,230,80.0,0,vDcInst/idc_units/iq_shed,602.21,603.67,0.36,0.39,1.0,1.0
ring_182923.csv,18:29:04.967,18:29:23.367,231,80.0,0,vDcInst/idc_units/iq_shed,602.46,603.42,0.35,0.39,1.0,1.0
ring_182946.csv,18:29:28.513,18:29:46.913,231,80.0,0,vDcInst/idc_units/iq_shed,602.46,603.67,0.36,0.39,1.0,1.0
ring_183010.csv,18:29:52.059,18:30:10.379,230,80.0,0,vDcInst/idc_units/iq_shed,602.46,603.67,0.36,0.39,1.0,1.0
ring_183034.csv,18:30:15.621,18:30:34.021,231,80.0,0,vDcInst/idc_units/iq_shed,602.46,603.42,0.36,0.39,1.0,1.0
ring_183057.csv,18:30:39.199,18:30:57.439,229,80.0,0,vDcInst/idc_units/iq_shed,602.46,603.67,0.35,0.39,1.0,1.0
ring_183121.csv,18:31:02.601,18:31:21.001,231,80.0,0,vDcInst/idc_units/iq_shed,602.7,603.42,0.35,0.39,1.0,1.0
ring_183144.csv,18:31:26.291,18:31:44.611,230,80.0,0,vDcInst/idc_units/iq_shed,602.7,603.67,0.36,0.39,1.0,1.0
ring_183208.csv,18:31:49.823,18:32:08.143,230,80.0,0,vDcInst/idc_units/iq_shed,602.7,603.67,0.35,0.39,1.0,1.0
ring_183231.csv,18:32:13.319,18:32:31.719,231,80.0,0,vDcInst/idc_units/iq_shed,602.7,603.91,0.36,0.39,1.0,1.0
ring_183255.csv,18:32:36.850,18:32:55.170,230,80.0,0,vDcInst/idc_units/iq_shed,603.42,604.15,0.36,0.38,1.0,1.0
ring_183318.csv,18:33:00.379,18:33:18.699,230,80.0,0,vDcInst/idc_units/iq_shed,603.42,603.91,0.36,0.39,1.0,1.0
ring_183342.csv,18:33:23.989,18:33:42.389,231,80.0,0,vDcInst/idc_units/iq_shed,603.67,604.15,0.36,0.39,1.0,1.0
ring_183405.csv,18:33:47.423,18:34:05.743,230,80.0,0,vDcInst/idc_units/iq_shed,603.42,604.15,0.36,0.39,1.0,1.0
ring_183429.csv,18:34:11.017,18:34:29.337,230,80.0,0,vDcInst/idc_units/iq_shed,603.42,604.15,0.36,0.39,1.0,1.0
ring_183452.csv,18:34:34.468,18:34:52.868,231,80.0,0,vDcInst/idc_units/iq_shed,603.42,604.15,0.36,0.39,1.0,1.0
ring_183516.csv,18:34:58.046,18:35:16.366,230,80.0,0,vDcInst/idc_units/iq_shed,603.67,603.91,0.36,0.39,1.0,1.0
ring_183539.csv,18:35:21.576,18:35:39.976,231,80.0,0,vDcInst/idc_units/iq_shed,603.67,604.15,0.37,0.39,1.0,1.0
ring_183603.csv,18:35:45.122,18:36:03.442,230,80.0,0,vDcInst/idc_units/iq_shed,603.42,604.15,0.36,0.39,1.0,1.0
ring_183627.csv,18:36:08.652,18:36:27.052,231,80.0,0,vDcInst/idc_units/iq_shed,603.67,604.15,0.36,0.39,1.0,1.0
ring_183650.csv,18:36:32.166,18:36:50.566,231,80.0,0,vDcInst/idc_units/iq_shed,603.42,604.15,0.36,0.39,1.0,1.0
ring_183714.csv,18:36:55.728,18:37:14.048,230,80.0,0,vDcInst/idc_units/iq_shed,603.42,604.15,0.37,0.39,1.0,1.0
ring_183737.csv,18:37:19.275,18:37:37.595,230,80.0,0,vDcInst/idc_units/iq_shed,603.67,604.15,0.37,0.39,1.0,1.0
ring_183801.csv,18:37:42.821,18:38:01.141,230,80.0,0,vDcInst/idc_units/iq_shed,603.42,604.15,0.37,0.39,1.0,1.0
ring_183825.csv,18:38:06.287,18:38:25.167,237,80.0,0,vDcInst/idc_units/iq_shed,603.67,604.15,0.37,0.39,1.0,1.0
ring_183848.csv,18:38:30.425,18:38:48.825,231,80.0,0,vDcInst/idc_units/iq_shed,603.67,604.15,0.36,0.39,1.0,1.0
ring_183912.csv,18:38:54.179,18:39:12.579,231,80.0,0,vDcInst/idc_units/iq_shed,603.67,604.15,0.36,0.39,1.0,1.0
ring_183936.csv,18:39:17.725,18:39:36.125,231,80.0,0,vDcInst/idc_units/iq_shed,603.42,604.15,0.36,0.39,1.0,1.0
ring_183959.csv,18:39:41.303,18:39:59.703,231,80.0,0,vDcInst/idc_units/iq_shed,603.67,603.91,0.36,0.39,1.0,1.0
ring_184023.csv,18:40:04.898,18:40:23.218,230,80.0,0,vDcInst/idc_units/iq_shed,603.67,604.15,0.37,0.39,1.0,1.0
ring_184046.csv,18:40:28.396,18:40:46.716,230,80.0,0,vDcInst/idc_units/iq_shed,603.42,603.91,0.36,0.39,1.0,1.0
ring_184110.csv,18:40:51.830,18:41:10.230,231,80.0,0,vDcInst/idc_units/iq_shed,603.67,604.15,0.37,0.39,1.0,1.0
ring_184133.csv,18:41:15.552,18:41:33.872,230,80.0,0,vDcInst/idc_units/iq_shed,603.42,604.15,0.37,0.4,1.0,1.0
ring_184157.csv,18:41:38.986,18:41:57.306,230,80.0,0,vDcInst/idc_units/iq_shed,603.67,604.15,0.37,0.4,1.0,1.0
ring_184220.csv,18:42:02.580,18:42:20.900,230,80.0,0,vDcInst/idc_units/iq_shed,603.67,604.15,0.37,0.39,1.0,1.0
ring_184244.csv,18:42:25.999,18:42:44.399,231,80.0,0,vDcInst/idc_units/iq_shed,603.67,603.91,0.37,0.39,1.0,1.0
ring_184307.csv,18:42:49.529,18:43:07.929,231,80.0,0,vDcInst/idc_units/iq_shed,603.67,603.91,0.37,0.4,1.0,1.0
ring_184331.csv,18:43:13.139,18:43:31.459,230,80.0,0,vDcInst/idc_units/iq_shed,603.67,603.91,0.37,0.4,1.0,1.0
ring_184355.csv,18:43:36.636,18:43:55.036,231,80.0,0,vDcInst/idc_units/iq_shed,603.42,603.91,0.37,0.4,1.0,1.0
ring_184418.csv,18:44:00.247,18:44:18.567,230,80.0,0,vDcInst/idc_units/iq_shed,603.67,604.15,0.37,0.4,1.0,1.0
ring_184442.csv,18:44:23.713,18:44:42.113,231,80.0,0,vDcInst/idc_units/iq_shed,603.67,604.15,0.37,0.4,1.0,1.0
ring_184505.csv,18:44:47.339,18:45:05.659,230,80.0,0,vDcInst/idc_units/iq_shed,603.67,604.15,0.37,0.4,1.0,1.0
ring_184529.csv,18:45:10.789,18:45:29.109,230,80.0,0,vDcInst/idc_units/iq_shed,603.67,604.15,0.37,0.4,1.0,1.0
ring_184552.csv,18:45:34.352,18:45:52.672,230,80.0,0,vDcInst/idc_units/iq_shed,603.42,603.91,0.37,0.4,1.0,1.0
ring_184616.csv,18:45:57.913,18:46:16.313,231,80.0,0,vDcInst/idc_units/iq_shed,603.67,604.15,0.37,0.4,1.0,1.0
ring_184639.csv,18:46:21.364,18:46:39.684,230,80.0,0,vDcInst/idc_units/iq_shed,603.67,604.15,0.37,0.4,1.0,1.0
ring_184703.csv,18:46:44.957,18:47:03.357,231,80.0,0,vDcInst/idc_units/iq_shed,603.42,604.15,0.38,0.4,1.0,1.0
ring_184726.csv,18:47:08.519,18:47:26.839,230,80.0,0,vDcInst/idc_units/iq_shed,603.42,603.91,0.38,0.4,1.0,1.0
ring_184750.csv,18:47:32.066,18:47:50.386,230,80.0,0,vDcInst/idc_units/iq_shed,603.42,603.91,0.37,0.4,1.0,1.0
ring_184813.csv,18:47:55.532,18:48:13.932,231,80.0,0,vDcInst/idc_units/iq_shed,603.67,604.15,0.37,0.4,1.0,1.0
ring_184837.csv,18:48:19.062,18:48:37.382,230,80.0,0,vDcInst/idc_units/iq_shed,603.42,604.15,0.37,0.4,1.0,1.0
ring_184901.csv,18:48:42.641,18:49:01.041,231,80.0,0,vDcInst/idc_units/iq_shed,603.67,604.15,0.37,0.4,1.0,1.0
ring_184924.csv,18:49:06.235,18:49:24.555,230,80.0,0,vDcInst/idc_units/iq_shed,603.67,604.15,0.37,0.4,1.0,1.0
ring_184948.csv,18:49:29.733,18:49:48.053,230,80.0,0,vDcInst/idc_units/iq_shed,603.42,604.15,0.37,0.4,1.0,1.0
ring_185011.csv,18:49:53.215,18:50:11.535,230,80.0,0,vDcInst/idc_units/iq_shed,603.67,604.15,0.37,0.4,1.0,1.0
ring_185035.csv,18:50:16.808,18:50:35.128,230,80.0,0,vDcInst/idc_units/iq_shed,603.42,604.15,0.37,0.4,1.0,1.0
ring_185058.csv,18:50:40.258,18:50:58.658,231,80.0,0,vDcInst/idc_units/iq_shed,603.42,604.15,0.37,0.4,1.0,1.0
ring_185122.csv,18:51:03.820,18:51:22.140,230,80.0,0,vDcInst/idc_units/iq_shed,603.42,604.15,0.37,0.4,1.0,1.0
ring_185145.csv,18:51:27.398,18:51:45.718,230,80.0,0,vDcInst/idc_units/iq_shed,603.67,603.91,0.38,0.4,1.0,1.0
ring_185209.csv,18:51:50.929,18:52:09.249,230,80.0,0,vDcInst/idc_units/iq_shed,603.67,604.15,0.38,0.4,1.0,1.0
ring_185232.csv,18:52:14.395,18:52:32.795,231,80.0,0,vDcInst/idc_units/iq_shed,603.67,604.15,0.38,0.4,1.0,1.0
ring_185256.csv,18:52:37.877,18:52:56.277,231,80.0,0,vDcInst/idc_units/iq_shed,603.42,604.15,0.37,0.4,1.0,1.0
ring_185319.csv,18:53:01.454,18:53:19.774,230,80.0,0,vDcInst/idc_units/iq_shed,603.42,604.15,0.37,0.4,1.0,1.0
ring_185343.csv,18:53:25.001,18:53:43.401,231,80.0,0,vDcInst/idc_units/iq_shed,603.67,604.15,0.37,0.4,1.0,1.0
ring_185406.csv,18:53:48.594,18:54:06.914,230,80.0,0,vDcInst/idc_units/iq_shed,603.67,604.15,0.38,0.4,1.0,1.0
ring_185430.csv,18:54:12.109,18:54:30.509,231,80.0,0,vDcInst/idc_units/iq_shed,603.42,603.91,0.38,0.4,1.0,1.0
ring_185454.csv,18:54:35.575,18:54:54.455,237,80.0,0,vDcInst/idc_units/iq_shed,603.42,604.15,0.38,0.4,1.0,1.0
ring_185517.csv,18:54:59.602,18:55:17.922,230,80.0,0,vDcInst/idc_units/iq_shed,603.42,604.15,0.37,0.4,1.0,1.0
ring_185541.csv,18:55:23.035,18:55:41.355,230,80.0,0,vDcInst/idc_units/iq_shed,603.42,604.15,0.37,0.4,1.0,1.0
ring_185604.csv,18:55:46.661,18:56:04.981,230,80.0,0,vDcInst/idc_units/iq_shed,603.42,604.15,0.38,0.4,1.0,1.0
ring_185628.csv,18:56:10.111,18:56:28.511,231,80.0,0,vDcInst/idc_units/iq_shed,603.42,604.15,0.38,0.4,1.0,1.0
ring_185652.csv,18:56:33.657,18:56:52.057,231,80.0,0,vDcInst/idc_units/iq_shed,603.42,604.15,0.38,0.41,1.0,1.0
ring_185715.csv,18:56:57.203,18:57:15.523,230,80.0,0,vDcInst/idc_units/iq_shed,603.42,604.15,0.38,0.4,1.0,1.0
ring_185739.csv,18:57:20.765,18:57:39.165,231,80.0,0,vDcInst/idc_units/iq_shed,603.42,604.15,0.38,0.4,1.0,1.0
ring_185802.csv,18:57:44.217,18:58:02.537,230,80.0,0,vDcInst/idc_units/iq_shed,603.67,604.15,0.38,0.41,1.0,1.0
ring_185826.csv,18:58:07.794,18:58:26.114,230,80.0,0,vDcInst/idc_units/iq_shed,603.67,604.15,0.37,0.4,1.0,1.0
ring_185849.csv,18:58:31.292,18:58:49.692,231,80.0,0,vDcInst/idc_units/iq_shed,603.42,603.91,0.38,0.41,1.0,1.0
ring_185913.csv,18:58:54.823,18:59:13.143,230,80.0,0,vDcInst/idc_units/iq_shed,603.42,604.15,0.38,0.41,1.0,1.0
ring_185936.csv,18:59:18.400,18:59:36.720,230,80.0,0,vDcInst/idc_units/iq_shed,603.67,604.15,0.38,0.41,1.0,1.0
ring_190000.csv,18:59:41.803,19:00:00.203,231,80.0,0,vDcInst/idc_units/iq_shed,603.67,604.39,0.38,0.41,1.0,1.0
ring_190023.csv,19:00:05.413,19:00:23.813,231,80.0,0,vDcInst/idc_units/iq_shed,603.42,604.15,0.38,0.41,1.0,1.0
ring_190047.csv,19:00:28.926,19:00:47.326,231,80.0,0,vDcInst/idc_units/iq_shed,603.67,604.15,0.38,0.41,1.0,1.0
ring_190110.csv,19:00:52.489,19:01:10.889,231,80.0,0,vDcInst/idc_units/iq_shed,603.67,604.15,0.38,0.41,1.0,1.0
ring_190134.csv,19:01:16.018,19:01:34.898,237,80.0,0,vDcInst/idc_units/iq_shed,603.67,604.15,0.38,0.41,1.0,1.0
ring_190158.csv,19:01:40.028,19:01:58.428,231,80.0,0,vDcInst/idc_units/iq_shed,603.42,604.15,0.38,0.41,1.0,1.0
ring_190221.csv,19:02:03.478,19:02:21.798,230,80.0,0,vDcInst/idc_units/iq_shed,603.67,604.15,0.38,0.41,1.0,1.0
ring_190245.csv,19:02:26.913,19:02:45.233,230,80.0,0,vDcInst/idc_units/iq_shed,603.67,604.15,0.38,0.41,1.0,1.0
ring_190308.csv,19:02:50.426,19:03:08.826,231,80.0,0,vDcInst/idc_units/iq_shed,603.42,604.15,0.38,0.41,1.0,1.0
ring_190332.csv,19:03:14.100,19:03:32.420,230,80.0,0,vDcInst/idc_units/iq_shed,603.67,604.15,0.38,0.41,1.0,1.0
ring_190355.csv,19:03:37.502,19:03:55.902,231,80.0,0,vDcInst/idc_units/iq_shed,603.67,604.39,0.38,0.41,1.0,1.0
ring_190419.csv,19:04:01.000,19:04:19.400,231,80.0,0,vDcInst/idc_units/iq_shed,603.42,604.15,0.38,0.41,1.0,1.0
ring_190442.csv,19:04:24.644,19:04:42.964,230,80.0,0,vDcInst/idc_units/iq_shed,603.67,604.15,0.38,0.41,1.0,1.0
ring_190507.csv,19:04:48.093,19:05:07.053,238,80.0,0,vDcInst/idc_units/iq_shed,603.67,604.15,0.38,0.41,1.0,1.0
ring_190530.csv,19:05:12.151,19:05:30.551,231,80.0,0,vDcInst/idc_units/iq_shed,603.18,604.15,0.39,0.41,1.0,1.0
ring_190553.csv,19:05:35.602,19:05:53.922,230,80.0,0,vDcInst/idc_units/iq_shed,603.67,604.15,0.39,0.41,1.0,1.0
ring_190617.csv,19:05:59.163,19:06:17.563,231,80.0,0,vDcInst/idc_units/iq_shed,603.67,604.15,0.39,0.41,1.0,1.0
ring_190641.csv,19:06:22.677,19:06:41.077,231,80.0,0,vDcInst/idc_units/iq_shed,603.67,604.39,0.39,0.41,1.0,1.0
ring_190704.csv,19:06:46.271,19:07:04.671,231,80.0,0,vDcInst/idc_units/iq_shed,603.67,604.15,0.38,0.41,1.0,1.0
ring_190728.csv,19:07:09.659,19:07:28.059,231,80.0,0,vDcInst/idc_units/iq_shed,603.67,604.15,0.39,0.41,1.0,1.0
ring_190751.csv,19:07:33.156,19:07:51.476,230,80.0,0,vDcInst/idc_units/iq_shed,603.67,604.15,0.39,0.41,1.0,1.0
ring_190815.csv,19:07:56.814,19:08:15.214,231,80.0,0,vDcInst/idc_units/iq_shed,603.67,604.15,0.38,0.41,1.0,1.0
ring_190838.csv,19:08:20.216,19:08:38.616,231,80.0,0,vDcInst/idc_units/iq_shed,603.42,604.15,0.38,0.41,1.0,1.0
ring_190902.csv,19:08:43.858,19:09:02.098,229,80.0,0,vDcInst/idc_units/iq_shed,603.67,604.15,0.38,0.41,1.0,1.0
ring_190925.csv,19:09:07.308,19:09:25.708,231,80.0,0,vDcInst/idc_units/iq_shed,603.67,604.15,0.38,0.41,1.0,1.0
ring_190949.csv,19:09:30.822,19:09:49.142,230,80.0,0,vDcInst/idc_units/iq_shed,603.67,604.15,0.38,0.41,1.0,1.0
ring_191012.csv,19:09:54.352,19:10:12.752,231,80.0,0,vDcInst/idc_units/iq_shed,603.42,604.39,0.38,0.41,1.0,1.0
ring_191036.csv,19:10:17.930,19:10:36.250,230,80.0,0,vDcInst/idc_units/iq_shed,603.67,604.15,0.38,0.41,1.0,1.0
ring_191059.csv,19:10:41.556,19:10:59.876,230,80.0,0,vDcInst/idc_units/iq_shed,603.42,604.15,0.38,0.41,1.0,1.0
ring_191123.csv,19:11:05.072,19:11:23.392,230,80.0,0,vDcInst/idc_units/iq_shed,603.42,604.15,0.39,0.41,1.0,1.0
ring_191146.csv,19:11:28.553,19:11:46.953,231,80.0,0,vDcInst/idc_units/iq_shed,603.67,604.15,0.39,0.41,1.0,1.0
ring_191210.csv,19:11:52.115,19:12:10.515,231,80.0,0,vDcInst/idc_units/iq_shed,603.42,604.15,0.38,0.41,1.0,1.0
ring_191233.csv,19:12:15.533,19:12:33.933,231,80.0,0,vDcInst/idc_units/iq_shed,603.67,604.15,0.38,0.41,1.0,1.0
ring_191257.csv,19:12:39.047,19:12:57.447,231,80.0,0,vDcInst/idc_units/iq_shed,603.67,604.15,0.38,0.41,1.0,1.0
ring_191321.csv,19:13:02.689,19:13:21.009,230,80.0,0,vDcInst/idc_units/iq_shed,603.42,604.15,0.39,0.41,1.0,1.0
ring_191344.csv,19:13:26.235,19:13:44.555,230,80.0,0,vDcInst/idc_units/iq_shed,603.42,604.15,0.39,0.41,1.0,1.0
ring_191408.csv,19:13:49.701,19:14:08.021,230,80.0,0,vDcInst/idc_units/iq_shed,603.67,604.15,0.38,0.41,1.0,1.0
ring_191431.csv,19:14:13.231,19:14:31.631,231,80.0,0,vDcInst/idc_units/iq_shed,603.42,604.15,0.38,0.41,1.0,1.0
ring_191455.csv,19:14:36.841,19:14:55.161,230,80.0,0,vDcInst/idc_units/iq_shed,603.67,604.15,0.39,0.41,1.0,1.0
ring_191518.csv,19:15:00.371,19:15:18.691,230,80.0,0,vDcInst/idc_units/iq_shed,603.67,604.15,0.38,0.41,1.0,1.0
ring_191542.csv,19:15:23.917,19:15:42.317,231,80.0,0,vDcInst/idc_units/iq_shed,603.42,604.15,0.38,0.41,1.0,1.0
ring_191605.csv,19:15:47.415,19:16:05.815,231,80.0,0,vDcInst/idc_units/iq_shed,603.67,604.15,0.38,0.41,1.0,1.0
ring_191629.csv,19:16:10.849,19:16:29.249,231,80.0,0,vDcInst/idc_units/iq_shed,603.67,604.15,0.39,0.41,1.0,1.0
ring_191652.csv,19:16:34.412,19:16:52.732,230,80.0,0,vDcInst/idc_units/iq_shed,603.42,604.15,0.39,0.41,1.0,1.0
ring_191716.csv,19:16:57.990,19:17:16.310,230,80.0,0,vDcInst/idc_units/iq_shed,603.42,604.15,0.38,0.41,1.0,1.0
ring_191739.csv,19:17:21.488,19:17:39.808,230,80.0,0,vDcInst/idc_units/iq_shed,603.42,604.39,0.38,0.41,1.0,1.0
ring_191803.csv,19:17:45.067,19:18:03.467,231,80.0,0,vDcInst/idc_units/iq_shed,603.67,604.15,0.39,0.41,1.0,1.0
ring_191826.csv,19:18:08.565,19:18:26.885,230,80.0,0,vDcInst/idc_units/iq_shed,603.42,604.39,0.38,0.41,1.0,1.0
ring_191850.csv,19:18:32.110,19:18:50.590,232,80.0,0,vDcInst/idc_units/iq_shed,603.67,604.15,0.38,0.41,1.0,1.0
ring_191914.csv,19:18:55.624,19:19:14.024,231,80.0,0,vDcInst/idc_units/iq_shed,603.67,604.15,0.38,0.41,1.0,1.0
ring_191937.csv,19:19:19.219,19:19:37.619,231,80.0,0,vDcInst/idc_units/iq_shed,603.67,604.15,0.39,0.41,1.0,1.0
ring_192001.csv,19:19:42.733,19:20:01.053,230,80.0,0,vDcInst/idc_units/iq_shed,603.67,604.15,0.38,0.41,1.0,1.0
ring_192024.csv,19:20:06.215,19:20:24.535,230,80.0,0,vDcInst/idc_units/iq_shed,603.42,604.15,0.38,0.41,1.0,1.0
ring_192048.csv,19:20:29.761,19:20:48.161,231,80.0,0,vDcInst/idc_units/iq_shed,603.42,604.15,0.38,0.41,1.0,1.0
ring_192111.csv,19:20:53.340,19:21:11.740,231,80.0,0,vDcInst/idc_units/iq_shed,603.67,604.15,0.38,0.41,1.0,1.0
ring_192135.csv,19:21:16.773,19:21:35.093,230,80.0,0,vDcInst/idc_units/iq_shed,603.67,604.15,0.38,0.41,1.0,1.0
ring_192158.csv,19:21:40.287,19:21:58.687,231,80.0,0,vDcInst/idc_units/iq_shed,603.67,604.15,0.39,0.41,1.0,1.0
ring_192222.csv,19:22:03.817,19:22:22.137,230,80.0,0,vDcInst/idc_units/iq_shed,603.67,604.15,0.38,0.41,1.0,1.0
ring_192245.csv,19:22:27.365,19:22:45.765,231,80.0,0,vDcInst/idc_units/iq_shed,603.42,604.15,0.38,0.41,1.0,1.0
ring_192309.csv,19:22:50.925,19:23:09.245,230,80.0,0,vDcInst/idc_units/iq_shed,603.67,604.15,0.38,0.41,1.0,1.0
ring_192332.csv,19:23:14.519,19:23:32.839,230,80.0,0,vDcInst/idc_units/iq_shed,603.67,604.15,0.38,0.41,1.0,1.0
ring_192356.csv,19:23:37.984,19:23:56.384,231,80.0,0,vDcInst/idc_units/iq_shed,603.67,604.39,0.39,0.41,1.0,1.0
ring_192419.csv,19:24:01.546,19:24:19.866,230,80.0,0,vDcInst/idc_units/iq_shed,603.42,604.15,0.38,0.41,1.0,1.0
ring_192443.csv,19:24:25.060,19:24:43.380,230,80.0,0,vDcInst/idc_units/iq_shed,603.67,604.15,0.39,0.41,1.0,1.0
ring_192506.csv,19:24:48.574,19:25:06.974,231,80.0,0,vDcInst/idc_units/iq_shed,603.42,604.15,0.39,0.41,1.0,1.0
ring_192530.csv,19:25:12.185,19:25:30.505,230,80.0,0,vDcInst/idc_units/iq_shed,603.67,604.15,0.39,0.42,1.0,1.0
ring_192554.csv,19:25:35.651,19:25:54.051,231,80.0,0,vDcInst/idc_units/iq_shed,603.42,604.15,0.39,0.42,1.0,1.0
ring_192617.csv,19:25:59.181,19:26:17.501,230,80.0,0,vDcInst/idc_units/iq_shed,603.67,604.15,0.39,0.42,1.0,1.0
ring_192641.csv,19:26:22.711,19:26:41.591,237,80.0,0,vDcInst/idc_units/iq_shed,603.42,604.15,0.39,0.42,1.0,1.0
ring_192705.csv,19:26:46.689,19:27:05.089,231,80.0,0,vDcInst/idc_units/iq_shed,603.67,604.15,0.39,0.41,1.0,1.0
ring_192729.csv,19:27:10.107,19:27:29.067,238,80.0,0,vDcInst/idc_units/iq_shed,603.67,604.15,0.39,0.41,1.0,1.0
ring_192752.csv,19:27:34.229,19:27:52.549,230,80.0,0,vDcInst/idc_units/iq_shed,603.67,604.15,0.38,0.41,1.0,1.0
ring_192815.csv,19:27:57.600,19:28:15.920,230,80.0,0,vDcInst/idc_units/iq_shed,603.42,604.15,0.38,0.41,1.0,1.0
ring_192839.csv,19:28:21.162,19:28:39.562,231,80.0,0,vDcInst/idc_units/iq_shed,603.67,604.15,0.39,0.41,1.0,1.0
ring_192903.csv,19:28:44.660,19:29:03.060,231,80.0,0,vDcInst/idc_units/iq_shed,603.67,604.39,0.38,0.41,1.0,1.0
ring_192926.csv,19:29:08.270,19:29:26.590,230,80.0,0,vDcInst/idc_units/iq_shed,603.67,604.15,0.39,0.41,1.0,1.0
ring_192950.csv,19:29:31.768,19:29:50.088,230,80.0,0,vDcInst/idc_units/iq_shed,603.67,604.15,0.39,0.41,1.0,1.0
ring_193013.csv,19:29:55.378,19:30:13.698,230,80.0,0,vDcInst/idc_units/iq_shed,603.67,604.15,0.39,0.42,1.0,1.0
ring_193037.csv,19:30:18.860,19:30:37.180,230,80.0,0,vDcInst/idc_units/iq_shed,603.42,604.15,0.39,0.41,1.0,1.0
ring_193100.csv,19:30:42.438,19:31:00.758,230,80.0,0,vDcInst/idc_units/iq_shed,603.18,604.15,0.39,0.41,1.0,1.0
ring_193124.csv,19:31:05.887,19:31:24.367,232,80.0,0,vDcInst/idc_units/iq_shed,603.67,604.15,0.39,0.42,1.0,1.0
ring_193147.csv,19:31:29.499,19:31:47.899,231,80.0,0,vDcInst/idc_units/iq_shed,603.67,604.15,0.39,0.42,1.0,1.0
ring_193211.csv,19:31:52.996,19:32:11.396,231,80.0,0,vDcInst/idc_units/iq_shed,603.67,604.15,0.39,0.42,1.0,1.0
ring_193234.csv,19:32:16.590,19:32:34.990,231,80.0,0,vDcInst/idc_units/iq_shed,603.67,604.15,0.39,0.42,1.0,1.0
ring_193258.csv,19:32:40.056,19:32:58.376,230,80.0,0,vDcInst/idc_units/iq_shed,603.42,604.15,0.39,0.42,1.0,1.0
ring_193321.csv,19:33:03.617,19:33:21.937,230,80.0,0,vDcInst/idc_units/iq_shed,603.42,604.15,0.39,0.42,1.0,1.0
ring_193345.csv,19:33:27.067,19:33:45.467,231,80.0,0,vDcInst/idc_units/iq_shed,603.67,604.15,0.39,0.42,1.0,1.0
ring_193408.csv,19:33:50.598,19:34:08.998,231,80.0,0,vDcInst/idc_units/iq_shed,603.67,604.15,0.39,0.42,1.0,1.0
ring_193432.csv,19:34:14.208,19:34:32.528,230,80.0,0,vDcInst/idc_units/iq_shed,603.67,604.15,0.39,0.42,1.0,1.0
ring_193456.csv,19:34:37.753,19:34:56.073,230,80.0,0,vDcInst/idc_units/iq_shed,603.67,604.15,0.4,0.42,1.0,1.0
ring_193519.csv,19:35:01.172,19:35:19.572,231,80.0,0,vDcInst/idc_units/iq_shed,603.67,604.15,0.4,0.42,1.0,1.0
ring_193543.csv,19:35:24.718,19:35:43.038,230,80.0,0,vDcInst/idc_units/iq_shed,603.67,604.15,0.4,0.42,1.0,1.0
ring_193606.csv,19:35:48.280,19:36:06.680,231,80.0,0,vDcInst/idc_units/iq_shed,603.67,604.15,0.4,0.43,1.0,1.0
ring_193630.csv,19:36:11.875,19:36:30.275,231,80.0,0,vDcInst/idc_units/iq_shed,603.67,604.15,0.4,0.42,1.0,1.0
ring_193653.csv,19:36:35.356,19:36:53.756,231,80.0,0,vDcInst/idc_units/iq_shed,603.42,604.15,0.4,0.42,1.0,1.0
ring_193717.csv,19:36:58.934,19:37:17.254,230,80.0,0,vDcInst/idc_units/iq_shed,603.42,604.15,0.4,0.42,1.0,1.0
ring_193740.csv,19:37:22.464,19:37:40.784,230,80.0,0,vDcInst/idc_units/iq_shed,603.67,604.15,0.4,0.43,1.0,1.0
ring_193804.csv,19:37:46.010,19:38:04.330,230,80.0,0,vDcInst/idc_units/iq_shed,603.67,604.15,0.4,0.43,1.0,1.0
ring_193827.csv,19:38:09.524,19:38:27.924,231,80.0,0,vDcInst/idc_units/iq_shed,603.67,604.15,0.4,0.43,1.0,1.0
ring_193851.csv,19:38:32.943,19:38:51.343,231,80.0,0,vDcInst/idc_units/iq_shed,603.67,604.15,0.4,0.43,1.0,1.0
ring_193914.csv,19:38:56.457,19:39:14.857,231,80.0,0,vDcInst/idc_units/iq_shed,603.42,604.15,0.4,0.43,1.0,1.0
ring_193938.csv,19:39:20.051,19:39:38.531,232,80.0,0,vDcInst/idc_units/iq_shed,603.67,604.15,0.41,0.43,1.0,1.0
ring_194002.csv,19:39:43.629,19:40:02.029,231,80.0,0,vDcInst/idc_units/iq_shed,603.42,604.15,0.41,0.43,1.0,1.0
ring_194025.csv,19:40:06.998,19:40:25.398,231,80.0,0,vDcInst/idc_units/iq_shed,603.67,604.15,0.4,0.43,1.0,1.0
ring_194049.csv,19:40:30.656,19:40:49.136,232,80.0,0,vDcInst/idc_units/iq_shed,603.67,604.15,0.41,0.43,1.0,1.0
ring_194112.csv,19:40:54.202,19:41:12.602,231,80.0,0,vDcInst/idc_units/iq_shed,603.67,604.39,0.41,0.43,1.0,1.0
ring_194136.csv,19:41:17.717,19:41:36.117,231,80.0,0,vDcInst/idc_units/iq_shed,603.67,604.15,0.41,0.44,1.0,1.0
ring_194159.csv,19:41:41.200,19:41:59.600,231,80.0,0,vDcInst/idc_units/iq_shed,603.67,604.15,0.41,0.44,1.0,1.0
ring_194223.csv,19:42:04.777,19:42:23.097,230,80.0,0,vDcInst/idc_units/iq_shed,603.67,604.15,0.41,0.44,1.0,1.0
ring_194246.csv,19:42:28.259,19:42:46.659,231,80.0,0,vDcInst/idc_units/iq_shed,603.67,604.15,0.41,0.43,1.0,1.0
ring_194310.csv,19:42:51.773,19:43:10.173,231,80.0,0,vDcInst/idc_units/iq_shed,603.67,604.15,0.41,0.44,1.0,1.0
ring_194334.csv,19:43:15.318,19:43:34.278,238,80.0,0,vDcInst/idc_units/iq_shed,603.67,604.15,0.41,0.44,1.0,1.0
ring_194358.csv,19:43:39.728,19:43:58.128,231,80.0,0,vDcInst/idc_units/iq_shed,603.67,604.15,0.41,0.44,1.0,1.0
ring_194421.csv,19:44:03.146,19:44:21.466,230,80.0,0,vDcInst/idc_units/iq_shed,603.67,604.15,0.41,0.44,1.0,1.0
ring_194445.csv,19:44:26.676,19:44:45.156,232,80.0,0,vDcInst/idc_units/iq_shed,603.67,604.15,0.41,0.44,1.0,1.0
ring_194508.csv,19:44:50.222,19:45:08.542,230,80.0,0,vDcInst/idc_units/iq_shed,603.67,604.15,0.41,0.44,1.0,1.0
ring_194532.csv,19:45:13.880,19:45:32.120,229,80.0,0,vDcInst/idc_units/iq_shed,603.67,604.15,0.41,0.44,1.0,1.0
ring_194555.csv,19:45:37.202,19:45:55.602,231,80.0,0,vDcInst/idc_units/iq_shed,603.67,604.15,0.41,0.44,1.0,1.0
ring_194619.csv,19:46:00.812,19:46:19.132,230,80.0,0,vDcInst/idc_units/iq_shed,603.42,604.15,0.41,0.44,1.0,1.0
ring_194642.csv,19:46:24.422,19:46:42.742,230,80.0,0,vDcInst/idc_units/iq_shed,603.67,604.15,0.42,0.44,1.0,1.0
ring_194706.csv,19:46:47.921,19:47:06.241,230,80.0,0,vDcInst/idc_units/iq_shed,603.67,604.15,0.42,0.44,1.0,1.0
ring_194729.csv,19:47:11.436,19:47:29.756,230,80.0,0,vDcInst/idc_units/iq_shed,603.42,604.15,0.42,0.44,1.0,1.0
ring_194753.csv,19:47:34.933,19:47:53.333,231,80.0,0,vDcInst/idc_units/iq_shed,603.67,604.15,0.42,0.45,1.0,1.0
ring_194816.csv,19:47:58.463,19:48:16.783,230,80.0,0,vDcInst/idc_units/iq_shed,603.67,604.15,0.42,0.44,1.0,1.0
ring_194840.csv,19:48:22.009,19:48:40.329,230,80.0,0,vDcInst/idc_units/iq_shed,603.67,604.15,0.43,0.45,1.0,1.0
ring_194903.csv,19:48:45.555,19:49:03.875,230,80.0,0,vDcInst/idc_units/iq_shed,603.67,604.15,0.42,0.45,1.0,1.0
ring_194927.csv,19:49:09.005,19:49:27.325,230,80.0,0,vDcInst/idc_units/iq_shed,603.67,604.15,0.43,0.45,1.0,1.0
ring_194950.csv,19:49:32.599,19:49:50.919,230,80.0,0,vDcInst/idc_units/iq_shed,603.67,604.15,0.42,0.45,1.0,1.0
ring_195014.csv,19:49:55.969,19:50:14.369,231,80.0,0,vDcInst/idc_units/iq_shed,603.67,604.15,0.42,0.45,1.0,1.0
ring_195037.csv,19:50:19.563,19:50:37.883,230,80.0,0,vDcInst/idc_units/iq_shed,603.67,604.15,0.42,0.45,1.0,1.0
ring_195101.csv,19:50:43.093,19:51:01.493,231,80.0,0,vDcInst/idc_units/iq_shed,603.67,604.15,0.43,0.45,1.0,1.0
ring_195124.csv,19:51:06.607,19:51:24.927,230,80.0,0,vDcInst/idc_units/iq_shed,603.67,604.15,0.43,0.45,1.0,1.0
ring_195148.csv,19:51:30.121,19:51:48.441,230,80.0,0,vDcInst/idc_units/iq_shed,603.67,604.15,0.42,0.45,1.0,1.0
ring_195212.csv,19:51:53.635,19:52:12.035,231,80.0,0,vDcInst/idc_units/iq_shed,603.67,604.39,0.42,0.45,1.0,1.0
ring_195235.csv,19:52:17.326,19:52:35.726,231,80.0,0,vDcInst/idc_units/iq_shed,603.67,604.15,0.43,0.45,1.0,1.0
ring_195259.csv,19:52:40.760,19:52:59.080,230,80.0,0,vDcInst/idc_units/iq_shed,603.42,604.15,0.43,0.45,1.0,1.0
ring_195322.csv,19:53:04.289,19:53:22.689,231,80.0,0,vDcInst/idc_units/iq_shed,603.67,604.15,0.43,0.45,1.0,1.0
ring_195346.csv,19:53:27.787,19:53:46.187,231,80.0,0,vDcInst/idc_units/iq_shed,603.67,604.15,0.43,0.45,1.0,1.0
ring_195409.csv,19:53:51.332,19:54:09.732,231,80.0,0,vDcInst/idc_units/iq_shed,603.67,604.15,0.43,0.45,1.0,1.0
ring_195433.csv,19:54:14.830,19:54:33.230,231,80.0,0,vDcInst/idc_units/iq_shed,603.67,604.15,0.43,0.45,1.0,1.0
ring_195456.csv,19:54:38.376,19:54:56.696,230,80.0,0,vDcInst/idc_units/iq_shed,603.67,604.15,0.43,0.45,1.0,1.0
ring_195520.csv,19:55:01.906,19:55:20.306,231,80.0,0,vDcInst/idc_units/iq_shed,603.67,604.15,0.43,0.45,1.0,1.0
ring_195543.csv,19:55:25.404,19:55:43.724,230,80.0,0,vDcInst/idc_units/iq_shed,603.67,604.15,0.43,0.45,1.0,1.0
ring_195607.csv,19:55:48.951,19:56:07.911,238,80.0,0,vDcInst/idc_units/iq_shed,603.67,604.15,0.43,0.45,1.0,1.0
ring_195631.csv,19:56:13.040,19:56:31.440,231,80.0,0,vDcInst/idc_units/iq_shed,603.67,604.15,0.43,0.46,1.0,1.0
ring_195655.csv,19:56:36.922,19:56:55.242,230,80.0,0,vDcInst/idc_units/iq_shed,603.67,604.15,0.43,0.45,1.0,1.0
ring_195718.csv,19:57:00.356,19:57:18.756,231,80.0,0,vDcInst/idc_units/iq_shed,603.67,604.15,0.43,0.45,1.0,1.0
ring_195742.csv,19:57:23.839,19:57:42.159,230,80.0,0,vDcInst/idc_units/iq_shed,603.91,604.15,0.43,0.45,1.0,1.0
ring_195805.csv,19:57:47.433,19:58:05.753,230,80.0,0,vDcInst/idc_units/iq_shed,603.67,604.15,0.43,0.45,1.0,1.0
ring_195829.csv,19:58:10.964,19:58:29.364,231,80.0,0,vDcInst/idc_units/iq_shed,603.67,604.15,0.43,0.46,1.0,1.0
ring_195852.csv,19:58:34.461,19:58:52.781,230,80.0,0,vDcInst/idc_units/iq_shed,603.67,604.15,0.43,0.46,1.0,1.0
ring_195916.csv,19:58:57.991,19:59:16.391,231,80.0,0,vDcInst/idc_units/iq_shed,603.67,604.15,0.43,0.45,1.0,1.0
ring_195939.csv,19:59:21.554,19:59:39.954,231,80.0,0,vDcInst/idc_units/iq_shed,603.67,604.15,0.43,0.46,1.0,1.0
ring_200003.csv,19:59:44.907,20:00:03.307,231,80.0,0,vDcInst/idc_units/iq_shed,603.91,604.39,0.43,0.46,1.0,1.0
ring_200027.csv,20:00:08.566,20:00:27.526,238,80.0,0,vDcInst/idc_units/iq_shed,603.67,604.15,0.43,0.46,1.0,1.0
ring_200051.csv,20:00:33.006,20:00:51.326,230,80.0,0,vDcInst/idc_units/iq_shed,603.42,604.15,0.43,0.46,1.0,1.0
ring_200114.csv,20:00:56.344,20:01:14.744,231,80.0,0,vDcInst/idc_units/iq_shed,603.67,604.15,0.44,0.46,1.0,1.0
ring_200138.csv,20:01:19.826,20:01:38.226,231,80.0,0,vDcInst/idc_units/iq_shed,603.67,604.15,0.43,0.46,1.0,1.0
ring_200201.csv,20:01:43.421,20:02:01.821,231,80.0,0,vDcInst/idc_units/iq_shed,603.67,604.15,0.44,0.46,1.0,1.0
ring_200225.csv,20:02:06.918,20:02:25.318,231,80.0,0,vDcInst/idc_units/iq_shed,603.67,604.15,0.43,0.46,1.0,1.0
ring_200248.csv,20:02:30.449,20:02:48.849,231,80.0,0,vDcInst/idc_units/iq_shed,603.67,604.15,0.44,0.46,1.0,1.0
ring_200312.csv,20:02:53.929,20:03:12.329,231,80.0,0,vDcInst/idc_units/iq_shed,603.67,604.15,0.44,0.46,1.0,1.0
ring_200335.csv,20:03:17.571,20:03:35.971,231,80.0,0,vDcInst/idc_units/iq_shed,603.67,604.15,0.44,0.46,1.0,1.0
ring_200359.csv,20:03:41.037,20:03:59.357,230,80.0,0,vDcInst/idc_units/iq_shed,603.67,604.15,0.44,0.46,1.0,1.0
ring_200422.csv,20:04:04.536,20:04:22.856,230,80.0,0,vDcInst/idc_units/iq_shed,603.67,604.15,0.43,0.46,1.0,1.0
ring_200446.csv,20:04:28.098,20:04:46.418,230,80.0,0,vDcInst/idc_units/iq_shed,603.67,604.15,0.43,0.46,1.0,1.0
ring_200509.csv,20:04:51.612,20:05:09.932,230,80.0,0,vDcInst/idc_units/iq_shed,603.67,604.15,0.44,0.46,1.0,1.0
ring_200533.csv,20:05:15.142,20:05:33.542,231,80.0,0,vDcInst/idc_units/iq_shed,603.67,604.39,0.44,0.46,1.0,1.0
ring_200557.csv,20:05:38.656,20:05:57.056,231,80.0,0,vDcInst/idc_units/iq_shed,603.67,604.15,0.44,0.46,1.0,1.0
ring_200620.csv,20:06:02.186,20:06:20.506,230,80.0,0,vDcInst/idc_units/iq_shed,603.67,604.15,0.44,0.46,1.0,1.0
ring_200644.csv,20:06:25.700,20:06:44.100,231,80.0,0,vDcInst/idc_units/iq_shed,603.91,604.15,0.44,0.46,1.0,1.0
ring_200707.csv,20:06:49.262,20:07:07.662,231,80.0,0,vDcInst/idc_units/iq_shed,603.67,604.15,0.44,0.46,1.0,1.0
ring_200731.csv,20:07:12.776,20:07:31.096,230,80.0,0,vDcInst/idc_units/iq_shed,603.67,604.15,0.44,0.47,1.0,1.0
ring_200754.csv,20:07:36.338,20:07:54.738,231,80.0,0,vDcInst/idc_units/iq_shed,603.67,604.39,0.44,0.47,1.0,1.0
ring_200818.csv,20:07:59.820,20:08:18.140,230,80.0,0,vDcInst/idc_units/iq_shed,603.67,604.15,0.44,0.47,1.0,1.0
ring_200841.csv,20:08:23.303,20:08:41.703,231,80.0,0,vDcInst/idc_units/iq_shed,603.67,604.15,0.44,0.47,1.0,1.0
ring_200905.csv,20:08:46.786,20:09:05.186,231,80.0,0,vDcInst/idc_units/iq_shed,603.67,604.39,0.45,0.47,1.0,1.0
ring_200928.csv,20:09:10.395,20:09:28.715,230,80.0,0,vDcInst/idc_units/iq_shed,603.67,604.15,0.45,0.47,1.0,1.0
ring_200952.csv,20:09:33.845,20:09:52.245,231,80.0,0,vDcInst/idc_units/iq_shed,603.67,604.15,0.44,0.47,1.0,1.0
ring_201015.csv,20:09:57.311,20:10:15.711,231,80.0,0,vDcInst/idc_units/iq_shed,603.91,604.15,0.44,0.47,1.0,1.0
ring_201039.csv,20:10:20.873,20:10:39.273,231,80.0,0,vDcInst/idc_units/iq_shed,603.67,604.15,0.44,0.47,1.0,1.0
ring_201102.csv,20:10:44.419,20:11:02.819,231,80.0,0,vDcInst/idc_units/iq_shed,603.67,604.39,0.44,0.47,1.0,1.0
ring_201126.csv,20:11:07.949,20:11:26.349,231,80.0,0,vDcInst/idc_units/iq_shed,603.91,604.15,0.44,0.47,1.0,1.0
ring_201149.csv,20:11:31.447,20:11:49.847,231,80.0,0,vDcInst/idc_units/iq_shed,603.67,604.15,0.44,0.46,1.0,1.0
ring_201213.csv,20:11:54.977,20:12:13.297,230,80.0,0,vDcInst/idc_units/iq_shed,603.67,604.15,0.44,0.46,1.0,1.0
ring_201236.csv,20:12:18.523,20:12:36.923,231,80.0,0,vDcInst/idc_units/iq_shed,603.91,604.15,0.44,0.46,1.0,1.0
ring_201300.csv,20:12:42.119,20:13:00.519,231,80.0,0,vDcInst/idc_units/iq_shed,603.67,604.15,0.44,0.46,1.0,1.0
ring_201323.csv,20:13:05.503,20:13:23.903,231,80.0,0,vDcInst/idc_units/iq_shed,603.67,604.15,0.44,0.46,1.0,1.0
ring_201347.csv,20:13:29.145,20:13:47.465,230,80.0,0,vDcInst/idc_units/iq_shed,603.67,604.15,0.44,0.46,1.0,1.0
ring_201410.csv,20:13:52.579,20:14:10.979,231,80.0,0,vDcInst/idc_units/iq_shed,603.67,604.15,0.44,0.46,1.0,1.0
ring_201434.csv,20:14:16.109,20:14:34.429,230,80.0,0,vDcInst/idc_units/iq_shed,603.67,604.15,0.44,0.46,1.0,1.0
ring_201457.csv,20:14:39.671,20:14:57.991,230,80.0,0,vDcInst/idc_units/iq_shed,603.91,604.15,0.44,0.47,1.0,1.0
ring_201521.csv,20:15:03.169,20:15:21.649,232,80.0,0,vDcInst/idc_units/iq_shed,603.91,604.15,0.44,0.47,1.0,1.0
ring_201545.csv,20:15:26.635,20:15:45.035,231,80.0,0,vDcInst/idc_units/iq_shed,603.67,604.15,0.44,0.46,1.0,1.0
ring_201608.csv,20:15:50.293,20:16:08.773,232,80.0,0,vDcInst/idc_units/iq_shed,603.67,604.15,0.44,0.47,1.0,1.0
ring_201632.csv,20:16:14.239,20:16:32.639,231,80.0,0,vDcInst/idc_units/iq_shed,603.91,604.39,0.44,0.47,1.0,1.0
ring_201656.csv,20:16:37.737,20:16:56.057,230,80.0,0,vDcInst/idc_units/iq_shed,603.67,604.15,0.44,0.46,1.0,1.0
ring_201719.csv,20:17:01.203,20:17:19.523,230,80.0,0,vDcInst/idc_units/iq_shed,603.67,604.39,0.44,0.47,1.0,1.0
ring_201743.csv,20:17:24.797,20:17:43.197,231,80.0,0,vDcInst/idc_units/iq_shed,603.67,604.15,0.44,0.46,1.0,1.0
ring_201806.csv,20:17:48.217,20:18:06.617,231,80.0,0,vDcInst/idc_units/iq_shed,603.67,604.15,0.44,0.47,1.0,1.0
ring_201830.csv,20:18:11.793,20:18:30.113,230,80.0,0,vDcInst/idc_units/iq_shed,603.67,604.15,0.44,0.47,1.0,1.0
ring_201853.csv,20:18:35.291,20:18:53.611,230,80.0,0,vDcInst/idc_units/iq_shed,603.67,604.15,0.44,0.47,1.0,1.0
ring_201917.csv,20:18:58.902,20:19:17.222,230,80.0,0,vDcInst/idc_units/iq_shed,603.67,604.39,0.45,0.47,1.0,1.0
ring_201940.csv,20:19:22.288,20:19:40.688,231,80.0,0,vDcInst/idc_units/iq_shed,603.67,604.15,0.45,0.47,1.0,1.0
ring_202004.csv,20:19:45.834,20:20:04.154,230,80.0,0,vDcInst/idc_units/iq_shed,603.67,604.15,0.44,0.47,1.0,1.0
ring_202027.csv,20:20:09.444,20:20:27.844,231,80.0,0,vDcInst/idc_units/iq_shed,603.67,604.39,0.44,0.47,1.0,1.0
ring_202051.csv,20:20:32.847,20:20:51.167,230,80.0,0,vDcInst/idc_units/iq_shed,603.67,604.15,0.44,0.47,1.0,1.0
ring_202114.csv,20:20:56.440,20:21:14.760,230,80.0,0,vDcInst/idc_units/iq_shed,603.67,604.15,0.44,0.47,1.0,1.0
ring_202138.csv,20:21:19.842,20:21:38.242,231,80.0,0,vDcInst/idc_units/iq_shed,603.67,604.39,0.45,0.47,1.0,1.0
ring_202201.csv,20:21:43.388,20:22:01.788,231,80.0,0,vDcInst/idc_units/iq_shed,603.67,604.15,0.45,0.47,1.0,1.0
ring_202225.csv,20:22:07.062,20:22:25.462,231,80.0,0,vDcInst/idc_units/iq_shed,603.67,604.39,0.44,0.47,1.0,1.0
ring_202248.csv,20:22:30.545,20:22:48.865,230,80.0,0,vDcInst/idc_units/iq_shed,603.91,604.15,0.45,0.47,1.0,1.0
ring_202312.csv,20:22:54.025,20:23:12.425,231,80.0,0,vDcInst/idc_units/iq_shed,603.67,604.15,0.44,0.47,1.0,1.0
ring_202336.csv,20:23:17.604,20:23:36.004,231,80.0,0,vDcInst/idc_units/iq_shed,603.91,604.15,0.45,0.47,1.0,1.0
ring_202359.csv,20:23:41.086,20:23:59.406,230,80.0,0,vDcInst/idc_units/iq_shed,603.67,604.15,0.44,0.47,1.0,1.0
ring_202422.csv,20:24:04.536,20:24:22.936,231,80.0,0,vDcInst/idc_units/iq_shed,603.67,604.15,0.45,0.47,1.0,1.0
ring_202446.csv,20:24:28.017,20:24:46.417,231,80.0,0,vDcInst/idc_units/iq_shed,603.67,604.39,0.44,0.47,1.0,1.0
ring_202510.csv,20:24:51.691,20:25:10.091,231,80.0,0,vDcInst/idc_units/iq_shed,603.67,604.15,0.44,0.47,1.0,1.0
ring_202533.csv,20:25:15.079,20:25:33.479,231,80.0,0,vDcInst/idc_units/iq_shed,603.42,604.15,0.44,0.47,1.0,1.0
ring_202556.csv,20:25:38.736,20:25:56.976,229,80.0,0,vDcInst/idc_units/iq_shed,603.67,604.15,0.44,0.47,1.0,1.0
ring_202620.csv,20:26:02.250,20:26:20.650,231,80.0,0,vDcInst/idc_units/iq_shed,603.91,604.15,0.45,0.47,1.0,1.0
ring_202644.csv,20:26:25.732,20:26:44.132,231,80.0,0,vDcInst/idc_units/iq_shed,603.67,604.15,0.44,0.47,1.0,1.0
ring_202707.csv,20:26:49.230,20:27:07.550,230,80.0,0,vDcInst/idc_units/iq_shed,603.67,604.39,0.45,0.47,1.0,1.0
ring_202731.csv,20:27:12.760,20:27:31.080,230,80.0,0,vDcInst/idc_units/iq_shed,603.91,604.15,0.45,0.47,1.0,1.0
ring_202754.csv,20:27:36.307,20:27:54.707,231,80.0,0,vDcInst/idc_units/iq_shed,603.42,604.15,0.44,0.47,1.0,1.0
ring_202817.csv,20:27:59.725,20:28:17.965,229,80.0,0,vDcInst/idc_units/iq_shed,603.91,604.15,0.44,0.47,1.0,1.0
ring_202841.csv,20:28:23.318,20:28:41.718,231,80.0,0,vDcInst/idc_units/iq_shed,603.67,604.39,0.45,0.47,1.0,1.0
ring_202905.csv,20:28:46.896,20:29:05.216,230,80.0,0,vDcInst/idc_units/iq_shed,603.67,604.15,0.44,0.47,1.0,1.0
ring_202928.csv,20:29:10.346,20:29:28.746,231,80.0,0,vDcInst/idc_units/iq_shed,603.67,604.15,0.44,0.47,1.0,1.0
ring_202952.csv,20:29:33.812,20:29:52.292,232,80.0,0,vDcInst/idc_units/iq_shed,603.67,604.39,0.45,0.47,1.0,1.0
ring_203015.csv,20:29:57.407,20:30:15.727,230,80.0,0,vDcInst/idc_units/iq_shed,603.91,604.15,0.44,0.47,1.0,1.0
ring_203039.csv,20:30:20.952,20:30:39.272,230,80.0,0,vDcInst/idc_units/iq_shed,603.67,604.15,0.45,0.47,1.0,1.0
ring_203102.csv,20:30:44.450,20:31:02.770,230,80.0,0,vDcInst/idc_units/iq_shed,603.91,604.15,0.44,0.47,1.0,1.0
ring_203126.csv,20:31:07.948,20:31:26.268,230,80.0,0,vDcInst/idc_units/iq_shed,603.67,604.15,0.45,0.47,1.0,1.0
ring_203149.csv,20:31:31.462,20:31:49.862,231,80.0,0,vDcInst/idc_units/iq_shed,603.91,604.15,0.45,0.47,1.0,1.0
ring_203213.csv,20:31:54.976,20:32:13.296,230,80.0,0,vDcInst/idc_units/iq_shed,603.67,604.15,0.45,0.47,1.0,1.0
ring_203236.csv,20:32:18.570,20:32:36.890,230,80.0,0,vDcInst/idc_units/iq_shed,603.67,604.39,0.45,0.47,1.0,1.0
ring_203300.csv,20:32:42.053,20:33:00.453,231,80.0,0,vDcInst/idc_units/iq_shed,603.91,604.15,0.45,0.47,1.0,1.0
ring_203323.csv,20:33:05.661,20:33:23.981,230,80.0,0,vDcInst/idc_units/iq_shed,603.67,604.15,0.45,0.47,1.0,1.0
ring_203347.csv,20:33:29.079,20:33:47.399,230,80.0,0,vDcInst/idc_units/iq_shed,603.67,604.15,0.45,0.48,1.0,1.0
ring_203410.csv,20:33:52.626,20:34:10.946,230,80.0,0,vDcInst/idc_units/iq_shed,603.67,604.15,0.45,0.47,1.0,1.0
ring_203434.csv,20:34:16.092,20:34:34.412,230,80.0,0,vDcInst/idc_units/iq_shed,603.67,604.15,0.45,0.47,1.0,1.0
ring_203457.csv,20:34:39.669,20:34:57.989,230,80.0,0,vDcInst/idc_units/iq_shed,603.67,604.15,0.45,0.48,1.0,1.0
ring_203521.csv,20:35:03.152,20:35:21.472,230,80.0,0,vDcInst/idc_units/iq_shed,603.42,604.39,0.45,0.47,1.0,1.0
ring_203545.csv,20:35:26.665,20:35:45.065,231,80.0,0,vDcInst/idc_units/iq_shed,603.42,604.15,0.44,0.47,1.0,1.0
ring_203608.csv,20:35:50.197,20:36:08.597,231,80.0,0,vDcInst/idc_units/iq_shed,603.67,604.15,0.45,0.47,1.0,1.0
ring_203632.csv,20:36:13.693,20:36:32.573,237,80.0,0,vDcInst/idc_units/iq_shed,603.67,604.15,0.45,0.48,1.0,1.0
ring_203656.csv,20:36:37.720,20:36:56.040,230,80.0,0,vDcInst/idc_units/iq_shed,603.91,604.15,0.45,0.48,1.0,1.0
ring_203719.csv,20:37:01.218,20:37:19.618,231,80.0,0,vDcInst/idc_units/iq_shed,603.42,604.15,0.45,0.47,1.0,1.0
ring_203743.csv,20:37:24.652,20:37:43.052,231,80.0,0,vDcInst/idc_units/iq_shed,603.91,604.15,0.46,0.48,1.0,1.0
ring_203806.csv,20:37:48.102,20:38:06.582,232,80.0,0,vDcInst/idc_units/iq_shed,603.91,604.15,0.45,0.48,1.0,1.0
ring_203830.csv,20:38:11.712,20:38:30.032,230,80.0,0,vDcInst/idc_units/iq_shed,603.42,604.15,0.45,0.48,1.0,1.0
ring_203853.csv,20:38:35.323,20:38:53.723,231,80.0,0,vDcInst/idc_units/iq_shed,603.67,604.15,0.45,0.48,1.0,1.0
ring_203917.csv,20:38:58.772,20:39:17.172,231,80.0,0,vDcInst/idc_units/iq_shed,603.67,604.39,0.45,0.48,1.0,1.0
ring_203940.csv,20:39:22.286,20:39:40.606,230,80.0,0,vDcInst/idc_units/iq_shed,603.91,604.15,0.46,0.48,1.0,1.0
ring_204004.csv,20:39:45.865,20:40:04.265,231,80.0,0,vDcInst/idc_units/iq_shed,603.91,624.21,0.46,1.49,1.0,1.0
ring_204027.csv,20:40:09.346,20:40:27.746,231,80.0,0,vDcInst/idc_units/iq_shed,603.67,604.39,0.49,0.51,1.0,1.0
ring_204051.csv,20:40:32.828,20:40:51.228,231,80.0,0,vDcInst/idc_units/iq_shed,603.67,604.15,0.49,0.52,1.0,1.0
ring_204114.csv,20:40:56.439,20:41:14.839,231,80.0,0,vDcInst/idc_units/iq_shed,603.67,604.15,0.49,0.52,1.0,1.0
ring_204138.csv,20:41:19.856,20:41:38.176,230,80.0,0,vDcInst/idc_units/iq_shed,603.67,604.15,0.5,0.52,1.0,1.0
ring_204201.csv,20:41:43.450,20:42:01.770,230,80.0,0,vDcInst/idc_units/iq_shed,603.67,604.15,0.49,0.52,1.0,1.0
ring_204225.csv,20:42:06.932,20:42:25.412,232,80.0,0,vDcInst/idc_units/iq_shed,603.67,604.15,0.49,0.52,1.0,1.0
ring_204248.csv,20:42:30.494,20:42:48.894,231,80.0,0,vDcInst/idc_units/iq_shed,603.67,604.15,0.49,0.52,1.0,1.0
ring_204312.csv,20:42:54.039,20:43:12.439,231,80.0,0,vDcInst/idc_units/iq_shed,603.67,604.15,0.49,0.52,1.0,1.0
ring_204335.csv,20:43:17.474,20:43:35.874,231,80.0,0,vDcInst/idc_units/iq_shed,603.91,604.15,0.49,0.52,1.0,1.0
ring_204359.csv,20:43:41.020,20:43:59.340,230,80.0,0,vDcInst/idc_units/iq_shed,603.67,604.15,0.49,0.51,1.0,1.0
ring_204422.csv,20:44:04.583,20:44:22.903,230,80.0,0,vDcInst/idc_units/iq_shed,603.91,604.15,0.49,0.51,1.0,1.0
ring_204446.csv,20:44:28.016,20:44:46.496,232,80.0,0,vDcInst/idc_units/iq_shed,603.67,604.15,0.49,0.52,1.0,1.0
ring_204509.csv,20:44:51.626,20:45:09.946,230,80.0,0,vDcInst/idc_units/iq_shed,603.91,604.15,0.49,0.52,1.0,1.0
ring_204533.csv,20:45:15.124,20:45:33.444,230,80.0,0,vDcInst/idc_units/iq_shed,603.67,604.15,0.49,0.52,1.0,1.0
ring_204557.csv,20:45:38.734,20:45:57.054,230,80.0,0,vDcInst/idc_units/iq_shed,603.91,604.39,0.49,0.52,1.0,1.0
ring_204620.csv,20:46:02.152,20:46:20.552,231,80.0,0,vDcInst/idc_units/iq_shed,603.67,604.15,0.49,0.51,1.0,1.0
ring_204644.csv,20:46:25.682,20:46:44.162,232,80.0,0,vDcInst/idc_units/iq_shed,603.91,604.15,0.49,0.51,1.0,1.0
ring_204707.csv,20:46:49.196,20:47:07.596,231,80.0,0,vDcInst/idc_units/iq_shed,603.91,604.15,0.49,0.52,1.0,1.0
ring_204731.csv,20:47:12.726,20:47:31.046,230,80.0,0,vDcInst/idc_units/iq_shed,603.67,604.39,0.49,0.52,1.0,1.0
ring_204754.csv,20:47:36.241,20:47:54.641,231,80.0,0,vDcInst/idc_units/iq_shed,603.91,604.39,0.5,0.52,1.0,1.0
ring_204818.csv,20:47:59.786,20:48:18.106,230,80.0,0,vDcInst/idc_units/iq_shed,603.91,604.39,0.49,0.52,1.0,1.0
ring_204841.csv,20:48:23.333,20:48:41.733,231,80.0,0,vDcInst/idc_units/iq_shed,603.67,604.15,0.49,0.52,1.0,1.0
ring_204905.csv,20:48:46.766,20:49:05.086,230,80.0,0,vDcInst/idc_units/iq_shed,603.67,604.15,0.49,0.52,1.0,1.0
ring_204928.csv,20:49:10.314,20:49:28.634,230,80.0,0,vDcInst/idc_units/iq_shed,603.67,604.15,0.49,0.51,1.0,1.0
ring_204952.csv,20:49:33.876,20:49:52.276,231,80.0,0,vDcInst/idc_units/iq_shed,603.67,604.15,0.49,0.51,1.0,1.0
ring_205015.csv,20:49:57.421,20:50:15.661,229,80.0,0,vDcInst/idc_units/iq_shed,603.91,604.15,0.49,0.51,1.0,1.0
ring_205039.csv,20:50:20.887,20:50:39.287,231,80.0,0,vDcInst/idc_units/iq_shed,603.91,604.15,0.49,0.51,1.0,1.0
ring_205102.csv,20:50:44.417,20:51:02.737,230,80.0,0,vDcInst/idc_units/iq_shed,603.67,604.15,0.49,0.52,1.0,1.0
ring_205126.csv,20:51:07.979,20:51:26.939,238,80.0,0,vDcInst/idc_units/iq_shed,603.67,604.15,0.49,0.52,1.0,1.0
ring_205150.csv,20:51:32.293,20:51:50.693,231,80.0,0,vDcInst/idc_units/iq_shed,603.91,604.39,0.49,0.52,1.0,1.0
ring_205214.csv,20:51:55.855,20:52:14.255,231,80.0,0,vDcInst/idc_units/iq_shed,603.67,604.15,0.49,0.52,1.0,1.0
ring_205237.csv,20:52:19.210,20:52:37.610,231,80.0,0,vDcInst/idc_units/iq_shed,603.91,604.39,0.49,0.52,1.0,1.0
ring_205301.csv,20:52:42.803,20:53:01.283,232,80.0,0,vDcInst/idc_units/iq_shed,603.91,604.15,0.49,0.52,1.0,1.0
ring_205324.csv,20:53:06.300,20:53:24.700,231,80.0,0,vDcInst/idc_units/iq_shed,603.91,604.15,0.49,0.52,1.0,1.0
ring_205348.csv,20:53:29.877,20:53:48.277,231,80.0,0,vDcInst/idc_units/iq_shed,603.91,604.15,0.49,0.52,1.0,1.0
ring_205411.csv,20:53:53.392,20:54:11.712,230,80.0,0,vDcInst/idc_units/iq_shed,603.91,604.15,0.49,0.52,1.0,1.0
ring_205435.csv,20:54:16.905,20:54:35.305,231,80.0,0,vDcInst/idc_units/iq_shed,603.91,604.15,0.49,0.52,1.0,1.0
ring_205458.csv,20:54:40.435,20:54:58.835,231,80.0,0,vDcInst/idc_units/iq_shed,603.67,604.39,0.5,0.52,1.0,1.0
ring_205522.csv,20:55:03.885,20:55:22.285,231,80.0,0,vDcInst/idc_units/iq_shed,603.67,604.39,0.5,0.52,1.0,1.0
ring_205545.csv,20:55:27.479,20:55:45.879,231,80.0,0,vDcInst/idc_units/iq_shed,603.91,604.15,0.49,0.52,1.0,1.0
ring_205609.csv,20:55:51.009,20:56:09.329,230,80.0,0,vDcInst/idc_units/iq_shed,603.91,604.15,0.49,0.52,1.0,1.0
ring_205632.csv,20:56:14.524,20:56:32.844,230,80.0,0,vDcInst/idc_units/iq_shed,603.67,604.15,0.49,0.52,1.0,1.0
ring_205656.csv,20:56:38.037,20:56:56.997,238,80.0,0,vDcInst/idc_units/iq_shed,603.91,604.15,0.49,0.52,1.0,1.0
ring_205720.csv,20:57:02.559,20:57:20.799,229,80.0,0,vDcInst/idc_units/iq_shed,603.91,604.15,0.49,0.52,1.0,1.0
ring_205744.csv,20:57:25.929,20:57:44.249,230,80.0,0,vDcInst/idc_units/iq_shed,603.67,604.15,0.5,0.52,1.0,1.0
ring_205808.csv,20:57:49.348,20:58:08.308,238,80.0,0,vDcInst/idc_units/iq_shed,603.91,604.15,0.5,0.52,1.0,1.0
ring_205831.csv,20:58:13.485,20:58:31.805,230,80.0,0,vDcInst/idc_units/iq_shed,603.42,604.39,0.5,0.52,1.0,1.0
ring_205855.csv,20:58:36.823,20:58:55.223,231,80.0,0,vDcInst/idc_units/iq_shed,603.67,604.39,0.49,0.52,1.0,1.0
ring_205918.csv,20:59:00.337,20:59:18.737,231,80.0,0,vDcInst/idc_units/iq_shed,603.91,604.39,0.49,0.52,1.0,1.0
ring_205942.csv,20:59:23.980,20:59:42.380,231,80.0,0,vDcInst/idc_units/iq_shed,603.91,604.39,0.5,0.52,1.0,1.0
ring_210005.csv,20:59:47.397,21:00:05.797,231,80.0,0,vDcInst/idc_units/iq_shed,603.91,604.15,0.5,0.52,1.0,1.0
ring_210029.csv,21:00:10.864,21:00:29.264,231,80.0,0,vDcInst/idc_units/iq_shed,603.91,604.39,0.5,0.52,1.0,1.0
ring_210052.csv,21:00:34.488,21:00:52.808,230,80.0,0,vDcInst/idc_units/iq_shed,603.91,604.39,0.5,0.52,1.0,1.0
ring_210116.csv,21:00:58.018,21:01:16.418,231,80.0,0,vDcInst/idc_units/iq_shed,603.42,604.15,0.5,0.52,1.0,1.0
ring_210139.csv,21:01:21.517,21:01:39.917,231,80.0,0,vDcInst/idc_units/iq_shed,603.91,604.39,0.5,0.52,1.0,1.0
ring_210203.csv,21:01:45.014,21:02:03.414,231,80.0,0,vDcInst/idc_units/iq_shed,603.67,604.39,0.5,0.52,1.0,1.0
ring_210226.csv,21:02:08.496,21:02:26.976,232,80.0,0,vDcInst/idc_units/iq_shed,603.67,604.39,0.5,0.52,1.0,1.0
ring_210250.csv,21:02:32.106,21:02:50.426,230,80.0,0,vDcInst/idc_units/iq_shed,603.91,604.15,0.5,0.52,1.0,1.0
ring_210314.csv,21:02:55.652,21:03:14.052,231,80.0,0,vDcInst/idc_units/iq_shed,603.91,604.39,0.5,0.52,1.0,1.0
ring_210337.csv,21:03:19.102,21:03:37.502,231,80.0,0,vDcInst/idc_units/iq_shed,603.67,604.15,0.5,0.52,1.0,1.0
ring_210401.csv,21:03:42.632,21:04:01.032,231,80.0,0,vDcInst/idc_units/iq_shed,603.91,604.39,0.5,0.52,1.0,1.0
ring_210424.csv,21:04:06.082,21:04:24.562,232,80.0,0,vDcInst/idc_units/iq_shed,603.91,604.15,0.5,0.52,1.0,1.0
ring_210448.csv,21:04:29.757,21:04:48.157,231,80.0,0,vDcInst/idc_units/iq_shed,603.91,604.39,0.5,0.52,1.0,1.0
ring_210511.csv,21:04:53.206,21:05:11.606,231,80.0,0,vDcInst/idc_units/iq_shed,603.91,604.15,0.5,0.52,1.0,1.0
ring_210535.csv,21:05:16.657,21:05:35.057,231,80.0,0,vDcInst/idc_units/iq_shed,603.67,604.15,0.5,0.52,1.0,1.0
ring_210558.csv,21:05:40.347,21:05:58.747,231,80.0,0,vDcInst/idc_units/iq_shed,603.91,604.15,0.5,0.52,1.0,1.0
ring_210622.csv,21:06:03.828,21:06:22.228,231,80.0,0,vDcInst/idc_units/iq_shed,603.67,604.15,0.5,0.52,1.0,1.0
ring_210645.csv,21:06:27.230,21:06:45.630,231,80.0,0,vDcInst/idc_units/iq_shed,603.91,604.39,0.5,0.53,1.0,1.0
ring_210709.csv,21:06:50.904,21:07:09.304,231,80.0,0,vDcInst/idc_units/iq_shed,603.91,604.15,0.5,0.53,1.0,1.0
ring_210732.csv,21:07:14.338,21:07:32.738,231,80.0,0,vDcInst/idc_units/iq_shed,603.67,604.39,0.5,0.52,1.0,1.0
ring_210756.csv,21:07:37.901,21:07:56.301,231,80.0,0,vDcInst/idc_units/iq_shed,603.91,604.15,0.5,0.52,1.0,1.0
ring_210819.csv,21:08:01.382,21:08:19.782,231,80.0,0,vDcInst/idc_units/iq_shed,603.67,604.39,0.5,0.52,1.0,1.0
ring_210843.csv,21:08:24.976,21:08:43.376,231,80.0,0,vDcInst/idc_units/iq_shed,603.91,604.15,0.5,0.52,1.0,1.0
ring_210906.csv,21:08:48.362,21:09:06.682,230,80.0,0,vDcInst/idc_units/iq_shed,603.91,604.39,0.5,0.52,1.0,1.0
ring_210930.csv,21:09:11.861,21:09:30.261,231,80.0,0,vDcInst/idc_units/iq_shed,603.91,604.39,0.5,0.52,1.0,1.0
ring_210953.csv,21:09:35.454,21:09:53.854,231,80.0,0,vDcInst/idc_units/iq_shed,603.91,604.39,0.5,0.52,1.0,1.0
ring_211017.csv,21:09:58.905,21:10:17.305,231,80.0,0,vDcInst/idc_units/iq_shed,603.91,604.15,0.5,0.52,1.0,1.0
ring_211041.csv,21:10:22.627,21:10:41.027,231,80.0,0,vDcInst/idc_units/iq_shed,603.91,604.15,0.5,0.52,1.0,1.0
ring_211104.csv,21:10:46.029,21:11:04.349,230,80.0,0,vDcInst/idc_units/iq_shed,603.91,604.39,0.5,0.52,1.0,1.0
ring_211127.csv,21:11:09.511,21:11:27.831,230,80.0,0,vDcInst/idc_units/iq_shed,603.91,604.39,0.5,0.52,1.0,1.0
ring_211151.csv,21:11:33.041,21:11:51.361,230,80.0,0,vDcInst/idc_units/iq_shed,603.67,604.39,0.5,0.52,1.0,1.0
ring_211214.csv,21:11:56.571,21:12:14.971,231,80.0,0,vDcInst/idc_units/iq_shed,603.91,604.39,0.5,0.52,1.0,1.0
ring_211238.csv,21:12:20.053,21:12:38.533,232,80.0,0,vDcInst/idc_units/iq_shed,603.91,604.15,0.5,0.53,1.0,1.0
ring_211302.csv,21:12:43.663,21:13:02.063,231,80.0,0,vDcInst/idc_units/iq_shed,603.91,604.15,0.5,0.52,1.0,1.0
ring_211325.csv,21:13:07.192,21:13:25.592,231,80.0,0,vDcInst/idc_units/iq_shed,603.67,604.15,0.51,0.53,1.0,1.0
ring_211348.csv,21:13:30.595,21:13:48.995,231,80.0,0,vDcInst/idc_units/iq_shed,603.91,604.39,0.5,0.53,1.0,1.0
ring_211412.csv,21:13:54.204,21:14:12.604,231,80.0,0,vDcInst/idc_units/iq_shed,603.67,604.15,0.5,0.52,1.0,1.0
ring_211436.csv,21:14:17.718,21:14:36.118,231,80.0,0,vDcInst/idc_units/iq_shed,603.67,604.15,0.5,0.52,1.0,1.0
ring_211459.csv,21:14:41.265,21:14:59.665,231,80.0,0,vDcInst/idc_units/iq_shed,603.91,604.15,0.5,0.52,1.0,1.0
ring_211523.csv,21:15:04.666,21:15:23.066,231,80.0,0,vDcInst/idc_units/iq_shed,603.91,604.15,0.5,0.52,1.0,1.0
ring_211546.csv,21:15:28.357,21:15:46.757,231,80.0,0,vDcInst/idc_units/iq_shed,603.91,604.15,0.5,0.52,1.0,1.0
ring_211610.csv,21:15:51.822,21:16:10.222,231,80.0,0,vDcInst/idc_units/iq_shed,603.91,604.15,0.5,0.53,1.0,1.0
ring_211633.csv,21:16:15.208,21:16:33.608,231,80.0,0,vDcInst/idc_units/iq_shed,603.91,604.15,0.5,0.52,1.0,1.0
ring_211657.csv,21:16:38.867,21:16:57.187,230,80.0,0,vDcInst/idc_units/iq_shed,603.91,604.39,0.5,0.52,1.0,1.0
ring_211720.csv,21:17:02.380,21:17:20.700,230,80.0,0,vDcInst/idc_units/iq_shed,603.67,604.15,0.5,0.53,1.0,1.0
ring_211744.csv,21:17:25.863,21:17:44.263,231,80.0,0,vDcInst/idc_units/iq_shed,603.67,604.39,0.5,0.53,1.0,1.0
ring_211807.csv,21:17:49.360,21:18:07.760,231,80.0,0,vDcInst/idc_units/iq_shed,603.91,604.39,0.5,0.53,1.0,1.0
ring_211831.csv,21:18:12.826,21:18:31.226,231,80.0,0,vDcInst/idc_units/iq_shed,603.91,604.39,0.5,0.53,1.0,1.0
ring_211854.csv,21:18:36.500,21:18:54.820,230,80.0,0,vDcInst/idc_units/iq_shed,603.91,604.39,0.5,0.52,1.0,1.0
ring_211918.csv,21:18:59.918,21:19:18.318,231,80.0,0,vDcInst/idc_units/iq_shed,603.91,604.39,0.51,0.53,1.0,1.0
ring_211941.csv,21:19:23.416,21:19:41.816,231,80.0,0,vDcInst/idc_units/iq_shed,603.91,604.39,0.5,0.53,1.0,1.0
ring_212005.csv,21:19:47.090,21:20:05.490,231,80.0,0,vDcInst/idc_units/iq_shed,603.91,604.15,0.5,0.53,1.0,1.0
ring_212028.csv,21:20:10.508,21:20:28.828,230,80.0,0,vDcInst/idc_units/iq_shed,603.67,604.39,0.5,0.53,1.0,1.0
ring_212052.csv,21:20:34.022,21:20:52.342,230,80.0,0,vDcInst/idc_units/iq_shed,603.91,604.15,0.5,0.53,1.0,1.0
ring_212116.csv,21:20:57.600,21:21:16.000,231,80.0,0,vDcInst/idc_units/iq_shed,603.67,604.15,0.5,0.53,1.0,1.0
ring_212139.csv,21:21:21.162,21:21:39.482,230,80.0,0,vDcInst/idc_units/iq_shed,603.91,604.39,0.5,0.53,1.0,1.0
ring_212203.csv,21:21:44.644,21:22:03.044,231,80.0,0,vDcInst/idc_units/iq_shed,603.91,604.15,0.5,0.53,1.0,1.0
ring_212226.csv,21:22:08.190,21:22:26.510,230,80.0,0,vDcInst/idc_units/iq_shed,603.91,604.15,0.51,0.53,1.0,1.0
ring_212249.csv,21:22:31.640,21:22:49.960,230,80.0,0,vDcInst/idc_units/iq_shed,603.91,604.39,0.51,0.53,1.0,1.0
ring_212313.csv,21:22:55.233,21:23:13.553,230,80.0,0,vDcInst/idc_units/iq_shed,603.91,604.39,0.5,0.53,1.0,1.0
ring_212337.csv,21:23:18.699,21:23:37.019,230,80.0,0,vDcInst/idc_units/iq_shed,603.91,604.15,0.5,0.53,1.0,1.0
ring_212400.csv,21:23:42.180,21:24:00.580,231,80.0,0,vDcInst/idc_units/iq_shed,603.67,604.15,0.5,0.53,1.0,1.0
ring_212424.csv,21:24:05.727,21:24:24.127,231,80.0,0,vDcInst/idc_units/iq_shed,603.91,604.39,0.5,0.53,1.0,1.0
ring_212447.csv,21:24:29.240,21:24:47.640,231,80.0,0,vDcInst/idc_units/iq_shed,603.91,604.39,0.51,0.53,1.0,1.0
ring_212511.csv,21:24:52.739,21:25:11.139,231,80.0,0,vDcInst/idc_units/iq_shed,603.67,604.39,0.5,0.53,1.0,1.0
ring_212534.csv,21:25:16.284,21:25:34.604,230,80.0,0,vDcInst/idc_units/iq_shed,603.67,604.15,0.5,0.53,1.0,1.0
ring_212558.csv,21:25:39.799,21:25:58.199,231,80.0,0,vDcInst/idc_units/iq_shed,603.67,604.15,0.51,0.53,1.0,1.0
ring_212621.csv,21:26:03.345,21:26:21.665,230,80.0,0,vDcInst/idc_units/iq_shed,603.42,604.15,0.51,0.53,1.0,1.0
ring_212645.csv,21:26:26.844,21:26:45.164,230,80.0,0,vDcInst/idc_units/iq_shed,603.91,604.15,0.51,0.53,1.0,1.0
ring_212708.csv,21:26:50.357,21:27:08.677,230,80.0,0,vDcInst/idc_units/iq_shed,603.67,604.15,0.51,0.53,1.0,1.0
ring_212732.csv,21:27:13.919,21:27:32.399,232,80.0,0,vDcInst/idc_units/iq_shed,603.91,604.15,0.51,0.53,1.0,1.0
ring_212755.csv,21:27:37.321,21:27:55.641,230,80.0,0,vDcInst/idc_units/iq_shed,603.91,604.39,0.51,0.53,1.0,1.0
ring_212819.csv,21:28:00.883,21:28:19.283,231,80.0,0,vDcInst/idc_units/iq_shed,603.67,604.39,0.5,0.53,1.0,1.0
ring_212842.csv,21:28:24.397,21:28:42.797,231,80.0,0,vDcInst/idc_units/iq_shed,603.91,604.15,0.5,0.53,1.0,1.0
ring_212906.csv,21:28:47.911,21:29:06.311,231,80.0,0,vDcInst/idc_units/iq_shed,603.91,604.39,0.51,0.53,1.0,1.0
ring_212929.csv,21:29:11.473,21:29:29.873,231,80.0,0,vDcInst/idc_units/iq_shed,603.67,604.39,0.51,0.53,1.0,1.0
ring_212953.csv,21:29:34.970,21:29:53.370,231,80.0,0,vDcInst/idc_units/iq_shed,603.91,604.39,0.51,0.53,1.0,1.0
ring_213016.csv,21:29:58.452,21:30:16.852,231,80.0,0,vDcInst/idc_units/iq_shed,603.91,604.39,0.51,0.53,1.0,1.0
ring_213040.csv,21:30:21.966,21:30:40.366,231,80.0,0,vDcInst/idc_units/iq_shed,603.67,604.15,0.51,0.53,1.0,1.0
ring_213103.csv,21:30:45.416,21:31:03.816,231,80.0,0,vDcInst/idc_units/iq_shed,603.91,604.39,0.51,0.54,1.0,1.0
ring_213127.csv,21:31:09.074,21:31:27.394,230,80.0,0,vDcInst/idc_units/iq_shed,603.91,604.15,0.51,0.54,1.0,1.0
ring_213150.csv,21:31:32.540,21:31:50.860,230,80.0,0,vDcInst/idc_units/iq_shed,603.91,604.39,0.51,0.53,1.0,1.0
ring_213214.csv,21:31:56.103,21:32:14.423,230,80.0,0,vDcInst/idc_units/iq_shed,603.91,604.39,0.51,0.54,1.0,1.0
ring_213237.csv,21:32:19.536,21:32:37.936,231,80.0,0,vDcInst/idc_units/iq_shed,603.67,604.39,0.51,0.53,1.0,1.0
ring_213301.csv,21:32:43.034,21:33:01.354,230,80.0,0,vDcInst/idc_units/iq_shed,603.91,604.39,0.51,0.54,1.0,1.0
ring_213324.csv,21:33:06.563,21:33:24.883,230,80.0,0,vDcInst/idc_units/iq_shed,603.91,604.39,0.51,0.54,1.0,1.0
ring_213348.csv,21:33:30.061,21:33:48.541,232,80.0,0,vDcInst/idc_units/iq_shed,603.91,604.39,0.5,0.53,1.0,1.0
ring_213412.csv,21:33:53.687,21:34:12.007,230,80.0,0,vDcInst/idc_units/iq_shed,603.67,604.15,0.51,0.54,1.0,1.0
ring_213435.csv,21:34:17.169,21:34:35.489,230,80.0,0,vDcInst/idc_units/iq_shed,603.67,604.39,0.51,0.54,1.0,1.0
ring_213459.csv,21:34:40.731,21:34:59.051,230,80.0,0,vDcInst/idc_units/iq_shed,603.91,604.39,0.52,0.54,1.0,1.0
ring_213522.csv,21:35:04.229,21:35:22.549,230,80.0,0,vDcInst/idc_units/iq_shed,603.67,604.39,0.51,0.54,1.0,1.0
ring_213546.csv,21:35:27.775,21:35:46.175,231,80.0,0,vDcInst/idc_units/iq_shed,603.91,604.39,0.51,0.53,1.0,1.0
ring_213609.csv,21:35:51.177,21:36:09.577,231,80.0,0,vDcInst/idc_units/iq_shed,603.91,604.15,0.51,0.54,1.0,1.0
ring_213633.csv,21:36:14.867,21:36:33.267,231,80.0,0,vDcInst/idc_units/iq_shed,603.91,604.15,0.51,0.54,1.0,1.0
ring_213656.csv,21:36:38.302,21:36:56.702,231,80.0,0,vDcInst/idc_units/iq_shed,603.91,604.15,0.51,0.54,1.0,1.0
ring_213720.csv,21:37:01.799,21:37:20.199,231,80.0,0,vDcInst/idc_units/iq_shed,603.91,604.39,0.51,0.54,1.0,1.0
ring_213743.csv,21:37:25.345,21:37:43.745,231,80.0,0,vDcInst/idc_units/iq_shed,603.91,604.39,0.51,0.54,1.0,1.0
ring_213807.csv,21:37:48.859,21:38:07.179,230,80.0,0,vDcInst/idc_units/iq_shed,603.91,604.39,0.51,0.54,1.0,1.0
ring_213830.csv,21:38:12.277,21:38:30.597,230,80.0,0,vDcInst/idc_units/iq_shed,542.5,604.39,0.51,0.56,1.0,1.0
ring_102934.csv,10:29:34.857,10:29:34.908,256,0.2,0,wm_hat_hz/iq/id,0.0,0.0,0.0,0.0,0.0,0.0
ring_103000.csv,10:29:41.139,10:30:00.099,238,80.0,0,vDcInst/idc_units/iq_shed,519.78,520.26,0.16,0.18,1.0,1.0
ring_103023.csv,10:30:05.067,10:30:23.387,230,80.0,0,vDcInst/idc_units/iq_shed,519.78,520.02,0.15,0.18,1.0,1.0
ring_103046.csv,10:30:28.483,10:30:46.803,230,80.0,0,vDcInst/idc_units/iq_shed,519.53,520.02,0.15,0.17,1.0,1.0
ring_103110.csv,10:30:52.012,10:31:10.332,230,80.0,0,vDcInst/idc_units/iq_shed,519.78,520.02,0.15,0.17,1.0,1.0
ring_103133.csv,10:31:15.444,10:31:33.844,231,80.0,0,vDcInst/idc_units/iq_shed,519.53,520.02,0.14,0.17,1.0,1.0
ring_103157.csv,10:31:38.940,10:31:57.340,231,80.0,0,vDcInst/idc_units/iq_shed,519.53,520.02,0.14,0.16,1.0,1.0
ring_103220.csv,10:32:02.517,10:32:20.917,231,80.0,0,vDcInst/idc_units/iq_shed,519.53,519.78,0.13,0.16,1.0,1.0
ring_103244.csv,10:32:26.028,10:32:44.348,230,80.0,0,vDcInst/idc_units/iq_shed,519.53,519.78,0.13,0.15,1.0,1.0
ring_103307.csv,10:32:49.333,10:33:07.733,231,80.0,0,vDcInst/idc_units/iq_shed,519.29,519.78,0.13,0.15,1.0,1.0
ring_103331.csv,10:33:12.845,10:33:31.325,232,80.0,0,vDcInst/idc_units/iq_shed,519.05,519.78,0.12,0.15,1.0,1.0
ring_103354.csv,10:33:36.453,10:33:54.773,230,80.0,0,vDcInst/idc_units/iq_shed,519.29,519.78,0.12,0.14,1.0,1.0
ring_103418.csv,10:33:59.870,10:34:18.270,231,80.0,0,vDcInst/idc_units/iq_shed,519.53,520.02,0.12,0.14,1.0,1.0
ring_103441.csv,10:34:23.478,10:34:41.958,232,80.0,0,vDcInst/idc_units/iq_shed,519.78,520.26,0.11,0.14,1.0,1.0
ring_103505.csv,10:34:46.910,10:35:05.310,231,80.0,0,vDcInst/idc_units/iq_shed,520.02,520.26,0.11,0.14,1.0,1.0
