file,start,end,n,dt_ms,trip,names,ch0_min,ch0_max,ch1_min,ch1_max,ch2_min,ch2_max
ring_054336.csv,05:43:16.257,05:43:36.257,251,80.0,0,vDcInst/set_freq/iq_shed,456.68,457.89,5.0,5.0,1.0,1.0
trip_054400.csv,,,58,80.0,1,vDcInst/set_freq/iq_shed,247.56,458.37,0.1,5.0,1.0,1.0
trip_054420.csv,,,193,80.0,1,vDcInst/set_freq/iq_shed,260.13,459.82,0.1,5.0,1.0,1.0
ring_054443.csv,05:44:25.427,05:44:43.747,230,80.0,0,vDcInst/set_freq/iq_shed,460.06,461.03,5.0,5.0,1.0,1.0
trip_054507.csv,,,127,80.0,1,vDcInst/set_freq/iq_shed,201.38,461.75,0.1,5.0,1.0,1.0
ring_054529.csv,05:45:10.997,05:45:29.397,231,80.0,0,vDcInst/set_freq/iq_shed,462.24,462.96,5.0,5.0,1.0,1.0
ring_054552.csv,05:45:34.469,05:45:52.789,230,80.0,0,vDcInst/set_freq/iq_shed,462.96,463.93,5.0,5.0,1.0,1.0
ring_054616.csv,05:45:57.988,05:46:16.228,229,80.0,0,vDcInst/set_freq/iq_shed,464.17,464.9,5.0,5.0,1.0,1.0
ring_054639.csv,05:46:21.382,05:46:39.782,231,80.0,0,vDcInst/set_freq/iq_shed,277.78,465.86,5.0,5.0,0.287,1.0
ring_054703.csv,05:46:44.981,05:47:03.381,231,80.0,0,vDcInst/set_freq/iq_shed,465.86,466.83,5.0,5.0,1.0,1.0
ring_054726.csv,05:47:08.486,05:47:26.886,231,80.0,0,vDcInst/set_freq/iq_shed,466.83,467.8,5.0,5.0,1.0,1.0
ring_054750.csv,05:47:31.975,05:47:50.375,231,80.0,0,vDcInst/set_freq/iq_shed,467.8,468.52,5.0,5.0,1.0,1.0
ring_054814.csv,05:47:55.446,05:48:14.966,245,80.0,0,vDcInst/set_freq/iq_shed,468.52,469.49,5.0,5.0,1.0,1.0
ring_060733.csv,06:07:13.463,06:07:33.543,252,80.0,0,vDcInst/set_freq/iq_shed,291.56,501.16,0.1,5.0,0.519,1.0
ring_060757.csv,06:07:39.094,06:07:57.334,229,80.0,0,vDcInst/set_freq/iq_shed,295.42,300.26,0.9,0.9,0.558,0.6
ring_060820.csv,06:08:02.613,06:08:20.933,230,80.0,0,vDcInst/set_freq/iq_shed,295.91,300.74,0.9,0.9,0.566,0.606
ring_060844.csv,06:08:26.053,06:08:44.453,231,80.0,0,vDcInst/set_freq/iq_shed,296.39,301.47,0.9,1.7,0.573,0.615
ring_060907.csv,06:08:49.540,06:09:07.860,230,80.0,0,vDcInst/set_freq/iq_shed,297.12,301.95,2.1,3.1,0.579,0.618
ring_060931.csv,06:09:12.996,06:09:31.396,231,80.0,0,vDcInst/set_freq/iq_shed,297.36,302.19,3.5,5.09,0.585,0.626
ring_060954.csv,06:09:36.531,06:09:54.931,231,80.0,0,vDcInst/set_freq/iq_shed,298.08,303.16,5.69,7.69,0.592,0.634
ring_061018.csv,06:09:59.954,06:10:18.274,230,80.0,0,vDcInst/set_freq/iq_shed,298.81,304.13,8.49,10.29,0.602,0.646
ring_061041.csv,06:10:23.523,06:10:41.923,231,80.0,0,vDcInst/set_freq/iq_shed,299.53,304.85,9.89,10.09,0.611,0.655
ring_061106.csv,06:10:48.001,06:11:06.321,230,80.0,0,vDcInst/set_freq/iq_shed,300.26,306.06,9.89,10.09,0.62,0.667
ring_061130.csv,06:11:11.632,06:11:30.112,232,80.0,0,vDcInst/set_freq/iq_shed,301.47,307.75,9.89,10.29,0.635,0.689
ring_061153.csv,06:11:35.232,06:11:53.632,231,80.0,0,vDcInst/set_freq/iq_shed,266.17,308.48,9.89,10.29,0.623,0.797
ring_061217.csv,06:11:58.975,06:12:17.295,230,80.0,0,vDcInst/set_freq/iq_shed,266.41,268.35,9.89,9.89,0.627,0.676
ring_061240.csv,06:12:22.511,06:12:40.911,231,80.0,0,vDcInst/set_freq/iq_shed,266.9,268.83,9.89,9.89,0.648,0.696
ring_061304.csv,06:12:45.997,06:13:04.317,230,80.0,0,vDcInst/set_freq/iq_shed,267.14,510.1,0.1,9.89,0.272,1.0
ring_061327.csv,06:13:09.437,06:13:27.757,230,80.0,0,vDcInst/set_freq/iq_shed,309.93,317.18,3.3,10.29,0.682,0.739
ring_061351.csv,06:13:33.021,06:13:51.341,230,80.0,0,vDcInst/set_freq/iq_shed,312.35,319.6,9.89,10.09,0.712,0.764
ring_061414.csv,06:13:56.412,06:14:14.732,230,80.0,0,vDcInst/set_freq/iq_shed,313.56,320.32,9.89,10.49,0.727,0.772
ring_061438.csv,06:14:19.867,06:14:38.267,231,80.0,0,vDcInst/set_freq/iq_shed,313.07,320.08,9.89,10.49,0.722,0.772
ring_061501.csv,06:14:43.452,06:15:01.772,230,80.0,0,vDcInst/set_freq/iq_shed,311.62,319.12,9.89,10.09,0.702,0.759
ring_061525.csv,06:15:06.940,06:15:25.260,230,80.0,0,vDcInst/set_freq/iq_shed,311.14,317.67,9.89,10.49,0.697,0.745
ring_061548.csv,06:15:30.330,06:15:48.810,232,80.0,0,vDcInst/set_freq/iq_shed,311.14,317.67,9.89,10.29,0.698,0.745
ring_061612.csv,06:15:54.442,06:16:12.842,231,80.0,0,vDcInst/set_freq/iq_shed,311.86,318.63,9.89,10.29,0.706,0.754
ring_061636.csv,06:16:18.232,06:16:36.552,230,80.0,0,vDcInst/set_freq/iq_shed,312.59,320.32,9.89,10.29,0.718,0.774
ring_061700.csv,06:16:41.625,06:17:00.025,231,80.0,0,vDcInst/set_freq/iq_shed,313.8,320.32,9.89,10.49,0.733,0.776
ring_062159.csv,06:21:39.020,06:21:59.100,252,80.0,0,vDcInst/set_freq/iq_shed,513.25,513.73,5.0,5.0,1.0,1.0
trip_062222.csv,,,130,80.0,1,vDcInst/set_freq/iq_shed,225.07,514.21,0.1,5.0,0.1,1.0
trip_062244.csv,,,14,80.0,1,vDcInst/set_freq/iq_shed,238.13,507.69,0.7,1.1,0.1,1.0
trip_062305.csv,,,47,80.0,1,vDcInst/set_freq/iq_shed,204.28,514.21,0.1,5.0,0.1,1.0
ring_062325.csv,06:23:07.471,06:23:25.791,230,80.0,0,vDcInst/set_freq/iq_shed,514.46,514.94,5.0,5.0,1.0,1.0
trip_062349.csv,,,35,80.0,1,vDcInst/set_freq/iq_shed,225.56,509.86,0.1,1.1,0.1,1.0
ring_062410.csv,06:23:51.761,06:24:10.161,231,80.0,0,vDcInst/set_freq/iq_shed,514.94,515.42,5.0,5.0,1.0,1.0
ring_062433.csv,06:24:15.264,06:24:33.664,231,80.0,0,vDcInst/set_freq/iq_shed,515.18,515.91,5.0,5.0,1.0,1.0
ring_062457.csv,06:24:38.849,06:24:57.169,230,80.0,0,vDcInst/set_freq/iq_shed,421.86,516.39,0.1,5.0,1.0,1.0
ring_062520.csv,06:25:02.193,06:25:20.513,230,80.0,0,vDcInst/set_freq/iq_shed,516.87,518.81,5.0,5.0,1.0,1.0
ring_062544.csv,06:25:25.728,06:25:44.048,230,80.0,0,vDcInst/set_freq/iq_shed,516.63,518.57,5.0,5.0,1.0,1.0
ring_062607.csv,06:25:49.135,06:26:07.455,230,80.0,0,vDcInst/set_freq/iq_shed,516.63,517.84,5.0,5.0,1.0,1.0
ring_062630.csv,06:26:12.607,06:26:30.927,230,80.0,0,vDcInst/set_freq/iq_shed,517.84,518.57,5.0,5.0,1.0,1.0
ring_062654.csv,06:26:36.161,06:26:54.561,231,80.0,0,vDcInst/set_freq/iq_shed,517.6,518.81,5.0,5.0,1.0,1.0
ring_062717.csv,06:26:59.536,06:27:17.856,230,80.0,0,vDcInst/set_freq/iq_shed,517.36,517.6,5.0,5.0,1.0,1.0
ring_062741.csv,06:27:23.056,06:27:41.376,230,80.0,0,vDcInst/set_freq/iq_shed,513.25,518.57,0.1,5.0,1.0,1.0
trip_062805.csv,,,78,80.0,1,vDcInst/set_freq/iq_shed,242.24,476.26,2.3,4.69,0.1,1.0
ring_062826.csv,06:28:07.776,06:28:26.176,231,80.0,0,vDcInst/set_freq/iq_shed,519.78,521.71,5.0,5.0,1.0,1.0
ring_062849.csv,06:28:31.551,06:28:49.951,231,80.0,0,vDcInst/set_freq/iq_shed,521.71,522.92,5.0,5.0,1.0,1.0
ring_062913.csv,06:28:54.958,06:29:13.358,231,80.0,0,vDcInst/set_freq/iq_shed,520.26,521.23,5.0,5.0,1.0,1.0
ring_062936.csv,06:29:18.494,06:29:36.894,231,80.0,0,vDcInst/set_freq/iq_shed,520.26,521.23,5.0,5.0,1.0,1.0
ring_063000.csv,06:29:41.967,06:30:00.447,232,80.0,0,vDcInst/set_freq/iq_shed,520.74,524.37,5.0,5.0,1.0,1.0
ring_063024.csv,06:30:05.855,06:30:24.175,230,80.0,0,vDcInst/set_freq/iq_shed,522.68,524.13,5.0,5.0,1.0,1.0
ring_063047.csv,06:30:29.279,06:30:47.679,231,80.0,0,vDcInst/set_freq/iq_shed,522.68,523.64,5.0,5.0,1.0,1.0
ring_063111.csv,06:30:52.702,06:31:11.022,230,80.0,0,vDcInst/set_freq/iq_shed,520.02,521.95,5.0,5.0,1.0,1.0
ring_063134.csv,06:31:16.062,06:31:34.462,231,80.0,0,vDcInst/set_freq/iq_shed,520.02,520.5,5.0,5.0,1.0,1.0
ring_063757.csv,06:37:57.263,06:37:57.314,256,0.2,0,wm_hat_hz/iq/id,0.0,0.0,0.0,0.0,0.0,0.0
ring_063837.csv,06:38:17.892,06:38:37.972,252,80.0,0,vDcInst/set_freq/iq_shed,527.51,533.56,5.0,5.0,1.0,1.0
ring_063901.csv,06:38:43.596,06:39:01.996,231,80.0,0,vDcInst/set_freq/iq_shed,531.62,534.76,5.0,5.0,1.0,1.0
ring_063925.csv,06:39:07.125,06:39:25.605,232,80.0,0,vDcInst/set_freq/iq_shed,529.69,532.35,5.0,5.0,1.0,1.0
ring_063949.csv,06:39:30.942,06:39:49.902,238,80.0,0,vDcInst/set_freq/iq_shed,532.1,534.52,5.0,5.0,1.0,1.0
ring_064013.csv,06:39:55.302,06:40:13.622,230,80.0,0,vDcInst/set_freq/iq_shed,531.38,532.83,5.0,5.0,1.0,1.0
ring_064037.csv,06:40:18.606,06:40:37.086,232,80.0,0,vDcInst/set_freq/iq_shed,532.59,535.49,5.0,5.0,1.0,1.0
ring_064100.csv,06:40:42.039,06:41:00.519,232,80.0,0,vDcInst/set_freq/iq_shed,512.28,535.73,0.1,5.0,1.0,1.0
ring_064123.csv,06:41:05.568,06:41:23.968,231,80.0,0,vDcInst/set_freq/iq_shed,521.47,528.72,4.89,11.29,1.0,1.0
ring_064147.csv,06:41:29.080,06:41:47.480,231,80.0,0,vDcInst/set_freq/iq_shed,518.32,527.51,12.49,17.09,1.0,1.0
ring_064210.csv,06:41:52.544,06:42:10.864,230,80.0,0,vDcInst/set_freq/iq_shed,509.86,516.63,18.29,19.9,1.0,1.0
ring_064234.csv,06:42:16.025,06:42:34.505,232,80.0,0,vDcInst/set_freq/iq_shed,504.3,516.15,18.69,19.7,1.0,1.0
ring_064258.csv,06:42:39.826,06:42:58.226,231,80.0,0,vDcInst/set_freq/iq_shed,493.42,506.96,14.89,18.09,1.0,1.0
ring_064321.csv,06:43:03.386,06:43:21.706,230,80.0,0,vDcInst/set_freq/iq_shed,496.81,523.64,10.89,15.09,1.0,1.0
ring_064345.csv,06:43:26.771,06:43:45.171,231,80.0,0,vDcInst/set_freq/iq_shed,513.97,523.16,12.09,16.69,1.0,1.0
ring_064408.csv,06:43:50.347,06:44:08.587,229,80.0,0,vDcInst/set_freq/iq_shed,500.68,513.97,17.89,18.9,1.0,1.0
ring_064432.csv,06:44:13.621,06:44:32.021,231,80.0,0,vDcInst/set_freq/iq_shed,506.48,524.13,14.89,17.69,1.0,1.0
ring_064455.csv,06:44:37.086,06:44:55.406,230,80.0,0,vDcInst/set_freq/iq_shed,507.45,517.6,16.49,19.1,1.0,1.0
ring_064518.csv,06:45:00.615,06:45:18.935,230,80.0,0,vDcInst/set_freq/iq_shed,490.28,512.76,17.29,18.29,1.0,1.0
ring_064542.csv,06:45:24.191,06:45:42.671,232,80.0,0,vDcInst/set_freq/iq_shed,500.92,513.73,13.29,15.89,1.0,1.0
ring_064606.csv,06:45:48.040,06:46:06.440,231,80.0,0,vDcInst/set_freq/iq_shed,514.21,522.43,11.29,13.49,1.0,1.0
ring_064629.csv,06:46:11.473,06:46:29.873,231,80.0,0,vDcInst/set_freq/iq_shed,502.85,513.73,14.29,18.49,1.0,1.0
ring_064654.csv,06:46:34.984,06:46:54.424,244,80.0,0,vDcInst/set_freq/iq_shed,512.28,521.71,15.49,18.49,1.0,1.0
ring_064718.csv,06:47:00.032,06:47:18.432,231,80.0,0,vDcInst/set_freq/iq_shed,508.65,514.7,19.7,20.5,1.0,1.0
ring_064742.csv,06:47:23.545,06:47:42.025,232,80.0,0,vDcInst/set_freq/iq_shed,501.4,513.97,19.7,22.7,1.0,1.0
ring_064805.csv,06:47:47.474,06:48:05.874,231,80.0,0,vDcInst/set_freq/iq_shed,507.2,517.84,19.5,21.5,1.0,1.0
ring_064829.csv,06:48:10.938,06:48:29.898,238,80.0,0,vDcInst/set_freq/iq_shed,493.67,508.41,15.69,19.5,1.0,1.0
ring_064853.csv,06:48:35.299,06:48:53.699,231,80.0,0,vDcInst/set_freq/iq_shed,501.64,510.1,14.29,15.09,1.0,1.0
ring_064917.csv,06:48:59.004,06:49:17.324,230,80.0,0,vDcInst/set_freq/iq_shed,503.82,509.86,13.09,15.09,1.0,1.0
ring_064941.csv,06:49:22.612,06:49:41.012,231,80.0,0,vDcInst/set_freq/iq_shed,504.3,509.86,14.29,15.49,1.0,1.0
ring_065004.csv,06:49:46.044,06:50:04.524,232,80.0,0,vDcInst/set_freq/iq_shed,504.3,510.35,13.69,14.89,1.0,1.0
ring_065028.csv,06:50:09.909,06:50:28.309,231,80.0,0,vDcInst/set_freq/iq_shed,503.82,511.07,13.49,15.29,1.0,1.0
ring_065051.csv,06:50:33.374,06:50:51.854,232,80.0,0,vDcInst/set_freq/iq_shed,504.54,510.35,13.89,15.29,1.0,1.0
ring_065116.csv,06:50:58.023,06:51:16.423,231,80.0,0,vDcInst/set_freq/iq_shed,514.46,523.4,11.49,13.09,1.0,1.0
ring_065139.csv,06:51:21.518,06:51:39.838,230,80.0,0,vDcInst/set_freq/iq_shed,505.27,515.67,12.89,16.29,1.0,1.0
ring_065203.csv,06:51:45.063,06:52:03.543,232,80.0,0,vDcInst/set_freq/iq_shed,505.75,511.56,14.69,16.09,1.0,1.0
ring_065227.csv,06:52:08.687,06:52:27.007,230,80.0,0,vDcInst/set_freq/iq_shed,512.52,522.68,13.89,16.09,1.0,1.0
ring_065250.csv,06:52:32.088,06:52:50.408,230,80.0,0,vDcInst/set_freq/iq_shed,508.17,519.05,13.29,16.09,1.0,1.0
ring_065314.csv,06:52:55.537,06:53:14.017,232,80.0,0,vDcInst/set_freq/iq_shed,514.7,524.61,11.89,14.69,1.0,1.0
ring_065337.csv,06:53:19.497,06:53:37.897,231,80.0,0,vDcInst/set_freq/iq_shed,513.73,528.96,14.09,16.49,1.0,1.0
ring_065403.csv,06:53:43.362,06:54:03.362,251,80.0,0,vDcInst/set_freq/iq_shed,506.48,521.71,17.09,21.3,1.0,1.0
ring_065427.csv,06:54:08.858,06:54:27.258,231,80.0,0,vDcInst/set_freq/iq_shed,487.86,508.41,18.9,21.3,1.0,1.0
ring_065450.csv,06:54:32.355,06:54:50.675,230,80.0,0,vDcInst/set_freq/iq_shed,511.07,523.64,15.29,17.69,1.0,1.0
ring_065515.csv,06:54:55.787,06:55:15.227,244,80.0,0,vDcInst/set_freq/iq_shed,505.75,515.18,16.09,17.49,1.0,1.0
ring_065539.csv,06:55:20.803,06:55:39.203,231,80.0,0,vDcInst/set_freq/iq_shed,507.69,515.91,15.69,17.09,1.0,1.0
ring_065602.csv,06:55:44.364,06:56:02.764,231,80.0,0,vDcInst/set_freq/iq_shed,511.07,524.61,14.09,16.29,1.0,1.0
ring_065626.csv,06:56:07.798,06:56:26.278,232,80.0,0,vDcInst/set_freq/iq_shed,514.7,527.03,14.09,16.29,1.0,1.0
ring_065649.csv,06:56:31.390,06:56:49.630,229,80.0,0,vDcInst/set_freq/iq_shed,508.65,514.46,16.09,17.29,1.0,1.0
ring_065714.csv,06:56:54.853,06:57:14.613,248,80.0,0,vDcInst/set_freq/iq_shed,503.82,509.62,17.29,20.5,1.0,1.0
ring_065738.csv,06:57:20.333,06:57:38.733,231,80.0,0,vDcInst/set_freq/iq_shed,510.35,521.71,17.29,20.9,1.0,1.0
ring_065802.csv,06:57:43.846,06:58:02.166,230,80.0,0,vDcInst/set_freq/iq_shed,503.58,511.31,22.1,25.7,1.0,1.0
ring_065825.csv,06:58:07.311,06:58:25.791,232,80.0,0,vDcInst/set_freq/iq_shed,492.7,514.46,22.1,24.9,1.0,1.0
ring_065849.csv,06:58:30.888,06:58:49.288,231,80.0,0,vDcInst/set_freq/iq_shed,510.59,520.26,20.9,23.9,1.0,1.0
ring_065913.csv,06:58:54.768,06:59:13.168,231,80.0,0,vDcInst/set_freq/iq_shed,499.47,517.84,23.7,26.5,1.0,1.0
ring_065936.csv,06:59:18.249,06:59:36.729,232,80.0,0,vDcInst/set_freq/iq_shed,502.61,516.15,25.3,25.7,1.0,1.0
ring_070000.csv,06:59:42.145,07:00:00.545,231,80.0,0,vDcInst/set_freq/iq_shed,508.17,521.95,22.9,24.1,1.0,1.0
ring_070024.csv,07:00:06.186,07:00:24.586,231,80.0,0,vDcInst/set_freq/iq_shed,515.18,531.38,20.1,22.7,1.0,1.0
ring_070048.csv,07:00:29.779,07:00:48.259,232,80.0,0,vDcInst/set_freq/iq_shed,500.68,523.16,22.7,23.3,1.0,1.0
trip_070111.csv,,,133,80.0,1,vDcInst/set_freq/iq_shed,203.07,498.5,20.3,22.9,0.1,1.0
ring_070133.csv,07:01:15.379,07:01:33.859,232,80.0,0,vDcInst/set_freq/iq_shed,522.68,529.69,2.5,9.89,1.0,1.0
ring_070158.csv,07:01:39.164,07:01:58.604,244,80.0,0,vDcInst/set_freq/iq_shed,527.51,536.46,9.89,11.49,1.0,1.0
ring_070222.csv,07:02:04.165,07:02:22.565,231,80.0,0,vDcInst/set_freq/iq_shed,525.82,539.84,9.89,10.89,1.0,1.0
ring_070246.csv,07:02:27.758,07:02:46.158,231,80.0,0,vDcInst/set_freq/iq_shed,526.54,538.39,11.49,15.49,1.0,1.0
ring_070309.csv,07:02:51.255,07:03:09.735,232,80.0,0,vDcInst/set_freq/iq_shed,510.35,524.61,16.49,19.7,1.0,1.0
ring_070333.csv,07:03:15.215,07:03:33.695,232,80.0,0,vDcInst/set_freq/iq_shed,494.15,508.65,17.49,19.7,1.0,1.0
ring_070357.csv,07:03:39.064,07:03:57.464,231,80.0,0,vDcInst/set_freq/iq_shed,505.75,517.12,16.09,19.3,1.0,1.0
ring_070420.csv,07:04:02.593,07:04:20.993,231,80.0,0,vDcInst/set_freq/iq_shed,508.17,514.46,17.69,21.5,1.0,1.0
ring_070444.csv,07:04:26.041,07:04:44.521,232,80.0,0,vDcInst/set_freq/iq_shed,505.27,516.15,20.1,21.9,1.0,1.0
ring_070509.csv,07:04:50.977,07:05:09.377,231,80.0,0,vDcInst/set_freq/iq_shed,498.02,520.5,16.69,20.1,1.0,1.0
ring_070533.csv,07:05:14.666,07:05:33.066,231,80.0,0,vDcInst/set_freq/iq_shed,523.64,532.83,15.29,18.29,1.0,1.0
ring_070556.csv,07:05:38.179,07:05:56.579,231,80.0,0,vDcInst/set_freq/iq_shed,513.49,531.86,16.29,19.5,1.0,1.0
ring_070620.csv,07:06:01.644,07:06:20.044,231,80.0,0,vDcInst/set_freq/iq_shed,506.0,512.52,15.69,17.09,1.0,1.0
ring_070643.csv,07:06:25.108,07:06:43.588,232,80.0,0,vDcInst/set_freq/iq_shed,505.03,510.1,16.29,17.49,1.0,1.0
ring_070707.csv,07:06:49.068,07:07:07.468,231,80.0,0,vDcInst/set_freq/iq_shed,502.61,510.35,16.89,18.69,1.0,1.0
ring_070730.csv,07:07:12.500,07:07:30.900,231,80.0,0,vDcInst/set_freq/iq_shed,504.3,521.47,15.29,18.09,1.0,1.0
ring_070754.csv,07:07:35.966,07:07:54.446,232,80.0,0,vDcInst/set_freq/iq_shed,523.89,532.35,14.49,17.09,1.0,1.0
ring_070817.csv,07:07:59.494,07:08:17.974,232,80.0,0,vDcInst/set_freq/iq_shed,513.97,524.85,17.69,18.69,1.0,1.0
ring_070841.csv,07:08:23.471,07:08:41.871,231,80.0,0,vDcInst/set_freq/iq_shed,528.24,535.25,15.29,18.69,1.0,1.0
ring_070906.csv,07:08:47.319,07:09:06.359,239,80.0,0,vDcInst/set_freq/iq_shed,524.61,535.01,20.1,24.1,1.0,1.0
ring_070930.csv,07:09:11.696,07:09:30.096,231,80.0,0,vDcInst/set_freq/iq_shed,518.08,524.37,21.9,25.5,1.0,1.0
ring_070953.csv,07:09:35.465,07:09:53.945,232,80.0,0,vDcInst/set_freq/iq_shed,499.47,517.84,24.5,26.7,1.0,1.0
ring_071017.csv,07:09:59.106,07:10:17.426,230,80.0,0,vDcInst/set_freq/iq_shed,509.14,529.69,21.5,23.7,1.0,1.0
ring_071040.csv,07:10:22.490,07:10:40.970,232,80.0,0,vDcInst/set_freq/iq_shed,500.68,520.26,21.5,23.3,1.0,1.0
ring_071104.csv,07:10:46.498,07:11:04.978,232,80.0,0,vDcInst/set_freq/iq_shed,511.8,520.5,18.69,20.3,1.0,1.0
ring_071128.csv,07:11:10.315,07:11:28.715,231,80.0,0,vDcInst/set_freq/iq_shed,520.98,532.1,16.29,19.3,1.0,1.0
ring_071152.csv,07:11:33.796,07:11:52.196,231,80.0,0,vDcInst/set_freq/iq_shed,505.75,518.81,15.89,20.3,1.0,1.0
ring_071215.csv,07:11:57.309,07:12:15.789,232,80.0,0,vDcInst/set_freq/iq_shed,505.03,511.8,19.1,20.3,1.0,1.0
ring_071239.csv,07:12:21.237,07:12:39.557,230,80.0,0,vDcInst/set_freq/iq_shed,501.4,510.35,20.5,23.7,1.0,1.0
ring_071303.csv,07:12:44.718,07:13:03.278,233,80.0,0,vDcInst/set_freq/iq_shed,491.97,511.8,19.7,22.7,1.0,1.0
ring_071327.csv,07:13:08.630,07:13:27.030,231,80.0,0,vDcInst/set_freq/iq_shed,503.82,536.7,19.1,21.9,1.0,1.0
ring_071351.csv,07:13:32.655,07:13:51.055,231,80.0,0,vDcInst/set_freq/iq_shed,518.08,529.2,20.5,24.3,1.0,1.0
ring_071414.csv,07:13:56.375,07:14:14.855,232,80.0,0,vDcInst/set_freq/iq_shed,514.7,534.28,22.7,25.3,1.0,1.0
ring_071438.csv,07:14:19.967,07:14:38.367,231,80.0,0,vDcInst/set_freq/iq_shed,523.4,530.41,24.3,26.7,1.0,1.0
ring_071502.csv,07:14:43.801,07:15:02.201,231,80.0,0,vDcInst/set_freq/iq_shed,506.48,518.32,27.7,28.9,1.0,1.0
ring_071526.csv,07:15:07.265,07:15:26.305,239,80.0,0,vDcInst/set_freq/iq_shed,510.35,516.15,28.1,28.7,1.0,1.0
ring_071550.csv,07:15:31.690,07:15:50.090,231,80.0,0,vDcInst/set_freq/iq_shed,509.38,515.91,28.3,28.9,1.0,1.0
ring_071614.csv,07:15:55.505,07:16:14.465,238,80.0,0,vDcInst/set_freq/iq_shed,509.38,515.42,28.3,28.9,1.0,1.0
ring_071638.csv,07:16:19.963,07:16:38.363,231,80.0,0,vDcInst/set_freq/iq_shed,291.07,524.85,25.9,28.7,0.275,1.0
ring_071702.csv,07:16:43.762,07:17:02.082,230,80.0,0,vDcInst/set_freq/iq_shed,508.17,523.89,26.9,28.5,1.0,1.0
ring_071725.csv,07:17:07.242,07:17:25.722,232,80.0,0,vDcInst/set_freq/iq_shed,501.64,513.01,27.7,28.3,1.0,1.0
ring_071749.csv,07:17:31.139,07:17:49.539,231,80.0,0,vDcInst/set_freq/iq_shed,491.97,519.05,26.3,27.5,1.0,1.0
ring_071813.csv,07:17:54.651,07:18:13.051,231,80.0,0,vDcInst/set_freq/iq_shed,289.62,522.68,24.3,27.3,0.243,1.0
ring_071836.csv,07:18:18.117,07:18:36.597,232,80.0,0,vDcInst/set_freq/iq_shed,497.78,518.81,26.5,27.7,1.0,1.0
ring_071900.csv,07:18:42.125,07:19:00.525,231,80.0,0,vDcInst/set_freq/iq_shed,504.79,514.7,25.3,26.9,1.0,1.0
ring_071924.csv,07:19:05.942,07:19:24.422,232,80.0,0,vDcInst/set_freq/iq_shed,491.73,511.56,20.9,24.5,1.0,1.0
ring_071948.csv,07:19:29.871,07:19:48.191,230,80.0,0,vDcInst/set_freq/iq_shed,502.61,515.91,19.7,21.7,1.0,1.0
ring_072011.csv,07:19:53.367,07:20:11.687,230,80.0,0,vDcInst/set_freq/iq_shed,522.68,532.83,17.29,18.49,1.0,1.0
ring_072035.csv,07:20:16.895,07:20:35.375,232,80.0,0,vDcInst/set_freq/iq_shed,517.12,523.64,18.29,22.9,1.0,1.0
ring_072059.csv,07:20:40.760,07:20:59.160,231,80.0,0,vDcInst/set_freq/iq_shed,520.74,530.9,22.3,23.5,1.0,1.0
ring_072122.csv,07:21:04.225,07:21:22.625,231,80.0,0,vDcInst/set_freq/iq_shed,521.95,539.6,20.5,22.9,1.0,1.0
ring_072146.csv,07:21:27.706,07:21:46.186,232,80.0,0,vDcInst/set_freq/iq_shed,498.26,537.42,21.7,24.7,1.0,1.0
ring_072209.csv,07:21:51.282,07:22:09.682,231,80.0,0,vDcInst/set_freq/iq_shed,503.82,523.64,19.5,21.5,1.0,1.0
ring_072233.csv,07:22:14.811,07:22:33.211,231,80.0,0,vDcInst/set_freq/iq_shed,511.8,528.96,18.9,21.5,1.0,1.0
ring_072257.csv,07:22:39.220,07:22:57.620,231,80.0,0,vDcInst/set_freq/iq_shed,539.36,543.47,18.29,22.1,1.0,1.0
ring_072321.csv,07:23:03.499,07:23:21.899,231,80.0,0,vDcInst/set_freq/iq_shed,519.78,539.12,23.5,28.1,1.0,1.0
ring_072345.csv,07:23:27.268,07:23:45.748,232,80.0,0,vDcInst/set_freq/iq_shed,503.58,514.46,29.3,30.5,1.0,1.0
ring_072409.csv,07:23:51.181,07:24:09.661,232,80.0,0,vDcInst/set_freq/iq_shed,285.51,523.4,21.5,28.9,0.203,1.0
ring_072433.csv,07:24:15.094,07:24:33.494,231,80.0,0,vDcInst/set_freq/iq_shed,344.5,522.68,18.69,25.1,0.272,1.0
ring_072457.csv,07:24:38.543,07:24:57.023,232,80.0,0,vDcInst/set_freq/iq_shed,504.3,514.46,20.1,22.3,1.0,1.0
ring_072520.csv,07:25:02.167,07:25:20.567,231,80.0,0,vDcInst/set_freq/iq_shed,498.5,539.36,20.1,22.7,1.0,1.0
ring_072544.csv,07:25:25.936,07:25:44.416,232,80.0,0,vDcInst/set_freq/iq_shed,521.95,532.1,19.5,21.5,1.0,1.0
ring_072607.csv,07:25:49.559,07:26:07.879,230,80.0,0,vDcInst/set_freq/iq_shed,520.74,535.01,17.09,19.9,1.0,1.0
ring_072631.csv,07:26:12.993,07:26:31.393,231,80.0,0,vDcInst/set_freq/iq_shed,520.02,532.83,14.89,17.49,1.0,1.0
ring_072654.csv,07:26:36.457,07:26:54.937,232,80.0,0,vDcInst/set_freq/iq_shed,516.15,527.51,15.49,19.7,1.0,1.0
ring_072718.csv,07:27:00.417,07:27:18.897,232,80.0,0,vDcInst/set_freq/iq_shed,511.56,519.78,20.1,22.3,1.0,1.0
ring_072742.csv,07:27:24.266,07:27:42.666,231,80.0,0,vDcInst/set_freq/iq_shed,509.86,534.52,20.9,23.7,1.0,1.0
ring_072807.csv,07:27:47.746,07:28:07.266,245,80.0,0,vDcInst/set_freq/iq_shed,534.76,539.84,21.9,26.7,1.0,1.0
ring_072831.csv,07:28:12.763,07:28:31.243,232,80.0,0,vDcInst/set_freq/iq_shed,505.27,526.3,28.1,31.1,1.0,1.0
ring_072855.csv,07:28:36.467,07:28:55.427,238,80.0,0,vDcInst/set_freq/iq_shed,500.43,511.07,29.9,31.1,1.0,1.0
ring_072919.csv,07:29:00.796,07:29:19.196,231,80.0,0,vDcInst/set_freq/iq_shed,495.84,517.6,30.1,31.9,1.0,1.0
ring_072943.csv,07:29:24.613,07:29:43.013,231,80.0,0,vDcInst/set_freq/iq_shed,504.3,512.28,31.3,31.9,1.0,1.0
ring_073006.csv,07:29:48.124,07:30:06.524,231,80.0,0,vDcInst/set_freq/iq_shed,505.75,513.01,31.3,31.9,1.0,1.0
ring_073030.csv,07:30:12.133,07:30:30.453,230,80.0,0,vDcInst/set_freq/iq_shed,504.54,512.04,31.5,32.1,1.0,1.0
ring_073053.csv,07:30:35.327,07:30:53.567,229,80.0,0,vDcInst/set_freq/iq_shed,505.27,511.8,31.5,32.1,1.0,1.0
ring_073116.csv,07:30:58.631,07:31:16.951,230,80.0,0,vDcInst/set_freq/iq_shed,504.54,511.8,31.5,32.1,1.0,1.0
ring_073140.csv,07:31:22.161,07:31:40.481,230,80.0,0,vDcInst/set_freq/iq_shed,503.58,512.04,31.7,32.3,1.0,1.0
ring_073203.csv,07:31:45.594,07:32:03.914,230,80.0,0,vDcInst/set_freq/iq_shed,503.09,510.35,31.9,32.5,1.0,1.0
ring_073227.csv,07:32:08.978,07:32:27.458,232,80.0,0,vDcInst/set_freq/iq_shed,503.09,511.56,31.9,32.5,1.0,1.0
ring_073250.csv,07:32:32.650,07:32:50.970,230,80.0,0,vDcInst/set_freq/iq_shed,503.82,510.1,32.1,32.5,1.0,1.0
ring_073314.csv,07:32:56.116,07:33:14.516,231,80.0,0,vDcInst/set_freq/iq_shed,502.85,510.59,32.1,32.7,1.0,1.0
ring_073338.csv,07:33:19.581,07:33:38.541,238,80.0,0,vDcInst/set_freq/iq_shed,503.34,510.83,32.1,32.7,1.0,1.0
ring_073402.csv,07:33:44.004,07:34:02.324,230,80.0,0,vDcInst/set_freq/iq_shed,503.34,509.62,32.3,32.7,1.0,1.0
ring_073425.csv,07:34:07.343,07:34:25.743,231,80.0,0,vDcInst/set_freq/iq_shed,502.61,510.1,32.3,32.9,1.0,1.0
ring_073449.csv,07:34:31.479,07:34:49.879,231,80.0,0,vDcInst/set_freq/iq_shed,502.85,510.35,32.3,32.9,1.0,1.0
ring_073514.csv,07:34:56.271,07:35:14.671,231,80.0,0,vDcInst/set_freq/iq_shed,501.64,509.14,32.5,33.1,1.0,1.0
ring_073538.csv,07:35:19.896,07:35:38.296,231,80.0,0,vDcInst/set_freq/iq_shed,502.13,509.86,32.5,33.1,1.0,1.0
ring_073602.csv,07:35:43.457,07:36:02.897,244,80.0,0,vDcInst/set_freq/iq_shed,501.4,509.14,32.7,33.3,1.0,1.0
ring_073626.csv,07:36:08.409,07:36:26.889,232,80.0,0,vDcInst/set_freq/iq_shed,500.43,508.65,32.9,33.5,1.0,1.0
ring_073651.csv,07:36:33.117,07:36:51.517,231,80.0,0,vDcInst/set_freq/iq_shed,500.68,508.9,32.9,33.5,1.0,1.0
ring_073715.csv,07:36:56.839,07:37:15.159,230,80.0,0,vDcInst/set_freq/iq_shed,501.64,507.2,33.1,33.5,1.0,1.0
ring_073738.csv,07:37:20.240,07:37:38.720,232,80.0,0,vDcInst/set_freq/iq_shed,500.92,507.45,32.7,33.3,1.0,1.0
ring_073802.csv,07:37:43.784,07:38:02.184,231,80.0,0,vDcInst/set_freq/iq_shed,500.68,506.48,32.7,33.3,1.0,1.0
ring_073826.csv,07:38:07.216,07:38:26.656,244,80.0,0,vDcInst/set_freq/iq_shed,499.47,507.45,32.7,33.5,1.0,1.0
ring_073850.csv,07:38:32.297,07:38:50.697,231,80.0,0,vDcInst/set_freq/iq_shed,498.74,508.41,32.5,33.3,1.0,1.0
ring_073914.csv,07:38:55.825,07:39:14.225,231,80.0,0,vDcInst/set_freq/iq_shed,499.71,507.69,32.7,33.5,1.0,1.0
ring_073937.csv,07:39:19.354,07:39:37.754,231,80.0,0,vDcInst/set_freq/iq_shed,499.23,506.48,32.5,33.1,1.0,1.0
ring_074001.csv,07:39:42.932,07:40:01.172,229,80.0,0,vDcInst/set_freq/iq_shed,494.63,505.27,31.7,32.9,1.0,1.0
ring_074024.csv,07:40:06.395,07:40:24.795,231,80.0,0,vDcInst/set_freq/iq_shed,498.02,509.86,31.7,33.3,1.0,1.0
ring_074048.csv,07:40:29.861,07:40:48.261,231,80.0,0,vDcInst/set_freq/iq_shed,498.26,509.38,32.3,33.7,1.0,1.0
ring_074112.csv,07:40:53.954,07:41:12.354,231,80.0,0,vDcInst/set_freq/iq_shed,498.74,507.93,32.9,33.9,1.0,1.0
ring_074136.csv,07:41:18.249,07:41:36.729,232,80.0,0,vDcInst/set_freq/iq_shed,499.47,507.45,33.3,33.9,1.0,1.0
ring_074200.csv,07:41:41.955,07:42:00.275,230,80.0,0,vDcInst/set_freq/iq_shed,498.26,506.48,33.5,34.1,1.0,1.0
ring_074223.csv,07:42:05.516,07:42:23.916,231,80.0,0,vDcInst/set_freq/iq_shed,497.53,506.96,33.5,34.3,1.0,1.0
ring_074247.csv,07:42:29.043,07:42:47.443,231,80.0,0,vDcInst/set_freq/iq_shed,499.71,505.27,33.7,34.1,1.0,1.0
ring_074310.csv,07:42:52.475,07:43:10.795,230,80.0,0,vDcInst/set_freq/iq_shed,497.53,506.0,33.7,34.3,1.0,1.0
ring_074334.csv,07:43:15.973,07:43:34.293,230,80.0,0,vDcInst/set_freq/iq_shed,498.26,506.48,33.7,34.3,1.0,1.0
ring_074358.csv,07:43:40.446,07:43:58.926,232,80.0,0,vDcInst/set_freq/iq_shed,497.29,506.24,33.7,34.5,1.0,1.0
ring_074422.csv,07:44:04.118,07:44:22.518,231,80.0,0,vDcInst/set_freq/iq_shed,498.5,505.51,33.9,34.5,1.0,1.0
ring_074446.csv,07:44:27.679,07:44:46.159,232,80.0,0,vDcInst/set_freq/iq_shed,498.98,505.75,33.9,34.5,1.0,1.0
ring_074509.csv,07:44:51.607,07:45:09.927,230,80.0,0,vDcInst/set_freq/iq_shed,498.74,505.27,33.9,34.3,1.0,1.0
ring_074533.csv,07:45:15.104,07:45:33.424,230,80.0,0,vDcInst/set_freq/iq_shed,334.83,512.52,29.9,34.1,0.419,1.0
ring_074557.csv,07:45:38.602,07:45:57.082,232,80.0,0,vDcInst/set_freq/iq_shed,492.21,509.86,32.5,33.1,1.0,1.0
ring_074620.csv,07:46:02.483,07:46:20.803,230,80.0,0,vDcInst/set_freq/iq_shed,492.94,517.36,31.3,33.1,1.0,1.0
ring_074644.csv,07:46:26.010,07:46:44.330,230,80.0,0,vDcInst/set_freq/iq_shed,497.78,518.57,31.1,32.7,1.0,1.0
ring_074707.csv,07:46:49.412,07:47:07.812,231,80.0,0,vDcInst/set_freq/iq_shed,493.42,509.14,32.9,34.7,1.0,1.0
ring_074732.csv,07:47:13.996,07:47:32.396,231,80.0,0,vDcInst/set_freq/iq_shed,493.67,504.79,34.1,35.1,1.0,1.0
ring_074756.csv,07:47:37.635,07:47:56.115,232,80.0,0,vDcInst/set_freq/iq_shed,496.32,505.75,34.1,34.9,1.0,1.0
ring_074819.csv,07:48:01.165,07:48:19.565,231,80.0,0,vDcInst/set_freq/iq_shed,496.57,504.79,34.3,35.1,1.0,1.0
ring_074842.csv,07:48:24.678,07:48:42.998,230,80.0,0,vDcInst/set_freq/iq_shed,497.78,504.06,34.3,34.9,1.0,1.0
ring_074906.csv,07:48:48.079,07:49:06.559,232,80.0,0,vDcInst/set_freq/iq_shed,495.36,505.51,34.3,35.3,1.0,1.0
ring_074930.csv,07:49:11.688,07:49:30.088,231,80.0,0,vDcInst/set_freq/iq_shed,496.32,504.54,34.7,35.5,1.0,1.0
ring_074954.csv,07:49:36.159,07:49:54.479,230,80.0,0,vDcInst/set_freq/iq_shed,496.08,504.79,34.9,35.7,1.0,1.0
ring_075018.csv,07:49:59.865,07:50:18.345,232,80.0,0,vDcInst/set_freq/iq_shed,496.81,504.06,35.1,35.7,1.0,1.0
ring_075042.csv,07:50:23.409,07:50:42.769,243,80.0,0,vDcInst/set_freq/iq_shed,496.32,504.3,35.1,35.7,1.0,1.0
ring_075106.csv,07:50:48.458,07:51:06.938,232,80.0,0,vDcInst/set_freq/iq_shed,496.57,502.37,35.3,35.7,1.0,1.0
ring_075130.csv,07:51:12.098,07:51:30.418,230,80.0,0,vDcInst/set_freq/iq_shed,495.12,502.85,35.3,35.9,1.0,1.0
ring_075154.csv,07:51:36.459,07:51:54.779,230,80.0,0,vDcInst/set_freq/iq_shed,492.46,502.61,35.3,35.9,1.0,1.0
ring_075218.csv,07:51:59.876,07:52:18.276,231,80.0,0,vDcInst/set_freq/iq_shed,495.36,503.34,35.1,35.7,1.0,1.0
ring_075241.csv,07:52:23.309,07:52:41.709,231,80.0,0,vDcInst/set_freq/iq_shed,494.87,502.85,35.3,35.9,1.0,1.0
ring_075305.csv,07:52:46.805,07:53:05.125,230,80.0,0,vDcInst/set_freq/iq_shed,496.08,502.37,35.3,35.9,1.0,1.0
ring_075328.csv,07:53:10.301,07:53:28.701,231,80.0,0,vDcInst/set_freq/iq_shed,494.63,502.37,35.3,35.9,1.0,1.0
ring_075352.csv,07:53:33.878,07:53:52.198,230,80.0,0,vDcInst/set_freq/iq_shed,494.63,501.89,35.3,35.9,1.0,1.0
ring_075415.csv,07:53:57.391,07:54:15.791,231,80.0,0,vDcInst/set_freq/iq_shed,493.67,502.85,35.3,35.9,1.0,1.0
ring_075439.csv,07:54:20.889,07:54:39.209,230,80.0,0,vDcInst/set_freq/iq_shed,493.67,502.37,35.5,36.1,1.0,1.0
ring_075502.csv,07:54:44.418,07:55:02.738,230,80.0,0,vDcInst/set_freq/iq_shed,494.15,501.89,35.5,36.1,1.0,1.0
ring_075526.csv,07:55:07.818,07:55:26.218,231,80.0,0,vDcInst/set_freq/iq_shed,323.23,506.96,26.7,35.9,0.344,1.0
ring_075549.csv,07:55:31.379,07:55:49.699,230,80.0,0,vDcInst/set_freq/iq_shed,299.05,506.24,23.3,30.1,0.198,1.0
ring_075613.csv,07:55:54.923,07:56:13.243,230,80.0,0,vDcInst/set_freq/iq_shed,298.08,505.75,22.5,29.7,0.19,1.0
ring_075636.csv,07:56:18.436,07:56:36.836,231,80.0,0,vDcInst/set_freq/iq_shed,296.87,504.3,22.7,28.3,0.188,1.0
ring_075700.csv,07:56:41.899,07:57:00.219,230,80.0,0,vDcInst/set_freq/iq_shed,297.84,505.03,22.7,28.3,0.192,1.0
ring_075723.csv,07:57:05.301,07:57:23.781,232,80.0,0,vDcInst/set_freq/iq_shed,315.01,520.5,26.3,33.5,0.271,1.0
ring_075747.csv,07:57:28.829,07:57:47.149,230,80.0,0,vDcInst/set_freq/iq_shed,494.39,509.62,34.7,36.3,1.0,1.0
ring_075810.csv,07:57:52.405,07:58:10.725,230,80.0,0,vDcInst/set_freq/iq_shed,495.36,503.82,35.7,36.3,1.0,1.0
ring_075834.csv,07:58:15.904,07:58:34.304,231,80.0,0,vDcInst/set_freq/iq_shed,489.8,506.96,34.9,36.1,1.0,1.0
ring_075857.csv,07:58:39.337,07:58:57.657,230,80.0,0,vDcInst/set_freq/iq_shed,492.94,502.85,35.7,36.7,1.0,1.0
ring_075921.csv,07:59:02.865,07:59:21.185,230,80.0,0,vDcInst/set_freq/iq_shed,492.94,502.37,36.3,36.9,1.0,1.0
ring_075944.csv,07:59:26.378,07:59:44.698,230,80.0,0,vDcInst/set_freq/iq_shed,494.63,500.92,36.5,36.9,1.0,1.0
ring_080008.csv,07:59:49.827,08:00:08.227,231,80.0,0,vDcInst/set_freq/iq_shed,345.95,508.65,32.3,36.7,0.488,1.0
ring_080031.csv,08:00:13.402,08:00:31.882,232,80.0,0,vDcInst/set_freq/iq_shed,302.92,504.3,23.7,32.1,0.214,1.0
ring_080055.csv,08:00:37.251,08:00:55.651,231,80.0,0,vDcInst/set_freq/iq_shed,304.37,514.46,24.7,31.3,0.217,1.0
ring_080119.csv,08:01:00.829,08:01:19.149,230,80.0,0,vDcInst/set_freq/iq_shed,496.81,521.47,30.9,32.3,1.0,1.0
ring_080142.csv,08:01:24.197,08:01:42.597,231,80.0,0,vDcInst/set_freq/iq_shed,308.96,534.28,25.5,29.7,0.242,1.0
ring_080206.csv,08:01:47.791,08:02:06.031,229,80.0,0,vDcInst/set_freq/iq_shed,519.53,530.41,28.3,32.3,1.0,1.0
ring_080229.csv,08:02:11.286,08:02:29.606,230,80.0,0,vDcInst/set_freq/iq_shed,491.73,517.12,33.7,36.9,1.0,1.0
ring_080253.csv,08:02:34.768,08:02:53.248,232,80.0,0,vDcInst/set_freq/iq_shed,311.38,506.48,26.3,36.9,0.263,1.0
ring_080316.csv,08:02:58.311,08:03:16.711,231,80.0,0,vDcInst/set_freq/iq_shed,325.16,509.62,26.5,34.1,0.35,1.0
ring_080340.csv,08:03:21.762,08:03:40.162,231,80.0,0,vDcInst/set_freq/iq_shed,504.3,524.13,27.7,29.5,1.0,1.0
ring_080403.csv,08:03:45.258,08:04:03.578,230,80.0,0,vDcInst/set_freq/iq_shed,491.25,515.18,24.3,27.1,1.0,1.0
ring_080427.csv,08:04:08.723,08:04:27.043,230,80.0,0,vDcInst/set_freq/iq_shed,503.09,528.0,22.9,24.7,1.0,1.0
ring_080450.csv,08:04:32.219,08:04:50.699,232,80.0,0,vDcInst/set_freq/iq_shed,508.65,520.74,21.3,23.7,1.0,1.0
ring_080514.csv,08:04:55.796,08:05:14.196,231,80.0,0,vDcInst/set_freq/iq_shed,532.59,543.47,20.1,22.9,1.0,1.0
ring_080537.csv,08:05:19.277,08:05:37.597,230,80.0,0,vDcInst/set_freq/iq_shed,531.14,541.53,24.1,28.7,1.0,1.0
ring_080602.csv,08:05:42.774,08:06:02.294,245,80.0,0,vDcInst/set_freq/iq_shed,514.7,530.9,29.9,34.9,1.0,1.0
ring_080626.csv,08:06:07.790,08:06:26.190,231,80.0,0,vDcInst/set_freq/iq_shed,492.7,507.69,36.1,37.5,1.0,1.0
ring_080649.csv,08:06:31.318,08:06:49.798,232,80.0,0,vDcInst/set_freq/iq_shed,492.7,500.68,37.1,37.7,1.0,1.0
ring_080713.csv,08:06:54.862,08:07:13.262,231,80.0,0,vDcInst/set_freq/iq_shed,435.4,512.28,35.3,37.3,1.0,1.0
ring_080736.csv,08:07:18.263,08:07:36.663,231,80.0,0,vDcInst/set_freq/iq_shed,493.67,504.54,36.7,37.9,1.0,1.0
ring_080801.csv,08:07:42.817,08:08:01.217,231,80.0,0,vDcInst/set_freq/iq_shed,492.94,500.68,37.3,37.9,1.0,1.0
ring_080824.csv,08:08:06.392,08:08:24.712,230,80.0,0,vDcInst/set_freq/iq_shed,490.04,500.92,37.1,38.1,1.0,1.0
ring_080848.csv,08:08:29.937,08:08:48.177,229,80.0,0,vDcInst/set_freq/iq_shed,493.91,499.71,37.5,37.9,1.0,1.0
ring_080911.csv,08:08:53.547,08:09:11.947,231,80.0,0,vDcInst/set_freq/iq_shed,490.76,498.74,37.1,37.9,1.0,1.0
ring_080935.csv,08:09:16.978,08:09:35.378,231,80.0,0,vDcInst/set_freq/iq_shed,484.96,500.68,37.3,38.3,1.0,1.0
ring_080958.csv,08:09:40.509,08:09:58.909,231,80.0,0,vDcInst/set_freq/iq_shed,493.67,499.95,37.3,37.9,1.0,1.0
ring_081022.csv,08:10:04.069,08:10:22.389,230,80.0,0,vDcInst/set_freq/iq_shed,490.76,500.92,37.3,38.1,1.0,1.0
ring_081045.csv,08:10:27.533,08:10:45.853,230,80.0,0,vDcInst/set_freq/iq_shed,491.25,499.23,37.5,38.1,1.0,1.0
ring_081110.csv,08:10:50.982,08:11:10.502,245,80.0,0,vDcInst/set_freq/iq_shed,492.46,499.23,37.7,38.1,1.0,1.0
ring_081134.csv,08:11:16.061,08:11:34.381,230,80.0,0,vDcInst/set_freq/iq_shed,492.21,500.43,37.5,38.1,1.0,1.0
ring_081158.csv,08:11:39.655,08:11:58.055,231,80.0,0,vDcInst/set_freq/iq_shed,488.35,499.47,37.5,38.3,1.0,1.0
ring_081222.csv,08:12:03.070,08:12:22.110,239,80.0,0,vDcInst/set_freq/iq_shed,487.14,499.47,37.5,38.5,1.0,1.0
ring_081245.csv,08:12:27.559,08:12:45.959,231,80.0,0,vDcInst/set_freq/iq_shed,492.21,499.95,37.7,38.3,1.0,1.0
ring_081309.csv,08:12:51.313,08:13:09.793,232,80.0,0,vDcInst/set_freq/iq_shed,491.01,498.5,37.9,38.5,1.0,1.0
ring_081333.csv,08:13:14.857,08:13:33.257,231,80.0,0,vDcInst/set_freq/iq_shed,490.28,499.71,37.7,38.5,1.0,1.0
ring_081356.csv,08:13:38.306,08:13:56.706,231,80.0,0,vDcInst/set_freq/iq_shed,489.8,499.23,37.3,38.3,1.0,1.0
ring_081420.csv,08:14:01.850,08:14:20.170,230,80.0,0,vDcInst/set_freq/iq_shed,337.25,501.64,31.9,37.5,0.429,1.0
ring_081444.csv,08:14:25.860,08:14:44.260,231,80.0,0,vDcInst/set_freq/iq_shed,316.94,518.57,26.9,32.9,0.312,1.0
ring_081507.csv,08:14:49.579,08:15:07.899,230,80.0,0,vDcInst/set_freq/iq_shed,511.31,523.4,30.9,34.7,1.0,1.0
ring_081532.csv,08:15:13.109,08:15:32.629,245,80.0,0,vDcInst/set_freq/iq_shed,477.23,512.04,36.1,38.3,1.0,1.0
ring_081556.csv,08:15:38.206,08:15:56.606,231,80.0,0,vDcInst/set_freq/iq_shed,342.57,514.46,31.7,36.3,0.454,1.0
ring_081620.csv,08:16:01.782,08:16:20.262,232,80.0,0,vDcInst/set_freq/iq_shed,500.19,519.29,33.1,37.7,1.0,1.0
ring_081644.csv,08:16:25.695,08:16:44.095,231,80.0,0,vDcInst/set_freq/iq_shed,491.73,499.71,37.9,38.5,1.0,1.0
ring_081707.csv,08:16:49.127,08:17:07.447,230,80.0,0,vDcInst/set_freq/iq_shed,336.28,504.79,29.9,38.3,0.431,1.0
ring_081731.csv,08:17:13.246,08:17:31.726,232,80.0,0,vDcInst/set_freq/iq_shed,492.7,518.81,33.5,35.3,1.0,1.0
ring_081755.csv,08:17:37.016,08:17:55.336,230,80.0,0,vDcInst/set_freq/iq_shed,329.75,508.17,29.3,36.7,0.372,1.0
ring_081818.csv,08:18:00.480,08:18:18.880,231,80.0,0,vDcInst/set_freq/iq_shed,313.8,519.53,26.7,31.7,0.289,1.0
ring_081842.csv,08:18:23.944,08:18:42.344,231,80.0,0,vDcInst/set_freq/iq_shed,498.5,525.82,31.5,32.9,1.0,1.0
ring_081905.csv,08:18:47.539,08:19:05.939,231,80.0,0,vDcInst/set_freq/iq_shed,505.27,524.37,32.9,37.5,1.0,1.0
ring_081930.csv,08:19:10.939,08:19:30.459,245,80.0,0,vDcInst/set_freq/iq_shed,489.8,499.23,38.5,39.1,1.0,1.0
ring_081954.csv,08:19:36.003,08:19:54.323,230,80.0,0,vDcInst/set_freq/iq_shed,489.8,499.23,38.5,39.1,1.0,1.0
ring_082019.csv,08:20:00.620,08:20:19.020,231,80.0,0,vDcInst/set_freq/iq_shed,359.97,507.93,35.1,37.7,0.581,1.0
ring_082042.csv,08:20:24.196,08:20:42.676,232,80.0,0,vDcInst/set_freq/iq_shed,490.76,506.96,36.3,39.1,1.0,1.0
ring_082106.csv,08:20:47.788,08:21:06.108,230,80.0,0,vDcInst/set_freq/iq_shed,358.28,504.79,34.9,38.9,0.561,1.0
ring_082129.csv,08:21:11.205,08:21:29.605,231,80.0,0,vDcInst/set_freq/iq_shed,485.93,513.97,35.9,39.5,1.0,1.0
ring_082153.csv,08:21:34.783,08:21:53.183,231,80.0,0,vDcInst/set_freq/iq_shed,483.03,506.48,37.3,38.9,1.0,1.0
ring_082216.csv,08:21:58.232,08:22:16.632,231,80.0,0,vDcInst/set_freq/iq_shed,489.31,497.29,38.7,39.3,1.0,1.0
ring_082240.csv,08:22:21.775,08:22:40.175,231,80.0,0,vDcInst/set_freq/iq_shed,487.62,499.23,38.7,39.5,1.0,1.0
ring_082303.csv,08:22:45.272,08:23:03.592,230,80.0,0,vDcInst/set_freq/iq_shed,489.31,498.02,38.5,39.1,1.0,1.0
ring_082327.csv,08:23:08.721,08:23:27.121,231,80.0,0,vDcInst/set_freq/iq_shed,489.8,497.05,38.5,39.1,1.0,1.0
ring_082350.csv,08:23:32.283,08:23:50.763,232,80.0,0,vDcInst/set_freq/iq_shed,487.62,500.92,38.3,39.3,1.0,1.0
ring_082414.csv,08:23:56.130,08:24:14.450,230,80.0,0,vDcInst/set_freq/iq_shed,490.04,499.95,38.3,39.1,1.0,1.0
ring_082437.csv,08:24:19.612,08:24:37.932,230,80.0,0,vDcInst/set_freq/iq_shed,484.48,500.43,38.3,39.5,1.0,1.0
ring_082501.csv,08:24:43.076,08:25:01.476,231,80.0,0,vDcInst/set_freq/iq_shed,482.79,500.68,38.5,39.7,1.0,1.0
ring_082524.csv,08:25:06.636,08:25:24.956,230,80.0,0,vDcInst/set_freq/iq_shed,486.17,499.71,38.5,39.5,1.0,1.0
ring_082548.csv,08:25:30.087,08:25:48.567,232,80.0,0,vDcInst/set_freq/iq_shed,487.38,498.74,38.9,39.7,1.0,1.0
ring_082612.csv,08:25:53.695,08:26:12.175,232,80.0,0,vDcInst/set_freq/iq_shed,487.14,500.92,38.5,39.5,1.0,1.0
ring_082636.csv,08:26:18.598,08:26:36.918,230,80.0,0,vDcInst/set_freq/iq_shed,485.69,498.98,38.9,40.1,1.0,1.0
ring_082700.csv,08:26:42.286,08:27:00.766,232,80.0,0,vDcInst/set_freq/iq_shed,484.96,495.6,39.3,40.1,1.0,1.0
ring_082724.csv,08:27:06.152,08:27:24.552,231,80.0,0,vDcInst/set_freq/iq_shed,486.9,495.36,39.3,39.9,1.0,1.0
ring_082749.csv,08:27:29.647,08:27:49.007,243,80.0,0,vDcInst/set_freq/iq_shed,487.14,496.57,39.3,39.9,1.0,1.0
ring_082813.csv,08:27:54.665,08:28:13.145,232,80.0,0,vDcInst/set_freq/iq_shed,486.65,495.36,39.5,40.1,1.0,1.0
ring_082836.csv,08:28:18.322,08:28:36.642,230,80.0,0,vDcInst/set_freq/iq_shed,485.93,495.84,39.5,40.3,1.0,1.0
ring_082901.csv,08:28:41.753,08:29:01.193,244,80.0,0,vDcInst/set_freq/iq_shed,487.62,494.39,39.7,40.1,1.0,1.0
ring_082925.csv,08:29:06.802,08:29:25.202,231,80.0,0,vDcInst/set_freq/iq_shed,487.38,494.63,39.5,40.1,1.0,1.0
ring_082948.csv,08:29:30.299,08:29:48.699,231,80.0,0,vDcInst/set_freq/iq_shed,487.86,495.12,39.5,40.1,1.0,1.0
ring_083012.csv,08:29:53.812,08:30:12.292,232,80.0,0,vDcInst/set_freq/iq_shed,486.65,495.6,39.5,40.3,1.0,1.0
ring_083035.csv,08:30:17.341,08:30:35.741,231,80.0,0,vDcInst/set_freq/iq_shed,486.41,494.63,39.7,40.3,1.0,1.0
ring_083059.csv,08:30:40.901,08:30:59.381,232,80.0,0,vDcInst/set_freq/iq_shed,485.2,496.32,39.7,40.5,1.0,1.0
ring_083123.csv,08:31:04.814,08:31:23.214,231,80.0,0,vDcInst/set_freq/iq_shed,485.69,493.91,39.9,40.5,1.0,1.0
ring_083146.csv,08:31:28.246,08:31:46.646,231,80.0,0,vDcInst/set_freq/iq_shed,485.93,493.91,39.9,40.5,1.0,1.0
ring_083210.csv,08:31:51.791,08:32:10.191,231,80.0,0,vDcInst/set_freq/iq_shed,484.72,494.39,39.9,40.7,1.0,1.0
ring_083233.csv,08:32:15.256,08:32:33.576,230,80.0,0,vDcInst/set_freq/iq_shed,486.41,493.91,39.9,40.5,1.0,1.0
ring_083257.csv,08:32:38.753,08:32:57.073,230,80.0,0,vDcInst/set_freq/iq_shed,485.2,494.15,39.9,40.5,1.0,1.0
ring_083320.csv,08:33:02.170,08:33:20.650,232,80.0,0,vDcInst/set_freq/iq_shed,484.72,494.15,39.9,40.7,1.0,1.0
ring_083344.csv,08:33:25.809,08:33:44.209,231,80.0,0,vDcInst/set_freq/iq_shed,484.48,492.94,40.1,40.7,1.0,1.0
ring_083407.csv,08:33:49.290,08:34:07.690,231,80.0,0,vDcInst/set_freq/iq_shed,486.17,493.91,39.9,40.5,1.0,1.0
ring_083431.csv,08:34:12.787,08:34:31.107,230,80.0,0,vDcInst/set_freq/iq_shed,485.2,494.63,39.9,40.7,1.0,1.0
ring_083454.csv,08:34:36.301,08:34:54.701,231,80.0,0,vDcInst/set_freq/iq_shed,484.48,494.39,39.9,40.7,1.0,1.0
ring_083518.csv,08:34:59.734,08:35:18.134,231,80.0,0,vDcInst/set_freq/iq_shed,485.45,492.94,40.1,40.7,1.0,1.0
ring_083541.csv,08:35:23.245,08:35:41.565,230,80.0,0,vDcInst/set_freq/iq_shed,486.17,493.18,40.1,40.7,1.0,1.0
ring_083605.csv,08:35:46.790,08:36:05.190,231,80.0,0,vDcInst/set_freq/iq_shed,485.2,492.94,40.3,40.9,1.0,1.0
ring_083628.csv,08:36:10.272,08:36:28.672,231,80.0,0,vDcInst/set_freq/iq_shed,484.96,492.7,40.3,40.9,1.0,1.0
ring_083652.csv,08:36:33.767,08:36:52.087,230,80.0,0,vDcInst/set_freq/iq_shed,484.96,492.7,40.3,40.9,1.0,1.0
ring_083715.csv,08:36:57.232,08:37:15.632,231,80.0,0,vDcInst/set_freq/iq_shed,484.0,494.63,40.3,41.1,1.0,1.0
ring_083740.csv,08:37:20.857,08:37:40.217,243,80.0,0,vDcInst/set_freq/iq_shed,483.75,490.52,40.5,41.1,1.0,1.0
ring_083804.csv,08:37:45.697,08:38:04.097,231,80.0,0,vDcInst/set_freq/iq_shed,483.51,491.25,40.5,41.1,1.0,1.0
ring_083827.csv,08:38:09.323,08:38:27.723,231,80.0,0,vDcInst/set_freq/iq_shed,484.24,492.21,40.5,41.1,1.0,1.0
ring_083851.csv,08:38:32.850,08:38:51.250,231,80.0,0,vDcInst/set_freq/iq_shed,484.48,491.49,40.5,41.1,1.0,1.0
ring_083915.csv,08:38:57.372,08:39:15.772,231,80.0,0,vDcInst/set_freq/iq_shed,485.2,492.21,40.5,41.1,1.0,1.0
ring_083939.csv,08:39:21.157,08:39:39.557,231,80.0,0,vDcInst/set_freq/iq_shed,484.24,492.46,40.7,41.3,1.0,1.0
ring_084002.csv,08:39:44.620,08:40:02.940,230,80.0,0,vDcInst/set_freq/iq_shed,483.75,490.52,40.9,41.5,1.0,1.0
ring_084027.csv,08:40:09.110,08:40:27.510,231,80.0,0,vDcInst/set_freq/iq_shed,483.51,492.21,40.7,41.5,1.0,1.0
ring_084051.csv,08:40:32.814,08:40:51.214,231,80.0,0,vDcInst/set_freq/iq_shed,483.27,492.46,40.7,41.5,1.0,1.0
ring_084114.csv,08:40:56.407,08:41:14.807,231,80.0,0,vDcInst/set_freq/iq_shed,484.0,493.91,40.7,41.5,1.0,1.0
ring_084138.csv,08:41:19.824,08:41:38.304,232,80.0,0,vDcInst/set_freq/iq_shed,482.3,491.73,40.9,41.7,1.0,1.0
ring_084201.csv,08:41:43.400,08:42:01.720,230,80.0,0,vDcInst/set_freq/iq_shed,483.27,491.25,40.9,41.7,1.0,1.0
ring_084226.csv,08:42:06.880,08:42:26.240,243,80.0,0,vDcInst/set_freq/iq_shed,483.03,491.25,41.1,41.7,1.0,1.0
ring_084250.csv,08:42:31.914,08:42:50.314,231,80.0,0,vDcInst/set_freq/iq_shed,483.27,491.25,41.1,41.7,1.0,1.0
ring_084313.csv,08:42:55.523,08:43:13.843,230,80.0,0,vDcInst/set_freq/iq_shed,481.34,490.76,41.1,41.9,1.0,1.0
ring_084338.csv,08:43:18.970,08:43:38.330,243,80.0,0,vDcInst/set_freq/iq_shed,482.3,489.56,41.3,41.9,1.0,1.0
ring_084403.csv,08:43:44.052,08:44:03.492,244,80.0,0,vDcInst/set_freq/iq_shed,481.82,491.49,41.1,41.9,1.0,1.0
ring_084427.csv,08:44:09.212,08:44:27.532,230,80.0,0,vDcInst/set_freq/iq_shed,483.03,490.28,41.3,41.9,1.0,1.0
ring_084451.csv,08:44:32.837,08:44:51.237,231,80.0,0,vDcInst/set_freq/iq_shed,481.82,490.28,41.3,42.1,1.0,1.0
ring_084514.csv,08:44:56.334,08:45:14.654,230,80.0,0,vDcInst/set_freq/iq_shed,480.61,490.04,41.3,42.1,1.0,1.0
ring_084538.csv,08:45:19.846,08:45:38.166,230,80.0,0,vDcInst/set_freq/iq_shed,480.37,490.76,41.3,42.1,1.0,1.0
ring_084601.csv,08:45:43.408,08:46:01.808,231,80.0,0,vDcInst/set_freq/iq_shed,481.09,490.76,41.3,42.1,1.0,1.0
ring_084625.csv,08:46:06.855,08:46:25.175,230,80.0,0,vDcInst/set_freq/iq_shed,481.58,490.52,41.3,42.1,1.0,1.0
ring_084648.csv,08:46:30.320,08:46:48.720,231,80.0,0,vDcInst/set_freq/iq_shed,481.82,488.83,41.5,42.1,1.0,1.0
ring_084712.csv,08:46:53.928,08:47:12.248,230,80.0,0,vDcInst/set_freq/iq_shed,482.3,489.31,41.5,42.1,1.0,1.0
ring_084736.csv,08:47:17.954,08:47:36.354,231,80.0,0,vDcInst/set_freq/iq_shed,479.64,489.8,41.5,42.3,1.0,1.0
ring_084800.csv,08:47:41.737,08:48:00.137,231,80.0,0,vDcInst/set_freq/iq_shed,480.13,489.56,41.5,42.3,1.0,1.0
ring_084823.csv,08:48:05.266,08:48:23.586,230,80.0,0,vDcInst/set_freq/iq_shed,480.61,489.8,41.5,42.3,1.0,1.0
ring_084847.csv,08:48:28.812,08:48:47.132,230,80.0,0,vDcInst/set_freq/iq_shed,479.4,487.86,41.7,42.5,1.0,1.0
ring_084910.csv,08:48:52.309,08:49:10.629,230,80.0,0,vDcInst/set_freq/iq_shed,480.13,488.59,41.7,42.5,1.0,1.0
ring_084934.csv,08:49:15.804,08:49:34.124,230,80.0,0,vDcInst/set_freq/iq_shed,480.13,488.83,41.7,42.5,1.0,1.0
ring_084958.csv,08:49:40.310,08:49:58.710,231,80.0,0,vDcInst/set_freq/iq_shed,479.89,489.07,41.7,42.5,1.0,1.0
ring_085023.csv,08:50:03.903,08:50:23.423,245,80.0,0,vDcInst/set_freq/iq_shed,480.37,489.56,41.7,42.5,1.0,1.0
ring_085047.csv,08:50:29.079,08:50:47.399,230,80.0,0,vDcInst/set_freq/iq_shed,477.23,487.38,41.9,42.9,1.0,1.0
ring_085111.csv,08:50:52.656,08:51:11.056,231,80.0,0,vDcInst/set_freq/iq_shed,474.32,488.1,41.9,42.7,1.0,1.0
ring_085134.csv,08:51:16.119,08:51:34.439,230,80.0,0,vDcInst/set_freq/iq_shed,479.4,487.38,42.1,42.7,1.0,1.0
ring_085158.csv,08:51:39.682,08:51:58.082,231,80.0,0,vDcInst/set_freq/iq_shed,479.89,487.38,42.1,42.7,1.0,1.0
ring_085222.csv,08:52:04.122,08:52:22.602,232,80.0,0,vDcInst/set_freq/iq_shed,478.19,486.9,42.1,42.9,1.0,1.0
ring_085246.csv,08:52:27.987,08:52:46.387,231,80.0,0,vDcInst/set_freq/iq_shed,480.61,488.35,41.9,42.7,1.0,1.0
ring_085309.csv,08:52:51.436,08:53:09.836,231,80.0,0,vDcInst/set_freq/iq_shed,478.68,487.14,42.1,42.9,1.0,1.0
ring_085333.csv,08:53:14.964,08:53:33.364,231,80.0,0,vDcInst/set_freq/iq_shed,477.23,486.9,42.1,42.9,1.0,1.0
ring_085356.csv,08:53:38.413,08:53:56.813,231,80.0,0,vDcInst/set_freq/iq_shed,477.95,486.65,42.1,42.9,1.0,1.0
ring_085420.csv,08:54:01.957,08:54:20.357,231,80.0,0,vDcInst/set_freq/iq_shed,477.71,486.65,42.1,42.9,1.0,1.0
ring_085444.csv,08:54:25.407,08:54:44.767,243,80.0,0,vDcInst/set_freq/iq_shed,477.47,486.41,42.1,42.9,1.0,1.0
ring_085508.csv,08:54:50.568,08:55:08.888,230,80.0,0,vDcInst/set_freq/iq_shed,478.68,484.72,42.3,42.9,1.0,1.0
ring_085532.csv,08:55:14.112,08:55:32.512,231,80.0,0,vDcInst/set_freq/iq_shed,477.95,486.9,42.1,42.9,1.0,1.0
ring_085555.csv,08:55:37.513,08:55:55.833,230,80.0,0,vDcInst/set_freq/iq_shed,478.19,486.41,42.1,42.9,1.0,1.0
ring_085619.csv,08:56:01.088,08:56:19.488,231,80.0,0,vDcInst/set_freq/iq_shed,478.68,484.96,42.3,42.9,1.0,1.0
ring_085644.csv,08:56:25.625,08:56:44.105,232,80.0,0,vDcInst/set_freq/iq_shed,478.68,485.45,42.3,42.9,1.0,1.0
ring_085707.csv,08:56:49.392,08:57:07.632,229,80.0,0,vDcInst/set_freq/iq_shed,476.26,485.69,42.3,43.1,1.0,1.0
ring_085731.csv,08:57:12.826,08:57:31.226,231,80.0,0,vDcInst/set_freq/iq_shed,476.74,485.93,42.3,43.1,1.0,1.0
ring_085754.csv,08:57:36.387,08:57:54.707,230,80.0,0,vDcInst/set_freq/iq_shed,478.43,485.93,42.3,43.1,1.0,1.0
ring_085818.csv,08:57:59.883,08:58:18.203,230,80.0,0,vDcInst/set_freq/iq_shed,477.71,485.45,42.5,43.1,1.0,1.0
ring_085841.csv,08:58:23.381,08:58:41.781,231,80.0,0,vDcInst/set_freq/iq_shed,478.68,485.69,42.5,43.1,1.0,1.0
ring_085906.csv,08:58:46.876,08:59:06.316,244,80.0,0,vDcInst/set_freq/iq_shed,479.4,485.69,42.5,43.1,1.0,1.0
ring_085930.csv,08:59:11.894,08:59:30.774,237,80.0,0,vDcInst/set_freq/iq_shed,477.95,486.17,42.5,43.3,1.0,1.0
ring_085954.csv,08:59:36.078,08:59:54.398,230,80.0,0,vDcInst/set_freq/iq_shed,477.47,485.69,42.5,43.3,1.0,1.0
ring_090017.csv,08:59:59.431,09:00:17.831,231,80.0,0,vDcInst/set_freq/iq_shed,475.78,484.48,42.7,43.3,1.0,1.0
ring_090041.csv,09:00:23.023,09:00:41.423,231,80.0,0,vDcInst/set_freq/iq_shed,477.71,484.24,42.7,43.3,1.0,1.0
ring_090104.csv,09:00:46.520,09:01:04.920,231,80.0,0,vDcInst/set_freq/iq_shed,477.95,484.96,42.7,43.3,1.0,1.0
ring_090129.csv,09:01:10.000,09:01:29.440,244,80.0,0,vDcInst/set_freq/iq_shed,477.47,484.72,42.7,43.3,1.0,1.0
ring_090153.csv,09:01:35.050,09:01:53.530,232,80.0,0,vDcInst/set_freq/iq_shed,476.26,484.72,42.7,43.5,1.0,1.0
ring_090217.csv,09:01:58.642,09:02:17.042,231,80.0,0,vDcInst/set_freq/iq_shed,476.26,484.96,42.7,43.5,1.0,1.0
ring_090240.csv,09:02:22.123,09:02:40.523,231,80.0,0,vDcInst/set_freq/iq_shed,476.02,484.24,42.7,43.5,1.0,1.0
ring_090304.csv,09:02:45.717,09:03:04.197,232,80.0,0,vDcInst/set_freq/iq_shed,475.78,484.24,42.7,43.5,1.0,1.0
ring_090327.csv,09:03:09.566,09:03:27.966,231,80.0,0,vDcInst/set_freq/iq_shed,476.02,483.51,42.9,43.5,1.0,1.0
ring_090351.csv,09:03:32.981,09:03:51.461,232,80.0,0,vDcInst/set_freq/iq_shed,474.08,483.27,42.9,43.7,1.0,1.0
ring_090414.csv,09:03:56.527,09:04:14.927,231,80.0,0,vDcInst/set_freq/iq_shed,474.57,484.0,42.9,43.7,1.0,1.0
ring_090438.csv,09:04:20.135,09:04:38.455,230,80.0,0,vDcInst/set_freq/iq_shed,476.98,483.27,42.9,43.5,1.0,1.0
ring_090501.csv,09:04:43.617,09:05:01.937,230,80.0,0,vDcInst/set_freq/iq_shed,475.29,484.24,42.9,43.7,1.0,1.0
ring_090525.csv,09:05:07.065,09:05:25.465,231,80.0,0,vDcInst/set_freq/iq_shed,474.81,483.51,42.9,43.7,1.0,1.0
ring_090549.csv,09:05:30.690,09:05:49.010,230,80.0,0,vDcInst/set_freq/iq_shed,475.29,482.06,43.1,43.7,1.0,1.0
ring_090612.csv,09:05:54.139,09:06:12.619,232,80.0,0,vDcInst/set_freq/iq_shed,474.57,482.3,43.1,43.7,1.0,1.0
ring_090636.csv,09:06:18.066,09:06:36.386,230,80.0,0,vDcInst/set_freq/iq_shed,475.78,482.06,43.1,43.7,1.0,1.0
ring_090659.csv,09:06:41.548,09:06:59.948,231,80.0,0,vDcInst/set_freq/iq_shed,475.29,482.3,43.1,43.7,1.0,1.0
ring_090723.csv,09:07:05.157,09:07:23.557,231,80.0,0,vDcInst/set_freq/iq_shed,475.53,482.54,43.1,43.7,1.0,1.0
ring_090746.csv,09:07:28.652,09:07:46.972,230,80.0,0,vDcInst/set_freq/iq_shed,474.32,483.27,43.1,43.9,1.0,1.0
ring_090810.csv,09:07:52.166,09:08:10.646,232,80.0,0,vDcInst/set_freq/iq_shed,474.57,483.27,43.1,43.9,1.0,1.0
ring_090834.csv,09:08:16.063,09:08:34.463,231,80.0,0,vDcInst/set_freq/iq_shed,474.32,482.3,43.3,43.9,1.0,1.0
ring_090858.csv,09:08:40.134,09:08:58.534,231,80.0,0,vDcInst/set_freq/iq_shed,468.76,481.58,43.3,43.9,1.0,1.0
ring_090922.csv,09:09:03.936,09:09:22.336,231,80.0,0,vDcInst/set_freq/iq_shed,474.08,481.34,43.3,43.9,1.0,1.0
ring_090945.csv,09:09:27.385,09:09:45.705,230,80.0,0,vDcInst/set_freq/iq_shed,472.63,481.34,43.3,44.1,1.0,1.0
ring_091009.csv,09:09:50.914,09:10:09.234,230,80.0,0,vDcInst/set_freq/iq_shed,472.15,481.82,43.3,44.1,1.0,1.0
ring_091032.csv,09:10:14.409,09:10:32.729,230,80.0,0,vDcInst/set_freq/iq_shed,472.39,480.37,43.5,44.1,1.0,1.0
ring_091056.csv,09:10:37.907,09:10:56.307,231,80.0,0,vDcInst/set_freq/iq_shed,473.6,480.85,43.5,44.1,1.0,1.0
ring_091119.csv,09:11:01.388,09:11:19.868,232,80.0,0,vDcInst/set_freq/iq_shed,474.08,481.09,43.5,44.1,1.0,1.0
ring_091143.csv,09:11:24.949,09:11:43.269,230,80.0,0,vDcInst/set_freq/iq_shed,472.87,480.85,43.5,44.3,1.0,1.0
ring_091206.csv,09:11:48.382,09:12:06.782,231,80.0,0,vDcInst/set_freq/iq_shed,472.87,481.82,43.5,44.3,1.0,1.0
ring_091230.csv,09:12:12.005,09:12:30.405,231,80.0,0,vDcInst/set_freq/iq_shed,473.12,481.82,43.5,44.3,1.0,1.0
ring_091253.csv,09:12:35.487,09:12:53.807,230,80.0,0,vDcInst/set_freq/iq_shed,473.12,480.37,43.7,44.3,1.0,1.0
ring_091317.csv,09:12:59.015,09:13:17.415,231,80.0,0,vDcInst/set_freq/iq_shed,473.12,481.82,43.5,44.3,1.0,1.0
ring_091340.csv,09:13:22.513,09:13:40.913,231,80.0,0,vDcInst/set_freq/iq_shed,473.36,480.13,43.7,44.3,1.0,1.0
ring_091404.csv,09:13:46.025,09:14:04.425,231,80.0,0,vDcInst/set_freq/iq_shed,472.63,481.09,43.7,44.3,1.0,1.0
ring_091427.csv,09:14:09.506,09:14:27.906,231,80.0,0,vDcInst/set_freq/iq_shed,473.84,480.13,43.7,44.3,1.0,1.0
ring_091451.csv,09:14:33.099,09:14:51.419,230,80.0,0,vDcInst/set_freq/iq_shed,472.63,480.13,43.7,44.5,1.0,1.0
ring_091514.csv,09:14:56.548,09:15:14.948,231,80.0,0,vDcInst/set_freq/iq_shed,472.39,480.85,43.7,44.5,1.0,1.0
ring_091538.csv,09:15:20.110,09:15:38.590,232,80.0,0,vDcInst/set_freq/iq_shed,473.6,480.61,43.9,44.5,1.0,1.0
ring_091602.csv,09:15:44.085,09:16:02.485,231,80.0,0,vDcInst/set_freq/iq_shed,473.36,480.13,43.9,44.5,1.0,1.0
ring_091625.csv,09:16:07.567,09:16:25.967,231,80.0,0,vDcInst/set_freq/iq_shed,471.42,480.61,43.9,44.7,1.0,1.0
ring_091649.csv,09:16:31.062,09:16:49.382,230,80.0,0,vDcInst/set_freq/iq_shed,470.94,480.13,43.9,44.7,1.0,1.0
ring_091714.csv,09:16:54.594,09:17:14.034,244,80.0,0,vDcInst/set_freq/iq_shed,473.12,478.92,44.1,44.5,1.0,1.0
ring_091738.csv,09:17:19.630,09:17:38.110,232,80.0,0,vDcInst/set_freq/iq_shed,471.42,479.16,44.1,44.7,1.0,1.0
ring_091801.csv,09:17:43.290,09:18:01.610,230,80.0,0,vDcInst/set_freq/iq_shed,472.15,479.16,44.1,44.7,1.0,1.0
ring_091825.csv,09:18:06.774,09:18:25.174,231,80.0,0,vDcInst/set_freq/iq_shed,471.42,479.89,43.9,44.7,1.0,1.0
ring_091848.csv,09:18:30.259,09:18:48.659,231,80.0,0,vDcInst/set_freq/iq_shed,471.91,479.16,44.1,44.7,1.0,1.0
ring_091912.csv,09:18:53.838,09:19:12.158,230,80.0,0,vDcInst/set_freq/iq_shed,471.42,479.4,44.1,44.9,1.0,1.0
ring_091935.csv,09:19:17.322,09:19:35.722,231,80.0,0,vDcInst/set_freq/iq_shed,471.18,480.61,44.1,44.9,1.0,1.0
ring_091959.csv,09:19:40.921,09:19:59.241,230,80.0,0,vDcInst/set_freq/iq_shed,468.52,478.43,44.3,44.9,1.0,1.0
ring_092023.csv,09:20:05.443,09:20:23.843,231,80.0,0,vDcInst/set_freq/iq_shed,471.67,478.43,44.3,44.9,1.0,1.0
ring_092047.csv,09:20:29.121,09:20:47.521,231,80.0,0,vDcInst/set_freq/iq_shed,472.39,479.16,44.3,44.9,1.0,1.0
ring_092111.csv,09:20:52.622,09:21:11.022,231,80.0,0,vDcInst/set_freq/iq_shed,472.15,479.4,44.3,44.9,1.0,1.0
ring_092134.csv,09:21:16.217,09:21:34.537,230,80.0,0,vDcInst/set_freq/iq_shed,469.73,478.68,44.3,45.1,1.0,1.0
ring_092158.csv,09:21:39.686,09:21:58.086,231,80.0,0,vDcInst/set_freq/iq_shed,469.73,478.19,44.3,45.1,1.0,1.0
ring_092222.csv,09:22:03.123,09:22:22.563,244,80.0,0,vDcInst/set_freq/iq_shed,471.42,478.19,44.3,44.9,1.0,1.0
ring_092246.csv,09:22:28.303,09:22:46.703,231,80.0,0,vDcInst/set_freq/iq_shed,469.01,477.95,44.3,45.1,1.0,1.0
ring_092311.csv,09:22:51.899,09:23:11.339,244,80.0,0,vDcInst/set_freq/iq_shed,469.49,477.95,44.3,45.1,1.0,1.0
ring_092335.csv,09:23:16.904,09:23:35.304,231,80.0,0,vDcInst/set_freq/iq_shed,465.62,480.13,44.1,44.9,1.0,1.0
ring_092358.csv,09:23:40.531,09:23:58.931,231,80.0,0,vDcInst/set_freq/iq_shed,469.97,478.68,44.3,45.1,1.0,1.0
ring_092422.csv,09:24:03.936,09:24:22.336,231,80.0,0,vDcInst/set_freq/iq_shed,469.97,479.4,44.3,45.1,1.0,1.0
ring_092445.csv,09:24:27.581,09:24:45.901,230,80.0,0,vDcInst/set_freq/iq_shed,468.76,477.71,44.5,45.3,1.0,1.0
ring_092509.csv,09:24:51.097,09:25:09.497,231,80.0,0,vDcInst/set_freq/iq_shed,467.56,477.47,44.5,45.3,1.0,1.0
ring_092533.csv,09:25:15.637,09:25:33.957,230,80.0,0,vDcInst/set_freq/iq_shed,470.7,477.95,44.5,45.1,1.0,1.0
ring_092557.csv,09:25:39.361,09:25:57.761,231,80.0,0,vDcInst/set_freq/iq_shed,470.46,476.98,44.5,45.1,1.0,1.0
ring_092621.csv,09:26:02.830,09:26:21.790,238,80.0,0,vDcInst/set_freq/iq_shed,468.28,476.98,44.5,45.3,1.0,1.0
ring_092645.csv,09:26:27.203,09:26:45.683,232,80.0,0,vDcInst/set_freq/iq_shed,469.01,476.98,44.5,45.3,1.0,1.0
ring_092709.csv,09:26:51.183,09:27:09.583,231,80.0,0,vDcInst/set_freq/iq_shed,468.52,476.98,44.5,45.3,1.0,1.0
ring_092733.csv,09:27:14.651,09:27:33.051,231,80.0,0,vDcInst/set_freq/iq_shed,468.52,477.23,44.5,45.3,1.0,1.0
ring_092756.csv,09:27:38.199,09:27:56.519,230,80.0,0,vDcInst/set_freq/iq_shed,468.04,477.71,44.5,45.3,1.0,1.0
ring_092820.csv,09:28:01.715,09:28:20.035,230,80.0,0,vDcInst/set_freq/iq_shed,468.52,475.29,44.7,45.3,1.0,1.0
ring_092843.csv,09:28:25.232,09:28:43.552,230,80.0,0,vDcInst/set_freq/iq_shed,468.52,475.05,44.7,45.3,1.0,1.0
ring_092907.csv,09:28:48.781,09:29:07.181,231,80.0,0,vDcInst/set_freq/iq_shed,468.04,475.05,44.7,45.3,1.0,1.0
ring_092930.csv,09:29:12.297,09:29:30.617,230,80.0,0,vDcInst/set_freq/iq_shed,468.52,475.29,44.7,45.3,1.0,1.0
ring_092954.csv,09:29:35.781,09:29:54.101,230,80.0,0,vDcInst/set_freq/iq_shed,464.9,474.57,44.7,45.5,1.0,1.0
ring_093017.csv,09:29:59.281,09:30:17.761,232,80.0,0,vDcInst/set_freq/iq_shed,467.56,474.81,44.7,45.3,1.0,1.0
ring_093041.csv,09:30:23.245,09:30:41.565,230,80.0,0,vDcInst/set_freq/iq_shed,468.52,474.81,44.7,45.3,1.0,1.0
ring_093105.csv,09:30:46.763,09:31:05.163,231,80.0,0,vDcInst/set_freq/iq_shed,467.07,474.81,44.7,45.3,1.0,1.0
ring_093128.csv,09:31:10.311,09:31:28.711,231,80.0,0,vDcInst/set_freq/iq_shed,467.07,475.05,44.7,45.3,1.0,1.0
ring_093152.csv,09:31:33.842,09:31:52.162,230,80.0,0,vDcInst/set_freq/iq_shed,466.83,474.32,44.7,45.3,1.0,1.0
ring_093215.csv,09:31:57.279,09:32:15.599,230,80.0,0,vDcInst/set_freq/iq_shed,467.56,474.57,44.7,45.3,1.0,1.0
ring_093239.csv,09:32:20.829,09:32:39.149,230,80.0,0,vDcInst/set_freq/iq_shed,466.59,475.05,44.7,45.5,1.0,1.0
ring_093302.csv,09:32:44.312,09:33:02.632,230,80.0,0,vDcInst/set_freq/iq_shed,466.35,476.02,44.7,45.5,1.0,1.0
ring_093326.csv,09:33:07.830,09:33:26.230,231,80.0,0,vDcInst/set_freq/iq_shed,466.59,474.81,44.7,45.5,1.0,1.0
ring_093349.csv,09:33:31.425,09:33:49.745,230,80.0,0,vDcInst/set_freq/iq_shed,465.86,474.81,44.7,45.5,1.0,1.0
ring_093413.csv,09:33:54.909,09:34:13.309,231,80.0,0,vDcInst/set_freq/iq_shed,466.1,474.08,44.9,45.5,1.0,1.0
ring_093436.csv,09:34:18.411,09:34:36.811,231,80.0,0,vDcInst/set_freq/iq_shed,465.86,473.6,44.9,45.5,1.0,1.0
ring_093500.csv,09:34:41.878,09:35:00.198,230,80.0,0,vDcInst/set_freq/iq_shed,464.9,473.6,44.9,45.7,1.0,1.0
ring_093523.csv,09:35:05.460,09:35:23.860,231,80.0,0,vDcInst/set_freq/iq_shed,467.07,473.84,44.9,45.5,1.0,1.0
ring_093547.csv,09:35:29.522,09:35:47.922,231,80.0,0,vDcInst/set_freq/iq_shed,465.38,474.81,44.9,45.7,1.0,1.0
ring_093611.csv,09:35:53.310,09:36:11.630,230,80.0,0,vDcInst/set_freq/iq_shed,465.14,473.84,44.9,45.7,1.0,1.0
ring_093635.csv,09:36:16.827,09:36:35.227,231,80.0,0,vDcInst/set_freq/iq_shed,465.62,473.12,45.1,45.7,1.0,1.0
ring_093659.csv,09:36:40.854,09:36:59.254,231,80.0,0,vDcInst/set_freq/iq_shed,465.62,473.12,45.1,45.7,1.0,1.0
ring_093723.csv,09:37:04.644,09:37:23.044,231,80.0,0,vDcInst/set_freq/iq_shed,466.35,475.05,44.9,45.7,1.0,1.0
ring_093746.csv,09:37:28.256,09:37:46.656,231,80.0,0,vDcInst/set_freq/iq_shed,466.83,473.84,45.1,45.7,1.0,1.0
ring_093810.csv,09:37:51.709,09:38:10.109,231,80.0,0,vDcInst/set_freq/iq_shed,465.38,474.08,45.1,45.9,1.0,1.0
ring_093833.csv,09:38:15.304,09:38:33.704,231,80.0,0,vDcInst/set_freq/iq_shed,464.65,474.57,45.1,45.9,1.0,1.0
ring_093858.csv,09:38:39.876,09:38:58.196,230,80.0,0,vDcInst/set_freq/iq_shed,466.35,473.84,45.1,45.9,1.0,1.0
ring_093921.csv,09:39:03.489,09:39:21.809,230,80.0,0,vDcInst/set_freq/iq_shed,464.65,475.29,45.1,45.9,1.0,1.0
ring_093945.csv,09:39:26.957,09:39:45.357,231,80.0,0,vDcInst/set_freq/iq_shed,465.62,473.6,45.3,45.9,1.0,1.0
ring_094008.csv,09:39:50.491,09:40:08.891,231,80.0,0,vDcInst/set_freq/iq_shed,466.59,473.84,45.3,45.9,1.0,1.0
ring_094032.csv,09:40:14.087,09:40:32.407,230,80.0,0,vDcInst/set_freq/iq_shed,467.56,474.08,45.3,45.9,1.0,1.0
ring_094056.csv,09:40:37.539,09:40:56.019,232,80.0,0,vDcInst/set_freq/iq_shed,465.14,473.6,45.28,46.62,1.0,1.0
ring_094119.csv,09:41:01.232,09:41:19.552,230,80.0,0,vDcInst/set_freq/iq_shed,465.38,469.01,46.14,46.72,1.0,1.0
ring_094143.csv,09:41:24.652,09:41:43.052,231,80.0,0,vDcInst/set_freq/iq_shed,465.62,469.25,46.12,46.84,1.0,1.0
ring_094206.csv,09:41:48.121,09:42:06.441,230,80.0,0,vDcInst/set_freq/iq_shed,465.62,469.25,46.23,46.83,1.0,1.0
ring_094230.csv,09:42:11.716,09:42:30.036,230,80.0,0,vDcInst/set_freq/iq_shed,464.65,469.49,46.3,46.76,1.0,1.0
ring_094253.csv,09:42:35.186,09:42:53.586,231,80.0,0,vDcInst/set_freq/iq_shed,463.45,469.25,46.09,46.79,1.0,1.0
ring_094317.csv,09:42:58.814,09:43:17.214,231,80.0,0,vDcInst/set_freq/iq_shed,465.62,476.98,44.89,46.78,1.0,1.0
ring_094340.csv,09:43:22.314,09:43:40.714,231,80.0,0,vDcInst/set_freq/iq_shed,466.35,469.97,46.3,46.81,1.0,1.0
ring_094404.csv,09:43:45.783,09:44:04.183,231,80.0,0,vDcInst/set_freq/iq_shed,466.59,469.97,46.02,46.83,1.0,1.0
ring_094427.csv,09:44:09.267,09:44:27.587,230,80.0,0,vDcInst/set_freq/iq_shed,466.59,470.21,46.25,46.8,1.0,1.0
ring_094451.csv,09:44:32.832,09:44:51.312,232,80.0,0,vDcInst/set_freq/iq_shed,467.56,470.94,46.21,46.91,1.0,1.0
ring_094514.csv,09:44:56.395,09:45:14.715,230,80.0,0,vDcInst/set_freq/iq_shed,466.83,470.46,46.3,46.87,1.0,1.0
ring_094538.csv,09:45:19.977,09:45:38.297,230,80.0,0,vDcInst/set_freq/iq_shed,466.83,470.46,46.34,46.84,1.0,1.0
ring_094601.csv,09:45:43.428,09:46:01.828,231,80.0,0,vDcInst/set_freq/iq_shed,467.07,470.21,46.26,46.87,1.0,1.0
ring_094625.csv,09:46:06.882,09:46:25.282,231,80.0,0,vDcInst/set_freq/iq_shed,466.59,471.18,46.3,46.82,1.0,1.0
ring_094648.csv,09:46:30.494,09:46:48.814,230,80.0,0,vDcInst/set_freq/iq_shed,466.59,470.7,46.26,46.81,1.0,1.0
ring_094712.csv,09:46:54.090,09:47:12.490,231,80.0,0,vDcInst/set_freq/iq_shed,466.35,469.97,46.27,46.82,1.0,1.0
ring_094738.csv,09:47:18.644,09:47:38.004,243,80.0,0,vDcInst/set_freq/iq_shed,467.07,470.46,45.82,46.75,1.0,1.0
ring_094801.csv,09:47:43.377,09:48:01.777,231,80.0,0,vDcInst/set_freq/iq_shed,466.83,471.18,46.31,46.87,1.0,1.0
ring_094825.csv,09:48:07.037,09:48:25.437,231,80.0,0,vDcInst/set_freq/iq_shed,466.83,470.7,46.28,46.93,1.0,1.0
ring_094848.csv,09:48:30.523,09:48:48.923,231,80.0,0,vDcInst/set_freq/iq_shed,467.56,471.18,46.41,46.89,1.0,1.0
ring_094912.csv,09:48:54.055,09:49:12.535,232,80.0,0,vDcInst/set_freq/iq_shed,466.35,470.94,46.31,46.98,1.0,1.0
ring_094936.csv,09:49:17.684,09:49:36.004,230,80.0,0,vDcInst/set_freq/iq_shed,467.56,471.67,46.27,46.95,1.0,1.0
ring_094959.csv,09:49:41.070,09:49:59.950,237,80.0,0,vDcInst/set_freq/iq_shed,468.52,472.15,46.3,46.82,1.0,1.0
ring_095024.csv,09:50:05.116,09:50:24.556,244,80.0,0,vDcInst/set_freq/iq_shed,468.76,471.67,46.2,46.89,1.0,1.0
ring_095048.csv,09:50:30.169,09:50:48.569,231,80.0,0,vDcInst/set_freq/iq_shed,469.01,472.87,46.43,46.98,1.0,1.0
ring_095112.csv,09:50:53.749,09:51:12.229,232,80.0,0,vDcInst/set_freq/iq_shed,469.01,472.87,46.32,46.95,1.0,1.0
ring_095136.csv,09:51:17.759,09:51:36.639,237,80.0,0,vDcInst/set_freq/iq_shed,469.49,472.63,46.27,46.99,1.0,1.0
ring_095200.csv,09:51:42.169,09:52:00.489,230,80.0,0,vDcInst/set_freq/iq_shed,469.01,472.63,46.31,46.94,1.0,1.0
ring_095224.csv,09:52:06.003,09:52:24.323,230,80.0,0,vDcInst/set_freq/iq_shed,469.01,472.39,46.4,47.05,1.0,1.0
ring_095248.csv,09:52:29.422,09:52:48.302,237,80.0,0,vDcInst/set_freq/iq_shed,469.49,473.36,46.35,47.08,1.0,1.0
ring_095311.csv,09:52:53.465,09:53:11.785,230,80.0,0,vDcInst/set_freq/iq_shed,469.25,472.39,46.25,47.06,1.0,1.0
ring_095335.csv,09:53:16.963,09:53:35.363,231,80.0,0,vDcInst/set_freq/iq_shed,469.01,472.87,46.19,46.87,1.0,1.0
ring_095358.csv,09:53:40.494,09:53:58.894,231,80.0,0,vDcInst/set_freq/iq_shed,469.73,473.12,46.15,46.92,1.0,1.0
ring_095422.csv,09:54:04.040,09:54:22.440,231,80.0,0,vDcInst/set_freq/iq_shed,469.01,474.08,46.21,46.87,1.0,1.0
ring_095445.csv,09:54:27.537,09:54:45.937,231,80.0,0,vDcInst/set_freq/iq_shed,469.97,473.36,46.29,47.08,1.0,1.0
ring_095509.csv,09:54:51.628,09:55:09.948,230,80.0,0,vDcInst/set_freq/iq_shed,467.8,473.6,46.18,47.15,1.0,1.0
ring_095533.csv,09:55:15.463,09:55:33.863,231,80.0,0,vDcInst/set_freq/iq_shed,470.21,473.84,46.31,47.05,1.0,1.0
ring_095557.csv,09:55:38.961,09:55:57.361,231,80.0,0,vDcInst/set_freq/iq_shed,470.21,473.36,46.12,47.17,1.0,1.0
ring_095621.csv,09:56:02.458,09:56:21.418,238,80.0,0,vDcInst/set_freq/iq_shed,469.49,473.36,46.11,46.91,1.0,1.0
ring_095645.csv,09:56:26.966,09:56:45.286,230,80.0,0,vDcInst/set_freq/iq_shed,468.52,473.12,46.2,46.93,1.0,1.0
ring_095709.csv,09:56:50.799,09:57:09.199,231,80.0,0,vDcInst/set_freq/iq_shed,469.73,473.36,46.06,47.03,1.0,1.0
ring_095732.csv,09:57:14.265,09:57:32.585,230,80.0,0,vDcInst/set_freq/iq_shed,469.49,473.12,46.15,47.01,1.0,1.0
ring_095756.csv,09:57:37.763,09:57:56.163,231,80.0,0,vDcInst/set_freq/iq_shed,469.97,473.12,46.19,47.26,1.0,1.0
ring_095819.csv,09:58:01.342,09:58:19.662,230,80.0,0,vDcInst/set_freq/iq_shed,469.49,472.87,46.27,46.87,1.0,1.0
ring_095843.csv,09:58:24.873,09:58:43.193,230,80.0,0,vDcInst/set_freq/iq_shed,469.49,472.63,46.14,46.93,1.0,1.0
ring_095906.csv,09:58:48.356,09:59:06.756,231,80.0,0,vDcInst/set_freq/iq_shed,469.49,472.87,46.05,46.96,1.0,1.0
ring_095930.csv,09:59:11.933,09:59:30.333,231,80.0,0,vDcInst/set_freq/iq_shed,469.73,472.87,46.19,47.12,1.0,1.0
ring_095953.csv,09:59:35.415,09:59:53.815,231,80.0,0,vDcInst/set_freq/iq_shed,470.21,473.84,46.05,47.09,1.0,1.0
ring_100017.csv,09:59:59.025,10:00:17.345,230,80.0,0,vDcInst/set_freq/iq_shed,469.73,473.36,46.06,47.15,1.0,1.0
ring_100040.csv,10:00:22.557,10:00:40.957,231,80.0,0,vDcInst/set_freq/iq_shed,469.97,473.6,46.18,47.08,1.0,1.0
ring_100104.csv,10:00:46.104,10:01:04.424,230,80.0,0,vDcInst/set_freq/iq_shed,469.97,473.36,45.96,46.99,1.0,1.0
ring_100127.csv,10:01:09.490,10:01:27.890,231,80.0,0,vDcInst/set_freq/iq_shed,470.21,473.84,46.17,47.01,1.0,1.0
ring_100151.csv,10:01:33.069,10:01:51.549,232,80.0,0,vDcInst/set_freq/iq_shed,470.21,474.32,46.13,46.99,1.0,1.0
ring_100215.csv,10:01:56.727,10:02:15.047,230,80.0,0,vDcInst/set_freq/iq_shed,470.46,473.6,46.11,47.0,1.0,1.0
ring_100238.csv,10:02:20.114,10:02:38.514,231,80.0,0,vDcInst/set_freq/iq_shed,470.21,473.36,46.14,46.94,1.0,1.0
ring_100302.csv,10:02:43.723,10:03:02.123,231,80.0,0,vDcInst/set_freq/iq_shed,470.21,473.36,46.12,47.0,1.0,1.0
ring_100325.csv,10:03:07.254,10:03:25.574,230,80.0,0,vDcInst/set_freq/iq_shed,470.7,473.6,46.08,46.99,1.0,1.0
ring_100349.csv,10:03:30.785,10:03:49.185,231,80.0,0,vDcInst/set_freq/iq_shed,470.94,474.08,46.2,47.04,1.0,1.0
ring_100412.csv,10:03:54.235,10:04:12.635,231,80.0,0,vDcInst/set_freq/iq_shed,470.46,473.84,46.17,47.04,1.0,1.0
ring_100436.csv,10:04:17.830,10:04:36.230,231,80.0,0,vDcInst/set_freq/iq_shed,470.7,474.08,46.1,47.03,1.0,1.0
ring_100500.csv,10:04:41.936,10:05:00.256,230,80.0,0,vDcInst/set_freq/iq_shed,470.7,474.32,46.22,46.92,1.0,1.0
ring_100523.csv,10:05:05.562,10:05:23.962,231,80.0,0,vDcInst/set_freq/iq_shed,470.46,474.32,46.38,46.91,1.0,1.0
ring_100547.csv,10:05:29.125,10:05:47.445,230,80.0,0,vDcInst/set_freq/iq_shed,471.18,474.32,46.23,47.05,1.0,1.0
ring_100612.csv,10:05:53.727,10:06:12.127,231,80.0,0,vDcInst/set_freq/iq_shed,471.67,474.57,46.23,46.98,1.0,1.0
ring_100636.csv,10:06:18.472,10:06:36.792,230,80.0,0,vDcInst/set_freq/iq_shed,471.18,474.57,46.17,47.03,1.0,1.0
ring_100700.csv,10:06:42.210,10:07:00.610,231,80.0,0,vDcInst/set_freq/iq_shed,471.67,474.81,46.29,47.09,1.0,1.0
ring_100724.csv,10:07:05.725,10:07:24.125,231,80.0,0,vDcInst/set_freq/iq_shed,470.94,474.57,46.34,46.99,1.0,1.0
ring_100747.csv,10:07:29.224,10:07:47.544,230,80.0,0,vDcInst/set_freq/iq_shed,470.94,474.57,46.33,47.03,1.0,1.0
ring_100811.csv,10:07:52.849,10:08:11.249,231,80.0,0,vDcInst/set_freq/iq_shed,471.18,474.57,46.3,46.98,1.0,1.0
ring_100834.csv,10:08:16.412,10:08:34.732,230,80.0,0,vDcInst/set_freq/iq_shed,471.18,474.81,46.15,46.9,1.0,1.0
ring_100858.csv,10:08:39.814,10:08:58.214,231,80.0,0,vDcInst/set_freq/iq_shed,471.67,474.32,46.37,47.09,1.0,1.0
ring_100921.csv,10:09:03.441,10:09:21.841,231,80.0,0,vDcInst/set_freq/iq_shed,471.67,475.05,46.32,47.11,1.0,1.0
ring_100945.csv,10:09:26.892,10:09:45.212,230,80.0,0,vDcInst/set_freq/iq_shed,471.67,475.05,46.31,47.1,1.0,1.0
ring_101008.csv,10:09:50.422,10:10:08.742,230,80.0,0,vDcInst/set_freq/iq_shed,471.91,475.29,46.32,47.05,1.0,1.0
ring_101032.csv,10:10:13.904,10:10:32.224,230,80.0,0,vDcInst/set_freq/iq_shed,471.67,475.53,46.51,47.06,1.0,1.0
ring_101057.csv,10:10:38.459,10:10:57.819,243,80.0,0,vDcInst/set_freq/iq_shed,471.42,474.81,46.36,46.92,1.0,1.0
ring_101121.csv,10:11:03.365,10:11:21.765,231,80.0,0,vDcInst/set_freq/iq_shed,471.42,475.05,46.3,47.02,1.0,1.0
ring_101145.csv,10:11:26.928,10:11:45.248,230,80.0,0,vDcInst/set_freq/iq_shed,471.67,475.05,46.38,47.19,1.0,1.0
ring_101210.csv,10:11:51.689,10:12:10.009,230,80.0,0,vDcInst/set_freq/iq_shed,471.67,475.05,46.36,46.97,1.0,1.0
ring_101234.csv,10:12:15.332,10:12:34.772,244,80.0,0,vDcInst/set_freq/iq_shed,471.67,475.05,46.31,47.06,1.0,1.0
ring_101258.csv,10:12:40.381,10:12:58.701,230,80.0,0,vDcInst/set_freq/iq_shed,471.18,474.57,46.37,46.99,1.0,1.0
ring_101322.csv,10:13:04.024,10:13:22.424,231,80.0,0,vDcInst/set_freq/iq_shed,471.91,474.57,46.37,47.13,1.0,1.0
ring_101346.csv,10:13:27.522,10:13:46.802,242,80.0,0,vDcInst/set_freq/iq_shed,471.42,474.57,46.27,47.07,1.0,1.0
ring_101410.csv,10:13:52.620,10:14:10.940,230,80.0,0,vDcInst/set_freq/iq_shed,471.91,474.81,46.31,47.07,1.0,1.0
ring_101435.csv,10:14:16.808,10:14:35.128,230,80.0,0,vDcInst/set_freq/iq_shed,471.18,474.81,46.35,47.05,1.0,1.0
ring_101458.csv,10:14:40.562,10:14:58.802,229,80.0,0,vDcInst/set_freq/iq_shed,471.67,474.81,46.41,47.14,1.0,1.0
ring_101522.csv,10:15:04.141,10:15:22.461,230,80.0,0,vDcInst/set_freq/iq_shed,471.67,474.81,46.39,47.16,1.0,1.0
ring_101546.csv,10:15:27.623,10:15:46.023,231,80.0,0,vDcInst/set_freq/iq_shed,471.67,474.32,46.34,47.03,1.0,1.0
ring_101609.csv,10:15:51.089,10:16:09.409,230,80.0,0,vDcInst/set_freq/iq_shed,471.18,474.32,46.25,46.94,1.0,1.0
ring_101633.csv,10:16:14.716,10:16:33.036,230,80.0,0,vDcInst/set_freq/iq_shed,470.94,474.08,46.31,46.95,1.0,1.0
ring_101656.csv,10:16:38.228,10:16:56.548,230,80.0,0,vDcInst/set_freq/iq_shed,470.46,473.6,46.16,46.91,1.0,1.0
ring_101720.csv,10:17:01.791,10:17:20.111,230,80.0,0,vDcInst/set_freq/iq_shed,470.94,474.32,46.3,47.06,1.0,1.0
ring_101743.csv,10:17:25.241,10:17:43.641,231,80.0,0,vDcInst/set_freq/iq_shed,469.97,473.6,46.22,47.08,1.0,1.0
ring_101807.csv,10:17:49.428,10:18:07.748,230,80.0,0,vDcInst/set_freq/iq_shed,470.46,473.6,46.16,47.0,1.0,1.0
ring_101831.csv,10:18:13.150,10:18:31.470,230,80.0,0,vDcInst/set_freq/iq_shed,470.21,473.6,45.96,47.13,1.0,1.0
ring_101855.csv,10:18:36.680,10:18:55.080,231,80.0,0,vDcInst/set_freq/iq_shed,470.46,473.6,46.28,47.14,1.0,1.0
ring_101918.csv,10:19:00.115,10:19:18.515,231,80.0,0,vDcInst/set_freq/iq_shed,470.46,473.84,46.07,47.01,1.0,1.0
ring_101942.csv,10:19:23.692,10:19:42.652,238,80.0,0,vDcInst/set_freq/iq_shed,470.46,474.08,46.08,47.05,1.0,1.0
ring_102006.csv,10:19:48.200,10:20:06.520,230,80.0,0,vDcInst/set_freq/iq_shed,470.21,474.57,46.29,47.02,1.0,1.0
ring_102030.csv,10:20:11.666,10:20:30.546,237,80.0,0,vDcInst/set_freq/iq_shed,470.94,474.08,46.18,47.02,1.0,1.0
ring_102054.csv,10:20:36.027,10:20:54.347,230,80.0,0,vDcInst/set_freq/iq_shed,470.46,473.6,46.32,47.1,1.0,1.0
ring_102117.csv,10:20:59.446,10:21:17.686,229,80.0,0,vDcInst/set_freq/iq_shed,469.73,473.36,46.14,47.19,1.0,1.0
ring_102141.csv,10:21:23.013,10:21:41.333,230,80.0,0,vDcInst/set_freq/iq_shed,470.21,472.87,46.04,46.91,1.0,1.0
ring_102206.csv,10:21:47.616,10:22:06.016,231,80.0,0,vDcInst/set_freq/iq_shed,470.21,473.36,46.17,47.02,1.0,1.0
ring_102229.csv,10:22:11.322,10:22:29.642,230,80.0,0,vDcInst/set_freq/iq_shed,470.21,473.12,46.05,47.01,1.0,1.0
ring_102253.csv,10:22:34.837,10:22:53.237,231,80.0,0,vDcInst/set_freq/iq_shed,469.97,473.6,46.09,46.98,1.0,1.0
ring_102316.csv,10:22:58.298,10:23:16.698,231,80.0,0,vDcInst/set_freq/iq_shed,469.97,473.12,46.08,46.98,1.0,1.0
ring_102340.csv,10:23:21.924,10:23:40.244,230,80.0,0,vDcInst/set_freq/iq_shed,470.46,473.6,45.91,46.91,1.0,1.0
ring_102403.csv,10:23:45.376,10:24:03.776,231,80.0,0,vDcInst/set_freq/iq_shed,469.97,473.36,46.32,46.92,1.0,1.0
ring_102427.csv,10:24:08.889,10:24:27.209,230,80.0,0,vDcInst/set_freq/iq_shed,469.73,472.87,46.13,47.05,1.0,1.0
ring_102450.csv,10:24:32.357,10:24:50.757,231,80.0,0,vDcInst/set_freq/iq_shed,469.97,473.12,46.25,46.91,1.0,1.0
ring_102514.csv,10:24:55.902,10:25:14.382,232,80.0,0,vDcInst/set_freq/iq_shed,469.97,472.87,46.31,46.94,1.0,1.0
ring_102537.csv,10:25:19.561,10:25:37.881,230,80.0,0,vDcInst/set_freq/iq_shed,469.73,472.63,46.12,46.94,1.0,1.0
ring_102601.csv,10:25:43.041,10:26:01.441,231,80.0,0,vDcInst/set_freq/iq_shed,469.73,472.63,46.32,46.97,1.0,1.0
ring_102624.csv,10:26:06.570,10:26:24.890,230,80.0,0,vDcInst/set_freq/iq_shed,469.97,473.12,46.23,47.02,1.0,1.0
ring_102648.csv,10:26:30.148,10:26:48.468,230,80.0,0,vDcInst/set_freq/iq_shed,469.49,473.12,46.19,46.81,1.0,1.0
ring_102712.csv,10:26:53.533,10:27:12.013,232,80.0,0,vDcInst/set_freq/iq_shed,469.73,473.36,46.14,47.04,1.0,1.0
ring_102736.csv,10:27:17.191,10:27:36.071,237,80.0,0,vDcInst/set_freq/iq_shed,469.73,472.87,46.21,46.84,1.0,1.0
ring_102800.csv,10:27:41.568,10:28:00.448,237,80.0,0,vDcInst/set_freq/iq_shed,469.73,472.87,46.27,46.85,1.0,1.0
ring_102824.csv,10:28:05.961,10:28:24.361,231,80.0,0,vDcInst/set_freq/iq_shed,469.25,472.63,46.16,46.95,1.0,1.0
ring_102848.csv,10:28:29.780,10:28:48.180,231,80.0,0,vDcInst/set_freq/iq_shed,469.25,472.39,46.25,47.13,1.0,1.0
ring_102911.csv,10:28:53.341,10:29:11.661,230,80.0,0,vDcInst/set_freq/iq_shed,469.01,472.39,46.21,46.9,1.0,1.0
ring_102935.csv,10:29:16.791,10:29:35.111,230,80.0,0,vDcInst/set_freq/iq_shed,469.25,472.39,46.2,46.97,1.0,1.0
ring_102958.csv,10:29:40.304,10:29:58.624,230,80.0,0,vDcInst/set_freq/iq_shed,469.49,472.63,46.23,46.97,1.0,1.0
ring_103022.csv,10:30:03.802,10:30:22.282,232,80.0,0,vDcInst/set_freq/iq_shed,469.25,473.12,46.21,46.87,1.0,1.0
ring_103045.csv,10:30:27.459,10:30:45.779,230,80.0,0,vDcInst/set_freq/iq_shed,469.49,472.39,46.08,47.0,1.0,1.0
ring_103109.csv,10:30:50.925,10:31:09.245,230,80.0,0,vDcInst/set_freq/iq_shed,469.25,472.15,46.26,47.02,1.0,1.0
ring_103132.csv,10:31:14.437,10:31:32.837,231,80.0,0,vDcInst/set_freq/iq_shed,469.01,472.39,46.21,46.92,1.0,1.0
ring_103156.csv,10:31:37.968,10:31:56.208,229,80.0,0,vDcInst/set_freq/iq_shed,469.01,471.91,46.28,47.08,1.0,1.0
ring_103219.csv,10:32:01.433,10:32:19.913,232,80.0,0,vDcInst/set_freq/iq_shed,469.01,472.15,46.21,46.8,1.0,1.0
ring_103243.csv,10:32:25.075,10:32:43.475,231,80.0,0,vDcInst/set_freq/iq_shed,468.76,472.15,46.23,47.06,1.0,1.0
ring_103307.csv,10:32:49.149,10:33:07.469,230,80.0,0,vDcInst/set_freq/iq_shed,469.01,472.15,46.43,47.0,1.0,1.0
ring_103331.csv,10:33:12.982,10:33:31.382,231,80.0,0,vDcInst/set_freq/iq_shed,469.25,472.15,46.28,46.94,1.0,1.0
ring_103354.csv,10:33:36.400,10:33:54.720,230,80.0,0,vDcInst/set_freq/iq_shed,468.76,472.15,46.29,47.08,1.0,1.0
ring_103419.csv,10:34:01.081,10:34:19.401,230,80.0,0,vDcInst/set_freq/iq_shed,468.52,471.91,46.22,46.94,1.0,1.0
ring_103441.csv,10:34:24.722,10:34:41.682,213,80.0,0,vDcInst/set_freq/iq_shed,468.52,471.42,46.4,46.85,1.0,1.0
ring_103505.csv,10:34:46.876,10:35:05.276,231,80.0,0,vDcInst/set_freq/iq_shed,467.8,471.42,46.45,46.95,1.0,1.0
ring_103528.csv,10:35:10.550,10:35:28.870,230,80.0,0,vDcInst/set_freq/iq_shed,468.04,471.18,46.36,46.9,1.0,1.0
ring_103553.csv,10:35:34.094,10:35:53.534,244,80.0,0,vDcInst/set_freq/iq_shed,468.28,471.18,46.29,46.93,1.0,1.0
ring_103617.csv,10:35:59.113,10:36:17.513,231,80.0,0,vDcInst/set_freq/iq_shed,467.8,471.18,46.15,46.9,1.0,1.0
ring_103641.csv,10:36:22.787,10:36:41.267,232,80.0,0,vDcInst/set_freq/iq_shed,468.28,471.18,46.37,46.8,1.0,1.0
ring_103705.csv,10:36:46.699,10:37:05.019,230,80.0,0,vDcInst/set_freq/iq_shed,468.28,471.18,46.48,46.94,1.0,1.0
ring_103728.csv,10:37:10.149,10:37:28.469,230,80.0,0,vDcInst/set_freq/iq_shed,468.52,471.67,46.45,46.9,1.0,1.0
ring_103752.csv,10:37:33.791,10:37:52.191,231,80.0,0,vDcInst/set_freq/iq_shed,468.52,471.91,46.38,47.02,1.0,1.0
ring_103815.csv,10:37:57.320,10:38:15.640,230,80.0,0,vDcInst/set_freq/iq_shed,468.28,471.67,46.36,47.03,1.0,1.0
ring_103840.csv,10:38:21.825,10:38:40.225,231,80.0,0,vDcInst/set_freq/iq_shed,469.25,472.39,46.33,47.03,1.0,1.0
ring_103905.csv,10:38:46.651,10:39:05.051,231,80.0,0,vDcInst/set_freq/iq_shed,469.25,472.63,46.12,46.87,1.0,1.0
ring_103928.csv,10:39:10.355,10:39:28.755,231,80.0,0,vDcInst/set_freq/iq_shed,469.01,472.63,46.2,46.98,1.0,1.0
ring_103952.csv,10:39:33.916,10:39:52.236,230,80.0,0,vDcInst/set_freq/iq_shed,469.73,472.39,46.21,47.17,1.0,1.0
ring_104015.csv,10:39:57.415,10:40:15.815,231,80.0,0,vDcInst/set_freq/iq_shed,469.73,473.12,46.09,47.0,1.0,1.0
ring_104040.csv,10:40:21.921,10:40:40.321,231,80.0,0,vDcInst/set_freq/iq_shed,469.73,472.87,46.11,47.11,1.0,1.0
ring_104105.csv,10:40:46.745,10:41:05.145,231,80.0,0,vDcInst/set_freq/iq_shed,470.21,473.12,46.02,47.02,1.0,1.0
ring_104128.csv,10:41:10.434,10:41:28.754,230,80.0,0,vDcInst/set_freq/iq_shed,469.49,472.63,46.2,47.08,1.0,1.0
ring_104152.csv,10:41:33.981,10:41:52.381,231,80.0,0,vDcInst/set_freq/iq_shed,469.49,472.87,46.18,47.27,1.0,1.0
ring_104215.csv,10:41:57.510,10:42:15.830,230,80.0,0,vDcInst/set_freq/iq_shed,469.73,472.87,46.14,47.08,1.0,1.0
ring_104239.csv,10:42:21.071,10:42:39.391,230,80.0,0,vDcInst/set_freq/iq_shed,469.97,473.12,46.08,47.14,1.0,1.0
ring_104304.csv,10:42:44.600,10:43:04.040,244,80.0,0,vDcInst/set_freq/iq_shed,470.21,473.36,46.21,47.09,1.0,1.0
ring_104328.csv,10:43:09.683,10:43:28.003,230,80.0,0,vDcInst/set_freq/iq_shed,470.46,473.84,46.23,47.05,1.0,1.0
ring_104351.csv,10:43:33.196,10:43:51.516,230,80.0,0,vDcInst/set_freq/iq_shed,470.7,474.08,46.31,46.89,1.0,1.0
ring_104415.csv,10:43:57.382,10:44:15.782,231,80.0,0,vDcInst/set_freq/iq_shed,470.94,474.32,46.3,46.91,1.0,1.0
ring_104439.csv,10:44:21.104,10:44:39.424,230,80.0,0,vDcInst/set_freq/iq_shed,470.21,473.6,46.24,46.89,1.0,1.0
ring_104502.csv,10:44:44.585,10:45:02.905,230,80.0,0,vDcInst/set_freq/iq_shed,469.73,473.6,46.23,47.05,1.0,1.0
ring_104526.csv,10:45:08.195,10:45:26.595,231,80.0,0,vDcInst/set_freq/iq_shed,469.97,474.32,46.15,47.15,1.0,1.0
ring_104550.csv,10:45:31.724,10:45:50.044,230,80.0,0,vDcInst/set_freq/iq_shed,469.97,473.12,46.19,47.03,1.0,1.0
ring_104613.csv,10:45:55.206,10:46:13.606,231,80.0,0,vDcInst/set_freq/iq_shed,469.73,473.12,46.08,47.09,1.0,1.0
ring_104637.csv,10:46:18.848,10:46:37.168,230,80.0,0,vDcInst/set_freq/iq_shed,470.46,473.6,46.23,47.15,1.0,1.0
ring_104701.csv,10:46:42.407,10:47:01.287,237,80.0,0,vDcInst/set_freq/iq_shed,470.21,472.87,46.05,47.06,1.0,1.0
ring_104725.csv,10:47:06.800,10:47:25.200,231,80.0,0,vDcInst/set_freq/iq_shed,469.97,472.87,46.15,47.28,1.0,1.0
ring_104749.csv,10:47:31.642,10:47:49.962,230,80.0,0,vDcInst/set_freq/iq_shed,469.49,472.63,46.22,47.12,1.0,1.0
ring_104813.csv,10:47:55.364,10:48:13.684,230,80.0,0,vDcInst/set_freq/iq_shed,469.73,473.12,46.15,46.82,1.0,1.0
ring_104838.csv,10:48:18.860,10:48:38.220,243,80.0,0,vDcInst/set_freq/iq_shed,470.21,472.87,46.09,47.05,1.0,1.0
ring_104902.csv,10:48:43.926,10:49:02.246,230,80.0,0,vDcInst/set_freq/iq_shed,470.21,473.12,46.13,47.13,1.0,1.0
ring_104926.csv,10:49:07.584,10:49:26.464,237,80.0,0,vDcInst/set_freq/iq_shed,469.73,472.87,46.16,47.1,1.0,1.0
ring_104949.csv,10:49:31.672,10:49:49.912,229,80.0,0,vDcInst/set_freq/iq_shed,469.97,473.36,46.15,47.03,1.0,1.0
ring_105013.csv,10:49:55.011,10:50:13.491,232,80.0,0,vDcInst/set_freq/iq_shed,470.46,473.36,46.2,46.91,1.0,1.0
ring_105037.csv,10:50:18.653,10:50:37.053,231,80.0,0,vDcInst/set_freq/iq_shed,470.94,473.6,46.26,46.98,1.0,1.0
ring_105100.csv,10:50:42.135,10:51:00.535,231,80.0,0,vDcInst/set_freq/iq_shed,470.46,473.6,46.13,46.94,1.0,1.0
ring_105124.csv,10:51:05.615,10:51:24.975,243,80.0,0,vDcInst/set_freq/iq_shed,470.7,473.84,46.25,46.9,1.0,1.0
ring_105149.csv,10:51:30.729,10:51:49.129,231,80.0,0,vDcInst/set_freq/iq_shed,470.7,473.84,46.34,47.05,1.0,1.0
ring_105212.csv,10:51:54.322,10:52:12.642,230,80.0,0,vDcInst/set_freq/iq_shed,470.7,473.84,46.22,46.93,1.0,1.0
ring_105236.csv,10:52:17.883,10:52:36.203,230,80.0,0,vDcInst/set_freq/iq_shed,470.7,473.84,46.43,46.94,1.0,1.0
ring_105259.csv,10:52:41.398,10:52:59.718,230,80.0,0,vDcInst/set_freq/iq_shed,470.94,475.29,46.29,47.06,1.0,1.0
ring_105323.csv,10:53:04.895,10:53:23.215,230,80.0,0,vDcInst/set_freq/iq_shed,470.46,473.84,46.24,46.95,1.0,1.0
ring_105346.csv,10:53:28.489,10:53:46.889,231,80.0,0,vDcInst/set_freq/iq_shed,471.18,474.32,46.32,47.02,1.0,1.0
ring_105411.csv,10:53:51.986,10:54:11.346,243,80.0,0,vDcInst/set_freq/iq_shed,471.67,474.57,46.41,47.0,1.0,1.0
ring_105435.csv,10:54:17.116,10:54:35.436,230,80.0,0,vDcInst/set_freq/iq_shed,471.42,475.05,46.25,47.02,1.0,1.0
ring_105459.csv,10:54:40.694,10:54:59.094,231,80.0,0,vDcInst/set_freq/iq_shed,471.91,474.08,46.44,47.14,1.0,1.0
ring_105522.csv,10:55:04.239,10:55:22.479,229,80.0,0,vDcInst/set_freq/iq_shed,471.42,474.57,46.42,47.07,1.0,1.0
ring_105546.csv,10:55:27.753,10:55:46.153,231,80.0,0,vDcInst/set_freq/iq_shed,471.67,474.08,46.47,46.97,1.0,1.0
ring_105609.csv,10:55:51.329,10:56:09.649,230,80.0,0,vDcInst/set_freq/iq_shed,470.94,474.32,46.36,46.99,1.0,1.0
ring_105634.csv,10:56:14.843,10:56:34.203,243,80.0,0,vDcInst/set_freq/iq_shed,470.7,474.08,46.32,46.97,1.0,1.0
ring_105658.csv,10:56:39.972,10:56:58.372,231,80.0,0,vDcInst/set_freq/iq_shed,470.7,473.84,46.24,46.94,1.0,1.0
ring_105721.csv,10:57:03.582,10:57:21.902,230,80.0,0,vDcInst/set_freq/iq_shed,470.7,473.36,46.28,47.06,1.0,1.0
ring_105745.csv,10:57:27.127,10:57:45.367,229,80.0,0,vDcInst/set_freq/iq_shed,470.21,473.12,46.14,47.03,1.0,1.0
ring_105809.csv,10:57:50.560,10:58:09.040,232,80.0,0,vDcInst/set_freq/iq_shed,469.73,473.84,46.06,47.03,1.0,1.0
ring_105832.csv,10:58:14.219,10:58:32.539,230,80.0,0,vDcInst/set_freq/iq_shed,469.97,472.87,46.02,47.03,1.0,1.0
ring_105856.csv,10:58:37.668,10:58:56.068,231,80.0,0,vDcInst/set_freq/iq_shed,469.73,472.87,46.45,47.15,1.0,1.0
ring_105919.csv,10:59:01.182,10:59:19.582,231,80.0,0,vDcInst/set_freq/iq_shed,469.49,472.63,46.09,47.02,1.0,1.0
ring_105943.csv,10:59:24.758,10:59:43.158,231,80.0,0,vDcInst/set_freq/iq_shed,469.97,472.87,46.29,47.28,1.0,1.0
ring_110006.csv,10:59:48.240,11:00:06.640,231,80.0,0,vDcInst/set_freq/iq_shed,469.97,472.87,46.17,47.14,1.0,1.0
ring_110030.csv,11:00:11.897,11:00:30.217,230,80.0,0,vDcInst/set_freq/iq_shed,469.73,472.63,46.17,47.12,1.0,1.0
ring_110053.csv,11:00:35.331,11:00:53.651,230,80.0,0,vDcInst/set_freq/iq_shed,469.49,472.39,46.12,47.04,1.0,1.0
ring_110117.csv,11:00:58.826,11:01:17.226,231,80.0,0,vDcInst/set_freq/iq_shed,469.01,472.15,46.32,47.08,1.0,1.0
ring_110140.csv,11:01:22.405,11:01:40.725,230,80.0,0,vDcInst/set_freq/iq_shed,469.49,472.39,46.1,47.01,1.0,1.0
ring_110204.csv,11:01:45.966,11:02:04.366,231,80.0,0,vDcInst/set_freq/iq_shed,469.01,472.15,46.29,46.84,1.0,1.0
ring_110227.csv,11:02:09.495,11:02:27.815,230,80.0,0,vDcInst/set_freq/iq_shed,469.01,471.91,46.11,46.94,1.0,1.0
ring_110251.csv,11:02:33.009,11:02:51.329,230,80.0,0,vDcInst/set_freq/iq_shed,468.76,471.67,46.2,46.98,1.0,1.0
ring_110314.csv,11:02:56.553,11:03:14.953,231,80.0,0,vDcInst/set_freq/iq_shed,468.76,471.91,46.19,46.95,1.0,1.0
ring_110338.csv,11:03:20.114,11:03:38.434,230,80.0,0,vDcInst/set_freq/iq_shed,468.52,471.67,46.14,47.0,1.0,1.0
ring_110402.csv,11:03:44.123,11:04:02.443,230,80.0,0,vDcInst/set_freq/iq_shed,469.01,471.91,46.27,47.05,1.0,1.0
ring_110425.csv,11:04:07.556,11:04:25.956,231,80.0,0,vDcInst/set_freq/iq_shed,469.01,471.67,46.2,46.99,1.0,1.0
ring_110449.csv,11:04:31.631,11:04:49.951,230,80.0,0,vDcInst/set_freq/iq_shed,468.28,471.42,46.28,47.07,1.0,1.0
ring_110513.csv,11:04:55.031,11:05:13.511,232,80.0,0,vDcInst/set_freq/iq_shed,468.52,471.91,46.02,46.98,1.0,1.0
ring_110538.csv,11:05:20.033,11:05:38.353,230,80.0,0,vDcInst/set_freq/iq_shed,468.76,471.67,46.1,46.97,1.0,1.0
ring_110602.csv,11:05:43.737,11:06:02.057,230,80.0,0,vDcInst/set_freq/iq_shed,469.25,472.15,46.39,47.11,1.0,1.0
ring_110625.csv,11:06:07.267,11:06:25.587,230,80.0,0,vDcInst/set_freq/iq_shed,468.52,471.91,46.22,46.86,1.0,1.0
ring_110649.csv,11:06:30.795,11:06:49.115,230,80.0,0,vDcInst/set_freq/iq_shed,468.76,471.91,46.09,46.89,1.0,1.0
ring_110713.csv,11:06:54.276,11:07:13.716,244,80.0,0,vDcInst/set_freq/iq_shed,469.01,471.91,46.14,47.05,1.0,1.0
ring_110738.csv,11:07:19.436,11:07:38.396,238,80.0,0,vDcInst/set_freq/iq_shed,469.01,471.67,46.39,47.0,1.0,1.0
ring_110802.csv,11:07:43.861,11:08:02.261,231,80.0,0,vDcInst/set_freq/iq_shed,468.76,472.63,46.37,46.95,1.0,1.0
ring_110825.csv,11:08:07.312,11:08:25.712,231,80.0,0,vDcInst/set_freq/iq_shed,468.76,471.67,46.31,46.98,1.0,1.0
ring_110849.csv,11:08:30.825,11:08:49.145,230,80.0,0,vDcInst/set_freq/iq_shed,468.52,471.67,46.23,47.01,1.0,1.0
ring_110912.csv,11:08:54.465,11:09:12.785,230,80.0,0,vDcInst/set_freq/iq_shed,468.52,471.42,46.42,47.02,1.0,1.0
ring_110936.csv,11:09:18.010,11:09:36.330,230,80.0,0,vDcInst/set_freq/iq_shed,468.76,471.67,46.4,47.02,1.0,1.0
ring_110959.csv,11:09:41.476,11:09:59.876,231,80.0,0,vDcInst/set_freq/iq_shed,468.52,471.67,46.4,46.98,1.0,1.0
ring_111023.csv,11:10:05.037,11:10:23.437,231,80.0,0,vDcInst/set_freq/iq_shed,468.76,471.18,46.43,47.07,1.0,1.0
ring_111046.csv,11:10:28.550,11:10:46.870,230,80.0,0,vDcInst/set_freq/iq_shed,468.04,470.94,46.2,47.01,1.0,1.0
ring_111110.csv,11:10:52.081,11:11:10.401,230,80.0,0,vDcInst/set_freq/iq_shed,468.28,471.42,46.37,46.97,1.0,1.0
ring_111134.csv,11:11:15.674,11:11:34.074,231,80.0,0,vDcInst/set_freq/iq_shed,468.52,471.42,46.27,47.08,1.0,1.0
ring_111157.csv,11:11:39.138,11:11:57.458,230,80.0,0,vDcInst/set_freq/iq_shed,468.76,471.42,46.41,47.12,1.0,1.0
ring_111221.csv,11:12:02.763,11:12:21.083,230,80.0,0,vDcInst/set_freq/iq_shed,468.52,471.18,46.35,47.16,1.0,1.0
ring_111244.csv,11:12:26.309,11:12:44.629,230,80.0,0,vDcInst/set_freq/iq_shed,468.76,471.91,46.28,47.07,1.0,1.0
ring_111309.csv,11:12:49.725,11:13:09.005,242,80.0,0,vDcInst/set_freq/iq_shed,469.01,472.15,46.26,47.24,1.0,1.0
ring_111333.csv,11:13:14.391,11:13:33.831,244,80.0,0,vDcInst/set_freq/iq_shed,468.76,472.15,46.08,47.1,1.0,1.0
ring_111358.csv,11:13:39.712,11:13:58.112,231,80.0,0,vDcInst/set_freq/iq_shed,469.01,472.15,46.26,46.92,1.0,1.0
ring_111421.csv,11:14:03.242,11:14:21.562,230,80.0,0,vDcInst/set_freq/iq_shed,469.01,471.91,46.12,47.02,1.0,1.0
ring_111445.csv,11:14:26.770,11:14:45.650,237,80.0,0,vDcInst/set_freq/iq_shed,469.01,472.39,46.5,47.57,1.0,1.0
ring_111510.csv,11:14:51.211,11:15:10.651,244,80.0,0,vDcInst/set_freq/iq_shed,469.01,471.91,46.47,47.48,1.0,1.0
ring_111534.csv,11:15:16.196,11:15:34.756,233,80.0,0,vDcInst/set_freq/iq_shed,469.25,472.39,46.12,47.37,1.0,1.0
ring_111559.csv,11:15:40.317,11:15:59.117,236,80.0,0,vDcInst/set_freq/iq_shed,469.01,471.91,46.49,47.03,1.0,1.0
ring_111622.csv,11:16:04.630,11:16:22.870,229,80.0,0,vDcInst/set_freq/iq_shed,468.76,471.67,46.3,46.89,1.0,1.0
ring_111646.csv,11:16:28.096,11:16:46.416,230,80.0,0,vDcInst/set_freq/iq_shed,468.76,471.67,46.31,47.41,1.0,1.0
ring_111710.csv,11:16:51.640,11:17:10.040,231,80.0,0,vDcInst/set_freq/iq_shed,468.28,471.67,46.38,47.3,1.0,1.0
ring_111733.csv,11:17:15.153,11:17:33.473,230,80.0,0,vDcInst/set_freq/iq_shed,468.04,471.18,46.24,47.21,1.0,1.0
ring_111757.csv,11:17:38.715,11:17:57.355,234,80.0,0,vDcInst/set_freq/iq_shed,467.31,471.18,46.2,47.04,1.0,1.0
ring_111821.csv,11:18:02.771,11:18:21.251,232,80.0,0,vDcInst/set_freq/iq_shed,468.28,471.42,46.27,47.23,1.0,1.0
ring_111844.csv,11:18:26.556,11:18:44.796,229,80.0,0,vDcInst/set_freq/iq_shed,468.28,470.94,46.33,47.17,1.0,1.0
ring_111908.csv,11:18:50.134,11:19:08.454,230,80.0,0,vDcInst/set_freq/iq_shed,468.52,471.18,46.23,47.28,1.0,1.0
ring_111932.csv,11:19:13.695,11:19:32.095,231,80.0,0,vDcInst/set_freq/iq_shed,468.28,471.18,46.24,47.24,1.0,1.0
ring_111955.csv,11:19:37.240,11:19:55.560,230,80.0,0,vDcInst/set_freq/iq_shed,467.8,470.46,46.3,47.06,1.0,1.0
ring_112019.csv,11:20:00.770,11:20:19.090,230,80.0,0,vDcInst/set_freq/iq_shed,468.04,471.18,46.34,47.31,1.0,1.0
ring_112042.csv,11:20:24.298,11:20:42.858,233,80.0,0,vDcInst/set_freq/iq_shed,469.49,472.39,46.29,47.38,1.0,1.0
ring_112106.csv,11:20:48.261,11:21:06.901,234,80.0,0,vDcInst/set_freq/iq_shed,469.73,472.63,46.51,47.71,1.0,1.0
ring_112130.csv,11:21:12.204,11:21:30.524,230,80.0,0,vDcInst/set_freq/iq_shed,469.49,472.87,46.14,46.81,1.0,1.0
ring_112154.csv,11:21:35.701,11:21:54.101,231,80.0,0,vDcInst/set_freq/iq_shed,469.97,473.36,46.03,46.77,1.0,1.0
ring_112217.csv,11:21:59.199,11:22:17.759,233,80.0,0,vDcInst/set_freq/iq_shed,470.21,472.87,46.09,47.17,1.0,1.0
ring_112241.csv,11:22:23.273,11:22:41.913,234,80.0,0,vDcInst/set_freq/iq_shed,470.46,472.39,46.32,47.56,1.0,1.0
ring_112306.csv,11:22:47.216,11:23:06.576,243,80.0,0,vDcInst/set_freq/iq_shed,469.97,473.12,46.13,47.31,1.0,1.0
ring_112330.csv,11:23:12.249,11:23:30.649,231,80.0,0,vDcInst/set_freq/iq_shed,470.21,473.84,46.17,47.19,1.0,1.0
ring_112354.csv,11:23:35.891,11:23:54.131,229,80.0,0,vDcInst/set_freq/iq_shed,469.97,473.12,46.08,47.39,1.0,1.0
ring_112419.csv,11:23:59.339,11:24:19.339,251,80.0,0,vDcInst/set_freq/iq_shed,470.21,473.12,46.09,47.28,1.0,1.0
ring_112443.csv,11:24:24.948,11:24:43.268,230,80.0,0,vDcInst/set_freq/iq_shed,470.46,473.12,46.08,46.88,1.0,1.0
ring_112507.csv,11:24:48.462,11:25:07.822,243,80.0,0,vDcInst/set_freq/iq_shed,469.97,473.36,46.22,47.38,1.0,1.0
ring_112531.csv,11:25:13.559,11:25:31.879,230,80.0,0,vDcInst/set_freq/iq_shed,469.49,473.12,46.42,47.89,1.0,1.0
ring_112556.csv,11:25:37.169,11:25:56.129,238,80.0,0,vDcInst/set_freq/iq_shed,469.73,472.39,46.48,47.6,1.0,1.0
ring_112620.csv,11:26:01.674,11:26:20.554,237,80.0,0,vDcInst/set_freq/iq_shed,469.49,472.39,46.65,47.71,1.0,1.0
ring_112644.csv,11:26:25.970,11:26:44.370,231,80.0,0,vDcInst/set_freq/iq_shed,469.49,472.63,47.23,47.79,1.0,1.0
ring_112708.csv,11:26:49.691,11:27:08.011,230,80.0,0,vDcInst/set_freq/iq_shed,469.49,472.39,46.43,47.65,1.0,1.0
ring_112731.csv,11:27:13.348,11:27:31.748,231,80.0,0,vDcInst/set_freq/iq_shed,469.73,472.39,46.54,46.99,1.0,1.0
ring_112755.csv,11:27:36.813,11:27:55.213,231,80.0,0,vDcInst/set_freq/iq_shed,469.73,472.39,46.46,47.28,1.0,1.0
ring_112818.csv,11:28:00.423,11:28:18.823,231,80.0,0,vDcInst/set_freq/iq_shed,469.73,472.63,46.49,47.43,1.0,1.0
ring_112843.csv,11:28:23.936,11:28:43.376,244,80.0,0,vDcInst/set_freq/iq_shed,469.97,472.87,46.17,47.23,1.0,1.0
ring_112908.csv,11:28:50.088,11:29:08.408,230,80.0,0,vDcInst/set_freq/iq_shed,469.49,472.87,46.1,46.92,1.0,1.0
ring_112932.csv,11:29:13.858,11:29:32.178,230,80.0,0,vDcInst/set_freq/iq_shed,469.49,472.63,46.11,46.87,1.0,1.0
ring_112955.csv,11:29:37.354,11:29:55.834,232,80.0,0,vDcInst/set_freq/iq_shed,469.49,472.87,46.09,46.86,1.0,1.0
ring_113019.csv,11:30:00.997,11:30:19.317,230,80.0,0,vDcInst/set_freq/iq_shed,469.73,472.39,46.55,47.8,1.0,1.0
ring_113042.csv,11:30:24.557,11:30:42.957,231,80.0,0,vDcInst/set_freq/iq_shed,469.73,472.63,46.33,47.23,1.0,1.0
ring_113106.csv,11:30:48.439,11:31:06.839,231,80.0,0,vDcInst/set_freq/iq_shed,469.49,472.63,46.41,47.32,1.0,1.0
ring_113130.csv,11:31:11.936,11:31:30.256,230,80.0,0,vDcInst/set_freq/iq_shed,469.01,471.91,46.42,47.32,1.0,1.0
ring_113153.csv,11:31:35.449,11:31:53.769,230,80.0,0,vDcInst/set_freq/iq_shed,469.01,471.67,46.32,47.25,1.0,1.0
ring_113217.csv,11:31:59.042,11:32:17.442,231,80.0,0,vDcInst/set_freq/iq_shed,468.76,471.67,46.24,47.26,1.0,1.0
ring_113240.csv,11:32:22.524,11:32:40.924,231,80.0,0,vDcInst/set_freq/iq_shed,468.52,471.42,46.17,47.33,1.0,1.0
ring_113304.csv,11:32:46.149,11:33:04.549,231,80.0,0,vDcInst/set_freq/iq_shed,468.52,471.42,46.33,47.44,1.0,1.0
ring_113328.csv,11:33:09.648,11:33:28.048,231,80.0,0,vDcInst/set_freq/iq_shed,468.76,471.91,46.39,47.38,1.0,1.0
ring_113351.csv,11:33:33.160,11:33:51.640,232,80.0,0,vDcInst/set_freq/iq_shed,468.04,471.67,46.35,47.21,1.0,1.0
ring_113415.csv,11:33:57.104,11:34:15.504,231,80.0,0,vDcInst/set_freq/iq_shed,468.76,471.67,46.4,47.35,1.0,1.0
ring_113438.csv,11:34:20.587,11:34:38.987,231,80.0,0,vDcInst/set_freq/iq_shed,468.28,471.42,46.23,47.16,1.0,1.0
ring_113502.csv,11:34:44.210,11:35:02.610,231,80.0,0,vDcInst/set_freq/iq_shed,468.04,471.42,46.21,47.37,1.0,1.0
ring_113526.csv,11:35:07.709,11:35:26.029,230,80.0,0,vDcInst/set_freq/iq_shed,468.04,471.67,46.28,47.34,1.0,1.0
ring_113549.csv,11:35:31.270,11:35:49.590,230,80.0,0,vDcInst/set_freq/iq_shed,468.04,471.67,46.22,47.2,1.0,1.0
ring_113613.csv,11:35:54.799,11:36:13.199,231,80.0,0,vDcInst/set_freq/iq_shed,468.04,471.18,46.19,47.09,1.0,1.0
ring_113637.csv,11:36:18.856,11:36:37.176,230,80.0,0,vDcInst/set_freq/iq_shed,468.04,470.94,46.29,47.15,1.0,1.0
ring_113700.csv,11:36:42.303,11:37:00.623,230,80.0,0,vDcInst/set_freq/iq_shed,468.28,471.42,46.31,47.25,1.0,1.0
ring_113724.csv,11:37:05.834,11:37:24.154,230,80.0,0,vDcInst/set_freq/iq_shed,468.28,471.18,46.33,47.33,1.0,1.0
ring_113748.csv,11:37:29.361,11:37:48.721,243,80.0,0,vDcInst/set_freq/iq_shed,468.52,471.18,46.39,47.1,1.0,1.0
ring_113812.csv,11:37:54.460,11:38:12.860,231,80.0,0,vDcInst/set_freq/iq_shed,468.04,470.94,46.37,47.11,1.0,1.0
ring_113836.csv,11:38:18.021,11:38:36.421,231,80.0,0,vDcInst/set_freq/iq_shed,467.8,470.94,46.42,47.13,1.0,1.0
ring_113859.csv,11:38:41.630,11:38:59.950,230,80.0,0,vDcInst/set_freq/iq_shed,467.56,470.46,46.47,46.93,1.0,1.0
ring_113923.csv,11:39:05.125,11:39:23.525,231,80.0,0,vDcInst/set_freq/iq_shed,466.59,469.97,46.29,47.05,1.0,1.0
ring_113947.csv,11:39:28.624,11:39:47.024,231,80.0,0,vDcInst/set_freq/iq_shed,466.83,470.21,46.4,47.09,1.0,1.0
ring_114010.csv,11:39:52.264,11:40:10.664,231,80.0,0,vDcInst/set_freq/iq_shed,467.07,469.97,46.44,47.0,1.0,1.0
ring_114035.csv,11:40:15.825,11:40:35.185,243,80.0,0,vDcInst/set_freq/iq_shed,466.83,469.97,46.27,46.93,1.0,1.0
ring_114059.csv,11:40:40.810,11:40:59.210,231,80.0,0,vDcInst/set_freq/iq_shed,466.59,469.73,46.33,47.02,1.0,1.0
ring_114122.csv,11:41:04.372,11:41:22.772,231,80.0,0,vDcInst/set_freq/iq_shed,466.59,469.73,46.34,47.15,1.0,1.0
ring_114146.csv,11:41:28.028,11:41:46.348,230,80.0,0,vDcInst/set_freq/iq_shed,466.59,470.21,46.36,47.11,1.0,1.0
ring_114209.csv,11:41:51.590,11:42:09.910,230,80.0,0,vDcInst/set_freq/iq_shed,466.83,469.97,46.38,47.09,1.0,1.0
ring_114233.csv,11:42:14.974,11:42:33.454,232,80.0,0,vDcInst/set_freq/iq_shed,466.59,469.49,46.37,47.01,1.0,1.0
ring_114258.csv,11:42:38.568,11:42:58.008,244,80.0,0,vDcInst/set_freq/iq_shed,466.83,469.97,46.31,47.0,1.0,1.0
ring_114322.csv,11:43:03.617,11:43:22.017,231,80.0,0,vDcInst/set_freq/iq_shed,466.83,469.73,46.33,46.98,1.0,1.0
ring_114345.csv,11:43:27.321,11:43:45.721,231,80.0,0,vDcInst/set_freq/iq_shed,466.83,469.97,46.38,47.04,1.0,1.0
ring_114409.csv,11:43:50.867,11:44:09.187,230,80.0,0,vDcInst/set_freq/iq_shed,467.31,469.97,46.39,47.04,1.0,1.0
ring_114432.csv,11:44:14.363,11:44:32.763,231,80.0,0,vDcInst/set_freq/iq_shed,467.07,470.46,46.35,47.19,1.0,1.0
ring_114456.csv,11:44:37.861,11:44:56.101,229,80.0,0,vDcInst/set_freq/iq_shed,467.07,470.7,46.43,47.07,1.0,1.0
ring_114520.csv,11:45:01.437,11:45:20.797,243,80.0,0,vDcInst/set_freq/iq_shed,467.31,470.94,46.45,47.2,1.0,1.0
ring_114545.csv,11:45:26.551,11:45:45.991,244,80.0,0,vDcInst/set_freq/iq_shed,467.31,470.46,46.3,47.15,1.0,1.0
ring_114609.csv,11:45:51.759,11:46:09.999,229,80.0,0,vDcInst/set_freq/iq_shed,466.83,470.21,46.46,47.02,1.0,1.0
ring_114633.csv,11:46:15.289,11:46:33.689,231,80.0,0,vDcInst/set_freq/iq_shed,466.83,469.97,46.33,47.08,1.0,1.0
ring_114657.csv,11:46:39.329,11:46:57.649,230,80.0,0,vDcInst/set_freq/iq_shed,467.07,469.97,46.33,46.98,1.0,1.0
ring_114721.csv,11:47:02.794,11:47:21.114,230,80.0,0,vDcInst/set_freq/iq_shed,467.07,469.97,46.31,47.15,1.0,1.0
ring_114744.csv,11:47:26.307,11:47:44.707,231,80.0,0,vDcInst/set_freq/iq_shed,467.07,470.46,46.26,47.06,1.0,1.0
ring_114809.csv,11:47:49.819,11:48:09.179,243,80.0,0,vDcInst/set_freq/iq_shed,467.07,470.21,46.45,47.29,1.0,1.0
ring_114833.csv,11:48:14.948,11:48:33.188,229,80.0,0,vDcInst/set_freq/iq_shed,467.56,470.7,46.34,47.07,1.0,1.0
ring_114856.csv,11:48:38.589,11:48:56.909,230,80.0,0,vDcInst/set_freq/iq_shed,468.04,470.7,46.43,47.14,1.0,1.0
ring_114920.csv,11:49:02.135,11:49:20.455,230,80.0,0,vDcInst/set_freq/iq_shed,467.8,470.94,46.35,47.22,1.0,1.0
ring_114944.csv,11:49:25.695,11:49:44.095,231,80.0,0,vDcInst/set_freq/iq_shed,468.28,470.94,46.36,47.45,1.0,1.0
ring_115008.csv,11:49:50.153,11:50:08.553,231,80.0,0,vDcInst/set_freq/iq_shed,468.28,471.18,46.16,47.41,1.0,1.0
ring_115032.csv,11:50:13.954,11:50:32.274,230,80.0,0,vDcInst/set_freq/iq_shed,468.04,470.94,46.33,47.04,1.0,1.0
ring_115055.csv,11:50:37.467,11:50:55.867,231,80.0,0,vDcInst/set_freq/iq_shed,468.04,470.46,46.36,47.07,1.0,1.0
ring_115119.csv,11:51:00.949,11:51:19.269,230,80.0,0,vDcInst/set_freq/iq_shed,467.56,470.94,46.34,47.22,1.0,1.0
ring_115142.csv,11:51:24.462,11:51:42.782,230,80.0,0,vDcInst/set_freq/iq_shed,468.28,471.18,46.32,47.2,1.0,1.0
ring_115206.csv,11:51:48.103,11:52:06.423,230,80.0,0,vDcInst/set_freq/iq_shed,468.52,471.67,46.22,47.48,1.0,1.0
ring_115229.csv,11:52:11.648,11:52:29.968,230,80.0,0,vDcInst/set_freq/iq_shed,468.52,471.18,46.34,47.57,1.0,1.0
ring_115253.csv,11:52:35.112,11:52:53.512,231,80.0,0,vDcInst/set_freq/iq_shed,468.28,471.42,46.27,47.29,1.0,1.0
ring_115316.csv,11:52:58.594,11:53:16.994,231,80.0,0,vDcInst/set_freq/iq_shed,468.52,471.42,46.36,47.43,1.0,1.0
ring_115340.csv,11:53:22.187,11:53:40.587,231,80.0,0,vDcInst/set_freq/iq_shed,468.76,471.91,46.22,47.49,1.0,1.0
ring_115404.csv,11:53:45.652,11:54:04.052,231,80.0,0,vDcInst/set_freq/iq_shed,468.76,471.91,46.26,47.65,1.0,1.0
ring_115427.csv,11:54:09.213,11:54:27.613,231,80.0,0,vDcInst/set_freq/iq_shed,468.76,472.15,46.24,47.87,1.0,1.0
ring_115451.csv,11:54:32.823,11:54:51.223,231,80.0,0,vDcInst/set_freq/iq_shed,468.76,471.67,46.35,47.48,1.0,1.0
ring_115514.csv,11:54:56.368,11:55:14.688,230,80.0,0,vDcInst/set_freq/iq_shed,468.52,471.42,46.21,47.7,1.0,1.0
ring_115538.csv,11:55:19.945,11:55:38.265,230,80.0,0,vDcInst/set_freq/iq_shed,468.52,471.67,46.11,47.72,1.0,1.0
ring_115601.csv,11:55:43.377,11:56:01.777,231,80.0,0,vDcInst/set_freq/iq_shed,468.52,471.67,46.49,47.41,1.0,1.0
ring_115625.csv,11:56:06.986,11:56:25.386,231,80.0,0,vDcInst/set_freq/iq_shed,468.28,471.67,46.51,47.36,1.0,1.0
ring_115648.csv,11:56:30.450,11:56:48.770,230,80.0,0,vDcInst/set_freq/iq_shed,469.01,471.67,46.39,47.47,1.0,1.0
ring_115713.csv,11:56:54.060,11:57:13.020,238,80.0,0,vDcInst/set_freq/iq_shed,469.01,471.91,46.55,47.81,1.0,1.0
ring_115736.csv,11:57:18.500,11:57:36.900,231,80.0,0,vDcInst/set_freq/iq_shed,469.25,472.15,46.14,47.26,1.0,1.0
ring_115801.csv,11:57:42.285,11:58:01.165,237,80.0,0,vDcInst/set_freq/iq_shed,469.01,472.15,46.11,47.66,1.0,1.0
ring_115824.csv,11:58:06.342,11:58:24.742,231,80.0,0,vDcInst/set_freq/iq_shed,469.01,471.91,46.1,46.82,1.0,1.0
ring_115848.csv,11:58:29.808,11:58:48.128,230,80.0,0,vDcInst/set_freq/iq_shed,469.01,472.15,46.21,46.7,1.0,1.0
ring_115912.csv,11:58:53.369,11:59:12.809,244,80.0,0,vDcInst/set_freq/iq_shed,469.25,472.15,46.09,46.88,1.0,1.0
ring_115936.csv,11:59:18.418,11:59:36.818,231,80.0,0,vDcInst/set_freq/iq_shed,469.01,472.39,46.21,46.86,1.0,1.0
ring_120000.csv,11:59:42.123,12:00:00.523,231,80.0,0,vDcInst/set_freq/iq_shed,468.52,471.91,46.61,47.78,1.0,1.0
ring_120024.csv,12:00:05.684,12:00:24.084,231,80.0,0,vDcInst/set_freq/iq_shed,468.52,471.67,46.6,47.71,1.0,1.0
ring_120047.csv,12:00:29.165,12:00:47.565,231,80.0,0,vDcInst/set_freq/iq_shed,468.52,471.67,46.57,47.75,1.0,1.0
ring_120110.csv,12:00:52.646,12:01:10.966,230,80.0,0,vDcInst/set_freq/iq_shed,468.52,471.42,46.45,47.43,1.0,1.0
ring_120135.csv,12:01:17.311,12:01:35.711,231,80.0,0,vDcInst/set_freq/iq_shed,469.01,471.91,46.48,47.58,1.0,1.0
ring_120159.csv,12:01:41.016,12:01:59.416,231,80.0,0,vDcInst/set_freq/iq_shed,469.49,472.15,46.39,47.6,1.0,1.0
ring_120222.csv,12:02:04.561,12:02:22.961,231,80.0,0,vDcInst/set_freq/iq_shed,469.73,472.39,46.15,46.68,1.0,1.0
ring_120246.csv,12:02:28.075,12:02:46.315,229,80.0,0,vDcInst/set_freq/iq_shed,469.73,473.12,46.09,47.43,1.0,1.0
ring_120309.csv,12:02:51.619,12:03:09.939,230,80.0,0,vDcInst/set_freq/iq_shed,469.49,472.87,46.06,47.46,1.0,1.0
ring_120333.csv,12:03:15.132,12:03:33.532,231,80.0,0,vDcInst/set_freq/iq_shed,469.49,472.87,46.14,46.77,1.0,1.0
ring_120357.csv,12:03:38.709,12:03:57.029,230,80.0,0,vDcInst/set_freq/iq_shed,469.73,472.87,46.02,47.44,1.0,1.0
ring_120420.csv,12:04:02.238,12:04:20.558,230,80.0,0,vDcInst/set_freq/iq_shed,469.73,472.63,46.09,46.84,1.0,1.0
ring_120444.csv,12:04:25.768,12:04:44.088,230,80.0,0,vDcInst/set_freq/iq_shed,469.49,472.15,46.09,46.83,1.0,1.0
ring_120507.csv,12:04:49.298,12:05:07.618,230,80.0,0,vDcInst/set_freq/iq_shed,469.49,472.39,46.06,46.84,1.0,1.0
ring_120531.csv,12:05:13.403,12:05:31.723,230,80.0,0,vDcInst/set_freq/iq_shed,469.97,473.12,46.18,47.43,1.0,1.0
ring_120555.csv,12:05:36.836,12:05:55.156,230,80.0,0,vDcInst/set_freq/iq_shed,470.21,472.87,46.33,47.3,1.0,1.0
ring_120618.csv,12:06:00.363,12:06:18.763,231,80.0,0,vDcInst/set_freq/iq_shed,469.73,473.36,46.21,47.4,1.0,1.0
ring_120642.csv,12:06:23.894,12:06:42.294,231,80.0,0,vDcInst/set_freq/iq_shed,469.97,472.63,46.21,47.32,1.0,1.0
ring_120705.csv,12:06:47.391,12:07:05.711,230,80.0,0,vDcInst/set_freq/iq_shed,470.7,473.36,46.24,47.12,1.0,1.0
ring_120729.csv,12:07:11.048,12:07:29.288,229,80.0,0,vDcInst/set_freq/iq_shed,470.7,473.12,46.31,47.26,1.0,1.0
ring_120752.csv,12:07:34.512,12:07:52.912,231,80.0,0,vDcInst/set_freq/iq_shed,470.21,473.6,46.33,47.15,1.0,1.0
ring_120817.csv,12:07:59.098,12:08:17.418,230,80.0,0,vDcInst/set_freq/iq_shed,470.46,473.6,46.3,47.08,1.0,1.0
ring_120841.csv,12:08:22.801,12:08:41.201,231,80.0,0,vDcInst/set_freq/iq_shed,470.7,473.84,46.43,47.11,1.0,1.0
ring_120904.csv,12:08:46.316,12:09:04.796,232,80.0,0,vDcInst/set_freq/iq_shed,470.7,474.08,46.33,47.19,1.0,1.0
ring_120928.csv,12:09:09.957,12:09:28.277,230,80.0,0,vDcInst/set_freq/iq_shed,470.7,473.6,46.28,47.09,1.0,1.0
ring_120951.csv,12:09:33.390,12:09:51.790,231,80.0,0,vDcInst/set_freq/iq_shed,470.94,474.08,46.45,47.19,1.0,1.0
ring_121015.csv,12:09:57.013,12:10:15.413,231,80.0,0,vDcInst/set_freq/iq_shed,470.7,473.12,46.35,47.11,1.0,1.0
ring_121039.csv,12:10:21.598,12:10:39.918,230,80.0,0,vDcInst/set_freq/iq_shed,470.7,473.84,46.25,47.2,1.0,1.0
ring_121103.csv,12:10:45.288,12:11:03.608,230,80.0,0,vDcInst/set_freq/iq_shed,470.21,473.36,46.38,47.14,1.0,1.0
ring_121128.csv,12:11:09.872,12:11:28.192,230,80.0,0,vDcInst/set_freq/iq_shed,469.73,473.12,46.15,47.33,1.0,1.0
ring_121153.csv,12:11:33.578,12:11:53.018,244,80.0,0,vDcInst/set_freq/iq_shed,469.97,472.87,46.14,47.41,1.0,1.0
ring_121217.csv,12:11:58.657,12:12:17.537,237,80.0,0,vDcInst/set_freq/iq_shed,469.49,472.39,46.35,47.28,1.0,1.0
ring_121241.csv,12:12:22.811,12:12:41.691,237,80.0,0,vDcInst/set_freq/iq_shed,470.21,472.87,46.35,47.23,1.0,1.0
ring_121305.csv,12:12:47.076,12:13:05.556,232,80.0,0,vDcInst/set_freq/iq_shed,470.7,474.32,46.36,47.16,1.0,1.0
ring_121329.csv,12:13:10.940,12:13:29.260,230,80.0,0,vDcInst/set_freq/iq_shed,471.18,473.6,46.4,47.13,1.0,1.0
ring_121352.csv,12:13:34.519,12:13:52.839,230,80.0,0,vDcInst/set_freq/iq_shed,471.18,474.08,46.22,47.03,1.0,1.0
ring_121416.csv,12:13:58.015,12:14:16.415,231,80.0,0,vDcInst/set_freq/iq_shed,471.42,474.81,46.34,47.24,1.0,1.0
ring_121439.csv,12:14:21.577,12:14:39.977,231,80.0,0,vDcInst/set_freq/iq_shed,472.15,475.05,46.32,47.23,1.0,1.0
ring_121503.csv,12:14:45.089,12:15:03.569,232,80.0,0,vDcInst/set_freq/iq_shed,472.15,475.05,46.43,47.17,1.0,1.0
ring_121527.csv,12:15:08.714,12:15:27.034,230,80.0,0,vDcInst/set_freq/iq_shed,472.15,475.29,46.24,47.27,1.0,1.0
ring_121551.csv,12:15:32.275,12:15:51.155,237,80.0,0,vDcInst/set_freq/iq_shed,471.67,475.05,46.5,47.14,1.0,1.0
ring_121615.csv,12:15:56.717,12:16:15.117,231,80.0,0,vDcInst/set_freq/iq_shed,471.67,477.47,46.39,47.19,1.0,1.0
ring_121639.csv,12:16:21.556,12:16:39.876,230,80.0,0,vDcInst/set_freq/iq_shed,470.94,474.57,46.4,47.06,1.0,1.0
ring_121703.csv,12:16:45.293,12:17:03.613,230,80.0,0,vDcInst/set_freq/iq_shed,471.91,474.57,46.44,47.19,1.0,1.0
ring_121727.csv,12:17:08.823,12:17:27.783,238,80.0,0,vDcInst/set_freq/iq_shed,471.91,474.81,46.3,47.28,1.0,1.0
ring_121751.csv,12:17:33.262,12:17:51.662,231,80.0,0,vDcInst/set_freq/iq_shed,471.42,474.57,46.34,47.2,1.0,1.0
ring_121815.csv,12:17:57.063,12:18:15.543,232,80.0,0,vDcInst/set_freq/iq_shed,471.91,475.05,46.51,47.24,1.0,1.0
ring_121840.csv,12:18:21.665,12:18:40.065,231,80.0,0,vDcInst/set_freq/iq_shed,471.67,474.32,46.45,47.16,1.0,1.0
ring_121904.csv,12:18:45.353,12:19:04.233,237,80.0,0,vDcInst/set_freq/iq_shed,471.18,474.08,46.47,47.13,1.0,1.0
ring_121927.csv,12:19:09.475,12:19:27.875,231,80.0,0,vDcInst/set_freq/iq_shed,470.7,473.84,46.28,47.06,1.0,1.0
ring_121952.csv,12:19:33.290,12:19:52.650,243,80.0,0,vDcInst/set_freq/iq_shed,470.7,473.84,46.33,47.14,1.0,1.0
ring_122017.csv,12:19:58.947,12:20:17.347,231,80.0,0,vDcInst/set_freq/iq_shed,470.7,473.6,46.29,47.1,1.0,1.0
ring_122041.csv,12:20:22.844,12:20:41.164,230,80.0,0,vDcInst/set_freq/iq_shed,470.7,473.84,46.36,47.07,1.0,1.0
ring_122104.csv,12:20:46.341,12:21:04.661,230,80.0,0,vDcInst/set_freq/iq_shed,470.7,474.08,46.38,47.09,1.0,1.0
ring_122128.csv,12:21:09.839,12:21:28.159,230,80.0,0,vDcInst/set_freq/iq_shed,471.18,474.08,46.3,47.15,1.0,1.0
ring_122151.csv,12:21:33.464,12:21:51.784,230,80.0,0,vDcInst/set_freq/iq_shed,470.7,474.32,46.5,47.17,1.0,1.0
ring_122215.csv,12:21:56.994,12:22:15.394,231,80.0,0,vDcInst/set_freq/iq_shed,470.94,473.84,46.45,47.12,1.0,1.0
ring_122238.csv,12:22:20.476,12:22:38.876,231,80.0,0,vDcInst/set_freq/iq_shed,470.7,473.84,46.25,47.17,1.0,1.0
ring_122302.csv,12:22:44.117,12:23:02.437,230,80.0,0,vDcInst/set_freq/iq_shed,470.7,473.6,46.37,47.06,1.0,1.0
ring_122326.csv,12:23:07.661,12:23:26.061,231,80.0,0,vDcInst/set_freq/iq_shed,470.46,473.84,46.41,47.17,1.0,1.0
ring_122349.csv,12:23:31.142,12:23:49.542,231,80.0,0,vDcInst/set_freq/iq_shed,470.21,473.84,46.35,47.01,1.0,1.0
ring_122412.csv,12:23:54.688,12:24:12.928,229,80.0,0,vDcInst/set_freq/iq_shed,469.97,473.12,46.13,47.32,1.0,1.0
ring_122436.csv,12:24:18.169,12:24:36.649,232,80.0,0,vDcInst/set_freq/iq_shed,469.97,472.87,46.14,47.2,1.0,1.0
ring_122500.csv,12:24:41.809,12:25:00.129,230,80.0,0,vDcInst/set_freq/iq_shed,469.49,472.63,46.15,47.07,1.0,1.0
ring_122523.csv,12:25:05.340,12:25:23.740,231,80.0,0,vDcInst/set_freq/iq_shed,469.97,473.12,46.15,47.14,1.0,1.0
ring_122548.csv,12:25:29.924,12:25:48.324,231,80.0,0,vDcInst/set_freq/iq_shed,469.97,472.63,46.36,47.1,1.0,1.0
ring_122612.csv,12:25:53.612,12:26:12.012,231,80.0,0,vDcInst/set_freq/iq_shed,470.21,473.36,46.32,47.1,1.0,1.0
ring_122635.csv,12:26:17.173,12:26:35.653,232,80.0,0,vDcInst/set_freq/iq_shed,470.7,474.08,46.24,47.12,1.0,1.0
ring_122659.csv,12:26:41.054,12:26:59.454,231,80.0,0,vDcInst/set_freq/iq_shed,470.7,473.84,46.4,47.11,1.0,1.0
ring_122723.csv,12:27:04.647,12:27:23.047,231,80.0,0,vDcInst/set_freq/iq_shed,470.94,473.6,46.27,47.09,1.0,1.0
ring_122746.csv,12:27:28.161,12:27:46.561,231,80.0,0,vDcInst/set_freq/iq_shed,470.46,473.6,46.38,47.2,1.0,1.0
ring_122810.csv,12:27:51.737,12:28:10.137,231,80.0,0,vDcInst/set_freq/iq_shed,469.97,473.12,46.4,47.17,1.0,1.0
ring_122833.csv,12:28:15.202,12:28:33.602,231,80.0,0,vDcInst/set_freq/iq_shed,469.73,473.12,46.19,47.24,1.0,1.0
ring_122857.csv,12:28:38.828,12:28:57.308,232,80.0,0,vDcInst/set_freq/iq_shed,469.25,472.63,46.08,47.21,1.0,1.0
ring_122921.csv,12:29:02.853,12:29:21.253,231,80.0,0,vDcInst/set_freq/iq_shed,469.49,472.39,46.29,47.2,1.0,1.0
ring_122945.csv,12:29:26.830,12:29:45.230,231,80.0,0,vDcInst/set_freq/iq_shed,469.49,472.39,46.11,47.33,1.0,1.0
ring_123009.csv,12:29:50.694,12:30:09.014,230,80.0,0,vDcInst/set_freq/iq_shed,469.25,471.91,46.31,47.44,1.0,1.0
ring_123032.csv,12:30:14.225,12:30:32.545,230,80.0,0,vDcInst/set_freq/iq_shed,468.76,472.15,46.03,46.9,1.0,1.0
ring_123056.csv,12:30:37.786,12:30:56.186,231,80.0,0,vDcInst/set_freq/iq_shed,468.76,471.91,46.12,46.83,1.0,1.0
ring_123120.csv,12:31:01.267,12:31:20.707,244,80.0,0,vDcInst/set_freq/iq_shed,469.01,472.15,46.03,46.94,1.0,1.0
ring_123144.csv,12:31:26.394,12:31:44.714,230,80.0,0,vDcInst/set_freq/iq_shed,469.25,472.15,46.03,47.35,1.0,1.0
ring_123208.csv,12:31:50.069,12:32:08.469,231,80.0,0,vDcInst/set_freq/iq_shed,468.76,471.67,46.3,47.46,1.0,1.0
ring_123231.csv,12:32:13.549,12:32:31.949,231,80.0,0,vDcInst/set_freq/iq_shed,468.76,471.91,46.18,46.82,1.0,1.0
ring_123255.csv,12:32:37.062,12:32:55.542,232,80.0,0,vDcInst/set_freq/iq_shed,468.52,471.42,46.19,47.19,1.0,1.0
ring_123319.csv,12:33:00.703,12:33:19.103,231,80.0,0,vDcInst/set_freq/iq_shed,468.52,471.18,46.39,46.97,1.0,1.0
ring_123344.csv,12:33:24.598,12:33:44.038,244,80.0,0,vDcInst/set_freq/iq_shed,468.76,471.42,46.6,47.93,1.0,1.0
ring_123408.csv,12:33:49.681,12:34:08.081,231,80.0,0,vDcInst/set_freq/iq_shed,468.52,470.94,46.19,47.48,1.0,1.0
ring_123432.csv,12:34:13.305,12:34:32.265,238,80.0,0,vDcInst/set_freq/iq_shed,468.52,471.67,46.49,47.0,1.0,1.0
ring_123456.csv,12:34:38.529,12:34:56.849,230,80.0,0,vDcInst/set_freq/iq_shed,468.52,471.42,46.91,47.87,1.0,1.0
ring_123520.csv,12:35:01.964,12:35:20.364,231,80.0,0,vDcInst/set_freq/iq_shed,469.01,471.91,46.5,47.95,1.0,1.0
ring_123543.csv,12:35:25.429,12:35:43.829,231,80.0,0,vDcInst/set_freq/iq_shed,468.52,471.67,46.24,47.63,1.0,1.0
ring_123607.csv,12:35:49.022,12:36:07.982,238,80.0,0,vDcInst/set_freq/iq_shed,468.28,471.42,46.24,46.87,1.0,1.0
ring_123631.csv,12:36:13.511,12:36:31.831,230,80.0,0,vDcInst/set_freq/iq_shed,468.52,470.94,46.5,46.92,1.0,1.0
ring_123656.csv,12:36:36.942,12:36:56.302,243,80.0,0,vDcInst/set_freq/iq_shed,467.8,470.94,46.42,47.64,1.0,1.0
ring_123720.csv,12:37:02.040,12:37:20.360,230,80.0,0,vDcInst/set_freq/iq_shed,468.04,471.42,46.24,47.76,1.0,1.0
ring_123744.csv,12:37:25.632,12:37:44.032,231,80.0,0,vDcInst/set_freq/iq_shed,468.28,471.42,46.51,47.69,1.0,1.0
ring_123807.csv,12:37:49.257,12:38:07.577,230,80.0,0,vDcInst/set_freq/iq_shed,468.52,471.91,46.47,47.61,1.0,1.0
ring_123831.csv,12:38:12.834,12:38:31.234,231,80.0,0,vDcInst/set_freq/iq_shed,468.76,472.15,46.16,47.34,1.0,1.0
ring_123856.csv,12:38:37.804,12:38:56.124,230,80.0,0,vDcInst/set_freq/iq_shed,469.25,471.91,46.31,47.41,1.0,1.0
ring_123920.csv,12:39:01.428,12:39:20.868,244,80.0,0,vDcInst/set_freq/iq_shed,469.01,471.67,46.29,47.71,1.0,1.0
ring_123944.csv,12:39:26.556,12:39:44.956,231,80.0,0,vDcInst/set_freq/iq_shed,468.52,471.18,46.34,47.41,1.0,1.0
ring_124008.csv,12:39:50.181,12:40:08.501,230,80.0,0,vDcInst/set_freq/iq_shed,468.04,471.18,45.98,47.62,1.0,1.0
ring_124032.csv,12:40:13.776,12:40:32.736,238,80.0,0,vDcInst/set_freq/iq_shed,468.04,471.67,46.15,47.49,1.0,1.0
ring_124056.csv,12:40:38.184,12:40:56.504,230,80.0,0,vDcInst/set_freq/iq_shed,468.28,471.18,46.48,47.44,1.0,1.0
ring_124121.csv,12:41:01.568,12:41:21.568,251,80.0,0,vDcInst/set_freq/iq_shed,468.52,471.18,46.55,47.58,1.0,1.0
ring_124145.csv,12:41:27.241,12:41:45.561,230,80.0,0,vDcInst/set_freq/iq_shed,468.52,471.67,46.61,47.94,1.0,1.0
ring_124209.csv,12:41:50.660,12:42:09.060,231,80.0,0,vDcInst/set_freq/iq_shed,468.52,471.67,46.54,47.65,1.0,1.0
ring_124232.csv,12:42:14.332,12:42:32.732,231,80.0,0,vDcInst/set_freq/iq_shed,468.76,471.91,46.04,46.93,1.0,1.0
ring_124256.csv,12:42:37.828,12:42:56.228,231,80.0,0,vDcInst/set_freq/iq_shed,468.76,471.91,46.17,47.54,1.0,1.0
ring_124319.csv,12:43:01.358,12:43:19.678,230,80.0,0,vDcInst/set_freq/iq_shed,468.76,471.67,46.38,47.53,1.0,1.0
ring_124343.csv,12:43:24.903,12:43:43.303,231,80.0,0,vDcInst/set_freq/iq_shed,468.76,471.91,46.37,47.42,1.0,1.0
ring_124406.csv,12:43:48.448,12:44:06.768,230,80.0,0,vDcInst/set_freq/iq_shed,469.25,472.15,46.15,47.33,1.0,1.0
ring_124431.csv,12:44:12.041,12:44:31.001,238,80.0,0,vDcInst/set_freq/iq_shed,469.01,472.39,46.18,47.41,1.0,1.0
ring_124454.csv,12:44:37.394,12:44:54.354,213,80.0,0,vDcInst/set_freq/iq_shed,469.49,472.39,46.38,47.31,1.0,1.0
ring_124518.csv,12:44:59.307,12:45:18.667,243,80.0,0,vDcInst/set_freq/iq_shed,469.73,473.36,46.28,47.1,1.0,1.0
ring_124542.csv,12:45:24.180,12:45:42.660,232,80.0,0,vDcInst/set_freq/iq_shed,469.97,472.63,46.18,47.02,1.0,1.0
ring_124607.csv,12:45:47.804,12:46:07.724,250,80.0,0,vDcInst/set_freq/iq_shed,469.25,472.63,46.29,47.05,1.0,1.0
ring_124631.csv,12:46:13.415,12:46:31.735,230,80.0,0,vDcInst/set_freq/iq_shed,469.97,472.87,46.32,47.17,1.0,1.0
ring_124655.csv,12:46:36.974,12:46:55.214,229,80.0,0,vDcInst/set_freq/iq_shed,469.25,472.87,46.3,47.22,1.0,1.0
ring_124718.csv,12:47:00.424,12:47:18.744,230,80.0,0,vDcInst/set_freq/iq_shed,469.25,472.39,46.32,47.13,1.0,1.0
ring_124742.csv,12:47:23.919,12:47:42.319,231,80.0,0,vDcInst/set_freq/iq_shed,468.76,472.39,46.38,47.23,1.0,1.0
ring_124805.csv,12:47:47.576,12:48:05.896,230,80.0,0,vDcInst/set_freq/iq_shed,468.52,472.39,46.17,47.36,1.0,1.0
ring_124829.csv,12:48:11.122,12:48:29.362,229,80.0,0,vDcInst/set_freq/iq_shed,469.25,472.15,46.06,47.18,1.0,1.0
ring_124853.csv,12:48:34.683,12:48:53.083,231,80.0,0,vDcInst/set_freq/iq_shed,469.25,472.15,46.37,47.2,1.0,1.0
ring_124916.csv,12:48:58.228,12:49:16.628,231,80.0,0,vDcInst/set_freq/iq_shed,469.25,472.15,46.34,47.19,1.0,1.0
ring_124940.csv,12:49:21.790,12:49:40.030,229,80.0,0,vDcInst/set_freq/iq_shed,469.01,472.15,46.33,47.48,1.0,1.0
ring_125003.csv,12:49:45.270,12:50:03.670,231,80.0,0,vDcInst/set_freq/iq_shed,468.28,472.39,46.32,47.42,1.0,1.0
ring_125027.csv,12:50:08.863,12:50:27.823,238,80.0,0,vDcInst/set_freq/iq_shed,469.01,471.91,46.13,47.31,1.0,1.0
ring_125051.csv,12:50:33.273,12:50:51.913,234,80.0,0,vDcInst/set_freq/iq_shed,469.25,471.91,46.17,47.18,1.0,1.0
ring_125115.csv,12:50:57.280,12:51:15.920,234,80.0,0,vDcInst/set_freq/iq_shed,468.52,471.67,46.22,47.54,1.0,1.0
ring_125139.csv,12:51:21.130,12:51:39.370,229,80.0,0,vDcInst/set_freq/iq_shed,468.52,471.42,46.07,47.21,1.0,1.0
ring_125203.csv,12:51:44.580,12:52:03.140,233,80.0,0,vDcInst/set_freq/iq_shed,468.52,471.67,46.12,46.84,1.0,1.0
ring_125227.csv,12:52:08.654,12:52:27.134,232,80.0,0,vDcInst/set_freq/iq_shed,468.04,471.42,45.97,47.21,1.0,1.0
ring_125250.csv,12:52:32.580,12:52:50.980,231,80.0,0,vDcInst/set_freq/iq_shed,468.52,471.42,46.37,47.56,1.0,1.0
ring_125314.csv,12:52:56.445,12:53:14.845,231,80.0,0,vDcInst/set_freq/iq_shed,468.52,471.67,46.17,47.51,1.0,1.0
ring_125338.csv,12:53:20.023,12:53:38.903,237,80.0,0,vDcInst/set_freq/iq_shed,468.52,471.91,46.39,47.3,1.0,1.0
ring_125402.csv,12:53:44.462,12:54:02.862,231,80.0,0,vDcInst/set_freq/iq_shed,468.52,471.67,46.1,47.42,1.0,1.0
ring_125426.csv,12:54:08.296,12:54:26.616,230,80.0,0,vDcInst/set_freq/iq_shed,468.52,471.67,46.34,47.14,1.0,1.0
ring_125450.csv,12:54:31.779,12:54:50.099,230,80.0,0,vDcInst/set_freq/iq_shed,468.76,471.67,46.32,47.29,1.0,1.0
ring_125513.csv,12:54:55.419,12:55:13.819,231,80.0,0,vDcInst/set_freq/iq_shed,468.52,471.67,45.98,47.23,1.0,1.0
ring_125537.csv,12:55:18.995,12:55:37.315,230,80.0,0,vDcInst/set_freq/iq_shed,468.28,471.18,46.19,47.62,1.0,1.0
ring_125601.csv,12:55:42.525,12:56:01.965,244,80.0,0,vDcInst/set_freq/iq_shed,468.28,471.42,46.38,47.38,1.0,1.0
ring_125628.csv,12:56:07.684,12:56:28.084,256,80.0,0,vDcInst/set_freq/iq_shed,468.52,471.67,46.22,47.4,1.0,1.0
ring_125652.csv,12:56:33.758,12:56:52.078,230,80.0,0,vDcInst/set_freq/iq_shed,469.01,471.67,46.28,47.28,1.0,1.0
ring_125715.csv,12:56:57.254,12:57:15.654,231,80.0,0,vDcInst/set_freq/iq_shed,469.01,471.91,46.46,47.12,1.0,1.0
ring_125739.csv,12:57:20.816,12:57:39.136,230,80.0,0,vDcInst/set_freq/iq_shed,468.76,471.91,46.18,47.32,1.0,1.0
ring_125802.csv,12:57:44.328,12:58:02.568,229,80.0,0,vDcInst/set_freq/iq_shed,468.52,471.42,46.1,47.51,1.0,1.0
ring_125826.csv,12:58:07.761,12:58:26.161,231,80.0,0,vDcInst/set_freq/iq_shed,468.04,471.42,46.3,47.57,1.0,1.0
ring_125849.csv,12:58:31.388,12:58:49.788,231,80.0,0,vDcInst/set_freq/iq_shed,467.31,470.94,46.17,47.85,1.0,1.0
ring_125913.csv,12:58:54.931,12:59:13.331,231,80.0,0,vDcInst/set_freq/iq_shed,467.07,470.46,46.21,47.24,1.0,1.0
ring_125937.csv,12:59:19.436,12:59:37.836,231,80.0,0,vDcInst/set_freq/iq_shed,466.83,469.97,46.27,47.33,1.0,1.0
ring_130003.csv,12:59:43.268,13:00:03.188,250,80.0,0,vDcInst/set_freq/iq_shed,466.1,469.25,46.31,47.27,1.0,1.0
ring_130027.csv,13:00:08.845,13:00:27.805,238,80.0,0,vDcInst/set_freq/iq_shed,466.83,469.97,46.22,47.3,1.0,1.0
ring_130051.csv,13:00:33.160,13:00:51.560,231,80.0,0,vDcInst/set_freq/iq_shed,467.31,469.97,46.29,47.43,1.0,1.0
ring_130115.csv,13:00:56.705,13:01:15.025,230,80.0,0,vDcInst/set_freq/iq_shed,467.31,470.21,46.34,47.52,1.0,1.0
ring_130138.csv,13:01:20.282,13:01:38.602,230,80.0,0,vDcInst/set_freq/iq_shed,466.83,469.97,46.31,47.29,1.0,1.0
ring_130202.csv,13:01:43.843,13:02:02.163,230,80.0,0,vDcInst/set_freq/iq_shed,466.59,469.73,46.32,47.24,1.0,1.0
ring_130225.csv,13:02:07.276,13:02:25.676,231,80.0,0,vDcInst/set_freq/iq_shed,466.83,469.73,46.39,47.2,1.0,1.0
ring_130249.csv,13:02:30.932,13:02:49.332,231,80.0,0,vDcInst/set_freq/iq_shed,466.59,469.97,46.26,47.43,1.0,1.0
ring_130312.csv,13:02:54.430,13:03:12.750,230,80.0,0,vDcInst/set_freq/iq_shed,466.83,470.21,46.25,47.28,1.0,1.0
ring_130336.csv,13:03:17.959,13:03:36.359,231,80.0,0,vDcInst/set_freq/iq_shed,467.07,470.46,46.19,47.28,1.0,1.0
ring_130359.csv,13:03:41.503,13:03:59.743,229,80.0,0,vDcInst/set_freq/iq_shed,466.83,469.73,46.07,47.41,1.0,1.0
ring_130423.csv,13:04:05.081,13:04:23.401,230,80.0,0,vDcInst/set_freq/iq_shed,466.59,469.49,46.13,47.35,1.0,1.0
ring_130447.csv,13:04:28.626,13:04:47.106,232,80.0,0,vDcInst/set_freq/iq_shed,466.35,469.49,46.35,47.17,1.0,1.0
ring_130510.csv,13:04:52.537,13:05:10.857,230,80.0,0,vDcInst/set_freq/iq_shed,466.1,469.25,46.3,47.2,1.0,1.0
ring_130534.csv,13:05:15.987,13:05:34.227,229,80.0,0,vDcInst/set_freq/iq_shed,465.86,469.01,46.3,47.05,1.0,1.0
ring_130557.csv,13:05:39.628,13:05:57.868,229,80.0,0,vDcInst/set_freq/iq_shed,466.1,469.01,46.39,47.14,1.0,1.0
ring_130621.csv,13:06:03.141,13:06:21.381,229,80.0,0,vDcInst/set_freq/iq_shed,465.86,468.76,46.25,47.2,1.0,1.0
ring_130645.csv,13:06:26.720,13:06:45.120,231,80.0,0,vDcInst/set_freq/iq_shed,465.62,469.97,46.24,47.0,1.0,1.0
ring_130708.csv,13:06:50.264,13:07:08.504,229,80.0,0,vDcInst/set_freq/iq_shed,466.59,469.73,46.45,47.5,1.0,1.0
ring_130733.csv,13:07:14.833,13:07:33.153,230,80.0,0,vDcInst/set_freq/iq_shed,466.59,469.73,46.33,47.37,1.0,1.0
ring_130757.csv,13:07:38.602,13:07:57.002,231,80.0,0,vDcInst/set_freq/iq_shed,466.1,469.25,46.33,47.17,1.0,1.0
ring_130820.csv,13:08:02.114,13:08:20.354,229,80.0,0,vDcInst/set_freq/iq_shed,466.35,469.73,46.3,47.16,1.0,1.0
ring_130844.csv,13:08:25.629,13:08:44.029,231,80.0,0,vDcInst/set_freq/iq_shed,466.1,469.73,46.25,47.22,1.0,1.0
ring_130907.csv,13:08:49.269,13:09:07.669,231,80.0,0,vDcInst/set_freq/iq_shed,465.62,469.25,46.36,47.24,1.0,1.0
ring_130931.csv,13:09:12.798,13:09:31.118,230,80.0,0,vDcInst/set_freq/iq_shed,466.1,469.25,46.2,47.24,1.0,1.0
ring_130954.csv,13:09:36.376,13:09:54.696,230,80.0,0,vDcInst/set_freq/iq_shed,466.1,469.97,46.28,47.05,1.0,1.0
ring_131018.csv,13:09:59.889,13:10:18.289,231,80.0,0,vDcInst/set_freq/iq_shed,466.59,469.73,46.32,47.18,1.0,1.0
ring_131042.csv,13:10:23.418,13:10:42.778,243,80.0,0,vDcInst/set_freq/iq_shed,466.35,469.25,46.23,47.29,1.0,1.0
ring_131107.csv,13:10:49.138,13:11:07.458,230,80.0,0,vDcInst/set_freq/iq_shed,466.35,469.73,46.25,47.27,1.0,1.0
ring_131130.csv,13:11:12.556,13:11:30.956,231,80.0,0,vDcInst/set_freq/iq_shed,466.59,470.7,46.19,47.26,1.0,1.0
ring_131154.csv,13:11:36.133,13:11:54.453,230,80.0,0,vDcInst/set_freq/iq_shed,466.35,469.73,46.2,47.18,1.0,1.0
ring_131218.csv,13:11:59.645,13:12:18.045,231,80.0,0,vDcInst/set_freq/iq_shed,465.86,469.49,46.23,47.3,1.0,1.0
ring_131242.csv,13:12:24.197,13:12:42.517,230,80.0,0,vDcInst/set_freq/iq_shed,466.35,469.49,46.23,47.21,1.0,1.0
ring_131306.csv,13:12:47.968,13:13:06.288,230,80.0,0,vDcInst/set_freq/iq_shed,466.35,469.25,46.24,47.24,1.0,1.0
ring_131329.csv,13:13:11.497,13:13:29.897,231,80.0,0,vDcInst/set_freq/iq_shed,466.1,469.49,46.2,47.32,1.0,1.0
ring_131353.csv,13:13:35.010,13:13:53.410,231,80.0,0,vDcInst/set_freq/iq_shed,466.1,469.25,46.29,47.12,1.0,1.0
ring_131417.csv,13:13:58.620,13:14:17.020,231,80.0,0,vDcInst/set_freq/iq_shed,466.1,469.49,46.22,47.24,1.0,1.0
ring_131440.csv,13:14:22.148,13:14:40.548,231,80.0,0,vDcInst/set_freq/iq_shed,466.83,470.7,46.25,47.27,1.0,1.0
ring_131503.csv,13:14:45.597,13:15:03.997,231,80.0,0,vDcInst/set_freq/iq_shed,467.07,469.97,46.29,47.13,1.0,1.0
ring_131527.csv,13:15:09.223,13:15:27.543,230,80.0,0,vDcInst/set_freq/iq_shed,466.83,469.97,46.16,47.54,1.0,1.0
ring_131551.csv,13:15:32.751,13:15:51.151,231,80.0,0,vDcInst/set_freq/iq_shed,467.31,470.21,46.12,47.7,1.0,1.0
ring_131614.csv,13:15:56.345,13:16:14.745,231,80.0,0,vDcInst/set_freq/iq_shed,466.59,469.73,46.31,47.56,1.0,1.0
ring_131638.csv,13:16:19.873,13:16:38.193,230,80.0,0,vDcInst/set_freq/iq_shed,466.59,469.73,46.33,47.3,1.0,1.0
ring_131702.csv,13:16:43.402,13:17:02.362,238,80.0,0,vDcInst/set_freq/iq_shed,466.35,469.49,46.24,47.19,1.0,1.0
ring_131726.csv,13:17:07.875,13:17:26.275,231,80.0,0,vDcInst/set_freq/iq_shed,466.59,469.73,46.3,47.25,1.0,1.0
ring_131750.csv,13:17:31.803,13:17:50.123,230,80.0,0,vDcInst/set_freq/iq_shed,466.35,469.73,46.31,47.2,1.0,1.0
ring_131813.csv,13:17:55.269,13:18:13.589,230,80.0,0,vDcInst/set_freq/iq_shed,466.59,469.73,46.24,47.3,1.0,1.0
ring_131837.csv,13:18:18.766,13:18:37.246,232,80.0,0,vDcInst/set_freq/iq_shed,465.86,469.49,46.22,47.08,1.0,1.0
ring_131900.csv,13:18:42.407,13:19:00.727,230,80.0,0,vDcInst/set_freq/iq_shed,465.86,468.52,46.43,46.9,1.0,1.0
ring_131925.csv,13:19:05.936,13:19:25.456,245,80.0,0,vDcInst/set_freq/iq_shed,465.86,469.01,46.39,46.9,1.0,1.0
ring_131949.csv,13:19:30.985,13:19:49.465,232,80.0,0,vDcInst/set_freq/iq_shed,465.38,469.01,46.33,46.87,1.0,1.0
ring_132012.csv,13:19:54.672,13:20:12.992,230,80.0,0,vDcInst/set_freq/iq_shed,465.86,468.52,46.34,46.92,1.0,1.0
ring_132036.csv,13:20:18.218,13:20:36.538,230,80.0,0,vDcInst/set_freq/iq_shed,465.38,468.28,46.23,46.92,1.0,1.0
ring_132101.csv,13:20:41.778,13:21:01.138,243,80.0,0,vDcInst/set_freq/iq_shed,465.38,468.28,46.37,46.83,1.0,1.0
ring_132125.csv,13:21:06.845,13:21:25.165,230,80.0,0,vDcInst/set_freq/iq_shed,464.9,468.04,46.39,46.9,1.0,1.0
ring_132149.csv,13:21:30.516,13:21:49.476,238,80.0,0,vDcInst/set_freq/iq_shed,464.41,467.56,46.29,46.76,1.0,1.0
ring_132213.csv,13:21:54.927,13:22:13.167,229,80.0,0,vDcInst/set_freq/iq_shed,464.17,467.31,46.15,46.86,1.0,1.0
ring_132236.csv,13:22:18.390,13:22:36.710,230,80.0,0,vDcInst/set_freq/iq_shed,464.17,467.31,46.16,46.77,1.0,1.0
ring_132300.csv,13:22:41.983,13:23:00.303,230,80.0,0,vDcInst/set_freq/iq_shed,463.93,466.59,46.29,46.76,1.0,1.0
ring_132323.csv,13:23:05.418,13:23:23.818,231,80.0,0,vDcInst/set_freq/iq_shed,463.93,469.97,46.4,46.85,1.0,1.0
ring_132347.csv,13:23:29.059,13:23:47.379,230,80.0,0,vDcInst/set_freq/iq_shed,464.17,467.56,46.35,46.79,1.0,1.0
ring_132410.csv,13:23:52.620,13:24:10.940,230,80.0,0,vDcInst/set_freq/iq_shed,463.93,467.31,46.39,46.82,1.0,1.0
ring_132434.csv,13:24:16.196,13:24:34.436,229,80.0,0,vDcInst/set_freq/iq_shed,464.41,467.56,46.37,46.79,1.0,1.0
ring_132458.csv,13:24:39.693,13:24:58.093,231,80.0,0,vDcInst/set_freq/iq_shed,464.65,468.28,46.43,46.89,1.0,1.0
ring_132521.csv,13:25:03.223,13:25:21.623,231,80.0,0,vDcInst/set_freq/iq_shed,464.41,467.8,46.41,46.93,1.0,1.0
ring_132545.csv,13:25:26.736,13:25:45.136,231,80.0,0,vDcInst/set_freq/iq_shed,463.93,467.56,46.41,46.8,1.0,1.0
ring_132608.csv,13:25:50.345,13:26:08.665,230,80.0,0,vDcInst/set_freq/iq_shed,464.17,468.76,46.38,46.86,1.0,1.0
ring_132632.csv,13:26:13.889,13:26:32.209,230,80.0,0,vDcInst/set_freq/iq_shed,463.93,466.83,46.38,46.8,1.0,1.0
ring_132655.csv,13:26:37.465,13:26:55.865,231,80.0,0,vDcInst/set_freq/iq_shed,463.45,466.83,46.43,46.86,1.0,1.0
ring_132719.csv,13:27:01.011,13:27:19.331,230,80.0,0,vDcInst/set_freq/iq_shed,463.93,466.83,46.41,46.79,1.0,1.0
ring_132742.csv,13:27:24.588,13:27:42.908,230,80.0,0,vDcInst/set_freq/iq_shed,463.69,467.07,46.33,46.74,1.0,1.0
ring_132806.csv,13:27:48.054,13:28:06.454,231,80.0,0,vDcInst/set_freq/iq_shed,463.45,466.1,46.38,46.81,1.0,1.0
ring_132831.csv,13:28:12.685,13:28:31.005,230,80.0,0,vDcInst/set_freq/iq_shed,463.45,466.83,46.14,46.85,1.0,1.0
ring_132854.csv,13:28:36.470,13:28:54.790,230,80.0,0,vDcInst/set_freq/iq_shed,463.2,467.07,46.32,46.8,1.0,1.0
ring_132919.csv,13:28:59.921,13:29:19.281,243,80.0,0,vDcInst/set_freq/iq_shed,463.45,466.83,46.24,46.82,1.0,1.0
ring_132943.csv,13:29:25.050,13:29:43.450,231,80.0,0,vDcInst/set_freq/iq_shed,463.69,466.83,46.38,46.8,1.0,1.0
ring_133007.csv,13:29:48.658,13:30:07.058,231,80.0,0,vDcInst/set_freq/iq_shed,463.45,467.07,46.2,46.8,1.0,1.0
ring_133030.csv,13:30:12.188,13:30:30.508,230,80.0,0,vDcInst/set_freq/iq_shed,463.45,466.83,46.34,46.86,1.0,1.0
ring_133055.csv,13:30:35.779,13:30:55.219,244,80.0,0,vDcInst/set_freq/iq_shed,463.45,466.59,46.33,46.8,1.0,1.0
ring_133119.csv,13:31:00.909,13:31:19.309,231,80.0,0,vDcInst/set_freq/iq_shed,463.45,466.35,46.38,46.81,1.0,1.0
ring_133142.csv,13:31:24.439,13:31:42.679,229,80.0,0,vDcInst/set_freq/iq_shed,462.96,466.59,46.3,46.8,1.0,1.0
ring_133206.csv,13:31:47.984,13:32:06.384,231,80.0,0,vDcInst/set_freq/iq_shed,462.48,466.1,46.32,46.8,1.0,1.0
ring_133229.csv,13:32:11.607,13:32:29.927,230,80.0,0,vDcInst/set_freq/iq_shed,463.2,466.59,46.16,46.76,1.0,1.0
ring_133253.csv,13:32:35.201,13:32:53.521,230,80.0,0,vDcInst/set_freq/iq_shed,463.45,466.83,46.19,46.86,1.0,1.0
ring_133317.csv,13:32:58.651,13:33:17.051,231,80.0,0,vDcInst/set_freq/iq_shed,463.45,466.59,46.37,46.81,1.0,1.0
ring_133340.csv,13:33:22.212,13:33:40.532,230,80.0,0,vDcInst/set_freq/iq_shed,463.69,467.31,46.1,46.73,1.0,1.0
ring_133404.csv,13:33:45.757,13:34:04.157,231,80.0,0,vDcInst/set_freq/iq_shed,463.69,467.07,46.32,46.77,1.0,1.0
ring_133427.csv,13:34:09.286,13:34:27.686,231,80.0,0,vDcInst/set_freq/iq_shed,463.93,467.07,46.3,46.75,1.0,1.0
ring_133451.csv,13:34:32.959,13:34:51.839,237,80.0,0,vDcInst/set_freq/iq_shed,463.45,466.83,46.31,46.77,1.0,1.0
ring_133515.csv,13:34:57.366,13:35:15.686,230,80.0,0,vDcInst/set_freq/iq_shed,463.45,466.59,46.43,46.84,1.0,1.0
ring_133540.csv,13:35:20.336,13:35:40.176,249,80.0,0,vDcInst/set_freq/iq_shed,463.69,466.83,46.18,46.75,1.0,1.0
ring_133604.csv,13:35:46.312,13:36:04.712,231,80.0,0,vDcInst/set_freq/iq_shed,463.45,466.59,46.33,46.77,1.0,1.0
ring_133628.csv,13:36:09.939,13:36:28.339,231,80.0,0,vDcInst/set_freq/iq_shed,463.69,466.83,46.19,46.79,1.0,1.0
ring_133651.csv,13:36:33.483,13:36:51.803,230,80.0,0,vDcInst/set_freq/iq_shed,463.45,467.07,46.26,46.83,1.0,1.0
ring_133715.csv,13:36:56.995,13:37:15.315,230,80.0,0,vDcInst/set_freq/iq_shed,463.45,466.83,46.42,46.8,1.0,1.0
ring_133738.csv,13:37:20.573,13:37:38.973,231,80.0,0,vDcInst/set_freq/iq_shed,463.45,467.31,46.35,46.79,1.0,1.0
ring_133802.csv,13:37:44.165,13:38:02.405,229,80.0,0,vDcInst/set_freq/iq_shed,462.96,466.35,46.36,46.74,1.0,1.0
ring_133825.csv,13:38:07.583,13:38:25.983,231,80.0,0,vDcInst/set_freq/iq_shed,462.96,466.59,46.34,46.84,1.0,1.0
ring_133850.csv,13:38:32.247,13:38:50.567,230,80.0,0,vDcInst/set_freq/iq_shed,462.72,466.1,46.26,46.75,1.0,1.0
ring_133914.csv,13:38:56.048,13:39:14.288,229,80.0,0,vDcInst/set_freq/iq_shed,462.96,466.59,46.15,46.76,1.0,1.0
ring_133937.csv,13:39:19.499,13:39:37.899,231,80.0,0,vDcInst/set_freq/iq_shed,462.96,466.1,46.17,46.77,1.0,1.0
ring_134001.csv,13:39:43.154,13:40:01.474,230,80.0,0,vDcInst/set_freq/iq_shed,462.72,465.86,46.35,46.83,1.0,1.0
ring_134025.csv,13:40:06.653,13:40:25.053,231,80.0,0,vDcInst/set_freq/iq_shed,462.96,465.86,46.2,46.77,1.0,1.0
ring_134048.csv,13:40:30.245,13:40:48.885,234,80.0,0,vDcInst/set_freq/iq_shed,462.0,464.9,46.2,46.75,1.0,1.0
ring_134112.csv,13:40:54.173,13:41:12.653,232,80.0,0,vDcInst/set_freq/iq_shed,461.51,464.41,46.24,46.77,1.0,1.0
ring_134136.csv,13:41:18.054,13:41:36.294,229,80.0,0,vDcInst/set_freq/iq_shed,461.75,464.65,46.17,46.68,1.0,1.0
ring_134200.csv,13:41:41.634,13:42:00.194,233,80.0,0,vDcInst/set_freq/iq_shed,460.79,463.69,46.14,46.73,1.0,1.0
ring_134224.csv,13:42:05.673,13:42:24.153,232,80.0,0,vDcInst/set_freq/iq_shed,460.79,463.45,46.12,46.62,1.0,1.0
ring_134247.csv,13:42:29.649,13:42:47.969,230,80.0,0,vDcInst/set_freq/iq_shed,460.3,464.17,46.08,46.77,1.0,1.0
ring_134311.csv,13:42:53.147,13:43:11.467,230,80.0,0,vDcInst/set_freq/iq_shed,460.06,463.2,45.98,46.98,1.0,1.0
ring_134334.csv,13:43:16.629,13:43:34.949,230,80.0,0,vDcInst/set_freq/iq_shed,459.58,462.48,45.99,46.65,1.0,1.0
ring_134358.csv,13:43:40.221,13:43:58.781,233,80.0,0,vDcInst/set_freq/iq_shed,459.82,463.93,45.88,46.83,1.0,1.0
ring_134422.csv,13:44:04.199,13:44:22.839,234,80.0,0,vDcInst/set_freq/iq_shed,459.58,462.48,45.98,46.72,1.0,1.0
ring_134446.csv,13:44:28.191,13:44:46.511,230,80.0,0,vDcInst/set_freq/iq_shed,459.09,462.48,45.99,46.56,1.0,1.0
ring_134510.csv,13:44:51.640,13:45:10.280,234,80.0,0,vDcInst/set_freq/iq_shed,459.34,462.48,46.14,46.62,1.0,1.0
ring_134534.csv,13:45:15.696,13:45:34.256,233,80.0,0,vDcInst/set_freq/iq_shed,459.34,462.48,46.17,46.64,1.0,1.0
ring_134558.csv,13:45:39.625,13:45:58.105,232,80.0,0,vDcInst/set_freq/iq_shed,459.34,462.48,45.93,46.65,1.0,1.0
ring_134621.csv,13:46:03.538,13:46:21.858,230,80.0,0,vDcInst/set_freq/iq_shed,460.3,463.2,45.9,46.87,1.0,1.0
ring_134645.csv,13:46:27.148,13:46:45.388,229,80.0,0,vDcInst/set_freq/iq_shed,459.82,462.96,46.11,46.71,1.0,1.0
ring_134709.csv,13:46:50.613,13:47:09.013,231,80.0,0,vDcInst/set_freq/iq_shed,459.58,462.96,45.94,46.59,1.0,1.0
ring_134732.csv,13:47:14.140,13:47:32.460,230,80.0,0,vDcInst/set_freq/iq_shed,459.58,463.2,46.06,46.72,1.0,1.0
ring_134756.csv,13:47:37.701,13:47:56.021,230,80.0,0,vDcInst/set_freq/iq_shed,459.82,462.96,46.04,46.69,1.0,1.0
ring_134819.csv,13:48:01.264,13:48:19.584,230,80.0,0,vDcInst/set_freq/iq_shed,459.34,462.96,45.87,46.66,1.0,1.0
ring_134844.csv,13:48:24.841,13:48:44.121,242,80.0,0,vDcInst/set_freq/iq_shed,459.34,462.96,45.92,46.63,1.0,1.0
ring_134908.csv,13:48:49.858,13:49:08.258,231,80.0,0,vDcInst/set_freq/iq_shed,460.06,462.96,45.92,46.92,1.0,1.0
ring_134931.csv,13:49:13.530,13:49:31.850,230,80.0,0,vDcInst/set_freq/iq_shed,459.82,463.69,45.94,47.12,1.0,1.0
ring_134955.csv,13:49:37.028,13:49:55.348,230,80.0,0,vDcInst/set_freq/iq_shed,459.58,463.2,45.92,46.78,1.0,1.0
ring_135019.csv,13:50:00.701,13:50:19.101,231,80.0,0,vDcInst/set_freq/iq_shed,459.34,462.96,46.0,47.01,1.0,1.0
ring_135042.csv,13:50:24.661,13:50:42.901,229,80.0,0,vDcInst/set_freq/iq_shed,459.82,463.69,46.08,46.87,1.0,1.0
ring_135106.csv,13:50:48.159,13:51:06.559,231,80.0,0,vDcInst/set_freq/iq_shed,459.82,463.69,45.96,46.93,1.0,1.0
ring_135131.csv,13:51:11.702,13:51:31.142,244,80.0,0,vDcInst/set_freq/iq_shed,459.82,463.2,46.01,47.05,1.0,1.0
ring_135155.csv,13:51:36.784,13:51:55.184,231,80.0,0,vDcInst/set_freq/iq_shed,459.58,462.96,45.95,46.8,1.0,1.0
ring_135218.csv,13:52:00.425,13:52:18.745,230,80.0,0,vDcInst/set_freq/iq_shed,459.58,462.96,46.09,46.66,1.0,1.0
ring_135242.csv,13:52:23.938,13:52:42.338,231,80.0,0,vDcInst/set_freq/iq_shed,459.09,464.41,45.94,46.58,1.0,1.0
ring_135306.csv,13:52:48.523,13:53:06.843,230,80.0,0,vDcInst/set_freq/iq_shed,459.09,462.0,46.08,46.59,1.0,1.0
ring_135330.csv,13:53:12.245,13:53:30.565,230,80.0,0,vDcInst/set_freq/iq_shed,458.85,462.48,45.89,46.58,1.0,1.0
ring_135354.csv,13:53:35.837,13:53:54.157,230,80.0,0,vDcInst/set_freq/iq_shed,458.61,462.96,46.1,46.65,1.0,1.0
ring_135417.csv,13:53:59.366,13:54:17.766,231,80.0,0,vDcInst/set_freq/iq_shed,458.37,462.48,46.1,46.58,1.0,1.0
ring_135441.csv,13:54:22.879,13:54:41.279,231,80.0,0,vDcInst/set_freq/iq_shed,458.13,461.75,46.06,46.55,1.0,1.0
ring_135504.csv,13:54:46.458,13:55:04.858,231,80.0,0,vDcInst/set_freq/iq_shed,458.37,462.24,46.19,46.63,1.0,1.0
ring_135528.csv,13:55:09.985,13:55:28.385,231,80.0,0,vDcInst/set_freq/iq_shed,458.37,461.27,45.99,46.59,1.0,1.0
ring_135551.csv,13:55:33.564,13:55:51.884,230,80.0,0,vDcInst/set_freq/iq_shed,458.37,461.75,46.08,46.65,1.0,1.0
ring_135615.csv,13:55:57.157,13:56:15.477,230,80.0,0,vDcInst/set_freq/iq_shed,458.37,461.51,46.1,46.53,1.0,1.0
ring_135639.csv,13:56:20.670,13:56:39.070,231,80.0,0,vDcInst/set_freq/iq_shed,458.37,461.75,46.13,46.73,1.0,1.0
ring_135703.csv,13:56:44.245,13:57:03.605,243,80.0,0,vDcInst/set_freq/iq_shed,458.61,461.75,46.05,46.6,1.0,1.0
ring_135727.csv,13:57:09.279,13:57:27.679,231,80.0,0,vDcInst/set_freq/iq_shed,458.85,462.0,46.14,46.68,1.0,1.0
ring_135751.csv,13:57:32.920,13:57:51.240,230,80.0,0,vDcInst/set_freq/iq_shed,458.61,462.48,46.11,46.65,1.0,1.0
ring_135814.csv,13:57:56.480,13:58:14.720,229,80.0,0,vDcInst/set_freq/iq_shed,458.37,462.0,45.94,46.51,1.0,1.0
ring_135838.csv,13:58:19.993,13:58:38.953,238,80.0,0,vDcInst/set_freq/iq_shed,457.89,461.51,46.1,46.62,1.0,1.0
ring_135902.csv,13:58:44.419,13:59:02.819,231,80.0,0,vDcInst/set_freq/iq_shed,457.64,460.79,45.99,46.79,1.0,1.0
ring_135926.csv,13:59:07.917,13:59:26.477,233,80.0,0,vDcInst/set_freq/iq_shed,457.16,460.79,45.94,46.76,1.0,1.0
ring_135950.csv,13:59:32.005,13:59:50.645,234,80.0,0,vDcInst/set_freq/iq_shed,457.16,460.54,46.07,46.58,1.0,1.0
ring_140015.csv,13:59:55.869,14:00:15.229,243,80.0,0,vDcInst/set_freq/iq_shed,456.19,459.82,46.15,46.64,1.0,1.0
ring_140039.csv,14:00:20.870,14:00:39.430,233,80.0,0,vDcInst/set_freq/iq_shed,456.19,460.54,46.14,46.57,1.0,1.0
ring_140103.csv,14:00:44.656,14:01:03.136,232,80.0,0,vDcInst/set_freq/iq_shed,455.47,460.3,46.11,46.59,1.0,1.0
ring_140127.csv,14:01:08.631,14:01:27.271,234,80.0,0,vDcInst/set_freq/iq_shed,454.74,459.82,46.12,46.53,1.0,1.0
ring_140150.csv,14:01:32.497,14:01:50.897,231,80.0,0,vDcInst/set_freq/iq_shed,455.95,459.82,46.13,46.54,1.0,1.0
ring_140214.csv,14:01:55.995,14:02:14.395,231,80.0,0,vDcInst/set_freq/iq_shed,455.47,459.58,45.8,46.56,1.0,1.0
ring_140237.csv,14:02:19.475,14:02:37.795,230,80.0,0,vDcInst/set_freq/iq_shed,454.74,459.34,46.13,46.5,1.0,1.0
ring_140301.csv,14:02:43.244,14:03:01.804,233,80.0,0,vDcInst/set_freq/iq_shed,455.23,459.34,45.92,46.5,1.0,1.0
ring_140325.csv,14:03:07.139,14:03:25.699,233,80.0,0,vDcInst/set_freq/iq_shed,455.23,458.85,46.06,46.63,1.0,1.0
ring_140349.csv,14:03:31.052,14:03:49.452,231,80.0,0,vDcInst/set_freq/iq_shed,454.98,459.82,46.13,46.58,1.0,1.0
ring_140413.csv,14:03:54.645,14:04:13.125,232,80.0,0,vDcInst/set_freq/iq_shed,455.71,459.34,45.98,46.61,1.0,1.0
ring_140437.csv,14:04:18.527,14:04:37.007,232,80.0,0,vDcInst/set_freq/iq_shed,455.71,459.58,46.03,46.52,1.0,1.0
ring_140500.csv,14:04:42.423,14:05:00.743,230,80.0,0,vDcInst/set_freq/iq_shed,455.95,459.58,46.05,46.56,1.0,1.0
ring_140525.csv,14:05:05.905,14:05:25.265,243,80.0,0,vDcInst/set_freq/iq_shed,456.19,459.82,45.95,46.52,1.0,1.0
ring_140550.csv,14:05:31.113,14:05:50.953,249,80.0,0,vDcInst/set_freq/iq_shed,455.71,459.09,45.8,46.55,1.0,1.0
ring_140615.csv,14:05:56.739,14:06:15.299,233,80.0,0,vDcInst/set_freq/iq_shed,455.47,459.34,46.13,46.57,1.0,1.0
ring_140639.csv,14:06:20.794,14:06:39.274,232,80.0,0,vDcInst/set_freq/iq_shed,455.71,459.34,45.99,46.5,1.0,1.0
ring_140703.csv,14:06:44.610,14:07:03.250,234,80.0,0,vDcInst/set_freq/iq_shed,455.71,459.34,46.03,46.53,1.0,1.0
ring_140728.csv,14:07:08.652,14:07:28.172,245,80.0,0,vDcInst/set_freq/iq_shed,455.95,459.58,46.09,46.55,1.0,1.0
ring_140752.csv,14:07:33.735,14:07:52.295,233,80.0,0,vDcInst/set_freq/iq_shed,455.47,459.09,45.76,46.58,1.0,1.0
ring_140816.csv,14:07:57.789,14:08:16.109,230,80.0,0,vDcInst/set_freq/iq_shed,455.71,459.82,46.1,46.53,1.0,1.0
ring_140839.csv,14:08:21.254,14:08:39.574,230,80.0,0,vDcInst/set_freq/iq_shed,455.47,459.82,46.1,46.55,1.0,1.0
ring_140903.csv,14:08:44.801,14:09:03.121,230,80.0,0,vDcInst/set_freq/iq_shed,455.23,459.34,46.11,46.49,1.0,1.0
ring_140926.csv,14:09:08.328,14:09:26.648,230,80.0,0,vDcInst/set_freq/iq_shed,454.74,458.85,46.16,46.56,1.0,1.0
ring_140951.csv,14:09:32.883,14:09:51.203,230,80.0,0,vDcInst/set_freq/iq_shed,454.5,458.85,45.82,46.44,1.0,1.0
ring_141015.csv,14:09:56.716,14:10:15.116,231,80.0,0,vDcInst/set_freq/iq_shed,454.5,457.64,46.04,46.64,1.0,1.0
ring_141039.csv,14:10:21.331,14:10:39.571,229,80.0,0,vDcInst/set_freq/iq_shed,454.02,457.64,45.71,46.51,1.0,1.0
ring_141104.csv,14:10:46.029,14:11:04.349,230,80.0,0,vDcInst/set_freq/iq_shed,451.84,460.54,45.24,46.45,1.0,1.0
ring_141128.csv,14:11:09.765,14:11:28.165,231,80.0,0,vDcInst/set_freq/iq_shed,454.74,461.51,45.03,45.63,1.0,1.0
ring_141151.csv,14:11:33.310,14:11:51.630,230,80.0,0,vDcInst/set_freq/iq_shed,453.78,460.79,45.03,45.63,1.0,1.0
ring_141215.csv,14:11:56.857,14:12:15.257,231,80.0,0,vDcInst/set_freq/iq_shed,453.53,460.06,45.03,45.63,1.0,1.0
ring_141238.csv,14:12:20.433,14:12:38.673,229,80.0,0,vDcInst/set_freq/iq_shed,453.78,462.24,44.83,45.63,1.0,1.0
ring_141302.csv,14:12:43.993,14:13:02.313,230,80.0,0,vDcInst/set_freq/iq_shed,454.02,462.48,44.83,45.63,1.0,1.0
ring_141327.csv,14:13:07.539,14:13:27.459,250,80.0,0,vDcInst/set_freq/iq_shed,454.26,463.45,44.83,45.63,1.0,1.0
ring_141351.csv,14:13:33.147,14:13:51.547,231,80.0,0,vDcInst/set_freq/iq_shed,454.74,462.96,45.03,45.83,1.0,1.0
ring_141415.csv,14:13:56.708,14:14:15.028,230,80.0,0,vDcInst/set_freq/iq_shed,455.71,463.93,45.03,45.83,1.0,1.0
ring_141438.csv,14:14:20.205,14:14:38.525,230,80.0,0,vDcInst/set_freq/iq_shed,456.68,464.65,45.03,45.83,1.0,1.0
ring_141502.csv,14:14:43.702,14:15:02.102,231,80.0,0,vDcInst/set_freq/iq_shed,458.13,466.1,45.03,45.63,1.0,1.0
ring_141526.csv,14:15:07.247,14:15:26.687,244,80.0,0,vDcInst/set_freq/iq_shed,457.16,466.35,45.03,45.83,1.0,1.0
ring_141550.csv,14:15:32.376,14:15:50.696,230,80.0,0,vDcInst/set_freq/iq_shed,458.37,466.35,45.03,45.83,1.0,1.0
ring_141614.csv,14:15:56.083,14:16:14.323,229,80.0,0,vDcInst/set_freq/iq_shed,460.06,466.59,45.03,45.63,1.0,1.0
ring_141637.csv,14:16:19.564,14:16:37.964,231,80.0,0,vDcInst/set_freq/iq_shed,458.13,465.86,45.18,45.78,1.0,1.0
ring_141701.csv,14:16:43.076,14:17:01.476,231,80.0,0,vDcInst/set_freq/iq_shed,459.82,466.59,44.98,45.58,1.0,1.0
ring_141724.csv,14:17:06.587,14:17:24.907,230,80.0,0,vDcInst/set_freq/iq_shed,457.89,467.8,44.98,45.78,1.0,1.0
ring_141748.csv,14:17:30.230,14:17:48.630,231,80.0,0,vDcInst/set_freq/iq_shed,457.89,466.83,44.98,45.78,1.0,1.0
ring_141812.csv,14:17:53.726,14:18:12.046,230,80.0,0,vDcInst/set_freq/iq_shed,459.34,467.8,44.98,45.78,1.0,1.0
ring_141835.csv,14:18:17.240,14:18:35.640,231,80.0,0,vDcInst/set_freq/iq_shed,459.82,469.01,44.98,45.78,1.0,1.0
ring_141859.csv,14:18:40.865,14:18:59.185,230,80.0,0,vDcInst/set_freq/iq_shed,460.06,468.76,44.98,45.78,1.0,1.0
ring_141922.csv,14:19:04.458,14:19:22.778,230,80.0,0,vDcInst/set_freq/iq_shed,459.58,469.01,44.98,45.78,1.0,1.0
ring_141946.csv,14:19:27.906,14:19:46.306,231,80.0,0,vDcInst/set_freq/iq_shed,460.06,468.76,44.98,45.78,1.0,1.0
ring_142009.csv,14:19:51.451,14:20:09.771,230,80.0,0,vDcInst/set_freq/iq_shed,460.79,469.73,44.98,45.78,1.0,1.0
ring_142033.csv,14:20:14.966,14:20:33.366,231,80.0,0,vDcInst/set_freq/iq_shed,461.75,468.52,45.05,45.65,1.0,1.0
ring_142056.csv,14:20:38.557,14:20:56.957,231,80.0,0,vDcInst/set_freq/iq_shed,461.51,468.28,45.05,45.65,1.0,1.0
ring_142120.csv,14:21:02.054,14:21:20.374,230,80.0,0,vDcInst/set_freq/iq_shed,460.06,468.52,45.05,45.85,1.0,1.0
ring_142144.csv,14:21:25.680,14:21:44.080,231,80.0,0,vDcInst/set_freq/iq_shed,461.27,468.76,45.05,45.73,1.0,1.0
ring_142207.csv,14:21:49.210,14:22:07.610,231,80.0,0,vDcInst/set_freq/iq_shed,460.54,469.73,44.93,45.73,1.0,1.0
ring_142231.csv,14:22:12.690,14:22:31.010,230,80.0,0,vDcInst/set_freq/iq_shed,461.03,469.73,44.93,45.73,1.0,1.0
ring_142254.csv,14:22:36.301,14:22:54.781,232,80.0,0,vDcInst/set_freq/iq_shed,462.24,468.52,44.93,45.53,1.0,1.0
ring_142318.csv,14:23:00.372,14:23:18.772,231,80.0,0,vDcInst/set_freq/iq_shed,461.51,469.25,44.73,45.53,1.0,1.0
ring_142342.csv,14:23:24.207,14:23:42.527,230,80.0,0,vDcInst/set_freq/iq_shed,460.54,469.01,44.73,45.53,1.0,1.0
ring_142406.csv,14:23:47.735,14:24:06.215,232,80.0,0,vDcInst/set_freq/iq_shed,462.72,468.52,44.73,45.33,1.0,1.0
ring_142430.csv,14:24:11.344,14:24:30.784,244,80.0,0,vDcInst/set_freq/iq_shed,461.51,468.76,44.73,45.33,1.0,1.0
ring_142455.csv,14:24:37.465,14:24:55.865,231,80.0,0,vDcInst/set_freq/iq_shed,462.72,468.04,44.73,45.13,1.0,1.0
ring_142519.csv,14:25:01.297,14:25:19.617,230,80.0,0,vDcInst/set_freq/iq_shed,460.3,468.76,44.53,45.33,1.0,1.0
ring_142543.csv,14:25:24.827,14:25:43.227,231,80.0,0,vDcInst/set_freq/iq_shed,460.06,469.25,44.53,45.33,1.0,1.0
ring_142607.csv,14:25:48.324,14:26:07.844,245,80.0,0,vDcInst/set_freq/iq_shed,460.3,469.25,44.53,45.33,1.0,1.0
ring_142631.csv,14:26:13.451,14:26:31.771,230,80.0,0,vDcInst/set_freq/iq_shed,462.72,469.01,44.53,45.13,1.0,1.0
ring_142655.csv,14:26:37.078,14:26:55.478,231,80.0,0,vDcInst/set_freq/iq_shed,461.27,468.04,44.53,45.13,1.0,1.0
ring_142718.csv,14:27:00.653,14:27:18.973,230,80.0,0,vDcInst/set_freq/iq_shed,461.27,468.76,44.47,45.07,1.0,1.0
ring_142742.csv,14:27:24.183,14:27:42.503,230,80.0,0,vDcInst/set_freq/iq_shed,460.79,468.04,44.47,45.07,1.0,1.0
ring_142806.csv,14:27:47.744,14:28:06.224,232,80.0,0,vDcInst/set_freq/iq_shed,461.03,468.04,44.47,45.07,1.0,1.0
ring_142829.csv,14:28:11.642,14:28:29.962,230,80.0,0,vDcInst/set_freq/iq_shed,461.27,469.73,44.27,45.07,1.0,1.0
ring_142853.csv,14:28:35.203,14:28:53.603,231,80.0,0,vDcInst/set_freq/iq_shed,460.79,467.56,44.47,45.07,1.0,1.0
ring_142917.csv,14:28:58.764,14:29:17.084,230,80.0,0,vDcInst/set_freq/iq_shed,460.54,469.49,44.31,45.07,1.0,1.0
ring_142940.csv,14:29:22.341,14:29:40.661,230,80.0,0,vDcInst/set_freq/iq_shed,461.75,468.76,44.31,44.91,1.0,1.0
ring_143004.csv,14:29:45.869,14:30:04.269,231,80.0,0,vDcInst/set_freq/iq_shed,460.79,467.56,44.31,44.91,1.0,1.0
ring_143027.csv,14:30:09.415,14:30:27.735,230,80.0,0,vDcInst/set_freq/iq_shed,461.75,468.28,44.11,44.71,1.0,1.0
ring_143051.csv,14:30:32.960,14:30:51.360,231,80.0,0,vDcInst/set_freq/iq_shed,461.51,467.8,44.11,44.71,1.0,1.0
ring_143114.csv,14:30:56.472,14:31:14.872,231,80.0,0,vDcInst/set_freq/iq_shed,461.03,467.8,44.11,44.71,1.0,1.0
ring_143139.csv,14:31:21.058,14:31:39.378,230,80.0,0,vDcInst/set_freq/iq_shed,460.79,467.8,44.06,44.66,1.0,1.0
ring_143203.csv,14:31:44.779,14:32:03.179,231,80.0,0,vDcInst/set_freq/iq_shed,461.03,467.8,44.06,44.66,1.0,1.0
ring_143226.csv,14:32:08.322,14:32:26.642,230,80.0,0,vDcInst/set_freq/iq_shed,460.79,467.56,44.06,44.66,1.0,1.0
ring_143250.csv,14:32:31.915,14:32:50.235,230,80.0,0,vDcInst/set_freq/iq_shed,460.79,467.8,44.06,44.66,1.0,1.0
ring_143313.csv,14:32:55.382,14:33:13.782,231,80.0,0,vDcInst/set_freq/iq_shed,460.54,467.31,44.06,44.66,1.0,1.0
ring_143337.csv,14:33:18.910,14:33:37.310,231,80.0,0,vDcInst/set_freq/iq_shed,461.27,468.28,44.06,44.66,1.0,1.0
ring_143400.csv,14:33:42.503,14:34:00.903,231,80.0,0,vDcInst/set_freq/iq_shed,461.51,468.04,44.06,44.66,1.0,1.0
ring_143424.csv,14:34:06.048,14:34:24.448,231,80.0,0,vDcInst/set_freq/iq_shed,461.51,469.25,43.86,44.66,1.0,1.0
ring_143447.csv,14:34:29.610,14:34:47.930,230,80.0,0,vDcInst/set_freq/iq_shed,462.96,469.49,43.86,44.46,1.0,1.0
ring_143511.csv,14:34:53.123,14:35:11.443,230,80.0,0,vDcInst/set_freq/iq_shed,461.03,470.46,43.86,44.66,1.0,1.0
ring_143536.csv,14:35:16.700,14:35:36.140,244,80.0,0,vDcInst/set_freq/iq_shed,463.45,470.21,43.86,44.46,1.0,1.0
ring_143600.csv,14:35:41.732,14:36:00.052,230,80.0,0,vDcInst/set_freq/iq_shed,461.51,470.21,43.86,44.66,1.0,1.0
ring_143624.csv,14:36:05.373,14:36:24.813,244,80.0,0,vDcInst/set_freq/iq_shed,462.72,470.94,43.66,44.46,1.0,1.0
ring_143648.csv,14:36:30.469,14:36:48.869,231,80.0,0,vDcInst/set_freq/iq_shed,463.45,471.67,43.66,44.46,1.0,1.0
ring_143712.csv,14:36:54.064,14:37:12.464,231,80.0,0,vDcInst/set_freq/iq_shed,463.45,470.7,43.86,44.46,1.0,1.0
ring_143736.csv,14:37:17.737,14:37:36.137,231,80.0,0,vDcInst/set_freq/iq_shed,463.2,472.15,43.66,44.46,1.0,1.0
ring_143759.csv,14:37:41.664,14:37:59.984,230,80.0,0,vDcInst/set_freq/iq_shed,465.38,472.15,43.66,44.26,1.0,1.0
ring_143823.csv,14:38:05.130,14:38:23.530,231,80.0,0,vDcInst/set_freq/iq_shed,465.14,473.84,43.46,44.26,1.0,1.0
ring_143847.csv,14:38:28.692,14:38:47.012,230,80.0,0,vDcInst/set_freq/iq_shed,464.17,471.67,43.66,44.26,1.0,1.0
ring_143911.csv,14:38:52.237,14:39:11.597,243,80.0,0,vDcInst/set_freq/iq_shed,464.9,472.39,43.66,44.26,1.0,1.0
ring_143936.csv,14:39:17.428,14:39:36.788,243,80.0,0,vDcInst/set_freq/iq_shed,465.14,472.87,43.66,44.26,1.0,1.0
ring_144000.csv,14:39:42.510,14:40:00.910,231,80.0,0,vDcInst/set_freq/iq_shed,466.1,472.87,43.66,44.26,1.0,1.0
ring_144024.csv,14:40:06.102,14:40:24.502,231,80.0,0,vDcInst/set_freq/iq_shed,465.62,472.63,43.66,44.26,1.0,1.0
ring_144048.csv,14:40:29.632,14:40:48.992,243,80.0,0,vDcInst/set_freq/iq_shed,464.9,473.84,43.46,44.26,1.0,1.0
ring_144113.csv,14:40:54.777,14:41:13.097,230,80.0,0,vDcInst/set_freq/iq_shed,466.35,472.39,43.66,44.06,1.0,1.0
ring_144136.csv,14:41:18.306,14:41:36.706,231,80.0,0,vDcInst/set_freq/iq_shed,465.86,473.84,43.46,44.06,1.0,1.0
ring_144200.csv,14:41:41.946,14:42:00.266,230,80.0,0,vDcInst/set_freq/iq_shed,466.35,472.63,43.46,44.06,1.0,1.0
ring_144223.csv,14:42:05.444,14:42:23.844,231,80.0,0,vDcInst/set_freq/iq_shed,466.1,472.87,43.46,44.06,1.0,1.0
ring_144247.csv,14:42:28.990,14:42:47.390,231,80.0,0,vDcInst/set_freq/iq_shed,466.1,473.36,43.46,44.06,1.0,1.0
ring_144310.csv,14:42:52.470,14:43:10.790,230,80.0,0,vDcInst/set_freq/iq_shed,465.38,473.12,43.46,44.06,1.0,1.0
ring_144335.csv,14:43:16.128,14:43:35.488,243,80.0,0,vDcInst/set_freq/iq_shed,465.62,474.57,43.26,44.06,1.0,1.0
ring_144359.csv,14:43:41.129,14:43:59.529,231,80.0,0,vDcInst/set_freq/iq_shed,466.1,473.12,43.46,44.06,1.0,1.0
ring_144423.csv,14:44:04.848,14:44:23.168,230,80.0,0,vDcInst/set_freq/iq_shed,465.62,474.08,43.26,44.06,1.0,1.0
ring_144446.csv,14:44:28.393,14:44:46.873,232,80.0,0,vDcInst/set_freq/iq_shed,465.38,473.6,43.46,44.06,1.0,1.0
ring_144510.csv,14:44:52.339,14:45:10.659,230,80.0,0,vDcInst/set_freq/iq_shed,466.59,472.39,43.46,43.86,1.0,1.0
ring_144534.csv,14:45:15.853,14:45:34.173,230,80.0,0,vDcInst/set_freq/iq_shed,467.31,473.6,43.26,43.86,1.0,1.0
ring_144558.csv,14:45:39.428,14:45:58.788,243,80.0,0,vDcInst/set_freq/iq_shed,464.9,473.6,43.26,44.06,1.0,1.0
ring_144622.csv,14:46:04.447,14:46:22.767,230,80.0,0,vDcInst/set_freq/iq_shed,466.59,473.12,43.26,43.86,1.0,1.0
ring_144647.csv,14:46:28.102,14:46:47.062,238,80.0,0,vDcInst/set_freq/iq_shed,466.35,473.6,43.26,43.86,1.0,1.0
ring_144711.csv,14:46:52.544,14:47:11.504,238,80.0,0,vDcInst/set_freq/iq_shed,466.83,473.12,43.26,43.86,1.0,1.0
ring_144735.csv,14:47:16.919,14:47:35.239,230,80.0,0,vDcInst/set_freq/iq_shed,465.86,474.08,43.06,43.86,1.0,1.0
ring_144759.csv,14:47:40.304,14:47:59.744,244,80.0,0,vDcInst/set_freq/iq_shed,467.8,473.12,43.06,43.46,1.0,1.0
ring_144823.csv,14:48:05.387,14:48:23.707,230,80.0,0,vDcInst/set_freq/iq_shed,467.56,474.81,42.86,43.46,1.0,1.0
ring_144847.csv,14:48:28.995,14:48:47.315,230,80.0,0,vDcInst/set_freq/iq_shed,466.1,473.36,42.86,43.46,1.0,1.0
ring_144911.csv,14:48:52.621,14:49:11.101,232,80.0,0,vDcInst/set_freq/iq_shed,468.04,475.53,42.66,43.26,1.0,1.0
ring_144934.csv,14:49:16.597,14:49:34.917,230,80.0,0,vDcInst/set_freq/iq_shed,467.8,474.32,42.66,43.26,1.0,1.0
ring_144958.csv,14:49:40.046,14:49:58.366,230,80.0,0,vDcInst/set_freq/iq_shed,467.8,474.57,42.66,43.26,1.0,1.0
ring_145021.csv,14:50:03.575,14:50:21.975,231,80.0,0,vDcInst/set_freq/iq_shed,466.35,475.05,42.46,43.26,1.0,1.0
ring_145046.csv,14:50:28.223,14:50:46.463,229,80.0,0,vDcInst/set_freq/iq_shed,467.07,475.53,42.46,43.06,1.0,1.0
ring_145110.csv,14:50:51.928,14:51:10.408,232,80.0,0,vDcInst/set_freq/iq_shed,468.52,474.32,42.46,42.86,1.0,1.0
ring_145135.csv,14:51:17.008,14:51:35.328,230,80.0,0,vDcInst/set_freq/iq_shed,468.52,475.53,42.26,42.86,1.0,1.0
ring_145158.csv,14:51:40.619,14:51:58.939,230,80.0,0,vDcInst/set_freq/iq_shed,468.04,476.02,42.26,42.86,1.0,1.0
ring_145222.csv,14:52:04.147,14:52:22.547,231,80.0,0,vDcInst/set_freq/iq_shed,467.8,474.57,42.26,42.86,1.0,1.0
ring_145246.csv,14:52:27.740,14:52:46.060,230,80.0,0,vDcInst/set_freq/iq_shed,467.31,475.78,42.06,42.86,1.0,1.0
ring_145309.csv,14:52:51.285,14:53:09.685,231,80.0,0,vDcInst/set_freq/iq_shed,468.52,473.84,42.26,42.66,1.0,1.0
ring_145333.csv,14:53:14.846,14:53:33.246,231,80.0,0,vDcInst/set_freq/iq_shed,465.86,475.29,42.06,42.86,1.0,1.0
ring_145356.csv,14:53:38.393,14:53:56.713,230,80.0,0,vDcInst/set_freq/iq_shed,467.07,475.53,42.06,42.86,1.0,1.0
ring_145420.csv,14:54:01.873,14:54:20.273,231,80.0,0,vDcInst/set_freq/iq_shed,467.8,473.84,42.26,42.86,1.0,1.0
ring_145443.csv,14:54:25.338,14:54:43.738,231,80.0,0,vDcInst/set_freq/iq_shed,466.35,474.57,42.06,42.86,1.0,1.0
ring_145507.csv,14:54:49.012,14:55:07.252,229,80.0,0,vDcInst/set_freq/iq_shed,466.1,474.08,42.06,42.86,1.0,1.0
ring_145530.csv,14:55:12.525,14:55:30.925,231,80.0,0,vDcInst/set_freq/iq_shed,465.86,473.12,42.26,42.86,1.0,1.0
ring_145555.csv,14:55:37.062,14:55:55.382,230,80.0,0,vDcInst/set_freq/iq_shed,466.35,473.84,42.26,42.86,1.0,1.0
ring_145619.csv,14:56:00.830,14:56:19.150,230,80.0,0,vDcInst/set_freq/iq_shed,466.1,473.36,42.26,42.86,1.0,1.0
ring_145643.csv,14:56:24.359,14:56:43.799,244,80.0,0,vDcInst/set_freq/iq_shed,465.86,473.12,42.26,42.86,1.0,1.0
ring_145707.csv,14:56:49.392,14:57:07.792,231,80.0,0,vDcInst/set_freq/iq_shed,466.1,473.84,42.26,42.86,1.0,1.0
ring_145731.csv,14:57:13.033,14:57:31.433,231,80.0,0,vDcInst/set_freq/iq_shed,466.59,473.84,42.26,42.86,1.0,1.0
ring_145754.csv,14:57:36.545,14:57:54.945,231,80.0,0,vDcInst/set_freq/iq_shed,465.38,472.87,42.26,42.86,1.0,1.0
ring_145818.csv,14:58:00.043,14:58:18.363,230,80.0,0,vDcInst/set_freq/iq_shed,465.14,472.15,42.26,42.86,1.0,1.0
ring_145841.csv,14:58:23.669,14:58:41.989,230,80.0,0,vDcInst/set_freq/iq_shed,466.59,472.87,42.06,42.66,1.0,1.0
ring_145905.csv,14:58:47.196,14:59:05.596,231,80.0,0,vDcInst/set_freq/iq_shed,466.35,472.87,42.06,42.66,1.0,1.0
ring_145930.csv,14:59:10.711,14:59:30.151,244,80.0,0,vDcInst/set_freq/iq_shed,465.86,473.6,42.06,42.66,1.0,1.0
ring_145955.csv,14:59:36.783,14:59:55.183,231,80.0,0,vDcInst/set_freq/iq_shed,466.35,473.12,42.06,42.66,1.0,1.0
ring_150018.csv,15:00:00.551,15:00:18.951,231,80.0,0,vDcInst/set_freq/iq_shed,466.35,474.32,41.86,42.66,1.0,1.0
ring_150042.csv,15:00:24.161,15:00:42.561,231,80.0,0,vDcInst/set_freq/iq_shed,466.1,473.12,42.06,42.66,1.0,1.0
ring_150106.csv,15:00:47.706,15:01:06.026,230,80.0,0,vDcInst/set_freq/iq_shed,465.86,473.12,42.06,42.66,1.0,1.0
ring_150130.csv,15:01:11.266,15:01:30.626,243,80.0,0,vDcInst/set_freq/iq_shed,466.1,473.6,42.06,42.66,1.0,1.0
ring_150154.csv,15:01:36.251,15:01:54.651,231,80.0,0,vDcInst/set_freq/iq_shed,466.1,473.36,42.06,42.66,1.0,1.0
ring_150218.csv,15:01:59.956,15:02:18.356,231,80.0,0,vDcInst/set_freq/iq_shed,466.35,473.12,42.06,42.66,1.0,1.0
ring_150241.csv,15:02:23.422,15:02:41.822,231,80.0,0,vDcInst/set_freq/iq_shed,465.14,472.87,42.06,42.66,1.0,1.0
ring_150305.csv,15:02:47.031,15:03:05.431,231,80.0,0,vDcInst/set_freq/iq_shed,465.62,474.32,41.86,42.66,1.0,1.0
ring_150328.csv,15:03:10.527,15:03:28.847,230,80.0,0,vDcInst/set_freq/iq_shed,465.38,472.63,42.06,42.66,1.0,1.0
ring_150352.csv,15:03:34.040,15:03:52.440,231,80.0,0,vDcInst/set_freq/iq_shed,465.86,472.87,42.06,42.66,1.0,1.0
ring_150416.csv,15:03:57.616,15:04:16.016,231,80.0,0,vDcInst/set_freq/iq_shed,466.83,473.84,41.86,42.46,1.0,1.0
ring_150439.csv,15:04:21.131,15:04:39.531,231,80.0,0,vDcInst/set_freq/iq_shed,464.65,473.6,41.86,42.66,1.0,1.0
ring_150503.csv,15:04:44.659,15:05:03.059,231,80.0,0,vDcInst/set_freq/iq_shed,467.31,474.08,41.86,42.46,1.0,1.0
ring_150526.csv,15:05:08.204,15:05:26.524,230,80.0,0,vDcInst/set_freq/iq_shed,467.07,473.12,41.86,42.46,1.0,1.0
ring_150550.csv,15:05:31.749,15:05:50.069,230,80.0,0,vDcInst/set_freq/iq_shed,468.04,474.57,41.66,42.26,1.0,1.0
ring_150613.csv,15:05:55.312,15:06:13.712,231,80.0,0,vDcInst/set_freq/iq_shed,468.76,475.29,41.66,42.26,1.0,1.0
ring_150637.csv,15:06:18.807,15:06:37.127,230,80.0,0,vDcInst/set_freq/iq_shed,468.04,476.74,41.46,42.26,1.0,1.0
ring_150700.csv,15:06:42.352,15:07:00.752,231,80.0,0,vDcInst/set_freq/iq_shed,468.52,476.26,41.66,42.26,1.0,1.0
ring_150724.csv,15:07:05.883,15:07:24.283,231,80.0,0,vDcInst/set_freq/iq_shed,467.56,476.74,41.46,42.26,1.0,1.0
ring_150747.csv,15:07:29.347,15:07:47.747,231,80.0,0,vDcInst/set_freq/iq_shed,464.41,476.26,41.26,42.06,1.0,1.0
ring_150811.csv,15:07:53.019,15:08:11.419,231,80.0,0,vDcInst/set_freq/iq_shed,467.31,476.02,41.26,42.06,1.0,1.0
ring_150834.csv,15:08:16.531,15:08:34.851,230,80.0,0,vDcInst/set_freq/iq_shed,466.59,478.19,41.06,42.06,1.0,1.0
ring_150858.csv,15:08:40.059,15:08:58.379,230,80.0,0,vDcInst/set_freq/iq_shed,469.01,476.5,41.46,42.26,1.0,1.0
ring_150921.csv,15:09:03.588,15:09:21.908,230,80.0,0,vDcInst/set_freq/iq_shed,469.25,477.71,41.46,42.26,1.0,1.0
ring_150945.csv,15:09:27.149,15:09:45.469,230,80.0,0,vDcInst/set_freq/iq_shed,468.52,476.98,41.46,42.26,1.0,1.0
ring_151008.csv,15:09:50.567,15:10:08.967,231,80.0,0,vDcInst/set_freq/iq_shed,468.28,477.23,41.46,42.26,1.0,1.0
ring_151032.csv,15:10:14.160,15:10:32.480,230,80.0,0,vDcInst/set_freq/iq_shed,470.94,477.23,41.46,42.06,1.0,1.0
ring_151057.csv,15:10:38.633,15:10:57.033,231,80.0,0,vDcInst/set_freq/iq_shed,470.46,477.23,41.46,42.06,1.0,1.0
ring_151120.csv,15:11:02.385,15:11:20.865,232,80.0,0,vDcInst/set_freq/iq_shed,468.04,476.26,41.46,42.06,1.0,1.0
ring_151144.csv,15:11:26.043,15:11:44.363,230,80.0,0,vDcInst/set_freq/iq_shed,470.21,475.78,41.46,41.86,1.0,1.0
ring_151207.csv,15:11:49.476,15:12:07.876,231,80.0,0,vDcInst/set_freq/iq_shed,469.97,476.26,41.26,41.86,1.0,1.0
ring_151231.csv,15:12:13.150,15:12:31.550,231,80.0,0,vDcInst/set_freq/iq_shed,469.49,476.02,41.26,41.86,1.0,1.0
ring_151255.csv,15:12:36.982,15:12:55.382,231,80.0,0,vDcInst/set_freq/iq_shed,468.76,475.78,41.26,41.86,1.0,1.0
ring_151318.csv,15:13:00.464,15:13:18.864,231,80.0,0,vDcInst/set_freq/iq_shed,468.76,476.26,41.06,41.86,1.0,1.0
ring_151342.csv,15:13:24.088,15:13:42.408,230,80.0,0,vDcInst/set_freq/iq_shed,469.73,474.81,41.26,41.66,1.0,1.0
ring_151405.csv,15:13:47.665,15:14:05.985,230,80.0,0,vDcInst/set_freq/iq_shed,468.76,476.74,41.06,41.66,1.0,1.0
ring_151429.csv,15:14:11.051,15:14:29.451,231,80.0,0,vDcInst/set_freq/iq_shed,468.76,476.5,41.06,41.66,1.0,1.0
ring_151452.csv,15:14:34.677,15:14:52.997,230,80.0,0,vDcInst/set_freq/iq_shed,470.46,477.23,40.86,41.46,1.0,1.0
ring_151517.csv,15:14:58.204,15:15:17.564,243,80.0,0,vDcInst/set_freq/iq_shed,468.28,476.98,40.86,41.66,1.0,1.0
ring_151541.csv,15:15:23.317,15:15:41.717,231,80.0,0,vDcInst/set_freq/iq_shed,471.18,477.71,40.86,41.46,1.0,1.0
ring_151605.csv,15:15:46.895,15:16:05.215,230,80.0,0,vDcInst/set_freq/iq_shed,470.7,477.95,40.86,41.46,1.0,1.0
ring_151629.csv,15:16:11.383,15:16:29.783,231,80.0,0,vDcInst/set_freq/iq_shed,469.01,477.71,40.86,41.66,1.0,1.0
ring_151653.csv,15:16:35.153,15:16:53.553,231,80.0,0,vDcInst/set_freq/iq_shed,470.94,478.68,40.86,41.46,1.0,1.0
ring_151717.csv,15:16:58.730,15:17:17.050,230,80.0,0,vDcInst/set_freq/iq_shed,471.18,478.19,40.86,41.46,1.0,1.0
ring_151740.csv,15:17:22.259,15:17:40.739,232,80.0,0,vDcInst/set_freq/iq_shed,471.67,478.43,40.86,41.46,1.0,1.0
ring_151804.csv,15:17:46.234,15:18:04.554,230,80.0,0,vDcInst/set_freq/iq_shed,471.18,479.4,40.66,41.46,1.0,1.0
ring_151828.csv,15:18:09.749,15:18:28.149,231,80.0,0,vDcInst/set_freq/iq_shed,470.46,479.64,40.66,41.46,1.0,1.0
ring_151851.csv,15:18:33.278,15:18:51.678,231,80.0,0,vDcInst/set_freq/iq_shed,472.15,479.16,40.66,41.26,1.0,1.0
ring_151915.csv,15:18:56.759,15:19:15.159,231,80.0,0,vDcInst/set_freq/iq_shed,471.42,478.68,40.66,41.26,1.0,1.0
ring_151938.csv,15:19:20.352,15:19:38.832,232,80.0,0,vDcInst/set_freq/iq_shed,471.18,478.68,40.66,41.26,1.0,1.0
ring_152002.csv,15:19:44.377,15:20:02.697,230,80.0,0,vDcInst/set_freq/iq_shed,472.15,480.13,40.46,41.06,1.0,1.0
ring_152027.csv,15:20:07.824,15:20:27.184,243,80.0,0,vDcInst/set_freq/iq_shed,471.91,479.64,40.46,41.06,1.0,1.0
ring_152051.csv,15:20:32.938,15:20:51.338,231,80.0,0,vDcInst/set_freq/iq_shed,473.36,479.89,40.26,40.86,1.0,1.0
ring_152114.csv,15:20:56.564,15:21:14.964,231,80.0,0,vDcInst/set_freq/iq_shed,470.21,479.89,40.26,41.06,1.0,1.0
ring_152138.csv,15:21:20.109,15:21:38.509,231,80.0,0,vDcInst/set_freq/iq_shed,471.67,479.64,40.26,40.86,1.0,1.0
ring_152202.csv,15:21:43.620,15:22:02.100,232,80.0,0,vDcInst/set_freq/iq_shed,471.18,478.92,40.26,40.86,1.0,1.0
ring_152225.csv,15:22:07.518,15:22:25.838,230,80.0,0,vDcInst/set_freq/iq_shed,471.42,481.09,40.06,40.86,1.0,1.0
ring_152249.csv,15:22:31.080,15:22:49.480,231,80.0,0,vDcInst/set_freq/iq_shed,471.91,480.13,40.26,40.86,1.0,1.0
ring_152312.csv,15:22:54.560,15:23:12.960,231,80.0,0,vDcInst/set_freq/iq_shed,473.12,479.16,40.26,40.66,1.0,1.0
ring_152336.csv,15:23:18.169,15:23:36.569,231,80.0,0,vDcInst/set_freq/iq_shed,473.36,479.89,40.06,40.66,1.0,1.0
ring_152401.csv,15:23:41.729,15:24:01.249,245,80.0,0,vDcInst/set_freq/iq_shed,472.63,480.37,40.06,40.66,1.0,1.0
ring_152425.csv,15:24:06.796,15:24:25.116,230,80.0,0,vDcInst/set_freq/iq_shed,473.12,480.13,40.06,40.66,1.0,1.0
ring_152448.csv,15:24:30.452,15:24:48.692,229,80.0,0,vDcInst/set_freq/iq_shed,473.6,480.85,39.86,40.46,1.0,1.0
ring_152512.csv,15:24:53.869,15:25:12.349,232,80.0,0,vDcInst/set_freq/iq_shed,473.84,480.85,39.86,40.46,1.0,1.0
ring_152535.csv,15:25:17.510,15:25:35.830,230,80.0,0,vDcInst/set_freq/iq_shed,472.15,480.61,39.86,40.46,1.0,1.0
ring_152559.csv,15:25:40.959,15:25:59.919,238,80.0,0,vDcInst/set_freq/iq_shed,473.36,480.85,39.86,40.46,1.0,1.0
ring_152623.csv,15:26:05.434,15:26:23.834,231,80.0,0,vDcInst/set_freq/iq_shed,472.87,481.82,39.66,40.46,1.0,1.0
ring_152648.csv,15:26:29.281,15:26:48.641,243,80.0,0,vDcInst/set_freq/iq_shed,474.57,480.37,39.86,40.26,1.0,1.0
ring_152712.csv,15:26:54.395,15:27:12.795,231,80.0,0,vDcInst/set_freq/iq_shed,474.08,481.09,39.66,40.26,1.0,1.0
ring_152736.csv,15:27:17.970,15:27:36.290,230,80.0,0,vDcInst/set_freq/iq_shed,473.84,480.85,39.66,40.26,1.0,1.0
ring_152759.csv,15:27:41.547,15:27:59.947,231,80.0,0,vDcInst/set_freq/iq_shed,475.05,481.09,39.66,40.06,1.0,1.0
ring_152823.csv,15:28:05.062,15:28:23.462,231,80.0,0,vDcInst/set_freq/iq_shed,472.39,481.82,39.46,40.26,1.0,1.0
ring_152845.csv,15:28:28.590,15:28:45.470,212,80.0,0,vDcInst/set_freq/iq_shed,475.05,481.34,39.46,40.06,1.0,1.0
ring_152908.csv,15:28:50.617,15:29:08.937,230,80.0,0,vDcInst/set_freq/iq_shed,472.15,481.09,39.46,40.26,1.0,1.0
ring_152932.csv,15:29:14.034,15:29:32.514,232,80.0,0,vDcInst/set_freq/iq_shed,473.84,481.58,39.46,40.06,1.0,1.0
ring_152956.csv,15:29:37.897,15:29:56.217,230,80.0,0,vDcInst/set_freq/iq_shed,472.87,481.09,39.46,40.06,1.0,1.0
ring_153019.csv,15:30:01.508,15:30:19.988,232,80.0,0,vDcInst/set_freq/iq_shed,473.36,480.37,39.46,40.06,1.0,1.0
ring_153043.csv,15:30:25.405,15:30:43.725,230,80.0,0,vDcInst/set_freq/iq_shed,473.12,481.82,39.26,40.06,1.0,1.0
ring_153105.csv,15:30:48.949,15:31:05.829,212,80.0,0,vDcInst/set_freq/iq_shed,473.36,481.82,39.26,40.06,1.0,1.0
ring_153129.csv,15:31:11.024,15:31:29.424,231,80.0,0,vDcInst/set_freq/iq_shed,474.32,482.06,39.26,39.86,1.0,1.0
ring_153153.csv,15:31:34.825,15:31:53.145,230,80.0,0,vDcInst/set_freq/iq_shed,474.32,481.34,39.26,39.86,1.0,1.0
ring_153217.csv,15:31:58.288,15:32:17.728,244,80.0,0,vDcInst/set_freq/iq_shed,475.05,480.61,39.26,39.66,1.0,1.0
ring_153241.csv,15:32:23.480,15:32:41.880,231,80.0,0,vDcInst/set_freq/iq_shed,474.81,480.37,39.26,39.66,1.0,1.0
ring_153306.csv,15:32:47.538,15:33:06.018,232,80.0,0,vDcInst/set_freq/iq_shed,472.87,481.34,39.06,39.86,1.0,1.0
ring_153330.csv,15:33:12.442,15:33:30.842,231,80.0,0,vDcInst/set_freq/iq_shed,474.08,482.06,39.06,39.66,1.0,1.0
ring_153354.csv,15:33:36.196,15:33:54.516,230,80.0,0,vDcInst/set_freq/iq_shed,472.63,481.82,39.06,39.66,1.0,1.0
ring_153418.csv,15:33:59.613,15:34:18.013,231,80.0,0,vDcInst/set_freq/iq_shed,474.32,480.85,39.06,39.46,1.0,1.0
ring_153441.csv,15:34:23.189,15:34:41.589,231,80.0,0,vDcInst/set_freq/iq_shed,474.57,481.09,38.86,39.46,1.0,1.0
ring_153505.csv,15:34:46.719,15:35:05.119,231,80.0,0,vDcInst/set_freq/iq_shed,474.81,481.82,38.86,39.46,1.0,1.0
ring_153528.csv,15:35:10.249,15:35:28.649,231,80.0,0,vDcInst/set_freq/iq_shed,473.84,480.13,38.86,39.26,1.0,1.0
ring_153552.csv,15:35:33.762,15:35:52.162,231,80.0,0,vDcInst/set_freq/iq_shed,474.57,481.34,38.66,39.26,1.0,1.0
ring_153616.csv,15:35:57.258,15:36:16.618,243,80.0,0,vDcInst/set_freq/iq_shed,473.36,481.09,38.66,39.26,1.0,1.0
ring_153640.csv,15:36:22.339,15:36:40.819,232,80.0,0,vDcInst/set_freq/iq_shed,473.36,480.85,38.66,39.26,1.0,1.0
ring_153704.csv,15:36:46.043,15:37:04.443,231,80.0,0,vDcInst/set_freq/iq_shed,474.32,480.37,38.66,39.06,1.0,1.0
ring_153727.csv,15:37:09.588,15:37:27.988,231,80.0,0,vDcInst/set_freq/iq_shed,474.32,480.37,38.66,39.06,1.0,1.0
ring_153751.csv,15:37:33.117,15:37:51.517,231,80.0,0,vDcInst/set_freq/iq_shed,473.6,481.58,38.46,39.06,1.0,1.0
ring_153814.csv,15:37:56.583,15:38:14.983,231,80.0,0,vDcInst/set_freq/iq_shed,472.63,479.89,38.46,39.06,1.0,1.0
ring_153838.csv,15:38:20.079,15:38:38.399,230,80.0,0,vDcInst/set_freq/iq_shed,472.63,480.61,38.46,39.06,1.0,1.0
ring_153902.csv,15:38:43.737,15:39:02.137,231,80.0,0,vDcInst/set_freq/iq_shed,472.63,480.37,38.46,39.06,1.0,1.0
ring_153926.csv,15:39:08.161,15:39:26.481,230,80.0,0,vDcInst/set_freq/iq_shed,474.32,480.85,38.26,38.86,1.0,1.0
ring_153950.csv,15:39:31.995,15:39:50.395,231,80.0,0,vDcInst/set_freq/iq_shed,474.32,482.06,38.26,38.86,1.0,1.0
ring_154013.csv,15:39:55.508,15:40:13.908,231,80.0,0,vDcInst/set_freq/iq_shed,473.6,481.58,38.26,38.86,1.0,1.0
ring_154037.csv,15:40:18.988,15:40:37.308,230,80.0,0,vDcInst/set_freq/iq_shed,475.78,481.09,38.26,38.66,1.0,1.0
ring_154100.csv,15:40:42.501,15:41:00.901,231,80.0,0,vDcInst/set_freq/iq_shed,472.87,480.37,38.26,38.86,1.0,1.0
ring_154125.csv,15:41:06.078,15:41:25.438,243,80.0,0,vDcInst/set_freq/iq_shed,475.53,481.82,38.26,38.66,1.0,1.0
ring_154151.csv,15:41:32.180,15:41:51.140,238,80.0,0,vDcInst/set_freq/iq_shed,474.81,481.58,38.06,38.66,1.0,1.0
ring_154215.csv,15:41:57.454,15:42:15.934,232,80.0,0,vDcInst/set_freq/iq_shed,474.08,480.61,38.26,38.66,1.0,1.0
ring_154239.csv,15:42:21.173,15:42:39.493,230,80.0,0,vDcInst/set_freq/iq_shed,474.32,481.82,38.06,38.66,1.0,1.0
ring_154303.csv,15:42:44.686,15:43:03.086,231,80.0,0,vDcInst/set_freq/iq_shed,476.02,481.58,38.06,38.46,1.0,1.0
ring_154327.csv,15:43:08.167,15:43:27.607,244,80.0,0,vDcInst/set_freq/iq_shed,475.53,482.06,38.06,38.46,1.0,1.0
ring_154351.csv,15:43:33.234,15:43:51.634,231,80.0,0,vDcInst/set_freq/iq_shed,474.57,482.3,37.86,38.46,1.0,1.0
ring_154415.csv,15:43:56.857,15:44:15.177,230,80.0,0,vDcInst/set_freq/iq_shed,474.08,482.06,37.86,38.46,1.0,1.0
ring_154438.csv,15:44:20.324,15:44:38.644,230,80.0,0,vDcInst/set_freq/iq_shed,474.57,482.54,37.86,38.46,1.0,1.0
ring_154502.csv,15:44:43.948,15:45:02.348,231,80.0,0,vDcInst/set_freq/iq_shed,475.29,483.75,37.66,38.46,1.0,1.0
ring_154525.csv,15:45:07.525,15:45:25.925,231,80.0,0,vDcInst/set_freq/iq_shed,476.74,484.0,37.66,38.26,1.0,1.0
ring_154549.csv,15:45:31.040,15:45:49.360,230,80.0,0,vDcInst/set_freq/iq_shed,475.05,483.75,37.66,38.46,1.0,1.0
ring_154612.csv,15:45:54.583,15:46:12.903,230,80.0,0,vDcInst/set_freq/iq_shed,476.26,484.24,37.66,38.26,1.0,1.0
ring_154636.csv,15:46:18.114,15:46:36.434,230,80.0,0,vDcInst/set_freq/iq_shed,476.98,483.75,37.66,38.26,1.0,1.0
ring_154659.csv,15:46:41.624,15:46:59.944,230,80.0,0,vDcInst/set_freq/iq_shed,478.92,484.72,37.66,38.06,1.0,1.0
ring_154724.csv,15:47:05.155,15:47:24.595,244,80.0,0,vDcInst/set_freq/iq_shed,477.47,484.48,37.46,38.06,1.0,1.0
ring_154748.csv,15:47:30.203,15:47:48.603,231,80.0,0,vDcInst/set_freq/iq_shed,477.95,485.45,37.46,38.06,1.0,1.0
ring_154812.csv,15:47:53.811,15:48:12.131,230,80.0,0,vDcInst/set_freq/iq_shed,477.23,485.2,37.46,38.06,1.0,1.0
ring_154835.csv,15:48:17.278,15:48:35.678,231,80.0,0,vDcInst/set_freq/iq_shed,477.47,484.96,37.46,38.06,1.0,1.0
ring_154859.csv,15:48:41.413,15:48:59.813,231,80.0,0,vDcInst/set_freq/iq_shed,478.43,484.48,37.46,37.86,1.0,1.0
ring_154924.csv,15:49:06.255,15:49:24.655,231,80.0,0,vDcInst/set_freq/iq_shed,478.43,485.45,37.26,37.86,1.0,1.0
ring_154948.csv,15:49:29.975,15:49:48.375,231,80.0,0,vDcInst/set_freq/iq_shed,479.4,485.93,37.26,37.66,1.0,1.0
ring_155012.csv,15:49:54.481,15:50:12.801,230,80.0,0,vDcInst/set_freq/iq_shed,477.23,485.69,37.26,37.86,1.0,1.0
ring_155036.csv,15:50:18.219,15:50:36.539,230,80.0,0,vDcInst/set_freq/iq_shed,479.64,484.96,37.26,37.66,1.0,1.0
ring_155100.csv,15:50:41.811,15:51:00.691,237,80.0,0,vDcInst/set_freq/iq_shed,478.68,486.65,37.06,37.66,1.0,1.0
ring_155124.csv,15:51:06.219,15:51:24.619,231,80.0,0,vDcInst/set_freq/iq_shed,478.92,486.17,37.06,37.66,1.0,1.0
ring_155148.csv,15:51:30.084,15:51:48.484,231,80.0,0,vDcInst/set_freq/iq_shed,477.71,485.93,37.06,37.66,1.0,1.0
ring_155211.csv,15:51:53.581,15:52:11.901,230,80.0,0,vDcInst/set_freq/iq_shed,479.64,486.65,36.86,37.46,1.0,1.0
ring_155235.csv,15:52:17.096,15:52:35.496,231,80.0,0,vDcInst/set_freq/iq_shed,479.4,486.65,36.86,37.46,1.0,1.0
ring_155258.csv,15:52:40.639,15:52:58.959,230,80.0,0,vDcInst/set_freq/iq_shed,477.95,486.17,36.86,37.46,1.0,1.0
ring_155323.csv,15:53:04.202,15:53:23.082,237,80.0,0,vDcInst/set_freq/iq_shed,479.89,487.14,36.66,37.26,1.0,1.0
ring_155346.csv,15:53:28.532,15:53:46.932,231,80.0,0,vDcInst/set_freq/iq_shed,479.64,487.62,36.66,37.26,1.0,1.0
ring_155410.csv,15:53:52.011,15:54:10.411,231,80.0,0,vDcInst/set_freq/iq_shed,480.85,486.9,36.66,37.06,1.0,1.0
ring_155434.csv,15:54:15.621,15:54:34.581,238,80.0,0,vDcInst/set_freq/iq_shed,480.37,486.65,36.66,37.06,1.0,1.0
ring_155458.csv,15:54:39.965,15:54:58.445,232,80.0,0,vDcInst/set_freq/iq_shed,480.13,487.62,36.46,37.06,1.0,1.0
ring_155522.csv,15:55:03.878,15:55:22.198,230,80.0,0,vDcInst/set_freq/iq_shed,479.4,486.65,36.46,37.06,1.0,1.0
ring_155546.csv,15:55:28.447,15:55:46.927,232,80.0,0,vDcInst/set_freq/iq_shed,481.09,486.65,36.46,36.86,1.0,1.0
ring_155611.csv,15:55:52.201,15:56:11.081,237,80.0,0,vDcInst/set_freq/iq_shed,480.37,488.1,36.26,36.86,1.0,1.0
ring_155635.csv,15:56:16.544,15:56:35.904,243,80.0,0,vDcInst/set_freq/iq_shed,479.64,487.38,36.26,36.86,1.0,1.0
ring_155659.csv,15:56:41.561,15:56:59.961,231,80.0,0,vDcInst/set_freq/iq_shed,481.34,487.38,36.26,36.66,1.0,1.0
ring_155723.csv,15:57:05.155,15:57:23.555,231,80.0,0,vDcInst/set_freq/iq_shed,480.61,486.9,36.26,36.66,1.0,1.0
ring_155746.csv,15:57:28.667,15:57:46.987,230,80.0,0,vDcInst/set_freq/iq_shed,480.85,488.1,36.06,36.66,1.0,1.0
ring_155810.csv,15:57:52.229,15:58:10.629,231,80.0,0,vDcInst/set_freq/iq_shed,479.89,487.62,36.06,36.66,1.0,1.0
ring_155834.csv,15:58:15.725,15:58:34.125,231,80.0,0,vDcInst/set_freq/iq_shed,481.34,487.38,36.06,36.46,1.0,1.0
ring_155858.csv,15:58:40.214,15:58:58.534,230,80.0,0,vDcInst/set_freq/iq_shed,480.85,488.1,35.86,36.46,1.0,1.0
ring_155922.csv,15:59:03.647,15:59:22.047,231,80.0,0,vDcInst/set_freq/iq_shed,480.13,487.62,35.86,36.46,1.0,1.0
ring_155945.csv,15:59:27.162,15:59:45.562,231,80.0,0,vDcInst/set_freq/iq_shed,480.13,487.38,35.86,36.46,1.0,1.0
ring_160009.csv,15:59:50.641,16:00:09.041,231,80.0,0,vDcInst/set_freq/iq_shed,479.89,486.9,35.86,36.46,1.0,1.0
ring_160032.csv,16:00:14.250,16:00:32.650,231,80.0,0,vDcInst/set_freq/iq_shed,481.09,486.17,35.86,36.26,1.0,1.0
ring_160057.csv,16:00:37.781,16:00:57.141,243,80.0,0,vDcInst/set_freq/iq_shed,479.89,487.62,35.66,36.26,1.0,1.0
ring_160121.csv,16:01:02.765,16:01:21.085,230,80.0,0,vDcInst/set_freq/iq_shed,481.82,487.38,35.66,36.06,1.0,1.0
ring_160144.csv,16:01:26.373,16:01:44.693,230,80.0,0,vDcInst/set_freq/iq_shed,481.82,486.9,35.66,36.06,1.0,1.0
ring_160208.csv,16:01:49.904,16:02:08.384,232,80.0,0,vDcInst/set_freq/iq_shed,480.85,488.83,35.46,36.06,1.0,1.0
ring_160232.csv,16:02:13.542,16:02:32.902,243,80.0,0,vDcInst/set_freq/iq_shed,480.61,487.86,35.46,36.06,1.0,1.0
ring_160256.csv,16:02:38.543,16:02:56.863,230,80.0,0,vDcInst/set_freq/iq_shed,480.37,488.1,35.46,36.06,1.0,1.0
ring_160320.csv,16:03:02.200,16:03:20.600,231,80.0,0,vDcInst/set_freq/iq_shed,481.82,489.07,35.26,35.86,1.0,1.0
ring_160343.csv,16:03:25.667,16:03:43.987,230,80.0,0,vDcInst/set_freq/iq_shed,480.85,488.35,35.26,35.86,1.0,1.0
ring_160407.csv,16:03:49.180,16:04:07.580,231,80.0,0,vDcInst/set_freq/iq_shed,481.09,487.86,35.26,35.86,1.0,1.0
ring_160431.csv,16:04:12.740,16:04:31.140,231,80.0,0,vDcInst/set_freq/iq_shed,480.37,487.86,35.26,35.86,1.0,1.0
ring_160454.csv,16:04:36.237,16:04:54.557,230,80.0,0,vDcInst/set_freq/iq_shed,481.09,488.1,35.26,35.66,1.0,1.0
ring_160519.csv,16:04:59.783,16:05:19.223,244,80.0,0,vDcInst/set_freq/iq_shed,481.34,488.59,35.06,35.66,1.0,1.0
ring_160543.csv,16:05:24.894,16:05:43.214,230,80.0,0,vDcInst/set_freq/iq_shed,481.82,488.59,35.06,35.66,1.0,1.0
ring_160607.csv,16:05:48.471,16:06:07.831,243,80.0,0,vDcInst/set_freq/iq_shed,481.09,488.83,35.06,35.66,1.0,1.0
ring_160631.csv,16:06:13.520,16:06:31.920,231,80.0,0,vDcInst/set_freq/iq_shed,482.79,488.35,35.06,35.46,1.0,1.0
ring_160655.csv,16:06:37.097,16:06:55.417,230,80.0,0,vDcInst/set_freq/iq_shed,481.34,488.1,35.06,35.66,1.0,1.0
ring_160718.csv,16:07:00.562,16:07:18.962,231,80.0,0,vDcInst/set_freq/iq_shed,482.3,487.86,35.06,35.46,1.0,1.0
ring_160742.csv,16:07:24.156,16:07:42.556,231,80.0,0,vDcInst/set_freq/iq_shed,481.58,488.59,34.86,35.46,1.0,1.0
ring_160805.csv,16:07:47.652,16:08:05.972,230,80.0,0,vDcInst/set_freq/iq_shed,482.79,490.04,34.66,35.26,1.0,1.0
ring_160829.csv,16:08:11.311,16:08:29.711,231,80.0,0,vDcInst/set_freq/iq_shed,482.79,489.56,34.66,35.26,1.0,1.0
ring_160853.csv,16:08:35.206,16:08:53.526,230,80.0,0,vDcInst/set_freq/iq_shed,481.82,489.31,34.66,35.26,1.0,1.0
ring_160917.csv,16:08:58.783,16:09:17.023,229,80.0,0,vDcInst/set_freq/iq_shed,483.03,490.52,34.46,35.06,1.0,1.0
ring_160940.csv,16:09:22.216,16:09:40.536,230,80.0,0,vDcInst/set_freq/iq_shed,480.61,489.07,34.46,35.26,1.0,1.0
ring_161004.csv,16:09:45.697,16:10:04.097,231,80.0,0,vDcInst/set_freq/iq_shed,482.3,489.31,34.46,35.06,1.0,1.0
ring_161027.csv,16:10:09.292,16:10:27.692,231,80.0,0,vDcInst/set_freq/iq_shed,484.0,489.56,34.46,34.86,1.0,1.0
ring_161051.csv,16:10:32.805,16:10:51.125,230,80.0,0,vDcInst/set_freq/iq_shed,484.0,489.56,34.46,34.86,1.0,1.0
ring_161114.csv,16:10:56.333,16:11:14.653,230,80.0,0,vDcInst/set_freq/iq_shed,483.03,490.76,34.26,34.86,1.0,1.0
ring_161139.csv,16:11:19.862,16:11:39.222,243,80.0,0,vDcInst/set_freq/iq_shed,483.03,490.76,34.26,34.86,1.0,1.0
ring_161203.csv,16:11:44.880,16:12:03.280,231,80.0,0,vDcInst/set_freq/iq_shed,484.72,490.76,34.26,34.66,1.0,1.0
ring_161227.csv,16:12:09.671,16:12:27.991,230,80.0,0,vDcInst/set_freq/iq_shed,484.24,489.8,34.26,34.66,1.0,1.0
ring_161251.csv,16:12:33.283,16:12:51.683,231,80.0,0,vDcInst/set_freq/iq_shed,483.03,491.25,34.06,34.66,1.0,1.0
ring_161316.csv,16:12:56.746,16:13:16.186,244,80.0,0,vDcInst/set_freq/iq_shed,483.03,490.52,34.06,34.66,1.0,1.0
ring_161340.csv,16:13:21.844,16:13:40.244,231,80.0,0,vDcInst/set_freq/iq_shed,484.24,491.01,33.86,34.46,1.0,1.0
ring_161403.csv,16:13:45.469,16:14:03.869,231,80.0,0,vDcInst/set_freq/iq_shed,484.48,490.52,33.86,34.46,1.0,1.0
ring_161428.csv,16:14:09.478,16:14:28.838,243,80.0,0,vDcInst/set_freq/iq_shed,484.96,490.52,33.86,34.26,1.0,1.0
ring_161453.csv,16:14:34.541,16:14:53.981,244,80.0,0,vDcInst/set_freq/iq_shed,484.0,491.01,33.66,34.26,1.0,1.0
ring_161517.csv,16:14:59.672,16:15:17.992,230,80.0,0,vDcInst/set_freq/iq_shed,484.24,492.94,33.66,34.26,1.0,1.0
ring_161541.csv,16:15:23.311,16:15:41.631,230,80.0,0,vDcInst/set_freq/iq_shed,485.69,490.76,33.66,34.06,1.0,1.0
ring_161605.csv,16:15:46.744,16:16:05.144,231,80.0,0,vDcInst/set_freq/iq_shed,484.72,491.25,33.46,34.06,1.0,1.0
ring_161628.csv,16:16:10.387,16:16:28.787,231,80.0,0,vDcInst/set_freq/iq_shed,483.51,491.01,33.46,34.06,1.0,1.0
ring_161653.csv,16:16:34.791,16:16:53.751,238,80.0,0,vDcInst/set_freq/iq_shed,484.96,490.76,33.46,33.86,1.0,1.0
ring_161718.csv,16:16:59.487,16:17:18.927,244,80.0,0,vDcInst/set_freq/iq_shed,484.72,491.97,33.26,33.86,1.0,1.0
ring_161742.csv,16:17:24.472,16:17:42.792,230,80.0,0,vDcInst/set_freq/iq_shed,484.24,491.25,33.26,33.86,1.0,1.0
ring_161806.csv,16:17:48.097,16:18:06.497,231,80.0,0,vDcInst/set_freq/iq_shed,485.45,490.52,33.26,33.66,1.0,1.0
ring_161830.csv,16:18:11.642,16:18:30.042,231,80.0,0,vDcInst/set_freq/iq_shed,484.96,491.97,33.06,33.66,1.0,1.0
ring_161854.csv,16:18:35.123,16:18:54.563,244,80.0,0,vDcInst/set_freq/iq_shed,484.48,492.21,33.06,33.66,1.0,1.0
ring_161918.csv,16:19:00.141,16:19:18.541,231,80.0,0,vDcInst/set_freq/iq_shed,485.93,491.97,33.06,33.46,1.0,1.0
ring_161942.csv,16:19:23.845,16:19:42.165,230,80.0,0,vDcInst/set_freq/iq_shed,483.51,492.7,32.86,33.66,1.0,1.0
ring_162005.csv,16:19:47.392,16:20:05.792,231,80.0,0,vDcInst/set_freq/iq_shed,484.24,491.97,32.86,33.46,1.0,1.0
ring_162029.csv,16:20:10.855,16:20:29.815,238,80.0,0,vDcInst/set_freq/iq_shed,485.45,492.94,32.66,33.26,1.0,1.0
ring_162053.csv,16:20:35.248,16:20:53.568,230,80.0,0,vDcInst/set_freq/iq_shed,485.2,492.94,32.66,33.26,1.0,1.0
ring_162118.csv,16:20:59.323,16:21:18.283,238,80.0,0,vDcInst/set_freq/iq_shed,485.45,491.97,32.66,33.06,1.0,1.0
ring_162141.csv,16:21:23.586,16:21:41.906,230,80.0,0,vDcInst/set_freq/iq_shed,485.93,491.49,32.66,33.06,1.0,1.0
ring_162205.csv,16:21:46.989,16:22:05.389,231,80.0,0,vDcInst/set_freq/iq_shed,485.45,492.46,32.46,33.06,1.0,1.0
ring_162228.csv,16:22:10.532,16:22:28.932,231,80.0,0,vDcInst/set_freq/iq_shed,484.96,492.21,32.46,33.06,1.0,1.0
ring_162252.csv,16:22:34.014,16:22:52.334,230,80.0,0,vDcInst/set_freq/iq_shed,486.41,491.97,32.46,32.86,1.0,1.0
ring_162316.csv,16:22:57.673,16:23:16.073,231,80.0,0,vDcInst/set_freq/iq_shed,485.93,491.73,32.46,32.86,1.0,1.0
ring_162339.csv,16:23:21.568,16:23:39.968,231,80.0,0,vDcInst/set_freq/iq_shed,485.69,492.46,32.26,32.86,1.0,1.0
ring_162403.csv,16:23:45.050,16:24:03.930,237,80.0,0,vDcInst/set_freq/iq_shed,484.72,492.94,32.06,32.86,1.0,1.0
ring_162427.csv,16:24:09.138,16:24:27.458,230,80.0,0,vDcInst/set_freq/iq_shed,485.45,492.46,32.26,32.66,1.0,1.0
ring_162450.csv,16:24:32.525,16:24:50.845,230,80.0,0,vDcInst/set_freq/iq_shed,485.69,492.46,32.06,32.66,1.0,1.0
ring_162514.csv,16:24:56.069,16:25:14.389,230,80.0,0,vDcInst/set_freq/iq_shed,485.2,492.7,32.06,32.66,1.0,1.0
ring_162540.csv,16:25:20.669,16:25:40.109,244,80.0,0,vDcInst/set_freq/iq_shed,484.48,491.73,32.06,32.66,1.0,1.0
ring_162604.csv,16:25:45.816,16:26:04.216,231,80.0,0,vDcInst/set_freq/iq_shed,484.72,492.94,31.86,32.66,1.0,1.0
ring_162627.csv,16:26:09.423,16:26:27.903,232,80.0,0,vDcInst/set_freq/iq_shed,485.45,492.7,31.86,32.46,1.0,1.0
ring_162651.csv,16:26:33.001,16:26:51.401,231,80.0,0,vDcInst/set_freq/iq_shed,485.2,492.21,31.86,32.46,1.0,1.0
ring_162714.csv,16:26:56.435,16:27:14.915,232,80.0,0,vDcInst/set_freq/iq_shed,485.69,493.18,31.66,32.26,1.0,1.0
ring_162739.csv,16:27:21.114,16:27:39.514,231,80.0,0,vDcInst/set_freq/iq_shed,485.93,492.7,31.66,32.26,1.0,1.0
ring_162804.csv,16:27:45.667,16:28:04.067,231,80.0,0,vDcInst/set_freq/iq_shed,485.2,492.46,31.66,32.26,1.0,1.0
ring_162827.csv,16:28:09.549,16:28:27.789,229,80.0,0,vDcInst/set_freq/iq_shed,487.38,492.7,31.66,32.06,1.0,1.0
ring_162852.csv,16:28:33.140,16:28:52.020,237,80.0,0,vDcInst/set_freq/iq_shed,486.41,492.7,31.66,32.06,1.0,1.0
ring_162915.csv,16:28:57.549,16:29:15.789,229,80.0,0,vDcInst/set_freq/iq_shed,485.93,492.46,31.46,32.06,1.0,1.0
ring_162939.csv,16:29:20.840,16:29:39.320,232,80.0,0,vDcInst/set_freq/iq_shed,484.72,494.39,30.86,31.86,1.0,1.0
ring_163002.csv,16:29:44.418,16:30:02.818,231,80.0,0,vDcInst/set_freq/iq_shed,485.2,496.32,30.86,32.06,1.0,1.0
ring_163026.csv,16:30:07.929,16:30:26.329,231,80.0,0,vDcInst/set_freq/iq_shed,486.17,493.91,31.26,31.86,1.0,1.0
ring_163049.csv,16:30:31.491,16:30:49.971,232,80.0,0,vDcInst/set_freq/iq_shed,486.65,492.7,31.26,31.86,1.0,1.0
ring_163113.csv,16:30:55.467,16:31:13.867,231,80.0,0,vDcInst/set_freq/iq_shed,487.14,493.91,31.06,31.66,1.0,1.0
ring_163137.csv,16:31:18.950,16:31:37.350,231,80.0,0,vDcInst/set_freq/iq_shed,486.17,492.94,31.06,31.66,1.0,1.0
ring_163200.csv,16:31:42.351,16:32:00.831,232,80.0,0,vDcInst/set_freq/iq_shed,485.69,492.94,31.06,31.66,1.0,1.0
ring_163224.csv,16:32:06.086,16:32:24.486,231,80.0,0,vDcInst/set_freq/iq_shed,487.14,492.46,31.06,31.46,1.0,1.0
ring_163248.csv,16:32:29.935,16:32:48.255,230,80.0,0,vDcInst/set_freq/iq_shed,486.65,493.42,30.86,31.46,1.0,1.0
ring_163311.csv,16:32:53.464,16:33:11.784,230,80.0,0,vDcInst/set_freq/iq_shed,487.62,493.18,30.86,31.26,1.0,1.0
ring_163335.csv,16:33:16.963,16:33:35.363,231,80.0,0,vDcInst/set_freq/iq_shed,487.14,493.67,30.66,31.26,1.0,1.0
ring_163359.csv,16:33:40.410,16:33:59.850,244,80.0,0,vDcInst/set_freq/iq_shed,486.9,493.42,30.66,31.26,1.0,1.0
ring_163424.csv,16:34:05.587,16:34:24.947,243,80.0,0,vDcInst/set_freq/iq_shed,487.38,493.42,30.46,31.06,1.0,1.0
ring_163448.csv,16:34:30.604,16:34:48.924,230,80.0,0,vDcInst/set_freq/iq_shed,487.86,493.18,30.46,30.86,1.0,1.0
ring_163512.csv,16:34:54.295,16:35:12.695,231,80.0,0,vDcInst/set_freq/iq_shed,485.45,494.63,30.26,31.06,1.0,1.0
ring_163536.csv,16:35:17.758,16:35:36.158,231,80.0,0,vDcInst/set_freq/iq_shed,486.9,493.67,30.26,30.86,1.0,1.0
ring_163559.csv,16:35:41.385,16:35:59.865,232,80.0,0,vDcInst/set_freq/iq_shed,487.62,493.42,30.06,30.66,1.0,1.0
ring_163623.csv,16:36:05.296,16:36:23.616,230,80.0,0,vDcInst/set_freq/iq_shed,485.93,493.67,30.06,30.66,1.0,1.0
ring_163647.csv,16:36:28.794,16:36:47.194,231,80.0,0,vDcInst/set_freq/iq_shed,487.86,493.67,29.86,30.46,1.0,1.0
ring_163710.csv,16:36:52.274,16:37:10.674,231,80.0,0,vDcInst/set_freq/iq_shed,486.9,494.15,29.86,30.46,1.0,1.0
ring_163734.csv,16:37:15.853,16:37:34.733,237,80.0,0,vDcInst/set_freq/iq_shed,487.38,493.42,29.86,30.46,1.0,1.0
ring_163758.csv,16:37:40.325,16:37:58.725,231,80.0,0,vDcInst/set_freq/iq_shed,487.38,493.67,29.86,30.26,1.0,1.0
ring_163822.csv,16:38:04.093,16:38:22.493,231,80.0,0,vDcInst/set_freq/iq_shed,488.1,493.91,29.66,30.26,1.0,1.0
ring_163846.csv,16:38:27.688,16:38:46.088,231,80.0,0,vDcInst/set_freq/iq_shed,486.9,493.42,29.66,30.26,1.0,1.0
ring_163910.csv,16:38:51.183,16:39:10.623,244,80.0,0,vDcInst/set_freq/iq_shed,487.86,494.63,29.46,30.06,1.0,1.0
ring_163934.csv,16:39:16.250,16:39:34.650,231,80.0,0,vDcInst/set_freq/iq_shed,487.86,493.91,29.46,30.06,1.0,1.0
ring_163958.csv,16:39:39.841,16:39:58.161,230,80.0,0,vDcInst/set_freq/iq_shed,488.1,493.91,29.46,29.86,1.0,1.0
ring_164021.csv,16:40:03.356,16:40:21.756,231,80.0,0,vDcInst/set_freq/iq_shed,487.86,494.39,29.26,29.86,1.0,1.0
ring_164045.csv,16:40:26.885,16:40:45.285,231,80.0,0,vDcInst/set_freq/iq_shed,487.38,492.94,29.46,29.86,1.0,1.0
ring_164108.csv,16:40:50.414,16:41:08.734,230,80.0,0,vDcInst/set_freq/iq_shed,487.38,494.63,29.06,29.86,1.0,1.0
ring_164132.csv,16:41:13.927,16:41:32.327,231,80.0,0,vDcInst/set_freq/iq_shed,488.1,493.42,29.26,29.66,1.0,1.0
ring_164156.csv,16:41:38.481,16:41:56.881,231,80.0,0,vDcInst/set_freq/iq_shed,487.14,493.91,29.06,29.66,1.0,1.0
ring_164220.csv,16:42:02.201,16:42:20.601,231,80.0,0,vDcInst/set_freq/iq_shed,487.38,494.15,28.86,29.46,1.0,1.0
ring_164244.csv,16:42:25.699,16:42:44.099,231,80.0,0,vDcInst/set_freq/iq_shed,488.1,493.67,28.86,29.26,1.0,1.0
ring_164307.csv,16:42:49.356,16:43:07.756,231,80.0,0,vDcInst/set_freq/iq_shed,487.86,494.63,28.66,29.26,1.0,1.0
ring_164331.csv,16:43:13.235,16:43:31.635,231,80.0,0,vDcInst/set_freq/iq_shed,488.35,494.39,28.66,29.06,1.0,1.0
ring_164355.csv,16:43:36.718,16:43:55.038,230,80.0,0,vDcInst/set_freq/iq_shed,487.38,493.91,28.66,29.06,1.0,1.0
ring_164418.csv,16:44:00.279,16:44:18.599,230,80.0,0,vDcInst/set_freq/iq_shed,487.38,494.15,28.46,29.06,1.0,1.0
ring_164442.csv,16:44:23.792,16:44:42.112,230,80.0,0,vDcInst/set_freq/iq_shed,487.38,494.15,28.46,29.06,1.0,1.0
ring_164505.csv,16:44:47.241,16:45:05.641,231,80.0,0,vDcInst/set_freq/iq_shed,487.38,494.87,28.26,28.86,1.0,1.0
ring_164530.csv,16:45:10.802,16:45:30.242,244,80.0,0,vDcInst/set_freq/iq_shed,487.86,494.39,28.26,28.86,1.0,1.0
ring_164554.csv,16:45:35.930,16:45:54.250,230,80.0,0,vDcInst/set_freq/iq_shed,486.9,494.15,28.26,28.86,1.0,1.0
ring_164617.csv,16:45:59.540,16:46:17.860,230,80.0,0,vDcInst/set_freq/iq_shed,488.35,494.39,28.26,28.66,1.0,1.0
ring_164641.csv,16:46:23.053,16:46:41.533,232,80.0,0,vDcInst/set_freq/iq_shed,487.38,494.87,28.06,28.66,1.0,1.0
ring_164705.csv,16:46:46.966,16:47:05.286,230,80.0,0,vDcInst/set_freq/iq_shed,487.38,495.36,28.06,28.66,1.0,1.0
ring_164728.csv,16:47:10.413,16:47:28.813,231,80.0,0,vDcInst/set_freq/iq_shed,487.38,495.6,28.06,28.66,1.0,1.0
ring_164752.csv,16:47:33.975,16:47:52.935,238,80.0,0,vDcInst/set_freq/iq_shed,488.83,495.36,28.06,28.46,1.0,1.0
ring_164816.csv,16:47:58.367,16:48:16.767,231,80.0,0,vDcInst/set_freq/iq_shed,485.93,496.57,27.86,28.66,1.0,1.0
ring_164840.csv,16:48:21.850,16:48:40.250,231,80.0,0,vDcInst/set_freq/iq_shed,485.45,495.84,27.86,28.66,1.0,1.0
ring_164903.csv,16:48:45.379,16:49:03.699,230,80.0,0,vDcInst/set_freq/iq_shed,486.17,495.84,27.86,28.46,1.0,1.0
ring_164927.csv,16:49:08.923,16:49:27.243,230,80.0,0,vDcInst/set_freq/iq_shed,485.45,495.12,27.86,28.46,1.0,1.0
ring_164950.csv,16:49:32.437,16:49:50.917,232,80.0,0,vDcInst/set_freq/iq_shed,485.2,494.39,27.86,28.46,1.0,1.0
ring_165014.csv,16:49:56.398,16:50:14.718,230,80.0,0,vDcInst/set_freq/iq_shed,480.37,498.5,27.66,28.66,1.0,1.0
ring_165038.csv,16:50:19.942,16:50:38.262,230,80.0,0,vDcInst/set_freq/iq_shed,480.37,498.02,27.66,28.66,1.0,1.0
ring_165101.csv,16:50:43.439,16:51:01.839,231,80.0,0,vDcInst/set_freq/iq_shed,484.24,497.05,27.66,28.46,1.0,1.0
ring_165125.csv,16:51:06.888,16:51:25.288,231,80.0,0,vDcInst/set_freq/iq_shed,483.51,496.32,27.66,28.46,1.0,1.0
ring_165148.csv,16:51:30.515,16:51:48.995,232,80.0,0,vDcInst/set_freq/iq_shed,482.79,500.43,27.46,28.46,1.0,1.0
ring_165212.csv,16:51:54.346,16:52:12.746,231,80.0,0,vDcInst/set_freq/iq_shed,481.34,498.74,27.46,28.46,1.0,1.0
ring_165236.csv,16:52:17.973,16:52:36.293,230,80.0,0,vDcInst/set_freq/iq_shed,480.13,498.02,27.46,28.46,1.0,1.0
ring_165259.csv,16:52:41.358,16:52:59.838,232,80.0,0,vDcInst/set_freq/iq_shed,478.43,497.53,27.46,28.46,1.0,1.0
ring_165324.csv,16:53:06.037,16:53:24.357,230,80.0,0,vDcInst/set_freq/iq_shed,482.79,501.89,27.26,28.26,1.0,1.0
ring_165349.csv,16:53:29.646,16:53:49.006,243,80.0,0,vDcInst/set_freq/iq_shed,470.46,501.16,27.26,28.46,1.0,1.0
ring_165414.csv,16:53:55.766,16:54:14.166,231,80.0,0,vDcInst/set_freq/iq_shed,459.09,499.95,27.26,28.46,1.0,1.0
ring_165437.csv,16:54:19.568,16:54:37.888,230,80.0,0,vDcInst/set_freq/iq_shed,450.39,499.95,27.26,28.46,1.0,1.0
ring_165502.csv,16:54:43.610,16:55:02.090,232,80.0,0,vDcInst/set_freq/iq_shed,479.16,498.74,27.26,28.26,1.0,1.0
ring_165525.csv,16:55:07.379,16:55:25.779,231,80.0,0,vDcInst/set_freq/iq_shed,406.39,503.58,26.46,28.46,0.86,1.0
ring_165549.csv,16:55:30.972,16:55:49.372,231,80.0,0,vDcInst/set_freq/iq_shed,314.04,504.54,25.66,28.26,0.279,1.0
ring_165612.csv,16:55:54.420,16:56:12.900,232,80.0,0,vDcInst/set_freq/iq_shed,469.49,501.4,27.06,28.26,1.0,1.0
ring_165636.csv,16:56:18.013,16:56:36.413,231,80.0,0,vDcInst/set_freq/iq_shed,432.5,500.43,27.06,28.26,1.0,1.0
ring_165700.csv,16:56:41.431,16:57:00.871,244,80.0,0,vDcInst/set_freq/iq_shed,311.86,503.34,25.66,28.26,0.271,1.0
ring_165726.csv,16:57:06.543,16:57:26.063,245,80.0,0,vDcInst/set_freq/iq_shed,310.65,504.06,25.66,28.46,0.267,1.0
ring_165750.csv,16:57:31.719,16:57:50.039,230,80.0,0,vDcInst/set_freq/iq_shed,311.86,504.06,25.46,28.26,0.265,1.0
ring_165813.csv,16:57:55.312,16:58:13.712,231,80.0,0,vDcInst/set_freq/iq_shed,311.14,502.13,25.66,28.26,0.263,1.0
ring_165837.csv,16:58:18.761,16:58:37.641,237,80.0,0,vDcInst/set_freq/iq_shed,448.46,499.71,26.86,28.06,1.0,1.0
ring_165901.csv,16:58:42.818,16:59:01.058,229,80.0,0,vDcInst/set_freq/iq_shed,411.23,500.43,26.46,28.06,0.887,1.0
ring_165924.csv,16:59:06.235,16:59:24.635,231,80.0,0,vDcInst/set_freq/iq_shed,483.03,499.47,26.86,27.86,1.0,1.0
ring_165948.csv,16:59:29.814,16:59:48.134,230,80.0,0,vDcInst/set_freq/iq_shed,308.72,502.85,25.26,28.06,0.255,1.0
ring_170011.csv,16:59:53.342,17:00:11.662,230,80.0,0,vDcInst/set_freq/iq_shed,479.4,499.47,26.66,27.86,1.0,1.0
ring_170035.csv,17:00:16.888,17:00:35.288,231,80.0,0,vDcInst/set_freq/iq_shed,489.31,498.02,26.86,27.66,1.0,1.0
ring_170059.csv,17:00:40.384,17:00:59.344,238,80.0,0,vDcInst/set_freq/iq_shed,488.59,497.78,26.86,27.66,1.0,1.0
ring_170124.csv,17:01:04.858,17:01:24.378,245,80.0,0,vDcInst/set_freq/iq_shed,485.93,497.78,26.66,27.66,1.0,1.0
ring_170148.csv,17:01:29.778,17:01:48.098,230,80.0,0,vDcInst/set_freq/iq_shed,478.92,497.29,26.66,27.66,1.0,1.0
ring_170211.csv,17:01:53.324,17:02:11.644,230,80.0,0,vDcInst/set_freq/iq_shed,478.19,496.81,26.86,27.46,1.0,1.0
ring_170235.csv,17:02:16.901,17:02:35.381,232,80.0,0,vDcInst/set_freq/iq_shed,491.49,496.32,26.66,27.26,1.0,1.0
ring_170258.csv,17:02:40.446,17:02:58.846,231,80.0,0,vDcInst/set_freq/iq_shed,492.46,496.57,26.46,27.06,1.0,1.0
ring_170322.csv,17:03:04.423,17:03:22.823,231,80.0,0,vDcInst/set_freq/iq_shed,492.46,497.05,26.46,26.86,1.0,1.0
ring_170346.csv,17:03:27.887,17:03:46.287,231,80.0,0,vDcInst/set_freq/iq_shed,492.21,496.81,26.26,26.86,1.0,1.0
ring_170409.csv,17:03:51.369,17:04:09.689,230,80.0,0,vDcInst/set_freq/iq_shed,491.73,496.32,26.06,26.66,1.0,1.0
ring_170433.csv,17:04:14.961,17:04:33.361,231,80.0,0,vDcInst/set_freq/iq_shed,490.76,496.57,26.06,26.66,1.0,1.0
ring_170456.csv,17:04:38.394,17:04:56.794,231,80.0,0,vDcInst/set_freq/iq_shed,490.76,496.57,25.86,26.66,1.0,1.0
ring_170520.csv,17:05:02.051,17:05:20.371,230,80.0,0,vDcInst/set_freq/iq_shed,491.01,496.57,25.86,26.46,1.0,1.0
ring_170543.csv,17:05:25.470,17:05:43.870,231,80.0,0,vDcInst/set_freq/iq_shed,491.49,496.81,25.66,26.26,1.0,1.0
ring_170607.csv,17:05:49.079,17:06:07.399,230,80.0,0,vDcInst/set_freq/iq_shed,490.04,495.12,25.86,26.46,1.0,1.0
ring_170630.csv,17:06:12.640,17:06:30.960,230,80.0,0,vDcInst/set_freq/iq_shed,491.25,495.84,25.46,26.06,1.0,1.0
ring_170654.csv,17:06:36.072,17:06:54.472,231,80.0,0,vDcInst/set_freq/iq_shed,491.25,496.08,25.26,26.06,1.0,1.0
ring_170717.csv,17:06:59.536,17:07:17.936,231,80.0,0,vDcInst/set_freq/iq_shed,491.01,495.6,25.26,25.86,1.0,1.0
ring_170742.csv,17:07:23.130,17:07:42.650,245,80.0,0,vDcInst/set_freq/iq_shed,491.25,497.05,24.86,25.86,1.0,1.0
ring_170806.csv,17:07:48.179,17:08:06.579,231,80.0,0,vDcInst/set_freq/iq_shed,490.52,495.36,25.06,25.66,1.0,1.0
ring_170830.csv,17:08:11.820,17:08:30.220,231,80.0,0,vDcInst/set_freq/iq_shed,490.04,496.08,24.86,25.66,1.0,1.0
ring_170853.csv,17:08:35.333,17:08:53.813,232,80.0,0,vDcInst/set_freq/iq_shed,491.25,496.32,24.66,25.26,1.0,1.0
ring_170917.csv,17:08:59.246,17:09:17.566,230,80.0,0,vDcInst/set_freq/iq_shed,489.8,496.08,24.66,25.46,1.0,1.0
ring_170941.csv,17:09:22.822,17:09:41.142,230,80.0,0,vDcInst/set_freq/iq_shed,491.25,495.84,24.46,25.06,1.0,1.0
ring_171004.csv,17:09:46.273,17:10:04.673,231,80.0,0,vDcInst/set_freq/iq_shed,491.49,494.63,24.46,25.06,1.0,1.0
ring_171029.csv,17:10:09.785,17:10:29.145,243,80.0,0,vDcInst/set_freq/iq_shed,491.01,494.87,24.26,24.86,1.0,1.0
ring_171053.csv,17:10:34.834,17:10:53.234,231,80.0,0,vDcInst/set_freq/iq_shed,490.04,494.87,24.06,24.86,1.0,1.0
ring_171116.csv,17:10:58.460,17:11:16.860,231,80.0,0,vDcInst/set_freq/iq_shed,490.76,495.84,23.86,24.66,1.0,1.0
ring_171140.csv,17:11:21.987,17:11:40.307,230,80.0,0,vDcInst/set_freq/iq_shed,490.04,495.84,23.86,24.46,1.0,1.0
ring_171203.csv,17:11:45.564,17:12:03.884,230,80.0,0,vDcInst/set_freq/iq_shed,490.04,495.12,23.66,24.26,1.0,1.0
ring_171227.csv,17:12:09.095,17:12:27.415,230,80.0,0,vDcInst/set_freq/iq_shed,490.28,494.63,23.66,24.06,1.0,1.0
ring_171250.csv,17:12:32.544,17:12:50.864,230,80.0,0,vDcInst/set_freq/iq_shed,489.31,495.6,23.26,24.06,1.0,1.0
ring_171315.csv,17:12:56.088,17:13:15.048,238,80.0,0,vDcInst/set_freq/iq_shed,489.07,494.63,23.26,24.06,1.0,1.0
ring_171339.csv,17:13:20.560,17:13:39.920,243,80.0,0,vDcInst/set_freq/iq_shed,490.28,495.12,23.06,23.66,1.0,1.0
ring_171403.csv,17:13:45.466,17:14:03.866,231,80.0,0,vDcInst/set_freq/iq_shed,488.1,493.91,23.06,23.86,1.0,1.0
ring_171427.csv,17:14:09.012,17:14:27.412,231,80.0,0,vDcInst/set_freq/iq_shed,489.31,494.39,22.86,23.46,1.0,1.0
ring_171450.csv,17:14:32.588,17:14:50.908,230,80.0,0,vDcInst/set_freq/iq_shed,489.31,494.39,22.66,23.46,1.0,1.0
ring_171514.csv,17:14:56.069,17:15:14.549,232,80.0,0,vDcInst/set_freq/iq_shed,489.56,494.39,22.66,23.26,1.0,1.0
ring_171537.csv,17:15:19.647,17:15:37.967,230,80.0,0,vDcInst/set_freq/iq_shed,489.8,493.91,22.46,23.06,1.0,1.0
ring_171601.csv,17:15:43.208,17:16:01.528,230,80.0,0,vDcInst/set_freq/iq_shed,489.07,494.63,22.26,23.06,1.0,1.0
ring_171625.csv,17:16:06.674,17:16:25.074,231,80.0,0,vDcInst/set_freq/iq_shed,489.8,493.91,22.26,22.66,1.0,1.0
ring_171648.csv,17:16:30.202,17:16:48.522,230,80.0,0,vDcInst/set_freq/iq_shed,489.56,493.42,22.06,22.46,1.0,1.0
ring_171712.csv,17:16:53.667,17:17:12.067,231,80.0,0,vDcInst/set_freq/iq_shed,488.35,493.42,21.86,22.66,1.0,1.0
ring_171735.csv,17:17:17.242,17:17:35.562,230,80.0,0,vDcInst/set_freq/iq_shed,489.07,494.39,21.66,22.26,1.0,1.0
ring_171759.csv,17:17:40.755,17:17:59.155,231,80.0,0,vDcInst/set_freq/iq_shed,488.83,494.15,21.46,22.26,1.0,1.0
ring_171823.csv,17:18:04.190,17:18:23.150,238,80.0,0,vDcInst/set_freq/iq_shed,488.83,493.67,21.26,22.06,1.0,1.0
ring_171846.csv,17:18:28.327,17:18:46.647,230,80.0,0,vDcInst/set_freq/iq_shed,488.83,493.42,21.26,21.86,1.0,1.0
ring_171910.csv,17:18:51.728,17:19:10.128,231,80.0,0,vDcInst/set_freq/iq_shed,489.07,493.67,21.06,21.66,1.0,1.0
ring_171933.csv,17:19:15.193,17:19:33.593,231,80.0,0,vDcInst/set_freq/iq_shed,488.83,493.42,20.86,21.66,1.0,1.0
ring_171957.csv,17:19:38.721,17:19:57.121,231,80.0,0,vDcInst/set_freq/iq_shed,488.59,493.18,20.86,21.46,1.0,1.0
ring_172020.csv,17:20:02.332,17:20:20.732,231,80.0,0,vDcInst/set_freq/iq_shed,487.62,493.42,20.66,21.26,1.0,1.0
ring_172044.csv,17:20:25.828,17:20:44.068,229,80.0,0,vDcInst/set_freq/iq_shed,488.59,493.42,20.46,21.06,1.0,1.0
ring_172108.csv,17:20:49.388,17:21:08.828,244,80.0,0,vDcInst/set_freq/iq_shed,488.35,493.18,20.46,21.06,1.0,1.0
ring_172132.csv,17:21:14.373,17:21:32.853,232,80.0,0,vDcInst/set_freq/iq_shed,488.83,494.15,20.06,20.66,1.0,1.0
ring_172156.csv,17:21:38.030,17:21:56.430,231,80.0,0,vDcInst/set_freq/iq_shed,488.59,493.18,20.06,20.66,1.0,1.0
ring_172219.csv,17:22:01.464,17:22:19.784,230,80.0,0,vDcInst/set_freq/iq_shed,488.59,493.42,19.86,20.46,1.0,1.0
ring_172243.csv,17:22:25.088,17:22:43.488,231,80.0,0,vDcInst/set_freq/iq_shed,489.31,492.94,19.66,20.26,1.0,1.0
ring_172307.csv,17:22:49.579,17:23:07.979,231,80.0,0,vDcInst/set_freq/iq_shed,487.86,493.18,19.46,20.26,1.0,1.0
ring_172331.csv,17:23:13.346,17:23:31.746,231,80.0,0,vDcInst/set_freq/iq_shed,488.83,492.7,19.46,20.06,1.0,1.0
ring_172355.csv,17:23:36.796,17:23:55.196,231,80.0,0,vDcInst/set_freq/iq_shed,488.35,492.7,19.06,19.86,1.0,1.0
ring_172418.csv,17:24:00.310,17:24:18.710,231,80.0,0,vDcInst/set_freq/iq_shed,488.35,493.18,18.86,19.66,1.0,1.0
ring_172442.csv,17:24:23.902,17:24:42.302,231,80.0,0,vDcInst/set_freq/iq_shed,486.41,491.25,19.26,19.86,1.0,1.0
ring_172505.csv,17:24:47.416,17:25:05.816,231,80.0,0,vDcInst/set_freq/iq_shed,487.62,491.97,18.86,19.46,1.0,1.0
ring_172529.csv,17:25:10.864,17:25:29.264,231,80.0,0,vDcInst/set_freq/iq_shed,488.1,492.46,18.66,19.26,1.0,1.0
ring_172552.csv,17:25:34.442,17:25:52.842,231,80.0,0,vDcInst/set_freq/iq_shed,487.62,492.21,18.46,19.06,1.0,1.0
ring_172616.csv,17:25:57.987,17:26:16.387,231,80.0,0,vDcInst/set_freq/iq_shed,488.59,491.73,18.26,18.86,1.0,1.0
ring_172639.csv,17:26:21.517,17:26:39.997,232,80.0,0,vDcInst/set_freq/iq_shed,487.14,492.21,18.06,18.86,1.0,1.0
ring_172703.csv,17:26:45.379,17:27:03.779,231,80.0,0,vDcInst/set_freq/iq_shed,487.62,491.25,18.26,18.86,1.0,1.0
ring_172727.csv,17:27:08.926,17:27:27.326,231,80.0,0,vDcInst/set_freq/iq_shed,488.1,491.73,17.86,18.66,1.0,1.0
ring_172750.csv,17:27:32.454,17:27:50.774,230,80.0,0,vDcInst/set_freq/iq_shed,486.9,492.46,17.46,18.46,1.0,1.0
ring_172814.csv,17:27:55.967,17:28:14.287,230,80.0,0,vDcInst/set_freq/iq_shed,487.38,491.49,17.66,18.06,1.0,1.0
ring_172837.csv,17:28:19.482,17:28:37.722,229,80.0,0,vDcInst/set_freq/iq_shed,486.9,492.21,17.26,18.06,1.0,1.0
ring_172901.csv,17:28:43.042,17:29:01.442,231,80.0,0,vDcInst/set_freq/iq_shed,487.62,491.01,17.26,17.86,1.0,1.0
ring_172924.csv,17:29:06.572,17:29:24.972,231,80.0,0,vDcInst/set_freq/iq_shed,487.38,491.73,17.06,17.66,1.0,1.0
ring_172948.csv,17:29:30.005,17:29:48.405,231,80.0,0,vDcInst/set_freq/iq_shed,487.14,491.73,16.66,17.46,1.0,1.0
ring_173011.csv,17:29:53.629,17:30:11.949,230,80.0,0,vDcInst/set_freq/iq_shed,486.65,491.01,16.66,17.46,1.0,1.0
ring_173035.csv,17:30:17.029,17:30:35.429,231,80.0,0,vDcInst/set_freq/iq_shed,487.38,491.01,16.46,17.06,1.0,1.0
ring_173059.csv,17:30:40.624,17:30:59.024,231,80.0,0,vDcInst/set_freq/iq_shed,487.38,491.49,16.26,16.86,1.0,1.0
ring_173122.csv,17:31:04.136,17:31:22.456,230,80.0,0,vDcInst/set_freq/iq_shed,486.17,490.52,16.06,16.86,1.0,1.0
ring_173145.csv,17:31:27.618,17:31:45.938,230,80.0,0,vDcInst/set_freq/iq_shed,486.9,491.01,15.86,16.46,1.0,1.0
ring_173209.csv,17:31:51.130,17:32:09.530,231,80.0,0,vDcInst/set_freq/iq_shed,485.69,490.28,16.06,16.66,1.0,1.0
ring_173233.csv,17:32:14.692,17:32:33.092,231,80.0,0,vDcInst/set_freq/iq_shed,485.69,489.8,15.66,16.26,1.0,1.0
ring_173256.csv,17:32:38.156,17:32:56.556,231,80.0,0,vDcInst/set_freq/iq_shed,485.45,490.52,15.26,16.26,1.0,1.0
ring_173320.csv,17:33:01.781,17:33:20.101,230,80.0,0,vDcInst/set_freq/iq_shed,486.9,491.01,15.06,15.66,1.0,1.0
ring_173343.csv,17:33:25.246,17:33:43.646,231,80.0,0,vDcInst/set_freq/iq_shed,485.69,490.52,14.86,15.86,1.0,1.0
ring_173407.csv,17:33:48.744,17:34:07.224,232,80.0,0,vDcInst/set_freq/iq_shed,485.69,490.76,14.66,15.46,1.0,1.0
ring_173430.csv,17:34:12.338,17:34:30.738,231,80.0,0,vDcInst/set_freq/iq_shed,485.93,489.8,14.66,15.26,1.0,1.0
ring_173454.csv,17:34:35.851,17:34:54.171,230,80.0,0,vDcInst/set_freq/iq_shed,486.17,490.28,14.26,15.06,1.0,1.0
ring_173517.csv,17:34:59.380,17:35:17.780,231,80.0,0,vDcInst/set_freq/iq_shed,485.2,489.56,14.46,15.06,1.0,1.0
ring_173542.csv,17:35:22.844,17:35:42.284,244,80.0,0,vDcInst/set_freq/iq_shed,485.2,490.04,13.86,14.66,1.0,1.0
ring_173606.csv,17:35:47.924,17:36:06.324,231,80.0,0,vDcInst/set_freq/iq_shed,484.0,489.31,14.06,14.86,1.0,1.0
ring_173629.csv,17:36:11.567,17:36:29.967,231,80.0,0,vDcInst/set_freq/iq_shed,484.96,489.31,13.66,14.26,1.0,1.0
ring_173653.csv,17:36:35.030,17:36:53.350,230,80.0,0,vDcInst/set_freq/iq_shed,484.96,489.56,13.26,14.26,1.0,1.0
ring_173716.csv,17:36:58.511,17:37:16.991,232,80.0,0,vDcInst/set_freq/iq_shed,485.2,489.8,13.06,13.86,1.0,1.0
ring_173740.csv,17:37:22.088,17:37:40.488,231,80.0,0,vDcInst/set_freq/iq_shed,484.72,489.8,12.86,13.46,1.0,1.0
ring_173803.csv,17:37:45.587,17:38:03.907,230,80.0,0,vDcInst/set_freq/iq_shed,484.24,489.31,12.26,13.66,1.0,1.0
ring_173827.csv,17:38:09.100,17:38:27.500,231,80.0,0,vDcInst/set_freq/iq_shed,484.72,488.83,12.26,13.06,1.0,1.0
ring_173851.csv,17:38:32.693,17:38:51.013,230,80.0,0,vDcInst/set_freq/iq_shed,484.96,490.28,11.86,13.06,1.0,1.0
ring_173914.csv,17:38:56.190,17:39:14.670,232,80.0,0,vDcInst/set_freq/iq_shed,483.51,489.56,12.06,13.06,1.0,1.0
ring_173939.csv,17:39:20.566,17:39:39.446,237,80.0,0,vDcInst/set_freq/iq_shed,483.51,488.1,12.06,12.86,1.0,1.0
ring_174003.csv,17:39:44.863,17:40:03.263,231,80.0,0,vDcInst/set_freq/iq_shed,484.96,489.31,11.46,12.06,1.0,1.0
ring_174027.csv,17:40:08.391,17:40:27.831,244,80.0,0,vDcInst/set_freq/iq_shed,483.75,488.59,11.26,12.06,1.0,1.0
ring_174051.csv,17:40:33.472,17:40:51.792,230,80.0,0,vDcInst/set_freq/iq_shed,482.79,488.83,10.86,11.86,1.0,1.0
ring_174115.csv,17:40:56.954,17:41:15.354,231,80.0,0,vDcInst/set_freq/iq_shed,484.0,488.35,10.86,11.66,1.0,1.0
ring_174138.csv,17:41:20.564,17:41:38.964,231,80.0,0,vDcInst/set_freq/iq_shed,482.79,487.62,10.66,11.46,1.0,1.0
ring_174202.csv,17:41:44.043,17:42:02.443,231,80.0,0,vDcInst/set_freq/iq_shed,482.06,486.9,10.66,11.46,1.0,1.0
ring_174225.csv,17:42:07.462,17:42:25.862,231,80.0,0,vDcInst/set_freq/iq_shed,483.03,487.62,10.06,10.66,1.0,1.0
ring_174249.csv,17:42:31.006,17:42:49.326,230,80.0,0,vDcInst/set_freq/iq_shed,482.3,487.62,9.86,10.66,1.0,1.0
ring_174314.csv,17:42:54.568,17:43:14.008,244,80.0,0,vDcInst/set_freq/iq_shed,480.61,486.41,9.86,10.86,1.0,1.0
ring_174339.csv,17:43:19.697,17:43:39.217,245,80.0,0,vDcInst/set_freq/iq_shed,480.61,485.69,9.86,10.66,1.0,1.0
ring_174403.csv,17:43:44.761,17:44:03.081,230,80.0,0,vDcInst/set_freq/iq_shed,480.37,485.2,9.86,10.46,1.0,1.0
ring_174426.csv,17:44:08.355,17:44:26.675,230,80.0,0,vDcInst/set_freq/iq_shed,479.16,483.75,9.86,10.66,1.0,1.0
ring_174450.csv,17:44:31.963,17:44:50.283,230,80.0,0,vDcInst/set_freq/iq_shed,478.68,483.51,9.86,10.26,1.0,1.0
ring_174513.csv,17:44:55.381,17:45:13.781,231,80.0,0,vDcInst/set_freq/iq_shed,477.95,482.54,9.86,10.26,1.0,1.0
ring_174537.csv,17:45:18.926,17:45:37.326,231,80.0,0,vDcInst/set_freq/iq_shed,476.74,481.82,9.86,10.26,1.0,1.0
ring_174600.csv,17:45:42.407,17:46:00.807,231,80.0,0,vDcInst/set_freq/iq_shed,476.02,480.85,9.86,10.26,1.0,1.0
ring_174624.csv,17:46:05.967,17:46:24.367,231,80.0,0,vDcInst/set_freq/iq_shed,474.57,479.89,9.86,10.26,1.0,1.0
ring_174647.csv,17:46:29.432,17:46:47.832,231,80.0,0,vDcInst/set_freq/iq_shed,473.84,478.92,9.86,10.26,1.0,1.0
ring_174711.csv,17:46:53.026,17:47:11.346,230,80.0,0,vDcInst/set_freq/iq_shed,472.87,477.47,9.86,10.26,1.0,1.0
ring_174734.csv,17:47:16.522,17:47:34.842,230,80.0,0,vDcInst/set_freq/iq_shed,471.18,476.98,9.86,10.26,1.0,1.0
ring_174758.csv,17:47:40.066,17:47:58.466,231,80.0,0,vDcInst/set_freq/iq_shed,469.73,475.53,9.86,10.26,1.0,1.0
ring_174822.csv,17:48:03.565,17:48:22.445,237,80.0,0,vDcInst/set_freq/iq_shed,468.76,473.84,9.86,10.26,1.0,1.0
ring_174846.csv,17:48:27.924,17:48:46.324,231,80.0,0,vDcInst/set_freq/iq_shed,467.07,473.12,9.86,10.26,1.0,1.0
ring_174909.csv,17:48:51.423,17:49:09.823,231,80.0,0,vDcInst/set_freq/iq_shed,465.62,471.18,9.86,10.26,1.0,1.0
ring_174933.csv,17:49:14.902,17:49:33.302,231,80.0,0,vDcInst/set_freq/iq_shed,463.69,469.97,9.86,10.26,1.0,1.0
ring_174956.csv,17:49:38.369,17:49:56.769,231,80.0,0,vDcInst/set_freq/iq_shed,461.75,468.52,9.86,10.26,1.0,1.0
ring_175021.csv,17:50:03.002,17:50:21.402,231,80.0,0,vDcInst/set_freq/iq_shed,459.82,466.1,9.86,10.26,1.0,1.0
ring_175045.csv,17:50:26.706,17:50:45.106,231,80.0,0,vDcInst/set_freq/iq_shed,456.92,464.41,9.86,10.26,1.0,1.0
ring_175109.csv,17:50:50.202,17:51:09.162,238,80.0,0,vDcInst/set_freq/iq_shed,454.5,462.72,9.86,10.26,1.0,1.0
ring_175134.csv,17:51:14.628,17:51:34.068,244,80.0,0,vDcInst/set_freq/iq_shed,451.6,460.54,9.86,10.26,1.0,1.0
ring_175157.csv,17:51:39.582,17:51:57.982,231,80.0,0,vDcInst/set_freq/iq_shed,444.83,457.16,9.86,10.26,1.0,1.0
ring_175221.csv,17:52:03.110,17:52:21.510,231,80.0,0,vDcInst/set_freq/iq_shed,434.43,453.78,9.86,10.26,1.0,1.0
trip_175245.csv,,,48,80.0,1,vDcInst/set_freq/iq_shed,227.49,434.68,9.86,10.26,0.1,1.0
ring_175306.csv,17:52:47.976,17:53:06.376,231,80.0,0,vDcInst/set_freq/iq_shed,388.98,393.34,5.09,10.49,0.941,0.956
ring_175330.csv,17:53:11.617,17:53:30.017,231,80.0,0,vDcInst/set_freq/iq_shed,388.02,392.85,10.49,12.09,0.932,0.949
ring_175353.csv,17:53:35.163,17:53:53.563,231,80.0,0,vDcInst/set_freq/iq_shed,386.08,390.92,10.29,12.09,0.919,0.937
ring_175417.csv,17:53:58.788,17:54:17.188,231,80.0,0,vDcInst/set_freq/iq_shed,383.91,388.98,11.49,12.49,0.905,0.926
ring_175440.csv,17:54:22.302,17:54:40.622,230,80.0,0,vDcInst/set_freq/iq_shed,382.46,387.53,11.89,13.09,0.896,0.913
ring_175504.csv,17:54:45.766,17:55:04.166,231,80.0,0,vDcInst/set_freq/iq_shed,380.52,385.84,11.69,13.69,0.883,0.902
ring_175527.csv,17:55:09.264,17:55:27.664,231,80.0,0,vDcInst/set_freq/iq_shed,378.83,384.15,10.69,11.49,0.872,0.89
ring_175551.csv,17:55:32.776,17:55:51.096,230,80.0,0,vDcInst/set_freq/iq_shed,376.9,382.46,10.29,12.69,0.859,0.876
ring_175614.csv,17:55:56.289,17:56:14.769,232,80.0,0,vDcInst/set_freq/iq_shed,374.72,381.01,12.49,13.29,0.846,0.868
ring_175638.csv,17:56:19.900,17:56:38.220,230,80.0,0,vDcInst/set_freq/iq_shed,373.27,379.8,11.69,12.89,0.835,0.854
ring_175701.csv,17:56:43.284,17:57:01.684,231,80.0,0,vDcInst/set_freq/iq_shed,371.34,378.1,9.89,11.09,0.822,0.844
ring_175725.csv,17:57:06.861,17:57:25.341,232,80.0,0,vDcInst/set_freq/iq_shed,369.89,377.14,9.89,10.69,0.812,0.832
ring_175749.csv,17:57:30.839,17:57:49.159,230,80.0,0,vDcInst/set_freq/iq_shed,368.19,375.45,9.89,10.29,0.8,0.822
ring_175812.csv,17:57:54.416,17:58:12.816,231,80.0,0,vDcInst/set_freq/iq_shed,366.02,374.24,9.89,10.29,0.787,0.81
ring_175836.csv,17:58:18.169,17:58:36.569,231,80.0,0,vDcInst/set_freq/iq_shed,364.32,373.03,9.89,10.49,0.775,0.8
ring_175900.csv,17:58:41.696,17:59:00.016,230,80.0,0,vDcInst/set_freq/iq_shed,362.87,372.06,9.89,10.69,0.765,0.789
ring_175923.csv,17:59:05.179,17:59:23.579,231,80.0,0,vDcInst/set_freq/iq_shed,361.42,370.37,9.89,10.89,0.755,0.779
ring_175947.csv,17:59:28.674,17:59:47.074,231,80.0,0,vDcInst/set_freq/iq_shed,359.97,368.68,9.89,10.49,0.744,0.769
ring_180011.csv,17:59:52.349,18:00:11.309,238,80.0,0,vDcInst/set_freq/iq_shed,358.28,367.23,9.89,10.29,0.735,0.757
ring_180035.csv,18:00:16.836,18:00:35.156,230,80.0,0,vDcInst/set_freq/iq_shed,356.35,365.29,9.89,10.29,0.722,0.746
ring_180058.csv,18:00:40.543,18:00:58.943,231,80.0,0,vDcInst/set_freq/iq_shed,354.65,363.84,9.89,10.29,0.709,0.734
ring_180122.csv,18:01:04.135,18:01:22.535,231,80.0,0,vDcInst/set_freq/iq_shed,352.96,362.15,9.89,10.49,0.699,0.723
ring_180145.csv,18:01:27.617,18:01:45.937,230,80.0,0,vDcInst/set_freq/iq_shed,351.51,360.21,9.89,10.29,0.69,0.71
ring_180209.csv,18:01:51.115,18:02:09.435,230,80.0,0,vDcInst/set_freq/iq_shed,350.06,357.8,9.89,10.49,0.679,0.7
ring_180233.csv,18:02:14.611,18:02:33.091,232,80.0,0,vDcInst/set_freq/iq_shed,348.37,355.86,9.89,10.49,0.666,0.69
ring_180256.csv,18:02:38.202,18:02:56.522,230,80.0,0,vDcInst/set_freq/iq_shed,346.68,354.41,9.89,10.49,0.657,0.677
ring_180320.csv,18:03:01.717,18:03:20.117,231,80.0,0,vDcInst/set_freq/iq_shed,345.23,352.24,9.89,10.49,0.645,0.665
ring_180343.csv,18:03:25.213,18:03:43.613,231,80.0,0,vDcInst/set_freq/iq_shed,343.53,350.3,10.29,11.69,0.634,0.654
ring_180407.csv,18:03:48.694,18:04:07.014,230,80.0,0,vDcInst/set_freq/iq_shed,341.84,348.61,9.89,10.49,0.623,0.644
ring_180430.csv,18:04:12.145,18:04:30.545,231,80.0,0,vDcInst/set_freq/iq_shed,339.91,346.68,9.89,10.49,0.612,0.632
ring_180454.csv,18:04:35.689,18:04:54.009,230,80.0,0,vDcInst/set_freq/iq_shed,338.46,344.5,9.89,11.09,0.601,0.62
ring_180517.csv,18:04:59.235,18:05:17.635,231,80.0,0,vDcInst/set_freq/iq_shed,336.76,343.05,10.29,11.09,0.59,0.609
ring_180541.csv,18:05:22.795,18:05:41.115,230,80.0,0,vDcInst/set_freq/iq_shed,335.07,340.63,9.89,10.69,0.578,0.597
ring_180604.csv,18:05:46.276,18:06:04.596,230,80.0,0,vDcInst/set_freq/iq_shed,333.14,339.18,9.89,10.69,0.566,0.586
ring_180628.csv,18:06:09.806,18:06:28.206,231,80.0,0,vDcInst/set_freq/iq_shed,331.69,337.01,10.09,11.09,0.555,0.575
ring_180651.csv,18:06:33.287,18:06:51.607,230,80.0,0,vDcInst/set_freq/iq_shed,329.75,335.31,9.89,10.89,0.542,0.562
ring_180715.csv,18:06:56.832,18:07:15.232,231,80.0,0,vDcInst/set_freq/iq_shed,328.3,333.38,9.89,11.29,0.531,0.55
ring_180739.csv,18:07:21.321,18:07:39.721,231,80.0,0,vDcInst/set_freq/iq_shed,326.13,331.69,10.89,11.69,0.518,0.539
ring_180804.csv,18:07:45.058,18:08:04.018,238,80.0,0,vDcInst/set_freq/iq_shed,324.43,329.51,10.49,12.29,0.509,0.527
ring_180827.csv,18:08:09.482,18:08:27.882,231,80.0,0,vDcInst/set_freq/iq_shed,322.5,327.82,9.89,11.29,0.494,0.515
ring_180851.csv,18:08:33.364,18:08:51.764,231,80.0,0,vDcInst/set_freq/iq_shed,313.56,482.06,0.1,5.29,0.147,1.0
ring_180915.csv,18:08:56.795,18:09:15.115,230,80.0,0,vDcInst/set_freq/iq_shed,323.47,331.45,7.29,10.29,0.574,0.622
ring_180938.csv,18:09:20.278,18:09:38.598,230,80.0,0,vDcInst/set_freq/iq_shed,321.53,329.75,9.89,10.29,0.561,0.609
ring_181002.csv,18:09:43.855,18:10:02.335,232,80.0,0,vDcInst/set_freq/iq_shed,320.08,327.82,9.89,10.09,0.551,0.597
ring_181026.csv,18:10:07.814,18:10:26.134,230,80.0,0,vDcInst/set_freq/iq_shed,318.63,326.13,9.89,10.29,0.54,0.584
ring_181049.csv,18:10:31.361,18:10:49.761,231,80.0,0,vDcInst/set_freq/iq_shed,316.94,324.43,9.89,10.29,0.529,0.572
ring_181113.csv,18:10:55.194,18:11:13.594,231,80.0,0,vDcInst/set_freq/iq_shed,315.25,322.26,9.89,10.29,0.517,0.558
ring_181137.csv,18:11:18.690,18:11:37.010,230,80.0,0,vDcInst/set_freq/iq_shed,313.31,320.57,9.89,10.29,0.503,0.546
ring_181201.csv,18:11:42.684,18:12:01.164,232,80.0,0,vDcInst/set_freq/iq_shed,306.06,318.87,9.89,10.29,0.453,0.538
trip_181224.csv,,,135,80.0,1,vDcInst/set_freq/iq_shed,205.49,318.63,9.29,10.09,0.1,0.524
trip_181246.csv,,,80,80.0,1,vDcInst/set_freq/iq_shed,244.65,475.29,0.1,5.0,1.0,1.0
trip_181308.csv,,,83,80.0,1,vDcInst/set_freq/iq_shed,210.81,474.57,0.1,5.0,1.0,1.0
ring_181329.csv,18:13:11.138,18:13:29.538,231,80.0,0,vDcInst/set_freq/iq_shed,473.12,474.08,5.0,5.0,1.0,1.0
trip_181353.csv,,,40,80.0,1,vDcInst/set_freq/iq_shed,258.68,473.36,0.1,5.0,1.0,1.0
ring_181414.csv,18:13:55.572,18:14:14.532,238,80.0,0,vDcInst/set_freq/iq_shed,471.91,472.87,5.0,5.0,1.0,1.0
ring_181438.csv,18:14:19.933,18:14:38.173,229,80.0,0,vDcInst/set_freq/iq_shed,470.94,471.91,5.0,5.0,1.0,1.0
trip_181501.csv,,,211,80.0,1,vDcInst/set_freq/iq_shed,240.06,470.94,0.1,5.0,1.0,1.0
ring_181524.csv,18:15:06.511,18:15:24.831,230,80.0,0,vDcInst/set_freq/iq_shed,469.49,470.21,5.0,5.0,1.0,1.0
ring_181548.csv,18:15:30.042,18:15:48.442,231,80.0,0,vDcInst/set_freq/iq_shed,468.52,469.49,5.0,5.0,1.0,1.0
ring_181611.csv,18:15:53.409,18:16:11.809,231,80.0,0,vDcInst/set_freq/iq_shed,467.8,468.52,5.0,5.0,1.0,1.0
ring_181635.csv,18:16:16.987,18:16:35.387,231,80.0,0,vDcInst/set_freq/iq_shed,466.83,467.8,5.0,5.0,1.0,1.0
ring_181658.csv,18:16:40.404,18:16:58.804,231,80.0,0,vDcInst/set_freq/iq_shed,465.86,466.83,5.0,5.0,1.0,1.0
ring_181722.csv,18:17:03.981,18:17:22.381,231,80.0,0,vDcInst/set_freq/iq_shed,464.9,465.86,5.0,5.0,1.0,1.0
trip_181745.csv,,,196,80.0,1,vDcInst/set_freq/iq_shed,217.58,464.9,0.1,5.0,1.0,1.0
ring_181808.csv,18:17:50.286,18:18:08.686,231,80.0,0,vDcInst/set_freq/iq_shed,462.96,464.17,5.0,5.0,1.0,1.0
ring_181832.csv,18:18:14.136,18:18:32.536,231,80.0,0,vDcInst/set_freq/iq_shed,462.0,462.96,5.0,5.0,1.0,1.0
ring_181855.csv,18:18:37.521,18:18:55.921,231,80.0,0,vDcInst/set_freq/iq_shed,461.03,462.0,5.0,5.0,1.0,1.0
ring_181919.csv,18:19:01.161,18:19:19.561,231,80.0,0,vDcInst/set_freq/iq_shed,459.82,460.79,5.0,5.0,1.0,1.0
ring_181943.csv,18:19:24.628,18:19:43.028,231,80.0,0,vDcInst/set_freq/iq_shed,458.61,459.82,5.0,5.0,1.0,1.0
ring_182006.csv,18:19:48.109,18:20:06.509,231,80.0,0,vDcInst/set_freq/iq_shed,457.4,458.61,5.0,5.0,1.0,1.0
ring_182029.csv,18:20:11.526,18:20:29.926,231,80.0,0,vDcInst/set_freq/iq_shed,456.19,457.4,5.0,5.0,1.0,1.0
ring_182053.csv,18:20:35.055,18:20:53.455,231,80.0,0,vDcInst/set_freq/iq_shed,454.98,456.19,5.0,5.0,1.0,1.0
ring_182116.csv,18:20:58.520,18:21:16.920,231,80.0,0,vDcInst/set_freq/iq_shed,453.78,454.98,5.0,5.0,1.0,1.0
ring_182140.csv,18:21:22.128,18:21:40.448,230,80.0,0,vDcInst/set_freq/iq_shed,452.32,453.53,5.0,5.0,1.0,1.0
ring_182203.csv,18:21:45.530,18:22:03.850,230,80.0,0,vDcInst/set_freq/iq_shed,450.87,452.32,5.0,5.0,1.0,1.0
ring_182227.csv,18:22:09.171,18:22:27.491,230,80.0,0,vDcInst/set_freq/iq_shed,449.67,450.87,5.0,5.0,1.0,1.0
ring_182250.csv,18:22:32.491,18:22:50.891,231,80.0,0,vDcInst/set_freq/iq_shed,448.21,449.42,5.0,5.0,1.0,1.0
trip_182314.csv,,,147,80.0,1,vDcInst/set_freq/iq_shed,246.83,448.21,0.1,5.0,1.0,1.0
ring_182336.csv,18:23:18.202,18:23:36.682,232,80.0,0,vDcInst/set_freq/iq_shed,445.31,446.76,5.0,5.0,1.0,1.0
ring_182400.csv,18:23:41.886,18:24:00.206,230,80.0,0,vDcInst/set_freq/iq_shed,443.86,445.31,5.0,5.0,1.0,1.0
ring_182423.csv,18:24:05.249,18:24:23.729,232,80.0,0,vDcInst/set_freq/iq_shed,442.41,443.86,5.0,5.0,1.0,1.0
ring_182447.csv,18:24:28.757,18:24:47.157,231,80.0,0,vDcInst/set_freq/iq_shed,440.96,442.41,5.0,5.0,1.0,1.0
ring_182510.csv,18:24:52.266,18:25:10.586,230,80.0,0,vDcInst/set_freq/iq_shed,439.51,440.96,5.0,5.0,1.0,1.0
ring_182534.csv,18:25:15.789,18:25:34.269,232,80.0,0,vDcInst/set_freq/iq_shed,437.82,439.27,5.0,5.0,1.0,1.0
ring_182557.csv,18:25:39.299,18:25:57.699,231,80.0,0,vDcInst/set_freq/iq_shed,436.37,437.82,5.0,5.0,1.0,1.0
ring_182621.csv,18:26:02.792,18:26:21.112,230,80.0,0,vDcInst/set_freq/iq_shed,434.92,436.37,5.0,5.0,1.0,1.0
ring_182644.csv,18:26:26.202,18:26:44.602,231,80.0,0,vDcInst/set_freq/iq_shed,433.47,434.92,5.0,5.0,1.0,1.0
ring_182708.csv,18:26:49.776,18:27:08.096,230,80.0,0,vDcInst/set_freq/iq_shed,431.78,433.23,5.0,5.0,1.0,1.0
ring_182731.csv,18:27:13.284,18:27:31.684,231,80.0,0,vDcInst/set_freq/iq_shed,430.32,431.78,5.0,5.0,1.0,1.0
ring_182755.csv,18:27:36.712,18:27:55.112,231,80.0,0,vDcInst/set_freq/iq_shed,428.87,430.32,5.0,5.0,1.0,1.0
ring_182818.csv,18:28:00.203,18:28:18.603,231,80.0,0,vDcInst/set_freq/iq_shed,427.18,428.87,5.0,5.0,1.0,1.0
trip_182842.csv,,,108,80.0,1,vDcInst/set_freq/iq_shed,242.48,427.18,0.1,5.0,1.0,1.0
ring_182903.csv,18:28:45.398,18:29:03.718,230,80.0,0,vDcInst/set_freq/iq_shed,424.04,425.73,5.0,5.0,1.0,1.0
ring_182927.csv,18:29:09.065,18:29:27.465,231,80.0,0,vDcInst/set_freq/iq_shed,422.35,424.04,5.0,5.0,1.0,1.0
ring_182951.csv,18:29:32.637,18:29:51.037,231,80.0,0,vDcInst/set_freq/iq_shed,420.41,422.1,5.0,5.0,1.0,1.0
ring_183014.csv,18:29:56.131,18:30:14.531,231,80.0,0,vDcInst/set_freq/iq_shed,418.72,420.41,5.0,5.0,1.0,1.0
ring_183038.csv,18:30:19.608,18:30:38.088,232,80.0,0,vDcInst/set_freq/iq_shed,416.54,418.48,5.0,5.0,1.0,1.0
ring_183101.csv,18:30:43.419,18:31:01.819,231,80.0,0,vDcInst/set_freq/iq_shed,414.61,416.3,5.0,5.0,1.0,1.0
ring_183125.csv,18:31:06.959,18:31:25.359,231,80.0,0,vDcInst/set_freq/iq_shed,412.43,414.37,5.0,5.0,1.0,1.0
ring_183148.csv,18:31:30.515,18:31:48.995,232,80.0,0,vDcInst/set_freq/iq_shed,410.02,411.95,5.0,5.0,1.0,1.0
ring_183212.csv,18:31:54.377,18:32:12.777,231,80.0,0,vDcInst/set_freq/iq_shed,407.36,409.53,5.0,5.0,1.0,1.0
ring_183236.csv,18:32:17.819,18:32:36.219,231,80.0,0,vDcInst/set_freq/iq_shed,404.46,407.12,5.0,5.0,1.0,1.0
ring_183259.csv,18:32:41.281,18:32:59.681,231,80.0,0,vDcInst/set_freq/iq_shed,401.8,404.21,5.0,5.0,1.0,1.0
ring_183323.csv,18:33:04.901,18:33:23.301,231,80.0,0,vDcInst/set_freq/iq_shed,398.65,401.56,5.0,5.0,1.0,1.0
ring_183346.csv,18:33:28.296,18:33:46.616,230,80.0,0,vDcInst/set_freq/iq_shed,395.03,397.93,5.0,5.0,1.0,1.0
trip_183410.csv,,,63,80.0,1,vDcInst/set_freq/iq_shed,247.8,394.3,0.1,5.0,1.0,1.0
ring_183431.csv,18:34:12.818,18:34:31.218,231,80.0,0,vDcInst/set_freq/iq_shed,382.46,389.71,5.0,5.0,1.0,1.0
ring_183454.csv,18:34:36.311,18:34:54.711,231,80.0,0,vDcInst/set_freq/iq_shed,382.7,386.08,5.0,5.0,1.0,1.0
ring_183518.csv,18:34:59.788,18:35:18.188,231,80.0,0,vDcInst/set_freq/iq_shed,377.14,381.01,5.0,5.0,1.0,1.0
ring_183541.csv,18:35:23.343,18:35:41.663,230,80.0,0,vDcInst/set_freq/iq_shed,370.61,374.72,5.0,5.0,1.0,1.0
ring_183605.csv,18:35:46.915,18:36:05.315,231,80.0,0,vDcInst/set_freq/iq_shed,362.39,367.47,5.0,5.0,1.0,1.0
ring_183629.csv,18:36:10.409,18:36:29.289,237,80.0,0,vDcInst/set_freq/iq_shed,351.51,357.8,5.0,5.0,1.0,1.0
ring_183653.csv,18:36:34.699,18:36:53.099,231,80.0,0,vDcInst/set_freq/iq_shed,334.59,344.5,5.0,5.0,1.0,1.0
ring_183716.csv,18:36:58.193,18:37:16.593,231,80.0,0,vDcInst/set_freq/iq_shed,300.98,324.92,5.0,5.0,0.881,1.0
