file,start,end,n,dt_ms,trip,names,ch0_min,ch0_max,ch1_min,ch1_max,ch2_min,ch2_max
ring_055404.csv,05:53:53.668,05:54:04.628,138,80.0,0,vDcInst/idc_units/iq_shed,494.87,496.32,0.12,0.15,1.0,1.0
ring_055431.csv,05:54:10.886,05:54:31.286,256,80.0,0,vDcInst/idc_units/iq_shed,496.32,497.05,0.12,0.14,1.0,1.0
ring_055459.csv,05:54:38.695,05:54:59.095,256,80.0,0,vDcInst/idc_units/iq_shed,497.05,497.78,0.12,0.14,1.0,1.0
ring_055525.csv,05:55:06.168,05:55:25.928,248,80.0,0,vDcInst/idc_units/iq_shed,497.78,498.5,0.12,0.14,1.0,1.0
ring_055551.csv,05:55:31.720,05:55:51.320,246,80.0,0,vDcInst/idc_units/iq_shed,498.74,499.47,0.12,0.15,1.0,1.0
ring_055616.csv,05:55:56.887,05:56:16.247,243,80.0,0,vDcInst/idc_units/iq_shed,499.47,500.19,0.13,0.15,1.0,1.0
ring_055713.csv,05:56:55.686,05:57:13.206,220,80.0,0,vDcInst/idc_units/iq_shed,500.68,501.89,0.14,0.16,1.0,1.0
ring_055737.csv,05:57:18.157,05:57:37.517,243,80.0,0,vDcInst/idc_units/iq_shed,501.89,502.61,0.14,0.16,1.0,1.0
ring_055802.csv,05:57:42.998,05:58:02.358,243,80.0,0,vDcInst/idc_units/iq_shed,502.61,503.34,0.14,0.16,1.0,1.0
ring_055827.csv,05:58:07.725,05:58:27.165,244,80.0,0,vDcInst/idc_units/iq_shed,503.34,504.06,0.14,0.16,1.0,1.0
ring_055852.csv,05:58:32.870,05:58:52.150,242,80.0,0,vDcInst/idc_units/iq_shed,504.06,504.79,0.14,0.17,1.0,1.0
ring_055916.csv,05:58:57.598,05:59:16.958,243,80.0,0,vDcInst/idc_units/iq_shed,504.54,505.27,0.15,0.17,1.0,1.0
ring_055941.csv,05:59:22.326,05:59:41.686,243,80.0,0,vDcInst/idc_units/iq_shed,505.27,506.0,0.15,0.17,1.0,1.0
ring_060006.csv,05:59:47.054,06:00:06.414,243,80.0,0,vDcInst/idc_units/iq_shed,506.0,506.48,0.15,0.18,1.0,1.0
ring_060031.csv,06:00:11.782,06:00:31.062,242,80.0,0,vDcInst/idc_units/iq_shed,506.72,507.2,0.16,0.18,1.0,1.0
ring_060055.csv,06:00:36.543,06:00:55.743,241,80.0,0,vDcInst/idc_units/iq_shed,507.2,507.93,0.16,0.18,1.0,1.0
ring_060120.csv,06:01:01.335,06:01:20.695,243,80.0,0,vDcInst/idc_units/iq_shed,507.69,508.41,0.16,0.18,1.0,1.0
ring_060145.csv,06:01:26.415,06:01:45.775,243,80.0,0,vDcInst/idc_units/iq_shed,508.65,509.14,0.16,0.19,1.0,1.0
ring_060210.csv,06:01:51.175,06:02:10.535,243,80.0,0,vDcInst/idc_units/iq_shed,451.36,509.86,0.15,0.89,1.0,1.0
ring_060235.csv,06:02:15.999,06:02:35.279,242,80.0,0,vDcInst/idc_units/iq_shed,509.86,510.59,0.15,0.18,1.0,1.0
ring_060259.csv,06:02:40.616,06:02:59.976,243,80.0,0,vDcInst/idc_units/iq_shed,510.35,511.07,0.15,0.18,1.0,1.0
ring_060324.csv,06:03:05.360,06:03:24.720,243,80.0,0,vDcInst/idc_units/iq_shed,511.07,511.56,0.16,0.19,1.0,1.0
ring_060349.csv,06:03:30.152,06:03:49.512,243,80.0,0,vDcInst/idc_units/iq_shed,452.08,512.04,0.16,0.99,1.0,1.0
ring_060414.csv,06:03:54.945,06:04:14.225,242,80.0,0,vDcInst/idc_units/iq_shed,512.28,512.76,0.16,0.18,1.0,1.0
ring_060438.csv,06:04:19.625,06:04:38.905,242,80.0,0,vDcInst/idc_units/iq_shed,512.76,513.25,0.16,0.19,1.0,1.0
ring_060503.csv,06:04:44.369,06:05:03.649,242,80.0,0,vDcInst/idc_units/iq_shed,513.25,513.97,0.16,0.19,1.0,1.0
ring_060528.csv,06:05:09.081,06:05:28.441,243,80.0,0,vDcInst/idc_units/iq_shed,443.86,514.46,0.16,1.08,1.0,1.0
ring_060553.csv,06:05:33.922,06:05:53.282,243,80.0,0,vDcInst/idc_units/iq_shed,514.21,514.94,0.16,0.19,1.0,1.0
ring_060618.csv,06:05:58.747,06:06:18.107,243,80.0,0,vDcInst/idc_units/iq_shed,514.94,515.67,0.17,0.2,1.0,1.0
ring_060643.csv,06:06:23.811,06:06:43.091,242,80.0,0,vDcInst/idc_units/iq_shed,515.42,516.39,0.17,0.2,1.0,1.0
ring_060707.csv,06:06:48.589,06:07:07.869,242,80.0,0,vDcInst/idc_units/iq_shed,516.39,517.12,0.17,0.2,1.0,1.0
ring_060732.csv,06:07:13.255,06:07:32.615,243,80.0,0,vDcInst/idc_units/iq_shed,517.12,517.84,0.17,0.2,1.0,1.0
ring_060757.csv,06:07:38.016,06:07:57.296,242,80.0,0,vDcInst/idc_units/iq_shed,517.84,518.32,0.17,0.2,1.0,1.0
ring_060822.csv,06:08:02.745,06:08:22.105,243,80.0,0,vDcInst/idc_units/iq_shed,453.29,518.32,0.17,1.22,1.0,1.0
ring_060846.csv,06:08:27.571,06:08:46.851,242,80.0,0,vDcInst/idc_units/iq_shed,518.08,518.57,0.17,0.2,1.0,1.0
ring_060911.csv,06:08:52.316,06:09:11.676,243,80.0,0,vDcInst/idc_units/iq_shed,518.57,518.81,0.17,0.2,1.0,1.0
ring_060936.csv,06:09:17.125,06:09:36.405,242,80.0,0,vDcInst/idc_units/iq_shed,518.81,519.29,0.17,0.2,1.0,1.0
ring_061001.csv,06:09:41.839,06:10:01.119,242,80.0,0,vDcInst/idc_units/iq_shed,519.05,519.78,0.17,0.2,1.0,1.0
ring_061025.csv,06:10:06.553,06:10:25.913,243,80.0,0,vDcInst/idc_units/iq_shed,448.21,520.26,0.18,1.38,1.0,1.0
ring_061050.csv,06:10:31.378,06:10:50.658,242,80.0,0,vDcInst/idc_units/iq_shed,520.26,520.74,0.18,0.21,1.0,1.0
ring_061115.csv,06:10:56.044,06:11:15.404,243,80.0,0,vDcInst/idc_units/iq_shed,520.74,521.23,0.18,0.2,1.0,1.0
ring_061140.csv,06:11:20.869,06:11:40.229,243,80.0,0,vDcInst/idc_units/iq_shed,521.23,521.95,0.18,0.21,1.0,1.0
ring_061205.csv,06:11:45.950,06:12:05.310,243,80.0,0,vDcInst/idc_units/iq_shed,456.68,522.19,0.18,1.57,1.0,1.0
ring_061230.csv,06:12:10.760,06:12:30.200,244,80.0,0,vDcInst/idc_units/iq_shed,522.19,522.68,0.18,0.22,1.0,1.0
ring_061255.csv,06:12:35.969,06:12:55.249,242,80.0,0,vDcInst/idc_units/iq_shed,522.68,523.64,0.18,0.21,1.0,1.0
ring_061320.csv,06:13:00.683,06:13:20.043,243,80.0,0,vDcInst/idc_units/iq_shed,523.89,524.85,0.18,0.21,1.0,1.0
ring_061345.csv,06:13:25.877,06:13:45.317,244,80.0,0,vDcInst/idc_units/iq_shed,451.12,526.06,0.19,1.72,1.0,1.0
ring_061410.csv,06:13:50.942,06:14:10.302,243,80.0,0,vDcInst/idc_units/iq_shed,525.82,526.54,0.19,0.22,1.0,1.0
ring_061435.csv,06:14:15.767,06:14:35.127,243,80.0,0,vDcInst/idc_units/iq_shed,526.54,527.03,0.19,0.22,1.0,1.0
ring_061500.csv,06:14:40.928,06:15:00.288,243,80.0,0,vDcInst/idc_units/iq_shed,523.89,527.51,0.19,0.58,1.0,1.0
ring_061525.csv,06:15:06.058,06:15:25.418,243,80.0,0,vDcInst/idc_units/iq_shed,463.69,528.0,0.18,2.01,1.0,1.0
ring_061550.csv,06:15:30.851,06:15:50.211,243,80.0,0,vDcInst/idc_units/iq_shed,528.0,528.72,0.18,0.21,1.0,1.0
ring_061615.csv,06:15:55.949,06:16:15.229,242,80.0,0,vDcInst/idc_units/iq_shed,528.72,529.2,0.18,0.21,1.0,1.0
ring_061640.csv,06:16:20.694,06:16:40.054,243,80.0,0,vDcInst/idc_units/iq_shed,529.2,529.69,0.18,0.21,1.0,1.0
ring_061704.csv,06:16:45.536,06:17:04.816,242,80.0,0,vDcInst/idc_units/iq_shed,498.74,531.14,0.18,2.04,1.0,1.0
ring_061729.csv,06:17:10.250,06:17:29.690,244,80.0,0,vDcInst/idc_units/iq_shed,493.42,511.56,1.57,2.03,1.0,1.0
ring_061754.csv,06:17:35.443,06:17:54.723,242,80.0,0,vDcInst/idc_units/iq_shed,507.2,511.56,1.57,1.7,1.0,1.0
ring_061819.csv,06:18:00.140,06:18:19.420,242,80.0,0,vDcInst/idc_units/iq_shed,501.16,512.28,1.6,1.95,1.0,1.0
ring_061844.csv,06:18:24.966,06:18:44.246,242,80.0,0,vDcInst/idc_units/iq_shed,501.89,513.01,1.61,1.94,1.0,1.0
ring_061908.csv,06:18:49.631,06:19:08.911,242,80.0,0,vDcInst/idc_units/iq_shed,509.38,513.73,1.64,1.75,1.0,1.0
ring_061933.csv,06:19:14.473,06:19:33.673,241,80.0,0,vDcInst/idc_units/iq_shed,509.86,513.73,1.67,1.76,1.0,1.0
ring_061958.csv,06:19:39.170,06:19:58.530,243,80.0,0,vDcInst/idc_units/iq_shed,509.38,514.21,1.67,1.81,1.0,1.0
ring_062023.csv,06:20:04.012,06:20:23.292,242,80.0,0,vDcInst/idc_units/iq_shed,510.1,514.7,1.68,1.82,1.0,1.0
ring_062048.csv,06:20:29.269,06:20:48.629,243,80.0,0,vDcInst/idc_units/iq_shed,509.14,514.46,1.73,1.93,1.0,1.0
ring_062113.csv,06:20:54.319,06:21:13.599,242,80.0,0,vDcInst/idc_units/iq_shed,509.38,514.7,1.76,1.93,1.0,1.0
ring_062138.csv,06:21:19.000,06:21:38.360,243,80.0,0,vDcInst/idc_units/iq_shed,511.07,515.67,1.78,1.91,1.0,1.0
ring_062203.csv,06:21:43.810,06:22:03.170,243,80.0,0,vDcInst/idc_units/iq_shed,509.86,514.7,1.84,1.97,1.0,1.0
ring_062227.csv,06:22:08.652,06:22:27.932,242,80.0,0,vDcInst/idc_units/iq_shed,511.56,515.91,1.8,1.98,1.0,1.0
ring_062252.csv,06:22:33.333,06:22:52.693,243,80.0,0,vDcInst/idc_units/iq_shed,510.59,516.15,1.84,2.03,1.0,1.0
ring_062317.csv,06:22:58.126,06:23:17.566,244,80.0,0,vDcInst/idc_units/iq_shed,510.35,515.42,1.91,2.08,1.0,1.0
ring_062342.csv,06:23:23.352,06:23:42.632,242,80.0,0,vDcInst/idc_units/iq_shed,510.35,515.67,1.94,2.12,1.0,1.0
ring_062407.csv,06:23:48.097,06:24:07.377,242,80.0,0,vDcInst/idc_units/iq_shed,510.59,516.39,1.95,2.13,1.0,1.0
ring_062432.csv,06:24:12.826,06:24:32.106,242,80.0,0,vDcInst/idc_units/iq_shed,511.56,515.42,2.02,2.15,1.0,1.0
ring_062456.csv,06:24:37.507,06:24:56.867,243,80.0,0,vDcInst/idc_units/iq_shed,510.59,515.67,2.03,2.23,1.0,1.0
ring_062521.csv,06:25:02.412,06:25:21.692,242,80.0,0,vDcInst/idc_units/iq_shed,510.59,516.15,2.05,2.25,1.0,1.0
ring_062546.csv,06:25:27.093,06:25:46.373,242,80.0,0,vDcInst/idc_units/iq_shed,511.31,517.36,2.02,2.25,1.0,1.0
ring_062611.csv,06:25:51.918,06:26:11.198,242,80.0,0,vDcInst/idc_units/iq_shed,511.07,515.91,2.11,2.3,1.0,1.0
ring_062635.csv,06:26:16.583,06:26:35.863,242,80.0,0,vDcInst/idc_units/iq_shed,511.31,516.15,2.15,2.32,1.0,1.0
ring_062700.csv,06:26:41.392,06:27:00.752,243,80.0,0,vDcInst/idc_units/iq_shed,511.07,515.67,2.18,2.36,1.0,1.0
ring_062725.csv,06:27:06.186,06:27:25.546,243,80.0,0,vDcInst/idc_units/iq_shed,512.04,516.39,2.18,2.33,1.0,1.0
ring_062750.csv,06:27:31.012,06:27:50.292,242,80.0,0,vDcInst/idc_units/iq_shed,511.8,517.12,2.22,2.38,1.0,1.0
ring_062815.csv,06:27:55.708,06:28:15.068,243,80.0,0,vDcInst/idc_units/iq_shed,512.04,516.63,2.25,2.4,1.0,1.0
ring_062839.csv,06:28:20.581,06:28:39.861,242,80.0,0,vDcInst/idc_units/iq_shed,510.35,517.12,2.25,2.49,1.0,1.0
ring_062904.csv,06:28:45.278,06:29:04.558,242,80.0,0,vDcInst/idc_units/iq_shed,511.8,516.15,2.29,2.46,1.0,1.0
ring_062929.csv,06:29:09.991,06:29:29.351,243,80.0,0,vDcInst/idc_units/iq_shed,510.59,516.87,2.32,2.56,1.0,1.0
ring_062954.csv,06:29:34.817,06:29:54.177,243,80.0,0,vDcInst/idc_units/iq_shed,513.01,516.63,2.35,2.49,1.0,1.0
ring_063018.csv,06:29:59.626,06:30:18.986,243,80.0,0,vDcInst/idc_units/iq_shed,511.56,516.87,2.35,2.57,1.0,1.0
ring_063044.csv,06:30:24.771,06:30:44.051,242,80.0,0,vDcInst/idc_units/iq_shed,512.76,517.12,2.38,2.54,1.0,1.0
ring_063108.csv,06:30:49.500,06:31:08.860,243,80.0,0,vDcInst/idc_units/iq_shed,512.52,517.6,2.4,2.61,1.0,1.0
ring_063133.csv,06:31:14.309,06:31:33.669,243,80.0,0,vDcInst/idc_units/iq_shed,510.59,516.63,2.45,2.72,1.0,1.0
ring_063158.csv,06:31:39.166,06:31:58.446,242,80.0,0,vDcInst/idc_units/iq_shed,510.1,516.87,2.51,2.78,1.0,1.0
ring_063224.csv,06:32:03.879,06:32:24.279,256,80.0,0,vDcInst/idc_units/iq_shed,511.8,516.87,2.55,2.76,1.0,1.0
ring_063249.csv,06:32:30.000,06:32:49.280,242,80.0,0,vDcInst/idc_units/iq_shed,511.8,516.39,2.6,2.79,1.0,1.0
ring_063314.csv,06:32:55.017,06:33:14.297,242,80.0,0,vDcInst/idc_units/iq_shed,512.04,516.87,2.61,2.81,1.0,1.0
ring_063339.csv,06:33:19.843,06:33:39.123,242,80.0,0,vDcInst/idc_units/iq_shed,511.31,517.84,2.6,2.88,1.0,1.0
ring_063403.csv,06:33:44.556,06:34:03.836,242,80.0,0,vDcInst/idc_units/iq_shed,512.52,516.63,2.64,2.84,1.0,1.0
ring_063428.csv,06:34:09.365,06:34:28.645,242,80.0,0,vDcInst/idc_units/iq_shed,512.04,516.87,2.68,2.88,1.0,1.0
ring_063453.csv,06:34:34.078,06:34:53.358,242,80.0,0,vDcInst/idc_units/iq_shed,511.31,517.12,2.7,2.96,1.0,1.0
ring_063518.csv,06:34:58.887,06:35:18.247,243,80.0,0,vDcInst/idc_units/iq_shed,512.52,517.36,2.74,2.97,1.0,1.0
ring_063543.csv,06:35:23.728,06:35:43.008,242,80.0,0,vDcInst/idc_units/iq_shed,512.04,516.63,2.81,3.01,1.0,1.0
ring_063607.csv,06:35:48.457,06:36:07.737,242,80.0,0,vDcInst/idc_units/iq_shed,511.56,517.36,2.81,3.11,1.0,1.0
ring_063632.csv,06:36:13.171,06:36:32.451,242,80.0,0,vDcInst/idc_units/iq_shed,512.52,517.12,2.89,3.06,1.0,1.0
ring_063657.csv,06:36:37.948,06:36:57.228,242,80.0,0,vDcInst/idc_units/iq_shed,512.76,517.36,2.89,3.12,1.0,1.0
ring_063722.csv,06:37:02.757,06:37:22.117,243,80.0,0,vDcInst/idc_units/iq_shed,512.52,517.84,2.93,3.15,1.0,1.0
ring_063746.csv,06:37:27.566,06:37:46.846,242,80.0,0,vDcInst/idc_units/iq_shed,512.76,517.6,2.98,3.26,1.0,1.0
ring_063811.csv,06:37:52.295,06:38:11.655,243,80.0,0,vDcInst/idc_units/iq_shed,512.04,517.84,3.02,3.29,1.0,1.0
ring_063836.csv,06:38:17.136,06:38:36.496,243,80.0,0,vDcInst/idc_units/iq_shed,513.01,517.6,3.08,3.3,1.0,1.0
ring_063901.csv,06:38:42.345,06:39:01.625,242,80.0,0,vDcInst/idc_units/iq_shed,513.49,517.6,3.1,3.31,1.0,1.0
ring_063926.csv,06:39:07.042,06:39:26.402,243,80.0,0,vDcInst/idc_units/iq_shed,513.01,517.84,3.1,3.34,1.0,1.0
ring_063951.csv,06:39:31.884,06:39:51.164,242,80.0,0,vDcInst/idc_units/iq_shed,510.35,517.84,3.15,3.51,1.0,1.0
ring_064016.csv,06:39:56.564,06:40:16.884,255,80.0,0,vDcInst/idc_units/iq_shed,513.01,518.08,3.21,3.49,1.0,1.0
ring_064042.csv,06:40:22.797,06:40:42.077,242,80.0,0,vDcInst/idc_units/iq_shed,512.52,518.08,3.25,3.54,1.0,1.0
ring_064107.csv,06:40:47.798,06:41:07.078,242,80.0,0,vDcInst/idc_units/iq_shed,513.01,518.32,3.29,3.55,1.0,1.0
ring_064131.csv,06:41:12.623,06:41:31.903,242,80.0,0,vDcInst/idc_units/iq_shed,513.49,518.57,3.36,3.62,1.0,1.0
ring_064156.csv,06:41:37.352,06:41:56.552,241,80.0,0,vDcInst/idc_units/iq_shed,512.76,517.6,3.43,3.7,1.0,1.0
ring_064221.csv,06:42:02.097,06:42:21.377,242,80.0,0,vDcInst/idc_units/iq_shed,513.25,518.08,3.45,3.67,1.0,1.0
ring_064246.csv,06:42:26.874,06:42:46.234,243,80.0,0,vDcInst/idc_units/iq_shed,512.52,518.81,3.46,3.76,1.0,1.0
ring_064310.csv,06:42:51.667,06:43:10.947,242,80.0,0,vDcInst/idc_units/iq_shed,513.73,518.81,3.44,3.75,1.0,1.0
ring_064335.csv,06:43:16.491,06:43:35.771,242,80.0,0,vDcInst/idc_units/iq_shed,513.49,517.6,3.53,3.76,1.0,1.0
ring_064400.csv,06:43:41.220,06:44:00.500,242,80.0,0,vDcInst/idc_units/iq_shed,511.8,517.6,3.5,3.82,1.0,1.0
ring_064425.csv,06:44:06.029,06:44:25.309,242,80.0,0,vDcInst/idc_units/iq_shed,512.76,518.81,3.49,3.83,1.0,1.0
ring_064450.csv,06:44:30.774,06:44:50.054,242,80.0,0,vDcInst/idc_units/iq_shed,513.01,517.84,3.55,3.8,1.0,1.0
ring_064514.csv,06:44:55.567,06:45:14.927,243,80.0,0,vDcInst/idc_units/iq_shed,512.76,517.6,3.55,3.8,1.0,1.0
ring_064539.csv,06:45:20.408,06:45:39.768,243,80.0,0,vDcInst/idc_units/iq_shed,513.49,518.08,3.52,3.77,1.0,1.0
ring_064604.csv,06:45:45.537,06:46:04.817,242,80.0,0,vDcInst/idc_units/iq_shed,512.76,518.08,3.53,3.79,1.0,1.0
ring_064629.csv,06:46:10.346,06:46:29.706,243,80.0,0,vDcInst/idc_units/iq_shed,512.04,517.6,3.56,3.87,1.0,1.0
ring_064654.csv,06:46:35.586,06:46:54.946,243,80.0,0,vDcInst/idc_units/iq_shed,513.01,518.32,3.55,3.86,1.0,1.0
ring_064719.csv,06:47:00.715,06:47:19.995,242,80.0,0,vDcInst/idc_units/iq_shed,512.76,518.32,3.55,3.81,1.0,1.0
ring_064744.csv,06:47:25.412,06:47:44.772,243,80.0,0,vDcInst/idc_units/iq_shed,513.49,517.12,3.6,3.8,1.0,1.0
ring_064809.csv,06:47:50.221,06:48:09.581,243,80.0,0,vDcInst/idc_units/iq_shed,510.1,515.67,3.52,3.77,1.0,1.0
ring_064834.csv,06:48:15.078,06:48:34.358,242,80.0,0,vDcInst/idc_units/iq_shed,509.14,514.46,3.28,3.64,1.0,1.0
ring_064859.csv,06:48:39.807,06:48:59.087,242,80.0,0,vDcInst/idc_units/iq_shed,505.03,512.52,3.19,3.43,1.0,1.0
ring_064923.csv,06:49:04.648,06:49:23.928,242,80.0,0,vDcInst/idc_units/iq_shed,504.54,509.86,2.84,3.2,1.0,1.0
ring_064949.csv,06:49:29.344,06:49:49.744,256,80.0,0,vDcInst/idc_units/iq_shed,505.27,509.62,2.56,2.9,1.0,1.0
ring_065014.csv,06:49:55.593,06:50:14.873,242,80.0,0,vDcInst/idc_units/iq_shed,507.45,511.8,2.36,2.55,1.0,1.0
ring_065039.csv,06:50:20.547,06:50:39.907,243,80.0,0,vDcInst/idc_units/iq_shed,509.14,532.83,0.35,2.44,1.0,1.0
ring_065104.csv,06:50:45.371,06:51:04.731,243,80.0,0,vDcInst/idc_units/iq_shed,532.35,532.83,0.34,0.36,1.0,1.0
ring_065129.csv,06:51:10.644,06:51:29.924,242,80.0,0,vDcInst/idc_units/iq_shed,532.59,532.83,0.34,0.36,1.0,1.0
ring_065155.csv,06:51:35.726,06:51:55.086,243,80.0,0,vDcInst/idc_units/iq_shed,532.35,533.07,0.34,0.36,1.0,1.0
ring_065221.csv,06:52:02.661,06:52:21.941,242,80.0,0,vDcInst/idc_units/iq_shed,514.46,522.43,1.67,2.14,1.0,1.0
ring_065246.csv,06:52:27.694,06:52:46.974,242,80.0,0,vDcInst/idc_units/iq_shed,507.93,519.29,1.91,2.48,1.0,1.0
ring_065313.csv,06:52:52.608,06:53:13.008,256,80.0,0,vDcInst/idc_units/iq_shed,508.17,513.01,2.32,2.51,1.0,1.0
ring_065340.csv,06:53:19.760,06:53:40.160,256,80.0,0,vDcInst/idc_units/iq_shed,508.41,513.73,2.33,2.53,1.0,1.0
ring_065406.csv,06:53:46.367,06:54:06.127,248,80.0,0,vDcInst/idc_units/iq_shed,508.65,513.97,2.33,2.56,1.0,1.0
ring_065431.csv,06:54:11.752,06:54:31.032,242,80.0,0,vDcInst/idc_units/iq_shed,508.65,514.46,2.4,2.61,1.0,1.0
ring_065531.csv,06:55:14.136,06:55:31.656,220,80.0,0,vDcInst/idc_units/iq_shed,534.52,534.76,0.31,0.33,1.0,1.0
ring_065556.csv,06:55:36.625,06:55:56.065,244,80.0,0,vDcInst/idc_units/iq_shed,517.36,524.61,1.64,2.13,1.0,1.0
ring_065621.csv,06:56:01.899,06:56:21.339,244,80.0,0,vDcInst/idc_units/iq_shed,511.56,522.92,1.84,2.49,1.0,1.0
ring_065646.csv,06:56:27.091,06:56:46.451,243,80.0,0,vDcInst/idc_units/iq_shed,508.41,513.73,2.48,2.65,1.0,1.0
ring_065711.csv,06:56:52.219,06:57:11.499,242,80.0,0,vDcInst/idc_units/iq_shed,505.27,515.18,2.55,2.99,1.0,1.0
ring_065736.csv,06:57:16.948,06:57:36.228,242,80.0,0,vDcInst/idc_units/iq_shed,505.03,518.81,2.71,3.28,1.0,1.0
ring_065802.csv,06:57:41.772,06:58:02.092,255,80.0,0,vDcInst/idc_units/iq_shed,506.48,515.42,3.0,3.25,1.0,1.0
ring_065827.csv,06:58:07.893,06:58:27.253,243,80.0,0,vDcInst/idc_units/iq_shed,504.06,514.7,2.72,3.13,1.0,1.0
ring_065852.csv,06:58:32.990,06:58:52.350,243,80.0,0,vDcInst/idc_units/iq_shed,509.62,515.67,2.74,2.98,1.0,1.0
ring_065917.csv,06:58:58.134,06:59:17.494,243,80.0,0,vDcInst/idc_units/iq_shed,508.9,513.97,2.78,2.88,1.0,1.0
ring_065942.csv,06:59:22.943,06:59:42.303,243,80.0,0,vDcInst/idc_units/iq_shed,509.14,515.67,2.58,2.86,1.0,1.0
ring_070007.csv,06:59:48.184,07:00:07.464,242,80.0,0,vDcInst/idc_units/iq_shed,508.9,517.36,2.56,3.03,1.0,1.0
ring_070032.csv,07:00:12.912,07:00:32.272,243,80.0,0,vDcInst/idc_units/iq_shed,510.1,517.6,2.79,3.08,1.0,1.0
ring_070058.csv,07:00:38.825,07:00:58.105,242,80.0,0,vDcInst/idc_units/iq_shed,498.02,517.84,3.4,4.27,1.0,1.0
ring_070123.csv,07:01:04.673,07:01:23.953,242,80.0,0,vDcInst/idc_units/iq_shed,511.56,525.09,3.33,4.96,1.0,1.0
ring_070148.csv,07:01:29.610,07:01:48.970,243,80.0,0,vDcInst/idc_units/iq_shed,509.62,521.71,4.43,5.41,1.0,1.0
ring_070213.csv,07:01:54.467,07:02:13.747,242,80.0,0,vDcInst/idc_units/iq_shed,514.46,520.98,4.76,5.19,1.0,1.0
ring_070238.csv,07:02:19.227,07:02:38.587,243,80.0,0,vDcInst/idc_units/iq_shed,515.42,520.26,4.82,5.09,1.0,1.0
ring_070303.csv,07:02:44.468,07:03:03.748,242,80.0,0,vDcInst/idc_units/iq_shed,507.69,521.71,4.75,5.88,1.0,1.0
ring_070328.csv,07:03:09.228,07:03:28.508,242,80.0,0,vDcInst/idc_units/iq_shed,512.04,520.98,5.02,5.63,1.0,1.0
ring_070353.csv,07:03:33.909,07:03:53.269,243,80.0,0,vDcInst/idc_units/iq_shed,495.6,525.58,4.87,6.6,1.0,1.0
ring_070418.csv,07:03:58.735,07:04:18.015,242,80.0,0,vDcInst/idc_units/iq_shed,523.89,527.75,4.56,5.03,0.87,1.0
ring_070442.csv,07:04:23.447,07:04:42.887,244,80.0,0,vDcInst/idc_units/iq_shed,523.64,526.3,4.99,5.1,1.0,1.0
ring_070508.csv,07:04:48.783,07:05:08.063,242,80.0,0,vDcInst/idc_units/iq_shed,513.25,524.85,5.27,6.19,1.0,1.0
ring_070532.csv,07:05:13.496,07:05:32.776,242,80.0,0,vDcInst/idc_units/iq_shed,505.51,526.3,5.16,6.79,1.0,1.0
ring_070557.csv,07:05:38.225,07:05:57.585,243,80.0,0,vDcInst/idc_units/iq_shed,502.13,527.03,5.12,7.01,1.0,1.0
ring_070622.csv,07:06:03.033,07:06:22.313,242,80.0,0,vDcInst/idc_units/iq_shed,505.27,523.64,5.61,6.95,1.0,1.0
ring_070647.csv,07:06:27.858,07:06:47.218,243,80.0,0,vDcInst/idc_units/iq_shed,499.71,525.34,5.46,7.2,1.0,1.0
ring_070712.csv,07:06:53.003,07:07:12.363,243,80.0,0,vDcInst/idc_units/iq_shed,503.34,526.06,5.44,7.15,1.0,1.0
ring_070737.csv,07:07:17.843,07:07:37.123,242,80.0,0,vDcInst/idc_units/iq_shed,503.09,522.43,5.98,7.27,1.0,1.0
ring_070801.csv,07:07:42.556,07:08:01.916,243,80.0,0,vDcInst/idc_units/iq_shed,508.17,523.89,5.85,7.08,1.0,1.0
ring_070827.csv,07:08:07.364,07:08:27.764,256,80.0,0,vDcInst/idc_units/iq_shed,508.65,524.13,5.85,7.08,1.0,1.0
ring_070852.csv,07:08:33.517,07:08:52.797,242,80.0,0,vDcInst/idc_units/iq_shed,506.72,520.02,6.31,7.25,1.0,1.0
ring_070917.csv,07:08:58.502,07:09:17.782,242,80.0,0,vDcInst/idc_units/iq_shed,508.65,520.74,6.27,7.13,1.0,1.0
ring_070943.csv,07:09:23.294,07:09:43.614,255,80.0,0,vDcInst/idc_units/iq_shed,509.86,521.47,6.26,7.1,1.0,1.0
ring_071008.csv,07:09:49.527,07:10:08.887,243,80.0,0,vDcInst/idc_units/iq_shed,512.04,520.5,6.2,6.76,1.0,1.0
ring_071033.csv,07:10:14.560,07:10:33.840,242,80.0,0,vDcInst/idc_units/iq_shed,501.4,527.03,5.22,7.25,1.0,1.0
ring_071058.csv,07:10:39.288,07:10:58.568,242,80.0,0,vDcInst/idc_units/iq_shed,508.41,527.27,5.59,7.37,1.0,1.0
ring_071123.csv,07:11:04.129,07:11:23.409,242,80.0,0,vDcInst/idc_units/iq_shed,510.59,518.81,6.79,7.32,1.0,1.0
ring_071145.csv,07:11:28.810,07:11:45.850,214,80.0,0,vDcInst/idc_units/iq_shed,511.07,519.53,6.83,7.46,1.0,1.0
ring_071209.csv,07:11:51.076,07:12:09.556,232,80.0,0,vDcInst/idc_units/iq_shed,511.31,519.29,6.99,7.59,1.0,1.0
ring_071233.csv,07:12:14.940,07:12:33.260,230,80.0,0,vDcInst/idc_units/iq_shed,510.35,519.05,7.12,7.71,1.0,1.0
ring_071256.csv,07:12:38.373,07:12:56.693,230,80.0,0,vDcInst/idc_units/iq_shed,511.31,518.08,7.29,7.76,1.0,1.0
ring_071320.csv,07:13:02.000,07:13:20.400,231,80.0,0,vDcInst/idc_units/iq_shed,511.56,518.57,7.37,7.82,1.0,1.0
ring_071343.csv,07:13:25.497,07:13:43.817,230,80.0,0,vDcInst/idc_units/iq_shed,510.83,518.57,7.5,8.08,1.0,1.0
ring_071407.csv,07:13:49.153,07:14:07.553,231,80.0,0,vDcInst/idc_units/iq_shed,511.31,518.57,7.64,8.2,1.0,1.0
ring_071430.csv,07:14:12.666,07:14:30.906,229,80.0,0,vDcInst/idc_units/iq_shed,511.56,518.32,7.75,8.21,1.0,1.0
ring_071454.csv,07:14:36.227,07:14:54.627,231,80.0,0,vDcInst/idc_units/iq_shed,511.07,518.08,7.75,8.32,1.0,1.0
ring_071519.csv,07:14:59.851,07:15:19.291,244,80.0,0,vDcInst/idc_units/iq_shed,511.31,517.84,7.9,8.33,1.0,1.0
ring_071543.csv,07:15:24.948,07:15:43.348,231,80.0,0,vDcInst/idc_units/iq_shed,510.59,517.12,8.02,8.46,1.0,1.0
ring_071606.csv,07:15:48.605,07:16:06.925,230,80.0,0,vDcInst/idc_units/iq_shed,511.31,517.6,8.01,8.45,1.0,1.0
ring_071630.csv,07:16:12.119,07:16:30.519,231,80.0,0,vDcInst/idc_units/iq_shed,512.04,516.39,8.15,8.44,1.0,1.0
ring_071654.csv,07:16:35.774,07:16:54.094,230,80.0,0,vDcInst/idc_units/iq_shed,509.86,517.12,8.14,8.59,1.0,1.0
ring_071719.csv,07:17:01.352,07:17:19.752,231,80.0,0,vDcInst/idc_units/iq_shed,511.56,516.39,8.15,8.45,1.0,1.0
ring_071743.csv,07:17:24.880,07:17:43.200,230,80.0,0,vDcInst/idc_units/iq_shed,510.1,516.39,8.15,8.6,1.0,1.0
ring_071806.csv,07:17:48.409,07:18:06.729,230,80.0,0,vDcInst/idc_units/iq_shed,510.83,517.12,8.15,8.59,1.0,1.0
ring_071830.csv,07:18:12.003,07:18:30.323,230,80.0,0,vDcInst/idc_units/iq_shed,510.35,517.36,8.27,8.72,1.0,1.0
ring_071853.csv,07:18:35.579,07:18:53.899,230,80.0,0,vDcInst/idc_units/iq_shed,510.83,516.63,8.4,8.72,1.0,1.0
ring_071917.csv,07:18:59.091,07:19:17.411,230,80.0,0,vDcInst/idc_units/iq_shed,510.1,516.87,8.4,8.85,1.0,1.0
ring_071941.csv,07:19:22.748,07:19:41.068,230,80.0,0,vDcInst/idc_units/iq_shed,510.35,516.39,8.41,8.85,1.0,1.0
ring_072004.csv,07:19:46.293,07:20:04.613,230,80.0,0,vDcInst/idc_units/iq_shed,510.59,515.91,8.55,8.85,1.0,1.0
ring_072028.csv,07:20:09.822,07:20:28.222,231,80.0,0,vDcInst/idc_units/iq_shed,509.14,516.87,8.53,8.99,1.0,1.0
ring_072052.csv,07:20:34.392,07:20:52.632,229,80.0,0,vDcInst/idc_units/iq_shed,508.9,515.91,8.68,9.14,1.0,1.0
ring_072116.csv,07:20:57.792,07:21:16.112,230,80.0,0,vDcInst/idc_units/iq_shed,509.14,515.91,8.8,9.28,1.0,1.0
ring_072139.csv,07:21:21.401,07:21:39.721,230,80.0,0,vDcInst/idc_units/iq_shed,509.62,516.39,8.79,9.28,1.0,1.0
ring_072203.csv,07:21:44.947,07:22:03.347,231,80.0,0,vDcInst/idc_units/iq_shed,509.62,515.18,8.95,9.27,1.0,1.0
ring_072227.csv,07:22:09.530,07:22:27.850,230,80.0,0,vDcInst/idc_units/iq_shed,510.35,515.18,8.95,9.28,1.0,1.0
ring_072252.csv,07:22:33.315,07:22:52.755,244,80.0,0,vDcInst/idc_units/iq_shed,509.14,515.91,8.96,9.45,1.0,1.0
ring_072317.csv,07:22:58.412,07:23:17.772,243,80.0,0,vDcInst/idc_units/iq_shed,508.65,515.42,9.01,9.55,1.0,1.0
ring_072342.csv,07:23:24.196,07:23:42.596,231,80.0,0,vDcInst/idc_units/iq_shed,508.65,514.46,9.1,9.57,1.0,1.0
ring_072407.csv,07:23:49.068,07:24:07.388,230,80.0,0,vDcInst/idc_units/iq_shed,508.17,515.91,9.09,9.61,1.0,1.0
ring_072431.csv,07:24:12.806,07:24:31.206,231,80.0,0,vDcInst/idc_units/iq_shed,507.45,515.18,9.14,9.63,1.0,1.0
ring_072454.csv,07:24:36.414,07:24:54.814,231,80.0,0,vDcInst/idc_units/iq_shed,508.17,515.42,9.21,9.75,1.0,1.0
ring_072518.csv,07:24:59.991,07:25:18.311,230,80.0,0,vDcInst/idc_units/iq_shed,508.41,515.18,9.27,9.78,1.0,1.0
ring_072541.csv,07:25:23.520,07:25:41.920,231,80.0,0,vDcInst/idc_units/iq_shed,507.2,514.7,9.4,9.91,1.0,1.0
ring_072605.csv,07:25:47.129,07:26:05.449,230,80.0,0,vDcInst/idc_units/iq_shed,508.17,514.94,9.39,9.89,1.0,1.0
ring_072630.csv,07:26:11.682,07:26:30.002,230,80.0,0,vDcInst/idc_units/iq_shed,507.2,514.7,9.54,10.07,1.0,1.0
ring_072653.csv,07:26:35.547,07:26:53.947,231,80.0,0,vDcInst/idc_units/iq_shed,507.93,515.18,9.55,10.07,1.0,1.0
ring_072717.csv,07:26:59.060,07:27:17.460,231,80.0,0,vDcInst/idc_units/iq_shed,506.96,514.46,9.67,10.22,1.0,1.0
ring_072740.csv,07:27:22.588,07:27:40.828,229,80.0,0,vDcInst/idc_units/iq_shed,507.69,513.49,9.81,10.18,1.0,1.0
ring_072804.csv,07:27:46.149,07:28:04.549,231,80.0,0,vDcInst/idc_units/iq_shed,508.65,513.73,9.81,10.17,1.0,1.0
ring_072828.csv,07:28:09.790,07:28:28.110,230,80.0,0,vDcInst/idc_units/iq_shed,507.93,513.73,9.83,10.22,1.0,1.0
ring_072852.csv,07:28:33.335,07:28:52.855,245,80.0,0,vDcInst/idc_units/iq_shed,505.75,513.73,9.82,10.39,1.0,1.0
ring_072916.csv,07:28:58.415,07:29:16.735,230,80.0,0,vDcInst/idc_units/iq_shed,506.96,514.21,9.8,10.38,1.0,1.0
ring_072940.csv,07:29:22.058,07:29:40.378,230,80.0,0,vDcInst/idc_units/iq_shed,506.48,513.25,9.97,10.5,1.0,1.0
ring_073003.csv,07:29:45.619,07:30:03.939,230,80.0,0,vDcInst/idc_units/iq_shed,506.96,513.49,9.93,10.52,1.0,1.0
ring_073028.csv,07:30:09.163,07:30:28.523,243,80.0,0,vDcInst/idc_units/iq_shed,506.24,513.25,10.03,10.57,1.0,1.0
ring_073052.csv,07:30:34.403,07:30:52.723,230,80.0,0,vDcInst/idc_units/iq_shed,506.48,513.25,10.05,10.45,1.0,1.0
ring_073116.csv,07:30:58.012,07:31:16.412,231,80.0,0,vDcInst/idc_units/iq_shed,506.48,513.49,10.08,10.56,1.0,1.0
ring_073139.csv,07:31:21.525,07:31:39.925,231,80.0,0,vDcInst/idc_units/iq_shed,506.0,513.73,10.05,10.67,1.0,1.0
ring_073204.csv,07:31:45.133,07:32:04.573,244,80.0,0,vDcInst/idc_units/iq_shed,506.0,513.25,10.0,10.64,1.0,1.0
ring_073228.csv,07:32:10.246,07:32:28.486,229,80.0,0,vDcInst/idc_units/iq_shed,505.27,512.04,10.15,10.54,1.0,1.0
ring_073252.csv,07:32:33.983,07:32:52.223,229,80.0,0,vDcInst/idc_units/iq_shed,505.51,513.25,10.11,10.7,1.0,1.0
ring_073315.csv,07:32:57.479,07:33:15.879,231,80.0,0,vDcInst/idc_units/iq_shed,505.51,512.76,10.3,10.88,1.0,1.0
ring_073339.csv,07:33:21.056,07:33:39.296,229,80.0,0,vDcInst/idc_units/iq_shed,506.72,512.28,10.29,10.69,1.0,1.0
ring_073402.csv,07:33:44.665,07:34:02.985,230,80.0,0,vDcInst/idc_units/iq_shed,505.51,512.04,10.31,10.69,1.0,1.0
ring_073426.csv,07:34:08.146,07:34:26.786,234,80.0,0,vDcInst/idc_units/iq_shed,505.27,512.52,10.31,10.87,1.0,1.0
ring_073450.csv,07:34:32.154,07:34:50.554,231,80.0,0,vDcInst/idc_units/iq_shed,504.79,513.01,10.29,11.05,1.0,1.0
ring_073515.csv,07:34:55.684,07:35:15.124,244,80.0,0,vDcInst/idc_units/iq_shed,505.51,512.76,10.47,11.04,1.0,1.0
ring_073539.csv,07:35:20.843,07:35:39.243,231,80.0,0,vDcInst/idc_units/iq_shed,506.0,511.56,10.64,11.02,1.0,1.0
ring_073602.csv,07:35:44.500,07:36:02.820,230,80.0,0,vDcInst/idc_units/iq_shed,506.48,512.04,10.64,11.03,1.0,1.0
ring_073626.csv,07:36:08.109,07:36:26.509,231,80.0,0,vDcInst/idc_units/iq_shed,504.3,512.76,10.63,11.41,1.0,1.0
ring_073649.csv,07:36:31.671,07:36:49.991,230,80.0,0,vDcInst/idc_units/iq_shed,505.03,512.28,10.81,11.4,1.0,1.0
ring_073713.csv,07:36:55.248,07:37:13.568,230,80.0,0,vDcInst/idc_units/iq_shed,504.79,512.52,10.8,11.4,1.0,1.0
ring_073737.csv,07:37:18.807,07:37:37.207,231,80.0,0,vDcInst/idc_units/iq_shed,504.06,512.04,10.99,11.59,1.0,1.0
ring_073800.csv,07:37:42.352,07:38:00.672,230,80.0,0,vDcInst/idc_units/iq_shed,505.27,512.52,10.98,11.59,1.0,1.0
ring_073824.csv,07:38:05.881,07:38:24.201,230,80.0,0,vDcInst/idc_units/iq_shed,505.27,512.04,10.99,11.56,1.0,1.0
ring_073847.csv,07:38:29.458,07:38:47.778,230,80.0,0,vDcInst/idc_units/iq_shed,504.79,511.31,10.98,11.54,1.0,1.0
ring_073911.csv,07:38:52.987,07:39:11.307,230,80.0,0,vDcInst/idc_units/iq_shed,503.58,512.28,10.98,11.76,1.0,1.0
ring_073935.csv,07:39:16.691,07:39:35.011,230,80.0,0,vDcInst/idc_units/iq_shed,504.06,511.56,11.33,11.94,1.0,1.0
ring_073958.csv,07:39:40.238,07:39:58.558,230,80.0,0,vDcInst/idc_units/iq_shed,503.09,511.8,11.32,12.13,1.0,1.0
ring_074022.csv,07:40:03.813,07:40:22.213,231,80.0,0,vDcInst/idc_units/iq_shed,504.79,511.56,11.51,12.12,1.0,1.0
ring_074045.csv,07:40:27.390,07:40:45.790,231,80.0,0,vDcInst/idc_units/iq_shed,505.27,511.07,11.7,12.11,1.0,1.0
ring_074109.csv,07:40:50.966,07:41:09.206,229,80.0,0,vDcInst/idc_units/iq_shed,505.27,511.07,11.7,12.11,1.0,1.0
ring_074133.csv,07:41:14.576,07:41:33.936,243,80.0,0,vDcInst/idc_units/iq_shed,503.34,511.07,11.7,12.33,1.0,1.0
ring_074157.csv,07:41:39.640,07:41:57.960,230,80.0,0,vDcInst/idc_units/iq_shed,504.06,511.8,11.7,12.32,1.0,1.0
ring_074221.csv,07:42:03.280,07:42:21.600,230,80.0,0,vDcInst/idc_units/iq_shed,505.03,512.04,11.7,12.32,1.0,1.0
ring_074245.csv,07:42:27.370,07:42:45.850,232,80.0,0,vDcInst/idc_units/iq_shed,503.34,511.07,11.89,12.53,1.0,1.0
ring_074310.csv,07:42:52.305,07:43:10.625,230,80.0,0,vDcInst/idc_units/iq_shed,504.3,510.35,12.07,12.5,1.0,1.0
ring_074334.csv,07:43:16.106,07:43:34.426,230,80.0,0,vDcInst/idc_units/iq_shed,505.27,511.07,12.06,12.49,1.0,1.0
ring_074357.csv,07:43:39.588,07:43:57.988,231,80.0,0,vDcInst/idc_units/iq_shed,502.37,510.83,12.07,12.72,1.0,1.0
ring_074421.csv,07:44:03.245,07:44:21.565,230,80.0,0,vDcInst/idc_units/iq_shed,503.82,510.59,12.07,12.72,1.0,1.0
ring_074446.csv,07:44:26.772,07:44:46.132,243,80.0,0,vDcInst/idc_units/iq_shed,503.58,511.8,12.05,12.9,1.0,1.0
ring_074510.csv,07:44:51.869,07:45:10.189,230,80.0,0,vDcInst/idc_units/iq_shed,503.34,510.83,12.25,12.9,1.0,1.0
ring_074533.csv,07:45:15.574,07:45:33.894,230,80.0,0,vDcInst/idc_units/iq_shed,503.82,511.07,12.25,12.9,1.0,1.0
ring_074557.csv,07:45:39.102,07:45:57.502,231,80.0,0,vDcInst/idc_units/iq_shed,502.85,510.1,12.44,13.13,1.0,1.0
ring_074621.csv,07:46:02.647,07:46:21.047,231,80.0,0,vDcInst/idc_units/iq_shed,502.85,510.35,12.44,13.11,1.0,1.0
ring_074644.csv,07:46:26.274,07:46:44.674,231,80.0,0,vDcInst/idc_units/iq_shed,504.3,510.83,12.45,13.09,1.0,1.0
ring_074709.csv,07:46:50.922,07:47:09.242,230,80.0,0,vDcInst/idc_units/iq_shed,502.85,510.1,12.64,13.33,1.0,1.0
ring_074734.csv,07:47:14.593,07:47:34.033,244,80.0,0,vDcInst/idc_units/iq_shed,502.61,510.59,12.64,13.32,1.0,1.0
ring_074758.csv,07:47:39.754,07:47:58.154,231,80.0,0,vDcInst/idc_units/iq_shed,503.82,509.62,12.84,13.3,1.0,1.0
ring_074821.csv,07:48:03.411,07:48:21.731,230,80.0,0,vDcInst/idc_units/iq_shed,502.13,509.86,12.85,13.54,1.0,1.0
ring_074845.csv,07:48:26.987,07:48:45.227,229,80.0,0,vDcInst/idc_units/iq_shed,501.89,509.14,13.01,13.76,1.0,1.0
ring_074908.csv,07:48:50.612,07:49:08.932,230,80.0,0,vDcInst/idc_units/iq_shed,501.64,509.62,13.04,13.74,1.0,1.0
ring_074932.csv,07:49:14.109,07:49:32.429,230,80.0,0,vDcInst/idc_units/iq_shed,503.34,509.38,13.26,13.72,1.0,1.0
ring_074956.csv,07:49:37.638,07:49:56.038,231,80.0,0,vDcInst/idc_units/iq_shed,501.64,509.14,13.26,13.97,1.0,1.0
ring_075019.csv,07:50:01.294,07:50:19.614,230,80.0,0,vDcInst/idc_units/iq_shed,501.64,509.14,13.25,13.95,1.0,1.0
ring_075043.csv,07:50:24.871,07:50:43.111,229,80.0,0,vDcInst/idc_units/iq_shed,501.4,509.14,13.26,13.97,1.0,1.0
ring_075106.csv,07:50:48.480,07:51:06.800,230,80.0,0,vDcInst/idc_units/iq_shed,501.89,509.38,13.26,13.97,1.0,1.0
ring_075130.csv,07:51:12.056,07:51:30.376,230,80.0,0,vDcInst/idc_units/iq_shed,501.64,508.9,13.26,13.98,1.0,1.0
ring_075153.csv,07:51:35.585,07:51:53.905,230,80.0,0,vDcInst/idc_units/iq_shed,501.64,508.65,13.26,13.97,1.0,1.0
ring_075217.csv,07:51:59.130,07:52:17.530,231,80.0,0,vDcInst/idc_units/iq_shed,500.92,507.93,13.48,14.21,1.0,1.0
ring_075241.csv,07:52:22.787,07:52:41.027,229,80.0,0,vDcInst/idc_units/iq_shed,500.68,508.65,13.49,14.21,1.0,1.0
ring_075304.csv,07:52:46.267,07:53:04.587,230,80.0,0,vDcInst/idc_units/iq_shed,501.16,508.9,13.48,14.21,1.0,1.0
ring_075328.csv,07:53:09.940,07:53:28.260,230,80.0,0,vDcInst/idc_units/iq_shed,500.68,508.9,13.49,14.21,1.0,1.0
ring_075351.csv,07:53:33.437,07:53:51.757,230,80.0,0,vDcInst/idc_units/iq_shed,499.95,507.69,13.7,14.44,1.0,1.0
ring_075415.csv,07:53:56.981,07:54:15.541,233,80.0,0,vDcInst/idc_units/iq_shed,500.19,507.69,13.7,14.43,1.0,1.0
ring_075439.csv,07:54:21.054,07:54:39.294,229,80.0,0,vDcInst/idc_units/iq_shed,395.75,498.5,3.9,6.89,0.45,1.0
ring_075502.csv,07:54:44.632,07:55:02.952,230,80.0,0,vDcInst/idc_units/iq_shed,474.81,499.47,4.1,5.23,1.0,1.0
ring_075526.csv,07:55:08.176,07:55:26.656,232,80.0,0,vDcInst/idc_units/iq_shed,492.7,498.98,4.21,4.58,1.0,1.0
ring_075550.csv,07:55:32.249,07:55:50.649,231,80.0,0,vDcInst/idc_units/iq_shed,493.42,538.39,4.06,5.12,1.0,1.0
ring_075614.csv,07:55:56.129,07:56:14.449,230,80.0,0,vDcInst/idc_units/iq_shed,531.38,542.26,4.51,8.03,1.0,1.0
ring_075638.csv,07:56:19.658,07:56:38.138,232,80.0,0,vDcInst/idc_units/iq_shed,512.76,530.17,8.81,12.81,1.0,1.0
ring_075701.csv,07:56:43.300,07:57:01.620,230,80.0,0,vDcInst/idc_units/iq_shed,498.98,505.51,14.24,14.81,1.0,1.0
ring_075726.csv,07:57:06.908,07:57:26.268,243,80.0,0,vDcInst/idc_units/iq_shed,498.02,506.72,13.99,14.98,1.0,1.0
ring_075750.csv,07:57:31.987,07:57:50.227,229,80.0,0,vDcInst/idc_units/iq_shed,498.98,506.96,14.2,14.93,1.0,1.0
ring_075815.csv,07:57:56.700,07:58:15.980,242,80.0,0,vDcInst/idc_units/iq_shed,498.5,506.96,14.23,15.12,1.0,1.0
ring_075839.csv,07:58:21.556,07:58:39.876,230,80.0,0,vDcInst/idc_units/iq_shed,497.78,506.96,14.18,15.25,1.0,1.0
ring_075903.csv,07:58:45.181,07:59:03.501,230,80.0,0,vDcInst/idc_units/iq_shed,498.74,506.48,14.43,15.26,1.0,1.0
ring_075927.csv,07:59:08.822,07:59:27.142,230,80.0,0,vDcInst/idc_units/iq_shed,496.81,505.51,14.65,15.49,1.0,1.0
ring_075950.csv,07:59:32.367,07:59:50.767,231,80.0,0,vDcInst/idc_units/iq_shed,496.08,506.0,14.64,15.85,1.0,1.0
ring_080015.csv,07:59:55.464,08:00:15.464,251,80.0,0,vDcInst/idc_units/iq_shed,497.29,505.75,14.87,15.7,1.0,1.0
ring_080040.csv,08:00:22.127,08:00:40.447,230,80.0,0,vDcInst/idc_units/iq_shed,498.5,505.03,15.13,15.87,1.0,1.0
ring_080104.csv,08:00:45.640,08:01:04.120,232,80.0,0,vDcInst/idc_units/iq_shed,496.81,505.75,15.12,16.12,1.0,1.0
ring_080127.csv,08:01:09.554,08:01:27.874,230,80.0,0,vDcInst/idc_units/iq_shed,526.3,527.03,0.31,0.32,1.0,1.0
ring_080151.csv,08:01:33.129,08:01:51.449,230,80.0,0,vDcInst/idc_units/iq_shed,527.03,528.0,0.3,0.32,1.0,1.0
ring_080215.csv,08:01:56.658,08:02:15.058,231,80.0,0,vDcInst/idc_units/iq_shed,527.75,528.48,0.3,0.32,1.0,1.0
ring_080238.csv,08:02:20.315,08:02:38.635,230,80.0,0,vDcInst/idc_units/iq_shed,528.24,548.79,0.3,1.06,1.0,1.0
ring_080302.csv,08:02:43.908,08:03:02.388,232,80.0,0,vDcInst/idc_units/iq_shed,549.03,549.51,0.42,0.44,1.0,1.0
ring_080326.csv,08:03:07.852,08:03:26.252,231,80.0,0,vDcInst/idc_units/iq_shed,546.13,550.48,0.41,2.55,1.0,1.0
ring_080349.csv,08:03:31.349,08:03:49.749,231,80.0,0,vDcInst/idc_units/iq_shed,546.61,548.3,1.73,2.18,1.0,1.0
ring_080413.csv,08:03:54.974,08:04:13.294,230,80.0,0,vDcInst/idc_units/iq_shed,543.95,546.85,2.21,3.09,1.0,1.0
ring_080436.csv,08:04:18.663,08:04:36.983,230,80.0,0,vDcInst/idc_units/iq_shed,539.84,543.95,3.27,4.53,1.0,1.0
ring_080500.csv,08:04:42.095,08:05:00.495,231,80.0,0,vDcInst/idc_units/iq_shed,526.54,539.84,4.9,9.46,1.0,1.0
ring_080523.csv,08:05:05.737,08:05:23.977,229,80.0,0,vDcInst/idc_units/iq_shed,504.79,526.06,10.12,14.91,1.0,1.0
ring_080547.csv,08:05:29.329,08:05:47.729,231,80.0,0,vDcInst/idc_units/iq_shed,494.63,502.85,15.51,16.52,1.0,1.0
ring_080611.csv,08:05:52.874,08:06:11.194,230,80.0,0,vDcInst/idc_units/iq_shed,494.39,502.13,15.66,16.55,1.0,1.0
ring_080635.csv,08:06:16.466,08:06:35.266,236,80.0,0,vDcInst/idc_units/iq_shed,492.7,501.4,15.87,16.78,1.0,1.0
ring_080658.csv,08:06:40.475,08:06:58.795,230,80.0,0,vDcInst/idc_units/iq_shed,493.42,502.13,15.87,16.94,1.0,1.0
ring_080722.csv,08:07:04.036,08:07:22.356,230,80.0,0,vDcInst/idc_units/iq_shed,493.91,502.37,16.03,16.9,1.0,1.0
ring_080745.csv,08:07:27.549,08:07:45.949,231,80.0,0,vDcInst/idc_units/iq_shed,492.7,500.68,16.29,17.17,1.0,1.0
ring_080809.csv,08:07:51.221,08:08:09.541,230,80.0,0,vDcInst/idc_units/iq_shed,493.42,501.64,16.27,17.14,1.0,1.0
ring_080833.csv,08:08:14.766,08:08:33.086,230,80.0,0,vDcInst/idc_units/iq_shed,493.67,500.68,16.31,17.17,1.0,1.0
ring_080856.csv,08:08:38.375,08:08:56.695,230,80.0,0,vDcInst/idc_units/iq_shed,493.91,502.13,16.29,17.16,1.0,1.0
ring_080920.csv,08:09:01.953,08:09:20.273,230,80.0,0,vDcInst/idc_units/iq_shed,494.87,500.92,16.56,17.13,1.0,1.0
ring_080943.csv,08:09:25.528,08:09:43.848,230,80.0,0,vDcInst/idc_units/iq_shed,493.18,501.64,16.55,17.45,1.0,1.0
ring_081008.csv,08:09:49.089,08:10:08.129,239,80.0,0,vDcInst/idc_units/iq_shed,493.91,500.19,16.81,17.4,1.0,1.0
ring_081031.csv,08:10:13.578,08:10:31.898,230,80.0,0,vDcInst/idc_units/iq_shed,494.15,500.19,16.79,17.41,1.0,1.0
ring_081055.csv,08:10:37.074,08:10:55.314,229,80.0,0,vDcInst/idc_units/iq_shed,492.94,501.16,16.82,17.72,1.0,1.0
ring_081118.csv,08:11:00.539,08:11:18.859,230,80.0,0,vDcInst/idc_units/iq_shed,494.15,501.89,16.76,17.65,1.0,1.0
ring_081142.csv,08:11:24.228,08:11:42.468,229,80.0,0,vDcInst/idc_units/iq_shed,494.63,501.16,17.05,17.68,1.0,1.0
ring_081207.csv,08:11:48.700,08:12:07.020,230,80.0,0,vDcInst/idc_units/iq_shed,492.46,501.64,17.06,17.97,1.0,1.0
ring_081230.csv,08:12:12.165,08:12:30.485,230,80.0,0,vDcInst/idc_units/iq_shed,493.91,501.89,17.05,17.98,1.0,1.0
ring_081253.csv,08:12:35.742,08:12:53.982,229,80.0,0,vDcInst/idc_units/iq_shed,493.18,501.16,17.13,18.03,1.0,1.0
ring_081317.csv,08:12:59.366,08:13:17.686,230,80.0,0,vDcInst/idc_units/iq_shed,492.7,500.92,17.34,18.28,1.0,1.0
ring_081341.csv,08:13:22.959,08:13:41.199,229,80.0,0,vDcInst/idc_units/iq_shed,492.7,501.16,17.36,18.3,1.0,1.0
ring_081404.csv,08:13:46.408,08:14:04.648,229,80.0,0,vDcInst/idc_units/iq_shed,492.94,500.92,17.36,18.27,1.0,1.0
ring_081428.csv,08:14:10.081,08:14:28.401,230,80.0,0,vDcInst/idc_units/iq_shed,493.42,499.47,17.65,18.29,1.0,1.0
ring_081451.csv,08:14:33.626,08:14:51.866,229,80.0,0,vDcInst/idc_units/iq_shed,493.18,499.95,17.6,18.52,1.0,1.0
ring_081515.csv,08:14:57.202,08:15:15.522,230,80.0,0,vDcInst/idc_units/iq_shed,492.21,500.43,17.55,18.52,1.0,1.0
ring_081540.csv,08:15:20.747,08:15:40.027,242,80.0,0,vDcInst/idc_units/iq_shed,491.97,500.19,17.58,18.52,1.0,1.0
ring_081603.csv,08:15:45.460,08:16:03.780,230,80.0,0,vDcInst/idc_units/iq_shed,491.97,500.19,17.59,18.53,1.0,1.0
ring_081627.csv,08:16:09.069,08:16:27.389,230,80.0,0,vDcInst/idc_units/iq_shed,492.21,500.19,17.58,18.51,1.0,1.0
ring_081651.csv,08:16:32.693,08:16:51.013,230,80.0,0,vDcInst/idc_units/iq_shed,492.7,500.92,17.54,18.49,1.0,1.0
ring_081714.csv,08:16:56.350,08:17:14.670,230,80.0,0,vDcInst/idc_units/iq_shed,491.73,500.68,17.79,18.75,1.0,1.0
ring_081738.csv,08:17:19.911,08:17:38.231,230,80.0,0,vDcInst/idc_units/iq_shed,302.43,476.5,2.21,6.9,0.167,1.0
ring_081801.csv,08:17:43.488,08:18:01.728,229,80.0,0,vDcInst/idc_units/iq_shed,469.49,481.58,2.28,2.63,1.0,1.0
ring_081825.csv,08:18:07.033,08:18:25.353,230,80.0,0,vDcInst/idc_units/iq_shed,470.7,480.61,2.34,3.06,1.0,1.0
ring_081848.csv,08:18:30.609,08:18:48.849,229,80.0,0,vDcInst/idc_units/iq_shed,470.7,542.98,2.77,5.01,1.0,1.0
ring_081913.csv,08:18:54.186,08:19:13.466,242,80.0,0,vDcInst/idc_units/iq_shed,541.29,545.64,3.18,4.32,1.0,1.0
ring_081938.csv,08:19:18.882,08:19:38.322,244,80.0,0,vDcInst/idc_units/iq_shed,532.59,542.02,4.63,8.27,1.0,1.0
ring_082002.csv,08:19:44.123,08:20:02.363,229,80.0,0,vDcInst/idc_units/iq_shed,519.05,531.86,9.17,13.1,1.0,1.0
ring_082026.csv,08:20:07.763,08:20:26.003,229,80.0,0,vDcInst/idc_units/iq_shed,496.32,515.18,14.49,18.45,1.0,1.0
ring_082049.csv,08:20:31.324,08:20:49.644,230,80.0,0,vDcInst/idc_units/iq_shed,494.15,498.98,18.29,18.71,1.0,1.0
ring_082113.csv,08:20:54.949,08:21:13.269,230,80.0,0,vDcInst/idc_units/iq_shed,491.73,499.23,18.26,19.14,1.0,1.0
ring_082136.csv,08:21:18.478,08:21:36.958,232,80.0,0,vDcInst/idc_units/iq_shed,487.38,499.23,18.26,19.15,1.0,1.0
ring_082200.csv,08:21:42.102,08:22:00.342,229,80.0,0,vDcInst/idc_units/iq_shed,484.96,499.47,17.43,19.32,1.0,1.0
ring_082223.csv,08:22:05.647,08:22:23.967,230,80.0,0,vDcInst/idc_units/iq_shed,485.2,501.64,17.34,19.21,1.0,1.0
ring_082248.csv,08:22:29.192,08:22:48.552,243,80.0,0,vDcInst/idc_units/iq_shed,484.72,499.71,17.14,19.38,1.0,1.0
ring_082312.csv,08:22:54.416,08:23:12.656,229,80.0,0,vDcInst/idc_units/iq_shed,487.14,499.71,18.4,19.85,1.0,1.0
ring_082336.csv,08:23:18.025,08:23:36.265,229,80.0,0,vDcInst/idc_units/iq_shed,490.04,499.95,18.47,19.99,1.0,1.0
ring_082400.csv,08:23:41.553,08:24:00.033,232,80.0,0,vDcInst/idc_units/iq_shed,491.49,499.23,18.95,19.98,1.0,1.0
ring_082423.csv,08:24:05.194,08:24:23.434,229,80.0,0,vDcInst/idc_units/iq_shed,499.47,502.37,0.2,0.22,1.0,1.0
ring_082447.csv,08:24:28.771,08:24:47.091,230,80.0,0,vDcInst/idc_units/iq_shed,502.85,504.3,0.2,0.22,1.0,1.0
ring_082510.csv,08:24:52.332,08:25:10.572,229,80.0,0,vDcInst/idc_units/iq_shed,504.54,506.0,0.2,0.21,1.0,1.0
ring_082534.csv,08:25:15.940,08:25:34.180,229,80.0,0,vDcInst/idc_units/iq_shed,506.24,506.72,0.19,0.21,1.0,1.0
ring_082557.csv,08:25:39.373,08:25:57.853,232,80.0,0,vDcInst/idc_units/iq_shed,549.03,549.51,0.41,0.43,1.0,1.0
ring_082621.csv,08:26:02.981,08:26:21.301,230,80.0,0,vDcInst/idc_units/iq_shed,546.61,550.96,0.4,2.31,1.0,1.0
ring_082645.csv,08:26:26.589,08:26:45.949,243,80.0,0,vDcInst/idc_units/iq_shed,546.61,548.54,1.75,2.22,1.0,1.0
ring_082710.csv,08:26:51.718,08:27:10.038,230,80.0,0,vDcInst/idc_units/iq_shed,544.19,547.58,2.32,3.19,1.0,1.0
ring_082733.csv,08:27:15.359,08:27:33.599,229,80.0,0,vDcInst/idc_units/iq_shed,541.05,544.92,3.41,4.79,1.0,1.0
ring_082758.csv,08:27:38.887,08:27:58.327,244,80.0,0,vDcInst/idc_units/iq_shed,530.65,540.81,5.21,9.5,1.0,1.0
ring_082823.csv,08:28:05.135,08:28:23.375,229,80.0,0,vDcInst/idc_units/iq_shed,513.01,528.24,10.76,15.59,1.0,1.0
ring_082847.csv,08:28:28.519,08:28:47.799,242,80.0,0,vDcInst/idc_units/iq_shed,488.83,507.93,17.29,20.86,1.0,1.0
ring_082911.csv,08:28:53.584,08:29:11.904,230,80.0,0,vDcInst/idc_units/iq_shed,487.86,497.78,19.78,21.07,1.0,1.0
ring_082935.csv,08:29:17.208,08:29:35.528,230,80.0,0,vDcInst/idc_units/iq_shed,488.59,496.32,20.08,21.03,1.0,1.0
ring_082959.csv,08:29:40.833,08:29:59.153,230,80.0,0,vDcInst/idc_units/iq_shed,489.56,497.05,20.03,20.95,1.0,1.0
ring_083022.csv,08:30:04.378,08:30:22.698,230,80.0,0,vDcInst/idc_units/iq_shed,487.86,497.78,19.99,21.26,1.0,1.0
ring_083046.csv,08:30:27.922,08:30:46.162,229,80.0,0,vDcInst/idc_units/iq_shed,488.1,496.32,20.31,21.21,1.0,1.0
ring_083109.csv,08:30:51.467,08:31:09.787,230,80.0,0,vDcInst/idc_units/iq_shed,488.83,496.57,20.27,21.22,1.0,1.0
ring_083134.csv,08:31:16.099,08:31:34.419,230,80.0,0,vDcInst/idc_units/iq_shed,487.14,496.57,20.27,21.3,1.0,1.0
ring_083158.csv,08:31:39.835,08:31:58.075,229,80.0,0,vDcInst/idc_units/iq_shed,487.86,496.08,20.28,21.2,1.0,1.0
ring_083221.csv,08:32:03.396,08:32:21.716,230,80.0,0,vDcInst/idc_units/iq_shed,488.59,496.08,20.26,21.2,1.0,1.0
ring_083246.csv,08:32:28.028,08:32:46.268,229,80.0,0,vDcInst/idc_units/iq_shed,486.41,496.08,20.26,21.55,1.0,1.0
ring_083309.csv,08:32:51.413,08:33:09.733,230,80.0,0,vDcInst/idc_units/iq_shed,486.41,494.63,20.62,21.55,1.0,1.0
ring_083333.csv,08:33:14.989,08:33:33.309,230,80.0,0,vDcInst/idc_units/iq_shed,487.14,495.36,20.61,21.52,1.0,1.0
ring_083356.csv,08:33:38.534,08:33:56.774,229,80.0,0,vDcInst/idc_units/iq_shed,486.65,495.36,20.56,21.84,1.0,1.0
ring_083420.csv,08:34:02.126,08:34:20.366,229,80.0,0,vDcInst/idc_units/iq_shed,484.24,494.63,20.96,22.18,1.0,1.0
ring_083445.csv,08:34:25.590,08:34:45.990,256,80.0,0,vDcInst/idc_units/iq_shed,485.93,494.39,20.92,22.18,1.0,1.0
ring_083509.csv,08:34:51.663,08:35:09.983,230,80.0,0,vDcInst/idc_units/iq_shed,484.96,493.42,21.24,22.14,1.0,1.0
ring_083533.csv,08:35:15.223,08:35:33.543,230,80.0,0,vDcInst/idc_units/iq_shed,486.41,493.67,21.25,22.19,1.0,1.0
ring_083558.csv,08:35:38.784,08:35:58.144,243,80.0,0,vDcInst/idc_units/iq_shed,486.41,493.42,21.31,22.22,1.0,1.0
ring_083622.csv,08:36:03.896,08:36:22.216,230,80.0,0,vDcInst/idc_units/iq_shed,485.93,492.94,21.38,22.29,1.0,1.0
ring_083646.csv,08:36:28.528,08:36:46.848,230,80.0,0,vDcInst/idc_units/iq_shed,486.17,493.67,21.36,22.54,1.0,1.0
ring_083710.csv,08:36:52.281,08:37:10.521,229,80.0,0,vDcInst/idc_units/iq_shed,484.72,493.67,21.35,22.61,1.0,1.0
ring_083734.csv,08:37:15.857,08:37:34.177,230,80.0,0,vDcInst/idc_units/iq_shed,483.75,491.73,21.76,22.66,1.0,1.0
ring_083757.csv,08:37:39.386,08:37:57.706,230,80.0,0,vDcInst/idc_units/iq_shed,485.2,492.46,21.68,22.57,1.0,1.0
ring_083821.csv,08:38:02.978,08:38:21.298,230,80.0,0,vDcInst/idc_units/iq_shed,484.0,492.7,21.69,22.77,1.0,1.0
ring_083844.csv,08:38:26.507,08:38:44.827,230,80.0,0,vDcInst/idc_units/iq_shed,483.51,492.94,21.69,22.91,1.0,1.0
ring_083908.csv,08:38:50.116,08:39:08.516,231,80.0,0,vDcInst/idc_units/iq_shed,483.27,493.18,21.71,22.89,1.0,1.0
ring_083932.csv,08:39:13.708,08:39:32.028,230,80.0,0,vDcInst/idc_units/iq_shed,484.0,490.28,22.0,22.86,1.0,1.0
ring_083955.csv,08:39:37.205,08:39:55.605,231,80.0,0,vDcInst/idc_units/iq_shed,485.45,490.04,21.71,22.32,1.0,1.0
ring_084019.csv,08:40:00.845,08:40:19.085,229,80.0,0,vDcInst/idc_units/iq_shed,478.19,491.25,19.53,22.1,1.0,1.0
ring_084042.csv,08:40:24.342,08:40:42.742,231,80.0,0,vDcInst/idc_units/iq_shed,379.8,493.18,15.55,20.01,0.608,1.0
ring_084107.csv,08:40:47.982,08:41:07.262,242,80.0,0,vDcInst/idc_units/iq_shed,478.92,499.23,15.41,16.38,1.0,1.0
ring_084131.csv,08:41:13.062,08:41:31.382,230,80.0,0,vDcInst/idc_units/iq_shed,472.63,491.97,13.9,15.81,1.0,1.0
ring_084155.csv,08:41:36.687,08:41:55.007,230,80.0,0,vDcInst/idc_units/iq_shed,475.05,502.61,11.82,13.97,1.0,1.0
ring_084218.csv,08:42:00.263,08:42:18.503,229,80.0,0,vDcInst/idc_units/iq_shed,479.89,500.19,12.09,16.16,1.0,1.0
ring_084242.csv,08:42:23.776,08:42:42.096,230,80.0,0,vDcInst/idc_units/iq_shed,475.29,502.13,13.18,15.43,1.0,1.0
ring_084306.csv,08:42:47.432,08:43:06.312,237,80.0,0,vDcInst/idc_units/iq_shed,444.35,504.54,13.01,16.81,1.0,1.0
ring_084330.csv,08:43:11.889,08:43:30.209,230,80.0,0,vDcInst/idc_units/iq_shed,352.48,505.27,9.98,14.28,0.452,1.0
ring_084353.csv,08:43:35.305,08:43:53.625,230,80.0,0,vDcInst/idc_units/iq_shed,504.54,513.73,10.68,11.12,1.0,1.0
ring_084417.csv,08:43:58.962,08:44:17.202,229,80.0,0,vDcInst/idc_units/iq_shed,519.05,522.43,10.21,11.17,1.0,1.0
ring_084440.csv,08:44:22.410,08:44:40.650,229,80.0,0,vDcInst/idc_units/iq_shed,522.68,529.45,10.89,11.25,1.0,1.0
ring_084505.csv,08:44:46.083,08:45:05.443,243,80.0,0,vDcInst/idc_units/iq_shed,526.3,529.2,11.21,11.59,1.0,1.0
ring_084529.csv,08:45:11.163,08:45:29.483,230,80.0,0,vDcInst/idc_units/iq_shed,524.61,528.24,11.55,11.79,1.0,1.0
ring_084554.csv,08:45:34.787,08:45:54.147,243,80.0,0,vDcInst/idc_units/iq_shed,523.16,525.82,11.92,12.17,1.0,1.0
ring_084619.csv,08:45:59.931,08:46:19.851,250,80.0,0,vDcInst/idc_units/iq_shed,522.68,525.34,12.09,12.52,1.0,1.0
ring_084643.csv,08:46:25.491,08:46:43.811,230,80.0,0,vDcInst/idc_units/iq_shed,521.71,524.13,12.43,12.69,1.0,1.0
ring_084707.csv,08:46:49.068,08:47:07.468,231,80.0,0,vDcInst/idc_units/iq_shed,521.47,523.64,12.8,13.06,1.0,1.0
ring_084731.csv,08:47:13.668,08:47:31.988,230,80.0,0,vDcInst/idc_units/iq_shed,520.02,523.4,13.0,13.25,1.0,1.0
ring_084756.csv,08:47:37.532,08:47:56.812,242,80.0,0,vDcInst/idc_units/iq_shed,519.05,521.95,13.38,13.66,1.0,1.0
ring_084820.csv,08:48:02.517,08:48:20.757,229,80.0,0,vDcInst/idc_units/iq_shed,517.84,521.23,13.6,14.03,1.0,1.0
ring_084844.csv,08:48:26.157,08:48:44.397,229,80.0,0,vDcInst/idc_units/iq_shed,517.12,520.5,13.99,14.27,1.0,1.0
ring_084909.csv,08:48:49.765,08:49:09.045,242,80.0,0,vDcInst/idc_units/iq_shed,515.67,519.05,14.22,14.71,1.0,1.0
ring_084932.csv,08:49:14.446,08:49:32.766,230,80.0,0,vDcInst/idc_units/iq_shed,514.21,517.84,14.67,14.96,1.0,1.0
ring_084957.csv,08:49:38.054,08:49:57.414,243,80.0,0,vDcInst/idc_units/iq_shed,513.25,516.15,15.15,15.44,1.0,1.0
ring_085021.csv,08:50:03.134,08:50:21.534,231,80.0,0,vDcInst/idc_units/iq_shed,512.28,515.42,15.39,15.68,1.0,1.0
ring_085045.csv,08:50:26.839,08:50:45.079,229,80.0,0,vDcInst/idc_units/iq_shed,510.59,513.73,15.89,16.2,1.0,1.0
ring_085108.csv,08:50:50.367,08:51:08.607,229,80.0,0,vDcInst/idc_units/iq_shed,509.38,512.52,16.15,16.7,1.0,1.0
ring_085132.csv,08:51:13.912,08:51:32.232,230,80.0,0,vDcInst/idc_units/iq_shed,508.41,511.56,16.66,16.99,1.0,1.0
ring_085156.csv,08:51:37.504,08:51:56.864,243,80.0,0,vDcInst/idc_units/iq_shed,507.45,510.59,17.14,17.52,1.0,1.0
ring_085220.csv,08:52:02.552,08:52:20.872,230,80.0,0,vDcInst/idc_units/iq_shed,506.0,509.62,17.47,17.81,1.0,1.0
ring_085244.csv,08:52:26.241,08:52:44.641,231,80.0,0,vDcInst/idc_units/iq_shed,504.3,508.17,18.03,18.4,1.0,1.0
ring_085308.csv,08:52:49.769,08:53:08.009,229,80.0,0,vDcInst/idc_units/iq_shed,503.34,506.96,18.33,18.69,1.0,1.0
ring_085331.csv,08:53:13.330,08:53:31.650,230,80.0,0,vDcInst/idc_units/iq_shed,500.92,504.79,18.95,19.34,1.0,1.0
ring_085355.csv,08:53:37.370,08:53:55.690,230,80.0,0,vDcInst/idc_units/iq_shed,498.98,503.58,19.27,19.93,1.0,1.0
ring_085419.csv,08:54:00.835,08:54:19.155,230,80.0,0,vDcInst/idc_units/iq_shed,498.5,501.89,19.87,20.27,1.0,1.0
ring_085443.csv,08:54:24.443,08:54:43.803,243,80.0,0,vDcInst/idc_units/iq_shed,495.84,499.95,20.19,20.91,1.0,1.0
ring_085507.csv,08:54:49.523,08:55:07.843,230,80.0,0,vDcInst/idc_units/iq_shed,495.12,498.98,20.81,21.24,1.0,1.0
ring_085531.csv,08:55:13.148,08:55:31.388,229,80.0,0,vDcInst/idc_units/iq_shed,492.94,497.05,21.48,21.9,1.0,1.0
ring_085556.csv,08:55:37.700,08:55:56.100,231,80.0,0,vDcInst/idc_units/iq_shed,490.52,494.87,21.83,22.27,1.0,1.0
ring_085619.csv,08:56:01.468,08:56:19.788,230,80.0,0,vDcInst/idc_units/iq_shed,488.1,492.7,22.52,22.97,1.0,1.0
ring_085643.csv,08:56:24.997,08:56:43.397,231,80.0,0,vDcInst/idc_units/iq_shed,485.93,490.52,22.89,23.65,1.0,1.0
ring_085706.csv,08:56:48.589,08:57:06.909,230,80.0,0,vDcInst/idc_units/iq_shed,482.54,487.38,23.62,24.12,1.0,1.0
ring_085730.csv,08:57:12.182,08:57:30.422,229,80.0,0,vDcInst/idc_units/iq_shed,479.16,484.72,24.04,24.87,1.0,1.0
ring_085754.csv,08:57:35.694,08:57:54.014,230,80.0,0,vDcInst/idc_units/iq_shed,476.5,481.82,24.56,25.22,1.0,1.0
ring_085817.csv,08:57:59.351,08:58:17.591,229,80.0,0,vDcInst/idc_units/iq_shed,475.05,481.58,24.94,25.87,1.0,1.0
ring_085841.csv,08:58:22.752,08:58:41.072,230,80.0,0,vDcInst/idc_units/iq_shed,474.57,483.51,24.64,25.94,1.0,1.0
ring_085905.csv,08:58:46.392,08:59:05.272,237,80.0,0,vDcInst/idc_units/iq_shed,475.78,481.34,24.93,25.92,1.0,1.0
ring_085928.csv,08:59:10.448,08:59:28.768,230,80.0,0,vDcInst/idc_units/iq_shed,471.67,481.58,24.94,26.33,1.0,1.0
ring_085952.csv,08:59:33.881,08:59:52.121,229,80.0,0,vDcInst/idc_units/iq_shed,474.57,482.3,24.94,26.28,1.0,1.0
ring_090015.csv,08:59:57.554,09:00:15.794,229,80.0,0,vDcInst/idc_units/iq_shed,473.12,481.82,25.27,26.61,1.0,1.0
ring_090039.csv,09:00:20.986,09:00:39.306,230,80.0,0,vDcInst/idc_units/iq_shed,473.12,480.61,25.6,26.57,1.0,1.0
ring_090104.csv,09:00:44.579,09:01:04.019,244,80.0,0,vDcInst/idc_units/iq_shed,473.6,480.61,25.58,26.64,1.0,1.0
ring_090127.csv,09:01:09.723,09:01:27.963,229,80.0,0,vDcInst/idc_units/iq_shed,473.36,480.37,25.61,26.64,1.0,1.0
ring_090152.csv,09:01:33.427,09:01:52.707,242,80.0,0,vDcInst/idc_units/iq_shed,473.12,479.4,25.62,26.66,1.0,1.0
ring_090218.csv,09:01:59.115,09:02:18.075,238,80.0,0,vDcInst/idc_units/iq_shed,473.6,479.89,25.33,26.33,1.0,1.0
ring_090241.csv,09:02:23.428,09:02:41.668,229,80.0,0,vDcInst/idc_units/iq_shed,471.91,480.37,25.32,26.72,1.0,1.0
ring_090305.csv,09:02:46.860,09:03:05.180,230,80.0,0,vDcInst/idc_units/iq_shed,469.25,479.4,25.69,27.07,1.0,1.0
ring_090328.csv,09:03:10.357,09:03:28.677,230,80.0,0,vDcInst/idc_units/iq_shed,470.94,479.89,25.68,27.01,1.0,1.0
ring_090352.csv,09:03:33.949,09:03:52.269,230,80.0,0,vDcInst/idc_units/iq_shed,441.45,477.71,23.75,27.47,1.0,1.0
ring_090415.csv,09:03:57.558,09:04:15.878,230,80.0,0,vDcInst/idc_units/iq_shed,471.42,492.7,21.27,25.83,1.0,1.0
ring_090439.csv,09:04:21.118,09:04:39.358,229,80.0,0,vDcInst/idc_units/iq_shed,453.05,479.16,24.51,25.68,1.0,1.0
ring_090502.csv,09:04:44.695,09:05:02.935,229,80.0,0,vDcInst/idc_units/iq_shed,405.91,484.96,18.74,24.22,0.783,1.0
ring_090526.csv,09:05:08.271,09:05:26.591,230,80.0,0,vDcInst/idc_units/iq_shed,465.86,494.87,18.51,19.79,1.0,1.0
ring_090550.csv,09:05:31.752,09:05:50.072,230,80.0,0,vDcInst/idc_units/iq_shed,486.65,501.16,18.06,19.53,1.0,1.0
ring_090613.csv,09:05:55.376,09:06:13.696,230,80.0,0,vDcInst/idc_units/iq_shed,498.26,504.54,18.97,19.57,1.0,1.0
ring_090637.csv,09:06:18.937,09:06:37.177,229,80.0,0,vDcInst/idc_units/iq_shed,499.95,504.06,19.52,20.18,1.0,1.0
ring_090700.csv,09:06:42.449,09:07:00.769,230,80.0,0,vDcInst/idc_units/iq_shed,498.74,502.61,20.09,20.49,1.0,1.0
ring_090724.csv,09:07:06.122,09:07:24.442,230,80.0,0,vDcInst/idc_units/iq_shed,498.02,501.4,20.69,21.08,1.0,1.0
ring_090747.csv,09:07:29.651,09:07:47.891,229,80.0,0,vDcInst/idc_units/iq_shed,496.81,500.92,21.0,21.41,1.0,1.0
ring_090812.csv,09:07:53.211,09:08:12.571,243,80.0,0,vDcInst/idc_units/iq_shed,495.6,499.23,21.62,22.0,1.0,1.0
ring_090836.csv,09:08:18.323,09:08:36.643,230,80.0,0,vDcInst/idc_units/iq_shed,494.39,497.78,21.92,22.51,1.0,1.0
ring_090900.csv,09:08:42.491,09:09:00.731,229,80.0,0,vDcInst/idc_units/iq_shed,492.21,498.26,22.59,23.02,1.0,1.0
ring_090924.csv,09:09:05.956,09:09:24.836,237,80.0,0,vDcInst/idc_units/iq_shed,491.25,494.87,22.95,23.66,1.0,1.0
ring_090948.csv,09:09:30.284,09:09:48.604,230,80.0,0,vDcInst/idc_units/iq_shed,490.52,493.91,23.57,23.99,1.0,1.0
ring_091012.csv,09:09:53.829,09:10:12.149,230,80.0,0,vDcInst/idc_units/iq_shed,489.07,492.7,24.22,24.66,1.0,1.0
ring_091035.csv,09:10:17.357,09:10:35.757,231,80.0,0,vDcInst/idc_units/iq_shed,488.1,491.73,24.57,25.01,1.0,1.0
ring_091059.csv,09:10:40.917,09:10:59.237,230,80.0,0,vDcInst/idc_units/iq_shed,486.17,490.04,25.25,25.71,1.0,1.0
ring_091122.csv,09:11:04.574,09:11:22.814,229,80.0,0,vDcInst/idc_units/iq_shed,484.0,488.1,25.66,26.14,1.0,1.0
ring_091146.csv,09:11:28.150,09:11:46.470,230,80.0,0,vDcInst/idc_units/iq_shed,478.92,484.96,26.4,26.96,1.0,1.0
ring_091211.csv,09:11:51.679,09:12:11.039,243,80.0,0,vDcInst/idc_units/iq_shed,473.12,480.61,26.61,27.78,1.0,1.0
ring_091235.csv,09:12:16.807,09:12:35.127,230,80.0,0,vDcInst/idc_units/iq_shed,469.97,477.95,27.29,28.24,1.0,1.0
ring_091258.csv,09:12:40.432,09:12:58.752,230,80.0,0,vDcInst/idc_units/iq_shed,458.85,476.5,25.98,28.74,1.0,1.0
ring_091322.csv,09:13:03.976,09:13:22.216,229,80.0,0,vDcInst/idc_units/iq_shed,436.85,474.32,24.57,26.82,0.984,1.0
ring_091345.csv,09:13:27.537,09:13:45.857,230,80.0,0,vDcInst/idc_units/iq_shed,479.89,485.45,18.81,19.2,1.0,1.0
ring_091409.csv,09:13:51.033,09:14:09.353,230,80.0,0,vDcInst/idc_units/iq_shed,482.3,500.92,17.38,19.48,1.0,1.0
ring_091434.csv,09:14:14.657,09:14:34.497,249,80.0,0,vDcInst/idc_units/iq_shed,501.89,506.48,17.33,19.34,1.0,1.0
ring_091458.csv,09:14:40.169,09:14:58.489,230,80.0,0,vDcInst/idc_units/iq_shed,499.71,505.75,19.03,19.95,1.0,1.0
ring_091522.csv,09:15:03.794,09:15:22.034,229,80.0,0,vDcInst/idc_units/iq_shed,497.05,502.85,19.9,20.36,1.0,1.0
ring_091545.csv,09:15:27.339,09:15:45.659,230,80.0,0,vDcInst/idc_units/iq_shed,485.45,502.85,19.14,21.03,1.0,1.0
ring_091610.csv,09:15:50.851,09:16:10.131,242,80.0,0,vDcInst/idc_units/iq_shed,495.6,501.16,20.61,21.23,1.0,1.0
ring_091633.csv,09:16:15.483,09:16:33.803,230,80.0,0,vDcInst/idc_units/iq_shed,496.08,498.98,21.43,21.81,1.0,1.0
ring_091657.csv,09:16:39.252,09:16:57.492,229,80.0,0,vDcInst/idc_units/iq_shed,497.53,501.16,21.67,22.07,1.0,1.0
ring_091721.csv,09:17:02.780,09:17:21.100,230,80.0,0,vDcInst/idc_units/iq_shed,496.57,499.95,22.25,22.69,1.0,1.0
ring_091745.csv,09:17:26.420,09:17:45.700,242,80.0,0,vDcInst/idc_units/iq_shed,497.05,500.68,22.53,23.24,1.0,1.0
ring_091809.csv,09:17:51.437,09:18:09.757,230,80.0,0,vDcInst/idc_units/iq_shed,493.67,498.74,23.21,23.67,1.0,1.0
ring_091833.csv,09:18:15.061,09:18:33.381,230,80.0,0,vDcInst/idc_units/iq_shed,488.59,495.36,23.92,24.43,1.0,1.0
ring_091857.csv,09:18:38.717,09:18:57.117,231,80.0,0,vDcInst/idc_units/iq_shed,464.65,485.69,23.24,25.51,1.0,1.0
ring_091921.csv,09:19:02.230,09:19:21.590,243,80.0,0,vDcInst/idc_units/iq_shed,477.47,496.08,21.35,25.67,1.0,1.0
ring_091945.csv,09:19:27.294,09:19:45.614,230,80.0,0,vDcInst/idc_units/iq_shed,476.26,483.27,25.67,26.22,1.0,1.0
ring_092009.csv,09:19:50.918,09:20:09.318,231,80.0,0,vDcInst/idc_units/iq_shed,475.78,485.45,25.68,26.76,1.0,1.0
ring_092033.csv,09:20:14.991,09:20:33.311,230,80.0,0,vDcInst/idc_units/iq_shed,484.96,488.83,26.39,27.07,1.0,1.0
ring_092056.csv,09:20:38.487,09:20:56.727,229,80.0,0,vDcInst/idc_units/iq_shed,476.02,485.93,26.81,27.83,1.0,1.0
ring_092120.csv,09:21:02.032,09:21:20.352,230,80.0,0,vDcInst/idc_units/iq_shed,466.59,481.34,25.79,28.16,1.0,1.0
ring_092143.csv,09:21:25.640,09:21:43.960,230,80.0,0,vDcInst/idc_units/iq_shed,472.87,483.27,26.74,28.74,1.0,1.0
ring_092207.csv,09:21:49.201,09:22:07.521,230,80.0,0,vDcInst/idc_units/iq_shed,474.57,479.16,28.98,29.51,1.0,1.0
ring_092230.csv,09:22:12.729,09:22:30.969,229,80.0,0,vDcInst/idc_units/iq_shed,471.18,476.98,29.39,29.89,1.0,1.0
ring_092255.csv,09:22:36.273,09:22:55.633,243,80.0,0,vDcInst/idc_units/iq_shed,467.8,472.39,29.6,29.89,1.0,1.0
ring_092319.csv,09:23:01.338,09:23:19.738,231,80.0,0,vDcInst/idc_units/iq_shed,465.14,471.18,29.58,29.9,1.0,1.0
ring_092343.csv,09:23:24.994,09:23:43.314,230,80.0,0,vDcInst/idc_units/iq_shed,469.73,478.43,27.69,29.89,1.0,1.0
ring_092406.csv,09:23:48.635,09:24:06.955,230,80.0,0,vDcInst/idc_units/iq_shed,469.49,476.26,29.56,29.92,1.0,1.0
ring_092431.csv,09:24:12.179,09:24:31.539,243,80.0,0,vDcInst/idc_units/iq_shed,367.71,487.86,15.48,26.59,0.558,1.0
ring_092455.csv,09:24:37.275,09:24:55.595,230,80.0,0,vDcInst/idc_units/iq_shed,484.72,491.25,11.8,12.11,1.0,1.0
ring_092519.csv,09:25:00.884,09:25:19.204,230,80.0,0,vDcInst/idc_units/iq_shed,481.09,485.69,12.14,12.57,1.0,1.0
ring_092543.csv,09:25:24.508,09:25:43.788,242,80.0,0,vDcInst/idc_units/iq_shed,477.47,482.79,12.49,12.84,1.0,1.0
ring_092607.csv,09:25:49.556,09:26:07.876,230,80.0,0,vDcInst/idc_units/iq_shed,475.78,480.85,12.6,13.05,1.0,1.0
ring_092631.csv,09:26:13.164,09:26:31.484,230,80.0,0,vDcInst/idc_units/iq_shed,476.26,482.79,12.22,12.87,1.0,1.0
ring_092655.csv,09:26:36.741,09:26:55.061,230,80.0,0,vDcInst/idc_units/iq_shed,476.98,484.24,11.94,12.66,1.0,1.0
ring_092718.csv,09:27:00.365,09:27:18.685,230,80.0,0,vDcInst/idc_units/iq_shed,477.71,484.48,12.01,12.64,1.0,1.0
ring_092742.csv,09:27:23.910,09:27:42.230,230,80.0,0,vDcInst/idc_units/iq_shed,477.47,508.41,10.3,12.72,1.0,1.0
ring_092805.csv,09:27:47.470,09:28:05.710,229,80.0,0,vDcInst/idc_units/iq_shed,519.53,529.45,9.28,11.13,1.0,1.0
ring_092829.csv,09:28:11.015,09:28:29.335,230,80.0,0,vDcInst/idc_units/iq_shed,515.18,523.89,12.01,14.06,1.0,1.0
ring_092852.csv,09:28:34.543,09:28:52.863,230,80.0,0,vDcInst/idc_units/iq_shed,486.9,515.91,12.35,14.31,1.0,1.0
ring_092916.csv,09:28:58.183,09:29:16.503,230,80.0,0,vDcInst/idc_units/iq_shed,473.36,510.83,12.27,15.28,1.0,1.0
ring_092940.csv,09:29:21.712,09:29:40.032,230,80.0,0,vDcInst/idc_units/iq_shed,475.29,509.62,12.98,15.38,1.0,1.0
ring_093003.csv,09:29:45.256,09:30:03.576,230,80.0,0,vDcInst/idc_units/iq_shed,481.34,501.64,11.26,12.72,1.0,1.0
ring_093027.csv,09:30:08.881,09:30:27.201,230,80.0,0,vDcInst/idc_units/iq_shed,477.47,484.72,11.73,12.35,1.0,1.0
ring_093050.csv,09:30:32.425,09:30:50.745,230,80.0,0,vDcInst/idc_units/iq_shed,479.4,486.9,11.54,12.16,1.0,1.0
ring_093114.csv,09:30:55.922,09:31:14.242,230,80.0,0,vDcInst/idc_units/iq_shed,479.16,486.65,11.58,12.21,1.0,1.0
ring_093137.csv,09:31:19.578,09:31:37.898,230,80.0,0,vDcInst/idc_units/iq_shed,479.64,488.1,11.38,12.2,1.0,1.0
ring_093201.csv,09:31:43.138,09:32:01.458,230,80.0,0,vDcInst/idc_units/iq_shed,480.37,489.31,11.37,12.2,1.0,1.0
ring_093224.csv,09:32:06.715,09:32:24.955,229,80.0,0,vDcInst/idc_units/iq_shed,478.43,489.07,11.54,12.66,1.0,1.0
ring_093249.csv,09:32:30.259,09:32:49.139,237,80.0,0,vDcInst/idc_units/iq_shed,480.61,489.56,11.62,12.61,1.0,1.0
ring_093312.csv,09:32:54.619,09:33:12.939,230,80.0,0,vDcInst/idc_units/iq_shed,482.06,488.35,11.81,12.41,1.0,1.0
ring_093336.csv,09:33:18.132,09:33:36.452,230,80.0,0,vDcInst/idc_units/iq_shed,482.54,489.56,11.62,12.21,1.0,1.0
ring_093400.csv,09:33:41.692,09:34:00.012,230,80.0,0,vDcInst/idc_units/iq_shed,482.06,489.31,11.61,12.23,1.0,1.0
ring_093424.csv,09:34:06.196,09:34:24.516,230,80.0,0,vDcInst/idc_units/iq_shed,483.03,527.51,9.01,12.22,1.0,1.0
ring_093449.csv,09:34:30.684,09:34:49.004,230,80.0,0,vDcInst/idc_units/iq_shed,524.37,531.86,9.21,12.97,1.0,1.0
ring_093513.csv,09:34:54.372,09:35:13.252,237,80.0,0,vDcInst/idc_units/iq_shed,510.59,524.85,14.37,20.51,1.0,1.0
ring_093536.csv,09:35:18.509,09:35:36.749,229,80.0,0,vDcInst/idc_units/iq_shed,508.17,511.8,20.79,21.15,1.0,1.0
ring_093600.csv,09:35:41.925,09:36:00.325,231,80.0,0,vDcInst/idc_units/iq_shed,506.96,510.35,21.33,21.71,1.0,1.0
ring_093624.csv,09:36:05.501,09:36:24.861,243,80.0,0,vDcInst/idc_units/iq_shed,502.61,509.38,21.65,22.16,1.0,1.0
ring_093651.csv,09:36:31.618,09:36:51.058,244,80.0,0,vDcInst/idc_units/iq_shed,386.32,510.83,15.93,22.25,0.67,1.0
ring_093714.csv,09:36:56.602,09:37:14.922,230,80.0,0,vDcInst/idc_units/iq_shed,510.1,520.74,15.94,16.23,1.0,1.0
ring_093738.csv,09:37:20.275,09:37:38.515,229,80.0,0,vDcInst/idc_units/iq_shed,515.91,519.29,16.2,16.52,1.0,1.0
ring_093803.csv,09:37:43.866,09:38:03.786,250,80.0,0,vDcInst/idc_units/iq_shed,514.94,518.08,16.72,17.04,1.0,1.0
ring_093827.csv,09:38:09.347,09:38:27.667,230,80.0,0,vDcInst/idc_units/iq_shed,512.76,516.63,17.0,17.56,1.0,1.0
ring_093851.csv,09:38:32.875,09:38:51.195,230,80.0,0,vDcInst/idc_units/iq_shed,503.82,513.73,17.57,18.07,1.0,1.0
ring_093914.csv,09:38:56.548,09:39:14.788,229,80.0,0,vDcInst/idc_units/iq_shed,479.89,500.92,15.85,18.03,1.0,1.0
ring_093938.csv,09:39:20.028,09:39:38.268,229,80.0,0,vDcInst/idc_units/iq_shed,440.96,483.75,13.12,16.47,1.0,1.0
ring_094002.csv,09:39:44.564,09:40:02.964,231,80.0,0,vDcInst/idc_units/iq_shed,491.25,521.23,10.08,11.16,1.0,1.0
ring_094026.csv,09:40:08.380,09:40:26.620,229,80.0,0,vDcInst/idc_units/iq_shed,474.81,488.1,10.1,11.29,1.0,1.0
ring_094050.csv,09:40:31.941,09:40:50.181,229,80.0,0,vDcInst/idc_units/iq_shed,477.71,484.96,10.29,10.91,1.0,1.0
ring_094113.csv,09:40:55.485,09:41:13.805,230,80.0,0,vDcInst/idc_units/iq_shed,470.46,484.72,10.33,11.86,1.0,1.0
ring_094137.csv,09:41:19.014,09:41:37.254,229,80.0,0,vDcInst/idc_units/iq_shed,479.64,487.38,9.89,10.53,1.0,1.0
ring_094200.csv,09:41:42.590,09:42:00.830,229,80.0,0,vDcInst/idc_units/iq_shed,480.61,487.86,9.87,10.53,1.0,1.0
ring_094224.csv,09:42:06.150,09:42:24.470,230,80.0,0,vDcInst/idc_units/iq_shed,481.09,488.1,9.84,10.37,1.0,1.0
ring_094248.csv,09:42:29.663,09:42:48.543,237,80.0,0,vDcInst/idc_units/iq_shed,481.34,487.86,9.84,10.36,1.0,1.0
ring_094312.csv,09:42:53.719,09:43:12.039,230,80.0,0,vDcInst/idc_units/iq_shed,482.54,489.07,9.8,10.19,1.0,1.0
ring_094335.csv,09:43:17.248,09:43:35.488,229,80.0,0,vDcInst/idc_units/iq_shed,481.82,490.28,9.67,10.32,1.0,1.0
ring_094359.csv,09:43:40.744,09:43:59.064,230,80.0,0,vDcInst/idc_units/iq_shed,482.3,490.28,9.79,10.47,1.0,1.0
ring_094422.csv,09:44:04.336,09:44:22.736,231,80.0,0,vDcInst/idc_units/iq_shed,482.79,491.97,9.9,10.62,1.0,1.0
ring_094446.csv,09:44:27.849,09:44:46.089,229,80.0,0,vDcInst/idc_units/iq_shed,483.51,493.67,9.91,10.75,1.0,1.0
ring_094509.csv,09:44:51.441,09:45:09.681,229,80.0,0,vDcInst/idc_units/iq_shed,482.3,492.94,10.16,11.1,1.0,1.0
ring_094534.csv,09:45:15.002,09:45:34.362,243,80.0,0,vDcInst/idc_units/iq_shed,486.41,516.87,10.1,11.67,1.0,1.0
ring_094558.csv,09:45:40.050,09:45:58.370,230,80.0,0,vDcInst/idc_units/iq_shed,530.9,537.42,9.62,12.77,1.0,1.0
ring_094622.csv,09:46:03.754,09:46:22.074,230,80.0,0,vDcInst/idc_units/iq_shed,515.42,529.69,14.16,19.97,1.0,1.0
ring_094645.csv,09:46:27.314,09:46:45.554,229,80.0,0,vDcInst/idc_units/iq_shed,480.37,511.8,21.99,27.66,1.0,1.0
ring_094709.csv,09:46:50.875,09:47:09.115,229,80.0,0,vDcInst/idc_units/iq_shed,346.68,510.35,8.21,18.13,0.436,1.0
ring_094732.csv,09:47:14.371,09:47:32.691,230,80.0,0,vDcInst/idc_units/iq_shed,512.76,520.26,7.44,8.76,1.0,1.0
ring_094756.csv,09:47:37.884,09:47:56.204,230,80.0,0,vDcInst/idc_units/iq_shed,510.1,520.26,7.62,9.04,1.0,1.0
ring_094820.csv,09:48:02.516,09:48:20.756,229,80.0,0,vDcInst/idc_units/iq_shed,521.47,538.15,7.69,8.94,1.0,1.0
ring_094844.csv,09:48:25.836,09:48:44.156,230,80.0,0,vDcInst/idc_units/iq_shed,534.04,537.67,8.85,9.23,1.0,1.0
ring_094907.csv,09:48:49.445,09:49:07.685,229,80.0,0,vDcInst/idc_units/iq_shed,533.8,537.18,9.19,9.42,1.0,1.0
ring_094932.csv,09:49:12.989,09:49:32.429,244,80.0,0,vDcInst/idc_units/iq_shed,526.54,535.25,7.93,9.57,1.0,1.0
ring_094957.csv,09:49:38.084,09:49:57.444,243,80.0,0,vDcInst/idc_units/iq_shed,526.79,535.49,7.98,9.91,1.0,1.0
ring_095021.csv,09:50:02.861,09:50:21.181,230,80.0,0,vDcInst/idc_units/iq_shed,527.03,532.59,9.62,10.19,1.0,1.0
ring_095044.csv,09:50:26.453,09:50:44.773,230,80.0,0,vDcInst/idc_units/iq_shed,526.79,532.59,9.92,10.36,1.0,1.0
ring_095108.csv,09:50:49.982,09:51:08.222,229,80.0,0,vDcInst/idc_units/iq_shed,523.4,527.03,9.36,10.76,1.0,1.0
ring_095131.csv,09:51:13.606,09:51:31.846,229,80.0,0,vDcInst/idc_units/iq_shed,511.8,523.89,10.35,11.21,1.0,1.0
ring_095156.csv,09:51:37.134,09:51:56.014,237,80.0,0,vDcInst/idc_units/iq_shed,494.15,510.83,10.2,11.5,1.0,1.0
ring_095219.csv,09:52:01.127,09:52:19.527,231,80.0,0,vDcInst/idc_units/iq_shed,514.7,528.48,8.71,10.47,1.0,1.0
ring_095242.csv,09:52:24.655,09:52:42.975,230,80.0,0,vDcInst/idc_units/iq_shed,515.18,521.23,11.59,11.9,1.0,1.0
ring_095306.csv,09:52:48.136,09:53:06.456,230,80.0,0,vDcInst/idc_units/iq_shed,506.96,515.67,11.84,12.22,1.0,1.0
ring_095330.csv,09:53:11.712,09:53:30.032,230,80.0,0,vDcInst/idc_units/iq_shed,516.15,519.53,11.99,12.38,1.0,1.0
ring_095353.csv,09:53:35.368,09:53:53.688,230,80.0,0,vDcInst/idc_units/iq_shed,498.02,513.97,11.71,13.14,1.0,1.0
ring_095417.csv,09:53:58.865,09:54:17.185,230,80.0,0,vDcInst/idc_units/iq_shed,510.59,527.51,11.67,12.79,1.0,1.0
ring_095440.csv,09:54:22.313,09:54:40.553,229,80.0,0,vDcInst/idc_units/iq_shed,522.92,525.58,12.92,13.17,1.0,1.0
ring_095504.csv,09:54:45.970,09:55:04.290,230,80.0,0,vDcInst/idc_units/iq_shed,522.19,525.09,13.13,13.57,1.0,1.0
ring_095527.csv,09:55:09.530,09:55:27.770,229,80.0,0,vDcInst/idc_units/iq_shed,521.47,524.37,13.53,13.8,1.0,1.0
ring_095551.csv,09:55:33.058,09:55:51.458,231,80.0,0,vDcInst/idc_units/iq_shed,520.5,523.4,13.76,14.23,1.0,1.0
ring_095614.csv,09:55:56.571,09:56:14.811,229,80.0,0,vDcInst/idc_units/iq_shed,519.29,522.43,14.19,14.47,1.0,1.0
ring_095638.csv,09:56:20.019,09:56:38.339,230,80.0,0,vDcInst/idc_units/iq_shed,517.84,520.74,14.53,14.94,1.0,1.0
ring_095702.csv,09:56:43.756,09:57:02.076,230,80.0,0,vDcInst/idc_units/iq_shed,516.39,519.78,14.9,15.2,1.0,1.0
ring_095725.csv,09:57:07.284,09:57:25.604,230,80.0,0,vDcInst/idc_units/iq_shed,513.97,517.84,15.41,15.71,1.0,1.0
ring_095749.csv,09:57:30.828,09:57:49.068,229,80.0,0,vDcInst/idc_units/iq_shed,505.27,514.46,15.51,16.15,1.0,1.0
ring_095812.csv,09:57:54.341,09:58:12.741,231,80.0,0,vDcInst/idc_units/iq_shed,496.32,512.76,14.25,16.34,1.0,1.0
ring_095836.csv,09:58:17.853,09:58:36.173,230,80.0,0,vDcInst/idc_units/iq_shed,498.74,508.41,16.52,17.04,1.0,1.0
ring_095859.csv,09:58:41.478,09:58:59.798,230,80.0,0,vDcInst/idc_units/iq_shed,509.86,513.97,16.76,17.27,1.0,1.0
ring_095923.csv,09:59:04.974,09:59:23.214,229,80.0,0,vDcInst/idc_units/iq_shed,509.62,513.01,17.2,17.76,1.0,1.0
ring_095946.csv,09:59:28.535,09:59:46.775,229,80.0,0,vDcInst/idc_units/iq_shed,507.93,511.31,17.77,18.15,1.0,1.0
ring_100010.csv,09:59:52.015,10:00:10.415,231,80.0,0,vDcInst/idc_units/iq_shed,507.45,510.59,18.05,18.67,1.0,1.0
ring_100033.csv,10:00:15.639,10:00:33.879,229,80.0,0,vDcInst/idc_units/iq_shed,502.37,507.69,18.46,19.11,1.0,1.0
ring_100058.csv,10:00:39.168,10:00:58.448,242,80.0,0,vDcInst/idc_units/iq_shed,503.82,507.45,19.05,19.61,1.0,1.0
ring_100122.csv,10:01:03.848,10:01:22.168,230,80.0,0,vDcInst/idc_units/iq_shed,472.15,506.72,18.8,20.03,1.0,1.0
ring_100145.csv,10:01:27.568,10:01:45.808,229,80.0,0,vDcInst/idc_units/iq_shed,442.65,477.95,12.81,15.79,1.0,1.0
ring_100209.csv,10:01:51.081,10:02:09.481,231,80.0,0,vDcInst/idc_units/iq_shed,475.05,496.81,11.89,14.16,1.0,1.0
ring_100232.csv,10:02:14.577,10:02:32.897,230,80.0,0,vDcInst/idc_units/iq_shed,494.63,511.07,11.4,14.05,1.0,1.0
ring_100256.csv,10:02:38.201,10:02:56.521,230,80.0,0,vDcInst/idc_units/iq_shed,498.74,506.72,13.29,15.65,1.0,1.0
ring_100320.csv,10:03:01.698,10:03:20.098,231,80.0,0,vDcInst/idc_units/iq_shed,483.27,500.92,15.31,16.41,1.0,1.0
ring_100343.csv,10:03:25.290,10:03:43.530,229,80.0,0,vDcInst/idc_units/iq_shed,502.85,519.05,13.41,16.02,1.0,1.0
ring_100407.csv,10:03:48.867,10:04:07.107,229,80.0,0,vDcInst/idc_units/iq_shed,510.35,514.21,16.06,16.39,1.0,1.0
ring_100431.csv,10:04:12.379,10:04:31.739,243,80.0,0,vDcInst/idc_units/iq_shed,487.38,509.38,14.38,16.77,1.0,1.0
ring_100455.csv,10:04:37.443,10:04:55.683,229,80.0,0,vDcInst/idc_units/iq_shed,476.98,513.73,14.32,18.14,1.0,1.0
ring_100519.csv,10:05:01.099,10:05:19.419,230,80.0,0,vDcInst/idc_units/iq_shed,507.2,513.73,15.33,17.74,1.0,1.0
ring_100542.csv,10:05:24.756,10:05:42.996,229,80.0,0,vDcInst/idc_units/iq_shed,504.3,509.14,17.69,18.06,1.0,1.0
ring_100606.csv,10:05:48.188,10:06:06.508,230,80.0,0,vDcInst/idc_units/iq_shed,503.58,509.14,17.98,18.6,1.0,1.0
ring_100630.csv,10:06:11.812,10:06:30.132,230,80.0,0,vDcInst/idc_units/iq_shed,501.64,506.48,18.41,18.91,1.0,1.0
ring_100654.csv,10:06:35.356,10:06:54.636,242,80.0,0,vDcInst/idc_units/iq_shed,486.9,501.16,18.29,19.74,1.0,1.0
ring_100718.csv,10:07:00.005,10:07:18.325,230,80.0,0,vDcInst/idc_units/iq_shed,492.94,507.93,16.73,20.06,1.0,1.0
ring_100741.csv,10:07:23.661,10:07:41.981,230,80.0,0,vDcInst/idc_units/iq_shed,498.98,502.85,20.01,20.44,1.0,1.0
ring_100806.csv,10:07:47.205,10:08:06.565,243,80.0,0,vDcInst/idc_units/iq_shed,493.67,501.89,20.38,20.92,1.0,1.0
ring_100830.csv,10:08:12.349,10:08:30.669,230,80.0,0,vDcInst/idc_units/iq_shed,498.02,502.13,20.87,21.32,1.0,1.0
ring_100854.csv,10:08:36.038,10:08:54.278,229,80.0,0,vDcInst/idc_units/iq_shed,497.29,500.68,21.51,21.93,1.0,1.0
ring_100917.csv,10:08:59.454,10:09:17.774,230,80.0,0,vDcInst/idc_units/iq_shed,495.12,498.74,21.89,22.56,1.0,1.0
ring_100941.csv,10:09:23.063,10:09:41.383,230,80.0,0,vDcInst/idc_units/iq_shed,491.97,495.6,22.59,22.97,1.0,1.0
ring_101004.csv,10:09:46.591,10:10:04.831,229,80.0,0,vDcInst/idc_units/iq_shed,493.91,497.29,22.86,23.54,1.0,1.0
ring_101029.csv,10:10:10.119,10:10:29.399,242,80.0,0,vDcInst/idc_units/iq_shed,492.7,496.32,23.46,23.88,1.0,1.0
ring_101053.csv,10:10:34.783,10:10:53.183,231,80.0,0,vDcInst/idc_units/iq_shed,487.38,493.42,23.98,24.68,1.0,1.0
ring_101116.csv,10:10:58.472,10:11:16.872,231,80.0,0,vDcInst/idc_units/iq_shed,471.42,490.04,23.29,24.93,1.0,1.0
ring_101140.csv,10:11:22.048,10:11:40.368,230,80.0,0,vDcInst/idc_units/iq_shed,324.19,481.58,3.18,25.78,0.266,1.0
ring_101204.csv,10:11:46.568,10:12:04.888,230,80.0,0,vDcInst/idc_units/iq_shed,436.13,457.89,5.29,9.85,0.98,1.0
ring_101228.csv,10:12:09.953,10:12:28.273,230,80.0,0,vDcInst/idc_units/iq_shed,422.35,458.37,5.47,9.58,0.894,1.0
ring_101251.csv,10:12:33.465,10:12:51.865,231,80.0,0,vDcInst/idc_units/iq_shed,403.01,440.48,2.78,4.22,0.777,0.997
ring_101315.csv,10:12:57.073,10:13:15.313,229,80.0,0,vDcInst/idc_units/iq_shed,418.72,530.41,2.12,5.22,0.863,1.0
ring_101338.csv,10:13:20.618,10:13:38.938,230,80.0,0,vDcInst/idc_units/iq_shed,524.13,528.96,2.65,2.85,1.0,1.0
ring_101403.csv,10:13:44.130,10:14:03.570,244,80.0,0,vDcInst/idc_units/iq_shed,521.71,524.61,2.79,2.92,1.0,1.0
ring_101427.csv,10:14:09.258,10:14:27.578,230,80.0,0,vDcInst/idc_units/iq_shed,523.89,526.54,2.83,2.97,1.0,1.0
ring_101452.csv,10:14:34.050,10:14:52.370,230,80.0,0,vDcInst/idc_units/iq_shed,526.54,534.04,2.79,3.0,1.0,1.0
ring_101515.csv,10:14:57.626,10:15:15.946,230,80.0,0,vDcInst/idc_units/iq_shed,532.59,534.52,2.97,3.06,1.0,1.0
ring_101539.csv,10:15:21.219,10:15:39.539,230,80.0,0,vDcInst/idc_units/iq_shed,532.1,534.04,3.0,3.11,1.0,1.0
ring_101603.csv,10:15:44.843,10:16:03.163,230,80.0,0,vDcInst/idc_units/iq_shed,531.14,533.07,3.09,3.17,1.0,1.0
ring_101626.csv,10:16:08.356,10:16:26.676,230,80.0,0,vDcInst/idc_units/iq_shed,528.24,532.59,2.84,3.22,1.0,1.0
ring_101650.csv,10:16:31.948,10:16:50.268,230,80.0,0,vDcInst/idc_units/iq_shed,529.93,534.76,0.41,3.28,1.0,1.0
ring_101713.csv,10:16:55.460,10:17:13.780,230,80.0,0,vDcInst/idc_units/iq_shed,534.04,534.76,0.41,0.43,1.0,1.0
ring_101737.csv,10:17:19.069,10:17:37.309,229,80.0,0,vDcInst/idc_units/iq_shed,527.51,533.8,0.39,0.42,1.0,1.0
ring_101800.csv,10:17:42.613,10:18:00.853,229,80.0,0,vDcInst/idc_units/iq_shed,528.0,528.48,0.39,0.41,1.0,1.0
ring_101824.csv,10:18:06.158,10:18:24.558,231,80.0,0,vDcInst/idc_units/iq_shed,524.13,529.2,0.39,2.25,1.0,1.0
ring_101848.csv,10:18:29.766,10:18:48.086,230,80.0,0,vDcInst/idc_units/iq_shed,354.65,524.85,1.13,2.22,1.0,1.0
ring_101913.csv,10:18:53.262,10:19:13.262,251,80.0,0,vDcInst/idc_units/iq_shed,372.54,492.7,1.58,1.97,1.0,1.0
ring_101937.csv,10:19:18.902,10:19:37.142,229,80.0,0,vDcInst/idc_units/iq_shed,455.71,493.67,1.57,1.7,1.0,1.0
ring_102000.csv,10:19:42.495,10:20:00.815,230,80.0,0,vDcInst/idc_units/iq_shed,359.25,438.79,1.73,1.98,1.0,1.0
ring_102024.csv,10:20:05.927,10:20:24.327,231,80.0,0,vDcInst/idc_units/iq_shed,530.41,538.39,1.72,1.95,1.0,1.0
ring_102047.csv,10:20:29.487,10:20:47.727,229,80.0,0,vDcInst/idc_units/iq_shed,530.41,538.15,1.97,2.67,1.0,1.0
ring_102111.csv,10:20:53.016,10:21:11.336,230,80.0,0,vDcInst/idc_units/iq_shed,528.24,535.49,2.86,3.36,1.0,1.0
ring_102134.csv,10:21:16.608,10:21:34.848,229,80.0,0,vDcInst/idc_units/iq_shed,530.17,534.52,3.62,5.09,1.0,1.0
ring_102158.csv,10:21:40.185,10:21:58.985,236,80.0,0,vDcInst/idc_units/iq_shed,522.19,529.69,6.19,10.45,1.0,1.0
ring_102222.csv,10:22:04.161,10:22:22.481,230,80.0,0,vDcInst/idc_units/iq_shed,511.56,522.43,11.45,16.53,1.0,1.0
ring_102245.csv,10:22:27.689,10:22:45.929,229,80.0,0,vDcInst/idc_units/iq_shed,493.91,508.41,18.24,25.04,1.0,1.0
ring_102309.csv,10:22:51.202,10:23:09.522,230,80.0,0,vDcInst/idc_units/iq_shed,481.82,489.56,27.37,29.71,1.0,1.0
ring_102333.csv,10:23:15.738,10:23:33.978,229,80.0,0,vDcInst/idc_units/iq_shed,481.34,484.48,29.18,29.75,1.0,1.0
ring_102357.csv,10:23:39.218,10:23:57.458,229,80.0,0,vDcInst/idc_units/iq_shed,481.09,484.24,29.4,29.75,1.0,1.0
ring_102420.csv,10:24:02.651,10:24:20.971,230,80.0,0,vDcInst/idc_units/iq_shed,480.61,484.24,29.36,29.79,1.0,1.0
ring_102444.csv,10:24:26.291,10:24:44.531,229,80.0,0,vDcInst/idc_units/iq_shed,480.13,483.03,29.39,29.78,1.0,1.0
ring_102508.csv,10:24:49.724,10:25:08.044,230,80.0,0,vDcInst/idc_units/iq_shed,480.85,483.75,29.52,29.78,1.0,1.0
ring_102531.csv,10:25:13.332,10:25:31.732,231,80.0,0,vDcInst/idc_units/iq_shed,481.09,484.0,29.52,29.77,1.0,1.0
ring_102556.csv,10:25:37.852,10:25:56.172,230,80.0,0,vDcInst/idc_units/iq_shed,480.37,483.51,29.44,29.81,1.0,1.0
ring_102619.csv,10:26:01.269,10:26:19.589,230,80.0,0,vDcInst/idc_units/iq_shed,480.37,483.75,29.31,29.84,1.0,1.0
ring_102643.csv,10:26:24.797,10:26:43.037,229,80.0,0,vDcInst/idc_units/iq_shed,478.19,482.54,29.61,29.89,1.0,1.0
ring_102707.csv,10:26:48.373,10:27:07.173,236,80.0,0,vDcInst/idc_units/iq_shed,477.23,481.34,29.56,29.87,1.0,1.0
ring_102731.csv,10:27:13.325,10:27:31.645,230,80.0,0,vDcInst/idc_units/iq_shed,477.71,481.34,29.61,29.85,1.0,1.0
ring_102755.csv,10:27:36.942,10:27:55.182,229,80.0,0,vDcInst/idc_units/iq_shed,477.71,481.34,29.63,29.87,1.0,1.0
ring_102818.csv,10:28:01.711,10:28:18.911,216,80.0,0,vDcInst/idc_units/iq_shed,476.98,481.58,29.61,29.93,1.0,1.0
ring_102844.csv,10:28:24.964,10:28:44.164,241,80.0,0,vDcInst/idc_units/iq_shed,475.29,478.92,29.67,29.87,1.0,1.0
ring_102908.csv,10:28:49.676,10:29:08.956,242,80.0,0,vDcInst/idc_units/iq_shed,473.84,477.47,29.65,29.87,1.0,1.0
ring_103012.csv,10:29:52.165,10:30:12.245,252,80.0,0,vDcInst/idc_units/iq_shed,528.24,529.45,0.5,0.52,1.0,1.0
ring_103036.csv,10:30:18.189,10:30:36.509,230,80.0,0,vDcInst/idc_units/iq_shed,525.09,528.0,1.82,2.31,1.0,1.0
ring_103100.csv,10:30:41.702,10:31:00.022,230,80.0,0,vDcInst/idc_units/iq_shed,523.64,526.3,2.02,2.59,1.0,1.0
ring_103123.csv,10:31:05.214,10:31:23.454,229,80.0,0,vDcInst/idc_units/iq_shed,520.5,523.89,2.77,3.81,1.0,1.0
ring_103147.csv,10:31:28.791,10:31:47.031,229,80.0,0,vDcInst/idc_units/iq_shed,514.94,520.26,4.1,5.73,1.0,1.0
ring_103211.csv,10:31:52.351,10:32:11.711,243,80.0,0,vDcInst/idc_units/iq_shed,504.3,512.28,7.87,11.61,1.0,1.0
ring_103235.csv,10:32:17.415,10:32:35.735,230,80.0,0,vDcInst/idc_units/iq_shed,484.96,502.13,12.94,18.78,1.0,1.0
ring_103259.csv,10:32:41.119,10:32:59.439,230,80.0,0,vDcInst/idc_units/iq_shed,456.68,480.13,20.67,25.71,1.0,1.0
ring_103322.csv,10:33:04.600,10:33:22.920,230,80.0,0,vDcInst/idc_units/iq_shed,453.05,463.93,24.68,26.83,1.0,1.0
ring_103346.csv,10:33:28.160,10:33:46.480,230,80.0,0,vDcInst/idc_units/iq_shed,454.26,466.59,24.26,26.62,1.0,1.0
ring_103410.csv,10:33:51.785,10:34:10.665,237,80.0,0,vDcInst/idc_units/iq_shed,456.92,468.04,24.48,26.54,1.0,1.0
ring_103435.csv,10:34:15.889,10:34:35.169,242,80.0,0,vDcInst/idc_units/iq_shed,457.4,469.49,24.13,26.34,1.0,1.0
ring_103459.csv,10:34:40.713,10:34:59.033,230,80.0,0,vDcInst/idc_units/iq_shed,456.19,468.52,24.16,26.49,1.0,1.0
ring_103522.csv,10:35:04.449,10:35:22.769,230,80.0,0,vDcInst/idc_units/iq_shed,453.53,469.25,24.44,26.85,1.0,1.0
ring_103546.csv,10:35:28.074,10:35:46.314,229,80.0,0,vDcInst/idc_units/iq_shed,451.84,471.18,22.6,25.46,1.0,1.0
ring_103609.csv,10:35:51.666,10:36:09.906,229,80.0,0,vDcInst/idc_units/iq_shed,454.98,472.63,21.41,23.9,1.0,1.0
ring_103633.csv,10:36:15.098,10:36:33.418,230,80.0,0,vDcInst/idc_units/iq_shed,461.75,471.91,21.13,22.74,1.0,1.0
ring_103658.csv,10:36:38.690,10:36:58.130,244,80.0,0,vDcInst/idc_units/iq_shed,459.09,469.49,20.92,22.55,1.0,1.0
ring_103722.csv,10:37:03.883,10:37:22.203,230,80.0,0,vDcInst/idc_units/iq_shed,463.45,471.91,20.53,21.45,1.0,1.0
ring_103745.csv,10:37:27.379,10:37:45.699,230,80.0,0,vDcInst/idc_units/iq_shed,466.35,472.63,20.12,21.13,1.0,1.0
ring_103809.csv,10:37:50.971,10:38:09.211,229,80.0,0,vDcInst/idc_units/iq_shed,464.41,475.53,19.86,21.39,1.0,1.0
ring_103832.csv,10:38:14.628,10:38:32.948,230,80.0,0,vDcInst/idc_units/iq_shed,466.1,475.53,19.84,21.31,1.0,1.0
ring_103856.csv,10:38:38.124,10:38:56.444,230,80.0,0,vDcInst/idc_units/iq_shed,464.65,475.53,20.18,21.6,1.0,1.0
ring_103919.csv,10:39:01.637,10:39:19.957,230,80.0,0,vDcInst/idc_units/iq_shed,467.8,475.05,20.4,21.28,1.0,1.0
ring_103943.csv,10:39:25.293,10:39:43.533,229,80.0,0,vDcInst/idc_units/iq_shed,468.04,476.26,20.07,21.22,1.0,1.0
ring_104007.csv,10:39:48.805,10:40:07.045,229,80.0,0,vDcInst/idc_units/iq_shed,469.97,476.74,20.07,20.88,1.0,1.0
ring_104031.csv,10:40:12.349,10:40:31.709,243,80.0,0,vDcInst/idc_units/iq_shed,470.21,477.23,20.02,20.88,1.0,1.0
ring_104055.csv,10:40:37.430,10:40:55.750,230,80.0,0,vDcInst/idc_units/iq_shed,470.46,477.23,19.75,20.66,1.0,1.0
ring_104119.csv,10:41:01.070,10:41:19.310,229,80.0,0,vDcInst/idc_units/iq_shed,470.46,478.92,19.44,20.6,1.0,1.0
ring_104143.csv,10:41:24.695,10:41:43.015,230,80.0,0,vDcInst/idc_units/iq_shed,471.18,477.71,19.73,20.56,1.0,1.0
ring_104206.csv,10:41:48.175,10:42:06.495,230,80.0,0,vDcInst/idc_units/iq_shed,470.94,479.64,19.68,20.84,1.0,1.0
ring_104230.csv,10:42:11.815,10:42:30.055,229,80.0,0,vDcInst/idc_units/iq_shed,471.91,479.64,19.99,20.82,1.0,1.0
ring_104253.csv,10:42:35.376,10:42:53.696,230,80.0,0,vDcInst/idc_units/iq_shed,467.31,481.82,19.61,21.82,1.0,1.0
ring_104317.csv,10:42:58.856,10:43:17.176,230,80.0,0,vDcInst/idc_units/iq_shed,470.7,481.58,19.89,21.42,1.0,1.0
ring_104341.csv,10:43:22.464,10:43:41.424,238,80.0,0,vDcInst/idc_units/iq_shed,472.87,479.4,20.17,21.04,1.0,1.0
ring_104406.csv,10:43:47.989,10:44:06.229,229,80.0,0,vDcInst/idc_units/iq_shed,469.25,482.06,19.27,20.63,1.0,1.0
ring_104429.csv,10:44:11.598,10:44:29.838,229,80.0,0,vDcInst/idc_units/iq_shed,473.84,482.79,18.69,19.94,1.0,1.0
ring_104453.csv,10:44:35.158,10:44:53.478,230,80.0,0,vDcInst/idc_units/iq_shed,475.53,480.85,19.01,19.64,1.0,1.0
ring_104517.csv,10:44:58.766,10:45:17.086,230,80.0,0,vDcInst/idc_units/iq_shed,467.07,480.37,17.94,19.6,1.0,1.0
ring_104542.csv,10:45:24.374,10:45:42.694,230,80.0,0,vDcInst/idc_units/iq_shed,472.39,480.85,16.97,17.87,1.0,1.0
ring_104606.csv,10:45:47.918,10:46:06.238,230,80.0,0,vDcInst/idc_units/iq_shed,475.78,481.09,16.19,17.03,1.0,1.0
ring_104630.csv,10:46:11.463,10:46:30.263,236,80.0,0,vDcInst/idc_units/iq_shed,475.78,481.82,15.74,16.26,1.0,1.0
ring_104653.csv,10:46:35.487,10:46:53.887,231,80.0,0,vDcInst/idc_units/iq_shed,476.98,482.54,15.24,15.76,1.0,1.0
ring_104717.csv,10:46:58.967,10:47:17.287,230,80.0,0,vDcInst/idc_units/iq_shed,477.23,484.96,14.76,15.53,1.0,1.0
ring_104740.csv,10:47:22.576,10:47:40.896,230,80.0,0,vDcInst/idc_units/iq_shed,477.71,483.75,14.79,15.31,1.0,1.0
ring_104804.csv,10:47:46.120,10:48:04.360,229,80.0,0,vDcInst/idc_units/iq_shed,477.47,485.45,14.53,15.32,1.0,1.0
ring_104827.csv,10:48:09.697,10:48:27.937,229,80.0,0,vDcInst/idc_units/iq_shed,477.71,484.96,14.52,15.31,1.0,1.0
ring_104851.csv,10:48:33.225,10:48:51.465,229,80.0,0,vDcInst/idc_units/iq_shed,478.68,486.41,14.48,15.26,1.0,1.0
ring_104915.csv,10:48:56.817,10:49:15.137,230,80.0,0,vDcInst/idc_units/iq_shed,477.71,485.69,14.69,15.5,1.0,1.0
ring_104939.csv,10:49:20.890,10:49:39.130,229,80.0,0,vDcInst/idc_units/iq_shed,478.43,486.9,14.66,15.69,1.0,1.0
ring_105002.csv,10:49:44.338,10:50:02.738,231,80.0,0,vDcInst/idc_units/iq_shed,477.95,485.93,14.9,15.93,1.0,1.0
ring_105026.csv,10:50:07.819,10:50:26.139,230,80.0,0,vDcInst/idc_units/iq_shed,476.98,487.38,15.34,16.39,1.0,1.0
ring_105049.csv,10:50:31.395,10:50:49.715,230,80.0,0,vDcInst/idc_units/iq_shed,476.26,486.65,15.52,17.18,1.0,1.0
ring_105113.csv,10:50:55.035,10:51:13.355,230,80.0,0,vDcInst/idc_units/iq_shed,475.29,487.86,16.2,17.93,1.0,1.0
ring_105136.csv,10:51:18.532,10:51:36.852,230,80.0,0,vDcInst/idc_units/iq_shed,475.78,488.1,17.14,18.73,1.0,1.0
ring_105200.csv,10:51:42.092,10:52:00.412,230,80.0,0,vDcInst/idc_units/iq_shed,472.63,486.65,17.98,20.77,1.0,1.0
ring_105225.csv,10:52:05.668,10:52:25.028,243,80.0,0,vDcInst/idc_units/iq_shed,475.53,486.65,19.35,21.22,1.0,1.0
ring_105249.csv,10:52:30.780,10:52:49.020,229,80.0,0,vDcInst/idc_units/iq_shed,475.53,487.14,19.58,21.46,1.0,1.0
ring_105312.csv,10:52:54.357,10:53:12.757,231,80.0,0,vDcInst/idc_units/iq_shed,471.91,488.35,20.19,22.18,1.0,1.0
ring_105337.csv,10:53:18.477,10:53:37.357,237,80.0,0,vDcInst/idc_units/iq_shed,476.74,484.24,20.57,21.77,1.0,1.0
ring_105403.csv,10:53:43.956,10:54:03.236,242,80.0,0,vDcInst/idc_units/iq_shed,467.31,484.96,20.91,23.94,1.0,1.0
ring_105427.csv,10:54:08.685,10:54:27.005,230,80.0,0,vDcInst/idc_units/iq_shed,472.39,484.48,22.41,24.8,1.0,1.0
ring_105450.csv,10:54:32.309,10:54:50.549,229,80.0,0,vDcInst/idc_units/iq_shed,472.15,486.65,23.24,25.87,1.0,1.0
ring_105514.csv,10:54:55.870,10:55:14.110,229,80.0,0,vDcInst/idc_units/iq_shed,471.67,482.3,24.39,26.0,1.0,1.0
ring_105537.csv,10:55:19.398,10:55:37.718,230,80.0,0,vDcInst/idc_units/iq_shed,468.52,483.75,24.78,27.63,1.0,1.0
ring_105601.csv,10:55:42.974,10:56:01.294,230,80.0,0,vDcInst/idc_units/iq_shed,468.28,484.72,26.25,28.57,1.0,1.0
ring_105624.csv,10:56:06.487,10:56:24.807,230,80.0,0,vDcInst/idc_units/iq_shed,467.56,479.64,27.7,29.76,1.0,1.0
ring_105648.csv,10:56:30.111,10:56:48.351,229,80.0,0,vDcInst/idc_units/iq_shed,470.46,479.89,27.34,28.94,1.0,1.0
ring_105711.csv,10:56:53.623,10:57:11.943,230,80.0,0,vDcInst/idc_units/iq_shed,468.76,479.64,26.77,28.87,1.0,1.0
ring_105736.csv,10:57:17.248,10:57:36.128,237,80.0,0,vDcInst/idc_units/iq_shed,471.67,480.13,27.43,28.79,1.0,1.0
ring_105759.csv,10:57:41.336,10:57:59.656,230,80.0,0,vDcInst/idc_units/iq_shed,470.7,480.85,27.67,29.83,1.0,1.0
ring_105823.csv,10:58:04.721,10:58:23.041,230,80.0,0,vDcInst/idc_units/iq_shed,471.91,477.23,29.61,29.83,1.0,1.0
ring_105846.csv,10:58:28.377,10:58:46.617,229,80.0,0,vDcInst/idc_units/iq_shed,476.98,480.85,29.6,29.88,1.0,1.0
ring_105910.csv,10:58:51.953,10:59:10.273,230,80.0,0,vDcInst/idc_units/iq_shed,478.19,482.06,29.65,29.88,1.0,1.0
ring_105933.csv,10:59:15.482,10:59:33.882,231,80.0,0,vDcInst/idc_units/iq_shed,479.4,483.75,29.37,29.91,1.0,1.0
ring_105957.csv,10:59:39.026,10:59:57.266,229,80.0,0,vDcInst/idc_units/iq_shed,332.9,485.45,4.84,29.84,0.385,1.0
ring_110020.csv,11:00:02.570,11:00:20.810,229,80.0,0,vDcInst/idc_units/iq_shed,454.02,462.96,8.71,10.34,1.0,1.0
ring_110044.csv,11:00:26.131,11:00:44.451,230,80.0,0,vDcInst/idc_units/iq_shed,442.9,459.58,10.4,12.08,1.0,1.0
ring_110107.csv,11:00:49.659,11:01:07.979,230,80.0,0,vDcInst/idc_units/iq_shed,447.25,460.79,10.2,11.54,1.0,1.0
ring_110131.csv,11:01:13.268,11:01:31.588,230,80.0,0,vDcInst/idc_units/iq_shed,451.36,528.72,9.67,11.96,1.0,1.0
ring_110155.csv,11:01:36.828,11:01:55.148,230,80.0,0,vDcInst/idc_units/iq_shed,510.83,523.4,13.05,18.48,1.0,1.0
ring_110218.csv,11:02:00.373,11:02:18.613,229,80.0,0,vDcInst/idc_units/iq_shed,490.76,509.14,20.3,27.6,1.0,1.0
ring_110242.csv,11:02:23.965,11:02:42.285,230,80.0,0,vDcInst/idc_units/iq_shed,482.06,485.93,29.64,29.9,1.0,1.0
ring_110305.csv,11:02:47.478,11:03:05.798,230,80.0,0,vDcInst/idc_units/iq_shed,481.58,484.24,29.63,29.84,1.0,1.0
ring_110330.csv,11:03:12.190,11:03:30.430,229,80.0,0,vDcInst/idc_units/iq_shed,480.37,483.75,29.16,29.9,1.0,1.0
ring_110354.csv,11:03:35.846,11:03:54.166,230,80.0,0,vDcInst/idc_units/iq_shed,477.95,483.51,29.37,29.96,1.0,1.0
ring_110417.csv,11:03:59.486,11:04:17.806,230,80.0,0,vDcInst/idc_units/iq_shed,470.21,478.19,29.06,29.89,1.0,1.0
ring_110442.csv,11:04:24.054,11:04:42.294,229,80.0,0,vDcInst/idc_units/iq_shed,414.61,476.26,28.06,29.86,0.929,1.0
ring_110505.csv,11:04:47.455,11:05:05.695,229,80.0,0,vDcInst/idc_units/iq_shed,460.06,474.32,21.25,23.31,1.0,1.0
ring_110529.csv,11:05:10.935,11:05:29.175,229,80.0,0,vDcInst/idc_units/iq_shed,463.69,476.5,22.66,25.01,1.0,1.0
ring_110553.csv,11:05:34.463,11:05:53.823,243,80.0,0,vDcInst/idc_units/iq_shed,476.26,494.87,20.33,23.86,1.0,1.0
ring_110617.csv,11:05:59.608,11:06:17.928,230,80.0,0,vDcInst/idc_units/iq_shed,465.38,487.62,23.93,28.31,1.0,1.0
ring_110641.csv,11:06:23.248,11:06:41.568,230,80.0,0,vDcInst/idc_units/iq_shed,431.05,461.03,25.99,28.53,1.0,1.0
trip_110705.csv,,,70,80.0,1,vDcInst/idc_units/iq_shed,424.04,460.54,22.77,23.6,1.0,1.0
ring_110726.csv,11:07:07.858,11:07:26.098,229,80.0,0,vDcInst/idc_units/iq_shed,416.79,427.42,0.17,0.19,1.0,1.0
ring_110749.csv,11:07:31.498,11:07:49.738,229,80.0,0,vDcInst/idc_units/iq_shed,435.64,461.75,0.17,0.19,1.0,1.0
ring_110813.csv,11:07:55.059,11:08:13.379,230,80.0,0,vDcInst/idc_units/iq_shed,457.4,465.62,0.17,0.18,1.0,1.0
ring_110837.csv,11:08:18.603,11:08:37.003,231,80.0,0,vDcInst/idc_units/iq_shed,454.26,528.48,0.16,3.34,1.0,1.0
ring_110900.csv,11:08:42.164,11:09:00.644,232,80.0,0,vDcInst/idc_units/iq_shed,525.82,529.69,0.44,2.31,1.0,1.0
ring_110924.csv,11:09:05.756,11:09:24.076,230,80.0,0,vDcInst/idc_units/iq_shed,526.06,527.75,1.78,2.27,1.0,1.0
ring_110947.csv,11:09:29.268,11:09:47.588,230,80.0,0,vDcInst/idc_units/iq_shed,519.53,525.09,2.16,2.87,1.0,1.0
ring_111011.csv,11:09:52.909,11:10:11.229,230,80.0,0,vDcInst/idc_units/iq_shed,514.94,519.78,3.07,4.25,1.0,1.0
ring_111034.csv,11:10:16.437,11:10:34.677,229,80.0,0,vDcInst/idc_units/iq_shed,503.09,514.94,4.6,8.31,1.0,1.0
ring_111058.csv,11:10:39.950,11:10:58.270,230,80.0,0,vDcInst/idc_units/iq_shed,479.89,501.16,9.14,13.39,1.0,1.0
ring_111122.csv,11:11:03.590,11:11:22.950,243,80.0,0,vDcInst/idc_units/iq_shed,471.42,477.23,13.95,14.49,1.0,1.0
ring_111147.csv,11:11:28.622,11:11:47.502,237,80.0,0,vDcInst/idc_units/iq_shed,472.15,477.23,13.71,14.2,1.0,1.0
ring_111212.csv,11:11:52.806,11:12:12.166,243,80.0,0,vDcInst/idc_units/iq_shed,472.87,479.16,13.26,13.97,1.0,1.0
ring_111236.csv,11:12:17.806,11:12:36.046,229,80.0,0,vDcInst/idc_units/iq_shed,473.84,478.92,13.07,13.53,1.0,1.0
ring_111259.csv,11:12:41.399,11:12:59.719,230,80.0,0,vDcInst/idc_units/iq_shed,474.57,479.89,12.83,13.3,1.0,1.0
ring_111323.csv,11:13:04.975,11:13:23.295,230,80.0,0,vDcInst/idc_units/iq_shed,474.57,479.89,12.67,13.12,1.0,1.0
ring_111346.csv,11:13:28.536,11:13:46.856,230,80.0,0,vDcInst/idc_units/iq_shed,475.05,480.61,12.27,12.73,1.0,1.0
ring_111410.csv,11:13:52.160,11:14:10.400,229,80.0,0,vDcInst/idc_units/iq_shed,474.57,481.82,12.09,12.51,1.0,1.0
ring_111433.csv,11:14:15.705,11:14:33.945,229,80.0,0,vDcInst/idc_units/iq_shed,476.02,480.61,11.75,12.16,1.0,1.0
ring_111457.csv,11:14:39.201,11:14:57.521,230,80.0,0,vDcInst/idc_units/iq_shed,476.5,482.3,11.37,11.78,1.0,1.0
ring_111521.csv,11:15:02.809,11:15:21.129,230,80.0,0,vDcInst/idc_units/iq_shed,477.23,482.79,11.01,11.41,1.0,1.0
ring_111545.csv,11:15:26.321,11:15:45.761,244,80.0,0,vDcInst/idc_units/iq_shed,476.5,483.03,10.67,11.08,1.0,1.0
ring_111609.csv,11:15:51.434,11:16:09.754,230,80.0,0,vDcInst/idc_units/iq_shed,478.43,484.96,10.33,10.87,1.0,1.0
ring_111633.csv,11:16:15.058,11:16:33.378,230,80.0,0,vDcInst/idc_units/iq_shed,478.92,484.0,10.18,10.56,1.0,1.0
ring_111657.csv,11:16:38.682,11:16:57.002,230,80.0,0,vDcInst/idc_units/iq_shed,479.4,484.24,9.97,10.39,1.0,1.0
ring_111720.csv,11:17:02.195,11:17:20.515,230,80.0,0,vDcInst/idc_units/iq_shed,480.13,484.96,9.72,10.08,1.0,1.0
ring_111744.csv,11:17:25.707,11:17:44.107,231,80.0,0,vDcInst/idc_units/iq_shed,480.37,484.96,9.45,9.91,1.0,1.0
ring_111807.csv,11:17:49.267,11:18:07.587,230,80.0,0,vDcInst/idc_units/iq_shed,480.85,485.93,9.3,9.65,1.0,1.0
ring_111831.csv,11:18:12.876,11:18:31.276,231,80.0,0,vDcInst/idc_units/iq_shed,480.37,486.41,9.04,9.48,1.0,1.0
ring_111854.csv,11:18:36.388,11:18:54.708,230,80.0,0,vDcInst/idc_units/iq_shed,481.34,486.17,9.0,9.32,1.0,1.0
ring_111918.csv,11:18:59.981,11:19:18.221,229,80.0,0,vDcInst/idc_units/iq_shed,482.06,487.38,8.7,9.06,1.0,1.0
ring_111941.csv,11:19:23.558,11:19:41.958,231,80.0,0,vDcInst/idc_units/iq_shed,481.34,487.38,8.57,9.04,1.0,1.0
ring_112005.csv,11:19:47.102,11:20:05.422,230,80.0,0,vDcInst/idc_units/iq_shed,482.3,487.62,8.42,8.75,1.0,1.0
ring_112029.csv,11:20:10.631,11:20:29.991,243,80.0,0,vDcInst/idc_units/iq_shed,482.3,488.59,8.24,8.74,1.0,1.0
ring_112054.csv,11:20:35.774,11:20:54.094,230,80.0,0,vDcInst/idc_units/iq_shed,483.51,488.35,8.23,8.57,1.0,1.0
ring_112117.csv,11:20:59.350,11:21:17.750,231,80.0,0,vDcInst/idc_units/iq_shed,483.27,488.83,8.07,8.41,1.0,1.0
ring_112141.csv,11:21:22.974,11:21:41.454,232,80.0,0,vDcInst/idc_units/iq_shed,482.79,490.04,7.88,8.41,1.0,1.0
ring_112205.csv,11:21:46.934,11:22:05.254,230,80.0,0,vDcInst/idc_units/iq_shed,483.51,489.07,7.87,8.25,1.0,1.0
ring_112228.csv,11:22:10.448,11:22:28.848,231,80.0,0,vDcInst/idc_units/iq_shed,482.06,491.01,7.64,8.31,1.0,1.0
ring_112252.csv,11:22:34.073,11:22:52.553,232,80.0,0,vDcInst/idc_units/iq_shed,481.09,492.21,7.4,8.32,1.0,1.0
ring_112316.csv,11:22:58.000,11:23:16.320,230,80.0,0,vDcInst/idc_units/iq_shed,483.03,492.46,7.4,8.15,1.0,1.0
ring_112340.csv,11:23:21.577,11:23:40.457,237,80.0,0,vDcInst/idc_units/iq_shed,482.3,493.42,7.25,8.13,1.0,1.0
ring_112404.csv,11:23:45.952,11:24:04.352,231,80.0,0,vDcInst/idc_units/iq_shed,482.54,492.21,7.41,8.13,1.0,1.0
ring_112427.csv,11:24:09.466,11:24:27.946,232,80.0,0,vDcInst/idc_units/iq_shed,482.79,491.49,7.4,8.06,1.0,1.0
ring_112451.csv,11:24:33.394,11:24:51.794,231,80.0,0,vDcInst/idc_units/iq_shed,479.16,496.08,6.87,8.31,1.0,1.0
ring_112515.csv,11:24:57.066,11:25:15.466,231,80.0,0,vDcInst/idc_units/iq_shed,481.58,496.81,6.87,8.23,1.0,1.0
ring_112539.csv,11:25:20.915,11:25:39.235,230,80.0,0,vDcInst/idc_units/iq_shed,481.34,496.57,6.89,8.24,1.0,1.0
ring_112602.csv,11:25:44.490,11:26:02.890,231,80.0,0,vDcInst/idc_units/iq_shed,482.54,497.05,6.92,8.16,1.0,1.0
ring_112626.csv,11:26:08.051,11:26:26.371,230,80.0,0,vDcInst/idc_units/iq_shed,484.96,493.91,7.28,7.96,1.0,1.0
ring_112649.csv,11:26:31.595,11:26:49.915,230,80.0,0,vDcInst/idc_units/iq_shed,481.58,497.29,7.03,8.24,1.0,1.0
ring_112713.csv,11:26:55.139,11:27:13.539,231,80.0,0,vDcInst/idc_units/iq_shed,481.09,497.53,6.9,8.32,1.0,1.0
ring_112736.csv,11:27:18.652,11:27:36.972,230,80.0,0,vDcInst/idc_units/iq_shed,481.34,493.91,7.38,8.3,1.0,1.0
ring_112800.csv,11:27:42.213,11:28:00.613,231,80.0,0,vDcInst/idc_units/iq_shed,484.0,496.32,7.16,8.22,1.0,1.0
ring_112824.csv,11:28:05.740,11:28:24.060,230,80.0,0,vDcInst/idc_units/iq_shed,484.48,497.53,7.11,8.22,1.0,1.0
ring_112847.csv,11:28:29.365,11:28:47.685,230,80.0,0,vDcInst/idc_units/iq_shed,485.69,498.74,7.06,8.21,1.0,1.0
ring_112911.csv,11:28:52.877,11:29:11.277,231,80.0,0,vDcInst/idc_units/iq_shed,487.38,495.6,7.55,8.18,1.0,1.0
ring_112936.csv,11:29:16.469,11:29:36.869,256,80.0,0,vDcInst/idc_units/iq_shed,487.14,495.36,7.59,8.34,1.0,1.0
ring_113001.csv,11:29:42.525,11:30:01.885,243,80.0,0,vDcInst/idc_units/iq_shed,488.1,495.6,7.8,8.32,1.0,1.0
ring_113025.csv,11:30:07.573,11:30:25.893,230,80.0,0,vDcInst/idc_units/iq_shed,487.38,495.6,7.97,8.48,1.0,1.0
ring_113049.csv,11:30:31.118,11:30:49.518,231,80.0,0,vDcInst/idc_units/iq_shed,488.1,496.81,7.94,8.61,1.0,1.0
ring_113114.csv,11:30:55.750,11:31:14.150,231,80.0,0,vDcInst/idc_units/iq_shed,488.1,496.81,8.09,8.74,1.0,1.0
ring_113137.csv,11:31:19.486,11:31:37.806,230,80.0,0,vDcInst/idc_units/iq_shed,487.62,496.32,8.23,8.88,1.0,1.0
ring_113201.csv,11:31:43.000,11:32:01.400,231,80.0,0,vDcInst/idc_units/iq_shed,488.83,498.02,8.36,8.99,1.0,1.0
ring_113225.csv,11:32:06.591,11:32:25.071,232,80.0,0,vDcInst/idc_units/iq_shed,488.83,498.5,8.49,9.13,1.0,1.0
ring_113249.csv,11:32:30.536,11:32:49.496,238,80.0,0,vDcInst/idc_units/iq_shed,489.31,497.05,8.63,9.28,1.0,1.0
ring_113314.csv,11:32:54.976,11:33:14.416,244,80.0,0,vDcInst/idc_units/iq_shed,489.31,497.53,8.9,9.58,1.0,1.0
ring_113339.csv,11:33:19.943,11:33:39.383,244,80.0,0,vDcInst/idc_units/iq_shed,488.83,498.02,8.93,9.72,1.0,1.0
ring_113403.csv,11:33:45.120,11:34:03.520,231,80.0,0,vDcInst/idc_units/iq_shed,489.8,498.02,9.18,9.85,1.0,1.0
ring_113427.csv,11:34:08.744,11:34:27.144,231,80.0,0,vDcInst/idc_units/iq_shed,489.56,497.53,9.32,10.0,1.0,1.0
ring_113450.csv,11:34:32.384,11:34:50.704,230,80.0,0,vDcInst/idc_units/iq_shed,489.07,497.78,9.46,10.28,1.0,1.0
ring_113514.csv,11:34:55.881,11:35:14.281,231,80.0,0,vDcInst/idc_units/iq_shed,488.35,497.78,9.72,10.61,1.0,1.0
ring_113537.csv,11:35:19.346,11:35:37.746,231,80.0,0,vDcInst/idc_units/iq_shed,489.31,498.74,9.71,10.73,1.0,1.0
ring_113601.csv,11:35:42.954,11:36:01.194,229,80.0,0,vDcInst/idc_units/iq_shed,489.31,498.5,10.15,10.89,1.0,1.0
ring_113624.csv,11:36:06.483,11:36:24.883,231,80.0,0,vDcInst/idc_units/iq_shed,488.83,498.98,10.31,11.24,1.0,1.0
ring_113648.csv,11:36:30.043,11:36:48.363,230,80.0,0,vDcInst/idc_units/iq_shed,488.35,498.74,10.62,11.79,1.0,1.0
ring_113712.csv,11:36:53.683,11:37:12.003,230,80.0,0,vDcInst/idc_units/iq_shed,488.83,500.19,10.93,11.96,1.0,1.0
ring_113736.csv,11:37:17.196,11:37:36.636,244,80.0,0,vDcInst/idc_units/iq_shed,491.01,497.78,11.15,11.75,1.0,1.0
ring_113800.csv,11:37:42.276,11:38:00.596,230,80.0,0,vDcInst/idc_units/iq_shed,485.93,499.71,11.13,12.58,1.0,1.0
ring_113824.csv,11:38:05.932,11:38:24.172,229,80.0,0,vDcInst/idc_units/iq_shed,490.04,498.02,11.48,12.3,1.0,1.0
ring_113847.csv,11:38:29.446,11:38:47.846,231,80.0,0,vDcInst/idc_units/iq_shed,489.8,498.98,11.45,12.5,1.0,1.0
ring_113912.csv,11:38:53.070,11:39:12.430,243,80.0,0,vDcInst/idc_units/iq_shed,491.73,497.29,11.68,12.1,1.0,1.0
ring_113936.csv,11:39:18.133,11:39:36.533,231,80.0,0,vDcInst/idc_units/iq_shed,490.28,497.53,11.66,12.3,1.0,1.0
ring_114000.csv,11:39:41.693,11:40:00.653,238,80.0,0,vDcInst/idc_units/iq_shed,490.28,497.78,11.66,12.29,1.0,1.0
ring_114024.csv,11:40:05.878,11:40:24.278,231,80.0,0,vDcInst/idc_units/iq_shed,491.01,496.57,11.86,12.29,1.0,1.0
ring_114048.csv,11:40:29.663,11:40:48.063,231,80.0,0,vDcInst/idc_units/iq_shed,489.56,496.81,11.84,12.49,1.0,1.0
ring_114112.csv,11:40:53.254,11:41:12.614,243,80.0,0,vDcInst/idc_units/iq_shed,490.28,497.53,11.85,12.49,1.0,1.0
ring_114136.csv,11:41:18.351,11:41:36.671,230,80.0,0,vDcInst/idc_units/iq_shed,489.8,495.6,12.06,12.5,1.0,1.0
ring_114200.csv,11:41:41.960,11:42:00.360,231,80.0,0,vDcInst/idc_units/iq_shed,487.86,495.36,12.06,12.73,1.0,1.0
ring_114223.csv,11:42:05.568,11:42:23.808,229,80.0,0,vDcInst/idc_units/iq_shed,490.04,495.12,12.08,12.53,1.0,1.0
ring_114247.csv,11:42:29.097,11:42:47.497,231,80.0,0,vDcInst/idc_units/iq_shed,489.31,495.12,12.08,12.51,1.0,1.0
ring_114310.csv,11:42:52.656,11:43:10.976,230,80.0,0,vDcInst/idc_units/iq_shed,489.56,495.36,12.07,12.53,1.0,1.0
ring_114335.csv,11:43:16.185,11:43:35.545,243,80.0,0,vDcInst/idc_units/iq_shed,487.38,494.63,12.08,12.74,1.0,1.0
ring_114359.csv,11:43:41.314,11:43:59.714,231,80.0,0,vDcInst/idc_units/iq_shed,488.83,494.63,12.09,12.53,1.0,1.0
ring_114423.csv,11:44:04.970,11:44:23.290,230,80.0,0,vDcInst/idc_units/iq_shed,488.83,494.87,12.1,12.53,1.0,1.0
ring_114447.csv,11:44:28.482,11:44:47.842,243,80.0,0,vDcInst/idc_units/iq_shed,486.9,494.15,12.1,12.76,1.0,1.0
ring_114511.csv,11:44:53.562,11:45:11.962,231,80.0,0,vDcInst/idc_units/iq_shed,486.65,494.87,12.1,12.77,1.0,1.0
ring_114535.csv,11:45:17.154,11:45:35.554,231,80.0,0,vDcInst/idc_units/iq_shed,486.9,494.87,12.1,12.76,1.0,1.0
ring_114600.csv,11:45:40.826,11:46:00.266,244,80.0,0,vDcInst/idc_units/iq_shed,487.62,494.87,12.11,12.76,1.0,1.0
ring_114625.csv,11:46:06.931,11:46:25.411,232,80.0,0,vDcInst/idc_units/iq_shed,488.1,493.42,12.31,12.76,1.0,1.0
ring_114649.csv,11:46:30.763,11:46:49.083,230,80.0,0,vDcInst/idc_units/iq_shed,486.41,494.39,12.3,12.96,1.0,1.0
ring_114715.csv,11:46:56.388,11:47:15.828,244,80.0,0,vDcInst/idc_units/iq_shed,487.62,494.87,12.3,12.96,1.0,1.0
ring_114739.csv,11:47:21.452,11:47:39.852,231,80.0,0,vDcInst/idc_units/iq_shed,485.93,493.67,12.48,13.16,1.0,1.0
ring_114803.csv,11:47:45.059,11:48:03.459,231,80.0,0,vDcInst/idc_units/iq_shed,486.9,494.63,12.49,13.16,1.0,1.0
ring_114826.csv,11:48:08.556,11:48:26.876,230,80.0,0,vDcInst/idc_units/iq_shed,486.65,495.36,12.51,13.4,1.0,1.0
ring_114851.csv,11:48:32.196,11:48:51.636,244,80.0,0,vDcInst/idc_units/iq_shed,487.14,494.87,12.72,13.42,1.0,1.0
ring_114915.csv,11:48:57.260,11:49:15.660,231,80.0,0,vDcInst/idc_units/iq_shed,486.17,494.15,12.95,13.66,1.0,1.0
ring_114939.csv,11:49:20.933,11:49:39.253,230,80.0,0,vDcInst/idc_units/iq_shed,486.9,494.87,12.94,13.83,1.0,1.0
ring_115002.csv,11:49:44.493,11:50:02.813,230,80.0,0,vDcInst/idc_units/iq_shed,486.17,494.87,13.11,14.04,1.0,1.0
ring_115026.csv,11:50:08.069,11:50:26.389,230,80.0,0,vDcInst/idc_units/iq_shed,487.14,495.36,13.3,14.25,1.0,1.0
ring_115049.csv,11:50:31.630,11:50:49.950,230,80.0,0,vDcInst/idc_units/iq_shed,485.93,495.12,13.52,14.47,1.0,1.0
ring_115113.csv,11:50:55.174,11:51:13.494,230,80.0,0,vDcInst/idc_units/iq_shed,486.17,494.63,13.71,14.68,1.0,1.0
ring_115137.csv,11:51:18.703,11:51:37.023,230,80.0,0,vDcInst/idc_units/iq_shed,484.96,494.39,14.11,15.15,1.0,1.0
ring_115200.csv,11:51:42.217,11:52:00.617,231,80.0,0,vDcInst/idc_units/iq_shed,483.51,496.81,14.28,15.74,1.0,1.0
ring_115224.csv,11:52:05.808,11:52:24.208,231,80.0,0,vDcInst/idc_units/iq_shed,474.32,498.98,15.24,17.75,1.0,1.0
ring_115247.csv,11:52:29.352,11:52:47.672,230,80.0,0,vDcInst/idc_units/iq_shed,482.54,503.34,15.79,17.41,1.0,1.0
ring_115311.csv,11:52:52.880,11:53:11.200,230,80.0,0,vDcInst/idc_units/iq_shed,477.23,495.84,15.7,18.7,1.0,1.0
ring_115334.csv,11:53:16.457,11:53:34.857,231,80.0,0,vDcInst/idc_units/iq_shed,451.12,496.57,16.2,20.34,1.0,1.0
ring_115358.csv,11:53:39.953,11:53:58.273,230,80.0,0,vDcInst/idc_units/iq_shed,486.41,509.86,15.98,17.1,1.0,1.0
ring_115421.csv,11:54:03.579,11:54:21.979,231,80.0,0,vDcInst/idc_units/iq_shed,483.27,514.94,14.14,17.19,1.0,1.0
ring_115445.csv,11:54:27.106,11:54:45.426,230,80.0,0,vDcInst/idc_units/iq_shed,485.45,507.45,14.04,16.86,1.0,1.0
ring_115509.csv,11:54:50.668,11:55:09.468,236,80.0,0,vDcInst/idc_units/iq_shed,482.3,492.46,15.98,17.34,1.0,1.0
ring_115533.csv,11:55:14.707,11:55:33.107,231,80.0,0,vDcInst/idc_units/iq_shed,485.2,500.19,15.36,16.46,1.0,1.0
ring_115556.csv,11:55:38.221,11:55:56.621,231,80.0,0,vDcInst/idc_units/iq_shed,485.69,491.49,15.46,16.12,1.0,1.0
ring_115620.csv,11:56:01.764,11:56:20.084,230,80.0,0,vDcInst/idc_units/iq_shed,485.2,491.73,15.23,16.05,1.0,1.0
ring_115643.csv,11:56:25.324,11:56:43.724,231,80.0,0,vDcInst/idc_units/iq_shed,486.17,491.97,15.23,15.84,1.0,1.0
ring_115707.csv,11:56:48.852,11:57:07.252,231,80.0,0,vDcInst/idc_units/iq_shed,485.45,492.7,15.01,15.84,1.0,1.0
ring_115730.csv,11:57:12.477,11:57:30.877,231,80.0,0,vDcInst/idc_units/iq_shed,484.72,492.7,15.02,15.85,1.0,1.0
ring_115754.csv,11:57:36.037,11:57:54.357,230,80.0,0,vDcInst/idc_units/iq_shed,483.51,492.7,15.05,16.11,1.0,1.0
ring_115817.csv,11:57:59.566,11:58:17.886,230,80.0,0,vDcInst/idc_units/iq_shed,483.27,493.91,15.22,16.63,1.0,1.0
ring_115841.csv,11:58:23.143,11:58:41.543,231,80.0,0,vDcInst/idc_units/iq_shed,484.48,492.7,15.47,16.56,1.0,1.0
ring_115905.csv,11:58:46.688,11:59:05.008,230,80.0,0,vDcInst/idc_units/iq_shed,483.75,494.87,15.43,17.11,1.0,1.0
ring_115929.csv,11:59:10.279,11:59:29.639,243,80.0,0,vDcInst/idc_units/iq_shed,477.23,494.63,16.13,18.04,1.0,1.0
ring_115953.csv,11:59:35.297,11:59:53.617,230,80.0,0,vDcInst/idc_units/iq_shed,476.26,503.58,15.54,18.45,1.0,1.0
ring_120017.csv,11:59:58.936,12:00:17.256,230,80.0,0,vDcInst/idc_units/iq_shed,487.62,523.16,15.16,18.02,1.0,1.0
ring_120040.csv,12:00:22.497,12:00:40.897,231,80.0,0,vDcInst/idc_units/iq_shed,496.57,518.32,19.7,25.31,1.0,1.0
ring_120104.csv,12:00:46.041,12:01:04.361,230,80.0,0,vDcInst/idc_units/iq_shed,374.72,488.35,19.19,28.79,0.695,1.0
ring_120127.csv,12:01:09.505,12:01:27.905,231,80.0,0,vDcInst/idc_units/iq_shed,369.16,493.91,15.87,20.64,0.651,1.0
ring_120152.csv,12:01:33.193,12:01:52.633,244,80.0,0,vDcInst/idc_units/iq_shed,492.46,507.2,16.58,18.77,1.0,1.0
ring_120216.csv,12:01:58.338,12:02:16.658,230,80.0,0,vDcInst/idc_units/iq_shed,491.97,516.87,16.51,18.33,1.0,1.0
ring_120240.csv,12:02:21.867,12:02:40.267,231,80.0,0,vDcInst/idc_units/iq_shed,483.75,505.27,15.0,17.39,1.0,1.0
ring_120303.csv,12:02:45.508,12:03:03.908,231,80.0,0,vDcInst/idc_units/iq_shed,483.51,501.89,16.31,17.3,1.0,1.0
ring_120327.csv,12:03:09.035,12:03:27.355,230,80.0,0,vDcInst/idc_units/iq_shed,482.06,488.1,15.88,16.68,1.0,1.0
ring_120351.csv,12:03:32.629,12:03:51.029,231,80.0,0,vDcInst/idc_units/iq_shed,483.27,488.35,15.43,15.96,1.0,1.0
ring_120414.csv,12:03:56.141,12:04:14.461,230,80.0,0,vDcInst/idc_units/iq_shed,484.0,489.8,14.97,15.48,1.0,1.0
ring_120437.csv,12:04:19.652,12:04:37.972,230,80.0,0,vDcInst/idc_units/iq_shed,470.21,487.38,14.79,16.54,1.0,1.0
ring_120501.csv,12:04:43.261,12:05:01.661,231,80.0,0,vDcInst/idc_units/iq_shed,483.75,489.8,14.1,14.83,1.0,1.0
ring_120525.csv,12:05:06.757,12:05:25.077,230,80.0,0,vDcInst/idc_units/iq_shed,484.72,489.56,13.68,14.19,1.0,1.0
ring_120548.csv,12:05:30.350,12:05:48.750,231,80.0,0,vDcInst/idc_units/iq_shed,485.45,491.25,13.05,13.77,1.0,1.0
ring_120612.csv,12:05:53.879,12:06:12.199,230,80.0,0,vDcInst/idc_units/iq_shed,485.45,491.49,12.66,13.39,1.0,1.0
ring_120635.csv,12:06:17.423,12:06:35.823,231,80.0,0,vDcInst/idc_units/iq_shed,485.93,491.49,12.35,13.02,1.0,1.0
ring_120700.csv,12:06:41.015,12:07:00.055,239,80.0,0,vDcInst/idc_units/iq_shed,485.45,491.73,12.07,12.68,1.0,1.0
ring_120723.csv,12:07:05.488,12:07:23.808,230,80.0,0,vDcInst/idc_units/iq_shed,486.41,491.97,11.74,12.28,1.0,1.0
ring_120747.csv,12:07:28.953,12:07:47.353,231,80.0,0,vDcInst/idc_units/iq_shed,486.65,492.7,11.52,12.02,1.0,1.0
ring_120810.csv,12:07:52.464,12:08:10.784,230,80.0,0,vDcInst/idc_units/iq_shed,485.69,493.42,11.2,11.92,1.0,1.0
ring_120834.csv,12:08:16.073,12:08:34.393,230,80.0,0,vDcInst/idc_units/iq_shed,486.65,494.39,11.01,11.71,1.0,1.0
ring_120858.csv,12:08:39.617,12:08:58.497,237,80.0,0,vDcInst/idc_units/iq_shed,486.17,493.42,11.03,11.54,1.0,1.0
ring_120922.csv,12:09:03.673,12:09:22.073,231,80.0,0,vDcInst/idc_units/iq_shed,487.14,493.91,10.87,11.52,1.0,1.0
ring_120945.csv,12:09:27.554,12:09:45.874,230,80.0,0,vDcInst/idc_units/iq_shed,487.38,493.42,10.85,11.33,1.0,1.0
ring_121009.csv,12:09:51.114,12:10:09.434,230,80.0,0,vDcInst/idc_units/iq_shed,487.14,494.15,10.61,11.17,1.0,1.0
ring_121032.csv,12:10:14.627,12:10:32.947,230,80.0,0,vDcInst/idc_units/iq_shed,488.1,494.15,10.57,11.0,1.0,1.0
ring_121056.csv,12:10:38.155,12:10:56.475,230,80.0,0,vDcInst/idc_units/iq_shed,488.35,494.63,10.42,10.95,1.0,1.0
ring_121121.csv,12:11:01.779,12:11:21.219,244,80.0,0,vDcInst/idc_units/iq_shed,488.1,493.91,10.39,10.83,1.0,1.0
ring_121145.csv,12:11:26.860,12:11:45.260,231,80.0,0,vDcInst/idc_units/iq_shed,488.1,493.91,10.43,10.81,1.0,1.0
ring_121208.csv,12:11:50.469,12:12:08.789,230,80.0,0,vDcInst/idc_units/iq_shed,488.59,494.15,10.43,10.81,1.0,1.0
ring_121232.csv,12:12:13.980,12:12:32.940,238,80.0,0,vDcInst/idc_units/iq_shed,487.86,494.63,10.4,10.8,1.0,1.0
ring_121256.csv,12:12:38.516,12:12:56.916,231,80.0,0,vDcInst/idc_units/iq_shed,488.83,493.91,10.25,10.62,1.0,1.0
ring_121320.csv,12:13:02.382,12:13:20.782,231,80.0,0,vDcInst/idc_units/iq_shed,488.83,495.36,10.08,10.63,1.0,1.0
ring_121345.csv,12:13:25.877,12:13:45.237,243,80.0,0,vDcInst/idc_units/iq_shed,489.8,496.81,9.91,10.45,1.0,1.0
ring_121409.csv,12:13:51.037,12:14:09.357,230,80.0,0,vDcInst/idc_units/iq_shed,490.04,496.57,9.92,10.45,1.0,1.0
ring_121432.csv,12:14:14.677,12:14:32.997,230,80.0,0,vDcInst/idc_units/iq_shed,489.8,496.57,9.91,10.43,1.0,1.0
ring_121456.csv,12:14:38.222,12:14:56.542,230,80.0,0,vDcInst/idc_units/iq_shed,489.07,496.32,9.91,10.43,1.0,1.0
ring_121520.csv,12:15:01.766,12:15:20.086,230,80.0,0,vDcInst/idc_units/iq_shed,489.56,496.32,9.91,10.44,1.0,1.0
ring_121543.csv,12:15:25.310,12:15:43.710,231,80.0,0,vDcInst/idc_units/iq_shed,490.52,496.08,9.9,10.29,1.0,1.0
ring_121607.csv,12:15:48.919,12:16:07.239,230,80.0,0,vDcInst/idc_units/iq_shed,491.01,497.53,9.74,10.25,1.0,1.0
ring_121631.csv,12:16:12.496,12:16:31.856,243,80.0,0,vDcInst/idc_units/iq_shed,490.04,496.57,9.9,10.25,1.0,1.0
ring_121656.csv,12:16:37.527,12:16:56.887,243,80.0,0,vDcInst/idc_units/iq_shed,490.04,497.05,9.75,10.26,1.0,1.0
ring_121720.csv,12:17:02.287,12:17:20.607,230,80.0,0,vDcInst/idc_units/iq_shed,490.28,497.05,9.76,10.27,1.0,1.0
ring_121744.csv,12:17:25.912,12:17:44.232,230,80.0,0,vDcInst/idc_units/iq_shed,489.56,497.05,9.74,10.28,1.0,1.0
ring_121807.csv,12:17:49.473,12:18:07.793,230,80.0,0,vDcInst/idc_units/iq_shed,490.28,497.05,9.75,10.27,1.0,1.0
ring_121831.csv,12:18:12.936,12:18:31.256,230,80.0,0,vDcInst/idc_units/iq_shed,491.01,497.05,9.75,10.1,1.0,1.0
ring_121854.csv,12:18:36.593,12:18:54.913,230,80.0,0,vDcInst/idc_units/iq_shed,490.52,497.78,9.6,10.1,1.0,1.0
ring_121918.csv,12:19:00.105,12:19:18.425,230,80.0,0,vDcInst/idc_units/iq_shed,490.28,497.29,9.6,10.1,1.0,1.0
ring_121942.csv,12:19:23.745,12:19:42.225,232,80.0,0,vDcInst/idc_units/iq_shed,491.73,496.81,9.61,9.95,1.0,1.0
ring_122006.csv,12:19:47.609,12:20:06.009,231,80.0,0,vDcInst/idc_units/iq_shed,491.97,497.29,9.6,9.95,1.0,1.0
ring_122029.csv,12:20:11.235,12:20:29.555,230,80.0,0,vDcInst/idc_units/iq_shed,490.28,497.05,9.6,10.11,1.0,1.0
ring_122053.csv,12:20:34.730,12:20:53.050,230,80.0,0,vDcInst/idc_units/iq_shed,489.31,497.05,9.6,10.1,1.0,1.0
ring_122116.csv,12:20:58.339,12:21:16.739,231,80.0,0,vDcInst/idc_units/iq_shed,491.01,497.05,9.6,9.96,1.0,1.0
ring_122140.csv,12:21:22.364,12:21:40.684,230,80.0,0,vDcInst/idc_units/iq_shed,490.28,496.81,9.61,10.12,1.0,1.0
ring_122205.csv,12:21:45.859,12:22:05.299,244,80.0,0,vDcInst/idc_units/iq_shed,491.01,496.57,9.6,10.12,1.0,1.0
ring_122229.csv,12:22:10.940,12:22:29.260,230,80.0,0,vDcInst/idc_units/iq_shed,491.01,496.81,9.61,9.95,1.0,1.0
ring_122252.csv,12:22:34.533,12:22:52.933,231,80.0,0,vDcInst/idc_units/iq_shed,491.01,497.29,9.46,9.95,1.0,1.0
ring_122316.csv,12:22:58.172,12:23:16.492,230,80.0,0,vDcInst/idc_units/iq_shed,490.52,496.81,9.45,9.95,1.0,1.0
ring_122340.csv,12:23:21.684,12:23:40.084,231,80.0,0,vDcInst/idc_units/iq_shed,490.76,497.05,9.45,9.94,1.0,1.0
ring_122403.csv,12:23:45.246,12:24:03.646,231,80.0,0,vDcInst/idc_units/iq_shed,490.28,497.29,9.45,9.95,1.0,1.0
ring_122427.csv,12:24:08.805,12:24:27.125,230,80.0,0,vDcInst/idc_units/iq_shed,488.83,496.08,9.59,10.11,1.0,1.0
ring_122451.csv,12:24:33.373,12:24:51.693,230,80.0,0,vDcInst/idc_units/iq_shed,491.01,496.57,9.46,9.8,1.0,1.0
ring_122515.csv,12:24:57.127,12:25:15.447,230,80.0,0,vDcInst/idc_units/iq_shed,491.01,497.05,9.31,9.81,1.0,1.0
ring_122538.csv,12:25:20.606,12:25:38.926,230,80.0,0,vDcInst/idc_units/iq_shed,491.01,497.05,9.31,9.65,1.0,1.0
ring_122603.csv,12:25:44.262,12:26:03.702,244,80.0,0,vDcInst/idc_units/iq_shed,490.28,495.84,9.19,9.67,1.0,1.0
ring_122627.csv,12:26:09.296,12:26:27.696,231,80.0,0,vDcInst/idc_units/iq_shed,490.76,495.84,9.2,9.38,1.0,1.0
ring_122651.csv,12:26:32.871,12:26:51.191,230,80.0,0,vDcInst/idc_units/iq_shed,491.49,496.08,9.05,9.23,1.0,1.0
ring_122714.csv,12:26:56.544,12:27:14.944,231,80.0,0,vDcInst/idc_units/iq_shed,490.04,495.12,8.93,9.25,1.0,1.0
ring_122738.csv,12:27:20.087,12:27:38.407,230,80.0,0,vDcInst/idc_units/iq_shed,490.52,495.36,8.78,9.11,1.0,1.0
ring_122801.csv,12:27:43.584,12:28:01.904,230,80.0,0,vDcInst/idc_units/iq_shed,489.56,495.12,8.65,8.97,1.0,1.0
ring_122826.csv,12:28:07.112,12:28:26.072,238,80.0,0,vDcInst/idc_units/iq_shed,489.31,495.12,8.52,8.7,1.0,1.0
ring_122849.csv,12:28:31.553,12:28:49.873,230,80.0,0,vDcInst/idc_units/iq_shed,489.8,494.87,8.26,8.57,1.0,1.0
ring_122913.csv,12:28:55.033,12:29:13.433,231,80.0,0,vDcInst/idc_units/iq_shed,490.52,495.6,8.1,8.43,1.0,1.0
ring_122937.csv,12:29:18.609,12:29:37.009,231,80.0,0,vDcInst/idc_units/iq_shed,489.8,495.36,7.96,8.29,1.0,1.0
ring_123000.csv,12:29:42.185,12:30:00.505,230,80.0,0,vDcInst/idc_units/iq_shed,490.52,496.32,7.79,8.12,1.0,1.0
ring_123025.csv,12:30:05.713,12:30:25.073,243,80.0,0,vDcInst/idc_units/iq_shed,490.76,495.84,7.6,7.97,1.0,1.0
ring_123050.csv,12:30:31.817,12:30:50.217,231,80.0,0,vDcInst/idc_units/iq_shed,489.31,497.53,7.3,7.94,1.0,1.0
ring_123113.csv,12:30:55.634,12:31:13.954,230,80.0,0,vDcInst/idc_units/iq_shed,489.31,497.78,7.08,7.77,1.0,1.0
ring_123137.csv,12:31:19.195,12:31:37.515,230,80.0,0,vDcInst/idc_units/iq_shed,488.59,497.78,7.08,7.77,1.0,1.0
ring_123201.csv,12:31:42.754,12:32:01.074,230,80.0,0,vDcInst/idc_units/iq_shed,489.8,497.05,7.01,7.5,1.0,1.0
ring_123224.csv,12:32:06.236,12:32:24.716,232,80.0,0,vDcInst/idc_units/iq_shed,489.8,496.81,6.95,7.45,1.0,1.0
ring_123248.csv,12:32:29.780,12:32:48.180,231,80.0,0,vDcInst/idc_units/iq_shed,482.3,500.19,6.37,7.87,1.0,1.0
ring_123311.csv,12:32:53.389,12:33:11.789,231,80.0,0,vDcInst/idc_units/iq_shed,485.45,499.95,6.44,7.55,1.0,1.0
ring_123335.csv,12:33:16.836,12:33:35.236,231,80.0,0,vDcInst/idc_units/iq_shed,478.68,503.82,5.84,7.87,1.0,1.0
ring_123358.csv,12:33:40.444,12:33:58.764,230,80.0,0,vDcInst/idc_units/iq_shed,480.13,502.85,5.93,7.76,1.0,1.0
ring_123423.csv,12:34:04.100,12:34:23.460,243,80.0,0,vDcInst/idc_units/iq_shed,476.98,502.61,5.88,7.81,1.0,1.0
ring_123447.csv,12:34:29.117,12:34:47.517,231,80.0,0,vDcInst/idc_units/iq_shed,471.18,502.61,5.83,8.0,1.0,1.0
ring_123511.csv,12:34:52.741,12:35:11.141,231,80.0,0,vDcInst/idc_units/iq_shed,474.08,502.13,5.79,7.83,1.0,1.0
ring_123535.csv,12:35:16.382,12:35:35.822,244,80.0,0,vDcInst/idc_units/iq_shed,473.84,504.79,5.47,7.81,1.0,1.0
ring_123559.csv,12:35:41.462,12:35:59.782,230,80.0,0,vDcInst/idc_units/iq_shed,471.91,505.51,5.39,7.89,1.0,1.0
ring_123623.csv,12:36:05.086,12:36:23.406,230,80.0,0,vDcInst/idc_units/iq_shed,463.2,504.3,5.57,8.17,1.0,1.0
ring_123646.csv,12:36:28.662,12:36:46.982,230,80.0,0,vDcInst/idc_units/iq_shed,458.13,505.51,5.41,8.26,1.0,1.0
ring_123711.csv,12:36:52.191,12:37:11.631,244,80.0,0,vDcInst/idc_units/iq_shed,468.28,505.51,5.44,8.0,1.0,1.0
ring_123736.csv,12:37:17.222,12:37:36.662,244,80.0,0,vDcInst/idc_units/iq_shed,469.01,504.79,5.5,7.93,1.0,1.0
ring_123800.csv,12:37:42.414,12:38:00.814,231,80.0,0,vDcInst/idc_units/iq_shed,465.86,504.3,5.58,8.02,1.0,1.0
ring_123824.csv,12:38:06.038,12:38:24.358,230,80.0,0,vDcInst/idc_units/iq_shed,465.38,504.3,5.6,8.04,1.0,1.0
ring_123847.csv,12:38:29.583,12:38:47.983,231,80.0,0,vDcInst/idc_units/iq_shed,467.31,504.54,5.48,7.98,1.0,1.0
ring_123911.csv,12:38:53.207,12:39:11.607,231,80.0,0,vDcInst/idc_units/iq_shed,467.8,503.82,5.58,7.95,1.0,1.0
ring_123935.csv,12:39:16.687,12:39:35.087,231,80.0,0,vDcInst/idc_units/iq_shed,480.13,504.3,5.51,7.42,1.0,1.0
ring_123959.csv,12:39:40.264,12:39:59.704,244,80.0,0,vDcInst/idc_units/iq_shed,465.62,504.3,5.56,8.01,1.0,1.0
ring_124023.csv,12:40:05.344,12:40:23.664,230,80.0,0,vDcInst/idc_units/iq_shed,480.13,504.3,5.59,7.47,1.0,1.0
ring_124047.csv,12:40:28.920,12:40:47.400,232,80.0,0,vDcInst/idc_units/iq_shed,479.4,504.3,5.59,7.48,1.0,1.0
ring_124110.csv,12:40:52.544,12:41:10.864,230,80.0,0,vDcInst/idc_units/iq_shed,462.72,504.79,5.53,8.08,1.0,1.0
ring_124134.csv,12:41:16.104,12:41:34.424,230,80.0,0,vDcInst/idc_units/iq_shed,466.1,505.03,5.49,8.05,1.0,1.0
ring_124159.csv,12:41:39.648,12:41:59.088,244,80.0,0,vDcInst/idc_units/iq_shed,464.41,504.54,5.52,8.07,1.0,1.0
ring_124223.csv,12:42:04.745,12:42:23.065,230,80.0,0,vDcInst/idc_units/iq_shed,481.09,503.82,5.59,7.42,1.0,1.0
ring_124246.csv,12:42:28.401,12:42:46.721,230,80.0,0,vDcInst/idc_units/iq_shed,480.37,504.06,5.63,7.47,1.0,1.0
ring_124310.csv,12:42:51.930,12:43:10.330,231,80.0,0,vDcInst/idc_units/iq_shed,478.68,504.06,5.63,7.52,1.0,1.0
ring_124333.csv,12:43:15.459,12:43:33.779,230,80.0,0,vDcInst/idc_units/iq_shed,479.89,504.79,5.63,7.5,1.0,1.0
ring_124358.csv,12:43:38.970,12:43:58.410,244,80.0,0,vDcInst/idc_units/iq_shed,478.92,504.3,5.65,7.53,1.0,1.0
ring_124422.csv,12:44:04.002,12:44:22.402,231,80.0,0,vDcInst/idc_units/iq_shed,479.16,504.3,5.64,7.51,1.0,1.0
ring_124446.csv,12:44:27.691,12:44:46.011,230,80.0,0,vDcInst/idc_units/iq_shed,478.68,504.3,5.64,7.53,1.0,1.0
ring_124509.csv,12:44:51.236,12:45:09.636,231,80.0,0,vDcInst/idc_units/iq_shed,479.4,504.3,5.64,7.53,1.0,1.0
ring_124533.csv,12:45:14.843,12:45:33.243,231,80.0,0,vDcInst/idc_units/iq_shed,480.37,504.3,5.63,7.52,1.0,1.0
ring_124556.csv,12:45:38.420,12:45:56.740,230,80.0,0,vDcInst/idc_units/iq_shed,480.13,504.79,5.66,7.51,1.0,1.0
ring_124620.csv,12:46:01.932,12:46:20.252,230,80.0,0,vDcInst/idc_units/iq_shed,480.37,504.79,5.65,7.51,1.0,1.0
ring_124644.csv,12:46:25.444,12:46:44.884,244,80.0,0,vDcInst/idc_units/iq_shed,480.13,505.03,5.67,7.56,1.0,1.0
ring_124709.csv,12:46:50.524,12:47:09.484,238,80.0,0,vDcInst/idc_units/iq_shed,479.16,504.54,5.67,7.54,1.0,1.0
ring_124733.csv,12:47:14.677,12:47:33.077,231,80.0,0,vDcInst/idc_units/iq_shed,479.89,504.79,5.64,7.54,1.0,1.0
ring_124756.csv,12:47:38.478,12:47:56.798,230,80.0,0,vDcInst/idc_units/iq_shed,479.4,504.3,5.68,7.56,1.0,1.0
ring_124821.csv,12:48:03.157,12:48:21.557,231,80.0,0,vDcInst/idc_units/iq_shed,479.64,505.03,5.65,7.54,1.0,1.0
ring_124845.csv,12:48:26.894,12:48:45.294,231,80.0,0,vDcInst/idc_units/iq_shed,479.16,504.54,5.65,7.59,1.0,1.0
ring_124908.csv,12:48:50.375,12:49:08.775,231,80.0,0,vDcInst/idc_units/iq_shed,479.64,504.54,5.67,7.57,1.0,1.0
ring_124932.csv,12:49:13.872,12:49:32.272,231,80.0,0,vDcInst/idc_units/iq_shed,480.13,504.79,5.64,7.56,1.0,1.0
ring_124955.csv,12:49:37.495,12:49:55.815,230,80.0,0,vDcInst/idc_units/iq_shed,478.43,504.3,5.68,7.61,1.0,1.0
ring_125019.csv,12:50:01.071,12:50:19.391,230,80.0,0,vDcInst/idc_units/iq_shed,479.64,504.54,5.67,7.58,1.0,1.0
ring_125042.csv,12:50:24.584,12:50:42.904,230,80.0,0,vDcInst/idc_units/iq_shed,477.47,503.82,5.7,7.62,1.0,1.0
ring_125106.csv,12:50:48.143,12:51:06.463,230,80.0,0,vDcInst/idc_units/iq_shed,479.64,505.03,5.66,7.57,1.0,1.0
ring_125130.csv,12:51:11.688,12:51:30.008,230,80.0,0,vDcInst/idc_units/iq_shed,479.16,505.27,5.67,7.62,1.0,1.0
ring_125153.csv,12:51:35.185,12:51:53.505,230,80.0,0,vDcInst/idc_units/iq_shed,478.68,504.79,5.68,7.64,1.0,1.0
ring_125218.csv,12:51:58.809,12:52:18.249,244,80.0,0,vDcInst/idc_units/iq_shed,479.89,505.03,5.69,7.58,1.0,1.0
ring_125242.csv,12:52:23.872,12:52:42.272,231,80.0,0,vDcInst/idc_units/iq_shed,479.89,504.54,5.7,7.58,1.0,1.0
ring_125305.csv,12:52:47.497,12:53:05.817,230,80.0,0,vDcInst/idc_units/iq_shed,481.58,505.27,5.7,7.55,1.0,1.0
ring_125329.csv,12:53:11.011,12:53:29.491,232,80.0,0,vDcInst/idc_units/iq_shed,481.82,505.03,5.7,7.57,1.0,1.0
ring_125354.csv,12:53:34.569,12:53:54.009,244,80.0,0,vDcInst/idc_units/iq_shed,481.82,505.03,5.72,7.59,1.0,1.0
ring_125417.csv,12:53:59.666,12:54:17.986,230,80.0,0,vDcInst/idc_units/iq_shed,476.26,505.75,5.7,7.85,1.0,1.0
ring_125441.csv,12:54:23.290,12:54:41.610,230,80.0,0,vDcInst/idc_units/iq_shed,476.26,506.24,5.63,7.95,1.0,1.0
ring_125505.csv,12:54:46.787,12:55:05.107,230,80.0,0,vDcInst/idc_units/iq_shed,477.23,506.96,5.61,7.93,1.0,1.0
ring_125528.csv,12:55:10.426,12:55:28.826,231,80.0,0,vDcInst/idc_units/iq_shed,478.43,506.96,5.62,7.95,1.0,1.0
ring_125552.csv,12:55:33.923,12:55:52.403,232,80.0,0,vDcInst/idc_units/iq_shed,479.16,506.0,5.7,7.93,1.0,1.0
ring_125616.csv,12:55:57.563,12:56:16.443,237,80.0,0,vDcInst/idc_units/iq_shed,486.17,502.85,6.23,7.6,1.0,1.0
ring_125640.csv,12:56:22.004,12:56:40.484,232,80.0,0,vDcInst/idc_units/iq_shed,486.65,503.09,6.2,7.58,1.0,1.0
ring_125704.csv,12:56:45.819,12:57:04.219,231,80.0,0,vDcInst/idc_units/iq_shed,487.62,503.82,6.21,7.57,1.0,1.0
ring_125728.csv,12:57:09.364,12:57:28.724,243,80.0,0,vDcInst/idc_units/iq_shed,482.79,504.3,6.13,7.9,1.0,1.0
ring_125752.csv,12:57:34.444,12:57:52.844,231,80.0,0,vDcInst/idc_units/iq_shed,483.75,504.79,6.11,7.9,1.0,1.0
ring_125816.csv,12:57:58.054,12:58:16.454,231,80.0,0,vDcInst/idc_units/iq_shed,484.24,505.03,6.11,7.85,1.0,1.0
ring_125840.csv,12:58:21.708,12:58:40.668,238,80.0,0,vDcInst/idc_units/iq_shed,484.48,504.79,6.1,7.88,1.0,1.0
ring_125904.csv,12:58:46.069,12:59:04.469,231,80.0,0,vDcInst/idc_units/iq_shed,484.72,504.79,6.1,7.86,1.0,1.0
ring_125927.csv,12:59:09.597,12:59:27.997,231,80.0,0,vDcInst/idc_units/iq_shed,484.0,505.03,6.11,7.88,1.0,1.0
ring_125951.csv,12:59:33.078,12:59:51.478,231,80.0,0,vDcInst/idc_units/iq_shed,483.27,504.54,6.1,7.89,1.0,1.0
ring_130016.csv,12:59:56.701,13:00:16.061,243,80.0,0,vDcInst/idc_units/iq_shed,482.3,504.54,6.12,7.9,1.0,1.0
ring_130038.csv,13:00:21.783,13:00:38.663,212,80.0,0,vDcInst/idc_units/iq_shed,482.06,503.58,6.12,7.89,1.0,1.0
ring_130101.csv,13:00:43.551,13:01:01.951,231,80.0,0,vDcInst/idc_units/iq_shed,481.09,503.58,6.15,7.92,1.0,1.0
ring_130125.csv,13:01:07.207,13:01:25.607,231,80.0,0,vDcInst/idc_units/iq_shed,483.03,503.34,6.12,7.66,1.0,1.0
ring_130149.csv,13:01:30.799,13:01:49.199,231,80.0,0,vDcInst/idc_units/iq_shed,482.79,502.13,6.19,7.67,1.0,1.0
ring_130212.csv,13:01:54.392,13:02:12.792,231,80.0,0,vDcInst/idc_units/iq_shed,482.3,506.48,5.57,7.63,1.0,1.0
ring_130236.csv,13:02:17.954,13:02:36.354,231,80.0,0,vDcInst/idc_units/iq_shed,472.63,505.75,5.65,8.0,1.0,1.0
ring_130259.csv,13:02:41.464,13:02:59.944,232,80.0,0,vDcInst/idc_units/iq_shed,479.16,504.79,5.69,7.64,1.0,1.0
ring_130323.csv,13:03:05.169,13:03:23.489,230,80.0,0,vDcInst/idc_units/iq_shed,475.29,504.06,5.77,7.71,1.0,1.0
ring_130346.csv,13:03:28.617,13:03:46.937,230,80.0,0,vDcInst/idc_units/iq_shed,476.02,505.27,5.48,7.67,1.0,1.0
ring_130410.csv,13:03:52.146,13:04:10.546,231,80.0,0,vDcInst/idc_units/iq_shed,445.8,506.48,5.27,8.22,1.0,1.0
ring_130433.csv,13:04:15.674,13:04:33.994,230,80.0,0,vDcInst/idc_units/iq_shed,463.45,505.27,5.36,8.05,1.0,1.0
ring_130457.csv,13:04:39.234,13:04:57.554,230,80.0,0,vDcInst/idc_units/iq_shed,482.79,504.06,5.5,7.16,1.0,1.0
ring_130521.csv,13:05:02.779,13:05:21.099,230,80.0,0,vDcInst/idc_units/iq_shed,460.54,504.54,5.4,7.94,1.0,1.0
ring_130544.csv,13:05:26.245,13:05:44.565,230,80.0,0,vDcInst/idc_units/iq_shed,479.16,503.58,5.44,7.28,1.0,1.0
ring_130608.csv,13:05:49.836,13:06:08.236,231,80.0,0,vDcInst/idc_units/iq_shed,418.0,503.82,5.4,8.11,0.962,1.0
ring_130631.csv,13:06:13.493,13:06:31.813,230,80.0,0,vDcInst/idc_units/iq_shed,478.19,503.09,5.39,7.25,1.0,1.0
ring_130655.csv,13:06:36.988,13:06:55.388,231,80.0,0,vDcInst/idc_units/iq_shed,471.67,503.34,5.37,7.5,1.0,1.0
ring_130718.csv,13:07:00.549,13:07:18.949,231,80.0,0,vDcInst/idc_units/iq_shed,484.72,503.09,5.41,6.86,1.0,1.0
ring_130743.csv,13:07:24.061,13:07:43.421,243,80.0,0,vDcInst/idc_units/iq_shed,475.53,503.34,5.36,7.29,1.0,1.0
ring_130807.csv,13:07:49.157,13:08:07.477,230,80.0,0,vDcInst/idc_units/iq_shed,486.65,501.89,5.5,6.66,1.0,1.0
ring_130831.csv,13:08:12.733,13:08:31.133,231,80.0,0,vDcInst/idc_units/iq_shed,485.69,501.64,5.47,6.69,1.0,1.0
ring_130854.csv,13:08:36.358,13:08:54.598,229,80.0,0,vDcInst/idc_units/iq_shed,304.13,505.03,5.01,7.98,0.239,1.0
ring_130918.csv,13:08:59.918,13:09:18.238,230,80.0,0,vDcInst/idc_units/iq_shed,452.08,502.61,5.34,7.75,1.0,1.0
ring_130941.csv,13:09:23.495,13:09:41.815,230,80.0,0,vDcInst/idc_units/iq_shed,486.9,500.92,5.44,6.52,1.0,1.0
ring_131005.csv,13:09:46.992,13:10:05.472,232,80.0,0,vDcInst/idc_units/iq_shed,485.2,501.16,5.37,6.61,1.0,1.0
ring_131029.csv,13:10:10.649,13:10:29.049,231,80.0,0,vDcInst/idc_units/iq_shed,303.64,506.0,4.84,7.83,0.234,1.0
ring_131052.csv,13:10:34.464,13:10:52.784,230,80.0,0,vDcInst/idc_units/iq_shed,462.72,500.92,5.34,7.42,1.0,1.0
ring_131116.csv,13:10:58.057,13:11:16.457,231,80.0,0,vDcInst/idc_units/iq_shed,491.49,500.68,5.35,6.03,1.0,1.0
ring_131139.csv,13:11:21.554,13:11:39.954,231,80.0,0,vDcInst/idc_units/iq_shed,490.28,499.95,5.4,6.1,1.0,1.0
ring_131203.csv,13:11:45.114,13:12:03.434,230,80.0,0,vDcInst/idc_units/iq_shed,489.31,499.23,5.4,6.12,1.0,1.0
ring_131228.csv,13:12:08.609,13:12:28.049,244,80.0,0,vDcInst/idc_units/iq_shed,488.83,499.47,5.39,6.14,1.0,1.0
ring_131252.csv,13:12:33.787,13:12:52.667,237,80.0,0,vDcInst/idc_units/iq_shed,491.73,498.5,5.41,5.94,1.0,1.0
ring_131316.csv,13:12:57.874,13:13:16.274,231,80.0,0,vDcInst/idc_units/iq_shed,485.69,499.23,5.33,6.31,1.0,1.0
ring_131340.csv,13:13:21.353,13:13:40.793,244,80.0,0,vDcInst/idc_units/iq_shed,489.56,499.47,5.33,6.04,1.0,1.0
ring_131404.csv,13:13:46.466,13:14:04.866,231,80.0,0,vDcInst/idc_units/iq_shed,484.72,498.98,5.34,6.32,1.0,1.0
ring_131429.csv,13:14:10.106,13:14:29.626,245,80.0,0,vDcInst/idc_units/iq_shed,493.91,497.78,5.4,5.61,1.0,1.0
ring_131453.csv,13:14:35.202,13:14:53.522,230,80.0,0,vDcInst/idc_units/iq_shed,485.45,498.5,5.34,6.22,1.0,1.0
ring_131518.csv,13:14:58.810,13:15:18.250,244,80.0,0,vDcInst/idc_units/iq_shed,493.67,498.5,5.31,5.63,1.0,1.0
ring_131542.csv,13:15:23.795,13:15:42.195,231,80.0,0,vDcInst/idc_units/iq_shed,492.94,498.5,5.32,5.63,1.0,1.0
ring_131605.csv,13:15:47.500,13:16:05.820,230,80.0,0,vDcInst/idc_units/iq_shed,492.94,498.26,5.25,5.63,1.0,1.0
ring_131629.csv,13:16:10.995,13:16:29.395,231,80.0,0,vDcInst/idc_units/iq_shed,492.94,498.02,5.32,5.63,1.0,1.0
ring_131652.csv,13:16:34.651,13:16:52.971,230,80.0,0,vDcInst/idc_units/iq_shed,492.94,498.74,5.26,5.64,1.0,1.0
ring_131716.csv,13:16:58.196,13:17:16.516,230,80.0,0,vDcInst/idc_units/iq_shed,492.46,498.02,5.32,5.64,1.0,1.0
ring_131740.csv,13:17:21.692,13:17:40.012,230,80.0,0,vDcInst/idc_units/iq_shed,492.7,498.74,5.25,5.64,1.0,1.0
ring_131803.csv,13:17:45.220,13:18:03.540,230,80.0,0,vDcInst/idc_units/iq_shed,492.94,498.74,5.25,5.63,1.0,1.0
ring_131827.csv,13:18:08.798,13:18:27.118,230,80.0,0,vDcInst/idc_units/iq_shed,492.7,498.02,5.33,5.63,1.0,1.0
ring_131850.csv,13:18:32.310,13:18:50.710,231,80.0,0,vDcInst/idc_units/iq_shed,492.7,498.02,5.33,5.64,1.0,1.0
ring_131914.csv,13:18:55.902,13:19:14.302,231,80.0,0,vDcInst/idc_units/iq_shed,492.21,498.74,5.27,5.65,1.0,1.0
ring_131937.csv,13:19:19.400,13:19:37.800,231,80.0,0,vDcInst/idc_units/iq_shed,493.18,497.78,5.34,5.64,1.0,1.0
ring_132001.csv,13:19:43.007,13:20:01.327,230,80.0,0,vDcInst/idc_units/iq_shed,492.7,498.5,5.26,5.64,1.0,1.0
ring_132024.csv,13:20:06.583,13:20:24.823,229,80.0,0,vDcInst/idc_units/iq_shed,493.18,499.47,5.27,5.65,1.0,1.0
ring_132048.csv,13:20:30.096,13:20:48.576,232,80.0,0,vDcInst/idc_units/iq_shed,492.94,498.26,5.33,5.63,1.0,1.0
ring_132112.csv,13:20:54.041,13:21:12.441,231,80.0,0,vDcInst/idc_units/iq_shed,490.04,498.5,5.34,5.91,1.0,1.0
ring_132135.csv,13:21:17.569,13:21:35.969,231,80.0,0,vDcInst/idc_units/iq_shed,485.93,498.26,5.41,6.24,1.0,1.0
ring_132159.csv,13:21:41.226,13:21:59.706,232,80.0,0,vDcInst/idc_units/iq_shed,483.27,499.71,5.31,6.41,1.0,1.0
ring_132223.csv,13:22:05.201,13:22:23.601,231,80.0,0,vDcInst/idc_units/iq_shed,482.06,502.37,5.1,6.57,1.0,1.0
ring_132247.csv,13:22:29.114,13:22:47.514,231,80.0,0,vDcInst/idc_units/iq_shed,459.58,500.43,5.3,7.36,1.0,1.0
ring_132311.csv,13:22:52.642,13:23:11.042,231,80.0,0,vDcInst/idc_units/iq_shed,485.93,501.4,5.29,6.45,1.0,1.0
ring_132334.csv,13:23:16.202,13:23:34.522,230,80.0,0,vDcInst/idc_units/iq_shed,487.38,501.89,5.29,6.4,1.0,1.0
ring_132358.csv,13:23:39.715,13:23:58.115,231,80.0,0,vDcInst/idc_units/iq_shed,485.69,502.37,5.31,6.6,1.0,1.0
ring_132421.csv,13:24:03.259,13:24:21.579,230,80.0,0,vDcInst/idc_units/iq_shed,458.61,504.3,5.13,7.64,1.0,1.0
ring_132446.csv,13:24:26.771,13:24:46.211,244,80.0,0,vDcInst/idc_units/iq_shed,461.51,504.79,5.14,7.67,1.0,1.0
ring_132510.csv,13:24:51.868,13:25:10.348,232,80.0,0,vDcInst/idc_units/iq_shed,460.54,505.27,5.16,7.77,1.0,1.0
ring_132533.csv,13:25:15.571,13:25:33.891,230,80.0,0,vDcInst/idc_units/iq_shed,472.39,506.96,5.06,7.51,1.0,1.0
ring_132557.csv,13:25:39.132,13:25:57.532,231,80.0,0,vDcInst/idc_units/iq_shed,466.35,505.03,5.3,7.74,1.0,1.0
ring_132621.csv,13:26:02.628,13:26:21.108,232,80.0,0,vDcInst/idc_units/iq_shed,478.92,504.3,5.5,7.39,1.0,1.0
ring_132645.csv,13:26:26.621,13:26:45.021,231,80.0,0,vDcInst/idc_units/iq_shed,473.12,505.51,5.43,7.77,1.0,1.0
ring_132708.csv,13:26:50.180,13:27:08.580,231,80.0,0,vDcInst/idc_units/iq_shed,476.02,506.48,5.36,7.74,1.0,1.0
ring_132732.csv,13:27:13.693,13:27:32.013,230,80.0,0,vDcInst/idc_units/iq_shed,477.23,505.75,5.48,7.68,1.0,1.0
ring_132755.csv,13:27:37.253,13:27:55.573,230,80.0,0,vDcInst/idc_units/iq_shed,479.4,503.82,5.86,7.7,1.0,1.0
ring_132819.csv,13:28:00.733,13:28:19.213,232,80.0,0,vDcInst/idc_units/iq_shed,481.82,504.3,5.82,7.64,1.0,1.0
ring_132842.csv,13:28:24.390,13:28:42.790,231,80.0,0,vDcInst/idc_units/iq_shed,482.79,505.27,5.77,7.61,1.0,1.0
ring_132907.csv,13:28:47.854,13:29:07.294,244,80.0,0,vDcInst/idc_units/iq_shed,484.96,505.75,5.78,7.61,1.0,1.0
ring_132931.csv,13:29:12.951,13:29:31.431,232,80.0,0,vDcInst/idc_units/iq_shed,484.48,501.16,6.35,7.66,1.0,1.0
ring_132956.csv,13:29:36.638,13:29:56.078,244,80.0,0,vDcInst/idc_units/iq_shed,486.17,502.61,6.25,7.58,1.0,1.0
ring_133020.csv,13:30:01.766,13:30:20.086,230,80.0,0,vDcInst/idc_units/iq_shed,488.35,503.34,6.23,7.53,1.0,1.0
ring_133043.csv,13:30:25.296,13:30:43.776,232,80.0,0,vDcInst/idc_units/iq_shed,487.86,499.95,6.74,7.65,1.0,1.0
ring_133107.csv,13:30:48.920,13:31:07.400,232,80.0,0,vDcInst/idc_units/iq_shed,487.38,500.92,6.66,7.7,1.0,1.0
ring_133131.csv,13:31:12.847,13:31:31.327,232,80.0,0,vDcInst/idc_units/iq_shed,488.1,501.16,6.61,7.67,1.0,1.0
ring_133155.csv,13:31:36.873,13:31:55.193,230,80.0,0,vDcInst/idc_units/iq_shed,488.83,500.92,6.65,7.68,1.0,1.0
ring_133218.csv,13:32:00.288,13:32:18.608,230,80.0,0,vDcInst/idc_units/iq_shed,487.38,501.89,6.61,7.81,1.0,1.0
ring_133242.csv,13:32:23.913,13:32:42.313,231,80.0,0,vDcInst/idc_units/iq_shed,490.04,498.5,7.03,7.61,1.0,1.0
ring_133305.csv,13:32:47.472,13:33:05.792,230,80.0,0,vDcInst/idc_units/iq_shed,491.01,498.98,7.03,7.59,1.0,1.0
ring_133329.csv,13:33:11.049,13:33:29.529,232,80.0,0,vDcInst/idc_units/iq_shed,491.73,499.47,7.01,7.59,1.0,1.0
ring_133353.csv,13:33:35.521,13:33:53.921,231,80.0,0,vDcInst/idc_units/iq_shed,490.28,500.19,6.99,7.8,1.0,1.0
ring_133417.csv,13:33:59.322,13:34:17.722,231,80.0,0,vDcInst/idc_units/iq_shed,490.52,497.53,7.24,7.8,1.0,1.0
ring_133441.csv,13:34:22.866,13:34:41.266,231,80.0,0,vDcInst/idc_units/iq_shed,491.25,498.26,7.33,7.78,1.0,1.0
ring_133504.csv,13:34:46.315,13:35:04.715,231,80.0,0,vDcInst/idc_units/iq_shed,490.76,499.95,7.07,7.87,1.0,1.0
ring_133528.csv,13:35:09.939,13:35:28.339,231,80.0,0,vDcInst/idc_units/iq_shed,490.76,498.26,7.34,7.87,1.0,1.0
ring_133552.csv,13:35:33.612,13:35:52.012,231,80.0,0,vDcInst/idc_units/iq_shed,491.49,498.74,7.31,7.86,1.0,1.0
ring_133615.csv,13:35:57.461,13:36:15.941,232,80.0,0,vDcInst/idc_units/iq_shed,491.01,498.74,7.32,7.88,1.0,1.0
ring_133639.csv,13:36:21.068,13:36:39.468,231,80.0,0,vDcInst/idc_units/iq_shed,491.73,498.98,7.31,7.85,1.0,1.0
ring_133703.csv,13:36:44.629,13:37:03.029,231,80.0,0,vDcInst/idc_units/iq_shed,491.73,498.98,7.31,7.84,1.0,1.0
ring_133726.csv,13:37:08.141,13:37:26.541,231,80.0,0,vDcInst/idc_units/iq_shed,492.21,497.29,7.51,7.84,1.0,1.0
ring_133750.csv,13:37:32.245,13:37:50.645,231,80.0,0,vDcInst/idc_units/iq_shed,490.04,497.53,7.48,8.0,1.0,1.0
ring_133814.csv,13:37:56.046,13:38:14.446,231,80.0,0,vDcInst/idc_units/iq_shed,490.76,497.78,7.5,7.99,1.0,1.0
ring_133839.csv,13:38:20.629,13:38:39.029,231,80.0,0,vDcInst/idc_units/iq_shed,492.21,497.78,7.5,7.84,1.0,1.0
ring_133902.csv,13:38:44.333,13:39:02.733,231,80.0,0,vDcInst/idc_units/iq_shed,491.97,497.05,7.52,7.85,1.0,1.0
ring_133926.csv,13:39:07.974,13:39:26.294,230,80.0,0,vDcInst/idc_units/iq_shed,491.73,498.26,7.3,7.84,1.0,1.0
ring_133949.csv,13:39:31.455,13:39:49.855,231,80.0,0,vDcInst/idc_units/iq_shed,490.52,498.5,7.3,7.85,1.0,1.0
ring_134013.csv,13:39:54.966,13:40:13.366,231,80.0,0,vDcInst/idc_units/iq_shed,490.28,498.02,7.23,7.85,1.0,1.0
ring_134036.csv,13:40:18.559,13:40:36.959,231,80.0,0,vDcInst/idc_units/iq_shed,491.97,497.53,7.25,7.68,1.0,1.0
ring_134100.csv,13:40:42.072,13:41:00.552,232,80.0,0,vDcInst/idc_units/iq_shed,488.83,499.23,6.99,7.84,1.0,1.0
ring_134125.csv,13:41:06.751,13:41:25.231,232,80.0,0,vDcInst/idc_units/iq_shed,487.62,498.5,7.02,7.85,1.0,1.0
ring_134148.csv,13:41:30.520,13:41:48.840,230,80.0,0,vDcInst/idc_units/iq_shed,489.07,498.26,7.03,7.73,1.0,1.0
ring_134213.csv,13:41:53.984,13:42:13.424,244,80.0,0,vDcInst/idc_units/iq_shed,488.1,497.53,7.06,7.72,1.0,1.0
ring_134237.csv,13:42:19.064,13:42:37.384,230,80.0,0,vDcInst/idc_units/iq_shed,486.41,501.89,6.53,7.82,1.0,1.0
ring_134301.csv,13:42:42.689,13:43:01.089,231,80.0,0,vDcInst/idc_units/iq_shed,484.0,501.16,6.57,7.97,1.0,1.0
ring_134324.csv,13:43:06.297,13:43:24.617,230,80.0,0,vDcInst/idc_units/iq_shed,482.79,500.43,6.57,7.98,1.0,1.0
ring_134348.csv,13:43:29.873,13:43:48.193,230,80.0,0,vDcInst/idc_units/iq_shed,484.48,500.68,6.6,7.89,1.0,1.0
ring_134411.csv,13:43:52.779,13:44:11.899,240,80.0,0,vDcInst/idc_units/iq_shed,487.14,499.47,6.65,7.59,1.0,1.0
ring_134437.csv,13:44:17.922,13:44:37.282,243,80.0,0,vDcInst/idc_units/iq_shed,486.65,498.74,6.67,7.61,1.0,1.0
ring_134501.csv,13:44:42.859,13:45:01.179,230,80.0,0,vDcInst/idc_units/iq_shed,481.58,504.3,6.01,7.9,1.0,1.0
ring_134525.csv,13:45:06.483,13:45:25.043,233,80.0,0,vDcInst/idc_units/iq_shed,481.34,502.85,6.13,7.9,1.0,1.0
ring_134548.csv,13:45:30.394,13:45:48.794,231,80.0,0,vDcInst/idc_units/iq_shed,484.72,502.61,6.2,7.66,1.0,1.0
ring_134613.csv,13:45:54.932,13:46:13.412,232,80.0,0,vDcInst/idc_units/iq_shed,484.48,501.64,6.22,7.62,1.0,1.0
ring_134637.csv,13:46:18.780,13:46:37.260,232,80.0,0,vDcInst/idc_units/iq_shed,483.51,500.92,6.27,7.63,1.0,1.0
ring_134701.csv,13:46:42.628,13:47:01.028,231,80.0,0,vDcInst/idc_units/iq_shed,483.51,500.68,6.25,7.64,1.0,1.0
ring_134724.csv,13:47:06.253,13:47:24.653,231,80.0,0,vDcInst/idc_units/iq_shed,482.79,500.92,6.27,7.64,1.0,1.0
ring_134748.csv,13:47:29.796,13:47:48.116,230,80.0,0,vDcInst/idc_units/iq_shed,483.51,500.68,6.28,7.63,1.0,1.0
ring_134812.csv,13:47:53.388,13:48:12.748,243,80.0,0,vDcInst/idc_units/iq_shed,482.54,500.68,6.27,7.64,1.0,1.0
ring_134836.csv,13:48:18.358,13:48:36.758,231,80.0,0,vDcInst/idc_units/iq_shed,483.03,500.43,6.28,7.66,1.0,1.0
ring_134900.csv,13:48:42.029,13:49:00.509,232,80.0,0,vDcInst/idc_units/iq_shed,482.54,500.19,6.28,7.66,1.0,1.0
ring_134924.csv,13:49:06.070,13:49:24.550,232,80.0,0,vDcInst/idc_units/iq_shed,482.54,500.68,6.29,7.64,1.0,1.0
ring_134948.csv,13:49:29.886,13:49:48.286,231,80.0,0,vDcInst/idc_units/iq_shed,483.27,500.68,6.3,7.67,1.0,1.0
ring_135011.csv,13:49:53.511,13:50:11.911,231,80.0,0,vDcInst/idc_units/iq_shed,483.27,500.68,6.26,7.65,1.0,1.0
ring_135035.csv,13:50:17.007,13:50:35.487,232,80.0,0,vDcInst/idc_units/iq_shed,483.75,501.16,6.27,7.65,1.0,1.0
ring_135059.csv,13:50:40.662,13:50:59.622,238,80.0,0,vDcInst/idc_units/iq_shed,485.2,501.89,6.28,7.64,1.0,1.0
ring_135123.csv,13:51:05.087,13:51:23.407,230,80.0,0,vDcInst/idc_units/iq_shed,484.72,501.64,6.26,7.64,1.0,1.0
ring_135147.csv,13:51:28.552,13:51:47.032,232,80.0,0,vDcInst/idc_units/iq_shed,486.41,501.89,6.26,7.61,1.0,1.0
ring_135210.csv,13:51:52.384,13:52:10.704,230,80.0,0,vDcInst/idc_units/iq_shed,487.14,502.85,6.27,7.62,1.0,1.0
ring_135234.csv,13:52:15.993,13:52:34.473,232,80.0,0,vDcInst/idc_units/iq_shed,481.82,503.09,6.24,8.0,1.0,1.0
ring_135258.csv,13:52:40.160,13:52:58.560,231,80.0,0,vDcInst/idc_units/iq_shed,486.17,500.43,6.72,7.82,1.0,1.0
ring_135322.csv,13:53:03.849,13:53:22.249,231,80.0,0,vDcInst/idc_units/iq_shed,487.14,501.64,6.69,7.91,1.0,1.0
ring_135345.csv,13:53:27.408,13:53:45.888,232,80.0,0,vDcInst/idc_units/iq_shed,489.8,498.5,7.1,7.7,1.0,1.0
ring_135409.csv,13:53:51.098,13:54:09.498,231,80.0,0,vDcInst/idc_units/iq_shed,488.83,499.71,7.08,7.88,1.0,1.0
ring_135433.csv,13:54:14.995,13:54:33.475,232,80.0,0,vDcInst/idc_units/iq_shed,490.76,498.5,7.33,7.86,1.0,1.0
ring_135457.csv,13:54:38.937,13:54:57.337,231,80.0,0,vDcInst/idc_units/iq_shed,490.52,499.23,7.32,7.98,1.0,1.0
ring_135520.csv,13:55:02.483,13:55:20.883,231,80.0,0,vDcInst/idc_units/iq_shed,491.01,498.26,7.51,8.0,1.0,1.0
ring_135544.csv,13:55:26.058,13:55:44.538,232,80.0,0,vDcInst/idc_units/iq_shed,490.52,498.74,7.5,8.14,1.0,1.0
ring_135608.csv,13:55:49.955,13:56:08.355,231,80.0,0,vDcInst/idc_units/iq_shed,490.76,498.98,7.64,8.27,1.0,1.0
ring_135631.csv,13:56:13.483,13:56:31.883,231,80.0,0,vDcInst/idc_units/iq_shed,489.31,498.5,7.8,8.42,1.0,1.0
ring_135655.csv,13:56:37.156,13:56:55.476,230,80.0,0,vDcInst/idc_units/iq_shed,491.25,498.02,7.92,8.4,1.0,1.0
ring_135718.csv,13:57:00.588,13:57:18.908,230,80.0,0,vDcInst/idc_units/iq_shed,491.49,498.26,8.06,8.53,1.0,1.0
ring_135742.csv,13:57:24.116,13:57:42.516,231,80.0,0,vDcInst/idc_units/iq_shed,491.49,498.98,8.06,8.65,1.0,1.0
ring_135806.csv,13:57:47.758,13:58:06.158,231,80.0,0,vDcInst/idc_units/iq_shed,491.97,497.78,8.34,8.79,1.0,1.0
ring_135829.csv,13:58:11.317,13:58:29.637,230,80.0,0,vDcInst/idc_units/iq_shed,491.01,498.5,8.31,8.93,1.0,1.0
ring_135853.csv,13:58:34.782,13:58:53.262,232,80.0,0,vDcInst/idc_units/iq_shed,489.8,498.5,8.45,9.07,1.0,1.0
ring_135916.csv,13:58:58.454,13:59:16.854,231,80.0,0,vDcInst/idc_units/iq_shed,491.73,498.5,8.59,9.06,1.0,1.0
ring_135940.csv,13:59:22.271,13:59:40.671,231,80.0,0,vDcInst/idc_units/iq_shed,490.52,498.74,8.59,9.2,1.0,1.0
ring_140004.csv,13:59:45.894,14:00:04.214,230,80.0,0,vDcInst/idc_units/iq_shed,491.49,499.23,8.71,9.34,1.0,1.0
ring_140027.csv,14:00:09.488,14:00:27.808,230,80.0,0,vDcInst/idc_units/iq_shed,491.73,498.5,9.0,9.47,1.0,1.0
ring_140051.csv,14:00:32.904,14:00:51.384,232,80.0,0,vDcInst/idc_units/iq_shed,490.76,498.5,9.11,9.78,1.0,1.0
ring_140115.csv,14:00:56.593,14:01:15.553,238,80.0,0,vDcInst/idc_units/iq_shed,491.01,498.98,9.26,9.92,1.0,1.0
ring_140139.csv,14:01:21.016,14:01:39.416,231,80.0,0,vDcInst/idc_units/iq_shed,490.76,498.26,9.41,10.08,1.0,1.0
ring_140203.csv,14:01:44.865,14:02:03.345,232,80.0,0,vDcInst/idc_units/iq_shed,491.25,498.5,9.56,10.25,1.0,1.0
ring_140227.csv,14:02:08.888,14:02:27.208,230,80.0,0,vDcInst/idc_units/iq_shed,490.28,498.74,9.84,10.54,1.0,1.0
ring_140250.csv,14:02:32.304,14:02:50.704,231,80.0,0,vDcInst/idc_units/iq_shed,489.56,498.98,9.92,10.77,1.0,1.0
ring_140314.csv,14:02:55.881,14:03:14.281,231,80.0,0,vDcInst/idc_units/iq_shed,490.04,498.74,10.16,10.91,1.0,1.0
ring_140337.csv,14:03:19.409,14:03:37.729,230,80.0,0,vDcInst/idc_units/iq_shed,489.31,498.98,10.32,11.25,1.0,1.0
ring_140402.csv,14:03:42.986,14:04:02.426,244,80.0,0,vDcInst/idc_units/iq_shed,490.04,499.23,10.61,11.42,1.0,1.0
ring_140426.csv,14:04:08.050,14:04:26.450,231,80.0,0,vDcInst/idc_units/iq_shed,490.52,499.23,10.78,11.76,1.0,1.0
ring_140450.csv,14:04:31.659,14:04:50.059,231,80.0,0,vDcInst/idc_units/iq_shed,490.28,498.98,11.13,11.95,1.0,1.0
ring_140513.csv,14:04:55.187,14:05:13.747,233,80.0,0,vDcInst/idc_units/iq_shed,489.56,498.5,11.48,12.32,1.0,1.0
ring_140537.csv,14:05:19.195,14:05:37.675,232,80.0,0,vDcInst/idc_units/iq_shed,489.31,498.26,11.67,12.72,1.0,1.0
ring_140601.csv,14:05:43.171,14:06:01.571,231,80.0,0,vDcInst/idc_units/iq_shed,489.56,498.26,12.03,13.06,1.0,1.0
ring_140625.csv,14:06:06.717,14:06:25.117,231,80.0,0,vDcInst/idc_units/iq_shed,488.35,498.02,12.41,13.32,1.0,1.0
ring_140649.csv,14:06:30.245,14:06:49.685,244,80.0,0,vDcInst/idc_units/iq_shed,488.83,498.26,12.78,13.72,1.0,1.0
ring_140713.csv,14:06:55.325,14:07:13.725,231,80.0,0,vDcInst/idc_units/iq_shed,484.72,498.02,13.0,14.69,1.0,1.0
ring_140737.csv,14:07:18.948,14:07:37.348,231,80.0,0,vDcInst/idc_units/iq_shed,484.48,498.02,13.39,15.16,1.0,1.0
ring_140800.csv,14:07:42.492,14:08:00.892,231,80.0,0,vDcInst/idc_units/iq_shed,488.1,498.26,13.81,15.04,1.0,1.0
ring_140824.csv,14:08:06.037,14:08:24.437,231,80.0,0,vDcInst/idc_units/iq_shed,487.38,497.78,14.23,15.28,1.0,1.0
ring_140848.csv,14:08:29.534,14:08:48.014,232,80.0,0,vDcInst/idc_units/iq_shed,487.38,496.32,14.64,15.74,1.0,1.0
ring_140911.csv,14:08:53.207,14:09:11.527,230,80.0,0,vDcInst/idc_units/iq_shed,482.79,512.52,13.49,16.62,1.0,1.0
ring_140935.csv,14:09:16.672,14:09:35.152,232,80.0,0,vDcInst/idc_units/iq_shed,485.69,499.23,15.0,16.57,1.0,1.0
ring_140959.csv,14:09:41.351,14:09:59.751,231,80.0,0,vDcInst/idc_units/iq_shed,488.35,510.59,14.16,16.73,1.0,1.0
ring_141023.csv,14:10:05.023,14:10:23.343,230,80.0,0,vDcInst/idc_units/iq_shed,493.42,515.91,15.1,17.3,1.0,1.0
ring_141046.csv,14:10:28.568,14:10:46.968,231,80.0,0,vDcInst/idc_units/iq_shed,505.75,516.87,14.63,19.68,1.0,1.0
ring_141110.csv,14:10:52.080,14:11:10.480,231,80.0,0,vDcInst/idc_units/iq_shed,375.2,495.36,16.52,23.2,0.69,1.0
ring_141134.csv,14:11:15.688,14:11:34.168,232,80.0,0,vDcInst/idc_units/iq_shed,483.51,503.34,17.31,18.59,0.999,1.0
ring_141158.csv,14:11:39.649,14:11:58.049,231,80.0,0,vDcInst/idc_units/iq_shed,484.48,518.81,15.68,18.59,1.0,1.0
ring_141221.csv,14:12:03.177,14:12:21.657,232,80.0,0,vDcInst/idc_units/iq_shed,502.13,524.37,14.88,16.91,1.0,1.0
ring_141247.csv,14:12:27.280,14:12:47.280,251,80.0,0,vDcInst/idc_units/iq_shed,483.27,498.02,15.1,16.81,1.0,1.0
ring_141311.csv,14:12:53.178,14:13:11.498,230,80.0,0,vDcInst/idc_units/iq_shed,480.61,492.7,15.81,17.7,1.0,1.0
ring_141335.csv,14:13:16.657,14:13:35.137,232,80.0,0,vDcInst/idc_units/iq_shed,484.72,490.52,15.53,16.08,1.0,1.0
ring_141359.csv,14:13:40.314,14:13:59.194,237,80.0,0,vDcInst/idc_units/iq_shed,482.54,504.06,14.14,16.39,1.0,1.0
ring_141423.csv,14:14:04.737,14:14:23.057,230,80.0,0,vDcInst/idc_units/iq_shed,491.25,520.02,12.76,18.37,1.0,1.0
ring_141446.csv,14:14:28.187,14:14:46.587,231,80.0,0,vDcInst/idc_units/iq_shed,466.35,487.14,19.78,21.97,1.0,1.0
ring_141510.csv,14:14:51.747,14:15:10.067,230,80.0,0,vDcInst/idc_units/iq_shed,454.26,487.86,16.92,20.07,1.0,1.0
ring_141533.csv,14:15:15.244,14:15:33.644,231,80.0,0,vDcInst/idc_units/iq_shed,484.48,501.89,13.71,15.86,1.0,1.0
ring_141557.csv,14:15:38.804,14:15:57.204,231,80.0,0,vDcInst/idc_units/iq_shed,484.72,491.25,14.84,15.35,1.0,1.0
ring_141620.csv,14:16:02.349,14:16:20.749,231,80.0,0,vDcInst/idc_units/iq_shed,484.0,491.25,14.59,15.38,1.0,1.0
ring_141645.csv,14:16:25.875,14:16:45.395,245,80.0,0,vDcInst/idc_units/iq_shed,485.2,490.76,14.61,15.12,1.0,1.0
ring_141709.csv,14:16:51.020,14:17:09.500,232,80.0,0,vDcInst/idc_units/iq_shed,484.48,491.97,14.37,15.14,1.0,1.0
ring_141734.csv,14:17:14.644,14:17:34.084,244,80.0,0,vDcInst/idc_units/iq_shed,484.96,491.97,14.37,15.14,1.0,1.0
ring_141758.csv,14:17:39.740,14:17:58.140,231,80.0,0,vDcInst/idc_units/iq_shed,484.96,492.7,14.39,15.14,1.0,1.0
ring_141821.csv,14:18:03.334,14:18:21.734,231,80.0,0,vDcInst/idc_units/iq_shed,483.27,492.7,14.39,15.39,1.0,1.0
ring_141845.csv,14:18:26.989,14:18:45.309,230,80.0,0,vDcInst/idc_units/iq_shed,483.75,493.18,14.58,15.65,1.0,1.0
ring_141908.csv,14:18:50.550,14:19:08.950,231,80.0,0,vDcInst/idc_units/iq_shed,470.94,488.83,15.79,17.99,1.0,1.0
ring_141932.csv,14:19:14.078,14:19:32.478,231,80.0,0,vDcInst/idc_units/iq_shed,483.51,491.01,14.86,15.9,1.0,1.0
ring_141956.csv,14:19:37.622,14:19:56.102,232,80.0,0,vDcInst/idc_units/iq_shed,485.2,491.97,14.59,15.37,1.0,1.0
ring_142019.csv,14:20:01.568,14:20:19.968,231,80.0,0,vDcInst/idc_units/iq_shed,484.24,493.91,14.58,15.62,1.0,1.0
ring_142043.csv,14:20:25.046,14:20:43.446,231,80.0,0,vDcInst/idc_units/iq_shed,485.2,492.7,14.59,15.38,1.0,1.0
ring_142107.csv,14:20:48.656,14:21:07.136,232,80.0,0,vDcInst/idc_units/iq_shed,484.72,491.73,14.61,15.38,1.0,1.0
ring_142130.csv,14:21:12.247,14:21:30.647,231,80.0,0,vDcInst/idc_units/iq_shed,485.45,491.97,14.62,15.14,1.0,1.0
ring_142154.csv,14:21:35.824,14:21:54.144,230,80.0,0,vDcInst/idc_units/iq_shed,484.72,491.73,14.41,15.16,1.0,1.0
ring_142217.csv,14:21:59.401,14:22:17.721,230,80.0,0,vDcInst/idc_units/iq_shed,485.45,491.01,14.42,14.93,1.0,1.0
ring_142241.csv,14:22:22.848,14:22:41.808,238,80.0,0,vDcInst/idc_units/iq_shed,485.93,492.21,14.19,14.7,1.0,1.0
ring_142305.csv,14:22:47.370,14:23:05.770,231,80.0,0,vDcInst/idc_units/iq_shed,486.65,492.21,14.0,14.48,1.0,1.0
ring_142329.csv,14:23:11.234,14:23:29.554,230,80.0,0,vDcInst/idc_units/iq_shed,486.17,491.49,13.99,14.48,1.0,1.0
ring_142353.csv,14:23:34.794,14:23:53.114,230,80.0,0,vDcInst/idc_units/iq_shed,485.69,492.21,13.78,14.52,1.0,1.0
ring_142416.csv,14:23:58.355,14:24:16.755,231,80.0,0,vDcInst/idc_units/iq_shed,486.65,492.21,13.79,14.28,1.0,1.0
ring_142440.csv,14:24:21.899,14:24:40.299,231,80.0,0,vDcInst/idc_units/iq_shed,486.17,493.18,13.57,14.3,1.0,1.0
ring_142503.csv,14:24:45.428,14:25:03.828,231,80.0,0,vDcInst/idc_units/iq_shed,485.69,492.94,13.58,14.29,1.0,1.0
ring_142528.csv,14:25:09.099,14:25:28.539,244,80.0,0,vDcInst/idc_units/iq_shed,486.65,492.94,13.59,14.1,1.0,1.0
ring_142552.csv,14:25:34.130,14:25:52.530,231,80.0,0,vDcInst/idc_units/iq_shed,485.2,492.46,13.59,14.3,1.0,1.0
ring_142616.csv,14:25:57.804,14:26:16.204,231,80.0,0,vDcInst/idc_units/iq_shed,485.2,492.7,13.59,14.31,1.0,1.0
ring_142639.csv,14:26:21.333,14:26:39.733,231,80.0,0,vDcInst/idc_units/iq_shed,485.93,492.94,13.56,14.31,1.0,1.0
ring_142703.csv,14:26:44.876,14:27:03.276,231,80.0,0,vDcInst/idc_units/iq_shed,486.65,494.15,13.57,14.26,1.0,1.0
ring_142726.csv,14:27:08.404,14:27:26.884,232,80.0,0,vDcInst/idc_units/iq_shed,485.69,493.18,13.77,14.51,1.0,1.0
ring_142750.csv,14:27:32.381,14:27:50.781,231,80.0,0,vDcInst/idc_units/iq_shed,484.0,492.94,13.97,14.98,1.0,1.0
ring_142814.csv,14:27:55.958,14:28:14.358,231,80.0,0,vDcInst/idc_units/iq_shed,484.0,494.15,14.14,15.41,1.0,1.0
ring_142837.csv,14:28:19.501,14:28:37.901,231,80.0,0,vDcInst/idc_units/iq_shed,487.38,499.95,13.79,17.72,1.0,1.0
ring_142901.csv,14:28:43.013,14:29:01.413,231,80.0,0,vDcInst/idc_units/iq_shed,456.43,495.36,17.54,20.86,1.0,1.0
ring_142925.csv,14:29:06.559,14:29:25.039,232,80.0,0,vDcInst/idc_units/iq_shed,482.79,495.6,14.33,16.0,0.999,1.0
ring_142948.csv,14:29:30.214,14:29:48.534,230,80.0,0,vDcInst/idc_units/iq_shed,474.57,491.97,15.11,16.97,1.0,1.0
ring_143013.csv,14:29:53.679,14:30:13.119,244,80.0,0,vDcInst/idc_units/iq_shed,482.54,492.7,15.31,16.71,1.0,1.0
ring_143037.csv,14:30:18.744,14:30:37.224,232,80.0,0,vDcInst/idc_units/iq_shed,477.95,496.81,15.67,19.18,1.0,1.0
ring_143100.csv,14:30:42.479,14:31:00.879,231,80.0,0,vDcInst/idc_units/iq_shed,476.98,491.25,17.85,19.78,1.0,1.0
ring_143124.csv,14:31:05.976,14:31:24.376,231,80.0,0,vDcInst/idc_units/iq_shed,471.18,493.42,16.22,19.06,1.0,1.0
ring_143147.csv,14:31:29.471,14:31:47.951,232,80.0,0,vDcInst/idc_units/iq_shed,469.01,484.0,19.52,26.87,1.0,1.0
ring_143211.csv,14:31:53.096,14:32:11.416,230,80.0,0,vDcInst/idc_units/iq_shed,472.15,492.21,25.2,27.98,1.0,1.0
ring_143235.csv,14:32:16.673,14:32:35.153,232,80.0,0,vDcInst/idc_units/iq_shed,476.5,487.62,25.55,27.61,1.0,1.0
ring_143300.csv,14:32:40.649,14:33:00.009,243,80.0,0,vDcInst/idc_units/iq_shed,457.64,484.24,25.78,27.42,1.0,1.0
ring_143324.csv,14:33:05.682,14:33:24.082,231,80.0,0,vDcInst/idc_units/iq_shed,464.65,495.84,23.59,28.14,1.0,1.0
ring_143347.csv,14:33:29.338,14:33:47.898,233,80.0,0,vDcInst/idc_units/iq_shed,477.71,493.67,25.34,28.87,1.0,1.0
ring_143411.csv,14:33:53.409,14:34:11.809,231,80.0,0,vDcInst/idc_units/iq_shed,475.05,486.41,27.52,29.35,1.0,1.0
ring_143435.csv,14:34:17.259,14:34:35.659,231,80.0,0,vDcInst/idc_units/iq_shed,474.81,482.3,28.25,29.37,1.0,1.0
ring_143500.csv,14:34:40.819,14:35:00.259,244,80.0,0,vDcInst/idc_units/iq_shed,474.08,484.0,27.9,29.68,1.0,1.0
ring_143524.csv,14:35:05.915,14:35:24.315,231,80.0,0,vDcInst/idc_units/iq_shed,475.78,481.58,28.73,29.79,1.0,1.0
ring_143548.csv,14:35:29.522,14:35:48.962,244,80.0,0,vDcInst/idc_units/iq_shed,473.84,479.16,29.59,29.84,1.0,1.0
ring_143613.csv,14:35:54.651,14:36:13.051,231,80.0,0,vDcInst/idc_units/iq_shed,470.7,476.26,29.6,29.84,1.0,1.0
ring_143636.csv,14:36:18.275,14:36:36.595,230,80.0,0,vDcInst/idc_units/iq_shed,469.49,474.08,29.62,29.83,1.0,1.0
ring_143700.csv,14:36:41.804,14:37:00.284,232,80.0,0,vDcInst/idc_units/iq_shed,469.73,473.6,29.61,29.89,1.0,1.0
ring_143723.csv,14:37:05.476,14:37:23.876,231,80.0,0,vDcInst/idc_units/iq_shed,357.8,476.74,12.49,29.85,0.577,1.0
ring_143747.csv,14:37:29.004,14:37:47.404,231,80.0,0,vDcInst/idc_units/iq_shed,439.75,461.27,13.92,16.29,1.0,1.0
ring_143810.csv,14:37:52.532,14:38:10.932,231,80.0,0,vDcInst/idc_units/iq_shed,457.4,468.76,13.32,14.53,1.0,1.0
ring_143835.csv,14:38:16.029,14:38:35.469,244,80.0,0,vDcInst/idc_units/iq_shed,319.6,450.15,5.64,10.55,0.343,1.0
ring_143859.csv,14:38:41.270,14:38:59.670,231,80.0,0,vDcInst/idc_units/iq_shed,427.42,464.41,5.1,6.78,1.0,1.0
ring_143923.csv,14:39:04.925,14:39:23.245,230,80.0,0,vDcInst/idc_units/iq_shed,455.47,504.79,5.07,7.13,1.0,1.0
ring_143946.csv,14:39:28.406,14:39:46.806,231,80.0,0,vDcInst/idc_units/iq_shed,481.58,496.32,8.75,12.56,1.0,1.0
ring_144010.csv,14:39:51.950,14:40:10.350,231,80.0,0,vDcInst/idc_units/iq_shed,457.4,476.74,13.88,17.18,1.0,1.0
ring_144033.csv,14:40:15.575,14:40:33.895,230,80.0,0,vDcInst/idc_units/iq_shed,457.64,465.38,16.0,16.86,1.0,1.0
ring_144058.csv,14:40:39.151,14:40:58.511,243,80.0,0,vDcInst/idc_units/iq_shed,454.74,462.24,16.29,16.83,1.0,1.0
ring_144122.csv,14:41:04.135,14:41:22.615,232,80.0,0,vDcInst/idc_units/iq_shed,452.08,520.98,13.55,16.65,1.0,1.0
ring_144146.csv,14:41:27.888,14:41:46.288,231,80.0,0,vDcInst/idc_units/iq_shed,488.83,509.86,18.05,25.17,1.0,1.0
ring_144209.csv,14:41:51.417,14:42:09.817,231,80.0,0,vDcInst/idc_units/iq_shed,469.97,481.58,27.54,29.74,1.0,1.0
ring_144234.csv,14:42:14.960,14:42:34.480,245,80.0,0,vDcInst/idc_units/iq_shed,469.97,477.47,28.58,29.67,1.0,1.0
ring_144258.csv,14:42:40.008,14:42:58.328,230,80.0,0,vDcInst/idc_units/iq_shed,471.67,477.47,28.53,29.32,1.0,1.0
ring_144322.csv,14:43:03.713,14:43:22.113,231,80.0,0,vDcInst/idc_units/iq_shed,469.97,478.19,28.2,29.35,1.0,1.0
ring_144345.csv,14:43:27.290,14:43:45.690,231,80.0,0,vDcInst/idc_units/iq_shed,471.18,480.13,27.52,28.94,1.0,1.0
ring_144409.csv,14:43:50.866,14:44:09.186,230,80.0,0,vDcInst/idc_units/iq_shed,471.91,480.37,27.84,28.95,1.0,1.0
ring_144432.csv,14:44:14.442,14:44:32.842,231,80.0,0,vDcInst/idc_units/iq_shed,471.18,479.16,27.54,28.67,1.0,1.0
ring_144456.csv,14:44:37.955,14:44:56.355,231,80.0,0,vDcInst/idc_units/iq_shed,471.91,479.89,26.88,28.18,1.0,1.0
ring_144519.csv,14:45:01.483,14:45:19.803,230,80.0,0,vDcInst/idc_units/iq_shed,472.39,479.89,26.85,28.1,1.0,1.0
ring_144543.csv,14:45:25.092,14:45:43.492,231,80.0,0,vDcInst/idc_units/iq_shed,472.15,476.74,26.99,27.94,1.0,1.0
ring_144606.csv,14:45:48.653,14:46:06.973,230,80.0,0,vDcInst/idc_units/iq_shed,470.46,479.4,26.03,27.43,1.0,1.0
ring_144630.csv,14:46:12.197,14:46:30.677,232,80.0,0,vDcInst/idc_units/iq_shed,459.58,478.92,26.0,26.85,1.0,1.0
ring_144654.csv,14:46:35.821,14:46:54.141,230,80.0,0,vDcInst/idc_units/iq_shed,377.86,484.96,19.31,26.04,0.717,1.0
ring_144717.csv,14:46:59.350,14:47:17.750,231,80.0,0,vDcInst/idc_units/iq_shed,381.73,490.52,16.08,21.04,0.723,1.0
ring_144742.csv,14:47:22.863,14:47:42.383,245,80.0,0,vDcInst/idc_units/iq_shed,486.9,495.84,17.66,20.47,1.0,1.0
ring_144806.csv,14:47:48.022,14:48:06.422,231,80.0,0,vDcInst/idc_units/iq_shed,466.1,486.41,20.96,21.56,1.0,1.0
ring_144830.csv,14:48:11.678,14:48:30.158,232,80.0,0,vDcInst/idc_units/iq_shed,467.8,487.86,18.82,20.98,1.0,1.0
ring_144854.csv,14:48:35.622,14:48:54.022,231,80.0,0,vDcInst/idc_units/iq_shed,474.81,496.57,17.12,20.35,1.0,1.0
ring_144917.csv,14:48:59.199,14:49:17.519,230,80.0,0,vDcInst/idc_units/iq_shed,468.28,500.19,17.56,24.45,1.0,1.0
ring_144941.csv,14:49:22.712,14:49:41.192,232,80.0,0,vDcInst/idc_units/iq_shed,469.97,488.35,22.1,25.99,1.0,1.0
ring_145004.csv,14:49:46.304,14:50:04.544,229,80.0,0,vDcInst/idc_units/iq_shed,464.17,498.26,19.13,23.16,1.0,1.0
ring_145028.csv,14:50:09.816,14:50:28.776,238,80.0,0,vDcInst/idc_units/iq_shed,475.78,499.71,20.51,26.52,1.0,1.0
ring_145052.csv,14:50:34.432,14:50:52.832,231,80.0,0,vDcInst/idc_units/iq_shed,467.31,483.51,24.4,26.7,1.0,1.0
ring_145116.csv,14:50:58.232,14:51:16.632,231,80.0,0,vDcInst/idc_units/iq_shed,465.62,484.0,22.63,24.89,1.0,1.0
ring_145140.csv,14:51:21.777,14:51:40.177,231,80.0,0,vDcInst/idc_units/iq_shed,469.49,486.41,22.6,24.72,1.0,1.0
ring_145203.csv,14:51:45.402,14:52:03.802,231,80.0,0,vDcInst/idc_units/iq_shed,453.78,471.67,22.23,24.99,1.0,1.0
ring_145227.csv,14:52:08.962,14:52:27.282,230,80.0,0,vDcInst/idc_units/iq_shed,454.98,495.84,17.97,20.34,1.0,1.0
ring_145250.csv,14:52:32.474,14:52:50.874,231,80.0,0,vDcInst/idc_units/iq_shed,349.58,492.94,12.61,17.68,0.535,1.0
ring_145314.csv,14:52:56.083,14:53:14.483,231,80.0,0,vDcInst/idc_units/iq_shed,470.46,489.56,13.07,14.8,1.0,1.0
ring_145338.csv,14:53:19.628,14:53:38.028,231,80.0,0,vDcInst/idc_units/iq_shed,478.68,487.38,12.65,13.54,1.0,1.0
ring_145401.csv,14:53:43.141,14:54:01.621,232,80.0,0,vDcInst/idc_units/iq_shed,479.89,487.38,12.62,13.28,1.0,1.0
ring_145425.csv,14:54:06.844,14:54:25.244,231,80.0,0,vDcInst/idc_units/iq_shed,479.89,510.35,12.11,13.81,1.0,1.0
ring_145449.csv,14:54:30.790,14:54:49.270,232,80.0,0,vDcInst/idc_units/iq_shed,482.54,502.13,11.94,13.03,1.0,1.0
ring_145513.csv,14:54:54.765,14:55:13.085,230,80.0,0,vDcInst/idc_units/iq_shed,482.3,488.35,12.42,12.86,1.0,1.0
ring_145536.csv,14:55:18.323,14:55:36.803,232,80.0,0,vDcInst/idc_units/iq_shed,483.51,490.76,12.01,12.64,1.0,1.0
ring_145600.csv,14:55:42.299,14:56:00.699,231,80.0,0,vDcInst/idc_units/iq_shed,482.54,506.48,10.72,13.04,1.0,1.0
ring_145624.csv,14:56:05.840,14:56:24.160,230,80.0,0,vDcInst/idc_units/iq_shed,481.34,499.23,11.64,13.23,1.0,1.0
ring_145647.csv,14:56:29.366,14:56:47.766,231,80.0,0,vDcInst/idc_units/iq_shed,515.42,529.69,9.58,11.74,1.0,1.0
ring_145711.csv,14:56:52.861,14:57:11.261,231,80.0,0,vDcInst/idc_units/iq_shed,491.97,510.83,12.95,15.1,1.0,1.0
ring_145735.csv,14:57:16.514,14:57:35.394,237,80.0,0,vDcInst/idc_units/iq_shed,482.79,519.29,13.37,15.81,1.0,1.0
ring_145759.csv,14:57:40.937,14:57:59.497,233,80.0,0,vDcInst/idc_units/iq_shed,344.74,516.87,11.8,17.41,0.51,1.0
ring_145823.csv,14:58:04.863,14:58:23.263,231,80.0,0,vDcInst/idc_units/iq_shed,490.76,517.6,13.35,14.15,1.0,1.0
ring_145846.csv,14:58:28.453,14:58:46.853,231,80.0,0,vDcInst/idc_units/iq_shed,514.46,520.26,14.24,15.7,1.0,1.0
ring_145910.csv,14:58:51.995,14:59:10.395,231,80.0,0,vDcInst/idc_units/iq_shed,475.29,511.56,12.62,15.43,1.0,1.0
ring_145933.csv,14:59:15.538,14:59:33.858,230,80.0,0,vDcInst/idc_units/iq_shed,478.92,489.07,11.66,12.74,1.0,1.0
ring_145957.csv,14:59:39.064,14:59:57.464,231,80.0,0,vDcInst/idc_units/iq_shed,482.79,490.04,11.48,12.1,1.0,1.0
ring_150021.csv,15:00:02.590,15:00:21.070,232,80.0,0,vDcInst/idc_units/iq_shed,484.24,490.04,11.47,11.88,1.0,1.0
ring_150044.csv,15:00:26.196,15:00:44.596,231,80.0,0,vDcInst/idc_units/iq_shed,482.79,490.76,11.45,12.07,1.0,1.0
ring_150108.csv,15:00:49.707,15:01:08.107,231,80.0,0,vDcInst/idc_units/iq_shed,483.75,490.76,11.45,12.05,1.0,1.0
ring_150131.csv,15:01:13.313,15:01:31.713,231,80.0,0,vDcInst/idc_units/iq_shed,484.48,492.21,11.44,12.05,1.0,1.0
ring_150155.csv,15:01:36.855,15:01:55.255,231,80.0,0,vDcInst/idc_units/iq_shed,483.27,491.49,11.61,12.43,1.0,1.0
ring_150219.csv,15:02:00.413,15:02:19.453,239,80.0,0,vDcInst/idc_units/iq_shed,484.24,491.97,11.77,12.41,1.0,1.0
ring_150243.csv,15:02:24.835,15:02:43.155,230,80.0,0,vDcInst/idc_units/iq_shed,485.45,492.21,11.76,12.38,1.0,1.0
ring_150306.csv,15:02:48.427,15:03:06.747,230,80.0,0,vDcInst/idc_units/iq_shed,484.96,493.18,11.92,12.55,1.0,1.0
ring_150330.csv,15:03:11.840,15:03:30.240,231,80.0,0,vDcInst/idc_units/iq_shed,485.2,494.39,11.88,12.91,1.0,1.0
ring_150354.csv,15:03:35.431,15:03:54.871,244,80.0,0,vDcInst/idc_units/iq_shed,483.51,499.23,12.24,14.08,1.0,1.0
ring_150418.csv,15:04:00.588,15:04:18.988,231,80.0,0,vDcInst/idc_units/iq_shed,485.69,505.51,12.64,14.08,1.0,1.0
ring_150442.csv,15:04:24.227,15:04:42.547,230,80.0,0,vDcInst/idc_units/iq_shed,486.41,494.15,12.24,12.87,1.0,1.0
ring_150506.csv,15:04:47.753,15:05:06.153,231,80.0,0,vDcInst/idc_units/iq_shed,480.85,494.15,12.42,13.97,1.0,1.0
ring_150529.csv,15:05:11.311,15:05:29.791,232,80.0,0,vDcInst/idc_units/iq_shed,481.82,497.53,12.16,13.53,1.0,1.0
ring_150553.csv,15:05:34.901,15:05:53.301,231,80.0,0,vDcInst/idc_units/iq_shed,480.85,496.81,12.54,14.54,1.0,1.0
ring_150616.csv,15:05:58.477,15:06:16.797,230,80.0,0,vDcInst/idc_units/iq_shed,484.24,525.34,12.3,15.46,1.0,1.0
ring_150640.csv,15:06:22.050,15:06:40.450,231,80.0,0,vDcInst/idc_units/iq_shed,494.63,521.47,15.07,21.75,1.0,1.0
ring_150703.csv,15:06:45.545,15:07:03.945,231,80.0,0,vDcInst/idc_units/iq_shed,476.98,488.83,23.71,25.61,1.0,1.0
ring_150727.csv,15:07:09.070,15:07:27.550,232,80.0,0,vDcInst/idc_units/iq_shed,371.58,498.02,18.28,25.01,0.662,1.0
ring_150751.csv,15:07:32.724,15:07:51.124,231,80.0,0,vDcInst/idc_units/iq_shed,494.15,504.79,19.62,21.67,1.0,1.0
ring_150814.csv,15:07:56.234,15:08:14.634,231,80.0,0,vDcInst/idc_units/iq_shed,468.04,492.7,21.12,22.83,1.0,1.0
ring_150838.csv,15:08:19.778,15:08:38.178,231,80.0,0,vDcInst/idc_units/iq_shed,456.68,492.21,17.48,20.4,1.0,1.0
ring_150901.csv,15:08:43.335,15:09:01.655,230,80.0,0,vDcInst/idc_units/iq_shed,503.82,513.25,14.41,18.55,1.0,1.0
ring_150925.csv,15:09:06.911,15:09:25.311,231,80.0,0,vDcInst/idc_units/iq_shed,470.94,498.5,20.69,22.57,1.0,1.0
ring_150948.csv,15:09:30.452,15:09:48.932,232,80.0,0,vDcInst/idc_units/iq_shed,477.95,502.13,18.16,21.17,1.0,1.0
ring_151012.csv,15:09:54.443,15:10:12.923,232,80.0,0,vDcInst/idc_units/iq_shed,349.82,490.28,14.17,19.53,0.53,1.0
ring_151036.csv,15:10:18.401,15:10:36.881,232,80.0,0,vDcInst/idc_units/iq_shed,456.68,493.42,12.81,16.06,1.0,1.0
ring_151100.csv,15:10:42.390,15:11:00.710,230,80.0,0,vDcInst/idc_units/iq_shed,471.67,490.04,12.31,14.22,1.0,1.0
ring_151124.csv,15:11:05.854,15:11:24.334,232,80.0,0,vDcInst/idc_units/iq_shed,479.4,489.8,11.83,12.87,1.0,1.0
ring_151147.csv,15:11:29.507,15:11:47.907,231,80.0,0,vDcInst/idc_units/iq_shed,484.96,489.56,11.66,12.03,1.0,1.0
ring_151211.csv,15:11:53.017,15:12:11.417,231,80.0,0,vDcInst/idc_units/iq_shed,484.0,489.56,11.61,12.03,1.0,1.0
ring_151234.csv,15:12:16.560,15:12:34.960,231,80.0,0,vDcInst/idc_units/iq_shed,484.96,490.28,11.42,11.83,1.0,1.0
ring_151258.csv,15:12:40.055,15:12:58.535,232,80.0,0,vDcInst/idc_units/iq_shed,486.17,491.25,11.24,11.65,1.0,1.0
ring_151322.csv,15:13:03.695,15:13:22.015,230,80.0,0,vDcInst/idc_units/iq_shed,485.2,492.7,11.07,11.63,1.0,1.0
ring_151346.csv,15:13:27.205,15:13:46.725,245,80.0,0,vDcInst/idc_units/iq_shed,484.48,492.46,10.97,11.73,1.0,1.0
ring_151412.csv,15:13:53.434,15:14:12.394,238,80.0,0,vDcInst/idc_units/iq_shed,480.37,498.5,11.12,12.52,1.0,1.0
ring_151436.csv,15:14:17.713,15:14:36.033,230,80.0,0,vDcInst/idc_units/iq_shed,476.98,491.25,11.02,12.37,1.0,1.0
ring_151459.csv,15:14:41.193,15:14:59.593,231,80.0,0,vDcInst/idc_units/iq_shed,484.0,491.73,10.79,11.36,1.0,1.0
ring_151523.csv,15:15:04.719,15:15:23.679,238,80.0,0,vDcInst/idc_units/iq_shed,486.17,491.49,10.64,11.02,1.0,1.0
ring_151547.csv,15:15:29.239,15:15:47.559,230,80.0,0,vDcInst/idc_units/iq_shed,485.93,492.46,10.47,11.03,1.0,1.0
ring_151611.csv,15:15:52.686,15:16:11.086,231,80.0,0,vDcInst/idc_units/iq_shed,486.41,492.7,10.47,10.84,1.0,1.0
ring_151634.csv,15:16:16.163,15:16:34.483,230,80.0,0,vDcInst/idc_units/iq_shed,478.92,494.15,10.29,12.85,1.0,1.0
ring_151658.csv,15:16:39.770,15:16:58.250,232,80.0,0,vDcInst/idc_units/iq_shed,478.68,503.34,11.21,12.42,1.0,1.0
ring_151723.csv,15:17:03.760,15:17:23.200,244,80.0,0,vDcInst/idc_units/iq_shed,493.91,501.16,10.19,14.52,1.0,1.0
ring_151748.csv,15:17:28.903,15:17:48.263,243,80.0,0,vDcInst/idc_units/iq_shed,333.38,499.23,9.66,15.42,0.425,1.0
ring_151812.csv,15:17:53.966,15:18:12.366,231,80.0,0,vDcInst/idc_units/iq_shed,460.06,494.15,10.65,12.84,1.0,1.0
ring_151836.csv,15:18:17.718,15:18:36.118,231,80.0,0,vDcInst/idc_units/iq_shed,488.83,517.84,9.03,11.04,1.0,1.0
ring_151859.csv,15:18:41.227,15:18:59.627,231,80.0,0,vDcInst/idc_units/iq_shed,469.01,509.86,11.11,14.16,1.0,1.0
ring_151923.csv,15:19:04.722,15:19:23.202,232,80.0,0,vDcInst/idc_units/iq_shed,332.9,504.3,8.97,13.54,0.429,1.0
ring_151946.csv,15:19:28.361,15:19:46.681,230,80.0,0,vDcInst/idc_units/iq_shed,331.45,501.4,9.11,12.9,0.416,1.0
ring_152010.csv,15:19:51.936,15:20:10.336,231,80.0,0,vDcInst/idc_units/iq_shed,473.36,493.91,10.03,11.6,1.0,1.0
ring_152035.csv,15:20:15.462,15:20:35.382,250,80.0,0,vDcInst/idc_units/iq_shed,483.51,498.98,9.8,11.29,1.0,1.0
ring_152059.csv,15:20:41.020,15:20:59.420,231,80.0,0,vDcInst/idc_units/iq_shed,485.93,493.42,10.96,11.35,1.0,1.0
ring_152123.csv,15:21:05.125,15:21:23.525,231,80.0,0,vDcInst/idc_units/iq_shed,480.61,490.52,10.2,11.27,1.0,1.0
ring_152147.csv,15:21:28.970,15:21:47.370,231,80.0,0,vDcInst/idc_units/iq_shed,485.93,492.21,9.59,10.09,1.0,1.0
ring_152210.csv,15:21:52.514,15:22:10.834,230,80.0,0,vDcInst/idc_units/iq_shed,486.9,492.94,9.46,10.06,1.0,1.0
ring_152235.csv,15:22:16.024,15:22:35.064,239,80.0,0,vDcInst/idc_units/iq_shed,487.62,492.46,9.19,9.65,1.0,1.0
ring_152258.csv,15:22:40.463,15:22:58.863,231,80.0,0,vDcInst/idc_units/iq_shed,486.65,492.21,9.01,9.34,1.0,1.0
ring_152322.csv,15:23:03.974,15:23:22.454,232,80.0,0,vDcInst/idc_units/iq_shed,487.86,492.94,8.86,9.18,1.0,1.0
ring_152346.csv,15:23:27.884,15:23:46.364,232,80.0,0,vDcInst/idc_units/iq_shed,487.38,492.46,8.7,9.02,1.0,1.0
ring_152409.csv,15:23:51.539,15:24:09.859,230,80.0,0,vDcInst/idc_units/iq_shed,488.59,492.46,8.56,8.76,1.0,1.0
ring_152433.csv,15:24:15.034,15:24:33.354,230,80.0,0,vDcInst/idc_units/iq_shed,487.14,493.18,8.25,8.81,1.0,1.0
ring_152456.csv,15:24:38.578,15:24:56.898,230,80.0,0,vDcInst/idc_units/iq_shed,486.9,493.42,8.26,8.69,1.0,1.0
ring_152520.csv,15:25:02.088,15:25:20.408,230,80.0,0,vDcInst/idc_units/iq_shed,487.62,493.91,8.18,8.57,1.0,1.0
ring_152544.csv,15:25:25.679,15:25:44.079,231,80.0,0,vDcInst/idc_units/iq_shed,487.14,496.57,7.81,8.62,1.0,1.0
ring_152607.csv,15:25:49.223,15:26:07.543,230,80.0,0,vDcInst/idc_units/iq_shed,486.9,493.91,8.09,8.64,1.0,1.0
ring_152631.csv,15:26:12.780,15:26:31.180,231,80.0,0,vDcInst/idc_units/iq_shed,486.65,494.39,8.01,8.59,1.0,1.0
ring_152654.csv,15:26:36.387,15:26:54.787,231,80.0,0,vDcInst/idc_units/iq_shed,486.65,494.39,7.98,8.57,1.0,1.0
ring_152718.csv,15:26:59.866,15:27:18.266,231,80.0,0,vDcInst/idc_units/iq_shed,487.62,494.39,7.96,8.48,1.0,1.0
ring_152741.csv,15:27:23.505,15:27:41.905,231,80.0,0,vDcInst/idc_units/iq_shed,488.35,494.63,7.84,8.38,1.0,1.0
ring_152805.csv,15:27:47.081,15:28:05.401,230,80.0,0,vDcInst/idc_units/iq_shed,487.62,497.53,7.66,8.38,1.0,1.0
ring_152829.csv,15:28:10.655,15:28:29.055,231,80.0,0,vDcInst/idc_units/iq_shed,486.65,497.05,7.61,8.39,1.0,1.0
ring_152852.csv,15:28:34.198,15:28:52.518,230,80.0,0,vDcInst/idc_units/iq_shed,486.65,496.08,7.57,8.36,1.0,1.0
ring_152916.csv,15:28:57.630,15:29:16.030,231,80.0,0,vDcInst/idc_units/iq_shed,487.14,495.84,7.53,8.21,1.0,1.0
ring_152939.csv,15:29:21.188,15:29:39.668,232,80.0,0,vDcInst/idc_units/iq_shed,486.65,495.84,7.54,8.23,1.0,1.0
ring_153003.csv,15:29:44.827,15:30:03.147,230,80.0,0,vDcInst/idc_units/iq_shed,482.79,499.71,6.98,8.43,1.0,1.0
ring_153026.csv,15:30:08.387,15:30:26.707,230,80.0,0,vDcInst/idc_units/iq_shed,485.93,499.23,7.0,8.16,1.0,1.0
ring_153050.csv,15:30:31.994,15:30:50.394,231,80.0,0,vDcInst/idc_units/iq_shed,484.48,499.95,6.93,8.25,1.0,1.0
ring_153114.csv,15:30:55.922,15:31:14.242,230,80.0,0,vDcInst/idc_units/iq_shed,478.92,499.47,6.89,8.46,1.0,1.0
ring_153138.csv,15:31:19.496,15:31:38.376,237,80.0,0,vDcInst/idc_units/iq_shed,485.69,499.23,6.89,8.05,1.0,1.0
ring_153202.csv,15:31:43.903,15:32:02.303,231,80.0,0,vDcInst/idc_units/iq_shed,484.72,498.98,6.94,8.05,1.0,1.0
ring_153227.csv,15:32:07.767,15:32:27.127,243,80.0,0,vDcInst/idc_units/iq_shed,485.45,497.78,6.98,7.98,1.0,1.0
ring_153252.csv,15:32:32.877,15:32:52.397,245,80.0,0,vDcInst/idc_units/iq_shed,480.37,503.34,6.25,8.21,1.0,1.0
ring_153316.csv,15:32:58.053,15:33:16.453,231,80.0,0,vDcInst/idc_units/iq_shed,476.98,502.61,6.32,8.33,1.0,1.0
ring_153340.csv,15:33:21.691,15:33:40.091,231,80.0,0,vDcInst/idc_units/iq_shed,474.81,501.64,6.37,8.38,1.0,1.0
ring_153403.csv,15:33:45.203,15:34:03.603,231,80.0,0,vDcInst/idc_units/iq_shed,470.94,501.16,6.34,8.52,1.0,1.0
ring_153427.csv,15:34:08.763,15:34:27.163,231,80.0,0,vDcInst/idc_units/iq_shed,468.28,500.68,6.37,8.58,1.0,1.0
ring_153451.csv,15:34:32.337,15:34:51.777,244,80.0,0,vDcInst/idc_units/iq_shed,312.59,505.27,5.79,9.14,0.281,1.0
ring_153515.csv,15:34:57.416,15:35:15.816,231,80.0,0,vDcInst/idc_units/iq_shed,460.79,502.61,6.05,8.67,1.0,1.0
ring_153539.csv,15:35:21.040,15:35:39.440,231,80.0,0,vDcInst/idc_units/iq_shed,463.2,502.13,6.06,8.57,1.0,1.0
ring_153603.csv,15:35:44.680,15:36:03.160,232,80.0,0,vDcInst/idc_units/iq_shed,459.09,502.13,6.04,8.65,1.0,1.0
ring_153627.csv,15:36:08.606,15:36:27.006,231,80.0,0,vDcInst/idc_units/iq_shed,473.84,501.4,6.09,8.05,1.0,1.0
ring_153651.csv,15:36:32.164,15:36:51.124,238,80.0,0,vDcInst/idc_units/iq_shed,472.87,502.85,5.9,8.05,1.0,1.0
ring_153713.csv,15:36:56.588,15:37:13.468,212,80.0,0,vDcInst/idc_units/iq_shed,455.23,504.06,5.66,8.54,1.0,1.0
ring_153737.csv,15:37:18.547,15:37:37.987,244,80.0,0,vDcInst/idc_units/iq_shed,484.48,500.68,6.06,7.36,1.0,1.0
ring_153803.csv,15:37:43.514,15:38:03.034,245,80.0,0,vDcInst/idc_units/iq_shed,482.3,501.64,5.93,7.47,1.0,1.0
ring_153827.csv,15:38:08.657,15:38:27.057,231,80.0,0,vDcInst/idc_units/iq_shed,479.64,502.37,5.72,7.58,1.0,1.0
ring_153850.csv,15:38:32.312,15:38:50.632,230,80.0,0,vDcInst/idc_units/iq_shed,463.2,501.89,5.83,8.23,1.0,1.0
ring_153914.csv,15:38:55.808,15:39:14.288,232,80.0,0,vDcInst/idc_units/iq_shed,450.87,502.61,5.71,8.38,1.0,1.0
ring_153937.csv,15:39:19.447,15:39:37.847,231,80.0,0,vDcInst/idc_units/iq_shed,307.27,501.4,5.75,8.56,0.273,1.0
ring_154001.csv,15:39:42.943,15:40:01.343,231,80.0,0,vDcInst/idc_units/iq_shed,487.62,500.68,5.9,6.97,1.0,1.0
ring_154024.csv,15:40:06.599,15:40:24.999,231,80.0,0,vDcInst/idc_units/iq_shed,486.17,500.43,5.92,7.0,1.0,1.0
ring_154048.csv,15:40:30.159,15:40:48.479,230,80.0,0,vDcInst/idc_units/iq_shed,486.17,499.95,5.91,7.02,1.0,1.0
ring_154112.csv,15:40:53.622,15:41:12.102,232,80.0,0,vDcInst/idc_units/iq_shed,485.2,499.71,5.91,7.04,1.0,1.0
ring_154135.csv,15:41:17.292,15:41:35.692,231,80.0,0,vDcInst/idc_units/iq_shed,485.2,499.47,5.92,7.03,1.0,1.0
ring_154159.csv,15:41:41.156,15:41:59.556,231,80.0,0,vDcInst/idc_units/iq_shed,485.45,499.47,5.92,7.05,1.0,1.0
ring_154223.csv,15:42:04.684,15:42:23.084,231,80.0,0,vDcInst/idc_units/iq_shed,484.48,499.47,5.94,7.08,1.0,1.0
ring_154246.csv,15:42:28.322,15:42:46.562,229,80.0,0,vDcInst/idc_units/iq_shed,484.24,499.23,5.95,7.09,1.0,1.0
ring_154310.csv,15:42:51.786,15:43:10.106,230,80.0,0,vDcInst/idc_units/iq_shed,431.29,502.85,5.57,8.32,1.0,1.0
ring_154333.csv,15:43:15.328,15:43:33.648,230,80.0,0,vDcInst/idc_units/iq_shed,304.85,504.06,5.37,8.5,0.258,1.0
ring_154357.csv,15:43:38.936,15:43:57.336,231,80.0,0,vDcInst/idc_units/iq_shed,307.51,504.54,5.34,8.52,0.256,1.0
ring_154420.csv,15:44:02.431,15:44:20.751,230,80.0,0,vDcInst/idc_units/iq_shed,481.58,499.95,5.95,7.35,1.0,1.0
ring_154445.csv,15:44:25.991,15:44:45.351,243,80.0,0,vDcInst/idc_units/iq_shed,464.9,500.43,5.94,8.1,1.0,1.0
ring_154509.csv,15:44:51.069,15:45:09.469,231,80.0,0,vDcInst/idc_units/iq_shed,447.01,504.79,5.51,8.42,1.0,1.0
ring_154533.csv,15:45:14.756,15:45:33.236,232,80.0,0,vDcInst/idc_units/iq_shed,503.09,507.69,5.06,5.54,1.0,1.0
ring_154557.csv,15:45:38.780,15:45:57.100,230,80.0,0,vDcInst/idc_units/iq_shed,485.45,503.82,5.65,7.28,1.0,1.0
ring_154620.csv,15:46:02.163,15:46:20.563,231,80.0,0,vDcInst/idc_units/iq_shed,473.6,501.4,6.01,8.05,1.0,1.0
ring_154644.csv,15:46:25.818,15:46:44.218,231,80.0,0,vDcInst/idc_units/iq_shed,466.83,502.85,5.9,8.39,1.0,1.0
ring_154707.csv,15:46:49.299,15:47:07.699,231,80.0,0,vDcInst/idc_units/iq_shed,469.97,503.58,5.9,8.32,1.0,1.0
ring_154731.csv,15:47:12.859,15:47:31.179,230,80.0,0,vDcInst/idc_units/iq_shed,465.38,505.27,5.74,8.6,1.0,1.0
ring_154754.csv,15:47:36.403,15:47:54.723,230,80.0,0,vDcInst/idc_units/iq_shed,476.98,501.64,6.3,8.2,1.0,1.0
ring_154818.csv,15:48:00.073,15:48:18.313,229,80.0,0,vDcInst/idc_units/iq_shed,479.4,503.34,6.19,8.14,1.0,1.0
ring_154842.csv,15:48:23.520,15:48:42.960,244,80.0,0,vDcInst/idc_units/iq_shed,475.53,504.06,6.13,8.44,1.0,1.0
ring_154906.csv,15:48:48.585,15:49:06.905,230,80.0,0,vDcInst/idc_units/iq_shed,484.0,500.92,6.7,8.11,1.0,1.0
ring_154930.csv,15:49:12.319,15:49:30.719,231,80.0,0,vDcInst/idc_units/iq_shed,481.34,498.02,7.05,8.41,1.0,1.0
ring_154954.csv,15:49:35.894,15:49:54.214,230,80.0,0,vDcInst/idc_units/iq_shed,485.45,500.43,7.08,8.36,1.0,1.0
ring_155018.csv,15:50:00.286,15:50:18.686,231,80.0,0,vDcInst/idc_units/iq_shed,487.62,503.82,7.25,8.52,1.0,1.0
ring_155042.csv,15:50:24.101,15:50:42.501,231,80.0,0,vDcInst/idc_units/iq_shed,493.18,515.67,6.39,10.4,1.0,1.0
ring_155106.csv,15:50:47.709,15:51:06.109,231,80.0,0,vDcInst/idc_units/iq_shed,473.6,503.09,10.77,12.72,1.0,1.0
ring_155129.csv,15:51:11.252,15:51:29.572,230,80.0,0,vDcInst/idc_units/iq_shed,484.96,500.68,12.03,14.04,1.0,1.0
ring_155153.csv,15:51:34.764,15:51:53.164,231,80.0,0,vDcInst/idc_units/iq_shed,490.04,499.23,13.18,14.08,1.0,1.0
ring_155216.csv,15:51:58.420,15:52:16.740,230,80.0,0,vDcInst/idc_units/iq_shed,477.71,497.78,13.2,14.02,1.0,1.0
ring_155241.csv,15:52:22.907,15:52:41.227,230,80.0,0,vDcInst/idc_units/iq_shed,329.27,502.61,9.1,14.09,0.4,1.0
ring_155305.csv,15:52:46.643,15:53:05.043,231,80.0,0,vDcInst/idc_units/iq_shed,471.67,492.21,9.3,10.64,1.0,1.0
ring_155328.csv,15:53:10.170,15:53:28.490,230,80.0,0,vDcInst/idc_units/iq_shed,478.68,504.54,9.12,11.01,1.0,1.0
ring_155353.csv,15:53:33.859,15:53:53.379,245,80.0,0,vDcInst/idc_units/iq_shed,491.49,502.13,10.6,13.24,1.0,1.0
ring_155418.csv,15:53:59.913,15:54:18.313,231,80.0,0,vDcInst/idc_units/iq_shed,486.17,497.53,13.19,14.14,1.0,1.0
ring_155442.csv,15:54:23.745,15:54:42.065,230,80.0,0,vDcInst/idc_units/iq_shed,459.58,487.86,12.01,14.25,1.0,1.0
ring_155505.csv,15:54:47.288,15:55:05.608,230,80.0,0,vDcInst/idc_units/iq_shed,486.65,492.46,10.46,11.19,1.0,1.0
ring_155529.csv,15:55:10.783,15:55:29.103,230,80.0,0,vDcInst/idc_units/iq_shed,487.62,495.12,9.82,10.67,1.0,1.0
ring_155552.csv,15:55:34.374,15:55:52.694,230,80.0,0,vDcInst/idc_units/iq_shed,486.17,494.39,9.9,10.24,1.0,1.0
ring_155616.csv,15:55:57.934,15:56:16.334,231,80.0,0,vDcInst/idc_units/iq_shed,486.9,494.15,9.3,9.95,1.0,1.0
ring_155639.csv,15:56:21.414,15:56:39.814,231,80.0,0,vDcInst/idc_units/iq_shed,488.1,494.87,9.29,9.78,1.0,1.0
ring_155703.csv,15:56:45.021,15:57:03.421,231,80.0,0,vDcInst/idc_units/iq_shed,486.9,493.91,9.42,9.93,1.0,1.0
ring_155727.csv,15:57:09.061,15:57:27.461,231,80.0,0,vDcInst/idc_units/iq_shed,486.41,494.87,9.43,10.09,1.0,1.0
ring_155751.csv,15:57:32.861,15:57:51.181,230,80.0,0,vDcInst/idc_units/iq_shed,481.82,498.5,9.49,11.42,1.0,1.0
ring_155814.csv,15:57:56.452,15:58:14.852,231,80.0,0,vDcInst/idc_units/iq_shed,482.3,500.68,10.05,12.31,1.0,1.0
ring_155838.csv,15:58:19.964,15:58:38.284,230,80.0,0,vDcInst/idc_units/iq_shed,484.0,497.78,12.04,13.37,1.0,1.0
ring_155901.csv,15:58:43.587,15:59:01.987,231,80.0,0,vDcInst/idc_units/iq_shed,478.92,500.68,12.88,15.55,1.0,1.0
ring_155925.csv,15:59:07.083,15:59:25.563,232,80.0,0,vDcInst/idc_units/iq_shed,486.65,495.6,14.41,15.43,1.0,1.0
ring_155949.csv,15:59:30.692,15:59:49.012,230,80.0,0,vDcInst/idc_units/iq_shed,484.24,497.53,14.39,16.18,1.0,1.0
ring_160012.csv,15:59:54.218,16:00:12.538,230,80.0,0,vDcInst/idc_units/iq_shed,486.17,494.87,15.3,16.42,1.0,1.0
ring_160037.csv,16:00:17.746,16:00:37.186,244,80.0,0,vDcInst/idc_units/iq_shed,487.14,495.12,15.53,16.35,1.0,1.0
ring_160101.csv,16:00:42.840,16:01:01.160,230,80.0,0,vDcInst/idc_units/iq_shed,484.72,493.67,15.78,16.64,1.0,1.0
ring_160124.csv,16:01:06.464,16:01:24.864,231,80.0,0,vDcInst/idc_units/iq_shed,484.72,495.12,15.75,16.89,1.0,1.0
ring_160148.csv,16:01:30.025,16:01:48.345,230,80.0,0,vDcInst/idc_units/iq_shed,483.75,492.94,16.27,17.19,1.0,1.0
ring_160212.csv,16:01:53.551,16:02:12.831,242,80.0,0,vDcInst/idc_units/iq_shed,484.72,492.21,16.51,17.41,1.0,1.0
ring_160236.csv,16:02:18.230,16:02:36.630,231,80.0,0,vDcInst/idc_units/iq_shed,485.69,491.97,16.53,17.1,1.0,1.0
ring_160300.csv,16:02:41.918,16:03:00.238,230,80.0,0,vDcInst/idc_units/iq_shed,484.0,492.7,16.27,17.13,1.0,1.0
ring_160323.csv,16:03:05.413,16:03:23.813,231,80.0,0,vDcInst/idc_units/iq_shed,483.51,493.18,16.26,17.43,1.0,1.0
ring_160347.csv,16:03:29.053,16:03:47.293,229,80.0,0,vDcInst/idc_units/iq_shed,484.96,492.46,16.26,17.14,1.0,1.0
ring_160410.csv,16:03:52.613,16:04:10.933,230,80.0,0,vDcInst/idc_units/iq_shed,482.3,492.46,16.53,17.72,1.0,1.0
ring_160435.csv,16:04:16.094,16:04:35.134,239,80.0,0,vDcInst/idc_units/iq_shed,484.0,491.73,16.78,17.67,1.0,1.0
ring_160458.csv,16:04:40.532,16:04:58.932,231,80.0,0,vDcInst/idc_units/iq_shed,482.54,490.52,17.06,17.97,1.0,1.0
ring_160523.csv,16:05:04.092,16:05:23.452,243,80.0,0,vDcInst/idc_units/iq_shed,482.79,490.28,17.09,17.98,1.0,1.0
ring_160547.csv,16:05:29.061,16:05:47.541,232,80.0,0,vDcInst/idc_units/iq_shed,483.75,490.76,17.08,17.66,1.0,1.0
ring_160611.csv,16:05:52.795,16:06:11.035,229,80.0,0,vDcInst/idc_units/iq_shed,483.51,490.04,17.08,17.68,1.0,1.0
ring_160634.csv,16:06:16.339,16:06:34.739,231,80.0,0,vDcInst/idc_units/iq_shed,481.82,490.52,17.09,18.0,1.0,1.0
ring_160659.csv,16:06:39.867,16:06:59.227,243,80.0,0,vDcInst/idc_units/iq_shed,481.82,490.52,17.08,17.98,1.0,1.0
ring_160723.csv,16:07:04.978,16:07:23.378,231,80.0,0,vDcInst/idc_units/iq_shed,483.27,490.52,17.08,17.97,1.0,1.0
ring_160747.csv,16:07:28.650,16:07:47.050,231,80.0,0,vDcInst/idc_units/iq_shed,483.51,490.28,17.09,17.69,1.0,1.0
ring_160810.csv,16:07:52.194,16:08:10.594,231,80.0,0,vDcInst/idc_units/iq_shed,482.54,489.31,17.1,17.69,1.0,1.0
ring_160834.csv,16:08:15.738,16:08:34.138,231,80.0,0,vDcInst/idc_units/iq_shed,482.06,490.04,16.86,17.74,1.0,1.0
ring_160857.csv,16:08:39.297,16:08:57.697,231,80.0,0,vDcInst/idc_units/iq_shed,483.27,489.56,16.87,17.47,1.0,1.0
ring_160921.csv,16:09:02.809,16:09:21.129,230,80.0,0,vDcInst/idc_units/iq_shed,482.3,488.83,16.89,17.48,1.0,1.0
ring_160944.csv,16:09:26.290,16:09:44.770,232,80.0,0,vDcInst/idc_units/iq_shed,482.79,489.56,16.61,17.49,1.0,1.0
ring_161008.csv,16:09:49.928,16:10:08.328,231,80.0,0,vDcInst/idc_units/iq_shed,483.27,488.83,16.62,17.2,1.0,1.0
ring_161031.csv,16:10:13.424,16:10:31.744,230,80.0,0,vDcInst/idc_units/iq_shed,482.06,489.56,16.37,17.24,1.0,1.0
ring_161055.csv,16:10:37.033,16:10:55.353,230,80.0,0,vDcInst/idc_units/iq_shed,481.82,490.04,16.37,17.23,1.0,1.0
ring_161118.csv,16:11:00.544,16:11:18.864,230,80.0,0,vDcInst/idc_units/iq_shed,483.51,489.31,16.37,16.98,1.0,1.0
ring_161143.csv,16:11:25.112,16:11:43.512,231,80.0,0,vDcInst/idc_units/iq_shed,483.03,488.83,16.19,16.73,1.0,1.0
ring_161208.csv,16:11:48.943,16:12:08.463,245,80.0,0,vDcInst/idc_units/iq_shed,481.58,487.86,15.81,16.51,1.0,1.0
ring_161232.csv,16:12:13.975,16:12:32.295,230,80.0,0,vDcInst/idc_units/iq_shed,482.79,490.04,15.21,16.05,1.0,1.0
ring_161256.csv,16:12:37.614,16:12:56.014,231,80.0,0,vDcInst/idc_units/iq_shed,482.54,490.28,15.24,16.05,1.0,1.0
ring_161320.csv,16:13:01.238,16:13:20.598,243,80.0,0,vDcInst/idc_units/iq_shed,482.79,490.04,15.25,16.05,1.0,1.0
ring_161344.csv,16:13:26.333,16:13:44.653,230,80.0,0,vDcInst/idc_units/iq_shed,484.0,488.83,15.25,15.56,1.0,1.0
ring_161408.csv,16:13:49.925,16:14:08.325,231,80.0,0,vDcInst/idc_units/iq_shed,481.58,489.8,15.03,15.83,1.0,1.0
ring_161431.csv,16:14:13.486,16:14:31.806,230,80.0,0,vDcInst/idc_units/iq_shed,481.82,489.56,15.04,15.83,1.0,1.0
ring_161455.csv,16:14:37.030,16:14:55.430,231,80.0,0,vDcInst/idc_units/iq_shed,482.3,490.04,15.04,15.83,1.0,1.0
ring_161518.csv,16:15:00.540,16:15:18.940,231,80.0,0,vDcInst/idc_units/iq_shed,483.51,490.28,15.01,15.78,1.0,1.0
ring_161543.csv,16:15:25.156,16:15:43.556,231,80.0,0,vDcInst/idc_units/iq_shed,482.3,490.76,15.03,15.81,1.0,1.0
ring_161607.csv,16:15:48.843,16:16:07.803,238,80.0,0,vDcInst/idc_units/iq_shed,482.06,489.8,15.03,15.83,1.0,1.0
ring_161631.csv,16:16:13.443,16:16:31.683,229,80.0,0,vDcInst/idc_units/iq_shed,482.54,489.56,15.03,15.58,1.0,1.0
ring_161655.csv,16:16:36.843,16:16:55.163,230,80.0,0,vDcInst/idc_units/iq_shed,482.3,490.04,14.81,15.61,1.0,1.0
ring_161718.csv,16:17:00.387,16:17:18.707,230,80.0,0,vDcInst/idc_units/iq_shed,482.06,490.52,14.8,15.58,1.0,1.0
ring_161742.csv,16:17:23.867,16:17:42.267,231,80.0,0,vDcInst/idc_units/iq_shed,481.82,489.31,14.81,15.6,1.0,1.0
ring_161805.csv,16:17:47.475,16:18:05.875,231,80.0,0,vDcInst/idc_units/iq_shed,482.79,489.07,14.84,15.35,1.0,1.0
ring_161829.csv,16:18:10.986,16:18:29.386,231,80.0,0,vDcInst/idc_units/iq_shed,483.51,489.31,14.42,15.12,1.0,1.0
ring_161852.csv,16:18:34.610,16:18:52.930,230,80.0,0,vDcInst/idc_units/iq_shed,481.58,488.83,14.42,15.17,1.0,1.0
ring_161916.csv,16:18:58.139,16:19:16.539,231,80.0,0,vDcInst/idc_units/iq_shed,480.13,487.38,14.1,14.82,1.0,1.0
ring_161941.csv,16:19:21.699,16:19:41.059,243,80.0,0,vDcInst/idc_units/iq_shed,482.06,490.04,13.41,14.37,1.0,1.0
ring_162005.csv,16:19:46.809,16:20:05.129,230,80.0,0,vDcInst/idc_units/iq_shed,483.75,489.31,13.43,13.89,1.0,1.0
ring_162028.csv,16:20:10.450,16:20:28.850,231,80.0,0,vDcInst/idc_units/iq_shed,477.47,489.07,12.51,13.86,1.0,1.0
ring_162052.csv,16:20:33.929,16:20:52.249,230,80.0,0,vDcInst/idc_units/iq_shed,481.09,491.01,12.43,13.57,1.0,1.0
ring_162115.csv,16:20:57.570,16:21:15.890,230,80.0,0,vDcInst/idc_units/iq_shed,457.4,476.26,11.23,13.64,1.0,1.0
ring_162139.csv,16:21:21.130,16:21:39.530,231,80.0,0,vDcInst/idc_units/iq_shed,472.87,485.69,9.1,10.8,1.0,1.0
ring_162202.csv,16:21:44.673,16:22:02.993,230,80.0,0,vDcInst/idc_units/iq_shed,483.03,488.59,8.78,9.11,1.0,1.0
ring_162226.csv,16:22:08.265,16:22:26.585,230,80.0,0,vDcInst/idc_units/iq_shed,483.75,488.59,8.64,8.97,1.0,1.0
ring_162250.csv,16:22:31.809,16:22:50.209,231,80.0,0,vDcInst/idc_units/iq_shed,483.75,489.56,8.49,8.83,1.0,1.0
ring_162313.csv,16:22:55.289,16:23:13.689,231,80.0,0,vDcInst/idc_units/iq_shed,483.27,489.8,8.35,8.83,1.0,1.0
ring_162337.csv,16:23:18.945,16:23:37.265,230,80.0,0,vDcInst/idc_units/iq_shed,484.0,489.31,8.35,8.69,1.0,1.0
ring_162400.csv,16:23:42.457,16:24:00.697,229,80.0,0,vDcInst/idc_units/iq_shed,484.48,489.56,8.21,8.54,1.0,1.0
ring_162424.csv,16:24:06.017,16:24:24.337,230,80.0,0,vDcInst/idc_units/iq_shed,484.48,491.73,8.04,8.53,1.0,1.0
ring_162447.csv,16:24:29.513,16:24:47.913,231,80.0,0,vDcInst/idc_units/iq_shed,481.34,492.7,8.03,9.0,1.0,1.0
ring_162511.csv,16:24:53.121,16:25:11.521,231,80.0,0,vDcInst/idc_units/iq_shed,480.85,492.21,8.57,9.65,1.0,1.0
ring_162535.csv,16:25:16.650,16:25:35.050,231,80.0,0,vDcInst/idc_units/iq_shed,478.92,488.1,8.82,9.39,1.0,1.0
ring_162558.csv,16:25:40.241,16:25:58.641,231,80.0,0,vDcInst/idc_units/iq_shed,479.89,492.46,7.61,8.87,1.0,1.0
ring_162622.csv,16:26:03.738,16:26:22.138,231,80.0,0,vDcInst/idc_units/iq_shed,483.51,493.42,7.47,8.36,1.0,1.0
ring_162645.csv,16:26:27.297,16:26:45.777,232,80.0,0,vDcInst/idc_units/iq_shed,469.49,497.29,8.18,10.16,1.0,1.0
ring_162709.csv,16:26:50.953,16:27:09.353,231,80.0,0,vDcInst/idc_units/iq_shed,473.6,490.76,8.84,9.49,1.0,1.0
ring_162732.csv,16:27:14.450,16:27:32.850,231,80.0,0,vDcInst/idc_units/iq_shed,475.05,495.84,7.38,9.48,1.0,1.0
ring_162756.csv,16:27:37.993,16:27:56.393,231,80.0,0,vDcInst/idc_units/iq_shed,481.82,497.53,8.63,10.32,1.0,1.0
ring_162819.csv,16:28:01.569,16:28:19.969,231,80.0,0,vDcInst/idc_units/iq_shed,480.13,491.01,9.11,10.08,1.0,1.0
ring_162843.csv,16:28:25.096,16:28:43.496,231,80.0,0,vDcInst/idc_units/iq_shed,486.17,493.18,8.93,9.57,1.0,1.0
ring_162907.csv,16:28:48.768,16:29:07.088,230,80.0,0,vDcInst/idc_units/iq_shed,479.89,496.81,8.9,9.93,1.0,1.0
ring_162931.csv,16:29:12.216,16:29:31.576,243,80.0,0,vDcInst/idc_units/iq_shed,468.76,494.39,7.78,9.98,1.0,1.0
ring_162955.csv,16:29:37.297,16:29:55.697,231,80.0,0,vDcInst/idc_units/iq_shed,473.12,490.04,7.27,8.64,1.0,1.0
ring_163019.csv,16:30:01.000,16:30:19.320,230,80.0,0,vDcInst/idc_units/iq_shed,474.08,496.57,6.46,8.16,1.0,1.0
ring_163043.csv,16:30:24.560,16:30:43.920,243,80.0,0,vDcInst/idc_units/iq_shed,474.57,499.23,6.27,8.25,1.0,1.0
ring_163108.csv,16:30:50.231,16:31:08.631,231,80.0,0,vDcInst/idc_units/iq_shed,474.81,496.81,6.23,8.11,1.0,1.0
ring_163132.csv,16:31:14.015,16:31:32.415,231,80.0,0,vDcInst/idc_units/iq_shed,476.98,497.29,5.92,7.56,1.0,1.0
ring_163156.csv,16:31:37.607,16:31:56.007,231,80.0,0,vDcInst/idc_units/iq_shed,472.87,496.08,5.99,7.66,1.0,1.0
ring_163219.csv,16:32:01.183,16:32:19.663,232,80.0,0,vDcInst/idc_units/iq_shed,475.53,497.29,5.82,7.4,1.0,1.0
ring_163243.csv,16:32:25.351,16:32:43.751,231,80.0,0,vDcInst/idc_units/iq_shed,463.2,498.5,5.81,8.08,1.0,1.0
ring_163307.csv,16:32:49.151,16:33:07.631,232,80.0,0,vDcInst/idc_units/iq_shed,481.09,497.05,5.86,7.09,1.0,1.0
ring_163331.csv,16:33:13.046,16:33:31.366,230,80.0,0,vDcInst/idc_units/iq_shed,464.17,503.58,5.5,8.65,1.0,1.0
ring_163356.csv,16:33:36.699,16:33:56.059,243,80.0,0,vDcInst/idc_units/iq_shed,478.19,499.23,6.08,8.16,1.0,1.0
ring_163420.csv,16:34:01.715,16:34:20.035,230,80.0,0,vDcInst/idc_units/iq_shed,309.45,502.37,5.48,8.71,0.272,1.0
ring_163444.csv,16:34:25.308,16:34:44.188,237,80.0,0,vDcInst/idc_units/iq_shed,466.35,501.64,5.55,8.06,1.0,1.0
ring_163508.csv,16:34:50.498,16:35:08.818,230,80.0,0,vDcInst/idc_units/iq_shed,307.03,502.13,5.16,8.37,0.252,1.0
ring_163532.csv,16:35:14.170,16:35:32.490,230,80.0,0,vDcInst/idc_units/iq_shed,445.07,494.63,5.71,7.72,1.0,1.0
ring_163556.csv,16:35:38.642,16:35:56.962,230,80.0,0,vDcInst/idc_units/iq_shed,488.59,493.67,5.7,6.01,1.0,1.0
ring_163620.csv,16:36:02.506,16:36:20.826,230,80.0,0,vDcInst/idc_units/iq_shed,489.07,494.39,5.63,6.0,1.0,1.0
ring_163644.csv,16:36:25.937,16:36:44.257,230,80.0,0,vDcInst/idc_units/iq_shed,487.86,497.53,5.46,6.09,1.0,1.0
ring_163707.csv,16:36:49.578,16:37:07.898,230,80.0,0,vDcInst/idc_units/iq_shed,472.39,504.79,5.29,7.52,1.0,1.0
ring_163731.csv,16:37:13.138,16:37:31.538,231,80.0,0,vDcInst/idc_units/iq_shed,470.21,501.16,5.88,7.92,1.0,1.0
ring_163755.csv,16:37:36.699,16:37:55.099,231,80.0,0,vDcInst/idc_units/iq_shed,486.41,497.05,5.32,6.0,1.0,1.0
ring_163818.csv,16:38:00.209,16:38:18.529,230,80.0,0,vDcInst/idc_units/iq_shed,464.9,497.78,5.15,7.08,0.998,1.0
ring_163840.csv,16:38:23.707,16:38:40.667,213,80.0,0,vDcInst/idc_units/iq_shed,486.17,494.15,5.6,6.17,1.0,1.0
ring_163904.csv,16:38:45.796,16:39:04.116,230,80.0,0,vDcInst/idc_units/iq_shed,488.59,494.15,5.52,5.94,1.0,1.0
ring_163928.csv,16:39:09.226,16:39:28.746,245,80.0,0,vDcInst/idc_units/iq_shed,486.17,495.6,5.6,6.27,1.0,1.0
ring_163953.csv,16:39:34.290,16:39:53.170,237,80.0,0,vDcInst/idc_units/iq_shed,487.62,492.94,5.55,5.91,1.0,1.0
ring_164016.csv,16:39:58.458,16:40:16.858,231,80.0,0,vDcInst/idc_units/iq_shed,489.07,494.15,5.3,5.66,1.0,1.0
ring_164040.csv,16:40:22.259,16:40:40.659,231,80.0,0,vDcInst/idc_units/iq_shed,489.8,493.91,5.22,5.43,1.0,1.0
ring_164104.csv,16:40:45.881,16:41:04.201,230,80.0,0,vDcInst/idc_units/iq_shed,489.8,495.12,5.14,5.44,1.0,1.0
ring_164127.csv,16:41:09.378,16:41:27.778,231,80.0,0,vDcInst/idc_units/iq_shed,489.31,494.63,5.08,5.44,1.0,1.0
ring_164151.csv,16:41:33.002,16:41:51.322,230,80.0,0,vDcInst/idc_units/iq_shed,490.28,495.12,5.06,5.38,1.0,1.0
ring_164214.csv,16:41:56.562,16:42:14.882,230,80.0,0,vDcInst/idc_units/iq_shed,488.35,495.84,5.04,5.48,1.0,1.0
ring_164239.csv,16:42:20.089,16:42:39.609,245,80.0,0,vDcInst/idc_units/iq_shed,489.07,496.08,5.12,5.62,1.0,1.0
ring_164303.csv,16:42:45.202,16:43:03.522,230,80.0,0,vDcInst/idc_units/iq_shed,472.39,504.79,5.24,7.35,1.0,1.0
ring_164327.csv,16:43:08.827,16:43:27.147,230,80.0,0,vDcInst/idc_units/iq_shed,484.0,507.45,5.27,7.68,1.0,1.0
ring_164350.csv,16:43:32.353,16:43:50.673,230,80.0,0,vDcInst/idc_units/iq_shed,473.12,505.03,5.89,8.25,1.0,1.0
ring_164414.csv,16:43:55.866,16:44:14.266,231,80.0,0,vDcInst/idc_units/iq_shed,484.48,498.5,5.97,7.03,1.0,1.0
ring_164437.csv,16:44:19.490,16:44:37.890,231,80.0,0,vDcInst/idc_units/iq_shed,485.69,495.36,5.88,6.18,1.0,1.0
ring_164501.csv,16:44:43.034,16:45:01.354,230,80.0,0,vDcInst/idc_units/iq_shed,487.38,492.21,5.34,5.83,1.0,1.0
ring_164525.csv,16:45:06.610,16:45:25.010,231,80.0,0,vDcInst/idc_units/iq_shed,490.28,497.05,4.95,5.37,1.0,1.0
ring_164548.csv,16:45:30.155,16:45:48.555,231,80.0,0,vDcInst/idc_units/iq_shed,491.01,495.6,5.08,5.36,1.0,1.0
ring_164612.csv,16:45:53.699,16:46:12.019,230,80.0,0,vDcInst/idc_units/iq_shed,489.31,498.74,4.92,5.82,1.0,1.0
ring_164635.csv,16:46:17.258,16:46:35.578,230,80.0,0,vDcInst/idc_units/iq_shed,485.2,500.92,5.12,6.69,1.0,1.0
ring_164659.csv,16:46:40.738,16:46:59.218,232,80.0,0,vDcInst/idc_units/iq_shed,478.92,503.34,5.53,7.36,1.0,1.0
ring_164722.csv,16:47:04.378,16:47:22.778,231,80.0,0,vDcInst/idc_units/iq_shed,490.28,502.13,5.59,6.37,1.0,1.0
ring_164746.csv,16:47:27.907,16:47:46.307,231,80.0,0,vDcInst/idc_units/iq_shed,480.13,495.36,5.85,6.08,1.0,1.0
ring_164809.csv,16:47:51.370,16:48:09.770,231,80.0,0,vDcInst/idc_units/iq_shed,479.4,490.04,4.9,5.78,1.0,1.0
ring_164833.csv,16:48:14.995,16:48:33.315,230,80.0,0,vDcInst/idc_units/iq_shed,486.17,494.39,4.45,4.91,1.0,1.0
ring_164856.csv,16:48:38.524,16:48:56.924,231,80.0,0,vDcInst/idc_units/iq_shed,489.07,494.63,4.4,4.69,1.0,1.0
ring_164920.csv,16:49:02.052,16:49:20.372,230,80.0,0,vDcInst/idc_units/iq_shed,489.56,496.32,4.31,4.79,1.0,1.0
ring_164944.csv,16:49:25.690,16:49:44.010,230,80.0,0,vDcInst/idc_units/iq_shed,486.65,496.57,4.41,5.18,1.0,1.0
ring_165007.csv,16:49:49.250,16:50:07.650,231,80.0,0,vDcInst/idc_units/iq_shed,489.07,499.71,4.69,5.55,1.0,1.0
ring_165031.csv,16:50:12.779,16:50:31.099,230,80.0,0,vDcInst/idc_units/iq_shed,492.7,496.81,5.02,5.29,1.0,1.0
ring_165054.csv,16:50:36.290,16:50:54.690,231,80.0,0,vDcInst/idc_units/iq_shed,488.35,498.74,5.06,5.74,1.0,1.0
ring_165118.csv,16:50:59.787,16:51:18.187,231,80.0,0,vDcInst/idc_units/iq_shed,488.1,498.98,5.25,6.13,1.0,1.0
ring_165141.csv,16:51:23.395,16:51:41.795,231,80.0,0,vDcInst/idc_units/iq_shed,489.8,498.74,5.62,6.47,1.0,1.0
ring_165205.csv,16:51:46.891,16:52:05.211,230,80.0,0,vDcInst/idc_units/iq_shed,485.69,501.16,5.77,6.78,1.0,1.0
ring_165228.csv,16:52:10.548,16:52:28.868,230,80.0,0,vDcInst/idc_units/iq_shed,489.07,500.43,5.87,6.79,1.0,1.0
ring_165254.csv,16:52:34.106,16:52:54.426,255,80.0,0,vDcInst/idc_units/iq_shed,486.9,499.71,5.86,6.78,1.0,1.0
ring_165318.csv,16:53:00.083,16:53:18.483,231,80.0,0,vDcInst/idc_units/iq_shed,491.49,498.5,5.92,6.1,1.0,1.0
ring_165343.csv,16:53:23.674,16:53:43.034,243,80.0,0,vDcInst/idc_units/iq_shed,490.28,495.6,5.66,6.02,1.0,1.0
ring_165407.csv,16:53:48.658,16:54:07.138,232,80.0,0,vDcInst/idc_units/iq_shed,490.76,497.53,5.28,5.78,1.0,1.0
ring_165430.csv,16:54:12.330,16:54:30.730,231,80.0,0,vDcInst/idc_units/iq_shed,492.46,497.29,5.27,5.62,1.0,1.0
ring_165454.csv,16:54:35.842,16:54:54.162,230,80.0,0,vDcInst/idc_units/iq_shed,491.97,498.5,5.25,5.62,1.0,1.0
ring_165518.csv,16:54:59.498,16:55:18.938,244,80.0,0,vDcInst/idc_units/iq_shed,492.46,497.05,5.33,5.54,1.0,1.0
ring_165542.csv,16:55:24.562,16:55:42.882,230,80.0,0,vDcInst/idc_units/iq_shed,492.21,497.29,5.26,5.55,1.0,1.0
ring_165606.csv,16:55:48.202,16:56:06.522,230,80.0,0,vDcInst/idc_units/iq_shed,493.42,497.29,5.13,5.4,1.0,1.0
ring_165630.csv,16:56:11.731,16:56:30.131,231,80.0,0,vDcInst/idc_units/iq_shed,491.97,497.05,4.94,5.3,1.0,1.0
ring_165654.csv,16:56:35.258,16:56:54.618,243,80.0,0,vDcInst/idc_units/iq_shed,491.49,498.02,4.89,5.33,1.0,1.0
ring_165718.csv,16:57:00.385,16:57:18.785,231,80.0,0,vDcInst/idc_units/iq_shed,490.52,498.02,4.99,5.51,1.0,1.0
ring_165742.csv,16:57:23.979,16:57:42.299,230,80.0,0,vDcInst/idc_units/iq_shed,492.7,498.26,5.17,5.55,1.0,1.0
ring_165805.csv,16:57:47.619,16:58:05.939,230,80.0,0,vDcInst/idc_units/iq_shed,492.21,497.53,5.27,5.49,1.0,1.0
ring_165829.csv,16:58:11.114,16:58:29.514,231,80.0,0,vDcInst/idc_units/iq_shed,493.42,497.29,5.11,5.38,1.0,1.0
ring_165853.csv,16:58:34.610,16:58:53.010,231,80.0,0,vDcInst/idc_units/iq_shed,492.7,496.57,5.0,5.27,1.0,1.0
ring_165916.csv,16:58:58.267,16:59:16.587,230,80.0,0,vDcInst/idc_units/iq_shed,490.76,495.84,4.82,5.22,1.0,1.0
ring_165940.csv,16:59:21.732,16:59:40.132,231,80.0,0,vDcInst/idc_units/iq_shed,481.82,493.42,4.8,5.0,1.0,1.0
ring_170004.csv,16:59:45.324,17:00:04.764,244,80.0,0,vDcInst/idc_units/iq_shed,475.78,483.75,4.25,4.89,1.0,1.0
ring_170028.csv,17:00:10.387,17:00:28.867,232,80.0,0,vDcInst/idc_units/iq_shed,481.58,489.56,3.52,4.06,1.0,1.0
ring_170052.csv,17:00:34.076,17:00:52.396,230,80.0,0,vDcInst/idc_units/iq_shed,487.38,491.25,3.32,3.55,1.0,1.0
ring_170115.csv,17:00:57.635,17:01:15.955,230,80.0,0,vDcInst/idc_units/iq_shed,488.59,492.7,3.15,3.36,1.0,1.0
ring_170139.csv,17:01:21.163,17:01:39.483,230,80.0,0,vDcInst/idc_units/iq_shed,487.38,492.94,3.09,3.35,1.0,1.0
ring_170203.csv,17:01:44.660,17:02:03.060,231,80.0,0,vDcInst/idc_units/iq_shed,487.38,492.21,3.13,3.3,1.0,1.0
ring_170226.csv,17:02:08.251,17:02:26.731,232,80.0,0,vDcInst/idc_units/iq_shed,486.9,493.91,3.08,3.37,1.0,1.0
ring_170250.csv,17:02:31.891,17:02:50.291,231,80.0,0,vDcInst/idc_units/iq_shed,486.65,494.15,3.23,3.61,1.0,1.0
ring_170313.csv,17:02:55.387,17:03:13.787,231,80.0,0,vDcInst/idc_units/iq_shed,487.86,516.63,0.37,3.46,1.0,1.0
ring_170337.csv,17:03:18.948,17:03:37.348,231,80.0,0,vDcInst/idc_units/iq_shed,514.94,516.15,0.37,0.39,1.0,1.0
ring_170400.csv,17:03:42.459,17:04:00.779,230,80.0,0,vDcInst/idc_units/iq_shed,514.46,514.94,0.37,0.39,1.0,1.0
ring_170424.csv,17:04:06.037,17:04:24.357,230,80.0,0,vDcInst/idc_units/iq_shed,513.73,514.7,0.36,0.38,1.0,1.0
ring_170447.csv,17:04:29.516,17:04:47.916,231,80.0,0,vDcInst/idc_units/iq_shed,493.67,514.21,0.36,2.25,1.0,1.0
ring_170511.csv,17:04:53.092,17:05:11.492,231,80.0,0,vDcInst/idc_units/iq_shed,492.94,503.34,1.83,2.52,1.0,1.0
ring_170535.csv,17:05:16.748,17:05:35.068,230,80.0,0,vDcInst/idc_units/iq_shed,486.65,497.53,2.29,2.8,1.0,1.0
ring_170558.csv,17:05:40.308,17:05:58.708,231,80.0,0,vDcInst/idc_units/iq_shed,486.41,491.25,2.63,2.79,1.0,1.0
ring_170622.csv,17:06:03.868,17:06:22.188,230,80.0,0,vDcInst/idc_units/iq_shed,486.41,491.73,2.57,2.75,1.0,1.0
ring_170645.csv,17:06:27.316,17:06:45.716,231,80.0,0,vDcInst/idc_units/iq_shed,486.65,491.97,2.52,2.72,1.0,1.0
ring_170709.csv,17:06:50.924,17:07:09.244,230,80.0,0,vDcInst/idc_units/iq_shed,485.93,491.01,2.55,2.71,1.0,1.0
ring_170732.csv,17:07:14.469,17:07:32.789,230,80.0,0,vDcInst/idc_units/iq_shed,486.17,491.25,2.54,2.7,1.0,1.0
ring_170758.csv,17:07:38.028,17:07:58.428,256,80.0,0,vDcInst/idc_units/iq_shed,485.69,491.73,2.49,2.68,1.0,1.0
ring_170822.csv,17:08:04.004,17:08:22.324,230,80.0,0,vDcInst/idc_units/iq_shed,486.65,491.49,2.5,2.63,1.0,1.0
ring_170845.csv,17:08:27.582,17:08:45.902,230,80.0,0,vDcInst/idc_units/iq_shed,486.65,491.73,2.45,2.6,1.0,1.0
ring_170909.csv,17:08:51.140,17:09:09.460,230,80.0,0,vDcInst/idc_units/iq_shed,486.41,491.25,2.44,2.59,1.0,1.0
ring_170933.csv,17:09:14.637,17:09:33.037,231,80.0,0,vDcInst/idc_units/iq_shed,486.65,491.97,2.39,2.51,1.0,1.0
ring_170956.csv,17:09:38.165,17:09:56.565,231,80.0,0,vDcInst/idc_units/iq_shed,487.14,491.73,2.35,2.5,1.0,1.0
ring_171020.csv,17:10:01.821,17:10:20.141,230,80.0,0,vDcInst/idc_units/iq_shed,486.41,490.52,2.37,2.5,1.0,1.0
ring_171043.csv,17:10:25.302,17:10:43.542,229,80.0,0,vDcInst/idc_units/iq_shed,486.41,490.52,2.31,2.47,1.0,1.0
ring_171108.csv,17:10:48.829,17:11:08.349,245,80.0,0,vDcInst/idc_units/iq_shed,486.17,491.01,2.27,2.45,1.0,1.0
ring_171133.csv,17:11:13.892,17:11:33.252,243,80.0,0,vDcInst/idc_units/iq_shed,486.17,491.97,2.21,2.37,1.0,1.0
ring_171157.csv,17:11:38.686,17:11:57.566,237,80.0,0,vDcInst/idc_units/iq_shed,485.69,491.01,2.23,2.35,1.0,1.0
ring_171221.csv,17:12:02.853,17:12:21.173,230,80.0,0,vDcInst/idc_units/iq_shed,511.07,511.31,0.33,0.35,1.0,1.0
ring_171244.csv,17:12:26.269,17:12:44.589,230,80.0,0,vDcInst/idc_units/iq_shed,510.83,511.56,0.33,0.36,1.0,1.0
ring_171308.csv,17:12:49.829,17:13:08.229,231,80.0,0,vDcInst/idc_units/iq_shed,510.59,511.07,0.33,0.35,1.0,1.0
ring_171331.csv,17:13:13.374,17:13:31.694,230,80.0,0,vDcInst/idc_units/iq_shed,510.35,510.83,0.33,0.35,1.0,1.0
ring_171355.csv,17:13:36.885,17:13:55.285,231,80.0,0,vDcInst/idc_units/iq_shed,510.35,510.59,0.33,0.35,1.0,1.0
ring_171418.csv,17:14:00.541,17:14:18.861,230,80.0,0,vDcInst/idc_units/iq_shed,510.1,510.59,0.33,0.35,1.0,1.0
ring_171442.csv,17:14:23.990,17:14:42.310,230,80.0,0,vDcInst/idc_units/iq_shed,509.86,510.35,0.32,0.34,1.0,1.0
ring_171505.csv,17:14:47.630,17:15:05.950,230,80.0,0,vDcInst/idc_units/iq_shed,509.86,510.1,0.31,0.34,1.0,1.0
ring_171529.csv,17:15:11.206,17:15:29.526,230,80.0,0,vDcInst/idc_units/iq_shed,509.62,510.1,0.31,0.33,1.0,1.0
ring_171552.csv,17:15:34.590,17:15:52.990,231,80.0,0,vDcInst/idc_units/iq_shed,509.62,510.1,0.3,0.33,1.0,1.0
ring_171616.csv,17:15:58.182,17:16:16.582,231,80.0,0,vDcInst/idc_units/iq_shed,509.38,509.86,0.3,0.33,1.0,1.0
ring_171640.csv,17:16:21.758,17:16:40.078,230,80.0,0,vDcInst/idc_units/iq_shed,481.82,509.62,0.3,2.28,1.0,1.0
ring_171703.csv,17:16:45.302,17:17:03.622,230,80.0,0,vDcInst/idc_units/iq_shed,475.05,492.7,1.77,2.35,1.0,1.0
ring_171727.csv,17:17:08.847,17:17:27.247,231,80.0,0,vDcInst/idc_units/iq_shed,480.37,487.14,2.01,2.17,1.0,1.0
ring_171750.csv,17:17:32.312,17:17:50.712,231,80.0,0,vDcInst/idc_units/iq_shed,482.06,487.62,1.97,2.11,1.0,1.0
ring_171814.csv,17:17:55.871,17:18:14.751,237,80.0,0,vDcInst/idc_units/iq_shed,483.03,488.35,1.95,2.06,1.0,1.0
ring_171838.csv,17:18:19.959,17:18:38.279,230,80.0,0,vDcInst/idc_units/iq_shed,482.54,487.86,1.93,2.03,1.0,1.0
ring_171901.csv,17:18:43.375,17:19:01.695,230,80.0,0,vDcInst/idc_units/iq_shed,483.03,487.62,1.92,2.03,1.0,1.0
ring_171925.csv,17:19:06.952,17:19:25.352,231,80.0,0,vDcInst/idc_units/iq_shed,482.54,487.38,1.91,2.0,1.0,1.0
ring_171948.csv,17:19:30.464,17:19:48.784,230,80.0,0,vDcInst/idc_units/iq_shed,481.82,486.65,1.92,2.03,1.0,1.0
ring_172012.csv,17:19:53.992,17:20:12.392,231,80.0,0,vDcInst/idc_units/iq_shed,481.58,486.17,1.91,1.99,1.0,1.0
ring_172035.csv,17:20:17.584,17:20:35.984,231,80.0,0,vDcInst/idc_units/iq_shed,480.61,485.93,1.91,2.02,1.0,1.0
ring_172059.csv,17:20:41.032,17:20:59.352,230,80.0,0,vDcInst/idc_units/iq_shed,480.37,484.96,1.92,2.0,1.0,1.0
ring_172123.csv,17:21:04.626,17:21:23.106,232,80.0,0,vDcInst/idc_units/iq_shed,479.89,484.72,1.91,2.0,1.0,1.0
ring_172146.csv,17:21:28.217,17:21:46.697,232,80.0,0,vDcInst/idc_units/iq_shed,478.43,483.75,1.92,2.01,1.0,1.0
ring_172210.csv,17:21:52.113,17:22:10.353,229,80.0,0,vDcInst/idc_units/iq_shed,477.95,483.03,1.93,2.01,1.0,1.0
ring_172234.csv,17:22:15.641,17:22:34.041,231,80.0,0,vDcInst/idc_units/iq_shed,477.71,482.79,1.93,2.01,1.0,1.0
ring_172257.csv,17:22:39.201,17:22:57.521,230,80.0,0,vDcInst/idc_units/iq_shed,476.5,482.3,1.93,2.01,1.0,1.0
ring_172321.csv,17:23:02.649,17:23:21.049,231,80.0,0,vDcInst/idc_units/iq_shed,476.5,481.82,1.92,2.01,1.0,1.0
ring_172344.csv,17:23:26.241,17:23:44.641,231,80.0,0,vDcInst/idc_units/iq_shed,474.08,481.58,1.93,2.06,1.0,1.0
ring_172408.csv,17:23:49.818,17:24:08.138,230,80.0,0,vDcInst/idc_units/iq_shed,475.05,480.61,1.96,2.05,1.0,1.0
ring_172431.csv,17:24:13.378,17:24:31.698,230,80.0,0,vDcInst/idc_units/iq_shed,475.05,481.09,1.94,2.05,1.0,1.0
ring_172455.csv,17:24:36.906,17:24:55.306,231,80.0,0,vDcInst/idc_units/iq_shed,476.26,481.34,1.93,2.01,1.0,1.0
ring_172518.csv,17:25:00.451,17:25:18.851,231,80.0,0,vDcInst/idc_units/iq_shed,475.53,507.45,0.29,2.01,1.0,1.0
ring_172542.csv,17:25:24.058,17:25:42.458,231,80.0,0,vDcInst/idc_units/iq_shed,506.96,507.45,0.29,0.31,1.0,1.0
ring_172605.csv,17:25:47.570,17:26:05.970,231,80.0,0,vDcInst/idc_units/iq_shed,507.2,507.45,0.29,0.31,1.0,1.0
ring_172629.csv,17:26:11.066,17:26:29.386,230,80.0,0,vDcInst/idc_units/iq_shed,507.2,507.69,0.29,0.31,1.0,1.0
ring_172653.csv,17:26:34.707,17:26:53.187,232,80.0,0,vDcInst/idc_units/iq_shed,507.2,507.69,0.29,0.31,1.0,1.0
ring_172716.csv,17:26:58.555,17:27:16.875,230,80.0,0,vDcInst/idc_units/iq_shed,507.2,507.69,0.29,0.31,1.0,1.0
ring_172740.csv,17:27:22.147,17:27:40.467,230,80.0,0,vDcInst/idc_units/iq_shed,507.45,507.93,0.28,0.3,1.0,1.0
ring_172803.csv,17:27:45.579,17:28:03.979,231,80.0,0,vDcInst/idc_units/iq_shed,507.69,507.93,0.28,0.3,1.0,1.0
ring_172827.csv,17:28:09.219,17:28:27.699,232,80.0,0,vDcInst/idc_units/iq_shed,507.45,508.17,0.28,0.3,1.0,1.0
ring_172851.csv,17:28:32.795,17:28:51.275,232,80.0,0,vDcInst/idc_units/iq_shed,507.69,508.17,0.27,0.3,1.0,1.0
ring_172915.csv,17:28:56.692,17:29:15.012,230,80.0,0,vDcInst/idc_units/iq_shed,507.69,508.17,0.27,0.29,1.0,1.0
ring_172938.csv,17:29:20.268,17:29:38.588,230,80.0,0,vDcInst/idc_units/iq_shed,507.93,508.41,0.26,0.29,1.0,1.0
ring_173002.csv,17:29:43.764,17:30:02.164,231,80.0,0,vDcInst/idc_units/iq_shed,507.93,508.41,0.26,0.29,1.0,1.0
ring_173025.csv,17:30:07.357,17:30:25.677,230,80.0,0,vDcInst/idc_units/iq_shed,507.93,508.41,0.25,0.28,1.0,1.0
ring_173049.csv,17:30:30.836,17:30:49.236,231,80.0,0,vDcInst/idc_units/iq_shed,508.17,508.65,0.25,0.28,1.0,1.0
ring_173112.csv,17:30:54.412,17:31:12.732,230,80.0,0,vDcInst/idc_units/iq_shed,508.65,509.14,0.25,0.27,1.0,1.0
ring_173136.csv,17:31:17.941,17:31:36.261,230,80.0,0,vDcInst/idc_units/iq_shed,509.14,509.62,0.24,0.27,1.0,1.0
ring_173159.csv,17:31:41.358,17:31:59.758,231,80.0,0,vDcInst/idc_units/iq_shed,509.38,509.86,0.24,0.26,1.0,1.0
ring_173223.csv,17:32:04.950,17:32:23.350,231,80.0,0,vDcInst/idc_units/iq_shed,509.38,509.62,0.24,0.26,1.0,1.0
ring_173246.csv,17:32:28.527,17:32:46.927,231,80.0,0,vDcInst/idc_units/iq_shed,509.38,509.86,0.23,0.26,1.0,1.0
ring_173310.csv,17:32:52.102,17:33:10.502,231,80.0,0,vDcInst/idc_units/iq_shed,509.62,510.1,0.23,0.25,1.0,1.0
ring_173333.csv,17:33:15.582,17:33:33.982,231,80.0,0,vDcInst/idc_units/iq_shed,509.86,510.35,0.22,0.24,1.0,1.0
ring_173357.csv,17:33:39.030,17:33:57.430,231,80.0,0,vDcInst/idc_units/iq_shed,509.86,510.35,0.22,0.24,1.0,1.0
ring_173421.csv,17:34:02.638,17:34:21.038,231,80.0,0,vDcInst/idc_units/iq_shed,469.25,510.35,0.22,2.19,1.0,1.0
ring_173444.csv,17:34:26.182,17:34:44.582,231,80.0,0,vDcInst/idc_units/iq_shed,472.63,491.01,1.68,2.18,1.0,1.0
ring_173508.csv,17:34:49.854,17:35:08.174,230,80.0,0,vDcInst/idc_units/iq_shed,475.29,488.83,1.75,2.08,1.0,1.0
ring_173532.csv,17:35:13.206,17:35:32.566,243,80.0,0,vDcInst/idc_units/iq_shed,475.29,481.09,1.91,2.02,1.0,1.0
ring_173556.csv,17:35:37.998,17:35:56.318,230,80.0,0,vDcInst/idc_units/iq_shed,473.84,480.13,1.89,1.98,1.0,1.0
ring_173619.csv,17:36:01.559,17:36:19.959,231,80.0,0,vDcInst/idc_units/iq_shed,473.36,479.16,1.88,1.97,1.0,1.0
ring_173644.csv,17:36:26.126,17:36:44.446,230,80.0,0,vDcInst/idc_units/iq_shed,470.94,477.71,1.89,1.97,1.0,1.0
ring_173708.csv,17:36:49.911,17:37:08.231,230,80.0,0,vDcInst/idc_units/iq_shed,470.7,477.23,1.89,1.97,1.0,1.0
ring_173731.csv,17:37:13.392,17:37:31.792,231,80.0,0,vDcInst/idc_units/iq_shed,469.25,476.26,1.88,1.98,1.0,1.0
ring_173755.csv,17:37:37.016,17:37:55.336,230,80.0,0,vDcInst/idc_units/iq_shed,467.56,474.57,1.9,1.98,1.0,1.0
ring_173818.csv,17:38:00.447,17:38:18.847,231,80.0,0,vDcInst/idc_units/iq_shed,465.38,472.63,1.89,1.98,1.0,1.0
ring_173842.csv,17:38:24.039,17:38:42.439,231,80.0,0,vDcInst/idc_units/iq_shed,462.0,470.46,1.9,1.98,1.0,1.0
ring_173905.csv,17:38:47.488,17:39:05.888,231,80.0,0,vDcInst/idc_units/iq_shed,458.85,468.04,1.91,1.99,1.0,1.0
ring_173929.csv,17:39:11.082,17:39:29.562,232,80.0,0,vDcInst/idc_units/iq_shed,449.67,463.2,1.92,2.01,1.0,1.0
trip_173953.csv,,,103,80.0,1,vDcInst/idc_units/iq_shed,224.59,451.84,1.95,2.11,0.1,1.0
ring_174014.csv,17:39:56.186,17:40:14.586,231,80.0,0,vDcInst/idc_units/iq_shed,502.85,503.58,0.23,0.25,1.0,1.0
ring_174038.csv,17:40:19.682,17:40:38.162,232,80.0,0,vDcInst/idc_units/iq_shed,502.61,502.85,0.23,0.25,1.0,1.0
ring_174101.csv,17:40:43.275,17:41:01.595,230,80.0,0,vDcInst/idc_units/iq_shed,502.37,502.85,0.23,0.25,1.0,1.0
ring_174125.csv,17:41:06.754,17:41:25.234,232,80.0,0,vDcInst/idc_units/iq_shed,464.65,503.09,0.23,1.77,1.0,1.0
ring_174148.csv,17:41:30.298,17:41:48.698,231,80.0,0,vDcInst/idc_units/iq_shed,502.61,503.09,0.22,0.25,1.0,1.0
ring_174212.csv,17:41:53.700,17:42:12.100,231,80.0,0,vDcInst/idc_units/iq_shed,502.37,502.85,0.22,0.25,1.0,1.0
ring_174235.csv,17:42:17.355,17:42:35.755,231,80.0,0,vDcInst/idc_units/iq_shed,502.13,502.85,0.22,0.24,1.0,1.0
ring_174259.csv,17:42:40.835,17:42:59.155,230,80.0,0,vDcInst/idc_units/iq_shed,441.45,502.61,0.22,1.62,1.0,1.0
ring_174322.csv,17:43:04.459,17:43:22.779,230,80.0,0,vDcInst/idc_units/iq_shed,501.64,502.13,0.22,0.24,1.0,1.0
ring_174346.csv,17:43:27.908,17:43:46.308,231,80.0,0,vDcInst/idc_units/iq_shed,501.16,501.89,0.21,0.24,1.0,1.0
ring_174409.csv,17:43:51.484,17:44:09.884,231,80.0,0,vDcInst/idc_units/iq_shed,500.68,501.4,0.21,0.24,1.0,1.0
ring_174433.csv,17:44:14.981,17:44:33.381,231,80.0,0,vDcInst/idc_units/iq_shed,427.18,500.68,0.21,1.58,1.0,1.0
ring_174456.csv,17:44:38.540,17:44:56.940,231,80.0,0,vDcInst/idc_units/iq_shed,499.23,499.95,0.21,0.23,1.0,1.0
ring_174520.csv,17:45:02.165,17:45:20.565,231,80.0,0,vDcInst/idc_units/iq_shed,498.98,499.47,0.2,0.23,1.0,1.0
ring_174543.csv,17:45:25.644,17:45:43.964,230,80.0,0,vDcInst/idc_units/iq_shed,498.5,499.23,0.2,0.23,1.0,1.0
ring_174607.csv,17:45:49.093,17:46:07.493,231,80.0,0,vDcInst/idc_units/iq_shed,455.95,500.19,0.2,1.48,1.0,1.0
ring_174631.csv,17:46:12.637,17:46:31.037,231,80.0,0,vDcInst/idc_units/iq_shed,498.26,498.74,0.2,0.22,1.0,1.0
ring_174654.csv,17:46:36.117,17:46:54.597,232,80.0,0,vDcInst/idc_units/iq_shed,497.78,498.26,0.19,0.22,1.0,1.0
ring_174718.csv,17:46:59.757,17:47:18.077,230,80.0,0,vDcInst/idc_units/iq_shed,497.53,498.02,0.19,0.22,1.0,1.0
ring_174741.csv,17:47:23.221,17:47:41.701,232,80.0,0,vDcInst/idc_units/iq_shed,423.56,497.78,0.19,1.34,1.0,1.0
ring_174805.csv,17:47:46.766,17:48:05.086,230,80.0,0,vDcInst/idc_units/iq_shed,497.05,497.29,0.19,0.21,1.0,1.0
ring_174828.csv,17:48:10.310,17:48:28.710,231,80.0,0,vDcInst/idc_units/iq_shed,496.32,497.05,0.19,0.21,1.0,1.0
ring_174852.csv,17:48:33.887,17:48:52.287,231,80.0,0,vDcInst/idc_units/iq_shed,496.08,496.57,0.18,0.21,1.0,1.0
ring_174915.csv,17:48:57.367,17:49:15.687,230,80.0,0,vDcInst/idc_units/iq_shed,418.96,496.08,0.19,1.19,1.0,1.0
ring_174939.csv,17:49:21.007,17:49:39.487,232,80.0,0,vDcInst/idc_units/iq_shed,495.36,495.84,0.18,0.21,1.0,1.0
ring_175003.csv,17:49:44.791,17:50:03.111,230,80.0,0,vDcInst/idc_units/iq_shed,495.12,495.6,0.18,0.21,1.0,1.0
ring_175026.csv,17:50:08.319,17:50:26.719,231,80.0,0,vDcInst/idc_units/iq_shed,494.87,495.12,0.17,0.2,1.0,1.0
ring_175050.csv,17:50:31.959,17:50:50.359,231,80.0,0,vDcInst/idc_units/iq_shed,418.48,495.12,0.17,1.19,1.0,1.0
ring_175113.csv,17:50:55.424,17:51:13.824,231,80.0,0,vDcInst/idc_units/iq_shed,494.39,494.87,0.17,0.2,1.0,1.0
ring_175137.csv,17:51:18.984,17:51:37.304,230,80.0,0,vDcInst/idc_units/iq_shed,493.91,494.39,0.17,0.2,1.0,1.0
ring_175201.csv,17:51:42.529,17:52:01.009,232,80.0,0,vDcInst/idc_units/iq_shed,493.42,494.15,0.17,0.2,1.0,1.0
ring_175224.csv,17:52:06.072,17:52:24.392,230,80.0,0,vDcInst/idc_units/iq_shed,492.94,493.42,0.17,0.2,1.0,1.0
ring_175248.csv,17:52:29.553,17:52:48.033,232,80.0,0,vDcInst/idc_units/iq_shed,492.21,492.94,0.16,0.19,1.0,1.0
ring_175311.csv,17:52:53.145,17:53:11.545,231,80.0,0,vDcInst/idc_units/iq_shed,491.73,492.21,0.17,0.19,1.0,1.0
ring_175334.csv,17:53:16.609,17:53:34.929,230,80.0,0,vDcInst/idc_units/iq_shed,491.25,491.73,0.17,0.19,1.0,1.0
ring_175358.csv,17:53:40.154,17:53:58.554,231,80.0,0,vDcInst/idc_units/iq_shed,490.76,491.25,0.17,0.19,1.0,1.0
ring_175422.csv,17:54:03.698,17:54:22.018,230,80.0,0,vDcInst/idc_units/iq_shed,490.28,491.01,0.16,0.19,1.0,1.0
ring_175445.csv,17:54:27.258,17:54:45.578,230,80.0,0,vDcInst/idc_units/iq_shed,489.8,490.52,0.16,0.19,1.0,1.0
ring_175509.csv,17:54:50.675,17:55:09.075,231,80.0,0,vDcInst/idc_units/iq_shed,489.31,489.8,0.16,0.19,1.0,1.0
ring_175532.csv,17:55:14.284,17:55:32.524,229,80.0,0,vDcInst/idc_units/iq_shed,488.59,489.31,0.16,0.18,1.0,1.0
ring_175556.csv,17:55:37.779,17:55:56.179,231,80.0,0,vDcInst/idc_units/iq_shed,487.86,488.59,0.16,0.19,1.0,1.0
ring_175619.csv,17:56:01.356,17:56:19.676,230,80.0,0,vDcInst/idc_units/iq_shed,487.14,487.86,0.16,0.19,1.0,1.0
ring_175643.csv,17:56:24.836,17:56:43.156,230,80.0,0,vDcInst/idc_units/iq_shed,486.65,487.14,0.16,0.18,1.0,1.0
ring_175706.csv,17:56:48.380,17:57:06.860,232,80.0,0,vDcInst/idc_units/iq_shed,485.93,486.65,0.16,0.19,1.0,1.0
ring_175730.csv,17:57:11.989,17:57:30.309,230,80.0,0,vDcInst/idc_units/iq_shed,485.2,485.93,0.15,0.18,1.0,1.0
ring_175753.csv,17:57:35.421,17:57:53.821,231,80.0,0,vDcInst/idc_units/iq_shed,484.72,485.45,0.15,0.18,1.0,1.0
ring_175817.csv,17:57:58.965,17:58:17.365,231,80.0,0,vDcInst/idc_units/iq_shed,484.24,484.96,0.15,0.18,1.0,1.0
ring_175840.csv,17:58:22.509,17:58:40.829,230,80.0,0,vDcInst/idc_units/iq_shed,483.75,484.48,0.15,0.17,1.0,1.0
ring_175904.csv,17:58:45.943,17:59:04.343,231,80.0,0,vDcInst/idc_units/iq_shed,483.27,483.75,0.15,0.18,1.0,1.0
ring_175928.csv,17:59:09.614,17:59:28.014,231,80.0,0,vDcInst/idc_units/iq_shed,482.79,483.27,0.15,0.18,1.0,1.0
ring_175951.csv,17:59:33.048,17:59:51.368,230,80.0,0,vDcInst/idc_units/iq_shed,482.3,483.03,0.15,0.18,1.0,1.0
ring_180015.csv,17:59:56.607,18:00:15.007,231,80.0,0,vDcInst/idc_units/iq_shed,481.82,482.3,0.15,0.18,1.0,1.0
ring_180038.csv,18:00:20.184,18:00:38.504,230,80.0,0,vDcInst/idc_units/iq_shed,481.09,481.82,0.15,0.18,1.0,1.0
ring_180102.csv,18:00:43.712,18:01:02.032,230,80.0,0,vDcInst/idc_units/iq_shed,480.37,481.09,0.15,0.17,1.0,1.0
ring_180125.csv,18:01:07.144,18:01:25.544,231,80.0,0,vDcInst/idc_units/iq_shed,479.64,480.37,0.15,0.17,1.0,1.0
ring_180149.csv,18:01:30.689,18:01:49.009,230,80.0,0,vDcInst/idc_units/iq_shed,478.92,479.89,0.15,0.18,1.0,1.0
ring_180212.csv,18:01:54.185,18:02:12.585,231,80.0,0,vDcInst/idc_units/iq_shed,478.19,478.92,0.14,0.17,1.0,1.0
ring_180236.csv,18:02:17.745,18:02:36.785,239,80.0,0,vDcInst/idc_units/iq_shed,477.47,478.19,0.15,0.17,1.0,1.0
ring_180300.csv,18:02:42.154,18:03:00.474,230,80.0,0,vDcInst/idc_units/iq_shed,476.74,477.47,0.15,0.17,1.0,1.0
ring_180324.csv,18:03:05.569,18:03:24.049,232,80.0,0,vDcInst/idc_units/iq_shed,476.02,476.74,0.15,0.17,1.0,1.0
ring_180347.csv,18:03:29.034,18:03:47.354,230,80.0,0,vDcInst/idc_units/iq_shed,475.29,476.02,0.14,0.17,1.0,1.0
ring_180411.csv,18:03:52.578,18:04:11.458,237,80.0,0,vDcInst/idc_units/iq_shed,474.57,475.29,0.14,0.17,1.0,1.0
ring_180435.csv,18:04:16.682,18:04:35.082,231,80.0,0,vDcInst/idc_units/iq_shed,473.84,474.57,0.14,0.17,1.0,1.0
ring_180458.csv,18:04:40.180,18:04:58.500,230,80.0,0,vDcInst/idc_units/iq_shed,473.12,473.84,0.14,0.18,1.0,1.0
ring_180521.csv,18:05:03.579,18:05:21.979,231,80.0,0,vDcInst/idc_units/iq_shed,472.39,473.12,0.14,0.17,1.0,1.0
ring_180545.csv,18:05:27.123,18:05:45.443,230,80.0,0,vDcInst/idc_units/iq_shed,471.67,472.39,0.14,0.17,1.0,1.0
ring_180609.csv,18:05:50.685,18:06:09.005,230,80.0,0,vDcInst/idc_units/iq_shed,470.94,471.67,0.14,0.17,1.0,1.0
ring_180632.csv,18:06:14.132,18:06:32.532,231,80.0,0,vDcInst/idc_units/iq_shed,470.21,470.94,0.14,0.17,1.0,1.0
ring_180656.csv,18:06:37.708,18:06:56.028,230,80.0,0,vDcInst/idc_units/iq_shed,469.49,470.21,0.15,0.17,1.0,1.0
ring_180719.csv,18:07:01.268,18:07:19.588,230,80.0,0,vDcInst/idc_units/iq_shed,468.76,469.49,0.15,0.17,1.0,1.0
ring_180743.csv,18:07:24.749,18:07:43.149,231,80.0,0,vDcInst/idc_units/iq_shed,468.04,468.76,0.15,0.17,1.0,1.0
ring_180806.csv,18:07:48.293,18:08:06.613,230,80.0,0,vDcInst/idc_units/iq_shed,467.31,468.04,0.14,0.18,1.0,1.0
ring_180830.csv,18:08:11.854,18:08:30.174,230,80.0,0,vDcInst/idc_units/iq_shed,466.59,467.31,0.15,0.17,1.0,1.0
ring_180853.csv,18:08:35.366,18:08:53.766,231,80.0,0,vDcInst/idc_units/iq_shed,465.86,466.59,0.15,0.18,1.0,1.0
ring_180917.csv,18:08:58.878,18:09:17.278,231,80.0,0,vDcInst/idc_units/iq_shed,464.9,465.86,0.15,0.18,1.0,1.0
ring_180940.csv,18:09:22.342,18:09:40.742,231,80.0,0,vDcInst/idc_units/iq_shed,463.93,464.9,0.15,0.18,1.0,1.0
ring_181004.csv,18:09:46.000,18:10:04.320,230,80.0,0,vDcInst/idc_units/iq_shed,462.96,464.17,0.15,0.17,1.0,1.0
ring_181027.csv,18:10:09.495,18:10:27.895,231,80.0,0,vDcInst/idc_units/iq_shed,462.0,462.96,0.15,0.18,1.0,1.0
ring_181051.csv,18:10:33.023,18:10:51.503,232,80.0,0,vDcInst/idc_units/iq_shed,461.03,462.24,0.15,0.17,1.0,1.0
ring_181114.csv,18:10:56.632,18:11:14.952,230,80.0,0,vDcInst/idc_units/iq_shed,460.06,461.03,0.15,0.18,1.0,1.0
ring_181138.csv,18:11:20.112,18:11:38.432,230,80.0,0,vDcInst/idc_units/iq_shed,458.85,460.06,0.15,0.17,1.0,1.0
ring_181201.csv,18:11:43.592,18:12:01.992,231,80.0,0,vDcInst/idc_units/iq_shed,457.89,458.85,0.15,0.17,1.0,1.0
ring_181225.csv,18:12:07.122,18:12:25.522,231,80.0,0,vDcInst/idc_units/iq_shed,456.92,457.89,0.15,0.17,1.0,1.0
ring_181249.csv,18:12:30.666,18:12:49.066,231,80.0,0,vDcInst/idc_units/iq_shed,455.95,456.92,0.15,0.18,1.0,1.0
ring_181312.csv,18:12:54.194,18:13:12.594,231,80.0,0,vDcInst/idc_units/iq_shed,454.98,455.95,0.15,0.18,1.0,1.0
ring_181336.csv,18:13:17.690,18:13:36.650,238,80.0,0,vDcInst/idc_units/iq_shed,453.78,454.74,0.15,0.18,1.0,1.0
ring_181400.csv,18:13:41.858,18:14:00.258,231,80.0,0,vDcInst/idc_units/iq_shed,452.81,453.78,0.15,0.18,1.0,1.0
ring_181424.csv,18:14:05.690,18:14:24.570,237,80.0,0,vDcInst/idc_units/iq_shed,451.84,452.81,0.15,0.18,1.0,1.0
ring_181448.csv,18:14:30.051,18:14:48.371,230,80.0,0,vDcInst/idc_units/iq_shed,450.63,451.84,0.15,0.18,1.0,1.0
ring_181511.csv,18:14:53.419,18:15:11.819,231,80.0,0,vDcInst/idc_units/iq_shed,449.42,450.87,0.15,0.18,1.0,1.0
ring_181535.csv,18:15:16.915,18:15:35.315,231,80.0,0,vDcInst/idc_units/iq_shed,448.46,449.67,0.15,0.18,1.0,1.0
ring_181558.csv,18:15:40.573,18:15:58.973,231,80.0,0,vDcInst/idc_units/iq_shed,447.25,448.46,0.15,0.18,1.0,1.0
ring_181622.csv,18:16:03.988,18:16:22.308,230,80.0,0,vDcInst/idc_units/iq_shed,446.04,447.25,0.15,0.18,1.0,1.0
ring_181645.csv,18:16:27.548,18:16:45.948,231,80.0,0,vDcInst/idc_units/iq_shed,444.83,446.04,0.15,0.18,1.0,1.0
ring_181709.csv,18:16:51.141,18:17:09.541,231,80.0,0,vDcInst/idc_units/iq_shed,443.38,444.83,0.15,0.17,1.0,1.0
ring_181733.csv,18:17:14.717,18:17:33.037,230,80.0,0,vDcInst/idc_units/iq_shed,442.17,443.38,0.15,0.18,1.0,1.0
ring_181756.csv,18:17:38.213,18:17:56.533,230,80.0,0,vDcInst/idc_units/iq_shed,440.96,442.17,0.15,0.18,1.0,1.0
ring_181820.csv,18:18:01.694,18:18:20.094,231,80.0,0,vDcInst/idc_units/iq_shed,439.51,440.96,0.15,0.17,1.0,1.0
ring_181843.csv,18:18:25.286,18:18:43.606,230,80.0,0,vDcInst/idc_units/iq_shed,438.06,439.51,0.15,0.17,1.0,1.0
ring_181907.csv,18:18:48.799,18:19:07.199,231,80.0,0,vDcInst/idc_units/iq_shed,436.85,438.06,0.15,0.18,1.0,1.0
ring_181930.csv,18:19:12.407,18:19:30.807,231,80.0,0,vDcInst/idc_units/iq_shed,435.4,436.85,0.15,0.18,1.0,1.0
ring_181954.csv,18:19:35.919,18:19:54.239,230,80.0,0,vDcInst/idc_units/iq_shed,433.95,435.4,0.15,0.18,1.0,1.0
ring_182017.csv,18:19:59.399,18:20:17.799,231,80.0,0,vDcInst/idc_units/iq_shed,432.26,433.95,0.15,0.18,1.0,1.0
ring_182041.csv,18:20:22.976,18:20:41.296,230,80.0,0,vDcInst/idc_units/iq_shed,430.81,432.5,0.15,0.18,1.0,1.0
ring_182104.csv,18:20:46.424,18:21:04.744,230,80.0,0,vDcInst/idc_units/iq_shed,429.12,430.81,0.15,0.18,1.0,1.0
ring_182128.csv,18:21:10.032,18:21:28.352,230,80.0,0,vDcInst/idc_units/iq_shed,427.42,429.12,0.16,0.18,1.0,1.0
ring_182151.csv,18:21:33.465,18:21:51.785,230,80.0,0,vDcInst/idc_units/iq_shed,425.73,427.42,0.16,0.18,1.0,1.0
ring_182215.csv,18:21:57.057,18:22:15.457,231,80.0,0,vDcInst/idc_units/iq_shed,423.8,425.73,0.16,0.18,1.0,1.0
ring_182238.csv,18:22:20.521,18:22:38.921,231,80.0,0,vDcInst/idc_units/iq_shed,421.86,423.56,0.16,0.18,1.0,1.0
ring_182302.csv,18:22:44.082,18:23:02.402,230,80.0,0,vDcInst/idc_units/iq_shed,419.45,421.62,0.16,0.18,1.0,1.0
ring_182326.csv,18:23:07.674,18:23:26.074,231,80.0,0,vDcInst/idc_units/iq_shed,417.27,419.2,0.16,0.18,1.0,1.0
ring_182349.csv,18:23:31.139,18:23:49.459,230,80.0,0,vDcInst/idc_units/iq_shed,414.61,416.79,0.16,0.19,1.0,1.0
ring_182413.csv,18:23:54.667,18:24:13.067,231,80.0,0,vDcInst/idc_units/iq_shed,411.71,414.13,0.16,0.19,1.0,1.0
ring_182436.csv,18:24:18.195,18:24:36.595,231,80.0,0,vDcInst/idc_units/iq_shed,408.57,411.23,0.16,0.19,1.0,1.0
ring_182500.csv,18:24:41.692,18:25:00.012,230,80.0,0,vDcInst/idc_units/iq_shed,405.18,408.08,0.16,0.18,1.0,1.0
ring_182523.csv,18:25:05.220,18:25:23.620,231,80.0,0,vDcInst/idc_units/iq_shed,401.31,404.46,0.16,0.19,1.0,1.0
ring_182547.csv,18:25:28.733,18:25:47.053,230,80.0,0,vDcInst/idc_units/iq_shed,396.96,400.35,0.17,0.19,1.0,1.0
ring_182610.csv,18:25:52.293,18:26:10.613,230,80.0,0,vDcInst/idc_units/iq_shed,392.13,395.75,0.17,0.19,0.975,0.998
ring_182634.csv,18:26:15.854,18:26:34.254,231,80.0,0,vDcInst/idc_units/iq_shed,386.08,390.19,0.17,0.19,0.934,0.961
ring_182657.csv,18:26:39.415,18:26:57.735,230,80.0,0,vDcInst/idc_units/iq_shed,378.83,383.67,0.16,0.19,0.885,0.917
ring_182721.csv,18:27:02.895,18:27:21.215,230,80.0,0,vDcInst/idc_units/iq_shed,369.16,375.45,0.17,0.19,0.82,0.861
ring_182744.csv,18:27:26.455,18:27:44.855,231,80.0,0,vDcInst/idc_units/iq_shed,355.14,364.08,0.16,0.19,0.725,0.784
ring_182808.csv,18:27:49.953,18:28:08.353,231,80.0,0,vDcInst/idc_units/iq_shed,327.58,346.68,0.17,0.2,0.539,0.669
