t_s,clock,VDC,IDC,PDC,VG_A,VG_B,VG_C,IINV_A,IINV_B,IINV_C,STS,MODE,FAULT_FLAGS,FREQ,SET_FREQ,MOD_IDX,TEMP,STOP_REASON,FAULT_UV_CNT,FAULT_OC_CNT,IU_INST,IW_INST
0.110,13:09:43.663,534.291,0.738,394.337,0.000,0.000,0.000,0.000,0.000,0.000,0.000,1.000,0.000,5.000,5.000,0.103,47.513,5.000,103.0,47.0,-0.05128205195069313,-0.05128205195069313
0.446,13:09:43.807,536.211,0.772,413.926,0.000,0.000,0.000,0.000,0.000,0.000,1.000,1.000,0.000,0.100,0.100,0.010,47.860,5.000,103.0,47.0,-0.05128205195069313,-0.05128205195069313
0.590,13:09:43.871,536.211,0.772,413.926,0.000,0.000,0.000,0.000,0.000,0.000,1.000,1.000,0.000,0.100,0.100,0.010,47.860,5.000,103.0,47.0,-0.05128205195069313,-0.05128205195069313
0.653,13:09:43.934,536.211,0.772,413.926,0.000,0.000,0.000,0.000,0.000,0.000,1.000,1.000,0.000,0.100,0.100,0.010,47.860,5.000,103.0,47.0,-0.05128205195069313,-0.05128205195069313
0.717,13:09:44.078,536.211,0.772,413.926,0.000,0.000,0.000,0.000,0.000,0.000,1.000,1.000,0.000,0.300,0.300,0.010,47.896,5.000,103.0,47.0,-0.05128205195069313,-0.05128205195069313
0.861,13:09:44.142,536.135,0.771,413.144,0.000,0.000,0.000,0.000,0.000,0.000,1.000,1.000,0.000,0.300,0.300,0.010,47.896,5.000,103.0,47.0,-0.05128205195069313,-0.05128205195069313
0.925,13:09:44.206,536.135,0.771,413.144,0.000,0.000,0.000,0.000,0.000,0.000,1.000,1.000,0.000,0.300,0.300,0.010,47.896,5.000,103.0,47.0,-0.05128205195069313,-0.05128205195069313
0.990,13:09:44.624,536.135,0.771,413.144,0.000,0.000,0.000,0.000,0.000,0.000,1.000,1.000,0.000,0.300,0.300,0.010,47.896,5.000,103.0,47.0,-0.05128205195069313,-0.05128205195069313
1.406,13:09:44.958,536.123,0.773,414.661,0.000,0.000,0.000,0.000,0.000,0.000,1.000,1.000,0.000,0.500,0.500,0.010,47.839,5.000,103.0,47.0,-0.10256410390138626,0.0
1.741,13:09:45.101,536.087,0.776,415.827,0.000,0.000,0.000,0.000,0.000,0.000,1.000,1.000,0.000,0.519,0.700,0.011,47.743,5.000,103.0,47.0,-0.10256410390138626,0.0
1.885,13:09:45.166,536.087,0.776,415.827,0.000,0.000,0.000,0.000,0.000,0.000,1.000,1.000,0.000,0.519,0.700,0.011,47.743,5.000,103.0,47.0,-0.10256410390138626,0.0
1.949,13:09:45.230,536.095,0.775,415.450,0.000,0.000,0.000,0.000,0.000,0.000,1.000,1.000,0.000,0.519,0.700,0.011,47.743,5.000,103.0,47.0,-0.10256410390138626,0.0
2.013,13:09:45.375,536.095,0.775,415.450,0.000,0.000,0.000,0.000,0.000,0.000,1.000,1.000,0.000,0.700,0.700,0.014,47.683,5.000,103.0,47.0,-0.10256410390138626,0.0
2.157,13:09:45.438,536.095,0.775,415.450,0.000,0.000,0.000,0.000,0.000,0.000,1.000,1.000,0.000,0.700,0.700,0.014,47.683,5.000,103.0,47.0,-0.10256410390138626,0.0
2.221,13:09:45.502,536.095,0.775,415.450,0.000,0.000,0.000,0.000,0.000,0.000,1.000,1.000,0.000,0.700,0.700,0.014,47.683,5.000,103.0,47.0,-0.10256410390138626,0.0
2.285,13:09:45.646,536.095,0.775,415.450,0.000,0.000,0.000,0.000,0.000,0.000,1.000,1.000,0.000,0.700,0.700,0.014,47.683,5.000,103.0,47.0,-0.10256410390138626,0.0
2.428,13:09:45.902,536.103,0.778,417.088,0.000,0.000,0.000,0.000,0.000,0.000,1.000,1.000,0.000,0.700,0.700,0.014,47.683,5.000,103.0,47.0,0.10256410390138626,-0.1538461595773697
2.685,13:09:46.045,536.103,0.778,417.088,0.000,0.000,0.000,0.000,0.000,0.000,1.000,1.000,1.000,0.900,0.900,0.018,47.605,5.000,103.0,47.0,0.10256410390138626,-0.1538461595773697
2.828,13:09:46.109,536.058,0.778,417.103,0.000,0.000,0.000,0.000,0.000,0.000,1.000,1.000,1.000,0.900,0.900,0.018,47.605,5.000,103.0,47.0,0.10256410390138626,-0.1538461595773697
2.893,13:09:46.174,536.058,0.778,417.103,0.000,0.000,0.000,0.000,0.000,0.000,1.000,1.000,1.000,0.900,0.900,0.018,47.605,5.000,103.0,47.0,0.10256410390138626,-0.1538461595773697
2.957,13:09:46.317,536.058,0.778,417.103,0.000,0.000,0.000,0.000,0.000,0.000,1.000,1.000,0.000,1.100,1.100,0.023,47.519,5.000,103.0,47.0,0.10256410390138626,-0.1538461595773697
3.101,13:09:46.382,536.058,0.778,417.103,0.000,0.000,0.000,0.000,0.000,0.000,1.000,1.000,0.000,1.100,1.100,0.023,47.519,5.000,103.0,47.0,0.10256410390138626,-0.1538461595773697
3.164,13:09:46.445,536.021,0.801,429.155,0.000,0.000,0.000,0.000,0.000,0.000,1.000,1.000,0.000,1.100,1.100,0.023,47.519,5.000,103.0,47.0,0.10256410390138626,-0.1538461595773697
3.228,13:09:46.588,536.021,0.801,429.155,0.000,0.000,0.000,0.000,0.000,0.000,1.000,1.000,0.000,1.299,1.300,0.027,47.471,5.000,103.0,47.0,0.10256410390138626,-0.1538461595773697
3.372,13:09:46.653,536.021,0.801,429.155,0.000,0.000,0.000,0.000,0.000,0.000,1.000,1.000,0.000,1.299,1.300,0.027,47.471,5.000,103.0,47.0,0.10256410390138626,-0.1538461595773697
3.436,13:09:46.908,536.021,0.801,429.155,0.000,0.000,0.000,0.000,0.000,0.000,1.000,1.000,0.000,1.299,1.300,0.027,47.471,5.000,103.0,47.0,-1.2820513248443604,-0.20512820780277252
3.692,13:09:47.052,535.942,0.827,443.415,0.000,0.000,0.000,0.000,0.000,0.000,1.000,1.000,0.000,1.318,1.500,0.027,47.391,5.000,103.0,47.0,-1.2820513248443604,-0.20512820780277252
3.835,13:09:47.116,535.942,0.827,443.415,0.000,0.000,0.000,0.000,0.000,0.000,1.000,1.000,0.000,1.318,1.500,0.027,47.391,5.000,103.0,47.0,-1.2820513248443604,-0.20512820780277252
3.899,13:09:47.180,535.942,0.827,443.415,0.000,0.000,0.000,0.000,0.000,0.000,1.000,1.000,0.000,1.318,1.500,0.027,47.391,5.000,103.0,47.0,-1.2820513248443604,-0.20512820780277252
3.964,13:09:47.324,535.942,0.827,443.415,0.000,0.000,0.000,0.000,0.000,0.000,1.000,1.000,0.000,1.499,1.500,0.031,47.311,5.000,103.0,47.0,-1.2820513248443604,-0.20512820780277252
4.107,13:09:47.388,535.909,0.856,458.942,0.000,0.000,0.000,0.000,0.000,0.000,1.000,1.000,0.000,1.499,1.500,0.031,47.311,5.000,103.0,47.0,-1.2820513248443604,-0.20512820780277252
4.171,13:09:47.452,535.909,0.856,458.942,0.000,0.000,0.000,0.000,0.000,0.000,1.000,1.000,0.000,1.499,1.500,0.031,47.311,5.000,103.0,47.0,-1.2820513248443604,-0.20512820780277252
4.235,13:09:47.597,535.909,0.856,458.942,0.000,0.000,0.000,0.000,0.000,0.000,1.000,1.000,0.000,1.499,1.500,0.031,47.311,5.000,103.0,47.0,-1.2820513248443604,-0.20512820780277252
4.379,13:09:47.660,535.909,0.856,458.942,0.000,0.000,0.000,0.000,0.000,0.000,1.000,1.000,0.000,1.499,1.500,0.031,47.311,5.000,103.0,47.0,-1.2820513248443604,-0.20512820780277252
4.443,13:09:47.916,535.844,0.883,472.884,0.000,0.000,0.000,0.000,0.000,0.000,1.000,1.000,0.000,1.499,1.500,0.031,47.311,5.000,103.0,47.0,-2.0,3.9487178325653076
4.700,13:09:48.060,535.844,0.883,472.884,0.000,0.000,0.000,0.000,0.000,0.000,1.000,1.000,1.000,1.699,1.700,0.035,47.305,5.000,103.0,47.0,-2.0,3.9487178325653076
4.842,13:09:48.123,535.806,0.902,483.091,0.000,0.000,0.000,0.000,0.000,0.000,1.000,1.000,1.000,1.699,1.700,0.035,47.305,5.000,103.0,47.0,-2.0,3.9487178325653076
4.907,13:09:48.188,535.806,0.902,483.091,0.000,0.000,0.000,0.000,0.000,0.000,1.000,1.000,1.000,1.699,1.700,0.035,47.305,5.000,103.0,47.0,-2.0,3.9487178325653076
4.971,13:09:48.333,535.806,0.902,483.091,0.000,0.000,0.000,0.000,0.000,0.000,1.000,1.000,0.000,1.899,1.900,0.039,47.281,5.000,103.0,47.0,-2.0,3.9487178325653076
5.116,13:09:48.396,535.806,0.902,483.091,0.000,0.000,0.000,0.000,0.000,0.000,1.000,1.000,0.000,1.899,1.900,0.039,47.281,5.000,103.0,47.0,-2.0,3.9487178325653076
5.178,13:09:48.459,535.806,0.902,483.091,0.000,0.000,0.000,0.000,0.000,0.000,1.000,1.000,0.000,1.899,1.900,0.039,47.281,5.000,103.0,47.0,-2.0,3.9487178325653076
5.243,13:09:48.603,535.826,0.893,478.591,0.000,0.000,0.000,0.000,0.000,0.000,1.000,1.000,0.000,2.099,2.100,0.043,47.232,5.000,103.0,47.0,-2.0,3.9487178325653076
5.387,13:09:48.668,535.826,0.893,478.591,0.000,0.000,0.000,0.000,0.000,0.000,1.000,1.000,0.000,2.099,2.100,0.043,47.232,5.000,103.0,47.0,-2.0,3.9487178325653076
5.451,13:09:48.923,535.826,0.893,478.591,0.000,0.000,0.000,0.000,0.000,0.000,1.000,1.000,0.000,2.099,2.100,0.043,47.232,5.000,103.0,47.0,3.846153736114502,-2.153846263885498
5.707,13:09:49.067,535.809,0.903,483.985,0.000,0.000,0.000,0.000,0.000,0.000,1.000,1.000,1.000,2.119,2.300,0.043,47.221,5.000,103.0,47.0,3.846153736114502,-2.153846263885498
5.851,13:09:49.132,535.809,0.903,483.985,0.000,0.000,0.000,0.000,0.000,0.000,1.000,1.000,1.000,2.119,2.300,0.043,47.221,5.000,103.0,47.0,3.846153736114502,-2.153846263885498
5.915,13:09:49.196,535.809,0.903,483.985,0.000,0.000,0.000,0.000,0.000,0.000,1.000,1.000,1.000,2.119,2.300,0.043,47.221,5.000,103.0,47.0,3.846153736114502,-2.153846263885498
5.978,13:09:49.339,535.809,0.903,483.985,0.000,0.000,0.000,0.000,0.000,0.000,1.000,1.000,1.000,2.299,2.300,0.047,47.206,5.000,103.0,47.0,3.846153736114502,-2.153846263885498
6.123,13:09:49.404,535.749,0.941,504.178,0.000,0.000,0.000,0.000,0.000,0.000,1.000,1.000,1.000,2.299,2.300,0.047,47.206,5.000,103.0,47.0,3.846153736114502,-2.153846263885498
6.186,13:09:49.467,535.749,0.941,504.178,0.000,0.000,0.000,0.000,0.000,0.000,1.000,1.000,1.000,2.299,2.300,0.047,47.206,5.000,103.0,47.0,3.846153736114502,-2.153846263885498
6.251,13:09:49.611,535.749,0.941,504.178,0.000,0.000,0.000,0.000,0.000,0.000,1.000,1.000,1.000,2.299,2.300,0.047,47.206,5.000,103.0,47.0,3.846153736114502,-2.153846263885498
6.394,13:09:49.675,535.749,0.941,504.178,0.000,0.000,0.000,0.000,0.000,0.000,1.000,1.000,1.000,2.299,2.300,0.047,47.206,5.000,103.0,47.0,3.846153736114502,-2.153846263885498
6.459,13:09:49.932,535.690,0.985,527.835,0.000,0.000,0.000,0.000,0.000,0.000,1.000,1.000,1.000,2.299,2.300,0.047,47.206,5.000,103.0,47.0,5.282051086425781,-0.4615384638309479
6.713,13:09:50.074,535.690,0.985,527.835,0.000,0.000,0.000,0.000,0.000,0.000,1.000,1.000,0.000,2.499,2.500,0.051,47.189,5.000,103.0,47.0,5.282051086425781,-0.4615384638309479
6.857,13:09:50.138,535.669,1.014,543.273,0.000,0.000,0.000,0.000,0.000,0.000,1.000,1.000,0.000,2.499,2.500,0.051,47.189,5.000,103.0,47.0,5.282051086425781,-0.4615384638309479
6.921,13:09:50.202,535.669,1.014,543.273,0.000,0.000,0.000,0.000,0.000,0.000,1.000,1.000,0.000,2.499,2.500,0.051,47.189,5.000,103.0,47.0,5.282051086425781,-0.4615384638309479
6.985,13:09:50.346,535.669,1.014,543.273,0.000,0.000,0.000,0.000,0.000,0.000,1.000,1.000,0.000,2.700,2.700,0.055,47.191,5.000,103.0,47.0,5.282051086425781,-0.4615384638309479
7.129,13:09:50.410,535.669,1.014,543.273,0.000,0.000,0.000,0.000,0.000,0.000,1.000,1.000,0.000,2.700,2.700,0.055,47.191,5.000,103.0,47.0,5.282051086425781,-0.4615384638309479
7.193,13:09:50.474,535.669,1.014,543.273,0.000,0.000,0.000,0.000,0.000,0.000,1.000,1.000,0.000,2.700,2.700,0.055,47.191,5.000,103.0,47.0,5.282051086425781,-0.4615384638309479
7.257,13:09:50.618,535.633,1.018,545.031,0.000,0.000,0.000,0.000,0.000,0.000,1.000,1.000,0.000,2.900,2.900,0.060,47.197,5.000,103.0,47.0,5.282051086425781,-0.4615384638309479
7.401,13:09:50.682,535.633,1.018,545.031,0.000,0.000,0.000,0.000,0.000,0.000,1.000,1.000,0.000,2.900,2.900,0.060,47.197,5.000,103.0,47.0,5.282051086425781,-0.4615384638309479
7.465,13:09:50.938,535.633,1.018,545.031,0.000,0.000,0.000,0.000,0.000,0.000,1.000,1.000,0.000,2.900,2.900,0.060,47.197,5.000,103.0,47.0,5.897435665130615,-6.769230842590332
7.721,13:09:51.082,535.597,1.035,554.166,0.000,0.000,0.000,0.000,0.000,0.000,1.000,1.000,0.000,2.919,3.100,0.060,47.197,5.000,103.0,47.0,5.897435665130615,-6.769230842590332
7.865,13:09:51.146,535.597,1.035,554.166,0.000,0.000,0.000,0.000,0.000,0.000,1.000,1.000,0.000,2.919,3.100,0.060,47.197,5.000,103.0,47.0,5.897435665130615,-6.769230842590332
7.929,13:09:51.210,535.597,1.035,554.166,0.000,0.000,0.000,0.000,0.000,0.000,1.000,1.000,0.000,2.919,3.100,0.060,47.197,5.000,103.0,47.0,5.897435665130615,-6.769230842590332
7.993,13:09:51.354,535.597,1.035,554.166,0.000,0.000,0.000,0.000,0.000,0.000,1.000,1.000,0.000,3.100,3.100,0.064,47.212,5.000,103.0,47.0,5.897435665130615,-6.769230842590332
8.137,13:09:51.417,535.545,1.076,576.481,0.000,0.000,0.000,0.000,0.000,0.000,1.000,1.000,0.000,3.100,3.100,0.064,47.212,5.000,103.0,47.0,5.897435665130615,-6.769230842590332
8.201,13:09:51.481,535.545,1.076,576.481,0.000,0.000,0.000,0.000,0.000,0.000,1.000,1.000,0.000,3.100,3.100,0.064,47.212,5.000,103.0,47.0,5.897435665130615,-6.769230842590332
8.265,13:09:51.625,535.545,1.076,576.481,0.000,0.000,0.000,0.000,0.000,0.000,1.000,1.000,0.000,3.100,3.100,0.064,47.212,5.000,103.0,47.0,5.897435665130615,-6.769230842590332
8.408,13:09:51.689,535.545,1.076,576.481,0.000,0.000,0.000,0.000,0.000,0.000,1.000,1.000,0.000,3.100,3.100,0.064,47.212,5.000,103.0,47.0,5.897435665130615,-6.769230842590332
8.472,13:09:51.945,535.497,1.127,603.449,0.000,0.000,0.000,0.000,0.000,0.000,1.000,1.000,0.000,3.100,3.100,0.064,47.212,5.000,103.0,47.0,0.41025641560554504,7.897435665130615
8.728,13:09:52.089,535.497,1.127,603.449,0.000,0.000,0.000,0.000,0.000,0.000,1.000,1.000,0.000,3.300,3.300,0.068,47.256,5.000,103.0,47.0,0.41025641560554504,7.897435665130615
8.872,13:09:52.153,535.426,1.166,624.351,0.000,0.000,0.000,0.000,0.000,0.000,1.000,1.000,0.000,3.300,3.300,0.068,47.256,5.000,103.0,47.0,0.41025641560554504,7.897435665130615
8.936,13:09:52.217,535.426,1.166,624.351,0.000,0.000,0.000,0.000,0.000,0.000,1.000,1.000,0.000,3.300,3.300,0.068,47.256,5.000,103.0,47.0,0.41025641560554504,7.897435665130615
9.001,13:09:52.361,535.426,1.166,624.351,0.000,0.000,0.000,0.000,0.000,0.000,1.000,1.000,0.000,3.500,3.500,0.072,47.290,5.000,103.0,47.0,0.41025641560554504,7.897435665130615
9.145,13:09:52.426,535.426,1.166,624.351,0.000,0.000,0.000,0.000,0.000,0.000,1.000,1.000,0.000,3.500,3.500,0.072,47.290,5.000,103.0,47.0,0.41025641560554504,7.897435665130615
9.208,13:09:52.489,535.426,1.166,624.351,0.000,0.000,0.000,0.000,0.000,0.000,1.000,1.000,0.000,3.500,3.500,0.072,47.290,5.000,103.0,47.0,0.41025641560554504,7.897435665130615
9.272,13:09:52.634,535.343,1.202,643.382,0.000,0.000,0.000,0.000,0.000,0.000,1.000,1.000,0.000,3.700,3.700,0.076,47.327,5.000,103.0,47.0,0.41025641560554504,7.897435665130615
9.417,13:09:52.698,535.343,1.202,643.382,0.000,0.000,0.000,0.000,0.000,0.000,1.000,1.000,0.000,3.700,3.700,0.076,47.327,5.000,103.0,47.0,0.41025641560554504,7.897435665130615
9.480,13:09:52.954,535.343,1.202,643.382,0.000,0.000,0.000,0.000,0.000,0.000,1.000,1.000,0.000,3.700,3.700,0.076,47.327,5.000,103.0,47.0,-10.35897445678711,-6.615384578704834
9.737,13:09:53.096,535.307,1.242,664.773,0.000,0.000,0.000,0.000,0.000,0.000,1.000,1.000,0.000,3.719,3.900,0.076,47.383,5.000,103.0,47.0,-10.35897445678711,-6.615384578704834
9.880,13:09:53.161,535.307,1.242,664.773,0.000,0.000,0.000,0.000,0.000,0.000,1.000,1.000,0.000,3.719,3.900,0.076,47.383,5.000,103.0,47.0,-10.35897445678711,-6.615384578704834
9.944,13:09:53.225,535.307,1.242,664.773,0.000,0.000,0.000,0.000,0.000,0.000,1.000,1.000,0.000,3.719,3.900,0.076,47.383,5.000,103.0,47.0,-10.35897445678711,-6.615384578704834
10.008,13:09:53.368,535.307,1.242,664.773,0.000,0.000,0.000,0.000,0.000,0.000,1.000,1.000,0.000,3.719,3.900,0.076,47.383,5.000,103.0,47.0,-10.35897445678711,-6.615384578704834
10.152,13:09:53.433,535.200,1.303,697.325,0.000,0.000,0.000,0.000,0.000,0.000,1.000,1.000,0.000,3.719,3.900,0.076,47.383,5.000,103.0,47.0,-10.35897445678711,-6.615384578704834
10.215,13:09:53.496,535.200,1.303,697.325,0.000,0.000,0.000,0.000,0.000,0.000,1.000,1.000,0.000,3.719,3.900,0.076,47.383,5.000,103.0,47.0,-10.35897445678711,-6.615384578704834
10.280,13:09:53.640,535.200,1.303,697.325,0.000,0.000,0.000,0.000,0.000,0.000,1.000,1.000,0.000,3.900,3.900,0.080,47.428,5.000,103.0,47.0,-10.35897445678711,-6.615384578704834
10.424,13:09:53.705,535.200,1.303,697.325,0.000,0.000,0.000,0.000,0.000,0.000,1.000,1.000,0.000,3.900,3.900,0.080,47.428,5.000,103.0,47.0,-10.35897445678711,-6.615384578704834
10.488,13:09:53.961,535.119,1.379,737.696,0.000,0.000,0.000,0.000,0.000,0.000,1.000,1.000,0.000,3.900,3.900,0.080,47.428,5.000,103.0,47.0,0.4615384638309479,-11.48717975616455
10.744,13:09:54.104,535.119,1.379,737.696,0.000,0.000,0.000,0.000,0.000,0.000,1.000,1.000,0.000,4.100,4.100,0.084,47.505,5.000,103.0,47.0,0.4615384638309479,-11.48717975616455
10.888,13:09:54.169,535.119,1.379,737.696,0.000,0.000,0.000,0.000,0.000,0.000,1.000,1.000,0.000,4.100,4.100,0.084,47.505,5.000,103.0,47.0,0.4615384638309479,-11.48717975616455
10.952,13:09:54.233,534.978,1.476,789.727,0.000,0.000,0.000,0.000,0.000,0.000,1.000,1.000,0.000,4.100,4.100,0.084,47.505,5.000,103.0,47.0,0.4615384638309479,-11.48717975616455
11.016,13:09:54.376,534.978,1.476,789.727,0.000,0.000,0.000,0.000,0.000,0.000,1.000,1.000,0.000,4.300,4.300,0.088,47.566,5.000,103.0,47.0,0.4615384638309479,-11.48717975616455
11.159,13:09:54.440,534.978,1.476,789.727,0.000,0.000,0.000,0.000,0.000,0.000,1.000,1.000,0.000,4.300,4.300,0.088,47.566,5.000,103.0,47.0,0.4615384638309479,-11.48717975616455
11.223,13:09:54.504,534.978,1.476,789.727,0.000,0.000,0.000,0.000,0.000,0.000,1.000,1.000,0.000,4.300,4.300,0.088,47.566,5.000,103.0,47.0,0.4615384638309479,-11.48717975616455
11.288,13:09:54.648,534.978,1.476,789.727,0.000,0.000,0.000,0.000,0.000,0.000,1.000,1.000,0.000,4.500,4.500,0.093,47.649,5.000,103.0,47.0,0.4615384638309479,-11.48717975616455
11.431,13:09:54.712,534.937,1.494,799.228,0.000,0.000,0.000,0.000,0.000,0.000,1.000,1.000,0.000,4.500,4.500,0.093,47.649,5.000,103.0,47.0,0.4615384638309479,-11.48717975616455
11.496,13:09:54.984,534.937,1.494,799.228,0.000,0.000,0.000,0.000,0.000,0.000,1.000,1.000,0.000,4.500,4.500,0.093,47.649,5.000,103.0,47.0,-9.589743614196777,3.7948718070983887
11.766,13:09:55.128,534.808,1.568,838.796,0.000,0.000,0.000,0.000,0.000,0.000,1.000,1.000,0.000,4.519,4.700,0.093,47.743,5.000,103.0,47.0,-9.589743614196777,3.7948718070983887
11.911,13:09:55.192,534.808,1.568,838.796,0.000,0.000,0.000,0.000,0.000,0.000,1.000,1.000,0.000,4.519,4.700,0.093,47.743,5.000,103.0,47.0,-9.589743614196777,3.7948718070983887
11.975,13:09:55.256,534.808,1.568,838.796,0.000,0.000,0.000,0.000,0.000,0.000,1.000,1.000,0.000,4.519,4.700,0.093,47.743,5.000,103.0,47.0,-9.589743614196777,3.7948718070983887
12.039,13:09:55.400,534.808,1.568,838.796,0.000,0.000,0.000,0.000,0.000,0.000,1.000,1.000,0.000,4.519,4.700,0.093,47.743,5.000,103.0,47.0,-9.589743614196777,3.7948718070983887
12.183,13:09:55.464,534.674,1.663,889.253,0.000,0.000,0.000,0.000,0.000,0.000,1.000,1.000,0.000,4.519,4.700,0.093,47.743,5.000,103.0,47.0,-9.589743614196777,3.7948718070983887
12.247,13:09:55.528,534.674,1.663,889.253,0.000,0.000,0.000,0.000,0.000,0.000,1.000,1.000,0.000,4.519,4.700,0.093,47.743,5.000,103.0,47.0,-9.589743614196777,3.7948718070983887
12.311,13:09:55.671,534.674,1.663,889.253,0.000,0.000,0.000,0.000,0.000,0.000,1.000,1.000,0.000,4.700,4.700,0.097,47.837,5.000,103.0,47.0,-9.589743614196777,3.7948718070983887
12.455,13:09:55.736,534.674,1.663,889.253,0.000,0.000,0.000,0.000,0.000,0.000,1.000,1.000,0.000,4.700,4.700,0.097,47.837,5.000,103.0,47.0,-9.589743614196777,3.7948718070983887
12.519,13:09:55.992,534.586,1.750,935.278,0.000,0.000,0.000,0.000,0.000,0.000,1.000,1.000,0.000,4.700,4.700,0.097,47.837,5.000,103.0,47.0,-3.1282050609588623,-12.615385055541992
12.774,13:09:56.135,534.586,1.750,935.278,0.000,0.000,0.000,0.000,0.000,0.000,1.000,1.000,0.000,4.900,4.900,0.101,47.943,5.000,103.0,47.0,-3.1282050609588623,-12.615385055541992
12.919,13:09:56.200,534.586,1.750,935.278,0.000,0.000,0.000,0.000,0.000,0.000,1.000,1.000,0.000,4.900,4.900,0.101,47.943,5.000,103.0,47.0,-3.1282050609588623,-12.615385055541992
12.983,13:09:56.264,534.808,1.621,866.979,0.000,0.000,0.000,0.000,0.000,0.000,1.000,1.000,0.000,4.900,4.900,0.101,47.943,5.000,103.0,47.0,-3.1282050609588623,-12.615385055541992
13.045,13:09:56.407,534.808,1.621,866.979,0.000,0.000,0.000,0.000,0.000,0.000,1.000,1.000,0.000,5.100,5.100,0.105,48.057,5.000,103.0,47.0,-3.1282050609588623,-12.615385055541992
13.190,13:09:56.471,534.808,1.621,866.979,0.000,0.000,0.000,0.000,0.000,0.000,1.000,1.000,0.000,5.100,5.100,0.105,48.057,5.000,103.0,47.0,-3.1282050609588623,-12.615385055541992
13.255,13:09:56.535,534.808,1.621,866.979,0.000,0.000,0.000,0.000,0.000,0.000,1.000,1.000,0.000,5.100,5.100,0.105,48.057,5.000,103.0,47.0,-3.1282050609588623,-12.615385055541992
13.319,13:09:56.679,534.808,1.621,866.979,0.000,0.000,0.000,0.000,0.000,0.000,1.000,1.000,0.000,5.300,5.300,0.109,48.173,5.000,103.0,47.0,-3.1282050609588623,-12.615385055541992
13.462,13:09:56.743,535.144,1.365,730.633,0.000,0.000,0.000,0.000,0.000,0.000,1.000,1.000,0.000,5.300,5.300,0.109,48.173,5.000,103.0,47.0,-3.1282050609588623,-12.615385055541992
13.526,13:09:56.998,535.144,1.365,730.633,0.000,0.000,0.000,0.000,0.000,0.000,1.000,1.000,0.000,5.300,5.300,0.109,48.173,5.000,103.0,47.0,-2.0,-6.410256385803223
13.781,13:09:57.142,535.136,1.384,740.563,0.000,0.000,0.000,0.000,0.000,0.000,1.000,1.000,0.000,5.319,5.500,0.109,48.180,5.000,103.0,47.0,-2.0,-6.410256385803223
13.926,13:09:57.207,535.136,1.384,740.563,0.000,0.000,0.000,0.000,0.000,0.000,1.000,1.000,0.000,5.319,5.500,0.109,48.180,5.000,103.0,47.0,-2.0,-6.410256385803223
13.989,13:09:57.270,535.136,1.384,740.563,0.000,0.000,0.000,0.000,0.000,0.000,1.000,1.000,0.000,5.319,5.500,0.109,48.180,5.000,103.0,47.0,-2.0,-6.410256385803223
14.054,13:09:57.415,535.136,1.384,740.563,0.000,0.000,0.000,0.000,0.000,0.000,1.000,1.000,0.000,5.319,5.500,0.109,48.180,5.000,103.0,47.0,-2.0,-6.410256385803223
14.198,13:09:57.479,535.100,1.407,753.065,0.000,0.000,0.000,0.000,0.000,0.000,1.000,1.000,0.000,5.319,5.500,0.109,48.180,5.000,103.0,47.0,-2.0,-6.410256385803223
14.261,13:09:57.542,535.100,1.407,753.065,0.000,0.000,0.000,0.000,0.000,0.000,1.000,1.000,0.000,5.319,5.500,0.109,48.180,5.000,103.0,47.0,-2.0,-6.410256385803223
14.326,13:09:57.686,535.100,1.407,753.065,0.000,0.000,0.000,0.000,0.000,0.000,1.000,1.000,0.000,5.500,5.500,0.113,48.141,5.000,103.0,47.0,-2.0,-6.410256385803223
14.470,13:09:57.751,535.100,1.407,753.065,0.000,0.000,0.000,0.000,0.000,0.000,1.000,1.000,0.000,5.500,5.500,0.113,48.141,5.000,103.0,47.0,-2.0,-6.410256385803223
14.533,13:09:58.006,535.100,1.407,753.065,0.000,0.000,0.000,0.000,0.000,0.000,1.000,1.000,0.000,5.500,5.500,0.113,48.141,5.000,103.0,47.0,9.179487228393555,-0.9230769276618958
14.788,13:09:58.149,535.056,1.440,770.561,0.000,0.000,0.000,0.000,0.000,0.000,1.000,1.000,0.000,5.700,5.700,0.117,48.093,5.000,103.0,47.0,9.179487228393555,-0.9230769276618958
14.933,13:09:58.214,535.056,1.440,770.561,0.000,0.000,0.000,0.000,0.000,0.000,1.000,1.000,0.000,5.700,5.700,0.117,48.093,5.000,103.0,47.0,9.179487228393555,-0.9230769276618958
14.997,13:09:58.278,535.040,1.468,785.523,0.000,0.000,0.000,0.000,0.000,0.000,1.000,1.000,0.000,5.700,5.700,0.117,48.093,5.000,103.0,47.0,9.179487228393555,-0.9230769276618958
15.061,13:09:58.421,535.040,1.468,785.523,0.000,0.000,0.000,0.000,0.000,0.000,1.000,1.000,0.000,5.900,5.900,0.121,48.038,5.000,103.0,47.0,9.179487228393555,-0.9230769276618958
15.204,13:09:58.485,535.040,1.468,785.523,0.000,0.000,0.000,0.000,0.000,0.000,1.000,1.000,0.000,5.900,5.900,0.121,48.038,5.000,103.0,47.0,9.179487228393555,-0.9230769276618958
15.269,13:09:58.550,535.040,1.468,785.523,0.000,0.000,0.000,0.000,0.000,0.000,1.000,1.000,0.000,5.900,5.900,0.121,48.038,5.000,103.0,47.0,9.179487228393555,-0.9230769276618958
15.334,13:09:58.693,535.040,1.468,785.523,0.000,0.000,0.000,0.000,0.000,0.000,1.000,1.000,0.000,6.100,6.100,0.125,47.995,5.000,103.0,47.0,9.179487228393555,-0.9230769276618958
15.477,13:09:58.758,535.016,1.442,771.437,0.000,0.000,0.000,0.000,0.000,0.000,1.000,1.000,0.000,6.100,6.100,0.125,47.995,5.000,103.0,47.0,9.179487228393555,-0.9230769276618958
15.541,13:09:59.013,535.016,1.442,771.437,0.000,0.000,0.000,0.000,0.000,0.000,1.000,1.000,0.000,6.100,6.100,0.125,47.995,5.000,103.0,47.0,-8.051281929016113,10.20512866973877
15.796,13:09:59.158,535.044,1.462,782.248,0.000,0.000,0.000,0.000,0.000,0.000,1.000,1.000,0.000,6.119,6.300,0.126,47.959,5.000,103.0,47.0,-8.051281929016113,10.20512866973877
15.940,13:09:59.221,535.044,1.462,782.248,0.000,0.000,0.000,0.000,0.000,0.000,1.000,1.000,0.000,6.119,6.300,0.126,47.959,5.000,103.0,47.0,-8.051281929016113,10.20512866973877
16.004,13:09:59.285,535.044,1.462,782.248,0.000,0.000,0.000,0.000,0.000,0.000,1.000,1.000,0.000,6.119,6.300,0.126,47.959,5.000,103.0,47.0,-8.051281929016113,10.20512866973877
16.069,13:09:59.429,535.044,1.462,782.248,0.000,0.000,0.000,0.000,0.000,0.000,1.000,1.000,0.000,6.119,6.300,0.126,47.959,5.000,103.0,47.0,-8.051281929016113,10.20512866973877
16.213,13:09:59.493,534.973,1.488,796.090,0.000,0.000,0.000,0.000,0.000,0.000,1.000,1.000,0.000,6.119,6.300,0.126,47.959,5.000,103.0,47.0,-8.051281929016113,10.20512866973877
16.277,13:09:59.558,534.973,1.488,796.090,0.000,0.000,0.000,0.000,0.000,0.000,1.000,1.000,0.000,6.119,6.300,0.126,47.959,5.000,103.0,47.0,-8.051281929016113,10.20512866973877
16.340,13:09:59.701,534.973,1.488,796.090,0.000,0.000,0.000,0.000,0.000,0.000,1.000,1.000,0.000,6.300,6.300,0.130,47.927,5.000,103.0,47.0,-8.051281929016113,10.20512866973877
16.484,13:09:59.765,534.973,1.488,796.090,0.000,0.000,0.000,0.000,0.000,0.000,1.000,1.000,0.000,6.300,6.300,0.130,47.927,5.000,103.0,47.0,-8.051281929016113,10.20512866973877
16.548,13:10:00.020,534.973,1.488,796.090,0.000,0.000,0.000,0.000,0.000,0.000,1.000,1.000,0.000,6.300,6.300,0.130,47.927,5.000,103.0,47.0,3.1794872283935547,-10.461538314819336
16.803,13:10:00.164,534.987,1.503,803.932,0.000,0.000,0.000,0.000,0.000,0.000,1.000,1.000,0.000,6.500,6.500,0.134,47.905,5.000,103.0,47.0,3.1794872283935547,-10.461538314819336
16.948,13:10:00.229,534.987,1.503,803.932,0.000,0.000,0.000,0.000,0.000,0.000,1.000,1.000,0.000,6.500,6.500,0.134,47.905,5.000,103.0,47.0,3.1794872283935547,-10.461538314819336
17.012,13:10:00.293,534.973,1.534,820.664,0.000,0.000,0.000,0.000,0.000,0.000,1.000,1.000,0.000,6.500,6.500,0.134,47.905,5.000,103.0,47.0,3.1794872283935547,-10.461538314819336
17.076,13:10:00.436,534.973,1.534,820.664,0.000,0.000,0.000,0.000,0.000,0.000,1.000,1.000,0.000,6.700,6.700,0.138,47.877,5.000,103.0,47.0,3.1794872283935547,-10.461538314819336
17.220,13:10:00.501,534.973,1.534,820.664,0.000,0.000,0.000,0.000,0.000,0.000,1.000,1.000,0.000,6.700,6.700,0.138,47.877,5.000,103.0,47.0,3.1794872283935547,-10.461538314819336
17.284,13:10:00.565,534.973,1.534,820.664,0.000,0.000,0.000,0.000,0.000,0.000,1.000,1.000,0.000,6.700,6.700,0.138,47.877,5.000,103.0,47.0,3.1794872283935547,-10.461538314819336
17.347,13:10:00.709,534.973,1.534,820.664,0.000,0.000,0.000,0.000,0.000,0.000,1.000,1.000,1.000,6.900,6.900,0.142,47.875,5.000,103.0,47.0,3.1794872283935547,-10.461538314819336
17.491,13:10:00.772,534.905,1.554,831.379,0.000,0.000,0.000,0.000,0.000,0.000,1.000,1.000,1.000,6.900,6.900,0.142,47.875,5.000,103.0,47.0,3.1794872283935547,-10.461538314819336
17.555,13:10:01.028,534.905,1.554,831.379,0.000,0.000,0.000,0.000,0.000,0.000,1.000,1.000,1.000,6.900,6.900,0.142,47.875,5.000,103.0,47.0,-10.666666984558105,8.923076629638672
17.811,13:10:01.172,534.916,1.540,823.955,0.000,0.000,0.000,0.000,0.000,0.000,1.000,1.000,1.000,6.920,7.100,0.142,47.844,5.000,103.0,47.0,-10.666666984558105,8.923076629638672
17.955,13:10:01.236,534.916,1.540,823.955,0.000,0.000,0.000,0.000,0.000,0.000,1.000,1.000,1.000,6.920,7.100,0.142,47.844,5.000,103.0,47.0,-10.666666984558105,8.923076629638672
18.020,13:10:01.301,534.916,1.540,823.955,0.000,0.000,0.000,0.000,0.000,0.000,1.000,1.000,1.000,6.920,7.100,0.142,47.844,5.000,103.0,47.0,-10.666666984558105,8.923076629638672
18.084,13:10:01.445,534.916,1.540,823.955,0.000,0.000,0.000,0.000,0.000,0.000,1.000,1.000,1.000,6.920,7.100,0.142,47.844,5.000,103.0,47.0,-10.666666984558105,8.923076629638672
18.227,13:10:01.508,534.897,1.562,835.319,0.000,0.000,0.000,0.000,0.000,0.000,1.000,1.000,1.000,6.920,7.100,0.142,47.844,5.000,103.0,47.0,-10.666666984558105,8.923076629638672
18.290,13:10:01.571,534.897,1.562,835.319,0.000,0.000,0.000,0.000,0.000,0.000,1.000,1.000,1.000,6.920,7.100,0.142,47.844,5.000,103.0,47.0,-10.666666984558105,8.923076629638672
18.354,13:10:01.715,534.897,1.562,835.319,0.000,0.000,0.000,0.000,0.000,0.000,1.000,1.000,1.000,7.100,7.100,0.146,47.836,5.000,103.0,47.0,-10.666666984558105,8.923076629638672
18.498,13:10:01.779,534.897,1.562,835.319,0.000,0.000,0.000,0.000,0.000,0.000,1.000,1.000,1.000,7.100,7.100,0.146,47.836,5.000,103.0,47.0,-10.666666984558105,8.923076629638672
18.563,13:10:02.035,534.897,1.562,835.319,0.000,0.000,0.000,0.000,0.000,0.000,1.000,1.000,1.000,7.100,7.100,0.146,47.836,5.000,103.0,47.0,7.692307472229004,-11.282051086425781
18.818,13:10:02.180,534.887,1.571,840.261,0.000,0.000,0.000,0.000,0.000,0.000,1.000,1.000,0.000,7.300,7.300,0.150,47.827,5.000,103.0,47.0,7.692307472229004,-11.282051086425781
18.962,13:10:02.243,534.887,1.571,840.261,0.000,0.000,0.000,0.000,0.000,0.000,1.000,1.000,0.000,7.300,7.300,0.150,47.827,5.000,103.0,47.0,7.692307472229004,-11.282051086425781
19.027,13:10:02.307,534.826,1.614,863.293,0.000,0.000,0.000,0.000,0.000,0.000,1.000,1.000,0.000,7.300,7.300,0.150,47.827,5.000,103.0,47.0,7.692307472229004,-11.282051086425781
19.091,13:10:02.451,534.826,1.614,863.293,0.000,0.000,0.000,0.000,0.000,0.000,1.000,1.000,0.000,7.500,7.500,0.154,47.815,5.000,103.0,47.0,7.692307472229004,-11.282051086425781
19.234,13:10:02.515,534.826,1.614,863.293,0.000,0.000,0.000,0.000,0.000,0.000,1.000,1.000,0.000,7.500,7.500,0.154,47.815,5.000,103.0,47.0,7.692307472229004,-11.282051086425781
19.299,13:10:02.579,534.826,1.614,863.293,0.000,0.000,0.000,0.000,0.000,0.000,1.000,1.000,0.000,7.500,7.500,0.154,47.815,5.000,103.0,47.0,7.692307472229004,-11.282051086425781
19.363,13:10:02.723,534.826,1.614,863.293,0.000,0.000,0.000,0.000,0.000,0.000,1.000,1.000,0.000,7.700,7.700,0.158,47.804,5.000,103.0,47.0,7.692307472229004,-11.282051086425781
19.506,13:10:02.787,534.816,1.634,873.991,0.000,0.000,0.000,0.000,0.000,0.000,1.000,1.000,0.000,7.700,7.700,0.158,47.804,5.000,103.0,47.0,7.692307472229004,-11.282051086425781
19.570,13:10:03.042,534.816,1.634,873.991,0.000,0.000,0.000,0.000,0.000,0.000,1.000,1.000,0.000,7.700,7.700,0.158,47.804,5.000,103.0,47.0,9.48717975616455,-11.282051086425781
19.826,13:10:03.187,534.816,1.634,873.991,0.000,0.000,0.000,0.000,0.000,0.000,1.000,1.000,0.000,7.719,7.900,0.159,47.822,5.000,103.0,47.0,9.48717975616455,-11.282051086425781
19.969,13:10:03.250,534.817,1.610,861.129,0.000,0.000,0.000,0.000,0.000,0.000,1.000,1.000,0.000,7.719,7.900,0.159,47.822,5.000,103.0,47.0,9.48717975616455,-11.282051086425781
20.034,13:10:03.315,534.817,1.610,861.129,0.000,0.000,0.000,0.000,0.000,0.000,1.000,1.000,0.000,7.719,7.900,0.159,47.822,5.000,103.0,47.0,9.48717975616455,-11.282051086425781
20.098,13:10:03.459,534.817,1.610,861.129,0.000,0.000,0.000,0.000,0.000,0.000,1.000,1.000,0.000,7.719,7.900,0.159,47.822,5.000,103.0,47.0,9.48717975616455,-11.282051086425781
20.242,13:10:03.523,534.775,1.648,881.371,0.000,0.000,0.000,0.000,0.000,0.000,1.000,1.000,0.000,7.719,7.900,0.159,47.822,5.000,103.0,47.0,9.48717975616455,-11.282051086425781
20.305,13:10:03.586,534.775,1.648,881.371,0.000,0.000,0.000,0.000,0.000,0.000,1.000,1.000,0.000,7.719,7.900,0.159,47.822,5.000,103.0,47.0,9.48717975616455,-11.282051086425781
20.369,13:10:03.730,534.775,1.648,881.371,0.000,0.000,0.000,0.000,0.000,0.000,1.000,1.000,0.000,7.900,7.900,0.162,47.815,5.000,103.0,47.0,9.48717975616455,-11.282051086425781
20.514,13:10:03.794,534.775,1.648,881.371,0.000,0.000,0.000,0.000,0.000,0.000,1.000,1.000,0.000,7.900,7.900,0.162,47.815,5.000,103.0,47.0,9.48717975616455,-11.282051086425781
20.578,13:10:04.050,534.775,1.648,881.371,0.000,0.000,0.000,0.000,0.000,0.000,1.000,1.000,0.000,7.900,7.900,0.162,47.815,5.000,103.0,47.0,-10.461538314819336,12.15384578704834
20.833,13:10:04.194,534.763,1.650,882.108,0.000,0.000,0.000,0.000,0.000,0.000,1.000,1.000,1.000,8.100,8.100,0.167,47.792,5.000,103.0,47.0,-10.461538314819336,12.15384578704834
20.977,13:10:04.258,534.763,1.650,882.108,0.000,0.000,0.000,0.000,0.000,0.000,1.000,1.000,1.000,8.100,8.100,0.167,47.792,5.000,103.0,47.0,-10.461538314819336,12.15384578704834
21.042,13:10:04.323,534.763,1.650,882.108,0.000,0.000,0.000,0.000,0.000,0.000,1.000,1.000,1.000,8.100,8.100,0.167,47.792,5.000,103.0,47.0,-10.461538314819336,12.15384578704834
21.105,13:10:04.466,534.716,1.690,903.674,0.000,0.000,0.000,0.000,0.000,0.000,1.000,1.000,0.000,8.300,8.300,0.171,47.803,5.000,103.0,47.0,-10.461538314819336,12.15384578704834
21.249,13:10:04.530,534.716,1.690,903.674,0.000,0.000,0.000,0.000,0.000,0.000,1.000,1.000,0.000,8.300,8.300,0.171,47.803,5.000,103.0,47.0,-10.461538314819336,12.15384578704834
21.313,13:10:04.594,534.716,1.690,903.674,0.000,0.000,0.000,0.000,0.000,0.000,1.000,1.000,0.000,8.300,8.300,0.171,47.803,5.000,103.0,47.0,-10.461538314819336,12.15384578704834
21.378,13:10:04.737,534.716,1.690,903.674,0.000,0.000,0.000,0.000,0.000,0.000,1.000,1.000,0.000,8.300,8.300,0.171,47.803,5.000,103.0,47.0,-10.461538314819336,12.15384578704834
21.521,13:10:04.802,534.725,1.701,909.303,0.000,0.000,0.000,0.000,0.000,0.000,1.000,1.000,0.000,8.300,8.300,0.171,47.803,5.000,103.0,47.0,-10.461538314819336,12.15384578704834
21.585,13:10:05.057,534.725,1.701,909.303,0.000,0.000,0.000,0.000,0.000,0.000,1.000,1.000,0.000,8.300,8.300,0.171,47.803,5.000,103.0,47.0,-0.7179487347602844,-11.333333015441895
21.840,13:10:05.201,534.725,1.701,909.303,0.000,0.000,0.000,0.000,0.000,0.000,1.000,1.000,0.000,8.519,8.700,0.175,47.811,5.000,103.0,47.0,-0.7179487347602844,-11.333333015441895
21.984,13:10:05.265,534.708,1.696,906.858,0.000,0.000,0.000,0.000,0.000,0.000,1.000,1.000,0.000,8.519,8.700,0.175,47.811,5.000,103.0,47.0,-0.7179487347602844,-11.333333015441895
22.048,13:10:05.329,534.708,1.696,906.858,0.000,0.000,0.000,0.000,0.000,0.000,1.000,1.000,0.000,8.519,8.700,0.175,47.811,5.000,103.0,47.0,-0.7179487347602844,-11.333333015441895
22.113,13:10:05.474,534.708,1.696,906.858,0.000,0.000,0.000,0.000,0.000,0.000,1.000,1.000,0.000,8.519,8.700,0.175,47.811,5.000,103.0,47.0,-0.7179487347602844,-11.333333015441895
22.257,13:10:05.538,534.708,1.696,906.858,0.000,0.000,0.000,0.000,0.000,0.000,1.000,1.000,0.000,8.519,8.700,0.175,47.811,5.000,103.0,47.0,-0.7179487347602844,-11.333333015441895
22.320,13:10:05.601,534.717,1.726,922.706,0.000,0.000,0.000,0.000,0.000,0.000,1.000,1.000,0.000,8.519,8.700,0.175,47.811,5.000,103.0,47.0,-0.7179487347602844,-11.333333015441895
22.385,13:10:05.745,534.717,1.726,922.706,0.000,0.000,0.000,0.000,0.000,0.000,1.000,1.000,0.000,8.699,8.700,0.179,47.819,5.000,103.0,47.0,-0.7179487347602844,-11.333333015441895
22.529,13:10:05.810,534.717,1.726,922.706,0.000,0.000,0.000,0.000,0.000,0.000,1.000,1.000,0.000,8.699,8.700,0.179,47.819,5.000,103.0,47.0,-0.7179487347602844,-11.333333015441895
22.593,13:10:06.064,534.717,1.726,922.706,0.000,0.000,0.000,0.000,0.000,0.000,1.000,1.000,0.000,8.699,8.700,0.179,47.819,5.000,103.0,47.0,1.9487179517745972,9.538461685180664
22.848,13:10:06.210,534.644,1.744,932.326,0.000,0.000,0.000,0.000,0.000,0.000,1.000,1.000,0.000,8.899,8.900,0.183,47.824,5.000,103.0,47.0,1.9487179517745972,9.538461685180664
22.992,13:10:06.273,534.644,1.744,932.326,0.000,0.000,0.000,0.000,0.000,0.000,1.000,1.000,0.000,8.899,8.900,0.183,47.824,5.000,103.0,47.0,1.9487179517745972,9.538461685180664
23.057,13:10:06.337,534.644,1.744,932.326,0.000,0.000,0.000,0.000,0.000,0.000,1.000,1.000,0.000,8.899,8.900,0.183,47.824,5.000,103.0,47.0,1.9487179517745972,9.538461685180664
23.119,13:10:06.481,534.641,1.768,945.033,0.000,0.000,0.000,0.000,0.000,0.000,1.000,1.000,1.000,9.099,9.100,0.187,47.831,5.000,103.0,47.0,1.9487179517745972,9.538461685180664
23.264,13:10:06.545,534.641,1.768,945.033,0.000,0.000,0.000,0.000,0.000,0.000,1.000,1.000,1.000,9.099,9.100,0.187,47.831,5.000,103.0,47.0,1.9487179517745972,9.538461685180664
23.327,13:10:06.608,534.641,1.768,945.033,0.000,0.000,0.000,0.000,0.000,0.000,1.000,1.000,1.000,9.099,9.100,0.187,47.831,5.000,103.0,47.0,1.9487179517745972,9.538461685180664
23.392,13:10:06.753,534.641,1.768,945.033,0.000,0.000,0.000,0.000,0.000,0.000,1.000,1.000,1.000,9.099,9.100,0.187,47.831,5.000,103.0,47.0,1.9487179517745972,9.538461685180664
23.535,13:10:06.816,534.607,1.789,956.328,0.000,0.000,0.000,0.000,0.000,0.000,1.000,1.000,1.000,9.099,9.100,0.187,47.831,5.000,103.0,47.0,1.9487179517745972,9.538461685180664
23.600,13:10:07.072,534.607,1.789,956.328,0.000,0.000,0.000,0.000,0.000,0.000,1.000,1.000,1.000,9.099,9.100,0.187,47.831,5.000,103.0,47.0,12.102563858032227,-7.333333492279053
23.855,13:10:07.216,534.607,1.789,956.328,0.000,0.000,0.000,0.000,0.000,0.000,1.000,1.000,1.000,9.318,9.500,0.192,47.823,5.000,103.0,47.0,12.102563858032227,-7.333333492279053
23.999,13:10:07.280,534.615,1.782,952.887,0.000,0.000,0.000,0.000,0.000,0.000,1.000,1.000,1.000,9.318,9.500,0.192,47.823,5.000,103.0,47.0,12.102563858032227,-7.333333492279053
24.064,13:10:07.345,534.615,1.782,952.887,0.000,0.000,0.000,0.000,0.000,0.000,1.000,1.000,1.000,9.318,9.500,0.192,47.823,5.000,103.0,47.0,12.102563858032227,-7.333333492279053
24.127,13:10:07.488,534.615,1.782,952.887,0.000,0.000,0.000,0.000,0.000,0.000,1.000,1.000,1.000,9.318,9.500,0.192,47.823,5.000,103.0,47.0,12.102563858032227,-7.333333492279053
24.271,13:10:07.552,534.615,1.782,952.887,0.000,0.000,0.000,0.000,0.000,0.000,1.000,1.000,1.000,9.318,9.500,0.192,47.823,5.000,103.0,47.0,12.102563858032227,-7.333333492279053
24.335,13:10:07.616,534.586,1.819,972.154,0.000,0.000,0.000,0.000,0.000,0.000,1.000,1.000,1.000,9.318,9.500,0.192,47.823,5.000,103.0,47.0,12.102563858032227,-7.333333492279053
24.400,13:10:07.761,534.586,1.819,972.154,0.000,0.000,0.000,0.000,0.000,0.000,1.000,1.000,0.000,9.499,9.500,0.195,47.842,5.000,103.0,47.0,12.102563858032227,-7.333333492279053
24.543,13:10:07.824,534.586,1.819,972.154,0.000,0.000,0.000,0.000,0.000,0.000,1.000,1.000,0.000,9.499,9.500,0.195,47.842,5.000,103.0,47.0,12.102563858032227,-7.333333492279053
24.606,13:10:08.079,534.586,1.819,972.154,0.000,0.000,0.000,0.000,0.000,0.000,1.000,1.000,0.000,9.499,9.500,0.195,47.842,5.000,103.0,47.0,-12.51282024383545,4.153846263885498
24.862,13:10:08.223,534.536,1.837,982.129,0.000,0.000,0.000,0.000,0.000,0.000,1.000,1.000,0.000,9.699,9.700,0.200,47.826,5.000,103.0,47.0,-12.51282024383545,4.153846263885498
25.007,13:10:08.288,534.536,1.837,982.129,0.000,0.000,0.000,0.000,0.000,0.000,1.000,1.000,0.000,9.699,9.700,0.200,47.826,5.000,103.0,47.0,-12.51282024383545,4.153846263885498
25.071,13:10:08.352,534.536,1.837,982.129,0.000,0.000,0.000,0.000,0.000,0.000,1.000,1.000,0.000,9.699,9.700,0.200,47.826,5.000,103.0,47.0,-12.51282024383545,4.153846263885498
25.134,13:10:08.496,534.456,1.883,1006.321,0.000,0.000,0.000,0.000,0.000,0.000,1.000,1.000,0.000,9.900,9.900,0.204,47.829,5.000,103.0,47.0,-12.51282024383545,4.153846263885498
25.279,13:10:08.560,534.456,1.883,1006.321,0.000,0.000,0.000,0.000,0.000,0.000,1.000,1.000,0.000,9.900,9.900,0.204,47.829,5.000,103.0,47.0,-12.51282024383545,4.153846263885498
25.343,13:10:08.624,534.456,1.883,1006.321,0.000,0.000,0.000,0.000,0.000,0.000,1.000,1.000,0.000,9.900,9.900,0.204,47.829,5.000,103.0,47.0,-12.51282024383545,4.153846263885498
25.407,13:10:08.767,534.456,1.883,1006.321,0.000,0.000,0.000,0.000,0.000,0.000,1.000,1.000,0.000,9.900,9.900,0.204,47.829,5.000,103.0,47.0,-12.51282024383545,4.153846263885498
25.550,13:10:08.831,534.410,1.909,1020.277,0.000,0.000,0.000,0.000,0.000,0.000,1.000,1.000,0.000,9.900,9.900,0.204,47.829,5.000,103.0,47.0,-12.51282024383545,4.153846263885498
25.615,13:10:09.087,534.410,1.909,1020.277,0.000,0.000,0.000,0.000,0.000,0.000,1.000,1.000,0.000,9.900,9.900,0.204,47.829,5.000,103.0,47.0,-10.51282024383545,0.20512820780277252
25.870,13:10:09.231,534.410,1.909,1020.277,0.000,0.000,0.000,0.000,0.000,0.000,1.000,1.000,0.000,10.919,11.100,0.225,47.640,5.000,103.0,47.0,-10.51282024383545,0.20512820780277252
26.015,13:10:09.296,534.297,1.979,1057.473,0.000,0.000,0.000,0.000,0.000,0.000,1.000,1.000,0.000,10.919,11.100,0.225,47.640,5.000,103.0,47.0,-10.51282024383545,0.20512820780277252
26.079,13:10:09.360,534.297,1.979,1057.473,0.000,0.000,0.000,0.000,0.000,0.000,1.000,1.000,0.000,10.919,11.100,0.225,47.640,5.000,103.0,47.0,-10.51282024383545,0.20512820780277252
26.143,13:10:09.504,534.297,1.979,1057.473,0.000,0.000,0.000,0.000,0.000,0.000,1.000,1.000,0.000,10.919,11.100,0.225,47.640,5.000,103.0,47.0,-10.51282024383545,0.20512820780277252
26.286,13:10:09.567,534.297,1.979,1057.473,0.000,0.000,0.000,0.000,0.000,0.000,1.000,1.000,0.000,10.919,11.100,0.225,47.640,5.000,103.0,47.0,-10.51282024383545,0.20512820780277252
26.349,13:10:09.630,534.107,2.055,1097.334,0.000,0.000,0.000,0.000,0.000,0.000,1.000,1.000,0.000,10.919,11.100,0.225,47.640,5.000,103.0,47.0,-10.51282024383545,0.20512820780277252
26.414,13:10:09.775,534.107,2.055,1097.334,0.000,0.000,0.000,0.000,0.000,0.000,1.000,1.000,0.000,11.280,11.100,0.232,47.494,5.000,103.0,47.0,-10.51282024383545,0.20512820780277252
26.558,13:10:09.839,534.107,2.055,1097.334,0.000,0.000,0.000,0.000,0.000,0.000,1.000,1.000,0.000,11.280,11.100,0.232,47.494,5.000,103.0,47.0,-10.51282024383545,0.20512820780277252
26.622,13:10:10.094,534.107,2.055,1097.334,0.000,0.000,0.000,0.000,0.000,0.000,1.000,1.000,0.000,11.280,11.100,0.232,47.494,5.000,103.0,47.0,7.743589878082275,6.717948913574219
26.878,13:10:10.239,534.080,2.076,1108.712,0.000,0.000,0.000,0.000,0.000,0.000,1.000,1.000,0.000,11.718,11.900,0.241,47.498,5.000,103.0,47.0,7.743589878082275,6.717948913574219
27.021,13:10:10.302,534.080,2.076,1108.712,0.000,0.000,0.000,0.000,0.000,0.000,1.000,1.000,0.000,11.718,11.900,0.241,47.498,5.000,103.0,47.0,7.743589878082275,6.717948913574219
27.085,13:10:10.366,534.080,2.076,1108.712,0.000,0.000,0.000,0.000,0.000,0.000,1.000,1.000,0.000,11.718,11.900,0.241,47.498,5.000,103.0,47.0,7.743589878082275,6.717948913574219
27.149,13:10:10.510,534.080,2.076,1108.712,0.000,0.000,0.000,0.000,0.000,0.000,1.000,1.000,0.000,12.519,12.700,0.258,47.440,5.000,103.0,47.0,7.743589878082275,6.717948913574219
27.293,13:10:10.574,533.897,2.178,1162.951,0.000,0.000,0.000,0.000,0.000,0.000,1.000,1.000,0.000,12.519,12.700,0.258,47.440,5.000,103.0,47.0,7.743589878082275,6.717948913574219
27.357,13:10:10.638,533.897,2.178,1162.951,0.000,0.000,0.000,0.000,0.000,0.000,1.000,1.000,0.000,12.519,12.700,0.258,47.440,5.000,103.0,47.0,7.743589878082275,6.717948913574219
27.422,13:10:10.782,533.897,2.178,1162.951,0.000,0.000,0.000,0.000,0.000,0.000,1.000,1.000,0.000,12.519,12.700,0.258,47.440,5.000,103.0,47.0,7.743589878082275,6.717948913574219
27.565,13:10:10.846,533.675,2.284,1218.833,0.000,0.000,0.000,0.000,0.000,0.000,1.000,1.000,0.000,12.519,12.700,0.258,47.440,5.000,103.0,47.0,7.743589878082275,6.717948913574219
27.629,13:10:11.101,533.675,2.284,1218.833,0.000,0.000,0.000,0.000,0.000,0.000,1.000,1.000,0.000,12.519,12.700,0.258,47.440,5.000,103.0,47.0,7.948718070983887,6.102564334869385
27.885,13:10:11.246,533.675,2.284,1218.833,0.000,0.000,0.000,0.000,0.000,0.000,1.000,1.000,0.000,13.319,13.500,0.275,47.396,5.000,103.0,47.0,7.948718070983887,6.102564334869385
28.029,13:10:11.310,533.494,2.391,1275.786,0.000,0.000,0.000,0.000,0.000,0.000,1.000,1.000,0.000,13.319,13.500,0.275,47.396,5.000,103.0,47.0,7.948718070983887,6.102564334869385
28.093,13:10:11.374,533.494,2.391,1275.786,0.000,0.000,0.000,0.000,0.000,0.000,1.000,1.000,0.000,13.319,13.500,0.275,47.396,5.000,103.0,47.0,7.948718070983887,6.102564334869385
28.157,13:10:11.518,533.494,2.391,1275.786,0.000,0.000,0.000,0.000,0.000,0.000,1.000,1.000,0.000,13.718,13.900,0.283,47.316,5.000,103.0,47.0,7.948718070983887,6.102564334869385
28.301,13:10:11.582,533.494,2.391,1275.786,0.000,0.000,0.000,0.000,0.000,0.000,1.000,1.000,0.000,13.718,13.900,0.283,47.316,5.000,103.0,47.0,7.948718070983887,6.102564334869385
28.364,13:10:11.645,533.494,2.391,1275.786,0.000,0.000,0.000,0.000,0.000,0.000,1.000,1.000,0.000,13.718,13.900,0.283,47.316,5.000,103.0,47.0,7.948718070983887,6.102564334869385
28.429,13:10:11.790,533.469,2.387,1273.302,0.000,0.000,0.000,0.000,0.000,0.000,1.000,1.000,0.000,13.718,13.900,0.283,47.394,5.000,103.0,47.0,7.948718070983887,6.102564334869385
28.572,13:10:11.853,533.469,2.387,1273.302,0.000,0.000,0.000,0.000,0.000,0.000,1.000,1.000,0.000,13.718,13.900,0.283,47.394,5.000,103.0,47.0,7.948718070983887,6.102564334869385
28.637,13:10:12.109,533.469,2.387,1273.302,0.000,0.000,0.000,0.000,0.000,0.000,1.000,1.000,0.000,13.718,13.900,0.283,47.394,5.000,103.0,47.0,-11.897436141967773,13.692307472229004
28.892,13:10:12.254,533.378,2.453,1308.521,0.000,0.000,0.000,0.000,0.000,0.000,1.000,1.000,0.000,14.518,14.700,0.299,47.357,5.000,103.0,47.0,-11.897436141967773,13.692307472229004
29.036,13:10:12.317,533.378,2.453,1308.521,0.000,0.000,0.000,0.000,0.000,0.000,1.000,1.000,0.000,14.518,14.700,0.299,47.357,5.000,103.0,47.0,-11.897436141967773,13.692307472229004
29.100,13:10:12.381,533.378,2.453,1308.521,0.000,0.000,0.000,0.000,0.000,0.000,1.000,1.000,0.000,14.518,14.700,0.299,47.357,5.000,103.0,47.0,-11.897436141967773,13.692307472229004
29.164,13:10:12.525,533.378,2.453,1308.521,0.000,0.000,0.000,0.000,0.000,0.000,1.000,1.000,1.000,15.320,15.500,0.316,47.358,5.000,103.0,47.0,-11.897436141967773,13.692307472229004
29.308,13:10:12.589,533.075,2.619,1396.180,0.000,0.000,0.000,0.000,0.000,0.000,1.000,1.000,1.000,15.320,15.500,0.316,47.358,5.000,103.0,47.0,-11.897436141967773,13.692307472229004
29.373,13:10:12.653,533.075,2.619,1396.180,0.000,0.000,0.000,0.000,0.000,0.000,1.000,1.000,1.000,15.320,15.500,0.316,47.358,5.000,103.0,47.0,-11.897436141967773,13.692307472229004
29.436,13:10:12.796,533.075,2.619,1396.180,0.000,0.000,0.000,0.000,0.000,0.000,1.000,1.000,1.000,15.320,15.500,0.316,47.358,5.000,103.0,47.0,-11.897436141967773,13.692307472229004
29.580,13:10:12.861,533.075,2.619,1396.180,0.000,0.000,0.000,0.000,0.000,0.000,1.000,1.000,1.000,15.320,15.500,0.316,47.358,5.000,103.0,47.0,-11.897436141967773,13.692307472229004
29.644,13:10:13.116,532.854,2.755,1467.861,0.000,0.000,0.000,0.000,0.000,0.000,1.000,1.000,1.000,15.320,15.500,0.316,47.358,5.000,103.0,47.0,14.615385055541992,-3.6410255432128906
29.900,13:10:13.261,532.854,2.755,1467.861,0.000,0.000,0.000,0.000,0.000,0.000,1.000,1.000,0.000,16.120,16.300,0.333,47.296,5.000,103.0,47.0,14.615385055541992,-3.6410255432128906
30.043,13:10:13.324,532.536,2.898,1543.301,0.000,0.000,0.000,0.000,0.000,0.000,1.000,1.000,0.000,16.120,16.300,0.333,47.296,5.000,103.0,47.0,14.615385055541992,-3.6410255432128906
30.108,13:10:13.389,532.536,2.898,1543.301,0.000,0.000,0.000,0.000,0.000,0.000,1.000,1.000,0.000,16.120,16.300,0.333,47.296,5.000,103.0,47.0,14.615385055541992,-3.6410255432128906
30.172,13:10:13.532,532.536,2.898,1543.301,0.000,0.000,0.000,0.000,0.000,0.000,1.000,1.000,1.000,16.920,17.100,0.349,47.259,5.000,103.0,47.0,14.615385055541992,-3.6410255432128906
30.315,13:10:13.596,532.536,2.898,1543.301,0.000,0.000,0.000,0.000,0.000,0.000,1.000,1.000,1.000,16.920,17.100,0.349,47.259,5.000,103.0,47.0,14.615385055541992,-3.6410255432128906
30.379,13:10:13.660,532.536,2.898,1543.301,0.000,0.000,0.000,0.000,0.000,0.000,1.000,1.000,1.000,16.920,17.100,0.349,47.259,5.000,103.0,47.0,14.615385055541992,-3.6410255432128906
30.444,13:10:13.805,532.260,3.045,1620.472,0.000,0.000,0.000,0.000,0.000,0.000,1.000,1.000,0.000,17.718,17.900,0.366,46.836,5.000,103.0,47.0,14.615385055541992,-3.6410255432128906
30.587,13:10:13.868,532.260,3.045,1620.472,0.000,0.000,0.000,0.000,0.000,0.000,1.000,1.000,0.000,17.718,17.900,0.366,46.836,5.000,103.0,47.0,14.615385055541992,-3.6410255432128906
30.652,13:10:14.140,532.260,3.045,1620.472,0.000,0.000,0.000,0.000,0.000,0.000,1.000,1.000,0.000,17.718,17.900,0.366,46.836,5.000,103.0,47.0,15.435897827148438,-2.461538553237915
30.923,13:10:14.285,532.145,3.124,1662.326,0.000,0.000,0.000,0.000,0.000,0.000,1.000,1.000,1.000,18.081,17.900,0.374,46.687,5.000,103.0,47.0,15.435897827148438,-2.461538553237915
31.067,13:10:14.348,532.145,3.124,1662.326,0.000,0.000,0.000,0.000,0.000,0.000,1.000,1.000,1.000,18.081,17.900,0.374,46.687,5.000,103.0,47.0,15.435897827148438,-2.461538553237915
31.131,13:10:14.412,532.145,3.124,1662.326,0.000,0.000,0.000,0.000,0.000,0.000,1.000,1.000,1.000,18.081,17.900,0.374,46.687,5.000,103.0,47.0,15.435897827148438,-2.461538553237915
31.195,13:10:14.556,532.145,3.124,1662.326,0.000,0.000,0.000,0.000,0.000,0.000,1.000,1.000,0.000,18.119,18.300,0.375,46.756,5.000,103.0,47.0,15.435897827148438,-2.461538553237915
31.338,13:10:14.619,532.113,3.121,1660.909,0.000,0.000,0.000,0.000,0.000,0.000,1.000,1.000,0.000,18.119,18.300,0.375,46.756,5.000,103.0,47.0,15.435897827148438,-2.461538553237915
31.402,13:10:14.683,532.113,3.121,1660.909,0.000,0.000,0.000,0.000,0.000,0.000,1.000,1.000,0.000,18.119,18.300,0.375,46.756,5.000,103.0,47.0,15.435897827148438,-2.461538553237915
31.467,13:10:14.828,532.113,3.121,1660.909,0.000,0.000,0.000,0.000,0.000,0.000,1.000,1.000,0.000,18.119,18.300,0.375,46.756,5.000,103.0,47.0,15.435897827148438,-2.461538553237915
31.611,13:10:14.892,532.113,3.121,1660.909,0.000,0.000,0.000,0.000,0.000,0.000,1.000,1.000,0.000,18.119,18.300,0.375,46.756,5.000,103.0,47.0,15.435897827148438,-2.461538553237915
31.675,13:10:15.147,532.207,3.108,1654.149,0.000,0.000,0.000,0.000,0.000,0.000,1.000,1.000,0.000,18.119,18.300,0.375,46.756,5.000,103.0,47.0,-8.923076629638672,-5.487179279327393
31.930,13:10:15.292,532.207,3.108,1654.149,0.000,0.000,0.000,0.000,0.000,0.000,1.000,1.000,0.000,18.081,17.900,0.374,46.838,5.000,103.0,47.0,-8.923076629638672,-5.487179279327393
32.075,13:10:15.356,532.013,3.200,1702.247,0.000,0.000,0.000,0.000,0.000,0.000,1.000,1.000,0.000,18.081,17.900,0.374,46.838,5.000,103.0,47.0,-8.923076629638672,-5.487179279327393
32.139,13:10:15.420,532.013,3.200,1702.247,0.000,0.000,0.000,0.000,0.000,0.000,1.000,1.000,0.000,18.081,17.900,0.374,46.838,5.000,103.0,47.0,-8.923076629638672,-5.487179279327393
32.203,13:10:15.563,532.013,3.200,1702.247,0.000,0.000,0.000,0.000,0.000,0.000,1.000,1.000,0.000,18.519,18.700,0.383,46.807,5.000,103.0,47.0,-8.923076629638672,-5.487179279327393
32.347,13:10:15.628,532.013,3.200,1702.247,0.000,0.000,0.000,0.000,0.000,0.000,1.000,1.000,0.000,18.519,18.700,0.383,46.807,5.000,103.0,47.0,-8.923076629638672,-5.487179279327393
32.410,13:10:15.691,532.013,3.200,1702.247,0.000,0.000,0.000,0.000,0.000,0.000,1.000,1.000,0.000,18.519,18.700,0.383,46.807,5.000,103.0,47.0,-8.923076629638672,-5.487179279327393
32.475,13:10:15.835,531.685,3.379,1796.429,0.000,0.000,0.000,0.000,0.000,0.000,1.000,1.000,0.000,19.318,19.500,0.400,46.799,5.000,103.0,47.0,-8.923076629638672,-5.487179279327393
32.618,13:10:15.899,531.685,3.379,1796.429,0.000,0.000,0.000,0.000,0.000,0.000,1.000,1.000,0.000,19.318,19.500,0.400,46.799,5.000,103.0,47.0,-8.923076629638672,-5.487179279327393
32.682,13:10:16.171,531.685,3.379,1796.429,0.000,0.000,0.000,0.000,0.000,0.000,1.000,1.000,0.000,19.318,19.500,0.400,46.799,5.000,103.0,47.0,-2.923076868057251,-15.692307472229004
32.954,13:10:16.316,531.353,3.569,1896.135,0.000,0.000,0.000,0.000,0.000,0.000,1.000,1.000,0.000,20.119,20.300,0.416,46.778,5.000,103.0,47.0,-2.923076868057251,-15.692307472229004
33.097,13:10:16.378,531.353,3.569,1896.135,0.000,0.000,0.000,0.000,0.000,0.000,1.000,1.000,0.000,20.119,20.300,0.416,46.778,5.000,103.0,47.0,-2.923076868057251,-15.692307472229004
33.162,13:10:16.442,531.353,3.569,1896.135,0.000,0.000,0.000,0.000,0.000,0.000,1.000,1.000,0.000,20.119,20.300,0.416,46.778,5.000,103.0,47.0,-2.923076868057251,-15.692307472229004
33.226,13:10:16.587,531.353,3.569,1896.135,0.000,0.000,0.000,0.000,0.000,0.000,1.000,1.000,0.000,20.918,21.100,0.433,46.799,5.000,103.0,47.0,-2.923076868057251,-15.692307472229004
33.370,13:10:16.651,530.977,3.759,1995.719,0.000,0.000,0.000,0.000,0.000,0.000,1.000,1.000,0.000,20.918,21.100,0.433,46.799,5.000,103.0,47.0,-2.923076868057251,-15.692307472229004
33.434,13:10:16.715,530.977,3.759,1995.719,0.000,0.000,0.000,0.000,0.000,0.000,1.000,1.000,0.000,20.918,21.100,0.433,46.799,5.000,103.0,47.0,-2.923076868057251,-15.692307472229004
33.497,13:10:16.859,530.977,3.759,1995.719,0.000,0.000,0.000,0.000,0.000,0.000,1.000,1.000,0.000,20.918,21.100,0.433,46.799,5.000,103.0,47.0,-2.923076868057251,-15.692307472229004
33.642,13:10:16.923,530.977,3.759,1995.719,0.000,0.000,0.000,0.000,0.000,0.000,1.000,1.000,0.000,20.918,21.100,0.433,46.799,5.000,103.0,47.0,-2.923076868057251,-15.692307472229004
33.705,13:10:17.178,530.599,3.972,2107.385,0.000,0.000,0.000,0.000,0.000,0.000,1.000,1.000,0.000,20.918,21.100,0.433,46.799,5.000,103.0,47.0,13.589743614196777,-18.0
33.961,13:10:17.323,530.599,3.972,2107.385,0.000,0.000,0.000,0.000,0.000,0.000,1.000,1.000,0.000,21.719,21.900,0.450,46.830,5.000,103.0,47.0,13.589743614196777,-18.0
34.105,13:10:17.386,530.157,4.197,2225.158,0.000,0.000,0.000,0.000,0.000,0.000,1.000,1.000,0.000,21.719,21.900,0.450,46.830,5.000,103.0,47.0,13.589743614196777,-18.0
34.170,13:10:17.451,530.157,4.197,2225.158,0.000,0.000,0.000,0.000,0.000,0.000,1.000,1.000,0.000,21.719,21.900,0.450,46.830,5.000,103.0,47.0,13.589743614196777,-18.0
34.233,13:10:17.594,530.157,4.197,2225.158,0.000,0.000,0.000,0.000,0.000,0.000,1.000,1.000,0.000,22.518,22.700,0.467,47.009,5.000,103.0,47.0,13.589743614196777,-18.0
34.378,13:10:17.658,530.157,4.197,2225.158,0.000,0.000,0.000,0.000,0.000,0.000,1.000,1.000,0.000,22.518,22.700,0.467,47.009,5.000,103.0,47.0,13.589743614196777,-18.0
34.441,13:10:17.722,530.157,4.197,2225.158,0.000,0.000,0.000,0.000,0.000,0.000,1.000,1.000,0.000,22.518,22.700,0.467,47.009,5.000,103.0,47.0,13.589743614196777,-18.0
34.505,13:10:17.866,529.710,4.437,2350.159,0.000,0.000,0.000,0.000,0.000,0.000,1.000,1.000,0.000,23.319,23.500,0.484,47.255,5.000,103.0,47.0,13.589743614196777,-18.0
34.648,13:10:17.929,529.710,4.437,2350.159,0.000,0.000,0.000,0.000,0.000,0.000,1.000,1.000,0.000,23.319,23.500,0.484,47.255,5.000,103.0,47.0,13.589743614196777,-18.0
34.713,13:10:18.185,529.710,4.437,2350.159,0.000,0.000,0.000,0.000,0.000,0.000,1.000,1.000,0.000,23.319,23.500,0.484,47.255,5.000,103.0,47.0,-5.589743614196777,-10.923076629638672
34.968,13:10:18.330,529.208,4.719,2497.507,0.000,0.000,0.000,0.000,0.000,0.000,1.000,1.000,0.000,24.119,24.300,0.501,47.361,5.000,103.0,47.0,-5.589743614196777,-10.923076629638672
35.112,13:10:18.393,529.208,4.719,2497.507,0.000,0.000,0.000,0.000,0.000,0.000,1.000,1.000,0.000,24.119,24.300,0.501,47.361,5.000,103.0,47.0,-5.589743614196777,-10.923076629638672
35.177,13:10:18.458,529.208,4.719,2497.507,0.000,0.000,0.000,0.000,0.000,0.000,1.000,1.000,0.000,24.119,24.300,0.501,47.361,5.000,103.0,47.0,-5.589743614196777,-10.923076629638672
35.241,13:10:18.602,529.208,4.719,2497.507,0.000,0.000,0.000,0.000,0.000,0.000,1.000,1.000,0.000,24.918,25.100,0.519,47.578,5.000,103.0,47.0,-5.589743614196777,-10.923076629638672
35.384,13:10:18.665,528.638,5.010,2648.345,0.000,0.000,0.000,0.000,0.000,0.000,1.000,1.000,0.000,24.918,25.100,0.519,47.578,5.000,103.0,47.0,-5.589743614196777,-10.923076629638672
35.448,13:10:18.729,528.638,5.010,2648.345,0.000,0.000,0.000,0.000,0.000,0.000,1.000,1.000,0.000,24.918,25.100,0.519,47.578,5.000,103.0,47.0,-5.589743614196777,-10.923076629638672
35.512,13:10:19.129,528.638,5.010,2648.345,0.000,0.000,0.000,0.000,0.000,0.000,1.000,1.000,0.000,24.918,25.100,0.519,47.578,5.000,103.0,47.0,-5.589743614196777,-10.923076629638672
35.912,13:10:19.465,528.167,5.277,2787.196,0.000,0.000,0.000,0.000,0.000,0.000,1.000,1.000,0.000,25.719,25.900,0.536,47.697,5.000,103.0,47.0,-16.9743595123291,9.589743614196777
36.248,13:10:19.609,527.674,5.602,2956.243,0.000,0.000,0.000,0.000,0.000,0.000,1.000,1.000,0.000,26.518,26.700,0.553,47.819,5.000,103.0,47.0,-16.9743595123291,9.589743614196777
36.392,13:10:19.673,527.674,5.602,2956.243,0.000,0.000,0.000,0.000,0.000,0.000,1.000,1.000,0.000,26.518,26.700,0.553,47.819,5.000,103.0,47.0,-16.9743595123291,9.589743614196777
36.456,13:10:19.737,527.674,5.602,2956.243,0.000,0.000,0.000,0.000,0.000,0.000,1.000,1.000,0.000,26.518,26.700,0.553,47.819,5.000,103.0,47.0,-16.9743595123291,9.589743614196777
36.519,13:10:19.880,527.270,5.824,3071.021,0.000,0.000,0.000,0.000,0.000,0.000,1.000,1.000,0.000,26.919,27.100,0.562,47.922,5.000,103.0,47.0,-16.9743595123291,9.589743614196777
36.664,13:10:19.945,527.270,5.824,3071.021,0.000,0.000,0.000,0.000,0.000,0.000,1.000,1.000,0.000,26.919,27.100,0.562,47.922,5.000,103.0,47.0,-16.9743595123291,9.589743614196777
36.727,13:10:20.008,527.270,5.824,3071.021,0.000,0.000,0.000,0.000,0.000,0.000,1.000,1.000,0.000,26.919,27.100,0.562,47.922,5.000,103.0,47.0,-16.9743595123291,9.589743614196777
36.791,13:10:20.152,527.270,5.824,3071.021,0.000,0.000,0.000,0.000,0.000,0.000,1.000,1.000,0.000,26.919,27.100,0.562,47.922,5.000,103.0,47.0,-16.9743595123291,9.589743614196777
36.936,13:10:20.408,526.811,6.110,3218.906,0.000,0.000,0.000,0.000,0.000,0.000,1.000,1.000,0.000,26.919,27.100,0.562,47.922,5.000,103.0,47.0,-10.307692527770996,-8.461538314819336
37.191,13:10:20.552,526.811,6.110,3218.906,0.000,0.000,0.000,0.000,0.000,0.000,1.000,1.000,0.000,27.719,27.900,0.579,47.970,5.000,103.0,47.0,-10.307692527770996,-8.461538314819336
37.336,13:10:20.617,526.085,6.542,3441.771,0.000,0.000,0.000,0.000,0.000,0.000,1.000,1.000,0.000,27.719,27.900,0.579,47.970,5.000,103.0,47.0,-10.307692527770996,-8.461538314819336
37.399,13:10:20.680,526.085,6.542,3441.771,0.000,0.000,0.000,0.000,0.000,0.000,1.000,1.000,0.000,27.719,27.900,0.579,47.970,5.000,103.0,47.0,-10.307692527770996,-8.461538314819336
37.463,13:10:20.824,526.085,6.542,3441.771,0.000,0.000,0.000,0.000,0.000,0.000,1.000,1.000,0.000,28.518,28.700,0.596,48.074,5.000,103.0,47.0,-10.307692527770996,-8.461538314819336
37.607,13:10:20.888,526.085,6.542,3441.771,0.000,0.000,0.000,0.000,0.000,0.000,1.000,1.000,0.000,28.518,28.700,0.596,48.074,5.000,103.0,47.0,-10.307692527770996,-8.461538314819336
37.670,13:10:20.951,526.085,6.542,3441.771,0.000,0.000,0.000,0.000,0.000,0.000,1.000,1.000,0.000,28.518,28.700,0.596,48.074,5.000,103.0,47.0,-10.307692527770996,-8.461538314819336
37.735,13:10:21.095,524.839,7.321,3842.530,0.000,0.000,0.000,0.000,0.000,0.000,1.000,1.000,0.000,29.319,29.500,0.614,48.165,5.000,103.0,47.0,-10.307692527770996,-8.461538314819336
37.878,13:10:21.159,524.839,7.321,3842.530,0.000,0.000,0.000,0.000,0.000,0.000,1.000,1.000,0.000,29.319,29.500,0.614,48.165,5.000,103.0,47.0,-10.307692527770996,-8.461538314819336
37.943,13:10:21.416,524.839,7.321,3842.530,0.000,0.000,0.000,0.000,0.000,0.000,1.000,1.000,0.000,29.319,29.500,0.614,48.165,5.000,103.0,47.0,-5.025640964508057,-17.846153259277344
38.198,13:10:21.559,522.554,8.700,4546.228,0.000,0.000,0.000,0.000,0.000,0.000,1.000,1.000,0.000,30.118,30.300,0.634,48.253,5.000,103.0,47.0,-5.025640964508057,-17.846153259277344
38.342,13:10:21.623,522.554,8.700,4546.228,0.000,0.000,0.000,0.000,0.000,0.000,1.000,1.000,0.000,30.118,30.300,0.634,48.253,5.000,103.0,47.0,-5.025640964508057,-17.846153259277344
38.407,13:10:21.688,522.554,8.700,4546.228,0.000,0.000,0.000,0.000,0.000,0.000,1.000,1.000,0.000,30.118,30.300,0.634,48.253,5.000,103.0,47.0,-5.025640964508057,-17.846153259277344
38.471,13:10:21.831,522.554,8.700,4546.228,0.000,0.000,0.000,0.000,0.000,0.000,1.000,1.000,0.000,30.919,31.100,0.653,48.376,5.000,103.0,47.0,-5.025640964508057,-17.846153259277344
38.614,13:10:21.895,520.758,9.795,5100.937,0.000,0.000,0.000,0.000,0.000,0.000,1.000,1.000,0.000,30.919,31.100,0.653,48.376,5.000,103.0,47.0,-5.025640964508057,-17.846153259277344
38.678,13:10:21.959,520.758,9.795,5100.937,0.000,0.000,0.000,0.000,0.000,0.000,1.000,1.000,0.000,30.919,31.100,0.653,48.376,5.000,103.0,47.0,-5.025640964508057,-17.846153259277344
38.743,13:10:22.103,520.758,9.795,5100.937,0.000,0.000,0.000,0.000,0.000,0.000,1.000,1.000,0.000,30.919,31.100,0.653,48.376,5.000,103.0,47.0,-5.025640964508057,-17.846153259277344
38.886,13:10:22.167,520.758,9.795,5100.937,0.000,0.000,0.000,0.000,0.000,0.000,1.000,1.000,0.000,30.919,31.100,0.653,48.376,5.000,103.0,47.0,-5.025640964508057,-17.846153259277344
38.951,13:10:22.424,519.795,10.380,5395.711,0.000,0.000,0.000,0.000,0.000,0.000,1.000,1.000,0.000,30.919,31.100,0.653,48.376,5.000,103.0,47.0,-23.487178802490234,1.4358974695205688
39.207,13:10:22.568,519.795,10.380,5395.711,0.000,0.000,0.000,0.000,0.000,0.000,1.000,1.000,0.000,31.718,31.900,0.671,48.501,5.000,103.0,47.0,-23.487178802490234,1.4358974695205688
39.351,13:10:22.631,518.731,11.010,5711.083,0.000,0.000,0.000,0.000,0.000,0.000,1.000,1.000,0.000,31.718,31.900,0.671,48.501,5.000,103.0,47.0,-23.487178802490234,1.4358974695205688
39.415,13:10:22.696,518.731,11.010,5711.083,0.000,0.000,0.000,0.000,0.000,0.000,1.000,1.000,0.000,31.718,31.900,0.671,48.501,5.000,103.0,47.0,-23.487178802490234,1.4358974695205688
39.477,13:10:22.839,518.731,11.010,5711.083,0.000,0.000,0.000,0.000,0.000,0.000,1.000,1.000,0.000,32.519,32.700,0.690,48.666,5.000,103.0,47.0,-23.487178802490234,1.4358974695205688
39.623,13:10:22.903,518.731,11.010,5711.083,0.000,0.000,0.000,0.000,0.000,0.000,1.000,1.000,0.000,32.519,32.700,0.690,48.666,5.000,103.0,47.0,-23.487178802490234,1.4358974695205688
39.685,13:10:22.966,518.731,11.010,5711.083,0.000,0.000,0.000,0.000,0.000,0.000,1.000,1.000,0.000,32.519,32.700,0.690,48.666,5.000,103.0,47.0,-23.487178802490234,1.4358974695205688
39.750,13:10:23.110,518.731,11.010,5711.083,0.000,0.000,0.000,0.000,0.000,0.000,1.000,1.000,0.000,33.318,33.500,0.708,48.807,5.000,103.0,47.0,-23.487178802490234,1.4358974695205688
39.893,13:10:23.174,517.616,11.688,6050.004,0.000,0.000,0.000,0.000,0.000,0.000,1.000,1.000,0.000,33.318,33.500,0.708,48.807,5.000,103.0,47.0,-23.487178802490234,1.4358974695205688
39.958,13:10:23.431,517.616,11.688,6050.004,0.000,0.000,0.000,0.000,0.000,0.000,1.000,1.000,0.000,33.318,33.500,0.708,48.807,5.000,103.0,47.0,-24.923076629638672,-15.897436141967773
40.214,13:10:23.574,516.337,12.442,6424.098,0.000,0.000,0.000,0.000,0.000,0.000,1.000,1.000,0.000,34.118,34.300,0.727,48.975,5.000,103.0,47.0,-24.923076629638672,-15.897436141967773
40.357,13:10:23.638,516.337,12.442,6424.098,0.000,0.000,0.000,0.000,0.000,0.000,1.000,1.000,0.000,34.118,34.300,0.727,48.975,5.000,103.0,47.0,-24.923076629638672,-15.897436141967773
40.422,13:10:23.703,516.337,12.442,6424.098,0.000,0.000,0.000,0.000,0.000,0.000,1.000,1.000,0.000,34.118,34.300,0.727,48.975,5.000,103.0,47.0,-24.923076629638672,-15.897436141967773
40.486,13:10:23.847,516.337,12.442,6424.098,0.000,0.000,0.000,0.000,0.000,0.000,1.000,1.000,0.000,34.118,34.300,0.727,48.975,5.000,103.0,47.0,-24.923076629638672,-15.897436141967773
40.630,13:10:23.911,514.725,13.393,6893.654,0.000,0.000,0.000,0.000,0.000,0.000,1.000,1.000,0.000,34.118,34.300,0.727,48.975,5.000,103.0,47.0,-24.923076629638672,-15.897436141967773
40.693,13:10:23.974,514.725,13.393,6893.654,0.000,0.000,0.000,0.000,0.000,0.000,1.000,1.000,0.000,34.118,34.300,0.727,48.975,5.000,103.0,47.0,-24.923076629638672,-15.897436141967773
40.758,13:10:24.117,514.725,13.393,6893.654,0.000,0.000,0.000,0.000,0.000,0.000,1.000,1.000,0.000,34.920,35.100,0.746,49.128,5.000,103.0,47.0,-24.923076629638672,-15.897436141967773
40.901,13:10:24.182,514.725,13.393,6893.654,0.000,0.000,0.000,0.000,0.000,0.000,1.000,1.000,0.000,34.920,35.100,0.746,49.128,5.000,103.0,47.0,-24.923076629638672,-15.897436141967773
40.965,13:10:24.438,514.725,13.393,6893.654,0.000,0.000,0.000,0.000,0.000,0.000,1.000,1.000,0.000,34.920,35.100,0.746,49.128,5.000,103.0,47.0,16.102563858032227,-30.05128288269043
41.221,13:10:24.582,513.305,14.230,7304.137,0.000,0.000,0.000,0.000,0.000,0.000,1.000,1.000,0.000,35.719,35.900,0.765,49.288,5.000,103.0,47.0,16.102563858032227,-30.05128288269043
41.365,13:10:24.646,513.305,14.230,7304.137,0.000,0.000,0.000,0.000,0.000,0.000,1.000,1.000,0.000,35.719,35.900,0.765,49.288,5.000,103.0,47.0,16.102563858032227,-30.05128288269043
41.429,13:10:24.710,511.736,15.138,7746.890,0.000,0.000,0.000,0.000,0.000,0.000,1.000,1.000,0.000,35.719,35.900,0.765,49.288,5.000,103.0,47.0,16.102563858032227,-30.05128288269043
41.492,13:10:24.854,511.736,15.138,7746.890,0.000,0.000,0.000,0.000,0.000,0.000,1.000,1.000,0.000,36.520,36.700,0.785,49.478,5.000,103.0,47.0,16.102563858032227,-30.05128288269043
41.637,13:10:24.918,511.736,15.138,7746.890,0.000,0.000,0.000,0.000,0.000,0.000,1.000,1.000,0.000,36.520,36.700,0.785,49.478,5.000,103.0,47.0,16.102563858032227,-30.05128288269043
41.701,13:10:24.982,511.736,15.138,7746.890,0.000,0.000,0.000,0.000,0.000,0.000,1.000,1.000,0.000,36.520,36.700,0.785,49.478,5.000,103.0,47.0,16.102563858032227,-30.05128288269043
41.764,13:10:25.125,511.736,15.138,7746.890,0.000,0.000,0.000,0.000,0.000,0.000,1.000,1.000,0.000,37.318,37.500,0.805,49.628,5.000,103.0,47.0,16.102563858032227,-30.05128288269043
41.908,13:10:25.189,509.943,16.127,8223.857,0.000,0.000,0.000,0.000,0.000,0.000,1.000,1.000,0.000,37.318,37.500,0.805,49.628,5.000,103.0,47.0,16.102563858032227,-30.05128288269043
41.973,13:10:25.446,509.943,16.127,8223.857,0.000,0.000,0.000,0.000,0.000,0.000,1.000,1.000,0.000,37.318,37.500,0.805,49.628,5.000,103.0,47.0,-22.564102172851562,25.0256404876709
42.228,13:10:25.590,507.982,17.185,8729.446,0.000,0.000,0.000,0.000,0.000,0.000,1.000,1.000,0.000,38.119,38.300,0.825,49.666,5.000,103.0,47.0,-22.564102172851562,25.0256404876709
42.372,13:10:25.653,507.982,17.185,8729.446,0.000,0.000,0.000,0.000,0.000,0.000,1.000,1.000,0.000,38.119,38.300,0.825,49.666,5.000,103.0,47.0,-22.564102172851562,25.0256404876709
42.436,13:10:25.717,507.982,17.185,8729.446,0.000,0.000,0.000,0.000,0.000,0.000,1.000,1.000,0.000,38.119,38.300,0.825,49.666,5.000,103.0,47.0,-22.564102172851562,25.0256404876709
42.500,13:10:25.861,507.982,17.185,8729.446,0.000,0.000,0.000,0.000,0.000,0.000,1.000,1.000,0.000,38.119,38.300,0.825,49.666,5.000,103.0,47.0,-22.564102172851562,25.0256404876709
42.644,13:10:25.925,505.810,18.317,9265.019,0.000,0.000,0.000,0.000,0.000,0.000,1.000,1.000,0.000,38.119,38.300,0.825,49.666,5.000,103.0,47.0,-22.564102172851562,25.0256404876709
42.707,13:10:25.988,505.810,18.317,9265.019,0.000,0.000,0.000,0.000,0.000,0.000,1.000,1.000,0.000,38.119,38.300,0.825,49.666,5.000,103.0,47.0,-22.564102172851562,25.0256404876709
42.772,13:10:26.132,505.810,18.317,9265.019,0.000,0.000,0.000,0.000,0.000,0.000,1.000,1.000,0.000,38.918,39.100,0.846,49.654,5.000,103.0,47.0,-22.564102172851562,25.0256404876709
42.916,13:10:26.197,505.810,18.317,9265.019,0.000,0.000,0.000,0.000,0.000,0.000,1.000,1.000,0.000,38.918,39.100,0.846,49.654,5.000,103.0,47.0,-22.564102172851562,25.0256404876709
42.980,13:10:26.452,505.810,18.317,9265.019,0.000,0.000,0.000,0.000,0.000,0.000,1.000,1.000,0.000,38.918,39.100,0.846,49.654,5.000,103.0,47.0,-32.25640869140625,8.15384578704834
43.236,13:10:26.597,503.474,19.524,9829.842,0.000,0.000,0.000,0.000,0.000,0.000,1.000,1.000,0.000,39.719,39.900,0.868,49.732,5.000,103.0,47.0,-32.25640869140625,8.15384578704834
43.379,13:10:26.660,503.474,19.524,9829.842,0.000,0.000,0.000,0.000,0.000,0.000,1.000,1.000,0.000,39.719,39.900,0.868,49.732,5.000,103.0,47.0,-32.25640869140625,8.15384578704834
43.443,13:10:26.724,501.139,20.698,10372.529,0.000,0.000,0.000,0.000,0.000,0.000,1.000,1.000,0.000,39.719,39.900,0.868,49.732,5.000,103.0,47.0,-32.25640869140625,8.15384578704834
43.508,13:10:26.868,501.139,20.698,10372.529,0.000,0.000,0.000,0.000,0.000,0.000,1.000,1.000,0.000,40.519,40.700,0.889,49.759,5.000,103.0,47.0,-32.25640869140625,8.15384578704834
43.652,13:10:26.933,501.139,20.698,10372.529,0.000,0.000,0.000,0.000,0.000,0.000,1.000,1.000,0.000,40.519,40.700,0.889,49.759,5.000,103.0,47.0,-32.25640869140625,8.15384578704834
43.716,13:10:26.997,501.139,20.698,10372.529,0.000,0.000,0.000,0.000,0.000,0.000,1.000,1.000,0.000,40.519,40.700,0.889,49.759,5.000,103.0,47.0,-32.25640869140625,8.15384578704834
43.780,13:10:27.140,501.139,20.698,10372.529,0.000,0.000,0.000,0.000,0.000,0.000,1.000,1.000,0.000,41.318,41.500,0.912,49.798,5.000,103.0,47.0,-32.25640869140625,8.15384578704834
43.923,13:10:27.204,498.548,21.981,10958.429,0.000,0.000,0.000,0.000,0.000,0.000,1.000,1.000,0.000,41.318,41.500,0.912,49.798,5.000,103.0,47.0,-32.25640869140625,8.15384578704834
43.987,13:10:27.460,498.548,21.981,10958.429,0.000,0.000,0.000,0.000,0.000,0.000,1.000,1.000,0.000,41.318,41.500,0.912,49.798,5.000,103.0,47.0,14.20512866973877,20.30769157409668
44.242,13:10:27.603,495.863,23.231,11519.475,0.000,0.000,0.000,0.000,0.000,0.000,1.000,1.000,0.000,42.119,42.300,0.934,49.926,5.000,103.0,47.0,14.20512866973877,20.30769157409668
44.386,13:10:27.667,495.863,23.231,11519.475,0.000,0.000,0.000,0.000,0.000,0.000,1.000,1.000,0.000,42.119,42.300,0.934,49.926,5.000,103.0,47.0,14.20512866973877,20.30769157409668
44.450,13:10:27.731,495.863,23.231,11519.475,0.000,0.000,0.000,0.000,0.000,0.000,1.000,1.000,0.000,42.119,42.300,0.934,49.926,5.000,103.0,47.0,14.20512866973877,20.30769157409668
44.514,13:10:27.875,495.863,23.231,11519.475,0.000,0.000,0.000,0.000,0.000,0.000,1.000,1.000,0.000,42.119,42.300,0.934,49.926,5.000,103.0,47.0,14.20512866973877,20.30769157409668
44.658,13:10:27.939,493.174,24.453,12059.711,0.000,0.000,0.000,0.000,0.000,0.000,1.000,1.000,0.000,42.119,42.300,0.934,49.926,5.000,103.0,47.0,14.20512866973877,20.30769157409668
44.722,13:10:28.003,493.174,24.453,12059.711,0.000,0.000,0.000,0.000,0.000,0.000,1.000,1.000,0.000,42.119,42.300,0.934,49.926,5.000,103.0,47.0,14.20512866973877,20.30769157409668
44.787,13:10:28.147,493.174,24.453,12059.711,0.000,0.000,0.000,0.000,0.000,0.000,1.000,1.000,0.000,42.918,43.100,0.940,50.088,5.000,103.0,47.0,14.20512866973877,20.30769157409668
44.931,13:10:28.212,493.174,24.453,12059.711,0.000,0.000,0.000,0.000,0.000,0.000,1.000,1.000,0.000,42.918,43.100,0.940,50.088,5.000,103.0,47.0,14.20512866973877,20.30769157409668
44.994,13:10:28.468,493.174,24.453,12059.711,0.000,0.000,0.000,0.000,0.000,0.000,1.000,1.000,0.000,42.918,43.100,0.940,50.088,5.000,103.0,47.0,-7.230769157409668,-31.794872283935547
45.250,13:10:28.612,490.288,25.721,12610.903,0.000,0.000,0.000,0.000,0.000,0.000,1.000,1.000,0.000,43.719,43.900,0.940,50.322,5.000,103.0,47.0,-7.230769157409668,-31.794872283935547
45.394,13:10:28.674,490.288,25.721,12610.903,0.000,0.000,0.000,0.000,0.000,0.000,1.000,1.000,0.000,43.719,43.900,0.940,50.322,5.000,103.0,47.0,-7.230769157409668,-31.794872283935547
45.458,13:10:28.739,487.032,27.093,13195.223,0.000,0.000,0.000,0.000,0.000,0.000,1.000,1.000,0.000,43.719,43.900,0.940,50.322,5.000,103.0,47.0,-7.230769157409668,-31.794872283935547
45.522,13:10:28.883,487.032,27.093,13195.223,0.000,0.000,0.000,0.000,0.000,0.000,1.000,1.000,0.000,44.518,44.700,0.940,50.582,5.000,103.0,47.0,-7.230769157409668,-31.794872283935547
45.666,13:10:28.947,487.032,27.093,13195.223,0.000,0.000,0.000,0.000,0.000,0.000,1.000,1.000,0.000,44.518,44.700,0.940,50.582,5.000,103.0,47.0,-7.230769157409668,-31.794872283935547
45.731,13:10:29.011,487.032,27.093,13195.223,0.000,0.000,0.000,0.000,0.000,0.000,1.000,1.000,0.000,44.518,44.700,0.940,50.582,5.000,103.0,47.0,-7.230769157409668,-31.794872283935547
45.794,13:10:29.155,487.032,27.093,13195.223,0.000,0.000,0.000,0.000,0.000,0.000,1.000,1.000,0.000,45.319,45.500,0.940,50.842,5.000,103.0,47.0,-7.230769157409668,-31.794872283935547
45.938,13:10:29.219,483.658,28.437,13754.005,0.000,0.000,0.000,0.000,0.000,0.000,1.000,1.000,0.000,45.319,45.500,0.940,50.842,5.000,103.0,47.0,-7.230769157409668,-31.794872283935547
46.003,13:10:29.474,483.658,28.437,13754.005,0.000,0.000,0.000,0.000,0.000,0.000,1.000,1.000,0.000,45.319,45.500,0.940,50.842,5.000,103.0,47.0,31.384614944458008,-44.410255432128906
46.258,13:10:29.618,479.778,29.885,14338.293,0.000,0.000,0.000,0.000,0.000,0.000,1.000,1.000,0.000,46.118,46.300,0.940,51.144,5.000,103.0,47.0,31.384614944458008,-44.410255432128906
46.401,13:10:29.682,479.778,29.885,14338.293,0.000,0.000,0.000,0.000,0.000,0.000,1.000,1.000,0.000,46.118,46.300,0.940,51.144,5.000,103.0,47.0,31.384614944458008,-44.410255432128906
46.465,13:10:29.746,479.778,29.885,14338.293,0.000,0.000,0.000,0.000,0.000,0.000,1.000,1.000,0.000,46.118,46.300,0.940,51.144,5.000,103.0,47.0,31.384614944458008,-44.410255432128906
46.529,13:10:29.890,479.778,29.885,14338.293,0.000,0.000,0.000,0.000,0.000,0.000,1.000,1.000,0.000,46.118,46.300,0.940,51.144,5.000,103.0,47.0,31.384614944458008,-44.410255432128906
46.673,13:10:29.954,475.331,31.405,14927.688,0.000,0.000,0.000,0.000,0.000,0.000,1.000,1.000,0.000,46.118,46.300,0.940,51.144,5.000,103.0,47.0,31.384614944458008,-44.410255432128906
46.737,13:10:30.018,475.331,31.405,14927.688,0.000,0.000,0.000,0.000,0.000,0.000,1.000,1.000,0.000,46.118,46.300,0.940,51.144,5.000,103.0,47.0,31.384614944458008,-44.410255432128906
46.801,13:10:30.162,475.331,31.405,14927.688,0.000,0.000,0.000,0.000,0.000,0.000,1.000,1.000,0.000,46.919,47.100,0.940,51.506,5.000,103.0,47.0,31.384614944458008,-44.410255432128906
46.945,13:10:30.226,475.331,31.405,14927.688,0.000,0.000,0.000,0.000,0.000,0.000,1.000,1.000,0.000,46.919,47.100,0.940,51.506,5.000,103.0,47.0,31.384614944458008,-44.410255432128906
47.009,13:10:30.498,475.331,31.405,14927.688,0.000,0.000,0.000,0.000,0.000,0.000,1.000,1.000,0.000,46.919,47.100,0.940,51.506,5.000,103.0,47.0,-22.615385055541992,48.82051467895508
47.281,13:10:30.910,469.957,33.077,15544.549,0.000,0.000,0.000,0.000,0.000,0.000,1.000,1.000,0.000,46.919,47.100,0.940,51.506,5.000,103.0,47.0,-22.615385055541992,48.82051467895508
47.680,13:10:31.042,463.677,34.812,16141.399,0.000,0.000,0.000,0.000,0.000,0.000,1.000,1.000,0.000,48.518,48.700,0.940,52.183,5.000,103.0,47.0,-22.615385055541992,48.82051467895508
47.824,13:10:31.105,463.677,34.812,16141.399,0.000,0.000,0.000,0.000,0.000,0.000,1.000,1.000,0.000,48.518,48.700,0.940,52.183,5.000,103.0,47.0,-22.615385055541992,48.82051467895508
47.888,13:10:31.169,456.211,36.522,16661.592,0.000,0.000,0.000,0.000,0.000,0.000,1.000,1.000,0.000,48.518,48.700,0.940,52.183,5.000,103.0,47.0,-22.615385055541992,48.82051467895508
47.953,13:10:31.313,456.211,36.522,16661.592,0.000,0.000,0.000,0.000,0.000,0.000,1.000,1.000,0.000,48.881,48.700,0.940,52.606,5.000,103.0,47.0,-22.615385055541992,48.82051467895508
48.097,13:10:31.569,456.211,36.522,16661.592,0.000,0.000,0.000,0.000,0.000,0.000,1.000,1.000,0.000,48.881,48.700,0.940,52.606,5.000,103.0,47.0,-47.79487228393555,-9.589743614196777
48.353,13:10:31.713,464.594,34.628,16087.740,0.000,0.000,0.000,0.000,0.000,0.000,1.000,1.000,0.000,48.118,48.300,0.940,53.028,5.000,103.0,47.0,-47.79487228393555,-9.589743614196777
48.497,13:10:31.778,464.594,34.628,16087.740,0.000,0.000,0.000,0.000,0.000,0.000,1.000,1.000,0.000,48.118,48.300,0.940,53.028,5.000,103.0,47.0,-47.79487228393555,-9.589743614196777
48.560,13:10:31.841,464.594,34.628,16087.740,0.000,0.000,0.000,0.000,0.000,0.000,1.000,1.000,0.000,48.118,48.300,0.940,53.028,5.000,103.0,47.0,-47.79487228393555,-9.589743614196777
48.624,13:10:31.986,464.594,34.628,16087.740,0.000,0.000,0.000,0.000,0.000,0.000,1.000,1.000,0.000,48.118,48.300,0.940,53.028,5.000,103.0,47.0,-47.79487228393555,-9.589743614196777
48.769,13:10:32.050,460.067,35.704,16426.252,0.000,0.000,0.000,0.000,0.000,0.000,1.000,1.000,0.000,48.118,48.300,0.940,53.028,5.000,103.0,47.0,-47.79487228393555,-9.589743614196777
48.832,13:10:32.112,460.067,35.704,16426.252,0.000,0.000,0.000,0.000,0.000,0.000,1.000,1.000,0.000,48.118,48.300,0.940,53.028,5.000,103.0,47.0,-47.79487228393555,-9.589743614196777
48.896,13:10:32.256,460.067,35.704,16426.252,0.000,0.000,0.000,0.000,0.000,0.000,1.000,1.000,0.000,48.881,48.700,0.940,53.459,5.000,103.0,47.0,-47.79487228393555,-9.589743614196777
49.039,13:10:32.320,460.067,35.704,16426.252,0.000,0.000,0.000,0.000,0.000,0.000,1.000,1.000,0.000,48.881,48.700,0.940,53.459,5.000,103.0,47.0,-47.79487228393555,-9.589743614196777
49.103,13:10:32.577,463.999,34.785,16140.133,0.000,0.000,0.000,0.000,0.000,0.000,1.000,1.000,0.000,48.881,48.700,0.940,53.459,5.000,103.0,47.0,46.10256576538086,-37.53845977783203
49.361,13:10:32.720,463.999,34.785,16140.133,0.000,0.000,0.000,0.000,0.000,0.000,1.000,1.000,0.000,48.518,48.700,0.940,53.861,5.000,103.0,47.0,46.10256576538086,-37.53845977783203
49.504,13:10:32.785,463.999,34.785,16140.133,0.000,0.000,0.000,0.000,0.000,0.000,1.000,1.000,0.000,48.518,48.700,0.940,53.861,5.000,103.0,47.0,46.10256576538086,-37.53845977783203
49.568,13:10:32.849,460.444,35.622,16402.133,0.000,0.000,0.000,0.000,0.000,0.000,1.000,1.000,0.000,48.518,48.700,0.940,53.861,5.000,103.0,47.0,46.10256576538086,-37.53845977783203
49.632,13:10:32.992,460.444,35.622,16402.133,0.000,0.000,0.000,0.000,0.000,0.000,1.000,1.000,0.000,48.480,48.300,0.940,54.224,5.000,103.0,47.0,46.10256576538086,-37.53845977783203
49.775,13:10:33.056,460.444,35.622,16402.133,0.000,0.000,0.000,0.000,0.000,0.000,1.000,1.000,0.000,48.480,48.300,0.940,54.224,5.000,103.0,47.0,46.10256576538086,-37.53845977783203
49.839,13:10:33.120,460.444,35.622,16402.133,0.000,0.000,0.000,0.000,0.000,0.000,1.000,1.000,0.000,48.480,48.300,0.940,54.224,5.000,103.0,47.0,46.10256576538086,-37.53845977783203
49.904,13:10:33.264,460.444,35.622,16402.133,0.000,0.000,0.000,0.000,0.000,0.000,1.000,1.000,0.000,48.518,48.700,0.940,54.511,5.000,103.0,47.0,46.10256576538086,-37.53845977783203
50.048,13:10:33.329,464.159,34.738,16124.111,0.000,0.000,0.000,0.000,0.000,0.000,1.000,1.000,0.000,48.518,48.700,0.940,54.511,5.000,103.0,47.0,46.10256576538086,-37.53845977783203
50.112,13:10:33.584,464.159,34.738,16124.111,0.000,0.000,0.000,0.000,0.000,0.000,1.000,1.000,0.000,48.518,48.700,0.940,54.511,5.000,103.0,47.0,37.38461685180664,-49.128204345703125
50.368,13:10:33.728,456.158,36.558,16676.316,0.000,0.000,0.000,0.000,0.000,0.000,1.000,1.000,0.000,48.881,48.700,0.940,54.804,5.000,103.0,47.0,37.38461685180664,-49.128204345703125
50.511,13:10:33.792,456.158,36.558,16676.316,0.000,0.000,0.000,0.000,0.000,0.000,1.000,1.000,0.000,48.881,48.700,0.940,54.804,5.000,103.0,47.0,37.38461685180664,-49.128204345703125
50.575,13:10:33.856,456.158,36.558,16676.316,0.000,0.000,0.000,0.000,0.000,0.000,1.000,1.000,0.000,48.881,48.700,0.940,54.804,5.000,103.0,47.0,37.38461685180664,-49.128204345703125
50.638,13:10:33.999,456.158,36.558,16676.316,0.000,0.000,0.000,0.000,0.000,0.000,1.000,1.000,0.000,48.881,48.700,0.940,54.804,5.000,103.0,47.0,37.38461685180664,-49.128204345703125
50.783,13:10:34.064,464.119,34.757,16131.419,0.000,0.000,0.000,0.000,0.000,0.000,1.000,1.000,0.000,48.881,48.700,0.940,54.804,5.000,103.0,47.0,37.38461685180664,-49.128204345703125
50.846,13:10:34.127,464.119,34.757,16131.419,0.000,0.000,0.000,0.000,0.000,0.000,1.000,1.000,0.000,48.881,48.700,0.940,54.804,5.000,103.0,47.0,37.38461685180664,-49.128204345703125
50.910,13:10:34.271,464.119,34.757,16131.419,0.000,0.000,0.000,0.000,0.000,0.000,1.000,1.000,0.000,48.518,48.700,0.940,55.093,5.000,103.0,47.0,37.38461685180664,-49.128204345703125
51.055,13:10:34.336,464.119,34.757,16131.419,0.000,0.000,0.000,0.000,0.000,0.000,1.000,1.000,0.000,48.518,48.700,0.940,55.093,5.000,103.0,47.0,37.38461685180664,-49.128204345703125
51.120,13:10:34.591,464.119,34.757,16131.419,0.000,0.000,0.000,0.000,0.000,0.000,1.000,1.000,0.000,48.518,48.700,0.940,55.093,5.000,103.0,47.0,-12.769230842590332,-39.487178802490234
51.374,13:10:34.735,462.168,35.233,16283.424,0.000,0.000,0.000,0.000,0.000,0.000,1.000,1.000,0.000,48.479,48.300,0.940,55.468,5.000,103.0,47.0,-12.769230842590332,-39.487178802490234
51.519,13:10:34.799,462.168,35.233,16283.424,0.000,0.000,0.000,0.000,0.000,0.000,1.000,1.000,0.000,48.479,48.300,0.940,55.468,5.000,103.0,47.0,-12.769230842590332,-39.487178802490234
51.583,13:10:34.864,464.411,34.680,16105.734,0.000,0.000,0.000,0.000,0.000,0.000,1.000,1.000,0.000,48.479,48.300,0.940,55.468,5.000,103.0,47.0,-12.769230842590332,-39.487178802490234
51.646,13:10:35.007,464.411,34.680,16105.734,0.000,0.000,0.000,0.000,0.000,0.000,1.000,1.000,0.000,48.118,48.300,0.940,55.564,5.000,103.0,47.0,-12.769230842590332,-39.487178802490234
51.790,13:10:35.071,464.411,34.680,16105.734,0.000,0.000,0.000,0.000,0.000,0.000,1.000,1.000,0.000,48.118,48.300,0.940,55.564,5.000,103.0,47.0,-12.769230842590332,-39.487178802490234
51.855,13:10:35.136,464.411,34.680,16105.734,0.000,0.000,0.000,0.000,0.000,0.000,1.000,1.000,0.000,48.118,48.300,0.940,55.564,5.000,103.0,47.0,-12.769230842590332,-39.487178802490234
51.919,13:10:35.279,464.411,34.680,16105.734,0.000,0.000,0.000,0.000,0.000,0.000,1.000,1.000,0.000,48.919,49.100,0.940,55.761,5.000,103.0,47.0,-12.769230842590332,-39.487178802490234
52.062,13:10:35.343,460.717,35.566,16386.047,0.000,0.000,0.000,0.000,0.000,0.000,1.000,1.000,0.000,48.919,49.100,0.940,55.761,5.000,103.0,47.0,-12.769230842590332,-39.487178802490234
52.126,13:10:35.599,460.717,35.566,16386.047,0.000,0.000,0.000,0.000,0.000,0.000,1.000,1.000,0.000,48.919,49.100,0.940,55.761,5.000,103.0,47.0,48.10256576538086,-8.564102172851562
52.383,13:10:35.744,457.698,36.240,16587.094,0.000,0.000,0.000,0.000,0.000,0.000,1.000,1.000,0.000,48.881,48.700,0.940,56.052,5.000,103.0,47.0,48.10256576538086,-8.564102172851562
52.526,13:10:35.807,457.698,36.240,16587.094,0.000,0.000,0.000,0.000,0.000,0.000,1.000,1.000,0.000,48.881,48.700,0.940,56.052,5.000,103.0,47.0,48.10256576538086,-8.564102172851562
52.590,13:10:35.871,457.698,36.240,16587.094,0.000,0.000,0.000,0.000,0.000,0.000,1.000,1.000,0.000,48.881,48.700,0.940,56.052,5.000,103.0,47.0,48.10256576538086,-8.564102172851562
52.654,13:10:36.016,457.698,36.240,16587.094,0.000,0.000,0.000,0.000,0.000,0.000,1.000,1.000,0.000,48.881,48.700,0.940,56.052,5.000,103.0,47.0,48.10256576538086,-8.564102172851562
52.798,13:10:36.079,463.095,35.013,16214.369,0.000,0.000,0.000,0.000,0.000,0.000,1.000,1.000,0.000,48.881,48.700,0.940,56.052,5.000,103.0,47.0,48.10256576538086,-8.564102172851562
52.862,13:10:36.143,463.095,35.013,16214.369,0.000,0.000,0.000,0.000,0.000,0.000,1.000,1.000,0.000,48.881,48.700,0.940,56.052,5.000,103.0,47.0,48.10256576538086,-8.564102172851562
52.926,13:10:36.286,463.095,35.013,16214.369,0.000,0.000,0.000,0.000,0.000,0.000,1.000,1.000,0.000,48.518,48.700,0.940,56.237,5.000,103.0,47.0,48.10256576538086,-8.564102172851562
53.069,13:10:36.350,463.095,35.013,16214.369,0.000,0.000,0.000,0.000,0.000,0.000,1.000,1.000,0.000,48.518,48.700,0.940,56.237,5.000,103.0,47.0,48.10256576538086,-8.564102172851562
53.133,13:10:36.606,463.095,35.013,16214.369,0.000,0.000,0.000,0.000,0.000,0.000,1.000,1.000,0.000,48.518,48.700,0.940,56.237,5.000,103.0,47.0,19.384614944458008,28.9743595123291
53.390,13:10:36.750,459.281,35.899,16487.693,0.000,0.000,0.000,0.000,0.000,0.000,1.000,1.000,0.000,48.920,49.100,0.940,56.405,5.000,103.0,47.0,19.384614944458008,28.9743595123291
53.534,13:10:36.815,459.281,35.899,16487.693,0.000,0.000,0.000,0.000,0.000,0.000,1.000,1.000,0.000,48.920,49.100,0.940,56.405,5.000,103.0,47.0,19.384614944458008,28.9743595123291
53.598,13:10:36.879,457.723,36.242,16588.596,0.000,0.000,0.000,0.000,0.000,0.000,1.000,1.000,0.000,48.920,49.100,0.940,56.405,5.000,103.0,47.0,19.384614944458008,28.9743595123291
53.661,13:10:37.023,457.723,36.242,16588.596,0.000,0.000,0.000,0.000,0.000,0.000,1.000,1.000,0.000,48.881,48.700,0.940,56.614,5.000,103.0,47.0,19.384614944458008,28.9743595123291
53.805,13:10:37.086,457.723,36.242,16588.596,0.000,0.000,0.000,0.000,0.000,0.000,1.000,1.000,0.000,48.881,48.700,0.940,56.614,5.000,103.0,47.0,19.384614944458008,28.9743595123291
53.869,13:10:37.150,457.723,36.242,16588.596,0.000,0.000,0.000,0.000,0.000,0.000,1.000,1.000,0.000,48.881,48.700,0.940,56.614,5.000,103.0,47.0,19.384614944458008,28.9743595123291
53.933,13:10:37.294,457.723,36.242,16588.596,0.000,0.000,0.000,0.000,0.000,0.000,1.000,1.000,0.000,48.480,48.300,0.940,56.756,5.000,103.0,47.0,19.384614944458008,28.9743595123291
54.077,13:10:37.358,461.884,35.311,16309.697,0.000,0.000,0.000,0.000,0.000,0.000,1.000,1.000,0.000,48.480,48.300,0.940,56.756,5.000,103.0,47.0,19.384614944458008,28.9743595123291
54.141,13:10:37.614,461.884,35.311,16309.697,0.000,0.000,0.000,0.000,0.000,0.000,1.000,1.000,0.000,48.480,48.300,0.940,56.756,5.000,103.0,47.0,23.487178802490234,-47.89743423461914
54.397,13:10:37.758,463.319,34.953,16194.549,0.000,0.000,0.000,0.000,0.000,0.000,1.000,1.000,0.000,48.518,48.700,0.940,56.897,5.000,103.0,47.0,23.487178802490234,-47.89743423461914
54.541,13:10:37.822,463.319,34.953,16194.549,0.000,0.000,0.000,0.000,0.000,0.000,1.000,1.000,0.000,48.518,48.700,0.940,56.897,5.000,103.0,47.0,23.487178802490234,-47.89743423461914
54.604,13:10:37.885,463.319,34.953,16194.549,0.000,0.000,0.000,0.000,0.000,0.000,1.000,1.000,0.000,48.518,48.700,0.940,56.897,5.000,103.0,47.0,23.487178802490234,-47.89743423461914
54.668,13:10:38.030,463.319,34.953,16194.549,0.000,0.000,0.000,0.000,0.000,0.000,1.000,1.000,0.000,48.518,48.700,0.940,56.897,5.000,103.0,47.0,23.487178802490234,-47.89743423461914
54.813,13:10:38.094,461.755,35.324,16311.243,0.000,0.000,0.000,0.000,0.000,0.000,1.000,1.000,0.000,48.518,48.700,0.940,56.897,5.000,103.0,47.0,23.487178802490234,-47.89743423461914
54.877,13:10:38.158,461.755,35.324,16311.243,0.000,0.000,0.000,0.000,0.000,0.000,1.000,1.000,0.000,48.518,48.700,0.940,56.897,5.000,103.0,47.0,23.487178802490234,-47.89743423461914
54.941,13:10:38.301,461.755,35.324,16311.243,0.000,0.000,0.000,0.000,0.000,0.000,1.000,1.000,0.000,48.480,48.300,0.940,57.032,5.000,103.0,47.0,23.487178802490234,-47.89743423461914
55.084,13:10:38.365,461.755,35.324,16311.243,0.000,0.000,0.000,0.000,0.000,0.000,1.000,1.000,0.000,48.480,48.300,0.940,57.032,5.000,103.0,47.0,23.487178802490234,-47.89743423461914
55.148,13:10:38.621,461.755,35.324,16311.243,0.000,0.000,0.000,0.000,0.000,0.000,1.000,1.000,0.000,48.480,48.300,0.940,57.032,5.000,103.0,47.0,42.35897445678711,-46.0512809753418
55.404,13:10:38.765,463.479,34.910,16180.115,0.000,0.000,0.000,0.000,0.000,0.000,1.000,1.000,0.000,48.519,48.700,0.940,57.105,5.000,103.0,47.0,42.35897445678711,-46.0512809753418
55.549,13:10:38.830,463.479,34.910,16180.115,0.000,0.000,0.000,0.000,0.000,0.000,1.000,1.000,0.000,48.519,48.700,0.940,57.105,5.000,103.0,47.0,42.35897445678711,-46.0512809753418
55.612,13:10:38.893,459.603,35.808,16457.354,0.000,0.000,0.000,0.000,0.000,0.000,1.000,1.000,0.000,48.519,48.700,0.940,57.105,5.000,103.0,47.0,42.35897445678711,-46.0512809753418
55.676,13:10:39.038,459.603,35.808,16457.354,0.000,0.000,0.000,0.000,0.000,0.000,1.000,1.000,0.000,48.881,48.700,0.940,57.256,5.000,103.0,47.0,42.35897445678711,-46.0512809753418
55.820,13:10:39.101,459.603,35.808,16457.354,0.000,0.000,0.000,0.000,0.000,0.000,1.000,1.000,0.000,48.881,48.700,0.940,57.256,5.000,103.0,47.0,42.35897445678711,-46.0512809753418
55.885,13:10:39.166,459.603,35.808,16457.354,0.000,0.000,0.000,0.000,0.000,0.000,1.000,1.000,0.000,48.881,48.700,0.940,57.256,5.000,103.0,47.0,42.35897445678711,-46.0512809753418
55.948,13:10:39.309,459.603,35.808,16457.354,0.000,0.000,0.000,0.000,0.000,0.000,1.000,1.000,0.000,48.881,48.700,0.940,57.256,5.000,103.0,47.0,42.35897445678711,-46.0512809753418
56.093,13:10:39.374,463.451,34.919,16183.181,0.000,0.000,0.000,0.000,0.000,0.000,1.000,1.000,0.000,48.881,48.700,0.940,57.256,5.000,103.0,47.0,42.35897445678711,-46.0512809753418
56.155,13:10:39.629,463.451,34.919,16183.181,0.000,0.000,0.000,0.000,0.000,0.000,1.000,1.000,0.000,48.881,48.700,0.940,57.256,5.000,103.0,47.0,40.92307662963867,2.461538553237915
56.411,13:10:39.772,463.451,34.919,16183.181,0.000,0.000,0.000,0.000,0.000,0.000,1.000,1.000,0.000,48.881,48.700,0.940,57.446,5.000,103.0,47.0,40.92307662963867,2.461538553237915
56.556,13:10:39.837,459.875,35.749,16440.062,0.000,0.000,0.000,0.000,0.000,0.000,1.000,1.000,0.000,48.881,48.700,0.940,57.446,5.000,103.0,47.0,40.92307662963867,2.461538553237915
56.619,13:10:39.900,459.875,35.749,16440.062,0.000,0.000,0.000,0.000,0.000,0.000,1.000,1.000,0.000,48.881,48.700,0.940,57.446,5.000,103.0,47.0,40.92307662963867,2.461538553237915
56.683,13:10:40.045,459.875,35.749,16440.062,0.000,0.000,0.000,0.000,0.000,0.000,1.000,1.000,0.000,48.881,48.700,0.940,57.446,5.000,103.0,47.0,40.92307662963867,2.461538553237915
56.828,13:10:40.109,463.683,34.855,16161.552,0.000,0.000,0.000,0.000,0.000,0.000,1.000,1.000,0.000,48.881,48.700,0.940,57.446,5.000,103.0,47.0,40.92307662963867,2.461538553237915
56.891,13:10:40.172,463.683,34.855,16161.552,0.000,0.000,0.000,0.000,0.000,0.000,1.000,1.000,0.000,48.881,48.700,0.940,57.446,5.000,103.0,47.0,40.92307662963867,2.461538553237915
56.956,13:10:40.316,463.683,34.855,16161.552,0.000,0.000,0.000,0.000,0.000,0.000,1.000,1.000,0.000,48.480,48.300,0.940,57.551,5.000,103.0,47.0,40.92307662963867,2.461538553237915
57.099,13:10:40.380,463.683,34.855,16161.552,0.000,0.000,0.000,0.000,0.000,0.000,1.000,1.000,0.000,48.480,48.300,0.940,57.551,5.000,103.0,47.0,40.92307662963867,2.461538553237915
57.163,13:10:40.636,463.683,34.855,16161.552,0.000,0.000,0.000,0.000,0.000,0.000,1.000,1.000,0.000,48.480,48.300,0.940,57.551,5.000,103.0,47.0,-50.769229888916016,12.564102172851562
57.419,13:10:40.779,467.361,33.904,15845.556,0.000,0.000,0.000,0.000,0.000,0.000,1.000,1.000,0.000,48.118,48.300,0.940,57.624,5.000,103.0,47.0,-50.769229888916016,12.564102172851562
57.562,13:10:40.843,467.361,33.904,15845.556,0.000,0.000,0.000,0.000,0.000,0.000,1.000,1.000,0.000,48.118,48.300,0.940,57.624,5.000,103.0,47.0,-50.769229888916016,12.564102172851562
57.626,13:10:40.907,467.361,33.904,15845.556,0.000,0.000,0.000,0.000,0.000,0.000,1.000,1.000,0.000,48.118,48.300,0.940,57.624,5.000,103.0,47.0,-50.769229888916016,12.564102172851562
57.690,13:10:41.051,463.858,34.809,16146.519,0.000,0.000,0.000,0.000,0.000,0.000,1.000,1.000,0.000,48.518,48.700,0.940,57.657,5.000,103.0,47.0,-50.769229888916016,12.564102172851562
57.834,13:10:41.115,463.858,34.809,16146.519,0.000,0.000,0.000,0.000,0.000,0.000,1.000,1.000,0.000,48.518,48.700,0.940,57.657,5.000,103.0,47.0,-50.769229888916016,12.564102172851562
57.898,13:10:41.179,463.858,34.809,16146.519,0.000,0.000,0.000,0.000,0.000,0.000,1.000,1.000,0.000,48.518,48.700,0.940,57.657,5.000,103.0,47.0,-50.769229888916016,12.564102172851562
57.963,13:10:41.323,463.858,34.809,16146.519,0.000,0.000,0.000,0.000,0.000,0.000,1.000,1.000,0.000,48.518,48.700,0.940,57.657,5.000,103.0,47.0,-50.769229888916016,12.564102172851562
58.106,13:10:41.387,461.319,35.424,16341.902,0.000,0.000,0.000,0.000,0.000,0.000,1.000,1.000,0.000,48.518,48.700,0.940,57.657,5.000,103.0,47.0,-50.769229888916016,12.564102172851562
58.170,13:10:41.643,461.319,35.424,16341.902,0.000,0.000,0.000,0.000,0.000,0.000,1.000,1.000,0.000,48.518,48.700,0.940,57.657,5.000,103.0,47.0,-51.89743423461914,13.538461685180664
58.426,13:10:41.787,461.319,35.424,16341.902,0.000,0.000,0.000,0.000,0.000,0.000,1.000,1.000,0.000,48.881,48.700,0.940,57.875,5.000,103.0,47.0,-51.89743423461914,13.538461685180664
58.570,13:10:41.851,456.710,36.427,16636.756,0.000,0.000,0.000,0.000,0.000,0.000,1.000,1.000,0.000,48.881,48.700,0.940,57.875,5.000,103.0,47.0,-51.89743423461914,13.538461685180664
58.634,13:10:41.915,456.710,36.427,16636.756,0.000,0.000,0.000,0.000,0.000,0.000,1.000,1.000,0.000,48.881,48.700,0.940,57.875,5.000,103.0,47.0,-51.89743423461914,13.538461685180664
58.698,13:10:42.059,456.710,36.427,16636.756,0.000,0.000,0.000,0.000,0.000,0.000,1.000,1.000,0.000,48.881,48.700,0.940,57.875,5.000,103.0,47.0,-51.89743423461914,13.538461685180664
58.842,13:10:42.123,456.710,36.427,16636.756,0.000,0.000,0.000,0.000,0.000,0.000,1.000,1.000,0.000,48.881,48.700,0.940,57.875,5.000,103.0,47.0,-51.89743423461914,13.538461685180664
58.906,13:10:42.187,460.132,35.686,16420.379,0.000,0.000,0.000,0.000,0.000,0.000,1.000,1.000,0.000,48.881,48.700,0.940,57.875,5.000,103.0,47.0,-51.89743423461914,13.538461685180664
58.970,13:10:42.330,460.132,35.686,16420.379,0.000,0.000,0.000,0.000,0.000,0.000,1.000,1.000,0.000,48.881,48.700,0.940,57.965,5.000,103.0,47.0,-51.89743423461914,13.538461685180664
59.114,13:10:42.395,460.132,35.686,16420.379,0.000,0.000,0.000,0.000,0.000,0.000,1.000,1.000,0.000,48.881,48.700,0.940,57.965,5.000,103.0,47.0,-51.89743423461914,13.538461685180664
59.178,13:10:42.650,460.132,35.686,16420.379,0.000,0.000,0.000,0.000,0.000,0.000,1.000,1.000,0.000,48.881,48.700,0.940,57.965,5.000,103.0,47.0,-25.846153259277344,51.69230651855469
59.434,13:10:42.795,464.075,34.757,16129.830,0.000,0.000,0.000,0.000,0.000,0.000,1.000,1.000,0.000,48.519,48.700,0.940,58.072,5.000,103.0,47.0,-25.846153259277344,51.69230651855469
59.578,13:10:42.859,464.075,34.757,16129.830,0.000,0.000,0.000,0.000,0.000,0.000,1.000,1.000,0.000,48.519,48.700,0.940,58.072,5.000,103.0,47.0,-25.846153259277344,51.69230651855469
59.641,13:10:42.922,464.075,34.757,16129.830,0.000,0.000,0.000,0.000,0.000,0.000,1.000,1.000,0.000,48.519,48.700,0.940,58.072,5.000,103.0,47.0,-25.846153259277344,51.69230651855469
59.705,13:10:43.066,461.058,35.478,16357.363,0.000,0.000,0.000,0.000,0.000,0.000,1.000,1.000,0.000,48.518,48.700,0.940,58.195,5.000,103.0,47.0,-25.846153259277344,51.69230651855469
59.849,13:10:43.130,461.058,35.478,16357.363,0.000,0.000,0.000,0.000,0.000,0.000,1.000,1.000,0.000,48.518,48.700,0.940,58.195,5.000,103.0,47.0,-25.846153259277344,51.69230651855469
59.913,13:10:43.194,461.058,35.478,16357.363,0.000,0.000,0.000,0.000,0.000,0.000,1.000,1.000,0.000,48.518,48.700,0.940,58.195,5.000,103.0,47.0,-25.846153259277344,51.69230651855469
59.978,13:10:43.338,461.058,35.478,16357.363,0.000,0.000,0.000,0.000,0.000,0.000,1.000,1.000,0.000,48.518,48.700,0.940,58.195,5.000,103.0,47.0,-25.846153259277344,51.69230651855469
60.122,13:10:43.403,456.913,36.383,16623.779,0.000,0.000,0.000,0.000,0.000,0.000,1.000,1.000,0.000,48.518,48.700,0.940,58.195,5.000,103.0,47.0,-25.846153259277344,51.69230651855469
60.185,13:10:43.659,456.913,36.383,16623.779,0.000,0.000,0.000,0.000,0.000,0.000,1.000,1.000,0.000,48.518,48.700,0.940,58.195,5.000,103.0,47.0,-41.128204345703125,49.846153259277344
60.441,13:10:43.803,456.913,36.383,16623.779,0.000,0.000,0.000,0.000,0.000,0.000,1.000,1.000,0.000,48.881,48.700,0.940,58.361,5.000,103.0,47.0,-41.128204345703125,49.846153259277344
60.585,13:10:43.866,460.488,35.613,16399.455,0.000,0.000,0.000,0.000,0.000,0.000,1.000,1.000,0.000,48.881,48.700,0.940,58.361,5.000,103.0,47.0,-41.128204345703125,49.846153259277344
60.650,13:10:43.930,460.488,35.613,16399.455,0.000,0.000,0.000,0.000,0.000,0.000,1.000,1.000,0.000,48.881,48.700,0.940,58.361,5.000,103.0,47.0,-41.128204345703125,49.846153259277344
60.712,13:10:44.074,460.488,35.613,16399.455,0.000,0.000,0.000,0.000,0.000,0.000,1.000,1.000,0.000,48.881,48.700,0.940,58.361,5.000,103.0,47.0,-41.128204345703125,49.846153259277344
60.856,13:10:44.137,460.488,35.613,16399.455,0.000,0.000,0.000,0.000,0.000,0.000,1.000,1.000,0.000,48.881,48.700,0.940,58.361,5.000,103.0,47.0,-41.128204345703125,49.846153259277344
60.921,13:10:44.202,464.403,34.672,16101.910,0.000,0.000,0.000,0.000,0.000,0.000,1.000,1.000,0.000,48.881,48.700,0.940,58.361,5.000,103.0,47.0,-41.128204345703125,49.846153259277344
60.985,13:10:44.346,464.403,34.672,16101.910,0.000,0.000,0.000,0.000,0.000,0.000,1.000,1.000,0.000,48.518,48.700,0.940,58.444,5.000,103.0,47.0,-41.128204345703125,49.846153259277344
61.128,13:10:44.409,464.403,34.672,16101.910,0.000,0.000,0.000,0.000,0.000,0.000,1.000,1.000,0.000,48.518,48.700,0.940,58.444,5.000,103.0,47.0,-41.128204345703125,49.846153259277344
61.192,13:10:44.665,464.403,34.672,16101.910,0.000,0.000,0.000,0.000,0.000,0.000,1.000,1.000,0.000,48.518,48.700,0.940,58.444,5.000,103.0,47.0,-45.33333206176758,-0.25641027092933655
61.449,13:10:44.810,460.686,35.564,16383.938,0.000,0.000,0.000,0.000,0.000,0.000,1.000,1.000,0.000,48.919,49.100,0.940,58.519,5.000,103.0,47.0,-45.33333206176758,-0.25641027092933655
61.593,13:10:44.874,460.686,35.564,16383.938,0.000,0.000,0.000,0.000,0.000,0.000,1.000,1.000,0.000,48.919,49.100,0.940,58.519,5.000,103.0,47.0,-45.33333206176758,-0.25641027092933655
61.657,13:10:44.938,460.686,35.564,16383.938,0.000,0.000,0.000,0.000,0.000,0.000,1.000,1.000,0.000,48.919,49.100,0.940,58.519,5.000,103.0,47.0,-45.33333206176758,-0.25641027092933655
61.720,13:10:45.081,456.859,36.397,16628.076,0.000,0.000,0.000,0.000,0.000,0.000,1.000,1.000,0.000,48.881,48.700,0.940,58.598,5.000,103.0,47.0,-45.33333206176758,-0.25641027092933655
61.864,13:10:45.145,456.859,36.397,16628.076,0.000,0.000,0.000,0.000,0.000,0.000,1.000,1.000,0.000,48.881,48.700,0.940,58.598,5.000,103.0,47.0,-45.33333206176758,-0.25641027092933655
61.928,13:10:45.209,456.859,36.397,16628.076,0.000,0.000,0.000,0.000,0.000,0.000,1.000,1.000,0.000,48.881,48.700,0.940,58.598,5.000,103.0,47.0,-45.33333206176758,-0.25641027092933655
61.992,13:10:45.354,456.859,36.397,16628.076,0.000,0.000,0.000,0.000,0.000,0.000,1.000,1.000,0.000,48.881,48.700,0.940,58.598,5.000,103.0,47.0,-45.33333206176758,-0.25641027092933655
62.136,13:10:45.417,460.784,35.550,16380.856,0.000,0.000,0.000,0.000,0.000,0.000,1.000,1.000,0.000,48.881,48.700,0.940,58.598,5.000,103.0,47.0,-45.33333206176758,-0.25641027092933655
62.200,13:10:45.673,460.784,35.550,16380.856,0.000,0.000,0.000,0.000,0.000,0.000,1.000,1.000,0.000,48.881,48.700,0.940,58.598,5.000,103.0,47.0,6.564102649688721,41.53845977783203
62.456,13:10:45.817,460.784,35.550,16380.856,0.000,0.000,0.000,0.000,0.000,0.000,1.000,1.000,0.000,48.919,49.100,0.940,58.768,5.000,103.0,47.0,6.564102649688721,41.53845977783203
62.599,13:10:45.880,460.734,35.559,16383.219,0.000,0.000,0.000,0.000,0.000,0.000,1.000,1.000,0.000,48.919,49.100,0.940,58.768,5.000,103.0,47.0,6.564102649688721,41.53845977783203
62.664,13:10:45.945,460.734,35.559,16383.219,0.000,0.000,0.000,0.000,0.000,0.000,1.000,1.000,0.000,48.919,49.100,0.940,58.768,5.000,103.0,47.0,6.564102649688721,41.53845977783203
62.728,13:10:46.089,460.734,35.559,16383.219,0.000,0.000,0.000,0.000,0.000,0.000,1.000,1.000,0.000,48.919,49.100,0.940,58.768,5.000,103.0,47.0,6.564102649688721,41.53845977783203
62.872,13:10:46.153,460.734,35.559,16383.219,0.000,0.000,0.000,0.000,0.000,0.000,1.000,1.000,0.000,48.919,49.100,0.940,58.768,5.000,103.0,47.0,6.564102649688721,41.53845977783203
62.936,13:10:46.217,460.736,35.555,16381.247,0.000,0.000,0.000,0.000,0.000,0.000,1.000,1.000,0.000,48.919,49.100,0.940,58.768,5.000,103.0,47.0,6.564102649688721,41.53845977783203
63.000,13:10:46.360,460.736,35.555,16381.247,0.000,0.000,0.000,0.000,0.000,0.000,1.000,1.000,0.000,48.480,48.300,0.940,58.850,5.000,103.0,47.0,6.564102649688721,41.53845977783203
63.143,13:10:46.424,460.736,35.555,16381.247,0.000,0.000,0.000,0.000,0.000,0.000,1.000,1.000,0.000,48.480,48.300,0.940,58.850,5.000,103.0,47.0,6.564102649688721,41.53845977783203
63.208,13:10:46.680,460.736,35.555,16381.247,0.000,0.000,0.000,0.000,0.000,0.000,1.000,1.000,0.000,48.480,48.300,0.940,58.850,5.000,103.0,47.0,38.97435760498047,3.2820513248443604
63.464,13:10:46.825,459.144,35.836,16454.055,0.000,0.000,0.000,0.000,0.000,0.000,1.000,1.000,0.000,48.920,49.100,0.940,58.923,5.000,103.0,47.0,38.97435760498047,3.2820513248443604
63.959,13:10:47.320,460.549,35.608,16399.033,0.000,0.000,0.000,0.000,0.000,0.000,1.000,1.000,0.000,48.480,48.300,0.940,58.999,5.000,103.0,47.0,38.97435760498047,3.2820513248443604
64.103,13:10:47.384,460.549,35.608,16399.033,0.000,0.000,0.000,0.000,0.000,0.000,1.000,1.000,0.000,48.480,48.300,0.940,58.999,5.000,103.0,47.0,38.97435760498047,3.2820513248443604
64.167,13:10:47.448,459.755,35.715,16420.115,0.000,0.000,0.000,0.000,0.000,0.000,1.000,1.000,0.000,48.480,48.300,0.940,58.999,5.000,103.0,47.0,38.97435760498047,3.2820513248443604
64.231,13:10:47.784,459.755,35.715,16420.115,0.000,0.000,0.000,0.000,0.000,0.000,1.000,1.000,0.000,48.880,48.700,0.940,59.048,5.000,103.0,47.0,20.461538314819336,36.0512809753418
64.566,13:10:47.928,463.280,34.894,16165.733,0.000,0.000,0.000,0.000,0.000,0.000,1.000,1.000,0.000,48.519,48.700,0.940,59.097,5.000,103.0,47.0,20.461538314819336,36.0512809753418
64.710,13:10:47.991,463.280,34.894,16165.733,0.000,0.000,0.000,0.000,0.000,0.000,1.000,1.000,0.000,48.519,48.700,0.940,59.097,5.000,103.0,47.0,20.461538314819336,36.0512809753418
64.775,13:10:48.056,463.280,34.894,16165.733,0.000,0.000,0.000,0.000,0.000,0.000,1.000,1.000,0.000,48.519,48.700,0.940,59.097,5.000,103.0,47.0,20.461538314819336,36.0512809753418
64.838,13:10:48.199,463.280,34.894,16165.733,0.000,0.000,0.000,0.000,0.000,0.000,1.000,1.000,0.000,48.519,48.700,0.940,59.097,5.000,103.0,47.0,20.461538314819336,36.0512809753418
64.982,13:10:48.263,462.282,35.130,16239.846,0.000,0.000,0.000,0.000,0.000,0.000,1.000,1.000,0.000,48.519,48.700,0.940,59.097,5.000,103.0,47.0,20.461538314819336,36.0512809753418
65.046,13:10:48.327,462.282,35.130,16239.846,0.000,0.000,0.000,0.000,0.000,0.000,1.000,1.000,0.000,48.519,48.700,0.940,59.097,5.000,103.0,47.0,20.461538314819336,36.0512809753418
65.110,13:10:48.472,462.282,35.130,16239.846,0.000,0.000,0.000,0.000,0.000,0.000,1.000,1.000,0.000,48.519,48.700,0.940,59.155,5.000,103.0,47.0,20.461538314819336,36.0512809753418
65.255,13:10:48.726,462.282,35.130,16239.846,0.000,0.000,0.000,0.000,0.000,0.000,1.000,1.000,0.000,48.519,48.700,0.940,59.155,5.000,103.0,47.0,-38.410255432128906,40.61538314819336
65.511,13:10:48.870,462.194,35.170,16255.470,0.000,0.000,0.000,0.000,0.000,0.000,1.000,1.000,0.000,48.519,48.700,0.940,59.206,5.000,103.0,47.0,-38.410255432128906,40.61538314819336
65.654,13:10:48.935,462.194,35.170,16255.470,0.000,0.000,0.000,0.000,0.000,0.000,1.000,1.000,0.000,48.519,48.700,0.940,59.206,5.000,103.0,47.0,-38.410255432128906,40.61538314819336
65.718,13:10:48.999,462.194,35.170,16255.470,0.000,0.000,0.000,0.000,0.000,0.000,1.000,1.000,0.000,48.519,48.700,0.940,59.206,5.000,103.0,47.0,-38.410255432128906,40.61538314819336
65.782,13:10:49.143,462.165,35.180,16259.111,0.000,0.000,0.000,0.000,0.000,0.000,1.000,1.000,0.000,48.518,48.700,0.940,59.274,5.000,103.0,47.0,-38.410255432128906,40.61538314819336
65.925,13:10:49.206,462.165,35.180,16259.111,0.000,0.000,0.000,0.000,0.000,0.000,1.000,1.000,0.000,48.518,48.700,0.940,59.274,5.000,103.0,47.0,-38.410255432128906,40.61538314819336
65.990,13:10:49.271,462.165,35.180,16259.111,0.000,0.000,0.000,0.000,0.000,0.000,1.000,1.000,0.000,48.518,48.700,0.940,59.274,5.000,103.0,47.0,-38.410255432128906,40.61538314819336
66.054,13:10:49.414,462.165,35.180,16259.111,0.000,0.000,0.000,0.000,0.000,0.000,1.000,1.000,0.000,48.518,48.700,0.940,59.274,5.000,103.0,47.0,-38.410255432128906,40.61538314819336
66.197,13:10:49.478,462.347,35.128,16241.344,0.000,0.000,0.000,0.000,0.000,0.000,1.000,1.000,0.000,48.518,48.700,0.940,59.274,5.000,103.0,47.0,-38.410255432128906,40.61538314819336
66.261,13:10:49.734,462.347,35.128,16241.344,0.000,0.000,0.000,0.000,0.000,0.000,1.000,1.000,0.000,48.518,48.700,0.940,59.274,5.000,103.0,47.0,19.846153259277344,33.74359130859375
66.518,13:10:49.878,462.347,35.128,16241.344,0.000,0.000,0.000,0.000,0.000,0.000,1.000,1.000,0.000,48.518,48.700,0.940,59.308,5.000,103.0,47.0,19.846153259277344,33.74359130859375
66.661,13:10:49.942,458.018,36.109,16538.457,0.000,0.000,0.000,0.000,0.000,0.000,1.000,1.000,0.000,48.518,48.700,0.940,59.308,5.000,103.0,47.0,19.846153259277344,33.74359130859375
66.726,13:10:50.007,458.018,36.109,16538.457,0.000,0.000,0.000,0.000,0.000,0.000,1.000,1.000,0.000,48.518,48.700,0.940,59.308,5.000,103.0,47.0,19.846153259277344,33.74359130859375
66.790,13:10:50.151,458.018,36.109,16538.457,0.000,0.000,0.000,0.000,0.000,0.000,1.000,1.000,0.000,48.881,48.700,0.940,59.388,5.000,103.0,47.0,19.846153259277344,33.74359130859375
66.933,13:10:50.214,458.018,36.109,16538.457,0.000,0.000,0.000,0.000,0.000,0.000,1.000,1.000,0.000,48.881,48.700,0.940,59.388,5.000,103.0,47.0,19.846153259277344,33.74359130859375
66.998,13:10:50.279,464.101,34.705,16106.687,0.000,0.000,0.000,0.000,0.000,0.000,1.000,1.000,0.000,48.881,48.700,0.940,59.388,5.000,103.0,47.0,19.846153259277344,33.74359130859375
67.062,13:10:50.423,464.101,34.705,16106.687,0.000,0.000,0.000,0.000,0.000,0.000,1.000,1.000,0.000,48.518,48.700,0.940,59.449,5.000,103.0,47.0,19.846153259277344,33.74359130859375
67.206,13:10:50.487,464.101,34.705,16106.687,0.000,0.000,0.000,0.000,0.000,0.000,1.000,1.000,0.000,48.518,48.700,0.940,59.449,5.000,103.0,47.0,19.846153259277344,33.74359130859375
67.269,13:10:50.741,464.101,34.705,16106.687,0.000,0.000,0.000,0.000,0.000,0.000,1.000,1.000,0.000,48.518,48.700,0.940,59.449,5.000,103.0,47.0,51.53845977783203,-21.64102554321289
67.524,13:10:50.885,462.120,35.196,16264.682,0.000,0.000,0.000,0.000,0.000,0.000,1.000,1.000,0.000,48.518,48.700,0.940,59.507,5.000,103.0,47.0,51.53845977783203,-21.64102554321289
67.669,13:10:50.950,462.120,35.196,16264.682,0.000,0.000,0.000,0.000,0.000,0.000,1.000,1.000,0.000,48.518,48.700,0.940,59.507,5.000,103.0,47.0,51.53845977783203,-21.64102554321289
67.732,13:10:51.013,462.120,35.196,16264.682,0.000,0.000,0.000,0.000,0.000,0.000,1.000,1.000,0.000,48.518,48.700,0.940,59.507,5.000,103.0,47.0,51.53845977783203,-21.64102554321289
67.797,13:10:51.157,462.120,35.196,16264.682,0.000,0.000,0.000,0.000,0.000,0.000,1.000,1.000,0.000,48.480,48.300,0.940,59.515,5.000,103.0,47.0,51.53845977783203,-21.64102554321289
67.941,13:10:51.222,462.055,35.206,16267.108,0.000,0.000,0.000,0.000,0.000,0.000,1.000,1.000,0.000,48.480,48.300,0.940,59.515,5.000,103.0,47.0,51.53845977783203,-21.64102554321289
68.004,13:10:51.285,462.055,35.206,16267.108,0.000,0.000,0.000,0.000,0.000,0.000,1.000,1.000,0.000,48.480,48.300,0.940,59.515,5.000,103.0,47.0,51.53845977783203,-21.64102554321289
68.069,13:10:51.429,462.055,35.206,16267.108,0.000,0.000,0.000,0.000,0.000,0.000,1.000,1.000,0.000,48.480,48.300,0.940,59.515,5.000,103.0,47.0,51.53845977783203,-21.64102554321289
68.213,13:10:51.493,462.055,35.206,16267.108,0.000,0.000,0.000,0.000,0.000,0.000,1.000,1.000,0.000,48.480,48.300,0.940,59.515,5.000,103.0,47.0,51.53845977783203,-21.64102554321289
68.277,13:10:51.749,463.817,34.763,16123.854,0.000,0.000,0.000,0.000,0.000,0.000,1.000,1.000,0.000,48.480,48.300,0.940,59.515,5.000,103.0,47.0,-19.487178802490234,49.79487228393555
68.532,13:10:51.893,463.817,34.763,16123.854,0.000,0.000,0.000,0.000,0.000,0.000,1.000,1.000,0.000,48.480,48.300,0.940,59.597,5.000,103.0,47.0,-19.487178802490234,49.79487228393555
68.676,13:10:51.956,460.203,35.604,16385.088,0.000,0.000,0.000,0.000,0.000,0.000,1.000,1.000,0.000,48.480,48.300,0.940,59.597,5.000,103.0,47.0,-19.487178802490234,49.79487228393555
68.740,13:10:52.021,460.203,35.604,16385.088,0.000,0.000,0.000,0.000,0.000,0.000,1.000,1.000,0.000,48.480,48.300,0.940,59.597,5.000,103.0,47.0,-19.487178802490234,49.79487228393555
68.805,13:10:52.164,460.203,35.604,16385.088,0.000,0.000,0.000,0.000,0.000,0.000,1.000,1.000,0.000,48.881,48.700,0.940,59.595,5.000,103.0,47.0,-19.487178802490234,49.79487228393555
68.947,13:10:52.228,460.203,35.604,16385.088,0.000,0.000,0.000,0.000,0.000,0.000,1.000,1.000,0.000,48.881,48.700,0.940,59.595,5.000,103.0,47.0,-19.487178802490234,49.79487228393555
69.013,13:10:52.294,460.203,35.604,16385.088,0.000,0.000,0.000,0.000,0.000,0.000,1.000,1.000,0.000,48.881,48.700,0.940,59.595,5.000,103.0,47.0,-19.487178802490234,49.79487228393555
69.076,13:10:52.437,461.671,35.287,16290.949,0.000,0.000,0.000,0.000,0.000,0.000,1.000,1.000,0.000,48.518,48.700,0.940,59.659,5.000,103.0,47.0,-19.487178802490234,49.79487228393555
69.221,13:10:52.502,461.671,35.287,16290.949,0.000,0.000,0.000,0.000,0.000,0.000,1.000,1.000,0.000,48.518,48.700,0.940,59.659,5.000,103.0,47.0,-19.487178802490234,49.79487228393555
69.284,13:10:52.757,461.671,35.287,16290.949,0.000,0.000,0.000,0.000,0.000,0.000,1.000,1.000,0.000,48.518,48.700,0.940,59.659,5.000,103.0,47.0,-48.871795654296875,5.487179279327393
69.541,13:10:52.901,464.063,34.712,16108.712,0.000,0.000,0.000,0.000,0.000,0.000,1.000,1.000,0.000,48.519,48.700,0.940,59.714,5.000,103.0,47.0,-48.871795654296875,5.487179279327393
69.683,13:10:52.964,464.063,34.712,16108.712,0.000,0.000,0.000,0.000,0.000,0.000,1.000,1.000,0.000,48.519,48.700,0.940,59.714,5.000,103.0,47.0,-48.871795654296875,5.487179279327393
69.747,13:10:53.028,464.063,34.712,16108.712,0.000,0.000,0.000,0.000,0.000,0.000,1.000,1.000,0.000,48.519,48.700,0.940,59.714,5.000,103.0,47.0,-48.871795654296875,5.487179279327393
69.811,13:10:53.172,464.063,34.712,16108.712,0.000,0.000,0.000,0.000,0.000,0.000,1.000,1.000,0.000,48.518,48.700,0.940,59.749,5.000,103.0,47.0,-48.871795654296875,5.487179279327393
69.956,13:10:53.237,461.463,35.342,16309.245,0.000,0.000,0.000,0.000,0.000,0.000,1.000,1.000,0.000,48.518,48.700,0.940,59.749,5.000,103.0,47.0,-48.871795654296875,5.487179279327393
70.019,13:10:53.300,461.463,35.342,16309.245,0.000,0.000,0.000,0.000,0.000,0.000,1.000,1.000,0.000,48.518,48.700,0.940,59.749,5.000,103.0,47.0,-48.871795654296875,5.487179279327393
70.083,13:10:53.444,461.463,35.342,16309.245,0.000,0.000,0.000,0.000,0.000,0.000,1.000,1.000,0.000,48.518,48.700,0.940,59.749,5.000,103.0,47.0,-48.871795654296875,5.487179279327393
70.228,13:10:53.509,461.463,35.342,16309.245,0.000,0.000,0.000,0.000,0.000,0.000,1.000,1.000,0.000,48.518,48.700,0.940,59.749,5.000,103.0,47.0,-48.871795654296875,5.487179279327393
70.291,13:10:53.763,460.579,35.529,16364.057,0.000,0.000,0.000,0.000,0.000,0.000,1.000,1.000,0.000,48.518,48.700,0.940,59.749,5.000,103.0,47.0,-35.487178802490234,51.64102554321289
70.547,13:10:53.909,460.579,35.529,16364.057,0.000,0.000,0.000,0.000,0.000,0.000,1.000,1.000,0.000,48.881,48.700,0.940,59.774,5.000,103.0,47.0,-35.487178802490234,51.64102554321289
70.691,13:10:53.971,461.393,35.352,16311.165,0.000,0.000,0.000,0.000,0.000,0.000,1.000,1.000,0.000,48.881,48.700,0.940,59.774,5.000,103.0,47.0,-35.487178802490234,51.64102554321289
70.755,13:10:54.036,461.393,35.352,16311.165,0.000,0.000,0.000,0.000,0.000,0.000,1.000,1.000,0.000,48.881,48.700,0.940,59.774,5.000,103.0,47.0,-35.487178802490234,51.64102554321289
70.818,13:10:54.180,461.393,35.352,16311.165,0.000,0.000,0.000,0.000,0.000,0.000,1.000,1.000,0.000,48.518,48.700,0.940,59.856,5.000,103.0,47.0,-35.487178802490234,51.64102554321289
70.963,13:10:54.244,461.393,35.352,16311.165,0.000,0.000,0.000,0.000,0.000,0.000,1.000,1.000,0.000,48.518,48.700,0.940,59.856,5.000,103.0,47.0,-35.487178802490234,51.64102554321289
71.027,13:10:54.308,461.393,35.352,16311.165,0.000,0.000,0.000,0.000,0.000,0.000,1.000,1.000,0.000,48.518,48.700,0.940,59.856,5.000,103.0,47.0,-35.487178802490234,51.64102554321289
71.091,13:10:54.452,464.531,34.605,16075.312,0.000,0.000,0.000,0.000,0.000,0.000,1.000,1.000,0.000,48.518,48.700,0.940,59.890,5.000,103.0,47.0,-35.487178802490234,51.64102554321289
71.235,13:10:54.516,464.531,34.605,16075.312,0.000,0.000,0.000,0.000,0.000,0.000,1.000,1.000,0.000,48.518,48.700,0.940,59.890,5.000,103.0,47.0,-35.487178802490234,51.64102554321289
71.298,13:10:54.772,464.531,34.605,16075.312,0.000,0.000,0.000,0.000,0.000,0.000,1.000,1.000,0.000,48.518,48.700,0.940,59.890,5.000,103.0,47.0,19.28205108642578,44.512821197509766
71.555,13:10:54.916,461.522,35.326,16303.674,0.000,0.000,0.000,0.000,0.000,0.000,1.000,1.000,0.000,48.518,48.700,0.940,59.927,5.000,103.0,47.0,19.28205108642578,44.512821197509766
71.698,13:10:54.979,461.522,35.326,16303.674,0.000,0.000,0.000,0.000,0.000,0.000,1.000,1.000,0.000,48.518,48.700,0.940,59.927,5.000,103.0,47.0,19.28205108642578,44.512821197509766
71.762,13:10:55.043,461.522,35.326,16303.674,0.000,0.000,0.000,0.000,0.000,0.000,1.000,1.000,0.000,48.518,48.700,0.940,59.927,5.000,103.0,47.0,19.28205108642578,44.512821197509766
71.827,13:10:55.187,461.522,35.326,16303.674,0.000,0.000,0.000,0.000,0.000,0.000,1.000,1.000,0.000,48.518,48.700,0.940,60.002,5.000,103.0,47.0,19.28205108642578,44.512821197509766
71.970,13:10:55.251,464.593,34.584,16067.469,0.000,0.000,0.000,0.000,0.000,0.000,1.000,1.000,0.000,48.518,48.700,0.940,60.002,5.000,103.0,47.0,19.28205108642578,44.512821197509766
72.035,13:10:55.316,464.593,34.584,16067.469,0.000,0.000,0.000,0.000,0.000,0.000,1.000,1.000,0.000,48.518,48.700,0.940,60.002,5.000,103.0,47.0,19.28205108642578,44.512821197509766
72.098,13:10:55.459,464.593,34.584,16067.469,0.000,0.000,0.000,0.000,0.000,0.000,1.000,1.000,0.000,48.518,48.700,0.940,60.002,5.000,103.0,47.0,19.28205108642578,44.512821197509766
72.242,13:10:55.523,464.593,34.584,16067.469,0.000,0.000,0.000,0.000,0.000,0.000,1.000,1.000,0.000,48.518,48.700,0.940,60.002,5.000,103.0,47.0,19.28205108642578,44.512821197509766
72.306,13:10:55.779,460.967,35.450,16341.211,0.000,0.000,0.000,0.000,0.000,0.000,1.000,1.000,0.000,48.518,48.700,0.940,60.002,5.000,103.0,47.0,-42.0,46.0
72.562,13:10:55.922,460.967,35.450,16341.211,0.000,0.000,0.000,0.000,0.000,0.000,1.000,1.000,0.000,48.919,49.100,0.940,60.049,5.000,103.0,47.0,-42.0,46.0
72.705,13:10:55.986,457.416,36.243,16577.980,0.000,0.000,0.000,0.000,0.000,0.000,1.000,1.000,0.000,48.919,49.100,0.940,60.049,5.000,103.0,47.0,-42.0,46.0
72.770,13:10:56.051,457.416,36.243,16577.980,0.000,0.000,0.000,0.000,0.000,0.000,1.000,1.000,0.000,48.919,49.100,0.940,60.049,5.000,103.0,47.0,-42.0,46.0
72.834,13:10:56.194,457.416,36.243,16577.980,0.000,0.000,0.000,0.000,0.000,0.000,1.000,1.000,0.000,48.881,48.700,0.940,60.089,5.000,103.0,47.0,-42.0,46.0
72.977,13:10:56.258,457.416,36.243,16577.980,0.000,0.000,0.000,0.000,0.000,0.000,1.000,1.000,0.000,48.881,48.700,0.940,60.089,5.000,103.0,47.0,-42.0,46.0
73.041,13:10:56.322,457.416,36.243,16577.980,0.000,0.000,0.000,0.000,0.000,0.000,1.000,1.000,0.000,48.881,48.700,0.940,60.089,5.000,103.0,47.0,-42.0,46.0
73.106,13:10:56.467,464.592,34.581,16066.212,0.000,0.000,0.000,0.000,0.000,0.000,1.000,1.000,0.000,48.518,48.700,0.940,60.137,5.000,103.0,47.0,-42.0,46.0
73.250,13:10:56.531,464.592,34.581,16066.212,0.000,0.000,0.000,0.000,0.000,0.000,1.000,1.000,0.000,48.518,48.700,0.940,60.137,5.000,103.0,47.0,-42.0,46.0
73.313,13:10:56.785,464.592,34.581,16066.212,0.000,0.000,0.000,0.000,0.000,0.000,1.000,1.000,0.000,48.518,48.700,0.940,60.137,5.000,103.0,47.0,41.69230651855469,48.871795654296875
73.570,13:10:56.930,457.113,36.277,16582.869,0.000,0.000,0.000,0.000,0.000,0.000,1.000,1.000,0.000,48.881,48.700,0.940,60.225,5.000,103.0,47.0,41.69230651855469,48.871795654296875
73.712,13:10:56.993,457.113,36.277,16582.869,0.000,0.000,0.000,0.000,0.000,0.000,1.000,1.000,0.000,48.881,48.700,0.940,60.225,5.000,103.0,47.0,41.69230651855469,48.871795654296875
73.777,13:10:57.058,457.113,36.277,16582.869,0.000,0.000,0.000,0.000,0.000,0.000,1.000,1.000,0.000,48.881,48.700,0.940,60.225,5.000,103.0,47.0,41.69230651855469,48.871795654296875
73.841,13:10:57.203,457.113,36.277,16582.869,0.000,0.000,0.000,0.000,0.000,0.000,1.000,1.000,0.000,48.518,48.700,0.940,60.236,5.000,103.0,47.0,41.69230651855469,48.871795654296875
73.985,13:10:57.266,464.550,34.599,16072.866,0.000,0.000,0.000,0.000,0.000,0.000,1.000,1.000,0.000,48.518,48.700,0.940,60.236,5.000,103.0,47.0,41.69230651855469,48.871795654296875
74.048,13:10:57.329,464.550,34.599,16072.866,0.000,0.000,0.000,0.000,0.000,0.000,1.000,1.000,0.000,48.518,48.700,0.940,60.236,5.000,103.0,47.0,41.69230651855469,48.871795654296875
74.112,13:10:57.474,464.550,34.599,16072.866,0.000,0.000,0.000,0.000,0.000,0.000,1.000,1.000,0.000,48.518,48.700,0.940,60.236,5.000,103.0,47.0,41.69230651855469,48.871795654296875
74.257,13:10:57.538,464.550,34.599,16072.866,0.000,0.000,0.000,0.000,0.000,0.000,1.000,1.000,0.000,48.518,48.700,0.940,60.236,5.000,103.0,47.0,41.69230651855469,48.871795654296875
74.321,13:10:57.793,461.280,35.373,16316.956,0.000,0.000,0.000,0.000,0.000,0.000,1.000,1.000,0.000,48.518,48.700,0.940,60.236,5.000,103.0,47.0,4.102564334869385,42.10256576538086
74.577,13:10:57.938,461.280,35.373,16316.956,0.000,0.000,0.000,0.000,0.000,0.000,1.000,1.000,0.000,48.518,48.700,0.940,60.299,5.000,103.0,47.0,4.102564334869385,42.10256576538086
74.721,13:10:58.002,461.202,35.396,16324.681,0.000,0.000,0.000,0.000,0.000,0.000,1.000,1.000,0.000,48.518,48.700,0.940,60.299,5.000,103.0,47.0,4.102564334869385,42.10256576538086
74.785,13:10:58.066,461.202,35.396,16324.681,0.000,0.000,0.000,0.000,0.000,0.000,1.000,1.000,0.000,48.518,48.700,0.940,60.299,5.000,103.0,47.0,4.102564334869385,42.10256576538086
74.848,13:10:58.209,461.202,35.396,16324.681,0.000,0.000,0.000,0.000,0.000,0.000,1.000,1.000,0.000,48.881,48.700,0.940,60.339,5.000,103.0,47.0,4.102564334869385,42.10256576538086
74.992,13:10:58.273,461.202,35.396,16324.681,0.000,0.000,0.000,0.000,0.000,0.000,1.000,1.000,0.000,48.881,48.700,0.940,60.339,5.000,103.0,47.0,4.102564334869385,42.10256576538086
75.056,13:10:58.337,461.202,35.396,16324.681,0.000,0.000,0.000,0.000,0.000,0.000,1.000,1.000,0.000,48.881,48.700,0.940,60.339,5.000,103.0,47.0,4.102564334869385,42.10256576538086
75.120,13:10:58.482,461.202,35.396,16324.681,0.000,0.000,0.000,0.000,0.000,0.000,1.000,1.000,0.000,48.518,48.700,0.940,60.372,5.000,103.0,47.0,4.102564334869385,42.10256576538086
75.264,13:10:58.545,461.041,35.432,16335.671,0.000,0.000,0.000,0.000,0.000,0.000,1.000,1.000,0.000,48.518,48.700,0.940,60.372,5.000,103.0,47.0,4.102564334869385,42.10256576538086
75.327,13:10:58.816,461.041,35.432,16335.671,0.000,0.000,0.000,0.000,0.000,0.000,1.000,1.000,0.000,48.518,48.700,0.940,60.372,5.000,103.0,47.0,51.07692337036133,-5.538461685180664
75.600,13:10:58.960,459.387,35.865,16476.127,0.000,0.000,0.000,0.000,0.000,0.000,1.000,1.000,0.000,48.880,48.700,0.940,60.408,5.000,103.0,47.0,51.07692337036133,-5.538461685180664
75.744,13:10:59.025,459.387,35.865,16476.127,0.000,0.000,0.000,0.000,0.000,0.000,1.000,1.000,0.000,48.880,48.700,0.940,60.408,5.000,103.0,47.0,51.07692337036133,-5.538461685180664
75.807,13:10:59.088,459.387,35.865,16476.127,0.000,0.000,0.000,0.000,0.000,0.000,1.000,1.000,0.000,48.880,48.700,0.940,60.408,5.000,103.0,47.0,51.07692337036133,-5.538461685180664
75.872,13:10:59.233,459.387,35.865,16476.127,0.000,0.000,0.000,0.000,0.000,0.000,1.000,1.000,0.000,48.880,48.700,0.940,60.408,5.000,103.0,47.0,51.07692337036133,-5.538461685180664
76.016,13:10:59.297,458.077,36.163,16565.547,0.000,0.000,0.000,0.000,0.000,0.000,1.000,1.000,0.000,48.880,48.700,0.940,60.408,5.000,103.0,47.0,51.07692337036133,-5.538461685180664
76.080,13:10:59.361,458.077,36.163,16565.547,0.000,0.000,0.000,0.000,0.000,0.000,1.000,1.000,0.000,48.880,48.700,0.940,60.408,5.000,103.0,47.0,51.07692337036133,-5.538461685180664
76.143,13:10:59.504,458.077,36.163,16565.547,0.000,0.000,0.000,0.000,0.000,0.000,1.000,1.000,0.000,48.880,48.700,0.940,60.435,5.000,103.0,47.0,51.07692337036133,-5.538461685180664
76.287,13:10:59.568,458.077,36.163,16565.547,0.000,0.000,0.000,0.000,0.000,0.000,1.000,1.000,0.000,48.880,48.700,0.940,60.435,5.000,103.0,47.0,51.07692337036133,-5.538461685180664
76.351,13:10:59.824,463.365,34.949,16194.242,0.000,0.000,0.000,0.000,0.000,0.000,1.000,1.000,0.000,48.880,48.700,0.940,60.435,5.000,103.0,47.0,23.846153259277344,23.179487228393555
76.607,13:10:59.968,463.365,34.949,16194.242,0.000,0.000,0.000,0.000,0.000,0.000,1.000,1.000,0.000,48.519,48.700,0.940,60.495,5.000,103.0,47.0,23.846153259277344,23.179487228393555
76.750,13:11:00.031,458.012,36.176,16568.859,0.000,0.000,0.000,0.000,0.000,0.000,1.000,1.000,0.000,48.519,48.700,0.940,60.495,5.000,103.0,47.0,23.846153259277344,23.179487228393555
76.815,13:11:00.096,458.012,36.176,16568.859,0.000,0.000,0.000,0.000,0.000,0.000,1.000,1.000,0.000,48.519,48.700,0.940,60.495,5.000,103.0,47.0,23.846153259277344,23.179487228393555
76.879,13:11:00.239,458.012,36.176,16568.859,0.000,0.000,0.000,0.000,0.000,0.000,1.000,1.000,0.000,48.881,48.700,0.940,60.548,5.000,103.0,47.0,23.846153259277344,23.179487228393555
77.024,13:11:00.305,458.012,36.176,16568.859,0.000,0.000,0.000,0.000,0.000,0.000,1.000,1.000,0.000,48.881,48.700,0.940,60.548,5.000,103.0,47.0,23.846153259277344,23.179487228393555
77.087,13:11:00.368,458.012,36.176,16568.859,0.000,0.000,0.000,0.000,0.000,0.000,1.000,1.000,0.000,48.881,48.700,0.940,60.548,5.000,103.0,47.0,23.846153259277344,23.179487228393555
77.152,13:11:00.512,458.012,36.176,16568.859,0.000,0.000,0.000,0.000,0.000,0.000,1.000,1.000,0.000,48.881,48.700,0.940,60.531,5.000,103.0,47.0,23.846153259277344,23.179487228393555
77.294,13:11:00.575,459.615,35.821,16463.777,0.000,0.000,0.000,0.000,0.000,0.000,1.000,1.000,0.000,48.881,48.700,0.940,60.531,5.000,103.0,47.0,23.846153259277344,23.179487228393555
77.359,13:11:00.831,459.615,35.821,16463.777,0.000,0.000,0.000,0.000,0.000,0.000,1.000,1.000,0.000,48.881,48.700,0.940,60.531,5.000,103.0,47.0,34.25640869140625,44.46154022216797
77.615,13:11:00.975,462.224,35.235,16286.566,0.000,0.000,0.000,0.000,0.000,0.000,1.000,1.000,0.000,48.518,48.700,0.940,60.618,5.000,103.0,47.0,34.25640869140625,44.46154022216797
77.759,13:11:01.040,462.224,35.235,16286.566,0.000,0.000,0.000,0.000,0.000,0.000,1.000,1.000,0.000,48.518,48.700,0.940,60.618,5.000,103.0,47.0,34.25640869140625,44.46154022216797
77.822,13:11:01.103,462.224,35.235,16286.566,0.000,0.000,0.000,0.000,0.000,0.000,1.000,1.000,0.000,48.518,48.700,0.940,60.618,5.000,103.0,47.0,34.25640869140625,44.46154022216797
77.886,13:11:01.247,462.224,35.235,16286.566,0.000,0.000,0.000,0.000,0.000,0.000,1.000,1.000,0.000,48.518,48.700,0.940,60.618,5.000,103.0,47.0,34.25640869140625,44.46154022216797
78.030,13:11:01.311,457.883,36.206,16577.941,0.000,0.000,0.000,0.000,0.000,0.000,1.000,1.000,0.000,48.518,48.700,0.940,60.618,5.000,103.0,47.0,34.25640869140625,44.46154022216797
78.094,13:11:01.375,457.883,36.206,16577.941,0.000,0.000,0.000,0.000,0.000,0.000,1.000,1.000,0.000,48.518,48.700,0.940,60.618,5.000,103.0,47.0,34.25640869140625,44.46154022216797
78.158,13:11:01.520,457.883,36.206,16577.941,0.000,0.000,0.000,0.000,0.000,0.000,1.000,1.000,0.000,48.881,48.700,0.940,60.651,5.000,103.0,47.0,34.25640869140625,44.46154022216797
78.302,13:11:01.583,457.883,36.206,16577.941,0.000,0.000,0.000,0.000,0.000,0.000,1.000,1.000,0.000,48.881,48.700,0.940,60.651,5.000,103.0,47.0,34.25640869140625,44.46154022216797
78.367,13:11:01.838,457.883,36.206,16577.941,0.000,0.000,0.000,0.000,0.000,0.000,1.000,1.000,0.000,48.881,48.700,0.940,60.651,5.000,103.0,47.0,47.28205108642578,-30.71794891357422
78.623,13:11:01.983,459.801,35.786,16454.564,0.000,0.000,0.000,0.000,0.000,0.000,1.000,1.000,0.000,48.881,48.700,0.940,60.683,5.000,103.0,47.0,47.28205108642578,-30.71794891357422
78.766,13:11:02.047,459.801,35.786,16454.564,0.000,0.000,0.000,0.000,0.000,0.000,1.000,1.000,0.000,48.881,48.700,0.940,60.683,5.000,103.0,47.0,47.28205108642578,-30.71794891357422
78.830,13:11:02.111,461.864,35.318,16312.235,0.000,0.000,0.000,0.000,0.000,0.000,1.000,1.000,0.000,48.881,48.700,0.940,60.683,5.000,103.0,47.0,47.28205108642578,-30.71794891357422
78.893,13:11:02.254,461.864,35.318,16312.235,0.000,0.000,0.000,0.000,0.000,0.000,1.000,1.000,0.000,48.480,48.300,0.940,60.741,5.000,103.0,47.0,47.28205108642578,-30.71794891357422
79.038,13:11:02.319,461.864,35.318,16312.235,0.000,0.000,0.000,0.000,0.000,0.000,1.000,1.000,0.000,48.480,48.300,0.940,60.741,5.000,103.0,47.0,47.28205108642578,-30.71794891357422
79.101,13:11:02.382,461.864,35.318,16312.235,0.000,0.000,0.000,0.000,0.000,0.000,1.000,1.000,0.000,48.480,48.300,0.940,60.741,5.000,103.0,47.0,47.28205108642578,-30.71794891357422
79.166,13:11:02.527,461.864,35.318,16312.235,0.000,0.000,0.000,0.000,0.000,0.000,1.000,1.000,0.000,48.919,49.100,0.940,60.780,5.000,103.0,47.0,47.28205108642578,-30.71794891357422
79.309,13:11:02.590,460.090,35.715,16432.297,0.000,0.000,0.000,0.000,0.000,0.000,1.000,1.000,0.000,48.919,49.100,0.940,60.780,5.000,103.0,47.0,47.28205108642578,-30.71794891357422
79.373,13:11:02.846,460.090,35.715,16432.297,0.000,0.000,0.000,0.000,0.000,0.000,1.000,1.000,0.000,48.919,49.100,0.940,60.780,5.000,103.0,47.0,9.435897827148438,-48.56410217285156
79.630,13:11:02.990,461.984,35.310,16312.740,0.000,0.000,0.000,0.000,0.000,0.000,1.000,1.000,0.000,48.479,48.300,0.940,60.821,5.000,103.0,47.0,9.435897827148438,-48.56410217285156
79.774,13:11:03.055,461.984,35.310,16312.740,0.000,0.000,0.000,0.000,0.000,0.000,1.000,1.000,0.000,48.479,48.300,0.940,60.821,5.000,103.0,47.0,9.435897827148438,-48.56410217285156
79.838,13:11:03.119,461.984,35.310,16312.740,0.000,0.000,0.000,0.000,0.000,0.000,1.000,1.000,0.000,48.479,48.300,0.940,60.821,5.000,103.0,47.0,9.435897827148438,-48.56410217285156
79.900,13:11:03.262,461.984,35.310,16312.740,0.000,0.000,0.000,0.000,0.000,0.000,1.000,1.000,0.000,48.479,48.300,0.940,60.821,5.000,103.0,47.0,9.435897827148438,-48.56410217285156
80.045,13:11:03.326,461.923,35.300,16305.929,0.000,0.000,0.000,0.000,0.000,0.000,1.000,1.000,0.000,48.479,48.300,0.940,60.821,5.000,103.0,47.0,9.435897827148438,-48.56410217285156
80.108,13:11:03.389,461.923,35.300,16305.929,0.000,0.000,0.000,0.000,0.000,0.000,1.000,1.000,0.000,48.479,48.300,0.940,60.821,5.000,103.0,47.0,9.435897827148438,-48.56410217285156
80.173,13:11:03.534,461.923,35.300,16305.929,0.000,0.000,0.000,0.000,0.000,0.000,1.000,1.000,0.000,48.518,48.700,0.940,60.860,5.000,103.0,47.0,9.435897827148438,-48.56410217285156
80.317,13:11:03.598,461.923,35.300,16305.929,0.000,0.000,0.000,0.000,0.000,0.000,1.000,1.000,0.000,48.518,48.700,0.940,60.860,5.000,103.0,47.0,9.435897827148438,-48.56410217285156
80.380,13:11:03.853,461.923,35.300,16305.929,0.000,0.000,0.000,0.000,0.000,0.000,1.000,1.000,0.000,48.518,48.700,0.940,60.860,5.000,103.0,47.0,37.69230651855469,-52.61538314819336
80.637,13:11:03.997,457.406,36.312,16609.496,0.000,0.000,0.000,0.000,0.000,0.000,1.000,1.000,0.000,48.919,49.100,0.940,60.868,5.000,103.0,47.0,37.69230651855469,-52.61538314819336
80.781,13:11:04.062,457.406,36.312,16609.496,0.000,0.000,0.000,0.000,0.000,0.000,1.000,1.000,0.000,48.919,49.100,0.940,60.868,5.000,103.0,47.0,37.69230651855469,-52.61538314819336
80.845,13:11:04.126,460.337,35.666,16418.299,0.000,0.000,0.000,0.000,0.000,0.000,1.000,1.000,0.000,48.919,49.100,0.940,60.868,5.000,103.0,47.0,37.69230651855469,-52.61538314819336
80.908,13:11:04.269,460.337,35.666,16418.299,0.000,0.000,0.000,0.000,0.000,0.000,1.000,1.000,0.000,48.919,49.100,0.940,60.861,5.000,103.0,47.0,37.69230651855469,-52.61538314819336
81.053,13:11:04.334,460.337,35.666,16418.299,0.000,0.000,0.000,0.000,0.000,0.000,1.000,1.000,0.000,48.919,49.100,0.940,60.861,5.000,103.0,47.0,37.69230651855469,-52.61538314819336
81.116,13:11:04.397,460.337,35.666,16418.299,0.000,0.000,0.000,0.000,0.000,0.000,1.000,1.000,0.000,48.919,49.100,0.940,60.861,5.000,103.0,47.0,37.69230651855469,-52.61538314819336
81.181,13:11:04.541,460.337,35.666,16418.299,0.000,0.000,0.000,0.000,0.000,0.000,1.000,1.000,0.000,48.480,48.300,0.940,60.947,5.000,103.0,47.0,37.69230651855469,-52.61538314819336
81.324,13:11:04.605,461.723,35.360,16326.316,0.000,0.000,0.000,0.000,0.000,0.000,1.000,1.000,0.000,48.480,48.300,0.940,60.947,5.000,103.0,47.0,37.69230651855469,-52.61538314819336
81.388,13:11:04.861,461.723,35.360,16326.316,0.000,0.000,0.000,0.000,0.000,0.000,1.000,1.000,0.000,48.480,48.300,0.940,60.947,5.000,103.0,47.0,-53.28205108642578,20.615385055541992
81.645,13:11:05.005,461.741,35.358,16326.183,0.000,0.000,0.000,0.000,0.000,0.000,1.000,1.000,0.000,48.518,48.700,0.940,61.024,5.000,103.0,47.0,-53.28205108642578,20.615385055541992
81.788,13:11:05.069,461.741,35.358,16326.183,0.000,0.000,0.000,0.000,0.000,0.000,1.000,1.000,0.000,48.518,48.700,0.940,61.024,5.000,103.0,47.0,-53.28205108642578,20.615385055541992
81.852,13:11:05.133,461.741,35.358,16326.183,0.000,0.000,0.000,0.000,0.000,0.000,1.000,1.000,0.000,48.518,48.700,0.940,61.024,5.000,103.0,47.0,-53.28205108642578,20.615385055541992
81.916,13:11:05.277,461.741,35.358,16326.183,0.000,0.000,0.000,0.000,0.000,0.000,1.000,1.000,0.000,48.518,48.700,0.940,61.024,5.000,103.0,47.0,-53.28205108642578,20.615385055541992
82.060,13:11:05.341,461.603,35.382,16332.498,0.000,0.000,0.000,0.000,0.000,0.000,1.000,1.000,0.000,48.518,48.700,0.940,61.024,5.000,103.0,47.0,-53.28205108642578,20.615385055541992
82.124,13:11:05.405,461.603,35.382,16332.498,0.000,0.000,0.000,0.000,0.000,0.000,1.000,1.000,0.000,48.518,48.700,0.940,61.024,5.000,103.0,47.0,-53.28205108642578,20.615385055541992
82.188,13:11:05.549,461.603,35.382,16332.498,0.000,0.000,0.000,0.000,0.000,0.000,1.000,1.000,0.000,48.480,48.300,0.940,61.036,5.000,103.0,47.0,-53.28205108642578,20.615385055541992
82.332,13:11:05.613,461.603,35.382,16332.498,0.000,0.000,0.000,0.000,0.000,0.000,1.000,1.000,0.000,48.480,48.300,0.940,61.036,5.000,103.0,47.0,-53.28205108642578,20.615385055541992
82.396,13:11:05.868,461.603,35.382,16332.498,0.000,0.000,0.000,0.000,0.000,0.000,1.000,1.000,0.000,48.480,48.300,0.940,61.036,5.000,103.0,47.0,31.28205108642578,-52.82051467895508
82.652,13:11:06.012,461.578,35.377,16329.032,0.000,0.000,0.000,0.000,0.000,0.000,1.000,1.000,0.000,48.518,48.700,0.940,61.063,5.000,103.0,47.0,31.28205108642578,-52.82051467895508
82.796,13:11:06.077,461.578,35.377,16329.032,0.000,0.000,0.000,0.000,0.000,0.000,1.000,1.000,0.000,48.518,48.700,0.940,61.063,5.000,103.0,47.0,31.28205108642578,-52.82051467895508
82.859,13:11:06.140,457.342,36.310,16606.064,0.000,0.000,0.000,0.000,0.000,0.000,1.000,1.000,0.000,48.518,48.700,0.940,61.063,5.000,103.0,47.0,31.28205108642578,-52.82051467895508
82.924,13:11:06.284,457.342,36.310,16606.064,0.000,0.000,0.000,0.000,0.000,0.000,1.000,1.000,0.000,48.919,49.100,0.940,61.097,5.000,103.0,47.0,31.28205108642578,-52.82051467895508
83.068,13:11:06.349,457.342,36.310,16606.064,0.000,0.000,0.000,0.000,0.000,0.000,1.000,1.000,0.000,48.919,49.100,0.940,61.097,5.000,103.0,47.0,31.28205108642578,-52.82051467895508
83.131,13:11:06.411,457.342,36.310,16606.064,0.000,0.000,0.000,0.000,0.000,0.000,1.000,1.000,0.000,48.919,49.100,0.940,61.097,5.000,103.0,47.0,31.28205108642578,-52.82051467895508
83.195,13:11:06.556,457.342,36.310,16606.064,0.000,0.000,0.000,0.000,0.000,0.000,1.000,1.000,0.000,48.881,48.700,0.940,61.125,5.000,103.0,47.0,31.28205108642578,-52.82051467895508
83.339,13:11:06.620,460.712,35.581,16392.605,0.000,0.000,0.000,0.000,0.000,0.000,1.000,1.000,0.000,48.881,48.700,0.940,61.125,5.000,103.0,47.0,31.28205108642578,-52.82051467895508
83.403,13:11:06.876,460.712,35.581,16392.605,0.000,0.000,0.000,0.000,0.000,0.000,1.000,1.000,0.000,48.881,48.700,0.940,61.125,5.000,103.0,47.0,-48.10256576538086,33.17948532104492
83.659,13:11:07.019,460.712,35.581,16392.605,0.000,0.000,0.000,0.000,0.000,0.000,1.000,1.000,0.000,48.479,48.300,0.940,61.181,5.000,103.0,47.0,-48.10256576538086,33.17948532104492
83.802,13:11:07.083,464.536,34.668,16104.486,0.000,0.000,0.000,0.000,0.000,0.000,1.000,1.000,0.000,48.479,48.300,0.940,61.181,5.000,103.0,47.0,-48.10256576538086,33.17948532104492
83.866,13:11:07.147,464.536,34.668,16104.486,0.000,0.000,0.000,0.000,0.000,0.000,1.000,1.000,0.000,48.479,48.300,0.940,61.181,5.000,103.0,47.0,-48.10256576538086,33.17948532104492
83.931,13:11:07.291,464.536,34.668,16104.486,0.000,0.000,0.000,0.000,0.000,0.000,1.000,1.000,0.000,48.479,48.300,0.940,61.181,5.000,103.0,47.0,-48.10256576538086,33.17948532104492
84.075,13:11:07.356,461.481,35.399,16336.029,0.000,0.000,0.000,0.000,0.000,0.000,1.000,1.000,0.000,48.479,48.300,0.940,61.181,5.000,103.0,47.0,-48.10256576538086,33.17948532104492
84.139,13:11:07.420,461.481,35.399,16336.029,0.000,0.000,0.000,0.000,0.000,0.000,1.000,1.000,0.000,48.479,48.300,0.940,61.181,5.000,103.0,47.0,-48.10256576538086,33.17948532104492
84.203,13:11:07.564,461.481,35.399,16336.029,0.000,0.000,0.000,0.000,0.000,0.000,1.000,1.000,0.000,48.518,48.700,0.940,61.215,5.000,103.0,47.0,-48.10256576538086,33.17948532104492
84.347,13:11:07.628,461.481,35.399,16336.029,0.000,0.000,0.000,0.000,0.000,0.000,1.000,1.000,0.000,48.518,48.700,0.940,61.215,5.000,103.0,47.0,-48.10256576538086,33.17948532104492
84.411,13:11:07.884,461.481,35.399,16336.029,0.000,0.000,0.000,0.000,0.000,0.000,1.000,1.000,0.000,48.518,48.700,0.940,61.215,5.000,103.0,47.0,-10.256410598754883,-41.846153259277344
84.666,13:11:08.027,460.768,35.567,16387.943,0.000,0.000,0.000,0.000,0.000,0.000,1.000,1.000,0.000,48.881,48.700,0.940,61.217,5.000,103.0,47.0,-10.256410598754883,-41.846153259277344
84.810,13:11:08.091,460.768,35.567,16387.943,0.000,0.000,0.000,0.000,0.000,0.000,1.000,1.000,0.000,48.881,48.700,0.940,61.217,5.000,103.0,47.0,-10.256410598754883,-41.846153259277344
84.874,13:11:08.155,460.768,35.567,16387.943,0.000,0.000,0.000,0.000,0.000,0.000,1.000,1.000,0.000,48.881,48.700,0.940,61.217,5.000,103.0,47.0,-10.256410598754883,-41.846153259277344
84.938,13:11:08.299,464.554,34.660,16101.345,0.000,0.000,0.000,0.000,0.000,0.000,1.000,1.000,0.000,48.480,48.300,0.940,61.210,5.000,103.0,47.0,-10.256410598754883,-41.846153259277344
85.082,13:11:08.363,464.554,34.660,16101.345,0.000,0.000,0.000,0.000,0.000,0.000,1.000,1.000,0.000,48.480,48.300,0.940,61.210,5.000,103.0,47.0,-10.256410598754883,-41.846153259277344
85.146,13:11:08.427,464.554,34.660,16101.345,0.000,0.000,0.000,0.000,0.000,0.000,1.000,1.000,0.000,48.480,48.300,0.940,61.210,5.000,103.0,47.0,-10.256410598754883,-41.846153259277344
85.210,13:11:08.570,464.554,34.660,16101.345,0.000,0.000,0.000,0.000,0.000,0.000,1.000,1.000,0.000,48.480,48.300,0.940,61.210,5.000,103.0,47.0,-10.256410598754883,-41.846153259277344
85.354,13:11:08.635,461.459,35.399,16334.984,0.000,0.000,0.000,0.000,0.000,0.000,1.000,1.000,0.000,48.480,48.300,0.940,61.210,5.000,103.0,47.0,-10.256410598754883,-41.846153259277344
85.418,13:11:08.891,461.459,35.399,16334.984,0.000,0.000,0.000,0.000,0.000,0.000,1.000,1.000,0.000,48.480,48.300,0.940,61.210,5.000,103.0,47.0,-27.384614944458008,-21.230770111083984
85.673,13:11:09.034,461.459,35.399,16334.984,0.000,0.000,0.000,0.000,0.000,0.000,1.000,1.000,0.000,48.480,48.300,0.940,61.272,5.000,103.0,47.0,-27.384614944458008,-21.230770111083984
85.817,13:11:09.098,464.701,34.631,16093.235,0.000,0.000,0.000,0.000,0.000,0.000,1.000,1.000,0.000,48.480,48.300,0.940,61.272,5.000,103.0,47.0,-27.384614944458008,-21.230770111083984
85.882,13:11:09.163,464.701,34.631,16093.235,0.000,0.000,0.000,0.000,0.000,0.000,1.000,1.000,0.000,48.480,48.300,0.940,61.272,5.000,103.0,47.0,-27.384614944458008,-21.230770111083984
85.946,13:11:09.306,464.701,34.631,16093.235,0.000,0.000,0.000,0.000,0.000,0.000,1.000,1.000,0.000,48.480,48.300,0.940,61.272,5.000,103.0,47.0,-27.384614944458008,-21.230770111083984
86.089,13:11:09.370,464.701,34.631,16093.235,0.000,0.000,0.000,0.000,0.000,0.000,1.000,1.000,0.000,48.480,48.300,0.940,61.272,5.000,103.0,47.0,-27.384614944458008,-21.230770111083984
86.153,13:11:09.434,464.881,34.573,16072.369,0.000,0.000,0.000,0.000,0.000,0.000,1.000,1.000,0.000,48.480,48.300,0.940,61.272,5.000,103.0,47.0,-27.384614944458008,-21.230770111083984
86.217,13:11:09.579,464.881,34.573,16072.369,0.000,0.000,0.000,0.000,0.000,0.000,1.000,1.000,0.000,48.518,48.700,0.940,61.280,5.000,103.0,47.0,-27.384614944458008,-21.230770111083984
86.362,13:11:09.643,464.881,34.573,16072.369,0.000,0.000,0.000,0.000,0.000,0.000,1.000,1.000,0.000,48.518,48.700,0.940,61.280,5.000,103.0,47.0,-27.384614944458008,-21.230770111083984
86.426,13:11:09.898,464.881,34.573,16072.369,0.000,0.000,0.000,0.000,0.000,0.000,1.000,1.000,0.000,48.518,48.700,0.940,61.280,5.000,103.0,47.0,50.153846740722656,-32.46154022216797
86.682,13:11:10.042,457.300,36.306,16602.787,0.000,0.000,0.000,0.000,0.000,0.000,1.000,1.000,0.000,48.919,49.100,0.940,61.289,5.000,103.0,47.0,50.153846740722656,-32.46154022216797
86.825,13:11:10.106,457.300,36.306,16602.787,0.000,0.000,0.000,0.000,0.000,0.000,1.000,1.000,0.000,48.919,49.100,0.940,61.289,5.000,103.0,47.0,50.153846740722656,-32.46154022216797
86.889,13:11:10.170,457.300,36.306,16602.787,0.000,0.000,0.000,0.000,0.000,0.000,1.000,1.000,0.000,48.919,49.100,0.940,61.289,5.000,103.0,47.0,50.153846740722656,-32.46154022216797
86.953,13:11:10.314,456.879,36.404,16632.355,0.000,0.000,0.000,0.000,0.000,0.000,1.000,1.000,0.000,49.319,49.500,0.940,61.337,5.000,103.0,47.0,50.153846740722656,-32.46154022216797
87.097,13:11:10.378,456.879,36.404,16632.355,0.000,0.000,0.000,0.000,0.000,0.000,1.000,1.000,0.000,49.319,49.500,0.940,61.337,5.000,103.0,47.0,50.153846740722656,-32.46154022216797
87.161,13:11:10.442,456.879,36.404,16632.355,0.000,0.000,0.000,0.000,0.000,0.000,1.000,1.000,0.000,49.319,49.500,0.940,61.337,5.000,103.0,47.0,50.153846740722656,-32.46154022216797
87.224,13:11:10.585,456.879,36.404,16632.355,0.000,0.000,0.000,0.000,0.000,0.000,1.000,1.000,0.000,49.319,49.500,0.940,61.337,5.000,103.0,47.0,50.153846740722656,-32.46154022216797
87.370,13:11:10.651,458.407,36.092,16544.980,0.000,0.000,0.000,0.000,0.000,0.000,1.000,1.000,0.000,49.319,49.500,0.940,61.337,5.000,103.0,47.0,50.153846740722656,-32.46154022216797
87.433,13:11:10.906,458.407,36.092,16544.980,0.000,0.000,0.000,0.000,0.000,0.000,1.000,1.000,0.000,49.319,49.500,0.940,61.337,5.000,103.0,47.0,-33.589744567871094,53.38461685180664
87.688,13:11:11.049,458.407,36.092,16544.980,0.000,0.000,0.000,0.000,0.000,0.000,1.000,1.000,0.000,48.480,48.300,0.940,61.454,5.000,103.0,47.0,-33.589744567871094,53.38461685180664
87.832,13:11:11.113,463.618,34.887,16174.310,0.000,0.000,0.000,0.000,0.000,0.000,1.000,1.000,0.000,48.480,48.300,0.940,61.454,5.000,103.0,47.0,-33.589744567871094,53.38461685180664
87.896,13:11:11.177,463.618,34.887,16174.310,0.000,0.000,0.000,0.000,0.000,0.000,1.000,1.000,0.000,48.480,48.300,0.940,61.454,5.000,103.0,47.0,-33.589744567871094,53.38461685180664
87.960,13:11:11.321,463.618,34.887,16174.310,0.000,0.000,0.000,0.000,0.000,0.000,1.000,1.000,0.000,48.480,48.300,0.940,61.454,5.000,103.0,47.0,-33.589744567871094,53.38461685180664
88.104,13:11:11.385,463.618,34.887,16174.310,0.000,0.000,0.000,0.000,0.000,0.000,1.000,1.000,0.000,48.480,48.300,0.940,61.454,5.000,103.0,47.0,-33.589744567871094,53.38461685180664
88.503,13:11:12.057,462.648,35.113,16244.757,0.000,0.000,0.000,0.000,0.000,0.000,1.000,1.000,0.000,48.919,49.100,0.940,61.541,5.000,103.0,47.0,-33.53845977783203,-13.64102554321289
88.839,13:11:12.200,458.365,36.097,16545.525,0.000,0.000,0.000,0.000,0.000,0.000,1.000,1.000,0.000,48.919,49.100,0.940,61.541,5.000,103.0,47.0,-33.53845977783203,-13.64102554321289
88.983,13:11:12.264,459.993,35.732,16436.334,0.000,0.000,0.000,0.000,0.000,0.000,1.000,1.000,0.000,48.919,49.100,0.940,61.541,5.000,103.0,47.0,-33.53845977783203,-13.64102554321289
89.048,13:11:12.329,459.993,35.732,16436.334,0.000,0.000,0.000,0.000,0.000,0.000,1.000,1.000,0.000,48.919,49.100,0.940,61.541,5.000,103.0,47.0,-33.53845977783203,-13.64102554321289
89.112,13:11:12.472,459.993,35.732,16436.334,0.000,0.000,0.000,0.000,0.000,0.000,1.000,1.000,0.000,48.881,48.700,0.940,61.557,5.000,103.0,47.0,-33.53845977783203,-13.64102554321289
89.255,13:11:12.536,459.993,35.732,16436.334,0.000,0.000,0.000,0.000,0.000,0.000,1.000,1.000,0.000,48.881,48.700,0.940,61.557,5.000,103.0,47.0,-33.53845977783203,-13.64102554321289
89.319,13:11:12.600,459.993,35.732,16436.334,0.000,0.000,0.000,0.000,0.000,0.000,1.000,1.000,0.000,48.881,48.700,0.940,61.557,5.000,103.0,47.0,-33.53845977783203,-13.64102554321289
89.384,13:11:12.745,458.035,36.156,16560.621,0.000,0.000,0.000,0.000,0.000,0.000,1.000,1.000,0.000,48.919,49.100,0.940,61.597,5.000,103.0,47.0,-33.53845977783203,-13.64102554321289
89.528,13:11:13.000,458.035,36.156,16560.621,0.000,0.000,0.000,0.000,0.000,0.000,1.000,1.000,0.000,48.919,49.100,0.940,61.597,5.000,103.0,47.0,12.51282024383545,39.69230651855469
89.782,13:11:13.145,460.156,35.694,16424.963,0.000,0.000,0.000,0.000,0.000,0.000,1.000,1.000,0.000,48.880,48.700,0.940,61.660,5.000,103.0,47.0,12.51282024383545,39.69230651855469
89.927,13:11:13.208,460.156,35.694,16424.963,0.000,0.000,0.000,0.000,0.000,0.000,1.000,1.000,0.000,48.880,48.700,0.940,61.660,5.000,103.0,47.0,12.51282024383545,39.69230651855469
89.991,13:11:13.272,460.156,35.694,16424.963,0.000,0.000,0.000,0.000,0.000,0.000,1.000,1.000,0.000,48.880,48.700,0.940,61.660,5.000,103.0,47.0,12.51282024383545,39.69230651855469
90.055,13:11:13.416,460.156,35.694,16424.963,0.000,0.000,0.000,0.000,0.000,0.000,1.000,1.000,0.000,48.880,48.700,0.940,61.660,5.000,103.0,47.0,12.51282024383545,39.69230651855469
90.199,13:11:13.480,458.054,36.154,16560.662,0.000,0.000,0.000,0.000,0.000,0.000,1.000,1.000,0.000,48.880,48.700,0.940,61.660,5.000,103.0,47.0,12.51282024383545,39.69230651855469
90.262,13:11:13.543,458.054,36.154,16560.662,0.000,0.000,0.000,0.000,0.000,0.000,1.000,1.000,0.000,48.880,48.700,0.940,61.660,5.000,103.0,47.0,12.51282024383545,39.69230651855469
90.327,13:11:13.688,458.054,36.154,16560.662,0.000,0.000,0.000,0.000,0.000,0.000,1.000,1.000,0.000,48.919,49.100,0.940,61.673,5.000,103.0,47.0,12.51282024383545,39.69230651855469
90.471,13:11:13.752,458.054,36.154,16560.662,0.000,0.000,0.000,0.000,0.000,0.000,1.000,1.000,0.000,48.919,49.100,0.940,61.673,5.000,103.0,47.0,12.51282024383545,39.69230651855469
90.535,13:11:14.007,458.054,36.154,16560.662,0.000,0.000,0.000,0.000,0.000,0.000,1.000,1.000,0.000,48.919,49.100,0.940,61.673,5.000,103.0,47.0,34.410255432128906,17.487178802490234
90.791,13:11:14.151,460.202,35.683,16421.449,0.000,0.000,0.000,0.000,0.000,0.000,1.000,1.000,0.000,48.881,48.700,0.940,61.731,5.000,103.0,47.0,34.410255432128906,17.487178802490234
90.935,13:11:14.216,460.202,35.683,16421.449,0.000,0.000,0.000,0.000,0.000,0.000,1.000,1.000,0.000,48.881,48.700,0.940,61.731,5.000,103.0,47.0,34.410255432128906,17.487178802490234
90.999,13:11:14.280,464.076,34.761,16131.734,0.000,0.000,0.000,0.000,0.000,0.000,1.000,1.000,0.000,48.881,48.700,0.940,61.731,5.000,103.0,47.0,34.410255432128906,17.487178802490234
91.062,13:11:14.424,464.076,34.761,16131.734,0.000,0.000,0.000,0.000,0.000,0.000,1.000,1.000,0.000,48.480,48.300,0.940,61.740,5.000,103.0,47.0,34.410255432128906,17.487178802490234
91.206,13:11:14.487,464.076,34.761,16131.734,0.000,0.000,0.000,0.000,0.000,0.000,1.000,1.000,0.000,48.480,48.300,0.940,61.740,5.000,103.0,47.0,34.410255432128906,17.487178802490234
91.270,13:11:14.551,464.076,34.761,16131.734,0.000,0.000,0.000,0.000,0.000,0.000,1.000,1.000,0.000,48.480,48.300,0.940,61.740,5.000,103.0,47.0,34.410255432128906,17.487178802490234
91.335,13:11:14.696,464.076,34.761,16131.734,0.000,0.000,0.000,0.000,0.000,0.000,1.000,1.000,0.000,48.919,49.100,0.940,61.778,5.000,103.0,47.0,34.410255432128906,17.487178802490234
91.478,13:11:14.759,460.559,35.597,16394.311,0.000,0.000,0.000,0.000,0.000,0.000,1.000,1.000,0.000,48.919,49.100,0.940,61.778,5.000,103.0,47.0,34.410255432128906,17.487178802490234
91.542,13:11:15.014,460.559,35.597,16394.311,0.000,0.000,0.000,0.000,0.000,0.000,1.000,1.000,0.000,48.919,49.100,0.940,61.778,5.000,103.0,47.0,50.71794891357422,-22.0
91.798,13:11:15.159,462.076,35.264,16294.425,0.000,0.000,0.000,0.000,0.000,0.000,1.000,1.000,0.000,48.518,48.700,0.940,61.774,5.000,103.0,47.0,50.71794891357422,-22.0
92.277,13:11:15.639,460.531,35.622,16404.875,0.000,0.000,0.000,0.000,0.000,0.000,1.000,1.000,0.000,48.919,49.100,0.940,61.812,5.000,103.0,47.0,50.71794891357422,-22.0
92.421,13:11:15.702,460.531,35.622,16404.875,0.000,0.000,0.000,0.000,0.000,0.000,1.000,1.000,0.000,48.919,49.100,0.940,61.812,5.000,103.0,47.0,50.71794891357422,-22.0
92.485,13:11:15.766,460.531,35.622,16404.875,0.000,0.000,0.000,0.000,0.000,0.000,1.000,1.000,0.000,48.919,49.100,0.940,61.812,5.000,103.0,47.0,50.71794891357422,-22.0
92.550,13:11:16.102,460.531,35.622,16404.875,0.000,0.000,0.000,0.000,0.000,0.000,1.000,1.000,0.000,48.518,48.700,0.940,61.826,5.000,103.0,47.0,49.33333206176758,-18.769229888916016
