t_s,clock,VDC,IDC,PDC,VG_A,VG_B,VG_C,IINV_A,IINV_B,IINV_C,STS,MODE,FAULT_FLAGS,FREQ,SET_FREQ,MOD_IDX,TEMP,STOP_REASON,FAULT_UV_CNT,FAULT_OC_CNT,IU_INST,IW_INST
0.176,12:16:55.308,524.338,0.231,121.108,0.000,0.000,0.000,0.066,0.045,0.074,1.000,1.000,0.000,0.100,0.100,0.010,31.775,5.000,99.0,47.0,-0.05128205195069313,-0.05128205195069313
0.480,12:16:55.420,524.338,0.231,121.108,0.000,0.000,0.000,0.066,0.045,0.074,1.000,1.000,0.000,0.100,0.100,0.010,31.775,5.000,99.0,47.0,-0.05128205195069313,-0.05128205195069313
0.590,12:16:55.531,526.180,0.270,142.060,0.000,0.000,0.000,0.064,0.043,0.071,1.000,1.000,0.000,0.119,0.300,0.010,32.638,5.000,99.0,47.0,-0.05128205195069313,-0.05128205195069313
0.702,12:16:55.643,526.180,0.270,142.060,0.000,0.000,0.000,0.064,0.043,0.071,1.000,1.000,0.000,0.119,0.300,0.010,32.638,5.000,99.0,47.0,-0.05128205195069313,-0.05128205195069313
0.815,12:16:55.756,526.180,0.270,142.060,0.000,0.000,0.000,0.064,0.043,0.071,1.000,1.000,0.000,0.119,0.300,0.010,32.638,5.000,99.0,47.0,-0.05128205195069313,-0.05128205195069313
0.926,12:16:55.867,526.180,0.270,142.060,0.000,0.000,0.000,0.064,0.043,0.071,1.000,1.000,0.000,0.119,0.300,0.010,32.638,5.000,99.0,47.0,-0.05128205195069313,-0.05128205195069313
1.039,12:16:55.979,526.135,0.272,143.076,0.000,0.000,0.000,0.056,0.054,0.066,1.000,1.000,0.000,0.300,0.300,0.010,32.684,5.000,99.0,47.0,-0.05128205195069313,-0.05128205195069313
1.152,12:16:56.092,526.135,0.272,143.076,0.000,0.000,0.000,0.056,0.054,0.066,1.000,1.000,0.000,0.300,0.300,0.010,32.684,5.000,99.0,47.0,-0.05128205195069313,-0.05128205195069313
1.262,12:16:57.434,526.135,0.272,143.076,0.000,0.000,0.000,0.056,0.054,0.066,1.000,1.000,0.000,0.300,0.300,0.010,32.684,5.000,99.0,47.0,0.0,0.05128205195069313
2.621,12:16:57.754,526.058,0.268,141.213,0.000,0.000,0.000,0.131,0.187,0.087,1.000,1.000,0.000,0.919,1.100,0.019,32.694,5.000,99.0,47.0,0.05128205195069313,-0.20512820780277252
2.935,12:16:57.876,526.058,0.268,141.213,0.000,0.000,0.000,0.131,0.187,0.087,1.000,1.000,0.000,0.919,1.100,0.019,32.694,5.000,99.0,47.0,0.05128205195069313,-0.20512820780277252
4.103,12:16:59.236,525.878,0.351,184.432,0.000,0.000,0.000,2.550,2.649,0.374,1.000,1.000,1.000,1.499,1.500,0.031,32.709,5.000,99.0,47.0,-0.20512820780277252,-2.5641026496887207
4.407,12:16:59.347,525.850,0.376,197.722,0.000,0.000,0.000,1.821,3.248,1.855,1.000,1.000,1.000,1.699,1.700,0.036,32.744,5.000,99.0,47.0,-0.20512820780277252,-2.5641026496887207
4.518,12:16:59.459,525.850,0.376,197.722,0.000,0.000,0.000,1.821,3.248,1.855,1.000,1.000,1.000,1.699,1.700,0.036,32.744,5.000,99.0,47.0,-0.20512820780277252,-2.5641026496887207
4.646,12:16:59.587,525.824,0.377,197.991,0.000,0.000,0.000,1.707,1.863,3.109,1.000,1.000,1.000,1.718,1.900,0.036,32.783,5.000,99.0,47.0,-0.20512820780277252,-2.5641026496887207
4.759,12:16:59.699,525.824,0.377,197.991,0.000,0.000,0.000,1.707,1.863,3.109,1.000,1.000,1.000,1.718,1.900,0.036,32.783,5.000,99.0,47.0,-0.20512820780277252,-2.5641026496887207
4.871,12:16:59.811,525.824,0.377,197.991,0.000,0.000,0.000,1.707,1.863,3.109,1.000,1.000,1.000,1.718,1.900,0.036,32.783,5.000,99.0,47.0,-0.20512820780277252,-2.5641026496887207
4.983,12:16:59.924,525.824,0.377,197.991,0.000,0.000,0.000,1.707,1.863,3.109,1.000,1.000,1.000,1.718,1.900,0.036,32.783,5.000,99.0,47.0,-0.20512820780277252,-2.5641026496887207
5.093,12:17:00.034,525.839,0.382,201.115,0.000,0.000,0.000,2.916,3.125,0.922,1.000,1.000,1.000,1.899,1.900,0.040,32.842,5.000,99.0,47.0,-0.20512820780277252,-2.5641026496887207
5.207,12:17:00.339,525.839,0.382,201.115,0.000,0.000,0.000,2.916,3.125,0.922,1.000,1.000,1.000,1.899,1.900,0.040,32.842,5.000,99.0,47.0,-0.9743589758872986,2.2564103603363037
5.510,12:17:00.451,525.802,0.395,207.628,0.000,0.000,0.000,2.721,1.593,3.353,1.000,1.000,0.000,2.099,2.100,0.044,32.876,5.000,99.0,47.0,-0.9743589758872986,2.2564103603363037
5.621,12:17:00.562,525.802,0.395,207.628,0.000,0.000,0.000,2.721,1.593,3.353,1.000,1.000,0.000,2.099,2.100,0.044,32.876,5.000,99.0,47.0,-0.9743589758872986,2.2564103603363037
5.734,12:17:00.674,525.802,0.395,207.628,0.000,0.000,0.000,2.721,1.593,3.353,1.000,1.000,0.000,2.099,2.100,0.044,32.876,5.000,99.0,47.0,-0.9743589758872986,2.2564103603363037
5.846,12:17:00.786,525.802,0.395,207.628,0.000,0.000,0.000,2.721,1.593,3.353,1.000,1.000,0.000,2.099,2.100,0.044,32.876,5.000,99.0,47.0,-0.9743589758872986,2.2564103603363037
5.957,12:17:00.898,525.749,0.454,238.578,0.000,0.000,0.000,1.476,4.426,4.102,1.000,1.000,1.000,2.299,2.300,0.048,32.922,5.000,99.0,47.0,-0.9743589758872986,2.2564103603363037
6.069,12:17:01.010,525.749,0.454,238.578,0.000,0.000,0.000,1.476,4.426,4.102,1.000,1.000,1.000,2.299,2.300,0.048,32.922,5.000,99.0,47.0,-0.9743589758872986,2.2564103603363037
6.182,12:17:01.122,525.749,0.454,238.578,0.000,0.000,0.000,1.476,4.426,4.102,1.000,1.000,1.000,2.299,2.300,0.048,32.922,5.000,99.0,47.0,-0.9743589758872986,2.2564103603363037
6.293,12:17:01.425,525.645,0.473,248.632,0.000,0.000,0.000,2.806,5.251,3.185,1.000,1.000,1.000,2.499,2.500,0.052,32.955,5.000,99.0,47.0,-2.5128204822540283,-2.615384578704834
6.596,12:17:01.537,525.645,0.473,248.632,0.000,0.000,0.000,2.806,5.251,3.185,1.000,1.000,1.000,2.499,2.500,0.052,32.955,5.000,99.0,47.0,-2.5128204822540283,-2.615384578704834
6.708,12:17:01.649,525.616,0.486,255.298,0.000,0.000,0.000,3.218,5.627,3.234,1.000,1.000,1.000,2.518,2.700,0.053,33.011,5.000,99.0,47.0,-2.5128204822540283,-2.615384578704834
6.821,12:17:01.761,525.616,0.486,255.298,0.000,0.000,0.000,3.218,5.627,3.234,1.000,1.000,1.000,2.518,2.700,0.053,33.011,5.000,99.0,47.0,-2.5128204822540283,-2.615384578704834
6.933,12:17:01.874,525.616,0.486,255.298,0.000,0.000,0.000,3.218,5.627,3.234,1.000,1.000,1.000,2.518,2.700,0.053,33.011,5.000,99.0,47.0,-2.5128204822540283,-2.615384578704834
7.045,12:17:01.986,525.616,0.486,255.298,0.000,0.000,0.000,3.218,5.627,3.234,1.000,1.000,1.000,2.518,2.700,0.053,33.011,5.000,99.0,47.0,-2.5128204822540283,-2.615384578704834
7.158,12:17:02.098,525.628,0.511,268.399,0.000,0.000,0.000,2.582,5.886,4.684,1.000,1.000,1.000,2.700,2.700,0.057,33.089,5.000,99.0,47.0,-2.5128204822540283,-2.615384578704834
7.269,12:17:02.210,525.628,0.511,268.399,0.000,0.000,0.000,2.582,5.886,4.684,1.000,1.000,1.000,2.700,2.700,0.057,33.089,5.000,99.0,47.0,-2.5128204822540283,-2.615384578704834
7.380,12:17:02.514,525.628,0.511,268.399,0.000,0.000,0.000,2.582,5.886,4.684,1.000,1.000,1.000,2.700,2.700,0.057,33.089,5.000,99.0,47.0,-7.128205299377441,6.564102649688721
7.684,12:17:02.625,525.569,0.540,283.702,0.000,0.000,0.000,3.986,4.352,6.274,1.000,1.000,0.000,2.900,2.900,0.061,33.167,5.000,99.0,47.0,-7.128205299377441,6.564102649688721
7.797,12:17:02.738,525.569,0.540,283.702,0.000,0.000,0.000,3.986,4.352,6.274,1.000,1.000,0.000,2.900,2.900,0.061,33.167,5.000,99.0,47.0,-7.128205299377441,6.564102649688721
7.908,12:17:02.848,525.491,0.586,308.139,0.000,0.000,0.000,7.250,5.228,4.027,1.000,1.000,1.000,3.100,3.100,0.065,33.246,5.000,99.0,47.0,-7.128205299377441,6.564102649688721
8.020,12:17:02.961,525.491,0.586,308.139,0.000,0.000,0.000,7.250,5.228,4.027,1.000,1.000,1.000,3.100,3.100,0.065,33.246,5.000,99.0,47.0,-7.128205299377441,6.564102649688721
8.132,12:17:03.072,525.491,0.586,308.139,0.000,0.000,0.000,7.250,5.228,4.027,1.000,1.000,1.000,3.100,3.100,0.065,33.246,5.000,99.0,47.0,-7.128205299377441,6.564102649688721
8.244,12:17:03.185,525.491,0.586,308.139,0.000,0.000,0.000,7.250,5.228,4.027,1.000,1.000,1.000,3.100,3.100,0.065,33.246,5.000,99.0,47.0,-7.128205299377441,6.564102649688721
8.357,12:17:03.298,525.471,0.603,316.642,0.000,0.000,0.000,3.355,6.737,6.891,1.000,1.000,1.000,3.300,3.300,0.069,33.330,5.000,99.0,47.0,-7.128205299377441,6.564102649688721
8.468,12:17:03.600,525.471,0.603,316.642,0.000,0.000,0.000,3.355,6.737,6.891,1.000,1.000,1.000,3.300,3.300,0.069,33.330,5.000,99.0,47.0,8.051281929016113,-2.923076868057251
8.772,12:17:03.712,525.367,0.633,332.518,0.000,0.000,0.000,7.033,7.073,3.959,1.000,1.000,1.000,3.319,3.500,0.069,33.406,5.000,99.0,47.0,8.051281929016113,-2.923076868057251
8.883,12:17:03.824,525.367,0.633,332.518,0.000,0.000,0.000,7.033,7.073,3.959,1.000,1.000,1.000,3.319,3.500,0.069,33.406,5.000,99.0,47.0,8.051281929016113,-2.923076868057251
8.996,12:17:03.937,525.367,0.633,332.518,0.000,0.000,0.000,7.033,7.073,3.959,1.000,1.000,1.000,3.319,3.500,0.069,33.406,5.000,99.0,47.0,8.051281929016113,-2.923076868057251
9.108,12:17:04.049,525.316,0.685,360.096,0.000,0.000,0.000,8.100,4.922,6.786,1.000,1.000,1.000,3.500,3.500,0.073,33.520,5.000,99.0,47.0,8.051281929016113,-2.923076868057251
9.220,12:17:04.161,525.316,0.685,360.096,0.000,0.000,0.000,8.100,4.922,6.786,1.000,1.000,1.000,3.500,3.500,0.073,33.520,5.000,99.0,47.0,8.051281929016113,-2.923076868057251
9.332,12:17:04.273,525.316,0.685,360.096,0.000,0.000,0.000,8.100,4.922,6.786,1.000,1.000,1.000,3.500,3.500,0.073,33.520,5.000,99.0,47.0,8.051281929016113,-2.923076868057251
9.444,12:17:04.384,525.316,0.685,360.096,0.000,0.000,0.000,8.100,4.922,6.786,1.000,1.000,1.000,3.500,3.500,0.073,33.520,5.000,99.0,47.0,8.051281929016113,-2.923076868057251
9.556,12:17:04.688,525.222,0.756,396.854,0.000,0.000,0.000,7.218,5.798,9.422,1.000,1.000,0.000,3.700,3.700,0.077,33.614,5.000,99.0,47.0,1.5897436141967773,-10.410256385803223
9.859,12:17:04.799,525.222,0.756,396.854,0.000,0.000,0.000,7.218,5.798,9.422,1.000,1.000,0.000,3.700,3.700,0.077,33.614,5.000,99.0,47.0,1.5897436141967773,-10.410256385803223
9.971,12:17:04.912,525.117,0.822,431.838,0.000,0.000,0.000,8.123,6.833,9.725,1.000,1.000,1.000,3.900,3.900,0.082,33.706,5.000,99.0,47.0,1.5897436141967773,-10.410256385803223
10.083,12:17:05.023,525.117,0.822,431.838,0.000,0.000,0.000,8.123,6.833,9.725,1.000,1.000,1.000,3.900,3.900,0.082,33.706,5.000,99.0,47.0,1.5897436141967773,-10.410256385803223
10.195,12:17:05.135,525.117,0.822,431.838,0.000,0.000,0.000,8.123,6.833,9.725,1.000,1.000,1.000,3.900,3.900,0.082,33.706,5.000,99.0,47.0,1.5897436141967773,-10.410256385803223
10.307,12:17:05.247,525.117,0.822,431.838,0.000,0.000,0.000,8.123,6.833,9.725,1.000,1.000,1.000,3.900,3.900,0.082,33.706,5.000,99.0,47.0,1.5897436141967773,-10.410256385803223
10.419,12:17:05.359,525.099,0.843,442.607,0.000,0.000,0.000,9.204,6.592,9.180,1.000,1.000,1.000,4.100,4.100,0.086,33.847,5.000,99.0,47.0,1.5897436141967773,-10.410256385803223
10.531,12:17:05.472,525.099,0.843,442.607,0.000,0.000,0.000,9.204,6.592,9.180,1.000,1.000,1.000,4.100,4.100,0.086,33.847,5.000,99.0,47.0,1.5897436141967773,-10.410256385803223
10.643,12:17:05.775,525.099,0.843,442.607,0.000,0.000,0.000,9.204,6.592,9.180,1.000,1.000,1.000,4.100,4.100,0.086,33.847,5.000,99.0,47.0,12.0,-6.307692527770996
10.947,12:17:05.888,525.013,0.922,483.809,0.000,0.000,0.000,10.716,9.674,6.904,1.000,1.000,1.000,4.119,4.300,0.086,33.982,5.000,99.0,47.0,12.0,-6.307692527770996
11.058,12:17:05.998,525.013,0.922,483.809,0.000,0.000,0.000,10.716,9.674,6.904,1.000,1.000,1.000,4.119,4.300,0.086,33.982,5.000,99.0,47.0,12.0,-6.307692527770996
11.170,12:17:06.111,524.834,1.008,529.115,0.000,0.000,0.000,7.870,11.232,10.680,1.000,1.000,1.000,4.300,4.300,0.090,34.095,5.000,99.0,47.0,12.0,-6.307692527770996
11.282,12:17:06.223,524.834,1.008,529.115,0.000,0.000,0.000,7.870,11.232,10.680,1.000,1.000,1.000,4.300,4.300,0.090,34.095,5.000,99.0,47.0,12.0,-6.307692527770996
11.394,12:17:06.335,524.834,1.008,529.115,0.000,0.000,0.000,7.870,11.232,10.680,1.000,1.000,1.000,4.300,4.300,0.090,34.095,5.000,99.0,47.0,12.0,-6.307692527770996
11.506,12:17:06.447,524.834,1.008,529.115,0.000,0.000,0.000,7.870,11.232,10.680,1.000,1.000,1.000,4.300,4.300,0.090,34.095,5.000,99.0,47.0,12.0,-6.307692527770996
11.617,12:17:06.558,524.678,1.113,583.714,0.000,0.000,0.000,12.218,10.122,9.834,1.000,1.000,0.000,4.500,4.500,0.094,34.244,5.000,99.0,47.0,12.0,-6.307692527770996
11.731,12:17:06.862,524.678,1.113,583.714,0.000,0.000,0.000,12.218,10.122,9.834,1.000,1.000,0.000,4.500,4.500,0.094,34.244,5.000,99.0,47.0,-7.384615421295166,-8.461538314819336
12.034,12:17:06.975,524.549,1.207,633.132,0.000,0.000,0.000,10.212,11.022,13.488,1.000,1.000,1.000,4.700,4.700,0.099,34.406,5.000,99.0,47.0,-7.384615421295166,-8.461538314819336
12.146,12:17:07.087,524.549,1.207,633.132,0.000,0.000,0.000,10.212,11.022,13.488,1.000,1.000,1.000,4.700,4.700,0.099,34.406,5.000,99.0,47.0,-7.384615421295166,-8.461538314819336
12.258,12:17:07.198,524.549,1.207,633.132,0.000,0.000,0.000,10.212,11.022,13.488,1.000,1.000,1.000,4.700,4.700,0.099,34.406,5.000,99.0,47.0,-7.384615421295166,-8.461538314819336
12.370,12:17:07.310,524.550,1.229,644.464,0.000,0.000,0.000,10.261,13.458,11.498,1.000,1.000,1.000,4.900,4.900,0.103,34.548,5.000,99.0,47.0,-7.384615421295166,-8.461538314819336
12.481,12:17:07.422,524.550,1.229,644.464,0.000,0.000,0.000,10.261,13.458,11.498,1.000,1.000,1.000,4.900,4.900,0.103,34.548,5.000,99.0,47.0,-7.384615421295166,-8.461538314819336
12.593,12:17:07.534,524.550,1.229,644.464,0.000,0.000,0.000,10.261,13.458,11.498,1.000,1.000,1.000,4.900,4.900,0.103,34.548,5.000,99.0,47.0,-7.384615421295166,-8.461538314819336
12.705,12:17:07.645,524.550,1.229,644.464,0.000,0.000,0.000,10.261,13.458,11.498,1.000,1.000,1.000,4.900,4.900,0.103,34.548,5.000,99.0,47.0,-7.384615421295166,-8.461538314819336
12.817,12:17:07.950,524.392,1.349,707.269,0.000,0.000,0.000,12.073,14.129,11.462,1.000,1.000,1.000,5.018,5.100,0.105,34.715,5.000,99.0,47.0,2.6666667461395264,-16.923076629638672
13.122,12:17:08.062,524.392,1.349,707.269,0.000,0.000,0.000,12.073,14.129,11.462,1.000,1.000,1.000,5.018,5.100,0.105,34.715,5.000,99.0,47.0,2.6666667461395264,-16.923076629638672
13.233,12:17:08.173,524.149,1.468,769.623,0.000,0.000,0.000,14.071,13.895,12.114,1.000,1.000,0.000,5.100,5.100,0.107,34.876,5.000,99.0,47.0,2.6666667461395264,-16.923076629638672
13.345,12:17:08.286,524.149,1.468,769.623,0.000,0.000,0.000,14.071,13.895,12.114,1.000,1.000,0.000,5.100,5.100,0.107,34.876,5.000,99.0,47.0,2.6666667461395264,-16.923076629638672
13.456,12:17:08.397,524.149,1.468,769.623,0.000,0.000,0.000,14.071,13.895,12.114,1.000,1.000,0.000,5.100,5.100,0.107,34.876,5.000,99.0,47.0,2.6666667461395264,-16.923076629638672
13.569,12:17:08.510,523.957,1.593,834.685,0.000,0.000,0.000,13.323,15.674,13.415,1.000,1.000,1.000,5.300,5.300,0.111,35.057,5.000,99.0,47.0,2.6666667461395264,-16.923076629638672
13.680,12:17:08.621,523.957,1.593,834.685,0.000,0.000,0.000,13.323,15.674,13.415,1.000,1.000,1.000,5.300,5.300,0.111,35.057,5.000,99.0,47.0,2.6666667461395264,-16.923076629638672
13.792,12:17:08.733,523.957,1.593,834.685,0.000,0.000,0.000,13.323,15.674,13.415,1.000,1.000,1.000,5.300,5.300,0.111,35.057,5.000,99.0,47.0,2.6666667461395264,-16.923076629638672
13.904,12:17:09.036,523.957,1.593,834.685,0.000,0.000,0.000,13.323,15.674,13.415,1.000,1.000,1.000,5.300,5.300,0.111,35.057,5.000,99.0,47.0,-18.41025733947754,16.461538314819336
14.209,12:17:09.150,523.745,1.744,913.562,0.000,0.000,0.000,14.211,15.277,15.777,1.000,1.000,0.000,5.500,5.500,0.116,35.230,5.000,99.0,47.0,-18.41025733947754,16.461538314819336
14.320,12:17:09.260,523.745,1.744,913.562,0.000,0.000,0.000,14.211,15.277,15.777,1.000,1.000,0.000,5.500,5.500,0.116,35.230,5.000,99.0,47.0,-18.41025733947754,16.461538314819336
14.431,12:17:09.372,523.665,1.826,956.421,0.000,0.000,0.000,16.424,15.424,14.767,1.000,1.000,1.000,5.700,5.700,0.120,35.410,5.000,99.0,47.0,-18.41025733947754,16.461538314819336
14.544,12:17:09.485,523.665,1.826,956.421,0.000,0.000,0.000,16.424,15.424,14.767,1.000,1.000,1.000,5.700,5.700,0.120,35.410,5.000,99.0,47.0,-18.41025733947754,16.461538314819336
14.656,12:17:09.596,523.665,1.826,956.421,0.000,0.000,0.000,16.424,15.424,14.767,1.000,1.000,1.000,5.700,5.700,0.120,35.410,5.000,99.0,47.0,-18.41025733947754,16.461538314819336
14.768,12:17:09.709,523.665,1.826,956.421,0.000,0.000,0.000,16.424,15.424,14.767,1.000,1.000,1.000,5.700,5.700,0.120,35.410,5.000,99.0,47.0,-18.41025733947754,16.461538314819336
14.880,12:17:09.821,523.658,1.838,962.461,0.000,0.000,0.000,14.334,15.664,15.820,1.000,1.000,1.000,5.719,5.900,0.120,35.609,5.000,99.0,47.0,-18.41025733947754,16.461538314819336
14.992,12:17:10.125,523.658,1.838,962.461,0.000,0.000,0.000,14.334,15.664,15.820,1.000,1.000,1.000,5.719,5.900,0.120,35.609,5.000,99.0,47.0,-7.333333492279053,-0.9230769276618958
15.295,12:17:10.236,524.794,1.073,562.914,0.000,0.000,0.000,7.870,8.055,7.887,1.000,1.000,1.000,5.900,5.900,0.124,35.815,5.000,99.0,47.0,-7.333333492279053,-0.9230769276618958
15.408,12:17:10.349,524.794,1.073,562.914,0.000,0.000,0.000,7.870,8.055,7.887,1.000,1.000,1.000,5.900,5.900,0.124,35.815,5.000,99.0,47.0,-7.333333492279053,-0.9230769276618958
15.520,12:17:10.460,524.794,1.073,562.914,0.000,0.000,0.000,7.870,8.055,7.887,1.000,1.000,1.000,5.900,5.900,0.124,35.815,5.000,99.0,47.0,-7.333333492279053,-0.9230769276618958
15.631,12:17:10.571,524.887,1.036,543.930,0.000,0.000,0.000,7.541,7.636,7.312,1.000,1.000,0.000,6.100,6.100,0.128,35.916,5.000,99.0,47.0,-7.333333492279053,-0.9230769276618958
15.744,12:17:10.684,524.887,1.036,543.930,0.000,0.000,0.000,7.541,7.636,7.312,1.000,1.000,0.000,6.100,6.100,0.128,35.916,5.000,99.0,47.0,-7.333333492279053,-0.9230769276618958
15.856,12:17:10.796,524.887,1.036,543.930,0.000,0.000,0.000,7.541,7.636,7.312,1.000,1.000,0.000,6.100,6.100,0.128,35.916,5.000,99.0,47.0,-7.333333492279053,-0.9230769276618958
15.968,12:17:10.908,524.887,1.036,543.930,0.000,0.000,0.000,7.541,7.636,7.312,1.000,1.000,0.000,6.100,6.100,0.128,35.916,5.000,99.0,47.0,-7.333333492279053,-0.9230769276618958
16.079,12:17:11.212,524.816,1.055,553.596,0.000,0.000,0.000,7.382,7.893,7.905,1.000,1.000,1.000,6.300,6.300,0.132,35.891,5.000,99.0,47.0,-1.0256410837173462,-9.48717975616455
16.383,12:17:11.323,524.816,1.055,553.596,0.000,0.000,0.000,7.382,7.893,7.905,1.000,1.000,1.000,6.300,6.300,0.132,35.891,5.000,99.0,47.0,-1.0256410837173462,-9.48717975616455
16.495,12:17:11.436,524.845,1.063,558.026,0.000,0.000,0.000,7.789,8.148,7.527,1.000,1.000,1.000,6.500,6.500,0.136,35.832,5.000,99.0,47.0,-1.0256410837173462,-9.48717975616455
16.606,12:17:11.547,524.845,1.063,558.026,0.000,0.000,0.000,7.789,8.148,7.527,1.000,1.000,1.000,6.500,6.500,0.136,35.832,5.000,99.0,47.0,-1.0256410837173462,-9.48717975616455
16.719,12:17:11.660,524.845,1.063,558.026,0.000,0.000,0.000,7.789,8.148,7.527,1.000,1.000,1.000,6.500,6.500,0.136,35.832,5.000,99.0,47.0,-1.0256410837173462,-9.48717975616455
16.830,12:17:11.771,524.845,1.067,560.093,0.000,0.000,0.000,7.257,8.026,8.005,1.000,1.000,1.000,6.519,6.700,0.137,35.782,5.000,99.0,47.0,-1.0256410837173462,-9.48717975616455
16.943,12:17:11.883,524.845,1.067,560.093,0.000,0.000,0.000,7.257,8.026,8.005,1.000,1.000,1.000,6.519,6.700,0.137,35.782,5.000,99.0,47.0,-1.0256410837173462,-9.48717975616455
17.055,12:17:11.996,524.845,1.067,560.093,0.000,0.000,0.000,7.257,8.026,8.005,1.000,1.000,1.000,6.519,6.700,0.137,35.782,5.000,99.0,47.0,-1.0256410837173462,-9.48717975616455
17.166,12:17:12.298,524.845,1.067,560.093,0.000,0.000,0.000,7.257,8.026,8.005,1.000,1.000,1.000,6.519,6.700,0.137,35.782,5.000,99.0,47.0,7.589743614196777,-11.230769157409668
17.470,12:17:12.411,524.796,1.101,577.555,0.000,0.000,0.000,8.071,7.845,8.065,1.000,1.000,1.000,6.700,6.700,0.140,35.702,5.000,99.0,47.0,7.589743614196777,-11.230769157409668
17.582,12:17:12.523,524.796,1.101,577.555,0.000,0.000,0.000,8.071,7.845,8.065,1.000,1.000,1.000,6.700,6.700,0.140,35.702,5.000,99.0,47.0,7.589743614196777,-11.230769157409668
17.693,12:17:12.634,524.799,1.108,581.364,0.000,0.000,0.000,7.908,8.616,7.543,1.000,1.000,0.000,6.900,6.900,0.145,35.656,5.000,99.0,47.0,7.589743614196777,-11.230769157409668
17.806,12:17:12.747,524.799,1.108,581.364,0.000,0.000,0.000,7.908,8.616,7.543,1.000,1.000,0.000,6.900,6.900,0.145,35.656,5.000,99.0,47.0,7.589743614196777,-11.230769157409668
17.918,12:17:12.859,524.799,1.108,581.364,0.000,0.000,0.000,7.908,8.616,7.543,1.000,1.000,0.000,6.900,6.900,0.145,35.656,5.000,99.0,47.0,7.589743614196777,-11.230769157409668
18.029,12:17:12.970,524.700,1.153,604.897,0.000,0.000,0.000,8.223,7.955,8.252,1.000,1.000,1.000,7.100,7.100,0.149,35.634,5.000,99.0,47.0,7.589743614196777,-11.230769157409668
18.141,12:17:13.082,524.700,1.153,604.897,0.000,0.000,0.000,8.223,7.955,8.252,1.000,1.000,1.000,7.100,7.100,0.149,35.634,5.000,99.0,47.0,7.589743614196777,-11.230769157409668
18.253,12:17:13.386,524.700,1.153,604.897,0.000,0.000,0.000,8.223,7.955,8.252,1.000,1.000,1.000,7.100,7.100,0.149,35.634,5.000,99.0,47.0,-10.871794700622559,10.35897445678711
18.557,12:17:13.497,524.681,1.168,612.605,0.000,0.000,0.000,7.447,8.731,8.830,1.000,1.000,1.000,7.300,7.300,0.153,35.608,5.000,99.0,47.0,-10.871794700622559,10.35897445678711
18.669,12:17:13.610,524.681,1.168,612.605,0.000,0.000,0.000,7.447,8.731,8.830,1.000,1.000,1.000,7.300,7.300,0.153,35.608,5.000,99.0,47.0,-10.871794700622559,10.35897445678711
18.782,12:17:13.722,524.681,1.168,612.605,0.000,0.000,0.000,7.447,8.731,8.830,1.000,1.000,1.000,7.300,7.300,0.153,35.608,5.000,99.0,47.0,-10.871794700622559,10.35897445678711
18.893,12:17:13.834,524.679,1.171,614.430,0.000,0.000,0.000,7.598,8.922,8.288,1.000,1.000,1.000,7.319,7.500,0.153,35.581,5.000,99.0,47.0,-10.871794700622559,10.35897445678711
19.005,12:17:13.946,524.679,1.171,614.430,0.000,0.000,0.000,7.598,8.922,8.288,1.000,1.000,1.000,7.319,7.500,0.153,35.581,5.000,99.0,47.0,-10.871794700622559,10.35897445678711
19.118,12:17:14.058,524.679,1.171,614.430,0.000,0.000,0.000,7.598,8.922,8.288,1.000,1.000,1.000,7.319,7.500,0.153,35.581,5.000,99.0,47.0,-10.871794700622559,10.35897445678711
19.229,12:17:14.169,524.679,1.171,614.430,0.000,0.000,0.000,7.598,8.922,8.288,1.000,1.000,1.000,7.319,7.500,0.153,35.581,5.000,99.0,47.0,-10.871794700622559,10.35897445678711
19.341,12:17:14.473,524.674,1.204,631.634,0.000,0.000,0.000,7.756,9.004,8.063,1.000,1.000,1.000,7.500,7.500,0.157,35.581,5.000,99.0,47.0,-11.48717975616455,7.692307472229004
19.644,12:17:14.585,524.593,1.231,645.870,0.000,0.000,0.000,7.667,9.321,8.628,1.000,1.000,0.000,7.700,7.700,0.161,35.569,5.000,99.0,47.0,-11.48717975616455,7.692307472229004
19.757,12:17:14.698,524.593,1.231,645.870,0.000,0.000,0.000,7.667,9.321,8.628,1.000,1.000,0.000,7.700,7.700,0.161,35.569,5.000,99.0,47.0,-11.48717975616455,7.692307472229004
19.869,12:17:14.810,524.593,1.231,645.870,0.000,0.000,0.000,7.667,9.321,8.628,1.000,1.000,0.000,7.700,7.700,0.161,35.569,5.000,99.0,47.0,-11.48717975616455,7.692307472229004
19.981,12:17:14.921,524.593,1.231,645.870,0.000,0.000,0.000,7.667,9.321,8.628,1.000,1.000,0.000,7.700,7.700,0.161,35.569,5.000,99.0,47.0,-11.48717975616455,7.692307472229004
20.093,12:17:15.033,524.527,1.293,678.389,0.000,0.000,0.000,7.418,9.266,9.607,1.000,1.000,1.000,7.900,7.900,0.166,35.584,5.000,99.0,47.0,-11.48717975616455,7.692307472229004
20.204,12:17:15.145,524.527,1.293,678.389,0.000,0.000,0.000,7.418,9.266,9.607,1.000,1.000,1.000,7.900,7.900,0.166,35.584,5.000,99.0,47.0,-11.48717975616455,7.692307472229004
20.317,12:17:15.257,524.527,1.293,678.389,0.000,0.000,0.000,7.418,9.266,9.607,1.000,1.000,1.000,7.900,7.900,0.166,35.584,5.000,99.0,47.0,-11.48717975616455,7.692307472229004
20.428,12:17:15.560,524.527,1.293,678.389,0.000,0.000,0.000,7.418,9.266,9.607,1.000,1.000,1.000,7.900,7.900,0.166,35.584,5.000,99.0,47.0,11.384614944458008,-0.20512820780277252
20.733,12:17:15.673,524.518,1.290,676.371,0.000,0.000,0.000,8.972,8.051,8.567,1.000,1.000,1.000,8.100,8.100,0.170,35.600,5.000,99.0,47.0,11.384614944458008,-0.20512820780277252
20.844,12:17:15.784,524.518,1.290,676.371,0.000,0.000,0.000,8.972,8.051,8.567,1.000,1.000,1.000,8.100,8.100,0.170,35.600,5.000,99.0,47.0,11.384614944458008,-0.20512820780277252
20.957,12:17:15.897,524.524,1.306,684.887,0.000,0.000,0.000,8.036,9.667,8.273,1.000,1.000,1.000,8.119,8.300,0.170,35.594,5.000,99.0,47.0,11.384614944458008,-0.20512820780277252
21.068,12:17:16.009,524.524,1.306,684.887,0.000,0.000,0.000,8.036,9.667,8.273,1.000,1.000,1.000,8.119,8.300,0.170,35.594,5.000,99.0,47.0,11.384614944458008,-0.20512820780277252
21.179,12:17:16.120,524.524,1.306,684.887,0.000,0.000,0.000,8.036,9.667,8.273,1.000,1.000,1.000,8.119,8.300,0.170,35.594,5.000,99.0,47.0,11.384614944458008,-0.20512820780277252
21.293,12:17:16.233,524.484,1.338,701.575,0.000,0.000,0.000,9.363,8.165,8.521,1.000,1.000,1.000,8.300,8.300,0.174,35.617,5.000,99.0,47.0,11.384614944458008,-0.20512820780277252
21.404,12:17:16.345,524.484,1.338,701.575,0.000,0.000,0.000,9.363,8.165,8.521,1.000,1.000,1.000,8.300,8.300,0.174,35.617,5.000,99.0,47.0,11.384614944458008,-0.20512820780277252
21.515,12:17:16.648,524.484,1.338,701.575,0.000,0.000,0.000,9.363,8.165,8.521,1.000,1.000,1.000,8.300,8.300,0.174,35.617,5.000,99.0,47.0,11.743589401245117,-0.1538461595773697
21.819,12:17:16.760,524.405,1.371,719.048,0.000,0.000,0.000,8.194,8.837,9.897,1.000,1.000,0.000,8.500,8.500,0.178,35.650,5.000,99.0,47.0,11.743589401245117,-0.1538461595773697
21.931,12:17:16.872,524.405,1.371,719.048,0.000,0.000,0.000,8.194,8.837,9.897,1.000,1.000,0.000,8.500,8.500,0.178,35.650,5.000,99.0,47.0,11.743589401245117,-0.1538461595773697
22.043,12:17:16.984,524.405,1.371,719.048,0.000,0.000,0.000,8.194,8.837,9.897,1.000,1.000,0.000,8.500,8.500,0.178,35.650,5.000,99.0,47.0,11.743589401245117,-0.1538461595773697
22.155,12:17:17.096,524.357,1.425,747.098,0.000,0.000,0.000,7.823,9.737,9.332,1.000,1.000,1.000,8.699,8.700,0.182,35.660,5.000,99.0,47.0,11.743589401245117,-0.1538461595773697
22.267,12:17:17.208,524.357,1.425,747.098,0.000,0.000,0.000,7.823,9.737,9.332,1.000,1.000,1.000,8.699,8.700,0.182,35.660,5.000,99.0,47.0,11.743589401245117,-0.1538461595773697
22.379,12:17:17.320,524.357,1.425,747.098,0.000,0.000,0.000,7.823,9.737,9.332,1.000,1.000,1.000,8.699,8.700,0.182,35.660,5.000,99.0,47.0,11.743589401245117,-0.1538461595773697
22.491,12:17:17.432,524.345,1.411,740.093,0.000,0.000,0.000,7.710,9.913,9.354,1.000,1.000,1.000,8.899,8.900,0.187,35.687,5.000,99.0,47.0,11.743589401245117,-0.1538461595773697
22.602,12:17:17.736,524.345,1.411,740.093,0.000,0.000,0.000,7.710,9.913,9.354,1.000,1.000,1.000,8.899,8.900,0.187,35.687,5.000,99.0,47.0,9.179487228393555,1.384615421295166
22.907,12:17:17.847,524.368,1.432,750.705,0.000,0.000,0.000,7.759,9.338,9.490,1.000,1.000,0.000,8.918,9.100,0.187,35.712,5.000,99.0,47.0,9.179487228393555,1.384615421295166
23.019,12:17:17.960,524.368,1.432,750.705,0.000,0.000,0.000,7.759,9.338,9.490,1.000,1.000,0.000,8.918,9.100,0.187,35.712,5.000,99.0,47.0,9.179487228393555,1.384615421295166
23.131,12:17:18.071,524.368,1.432,750.705,0.000,0.000,0.000,7.759,9.338,9.490,1.000,1.000,0.000,8.918,9.100,0.187,35.712,5.000,99.0,47.0,9.179487228393555,1.384615421295166
23.242,12:17:18.183,524.368,1.432,750.705,0.000,0.000,0.000,7.759,9.338,9.490,1.000,1.000,0.000,8.918,9.100,0.187,35.712,5.000,99.0,47.0,9.179487228393555,1.384615421295166
23.355,12:17:18.296,524.293,1.464,767.454,0.000,0.000,0.000,8.906,8.409,9.763,1.000,1.000,0.000,9.099,9.100,0.191,35.739,5.000,99.0,47.0,9.179487228393555,1.384615421295166
23.467,12:17:18.407,524.293,1.464,767.454,0.000,0.000,0.000,8.906,8.409,9.763,1.000,1.000,0.000,9.099,9.100,0.191,35.739,5.000,99.0,47.0,9.179487228393555,1.384615421295166
23.578,12:17:18.519,524.293,1.464,767.454,0.000,0.000,0.000,8.906,8.409,9.763,1.000,1.000,0.000,9.099,9.100,0.191,35.739,5.000,99.0,47.0,9.179487228393555,1.384615421295166
23.690,12:17:18.823,524.293,1.464,767.454,0.000,0.000,0.000,8.906,8.409,9.763,1.000,1.000,0.000,9.099,9.100,0.191,35.739,5.000,99.0,47.0,5.743589878082275,5.435897350311279
23.994,12:17:18.935,524.237,1.505,789.146,0.000,0.000,0.000,9.820,9.610,8.367,1.000,1.000,0.000,9.299,9.300,0.195,35.756,5.000,99.0,47.0,5.743589878082275,5.435897350311279
24.106,12:17:19.046,524.186,1.534,803.899,0.000,0.000,0.000,8.223,9.616,9.982,1.000,1.000,1.000,9.499,9.500,0.199,35.793,5.000,99.0,47.0,5.743589878082275,5.435897350311279
24.217,12:17:19.158,524.186,1.534,803.899,0.000,0.000,0.000,8.223,9.616,9.982,1.000,1.000,1.000,9.499,9.500,0.199,35.793,5.000,99.0,47.0,5.743589878082275,5.435897350311279
24.330,12:17:19.271,524.186,1.534,803.899,0.000,0.000,0.000,8.223,9.616,9.982,1.000,1.000,1.000,9.499,9.500,0.199,35.793,5.000,99.0,47.0,5.743589878082275,5.435897350311279
24.441,12:17:19.382,524.186,1.534,803.899,0.000,0.000,0.000,8.223,9.616,9.982,1.000,1.000,1.000,9.499,9.500,0.199,35.793,5.000,99.0,47.0,5.743589878082275,5.435897350311279
24.554,12:17:19.495,524.193,1.520,796.848,0.000,0.000,0.000,9.499,9.928,8.004,1.000,1.000,0.000,9.699,9.700,0.204,35.822,5.000,99.0,47.0,5.743589878082275,5.435897350311279
24.665,12:17:19.606,524.193,1.520,796.848,0.000,0.000,0.000,9.499,9.928,8.004,1.000,1.000,0.000,9.699,9.700,0.204,35.822,5.000,99.0,47.0,5.743589878082275,5.435897350311279
24.777,12:17:19.910,524.193,1.520,796.848,0.000,0.000,0.000,9.499,9.928,8.004,1.000,1.000,0.000,9.699,9.700,0.204,35.822,5.000,99.0,47.0,-8.256410598754883,-2.5128204822540283
25.081,12:17:20.021,524.182,1.540,807.145,0.000,0.000,0.000,8.141,10.240,9.596,1.000,1.000,1.000,9.718,9.900,0.204,35.857,5.000,99.0,47.0,-8.256410598754883,-2.5128204822540283
25.193,12:17:20.134,524.182,1.540,807.145,0.000,0.000,0.000,8.141,10.240,9.596,1.000,1.000,1.000,9.718,9.900,0.204,35.857,5.000,99.0,47.0,-8.256410598754883,-2.5128204822540283
25.305,12:17:20.246,524.182,1.540,807.145,0.000,0.000,0.000,8.141,10.240,9.596,1.000,1.000,1.000,9.718,9.900,0.204,35.857,5.000,99.0,47.0,-8.256410598754883,-2.5128204822540283
25.418,12:17:20.358,524.136,1.585,830.991,0.000,0.000,0.000,8.773,10.632,9.179,1.000,1.000,0.000,9.900,9.900,0.208,35.877,5.000,99.0,47.0,-8.256410598754883,-2.5128204822540283
25.529,12:17:20.470,524.136,1.585,830.991,0.000,0.000,0.000,8.773,10.632,9.179,1.000,1.000,0.000,9.900,9.900,0.208,35.877,5.000,99.0,47.0,-8.256410598754883,-2.5128204822540283
25.640,12:17:20.581,524.136,1.585,830.991,0.000,0.000,0.000,8.773,10.632,9.179,1.000,1.000,0.000,9.900,9.900,0.208,35.877,5.000,99.0,47.0,-8.256410598754883,-2.5128204822540283
25.752,12:17:20.693,523.973,1.673,876.397,0.000,0.000,0.000,8.812,10.713,9.708,1.000,1.000,0.000,10.519,10.700,0.221,35.814,5.000,99.0,47.0,-8.256410598754883,-2.5128204822540283
25.865,12:17:20.998,523.973,1.673,876.397,0.000,0.000,0.000,8.812,10.713,9.708,1.000,1.000,0.000,10.519,10.700,0.221,35.814,5.000,99.0,47.0,-13.897436141967773,1.7435897588729858
26.169,12:17:21.110,523.774,1.777,930.609,0.000,0.000,0.000,10.297,10.179,9.471,1.000,1.000,1.000,11.318,11.500,0.238,35.690,5.000,99.0,47.0,-13.897436141967773,1.7435897588729858
26.281,12:17:21.222,523.774,1.777,930.609,0.000,0.000,0.000,10.297,10.179,9.471,1.000,1.000,1.000,11.318,11.500,0.238,35.690,5.000,99.0,47.0,-13.897436141967773,1.7435897588729858
26.392,12:17:21.333,523.774,1.777,930.609,0.000,0.000,0.000,10.297,10.179,9.471,1.000,1.000,1.000,11.318,11.500,0.238,35.690,5.000,99.0,47.0,-13.897436141967773,1.7435897588729858
26.505,12:17:21.445,523.774,1.777,930.609,0.000,0.000,0.000,10.297,10.179,9.471,1.000,1.000,1.000,11.318,11.500,0.238,35.690,5.000,99.0,47.0,-13.897436141967773,1.7435897588729858
26.616,12:17:21.557,523.525,1.909,999.444,0.000,0.000,0.000,9.925,10.795,10.142,1.000,1.000,1.000,12.118,12.300,0.255,35.681,5.000,99.0,47.0,-13.897436141967773,1.7435897588729858
26.728,12:17:21.669,523.525,1.909,999.444,0.000,0.000,0.000,9.925,10.795,10.142,1.000,1.000,1.000,12.118,12.300,0.255,35.681,5.000,99.0,47.0,-13.897436141967773,1.7435897588729858
26.840,12:17:21.781,523.525,1.909,999.444,0.000,0.000,0.000,9.925,10.795,10.142,1.000,1.000,1.000,12.118,12.300,0.255,35.681,5.000,99.0,47.0,-13.897436141967773,1.7435897588729858
26.953,12:17:22.084,523.255,2.047,1070.916,0.000,0.000,0.000,10.403,10.697,10.520,1.000,1.000,0.000,12.919,13.100,0.272,35.659,5.000,99.0,47.0,-6.512820720672607,15.128205299377441
27.256,12:17:22.196,523.255,2.047,1070.916,0.000,0.000,0.000,10.403,10.697,10.520,1.000,1.000,0.000,12.919,13.100,0.272,35.659,5.000,99.0,47.0,-6.512820720672607,15.128205299377441
27.369,12:17:22.309,523.043,2.165,1132.404,0.000,0.000,0.000,10.133,11.371,10.656,1.000,1.000,1.000,13.718,13.900,0.288,35.630,5.000,99.0,47.0,-6.512820720672607,15.128205299377441
27.480,12:17:22.421,523.043,2.165,1132.404,0.000,0.000,0.000,10.133,11.371,10.656,1.000,1.000,1.000,13.718,13.900,0.288,35.630,5.000,99.0,47.0,-6.512820720672607,15.128205299377441
27.592,12:17:22.533,523.043,2.165,1132.404,0.000,0.000,0.000,10.133,11.371,10.656,1.000,1.000,1.000,13.718,13.900,0.288,35.630,5.000,99.0,47.0,-6.512820720672607,15.128205299377441
27.703,12:17:22.644,523.043,2.165,1132.404,0.000,0.000,0.000,10.133,11.371,10.656,1.000,1.000,1.000,13.718,13.900,0.288,35.630,5.000,99.0,47.0,-6.512820720672607,15.128205299377441
27.816,12:17:22.756,522.766,2.314,1209.493,0.000,0.000,0.000,10.102,11.193,11.414,1.000,1.000,0.000,14.518,14.700,0.305,35.645,5.000,99.0,47.0,-6.512820720672607,15.128205299377441
27.927,12:17:22.868,522.766,2.314,1209.493,0.000,0.000,0.000,10.102,11.193,11.414,1.000,1.000,0.000,14.518,14.700,0.305,35.645,5.000,99.0,47.0,-6.512820720672607,15.128205299377441
28.039,12:17:23.172,522.766,2.314,1209.493,0.000,0.000,0.000,10.102,11.193,11.414,1.000,1.000,0.000,14.518,14.700,0.305,35.645,5.000,99.0,47.0,-8.820512771606445,16.35897445678711
28.343,12:17:23.284,522.475,2.470,1290.480,0.000,0.000,0.000,10.129,11.994,11.252,1.000,1.000,0.000,15.319,15.500,0.322,35.666,5.000,99.0,47.0,-8.820512771606445,16.35897445678711
28.455,12:17:23.395,522.475,2.470,1290.480,0.000,0.000,0.000,10.129,11.994,11.252,1.000,1.000,0.000,15.319,15.500,0.322,35.666,5.000,99.0,47.0,-8.820512771606445,16.35897445678711
28.583,12:17:23.523,522.198,2.625,1370.639,0.000,0.000,0.000,11.628,11.057,11.118,1.000,1.000,1.000,16.119,16.300,0.340,35.670,5.000,99.0,47.0,-8.820512771606445,16.35897445678711
28.694,12:17:23.635,522.198,2.625,1370.639,0.000,0.000,0.000,11.628,11.057,11.118,1.000,1.000,1.000,16.119,16.300,0.340,35.670,5.000,99.0,47.0,-8.820512771606445,16.35897445678711
28.807,12:17:23.747,522.198,2.625,1370.639,0.000,0.000,0.000,11.628,11.057,11.118,1.000,1.000,1.000,16.119,16.300,0.340,35.670,5.000,99.0,47.0,-8.820512771606445,16.35897445678711
28.919,12:17:23.860,522.198,2.625,1370.639,0.000,0.000,0.000,11.628,11.057,11.118,1.000,1.000,1.000,16.119,16.300,0.340,35.670,5.000,99.0,47.0,-8.820512771606445,16.35897445678711
29.031,12:17:23.972,521.883,2.783,1452.496,0.000,0.000,0.000,11.694,11.674,10.971,1.000,1.000,0.000,16.919,17.100,0.357,35.576,5.000,99.0,47.0,-8.820512771606445,16.35897445678711
29.143,12:17:24.275,521.883,2.783,1452.496,0.000,0.000,0.000,11.694,11.674,10.971,1.000,1.000,0.000,16.919,17.100,0.357,35.576,5.000,99.0,47.0,-9.384614944458008,17.64102554321289
29.447,12:17:24.388,521.592,2.965,1546.507,0.000,0.000,0.000,11.429,11.702,11.985,1.000,1.000,0.000,17.718,17.900,0.374,35.317,5.000,99.0,47.0,-9.384614944458008,17.64102554321289
29.559,12:17:24.499,521.592,2.965,1546.507,0.000,0.000,0.000,11.429,11.702,11.985,1.000,1.000,0.000,17.718,17.900,0.374,35.317,5.000,99.0,47.0,-9.384614944458008,17.64102554321289
29.670,12:17:24.611,521.592,2.965,1546.507,0.000,0.000,0.000,11.429,11.702,11.985,1.000,1.000,0.000,17.718,17.900,0.374,35.317,5.000,99.0,47.0,-9.384614944458008,17.64102554321289
29.798,12:17:24.738,521.246,3.148,1640.822,0.000,0.000,0.000,11.714,12.339,11.818,1.000,1.000,0.000,18.519,18.700,0.391,35.344,5.000,99.0,47.0,-9.384614944458008,17.64102554321289
29.911,12:17:24.851,521.246,3.148,1640.822,0.000,0.000,0.000,11.714,12.339,11.818,1.000,1.000,0.000,18.519,18.700,0.391,35.344,5.000,99.0,47.0,-9.384614944458008,17.64102554321289
30.022,12:17:24.963,521.246,3.148,1640.822,0.000,0.000,0.000,11.714,12.339,11.818,1.000,1.000,0.000,18.519,18.700,0.391,35.344,5.000,99.0,47.0,-9.384614944458008,17.64102554321289
30.134,12:17:25.074,521.246,3.148,1640.822,0.000,0.000,0.000,11.714,12.339,11.818,1.000,1.000,0.000,18.519,18.700,0.391,35.344,5.000,99.0,47.0,-9.384614944458008,17.64102554321289
30.247,12:17:25.379,520.833,3.346,1742.619,0.000,0.000,0.000,11.882,12.244,12.124,1.000,1.000,0.000,19.318,19.500,0.408,35.366,5.000,99.0,47.0,-14.974358558654785,15.076923370361328
30.550,12:17:25.491,520.833,3.346,1742.619,0.000,0.000,0.000,11.882,12.244,12.124,1.000,1.000,0.000,19.318,19.500,0.408,35.366,5.000,99.0,47.0,-14.974358558654785,15.076923370361328
30.662,12:17:25.603,520.457,3.553,1848.988,0.000,0.000,0.000,11.665,12.911,12.343,1.000,1.000,0.000,20.119,20.300,0.425,35.391,5.000,99.0,47.0,-14.974358558654785,15.076923370361328
30.774,12:17:25.714,520.457,3.553,1848.988,0.000,0.000,0.000,11.665,12.911,12.343,1.000,1.000,0.000,20.119,20.300,0.425,35.391,5.000,99.0,47.0,-14.974358558654785,15.076923370361328
30.887,12:17:25.827,520.457,3.553,1848.988,0.000,0.000,0.000,11.665,12.911,12.343,1.000,1.000,0.000,20.119,20.300,0.425,35.391,5.000,99.0,47.0,-14.974358558654785,15.076923370361328
31.014,12:17:25.954,520.083,3.789,1970.838,0.000,0.000,0.000,12.017,12.376,12.944,1.000,1.000,0.000,20.918,21.100,0.442,35.439,5.000,99.0,47.0,-14.974358558654785,15.076923370361328
31.125,12:17:26.066,520.083,3.789,1970.838,0.000,0.000,0.000,12.017,12.376,12.944,1.000,1.000,0.000,20.918,21.100,0.442,35.439,5.000,99.0,47.0,-14.974358558654785,15.076923370361328
31.237,12:17:26.178,520.083,3.789,1970.838,0.000,0.000,0.000,12.017,12.376,12.944,1.000,1.000,0.000,20.918,21.100,0.442,35.439,5.000,99.0,47.0,-14.974358558654785,15.076923370361328
31.349,12:17:26.482,520.083,3.789,1970.838,0.000,0.000,0.000,12.017,12.376,12.944,1.000,1.000,0.000,20.918,21.100,0.442,35.439,5.000,99.0,47.0,-16.102563858032227,0.7692307829856873
31.653,12:17:26.594,519.622,4.024,2091.087,0.000,0.000,0.000,11.875,12.812,13.310,1.000,1.000,0.000,21.719,21.900,0.460,35.577,5.000,99.0,47.0,-16.102563858032227,0.7692307829856873
31.766,12:17:26.706,519.622,4.024,2091.087,0.000,0.000,0.000,11.875,12.812,13.310,1.000,1.000,0.000,21.719,21.900,0.460,35.577,5.000,99.0,47.0,-16.102563858032227,0.7692307829856873
31.876,12:17:26.817,519.148,4.278,2221.026,0.000,0.000,0.000,12.741,13.647,12.311,1.000,1.000,0.000,22.518,22.700,0.477,35.777,5.000,99.0,47.0,-16.102563858032227,0.7692307829856873
31.989,12:17:26.929,519.148,4.278,2221.026,0.000,0.000,0.000,12.741,13.647,12.311,1.000,1.000,0.000,22.518,22.700,0.477,35.777,5.000,99.0,47.0,-16.102563858032227,0.7692307829856873
32.101,12:17:27.041,519.148,4.278,2221.026,0.000,0.000,0.000,12.741,13.647,12.311,1.000,1.000,0.000,22.518,22.700,0.477,35.777,5.000,99.0,47.0,-16.102563858032227,0.7692307829856873
32.213,12:17:27.153,519.148,4.278,2221.026,0.000,0.000,0.000,12.741,13.647,12.311,1.000,1.000,0.000,22.518,22.700,0.477,35.777,5.000,99.0,47.0,-16.102563858032227,0.7692307829856873
32.325,12:17:27.266,518.638,4.542,2355.680,0.000,0.000,0.000,12.419,14.028,13.170,1.000,1.000,0.000,23.319,23.500,0.495,35.934,5.000,99.0,47.0,-16.102563858032227,0.7692307829856873
32.437,12:17:27.569,518.638,4.542,2355.680,0.000,0.000,0.000,12.419,14.028,13.170,1.000,1.000,0.000,23.319,23.500,0.495,35.934,5.000,99.0,47.0,10.564102172851562,-17.28205108642578
32.740,12:17:27.681,518.098,4.814,2494.122,0.000,0.000,0.000,13.057,14.027,13.088,1.000,1.000,0.000,24.119,24.300,0.512,36.112,5.000,99.0,47.0,10.564102172851562,-17.28205108642578
32.853,12:17:27.794,518.098,4.814,2494.122,0.000,0.000,0.000,13.057,14.027,13.088,1.000,1.000,0.000,24.119,24.300,0.512,36.112,5.000,99.0,47.0,10.564102172851562,-17.28205108642578
32.965,12:17:27.906,518.098,4.814,2494.122,0.000,0.000,0.000,13.057,14.027,13.088,1.000,1.000,0.000,24.119,24.300,0.512,36.112,5.000,99.0,47.0,10.564102172851562,-17.28205108642578
33.077,12:17:28.017,517.584,5.113,2646.152,0.000,0.000,0.000,13.188,14.021,13.814,1.000,1.000,0.000,24.918,25.100,0.530,36.268,5.000,99.0,47.0,10.564102172851562,-17.28205108642578
33.188,12:17:28.128,517.584,5.113,2646.152,0.000,0.000,0.000,13.188,14.021,13.814,1.000,1.000,0.000,24.918,25.100,0.530,36.268,5.000,99.0,47.0,10.564102172851562,-17.28205108642578
33.300,12:17:28.241,517.584,5.113,2646.152,0.000,0.000,0.000,13.188,14.021,13.814,1.000,1.000,0.000,24.918,25.100,0.530,36.268,5.000,99.0,47.0,10.564102172851562,-17.28205108642578
33.413,12:17:28.353,517.584,5.113,2646.152,0.000,0.000,0.000,13.188,14.021,13.814,1.000,1.000,0.000,24.918,25.100,0.530,36.268,5.000,99.0,47.0,10.564102172851562,-17.28205108642578
33.524,12:17:28.656,517.077,5.430,2807.629,0.000,0.000,0.000,13.351,14.410,13.917,1.000,1.000,0.000,25.719,25.900,0.547,36.423,5.000,99.0,47.0,2.615384578704834,-16.30769157409668
33.828,12:17:28.768,517.077,5.430,2807.629,0.000,0.000,0.000,13.351,14.410,13.917,1.000,1.000,0.000,25.719,25.900,0.547,36.423,5.000,99.0,47.0,2.615384578704834,-16.30769157409668
33.940,12:17:28.880,516.523,5.743,2966.139,0.000,0.000,0.000,14.056,14.570,13.745,1.000,1.000,0.000,26.518,26.700,0.565,36.530,5.000,99.0,47.0,2.615384578704834,-16.30769157409668
34.052,12:17:28.993,516.523,5.743,2966.139,0.000,0.000,0.000,14.056,14.570,13.745,1.000,1.000,0.000,26.518,26.700,0.565,36.530,5.000,99.0,47.0,2.615384578704834,-16.30769157409668
34.164,12:17:29.105,516.523,5.743,2966.139,0.000,0.000,0.000,14.056,14.570,13.745,1.000,1.000,0.000,26.518,26.700,0.565,36.530,5.000,99.0,47.0,2.615384578704834,-16.30769157409668
34.276,12:17:29.216,515.790,6.182,3188.682,0.000,0.000,0.000,13.543,15.337,14.716,1.000,1.000,0.000,27.319,27.500,0.583,36.654,5.000,99.0,47.0,2.615384578704834,-16.30769157409668
34.387,12:17:29.328,515.790,6.182,3188.682,0.000,0.000,0.000,13.543,15.337,14.716,1.000,1.000,0.000,27.319,27.500,0.583,36.654,5.000,99.0,47.0,2.615384578704834,-16.30769157409668
34.500,12:17:29.440,515.790,6.182,3188.682,0.000,0.000,0.000,13.543,15.337,14.716,1.000,1.000,0.000,27.319,27.500,0.583,36.654,5.000,99.0,47.0,2.615384578704834,-16.30769157409668
34.611,12:17:29.744,515.790,6.182,3188.682,0.000,0.000,0.000,13.543,15.337,14.716,1.000,1.000,0.000,27.319,27.500,0.583,36.654,5.000,99.0,47.0,-0.8717948794364929,20.205127716064453
34.916,12:17:29.856,514.633,6.864,3532.354,0.000,0.000,0.000,13.986,16.009,15.303,1.000,1.000,0.000,28.118,28.300,0.601,36.788,5.000,99.0,47.0,-0.8717948794364929,20.205127716064453
35.027,12:17:29.968,514.633,6.864,3532.354,0.000,0.000,0.000,13.986,16.009,15.303,1.000,1.000,0.000,28.118,28.300,0.601,36.788,5.000,99.0,47.0,-0.8717948794364929,20.205127716064453
35.140,12:17:30.080,512.560,8.134,4169.385,0.000,0.000,0.000,16.158,16.500,15.364,1.000,1.000,0.000,28.919,29.100,0.621,36.888,5.000,99.0,47.0,-0.8717948794364929,20.205127716064453
35.251,12:17:30.192,512.560,8.134,4169.385,0.000,0.000,0.000,16.158,16.500,15.364,1.000,1.000,0.000,28.919,29.100,0.621,36.888,5.000,99.0,47.0,-0.8717948794364929,20.205127716064453
35.362,12:17:30.303,512.560,8.134,4169.385,0.000,0.000,0.000,16.158,16.500,15.364,1.000,1.000,0.000,28.919,29.100,0.621,36.888,5.000,99.0,47.0,-0.8717948794364929,20.205127716064453
35.476,12:17:30.417,510.740,9.236,4717.331,0.000,0.000,0.000,16.039,17.894,16.973,1.000,1.000,0.000,29.718,29.900,0.640,37.036,5.000,99.0,47.0,-0.8717948794364929,20.205127716064453
35.587,12:17:30.527,510.740,9.236,4717.331,0.000,0.000,0.000,16.039,17.894,16.973,1.000,1.000,0.000,29.718,29.900,0.640,37.036,5.000,99.0,47.0,-0.8717948794364929,20.205127716064453
35.699,12:17:30.831,510.740,9.236,4717.331,0.000,0.000,0.000,16.039,17.894,16.973,1.000,1.000,0.000,29.718,29.900,0.640,37.036,5.000,99.0,47.0,8.0,-24.871795654296875
36.002,12:17:30.943,509.718,9.859,5025.219,0.000,0.000,0.000,16.742,18.109,17.184,1.000,1.000,0.000,30.518,30.700,0.659,37.199,5.000,99.0,47.0,8.0,-24.871795654296875
36.115,12:17:31.055,509.718,9.859,5025.219,0.000,0.000,0.000,16.742,18.109,17.184,1.000,1.000,0.000,30.518,30.700,0.659,37.199,5.000,99.0,47.0,8.0,-24.871795654296875
36.226,12:17:31.167,509.718,9.859,5025.219,0.000,0.000,0.000,16.742,18.109,17.184,1.000,1.000,0.000,30.518,30.700,0.659,37.199,5.000,99.0,47.0,8.0,-24.871795654296875
36.338,12:17:31.279,508.708,10.463,5322.371,0.000,0.000,0.000,17.211,18.012,17.861,1.000,1.000,0.000,31.319,31.500,0.677,37.382,5.000,99.0,47.0,8.0,-24.871795654296875
36.451,12:17:31.392,508.708,10.463,5322.371,0.000,0.000,0.000,17.211,18.012,17.861,1.000,1.000,0.000,31.319,31.500,0.677,37.382,5.000,99.0,47.0,8.0,-24.871795654296875
36.562,12:17:31.503,508.708,10.463,5322.371,0.000,0.000,0.000,17.211,18.012,17.861,1.000,1.000,0.000,31.319,31.500,0.677,37.382,5.000,99.0,47.0,8.0,-24.871795654296875
36.674,12:17:31.614,508.708,10.463,5322.371,0.000,0.000,0.000,17.211,18.012,17.861,1.000,1.000,0.000,31.319,31.500,0.677,37.382,5.000,99.0,47.0,8.0,-24.871795654296875
36.786,12:17:31.919,507.215,11.380,5771.919,0.000,0.000,0.000,18.368,18.573,18.782,1.000,1.000,1.000,32.119,32.300,0.697,37.548,5.000,99.0,47.0,-27.897436141967773,6.153846263885498
37.089,12:17:32.030,505.993,12.104,6124.481,0.000,0.000,0.000,18.563,18.904,19.558,1.000,1.000,0.000,32.919,33.100,0.716,37.740,5.000,99.0,47.0,-27.897436141967773,6.153846263885498
37.202,12:17:32.142,505.993,12.104,6124.481,0.000,0.000,0.000,18.563,18.904,19.558,1.000,1.000,0.000,32.919,33.100,0.716,37.740,5.000,99.0,47.0,-27.897436141967773,6.153846263885498
37.314,12:17:32.255,505.993,12.104,6124.481,0.000,0.000,0.000,18.563,18.904,19.558,1.000,1.000,0.000,32.919,33.100,0.716,37.740,5.000,99.0,47.0,-27.897436141967773,6.153846263885498
37.426,12:17:32.367,505.993,12.104,6124.481,0.000,0.000,0.000,18.563,18.904,19.558,1.000,1.000,0.000,32.919,33.100,0.716,37.740,5.000,99.0,47.0,-27.897436141967773,6.153846263885498
37.537,12:17:32.478,504.698,12.872,6496.282,0.000,0.000,0.000,18.745,20.568,19.214,1.000,1.000,0.000,33.718,33.900,0.735,37.937,5.000,99.0,47.0,-27.897436141967773,6.153846263885498
37.649,12:17:32.590,504.698,12.872,6496.282,0.000,0.000,0.000,18.745,20.568,19.214,1.000,1.000,0.000,33.718,33.900,0.735,37.937,5.000,99.0,47.0,-27.897436141967773,6.153846263885498
37.762,12:17:32.703,504.698,12.872,6496.282,0.000,0.000,0.000,18.745,20.568,19.214,1.000,1.000,0.000,33.718,33.900,0.735,37.937,5.000,99.0,47.0,-27.897436141967773,6.153846263885498
37.873,12:17:33.005,504.698,12.872,6496.282,0.000,0.000,0.000,18.745,20.568,19.214,1.000,1.000,0.000,33.718,33.900,0.735,37.937,5.000,99.0,47.0,-4.0,25.64102554321289
38.177,12:17:33.118,503.289,13.688,6888.987,0.000,0.000,0.000,18.725,20.661,20.677,1.000,1.000,0.000,34.519,34.700,0.754,38.104,5.000,99.0,47.0,-4.0,25.64102554321289
38.290,12:17:33.230,503.289,13.688,6888.987,0.000,0.000,0.000,18.725,20.661,20.677,1.000,1.000,0.000,34.519,34.700,0.754,38.104,5.000,99.0,47.0,-4.0,25.64102554321289
38.402,12:17:33.343,501.767,14.562,7306.654,0.000,0.000,0.000,19.459,21.666,20.532,1.000,1.000,0.000,35.318,35.500,0.774,38.296,5.000,99.0,47.0,-4.0,25.64102554321289
38.512,12:17:33.453,501.767,14.562,7306.654,0.000,0.000,0.000,19.459,21.666,20.532,1.000,1.000,0.000,35.318,35.500,0.774,38.296,5.000,99.0,47.0,-4.0,25.64102554321289
38.624,12:17:33.565,501.767,14.562,7306.654,0.000,0.000,0.000,19.459,21.666,20.532,1.000,1.000,0.000,35.318,35.500,0.774,38.296,5.000,99.0,47.0,-4.0,25.64102554321289
38.737,12:17:33.677,500.123,15.487,7745.317,0.000,0.000,0.000,20.865,20.919,21.403,1.000,1.000,0.000,36.119,36.300,0.794,38.491,5.000,99.0,47.0,-4.0,25.64102554321289
38.849,12:17:33.790,500.123,15.487,7745.317,0.000,0.000,0.000,20.865,20.919,21.403,1.000,1.000,0.000,36.119,36.300,0.794,38.491,5.000,99.0,47.0,-4.0,25.64102554321289
38.960,12:17:34.093,500.123,15.487,7745.317,0.000,0.000,0.000,20.865,20.919,21.403,1.000,1.000,0.000,36.119,36.300,0.794,38.491,5.000,99.0,47.0,10.35897445678711,-28.871795654296875
39.265,12:17:34.206,498.173,16.517,8228.089,0.000,0.000,0.000,21.444,21.794,21.836,1.000,1.000,0.000,36.918,37.100,0.815,38.669,5.000,99.0,47.0,10.35897445678711,-28.871795654296875
39.377,12:17:34.318,498.173,16.517,8228.089,0.000,0.000,0.000,21.444,21.794,21.836,1.000,1.000,0.000,36.918,37.100,0.815,38.669,5.000,99.0,47.0,10.35897445678711,-28.871795654296875
39.489,12:17:34.430,498.173,16.517,8228.089,0.000,0.000,0.000,21.444,21.794,21.836,1.000,1.000,0.000,36.918,37.100,0.815,38.669,5.000,99.0,47.0,10.35897445678711,-28.871795654296875
39.601,12:17:34.542,495.995,17.642,8750.381,0.000,0.000,0.000,21.499,22.885,22.879,1.000,1.000,0.000,37.718,37.900,0.836,38.675,5.000,99.0,47.0,10.35897445678711,-28.871795654296875
39.712,12:17:34.652,495.995,17.642,8750.381,0.000,0.000,0.000,21.499,22.885,22.879,1.000,1.000,0.000,37.718,37.900,0.836,38.675,5.000,99.0,47.0,10.35897445678711,-28.871795654296875
39.825,12:17:34.766,495.995,17.642,8750.381,0.000,0.000,0.000,21.499,22.885,22.879,1.000,1.000,0.000,37.718,37.900,0.836,38.675,5.000,99.0,47.0,10.35897445678711,-28.871795654296875
39.936,12:17:34.877,493.843,18.743,9255.887,0.000,0.000,0.000,22.695,22.972,23.437,1.000,1.000,0.000,38.519,38.700,0.858,38.770,5.000,99.0,47.0,10.35897445678711,-28.871795654296875
40.049,12:17:35.181,493.843,18.743,9255.887,0.000,0.000,0.000,22.695,22.972,23.437,1.000,1.000,0.000,38.519,38.700,0.858,38.770,5.000,99.0,47.0,-21.179487228393555,-12.102563858032227
40.351,12:17:35.292,491.339,19.976,9815.038,0.000,0.000,0.000,23.482,23.433,24.238,1.000,1.000,0.000,39.318,39.500,0.880,38.897,5.000,99.0,47.0,-21.179487228393555,-12.102563858032227
40.463,12:17:35.404,491.339,19.976,9815.038,0.000,0.000,0.000,23.482,23.433,24.238,1.000,1.000,0.000,39.318,39.500,0.880,38.897,5.000,99.0,47.0,-21.179487228393555,-12.102563858032227
40.576,12:17:35.516,491.339,19.976,9815.038,0.000,0.000,0.000,23.482,23.433,24.238,1.000,1.000,0.000,39.318,39.500,0.880,38.897,5.000,99.0,47.0,-21.179487228393555,-12.102563858032227
40.687,12:17:35.628,491.339,19.976,9815.038,0.000,0.000,0.000,23.482,23.433,24.238,1.000,1.000,0.000,39.318,39.500,0.880,38.897,5.000,99.0,47.0,-21.179487228393555,-12.102563858032227
40.800,12:17:35.741,488.822,21.176,10351.078,0.000,0.000,0.000,22.860,25.292,25.104,1.000,1.000,0.000,40.119,40.300,0.903,38.976,5.000,99.0,47.0,-21.179487228393555,-12.102563858032227
40.912,12:17:35.853,488.822,21.176,10351.078,0.000,0.000,0.000,22.860,25.292,25.104,1.000,1.000,0.000,40.119,40.300,0.903,38.976,5.000,99.0,47.0,-21.179487228393555,-12.102563858032227
41.024,12:17:35.964,488.822,21.176,10351.078,0.000,0.000,0.000,22.860,25.292,25.104,1.000,1.000,0.000,40.119,40.300,0.903,38.976,5.000,99.0,47.0,-21.179487228393555,-12.102563858032227
41.135,12:17:36.267,488.822,21.176,10351.078,0.000,0.000,0.000,22.860,25.292,25.104,1.000,1.000,0.000,40.119,40.300,0.903,38.976,5.000,99.0,47.0,-27.076923370361328,-8.717948913574219
41.438,12:17:36.379,486.219,22.412,10897.139,0.000,0.000,0.000,24.492,24.693,25.858,1.000,1.000,0.000,40.918,41.100,0.926,39.135,5.000,99.0,47.0,-27.076923370361328,-8.717948913574219
41.550,12:17:36.491,483.482,23.669,11443.688,0.000,0.000,0.000,24.864,25.589,26.742,1.000,1.000,0.000,41.719,41.900,0.940,39.314,5.000,99.0,47.0,-27.076923370361328,-8.717948913574219
41.663,12:17:36.604,483.482,23.669,11443.688,0.000,0.000,0.000,24.864,25.589,26.742,1.000,1.000,0.000,41.719,41.900,0.940,39.314,5.000,99.0,47.0,-27.076923370361328,-8.717948913574219
41.775,12:17:36.715,483.482,23.669,11443.688,0.000,0.000,0.000,24.864,25.589,26.742,1.000,1.000,0.000,41.719,41.900,0.940,39.314,5.000,99.0,47.0,-27.076923370361328,-8.717948913574219
41.887,12:17:36.827,483.482,23.669,11443.688,0.000,0.000,0.000,24.864,25.589,26.742,1.000,1.000,0.000,41.719,41.900,0.940,39.314,5.000,99.0,47.0,-27.076923370361328,-8.717948913574219
41.998,12:17:36.939,480.814,24.843,11945.070,0.000,0.000,0.000,25.880,27.533,26.495,1.000,1.000,0.000,42.518,42.700,0.940,39.530,5.000,99.0,47.0,-27.076923370361328,-8.717948913574219
42.110,12:17:37.051,480.814,24.843,11945.070,0.000,0.000,0.000,25.880,27.533,26.495,1.000,1.000,0.000,42.518,42.700,0.940,39.530,5.000,99.0,47.0,-27.076923370361328,-8.717948913574219
42.222,12:17:37.356,480.814,24.843,11945.070,0.000,0.000,0.000,25.880,27.533,26.495,1.000,1.000,0.000,42.518,42.700,0.940,39.530,5.000,99.0,47.0,-13.743589401245117,-28.35897445678711
42.526,12:17:37.467,477.841,26.093,12468.205,0.000,0.000,0.000,26.803,28.300,27.992,1.000,1.000,0.000,43.319,43.500,0.940,39.817,5.000,99.0,47.0,-13.743589401245117,-28.35897445678711
42.638,12:17:37.579,477.841,26.093,12468.205,0.000,0.000,0.000,26.803,28.300,27.992,1.000,1.000,0.000,43.319,43.500,0.940,39.817,5.000,99.0,47.0,-13.743589401245117,-28.35897445678711
42.750,12:17:37.690,477.841,26.093,12468.205,0.000,0.000,0.000,26.803,28.300,27.992,1.000,1.000,0.000,43.319,43.500,0.940,39.817,5.000,99.0,47.0,-13.743589401245117,-28.35897445678711
42.862,12:17:37.802,474.184,27.538,13057.923,0.000,0.000,0.000,28.476,29.239,29.055,1.000,1.000,0.000,44.119,44.300,0.940,40.095,5.000,99.0,47.0,-13.743589401245117,-28.35897445678711
42.975,12:17:37.915,474.184,27.538,13057.923,0.000,0.000,0.000,28.476,29.239,29.055,1.000,1.000,0.000,44.119,44.300,0.940,40.095,5.000,99.0,47.0,-13.743589401245117,-28.35897445678711
43.087,12:17:38.027,474.184,27.538,13057.923,0.000,0.000,0.000,28.476,29.239,29.055,1.000,1.000,0.000,44.119,44.300,0.940,40.095,5.000,99.0,47.0,-13.743589401245117,-28.35897445678711
43.199,12:17:38.139,470.461,28.931,13610.736,0.000,0.000,0.000,29.011,30.647,30.970,1.000,1.000,0.000,44.918,45.100,0.940,40.387,5.000,99.0,47.0,-13.743589401245117,-28.35897445678711
43.311,12:17:38.442,470.461,28.931,13610.736,0.000,0.000,0.000,29.011,30.647,30.970,1.000,1.000,0.000,44.918,45.100,0.940,40.387,5.000,99.0,47.0,28.769229888916016,-45.128204345703125
43.614,12:17:38.554,465.914,30.518,14218.591,0.000,0.000,0.000,30.369,31.926,33.025,1.000,1.000,0.000,45.719,45.900,0.940,40.708,5.000,99.0,47.0,28.769229888916016,-45.128204345703125
43.726,12:17:38.667,465.914,30.518,14218.591,0.000,0.000,0.000,30.369,31.926,33.025,1.000,1.000,0.000,45.719,45.900,0.940,40.708,5.000,99.0,47.0,28.769229888916016,-45.128204345703125
43.837,12:17:38.778,465.914,30.518,14218.591,0.000,0.000,0.000,30.369,31.926,33.025,1.000,1.000,0.000,45.719,45.900,0.940,40.708,5.000,99.0,47.0,28.769229888916016,-45.128204345703125
43.950,12:17:38.890,465.914,30.518,14218.591,0.000,0.000,0.000,30.369,31.926,33.025,1.000,1.000,0.000,45.719,45.900,0.940,40.708,5.000,99.0,47.0,28.769229888916016,-45.128204345703125
44.061,12:17:39.002,461.002,32.055,14777.463,0.000,0.000,0.000,32.131,34.576,33.336,1.000,1.000,0.000,46.518,46.700,0.940,41.053,5.000,99.0,47.0,28.769229888916016,-45.128204345703125
44.174,12:17:39.115,461.002,32.055,14777.463,0.000,0.000,0.000,32.131,34.576,33.336,1.000,1.000,0.000,46.518,46.700,0.940,41.053,5.000,99.0,47.0,28.769229888916016,-45.128204345703125
44.285,12:17:39.226,461.002,32.055,14777.463,0.000,0.000,0.000,32.131,34.576,33.336,1.000,1.000,0.000,46.518,46.700,0.940,41.053,5.000,99.0,47.0,28.769229888916016,-45.128204345703125
44.398,12:17:39.530,454.971,33.741,15351.059,0.000,0.000,0.000,34.096,34.541,36.580,1.000,1.000,0.000,47.319,47.500,0.940,41.446,5.000,99.0,47.0,-39.43589782714844,45.74359130859375
44.701,12:17:39.641,454.971,33.741,15351.059,0.000,0.000,0.000,34.096,34.541,36.580,1.000,1.000,0.000,47.319,47.500,0.940,41.446,5.000,99.0,47.0,-39.43589782714844,45.74359130859375
44.814,12:17:39.754,447.969,35.446,15878.676,0.000,0.000,0.000,36.034,36.413,38.431,1.000,1.000,0.000,47.681,47.500,0.940,41.876,5.000,99.0,47.0,-39.43589782714844,45.74359130859375
44.925,12:17:39.865,447.969,35.446,15878.676,0.000,0.000,0.000,36.034,36.413,38.431,1.000,1.000,0.000,47.681,47.500,0.940,41.876,5.000,99.0,47.0,-39.43589782714844,45.74359130859375
45.037,12:17:39.978,447.969,35.446,15878.676,0.000,0.000,0.000,36.034,36.413,38.431,1.000,1.000,0.000,47.681,47.500,0.940,41.876,5.000,99.0,47.0,-39.43589782714844,45.74359130859375
45.149,12:17:40.089,447.969,35.446,15878.676,0.000,0.000,0.000,36.034,36.413,38.431,1.000,1.000,0.000,47.681,47.500,0.940,41.876,5.000,99.0,47.0,-39.43589782714844,45.74359130859375
45.261,12:17:40.202,451.903,34.563,15619.347,0.000,0.000,0.000,35.260,35.237,37.335,1.000,1.000,0.000,47.681,47.500,0.940,42.317,5.000,99.0,47.0,-39.43589782714844,45.74359130859375
45.372,12:17:40.313,451.903,34.563,15619.347,0.000,0.000,0.000,35.260,35.237,37.335,1.000,1.000,0.000,47.681,47.500,0.940,42.317,5.000,99.0,47.0,-39.43589782714844,45.74359130859375
45.484,12:17:40.617,451.903,34.563,15619.347,0.000,0.000,0.000,35.260,35.237,37.335,1.000,1.000,0.000,47.681,47.500,0.940,42.317,5.000,99.0,47.0,43.33333206176758,-40.46154022216797
45.789,12:17:40.729,452.348,34.459,15587.335,0.000,0.000,0.000,35.533,35.060,36.866,1.000,1.000,0.000,47.319,47.500,0.940,42.755,5.000,99.0,47.0,43.33333206176758,-40.46154022216797
45.900,12:17:40.841,452.348,34.459,15587.335,0.000,0.000,0.000,35.533,35.060,36.866,1.000,1.000,0.000,47.319,47.500,0.940,42.755,5.000,99.0,47.0,43.33333206176758,-40.46154022216797
46.028,12:17:40.969,451.913,34.572,15623.443,0.000,0.000,0.000,35.221,35.240,37.318,1.000,1.000,0.000,47.681,47.500,0.940,43.139,5.000,99.0,47.0,43.33333206176758,-40.46154022216797
46.140,12:17:41.081,451.913,34.572,15623.443,0.000,0.000,0.000,35.221,35.240,37.318,1.000,1.000,0.000,47.681,47.500,0.940,43.139,5.000,99.0,47.0,43.33333206176758,-40.46154022216797
46.252,12:17:41.193,451.913,34.572,15623.443,0.000,0.000,0.000,35.221,35.240,37.318,1.000,1.000,0.000,47.681,47.500,0.940,43.139,5.000,99.0,47.0,43.33333206176758,-40.46154022216797
46.363,12:17:41.304,451.913,34.572,15623.443,0.000,0.000,0.000,35.221,35.240,37.318,1.000,1.000,0.000,47.681,47.500,0.940,43.139,5.000,99.0,47.0,43.33333206176758,-40.46154022216797
46.476,12:17:41.417,448.008,35.452,15882.991,0.000,0.000,0.000,36.800,36.256,37.711,1.000,1.000,0.000,48.080,47.900,0.940,43.534,5.000,99.0,47.0,43.33333206176758,-40.46154022216797
46.589,12:17:41.721,448.008,35.452,15882.991,0.000,0.000,0.000,36.800,36.256,37.711,1.000,1.000,0.000,48.080,47.900,0.940,43.534,5.000,99.0,47.0,-47.89743423461914,47.53845977783203
46.892,12:17:41.833,447.916,35.504,15902.664,0.000,0.000,0.000,36.073,38.075,36.967,1.000,1.000,0.000,47.719,47.900,0.940,43.865,5.000,99.0,47.0,-47.89743423461914,47.53845977783203
47.004,12:17:41.945,447.916,35.504,15902.664,0.000,0.000,0.000,36.073,38.075,36.967,1.000,1.000,0.000,47.719,47.900,0.940,43.865,5.000,99.0,47.0,-47.89743423461914,47.53845977783203
47.116,12:17:42.056,447.916,35.504,15902.664,0.000,0.000,0.000,36.073,38.075,36.967,1.000,1.000,0.000,47.719,47.900,0.940,43.865,5.000,99.0,47.0,-47.89743423461914,47.53845977783203
47.243,12:17:42.184,449.748,35.165,15815.202,0.000,0.000,0.000,36.146,37.293,36.362,1.000,1.000,0.000,47.681,47.500,0.940,44.201,5.000,99.0,47.0,-47.89743423461914,47.53845977783203
47.356,12:17:42.296,449.748,35.165,15815.202,0.000,0.000,0.000,36.146,37.293,36.362,1.000,1.000,0.000,47.681,47.500,0.940,44.201,5.000,99.0,47.0,-47.89743423461914,47.53845977783203
47.468,12:17:42.408,449.748,35.165,15815.202,0.000,0.000,0.000,36.146,37.293,36.362,1.000,1.000,0.000,47.681,47.500,0.940,44.201,5.000,99.0,47.0,-47.89743423461914,47.53845977783203
47.580,12:17:42.521,449.748,35.165,15815.202,0.000,0.000,0.000,36.146,37.293,36.362,1.000,1.000,0.000,47.681,47.500,0.940,44.201,5.000,99.0,47.0,-47.89743423461914,47.53845977783203
47.692,12:17:42.824,452.384,34.472,15594.503,0.000,0.000,0.000,34.254,36.117,37.168,1.000,1.000,0.000,47.681,47.500,0.940,44.498,5.000,99.0,47.0,39.53845977783203,-50.61538314819336
47.995,12:17:42.936,452.384,34.472,15594.503,0.000,0.000,0.000,34.254,36.117,37.168,1.000,1.000,0.000,47.681,47.500,0.940,44.498,5.000,99.0,47.0,39.53845977783203,-50.61538314819336
48.107,12:17:43.048,454.031,34.140,15500.518,0.000,0.000,0.000,34.854,36.260,35.241,1.000,1.000,0.000,47.320,47.500,0.940,44.773,5.000,99.0,47.0,39.53845977783203,-50.61538314819336
48.220,12:17:43.160,454.031,34.140,15500.518,0.000,0.000,0.000,34.854,36.260,35.241,1.000,1.000,0.000,47.320,47.500,0.940,44.773,5.000,99.0,47.0,39.53845977783203,-50.61538314819336
48.330,12:17:43.271,454.031,34.140,15500.518,0.000,0.000,0.000,34.854,36.260,35.241,1.000,1.000,0.000,47.320,47.500,0.940,44.773,5.000,99.0,47.0,39.53845977783203,-50.61538314819336
48.459,12:17:43.400,450.847,34.898,15733.810,0.000,0.000,0.000,35.776,36.964,36.031,1.000,1.000,0.000,47.680,47.500,0.940,44.993,5.000,99.0,47.0,39.53845977783203,-50.61538314819336
48.571,12:17:43.512,450.847,34.898,15733.810,0.000,0.000,0.000,35.776,36.964,36.031,1.000,1.000,0.000,47.680,47.500,0.940,44.993,5.000,99.0,47.0,39.53845977783203,-50.61538314819336
48.682,12:17:43.623,450.847,34.898,15733.810,0.000,0.000,0.000,35.776,36.964,36.031,1.000,1.000,0.000,47.680,47.500,0.940,44.993,5.000,99.0,47.0,39.53845977783203,-50.61538314819336
48.795,12:17:43.927,450.847,34.898,15733.810,0.000,0.000,0.000,35.776,36.964,36.031,1.000,1.000,0.000,47.680,47.500,0.940,44.993,5.000,99.0,47.0,-30.820512771606445,51.69230651855469
49.098,12:17:44.038,447.058,35.729,15972.879,0.000,0.000,0.000,35.896,38.147,37.571,1.000,1.000,0.000,48.079,47.900,0.940,45.241,5.000,99.0,47.0,-30.820512771606445,51.69230651855469
49.211,12:17:44.151,447.058,35.729,15972.879,0.000,0.000,0.000,35.896,38.147,37.571,1.000,1.000,0.000,48.079,47.900,0.940,45.241,5.000,99.0,47.0,-30.820512771606445,51.69230651855469
49.322,12:17:44.263,453.996,34.153,15505.445,0.000,0.000,0.000,33.963,35.788,36.661,1.000,1.000,0.000,47.319,47.500,0.940,45.436,5.000,99.0,47.0,-30.820512771606445,51.69230651855469
49.434,12:17:44.375,453.996,34.153,15505.445,0.000,0.000,0.000,33.963,35.788,36.661,1.000,1.000,0.000,47.319,47.500,0.940,45.436,5.000,99.0,47.0,-30.820512771606445,51.69230651855469
49.547,12:17:44.487,453.996,34.153,15505.445,0.000,0.000,0.000,33.963,35.788,36.661,1.000,1.000,0.000,47.319,47.500,0.940,45.436,5.000,99.0,47.0,-30.820512771606445,51.69230651855469
49.658,12:17:44.599,453.996,34.153,15505.445,0.000,0.000,0.000,33.963,35.788,36.661,1.000,1.000,0.000,47.319,47.500,0.940,45.436,5.000,99.0,47.0,-30.820512771606445,51.69230651855469
49.770,12:17:44.711,451.399,34.778,15698.750,0.000,0.000,0.000,34.570,36.738,37.157,1.000,1.000,0.000,47.719,47.900,0.940,45.626,5.000,99.0,47.0,-30.820512771606445,51.69230651855469
49.881,12:17:45.014,451.399,34.778,15698.750,0.000,0.000,0.000,34.570,36.738,37.157,1.000,1.000,0.000,47.719,47.900,0.940,45.626,5.000,99.0,47.0,34.410255432128906,-49.38461685180664
50.185,12:17:45.126,453.909,34.182,15515.317,0.000,0.000,0.000,34.277,35.379,36.858,1.000,1.000,0.000,47.319,47.500,0.940,45.818,5.000,99.0,47.0,34.410255432128906,-49.38461685180664
50.297,12:17:45.238,453.909,34.182,15515.317,0.000,0.000,0.000,34.277,35.379,36.858,1.000,1.000,0.000,47.319,47.500,0.940,45.818,5.000,99.0,47.0,34.410255432128906,-49.38461685180664
50.410,12:17:45.351,453.909,34.182,15515.317,0.000,0.000,0.000,34.277,35.379,36.858,1.000,1.000,0.000,47.319,47.500,0.940,45.818,5.000,99.0,47.0,34.410255432128906,-49.38461685180664
50.521,12:17:45.462,447.350,35.682,15962.390,0.000,0.000,0.000,36.439,36.657,38.367,1.000,1.000,0.000,48.080,47.900,0.940,45.975,5.000,99.0,47.0,34.410255432128906,-49.38461685180664
50.634,12:17:45.575,447.350,35.682,15962.390,0.000,0.000,0.000,36.439,36.657,38.367,1.000,1.000,0.000,48.080,47.900,0.940,45.975,5.000,99.0,47.0,34.410255432128906,-49.38461685180664
50.745,12:17:45.686,447.350,35.682,15962.390,0.000,0.000,0.000,36.439,36.657,38.367,1.000,1.000,0.000,48.080,47.900,0.940,45.975,5.000,99.0,47.0,34.410255432128906,-49.38461685180664
50.857,12:17:45.797,447.350,35.682,15962.390,0.000,0.000,0.000,36.439,36.657,38.367,1.000,1.000,0.000,48.080,47.900,0.940,45.975,5.000,99.0,47.0,34.410255432128906,-49.38461685180664
50.968,12:17:46.101,449.826,35.148,15810.650,0.000,0.000,0.000,36.387,36.938,36.309,1.000,1.000,0.000,47.681,47.500,0.940,46.149,5.000,99.0,47.0,-23.743589401245117,50.871795654296875
51.273,12:17:46.213,449.826,35.148,15810.650,0.000,0.000,0.000,36.387,36.938,36.309,1.000,1.000,0.000,47.681,47.500,0.940,46.149,5.000,99.0,47.0,-23.743589401245117,50.871795654296875
51.385,12:17:46.326,447.798,35.593,15938.571,0.000,0.000,0.000,36.044,37.968,37.220,1.000,1.000,0.000,48.080,47.900,0.940,46.323,5.000,99.0,47.0,-23.743589401245117,50.871795654296875
51.497,12:17:46.437,447.798,35.593,15938.571,0.000,0.000,0.000,36.044,37.968,37.220,1.000,1.000,0.000,48.080,47.900,0.940,46.323,5.000,99.0,47.0,-23.743589401245117,50.871795654296875
51.608,12:17:46.549,447.798,35.593,15938.571,0.000,0.000,0.000,36.044,37.968,37.220,1.000,1.000,0.000,48.080,47.900,0.940,46.323,5.000,99.0,47.0,-23.743589401245117,50.871795654296875
51.720,12:17:46.661,454.051,34.155,15508.280,0.000,0.000,0.000,33.923,35.860,36.664,1.000,1.000,0.000,47.319,47.500,0.940,46.508,5.000,99.0,47.0,-23.743589401245117,50.871795654296875
51.832,12:17:46.773,454.051,34.155,15508.280,0.000,0.000,0.000,33.923,35.860,36.664,1.000,1.000,0.000,47.319,47.500,0.940,46.508,5.000,99.0,47.0,-23.743589401245117,50.871795654296875
51.945,12:17:46.885,454.051,34.155,15508.280,0.000,0.000,0.000,33.923,35.860,36.664,1.000,1.000,0.000,47.319,47.500,0.940,46.508,5.000,99.0,47.0,-23.743589401245117,50.871795654296875
52.057,12:17:47.188,454.051,34.155,15508.280,0.000,0.000,0.000,33.923,35.860,36.664,1.000,1.000,0.000,47.319,47.500,0.940,46.508,5.000,99.0,47.0,-25.128204345703125,-29.64102554321289
52.360,12:17:47.300,449.995,35.118,15803.161,0.000,0.000,0.000,35.182,36.720,37.737,1.000,1.000,0.000,47.719,47.900,0.940,46.634,5.000,99.0,47.0,-25.128204345703125,-29.64102554321289
52.473,12:17:47.413,449.995,35.118,15803.161,0.000,0.000,0.000,35.182,36.720,37.737,1.000,1.000,0.000,47.719,47.900,0.940,46.634,5.000,99.0,47.0,-25.128204345703125,-29.64102554321289
52.584,12:17:47.525,449.980,35.122,15804.334,0.000,0.000,0.000,36.417,36.062,37.006,1.000,1.000,0.000,47.681,47.500,0.940,46.812,5.000,99.0,47.0,-25.128204345703125,-29.64102554321289
52.695,12:17:47.636,449.980,35.122,15804.334,0.000,0.000,0.000,36.417,36.062,37.006,1.000,1.000,0.000,47.681,47.500,0.940,46.812,5.000,99.0,47.0,-25.128204345703125,-29.64102554321289
52.808,12:17:47.749,449.980,35.122,15804.334,0.000,0.000,0.000,36.417,36.062,37.006,1.000,1.000,0.000,47.681,47.500,0.940,46.812,5.000,99.0,47.0,-25.128204345703125,-29.64102554321289
52.920,12:17:47.861,449.734,35.170,15817.137,0.000,0.000,0.000,36.463,36.856,36.402,1.000,1.000,0.000,47.719,47.900,0.940,46.936,5.000,99.0,47.0,-25.128204345703125,-29.64102554321289
53.033,12:17:47.973,449.734,35.170,15817.137,0.000,0.000,0.000,36.463,36.856,36.402,1.000,1.000,0.000,47.719,47.900,0.940,46.936,5.000,99.0,47.0,-25.128204345703125,-29.64102554321289
53.144,12:17:48.276,449.734,35.170,15817.137,0.000,0.000,0.000,36.463,36.856,36.402,1.000,1.000,0.000,47.719,47.900,0.940,46.936,5.000,99.0,47.0,46.512821197509766,-32.66666793823242
53.447,12:17:48.388,452.686,34.481,15609.189,0.000,0.000,0.000,35.045,36.630,35.763,1.000,1.000,0.000,47.681,47.500,0.940,47.096,5.000,99.0,47.0,46.512821197509766,-32.66666793823242
53.559,12:17:48.500,452.686,34.481,15609.189,0.000,0.000,0.000,35.045,36.630,35.763,1.000,1.000,0.000,47.681,47.500,0.940,47.096,5.000,99.0,47.0,46.512821197509766,-32.66666793823242
53.672,12:17:48.613,452.686,34.481,15609.189,0.000,0.000,0.000,35.045,36.630,35.763,1.000,1.000,0.000,47.681,47.500,0.940,47.096,5.000,99.0,47.0,46.512821197509766,-32.66666793823242
53.783,12:17:48.724,450.133,35.096,15798.049,0.000,0.000,0.000,35.052,37.462,37.064,1.000,1.000,0.000,47.719,47.900,0.940,47.219,5.000,99.0,47.0,46.512821197509766,-32.66666793823242
53.895,12:17:48.836,450.133,35.096,15798.049,0.000,0.000,0.000,35.052,37.462,37.064,1.000,1.000,0.000,47.719,47.900,0.940,47.219,5.000,99.0,47.0,46.512821197509766,-32.66666793823242
54.008,12:17:48.948,450.133,35.096,15798.049,0.000,0.000,0.000,35.052,37.462,37.064,1.000,1.000,0.000,47.719,47.900,0.940,47.219,5.000,99.0,47.0,46.512821197509766,-32.66666793823242
54.120,12:17:49.060,450.133,35.096,15798.049,0.000,0.000,0.000,35.052,37.462,37.064,1.000,1.000,0.000,47.719,47.900,0.940,47.219,5.000,99.0,47.0,46.512821197509766,-32.66666793823242
54.231,12:17:49.363,449.557,35.217,15831.833,0.000,0.000,0.000,35.851,36.214,37.953,1.000,1.000,0.000,47.680,47.500,0.940,47.415,5.000,99.0,47.0,-47.79487228393555,36.35897445678711
54.535,12:17:49.475,452.651,34.503,15617.704,0.000,0.000,0.000,35.106,35.253,37.021,1.000,1.000,0.000,47.719,47.900,0.940,47.556,5.000,99.0,47.0,-47.79487228393555,36.35897445678711
54.647,12:17:49.587,452.651,34.503,15617.704,0.000,0.000,0.000,35.106,35.253,37.021,1.000,1.000,0.000,47.719,47.900,0.940,47.556,5.000,99.0,47.0,-47.79487228393555,36.35897445678711
54.759,12:17:49.699,452.651,34.503,15617.704,0.000,0.000,0.000,35.106,35.253,37.021,1.000,1.000,0.000,47.719,47.900,0.940,47.556,5.000,99.0,47.0,-47.79487228393555,36.35897445678711
54.871,12:17:49.812,452.651,34.503,15617.704,0.000,0.000,0.000,35.106,35.253,37.021,1.000,1.000,0.000,47.719,47.900,0.940,47.556,5.000,99.0,47.0,-47.79487228393555,36.35897445678711
54.982,12:17:49.923,449.753,35.173,15819.177,0.000,0.000,0.000,36.606,36.557,36.506,1.000,1.000,0.000,47.681,47.500,0.940,47.650,5.000,99.0,47.0,-47.79487228393555,36.35897445678711
55.094,12:17:50.035,449.753,35.173,15819.177,0.000,0.000,0.000,36.606,36.557,36.506,1.000,1.000,0.000,47.681,47.500,0.940,47.650,5.000,99.0,47.0,-47.79487228393555,36.35897445678711
55.206,12:17:50.146,449.753,35.173,15819.177,0.000,0.000,0.000,36.606,36.557,36.506,1.000,1.000,0.000,47.681,47.500,0.940,47.650,5.000,99.0,47.0,-47.79487228393555,36.35897445678711
55.318,12:17:50.451,449.753,35.173,15819.177,0.000,0.000,0.000,36.606,36.557,36.506,1.000,1.000,0.000,47.681,47.500,0.940,47.650,5.000,99.0,47.0,-34.0,-12.461538314819336
55.622,12:17:50.563,453.771,34.217,15526.754,0.000,0.000,0.000,35.515,35.630,35.327,1.000,1.000,0.000,47.319,47.500,0.940,47.736,5.000,99.0,47.0,-34.0,-12.461538314819336
55.735,12:17:50.676,453.771,34.217,15526.754,0.000,0.000,0.000,35.515,35.630,35.327,1.000,1.000,0.000,47.319,47.500,0.940,47.736,5.000,99.0,47.0,-34.0,-12.461538314819336
55.846,12:17:50.787,449.737,35.172,15818.118,0.000,0.000,0.000,36.405,36.921,36.359,1.000,1.000,0.000,47.719,47.900,0.940,47.847,5.000,99.0,47.0,-34.0,-12.461538314819336
55.959,12:17:50.899,449.737,35.172,15818.118,0.000,0.000,0.000,36.405,36.921,36.359,1.000,1.000,0.000,47.719,47.900,0.940,47.847,5.000,99.0,47.0,-34.0,-12.461538314819336
56.070,12:17:51.011,449.737,35.172,15818.118,0.000,0.000,0.000,36.405,36.921,36.359,1.000,1.000,0.000,47.719,47.900,0.940,47.847,5.000,99.0,47.0,-34.0,-12.461538314819336
56.182,12:17:51.123,449.294,35.277,15849.671,0.000,0.000,0.000,35.402,37.620,37.110,1.000,1.000,0.000,48.118,48.300,0.940,47.941,5.000,99.0,47.0,-34.0,-12.461538314819336
56.294,12:17:51.234,449.294,35.277,15849.671,0.000,0.000,0.000,35.402,37.620,37.110,1.000,1.000,0.000,48.118,48.300,0.940,47.941,5.000,99.0,47.0,-34.0,-12.461538314819336
56.405,12:17:51.538,449.294,35.277,15849.671,0.000,0.000,0.000,35.402,37.620,37.110,1.000,1.000,0.000,48.118,48.300,0.940,47.941,5.000,99.0,47.0,45.128204345703125,-4.051281929016113
56.710,12:17:51.651,449.241,35.287,15852.132,0.000,0.000,0.000,36.331,36.080,37.637,1.000,1.000,0.000,48.080,47.900,0.940,48.072,5.000,99.0,47.0,45.128204345703125,-4.051281929016113
56.821,12:17:51.762,449.241,35.287,15852.132,0.000,0.000,0.000,36.331,36.080,37.637,1.000,1.000,0.000,48.080,47.900,0.940,48.072,5.000,99.0,47.0,45.128204345703125,-4.051281929016113
56.934,12:17:51.874,449.241,35.287,15852.132,0.000,0.000,0.000,36.331,36.080,37.637,1.000,1.000,0.000,48.080,47.900,0.940,48.072,5.000,99.0,47.0,45.128204345703125,-4.051281929016113
57.045,12:17:51.986,453.316,34.331,15562.866,0.000,0.000,0.000,35.498,36.033,35.395,1.000,1.000,0.000,47.681,47.500,0.940,48.211,5.000,99.0,47.0,45.128204345703125,-4.051281929016113
57.157,12:17:52.098,453.316,34.331,15562.866,0.000,0.000,0.000,35.498,36.033,35.395,1.000,1.000,0.000,47.681,47.500,0.940,48.211,5.000,99.0,47.0,45.128204345703125,-4.051281929016113
57.269,12:17:52.209,453.316,34.331,15562.866,0.000,0.000,0.000,35.498,36.033,35.395,1.000,1.000,0.000,47.681,47.500,0.940,48.211,5.000,99.0,47.0,45.128204345703125,-4.051281929016113
57.381,12:17:52.321,449.793,35.166,15817.402,0.000,0.000,0.000,35.795,37.417,36.488,1.000,1.000,0.000,47.719,47.900,0.940,48.307,5.000,99.0,47.0,45.128204345703125,-4.051281929016113
57.493,12:17:52.626,449.793,35.166,15817.402,0.000,0.000,0.000,35.795,37.417,36.488,1.000,1.000,0.000,47.719,47.900,0.940,48.307,5.000,99.0,47.0,-29.435897827148438,-18.820512771606445
57.797,12:17:52.738,453.513,34.309,15559.526,0.000,0.000,0.000,34.076,36.508,36.301,1.000,1.000,0.000,47.681,47.500,0.940,48.430,5.000,99.0,47.0,-29.435897827148438,-18.820512771606445
57.908,12:17:52.849,453.513,34.309,15559.526,0.000,0.000,0.000,34.076,36.508,36.301,1.000,1.000,0.000,47.681,47.500,0.940,48.430,5.000,99.0,47.0,-29.435897827148438,-18.820512771606445
58.021,12:17:52.962,453.513,34.309,15559.526,0.000,0.000,0.000,34.076,36.508,36.301,1.000,1.000,0.000,47.681,47.500,0.940,48.430,5.000,99.0,47.0,-29.435897827148438,-18.820512771606445
58.133,12:17:53.074,453.513,34.309,15559.526,0.000,0.000,0.000,34.076,36.508,36.301,1.000,1.000,0.000,47.681,47.500,0.940,48.430,5.000,99.0,47.0,-29.435897827148438,-18.820512771606445
58.244,12:17:53.185,453.543,34.293,15553.200,0.000,0.000,0.000,34.039,36.436,36.296,1.000,1.000,0.000,47.719,47.900,0.940,48.490,5.000,99.0,47.0,-29.435897827148438,-18.820512771606445
58.356,12:17:53.296,453.543,34.293,15553.200,0.000,0.000,0.000,34.039,36.436,36.296,1.000,1.000,0.000,47.719,47.900,0.940,48.490,5.000,99.0,47.0,-29.435897827148438,-18.820512771606445
58.468,12:17:53.408,453.543,34.293,15553.200,0.000,0.000,0.000,34.039,36.436,36.296,1.000,1.000,0.000,47.719,47.900,0.940,48.490,5.000,99.0,47.0,-29.435897827148438,-18.820512771606445
58.581,12:17:53.713,453.543,34.293,15553.200,0.000,0.000,0.000,34.039,36.436,36.296,1.000,1.000,0.000,47.719,47.900,0.940,48.490,5.000,99.0,47.0,49.89743423461914,-25.69230842590332
58.884,12:17:53.825,449.642,35.220,15836.442,0.000,0.000,0.000,35.763,36.259,37.965,1.000,1.000,0.000,47.681,47.500,0.940,48.585,5.000,99.0,47.0,49.89743423461914,-25.69230842590332
58.997,12:17:53.937,453.791,34.246,15540.663,0.000,0.000,0.000,35.277,34.878,36.410,1.000,1.000,0.000,47.281,47.100,0.940,48.690,5.000,99.0,47.0,49.89743423461914,-25.69230842590332
59.108,12:17:54.048,453.791,34.246,15540.663,0.000,0.000,0.000,35.277,34.878,36.410,1.000,1.000,0.000,47.281,47.100,0.940,48.690,5.000,99.0,47.0,49.89743423461914,-25.69230842590332
59.220,12:17:54.161,453.791,34.246,15540.663,0.000,0.000,0.000,35.277,34.878,36.410,1.000,1.000,0.000,47.281,47.100,0.940,48.690,5.000,99.0,47.0,49.89743423461914,-25.69230842590332
59.332,12:17:54.273,453.791,34.246,15540.663,0.000,0.000,0.000,35.277,34.878,36.410,1.000,1.000,0.000,47.281,47.100,0.940,48.690,5.000,99.0,47.0,49.89743423461914,-25.69230842590332
59.443,12:17:54.384,455.389,33.835,15407.858,0.000,0.000,0.000,34.230,36.063,34.967,1.000,1.000,0.000,47.319,47.500,0.940,48.750,5.000,99.0,47.0,49.89743423461914,-25.69230842590332
59.557,12:17:54.497,455.389,33.835,15407.858,0.000,0.000,0.000,34.230,36.063,34.967,1.000,1.000,0.000,47.319,47.500,0.940,48.750,5.000,99.0,47.0,49.89743423461914,-25.69230842590332
59.667,12:17:54.800,455.389,33.835,15407.858,0.000,0.000,0.000,34.230,36.063,34.967,1.000,1.000,0.000,47.319,47.500,0.940,48.750,5.000,99.0,47.0,-45.589744567871094,2.8717949390411377
59.972,12:17:54.912,451.810,34.737,15694.524,0.000,0.000,0.000,34.796,37.116,36.425,1.000,1.000,0.000,47.720,47.900,0.940,48.821,5.000,99.0,47.0,-45.589744567871094,2.8717949390411377
60.083,12:17:55.024,451.810,34.737,15694.524,0.000,0.000,0.000,34.796,37.116,36.425,1.000,1.000,0.000,47.720,47.900,0.940,48.821,5.000,99.0,47.0,-45.589744567871094,2.8717949390411377
60.196,12:17:55.136,451.810,34.737,15694.524,0.000,0.000,0.000,34.796,37.116,36.425,1.000,1.000,0.000,47.720,47.900,0.940,48.821,5.000,99.0,47.0,-45.589744567871094,2.8717949390411377
60.308,12:17:55.249,448.684,35.447,15904.414,0.000,0.000,0.000,35.620,36.892,38.108,1.000,1.000,0.000,48.119,48.300,0.940,48.882,5.000,99.0,47.0,-45.589744567871094,2.8717949390411377
60.419,12:17:55.360,448.684,35.447,15904.414,0.000,0.000,0.000,35.620,36.892,38.108,1.000,1.000,0.000,48.119,48.300,0.940,48.882,5.000,99.0,47.0,-45.589744567871094,2.8717949390411377
60.530,12:17:55.471,448.684,35.447,15904.414,0.000,0.000,0.000,35.620,36.892,38.108,1.000,1.000,0.000,48.119,48.300,0.940,48.882,5.000,99.0,47.0,-45.589744567871094,2.8717949390411377
60.643,12:17:55.583,448.856,35.417,15897.214,0.000,0.000,0.000,36.671,37.073,36.643,1.000,1.000,0.000,48.079,47.900,0.940,48.966,5.000,99.0,47.0,-45.589744567871094,2.8717949390411377
60.755,12:17:55.887,448.856,35.417,15897.214,0.000,0.000,0.000,36.671,37.073,36.643,1.000,1.000,0.000,48.079,47.900,0.940,48.966,5.000,99.0,47.0,43.589744567871094,-39.230770111083984
61.058,12:17:55.999,452.997,34.471,15615.329,0.000,0.000,0.000,34.606,36.719,35.959,1.000,1.000,0.000,47.681,47.500,0.940,49.091,5.000,99.0,47.0,43.589744567871094,-39.230770111083984
61.171,12:17:56.112,452.997,34.471,15615.329,0.000,0.000,0.000,34.606,36.719,35.959,1.000,1.000,0.000,47.681,47.500,0.940,49.091,5.000,99.0,47.0,43.589744567871094,-39.230770111083984
61.283,12:17:56.224,452.997,34.471,15615.329,0.000,0.000,0.000,34.606,36.719,35.959,1.000,1.000,0.000,47.681,47.500,0.940,49.091,5.000,99.0,47.0,43.589744567871094,-39.230770111083984
61.394,12:17:56.334,452.997,34.471,15615.329,0.000,0.000,0.000,34.606,36.719,35.959,1.000,1.000,0.000,47.681,47.500,0.940,49.091,5.000,99.0,47.0,43.589744567871094,-39.230770111083984
61.507,12:17:56.448,451.726,34.779,15710.405,0.000,0.000,0.000,34.621,36.812,37.074,1.000,1.000,0.000,47.719,47.900,0.940,49.201,5.000,99.0,47.0,43.589744567871094,-39.230770111083984
61.619,12:17:56.559,451.726,34.779,15710.405,0.000,0.000,0.000,34.621,36.812,37.074,1.000,1.000,0.000,47.719,47.900,0.940,49.201,5.000,99.0,47.0,43.589744567871094,-39.230770111083984
61.731,12:17:56.671,451.726,34.779,15710.405,0.000,0.000,0.000,34.621,36.812,37.074,1.000,1.000,0.000,47.719,47.900,0.940,49.201,5.000,99.0,47.0,43.589744567871094,-39.230770111083984
61.842,12:17:56.974,451.667,34.793,15714.949,0.000,0.000,0.000,35.628,35.508,37.279,1.000,1.000,0.000,47.681,47.500,0.940,49.282,5.000,99.0,47.0,13.025641441345215,38.0
62.146,12:17:57.086,451.667,34.793,15714.949,0.000,0.000,0.000,35.628,35.508,37.279,1.000,1.000,0.000,47.681,47.500,0.940,49.282,5.000,99.0,47.0,13.025641441345215,38.0
62.258,12:17:57.199,451.953,34.732,15697.078,0.000,0.000,0.000,36.074,35.731,36.427,1.000,1.000,0.000,47.719,47.900,0.940,49.385,5.000,99.0,47.0,13.025641441345215,38.0
62.369,12:17:57.310,451.953,34.732,15697.078,0.000,0.000,0.000,36.074,35.731,36.427,1.000,1.000,0.000,47.719,47.900,0.940,49.385,5.000,99.0,47.0,13.025641441345215,38.0
62.482,12:17:57.422,451.953,34.732,15697.078,0.000,0.000,0.000,36.074,35.731,36.427,1.000,1.000,0.000,47.719,47.900,0.940,49.385,5.000,99.0,47.0,13.025641441345215,38.0
62.594,12:17:57.535,451.953,34.732,15697.078,0.000,0.000,0.000,36.074,35.731,36.427,1.000,1.000,0.000,47.719,47.900,0.940,49.385,5.000,99.0,47.0,13.025641441345215,38.0
62.705,12:17:57.646,449.569,35.284,15862.636,0.000,0.000,0.000,36.048,37.454,36.572,1.000,1.000,0.000,48.118,48.300,0.940,49.436,5.000,99.0,47.0,13.025641441345215,38.0
62.817,12:17:57.758,449.569,35.284,15862.636,0.000,0.000,0.000,36.048,37.454,36.572,1.000,1.000,0.000,48.118,48.300,0.940,49.436,5.000,99.0,47.0,13.025641441345215,38.0
62.929,12:17:58.062,449.569,35.284,15862.636,0.000,0.000,0.000,36.048,37.454,36.572,1.000,1.000,0.000,48.118,48.300,0.940,49.436,5.000,99.0,47.0,-32.30769348144531,50.30769348144531
63.234,12:17:58.174,451.621,34.830,15729.770,0.000,0.000,0.000,35.152,35.926,37.507,1.000,1.000,0.000,47.681,47.500,0.940,49.527,5.000,99.0,47.0,-32.30769348144531,50.30769348144531
63.346,12:17:58.286,451.621,34.830,15729.770,0.000,0.000,0.000,35.152,35.926,37.507,1.000,1.000,0.000,47.681,47.500,0.940,49.527,5.000,99.0,47.0,-32.30769348144531,50.30769348144531
63.473,12:17:58.414,451.615,34.828,15728.876,0.000,0.000,0.000,35.874,35.560,37.045,1.000,1.000,0.000,47.719,47.900,0.940,49.615,5.000,99.0,47.0,-32.30769348144531,50.30769348144531
63.585,12:17:58.526,451.615,34.828,15728.876,0.000,0.000,0.000,35.874,35.560,37.045,1.000,1.000,0.000,47.719,47.900,0.940,49.615,5.000,99.0,47.0,-32.30769348144531,50.30769348144531
63.698,12:17:58.639,451.615,34.828,15728.876,0.000,0.000,0.000,35.874,35.560,37.045,1.000,1.000,0.000,47.719,47.900,0.940,49.615,5.000,99.0,47.0,-32.30769348144531,50.30769348144531
63.809,12:17:58.750,451.615,34.828,15728.876,0.000,0.000,0.000,35.874,35.560,37.045,1.000,1.000,0.000,47.719,47.900,0.940,49.615,5.000,99.0,47.0,-32.30769348144531,50.30769348144531
63.921,12:17:58.862,447.277,35.798,16011.589,0.000,0.000,0.000,36.648,37.995,37.235,1.000,1.000,0.000,48.080,47.900,0.940,49.710,5.000,99.0,47.0,-32.30769348144531,50.30769348144531
64.033,12:17:59.165,447.277,35.798,16011.589,0.000,0.000,0.000,36.648,37.995,37.235,1.000,1.000,0.000,48.080,47.900,0.940,49.710,5.000,99.0,47.0,18.0,6.717948913574219
64.337,12:17:59.277,454.144,34.234,15547.230,0.000,0.000,0.000,33.934,36.072,36.504,1.000,1.000,0.000,47.681,47.500,0.940,49.772,5.000,99.0,47.0,18.0,6.717948913574219
64.448,12:17:59.388,454.144,34.234,15547.230,0.000,0.000,0.000,33.934,36.072,36.504,1.000,1.000,0.000,47.681,47.500,0.940,49.772,5.000,99.0,47.0,18.0,6.717948913574219
64.561,12:17:59.502,454.144,34.234,15547.230,0.000,0.000,0.000,33.934,36.072,36.504,1.000,1.000,0.000,47.681,47.500,0.940,49.772,5.000,99.0,47.0,18.0,6.717948913574219
64.689,12:17:59.630,450.443,35.096,15808.952,0.000,0.000,0.000,35.294,36.325,37.780,1.000,1.000,0.000,48.080,47.900,0.940,49.866,5.000,99.0,47.0,18.0,6.717948913574219
64.801,12:17:59.741,450.443,35.096,15808.952,0.000,0.000,0.000,35.294,36.325,37.780,1.000,1.000,0.000,48.080,47.900,0.940,49.866,5.000,99.0,47.0,18.0,6.717948913574219
64.913,12:17:59.854,450.443,35.096,15808.952,0.000,0.000,0.000,35.294,36.325,37.780,1.000,1.000,0.000,48.080,47.900,0.940,49.866,5.000,99.0,47.0,18.0,6.717948913574219
65.024,12:17:59.965,450.443,35.096,15808.952,0.000,0.000,0.000,35.294,36.325,37.780,1.000,1.000,0.000,48.080,47.900,0.940,49.866,5.000,99.0,47.0,18.0,6.717948913574219
65.135,12:18:00.269,451.704,34.826,15731.155,0.000,0.000,0.000,36.167,36.164,36.192,1.000,1.000,0.000,47.681,47.500,0.940,49.956,5.000,99.0,47.0,49.69230651855469,-20.71794891357422
65.439,12:18:00.380,451.704,34.826,15731.155,0.000,0.000,0.000,36.167,36.164,36.192,1.000,1.000,0.000,47.681,47.500,0.940,49.956,5.000,99.0,47.0,49.69230651855469,-20.71794891357422
65.552,12:18:00.493,450.592,35.084,15808.479,0.000,0.000,0.000,35.848,37.138,36.275,1.000,1.000,0.000,48.080,47.900,0.940,50.058,5.000,99.0,47.0,49.69230651855469,-20.71794891357422
65.664,12:18:00.605,450.592,35.084,15808.479,0.000,0.000,0.000,35.848,37.138,36.275,1.000,1.000,0.000,48.080,47.900,0.940,50.058,5.000,99.0,47.0,49.69230651855469,-20.71794891357422
65.775,12:18:00.716,450.592,35.084,15808.479,0.000,0.000,0.000,35.848,37.138,36.275,1.000,1.000,0.000,48.080,47.900,0.940,50.058,5.000,99.0,47.0,49.69230651855469,-20.71794891357422
65.887,12:18:00.828,450.592,35.084,15808.479,0.000,0.000,0.000,35.848,37.138,36.275,1.000,1.000,0.000,48.080,47.900,0.940,50.058,5.000,99.0,47.0,49.69230651855469,-20.71794891357422
66.000,12:18:00.941,454.528,34.140,15517.770,0.000,0.000,0.000,33.818,36.204,36.204,1.000,1.000,0.000,47.719,47.900,0.940,50.096,5.000,99.0,47.0,49.69230651855469,-20.71794891357422
66.111,12:18:01.052,454.528,34.140,15517.770,0.000,0.000,0.000,33.818,36.204,36.204,1.000,1.000,0.000,47.719,47.900,0.940,50.096,5.000,99.0,47.0,49.69230651855469,-20.71794891357422
66.223,12:18:01.355,454.528,34.140,15517.770,0.000,0.000,0.000,33.818,36.204,36.204,1.000,1.000,0.000,47.719,47.900,0.940,50.096,5.000,99.0,47.0,16.05128288269043,38.153846740722656
66.528,12:18:01.468,447.410,35.787,16011.307,0.000,0.000,0.000,36.795,36.726,38.282,1.000,1.000,0.000,48.118,48.300,0.940,50.186,5.000,99.0,47.0,16.05128288269043,38.153846740722656
66.639,12:18:01.579,447.410,35.787,16011.307,0.000,0.000,0.000,36.795,36.726,38.282,1.000,1.000,0.000,48.118,48.300,0.940,50.186,5.000,99.0,47.0,16.05128288269043,38.153846740722656
66.751,12:18:01.692,451.809,34.817,15730.412,0.000,0.000,0.000,35.131,37.099,36.332,1.000,1.000,0.000,47.681,47.500,0.940,50.250,5.000,99.0,47.0,16.05128288269043,38.153846740722656
66.863,12:18:01.803,451.809,34.817,15730.412,0.000,0.000,0.000,35.131,37.099,36.332,1.000,1.000,0.000,47.681,47.500,0.940,50.250,5.000,99.0,47.0,16.05128288269043,38.153846740722656
66.975,12:18:01.915,451.809,34.817,15730.412,0.000,0.000,0.000,35.131,37.099,36.332,1.000,1.000,0.000,47.681,47.500,0.940,50.250,5.000,99.0,47.0,16.05128288269043,38.153846740722656
67.087,12:18:02.027,451.809,34.817,15730.412,0.000,0.000,0.000,35.131,37.099,36.332,1.000,1.000,0.000,47.681,47.500,0.940,50.250,5.000,99.0,47.0,16.05128288269043,38.153846740722656
67.199,12:18:02.139,451.066,34.987,15781.456,0.000,0.000,0.000,34.839,37.000,37.285,1.000,1.000,0.000,48.118,48.300,0.940,50.312,5.000,99.0,47.0,16.05128288269043,38.153846740722656
67.311,12:18:02.460,451.066,34.987,15781.456,0.000,0.000,0.000,34.839,37.000,37.285,1.000,1.000,0.000,48.118,48.300,0.940,50.312,5.000,99.0,47.0,46.92307662963867,-34.97435760498047
67.631,12:18:02.572,451.542,34.892,15755.269,0.000,0.000,0.000,36.172,35.887,36.603,1.000,1.000,0.000,47.681,47.500,0.940,50.406,5.000,99.0,47.0,46.92307662963867,-34.97435760498047
67.743,12:18:02.684,451.542,34.892,15755.269,0.000,0.000,0.000,36.172,35.887,36.603,1.000,1.000,0.000,47.681,47.500,0.940,50.406,5.000,99.0,47.0,46.92307662963867,-34.97435760498047
67.854,12:18:02.795,451.542,34.892,15755.269,0.000,0.000,0.000,36.172,35.887,36.603,1.000,1.000,0.000,47.681,47.500,0.940,50.406,5.000,99.0,47.0,46.92307662963867,-34.97435760498047
67.967,12:18:02.907,451.222,34.963,15776.164,0.000,0.000,0.000,36.064,36.682,36.095,1.000,1.000,0.000,48.118,48.300,0.940,50.457,5.000,99.0,47.0,46.92307662963867,-34.97435760498047
68.079,12:18:03.020,451.222,34.963,15776.164,0.000,0.000,0.000,36.064,36.682,36.095,1.000,1.000,0.000,48.118,48.300,0.940,50.457,5.000,99.0,47.0,46.92307662963867,-34.97435760498047
68.190,12:18:03.131,451.222,34.963,15776.164,0.000,0.000,0.000,36.064,36.682,36.095,1.000,1.000,0.000,48.118,48.300,0.940,50.457,5.000,99.0,47.0,46.92307662963867,-34.97435760498047
68.302,12:18:03.243,451.222,34.963,15776.164,0.000,0.000,0.000,36.064,36.682,36.095,1.000,1.000,0.000,48.118,48.300,0.940,50.457,5.000,99.0,47.0,46.92307662963867,-34.97435760498047
68.413,12:18:03.546,451.446,34.914,15761.843,0.000,0.000,0.000,34.917,36.449,37.514,1.000,1.000,0.000,47.719,47.900,0.940,50.579,5.000,99.0,47.0,-23.743589401245117,-29.33333396911621
68.718,12:18:03.659,451.446,34.914,15761.843,0.000,0.000,0.000,34.917,36.449,37.514,1.000,1.000,0.000,47.719,47.900,0.940,50.579,5.000,99.0,47.0,-23.743589401245117,-29.33333396911621
68.830,12:18:03.771,451.129,35.002,15790.236,0.000,0.000,0.000,36.242,35.875,36.807,1.000,1.000,0.000,48.080,47.900,0.940,50.652,5.000,99.0,47.0,-23.743589401245117,-29.33333396911621
68.942,12:18:03.883,451.129,35.002,15790.236,0.000,0.000,0.000,36.242,35.875,36.807,1.000,1.000,0.000,48.080,47.900,0.940,50.652,5.000,99.0,47.0,-23.743589401245117,-29.33333396911621
69.054,12:18:03.994,451.129,35.002,15790.236,0.000,0.000,0.000,36.242,35.875,36.807,1.000,1.000,0.000,48.080,47.900,0.940,50.652,5.000,99.0,47.0,-23.743589401245117,-29.33333396911621
69.166,12:18:04.107,451.642,34.873,15750.093,0.000,0.000,0.000,35.540,36.991,36.068,1.000,1.000,0.000,47.719,47.900,0.940,50.717,5.000,99.0,47.0,-23.743589401245117,-29.33333396911621
69.278,12:18:04.219,451.642,34.873,15750.093,0.000,0.000,0.000,35.540,36.991,36.068,1.000,1.000,0.000,47.719,47.900,0.940,50.717,5.000,99.0,47.0,-23.743589401245117,-29.33333396911621
69.389,12:18:04.329,451.642,34.873,15750.093,0.000,0.000,0.000,35.540,36.991,36.068,1.000,1.000,0.000,47.719,47.900,0.940,50.717,5.000,99.0,47.0,-23.743589401245117,-29.33333396911621
69.501,12:18:04.633,451.642,34.873,15750.093,0.000,0.000,0.000,35.540,36.991,36.068,1.000,1.000,0.000,47.719,47.900,0.940,50.717,5.000,99.0,47.0,9.333333015441895,-47.53845977783203
69.805,12:18:04.746,451.289,34.960,15776.937,0.000,0.000,0.000,34.886,36.629,37.532,1.000,1.000,0.000,48.080,47.900,0.940,50.777,5.000,99.0,47.0,9.333333015441895,-47.53845977783203
69.917,12:18:04.858,451.289,34.960,15776.937,0.000,0.000,0.000,34.886,36.629,37.532,1.000,1.000,0.000,48.080,47.900,0.940,50.777,5.000,99.0,47.0,9.333333015441895,-47.53845977783203
70.029,12:18:04.970,451.493,34.918,15765.255,0.000,0.000,0.000,36.188,35.969,36.618,1.000,1.000,0.000,48.118,48.300,0.940,50.862,5.000,99.0,47.0,9.333333015441895,-47.53845977783203
70.141,12:18:05.082,451.493,34.918,15765.255,0.000,0.000,0.000,36.188,35.969,36.618,1.000,1.000,0.000,48.118,48.300,0.940,50.862,5.000,99.0,47.0,9.333333015441895,-47.53845977783203
70.253,12:18:05.194,451.493,34.918,15765.255,0.000,0.000,0.000,36.188,35.969,36.618,1.000,1.000,0.000,48.118,48.300,0.940,50.862,5.000,99.0,47.0,9.333333015441895,-47.53845977783203
70.364,12:18:05.305,447.589,35.795,16021.565,0.000,0.000,0.000,35.803,37.920,38.108,1.000,1.000,0.000,48.080,47.900,0.940,50.964,5.000,99.0,47.0,9.333333015441895,-47.53845977783203
70.477,12:18:05.418,447.589,35.795,16021.565,0.000,0.000,0.000,35.803,37.920,38.108,1.000,1.000,0.000,48.080,47.900,0.940,50.964,5.000,99.0,47.0,9.333333015441895,-47.53845977783203
70.588,12:18:05.721,447.589,35.795,16021.565,0.000,0.000,0.000,35.803,37.920,38.108,1.000,1.000,0.000,48.080,47.900,0.940,50.964,5.000,99.0,47.0,-0.6153846383094788,-43.38461685180664
70.892,12:18:05.833,451.969,34.811,15733.529,0.000,0.000,0.000,35.810,35.545,37.000,1.000,1.000,0.000,47.719,47.900,0.940,51.006,5.000,99.0,47.0,-0.6153846383094788,-43.38461685180664
71.004,12:18:05.945,451.969,34.811,15733.529,0.000,0.000,0.000,35.810,35.545,37.000,1.000,1.000,0.000,47.719,47.900,0.940,51.006,5.000,99.0,47.0,-0.6153846383094788,-43.38461685180664
71.116,12:18:06.057,451.969,34.811,15733.529,0.000,0.000,0.000,35.810,35.545,37.000,1.000,1.000,0.000,47.719,47.900,0.940,51.006,5.000,99.0,47.0,-0.6153846383094788,-43.38461685180664
71.228,12:18:06.169,455.387,33.983,15475.289,0.000,0.000,0.000,35.265,35.160,35.094,1.000,1.000,0.000,47.319,47.500,0.940,51.077,5.000,99.0,47.0,-0.6153846383094788,-43.38461685180664
71.340,12:18:06.280,455.387,33.983,15475.289,0.000,0.000,0.000,35.265,35.160,35.094,1.000,1.000,0.000,47.319,47.500,0.940,51.077,5.000,99.0,47.0,-0.6153846383094788,-43.38461685180664
71.452,12:18:06.393,455.387,33.983,15475.289,0.000,0.000,0.000,35.265,35.160,35.094,1.000,1.000,0.000,47.319,47.500,0.940,51.077,5.000,99.0,47.0,-0.6153846383094788,-43.38461685180664
71.565,12:18:06.505,455.387,33.983,15475.289,0.000,0.000,0.000,35.265,35.160,35.094,1.000,1.000,0.000,47.319,47.500,0.940,51.077,5.000,99.0,47.0,-0.6153846383094788,-43.38461685180664
71.676,12:18:06.809,454.218,34.280,15570.722,0.000,0.000,0.000,34.413,35.369,36.852,1.000,1.000,0.000,47.719,47.900,0.940,51.111,5.000,99.0,47.0,43.53845977783203,-2.461538553237915
71.980,12:18:06.921,450.304,35.222,15860.463,0.000,0.000,0.000,36.525,36.332,36.737,1.000,1.000,0.000,48.080,47.900,0.940,51.188,5.000,99.0,47.0,43.53845977783203,-2.461538553237915
72.092,12:18:07.033,450.304,35.222,15860.463,0.000,0.000,0.000,36.525,36.332,36.737,1.000,1.000,0.000,48.080,47.900,0.940,51.188,5.000,99.0,47.0,43.53845977783203,-2.461538553237915
72.203,12:18:07.144,450.304,35.222,15860.463,0.000,0.000,0.000,36.525,36.332,36.737,1.000,1.000,0.000,48.080,47.900,0.940,51.188,5.000,99.0,47.0,43.53845977783203,-2.461538553237915
72.316,12:18:07.256,450.304,35.222,15860.463,0.000,0.000,0.000,36.525,36.332,36.737,1.000,1.000,0.000,48.080,47.900,0.940,51.188,5.000,99.0,47.0,43.53845977783203,-2.461538553237915
72.427,12:18:07.368,453.213,34.550,15658.538,0.000,0.000,0.000,34.980,36.769,35.884,1.000,1.000,0.000,47.681,47.500,0.940,51.203,5.000,99.0,47.0,43.53845977783203,-2.461538553237915
72.539,12:18:07.480,453.213,34.550,15658.538,0.000,0.000,0.000,34.980,36.769,35.884,1.000,1.000,0.000,47.681,47.500,0.940,51.203,5.000,99.0,47.0,43.53845977783203,-2.461538553237915
72.652,12:18:07.593,453.213,34.550,15658.538,0.000,0.000,0.000,34.980,36.769,35.884,1.000,1.000,0.000,47.681,47.500,0.940,51.203,5.000,99.0,47.0,43.53845977783203,-2.461538553237915
72.764,12:18:07.895,453.213,34.550,15658.538,0.000,0.000,0.000,34.980,36.769,35.884,1.000,1.000,0.000,47.681,47.500,0.940,51.203,5.000,99.0,47.0,-40.97435760498047,-4.666666507720947
73.068,12:18:08.008,450.812,35.121,15832.852,0.000,0.000,0.000,35.002,37.188,37.316,1.000,1.000,0.000,48.118,48.300,0.940,51.291,5.000,99.0,47.0,-40.97435760498047,-4.666666507720947
73.179,12:18:08.119,450.812,35.121,15832.852,0.000,0.000,0.000,35.002,37.188,37.316,1.000,1.000,0.000,48.118,48.300,0.940,51.291,5.000,99.0,47.0,-40.97435760498047,-4.666666507720947
73.291,12:18:08.231,453.308,34.550,15661.792,0.000,0.000,0.000,35.744,35.370,36.364,1.000,1.000,0.000,47.719,47.900,0.940,51.356,5.000,99.0,47.0,-40.97435760498047,-4.666666507720947
73.402,12:18:08.343,453.308,34.550,15661.792,0.000,0.000,0.000,35.744,35.370,36.364,1.000,1.000,0.000,47.719,47.900,0.940,51.356,5.000,99.0,47.0,-40.97435760498047,-4.666666507720947
73.515,12:18:08.455,453.308,34.550,15661.792,0.000,0.000,0.000,35.744,35.370,36.364,1.000,1.000,0.000,47.719,47.900,0.940,51.356,5.000,99.0,47.0,-40.97435760498047,-4.666666507720947
73.627,12:18:08.568,451.156,35.061,15818.130,0.000,0.000,0.000,35.542,37.284,36.403,1.000,1.000,0.000,48.080,47.900,0.940,51.403,5.000,99.0,47.0,-40.97435760498047,-4.666666507720947
73.739,12:18:08.679,451.156,35.061,15818.130,0.000,0.000,0.000,35.542,37.284,36.403,1.000,1.000,0.000,48.080,47.900,0.940,51.403,5.000,99.0,47.0,-40.97435760498047,-4.666666507720947
73.851,12:18:08.983,451.156,35.061,15818.130,0.000,0.000,0.000,35.542,37.284,36.403,1.000,1.000,0.000,48.080,47.900,0.940,51.403,5.000,99.0,47.0,-54.25640869140625,20.30769157409668
74.154,12:18:09.094,446.877,36.013,16093.479,0.000,0.000,0.000,36.771,37.124,38.676,1.000,1.000,0.000,48.480,48.300,0.940,51.483,5.000,99.0,47.0,-54.25640869140625,20.30769157409668
74.266,12:18:09.207,446.877,36.013,16093.479,0.000,0.000,0.000,36.771,37.124,38.676,1.000,1.000,0.000,48.480,48.300,0.940,51.483,5.000,99.0,47.0,-54.25640869140625,20.30769157409668
74.378,12:18:09.318,446.877,36.013,16093.479,0.000,0.000,0.000,36.771,37.124,38.676,1.000,1.000,0.000,48.480,48.300,0.940,51.483,5.000,99.0,47.0,-54.25640869140625,20.30769157409668
74.489,12:18:09.430,449.261,35.527,15960.924,0.000,0.000,0.000,35.721,37.882,37.422,1.000,1.000,0.000,48.118,48.300,0.940,51.573,5.000,99.0,47.0,-54.25640869140625,20.30769157409668
74.602,12:18:09.542,449.261,35.527,15960.924,0.000,0.000,0.000,35.721,37.882,37.422,1.000,1.000,0.000,48.118,48.300,0.940,51.573,5.000,99.0,47.0,-54.25640869140625,20.30769157409668
74.713,12:18:09.654,449.261,35.527,15960.924,0.000,0.000,0.000,35.721,37.882,37.422,1.000,1.000,0.000,48.118,48.300,0.940,51.573,5.000,99.0,47.0,-54.25640869140625,20.30769157409668
74.827,12:18:09.767,453.351,34.583,15678.227,0.000,0.000,0.000,35.574,35.261,36.794,1.000,1.000,0.000,47.719,47.900,0.940,51.663,5.000,99.0,47.0,-54.25640869140625,20.30769157409668
74.937,12:18:10.071,453.351,34.583,15678.227,0.000,0.000,0.000,35.574,35.261,36.794,1.000,1.000,0.000,47.719,47.900,0.940,51.663,5.000,99.0,47.0,-7.282051086425781,-40.153846740722656
75.242,12:18:10.182,451.491,35.039,15819.879,0.000,0.000,0.000,35.854,37.027,36.194,1.000,1.000,0.000,48.080,47.900,0.940,51.756,5.000,99.0,47.0,-7.282051086425781,-40.153846740722656
75.354,12:18:10.294,451.491,35.039,15819.879,0.000,0.000,0.000,35.854,37.027,36.194,1.000,1.000,0.000,48.080,47.900,0.940,51.756,5.000,99.0,47.0,-7.282051086425781,-40.153846740722656
75.465,12:18:10.405,451.491,35.039,15819.879,0.000,0.000,0.000,35.854,37.027,36.194,1.000,1.000,0.000,48.080,47.900,0.940,51.756,5.000,99.0,47.0,-7.282051086425781,-40.153846740722656
75.577,12:18:10.518,451.491,35.039,15819.879,0.000,0.000,0.000,35.854,37.027,36.194,1.000,1.000,0.000,48.080,47.900,0.940,51.756,5.000,99.0,47.0,-7.282051086425781,-40.153846740722656
75.689,12:18:10.630,453.271,34.620,15692.037,0.000,0.000,0.000,34.399,36.602,36.835,1.000,1.000,0.000,47.681,47.500,0.940,51.777,5.000,99.0,47.0,-7.282051086425781,-40.153846740722656
75.801,12:18:10.742,453.271,34.620,15692.037,0.000,0.000,0.000,34.399,36.602,36.835,1.000,1.000,0.000,47.681,47.500,0.940,51.777,5.000,99.0,47.0,-7.282051086425781,-40.153846740722656
75.914,12:18:10.854,453.271,34.620,15692.037,0.000,0.000,0.000,34.399,36.602,36.835,1.000,1.000,0.000,47.681,47.500,0.940,51.777,5.000,99.0,47.0,-7.282051086425781,-40.153846740722656
76.026,12:18:11.158,453.271,34.620,15692.037,0.000,0.000,0.000,34.399,36.602,36.835,1.000,1.000,0.000,47.681,47.500,0.940,51.777,5.000,99.0,47.0,41.43589782714844,-46.769229888916016
76.329,12:18:11.269,451.710,34.977,15799.294,0.000,0.000,0.000,35.233,36.153,37.597,1.000,1.000,0.000,48.118,48.300,0.940,51.845,5.000,99.0,47.0,41.43589782714844,-46.769229888916016
76.456,12:18:11.397,447.691,35.882,16064.114,0.000,0.000,0.000,36.427,38.162,37.536,1.000,1.000,0.000,48.518,48.700,0.940,51.911,5.000,99.0,47.0,41.43589782714844,-46.769229888916016
76.568,12:18:11.509,447.691,35.882,16064.114,0.000,0.000,0.000,36.427,38.162,37.536,1.000,1.000,0.000,48.518,48.700,0.940,51.911,5.000,99.0,47.0,41.43589782714844,-46.769229888916016
76.681,12:18:11.622,447.691,35.882,16064.114,0.000,0.000,0.000,36.427,38.162,37.536,1.000,1.000,0.000,48.518,48.700,0.940,51.911,5.000,99.0,47.0,41.43589782714844,-46.769229888916016
76.793,12:18:11.734,447.691,35.882,16064.114,0.000,0.000,0.000,36.427,38.162,37.536,1.000,1.000,0.000,48.518,48.700,0.940,51.911,5.000,99.0,47.0,41.43589782714844,-46.769229888916016
76.904,12:18:11.845,448.920,35.642,16000.315,0.000,0.000,0.000,36.915,37.275,36.985,1.000,1.000,0.000,48.080,47.900,0.940,51.999,5.000,99.0,47.0,41.43589782714844,-46.769229888916016
77.017,12:18:11.958,448.920,35.642,16000.315,0.000,0.000,0.000,36.915,37.275,36.985,1.000,1.000,0.000,48.080,47.900,0.940,51.999,5.000,99.0,47.0,41.43589782714844,-46.769229888916016
77.129,12:18:12.261,448.920,35.642,16000.315,0.000,0.000,0.000,36.915,37.275,36.985,1.000,1.000,0.000,48.080,47.900,0.940,51.999,5.000,99.0,47.0,-28.512821197509766,-23.28205108642578
77.432,12:18:12.372,453.089,34.680,15713.345,0.000,0.000,0.000,34.520,36.901,36.568,1.000,1.000,0.000,47.719,47.900,0.940,52.067,5.000,99.0,47.0,-28.512821197509766,-23.28205108642578
77.544,12:18:12.485,453.089,34.680,15713.345,0.000,0.000,0.000,34.520,36.901,36.568,1.000,1.000,0.000,47.719,47.900,0.940,52.067,5.000,99.0,47.0,-28.512821197509766,-23.28205108642578
77.672,12:18:12.613,452.025,34.928,15788.306,0.000,0.000,0.000,35.525,35.774,37.483,1.000,1.000,0.000,48.118,48.300,0.940,52.178,5.000,99.0,47.0,-28.512821197509766,-23.28205108642578
77.783,12:18:12.724,452.025,34.928,15788.306,0.000,0.000,0.000,35.525,35.774,37.483,1.000,1.000,0.000,48.118,48.300,0.940,52.178,5.000,99.0,47.0,-28.512821197509766,-23.28205108642578
77.897,12:18:12.837,452.025,34.928,15788.306,0.000,0.000,0.000,35.525,35.774,37.483,1.000,1.000,0.000,48.118,48.300,0.940,52.178,5.000,99.0,47.0,-28.512821197509766,-23.28205108642578
78.007,12:18:12.948,452.025,34.928,15788.306,0.000,0.000,0.000,35.525,35.774,37.483,1.000,1.000,0.000,48.118,48.300,0.940,52.178,5.000,99.0,47.0,-28.512821197509766,-23.28205108642578
78.120,12:18:13.061,448.049,35.854,16064.180,0.000,0.000,0.000,36.087,38.159,37.798,1.000,1.000,0.000,48.480,48.300,0.940,52.221,5.000,99.0,47.0,-28.512821197509766,-23.28205108642578
78.231,12:18:13.363,448.049,35.854,16064.180,0.000,0.000,0.000,36.087,38.159,37.798,1.000,1.000,0.000,48.480,48.300,0.940,52.221,5.000,99.0,47.0,34.82051467895508,30.35897445678711
78.535,12:18:13.476,452.388,34.886,15781.875,0.000,0.000,0.000,36.071,35.826,36.587,1.000,1.000,0.000,48.080,47.900,0.940,52.288,5.000,99.0,47.0,34.82051467895508,30.35897445678711
78.648,12:18:13.589,452.388,34.886,15781.875,0.000,0.000,0.000,36.071,35.826,36.587,1.000,1.000,0.000,48.080,47.900,0.940,52.288,5.000,99.0,47.0,34.82051467895508,30.35897445678711
78.760,12:18:13.700,452.388,34.886,15781.875,0.000,0.000,0.000,36.071,35.826,36.587,1.000,1.000,0.000,48.080,47.900,0.940,52.288,5.000,99.0,47.0,34.82051467895508,30.35897445678711
78.871,12:18:13.811,452.388,34.886,15781.875,0.000,0.000,0.000,36.071,35.826,36.587,1.000,1.000,0.000,48.080,47.900,0.940,52.288,5.000,99.0,47.0,34.82051467895508,30.35897445678711
78.983,12:18:13.924,453.394,34.632,15701.940,0.000,0.000,0.000,35.062,36.833,35.881,1.000,1.000,0.000,47.719,47.900,0.940,52.376,5.000,99.0,47.0,34.82051467895508,30.35897445678711
79.094,12:18:14.035,453.394,34.632,15701.940,0.000,0.000,0.000,35.062,36.833,35.881,1.000,1.000,0.000,47.719,47.900,0.940,52.376,5.000,99.0,47.0,34.82051467895508,30.35897445678711
79.207,12:18:14.147,453.394,34.632,15701.940,0.000,0.000,0.000,35.062,36.833,35.881,1.000,1.000,0.000,47.719,47.900,0.940,52.376,5.000,99.0,47.0,34.82051467895508,30.35897445678711
79.319,12:18:14.451,449.332,35.600,15996.434,0.000,0.000,0.000,35.876,37.050,38.248,1.000,1.000,0.000,48.118,48.300,0.940,52.395,5.000,99.0,47.0,30.9743595123291,-55.17948532104492
79.623,12:18:14.563,449.332,35.600,15996.434,0.000,0.000,0.000,35.876,37.050,38.248,1.000,1.000,0.000,48.118,48.300,0.940,52.395,5.000,99.0,47.0,30.9743595123291,-55.17948532104492
79.735,12:18:14.675,448.926,35.700,16026.585,0.000,0.000,0.000,36.609,37.708,37.043,1.000,1.000,0.000,48.480,48.300,0.940,52.464,5.000,99.0,47.0,30.9743595123291,-55.17948532104492
79.846,12:18:14.787,448.926,35.700,16026.585,0.000,0.000,0.000,36.609,37.708,37.043,1.000,1.000,0.000,48.480,48.300,0.940,52.464,5.000,99.0,47.0,30.9743595123291,-55.17948532104492
79.958,12:18:14.899,448.926,35.700,16026.585,0.000,0.000,0.000,36.609,37.708,37.043,1.000,1.000,0.000,48.480,48.300,0.940,52.464,5.000,99.0,47.0,30.9743595123291,-55.17948532104492
80.070,12:18:15.011,448.926,35.700,16026.585,0.000,0.000,0.000,36.609,37.708,37.043,1.000,1.000,0.000,48.480,48.300,0.940,52.464,5.000,99.0,47.0,30.9743595123291,-55.17948532104492
80.182,12:18:15.123,453.191,34.718,15734.051,0.000,0.000,0.000,35.428,35.448,37.171,1.000,1.000,0.000,47.719,47.900,0.940,52.531,5.000,99.0,47.0,30.9743595123291,-55.17948532104492
80.295,12:18:15.235,453.191,34.718,15734.051,0.000,0.000,0.000,35.428,35.448,37.171,1.000,1.000,0.000,47.719,47.900,0.940,52.531,5.000,99.0,47.0,30.9743595123291,-55.17948532104492
80.406,12:18:15.539,453.191,34.718,15734.051,0.000,0.000,0.000,35.428,35.448,37.171,1.000,1.000,0.000,47.719,47.900,0.940,52.531,5.000,99.0,47.0,-21.58974266052246,-29.28205108642578
80.711,12:18:15.652,449.326,35.614,16002.513,0.000,0.000,0.000,36.641,37.559,36.913,1.000,1.000,0.000,48.080,47.900,0.940,52.621,5.000,99.0,47.0,-21.58974266052246,-29.28205108642578
80.822,12:18:15.762,449.326,35.614,16002.513,0.000,0.000,0.000,36.641,37.559,36.913,1.000,1.000,0.000,48.080,47.900,0.940,52.621,5.000,99.0,47.0,-21.58974266052246,-29.28205108642578
80.933,12:18:15.874,453.023,34.773,15753.071,0.000,0.000,0.000,34.554,36.623,37.021,1.000,1.000,0.000,48.118,48.300,0.940,52.670,5.000,99.0,47.0,-21.58974266052246,-29.28205108642578
81.046,12:18:15.987,453.023,34.773,15753.071,0.000,0.000,0.000,34.554,36.623,37.021,1.000,1.000,0.000,48.118,48.300,0.940,52.670,5.000,99.0,47.0,-21.58974266052246,-29.28205108642578
81.158,12:18:16.099,453.023,34.773,15753.071,0.000,0.000,0.000,34.554,36.623,37.021,1.000,1.000,0.000,48.118,48.300,0.940,52.670,5.000,99.0,47.0,-21.58974266052246,-29.28205108642578
81.270,12:18:16.211,453.023,34.773,15753.071,0.000,0.000,0.000,34.554,36.623,37.021,1.000,1.000,0.000,48.118,48.300,0.940,52.670,5.000,99.0,47.0,-21.58974266052246,-29.28205108642578
81.382,12:18:16.322,449.290,35.625,16006.130,0.000,0.000,0.000,36.969,36.965,37.087,1.000,1.000,0.000,48.080,47.900,0.940,52.691,5.000,99.0,47.0,-21.58974266052246,-29.28205108642578
81.493,12:18:16.625,449.290,35.625,16006.130,0.000,0.000,0.000,36.969,36.965,37.087,1.000,1.000,0.000,48.080,47.900,0.940,52.691,5.000,99.0,47.0,48.97435760498047,8.0
81.797,12:18:16.738,449.138,35.680,16025.421,0.000,0.000,0.000,35.692,37.595,38.088,1.000,1.000,0.000,48.480,48.300,0.940,52.767,5.000,99.0,47.0,48.97435760498047,8.0
81.910,12:18:16.850,449.138,35.680,16025.421,0.000,0.000,0.000,35.692,37.595,38.088,1.000,1.000,0.000,48.480,48.300,0.940,52.767,5.000,99.0,47.0,48.97435760498047,8.0
82.022,12:18:16.962,449.138,35.680,16025.421,0.000,0.000,0.000,35.692,37.595,38.088,1.000,1.000,0.000,48.480,48.300,0.940,52.767,5.000,99.0,47.0,48.97435760498047,8.0
82.133,12:18:17.074,453.138,34.765,15753.475,0.000,0.000,0.000,35.888,36.427,35.864,1.000,1.000,0.000,47.719,47.900,0.940,52.829,5.000,99.0,47.0,48.97435760498047,8.0
82.245,12:18:17.186,453.138,34.765,15753.475,0.000,0.000,0.000,35.888,36.427,35.864,1.000,1.000,0.000,47.719,47.900,0.940,52.829,5.000,99.0,47.0,48.97435760498047,8.0
82.357,12:18:17.298,453.138,34.765,15753.475,0.000,0.000,0.000,35.888,36.427,35.864,1.000,1.000,0.000,47.719,47.900,0.940,52.829,5.000,99.0,47.0,48.97435760498047,8.0
82.468,12:18:17.409,453.138,34.765,15753.475,0.000,0.000,0.000,35.888,36.427,35.864,1.000,1.000,0.000,47.719,47.900,0.940,52.829,5.000,99.0,47.0,48.97435760498047,8.0
82.581,12:18:17.714,449.379,35.637,16014.352,0.000,0.000,0.000,35.620,37.750,37.831,1.000,1.000,0.000,48.480,48.300,0.940,52.889,5.000,99.0,47.0,23.28205108642578,-53.74359130859375
82.884,12:18:17.825,449.379,35.637,16014.352,0.000,0.000,0.000,35.620,37.750,37.831,1.000,1.000,0.000,48.480,48.300,0.940,52.889,5.000,99.0,47.0,23.28205108642578,-53.74359130859375
82.996,12:18:17.937,454.889,34.354,15627.480,0.000,0.000,0.000,34.804,35.209,36.899,1.000,1.000,0.000,47.720,47.900,0.940,52.993,5.000,99.0,47.0,23.28205108642578,-53.74359130859375
83.109,12:18:18.049,454.889,34.354,15627.480,0.000,0.000,0.000,34.804,35.209,36.899,1.000,1.000,0.000,47.720,47.900,0.940,52.993,5.000,99.0,47.0,23.28205108642578,-53.74359130859375
83.220,12:18:18.160,454.889,34.354,15627.480,0.000,0.000,0.000,34.804,35.209,36.899,1.000,1.000,0.000,47.720,47.900,0.940,52.993,5.000,99.0,47.0,23.28205108642578,-53.74359130859375
83.332,12:18:18.273,454.889,34.354,15627.480,0.000,0.000,0.000,34.804,35.209,36.899,1.000,1.000,0.000,47.720,47.900,0.940,52.993,5.000,99.0,47.0,23.28205108642578,-53.74359130859375
83.445,12:18:18.385,451.114,35.262,15907.323,0.000,0.000,0.000,36.401,37.039,36.495,1.000,1.000,0.000,48.079,47.900,0.940,53.040,5.000,99.0,47.0,23.28205108642578,-53.74359130859375
83.556,12:18:18.497,451.114,35.262,15907.323,0.000,0.000,0.000,36.401,37.039,36.495,1.000,1.000,0.000,48.079,47.900,0.940,53.040,5.000,99.0,47.0,23.28205108642578,-53.74359130859375
83.668,12:18:18.801,451.114,35.262,15907.323,0.000,0.000,0.000,36.401,37.039,36.495,1.000,1.000,0.000,48.079,47.900,0.940,53.040,5.000,99.0,47.0,-40.71794891357422,35.33333206176758
83.971,12:18:18.912,452.150,35.027,15837.271,0.000,0.000,0.000,34.946,36.679,37.493,1.000,1.000,0.000,48.118,48.300,0.940,53.085,5.000,99.0,47.0,-40.71794891357422,35.33333206176758
84.085,12:18:19.025,452.150,35.027,15837.271,0.000,0.000,0.000,34.946,36.679,37.493,1.000,1.000,0.000,48.118,48.300,0.940,53.085,5.000,99.0,47.0,-40.71794891357422,35.33333206176758
84.196,12:18:19.137,450.928,35.318,15925.804,0.000,0.000,0.000,36.550,36.980,36.613,1.000,1.000,0.000,48.080,47.900,0.940,53.171,5.000,99.0,47.0,-40.71794891357422,35.33333206176758
84.308,12:18:19.249,450.928,35.318,15925.804,0.000,0.000,0.000,36.550,36.980,36.613,1.000,1.000,0.000,48.080,47.900,0.940,53.171,5.000,99.0,47.0,-40.71794891357422,35.33333206176758
84.419,12:18:19.360,450.928,35.318,15925.804,0.000,0.000,0.000,36.550,36.980,36.613,1.000,1.000,0.000,48.080,47.900,0.940,53.171,5.000,99.0,47.0,-40.71794891357422,35.33333206176758
84.531,12:18:19.472,450.928,35.318,15925.804,0.000,0.000,0.000,36.550,36.980,36.613,1.000,1.000,0.000,48.080,47.900,0.940,53.171,5.000,99.0,47.0,-40.71794891357422,35.33333206176758
84.644,12:18:19.584,454.896,34.385,15641.423,0.000,0.000,0.000,34.114,36.373,36.532,1.000,1.000,0.000,47.719,47.900,0.940,53.173,5.000,99.0,47.0,-40.71794891357422,35.33333206176758
84.756,12:18:19.888,454.896,34.385,15641.423,0.000,0.000,0.000,34.114,36.373,36.532,1.000,1.000,0.000,47.719,47.900,0.940,53.173,5.000,99.0,47.0,8.769230842590332,-45.64102554321289
85.060,12:18:20.000,452.310,35.013,15836.568,0.000,0.000,0.000,35.610,35.842,37.517,1.000,1.000,0.000,48.118,48.300,0.940,53.238,5.000,99.0,47.0,8.769230842590332,-45.64102554321289
85.171,12:18:20.111,452.310,35.013,15836.568,0.000,0.000,0.000,35.610,35.842,37.517,1.000,1.000,0.000,48.118,48.300,0.940,53.238,5.000,99.0,47.0,8.769230842590332,-45.64102554321289
85.283,12:18:20.224,452.310,35.013,15836.568,0.000,0.000,0.000,35.610,35.842,37.517,1.000,1.000,0.000,48.118,48.300,0.940,53.238,5.000,99.0,47.0,8.769230842590332,-45.64102554321289
85.394,12:18:20.335,450.838,35.354,15939.133,0.000,0.000,0.000,35.841,37.587,36.865,1.000,1.000,0.000,48.080,47.900,0.940,53.270,5.000,99.0,47.0,8.769230842590332,-45.64102554321289
85.506,12:18:20.447,450.838,35.354,15939.133,0.000,0.000,0.000,35.841,37.587,36.865,1.000,1.000,0.000,48.080,47.900,0.940,53.270,5.000,99.0,47.0,8.769230842590332,-45.64102554321289
85.620,12:18:20.560,450.838,35.354,15939.133,0.000,0.000,0.000,35.841,37.587,36.865,1.000,1.000,0.000,48.080,47.900,0.940,53.270,5.000,99.0,47.0,8.769230842590332,-45.64102554321289
85.731,12:18:20.671,450.838,35.354,15939.133,0.000,0.000,0.000,35.841,37.587,36.865,1.000,1.000,0.000,48.080,47.900,0.940,53.270,5.000,99.0,47.0,8.769230842590332,-45.64102554321289
85.843,12:18:20.976,452.696,34.930,15812.832,0.000,0.000,0.000,35.276,35.834,37.507,1.000,1.000,0.000,48.080,47.900,0.940,53.324,5.000,99.0,47.0,48.56410217285156,-20.820512771606445
86.147,12:18:21.087,452.696,34.930,15812.832,0.000,0.000,0.000,35.276,35.834,37.507,1.000,1.000,0.000,48.080,47.900,0.940,53.324,5.000,99.0,47.0,48.56410217285156,-20.820512771606445
86.259,12:18:21.200,456.419,34.010,15522.904,0.000,0.000,0.000,35.171,34.782,35.584,1.000,1.000,0.000,47.719,47.900,0.940,53.384,5.000,99.0,47.0,48.56410217285156,-20.820512771606445
86.371,12:18:21.311,456.419,34.010,15522.904,0.000,0.000,0.000,35.171,34.782,35.584,1.000,1.000,0.000,47.719,47.900,0.940,53.384,5.000,99.0,47.0,48.56410217285156,-20.820512771606445
86.482,12:18:21.423,456.419,34.010,15522.904,0.000,0.000,0.000,35.171,34.782,35.584,1.000,1.000,0.000,47.719,47.900,0.940,53.384,5.000,99.0,47.0,48.56410217285156,-20.820512771606445
86.594,12:18:21.535,453.147,34.828,15782.121,0.000,0.000,0.000,35.657,36.778,35.963,1.000,1.000,0.000,48.118,48.300,0.940,53.393,5.000,99.0,47.0,48.56410217285156,-20.820512771606445
86.707,12:18:21.647,453.147,34.828,15782.121,0.000,0.000,0.000,35.657,36.778,35.963,1.000,1.000,0.000,48.118,48.300,0.940,53.393,5.000,99.0,47.0,48.56410217285156,-20.820512771606445
86.819,12:18:21.759,453.147,34.828,15782.121,0.000,0.000,0.000,35.657,36.778,35.963,1.000,1.000,0.000,48.118,48.300,0.940,53.393,5.000,99.0,47.0,48.56410217285156,-20.820512771606445
86.930,12:18:22.063,453.147,34.828,15782.121,0.000,0.000,0.000,35.657,36.778,35.963,1.000,1.000,0.000,48.118,48.300,0.940,53.393,5.000,99.0,47.0,42.153846740722656,2.5128204822540283
87.234,12:18:22.174,450.544,35.467,15979.384,0.000,0.000,0.000,36.067,36.500,38.138,1.000,1.000,0.000,48.118,48.300,0.940,53.439,5.000,99.0,47.0,42.153846740722656,2.5128204822540283
87.345,12:18:22.286,450.544,35.467,15979.384,0.000,0.000,0.000,36.067,36.500,38.138,1.000,1.000,0.000,48.118,48.300,0.940,53.439,5.000,99.0,47.0,42.153846740722656,2.5128204822540283
87.458,12:18:22.399,446.295,36.406,16247.966,0.000,0.000,0.000,36.636,38.664,38.693,1.000,1.000,0.000,48.518,48.700,0.940,53.521,5.000,99.0,47.0,42.153846740722656,2.5128204822540283
87.569,12:18:22.510,446.295,36.406,16247.966,0.000,0.000,0.000,36.636,38.664,38.693,1.000,1.000,0.000,48.518,48.700,0.940,53.521,5.000,99.0,47.0,42.153846740722656,2.5128204822540283
87.682,12:18:22.623,446.295,36.406,16247.966,0.000,0.000,0.000,36.636,38.664,38.693,1.000,1.000,0.000,48.518,48.700,0.940,53.521,5.000,99.0,47.0,42.153846740722656,2.5128204822540283
87.793,12:18:22.734,446.295,36.406,16247.966,0.000,0.000,0.000,36.636,38.664,38.693,1.000,1.000,0.000,48.518,48.700,0.940,53.521,5.000,99.0,47.0,42.153846740722656,2.5128204822540283
87.906,12:18:22.847,445.973,36.491,16273.961,0.000,0.000,0.000,36.777,38.825,38.588,1.000,1.000,0.000,48.480,48.300,0.940,53.623,5.000,99.0,47.0,42.153846740722656,2.5128204822540283
88.018,12:18:23.150,445.973,36.491,16273.961,0.000,0.000,0.000,36.777,38.825,38.588,1.000,1.000,0.000,48.480,48.300,0.940,53.623,5.000,99.0,47.0,-51.69230651855469,28.153846740722656
88.322,12:18:23.263,450.650,35.497,15996.553,0.000,0.000,0.000,36.626,37.226,36.714,1.000,1.000,0.000,48.080,47.900,0.940,53.727,5.000,99.0,47.0,-51.69230651855469,28.153846740722656
88.433,12:18:23.373,450.650,35.497,15996.553,0.000,0.000,0.000,36.626,37.226,36.714,1.000,1.000,0.000,48.080,47.900,0.940,53.727,5.000,99.0,47.0,-51.69230651855469,28.153846740722656
88.545,12:18:23.486,450.650,35.497,15996.553,0.000,0.000,0.000,36.626,37.226,36.714,1.000,1.000,0.000,48.080,47.900,0.940,53.727,5.000,99.0,47.0,-51.69230651855469,28.153846740722656
88.656,12:18:23.597,453.399,34.847,15799.762,0.000,0.000,0.000,34.719,36.442,37.297,1.000,1.000,0.000,48.118,48.300,0.940,53.790,5.000,99.0,47.0,-51.69230651855469,28.153846740722656
88.770,12:18:23.710,453.399,34.847,15799.762,0.000,0.000,0.000,34.719,36.442,37.297,1.000,1.000,0.000,48.118,48.300,0.940,53.790,5.000,99.0,47.0,-51.69230651855469,28.153846740722656
88.881,12:18:23.822,453.399,34.847,15799.762,0.000,0.000,0.000,34.719,36.442,37.297,1.000,1.000,0.000,48.118,48.300,0.940,53.790,5.000,99.0,47.0,-51.69230651855469,28.153846740722656
88.993,12:18:23.934,453.399,34.847,15799.762,0.000,0.000,0.000,34.719,36.442,37.297,1.000,1.000,0.000,48.118,48.300,0.940,53.790,5.000,99.0,47.0,-51.69230651855469,28.153846740722656
89.104,12:18:24.237,450.755,35.492,15998.330,0.000,0.000,0.000,36.731,37.121,36.790,1.000,1.000,0.000,48.118,48.300,0.940,53.856,5.000,99.0,47.0,-5.538461685180664,-43.33333206176758
89.408,12:18:24.349,450.755,35.492,15998.330,0.000,0.000,0.000,36.731,37.121,36.790,1.000,1.000,0.000,48.118,48.300,0.940,53.856,5.000,99.0,47.0,-5.538461685180664,-43.33333206176758
89.521,12:18:24.461,446.267,36.482,16280.779,0.000,0.000,0.000,37.387,37.636,39.073,1.000,1.000,0.000,48.480,48.300,0.940,53.926,5.000,99.0,47.0,-5.538461685180664,-43.33333206176758
89.632,12:18:24.573,446.267,36.482,16280.779,0.000,0.000,0.000,37.387,37.636,39.073,1.000,1.000,0.000,48.480,48.300,0.940,53.926,5.000,99.0,47.0,-5.538461685180664,-43.33333206176758
89.744,12:18:24.684,446.267,36.482,16280.779,0.000,0.000,0.000,37.387,37.636,39.073,1.000,1.000,0.000,48.480,48.300,0.940,53.926,5.000,99.0,47.0,-5.538461685180664,-43.33333206176758
89.857,12:18:24.797,453.890,34.779,15785.815,0.000,0.000,0.000,34.717,36.963,36.606,1.000,1.000,0.000,48.118,48.300,0.940,53.972,5.000,99.0,47.0,-5.538461685180664,-43.33333206176758
89.968,12:18:24.908,453.890,34.779,15785.815,0.000,0.000,0.000,34.717,36.963,36.606,1.000,1.000,0.000,48.118,48.300,0.940,53.972,5.000,99.0,47.0,-5.538461685180664,-43.33333206176758
90.080,12:18:25.021,453.890,34.779,15785.815,0.000,0.000,0.000,34.717,36.963,36.606,1.000,1.000,0.000,48.118,48.300,0.940,53.972,5.000,99.0,47.0,-5.538461685180664,-43.33333206176758
90.192,12:18:25.325,453.890,34.779,15785.815,0.000,0.000,0.000,34.717,36.963,36.606,1.000,1.000,0.000,48.118,48.300,0.940,53.972,5.000,99.0,47.0,-45.589744567871094,43.846153259277344
90.496,12:18:25.436,450.958,35.495,16006.636,0.000,0.000,0.000,36.671,36.492,37.420,1.000,1.000,0.000,48.118,48.300,0.940,54.044,5.000,99.0,47.0,-45.589744567871094,43.846153259277344
90.607,12:18:25.548,450.958,35.495,16006.636,0.000,0.000,0.000,36.671,36.492,37.420,1.000,1.000,0.000,48.118,48.300,0.940,54.044,5.000,99.0,47.0,-45.589744567871094,43.846153259277344
90.720,12:18:25.661,446.489,36.475,16285.746,0.000,0.000,0.000,36.883,38.128,39.166,1.000,1.000,0.000,48.480,48.300,0.940,54.104,5.000,99.0,47.0,-45.589744567871094,43.846153259277344
90.832,12:18:25.772,446.489,36.475,16285.746,0.000,0.000,0.000,36.883,38.128,39.166,1.000,1.000,0.000,48.480,48.300,0.940,54.104,5.000,99.0,47.0,-45.589744567871094,43.846153259277344
90.944,12:18:25.885,446.489,36.475,16285.746,0.000,0.000,0.000,36.883,38.128,39.166,1.000,1.000,0.000,48.480,48.300,0.940,54.104,5.000,99.0,47.0,-45.589744567871094,43.846153259277344
91.055,12:18:25.996,450.942,35.525,16019.780,0.000,0.000,0.000,35.694,37.808,37.379,1.000,1.000,0.000,48.080,47.900,0.940,54.182,5.000,99.0,47.0,-45.589744567871094,43.846153259277344
91.167,12:18:26.108,450.942,35.525,16019.780,0.000,0.000,0.000,35.694,37.808,37.379,1.000,1.000,0.000,48.080,47.900,0.940,54.182,5.000,99.0,47.0,-45.589744567871094,43.846153259277344
91.279,12:18:26.411,450.942,35.525,16019.780,0.000,0.000,0.000,35.694,37.808,37.379,1.000,1.000,0.000,48.080,47.900,0.940,54.182,5.000,99.0,47.0,39.74359130859375,8.307692527770996
91.583,12:18:26.523,454.234,34.733,15777.135,0.000,0.000,0.000,35.476,35.391,37.068,1.000,1.000,0.000,48.118,48.300,0.940,54.224,5.000,99.0,47.0,39.74359130859375,8.307692527770996
91.695,12:18:26.636,454.234,34.733,15777.135,0.000,0.000,0.000,35.476,35.391,37.068,1.000,1.000,0.000,48.118,48.300,0.940,54.224,5.000,99.0,47.0,39.74359130859375,8.307692527770996
91.808,12:18:26.749,454.234,34.733,15777.135,0.000,0.000,0.000,35.476,35.391,37.068,1.000,1.000,0.000,48.118,48.300,0.940,54.224,5.000,99.0,47.0,39.74359130859375,8.307692527770996
91.918,12:18:26.859,451.114,35.501,16015.114,0.000,0.000,0.000,35.770,37.754,37.142,1.000,1.000,0.000,48.118,48.300,0.940,54.275,5.000,99.0,47.0,39.74359130859375,8.307692527770996
92.031,12:18:26.972,451.114,35.501,16015.114,0.000,0.000,0.000,35.770,37.754,37.142,1.000,1.000,0.000,48.118,48.300,0.940,54.275,5.000,99.0,47.0,39.74359130859375,8.307692527770996
92.143,12:18:27.083,451.114,35.501,16015.114,0.000,0.000,0.000,35.770,37.754,37.142,1.000,1.000,0.000,48.118,48.300,0.940,54.275,5.000,99.0,47.0,39.74359130859375,8.307692527770996
92.256,12:18:27.197,451.114,35.501,16015.114,0.000,0.000,0.000,35.770,37.754,37.142,1.000,1.000,0.000,48.118,48.300,0.940,54.275,5.000,99.0,47.0,39.74359130859375,8.307692527770996
92.368,12:18:27.500,446.469,36.501,16296.640,0.000,0.000,0.000,37.696,37.944,38.450,1.000,1.000,0.000,48.480,48.300,0.940,54.321,5.000,99.0,47.0,28.256410598754883,30.102563858032227
92.687,12:18:27.627,454.372,34.736,15782.967,0.000,0.000,0.000,34.830,35.884,37.294,1.000,1.000,0.000,48.118,48.300,0.940,54.371,5.000,99.0,47.0,28.256410598754883,30.102563858032227
92.798,12:18:27.739,454.372,34.736,15782.967,0.000,0.000,0.000,34.830,35.884,37.294,1.000,1.000,0.000,48.118,48.300,0.940,54.371,5.000,99.0,47.0,28.256410598754883,30.102563858032227
92.910,12:18:27.851,454.372,34.736,15782.967,0.000,0.000,0.000,34.830,35.884,37.294,1.000,1.000,0.000,48.118,48.300,0.940,54.371,5.000,99.0,47.0,28.256410598754883,30.102563858032227
93.022,12:18:27.963,454.372,34.736,15782.967,0.000,0.000,0.000,34.830,35.884,37.294,1.000,1.000,0.000,48.118,48.300,0.940,54.371,5.000,99.0,47.0,28.256410598754883,30.102563858032227
93.134,12:18:28.075,450.862,35.570,16037.119,0.000,0.000,0.000,36.229,37.745,36.985,1.000,1.000,0.000,48.080,47.900,0.940,54.429,5.000,99.0,47.0,28.256410598754883,30.102563858032227
93.246,12:18:28.187,450.862,35.570,16037.119,0.000,0.000,0.000,36.229,37.745,36.985,1.000,1.000,0.000,48.080,47.900,0.940,54.429,5.000,99.0,47.0,28.256410598754883,30.102563858032227
93.358,12:18:28.298,450.862,35.570,16037.119,0.000,0.000,0.000,36.229,37.745,36.985,1.000,1.000,0.000,48.080,47.900,0.940,54.429,5.000,99.0,47.0,28.256410598754883,30.102563858032227
93.471,12:18:28.602,450.862,35.570,16037.119,0.000,0.000,0.000,36.229,37.745,36.985,1.000,1.000,0.000,48.080,47.900,0.940,54.429,5.000,99.0,47.0,49.74359130859375,-25.846153259277344
93.773,12:18:28.714,454.615,34.670,15761.539,0.000,0.000,0.000,34.976,35.702,37.259,1.000,1.000,0.000,48.118,48.300,0.940,54.485,5.000,99.0,47.0,49.74359130859375,-25.846153259277344
93.886,12:18:28.827,454.615,34.670,15761.539,0.000,0.000,0.000,34.976,35.702,37.259,1.000,1.000,0.000,48.118,48.300,0.940,54.485,5.000,99.0,47.0,49.74359130859375,-25.846153259277344
93.997,12:18:28.938,450.868,35.567,16036.247,0.000,0.000,0.000,36.137,37.775,37.053,1.000,1.000,0.000,48.080,47.900,0.940,54.516,5.000,99.0,47.0,49.74359130859375,-25.846153259277344
94.110,12:18:29.050,450.868,35.567,16036.247,0.000,0.000,0.000,36.137,37.775,37.053,1.000,1.000,0.000,48.080,47.900,0.940,54.516,5.000,99.0,47.0,49.74359130859375,-25.846153259277344
94.221,12:18:29.161,450.868,35.567,16036.247,0.000,0.000,0.000,36.137,37.775,37.053,1.000,1.000,0.000,48.080,47.900,0.940,54.516,5.000,99.0,47.0,49.74359130859375,-25.846153259277344
94.334,12:18:29.275,451.315,35.462,16004.574,0.000,0.000,0.000,36.077,36.363,37.987,1.000,1.000,0.000,48.480,48.300,0.940,54.562,5.000,99.0,47.0,49.74359130859375,-25.846153259277344
94.445,12:18:29.385,451.315,35.462,16004.574,0.000,0.000,0.000,36.077,36.363,37.987,1.000,1.000,0.000,48.480,48.300,0.940,54.562,5.000,99.0,47.0,49.74359130859375,-25.846153259277344
94.558,12:18:29.689,451.315,35.462,16004.574,0.000,0.000,0.000,36.077,36.363,37.987,1.000,1.000,0.000,48.480,48.300,0.940,54.562,5.000,99.0,47.0,-20.9743595123291,-32.66666793823242
94.861,12:18:29.801,452.907,35.032,15866.113,0.000,0.000,0.000,36.369,36.721,36.229,1.000,1.000,0.000,48.079,47.900,0.940,54.584,5.000,99.0,47.0,-20.9743595123291,-32.66666793823242
94.972,12:18:29.913,452.907,35.032,15866.113,0.000,0.000,0.000,36.369,36.721,36.229,1.000,1.000,0.000,48.079,47.900,0.940,54.584,5.000,99.0,47.0,-20.9743595123291,-32.66666793823242
95.085,12:18:30.026,452.907,35.032,15866.113,0.000,0.000,0.000,36.369,36.721,36.229,1.000,1.000,0.000,48.079,47.900,0.940,54.584,5.000,99.0,47.0,-20.9743595123291,-32.66666793823242
95.197,12:18:30.138,449.799,35.742,16076.808,0.000,0.000,0.000,35.886,37.383,38.432,1.000,1.000,0.000,48.519,48.700,0.940,54.668,5.000,99.0,47.0,-20.9743595123291,-32.66666793823242
95.309,12:18:30.250,449.799,35.742,16076.808,0.000,0.000,0.000,35.886,37.383,38.432,1.000,1.000,0.000,48.519,48.700,0.940,54.668,5.000,99.0,47.0,-20.9743595123291,-32.66666793823242
95.420,12:18:30.361,449.799,35.742,16076.808,0.000,0.000,0.000,35.886,37.383,38.432,1.000,1.000,0.000,48.519,48.700,0.940,54.668,5.000,99.0,47.0,-20.9743595123291,-32.66666793823242
95.532,12:18:30.473,452.677,35.087,15883.176,0.000,0.000,0.000,35.155,37.546,36.933,1.000,1.000,0.000,48.079,47.900,0.940,54.700,5.000,99.0,47.0,-20.9743595123291,-32.66666793823242
95.644,12:18:30.777,452.677,35.087,15883.176,0.000,0.000,0.000,35.155,37.546,36.933,1.000,1.000,0.000,48.079,47.900,0.940,54.700,5.000,99.0,47.0,12.615385055541992,-46.0512809753418
95.948,12:18:30.889,449.975,35.711,16069.234,0.000,0.000,0.000,36.860,36.660,37.945,1.000,1.000,0.000,48.480,48.300,0.940,54.751,5.000,99.0,47.0,12.615385055541992,-46.0512809753418
96.060,12:18:31.000,449.975,35.711,16069.234,0.000,0.000,0.000,36.860,36.660,37.945,1.000,1.000,0.000,48.480,48.300,0.940,54.751,5.000,99.0,47.0,12.615385055541992,-46.0512809753418
96.171,12:18:31.112,449.975,35.711,16069.234,0.000,0.000,0.000,36.860,36.660,37.945,1.000,1.000,0.000,48.480,48.300,0.940,54.751,5.000,99.0,47.0,12.615385055541992,-46.0512809753418
96.285,12:18:31.225,449.975,35.711,16069.234,0.000,0.000,0.000,36.860,36.660,37.945,1.000,1.000,0.000,48.480,48.300,0.940,54.751,5.000,99.0,47.0,12.615385055541992,-46.0512809753418
96.396,12:18:31.337,452.878,35.064,15879.569,0.000,0.000,0.000,35.391,36.746,37.513,1.000,1.000,0.000,48.118,48.300,0.940,54.813,5.000,99.0,47.0,12.615385055541992,-46.0512809753418
96.508,12:18:31.449,452.878,35.064,15879.569,0.000,0.000,0.000,35.391,36.746,37.513,1.000,1.000,0.000,48.118,48.300,0.940,54.813,5.000,99.0,47.0,12.615385055541992,-46.0512809753418
96.620,12:18:31.561,452.878,35.064,15879.569,0.000,0.000,0.000,35.391,36.746,37.513,1.000,1.000,0.000,48.118,48.300,0.940,54.813,5.000,99.0,47.0,12.615385055541992,-46.0512809753418
96.732,12:18:31.864,452.905,35.053,15875.558,0.000,0.000,0.000,35.884,37.056,36.652,1.000,1.000,0.000,48.118,48.300,0.940,54.855,5.000,99.0,47.0,-48.35897445678711,28.512821197509766
97.035,12:18:31.976,452.905,35.053,15875.558,0.000,0.000,0.000,35.884,37.056,36.652,1.000,1.000,0.000,48.118,48.300,0.940,54.855,5.000,99.0,47.0,-48.35897445678711,28.512821197509766
97.148,12:18:32.089,448.286,36.101,16183.726,0.000,0.000,0.000,37.493,37.304,38.142,1.000,1.000,0.000,48.480,48.300,0.940,54.947,5.000,99.0,47.0,-48.35897445678711,28.512821197509766
97.259,12:18:32.200,448.286,36.101,16183.726,0.000,0.000,0.000,37.493,37.304,38.142,1.000,1.000,0.000,48.480,48.300,0.940,54.947,5.000,99.0,47.0,-48.35897445678711,28.512821197509766
97.373,12:18:32.313,448.286,36.101,16183.726,0.000,0.000,0.000,37.493,37.304,38.142,1.000,1.000,0.000,48.480,48.300,0.940,54.947,5.000,99.0,47.0,-48.35897445678711,28.512821197509766
97.483,12:18:32.423,448.286,36.101,16183.726,0.000,0.000,0.000,37.493,37.304,38.142,1.000,1.000,0.000,48.480,48.300,0.940,54.947,5.000,99.0,47.0,-48.35897445678711,28.512821197509766
97.596,12:18:32.536,454.213,34.735,15776.993,0.000,0.000,0.000,34.497,36.636,37.097,1.000,1.000,0.000,48.118,48.300,0.940,54.968,5.000,99.0,47.0,-48.35897445678711,28.512821197509766
97.707,12:18:32.647,454.213,34.735,15776.993,0.000,0.000,0.000,34.497,36.636,37.097,1.000,1.000,0.000,48.118,48.300,0.940,54.968,5.000,99.0,47.0,-48.35897445678711,28.512821197509766
97.820,12:18:32.951,454.213,34.735,15776.993,0.000,0.000,0.000,34.497,36.636,37.097,1.000,1.000,0.000,48.118,48.300,0.940,54.968,5.000,99.0,47.0,49.9487190246582,-16.871795654296875
98.124,12:18:33.065,448.321,36.107,16187.313,0.000,0.000,0.000,37.080,38.312,37.598,1.000,1.000,0.000,48.480,48.300,0.940,55.028,5.000,99.0,47.0,49.9487190246582,-16.871795654296875
98.235,12:18:33.176,448.321,36.107,16187.313,0.000,0.000,0.000,37.080,38.312,37.598,1.000,1.000,0.000,48.480,48.300,0.940,55.028,5.000,99.0,47.0,49.9487190246582,-16.871795654296875
98.347,12:18:33.288,448.321,36.107,16187.313,0.000,0.000,0.000,37.080,38.312,37.598,1.000,1.000,0.000,48.480,48.300,0.940,55.028,5.000,99.0,47.0,49.9487190246582,-16.871795654296875
98.458,12:18:33.399,454.561,34.655,15752.935,0.000,0.000,0.000,35.429,35.328,37.105,1.000,1.000,0.000,48.118,48.300,0.940,55.094,5.000,99.0,47.0,49.9487190246582,-16.871795654296875
98.571,12:18:33.512,454.561,34.655,15752.935,0.000,0.000,0.000,35.429,35.328,37.105,1.000,1.000,0.000,48.118,48.300,0.940,55.094,5.000,99.0,47.0,49.9487190246582,-16.871795654296875
98.683,12:18:33.624,454.561,34.655,15752.935,0.000,0.000,0.000,35.429,35.328,37.105,1.000,1.000,0.000,48.118,48.300,0.940,55.094,5.000,99.0,47.0,49.9487190246582,-16.871795654296875
98.794,12:18:33.735,448.379,36.098,16185.402,0.000,0.000,0.000,36.180,38.328,38.498,1.000,1.000,0.000,48.518,48.700,0.940,55.119,5.000,99.0,47.0,49.9487190246582,-16.871795654296875
98.907,12:18:34.055,448.379,36.098,16185.402,0.000,0.000,0.000,36.180,38.328,38.498,1.000,1.000,0.000,48.518,48.700,0.940,55.119,5.000,99.0,47.0,32.20512771606445,-11.384614944458008
99.226,12:18:34.167,452.261,35.231,15933.475,0.000,0.000,0.000,35.635,37.632,36.747,1.000,1.000,0.000,48.118,48.300,0.940,55.190,5.000,99.0,47.0,32.20512771606445,-11.384614944458008
99.338,12:18:34.278,452.261,35.231,15933.475,0.000,0.000,0.000,35.635,37.632,36.747,1.000,1.000,0.000,48.118,48.300,0.940,55.190,5.000,99.0,47.0,32.20512771606445,-11.384614944458008
99.449,12:18:34.390,452.261,35.231,15933.475,0.000,0.000,0.000,35.635,37.632,36.747,1.000,1.000,0.000,48.118,48.300,0.940,55.190,5.000,99.0,47.0,32.20512771606445,-11.384614944458008
99.562,12:18:34.502,452.261,35.231,15933.475,0.000,0.000,0.000,35.635,37.632,36.747,1.000,1.000,0.000,48.118,48.300,0.940,55.190,5.000,99.0,47.0,32.20512771606445,-11.384614944458008
99.674,12:18:34.615,454.452,34.677,15758.896,0.000,0.000,0.000,35.471,35.321,37.088,1.000,1.000,0.000,48.080,47.900,0.940,55.248,5.000,99.0,47.0,32.20512771606445,-11.384614944458008
99.786,12:18:34.727,454.452,34.677,15758.896,0.000,0.000,0.000,35.471,35.321,37.088,1.000,1.000,0.000,48.080,47.900,0.940,55.248,5.000,99.0,47.0,32.20512771606445,-11.384614944458008
99.897,12:18:34.838,454.452,34.677,15758.896,0.000,0.000,0.000,35.471,35.321,37.088,1.000,1.000,0.000,48.080,47.900,0.940,55.248,5.000,99.0,47.0,32.20512771606445,-11.384614944458008
100.009,12:18:35.142,451.076,35.485,16006.607,0.000,0.000,0.000,36.035,37.802,36.914,1.000,1.000,0.000,48.480,48.300,0.940,55.299,5.000,99.0,47.0,-54.46154022216797,17.179487228393555
100.314,12:18:35.255,451.076,35.485,16006.607,0.000,0.000,0.000,36.035,37.802,36.914,1.000,1.000,0.000,48.480,48.300,0.940,55.299,5.000,99.0,47.0,-54.46154022216797,17.179487228393555
100.425,12:18:35.366,452.133,35.249,15937.330,0.000,0.000,0.000,36.687,36.348,36.837,1.000,1.000,0.000,48.118,48.300,0.940,55.325,5.000,99.0,47.0,-54.46154022216797,17.179487228393555
100.537,12:18:35.477,452.133,35.249,15937.330,0.000,0.000,0.000,36.687,36.348,36.837,1.000,1.000,0.000,48.118,48.300,0.940,55.325,5.000,99.0,47.0,-54.46154022216797,17.179487228393555
100.649,12:18:35.590,452.133,35.249,15937.330,0.000,0.000,0.000,36.687,36.348,36.837,1.000,1.000,0.000,48.118,48.300,0.940,55.325,5.000,99.0,47.0,-54.46154022216797,17.179487228393555
100.762,12:18:35.703,452.133,35.249,15937.330,0.000,0.000,0.000,36.687,36.348,36.837,1.000,1.000,0.000,48.118,48.300,0.940,55.325,5.000,99.0,47.0,-54.46154022216797,17.179487228393555
100.874,12:18:35.814,454.645,34.626,15742.687,0.000,0.000,0.000,34.365,36.658,36.940,1.000,1.000,0.000,48.118,48.300,0.940,55.338,5.000,99.0,47.0,-54.46154022216797,17.179487228393555
100.985,12:18:35.926,454.645,34.626,15742.687,0.000,0.000,0.000,34.365,36.658,36.940,1.000,1.000,0.000,48.118,48.300,0.940,55.338,5.000,99.0,47.0,-54.46154022216797,17.179487228393555
101.098,12:18:36.229,454.645,34.626,15742.687,0.000,0.000,0.000,34.365,36.658,36.940,1.000,1.000,0.000,48.118,48.300,0.940,55.338,5.000,99.0,47.0,-53.89743423461914,27.435897827148438
101.401,12:18:36.342,447.733,36.224,16218.598,0.000,0.000,0.000,37.387,38.237,37.712,1.000,1.000,0.000,48.480,48.300,0.940,55.389,5.000,99.0,47.0,-53.89743423461914,27.435897827148438
101.512,12:18:36.453,447.733,36.224,16218.598,0.000,0.000,0.000,37.387,38.237,37.712,1.000,1.000,0.000,48.480,48.300,0.940,55.389,5.000,99.0,47.0,-53.89743423461914,27.435897827148438
101.625,12:18:36.565,454.783,34.592,15731.648,0.000,0.000,0.000,35.316,35.284,37.117,1.000,1.000,0.000,48.118,48.300,0.940,55.441,5.000,99.0,47.0,-53.89743423461914,27.435897827148438
101.737,12:18:36.678,454.783,34.592,15731.648,0.000,0.000,0.000,35.316,35.284,37.117,1.000,1.000,0.000,48.118,48.300,0.940,55.441,5.000,99.0,47.0,-53.89743423461914,27.435897827148438
101.848,12:18:36.789,454.783,34.592,15731.648,0.000,0.000,0.000,35.316,35.284,37.117,1.000,1.000,0.000,48.118,48.300,0.940,55.441,5.000,99.0,47.0,-53.89743423461914,27.435897827148438
101.960,12:18:36.901,454.783,34.592,15731.648,0.000,0.000,0.000,35.316,35.284,37.117,1.000,1.000,0.000,48.118,48.300,0.940,55.441,5.000,99.0,47.0,-53.89743423461914,27.435897827148438
102.073,12:18:37.013,451.787,35.316,15955.516,0.000,0.000,0.000,35.394,37.770,37.195,1.000,1.000,0.000,48.118,48.300,0.940,55.459,5.000,99.0,47.0,-53.89743423461914,27.435897827148438
102.185,12:18:37.316,451.787,35.316,15955.516,0.000,0.000,0.000,35.394,37.770,37.195,1.000,1.000,0.000,48.118,48.300,0.940,55.459,5.000,99.0,47.0,-32.10256576538086,41.846153259277344
102.488,12:18:37.429,451.784,35.304,15949.663,0.000,0.000,0.000,36.616,36.280,37.134,1.000,1.000,0.000,48.080,47.900,0.940,55.519,5.000,99.0,47.0,-32.10256576538086,41.846153259277344
102.601,12:18:37.541,451.784,35.304,15949.663,0.000,0.000,0.000,36.616,36.280,37.134,1.000,1.000,0.000,48.080,47.900,0.940,55.519,5.000,99.0,47.0,-32.10256576538086,41.846153259277344
102.713,12:18:37.654,451.784,35.304,15949.663,0.000,0.000,0.000,36.616,36.280,37.134,1.000,1.000,0.000,48.080,47.900,0.940,55.519,5.000,99.0,47.0,-32.10256576538086,41.846153259277344
102.824,12:18:37.764,455.059,34.510,15704.000,0.000,0.000,0.000,34.765,36.853,35.814,1.000,1.000,0.000,48.080,47.900,0.940,55.541,5.000,99.0,47.0,-32.10256576538086,41.846153259277344
102.936,12:18:37.877,455.059,34.510,15704.000,0.000,0.000,0.000,34.765,36.853,35.814,1.000,1.000,0.000,48.080,47.900,0.940,55.541,5.000,99.0,47.0,-32.10256576538086,41.846153259277344
103.048,12:18:37.989,455.059,34.510,15704.000,0.000,0.000,0.000,34.765,36.853,35.814,1.000,1.000,0.000,48.080,47.900,0.940,55.541,5.000,99.0,47.0,-32.10256576538086,41.846153259277344
103.159,12:18:38.100,455.059,34.510,15704.000,0.000,0.000,0.000,34.765,36.853,35.814,1.000,1.000,0.000,48.080,47.900,0.940,55.541,5.000,99.0,47.0,-32.10256576538086,41.846153259277344
103.271,12:18:38.404,451.408,35.391,15975.759,0.000,0.000,0.000,36.022,36.338,38.057,1.000,1.000,0.000,48.480,48.300,0.940,55.595,5.000,99.0,47.0,-55.17948532104492,17.743589401245117
103.576,12:18:38.517,451.408,35.391,15975.759,0.000,0.000,0.000,36.022,36.338,38.057,1.000,1.000,0.000,48.480,48.300,0.940,55.595,5.000,99.0,47.0,-55.17948532104492,17.743589401245117
103.687,12:18:38.628,451.249,35.428,15986.962,0.000,0.000,0.000,35.387,37.624,37.677,1.000,1.000,0.000,48.518,48.700,0.940,55.576,5.000,99.0,47.0,-55.17948532104492,17.743589401245117
103.800,12:18:38.741,451.249,35.428,15986.962,0.000,0.000,0.000,35.387,37.624,37.677,1.000,1.000,0.000,48.518,48.700,0.940,55.576,5.000,99.0,47.0,-55.17948532104492,17.743589401245117
103.912,12:18:38.853,451.249,35.428,15986.962,0.000,0.000,0.000,35.387,37.624,37.677,1.000,1.000,0.000,48.518,48.700,0.940,55.576,5.000,99.0,47.0,-55.17948532104492,17.743589401245117
104.023,12:18:38.964,451.249,35.428,15986.962,0.000,0.000,0.000,35.387,37.624,37.677,1.000,1.000,0.000,48.518,48.700,0.940,55.576,5.000,99.0,47.0,-55.17948532104492,17.743589401245117
104.136,12:18:39.077,447.103,36.303,16231.170,0.000,0.000,0.000,36.603,38.774,38.307,1.000,1.000,0.000,48.480,48.300,0.940,55.731,5.000,99.0,47.0,-55.17948532104492,17.743589401245117
104.248,12:18:39.188,447.103,36.303,16231.170,0.000,0.000,0.000,36.603,38.774,38.307,1.000,1.000,0.000,48.480,48.300,0.940,55.731,5.000,99.0,47.0,-55.17948532104492,17.743589401245117
104.359,12:18:39.491,447.103,36.303,16231.170,0.000,0.000,0.000,36.603,38.774,38.307,1.000,1.000,0.000,48.480,48.300,0.940,55.731,5.000,99.0,47.0,51.589744567871094,-18.564102172851562
104.663,12:18:39.604,454.833,34.552,15715.608,0.000,0.000,0.000,35.978,35.704,35.741,1.000,1.000,0.000,48.118,48.300,0.940,55.733,5.000,99.0,47.0,51.589744567871094,-18.564102172851562
104.776,12:18:39.716,454.833,34.552,15715.608,0.000,0.000,0.000,35.978,35.704,35.741,1.000,1.000,0.000,48.118,48.300,0.940,55.733,5.000,99.0,47.0,51.589744567871094,-18.564102172851562
104.887,12:18:39.828,451.038,35.442,15985.699,0.000,0.000,0.000,35.551,36.881,38.189,1.000,1.000,0.000,48.118,48.300,0.940,55.821,5.000,99.0,47.0,51.589744567871094,-18.564102172851562
104.999,12:18:39.940,451.038,35.442,15985.699,0.000,0.000,0.000,35.551,36.881,38.189,1.000,1.000,0.000,48.118,48.300,0.940,55.821,5.000,99.0,47.0,51.589744567871094,-18.564102172851562
105.111,12:18:40.052,451.038,35.442,15985.699,0.000,0.000,0.000,35.551,36.881,38.189,1.000,1.000,0.000,48.118,48.300,0.940,55.821,5.000,99.0,47.0,51.589744567871094,-18.564102172851562
105.222,12:18:40.163,451.038,35.442,15985.699,0.000,0.000,0.000,35.551,36.881,38.189,1.000,1.000,0.000,48.118,48.300,0.940,55.821,5.000,99.0,47.0,51.589744567871094,-18.564102172851562
105.334,12:18:40.274,451.407,35.337,15951.331,0.000,0.000,0.000,36.287,37.358,36.558,1.000,1.000,0.000,48.080,47.900,0.940,55.820,5.000,99.0,47.0,51.589744567871094,-18.564102172851562
105.446,12:18:40.595,451.407,35.337,15951.331,0.000,0.000,0.000,36.287,37.358,36.558,1.000,1.000,0.000,48.080,47.900,0.940,55.820,5.000,99.0,47.0,34.46154022216797,-51.69230651855469
105.767,12:18:40.707,454.952,34.494,15693.075,0.000,0.000,0.000,34.214,36.214,36.953,1.000,1.000,0.000,48.080,47.900,0.940,55.876,5.000,99.0,47.0,34.46154022216797,-51.69230651855469
105.879,12:18:40.819,454.952,34.494,15693.075,0.000,0.000,0.000,34.214,36.214,36.953,1.000,1.000,0.000,48.080,47.900,0.940,55.876,5.000,99.0,47.0,34.46154022216797,-51.69230651855469
105.989,12:18:40.930,454.952,34.494,15693.075,0.000,0.000,0.000,34.214,36.214,36.953,1.000,1.000,0.000,48.080,47.900,0.940,55.876,5.000,99.0,47.0,34.46154022216797,-51.69230651855469
106.102,12:18:41.043,451.386,35.337,15950.482,0.000,0.000,0.000,36.725,36.457,36.912,1.000,1.000,0.000,48.480,48.300,0.940,55.908,5.000,99.0,47.0,34.46154022216797,-51.69230651855469
106.214,12:18:41.154,451.386,35.337,15950.482,0.000,0.000,0.000,36.725,36.457,36.912,1.000,1.000,0.000,48.480,48.300,0.940,55.908,5.000,99.0,47.0,34.46154022216797,-51.69230651855469
106.327,12:18:41.267,451.386,35.337,15950.482,0.000,0.000,0.000,36.725,36.457,36.912,1.000,1.000,0.000,48.480,48.300,0.940,55.908,5.000,99.0,47.0,34.46154022216797,-51.69230651855469
106.437,12:18:41.378,451.386,35.337,15950.482,0.000,0.000,0.000,36.725,36.457,36.912,1.000,1.000,0.000,48.480,48.300,0.940,55.908,5.000,99.0,47.0,34.46154022216797,-51.69230651855469
106.550,12:18:41.682,447.971,36.162,16199.704,0.000,0.000,0.000,36.325,38.120,38.648,1.000,1.000,0.000,48.479,48.300,0.940,55.946,5.000,99.0,47.0,43.589744567871094,-46.871795654296875
106.854,12:18:41.795,447.971,36.162,16199.704,0.000,0.000,0.000,36.325,38.120,38.648,1.000,1.000,0.000,48.479,48.300,0.940,55.946,5.000,99.0,47.0,43.589744567871094,-46.871795654296875
106.966,12:18:41.907,452.285,35.179,15910.810,0.000,0.000,0.000,36.198,37.030,36.379,1.000,1.000,0.000,48.079,47.900,0.940,55.985,5.000,99.0,47.0,43.589744567871094,-46.871795654296875
107.078,12:18:42.018,452.285,35.179,15910.810,0.000,0.000,0.000,36.198,37.030,36.379,1.000,1.000,0.000,48.079,47.900,0.940,55.985,5.000,99.0,47.0,43.589744567871094,-46.871795654296875
107.189,12:18:42.129,452.285,35.179,15910.810,0.000,0.000,0.000,36.198,37.030,36.379,1.000,1.000,0.000,48.079,47.900,0.940,55.985,5.000,99.0,47.0,43.589744567871094,-46.871795654296875
107.301,12:18:42.242,453.548,34.872,15816.001,0.000,0.000,0.000,34.673,36.840,37.011,1.000,1.000,0.000,48.118,48.300,0.940,56.019,5.000,99.0,47.0,43.589744567871094,-46.871795654296875
107.413,12:18:42.354,453.548,34.872,15816.001,0.000,0.000,0.000,34.673,36.840,37.011,1.000,1.000,0.000,48.118,48.300,0.940,56.019,5.000,99.0,47.0,43.589744567871094,-46.871795654296875
107.524,12:18:42.465,453.548,34.872,15816.001,0.000,0.000,0.000,34.673,36.840,37.011,1.000,1.000,0.000,48.118,48.300,0.940,56.019,5.000,99.0,47.0,43.589744567871094,-46.871795654296875
107.637,12:18:42.769,453.548,34.872,15816.001,0.000,0.000,0.000,34.673,36.840,37.011,1.000,1.000,0.000,48.118,48.300,0.940,56.019,5.000,99.0,47.0,12.256410598754883,-47.846153259277344
107.940,12:18:42.881,449.596,35.773,16083.504,0.000,0.000,0.000,37.007,37.227,37.229,1.000,1.000,0.000,48.480,48.300,0.940,56.064,5.000,99.0,47.0,12.256410598754883,-47.846153259277344
108.053,12:18:42.993,449.596,35.773,16083.504,0.000,0.000,0.000,37.007,37.227,37.229,1.000,1.000,0.000,48.480,48.300,0.940,56.064,5.000,99.0,47.0,12.256410598754883,-47.846153259277344
108.165,12:18:43.106,452.033,35.245,15931.899,0.000,0.000,0.000,35.798,36.155,37.806,1.000,1.000,0.000,48.080,47.900,0.940,56.116,5.000,99.0,47.0,12.256410598754883,-47.846153259277344
108.277,12:18:43.217,452.033,35.245,15931.899,0.000,0.000,0.000,35.798,36.155,37.806,1.000,1.000,0.000,48.080,47.900,0.940,56.116,5.000,99.0,47.0,12.256410598754883,-47.846153259277344
108.389,12:18:43.329,452.033,35.245,15931.899,0.000,0.000,0.000,35.798,36.155,37.806,1.000,1.000,0.000,48.080,47.900,0.940,56.116,5.000,99.0,47.0,12.256410598754883,-47.846153259277344
108.500,12:18:43.441,449.732,35.747,16076.372,0.000,0.000,0.000,36.376,37.913,37.219,1.000,1.000,0.000,48.480,48.300,0.940,56.159,5.000,99.0,47.0,12.256410598754883,-47.846153259277344
108.612,12:18:43.553,449.732,35.747,16076.372,0.000,0.000,0.000,36.376,37.913,37.219,1.000,1.000,0.000,48.480,48.300,0.940,56.159,5.000,99.0,47.0,12.256410598754883,-47.846153259277344
108.725,12:18:43.857,449.732,35.747,16076.372,0.000,0.000,0.000,36.376,37.913,37.219,1.000,1.000,0.000,48.480,48.300,0.940,56.159,5.000,99.0,47.0,-45.17948532104492,12.666666984558105
109.028,12:18:43.969,455.651,34.352,15652.547,0.000,0.000,0.000,35.094,35.038,36.692,1.000,1.000,0.000,47.719,47.900,0.940,56.163,5.000,99.0,47.0,-45.17948532104492,12.666666984558105
109.140,12:18:44.081,455.651,34.352,15652.547,0.000,0.000,0.000,35.094,35.038,36.692,1.000,1.000,0.000,47.719,47.900,0.940,56.163,5.000,99.0,47.0,-45.17948532104492,12.666666984558105
109.252,12:18:44.192,455.651,34.352,15652.547,0.000,0.000,0.000,35.094,35.038,36.692,1.000,1.000,0.000,47.719,47.900,0.940,56.163,5.000,99.0,47.0,-45.17948532104492,12.666666984558105
109.365,12:18:44.306,449.591,35.768,16081.087,0.000,0.000,0.000,36.631,37.781,37.138,1.000,1.000,0.000,48.480,48.300,0.940,56.230,5.000,99.0,47.0,-45.17948532104492,12.666666984558105
109.476,12:18:44.417,449.591,35.768,16081.087,0.000,0.000,0.000,36.631,37.781,37.138,1.000,1.000,0.000,48.480,48.300,0.940,56.230,5.000,99.0,47.0,-45.17948532104492,12.666666984558105
109.587,12:18:44.528,449.591,35.768,16081.087,0.000,0.000,0.000,36.631,37.781,37.138,1.000,1.000,0.000,48.480,48.300,0.940,56.230,5.000,99.0,47.0,-45.17948532104492,12.666666984558105
109.700,12:18:44.641,449.591,35.768,16081.087,0.000,0.000,0.000,36.631,37.781,37.138,1.000,1.000,0.000,48.480,48.300,0.940,56.230,5.000,99.0,47.0,-45.17948532104492,12.666666984558105
109.811,12:18:44.943,455.545,34.377,15660.438,0.000,0.000,0.000,34.845,35.107,36.843,1.000,1.000,0.000,47.719,47.900,0.940,56.246,5.000,99.0,47.0,15.128205299377441,-48.56410217285156
110.115,12:18:45.056,455.545,34.377,15660.438,0.000,0.000,0.000,34.845,35.107,36.843,1.000,1.000,0.000,47.719,47.900,0.940,56.246,5.000,99.0,47.0,15.128205299377441,-48.56410217285156
110.228,12:18:45.168,449.869,35.710,16065.049,0.000,0.000,0.000,36.683,37.615,37.031,1.000,1.000,0.000,48.480,48.300,0.940,56.262,5.000,99.0,47.0,15.128205299377441,-48.56410217285156
110.339,12:18:45.280,449.869,35.710,16065.049,0.000,0.000,0.000,36.683,37.615,37.031,1.000,1.000,0.000,48.480,48.300,0.940,56.262,5.000,99.0,47.0,15.128205299377441,-48.56410217285156
110.451,12:18:45.391,449.869,35.710,16065.049,0.000,0.000,0.000,36.683,37.615,37.031,1.000,1.000,0.000,48.480,48.300,0.940,56.262,5.000,99.0,47.0,15.128205299377441,-48.56410217285156
110.563,12:18:45.503,453.875,34.786,15788.393,0.000,0.000,0.000,35.247,35.657,37.281,1.000,1.000,0.000,48.118,48.300,0.940,56.321,5.000,99.0,47.0,15.128205299377441,-48.56410217285156
110.675,12:18:45.616,453.875,34.786,15788.393,0.000,0.000,0.000,35.247,35.657,37.281,1.000,1.000,0.000,48.118,48.300,0.940,56.321,5.000,99.0,47.0,15.128205299377441,-48.56410217285156
110.786,12:18:45.727,453.875,34.786,15788.393,0.000,0.000,0.000,35.247,35.657,37.281,1.000,1.000,0.000,48.118,48.300,0.940,56.321,5.000,99.0,47.0,15.128205299377441,-48.56410217285156
110.900,12:18:46.032,453.875,34.786,15788.393,0.000,0.000,0.000,35.247,35.657,37.281,1.000,1.000,0.000,48.118,48.300,0.940,56.321,5.000,99.0,47.0,-49.17948532104492,10.717948913574219
111.203,12:18:46.143,451.542,35.349,15961.711,0.000,0.000,0.000,35.597,37.614,37.055,1.000,1.000,0.000,48.080,47.900,0.940,56.341,5.000,99.0,47.0,-49.17948532104492,10.717948913574219
111.315,12:18:46.256,451.542,35.349,15961.711,0.000,0.000,0.000,35.597,37.614,37.055,1.000,1.000,0.000,48.080,47.900,0.940,56.341,5.000,99.0,47.0,-49.17948532104492,10.717948913574219
111.426,12:18:46.367,451.365,35.384,15971.313,0.000,0.000,0.000,36.231,36.232,37.719,1.000,1.000,0.000,48.118,48.300,0.940,56.378,5.000,99.0,47.0,-49.17948532104492,10.717948913574219
111.539,12:18:46.480,451.365,35.384,15971.313,0.000,0.000,0.000,36.231,36.232,37.719,1.000,1.000,0.000,48.118,48.300,0.940,56.378,5.000,99.0,47.0,-49.17948532104492,10.717948913574219
111.650,12:18:46.590,451.365,35.384,15971.313,0.000,0.000,0.000,36.231,36.232,37.719,1.000,1.000,0.000,48.118,48.300,0.940,56.378,5.000,99.0,47.0,-49.17948532104492,10.717948913574219
111.762,12:18:46.703,451.345,35.392,15974.155,0.000,0.000,0.000,35.335,37.496,37.524,1.000,1.000,0.000,48.080,47.900,0.940,56.438,5.000,99.0,47.0,-49.17948532104492,10.717948913574219
111.874,12:18:46.815,451.345,35.392,15974.155,0.000,0.000,0.000,35.335,37.496,37.524,1.000,1.000,0.000,48.080,47.900,0.940,56.438,5.000,99.0,47.0,-49.17948532104492,10.717948913574219
111.986,12:18:48.190,451.345,35.392,15974.155,0.000,0.000,0.000,35.335,37.496,37.524,1.000,1.000,0.000,48.080,47.900,0.940,56.438,5.000,99.0,47.0,50.35897445678711,-5.282051086425781
113.361,12:18:48.493,451.522,35.372,15971.056,0.000,0.000,0.000,36.435,36.257,37.393,1.000,1.000,0.000,48.119,48.300,0.940,56.593,5.000,99.0,47.0,33.43589782714844,20.0
113.666,12:18:48.607,450.511,35.591,16034.345,0.000,0.000,0.000,35.587,37.395,37.994,1.000,1.000,0.000,48.480,48.300,0.940,56.627,5.000,99.0,47.0,33.43589782714844,20.0
113.777,12:18:48.718,454.475,34.660,15751.969,0.000,0.000,0.000,35.734,36.238,35.697,1.000,1.000,0.000,48.080,47.900,0.940,56.620,5.000,99.0,47.0,33.43589782714844,20.0
113.889,12:18:48.830,454.475,34.660,15751.969,0.000,0.000,0.000,35.734,36.238,35.697,1.000,1.000,0.000,48.080,47.900,0.940,56.620,5.000,99.0,47.0,33.43589782714844,20.0
114.001,12:18:48.941,454.475,34.660,15751.969,0.000,0.000,0.000,35.734,36.238,35.697,1.000,1.000,0.000,48.080,47.900,0.940,56.620,5.000,99.0,47.0,33.43589782714844,20.0
114.113,12:18:49.053,454.475,34.660,15751.969,0.000,0.000,0.000,35.734,36.238,35.697,1.000,1.000,0.000,48.080,47.900,0.940,56.620,5.000,99.0,47.0,33.43589782714844,20.0
114.225,12:18:49.166,451.422,35.383,15972.765,0.000,0.000,0.000,35.411,36.979,37.884,1.000,1.000,0.000,48.118,48.300,0.940,56.668,5.000,99.0,47.0,33.43589782714844,20.0
114.336,12:18:49.277,451.422,35.383,15972.765,0.000,0.000,0.000,35.411,36.979,37.884,1.000,1.000,0.000,48.118,48.300,0.940,56.668,5.000,99.0,47.0,33.43589782714844,20.0
114.448,12:18:49.581,451.422,35.383,15972.765,0.000,0.000,0.000,35.411,36.979,37.884,1.000,1.000,0.000,48.118,48.300,0.940,56.668,5.000,99.0,47.0,45.128204345703125,-44.61538314819336
114.752,12:18:49.693,450.745,35.534,16016.861,0.000,0.000,0.000,36.539,37.336,36.821,1.000,1.000,0.000,48.518,48.700,0.940,56.691,5.000,99.0,47.0,45.128204345703125,-44.61538314819336
114.865,12:18:49.805,450.745,35.534,16016.861,0.000,0.000,0.000,36.539,37.336,36.821,1.000,1.000,0.000,48.518,48.700,0.940,56.691,5.000,99.0,47.0,45.128204345703125,-44.61538314819336
114.977,12:18:49.918,450.745,35.534,16016.861,0.000,0.000,0.000,36.539,37.336,36.821,1.000,1.000,0.000,48.518,48.700,0.940,56.691,5.000,99.0,47.0,45.128204345703125,-44.61538314819336
115.089,12:18:50.029,450.679,35.561,16026.520,0.000,0.000,0.000,36.783,36.614,37.363,1.000,1.000,0.000,48.480,48.300,0.940,56.762,5.000,99.0,47.0,45.128204345703125,-44.61538314819336
115.200,12:18:50.141,450.679,35.561,16026.520,0.000,0.000,0.000,36.783,36.614,37.363,1.000,1.000,0.000,48.480,48.300,0.940,56.762,5.000,99.0,47.0,45.128204345703125,-44.61538314819336
115.312,12:18:50.252,450.679,35.561,16026.520,0.000,0.000,0.000,36.783,36.614,37.363,1.000,1.000,0.000,48.480,48.300,0.940,56.762,5.000,99.0,47.0,45.128204345703125,-44.61538314819336
115.424,12:18:50.364,454.758,34.613,15740.321,0.000,0.000,0.000,34.401,36.287,36.945,1.000,1.000,0.000,48.080,47.900,0.940,56.777,5.000,99.0,47.0,45.128204345703125,-44.61538314819336
115.535,12:18:50.668,454.758,34.613,15740.321,0.000,0.000,0.000,34.401,36.287,36.945,1.000,1.000,0.000,48.080,47.900,0.940,56.777,5.000,99.0,47.0,51.230770111083984,-23.897436141967773
115.840,12:18:50.781,451.355,35.427,15990.104,0.000,0.000,0.000,36.638,36.558,37.089,1.000,1.000,0.000,48.118,48.300,0.940,56.826,5.000,99.0,47.0,51.230770111083984,-23.897436141967773
115.951,12:18:50.892,451.355,35.427,15990.104,0.000,0.000,0.000,36.638,36.558,37.089,1.000,1.000,0.000,48.118,48.300,0.940,56.826,5.000,99.0,47.0,51.230770111083984,-23.897436141967773
116.064,12:18:51.005,451.355,35.427,15990.104,0.000,0.000,0.000,36.638,36.558,37.089,1.000,1.000,0.000,48.118,48.300,0.940,56.826,5.000,99.0,47.0,51.230770111083984,-23.897436141967773
116.176,12:18:51.117,451.355,35.427,15990.104,0.000,0.000,0.000,36.638,36.558,37.089,1.000,1.000,0.000,48.118,48.300,0.940,56.826,5.000,99.0,47.0,51.230770111083984,-23.897436141967773
116.288,12:18:51.228,455.051,34.551,15722.535,0.000,0.000,0.000,34.319,36.480,36.671,1.000,1.000,0.000,48.080,47.900,0.940,56.859,5.000,99.0,47.0,51.230770111083984,-23.897436141967773
116.400,12:18:51.340,455.051,34.551,15722.535,0.000,0.000,0.000,34.319,36.480,36.671,1.000,1.000,0.000,48.080,47.900,0.940,56.859,5.000,99.0,47.0,51.230770111083984,-23.897436141967773
116.511,12:18:51.452,455.051,34.551,15722.535,0.000,0.000,0.000,34.319,36.480,36.671,1.000,1.000,0.000,48.080,47.900,0.940,56.859,5.000,99.0,47.0,51.230770111083984,-23.897436141967773
116.625,12:18:51.757,455.203,34.524,15715.352,0.000,0.000,0.000,35.606,35.268,36.386,1.000,1.000,0.000,47.681,47.500,0.940,56.876,5.000,99.0,47.0,44.153846740722656,-36.35897445678711
116.927,12:18:51.868,455.203,34.524,15715.352,0.000,0.000,0.000,35.606,35.268,36.386,1.000,1.000,0.000,47.681,47.500,0.940,56.876,5.000,99.0,47.0,44.153846740722656,-36.35897445678711
117.039,12:18:51.979,455.433,34.463,15695.411,0.000,0.000,0.000,35.676,35.710,35.568,1.000,1.000,0.000,47.719,47.900,0.940,56.909,5.000,99.0,47.0,44.153846740722656,-36.35897445678711
117.151,12:18:52.091,455.433,34.463,15695.411,0.000,0.000,0.000,35.676,35.710,35.568,1.000,1.000,0.000,47.719,47.900,0.940,56.909,5.000,99.0,47.0,44.153846740722656,-36.35897445678711
117.262,12:18:52.203,455.433,34.463,15695.411,0.000,0.000,0.000,35.676,35.710,35.568,1.000,1.000,0.000,47.719,47.900,0.940,56.909,5.000,99.0,47.0,44.153846740722656,-36.35897445678711
117.375,12:18:52.316,455.433,34.463,15695.411,0.000,0.000,0.000,35.676,35.710,35.568,1.000,1.000,0.000,47.719,47.900,0.940,56.909,5.000,99.0,47.0,44.153846740722656,-36.35897445678711
117.487,12:18:52.428,451.605,35.388,15981.237,0.000,0.000,0.000,35.431,37.583,37.328,1.000,1.000,0.000,48.118,48.300,0.940,56.869,5.000,99.0,47.0,44.153846740722656,-36.35897445678711
117.599,12:18:52.540,451.605,35.388,15981.237,0.000,0.000,0.000,35.431,37.583,37.328,1.000,1.000,0.000,48.118,48.300,0.940,56.869,5.000,99.0,47.0,44.153846740722656,-36.35897445678711
117.710,12:18:52.844,451.605,35.388,15981.237,0.000,0.000,0.000,35.431,37.583,37.328,1.000,1.000,0.000,48.118,48.300,0.940,56.869,5.000,99.0,47.0,42.46154022216797,-49.53845977783203
118.015,12:18:52.955,449.791,35.805,16104.828,0.000,0.000,0.000,36.237,36.883,38.400,1.000,1.000,0.000,48.519,48.700,0.940,56.904,5.000,99.0,47.0,42.46154022216797,-49.53845977783203
118.126,12:18:53.067,449.791,35.805,16104.828,0.000,0.000,0.000,36.237,36.883,38.400,1.000,1.000,0.000,48.519,48.700,0.940,56.904,5.000,99.0,47.0,42.46154022216797,-49.53845977783203
118.239,12:18:53.180,449.756,35.830,16114.920,0.000,0.000,0.000,35.833,37.774,38.123,1.000,1.000,0.000,48.479,48.300,0.940,56.967,5.000,99.0,47.0,42.46154022216797,-49.53845977783203
118.351,12:18:53.291,449.756,35.830,16114.920,0.000,0.000,0.000,35.833,37.774,38.123,1.000,1.000,0.000,48.479,48.300,0.940,56.967,5.000,99.0,47.0,42.46154022216797,-49.53845977783203
118.462,12:18:53.403,449.756,35.830,16114.920,0.000,0.000,0.000,35.833,37.774,38.123,1.000,1.000,0.000,48.479,48.300,0.940,56.967,5.000,99.0,47.0,42.46154022216797,-49.53845977783203
118.574,12:18:53.515,449.756,35.830,16114.920,0.000,0.000,0.000,35.833,37.774,38.123,1.000,1.000,0.000,48.479,48.300,0.940,56.967,5.000,99.0,47.0,42.46154022216797,-49.53845977783203
118.686,12:18:53.627,453.931,34.861,15824.494,0.000,0.000,0.000,36.050,36.145,36.012,1.000,1.000,0.000,48.119,48.300,0.940,57.005,5.000,99.0,47.0,42.46154022216797,-49.53845977783203
118.799,12:18:53.931,453.931,34.861,15824.494,0.000,0.000,0.000,36.050,36.145,36.012,1.000,1.000,0.000,48.119,48.300,0.940,57.005,5.000,99.0,47.0,47.69230651855469,22.256410598754883
119.103,12:18:54.044,448.667,36.096,16195.009,0.000,0.000,0.000,36.822,37.157,38.646,1.000,1.000,0.000,48.518,48.700,0.940,57.089,5.000,99.0,47.0,47.69230651855469,22.256410598754883
119.214,12:18:54.155,448.667,36.096,16195.009,0.000,0.000,0.000,36.822,37.157,38.646,1.000,1.000,0.000,48.518,48.700,0.940,57.089,5.000,99.0,47.0,47.69230651855469,22.256410598754883
119.326,12:18:54.267,448.667,36.096,16195.009,0.000,0.000,0.000,36.822,37.157,38.646,1.000,1.000,0.000,48.518,48.700,0.940,57.089,5.000,99.0,47.0,47.69230651855469,22.256410598754883
119.438,12:18:54.378,448.667,36.096,16195.009,0.000,0.000,0.000,36.822,37.157,38.646,1.000,1.000,0.000,48.518,48.700,0.940,57.089,5.000,99.0,47.0,47.69230651855469,22.256410598754883
119.550,12:18:54.491,450.504,35.696,16081.180,0.000,0.000,0.000,35.804,37.316,38.166,1.000,1.000,0.000,48.480,48.300,0.940,57.142,5.000,99.0,47.0,47.69230651855469,22.256410598754883
119.662,12:18:54.603,450.504,35.696,16081.180,0.000,0.000,0.000,35.804,37.316,38.166,1.000,1.000,0.000,48.480,48.300,0.940,57.142,5.000,99.0,47.0,47.69230651855469,22.256410598754883
119.775,12:18:54.715,450.504,35.696,16081.180,0.000,0.000,0.000,35.804,37.316,38.166,1.000,1.000,0.000,48.480,48.300,0.940,57.142,5.000,99.0,47.0,47.69230651855469,22.256410598754883
119.887,12:18:55.018,454.666,34.710,15781.415,0.000,0.000,0.000,35.691,36.346,35.748,1.000,1.000,0.000,48.080,47.900,0.940,57.186,5.000,99.0,47.0,-45.128204345703125,8.35897445678711
120.190,12:18:55.131,454.666,34.710,15781.415,0.000,0.000,0.000,35.691,36.346,35.748,1.000,1.000,0.000,48.080,47.900,0.940,57.186,5.000,99.0,47.0,-45.128204345703125,8.35897445678711
120.302,12:18:55.242,452.918,35.141,15916.128,0.000,0.000,0.000,35.199,36.566,37.690,1.000,1.000,0.000,48.118,48.300,0.940,57.230,5.000,99.0,47.0,-45.128204345703125,8.35897445678711
120.415,12:18:55.355,452.918,35.141,15916.128,0.000,0.000,0.000,35.199,36.566,37.690,1.000,1.000,0.000,48.118,48.300,0.940,57.230,5.000,99.0,47.0,-45.128204345703125,8.35897445678711
120.525,12:18:55.466,452.918,35.141,15916.128,0.000,0.000,0.000,35.199,36.566,37.690,1.000,1.000,0.000,48.118,48.300,0.940,57.230,5.000,99.0,47.0,-45.128204345703125,8.35897445678711
120.638,12:18:55.579,452.918,35.141,15916.128,0.000,0.000,0.000,35.199,36.566,37.690,1.000,1.000,0.000,48.118,48.300,0.940,57.230,5.000,99.0,47.0,-45.128204345703125,8.35897445678711
120.749,12:18:55.690,448.708,36.105,16200.507,0.000,0.000,0.000,36.690,38.242,37.837,1.000,1.000,0.000,48.518,48.700,0.940,57.280,5.000,99.0,47.0,-45.128204345703125,8.35897445678711
120.862,12:18:55.803,448.708,36.105,16200.507,0.000,0.000,0.000,36.690,38.242,37.837,1.000,1.000,0.000,48.518,48.700,0.940,57.280,5.000,99.0,47.0,-45.128204345703125,8.35897445678711
120.974,12:18:56.105,448.708,36.105,16200.507,0.000,0.000,0.000,36.690,38.242,37.837,1.000,1.000,0.000,48.518,48.700,0.940,57.280,5.000,99.0,47.0,49.17948532104492,-14.051281929016113
121.277,12:18:56.218,448.537,36.157,16217.549,0.000,0.000,0.000,36.780,38.367,37.820,1.000,1.000,0.000,48.480,48.300,0.940,57.342,5.000,99.0,47.0,49.17948532104492,-14.051281929016113
121.390,12:18:56.330,448.537,36.157,16217.549,0.000,0.000,0.000,36.780,38.367,37.820,1.000,1.000,0.000,48.480,48.300,0.940,57.342,5.000,99.0,47.0,49.17948532104492,-14.051281929016113
121.501,12:18:56.442,454.940,34.673,15773.984,0.000,0.000,0.000,35.552,35.339,36.687,1.000,1.000,0.000,48.080,47.900,0.940,57.389,5.000,99.0,47.0,49.17948532104492,-14.051281929016113
121.614,12:18:56.555,454.940,34.673,15773.984,0.000,0.000,0.000,35.552,35.339,36.687,1.000,1.000,0.000,48.080,47.900,0.940,57.389,5.000,99.0,47.0,49.17948532104492,-14.051281929016113
121.726,12:18:56.666,454.940,34.673,15773.984,0.000,0.000,0.000,35.552,35.339,36.687,1.000,1.000,0.000,48.080,47.900,0.940,57.389,5.000,99.0,47.0,49.17948532104492,-14.051281929016113
121.837,12:18:56.778,454.940,34.673,15773.984,0.000,0.000,0.000,35.552,35.339,36.687,1.000,1.000,0.000,48.080,47.900,0.940,57.389,5.000,99.0,47.0,49.17948532104492,-14.051281929016113
121.948,12:18:56.889,451.361,35.530,16037.007,0.000,0.000,0.000,35.756,37.712,37.186,1.000,1.000,0.000,48.480,48.300,0.940,57.438,5.000,99.0,47.0,49.17948532104492,-14.051281929016113
122.060,12:18:57.193,451.361,35.530,16037.007,0.000,0.000,0.000,35.756,37.712,37.186,1.000,1.000,0.000,48.480,48.300,0.940,57.438,5.000,99.0,47.0,1.384615421295166,-53.69230651855469
122.364,12:18:57.305,455.254,34.621,15761.562,0.000,0.000,0.000,35.697,35.370,36.382,1.000,1.000,0.000,48.080,47.900,0.940,57.453,5.000,99.0,47.0,1.384615421295166,-53.69230651855469
122.477,12:18:57.417,455.254,34.621,15761.562,0.000,0.000,0.000,35.697,35.370,36.382,1.000,1.000,0.000,48.080,47.900,0.940,57.453,5.000,99.0,47.0,1.384615421295166,-53.69230651855469
122.588,12:18:57.529,455.254,34.621,15761.562,0.000,0.000,0.000,35.697,35.370,36.382,1.000,1.000,0.000,48.080,47.900,0.940,57.453,5.000,99.0,47.0,1.384615421295166,-53.69230651855469
122.717,12:18:57.657,451.639,35.481,16024.715,0.000,0.000,0.000,35.618,37.663,37.314,1.000,1.000,0.000,48.518,48.700,0.940,57.504,5.000,99.0,47.0,1.384615421295166,-53.69230651855469
122.828,12:18:57.769,451.639,35.481,16024.715,0.000,0.000,0.000,35.618,37.663,37.314,1.000,1.000,0.000,48.518,48.700,0.940,57.504,5.000,99.0,47.0,1.384615421295166,-53.69230651855469
122.940,12:18:57.881,451.639,35.481,16024.715,0.000,0.000,0.000,35.618,37.663,37.314,1.000,1.000,0.000,48.518,48.700,0.940,57.504,5.000,99.0,47.0,1.384615421295166,-53.69230651855469
123.052,12:18:57.993,451.639,35.481,16024.715,0.000,0.000,0.000,35.618,37.663,37.314,1.000,1.000,0.000,48.518,48.700,0.940,57.504,5.000,99.0,47.0,1.384615421295166,-53.69230651855469
123.163,12:18:58.297,452.919,35.211,15947.716,0.000,0.000,0.000,36.150,37.063,36.397,1.000,1.000,0.000,48.080,47.900,0.940,57.518,5.000,99.0,47.0,47.02564239501953,-34.92307662963867
123.467,12:18:58.408,452.919,35.211,15947.716,0.000,0.000,0.000,36.150,37.063,36.397,1.000,1.000,0.000,48.080,47.900,0.940,57.518,5.000,99.0,47.0,47.02564239501953,-34.92307662963867
123.580,12:18:58.520,451.676,35.507,16037.670,0.000,0.000,0.000,35.783,36.801,38.049,1.000,1.000,0.000,48.518,48.700,0.940,57.548,5.000,99.0,47.0,47.02564239501953,-34.92307662963867
123.692,12:18:58.633,451.676,35.507,16037.670,0.000,0.000,0.000,35.783,36.801,38.049,1.000,1.000,0.000,48.518,48.700,0.940,57.548,5.000,99.0,47.0,47.02564239501953,-34.92307662963867
123.804,12:18:58.744,451.676,35.507,16037.670,0.000,0.000,0.000,35.783,36.801,38.049,1.000,1.000,0.000,48.518,48.700,0.940,57.548,5.000,99.0,47.0,47.02564239501953,-34.92307662963867
123.931,12:18:58.872,452.757,35.249,15959.158,0.000,0.000,0.000,35.187,37.360,37.323,1.000,1.000,0.000,48.080,47.900,0.940,57.577,5.000,99.0,47.0,47.02564239501953,-34.92307662963867
124.043,12:18:58.984,452.757,35.249,15959.158,0.000,0.000,0.000,35.187,37.360,37.323,1.000,1.000,0.000,48.080,47.900,0.940,57.577,5.000,99.0,47.0,47.02564239501953,-34.92307662963867
124.155,12:18:59.096,452.757,35.249,15959.158,0.000,0.000,0.000,35.187,37.360,37.323,1.000,1.000,0.000,48.080,47.900,0.940,57.577,5.000,99.0,47.0,47.02564239501953,-34.92307662963867
124.268,12:18:59.399,452.757,35.249,15959.158,0.000,0.000,0.000,35.187,37.360,37.323,1.000,1.000,0.000,48.080,47.900,0.940,57.577,5.000,99.0,47.0,-28.30769157409668,53.230770111083984
124.571,12:18:59.512,451.781,35.486,16031.682,0.000,0.000,0.000,36.589,36.490,37.345,1.000,1.000,0.000,48.518,48.700,0.940,57.630,5.000,99.0,47.0,-28.30769157409668,53.230770111083984
124.682,12:18:59.623,451.781,35.486,16031.682,0.000,0.000,0.000,36.589,36.490,37.345,1.000,1.000,0.000,48.518,48.700,0.940,57.630,5.000,99.0,47.0,-28.30769157409668,53.230770111083984
124.795,12:18:59.736,452.627,35.295,15975.554,0.000,0.000,0.000,35.799,36.289,37.841,1.000,1.000,0.000,48.080,47.900,0.940,57.699,5.000,99.0,47.0,-28.30769157409668,53.230770111083984
124.907,12:18:59.848,452.627,35.295,15975.554,0.000,0.000,0.000,35.799,36.289,37.841,1.000,1.000,0.000,48.080,47.900,0.940,57.699,5.000,99.0,47.0,-28.30769157409668,53.230770111083984
125.019,12:18:59.960,452.627,35.295,15975.554,0.000,0.000,0.000,35.799,36.289,37.841,1.000,1.000,0.000,48.080,47.900,0.940,57.699,5.000,99.0,47.0,-28.30769157409668,53.230770111083984
125.130,12:19:00.071,452.627,35.295,15975.554,0.000,0.000,0.000,35.799,36.289,37.841,1.000,1.000,0.000,48.080,47.900,0.940,57.699,5.000,99.0,47.0,-28.30769157409668,53.230770111083984
125.242,12:19:00.183,452.131,35.412,16011.088,0.000,0.000,0.000,36.209,37.353,36.665,1.000,1.000,0.000,48.518,48.700,0.940,57.730,5.000,99.0,47.0,-28.30769157409668,53.230770111083984
125.355,12:19:00.486,452.131,35.412,16011.088,0.000,0.000,0.000,36.209,37.353,36.665,1.000,1.000,0.000,48.518,48.700,0.940,57.730,5.000,99.0,47.0,6.051281929016113,41.74359130859375
125.658,12:19:00.598,452.648,35.307,15981.760,0.000,0.000,0.000,36.534,36.485,36.848,1.000,1.000,0.000,48.080,47.900,0.940,57.728,5.000,99.0,47.0,6.051281929016113,41.74359130859375
125.771,12:19:00.711,452.648,35.307,15981.760,0.000,0.000,0.000,36.534,36.485,36.848,1.000,1.000,0.000,48.080,47.900,0.940,57.728,5.000,99.0,47.0,6.051281929016113,41.74359130859375
125.882,12:19:00.823,452.648,35.307,15981.760,0.000,0.000,0.000,36.534,36.485,36.848,1.000,1.000,0.000,48.080,47.900,0.940,57.728,5.000,99.0,47.0,6.051281929016113,41.74359130859375
125.994,12:19:00.935,452.402,35.371,16002.006,0.000,0.000,0.000,35.290,37.328,37.499,1.000,1.000,0.000,48.518,48.700,0.940,57.759,5.000,99.0,47.0,6.051281929016113,41.74359130859375
126.106,12:19:01.047,452.402,35.371,16002.006,0.000,0.000,0.000,35.290,37.328,37.499,1.000,1.000,0.000,48.518,48.700,0.940,57.759,5.000,99.0,47.0,6.051281929016113,41.74359130859375
126.218,12:19:01.158,452.402,35.371,16002.006,0.000,0.000,0.000,35.290,37.328,37.499,1.000,1.000,0.000,48.518,48.700,0.940,57.759,5.000,99.0,47.0,6.051281929016113,41.74359130859375
126.330,12:19:01.270,452.402,35.371,16002.006,0.000,0.000,0.000,35.290,37.328,37.499,1.000,1.000,0.000,48.518,48.700,0.940,57.759,5.000,99.0,47.0,6.051281929016113,41.74359130859375
126.442,12:19:01.574,452.621,35.322,15987.616,0.000,0.000,0.000,35.831,37.446,36.740,1.000,1.000,0.000,48.118,48.300,0.940,57.833,5.000,99.0,47.0,-22.66666603088379,50.61538314819336
126.745,12:19:01.686,452.621,35.322,15987.616,0.000,0.000,0.000,35.831,37.446,36.740,1.000,1.000,0.000,48.118,48.300,0.940,57.833,5.000,99.0,47.0,-22.66666603088379,50.61538314819336
126.858,12:19:01.799,452.094,35.463,16032.482,0.000,0.000,0.000,36.549,36.441,37.346,1.000,1.000,0.000,48.480,48.300,0.940,57.866,5.000,99.0,47.0,-22.66666603088379,50.61538314819336
126.969,12:19:01.910,452.094,35.463,16032.482,0.000,0.000,0.000,36.549,36.441,37.346,1.000,1.000,0.000,48.480,48.300,0.940,57.866,5.000,99.0,47.0,-22.66666603088379,50.61538314819336
127.082,12:19:02.023,452.094,35.463,16032.482,0.000,0.000,0.000,36.549,36.441,37.346,1.000,1.000,0.000,48.480,48.300,0.940,57.866,5.000,99.0,47.0,-22.66666603088379,50.61538314819336
127.194,12:19:02.135,452.293,35.415,16017.757,0.000,0.000,0.000,35.386,37.078,37.793,1.000,1.000,0.000,48.518,48.700,0.940,57.880,5.000,99.0,47.0,-22.66666603088379,50.61538314819336
127.305,12:19:02.246,452.293,35.415,16017.757,0.000,0.000,0.000,35.386,37.078,37.793,1.000,1.000,0.000,48.518,48.700,0.940,57.880,5.000,99.0,47.0,-22.66666603088379,50.61538314819336
127.417,12:19:02.358,452.293,35.415,16017.757,0.000,0.000,0.000,35.386,37.078,37.793,1.000,1.000,0.000,48.518,48.700,0.940,57.880,5.000,99.0,47.0,-22.66666603088379,50.61538314819336
127.529,12:19:02.661,452.293,35.415,16017.757,0.000,0.000,0.000,35.386,37.078,37.793,1.000,1.000,0.000,48.518,48.700,0.940,57.880,5.000,99.0,47.0,37.02564239501953,-51.53845977783203
127.833,12:19:02.774,452.535,35.358,16000.936,0.000,0.000,0.000,35.553,37.568,37.072,1.000,1.000,0.000,48.080,47.900,0.940,57.950,5.000,99.0,47.0,37.02564239501953,-51.53845977783203
127.944,12:19:02.885,452.535,35.358,16000.936,0.000,0.000,0.000,35.553,37.568,37.072,1.000,1.000,0.000,48.080,47.900,0.940,57.950,5.000,99.0,47.0,37.02564239501953,-51.53845977783203
128.057,12:19:02.998,452.479,35.369,16003.815,0.000,0.000,0.000,36.211,36.188,37.561,1.000,1.000,0.000,48.480,48.300,0.940,58.006,5.000,99.0,47.0,37.02564239501953,-51.53845977783203
128.170,12:19:03.110,452.479,35.369,16003.815,0.000,0.000,0.000,36.211,36.188,37.561,1.000,1.000,0.000,48.480,48.300,0.940,58.006,5.000,99.0,47.0,37.02564239501953,-51.53845977783203
128.281,12:19:03.222,452.479,35.369,16003.815,0.000,0.000,0.000,36.211,36.188,37.561,1.000,1.000,0.000,48.480,48.300,0.940,58.006,5.000,99.0,47.0,37.02564239501953,-51.53845977783203
128.393,12:19:03.333,448.389,36.304,16278.157,0.000,0.000,0.000,36.591,37.947,38.839,1.000,1.000,0.000,48.881,48.700,0.940,58.023,5.000,99.0,47.0,37.02564239501953,-51.53845977783203
128.505,12:19:03.446,448.389,36.304,16278.157,0.000,0.000,0.000,36.591,37.947,38.839,1.000,1.000,0.000,48.881,48.700,0.940,58.023,5.000,99.0,47.0,37.02564239501953,-51.53845977783203
128.616,12:19:03.749,448.389,36.304,16278.157,0.000,0.000,0.000,36.591,37.947,38.839,1.000,1.000,0.000,48.881,48.700,0.940,58.023,5.000,99.0,47.0,-37.07692337036133,48.0
128.921,12:19:03.862,452.602,35.368,16007.469,0.000,0.000,0.000,35.346,37.188,37.732,1.000,1.000,0.000,48.080,47.900,0.940,58.030,5.000,99.0,47.0,-37.07692337036133,48.0
129.033,12:19:03.973,452.602,35.368,16007.469,0.000,0.000,0.000,35.346,37.188,37.732,1.000,1.000,0.000,48.080,47.900,0.940,58.030,5.000,99.0,47.0,-37.07692337036133,48.0
129.144,12:19:04.084,452.602,35.368,16007.469,0.000,0.000,0.000,35.346,37.188,37.732,1.000,1.000,0.000,48.080,47.900,0.940,58.030,5.000,99.0,47.0,-37.07692337036133,48.0
129.255,12:19:04.196,452.789,35.324,15994.363,0.000,0.000,0.000,36.486,36.559,36.815,1.000,1.000,0.000,48.518,48.700,0.940,58.085,5.000,99.0,47.0,-37.07692337036133,48.0
129.368,12:19:04.308,452.789,35.324,15994.363,0.000,0.000,0.000,36.486,36.559,36.815,1.000,1.000,0.000,48.518,48.700,0.940,58.085,5.000,99.0,47.0,-37.07692337036133,48.0
129.479,12:19:04.420,452.789,35.324,15994.363,0.000,0.000,0.000,36.486,36.559,36.815,1.000,1.000,0.000,48.518,48.700,0.940,58.085,5.000,99.0,47.0,-37.07692337036133,48.0
129.592,12:19:04.533,452.789,35.324,15994.363,0.000,0.000,0.000,36.486,36.559,36.815,1.000,1.000,0.000,48.518,48.700,0.940,58.085,5.000,99.0,47.0,-37.07692337036133,48.0
129.704,12:19:04.837,454.082,35.041,15911.709,0.000,0.000,0.000,34.896,36.904,37.306,1.000,1.000,0.000,48.079,47.900,0.940,58.174,5.000,99.0,47.0,-47.69230651855469,30.256410598754883
130.024,12:19:04.965,451.280,35.709,16114.802,0.000,0.000,0.000,36.896,36.988,37.151,1.000,1.000,0.000,48.519,48.700,0.940,58.184,5.000,99.0,47.0,-47.69230651855469,30.256410598754883
130.135,12:19:05.076,451.280,35.709,16114.802,0.000,0.000,0.000,36.896,36.988,37.151,1.000,1.000,0.000,48.519,48.700,0.940,58.184,5.000,99.0,47.0,-47.69230651855469,30.256410598754883
130.247,12:19:05.188,451.280,35.709,16114.802,0.000,0.000,0.000,36.896,36.988,37.151,1.000,1.000,0.000,48.519,48.700,0.940,58.184,5.000,99.0,47.0,-47.69230651855469,30.256410598754883
130.360,12:19:05.301,451.280,35.709,16114.802,0.000,0.000,0.000,36.896,36.988,37.151,1.000,1.000,0.000,48.519,48.700,0.940,58.184,5.000,99.0,47.0,-47.69230651855469,30.256410598754883
130.471,12:19:05.411,454.294,35.015,15907.002,0.000,0.000,0.000,35.743,35.758,37.377,1.000,1.000,0.000,48.119,48.300,0.940,58.218,5.000,99.0,47.0,-47.69230651855469,30.256410598754883
130.583,12:19:05.524,454.294,35.015,15907.002,0.000,0.000,0.000,35.743,35.758,37.377,1.000,1.000,0.000,48.119,48.300,0.940,58.218,5.000,99.0,47.0,-47.69230651855469,30.256410598754883
130.695,12:19:05.635,454.294,35.015,15907.002,0.000,0.000,0.000,35.743,35.758,37.377,1.000,1.000,0.000,48.119,48.300,0.940,58.218,5.000,99.0,47.0,-47.69230651855469,30.256410598754883
130.806,12:19:05.940,454.294,35.015,15907.002,0.000,0.000,0.000,35.743,35.758,37.377,1.000,1.000,0.000,48.119,48.300,0.940,58.218,5.000,99.0,47.0,4.666666507720947,38.71794891357422
131.110,12:19:06.051,457.793,34.131,15624.916,0.000,0.000,0.000,34.469,36.233,35.268,1.000,1.000,0.000,47.719,47.900,0.940,58.241,5.000,99.0,47.0,4.666666507720947,38.71794891357422
131.239,12:19:06.180,461.144,33.213,15315.809,0.000,0.000,0.000,32.855,35.275,34.867,1.000,1.000,0.000,47.319,47.500,0.940,58.290,5.000,99.0,47.0,4.666666507720947,38.71794891357422
131.352,12:19:06.292,461.144,33.213,15315.809,0.000,0.000,0.000,32.855,35.275,34.867,1.000,1.000,0.000,47.319,47.500,0.940,58.290,5.000,99.0,47.0,4.666666507720947,38.71794891357422
131.462,12:19:06.403,461.144,33.213,15315.809,0.000,0.000,0.000,32.855,35.275,34.867,1.000,1.000,0.000,47.319,47.500,0.940,58.290,5.000,99.0,47.0,4.666666507720947,38.71794891357422
131.574,12:19:06.515,461.144,33.213,15315.809,0.000,0.000,0.000,32.855,35.275,34.867,1.000,1.000,0.000,47.319,47.500,0.940,58.290,5.000,99.0,47.0,4.666666507720947,38.71794891357422
131.687,12:19:06.628,455.944,34.609,15779.758,0.000,0.000,0.000,34.398,36.381,36.821,1.000,1.000,0.000,48.118,48.300,0.940,58.224,5.000,99.0,47.0,4.666666507720947,38.71794891357422
131.799,12:19:06.740,455.944,34.609,15779.758,0.000,0.000,0.000,34.398,36.381,36.821,1.000,1.000,0.000,48.118,48.300,0.940,58.224,5.000,99.0,47.0,4.666666507720947,38.71794891357422
131.910,12:19:07.043,455.944,34.609,15779.758,0.000,0.000,0.000,34.398,36.381,36.821,1.000,1.000,0.000,48.118,48.300,0.940,58.224,5.000,99.0,47.0,-26.41025733947754,51.38461685180664
132.214,12:19:07.155,452.246,35.532,16069.319,0.000,0.000,0.000,36.462,37.328,36.814,1.000,1.000,0.000,48.480,48.300,0.940,58.172,5.000,99.0,47.0,-26.41025733947754,51.38461685180664
132.326,12:19:07.266,452.246,35.532,16069.319,0.000,0.000,0.000,36.462,37.328,36.814,1.000,1.000,0.000,48.480,48.300,0.940,58.172,5.000,99.0,47.0,-26.41025733947754,51.38461685180664
132.454,12:19:07.394,448.179,36.442,16332.515,0.000,0.000,0.000,37.657,37.794,38.372,1.000,1.000,0.000,48.881,48.700,0.940,58.246,5.000,99.0,47.0,-26.41025733947754,51.38461685180664
132.566,12:19:07.507,448.179,36.442,16332.515,0.000,0.000,0.000,37.657,37.794,38.372,1.000,1.000,0.000,48.881,48.700,0.940,58.246,5.000,99.0,47.0,-26.41025733947754,51.38461685180664
132.678,12:19:07.619,448.179,36.442,16332.515,0.000,0.000,0.000,37.657,37.794,38.372,1.000,1.000,0.000,48.881,48.700,0.940,58.246,5.000,99.0,47.0,-26.41025733947754,51.38461685180664
132.791,12:19:07.731,448.179,36.442,16332.515,0.000,0.000,0.000,37.657,37.794,38.372,1.000,1.000,0.000,48.881,48.700,0.940,58.246,5.000,99.0,47.0,-26.41025733947754,51.38461685180664
132.902,12:19:07.843,454.068,35.122,15947.624,0.000,0.000,0.000,36.039,35.917,37.306,1.000,1.000,0.000,48.080,47.900,0.940,58.297,5.000,99.0,47.0,-26.41025733947754,51.38461685180664
133.015,12:19:08.146,454.068,35.122,15947.624,0.000,0.000,0.000,36.039,35.917,37.306,1.000,1.000,0.000,48.080,47.900,0.940,58.297,5.000,99.0,47.0,3.6410255432128906,-54.46154022216797
133.317,12:19:08.258,452.584,35.483,16058.841,0.000,0.000,0.000,35.782,37.615,37.136,1.000,1.000,0.000,48.518,48.700,0.940,58.311,5.000,99.0,47.0,3.6410255432128906,-54.46154022216797
133.430,12:19:08.370,452.584,35.483,16058.841,0.000,0.000,0.000,35.782,37.615,37.136,1.000,1.000,0.000,48.518,48.700,0.940,58.311,5.000,99.0,47.0,3.6410255432128906,-54.46154022216797
133.541,12:19:08.481,452.584,35.483,16058.841,0.000,0.000,0.000,35.782,37.615,37.136,1.000,1.000,0.000,48.518,48.700,0.940,58.311,5.000,99.0,47.0,3.6410255432128906,-54.46154022216797
133.654,12:19:08.595,452.584,35.483,16058.841,0.000,0.000,0.000,35.782,37.615,37.136,1.000,1.000,0.000,48.518,48.700,0.940,58.311,5.000,99.0,47.0,3.6410255432128906,-54.46154022216797
133.766,12:19:08.706,454.168,35.115,15948.313,0.000,0.000,0.000,36.190,36.766,36.294,1.000,1.000,0.000,48.118,48.300,0.940,58.393,5.000,99.0,47.0,3.6410255432128906,-54.46154022216797
133.877,12:19:08.818,454.168,35.115,15948.313,0.000,0.000,0.000,36.190,36.766,36.294,1.000,1.000,0.000,48.118,48.300,0.940,58.393,5.000,99.0,47.0,3.6410255432128906,-54.46154022216797
133.989,12:19:08.930,454.168,35.115,15948.313,0.000,0.000,0.000,36.190,36.766,36.294,1.000,1.000,0.000,48.118,48.300,0.940,58.393,5.000,99.0,47.0,3.6410255432128906,-54.46154022216797
134.100,12:19:09.233,452.632,35.480,16059.444,0.000,0.000,0.000,36.136,36.385,37.905,1.000,1.000,0.000,48.480,48.300,0.940,58.454,5.000,99.0,47.0,34.769229888916016,-55.64102554321289
134.405,12:19:09.345,452.632,35.480,16059.444,0.000,0.000,0.000,36.136,36.385,37.905,1.000,1.000,0.000,48.480,48.300,0.940,58.454,5.000,99.0,47.0,34.769229888916016,-55.64102554321289
134.517,12:19:09.457,448.533,36.404,16328.567,0.000,0.000,0.000,36.651,38.199,38.893,1.000,1.000,0.000,48.881,48.700,0.940,58.493,5.000,99.0,47.0,34.769229888916016,-55.64102554321289
134.629,12:19:09.570,448.533,36.404,16328.567,0.000,0.000,0.000,36.651,38.199,38.893,1.000,1.000,0.000,48.881,48.700,0.940,58.493,5.000,99.0,47.0,34.769229888916016,-55.64102554321289
134.740,12:19:09.681,448.533,36.404,16328.567,0.000,0.000,0.000,36.651,38.199,38.893,1.000,1.000,0.000,48.881,48.700,0.940,58.493,5.000,99.0,47.0,34.769229888916016,-55.64102554321289
134.852,12:19:09.793,448.533,36.404,16328.567,0.000,0.000,0.000,36.651,38.199,38.893,1.000,1.000,0.000,48.881,48.700,0.940,58.493,5.000,99.0,47.0,34.769229888916016,-55.64102554321289
134.964,12:19:09.905,450.139,36.081,16241.453,0.000,0.000,0.000,36.190,38.070,38.384,1.000,1.000,0.000,48.518,48.700,0.940,58.544,5.000,99.0,47.0,34.769229888916016,-55.64102554321289
135.076,12:19:10.017,450.139,36.081,16241.453,0.000,0.000,0.000,36.190,38.070,38.384,1.000,1.000,0.000,48.518,48.700,0.940,58.544,5.000,99.0,47.0,34.769229888916016,-55.64102554321289
135.188,12:19:10.320,450.139,36.081,16241.453,0.000,0.000,0.000,36.190,38.070,38.384,1.000,1.000,0.000,48.518,48.700,0.940,58.544,5.000,99.0,47.0,15.333333015441895,35.89743423461914
135.492,12:19:10.432,454.186,35.142,15961.181,0.000,0.000,0.000,35.425,37.308,36.674,1.000,1.000,0.000,48.118,48.300,0.940,58.557,5.000,99.0,47.0,15.333333015441895,35.89743423461914
135.605,12:19:10.546,454.186,35.142,15961.181,0.000,0.000,0.000,35.425,37.308,36.674,1.000,1.000,0.000,48.118,48.300,0.940,58.557,5.000,99.0,47.0,15.333333015441895,35.89743423461914
135.717,12:19:10.657,453.228,35.383,16036.454,0.000,0.000,0.000,36.549,36.481,37.069,1.000,1.000,0.000,48.480,48.300,0.940,58.676,5.000,99.0,47.0,15.333333015441895,35.89743423461914
135.829,12:19:10.770,453.228,35.383,16036.454,0.000,0.000,0.000,36.549,36.481,37.069,1.000,1.000,0.000,48.480,48.300,0.940,58.676,5.000,99.0,47.0,15.333333015441895,35.89743423461914
135.940,12:19:10.881,453.228,35.383,16036.454,0.000,0.000,0.000,36.549,36.481,37.069,1.000,1.000,0.000,48.480,48.300,0.940,58.676,5.000,99.0,47.0,15.333333015441895,35.89743423461914
136.053,12:19:10.993,453.228,35.383,16036.454,0.000,0.000,0.000,36.549,36.481,37.069,1.000,1.000,0.000,48.480,48.300,0.940,58.676,5.000,99.0,47.0,15.333333015441895,35.89743423461914
136.163,12:19:11.104,454.327,35.126,15958.497,0.000,0.000,0.000,35.147,36.596,37.570,1.000,1.000,0.000,48.118,48.300,0.940,58.682,5.000,99.0,47.0,15.333333015441895,35.89743423461914
136.276,12:19:11.407,454.327,35.126,15958.497,0.000,0.000,0.000,35.147,36.596,37.570,1.000,1.000,0.000,48.118,48.300,0.940,58.682,5.000,99.0,47.0,-10.717948913574219,35.846153259277344
136.579,12:19:11.519,450.211,36.098,16251.603,0.000,0.000,0.000,36.614,38.264,37.775,1.000,1.000,0.000,48.518,48.700,0.940,58.697,5.000,99.0,47.0,-10.717948913574219,35.846153259277344
136.691,12:19:11.632,450.211,36.098,16251.603,0.000,0.000,0.000,36.614,38.264,37.775,1.000,1.000,0.000,48.518,48.700,0.940,58.697,5.000,99.0,47.0,-10.717948913574219,35.846153259277344
136.803,12:19:11.743,450.211,36.098,16251.603,0.000,0.000,0.000,36.614,38.264,37.775,1.000,1.000,0.000,48.518,48.700,0.940,58.697,5.000,99.0,47.0,-10.717948913574219,35.846153259277344
136.915,12:19:11.856,454.063,35.194,15980.402,0.000,0.000,0.000,36.287,36.853,36.389,1.000,1.000,0.000,48.118,48.300,0.940,58.731,5.000,99.0,47.0,-10.717948913574219,35.846153259277344
137.028,12:19:11.969,454.063,35.194,15980.402,0.000,0.000,0.000,36.287,36.853,36.389,1.000,1.000,0.000,48.118,48.300,0.940,58.731,5.000,99.0,47.0,-10.717948913574219,35.846153259277344
137.139,12:19:12.079,454.063,35.194,15980.402,0.000,0.000,0.000,36.287,36.853,36.389,1.000,1.000,0.000,48.118,48.300,0.940,58.731,5.000,99.0,47.0,-10.717948913574219,35.846153259277344
137.251,12:19:12.192,454.063,35.194,15980.402,0.000,0.000,0.000,36.287,36.853,36.389,1.000,1.000,0.000,48.118,48.300,0.940,58.731,5.000,99.0,47.0,-10.717948913574219,35.846153259277344
137.363,12:19:12.496,450.100,36.107,16251.630,0.000,0.000,0.000,36.992,37.169,38.493,1.000,1.000,0.000,48.480,48.300,0.940,58.808,5.000,99.0,47.0,-8.410256385803223,-43.17948532104492
137.667,12:19:12.608,450.100,36.107,16251.630,0.000,0.000,0.000,36.992,37.169,38.493,1.000,1.000,0.000,48.480,48.300,0.940,58.808,5.000,99.0,47.0,-8.410256385803223,-43.17948532104492
137.779,12:19:12.719,453.550,35.320,16019.515,0.000,0.000,0.000,35.234,37.213,37.485,1.000,1.000,0.000,48.518,48.700,0.940,58.822,5.000,99.0,47.0,-8.410256385803223,-43.17948532104492
137.891,12:19:12.831,453.550,35.320,16019.515,0.000,0.000,0.000,35.234,37.213,37.485,1.000,1.000,0.000,48.518,48.700,0.940,58.822,5.000,99.0,47.0,-8.410256385803223,-43.17948532104492
138.003,12:19:12.944,453.550,35.320,16019.515,0.000,0.000,0.000,35.234,37.213,37.485,1.000,1.000,0.000,48.518,48.700,0.940,58.822,5.000,99.0,47.0,-8.410256385803223,-43.17948532104492
138.115,12:19:13.056,453.550,35.320,16019.515,0.000,0.000,0.000,35.234,37.213,37.485,1.000,1.000,0.000,48.518,48.700,0.940,58.822,5.000,99.0,47.0,-8.410256385803223,-43.17948532104492
138.226,12:19:13.166,453.907,35.228,15990.150,0.000,0.000,0.000,35.642,37.387,36.621,1.000,1.000,0.000,48.118,48.300,0.940,58.883,5.000,99.0,47.0,-8.410256385803223,-43.17948532104492
138.339,12:19:13.280,453.907,35.228,15990.150,0.000,0.000,0.000,35.642,37.387,36.621,1.000,1.000,0.000,48.118,48.300,0.940,58.883,5.000,99.0,47.0,-8.410256385803223,-43.17948532104492
138.450,12:19:13.582,453.907,35.228,15990.150,0.000,0.000,0.000,35.642,37.387,36.621,1.000,1.000,0.000,48.118,48.300,0.940,58.883,5.000,99.0,47.0,2.0,46.512821197509766
138.754,12:19:13.695,449.737,36.172,16267.748,0.000,0.000,0.000,37.382,37.392,37.972,1.000,1.000,0.000,48.480,48.300,0.940,58.919,5.000,99.0,47.0,2.0,46.512821197509766
138.865,12:19:13.806,449.737,36.172,16267.748,0.000,0.000,0.000,37.382,37.392,37.972,1.000,1.000,0.000,48.480,48.300,0.940,58.919,5.000,99.0,47.0,2.0,46.512821197509766
138.977,12:19:13.918,453.551,35.298,16009.252,0.000,0.000,0.000,35.450,36.676,37.660,1.000,1.000,0.000,48.518,48.700,0.940,58.917,5.000,99.0,47.0,2.0,46.512821197509766
139.090,12:19:14.031,453.551,35.298,16009.252,0.000,0.000,0.000,35.450,36.676,37.660,1.000,1.000,0.000,48.518,48.700,0.940,58.917,5.000,99.0,47.0,2.0,46.512821197509766
139.202,12:19:14.142,453.551,35.298,16009.252,0.000,0.000,0.000,35.450,36.676,37.660,1.000,1.000,0.000,48.518,48.700,0.940,58.917,5.000,99.0,47.0,2.0,46.512821197509766
139.314,12:19:14.255,453.551,35.298,16009.252,0.000,0.000,0.000,35.450,36.676,37.660,1.000,1.000,0.000,48.518,48.700,0.940,58.917,5.000,99.0,47.0,2.0,46.512821197509766
139.426,12:19:14.367,453.711,35.252,15994.289,0.000,0.000,0.000,35.144,37.350,37.227,1.000,1.000,0.000,48.118,48.300,0.940,58.926,5.000,99.0,47.0,2.0,46.512821197509766
139.537,12:19:14.671,453.711,35.252,15994.289,0.000,0.000,0.000,35.144,37.350,37.227,1.000,1.000,0.000,48.118,48.300,0.940,58.926,5.000,99.0,47.0,2.153846263885498,-47.38461685180664
139.841,12:19:14.782,449.714,36.167,16264.964,0.000,0.000,0.000,37.254,37.866,37.590,1.000,1.000,0.000,48.480,48.300,0.940,59.011,5.000,99.0,47.0,2.153846263885498,-47.38461685180664
139.954,12:19:14.895,449.714,36.167,16264.964,0.000,0.000,0.000,37.254,37.866,37.590,1.000,1.000,0.000,48.480,48.300,0.940,59.011,5.000,99.0,47.0,2.153846263885498,-47.38461685180664
140.066,12:19:15.007,449.714,36.167,16264.964,0.000,0.000,0.000,37.254,37.866,37.590,1.000,1.000,0.000,48.480,48.300,0.940,59.011,5.000,99.0,47.0,2.153846263885498,-47.38461685180664
140.177,12:19:15.118,449.674,36.156,16258.479,0.000,0.000,0.000,37.262,37.298,38.208,1.000,1.000,0.000,48.480,48.300,0.940,59.001,5.000,99.0,47.0,2.153846263885498,-47.38461685180664
140.288,12:19:15.229,449.674,36.156,16258.479,0.000,0.000,0.000,37.262,37.298,38.208,1.000,1.000,0.000,48.480,48.300,0.940,59.001,5.000,99.0,47.0,2.153846263885498,-47.38461685180664
140.401,12:19:15.342,449.674,36.156,16258.479,0.000,0.000,0.000,37.262,37.298,38.208,1.000,1.000,0.000,48.480,48.300,0.940,59.001,5.000,99.0,47.0,2.153846263885498,-47.38461685180664
140.513,12:19:15.453,449.674,36.156,16258.479,0.000,0.000,0.000,37.262,37.298,38.208,1.000,1.000,0.000,48.480,48.300,0.940,59.001,5.000,99.0,47.0,2.153846263885498,-47.38461685180664
140.625,12:19:15.758,455.060,34.900,15881.812,0.000,0.000,0.000,34.803,37.067,36.659,1.000,1.000,0.000,48.119,48.300,0.940,59.077,5.000,99.0,47.0,-47.846153259277344,32.410255432128906
140.928,12:19:15.869,455.060,34.900,15881.812,0.000,0.000,0.000,34.803,37.067,36.659,1.000,1.000,0.000,48.119,48.300,0.940,59.077,5.000,99.0,47.0,-47.846153259277344,32.410255432128906
141.041,12:19:15.981,449.612,36.163,16259.336,0.000,0.000,0.000,36.464,38.322,38.031,1.000,1.000,0.000,48.881,48.700,0.940,59.086,5.000,99.0,47.0,-47.846153259277344,32.410255432128906
141.153,12:19:16.094,449.612,36.163,16259.336,0.000,0.000,0.000,36.464,38.322,38.031,1.000,1.000,0.000,48.881,48.700,0.940,59.086,5.000,99.0,47.0,-47.846153259277344,32.410255432128906
141.264,12:19:16.205,449.612,36.163,16259.336,0.000,0.000,0.000,36.464,38.322,38.031,1.000,1.000,0.000,48.881,48.700,0.940,59.086,5.000,99.0,47.0,-47.846153259277344,32.410255432128906
141.376,12:19:16.316,454.826,34.954,15898.014,0.000,0.000,0.000,36.139,36.097,36.429,1.000,1.000,0.000,48.118,48.300,0.940,59.148,5.000,99.0,47.0,-47.846153259277344,32.410255432128906
141.488,12:19:16.428,454.826,34.954,15898.014,0.000,0.000,0.000,36.139,36.097,36.429,1.000,1.000,0.000,48.118,48.300,0.940,59.148,5.000,99.0,47.0,-47.846153259277344,32.410255432128906
141.601,12:19:16.541,454.826,34.954,15898.014,0.000,0.000,0.000,36.139,36.097,36.429,1.000,1.000,0.000,48.118,48.300,0.940,59.148,5.000,99.0,47.0,-47.846153259277344,32.410255432128906
141.713,12:19:16.845,454.826,34.954,15898.014,0.000,0.000,0.000,36.139,36.097,36.429,1.000,1.000,0.000,48.118,48.300,0.940,59.148,5.000,99.0,47.0,18.461538314819336,33.28205108642578
142.017,12:19:16.957,450.883,35.872,16173.895,0.000,0.000,0.000,36.499,36.996,38.431,1.000,1.000,0.000,48.480,48.300,0.940,59.196,5.000,99.0,47.0,18.461538314819336,33.28205108642578
142.129,12:19:17.069,450.883,35.872,16173.895,0.000,0.000,0.000,36.499,36.996,38.431,1.000,1.000,0.000,48.480,48.300,0.940,59.196,5.000,99.0,47.0,18.461538314819336,33.28205108642578
142.239,12:19:17.180,454.653,34.989,15907.692,0.000,0.000,0.000,34.863,37.070,37.001,1.000,1.000,0.000,48.118,48.300,0.940,59.231,5.000,99.0,47.0,18.461538314819336,33.28205108642578
142.351,12:19:17.292,454.653,34.989,15907.692,0.000,0.000,0.000,34.863,37.070,37.001,1.000,1.000,0.000,48.118,48.300,0.940,59.231,5.000,99.0,47.0,18.461538314819336,33.28205108642578
142.463,12:19:17.404,454.653,34.989,15907.692,0.000,0.000,0.000,34.863,37.070,37.001,1.000,1.000,0.000,48.118,48.300,0.940,59.231,5.000,99.0,47.0,18.461538314819336,33.28205108642578
142.576,12:19:17.517,454.653,34.989,15907.692,0.000,0.000,0.000,34.863,37.070,37.001,1.000,1.000,0.000,48.118,48.300,0.940,59.231,5.000,99.0,47.0,18.461538314819336,33.28205108642578
142.687,12:19:17.628,450.566,35.940,16193.389,0.000,0.000,0.000,36.919,37.853,37.357,1.000,1.000,0.000,48.480,48.300,0.940,59.247,5.000,99.0,47.0,18.461538314819336,33.28205108642578
142.799,12:19:17.933,450.566,35.940,16193.389,0.000,0.000,0.000,36.919,37.853,37.357,1.000,1.000,0.000,48.480,48.300,0.940,59.247,5.000,99.0,47.0,-7.128205299377441,-36.92307662963867
143.103,12:19:18.044,454.606,34.993,15907.945,0.000,0.000,0.000,36.007,35.805,36.944,1.000,1.000,0.000,48.118,48.300,0.940,59.306,5.000,99.0,47.0,-7.128205299377441,-36.92307662963867
143.215,12:19:18.156,454.606,34.993,15907.945,0.000,0.000,0.000,36.007,35.805,36.944,1.000,1.000,0.000,48.118,48.300,0.940,59.306,5.000,99.0,47.0,-7.128205299377441,-36.92307662963867
143.327,12:19:18.267,454.606,34.993,15907.945,0.000,0.000,0.000,36.007,35.805,36.944,1.000,1.000,0.000,48.118,48.300,0.940,59.306,5.000,99.0,47.0,-7.128205299377441,-36.92307662963867
143.439,12:19:18.380,450.335,35.970,16198.409,0.000,0.000,0.000,36.172,37.531,38.553,1.000,1.000,0.000,48.480,48.300,0.940,59.295,5.000,99.0,47.0,-7.128205299377441,-36.92307662963867
143.550,12:19:18.491,450.335,35.970,16198.409,0.000,0.000,0.000,36.172,37.531,38.553,1.000,1.000,0.000,48.480,48.300,0.940,59.295,5.000,99.0,47.0,-7.128205299377441,-36.92307662963867
143.664,12:19:18.604,450.335,35.970,16198.409,0.000,0.000,0.000,36.172,37.531,38.553,1.000,1.000,0.000,48.480,48.300,0.940,59.295,5.000,99.0,47.0,-7.128205299377441,-36.92307662963867
143.775,12:19:18.716,450.335,35.970,16198.409,0.000,0.000,0.000,36.172,37.531,38.553,1.000,1.000,0.000,48.480,48.300,0.940,59.295,5.000,99.0,47.0,-7.128205299377441,-36.92307662963867
143.886,12:19:20.042,454.233,35.067,15928.557,0.000,0.000,0.000,35.273,37.234,36.558,1.000,1.000,0.000,48.118,48.300,0.940,59.332,5.000,99.0,47.0,-5.025640964508057,40.10256576538086
145.214,12:19:20.346,449.872,36.058,16221.674,0.000,0.000,0.000,36.135,38.132,38.255,1.000,1.000,0.000,48.480,48.300,0.940,59.475,5.000,99.0,47.0,13.179487228393555,-44.512821197509766
145.517,12:19:20.458,453.970,35.116,15941.380,0.000,0.000,0.000,35.898,37.024,36.264,1.000,1.000,0.000,48.080,47.900,0.940,59.506,5.000,99.0,47.0,13.179487228393555,-44.512821197509766
145.630,12:19:20.571,453.970,35.116,15941.380,0.000,0.000,0.000,35.898,37.024,36.264,1.000,1.000,0.000,48.080,47.900,0.940,59.506,5.000,99.0,47.0,13.179487228393555,-44.512821197509766
145.741,12:19:20.682,453.970,35.116,15941.380,0.000,0.000,0.000,35.898,37.024,36.264,1.000,1.000,0.000,48.080,47.900,0.940,59.506,5.000,99.0,47.0,13.179487228393555,-44.512821197509766
145.853,12:19:20.794,456.037,34.581,15770.388,0.000,0.000,0.000,34.528,35.929,36.906,1.000,1.000,0.000,48.080,47.900,0.940,59.461,5.000,99.0,47.0,13.179487228393555,-44.512821197509766
145.966,12:19:20.906,456.037,34.581,15770.388,0.000,0.000,0.000,34.528,35.929,36.906,1.000,1.000,0.000,48.080,47.900,0.940,59.461,5.000,99.0,47.0,13.179487228393555,-44.512821197509766
146.078,12:19:21.019,456.037,34.581,15770.388,0.000,0.000,0.000,34.528,35.929,36.906,1.000,1.000,0.000,48.080,47.900,0.940,59.461,5.000,99.0,47.0,13.179487228393555,-44.512821197509766
146.189,12:19:21.130,456.037,34.581,15770.388,0.000,0.000,0.000,34.528,35.929,36.906,1.000,1.000,0.000,48.080,47.900,0.940,59.461,5.000,99.0,47.0,13.179487228393555,-44.512821197509766
146.301,12:19:21.433,459.515,33.681,15476.953,0.000,0.000,0.000,34.526,34.149,35.505,1.000,1.000,0.000,47.681,47.500,0.940,59.421,5.000,99.0,47.0,17.487178802490234,33.69230651855469
146.605,12:19:21.545,459.515,33.681,15476.953,0.000,0.000,0.000,34.526,34.149,35.505,1.000,1.000,0.000,47.681,47.500,0.940,59.421,5.000,99.0,47.0,17.487178802490234,33.69230651855469
146.717,12:19:21.658,462.629,32.801,15174.793,0.000,0.000,0.000,33.375,33.179,34.873,1.000,1.000,0.000,47.319,47.500,0.940,59.379,5.000,99.0,47.0,17.487178802490234,33.69230651855469
146.829,12:19:21.770,462.629,32.801,15174.793,0.000,0.000,0.000,33.375,33.179,34.873,1.000,1.000,0.000,47.319,47.500,0.940,59.379,5.000,99.0,47.0,17.487178802490234,33.69230651855469
146.941,12:19:21.881,462.629,32.801,15174.793,0.000,0.000,0.000,33.375,33.179,34.873,1.000,1.000,0.000,47.319,47.500,0.940,59.379,5.000,99.0,47.0,17.487178802490234,33.69230651855469
147.069,12:19:22.010,456.327,34.497,15742.129,0.000,0.000,0.000,35.360,35.111,36.524,1.000,1.000,0.000,48.118,48.300,0.940,59.366,5.000,99.0,47.0,17.487178802490234,33.69230651855469
147.181,12:19:22.122,456.327,34.497,15742.129,0.000,0.000,0.000,35.360,35.111,36.524,1.000,1.000,0.000,48.118,48.300,0.940,59.366,5.000,99.0,47.0,17.487178802490234,33.69230651855469
147.293,12:19:22.233,456.327,34.497,15742.129,0.000,0.000,0.000,35.360,35.111,36.524,1.000,1.000,0.000,48.118,48.300,0.940,59.366,5.000,99.0,47.0,17.487178802490234,33.69230651855469
147.404,12:19:22.537,456.327,34.497,15742.129,0.000,0.000,0.000,35.360,35.111,36.524,1.000,1.000,0.000,48.118,48.300,0.940,59.366,5.000,99.0,47.0,-52.56410217285156,33.9487190246582
147.708,12:19:22.649,452.642,35.397,16022.192,0.000,0.000,0.000,35.398,37.516,37.222,1.000,1.000,0.000,48.518,48.700,0.940,59.346,5.000,99.0,47.0,-52.56410217285156,33.9487190246582
147.820,12:19:22.761,452.642,35.397,16022.192,0.000,0.000,0.000,35.398,37.516,37.222,1.000,1.000,0.000,48.518,48.700,0.940,59.346,5.000,99.0,47.0,-52.56410217285156,33.9487190246582
147.932,12:19:22.873,449.428,36.133,16239.134,0.000,0.000,0.000,36.859,38.216,37.690,1.000,1.000,0.000,48.480,48.300,0.940,59.348,5.000,99.0,47.0,-52.56410217285156,33.9487190246582
148.045,12:19:22.986,449.428,36.133,16239.134,0.000,0.000,0.000,36.859,38.216,37.690,1.000,1.000,0.000,48.480,48.300,0.940,59.348,5.000,99.0,47.0,-52.56410217285156,33.9487190246582
148.157,12:19:23.098,449.428,36.133,16239.134,0.000,0.000,0.000,36.859,38.216,37.690,1.000,1.000,0.000,48.480,48.300,0.940,59.348,5.000,99.0,47.0,-52.56410217285156,33.9487190246582
148.285,12:19:23.225,452.760,35.385,16021.065,0.000,0.000,0.000,36.587,36.584,36.925,1.000,1.000,0.000,48.518,48.700,0.940,59.410,5.000,99.0,47.0,-52.56410217285156,33.9487190246582
148.396,12:19:23.337,452.760,35.385,16021.065,0.000,0.000,0.000,36.587,36.584,36.925,1.000,1.000,0.000,48.518,48.700,0.940,59.410,5.000,99.0,47.0,-52.56410217285156,33.9487190246582
148.508,12:19:24.664,452.760,35.385,16021.065,0.000,0.000,0.000,36.587,36.584,36.925,1.000,1.000,0.000,48.518,48.700,0.940,59.410,5.000,99.0,47.0,52.25640869140625,-21.230770111083984
149.835,12:19:24.967,456.695,34.444,15730.606,0.000,0.000,0.000,35.611,35.609,35.658,1.000,1.000,0.000,48.118,48.300,0.940,59.586,5.000,99.0,47.0,-46.20512771606445,3.230769157409668
150.140,12:19:25.080,453.115,35.318,16003.229,0.000,0.000,0.000,35.252,36.963,37.685,1.000,1.000,0.000,48.518,48.700,0.940,59.622,5.000,99.0,47.0,-46.20512771606445,3.230769157409668
150.250,12:19:25.191,453.115,35.318,16003.229,0.000,0.000,0.000,35.252,36.963,37.685,1.000,1.000,0.000,48.518,48.700,0.940,59.622,5.000,99.0,47.0,-46.20512771606445,3.230769157409668
150.363,12:19:25.304,449.471,36.125,16236.952,0.000,0.000,0.000,36.316,38.309,38.138,1.000,1.000,0.000,48.480,48.300,0.940,59.629,5.000,99.0,47.0,-46.20512771606445,3.230769157409668
150.475,12:19:25.416,449.471,36.125,16236.952,0.000,0.000,0.000,36.316,38.309,38.138,1.000,1.000,0.000,48.480,48.300,0.940,59.629,5.000,99.0,47.0,-46.20512771606445,3.230769157409668
150.586,12:19:25.527,449.471,36.125,16236.952,0.000,0.000,0.000,36.316,38.309,38.138,1.000,1.000,0.000,48.480,48.300,0.940,59.629,5.000,99.0,47.0,-46.20512771606445,3.230769157409668
150.698,12:19:25.639,449.471,36.125,16236.952,0.000,0.000,0.000,36.316,38.309,38.138,1.000,1.000,0.000,48.480,48.300,0.940,59.629,5.000,99.0,47.0,-46.20512771606445,3.230769157409668
150.810,12:19:25.751,453.288,35.269,15987.064,0.000,0.000,0.000,36.218,37.052,36.460,1.000,1.000,0.000,48.080,47.900,0.940,59.656,5.000,99.0,47.0,-46.20512771606445,3.230769157409668
150.923,12:19:26.055,453.288,35.269,15987.064,0.000,0.000,0.000,36.218,37.052,36.460,1.000,1.000,0.000,48.080,47.900,0.940,59.656,5.000,99.0,47.0,17.794872283935547,36.512821197509766
151.226,12:19:26.167,456.956,34.389,15714.198,0.000,0.000,0.000,34.271,35.790,36.761,1.000,1.000,0.000,48.118,48.300,0.940,59.661,5.000,99.0,47.0,17.794872283935547,36.512821197509766
151.338,12:19:26.279,456.956,34.389,15714.198,0.000,0.000,0.000,34.271,35.790,36.761,1.000,1.000,0.000,48.118,48.300,0.940,59.661,5.000,99.0,47.0,17.794872283935547,36.512821197509766
151.450,12:19:26.391,456.956,34.389,15714.198,0.000,0.000,0.000,34.271,35.790,36.761,1.000,1.000,0.000,48.118,48.300,0.940,59.661,5.000,99.0,47.0,17.794872283935547,36.512821197509766
151.561,12:19:26.502,453.421,35.273,15993.408,0.000,0.000,0.000,36.128,37.118,36.504,1.000,1.000,0.000,48.480,48.300,0.940,59.720,5.000,99.0,47.0,17.794872283935547,36.512821197509766
151.673,12:19:26.614,453.421,35.273,15993.408,0.000,0.000,0.000,36.128,37.118,36.504,1.000,1.000,0.000,48.480,48.300,0.940,59.720,5.000,99.0,47.0,17.794872283935547,36.512821197509766
151.786,12:19:26.726,453.421,35.273,15993.408,0.000,0.000,0.000,36.128,37.118,36.504,1.000,1.000,0.000,48.480,48.300,0.940,59.720,5.000,99.0,47.0,17.794872283935547,36.512821197509766
151.897,12:19:26.838,453.421,35.273,15993.408,0.000,0.000,0.000,36.128,37.118,36.504,1.000,1.000,0.000,48.480,48.300,0.940,59.720,5.000,99.0,47.0,17.794872283935547,36.512821197509766
152.011,12:19:27.141,453.426,35.278,15995.753,0.000,0.000,0.000,36.317,36.193,37.229,1.000,1.000,0.000,48.080,47.900,0.940,59.732,5.000,99.0,47.0,4.205128192901611,43.74359130859375
152.314,12:19:27.255,453.426,35.278,15995.753,0.000,0.000,0.000,36.317,36.193,37.229,1.000,1.000,0.000,48.080,47.900,0.940,59.732,5.000,99.0,47.0,4.205128192901611,43.74359130859375
152.425,12:19:27.366,453.879,35.190,15972.123,0.000,0.000,0.000,35.167,37.317,36.957,1.000,1.000,0.000,48.518,48.700,0.940,59.765,5.000,99.0,47.0,4.205128192901611,43.74359130859375
152.537,12:19:27.477,453.879,35.190,15972.123,0.000,0.000,0.000,35.167,37.317,36.957,1.000,1.000,0.000,48.518,48.700,0.940,59.765,5.000,99.0,47.0,4.205128192901611,43.74359130859375
152.649,12:19:27.589,453.879,35.190,15972.123,0.000,0.000,0.000,35.167,37.317,36.957,1.000,1.000,0.000,48.518,48.700,0.940,59.765,5.000,99.0,47.0,4.205128192901611,43.74359130859375
152.761,12:19:27.702,451.448,35.712,16121.915,0.000,0.000,0.000,37.090,36.903,37.399,1.000,1.000,0.000,48.479,48.300,0.940,59.811,5.000,99.0,47.0,4.205128192901611,43.74359130859375
152.873,12:19:27.813,451.448,35.712,16121.915,0.000,0.000,0.000,37.090,36.903,37.399,1.000,1.000,0.000,48.479,48.300,0.940,59.811,5.000,99.0,47.0,4.205128192901611,43.74359130859375
152.985,12:19:27.926,451.448,35.712,16121.915,0.000,0.000,0.000,37.090,36.903,37.399,1.000,1.000,0.000,48.479,48.300,0.940,59.811,5.000,99.0,47.0,4.205128192901611,43.74359130859375
153.096,12:19:28.229,451.448,35.712,16121.915,0.000,0.000,0.000,37.090,36.903,37.399,1.000,1.000,0.000,48.479,48.300,0.940,59.811,5.000,99.0,47.0,35.02564239501953,-52.46154022216797
153.400,12:19:28.341,456.553,34.516,15758.184,0.000,0.000,0.000,34.591,35.859,37.039,1.000,1.000,0.000,48.119,48.300,0.940,59.801,5.000,99.0,47.0,35.02564239501953,-52.46154022216797
153.512,12:19:28.453,456.553,34.516,15758.184,0.000,0.000,0.000,34.591,35.859,37.039,1.000,1.000,0.000,48.119,48.300,0.940,59.801,5.000,99.0,47.0,35.02564239501953,-52.46154022216797
153.625,12:19:28.566,451.946,35.652,16112.900,0.000,0.000,0.000,36.015,38.028,37.529,1.000,1.000,0.000,48.479,48.300,0.940,59.869,5.000,99.0,47.0,35.02564239501953,-52.46154022216797
153.736,12:19:28.677,451.946,35.652,16112.900,0.000,0.000,0.000,36.015,38.028,37.529,1.000,1.000,0.000,48.479,48.300,0.940,59.869,5.000,99.0,47.0,35.02564239501953,-52.46154022216797
153.849,12:19:28.790,451.946,35.652,16112.900,0.000,0.000,0.000,36.015,38.028,37.529,1.000,1.000,0.000,48.479,48.300,0.940,59.869,5.000,99.0,47.0,35.02564239501953,-52.46154022216797
153.960,12:19:28.901,453.265,35.337,16017.002,0.000,0.000,0.000,36.668,36.616,36.965,1.000,1.000,0.000,48.480,48.300,0.940,59.874,5.000,99.0,47.0,35.02564239501953,-52.46154022216797
154.073,12:19:29.013,453.265,35.337,16017.002,0.000,0.000,0.000,36.668,36.616,36.965,1.000,1.000,0.000,48.480,48.300,0.940,59.874,5.000,99.0,47.0,35.02564239501953,-52.46154022216797
154.184,12:19:29.316,453.265,35.337,16017.002,0.000,0.000,0.000,36.668,36.616,36.965,1.000,1.000,0.000,48.480,48.300,0.940,59.874,5.000,99.0,47.0,-43.02564239501953,33.846153259277344
154.488,12:19:29.429,455.236,34.887,15881.979,0.000,0.000,0.000,34.860,36.237,37.546,1.000,1.000,0.000,48.118,48.300,0.940,59.894,5.000,99.0,47.0,-43.02564239501953,33.846153259277344
154.599,12:19:29.540,455.236,34.887,15881.979,0.000,0.000,0.000,34.860,36.237,37.546,1.000,1.000,0.000,48.118,48.300,0.940,59.894,5.000,99.0,47.0,-43.02564239501953,33.846153259277344
154.712,12:19:29.653,455.236,34.887,15881.979,0.000,0.000,0.000,34.860,36.237,37.546,1.000,1.000,0.000,48.118,48.300,0.940,59.894,5.000,99.0,47.0,-43.02564239501953,33.846153259277344
154.823,12:19:29.764,451.436,35.783,16153.875,0.000,0.000,0.000,36.072,38.158,37.464,1.000,1.000,0.000,48.480,48.300,0.940,59.966,5.000,99.0,47.0,-43.02564239501953,33.846153259277344
154.935,12:19:29.876,451.436,35.783,16153.875,0.000,0.000,0.000,36.072,38.158,37.464,1.000,1.000,0.000,48.480,48.300,0.940,59.966,5.000,99.0,47.0,-43.02564239501953,33.846153259277344
155.049,12:19:29.989,451.436,35.783,16153.875,0.000,0.000,0.000,36.072,38.158,37.464,1.000,1.000,0.000,48.480,48.300,0.940,59.966,5.000,99.0,47.0,-43.02564239501953,33.846153259277344
155.160,12:19:30.101,451.436,35.783,16153.875,0.000,0.000,0.000,36.072,38.158,37.464,1.000,1.000,0.000,48.480,48.300,0.940,59.966,5.000,99.0,47.0,-43.02564239501953,33.846153259277344
155.272,12:19:30.404,453.026,35.399,16036.650,0.000,0.000,0.000,36.709,36.534,36.905,1.000,1.000,0.000,48.480,48.300,0.940,59.983,5.000,99.0,47.0,-48.10256576538086,31.128204345703125
155.592,12:19:30.533,455.118,34.895,15881.444,0.000,0.000,0.000,35.161,35.818,37.589,1.000,1.000,0.000,48.118,48.300,0.940,59.994,5.000,99.0,47.0,-48.10256576538086,31.128204345703125
155.704,12:19:30.644,455.118,34.895,15881.444,0.000,0.000,0.000,35.161,35.818,37.589,1.000,1.000,0.000,48.118,48.300,0.940,59.994,5.000,99.0,47.0,-48.10256576538086,31.128204345703125
155.815,12:19:30.755,455.118,34.895,15881.444,0.000,0.000,0.000,35.161,35.818,37.589,1.000,1.000,0.000,48.118,48.300,0.940,59.994,5.000,99.0,47.0,-48.10256576538086,31.128204345703125
155.928,12:19:30.868,455.118,34.895,15881.444,0.000,0.000,0.000,35.161,35.818,37.589,1.000,1.000,0.000,48.118,48.300,0.940,59.994,5.000,99.0,47.0,-48.10256576538086,31.128204345703125
156.039,12:19:30.979,453.275,35.316,16008.001,0.000,0.000,0.000,35.562,37.622,37.077,1.000,1.000,0.000,48.480,48.300,0.940,60.052,5.000,99.0,47.0,-48.10256576538086,31.128204345703125
156.151,12:19:31.091,453.275,35.316,16008.001,0.000,0.000,0.000,35.562,37.622,37.077,1.000,1.000,0.000,48.480,48.300,0.940,60.052,5.000,99.0,47.0,-48.10256576538086,31.128204345703125
156.263,12:19:31.203,453.275,35.316,16008.001,0.000,0.000,0.000,35.562,37.622,37.077,1.000,1.000,0.000,48.480,48.300,0.940,60.052,5.000,99.0,47.0,-48.10256576538086,31.128204345703125
156.374,12:19:31.508,453.275,35.316,16008.001,0.000,0.000,0.000,35.562,37.622,37.077,1.000,1.000,0.000,48.480,48.300,0.940,60.052,5.000,99.0,47.0,52.97435760498047,-29.846153259277344
156.679,12:19:31.619,448.705,36.311,16292.995,0.000,0.000,0.000,37.623,37.851,37.860,1.000,1.000,0.000,48.881,48.700,0.940,60.061,5.000,99.0,47.0,52.97435760498047,-29.846153259277344
156.806,12:19:31.747,450.533,35.929,16187.325,0.000,0.000,0.000,37.216,37.592,37.333,1.000,1.000,0.000,48.518,48.700,0.940,60.131,5.000,99.0,47.0,52.97435760498047,-29.846153259277344
156.918,12:19:31.859,450.533,35.929,16187.325,0.000,0.000,0.000,37.216,37.592,37.333,1.000,1.000,0.000,48.518,48.700,0.940,60.131,5.000,99.0,47.0,52.97435760498047,-29.846153259277344
157.031,12:19:31.971,450.533,35.929,16187.325,0.000,0.000,0.000,37.216,37.592,37.333,1.000,1.000,0.000,48.518,48.700,0.940,60.131,5.000,99.0,47.0,52.97435760498047,-29.846153259277344
157.142,12:19:32.083,450.533,35.929,16187.325,0.000,0.000,0.000,37.216,37.592,37.333,1.000,1.000,0.000,48.518,48.700,0.940,60.131,5.000,99.0,47.0,52.97435760498047,-29.846153259277344
157.255,12:19:32.196,454.657,34.981,15904.514,0.000,0.000,0.000,36.164,35.786,36.913,1.000,1.000,0.000,48.118,48.300,0.940,60.172,5.000,99.0,47.0,52.97435760498047,-29.846153259277344
157.366,12:19:32.307,454.657,34.981,15904.514,0.000,0.000,0.000,36.164,35.786,36.913,1.000,1.000,0.000,48.118,48.300,0.940,60.172,5.000,99.0,47.0,52.97435760498047,-29.846153259277344
157.478,12:19:32.611,454.657,34.981,15904.514,0.000,0.000,0.000,36.164,35.786,36.913,1.000,1.000,0.000,48.118,48.300,0.940,60.172,5.000,99.0,47.0,-43.589744567871094,40.153846740722656
157.782,12:19:32.722,454.710,34.975,15903.646,0.000,0.000,0.000,34.817,37.117,37.116,1.000,1.000,0.000,48.118,48.300,0.940,60.179,5.000,99.0,47.0,-43.589744567871094,40.153846740722656
157.894,12:19:32.835,454.710,34.975,15903.646,0.000,0.000,0.000,34.817,37.117,37.116,1.000,1.000,0.000,48.118,48.300,0.940,60.179,5.000,99.0,47.0,-43.589744567871094,40.153846740722656
158.006,12:19:32.947,454.710,34.975,15903.646,0.000,0.000,0.000,34.817,37.117,37.116,1.000,1.000,0.000,48.118,48.300,0.940,60.179,5.000,99.0,47.0,-43.589744567871094,40.153846740722656
158.119,12:19:33.059,453.411,35.276,15994.662,0.000,0.000,0.000,36.606,36.567,36.670,1.000,1.000,0.000,48.480,48.300,0.940,60.272,5.000,99.0,47.0,-43.589744567871094,40.153846740722656
158.230,12:19:33.170,453.411,35.276,15994.662,0.000,0.000,0.000,36.606,36.567,36.670,1.000,1.000,0.000,48.480,48.300,0.940,60.272,5.000,99.0,47.0,-43.589744567871094,40.153846740722656
158.342,12:19:33.282,453.411,35.276,15994.662,0.000,0.000,0.000,36.606,36.567,36.670,1.000,1.000,0.000,48.480,48.300,0.940,60.272,5.000,99.0,47.0,-43.589744567871094,40.153846740722656
158.453,12:19:33.394,453.417,35.284,15998.512,0.000,0.000,0.000,35.869,36.189,37.877,1.000,1.000,0.000,48.518,48.700,0.940,60.271,5.000,99.0,47.0,-43.589744567871094,40.153846740722656
158.565,12:19:33.697,453.417,35.284,15998.512,0.000,0.000,0.000,35.869,36.189,37.877,1.000,1.000,0.000,48.518,48.700,0.940,60.271,5.000,99.0,47.0,-54.30769348144531,-52.82051467895508
158.870,12:19:33.811,450.314,36.006,16214.073,0.000,0.000,0.000,36.359,37.257,38.752,1.000,1.000,0.000,48.518,48.700,0.940,60.273,5.000,99.0,47.0,-54.30769348144531,-52.82051467895508
158.981,12:19:33.922,450.314,36.006,16214.073,0.000,0.000,0.000,36.359,37.257,38.752,1.000,1.000,0.000,48.518,48.700,0.940,60.273,5.000,99.0,47.0,-54.30769348144531,-52.82051467895508
159.094,12:19:34.034,450.314,36.006,16214.073,0.000,0.000,0.000,36.359,37.257,38.752,1.000,1.000,0.000,48.518,48.700,0.940,60.273,5.000,99.0,47.0,-54.30769348144531,-52.82051467895508
159.205,12:19:34.146,450.314,36.006,16214.073,0.000,0.000,0.000,36.359,37.257,38.752,1.000,1.000,0.000,48.518,48.700,0.940,60.273,5.000,99.0,47.0,-54.30769348144531,-52.82051467895508
159.317,12:19:34.258,454.388,35.068,15934.392,0.000,0.000,0.000,34.850,37.113,37.338,1.000,1.000,0.000,48.118,48.300,0.940,60.288,5.000,99.0,47.0,-54.30769348144531,-52.82051467895508
159.429,12:19:34.370,454.388,35.068,15934.392,0.000,0.000,0.000,34.850,37.113,37.338,1.000,1.000,0.000,48.118,48.300,0.940,60.288,5.000,99.0,47.0,-54.30769348144531,-52.82051467895508
159.541,12:19:34.482,454.388,35.068,15934.392,0.000,0.000,0.000,34.850,37.113,37.338,1.000,1.000,0.000,48.118,48.300,0.940,60.288,5.000,99.0,47.0,-54.30769348144531,-52.82051467895508
159.653,12:19:34.786,453.552,35.265,15994.586,0.000,0.000,0.000,36.548,36.660,36.491,1.000,1.000,0.000,48.480,48.300,0.940,60.343,5.000,99.0,47.0,46.20512771606445,-42.153846740722656
159.956,12:19:34.897,453.552,35.265,15994.586,0.000,0.000,0.000,36.548,36.660,36.491,1.000,1.000,0.000,48.480,48.300,0.940,60.343,5.000,99.0,47.0,46.20512771606445,-42.153846740722656
160.069,12:19:35.010,454.132,35.125,15951.430,0.000,0.000,0.000,35.777,35.864,37.663,1.000,1.000,0.000,48.118,48.300,0.940,60.366,5.000,99.0,47.0,46.20512771606445,-42.153846740722656
160.180,12:19:35.120,454.132,35.125,15951.430,0.000,0.000,0.000,35.777,35.864,37.663,1.000,1.000,0.000,48.118,48.300,0.940,60.366,5.000,99.0,47.0,46.20512771606445,-42.153846740722656
160.292,12:19:35.232,454.132,35.125,15951.430,0.000,0.000,0.000,35.777,35.864,37.663,1.000,1.000,0.000,48.118,48.300,0.940,60.366,5.000,99.0,47.0,46.20512771606445,-42.153846740722656
160.405,12:19:35.345,454.132,35.125,15951.430,0.000,0.000,0.000,35.777,35.864,37.663,1.000,1.000,0.000,48.118,48.300,0.940,60.366,5.000,99.0,47.0,46.20512771606445,-42.153846740722656
160.517,12:19:35.457,457.340,34.307,15690.179,0.000,0.000,0.000,34.523,36.590,35.525,1.000,1.000,0.000,48.118,48.300,0.940,60.377,5.000,99.0,47.0,46.20512771606445,-42.153846740722656
160.629,12:19:35.569,457.340,34.307,15690.179,0.000,0.000,0.000,34.523,36.590,35.525,1.000,1.000,0.000,48.118,48.300,0.940,60.377,5.000,99.0,47.0,46.20512771606445,-42.153846740722656
160.741,12:19:35.888,457.340,34.307,15690.179,0.000,0.000,0.000,34.523,36.590,35.525,1.000,1.000,0.000,48.118,48.300,0.940,60.377,5.000,99.0,47.0,-1.4871795177459717,46.25640869140625
161.060,12:19:36.001,450.136,36.002,16205.797,0.000,0.000,0.000,37.273,37.113,37.878,1.000,1.000,0.000,48.480,48.300,0.940,60.389,5.000,99.0,47.0,-1.4871795177459717,46.25640869140625
161.171,12:19:36.112,450.136,36.002,16205.797,0.000,0.000,0.000,37.273,37.113,37.878,1.000,1.000,0.000,48.480,48.300,0.940,60.389,5.000,99.0,47.0,-1.4871795177459717,46.25640869140625
161.283,12:19:36.224,453.605,35.210,15971.456,0.000,0.000,0.000,35.254,36.492,37.837,1.000,1.000,0.000,48.480,48.300,0.940,60.383,5.000,99.0,47.0,-1.4871795177459717,46.25640869140625
161.395,12:19:36.336,453.605,35.210,15971.456,0.000,0.000,0.000,35.254,36.492,37.837,1.000,1.000,0.000,48.480,48.300,0.940,60.383,5.000,99.0,47.0,-1.4871795177459717,46.25640869140625
161.508,12:19:36.449,453.605,35.210,15971.456,0.000,0.000,0.000,35.254,36.492,37.837,1.000,1.000,0.000,48.480,48.300,0.940,60.383,5.000,99.0,47.0,-1.4871795177459717,46.25640869140625
161.620,12:19:36.560,453.605,35.210,15971.456,0.000,0.000,0.000,35.254,36.492,37.837,1.000,1.000,0.000,48.480,48.300,0.940,60.383,5.000,99.0,47.0,-1.4871795177459717,46.25640869140625
161.732,12:19:36.673,453.930,35.122,15942.963,0.000,0.000,0.000,35.229,37.499,36.688,1.000,1.000,0.000,48.118,48.300,0.940,60.449,5.000,99.0,47.0,-1.4871795177459717,46.25640869140625
161.843,12:19:36.976,453.930,35.122,15942.963,0.000,0.000,0.000,35.229,37.499,36.688,1.000,1.000,0.000,48.118,48.300,0.940,60.449,5.000,99.0,47.0,-30.615385055541992,39.07692337036133
162.147,12:19:37.088,453.630,35.189,15962.799,0.000,0.000,0.000,36.349,36.008,37.077,1.000,1.000,0.000,48.480,48.300,0.940,60.432,5.000,99.0,47.0,-30.615385055541992,39.07692337036133
162.259,12:19:37.200,453.630,35.189,15962.799,0.000,0.000,0.000,36.349,36.008,37.077,1.000,1.000,0.000,48.480,48.300,0.940,60.432,5.000,99.0,47.0,-30.615385055541992,39.07692337036133
162.371,12:19:37.312,453.630,35.189,15962.799,0.000,0.000,0.000,36.349,36.008,37.077,1.000,1.000,0.000,48.480,48.300,0.940,60.432,5.000,99.0,47.0,-30.615385055541992,39.07692337036133
162.482,12:19:37.423,449.813,36.031,16207.104,0.000,0.000,0.000,36.352,37.348,38.729,1.000,1.000,0.000,48.480,48.300,0.940,60.500,5.000,99.0,47.0,-30.615385055541992,39.07692337036133
162.595,12:19:37.536,449.813,36.031,16207.104,0.000,0.000,0.000,36.352,37.348,38.729,1.000,1.000,0.000,48.480,48.300,0.940,60.500,5.000,99.0,47.0,-30.615385055541992,39.07692337036133
162.707,12:19:37.648,449.813,36.031,16207.104,0.000,0.000,0.000,36.352,37.348,38.729,1.000,1.000,0.000,48.480,48.300,0.940,60.500,5.000,99.0,47.0,-30.615385055541992,39.07692337036133
162.820,12:19:37.761,449.813,36.031,16207.104,0.000,0.000,0.000,36.352,37.348,38.729,1.000,1.000,0.000,48.480,48.300,0.940,60.500,5.000,99.0,47.0,-30.615385055541992,39.07692337036133
162.931,12:19:38.063,453.977,35.095,15932.231,0.000,0.000,0.000,35.170,37.445,36.651,1.000,1.000,0.000,48.080,47.900,0.940,60.490,5.000,99.0,47.0,7.230769157409668,42.61538314819336
163.235,12:19:38.176,453.977,35.095,15932.231,0.000,0.000,0.000,35.170,37.445,36.651,1.000,1.000,0.000,48.080,47.900,0.940,60.490,5.000,99.0,47.0,7.230769157409668,42.61538314819336
163.346,12:19:38.287,457.271,34.285,15677.404,0.000,0.000,0.000,34.544,35.114,36.863,1.000,1.000,0.000,48.080,47.900,0.940,60.526,5.000,99.0,47.0,7.230769157409668,42.61538314819336
163.459,12:19:38.400,457.271,34.285,15677.404,0.000,0.000,0.000,34.544,35.114,36.863,1.000,1.000,0.000,48.080,47.900,0.940,60.526,5.000,99.0,47.0,7.230769157409668,42.61538314819336
163.570,12:19:38.511,457.271,34.285,15677.404,0.000,0.000,0.000,34.544,35.114,36.863,1.000,1.000,0.000,48.080,47.900,0.940,60.526,5.000,99.0,47.0,7.230769157409668,42.61538314819336
163.682,12:19:38.623,457.271,34.285,15677.404,0.000,0.000,0.000,34.544,35.114,36.863,1.000,1.000,0.000,48.080,47.900,0.940,60.526,5.000,99.0,47.0,7.230769157409668,42.61538314819336
163.794,12:19:38.735,457.308,34.264,15669.388,0.000,0.000,0.000,35.472,35.768,35.170,1.000,1.000,0.000,48.118,48.300,0.940,60.535,5.000,99.0,47.0,7.230769157409668,42.61538314819336
163.907,12:19:38.848,457.308,34.264,15669.388,0.000,0.000,0.000,35.472,35.768,35.170,1.000,1.000,0.000,48.118,48.300,0.940,60.535,5.000,99.0,47.0,7.230769157409668,42.61538314819336
164.019,12:19:39.151,457.308,34.264,15669.388,0.000,0.000,0.000,35.472,35.768,35.170,1.000,1.000,0.000,48.118,48.300,0.940,60.535,5.000,99.0,47.0,44.82051467895508,3.4358973503112793
164.322,12:19:39.263,449.808,36.016,16200.450,0.000,0.000,0.000,36.540,37.086,38.700,1.000,1.000,0.000,48.480,48.300,0.940,60.526,5.000,99.0,47.0,44.82051467895508,3.4358973503112793
164.434,12:19:39.374,449.808,36.016,16200.450,0.000,0.000,0.000,36.540,37.086,38.700,1.000,1.000,0.000,48.480,48.300,0.940,60.526,5.000,99.0,47.0,44.82051467895508,3.4358973503112793
164.545,12:19:39.486,451.940,35.613,16095.138,0.000,0.000,0.000,36.465,37.465,36.899,1.000,1.000,0.000,48.479,48.300,0.940,60.535,5.000,99.0,47.0,44.82051467895508,3.4358973503112793
164.658,12:19:39.599,451.940,35.613,16095.138,0.000,0.000,0.000,36.465,37.465,36.899,1.000,1.000,0.000,48.479,48.300,0.940,60.535,5.000,99.0,47.0,44.82051467895508,3.4358973503112793
164.769,12:19:39.709,451.940,35.613,16095.138,0.000,0.000,0.000,36.465,37.465,36.899,1.000,1.000,0.000,48.479,48.300,0.940,60.535,5.000,99.0,47.0,44.82051467895508,3.4358973503112793
164.882,12:19:39.823,451.940,35.613,16095.138,0.000,0.000,0.000,36.465,37.465,36.899,1.000,1.000,0.000,48.479,48.300,0.940,60.535,5.000,99.0,47.0,44.82051467895508,3.4358973503112793
164.994,12:19:39.935,450.719,35.890,16176.383,0.000,0.000,0.000,37.085,37.067,37.658,1.000,1.000,0.000,48.517,48.700,0.940,60.545,5.000,99.0,47.0,44.82051467895508,3.4358973503112793
165.106,12:19:40.254,450.719,35.890,16176.383,0.000,0.000,0.000,37.085,37.067,37.658,1.000,1.000,0.000,48.517,48.700,0.940,60.545,5.000,99.0,47.0,-46.66666793823242,25.076923370361328
165.425,12:19:40.366,450.617,35.925,16188.567,0.000,0.000,0.000,36.993,36.999,37.923,1.000,1.000,0.000,48.519,48.700,0.940,60.594,5.000,99.0,47.0,-46.66666793823242,25.076923370361328
165.537,12:19:40.477,450.617,35.925,16188.567,0.000,0.000,0.000,36.993,36.999,37.923,1.000,1.000,0.000,48.519,48.700,0.940,60.594,5.000,99.0,47.0,-46.66666793823242,25.076923370361328
165.650,12:19:40.590,450.617,35.925,16188.567,0.000,0.000,0.000,36.993,36.999,37.923,1.000,1.000,0.000,48.519,48.700,0.940,60.594,5.000,99.0,47.0,-46.66666793823242,25.076923370361328
165.761,12:19:40.702,454.419,35.028,15917.167,0.000,0.000,0.000,35.403,35.993,37.525,1.000,1.000,0.000,48.118,48.300,0.940,60.636,5.000,99.0,47.0,-46.66666793823242,25.076923370361328
165.873,12:19:40.814,454.419,35.028,15917.167,0.000,0.000,0.000,35.403,35.993,37.525,1.000,1.000,0.000,48.118,48.300,0.940,60.636,5.000,99.0,47.0,-46.66666793823242,25.076923370361328
165.985,12:19:40.926,454.419,35.028,15917.167,0.000,0.000,0.000,35.403,35.993,37.525,1.000,1.000,0.000,48.118,48.300,0.940,60.636,5.000,99.0,47.0,-46.66666793823242,25.076923370361328
166.097,12:19:41.038,454.419,35.028,15917.167,0.000,0.000,0.000,35.403,35.993,37.525,1.000,1.000,0.000,48.118,48.300,0.940,60.636,5.000,99.0,47.0,-46.66666793823242,25.076923370361328
166.209,12:19:41.341,450.574,35.905,16177.835,0.000,0.000,0.000,35.991,38.025,37.997,1.000,1.000,0.000,48.480,48.300,0.940,60.697,5.000,99.0,47.0,-48.0512809753418,29.743589401245117
166.512,12:19:41.453,450.574,35.905,16177.835,0.000,0.000,0.000,35.991,38.025,37.997,1.000,1.000,0.000,48.480,48.300,0.940,60.697,5.000,99.0,47.0,-48.0512809753418,29.743589401245117
166.624,12:19:41.565,454.718,34.962,15897.874,0.000,0.000,0.000,36.092,36.403,36.169,1.000,1.000,0.000,48.118,48.300,0.940,60.739,5.000,99.0,47.0,-48.0512809753418,29.743589401245117
166.737,12:19:41.678,454.718,34.962,15897.874,0.000,0.000,0.000,36.092,36.403,36.169,1.000,1.000,0.000,48.118,48.300,0.940,60.739,5.000,99.0,47.0,-48.0512809753418,29.743589401245117
166.849,12:19:41.790,454.718,34.962,15897.874,0.000,0.000,0.000,36.092,36.403,36.169,1.000,1.000,0.000,48.118,48.300,0.940,60.739,5.000,99.0,47.0,-48.0512809753418,29.743589401245117
166.960,12:19:41.901,452.452,35.479,16052.472,0.000,0.000,0.000,35.728,36.751,37.953,1.000,1.000,0.000,48.518,48.700,0.940,60.771,5.000,99.0,47.0,-48.0512809753418,29.743589401245117
167.073,12:19:42.014,452.452,35.479,16052.472,0.000,0.000,0.000,35.728,36.751,37.953,1.000,1.000,0.000,48.518,48.700,0.940,60.771,5.000,99.0,47.0,-48.0512809753418,29.743589401245117
167.185,12:19:42.125,452.452,35.479,16052.472,0.000,0.000,0.000,35.728,36.751,37.953,1.000,1.000,0.000,48.518,48.700,0.940,60.771,5.000,99.0,47.0,-48.0512809753418,29.743589401245117
167.296,12:19:42.429,452.452,35.479,16052.472,0.000,0.000,0.000,35.728,36.751,37.953,1.000,1.000,0.000,48.518,48.700,0.940,60.771,5.000,99.0,47.0,41.33333206176758,-1.2820513248443604
167.600,12:19:42.541,454.649,34.993,15909.649,0.000,0.000,0.000,34.873,37.077,36.944,1.000,1.000,0.000,48.080,47.900,0.940,60.758,5.000,99.0,47.0,41.33333206176758,-1.2820513248443604
167.712,12:19:42.652,454.649,34.993,15909.649,0.000,0.000,0.000,34.873,37.077,36.944,1.000,1.000,0.000,48.080,47.900,0.940,60.758,5.000,99.0,47.0,41.33333206176758,-1.2820513248443604
167.824,12:19:42.764,452.837,35.427,16042.521,0.000,0.000,0.000,36.479,36.407,37.247,1.000,1.000,0.000,48.518,48.700,0.940,60.760,5.000,99.0,47.0,41.33333206176758,-1.2820513248443604
167.936,12:19:42.876,452.837,35.427,16042.521,0.000,0.000,0.000,36.479,36.407,37.247,1.000,1.000,0.000,48.518,48.700,0.940,60.760,5.000,99.0,47.0,41.33333206176758,-1.2820513248443604
168.047,12:19:42.988,452.837,35.427,16042.521,0.000,0.000,0.000,36.479,36.407,37.247,1.000,1.000,0.000,48.518,48.700,0.940,60.760,5.000,99.0,47.0,41.33333206176758,-1.2820513248443604
168.160,12:19:43.100,454.595,35.028,15923.475,0.000,0.000,0.000,35.420,35.987,37.518,1.000,1.000,0.000,48.080,47.900,0.940,60.789,5.000,99.0,47.0,41.33333206176758,-1.2820513248443604
168.272,12:19:43.213,454.595,35.028,15923.475,0.000,0.000,0.000,35.420,35.987,37.518,1.000,1.000,0.000,48.080,47.900,0.940,60.789,5.000,99.0,47.0,41.33333206176758,-1.2820513248443604
168.384,12:19:43.516,454.595,35.028,15923.475,0.000,0.000,0.000,35.420,35.987,37.518,1.000,1.000,0.000,48.080,47.900,0.940,60.789,5.000,99.0,47.0,17.28205108642578,-49.64102554321289
168.687,12:19:43.627,454.633,35.045,15932.580,0.000,0.000,0.000,35.838,36.893,36.163,1.000,1.000,0.000,48.080,47.900,0.940,60.781,5.000,99.0,47.0,17.28205108642578,-49.64102554321289
168.800,12:19:43.741,454.633,35.045,15932.580,0.000,0.000,0.000,35.838,36.893,36.163,1.000,1.000,0.000,48.080,47.900,0.940,60.781,5.000,99.0,47.0,17.28205108642578,-49.64102554321289
168.911,12:19:43.851,454.633,35.045,15932.580,0.000,0.000,0.000,35.838,36.893,36.163,1.000,1.000,0.000,48.080,47.900,0.940,60.781,5.000,99.0,47.0,17.28205108642578,-49.64102554321289
169.024,12:19:43.964,454.696,35.041,15933.150,0.000,0.000,0.000,35.258,36.109,37.570,1.000,1.000,0.000,48.118,48.300,0.940,60.804,5.000,99.0,47.0,17.28205108642578,-49.64102554321289
169.135,12:19:44.076,454.696,35.041,15933.150,0.000,0.000,0.000,35.258,36.109,37.570,1.000,1.000,0.000,48.118,48.300,0.940,60.804,5.000,99.0,47.0,17.28205108642578,-49.64102554321289
169.247,12:19:44.188,454.696,35.041,15933.150,0.000,0.000,0.000,35.258,36.109,37.570,1.000,1.000,0.000,48.118,48.300,0.940,60.804,5.000,99.0,47.0,17.28205108642578,-49.64102554321289
169.359,12:19:44.299,454.696,35.041,15933.150,0.000,0.000,0.000,35.258,36.109,37.570,1.000,1.000,0.000,48.118,48.300,0.940,60.804,5.000,99.0,47.0,17.28205108642578,-49.64102554321289
169.471,12:19:44.603,450.585,36.002,16222.028,0.000,0.000,0.000,36.176,38.194,37.852,1.000,1.000,0.000,48.518,48.700,0.940,60.823,5.000,99.0,47.0,43.487178802490234,-48.0512809753418
169.775,12:19:44.716,450.585,36.002,16222.028,0.000,0.000,0.000,36.176,38.194,37.852,1.000,1.000,0.000,48.518,48.700,0.940,60.823,5.000,99.0,47.0,43.487178802490234,-48.0512809753418
169.887,12:19:44.828,453.411,35.383,16042.965,0.000,0.000,0.000,36.123,37.240,36.607,1.000,1.000,0.000,48.480,48.300,0.940,60.811,5.000,99.0,47.0,43.487178802490234,-48.0512809753418
169.999,12:19:44.940,453.411,35.383,16042.965,0.000,0.000,0.000,36.123,37.240,36.607,1.000,1.000,0.000,48.480,48.300,0.940,60.811,5.000,99.0,47.0,43.487178802490234,-48.0512809753418
170.109,12:19:45.050,453.411,35.383,16042.965,0.000,0.000,0.000,36.123,37.240,36.607,1.000,1.000,0.000,48.480,48.300,0.940,60.811,5.000,99.0,47.0,43.487178802490234,-48.0512809753418
170.223,12:19:45.163,457.222,34.454,15753.086,0.000,0.000,0.000,34.966,35.076,36.752,1.000,1.000,0.000,48.080,47.900,0.940,60.853,5.000,99.0,47.0,43.487178802490234,-48.0512809753418
170.335,12:19:45.275,457.222,34.454,15753.086,0.000,0.000,0.000,34.966,35.076,36.752,1.000,1.000,0.000,48.080,47.900,0.940,60.853,5.000,99.0,47.0,43.487178802490234,-48.0512809753418
170.446,12:19:45.387,457.222,34.454,15753.086,0.000,0.000,0.000,34.966,35.076,36.752,1.000,1.000,0.000,48.080,47.900,0.940,60.853,5.000,99.0,47.0,43.487178802490234,-48.0512809753418
170.558,12:19:45.691,457.222,34.454,15753.086,0.000,0.000,0.000,34.966,35.076,36.752,1.000,1.000,0.000,48.080,47.900,0.940,60.853,5.000,99.0,47.0,-46.512821197509766,4.615384578704834
170.862,12:19:45.803,453.725,35.326,16028.400,0.000,0.000,0.000,35.887,37.355,36.660,1.000,1.000,0.000,48.518,48.700,0.940,60.869,5.000,99.0,47.0,-46.512821197509766,4.615384578704834
170.974,12:19:45.915,453.725,35.326,16028.400,0.000,0.000,0.000,35.887,37.355,36.660,1.000,1.000,0.000,48.518,48.700,0.940,60.869,5.000,99.0,47.0,-46.512821197509766,4.615384578704834
171.086,12:19:46.027,453.956,35.288,16019.279,0.000,0.000,0.000,36.432,36.556,36.634,1.000,1.000,0.000,48.480,48.300,0.940,60.927,5.000,99.0,47.0,-46.512821197509766,4.615384578704834
171.197,12:19:46.138,453.956,35.288,16019.279,0.000,0.000,0.000,36.432,36.556,36.634,1.000,1.000,0.000,48.480,48.300,0.940,60.927,5.000,99.0,47.0,-46.512821197509766,4.615384578704834
171.309,12:19:46.250,453.956,35.288,16019.279,0.000,0.000,0.000,36.432,36.556,36.634,1.000,1.000,0.000,48.480,48.300,0.940,60.927,5.000,99.0,47.0,-46.512821197509766,4.615384578704834
171.422,12:19:46.362,454.006,35.299,16025.935,0.000,0.000,0.000,35.811,36.156,37.696,1.000,1.000,0.000,48.480,48.300,0.940,60.912,5.000,99.0,47.0,-46.512821197509766,4.615384578704834
171.534,12:19:46.475,454.006,35.299,16025.935,0.000,0.000,0.000,35.811,36.156,37.696,1.000,1.000,0.000,48.480,48.300,0.940,60.912,5.000,99.0,47.0,-46.512821197509766,4.615384578704834
171.645,12:19:46.778,454.006,35.299,16025.935,0.000,0.000,0.000,35.811,36.156,37.696,1.000,1.000,0.000,48.480,48.300,0.940,60.912,5.000,99.0,47.0,49.589744567871094,-8.666666984558105
171.950,12:19:46.890,454.110,35.290,16025.500,0.000,0.000,0.000,35.159,37.207,37.376,1.000,1.000,0.000,48.480,48.300,0.940,60.956,5.000,99.0,47.0,49.589744567871094,-8.666666984558105
172.062,12:19:47.002,454.110,35.290,16025.500,0.000,0.000,0.000,35.159,37.207,37.376,1.000,1.000,0.000,48.480,48.300,0.940,60.956,5.000,99.0,47.0,49.589744567871094,-8.666666984558105
172.174,12:19:47.114,454.110,35.290,16025.500,0.000,0.000,0.000,35.159,37.207,37.376,1.000,1.000,0.000,48.480,48.300,0.940,60.956,5.000,99.0,47.0,49.589744567871094,-8.666666984558105
172.285,12:19:47.225,450.829,36.054,16253.975,0.000,0.000,0.000,36.751,38.069,37.557,1.000,1.000,0.000,48.518,48.700,0.940,61.018,5.000,99.0,47.0,49.589744567871094,-8.666666984558105
172.396,12:19:47.337,450.829,36.054,16253.975,0.000,0.000,0.000,36.751,38.069,37.557,1.000,1.000,0.000,48.518,48.700,0.940,61.018,5.000,99.0,47.0,49.589744567871094,-8.666666984558105
172.508,12:19:47.449,450.829,36.054,16253.975,0.000,0.000,0.000,36.751,38.069,37.557,1.000,1.000,0.000,48.518,48.700,0.940,61.018,5.000,99.0,47.0,49.589744567871094,-8.666666984558105
172.637,12:19:47.577,450.119,36.204,16296.188,0.000,0.000,0.000,37.225,37.961,37.671,1.000,1.000,0.000,48.919,49.100,0.940,61.030,5.000,99.0,47.0,49.589744567871094,-8.666666984558105
172.748,12:19:47.880,450.119,36.204,16296.188,0.000,0.000,0.000,37.225,37.961,37.671,1.000,1.000,0.000,48.919,49.100,0.940,61.030,5.000,99.0,47.0,45.53845977783203,-46.0
173.053,12:19:47.993,450.568,36.131,16279.579,0.000,0.000,0.000,36.855,38.190,37.645,1.000,1.000,0.000,48.480,48.300,0.940,61.128,5.000,99.0,47.0,45.53845977783203,-46.0
173.165,12:19:48.106,450.568,36.131,16279.579,0.000,0.000,0.000,36.855,38.190,37.645,1.000,1.000,0.000,48.480,48.300,0.940,61.128,5.000,99.0,47.0,45.53845977783203,-46.0
173.276,12:19:48.217,450.568,36.131,16279.579,0.000,0.000,0.000,36.855,38.190,37.645,1.000,1.000,0.000,48.480,48.300,0.940,61.128,5.000,99.0,47.0,45.53845977783203,-46.0
173.388,12:19:48.329,450.568,36.131,16279.579,0.000,0.000,0.000,36.855,38.190,37.645,1.000,1.000,0.000,48.480,48.300,0.940,61.128,5.000,99.0,47.0,45.53845977783203,-46.0
173.501,12:19:48.441,454.250,35.257,16015.492,0.000,0.000,0.000,36.291,36.180,37.058,1.000,1.000,0.000,48.518,48.700,0.940,61.127,5.000,99.0,47.0,45.53845977783203,-46.0
173.613,12:19:48.553,454.250,35.257,16015.492,0.000,0.000,0.000,36.291,36.180,37.058,1.000,1.000,0.000,48.518,48.700,0.940,61.127,5.000,99.0,47.0,45.53845977783203,-46.0
173.724,12:19:48.664,454.250,35.257,16015.492,0.000,0.000,0.000,36.291,36.180,37.058,1.000,1.000,0.000,48.518,48.700,0.940,61.127,5.000,99.0,47.0,45.53845977783203,-46.0
173.836,12:19:48.969,454.250,35.257,16015.492,0.000,0.000,0.000,36.291,36.180,37.058,1.000,1.000,0.000,48.518,48.700,0.940,61.127,5.000,99.0,47.0,0.20512820780277252,47.02564239501953
174.140,12:19:49.081,454.180,35.278,16022.398,0.000,0.000,0.000,35.725,36.258,37.711,1.000,1.000,0.000,48.480,48.300,0.940,61.179,5.000,99.0,47.0,0.20512820780277252,47.02564239501953
174.252,12:19:49.192,454.465,35.200,15997.059,0.000,0.000,0.000,35.278,37.311,36.838,1.000,1.000,0.000,48.518,48.700,0.940,61.192,5.000,99.0,47.0,0.20512820780277252,47.02564239501953
174.364,12:19:49.304,454.465,35.200,15997.059,0.000,0.000,0.000,35.278,37.311,36.838,1.000,1.000,0.000,48.518,48.700,0.940,61.192,5.000,99.0,47.0,0.20512820780277252,47.02564239501953
174.475,12:19:49.415,454.465,35.200,15997.059,0.000,0.000,0.000,35.278,37.311,36.838,1.000,1.000,0.000,48.518,48.700,0.940,61.192,5.000,99.0,47.0,0.20512820780277252,47.02564239501953
174.588,12:19:49.528,454.465,35.200,15997.059,0.000,0.000,0.000,35.278,37.311,36.838,1.000,1.000,0.000,48.518,48.700,0.940,61.192,5.000,99.0,47.0,0.20512820780277252,47.02564239501953
174.700,12:19:49.640,454.151,35.271,16018.126,0.000,0.000,0.000,36.130,37.035,36.471,1.000,1.000,0.000,48.480,48.300,0.940,61.230,5.000,99.0,47.0,0.20512820780277252,47.02564239501953
174.812,12:19:49.752,454.151,35.271,16018.126,0.000,0.000,0.000,36.130,37.035,36.471,1.000,1.000,0.000,48.480,48.300,0.940,61.230,5.000,99.0,47.0,0.20512820780277252,47.02564239501953
174.923,12:19:50.056,454.151,35.271,16018.126,0.000,0.000,0.000,36.130,37.035,36.471,1.000,1.000,0.000,48.480,48.300,0.940,61.230,5.000,99.0,47.0,17.33333396911621,-51.17948532104492
175.228,12:19:50.168,454.171,35.265,16016.545,0.000,0.000,0.000,36.250,36.122,37.232,1.000,1.000,0.000,48.080,47.900,0.940,61.255,5.000,99.0,47.0,17.33333396911621,-51.17948532104492
175.339,12:19:50.280,454.171,35.265,16016.545,0.000,0.000,0.000,36.250,36.122,37.232,1.000,1.000,0.000,48.080,47.900,0.940,61.255,5.000,99.0,47.0,17.33333396911621,-51.17948532104492
175.451,12:19:50.391,454.171,35.265,16016.545,0.000,0.000,0.000,36.250,36.122,37.232,1.000,1.000,0.000,48.080,47.900,0.940,61.255,5.000,99.0,47.0,17.33333396911621,-51.17948532104492
175.562,12:19:50.502,458.046,34.295,15708.652,0.000,0.000,0.000,34.425,36.393,35.633,1.000,1.000,0.000,47.681,47.500,0.940,61.252,5.000,99.0,47.0,17.33333396911621,-51.17948532104492
175.675,12:19:50.615,458.046,34.295,15708.652,0.000,0.000,0.000,34.425,36.393,35.633,1.000,1.000,0.000,47.681,47.500,0.940,61.252,5.000,99.0,47.0,17.33333396911621,-51.17948532104492
175.786,12:19:50.727,458.046,34.295,15708.652,0.000,0.000,0.000,34.425,36.393,35.633,1.000,1.000,0.000,47.681,47.500,0.940,61.252,5.000,99.0,47.0,17.33333396911621,-51.17948532104492
175.898,12:19:50.839,461.258,33.418,15414.243,0.000,0.000,0.000,33.091,35.353,35.255,1.000,1.000,0.000,47.319,47.500,0.940,61.205,5.000,99.0,47.0,17.33333396911621,-51.17948532104492
176.011,12:19:51.143,461.258,33.418,15414.243,0.000,0.000,0.000,33.091,35.353,35.255,1.000,1.000,0.000,47.319,47.500,0.940,61.205,5.000,99.0,47.0,-25.435897827148438,48.30769348144531
176.314,12:19:51.254,456.964,34.581,15802.327,0.000,0.000,0.000,35.427,36.193,35.520,1.000,1.000,0.000,48.119,48.300,0.940,61.160,5.000,99.0,47.0,-25.435897827148438,48.30769348144531
176.426,12:19:51.367,456.964,34.581,15802.327,0.000,0.000,0.000,35.427,36.193,35.520,1.000,1.000,0.000,48.119,48.300,0.940,61.160,5.000,99.0,47.0,-25.435897827148438,48.30769348144531
176.539,12:19:51.479,456.964,34.581,15802.327,0.000,0.000,0.000,35.427,36.193,35.520,1.000,1.000,0.000,48.119,48.300,0.940,61.160,5.000,99.0,47.0,-25.435897827148438,48.30769348144531
176.651,12:19:51.591,456.964,34.581,15802.327,0.000,0.000,0.000,35.427,36.193,35.520,1.000,1.000,0.000,48.119,48.300,0.940,61.160,5.000,99.0,47.0,-25.435897827148438,48.30769348144531
176.762,12:19:51.703,451.877,35.826,16188.943,0.000,0.000,0.000,36.802,36.809,37.950,1.000,1.000,0.000,48.519,48.700,0.940,61.150,5.000,99.0,47.0,-25.435897827148438,48.30769348144531
176.873,12:19:51.814,451.877,35.826,16188.943,0.000,0.000,0.000,36.802,36.809,37.950,1.000,1.000,0.000,48.519,48.700,0.940,61.150,5.000,99.0,47.0,-25.435897827148438,48.30769348144531
176.985,12:19:51.926,451.877,35.826,16188.943,0.000,0.000,0.000,36.802,36.809,37.950,1.000,1.000,0.000,48.519,48.700,0.940,61.150,5.000,99.0,47.0,-25.435897827148438,48.30769348144531
177.099,12:19:52.230,453.183,35.521,16097.384,0.000,0.000,0.000,35.863,36.611,37.971,1.000,1.000,0.000,48.480,48.300,0.940,61.172,5.000,99.0,47.0,0.05128205195069313,-43.33333206176758
177.402,12:19:52.343,453.183,35.521,16097.384,0.000,0.000,0.000,35.863,36.611,37.971,1.000,1.000,0.000,48.480,48.300,0.940,61.172,5.000,99.0,47.0,0.05128205195069313,-43.33333206176758
177.514,12:19:52.454,455.914,34.863,15894.688,0.000,0.000,0.000,34.793,36.976,36.583,1.000,1.000,0.000,48.080,47.900,0.940,61.194,5.000,99.0,47.0,0.05128205195069313,-43.33333206176758
177.626,12:19:52.566,455.914,34.863,15894.688,0.000,0.000,0.000,34.793,36.976,36.583,1.000,1.000,0.000,48.080,47.900,0.940,61.194,5.000,99.0,47.0,0.05128205195069313,-43.33333206176758
177.738,12:19:52.679,455.914,34.863,15894.688,0.000,0.000,0.000,34.793,36.976,36.583,1.000,1.000,0.000,48.080,47.900,0.940,61.194,5.000,99.0,47.0,0.05128205195069313,-43.33333206176758
177.850,12:19:52.791,455.914,34.863,15894.688,0.000,0.000,0.000,34.793,36.976,36.583,1.000,1.000,0.000,48.080,47.900,0.940,61.194,5.000,99.0,47.0,0.05128205195069313,-43.33333206176758
177.961,12:19:52.901,455.889,34.885,15903.789,0.000,0.000,0.000,35.784,35.599,36.898,1.000,1.000,0.000,48.118,48.300,0.940,61.228,5.000,99.0,47.0,0.05128205195069313,-43.33333206176758
178.073,12:19:53.013,455.889,34.885,15903.789,0.000,0.000,0.000,35.784,35.599,36.898,1.000,1.000,0.000,48.118,48.300,0.940,61.228,5.000,99.0,47.0,0.05128205195069313,-43.33333206176758
178.186,12:19:53.318,455.889,34.885,15903.789,0.000,0.000,0.000,35.784,35.599,36.898,1.000,1.000,0.000,48.118,48.300,0.940,61.228,5.000,99.0,47.0,12.717948913574219,-47.64102554321289
178.488,12:19:53.429,453.754,35.417,16070.714,0.000,0.000,0.000,35.307,37.394,37.370,1.000,1.000,0.000,48.518,48.700,0.940,61.245,5.000,99.0,47.0,12.717948913574219,-47.64102554321289
178.601,12:19:53.542,453.754,35.417,16070.714,0.000,0.000,0.000,35.307,37.394,37.370,1.000,1.000,0.000,48.518,48.700,0.940,61.245,5.000,99.0,47.0,12.717948913574219,-47.64102554321289
178.729,12:19:53.670,453.847,35.401,16066.507,0.000,0.000,0.000,35.945,37.373,36.714,1.000,1.000,0.000,48.480,48.300,0.940,61.251,5.000,99.0,47.0,12.717948913574219,-47.64102554321289
178.841,12:19:53.782,453.847,35.401,16066.507,0.000,0.000,0.000,35.945,37.373,36.714,1.000,1.000,0.000,48.480,48.300,0.940,61.251,5.000,99.0,47.0,12.717948913574219,-47.64102554321289
178.953,12:19:53.893,453.847,35.401,16066.507,0.000,0.000,0.000,35.945,37.373,36.714,1.000,1.000,0.000,48.480,48.300,0.940,61.251,5.000,99.0,47.0,12.717948913574219,-47.64102554321289
179.064,12:19:54.005,453.847,35.401,16066.507,0.000,0.000,0.000,35.945,37.373,36.714,1.000,1.000,0.000,48.480,48.300,0.940,61.251,5.000,99.0,47.0,12.717948913574219,-47.64102554321289
179.177,12:19:54.118,455.803,34.953,15931.814,0.000,0.000,0.000,36.039,35.881,36.598,1.000,1.000,0.000,48.080,47.900,0.940,61.273,5.000,99.0,47.0,12.717948913574219,-47.64102554321289
179.288,12:19:54.421,455.803,34.953,15931.814,0.000,0.000,0.000,36.039,35.881,36.598,1.000,1.000,0.000,48.080,47.900,0.940,61.273,5.000,99.0,47.0,9.79487133026123,46.92307662963867
179.593,12:19:54.534,455.914,34.937,15928.391,0.000,0.000,0.000,34.759,36.979,36.773,1.000,1.000,0.000,48.118,48.300,0.940,61.333,5.000,99.0,47.0,9.79487133026123,46.92307662963867
179.704,12:19:54.645,455.914,34.937,15928.391,0.000,0.000,0.000,34.759,36.979,36.773,1.000,1.000,0.000,48.118,48.300,0.940,61.333,5.000,99.0,47.0,9.79487133026123,46.92307662963867
179.816,12:19:54.757,455.914,34.937,15928.391,0.000,0.000,0.000,34.759,36.979,36.773,1.000,1.000,0.000,48.118,48.300,0.940,61.333,5.000,99.0,47.0,9.79487133026123,46.92307662963867
179.944,12:19:54.885,451.918,35.880,16214.981,0.000,0.000,0.000,36.876,37.609,37.181,1.000,1.000,0.000,48.518,48.700,0.940,61.327,5.000,99.0,47.0,9.79487133026123,46.92307662963867
180.056,12:19:54.996,451.918,35.880,16214.981,0.000,0.000,0.000,36.876,37.609,37.181,1.000,1.000,0.000,48.518,48.700,0.940,61.327,5.000,99.0,47.0,9.79487133026123,46.92307662963867
180.168,12:19:55.108,451.918,35.880,16214.981,0.000,0.000,0.000,36.876,37.609,37.181,1.000,1.000,0.000,48.518,48.700,0.940,61.327,5.000,99.0,47.0,9.79487133026123,46.92307662963867
180.280,12:19:55.221,451.918,35.880,16214.981,0.000,0.000,0.000,36.876,37.609,37.181,1.000,1.000,0.000,48.518,48.700,0.940,61.327,5.000,99.0,47.0,9.79487133026123,46.92307662963867
180.392,12:19:55.524,455.708,34.994,15946.810,0.000,0.000,0.000,36.095,35.925,36.640,1.000,1.000,0.000,48.118,48.300,0.940,61.351,5.000,99.0,47.0,-34.30769348144531,49.846153259277344
180.696,12:19:55.636,455.708,34.994,15946.810,0.000,0.000,0.000,36.095,35.925,36.640,1.000,1.000,0.000,48.118,48.300,0.940,61.351,5.000,99.0,47.0,-34.30769348144531,49.846153259277344
180.808,12:19:55.749,450.436,36.231,16319.946,0.000,0.000,0.000,36.665,37.541,38.697,1.000,1.000,0.000,48.881,48.700,0.940,61.413,5.000,99.0,47.0,-34.30769348144531,49.846153259277344
180.920,12:19:55.860,450.436,36.231,16319.946,0.000,0.000,0.000,36.665,37.541,38.697,1.000,1.000,0.000,48.881,48.700,0.940,61.413,5.000,99.0,47.0,-34.30769348144531,49.846153259277344
181.032,12:19:55.972,450.436,36.231,16319.946,0.000,0.000,0.000,36.665,37.541,38.697,1.000,1.000,0.000,48.881,48.700,0.940,61.413,5.000,99.0,47.0,-34.30769348144531,49.846153259277344
181.158,12:19:56.099,455.737,34.980,15941.530,0.000,0.000,0.000,34.865,36.563,37.311,1.000,1.000,0.000,48.118,48.300,0.940,61.413,5.000,99.0,47.0,-34.30769348144531,49.846153259277344
181.271,12:19:56.211,455.737,34.980,15941.530,0.000,0.000,0.000,34.865,36.563,37.311,1.000,1.000,0.000,48.118,48.300,0.940,61.413,5.000,99.0,47.0,-34.30769348144531,49.846153259277344
181.382,12:19:56.323,455.737,34.980,15941.530,0.000,0.000,0.000,34.865,36.563,37.311,1.000,1.000,0.000,48.118,48.300,0.940,61.413,5.000,99.0,47.0,-34.30769348144531,49.846153259277344
181.495,12:19:56.627,455.737,34.980,15941.530,0.000,0.000,0.000,34.865,36.563,37.311,1.000,1.000,0.000,48.118,48.300,0.940,61.413,5.000,99.0,47.0,-0.4615384638309479,-47.43589782714844
181.799,12:19:56.740,450.651,36.187,16307.581,0.000,0.000,0.000,36.737,38.273,37.782,1.000,1.000,0.000,48.881,48.700,0.940,61.466,5.000,99.0,47.0,-0.4615384638309479,-47.43589782714844
181.911,12:19:56.852,450.651,36.187,16307.581,0.000,0.000,0.000,36.737,38.273,37.782,1.000,1.000,0.000,48.881,48.700,0.940,61.466,5.000,99.0,47.0,-0.4615384638309479,-47.43589782714844
182.023,12:19:56.964,455.699,35.000,15949.451,0.000,0.000,0.000,35.902,36.659,36.093,1.000,1.000,0.000,48.118,48.300,0.940,61.494,5.000,99.0,47.0,-0.4615384638309479,-47.43589782714844
182.135,12:19:57.076,455.699,35.000,15949.451,0.000,0.000,0.000,35.902,36.659,36.093,1.000,1.000,0.000,48.118,48.300,0.940,61.494,5.000,99.0,47.0,-0.4615384638309479,-47.43589782714844
182.247,12:19:57.188,455.699,35.000,15949.451,0.000,0.000,0.000,35.902,36.659,36.093,1.000,1.000,0.000,48.118,48.300,0.940,61.494,5.000,99.0,47.0,-0.4615384638309479,-47.43589782714844
182.358,12:19:57.298,455.699,35.000,15949.451,0.000,0.000,0.000,35.902,36.659,36.093,1.000,1.000,0.000,48.118,48.300,0.940,61.494,5.000,99.0,47.0,-0.4615384638309479,-47.43589782714844
182.470,12:19:57.410,451.574,35.973,16244.497,0.000,0.000,0.000,36.880,36.949,38.187,1.000,1.000,0.000,48.518,48.700,0.940,61.548,5.000,99.0,47.0,-0.4615384638309479,-47.43589782714844
182.583,12:19:57.715,451.574,35.973,16244.497,0.000,0.000,0.000,36.880,36.949,38.187,1.000,1.000,0.000,48.518,48.700,0.940,61.548,5.000,99.0,47.0,24.41025733947754,32.46154022216797
182.886,12:19:57.827,454.429,35.309,16045.288,0.000,0.000,0.000,35.622,36.361,37.742,1.000,1.000,0.000,48.480,48.300,0.940,61.571,5.000,99.0,47.0,24.41025733947754,32.46154022216797
182.999,12:19:57.939,454.429,35.309,16045.288,0.000,0.000,0.000,35.622,36.361,37.742,1.000,1.000,0.000,48.480,48.300,0.940,61.571,5.000,99.0,47.0,24.41025733947754,32.46154022216797
183.110,12:19:58.051,454.429,35.309,16045.288,0.000,0.000,0.000,35.622,36.361,37.742,1.000,1.000,0.000,48.480,48.300,0.940,61.571,5.000,99.0,47.0,24.41025733947754,32.46154022216797
183.222,12:19:58.162,450.654,36.185,16307.000,0.000,0.000,0.000,36.298,38.183,38.327,1.000,1.000,0.000,48.881,48.700,0.940,61.575,5.000,99.0,47.0,24.41025733947754,32.46154022216797
183.334,12:19:58.274,450.654,36.185,16307.000,0.000,0.000,0.000,36.298,38.183,38.327,1.000,1.000,0.000,48.881,48.700,0.940,61.575,5.000,99.0,47.0,24.41025733947754,32.46154022216797
183.445,12:19:58.386,450.654,36.185,16307.000,0.000,0.000,0.000,36.298,38.183,38.327,1.000,1.000,0.000,48.881,48.700,0.940,61.575,5.000,99.0,47.0,24.41025733947754,32.46154022216797
183.558,12:19:58.499,450.654,36.185,16307.000,0.000,0.000,0.000,36.298,38.183,38.327,1.000,1.000,0.000,48.881,48.700,0.940,61.575,5.000,99.0,47.0,24.41025733947754,32.46154022216797
183.669,12:19:58.802,455.397,35.067,15969.363,0.000,0.000,0.000,35.083,37.205,36.666,1.000,1.000,0.000,48.118,48.300,0.940,61.613,5.000,99.0,47.0,44.56410217285156,2.153846263885498
183.973,12:19:58.914,455.397,35.067,15969.363,0.000,0.000,0.000,35.083,37.205,36.666,1.000,1.000,0.000,48.118,48.300,0.940,61.613,5.000,99.0,47.0,44.56410217285156,2.153846263885498
184.086,12:19:59.026,454.812,35.219,16018.222,0.000,0.000,0.000,36.350,36.350,36.602,1.000,1.000,0.000,48.518,48.700,0.940,61.673,5.000,99.0,47.0,44.56410217285156,2.153846263885498
184.198,12:19:59.138,454.812,35.219,16018.222,0.000,0.000,0.000,36.350,36.350,36.602,1.000,1.000,0.000,48.518,48.700,0.940,61.673,5.000,99.0,47.0,44.56410217285156,2.153846263885498
184.310,12:19:59.250,454.812,35.219,16018.222,0.000,0.000,0.000,36.350,36.350,36.602,1.000,1.000,0.000,48.518,48.700,0.940,61.673,5.000,99.0,47.0,44.56410217285156,2.153846263885498
184.421,12:19:59.362,455.294,35.093,15977.526,0.000,0.000,0.000,35.765,35.825,37.374,1.000,1.000,0.000,48.118,48.300,0.940,61.678,5.000,99.0,47.0,44.56410217285156,2.153846263885498
184.532,12:19:59.473,455.294,35.093,15977.526,0.000,0.000,0.000,35.765,35.825,37.374,1.000,1.000,0.000,48.118,48.300,0.940,61.678,5.000,99.0,47.0,44.56410217285156,2.153846263885498
184.646,12:19:59.586,455.294,35.093,15977.526,0.000,0.000,0.000,35.765,35.825,37.374,1.000,1.000,0.000,48.118,48.300,0.940,61.678,5.000,99.0,47.0,44.56410217285156,2.153846263885498
184.758,12:19:59.890,455.294,35.093,15977.526,0.000,0.000,0.000,35.765,35.825,37.374,1.000,1.000,0.000,48.118,48.300,0.940,61.678,5.000,99.0,47.0,-38.66666793823242,-13.897436141967773
185.061,12:20:00.001,454.786,35.197,16007.299,0.000,0.000,0.000,35.057,37.235,37.134,1.000,1.000,0.000,48.518,48.700,0.940,61.708,5.000,99.0,47.0,-38.66666793823242,-13.897436141967773
185.171,12:20:00.112,454.786,35.197,16007.299,0.000,0.000,0.000,35.057,37.235,37.134,1.000,1.000,0.000,48.518,48.700,0.940,61.708,5.000,99.0,47.0,-38.66666793823242,-13.897436141967773
185.284,12:20:00.224,450.572,36.163,16294.274,0.000,0.000,0.000,36.450,38.297,38.045,1.000,1.000,0.000,48.881,48.700,0.940,61.743,5.000,99.0,47.0,-38.66666793823242,-13.897436141967773
185.397,12:20:00.337,450.572,36.163,16294.274,0.000,0.000,0.000,36.450,38.297,38.045,1.000,1.000,0.000,48.881,48.700,0.940,61.743,5.000,99.0,47.0,-38.66666793823242,-13.897436141967773
185.509,12:20:00.450,450.572,36.163,16294.274,0.000,0.000,0.000,36.450,38.297,38.045,1.000,1.000,0.000,48.881,48.700,0.940,61.743,5.000,99.0,47.0,-38.66666793823242,-13.897436141967773
185.621,12:20:00.561,450.995,36.060,16263.085,0.000,0.000,0.000,36.351,38.199,37.732,1.000,1.000,0.000,48.480,48.300,0.940,61.782,5.000,99.0,47.0,-38.66666793823242,-13.897436141967773
185.733,12:20:00.673,450.995,36.060,16263.085,0.000,0.000,0.000,36.351,38.199,37.732,1.000,1.000,0.000,48.480,48.300,0.940,61.782,5.000,99.0,47.0,-38.66666793823242,-13.897436141967773
185.844,12:20:00.976,450.995,36.060,16263.085,0.000,0.000,0.000,36.351,38.199,37.732,1.000,1.000,0.000,48.480,48.300,0.940,61.782,5.000,99.0,47.0,45.128204345703125,-42.0
186.148,12:20:01.089,454.616,35.199,16001.874,0.000,0.000,0.000,36.331,36.310,36.527,1.000,1.000,0.000,48.518,48.700,0.940,61.786,5.000,99.0,47.0,45.128204345703125,-42.0
186.260,12:20:01.201,454.616,35.199,16001.874,0.000,0.000,0.000,36.331,36.310,36.527,1.000,1.000,0.000,48.518,48.700,0.940,61.786,5.000,99.0,47.0,45.128204345703125,-42.0
186.372,12:20:01.313,454.616,35.199,16001.874,0.000,0.000,0.000,36.331,36.310,36.527,1.000,1.000,0.000,48.518,48.700,0.940,61.786,5.000,99.0,47.0,45.128204345703125,-42.0
186.484,12:20:01.425,450.430,36.169,16291.419,0.000,0.000,0.000,37.246,37.332,38.148,1.000,1.000,0.000,48.881,48.700,0.940,61.814,5.000,99.0,47.0,45.128204345703125,-42.0
186.595,12:20:01.535,450.430,36.169,16291.419,0.000,0.000,0.000,37.246,37.332,38.148,1.000,1.000,0.000,48.881,48.700,0.940,61.814,5.000,99.0,47.0,45.128204345703125,-42.0
186.707,12:20:01.647,450.430,36.169,16291.419,0.000,0.000,0.000,37.246,37.332,38.148,1.000,1.000,0.000,48.881,48.700,0.940,61.814,5.000,99.0,47.0,45.128204345703125,-42.0
186.819,12:20:01.760,450.430,36.169,16291.419,0.000,0.000,0.000,37.246,37.332,38.148,1.000,1.000,0.000,48.881,48.700,0.940,61.814,5.000,99.0,47.0,45.128204345703125,-42.0
186.932,12:20:02.064,450.885,36.047,16253.002,0.000,0.000,0.000,37.044,37.096,38.088,1.000,1.000,0.000,48.480,48.300,0.940,61.841,5.000,99.0,47.0,-17.538461685180664,-34.0
187.251,12:20:02.192,454.716,35.157,15986.558,0.000,0.000,0.000,35.066,36.606,37.503,1.000,1.000,0.000,48.118,48.300,0.940,61.856,5.000,99.0,47.0,-17.538461685180664,-34.0
187.363,12:20:02.304,454.716,35.157,15986.558,0.000,0.000,0.000,35.066,36.606,37.503,1.000,1.000,0.000,48.118,48.300,0.940,61.856,5.000,99.0,47.0,-17.538461685180664,-34.0
187.475,12:20:02.416,454.716,35.157,15986.558,0.000,0.000,0.000,35.066,36.606,37.503,1.000,1.000,0.000,48.118,48.300,0.940,61.856,5.000,99.0,47.0,-17.538461685180664,-34.0
187.587,12:20:02.528,454.716,35.157,15986.558,0.000,0.000,0.000,35.066,36.606,37.503,1.000,1.000,0.000,48.118,48.300,0.940,61.856,5.000,99.0,47.0,-17.538461685180664,-34.0
187.699,12:20:02.640,453.327,35.475,16081.703,0.000,0.000,0.000,36.531,36.506,37.165,1.000,1.000,0.000,48.519,48.700,0.940,61.900,5.000,99.0,47.0,-17.538461685180664,-34.0
187.811,12:20:02.751,453.327,35.475,16081.703,0.000,0.000,0.000,36.531,36.506,37.165,1.000,1.000,0.000,48.519,48.700,0.940,61.900,5.000,99.0,47.0,-17.538461685180664,-34.0
187.922,12:20:02.863,453.327,35.475,16081.703,0.000,0.000,0.000,36.531,36.506,37.165,1.000,1.000,0.000,48.519,48.700,0.940,61.900,5.000,99.0,47.0,-17.538461685180664,-34.0
188.034,12:20:03.167,453.327,35.475,16081.703,0.000,0.000,0.000,36.531,36.506,37.165,1.000,1.000,0.000,48.519,48.700,0.940,61.900,5.000,99.0,47.0,-6.666666507720947,45.487178802490234
188.339,12:20:03.279,456.071,34.808,15874.708,0.000,0.000,0.000,35.227,35.647,37.219,1.000,1.000,0.000,48.119,48.300,0.940,61.936,5.000,99.0,47.0,-6.666666507720947,45.487178802490234
188.467,12:20:03.407,453.220,35.499,16088.857,0.000,0.000,0.000,35.501,37.588,37.313,1.000,1.000,0.000,48.519,48.700,0.940,61.939,5.000,99.0,47.0,-6.666666507720947,45.487178802490234
188.579,12:20:03.520,453.220,35.499,16088.857,0.000,0.000,0.000,35.501,37.588,37.313,1.000,1.000,0.000,48.519,48.700,0.940,61.939,5.000,99.0,47.0,-6.666666507720947,45.487178802490234
188.691,12:20:03.632,453.220,35.499,16088.857,0.000,0.000,0.000,35.501,37.588,37.313,1.000,1.000,0.000,48.519,48.700,0.940,61.939,5.000,99.0,47.0,-6.666666507720947,45.487178802490234
188.802,12:20:03.743,453.220,35.499,16088.857,0.000,0.000,0.000,35.501,37.588,37.313,1.000,1.000,0.000,48.519,48.700,0.940,61.939,5.000,99.0,47.0,-6.666666507720947,45.487178802490234
188.915,12:20:03.855,455.793,34.875,15895.712,0.000,0.000,0.000,35.679,36.665,35.957,1.000,1.000,0.000,48.118,48.300,0.940,61.962,5.000,99.0,47.0,-6.666666507720947,45.487178802490234
189.027,12:20:03.967,455.793,34.875,15895.712,0.000,0.000,0.000,35.679,36.665,35.957,1.000,1.000,0.000,48.118,48.300,0.940,61.962,5.000,99.0,47.0,-6.666666507720947,45.487178802490234
189.138,12:20:04.270,455.793,34.875,15895.712,0.000,0.000,0.000,35.679,36.665,35.957,1.000,1.000,0.000,48.118,48.300,0.940,61.962,5.000,99.0,47.0,-50.0512809753418,24.102563858032227
189.443,12:20:04.383,453.374,35.472,16082.232,0.000,0.000,0.000,36.274,36.299,37.626,1.000,1.000,0.000,48.480,48.300,0.940,61.942,5.000,99.0,47.0,-50.0512809753418,24.102563858032227
189.554,12:20:04.495,453.374,35.472,16082.232,0.000,0.000,0.000,36.274,36.299,37.626,1.000,1.000,0.000,48.480,48.300,0.940,61.942,5.000,99.0,47.0,-50.0512809753418,24.102563858032227
189.682,12:20:04.623,455.798,34.886,15900.954,0.000,0.000,0.000,34.692,36.865,36.876,1.000,1.000,0.000,48.118,48.300,0.940,61.944,5.000,99.0,47.0,-50.0512809753418,24.102563858032227
189.794,12:20:04.735,455.798,34.886,15900.954,0.000,0.000,0.000,34.692,36.865,36.876,1.000,1.000,0.000,48.118,48.300,0.940,61.944,5.000,99.0,47.0,-50.0512809753418,24.102563858032227
189.906,12:20:04.847,455.798,34.886,15900.954,0.000,0.000,0.000,34.692,36.865,36.876,1.000,1.000,0.000,48.118,48.300,0.940,61.944,5.000,99.0,47.0,-50.0512809753418,24.102563858032227
190.017,12:20:04.958,455.798,34.886,15900.954,0.000,0.000,0.000,34.692,36.865,36.876,1.000,1.000,0.000,48.118,48.300,0.940,61.944,5.000,99.0,47.0,-50.0512809753418,24.102563858032227
190.130,12:20:05.070,459.300,33.995,15613.961,0.000,0.000,0.000,35.002,34.661,35.599,1.000,1.000,0.000,47.719,47.900,0.940,61.975,5.000,99.0,47.0,-50.0512809753418,24.102563858032227
190.241,12:20:05.373,459.300,33.995,15613.961,0.000,0.000,0.000,35.002,34.661,35.599,1.000,1.000,0.000,47.719,47.900,0.940,61.975,5.000,99.0,47.0,45.69230651855469,-49.230770111083984
190.544,12:20:05.485,462.413,33.134,15321.774,0.000,0.000,0.000,34.147,34.432,33.958,1.000,1.000,0.000,47.319,47.500,0.940,61.948,5.000,99.0,47.0,45.69230651855469,-49.230770111083984
190.658,12:20:05.598,462.413,33.134,15321.774,0.000,0.000,0.000,34.147,34.432,33.958,1.000,1.000,0.000,47.319,47.500,0.940,61.948,5.000,99.0,47.0,45.69230651855469,-49.230770111083984
190.769,12:20:05.710,462.413,33.134,15321.774,0.000,0.000,0.000,34.147,34.432,33.958,1.000,1.000,0.000,47.319,47.500,0.940,61.948,5.000,99.0,47.0,45.69230651855469,-49.230770111083984
190.882,12:20:05.822,462.413,33.134,15321.774,0.000,0.000,0.000,34.147,34.432,33.958,1.000,1.000,0.000,47.319,47.500,0.940,61.948,5.000,99.0,47.0,45.69230651855469,-49.230770111083984
190.993,12:20:05.934,460.702,33.615,15486.438,0.000,0.000,0.000,34.512,34.994,34.401,1.000,1.000,0.000,47.719,47.900,0.940,61.888,5.000,99.0,47.0,45.69230651855469,-49.230770111083984
191.105,12:20:06.046,460.702,33.615,15486.438,0.000,0.000,0.000,34.512,34.994,34.401,1.000,1.000,0.000,47.719,47.900,0.940,61.888,5.000,99.0,47.0,45.69230651855469,-49.230770111083984
191.216,12:20:06.157,460.702,33.615,15486.438,0.000,0.000,0.000,34.512,34.994,34.401,1.000,1.000,0.000,47.719,47.900,0.940,61.888,5.000,99.0,47.0,45.69230651855469,-49.230770111083984
191.329,12:20:06.461,454.216,35.315,16040.872,0.000,0.000,0.000,35.209,37.163,37.427,1.000,1.000,0.000,48.518,48.700,0.940,61.844,5.000,99.0,47.0,-18.102563858032227,50.512821197509766
191.632,12:20:06.573,454.216,35.315,16040.872,0.000,0.000,0.000,35.209,37.163,37.427,1.000,1.000,0.000,48.518,48.700,0.940,61.844,5.000,99.0,47.0,-18.102563858032227,50.512821197509766
191.745,12:20:06.685,450.039,36.287,16330.727,0.000,0.000,0.000,36.434,38.315,38.420,1.000,1.000,0.000,48.881,48.700,0.940,61.866,5.000,99.0,47.0,-18.102563858032227,50.512821197509766
191.857,12:20:06.797,450.039,36.287,16330.727,0.000,0.000,0.000,36.434,38.315,38.420,1.000,1.000,0.000,48.881,48.700,0.940,61.866,5.000,99.0,47.0,-18.102563858032227,50.512821197509766
191.969,12:20:06.909,450.039,36.287,16330.727,0.000,0.000,0.000,36.434,38.315,38.420,1.000,1.000,0.000,48.881,48.700,0.940,61.866,5.000,99.0,47.0,-18.102563858032227,50.512821197509766
192.081,12:20:07.022,450.039,36.287,16330.727,0.000,0.000,0.000,36.434,38.315,38.420,1.000,1.000,0.000,48.881,48.700,0.940,61.866,5.000,99.0,47.0,-18.102563858032227,50.512821197509766
192.193,12:20:07.134,451.759,35.913,16224.048,0.000,0.000,0.000,35.997,38.041,37.780,1.000,1.000,0.000,48.518,48.700,0.940,61.851,5.000,99.0,47.0,-18.102563858032227,50.512821197509766
192.303,12:20:07.244,451.759,35.913,16224.048,0.000,0.000,0.000,35.997,38.041,37.780,1.000,1.000,0.000,48.518,48.700,0.940,61.851,5.000,99.0,47.0,-18.102563858032227,50.512821197509766
192.415,12:20:07.549,451.759,35.913,16224.048,0.000,0.000,0.000,35.997,38.041,37.780,1.000,1.000,0.000,48.518,48.700,0.940,61.851,5.000,99.0,47.0,-47.9487190246582,44.0512809753418
192.720,12:20:07.661,450.510,36.192,16304.858,0.000,0.000,0.000,36.470,38.307,38.082,1.000,1.000,0.000,48.881,48.700,0.940,61.914,5.000,99.0,47.0,-47.9487190246582,44.0512809753418
192.831,12:20:07.772,450.510,36.192,16304.858,0.000,0.000,0.000,36.470,38.307,38.082,1.000,1.000,0.000,48.881,48.700,0.940,61.914,5.000,99.0,47.0,-47.9487190246582,44.0512809753418
192.944,12:20:07.884,451.810,35.907,16223.218,0.000,0.000,0.000,36.200,38.054,37.510,1.000,1.000,0.000,48.518,48.700,0.940,61.973,5.000,99.0,47.0,-47.9487190246582,44.0512809753418
193.056,12:20:07.996,451.810,35.907,16223.218,0.000,0.000,0.000,36.200,38.054,37.510,1.000,1.000,0.000,48.518,48.700,0.940,61.973,5.000,99.0,47.0,-47.9487190246582,44.0512809753418
193.168,12:20:08.109,451.810,35.907,16223.218,0.000,0.000,0.000,36.200,38.054,37.510,1.000,1.000,0.000,48.518,48.700,0.940,61.973,5.000,99.0,47.0,-47.9487190246582,44.0512809753418
193.280,12:20:08.220,451.810,35.907,16223.218,0.000,0.000,0.000,36.200,38.054,37.510,1.000,1.000,0.000,48.518,48.700,0.940,61.973,5.000,99.0,47.0,-47.9487190246582,44.0512809753418
193.391,12:20:08.331,455.492,35.029,15955.489,0.000,0.000,0.000,36.000,36.592,36.086,1.000,1.000,0.000,48.118,48.300,0.940,62.048,5.000,99.0,47.0,-47.9487190246582,44.0512809753418
193.504,12:20:08.636,455.492,35.029,15955.489,0.000,0.000,0.000,36.000,36.592,36.086,1.000,1.000,0.000,48.118,48.300,0.940,62.048,5.000,99.0,47.0,50.46154022216797,-55.9487190246582
193.807,12:20:08.748,454.362,35.310,16043.356,0.000,0.000,0.000,35.847,36.079,37.636,1.000,1.000,0.000,48.518,48.700,0.940,62.064,5.000,99.0,47.0,50.46154022216797,-55.9487190246582
193.919,12:20:08.860,454.362,35.310,16043.356,0.000,0.000,0.000,35.847,36.079,37.636,1.000,1.000,0.000,48.518,48.700,0.940,62.064,5.000,99.0,47.0,50.46154022216797,-55.9487190246582
194.031,12:20:08.972,454.362,35.310,16043.356,0.000,0.000,0.000,35.847,36.079,37.636,1.000,1.000,0.000,48.518,48.700,0.940,62.064,5.000,99.0,47.0,50.46154022216797,-55.9487190246582
194.143,12:20:09.083,455.417,35.037,15956.399,0.000,0.000,0.000,34.927,36.604,37.343,1.000,1.000,0.000,48.118,48.300,0.940,62.123,5.000,99.0,47.0,50.46154022216797,-55.9487190246582
194.255,12:20:09.196,455.417,35.037,15956.399,0.000,0.000,0.000,34.927,36.604,37.343,1.000,1.000,0.000,48.118,48.300,0.940,62.123,5.000,99.0,47.0,50.46154022216797,-55.9487190246582
194.367,12:20:09.308,455.417,35.037,15956.399,0.000,0.000,0.000,34.927,36.604,37.343,1.000,1.000,0.000,48.118,48.300,0.940,62.123,5.000,99.0,47.0,50.46154022216797,-55.9487190246582
194.478,12:20:09.419,455.417,35.037,15956.399,0.000,0.000,0.000,34.927,36.604,37.343,1.000,1.000,0.000,48.118,48.300,0.940,62.123,5.000,99.0,47.0,50.46154022216797,-55.9487190246582
194.591,12:20:09.722,454.758,35.197,16005.931,0.000,0.000,0.000,35.842,37.078,36.358,1.000,1.000,0.000,48.518,48.700,0.940,62.120,5.000,99.0,47.0,33.38461685180664,-54.61538314819336
194.895,12:20:09.835,454.758,35.197,16005.931,0.000,0.000,0.000,35.842,37.078,36.358,1.000,1.000,0.000,48.518,48.700,0.940,62.120,5.000,99.0,47.0,33.38461685180664,-54.61538314819336
195.006,12:20:09.947,450.624,36.161,16294.851,0.000,0.000,0.000,37.236,37.703,37.610,1.000,1.000,0.000,48.881,48.700,0.940,62.139,5.000,99.0,47.0,33.38461685180664,-54.61538314819336
195.118,12:20:10.059,450.624,36.161,16294.851,0.000,0.000,0.000,37.236,37.703,37.610,1.000,1.000,0.000,48.881,48.700,0.940,62.139,5.000,99.0,47.0,33.38461685180664,-54.61538314819336
195.230,12:20:10.171,450.624,36.161,16294.851,0.000,0.000,0.000,37.236,37.703,37.610,1.000,1.000,0.000,48.881,48.700,0.940,62.139,5.000,99.0,47.0,33.38461685180664,-54.61538314819336
195.342,12:20:10.283,450.624,36.161,16294.851,0.000,0.000,0.000,37.236,37.703,37.610,1.000,1.000,0.000,48.881,48.700,0.940,62.139,5.000,99.0,47.0,33.38461685180664,-54.61538314819336
195.454,12:20:10.395,454.510,35.247,16020.204,0.000,0.000,0.000,36.221,36.285,36.872,1.000,1.000,0.000,48.518,48.700,0.940,62.165,5.000,99.0,47.0,33.38461685180664,-54.61538314819336
195.566,12:20:10.507,454.510,35.247,16020.204,0.000,0.000,0.000,36.221,36.285,36.872,1.000,1.000,0.000,48.518,48.700,0.940,62.165,5.000,99.0,47.0,33.38461685180664,-54.61538314819336
195.677,12:20:10.811,454.510,35.247,16020.204,0.000,0.000,0.000,36.221,36.285,36.872,1.000,1.000,0.000,48.518,48.700,0.940,62.165,5.000,99.0,47.0,44.46154022216797,3.8974359035491943
195.981,12:20:10.922,451.024,36.061,16264.289,0.000,0.000,0.000,37.070,37.131,38.081,1.000,1.000,0.000,48.480,48.300,0.940,62.213,5.000,99.0,47.0,44.46154022216797,3.8974359035491943
196.094,12:20:11.035,451.024,36.061,16264.289,0.000,0.000,0.000,37.070,37.131,38.081,1.000,1.000,0.000,48.480,48.300,0.940,62.213,5.000,99.0,47.0,44.46154022216797,3.8974359035491943
196.205,12:20:11.146,454.573,35.230,16014.771,0.000,0.000,0.000,35.163,36.720,37.538,1.000,1.000,0.000,48.518,48.700,0.940,62.247,5.000,99.0,47.0,44.46154022216797,3.8974359035491943
196.318,12:20:11.258,454.573,35.230,16014.771,0.000,0.000,0.000,35.163,36.720,37.538,1.000,1.000,0.000,48.518,48.700,0.940,62.247,5.000,99.0,47.0,44.46154022216797,3.8974359035491943
196.429,12:20:11.370,454.573,35.230,16014.771,0.000,0.000,0.000,35.163,36.720,37.538,1.000,1.000,0.000,48.518,48.700,0.940,62.247,5.000,99.0,47.0,44.46154022216797,3.8974359035491943
196.542,12:20:11.482,454.573,35.230,16014.771,0.000,0.000,0.000,35.163,36.720,37.538,1.000,1.000,0.000,48.518,48.700,0.940,62.247,5.000,99.0,47.0,44.46154022216797,3.8974359035491943
196.653,12:20:11.594,450.786,36.098,16272.599,0.000,0.000,0.000,36.207,38.146,38.126,1.000,1.000,0.000,48.881,48.700,0.940,62.264,5.000,99.0,47.0,44.46154022216797,3.8974359035491943
196.764,12:20:11.914,450.786,36.098,16272.599,0.000,0.000,0.000,36.207,38.146,38.126,1.000,1.000,0.000,48.881,48.700,0.940,62.264,5.000,99.0,47.0,-52.56410217285156,20.615385055541992
197.086,12:20:12.026,455.020,35.119,15979.691,0.000,0.000,0.000,35.215,37.227,36.619,1.000,1.000,0.000,48.118,48.300,0.940,62.304,5.000,99.0,47.0,-52.56410217285156,20.615385055541992
197.196,12:20:12.137,455.020,35.119,15979.691,0.000,0.000,0.000,35.215,37.227,36.619,1.000,1.000,0.000,48.118,48.300,0.940,62.304,5.000,99.0,47.0,-52.56410217285156,20.615385055541992
197.308,12:20:12.249,455.020,35.119,15979.691,0.000,0.000,0.000,35.215,37.227,36.619,1.000,1.000,0.000,48.118,48.300,0.940,62.304,5.000,99.0,47.0,-52.56410217285156,20.615385055541992
197.420,12:20:12.361,451.005,36.036,16252.328,0.000,0.000,0.000,37.123,37.387,37.558,1.000,1.000,0.000,48.881,48.700,0.940,62.306,5.000,99.0,47.0,-52.56410217285156,20.615385055541992
197.533,12:20:12.474,451.005,36.036,16252.328,0.000,0.000,0.000,37.123,37.387,37.558,1.000,1.000,0.000,48.881,48.700,0.940,62.306,5.000,99.0,47.0,-52.56410217285156,20.615385055541992
197.644,12:20:12.585,451.005,36.036,16252.328,0.000,0.000,0.000,37.123,37.387,37.558,1.000,1.000,0.000,48.881,48.700,0.940,62.306,5.000,99.0,47.0,-52.56410217285156,20.615385055541992
197.757,12:20:12.697,451.005,36.036,16252.328,0.000,0.000,0.000,37.123,37.387,37.558,1.000,1.000,0.000,48.881,48.700,0.940,62.306,5.000,99.0,47.0,-52.56410217285156,20.615385055541992
197.869,12:20:13.001,454.675,35.182,15996.487,0.000,0.000,0.000,36.210,36.155,36.894,1.000,1.000,0.000,48.518,48.700,0.940,62.356,5.000,99.0,47.0,-41.28205108642578,44.92307662963867
198.173,12:20:13.113,454.675,35.182,15996.487,0.000,0.000,0.000,36.210,36.155,36.894,1.000,1.000,0.000,48.518,48.700,0.940,62.356,5.000,99.0,47.0,-41.28205108642578,44.92307662963867
198.284,12:20:13.225,451.079,36.024,16249.542,0.000,0.000,0.000,36.714,37.011,38.373,1.000,1.000,0.000,48.480,48.300,0.940,62.394,5.000,99.0,47.0,-41.28205108642578,44.92307662963867
198.396,12:20:13.337,451.079,36.024,16249.542,0.000,0.000,0.000,36.714,37.011,38.373,1.000,1.000,0.000,48.480,48.300,0.940,62.394,5.000,99.0,47.0,-41.28205108642578,44.92307662963867
198.508,12:20:13.449,451.079,36.024,16249.542,0.000,0.000,0.000,36.714,37.011,38.373,1.000,1.000,0.000,48.480,48.300,0.940,62.394,5.000,99.0,47.0,-41.28205108642578,44.92307662963867
198.621,12:20:13.561,450.913,36.055,16257.790,0.000,0.000,0.000,36.198,37.613,38.466,1.000,1.000,0.000,48.881,48.700,0.940,62.378,5.000,99.0,47.0,-41.28205108642578,44.92307662963867
198.733,12:20:13.673,450.913,36.055,16257.790,0.000,0.000,0.000,36.198,37.613,38.466,1.000,1.000,0.000,48.881,48.700,0.940,62.378,5.000,99.0,47.0,-41.28205108642578,44.92307662963867
198.843,12:20:13.784,450.913,36.055,16257.790,0.000,0.000,0.000,36.198,37.613,38.466,1.000,1.000,0.000,48.881,48.700,0.940,62.378,5.000,99.0,47.0,-41.28205108642578,44.92307662963867
198.955,12:20:14.088,450.913,36.055,16257.790,0.000,0.000,0.000,36.198,37.613,38.466,1.000,1.000,0.000,48.881,48.700,0.940,62.378,5.000,99.0,47.0,-0.5128205418586731,-43.43589782714844
199.260,12:20:14.201,454.833,35.161,15992.326,0.000,0.000,0.000,35.015,36.997,37.255,1.000,1.000,0.000,48.118,48.300,0.940,62.429,5.000,99.0,47.0,-0.5128205418586731,-43.43589782714844
199.372,12:20:14.313,454.833,35.161,15992.326,0.000,0.000,0.000,35.015,36.997,37.255,1.000,1.000,0.000,48.118,48.300,0.940,62.429,5.000,99.0,47.0,-0.5128205418586731,-43.43589782714844
199.484,12:20:14.425,449.427,36.396,16357.534,0.000,0.000,0.000,37.513,37.686,38.128,1.000,1.000,0.000,48.881,48.700,0.940,62.471,5.000,99.0,47.0,-0.5128205418586731,-43.43589782714844
199.595,12:20:14.536,449.427,36.396,16357.534,0.000,0.000,0.000,37.513,37.686,38.128,1.000,1.000,0.000,48.881,48.700,0.940,62.471,5.000,99.0,47.0,-0.5128205418586731,-43.43589782714844
199.707,12:20:14.648,449.427,36.396,16357.534,0.000,0.000,0.000,37.513,37.686,38.128,1.000,1.000,0.000,48.881,48.700,0.940,62.471,5.000,99.0,47.0,-0.5128205418586731,-43.43589782714844
199.835,12:20:14.776,456.331,34.816,15887.804,0.000,0.000,0.000,35.533,35.478,36.968,1.000,1.000,0.000,48.080,47.900,0.940,62.443,5.000,99.0,47.0,-0.5128205418586731,-43.43589782714844
199.947,12:20:14.888,456.331,34.816,15887.804,0.000,0.000,0.000,35.533,35.478,36.968,1.000,1.000,0.000,48.080,47.900,0.940,62.443,5.000,99.0,47.0,-0.5128205418586731,-43.43589782714844
200.059,12:20:15.192,456.331,34.816,15887.804,0.000,0.000,0.000,35.533,35.478,36.968,1.000,1.000,0.000,48.080,47.900,0.940,62.443,5.000,99.0,47.0,-28.512821197509766,43.79487228393555
200.363,12:20:15.303,457.360,34.558,15805.479,0.000,0.000,0.000,34.929,36.485,35.605,1.000,1.000,0.000,48.118,48.300,0.940,62.482,5.000,99.0,47.0,-28.512821197509766,43.79487228393555
200.475,12:20:15.416,457.360,34.558,15805.479,0.000,0.000,0.000,34.929,36.485,35.605,1.000,1.000,0.000,48.118,48.300,0.940,62.482,5.000,99.0,47.0,-28.512821197509766,43.79487228393555
200.587,12:20:15.528,457.360,34.558,15805.479,0.000,0.000,0.000,34.929,36.485,35.605,1.000,1.000,0.000,48.118,48.300,0.940,62.482,5.000,99.0,47.0,-28.512821197509766,43.79487228393555
200.700,12:20:15.640,449.918,36.331,16346.085,0.000,0.000,0.000,37.432,37.611,38.080,1.000,1.000,0.000,48.881,48.700,0.940,62.478,5.000,99.0,47.0,-28.512821197509766,43.79487228393555
200.810,12:20:15.751,449.918,36.331,16346.085,0.000,0.000,0.000,37.432,37.611,38.080,1.000,1.000,0.000,48.881,48.700,0.940,62.478,5.000,99.0,47.0,-28.512821197509766,43.79487228393555
200.923,12:20:15.864,449.918,36.331,16346.085,0.000,0.000,0.000,37.432,37.611,38.080,1.000,1.000,0.000,48.881,48.700,0.940,62.478,5.000,99.0,47.0,-28.512821197509766,43.79487228393555
201.050,12:20:15.990,456.248,34.874,15911.014,0.000,0.000,0.000,35.595,35.544,37.023,1.000,1.000,0.000,48.118,48.300,0.940,62.468,5.000,99.0,47.0,-28.512821197509766,43.79487228393555
201.162,12:20:16.294,456.248,34.874,15911.014,0.000,0.000,0.000,35.595,35.544,37.023,1.000,1.000,0.000,48.118,48.300,0.940,62.468,5.000,99.0,47.0,-16.41025733947754,44.30769348144531
201.467,12:20:16.407,452.653,35.774,16193.263,0.000,0.000,0.000,35.810,37.520,38.077,1.000,1.000,0.000,48.518,48.700,0.940,62.522,5.000,99.0,47.0,-16.41025733947754,44.30769348144531
201.577,12:20:16.518,452.653,35.774,16193.263,0.000,0.000,0.000,35.810,37.520,38.077,1.000,1.000,0.000,48.518,48.700,0.940,62.522,5.000,99.0,47.0,-16.41025733947754,44.30769348144531
201.691,12:20:16.631,452.653,35.774,16193.263,0.000,0.000,0.000,35.810,37.520,38.077,1.000,1.000,0.000,48.518,48.700,0.940,62.522,5.000,99.0,47.0,-16.41025733947754,44.30769348144531
201.802,12:20:16.742,452.653,35.774,16193.263,0.000,0.000,0.000,35.810,37.520,38.077,1.000,1.000,0.000,48.518,48.700,0.940,62.522,5.000,99.0,47.0,-16.41025733947754,44.30769348144531
201.914,12:20:16.855,447.951,36.815,16491.193,0.000,0.000,0.000,37.146,38.529,39.347,1.000,1.000,0.000,48.881,48.700,0.940,62.519,5.000,99.0,47.0,-16.41025733947754,44.30769348144531
202.026,12:20:16.966,447.951,36.815,16491.193,0.000,0.000,0.000,37.146,38.529,39.347,1.000,1.000,0.000,48.881,48.700,0.940,62.519,5.000,99.0,47.0,-16.41025733947754,44.30769348144531
202.138,12:20:17.079,447.951,36.815,16491.193,0.000,0.000,0.000,37.146,38.529,39.347,1.000,1.000,0.000,48.881,48.700,0.940,62.519,5.000,99.0,47.0,-16.41025733947754,44.30769348144531
202.265,12:20:17.399,456.257,34.926,15935.134,0.000,0.000,0.000,34.669,36.852,36.874,1.000,1.000,0.000,48.118,48.300,0.940,62.585,5.000,99.0,47.0,-45.53845977783203,7.230769157409668
202.570,12:20:17.511,456.257,34.926,15935.134,0.000,0.000,0.000,34.669,36.852,36.874,1.000,1.000,0.000,48.118,48.300,0.940,62.585,5.000,99.0,47.0,-45.53845977783203,7.230769157409668
202.682,12:20:17.623,450.751,36.232,16331.390,0.000,0.000,0.000,37.044,38.091,37.730,1.000,1.000,0.000,48.881,48.700,0.940,62.600,5.000,99.0,47.0,-45.53845977783203,7.230769157409668
202.793,12:20:17.733,450.751,36.232,16331.390,0.000,0.000,0.000,37.044,38.091,37.730,1.000,1.000,0.000,48.881,48.700,0.940,62.600,5.000,99.0,47.0,-45.53845977783203,7.230769157409668
202.905,12:20:17.846,450.751,36.232,16331.390,0.000,0.000,0.000,37.044,38.091,37.730,1.000,1.000,0.000,48.881,48.700,0.940,62.600,5.000,99.0,47.0,-45.53845977783203,7.230769157409668
203.017,12:20:17.958,450.751,36.232,16331.390,0.000,0.000,0.000,37.044,38.091,37.730,1.000,1.000,0.000,48.881,48.700,0.940,62.600,5.000,99.0,47.0,-45.53845977783203,7.230769157409668
203.128,12:20:18.069,456.405,34.913,15934.374,0.000,0.000,0.000,35.984,36.280,36.065,1.000,1.000,0.000,48.118,48.300,0.940,62.608,5.000,99.0,47.0,-45.53845977783203,7.230769157409668
203.241,12:20:18.182,456.405,34.913,15934.374,0.000,0.000,0.000,35.984,36.280,36.065,1.000,1.000,0.000,48.118,48.300,0.940,62.608,5.000,99.0,47.0,-45.53845977783203,7.230769157409668
203.353,12:20:18.485,456.405,34.913,15934.374,0.000,0.000,0.000,35.984,36.280,36.065,1.000,1.000,0.000,48.118,48.300,0.940,62.608,5.000,99.0,47.0,47.230770111083984,-43.128204345703125
203.656,12:20:18.597,451.013,36.191,16322.669,0.000,0.000,0.000,36.963,37.241,38.502,1.000,1.000,0.000,48.881,48.700,0.940,62.635,5.000,99.0,47.0,47.230770111083984,-43.128204345703125
203.768,12:20:18.709,451.013,36.191,16322.669,0.000,0.000,0.000,36.963,37.241,38.502,1.000,1.000,0.000,48.881,48.700,0.940,62.635,5.000,99.0,47.0,47.230770111083984,-43.128204345703125
203.880,12:20:18.821,454.943,35.265,16043.752,0.000,0.000,0.000,35.493,36.250,37.675,1.000,1.000,0.000,48.480,48.300,0.940,62.652,5.000,99.0,47.0,47.230770111083984,-43.128204345703125
203.993,12:20:18.934,454.943,35.265,16043.752,0.000,0.000,0.000,35.493,36.250,37.675,1.000,1.000,0.000,48.480,48.300,0.940,62.652,5.000,99.0,47.0,47.230770111083984,-43.128204345703125
204.105,12:20:19.045,454.943,35.265,16043.752,0.000,0.000,0.000,35.493,36.250,37.675,1.000,1.000,0.000,48.480,48.300,0.940,62.652,5.000,99.0,47.0,47.230770111083984,-43.128204345703125
204.216,12:20:19.157,454.943,35.265,16043.752,0.000,0.000,0.000,35.493,36.250,37.675,1.000,1.000,0.000,48.480,48.300,0.940,62.652,5.000,99.0,47.0,47.230770111083984,-43.128204345703125
204.328,12:20:19.269,458.678,34.318,15740.946,0.000,0.000,0.000,34.602,36.280,35.387,1.000,1.000,0.000,48.118,48.300,0.940,62.647,5.000,99.0,47.0,47.230770111083984,-43.128204345703125
204.439,12:20:19.572,458.678,34.318,15740.946,0.000,0.000,0.000,34.602,36.280,35.387,1.000,1.000,0.000,48.118,48.300,0.940,62.647,5.000,99.0,47.0,50.56410217285156,7.641025543212891
204.744,12:20:19.684,455.162,35.221,16031.060,0.000,0.000,0.000,35.902,35.973,37.400,1.000,1.000,0.000,48.518,48.700,0.940,62.654,5.000,99.0,47.0,50.56410217285156,7.641025543212891
204.856,12:20:19.797,455.162,35.221,16031.060,0.000,0.000,0.000,35.902,35.973,37.400,1.000,1.000,0.000,48.518,48.700,0.940,62.654,5.000,99.0,47.0,50.56410217285156,7.641025543212891
204.967,12:20:19.908,455.162,35.221,16031.060,0.000,0.000,0.000,35.902,35.973,37.400,1.000,1.000,0.000,48.518,48.700,0.940,62.654,5.000,99.0,47.0,50.56410217285156,7.641025543212891
205.080,12:20:20.021,455.162,35.221,16031.060,0.000,0.000,0.000,35.902,35.973,37.400,1.000,1.000,0.000,48.518,48.700,0.940,62.654,5.000,99.0,47.0,50.56410217285156,7.641025543212891
205.191,12:20:20.132,452.322,35.887,16232.504,0.000,0.000,0.000,36.151,37.304,38.256,1.000,1.000,0.000,48.480,48.300,0.940,62.620,5.000,99.0,47.0,50.56410217285156,7.641025543212891
205.303,12:20:20.244,452.322,35.887,16232.504,0.000,0.000,0.000,36.151,37.304,38.256,1.000,1.000,0.000,48.480,48.300,0.940,62.620,5.000,99.0,47.0,50.56410217285156,7.641025543212891
205.416,12:20:20.357,452.322,35.887,16232.504,0.000,0.000,0.000,36.151,37.304,38.256,1.000,1.000,0.000,48.480,48.300,0.940,62.620,5.000,99.0,47.0,50.56410217285156,7.641025543212891
205.527,12:20:20.659,455.319,35.193,16024.010,0.000,0.000,0.000,35.091,37.253,36.915,1.000,1.000,0.000,48.480,48.300,0.940,62.650,5.000,99.0,47.0,24.871795654296875,33.02564239501953
205.830,12:20:20.771,455.319,35.193,16024.010,0.000,0.000,0.000,35.091,37.253,36.915,1.000,1.000,0.000,48.480,48.300,0.940,62.650,5.000,99.0,47.0,24.871795654296875,33.02564239501953
205.942,12:20:20.883,458.858,34.278,15728.560,0.000,0.000,0.000,35.311,35.155,35.508,1.000,1.000,0.000,48.118,48.300,0.940,62.647,5.000,99.0,47.0,24.871795654296875,33.02564239501953
206.056,12:20:20.996,458.858,34.278,15728.560,0.000,0.000,0.000,35.311,35.155,35.508,1.000,1.000,0.000,48.118,48.300,0.940,62.647,5.000,99.0,47.0,24.871795654296875,33.02564239501953
206.168,12:20:21.108,458.858,34.278,15728.560,0.000,0.000,0.000,35.311,35.155,35.508,1.000,1.000,0.000,48.118,48.300,0.940,62.647,5.000,99.0,47.0,24.871795654296875,33.02564239501953
206.279,12:20:21.220,458.858,34.278,15728.560,0.000,0.000,0.000,35.311,35.155,35.508,1.000,1.000,0.000,48.118,48.300,0.940,62.647,5.000,99.0,47.0,24.871795654296875,33.02564239501953
206.391,12:20:21.332,455.534,35.140,16007.551,0.000,0.000,0.000,35.003,36.797,37.344,1.000,1.000,0.000,48.518,48.700,0.940,62.653,5.000,99.0,47.0,24.871795654296875,33.02564239501953
206.504,12:20:21.444,455.534,35.140,16007.551,0.000,0.000,0.000,35.003,36.797,37.344,1.000,1.000,0.000,48.518,48.700,0.940,62.653,5.000,99.0,47.0,24.871795654296875,33.02564239501953
206.615,12:20:21.748,455.534,35.140,16007.551,0.000,0.000,0.000,35.003,36.797,37.344,1.000,1.000,0.000,48.518,48.700,0.940,62.653,5.000,99.0,47.0,44.512821197509766,4.410256385803223
206.919,12:20:21.860,452.347,35.916,16246.306,0.000,0.000,0.000,36.062,38.012,37.683,1.000,1.000,0.000,48.518,48.700,0.940,62.647,5.000,99.0,47.0,44.512821197509766,4.410256385803223
207.031,12:20:21.972,452.347,35.916,16246.306,0.000,0.000,0.000,36.062,38.012,37.683,1.000,1.000,0.000,48.518,48.700,0.940,62.647,5.000,99.0,47.0,44.512821197509766,4.410256385803223
207.142,12:20:22.082,447.892,36.891,16523.002,0.000,0.000,0.000,37.277,39.011,38.949,1.000,1.000,0.000,48.881,48.700,0.940,62.707,5.000,99.0,47.0,44.512821197509766,4.410256385803223
207.254,12:20:22.195,447.892,36.891,16523.002,0.000,0.000,0.000,37.277,39.011,38.949,1.000,1.000,0.000,48.881,48.700,0.940,62.707,5.000,99.0,47.0,44.512821197509766,4.410256385803223
207.367,12:20:22.307,447.892,36.891,16523.002,0.000,0.000,0.000,37.277,39.011,38.949,1.000,1.000,0.000,48.881,48.700,0.940,62.707,5.000,99.0,47.0,44.512821197509766,4.410256385803223
207.478,12:20:22.419,447.892,36.891,16523.002,0.000,0.000,0.000,37.277,39.011,38.949,1.000,1.000,0.000,48.881,48.700,0.940,62.707,5.000,99.0,47.0,44.512821197509766,4.410256385803223
207.590,12:20:22.531,451.820,36.055,16290.278,0.000,0.000,0.000,36.111,38.043,38.106,1.000,1.000,0.000,48.881,48.700,0.940,62.740,5.000,99.0,47.0,44.512821197509766,4.410256385803223
207.702,12:20:22.834,451.820,36.055,16290.278,0.000,0.000,0.000,36.111,38.043,38.106,1.000,1.000,0.000,48.881,48.700,0.940,62.740,5.000,99.0,47.0,0.7179487347602844,38.82051467895508
208.006,12:20:22.947,455.679,35.148,16016.185,0.000,0.000,0.000,35.143,37.212,36.797,1.000,1.000,0.000,48.518,48.700,0.940,62.769,5.000,99.0,47.0,0.7179487347602844,38.82051467895508
208.118,12:20:23.059,455.679,35.148,16016.185,0.000,0.000,0.000,35.143,37.212,36.797,1.000,1.000,0.000,48.518,48.700,0.940,62.769,5.000,99.0,47.0,0.7179487347602844,38.82051467895508
208.230,12:20:23.170,455.679,35.148,16016.185,0.000,0.000,0.000,35.143,37.212,36.797,1.000,1.000,0.000,48.518,48.700,0.940,62.769,5.000,99.0,47.0,0.7179487347602844,38.82051467895508
208.358,12:20:23.298,452.032,36.018,16281.209,0.000,0.000,0.000,36.666,37.961,37.446,1.000,1.000,0.000,48.919,49.100,0.940,62.810,5.000,99.0,47.0,0.7179487347602844,38.82051467895508
208.469,12:20:23.410,452.032,36.018,16281.209,0.000,0.000,0.000,36.666,37.961,37.446,1.000,1.000,0.000,48.919,49.100,0.940,62.810,5.000,99.0,47.0,0.7179487347602844,38.82051467895508
208.582,12:20:23.523,452.032,36.018,16281.209,0.000,0.000,0.000,36.666,37.961,37.446,1.000,1.000,0.000,48.919,49.100,0.940,62.810,5.000,99.0,47.0,0.7179487347602844,38.82051467895508
208.693,12:20:23.634,452.032,36.018,16281.209,0.000,0.000,0.000,36.666,37.961,37.446,1.000,1.000,0.000,48.919,49.100,0.940,62.810,5.000,99.0,47.0,0.7179487347602844,38.82051467895508
208.806,12:20:23.938,448.259,36.867,16525.863,0.000,0.000,0.000,37.282,38.945,38.896,1.000,1.000,0.000,48.881,48.700,0.940,62.864,5.000,99.0,47.0,35.589744567871094,-54.0
209.109,12:20:24.050,448.259,36.867,16525.863,0.000,0.000,0.000,37.282,38.945,38.896,1.000,1.000,0.000,48.881,48.700,0.940,62.864,5.000,99.0,47.0,35.589744567871094,-54.0
209.221,12:20:24.162,452.194,36.036,16295.420,0.000,0.000,0.000,36.078,38.013,38.070,1.000,1.000,0.000,48.881,48.700,0.940,62.929,5.000,99.0,47.0,35.589744567871094,-54.0
209.333,12:20:24.274,452.194,36.036,16295.420,0.000,0.000,0.000,36.078,38.013,38.070,1.000,1.000,0.000,48.881,48.700,0.940,62.929,5.000,99.0,47.0,35.589744567871094,-54.0
209.445,12:20:24.385,452.194,36.036,16295.420,0.000,0.000,0.000,36.078,38.013,38.070,1.000,1.000,0.000,48.881,48.700,0.940,62.929,5.000,99.0,47.0,35.589744567871094,-54.0
209.557,12:20:24.497,452.194,36.036,16295.420,0.000,0.000,0.000,36.078,38.013,38.070,1.000,1.000,0.000,48.881,48.700,0.940,62.929,5.000,99.0,47.0,35.589744567871094,-54.0
209.669,12:20:24.609,456.032,35.128,16019.365,0.000,0.000,0.000,35.096,37.191,36.776,1.000,1.000,0.000,48.518,48.700,0.940,62.924,5.000,99.0,47.0,35.589744567871094,-54.0
209.781,12:20:24.722,456.032,35.128,16019.365,0.000,0.000,0.000,35.096,37.191,36.776,1.000,1.000,0.000,48.518,48.700,0.940,62.924,5.000,99.0,47.0,35.589744567871094,-54.0
209.892,12:20:25.025,456.032,35.128,16019.365,0.000,0.000,0.000,35.096,37.191,36.776,1.000,1.000,0.000,48.518,48.700,0.940,62.924,5.000,99.0,47.0,51.589744567871094,-29.94871711730957
210.196,12:20:25.137,448.608,36.855,16533.395,0.000,0.000,0.000,37.293,38.963,38.702,1.000,1.000,0.000,48.881,48.700,0.940,62.974,5.000,99.0,47.0,51.589744567871094,-29.94871711730957
210.308,12:20:25.249,448.608,36.855,16533.395,0.000,0.000,0.000,37.293,38.963,38.702,1.000,1.000,0.000,48.881,48.700,0.940,62.974,5.000,99.0,47.0,51.589744567871094,-29.94871711730957
210.421,12:20:25.361,456.421,35.080,16011.169,0.000,0.000,0.000,35.391,37.114,36.477,1.000,1.000,0.000,48.518,48.700,0.940,63.022,5.000,99.0,47.0,51.589744567871094,-29.94871711730957
210.533,12:20:25.473,456.421,35.080,16011.169,0.000,0.000,0.000,35.391,37.114,36.477,1.000,1.000,0.000,48.518,48.700,0.940,63.022,5.000,99.0,47.0,51.589744567871094,-29.94871711730957
210.645,12:20:25.585,456.421,35.080,16011.169,0.000,0.000,0.000,35.391,37.114,36.477,1.000,1.000,0.000,48.518,48.700,0.940,63.022,5.000,99.0,47.0,51.589744567871094,-29.94871711730957
210.757,12:20:25.697,456.421,35.080,16011.169,0.000,0.000,0.000,35.391,37.114,36.477,1.000,1.000,0.000,48.518,48.700,0.940,63.022,5.000,99.0,47.0,51.589744567871094,-29.94871711730957
210.869,12:20:25.810,452.828,35.957,16282.412,0.000,0.000,0.000,36.682,37.906,37.380,1.000,1.000,0.000,48.480,48.300,0.940,63.036,5.000,99.0,47.0,51.589744567871094,-29.94871711730957
210.980,12:20:26.113,452.828,35.957,16282.412,0.000,0.000,0.000,36.682,37.906,37.380,1.000,1.000,0.000,48.480,48.300,0.940,63.036,5.000,99.0,47.0,4.051281929016113,45.9487190246582
211.284,12:20:26.224,451.753,36.165,16337.638,0.000,0.000,0.000,36.893,37.230,38.560,1.000,1.000,0.000,48.919,49.100,0.940,63.045,5.000,99.0,47.0,4.051281929016113,45.9487190246582
211.396,12:20:26.336,451.753,36.165,16337.638,0.000,0.000,0.000,36.893,37.230,38.560,1.000,1.000,0.000,48.919,49.100,0.940,63.045,5.000,99.0,47.0,4.051281929016113,45.9487190246582
211.508,12:20:26.449,451.753,36.165,16337.638,0.000,0.000,0.000,36.893,37.230,38.560,1.000,1.000,0.000,48.919,49.100,0.940,63.045,5.000,99.0,47.0,4.051281929016113,45.9487190246582
211.621,12:20:26.561,454.379,35.551,16153.744,0.000,0.000,0.000,36.609,36.465,37.581,1.000,1.000,0.000,48.479,48.300,0.940,63.074,5.000,99.0,47.0,4.051281929016113,45.9487190246582
211.732,12:20:26.672,454.379,35.551,16153.744,0.000,0.000,0.000,36.609,36.465,37.581,1.000,1.000,0.000,48.479,48.300,0.940,63.074,5.000,99.0,47.0,4.051281929016113,45.9487190246582
211.844,12:20:26.785,454.379,35.551,16153.744,0.000,0.000,0.000,36.609,36.465,37.581,1.000,1.000,0.000,48.479,48.300,0.940,63.074,5.000,99.0,47.0,4.051281929016113,45.9487190246582
211.956,12:20:26.897,454.379,35.551,16153.744,0.000,0.000,0.000,36.609,36.465,37.581,1.000,1.000,0.000,48.479,48.300,0.940,63.074,5.000,99.0,47.0,4.051281929016113,45.9487190246582
212.067,12:20:27.199,451.741,36.178,16343.182,0.000,0.000,0.000,36.659,37.358,38.743,1.000,1.000,0.000,48.881,48.700,0.940,63.082,5.000,99.0,47.0,47.64102554321289,-16.05128288269043
212.371,12:20:27.311,451.741,36.178,16343.182,0.000,0.000,0.000,36.659,37.358,38.743,1.000,1.000,0.000,48.881,48.700,0.940,63.082,5.000,99.0,47.0,47.64102554321289,-16.05128288269043
212.483,12:20:27.423,447.987,37.018,16583.471,0.000,0.000,0.000,37.875,38.351,39.474,1.000,1.000,0.000,49.281,49.100,0.940,63.130,5.000,99.0,47.0,47.64102554321289,-16.05128288269043
212.595,12:20:27.536,447.987,37.018,16583.471,0.000,0.000,0.000,37.875,38.351,39.474,1.000,1.000,0.000,49.281,49.100,0.940,63.130,5.000,99.0,47.0,47.64102554321289,-16.05128288269043
212.706,12:20:27.647,447.987,37.018,16583.471,0.000,0.000,0.000,37.875,38.351,39.474,1.000,1.000,0.000,49.281,49.100,0.940,63.130,5.000,99.0,47.0,47.64102554321289,-16.05128288269043
212.819,12:20:27.760,451.335,36.291,16379.330,0.000,0.000,0.000,37.401,38.050,37.758,1.000,1.000,0.000,48.787,48.607,0.940,63.165,5.000,99.0,47.0,47.64102554321289,-16.05128288269043
212.931,12:20:27.872,451.335,36.291,16379.330,0.000,0.000,0.000,37.401,38.050,37.758,1.000,1.000,0.000,48.787,48.607,0.940,63.165,5.000,99.0,47.0,47.64102554321289,-16.05128288269043
213.042,12:20:27.982,451.335,36.291,16379.330,0.000,0.000,0.000,37.401,38.050,37.758,1.000,1.000,0.000,48.787,48.607,0.940,63.165,5.000,99.0,47.0,47.64102554321289,-16.05128288269043
213.155,12:20:28.286,451.335,36.291,16379.330,0.000,0.000,0.000,37.401,38.050,37.758,1.000,1.000,0.000,48.787,48.607,0.940,63.165,5.000,99.0,47.0,49.89743423461914,-18.615385055541992
213.459,12:20:28.399,456.569,35.026,15991.715,0.000,0.000,0.000,36.185,35.980,36.533,1.000,1.000,0.000,48.425,48.607,0.940,63.193,5.000,99.0,47.0,49.89743423461914,-18.615385055541992
213.570,12:20:28.511,456.569,35.026,15991.715,0.000,0.000,0.000,36.185,35.980,36.533,1.000,1.000,0.000,48.425,48.607,0.940,63.193,5.000,99.0,47.0,49.89743423461914,-18.615385055541992
213.681,12:20:28.622,449.310,36.746,16510.406,0.000,0.000,0.000,37.844,38.032,38.837,1.000,1.000,0.000,49.188,49.007,0.940,63.238,5.000,99.0,47.0,49.89743423461914,-18.615385055541992
213.795,12:20:28.735,449.310,36.746,16510.406,0.000,0.000,0.000,37.844,38.032,38.837,1.000,1.000,0.000,49.188,49.007,0.940,63.238,5.000,99.0,47.0,49.89743423461914,-18.615385055541992
213.906,12:20:28.846,449.310,36.746,16510.406,0.000,0.000,0.000,37.844,38.032,38.837,1.000,1.000,0.000,49.188,49.007,0.940,63.238,5.000,99.0,47.0,49.89743423461914,-18.615385055541992
214.019,12:20:28.959,449.310,36.746,16510.406,0.000,0.000,0.000,37.844,38.032,38.837,1.000,1.000,0.000,49.188,49.007,0.940,63.238,5.000,99.0,47.0,49.89743423461914,-18.615385055541992
214.130,12:20:29.070,451.130,36.370,16407.730,0.000,0.000,0.000,37.280,38.359,37.878,1.000,1.000,0.000,48.787,48.607,0.940,63.265,5.000,99.0,47.0,49.89743423461914,-18.615385055541992
214.242,12:20:29.374,451.130,36.370,16407.730,0.000,0.000,0.000,37.280,38.359,37.878,1.000,1.000,0.000,48.787,48.607,0.940,63.265,5.000,99.0,47.0,45.28205108642578,-4.256410121917725
214.545,12:20:29.486,456.903,34.986,15985.336,0.000,0.000,0.000,36.209,36.121,36.147,1.000,1.000,0.000,48.425,48.607,0.940,63.253,5.000,99.0,47.0,45.28205108642578,-4.256410121917725
214.658,12:20:29.598,456.903,34.986,15985.336,0.000,0.000,0.000,36.209,36.121,36.147,1.000,1.000,0.000,48.425,48.607,0.940,63.253,5.000,99.0,47.0,45.28205108642578,-4.256410121917725
214.770,12:20:29.710,456.903,34.986,15985.336,0.000,0.000,0.000,36.209,36.121,36.147,1.000,1.000,0.000,48.425,48.607,0.940,63.253,5.000,99.0,47.0,45.28205108642578,-4.256410121917725
214.881,12:20:29.822,451.233,36.358,16406.125,0.000,0.000,0.000,37.546,37.606,38.183,1.000,1.000,0.000,48.787,48.607,0.940,63.255,5.000,99.0,47.0,45.28205108642578,-4.256410121917725
214.993,12:20:29.934,451.233,36.358,16406.125,0.000,0.000,0.000,37.546,37.606,38.183,1.000,1.000,0.000,48.787,48.607,0.940,63.255,5.000,99.0,47.0,45.28205108642578,-4.256410121917725
215.105,12:20:30.046,451.233,36.358,16406.125,0.000,0.000,0.000,37.546,37.606,38.183,1.000,1.000,0.000,48.787,48.607,0.940,63.255,5.000,99.0,47.0,45.28205108642578,-4.256410121917725
215.217,12:20:30.158,451.233,36.358,16406.125,0.000,0.000,0.000,37.546,37.606,38.183,1.000,1.000,0.000,48.787,48.607,0.940,63.255,5.000,99.0,47.0,45.28205108642578,-4.256410121917725
215.329,12:20:30.461,457.117,34.941,15972.049,0.000,0.000,0.000,35.666,35.630,37.223,1.000,1.000,0.000,48.387,48.207,0.940,63.292,5.000,99.0,47.0,42.0512809753418,-46.10256576538086
215.634,12:20:30.574,457.117,34.941,15972.049,0.000,0.000,0.000,35.666,35.630,37.223,1.000,1.000,0.000,48.387,48.207,0.940,63.292,5.000,99.0,47.0,42.0512809753418,-46.10256576538086
215.745,12:20:30.686,453.872,35.757,16229.220,0.000,0.000,0.000,35.725,37.611,38.028,1.000,1.000,0.000,48.787,48.607,0.940,63.294,5.000,99.0,47.0,42.0512809753418,-46.10256576538086
215.856,12:20:30.797,453.872,35.757,16229.220,0.000,0.000,0.000,35.725,37.611,38.028,1.000,1.000,0.000,48.787,48.607,0.940,63.294,5.000,99.0,47.0,42.0512809753418,-46.10256576538086
215.968,12:20:30.909,453.872,35.757,16229.220,0.000,0.000,0.000,35.725,37.611,38.028,1.000,1.000,0.000,48.787,48.607,0.940,63.294,5.000,99.0,47.0,42.0512809753418,-46.10256576538086
216.080,12:20:31.021,453.952,35.739,16223.971,0.000,0.000,0.000,35.708,37.757,37.867,1.000,1.000,0.000,48.825,49.007,0.940,63.284,5.000,99.0,47.0,42.0512809753418,-46.10256576538086
216.192,12:20:31.133,453.952,35.739,16223.971,0.000,0.000,0.000,35.708,37.757,37.867,1.000,1.000,0.000,48.825,49.007,0.940,63.284,5.000,99.0,47.0,42.0512809753418,-46.10256576538086
216.304,12:20:31.245,453.952,35.739,16223.971,0.000,0.000,0.000,35.708,37.757,37.867,1.000,1.000,0.000,48.825,49.007,0.940,63.284,5.000,99.0,47.0,42.0512809753418,-46.10256576538086
216.417,12:20:31.549,453.952,35.739,16223.971,0.000,0.000,0.000,35.708,37.757,37.867,1.000,1.000,0.000,48.825,49.007,0.940,63.284,5.000,99.0,47.0,51.79487228393555,-15.230769157409668
216.720,12:20:31.661,451.033,36.425,16428.740,0.000,0.000,0.000,36.731,37.832,39.024,1.000,1.000,0.000,48.825,49.007,0.940,63.310,5.000,99.0,47.0,51.79487228393555,-15.230769157409668
216.832,12:20:31.773,451.033,36.425,16428.740,0.000,0.000,0.000,36.731,37.832,39.024,1.000,1.000,0.000,48.825,49.007,0.940,63.310,5.000,99.0,47.0,51.79487228393555,-15.230769157409668
216.943,12:20:31.884,454.928,35.515,16156.903,0.000,0.000,0.000,35.974,36.501,38.060,1.000,1.000,0.000,48.425,48.607,0.940,63.335,5.000,99.0,47.0,51.79487228393555,-15.230769157409668
217.056,12:20:31.997,454.928,35.515,16156.903,0.000,0.000,0.000,35.974,36.501,38.060,1.000,1.000,0.000,48.425,48.607,0.940,63.335,5.000,99.0,47.0,51.79487228393555,-15.230769157409668
217.167,12:20:32.108,454.928,35.515,16156.903,0.000,0.000,0.000,35.974,36.501,38.060,1.000,1.000,0.000,48.425,48.607,0.940,63.335,5.000,99.0,47.0,51.79487228393555,-15.230769157409668
217.280,12:20:32.221,454.198,35.684,16207.593,0.000,0.000,0.000,35.678,37.433,38.029,1.000,1.000,0.000,48.787,48.607,0.940,63.358,5.000,99.0,47.0,51.79487228393555,-15.230769157409668
217.391,12:20:32.332,454.198,35.684,16207.593,0.000,0.000,0.000,35.678,37.433,38.029,1.000,1.000,0.000,48.787,48.607,0.940,63.358,5.000,99.0,47.0,51.79487228393555,-15.230769157409668
217.503,12:20:32.637,454.198,35.684,16207.593,0.000,0.000,0.000,35.678,37.433,38.029,1.000,1.000,0.000,48.787,48.607,0.940,63.358,5.000,99.0,47.0,45.846153259277344,-41.79487228393555
217.808,12:20:32.748,454.943,35.514,16156.933,0.000,0.000,0.000,35.401,37.494,37.691,1.000,1.000,0.000,48.425,48.607,0.940,63.403,5.000,99.0,47.0,45.846153259277344,-41.79487228393555
217.919,12:20:32.859,454.943,35.514,16156.933,0.000,0.000,0.000,35.401,37.494,37.691,1.000,1.000,0.000,48.425,48.607,0.940,63.403,5.000,99.0,47.0,45.846153259277344,-41.79487228393555
218.031,12:20:32.972,454.943,35.514,16156.933,0.000,0.000,0.000,35.401,37.494,37.691,1.000,1.000,0.000,48.425,48.607,0.940,63.403,5.000,99.0,47.0,45.846153259277344,-41.79487228393555
218.143,12:20:33.083,457.614,34.825,15936.185,0.000,0.000,0.000,35.315,36.885,35.966,1.000,1.000,0.000,48.425,48.607,0.940,63.412,5.000,99.0,47.0,45.846153259277344,-41.79487228393555
218.255,12:20:33.195,457.614,34.825,15936.185,0.000,0.000,0.000,35.315,36.885,35.966,1.000,1.000,0.000,48.425,48.607,0.940,63.412,5.000,99.0,47.0,45.846153259277344,-41.79487228393555
218.367,12:20:33.308,457.614,34.825,15936.185,0.000,0.000,0.000,35.315,36.885,35.966,1.000,1.000,0.000,48.425,48.607,0.940,63.412,5.000,99.0,47.0,45.846153259277344,-41.79487228393555
218.479,12:20:33.420,457.614,34.825,15936.185,0.000,0.000,0.000,35.315,36.885,35.966,1.000,1.000,0.000,48.425,48.607,0.940,63.412,5.000,99.0,47.0,45.846153259277344,-41.79487228393555
218.592,12:20:33.724,450.980,36.425,16427.119,0.000,0.000,0.000,37.456,38.252,37.927,1.000,1.000,0.000,48.787,48.607,0.940,63.397,5.000,99.0,47.0,37.487178802490234,13.076923370361328
218.895,12:20:33.835,450.980,36.425,16427.119,0.000,0.000,0.000,37.456,38.252,37.927,1.000,1.000,0.000,48.787,48.607,0.940,63.397,5.000,99.0,47.0,37.487178802490234,13.076923370361328
219.007,12:20:33.948,454.722,35.566,16172.483,0.000,0.000,0.000,36.749,36.927,36.806,1.000,1.000,0.000,48.387,48.207,0.940,63.395,5.000,99.0,47.0,37.487178802490234,13.076923370361328
219.119,12:20:34.059,454.722,35.566,16172.483,0.000,0.000,0.000,36.749,36.927,36.806,1.000,1.000,0.000,48.387,48.207,0.940,63.395,5.000,99.0,47.0,37.487178802490234,13.076923370361328
219.230,12:20:34.171,454.722,35.566,16172.483,0.000,0.000,0.000,36.749,36.927,36.806,1.000,1.000,0.000,48.387,48.207,0.940,63.395,5.000,99.0,47.0,37.487178802490234,13.076923370361328
219.342,12:20:34.283,458.119,34.704,15898.427,0.000,0.000,0.000,34.753,35.644,37.240,1.000,1.000,0.000,47.987,47.807,0.940,63.393,5.000,99.0,47.0,37.487178802490234,13.076923370361328
219.454,12:20:34.395,458.119,34.704,15898.427,0.000,0.000,0.000,34.753,35.644,37.240,1.000,1.000,0.000,47.987,47.807,0.940,63.393,5.000,99.0,47.0,37.487178802490234,13.076923370361328
219.567,12:20:34.507,458.119,34.704,15898.427,0.000,0.000,0.000,34.753,35.644,37.240,1.000,1.000,0.000,47.987,47.807,0.940,63.393,5.000,99.0,47.0,37.487178802490234,13.076923370361328
219.679,12:20:34.810,458.119,34.704,15898.427,0.000,0.000,0.000,34.753,35.644,37.240,1.000,1.000,0.000,47.987,47.807,0.940,63.393,5.000,99.0,47.0,21.230770111083984,-52.25640869140625
219.983,12:20:34.923,457.762,34.782,15921.983,0.000,0.000,0.000,35.922,36.152,35.827,1.000,1.000,0.000,48.387,48.207,0.940,63.374,5.000,99.0,47.0,21.230770111083984,-52.25640869140625
220.094,12:20:35.034,457.762,34.782,15921.983,0.000,0.000,0.000,35.922,36.152,35.827,1.000,1.000,0.000,48.387,48.207,0.940,63.374,5.000,99.0,47.0,21.230770111083984,-52.25640869140625
220.206,12:20:35.146,454.229,35.675,16204.417,0.000,0.000,0.000,36.260,36.610,38.126,1.000,1.000,0.000,48.787,48.607,0.940,63.344,5.000,99.0,47.0,21.230770111083984,-52.25640869140625
220.318,12:20:35.259,454.229,35.675,16204.417,0.000,0.000,0.000,36.260,36.610,38.126,1.000,1.000,0.000,48.787,48.607,0.940,63.344,5.000,99.0,47.0,21.230770111083984,-52.25640869140625
220.430,12:20:35.371,454.229,35.675,16204.417,0.000,0.000,0.000,36.260,36.610,38.126,1.000,1.000,0.000,48.787,48.607,0.940,63.344,5.000,99.0,47.0,21.230770111083984,-52.25640869140625
220.542,12:20:35.482,450.580,36.536,16462.420,0.000,0.000,0.000,37.143,37.696,39.071,1.000,1.000,0.000,49.188,49.007,0.940,63.336,5.000,99.0,47.0,21.230770111083984,-52.25640869140625
220.653,12:20:35.594,450.580,36.536,16462.420,0.000,0.000,0.000,37.143,37.696,39.071,1.000,1.000,0.000,49.188,49.007,0.940,63.336,5.000,99.0,47.0,21.230770111083984,-52.25640869140625
220.765,12:20:35.914,450.580,36.536,16462.420,0.000,0.000,0.000,37.143,37.696,39.071,1.000,1.000,0.000,49.188,49.007,0.940,63.336,5.000,99.0,47.0,29.538461685180664,-55.74359130859375
221.085,12:20:36.025,450.718,36.517,16458.797,0.000,0.000,0.000,37.747,37.973,38.136,1.000,1.000,0.000,48.825,49.007,0.940,63.352,5.000,99.0,47.0,29.538461685180664,-55.74359130859375
221.197,12:20:36.137,450.718,36.517,16458.797,0.000,0.000,0.000,37.747,37.973,38.136,1.000,1.000,0.000,48.825,49.007,0.940,63.352,5.000,99.0,47.0,29.538461685180664,-55.74359130859375
221.309,12:20:36.250,450.718,36.517,16458.797,0.000,0.000,0.000,37.747,37.973,38.136,1.000,1.000,0.000,48.825,49.007,0.940,63.352,5.000,99.0,47.0,29.538461685180664,-55.74359130859375
221.421,12:20:36.361,454.498,35.634,16195.601,0.000,0.000,0.000,36.693,37.360,36.879,1.000,1.000,0.000,48.425,48.607,0.940,63.418,5.000,99.0,47.0,29.538461685180664,-55.74359130859375
221.533,12:20:36.474,454.498,35.634,16195.601,0.000,0.000,0.000,36.693,37.360,36.879,1.000,1.000,0.000,48.425,48.607,0.940,63.418,5.000,99.0,47.0,29.538461685180664,-55.74359130859375
221.645,12:20:36.586,454.498,35.634,16195.601,0.000,0.000,0.000,36.693,37.360,36.879,1.000,1.000,0.000,48.425,48.607,0.940,63.418,5.000,99.0,47.0,29.538461685180664,-55.74359130859375
221.756,12:20:36.697,452.561,36.165,16366.923,0.000,0.000,0.000,36.737,37.208,38.492,1.000,1.000,0.000,48.787,48.607,0.940,63.442,5.000,99.0,47.0,29.538461685180664,-55.74359130859375
221.868,12:20:37.002,452.561,36.165,16366.923,0.000,0.000,0.000,36.737,37.208,38.492,1.000,1.000,0.000,48.787,48.607,0.940,63.442,5.000,99.0,47.0,-22.102563858032227,54.46154022216797
222.173,12:20:37.113,454.539,35.660,16209.072,0.000,0.000,0.000,36.710,36.613,37.589,1.000,1.000,0.000,48.825,49.007,0.940,63.465,5.000,99.0,47.0,-22.102563858032227,54.46154022216797
222.284,12:20:37.225,454.539,35.660,16209.072,0.000,0.000,0.000,36.710,36.613,37.589,1.000,1.000,0.000,48.825,49.007,0.940,63.465,5.000,99.0,47.0,-22.102563858032227,54.46154022216797
222.397,12:20:37.338,454.539,35.660,16209.072,0.000,0.000,0.000,36.710,36.613,37.589,1.000,1.000,0.000,48.825,49.007,0.940,63.465,5.000,99.0,47.0,-22.102563858032227,54.46154022216797
222.508,12:20:37.448,454.539,35.660,16209.072,0.000,0.000,0.000,36.710,36.613,37.589,1.000,1.000,0.000,48.825,49.007,0.940,63.465,5.000,99.0,47.0,-22.102563858032227,54.46154022216797
222.621,12:20:37.561,451.800,36.359,16426.984,0.000,0.000,0.000,37.377,37.528,38.332,1.000,1.000,0.000,48.826,49.007,0.940,63.479,5.000,99.0,47.0,-22.102563858032227,54.46154022216797
222.733,12:20:37.674,451.800,36.359,16426.984,0.000,0.000,0.000,37.377,37.528,38.332,1.000,1.000,0.000,48.826,49.007,0.940,63.479,5.000,99.0,47.0,-22.102563858032227,54.46154022216797
222.844,12:20:37.785,451.800,36.359,16426.984,0.000,0.000,0.000,37.377,37.528,38.332,1.000,1.000,0.000,48.826,49.007,0.940,63.479,5.000,99.0,47.0,-22.102563858032227,54.46154022216797
222.973,12:20:38.105,451.769,36.360,16426.451,0.000,0.000,0.000,37.413,37.832,37.962,1.000,1.000,0.000,48.786,48.607,0.940,63.539,5.000,99.0,47.0,-44.97435760498047,1.3333333730697632
223.276,12:20:38.217,451.769,36.360,16426.451,0.000,0.000,0.000,37.413,37.832,37.962,1.000,1.000,0.000,48.786,48.607,0.940,63.539,5.000,99.0,47.0,-44.97435760498047,1.3333333730697632
223.388,12:20:38.328,453.181,36.031,16328.371,0.000,0.000,0.000,37.037,37.143,37.794,1.000,1.000,0.000,48.786,48.607,0.940,63.571,5.000,99.0,47.0,-44.97435760498047,1.3333333730697632
223.500,12:20:38.441,453.181,36.031,16328.371,0.000,0.000,0.000,37.037,37.143,37.794,1.000,1.000,0.000,48.786,48.607,0.940,63.571,5.000,99.0,47.0,-44.97435760498047,1.3333333730697632
223.612,12:20:38.553,453.181,36.031,16328.371,0.000,0.000,0.000,37.037,37.143,37.794,1.000,1.000,0.000,48.786,48.607,0.940,63.571,5.000,99.0,47.0,-44.97435760498047,1.3333333730697632
223.723,12:20:38.664,453.181,36.031,16328.371,0.000,0.000,0.000,37.037,37.143,37.794,1.000,1.000,0.000,48.786,48.607,0.940,63.571,5.000,99.0,47.0,-44.97435760498047,1.3333333730697632
223.836,12:20:38.776,455.831,35.399,16136.043,0.000,0.000,0.000,36.279,36.249,37.375,1.000,1.000,0.000,48.425,48.607,0.940,63.593,5.000,99.0,47.0,-44.97435760498047,1.3333333730697632
223.948,12:20:38.889,455.831,35.399,16136.043,0.000,0.000,0.000,36.279,36.249,37.375,1.000,1.000,0.000,48.425,48.607,0.940,63.593,5.000,99.0,47.0,-44.97435760498047,1.3333333730697632
224.059,12:20:39.191,455.831,35.399,16136.043,0.000,0.000,0.000,36.279,36.249,37.375,1.000,1.000,0.000,48.425,48.607,0.940,63.593,5.000,99.0,47.0,36.153846740722656,-51.17948532104492
224.363,12:20:39.303,453.438,35.978,16313.596,0.000,0.000,0.000,36.400,37.103,38.348,1.000,1.000,0.000,48.825,49.007,0.940,63.603,5.000,99.0,47.0,36.153846740722656,-51.17948532104492
224.475,12:20:39.416,453.438,35.978,16313.596,0.000,0.000,0.000,36.400,37.103,38.348,1.000,1.000,0.000,48.825,49.007,0.940,63.603,5.000,99.0,47.0,36.153846740722656,-51.17948532104492
224.587,12:20:39.528,451.494,36.433,16449.195,0.000,0.000,0.000,37.393,37.568,38.516,1.000,1.000,0.000,48.787,48.607,0.940,63.620,5.000,99.0,47.0,36.153846740722656,-51.17948532104492
224.699,12:20:39.640,451.494,36.433,16449.195,0.000,0.000,0.000,37.393,37.568,38.516,1.000,1.000,0.000,48.787,48.607,0.940,63.620,5.000,99.0,47.0,36.153846740722656,-51.17948532104492
224.811,12:20:39.752,451.494,36.433,16449.195,0.000,0.000,0.000,37.393,37.568,38.516,1.000,1.000,0.000,48.787,48.607,0.940,63.620,5.000,99.0,47.0,36.153846740722656,-51.17948532104492
224.923,12:20:39.864,451.494,36.433,16449.195,0.000,0.000,0.000,37.393,37.568,38.516,1.000,1.000,0.000,48.787,48.607,0.940,63.620,5.000,99.0,47.0,36.153846740722656,-51.17948532104492
225.034,12:20:39.975,453.394,35.997,16320.698,0.000,0.000,0.000,36.691,36.957,38.228,1.000,1.000,0.000,48.825,49.007,0.940,63.615,5.000,99.0,47.0,36.153846740722656,-51.17948532104492
225.147,12:20:40.280,453.394,35.997,16320.698,0.000,0.000,0.000,36.691,36.957,38.228,1.000,1.000,0.000,48.825,49.007,0.940,63.615,5.000,99.0,47.0,-52.56410217285156,-46.0
225.450,12:20:40.391,455.611,35.481,16165.536,0.000,0.000,0.000,36.209,36.292,37.643,1.000,1.000,0.000,48.425,48.607,0.940,63.686,5.000,99.0,47.0,-52.56410217285156,-46.0
225.563,12:20:40.503,455.611,35.481,16165.536,0.000,0.000,0.000,36.209,36.292,37.643,1.000,1.000,0.000,48.425,48.607,0.940,63.686,5.000,99.0,47.0,-52.56410217285156,-46.0
225.674,12:20:40.615,455.611,35.481,16165.536,0.000,0.000,0.000,36.209,36.292,37.643,1.000,1.000,0.000,48.425,48.607,0.940,63.686,5.000,99.0,47.0,-52.56410217285156,-46.0
225.787,12:20:40.728,455.611,35.481,16165.536,0.000,0.000,0.000,36.209,36.292,37.643,1.000,1.000,0.000,48.425,48.607,0.940,63.686,5.000,99.0,47.0,-52.56410217285156,-46.0
225.898,12:20:40.839,449.717,36.843,16569.016,0.000,0.000,0.000,37.624,38.104,39.177,1.000,1.000,0.000,49.188,49.007,0.940,63.693,5.000,99.0,47.0,-52.56410217285156,-46.0
226.010,12:20:40.950,449.717,36.843,16569.016,0.000,0.000,0.000,37.624,38.104,39.177,1.000,1.000,0.000,49.188,49.007,0.940,63.693,5.000,99.0,47.0,-52.56410217285156,-46.0
226.122,12:20:41.063,449.717,36.843,16569.016,0.000,0.000,0.000,37.624,38.104,39.177,1.000,1.000,0.000,49.188,49.007,0.940,63.693,5.000,99.0,47.0,-52.56410217285156,-46.0
226.234,12:20:41.367,455.434,35.526,16179.813,0.000,0.000,0.000,36.490,36.478,37.315,1.000,1.000,0.000,48.425,48.607,0.940,63.728,5.000,99.0,47.0,-47.43589782714844,3.2820513248443604
226.537,12:20:41.478,455.434,35.526,16179.813,0.000,0.000,0.000,36.490,36.478,37.315,1.000,1.000,0.000,48.425,48.607,0.940,63.728,5.000,99.0,47.0,-47.43589782714844,3.2820513248443604
226.650,12:20:41.590,451.624,36.455,16464.143,0.000,0.000,0.000,37.409,37.628,38.571,1.000,1.000,0.000,48.825,49.007,0.940,63.737,5.000,99.0,47.0,-47.43589782714844,3.2820513248443604
226.762,12:20:41.702,451.624,36.455,16464.143,0.000,0.000,0.000,37.409,37.628,38.571,1.000,1.000,0.000,48.825,49.007,0.940,63.737,5.000,99.0,47.0,-47.43589782714844,3.2820513248443604
226.875,12:20:41.815,451.624,36.455,16464.143,0.000,0.000,0.000,37.409,37.628,38.571,1.000,1.000,0.000,48.825,49.007,0.940,63.737,5.000,99.0,47.0,-47.43589782714844,3.2820513248443604
226.986,12:20:41.926,451.624,36.455,16464.143,0.000,0.000,0.000,37.409,37.628,38.571,1.000,1.000,0.000,48.825,49.007,0.940,63.737,5.000,99.0,47.0,-47.43589782714844,3.2820513248443604
227.098,12:20:42.039,451.603,36.469,16469.660,0.000,0.000,0.000,37.505,38.071,37.990,1.000,1.000,0.000,48.787,48.607,0.940,63.761,5.000,99.0,47.0,-47.43589782714844,3.2820513248443604
227.210,12:20:42.150,451.603,36.469,16469.660,0.000,0.000,0.000,37.505,38.071,37.990,1.000,1.000,0.000,48.787,48.607,0.940,63.761,5.000,99.0,47.0,-47.43589782714844,3.2820513248443604
227.322,12:20:42.454,451.603,36.469,16469.660,0.000,0.000,0.000,37.505,38.071,37.990,1.000,1.000,0.000,48.787,48.607,0.940,63.761,5.000,99.0,47.0,-48.10256576538086,2.1025640964508057
227.625,12:20:42.566,454.040,35.893,16297.039,0.000,0.000,0.000,36.880,37.291,37.200,1.000,1.000,0.000,48.825,49.007,0.940,63.792,5.000,99.0,47.0,-48.10256576538086,2.1025640964508057
227.737,12:20:42.678,454.040,35.893,16297.039,0.000,0.000,0.000,36.880,37.291,37.200,1.000,1.000,0.000,48.825,49.007,0.940,63.792,5.000,99.0,47.0,-48.10256576538086,2.1025640964508057
227.848,12:20:42.789,451.336,36.549,16495.707,0.000,0.000,0.000,37.166,38.568,38.183,1.000,1.000,0.000,48.787,48.607,0.940,63.840,5.000,99.0,47.0,-48.10256576538086,2.1025640964508057
227.962,12:20:42.902,451.336,36.549,16495.707,0.000,0.000,0.000,37.166,38.568,38.183,1.000,1.000,0.000,48.787,48.607,0.940,63.840,5.000,99.0,47.0,-48.10256576538086,2.1025640964508057
228.073,12:20:43.014,451.336,36.549,16495.707,0.000,0.000,0.000,37.166,38.568,38.183,1.000,1.000,0.000,48.787,48.607,0.940,63.840,5.000,99.0,47.0,-48.10256576538086,2.1025640964508057
228.184,12:20:43.125,451.336,36.549,16495.707,0.000,0.000,0.000,37.166,38.568,38.183,1.000,1.000,0.000,48.787,48.607,0.940,63.840,5.000,99.0,47.0,-48.10256576538086,2.1025640964508057
228.298,12:20:43.238,455.386,35.586,16205.349,0.000,0.000,0.000,36.191,37.468,36.891,1.000,1.000,0.000,48.387,48.207,0.940,63.837,5.000,99.0,47.0,-48.10256576538086,2.1025640964508057
228.409,12:20:43.541,455.386,35.586,16205.349,0.000,0.000,0.000,36.191,37.468,36.891,1.000,1.000,0.000,48.387,48.207,0.940,63.837,5.000,99.0,47.0,0.9743589758872986,-42.56410217285156
228.713,12:20:43.653,455.230,35.625,16217.733,0.000,0.000,0.000,36.648,36.673,37.246,1.000,1.000,0.000,48.425,48.607,0.940,63.869,5.000,99.0,47.0,0.9743589758872986,-42.56410217285156
228.825,12:20:43.766,455.230,35.625,16217.733,0.000,0.000,0.000,36.648,36.673,37.246,1.000,1.000,0.000,48.425,48.607,0.940,63.869,5.000,99.0,47.0,0.9743589758872986,-42.56410217285156
228.936,12:20:43.877,455.230,35.625,16217.733,0.000,0.000,0.000,36.648,36.673,37.246,1.000,1.000,0.000,48.425,48.607,0.940,63.869,5.000,99.0,47.0,0.9743589758872986,-42.56410217285156
229.064,12:20:44.005,451.236,36.561,16497.455,0.000,0.000,0.000,37.552,37.742,38.577,1.000,1.000,0.000,48.825,49.007,0.940,63.872,5.000,99.0,47.0,0.9743589758872986,-42.56410217285156
229.177,12:20:44.118,451.236,36.561,16497.455,0.000,0.000,0.000,37.552,37.742,38.577,1.000,1.000,0.000,48.825,49.007,0.940,63.872,5.000,99.0,47.0,0.9743589758872986,-42.56410217285156
229.287,12:20:44.228,451.236,36.561,16497.455,0.000,0.000,0.000,37.552,37.742,38.577,1.000,1.000,0.000,48.825,49.007,0.940,63.872,5.000,99.0,47.0,0.9743589758872986,-42.56410217285156
229.400,12:20:44.340,451.236,36.561,16497.455,0.000,0.000,0.000,37.552,37.742,38.577,1.000,1.000,0.000,48.825,49.007,0.940,63.872,5.000,99.0,47.0,0.9743589758872986,-42.56410217285156
229.512,12:20:44.644,454.301,35.845,16284.297,0.000,0.000,0.000,36.859,37.015,37.467,1.000,1.000,0.000,48.787,48.607,0.940,63.859,5.000,99.0,47.0,-47.43589782714844,36.61538314819336
229.815,12:20:44.756,454.301,35.845,16284.297,0.000,0.000,0.000,36.859,37.015,37.467,1.000,1.000,0.000,48.787,48.607,0.940,63.859,5.000,99.0,47.0,-47.43589782714844,36.61538314819336
229.928,12:20:44.869,454.610,35.781,16266.551,0.000,0.000,0.000,36.637,36.711,37.750,1.000,1.000,0.000,48.825,49.007,0.940,63.872,5.000,99.0,47.0,-47.43589782714844,36.61538314819336
230.039,12:20:44.980,454.610,35.781,16266.551,0.000,0.000,0.000,36.637,36.711,37.750,1.000,1.000,0.000,48.825,49.007,0.940,63.872,5.000,99.0,47.0,-47.43589782714844,36.61538314819336
230.152,12:20:45.092,454.610,35.781,16266.551,0.000,0.000,0.000,36.637,36.711,37.750,1.000,1.000,0.000,48.825,49.007,0.940,63.872,5.000,99.0,47.0,-47.43589782714844,36.61538314819336
230.280,12:20:45.220,454.599,35.772,16262.008,0.000,0.000,0.000,36.695,36.756,37.655,1.000,1.000,0.000,48.787,48.607,0.940,63.879,5.000,99.0,47.0,-47.43589782714844,36.61538314819336
230.391,12:20:45.331,454.599,35.772,16262.008,0.000,0.000,0.000,36.695,36.756,37.655,1.000,1.000,0.000,48.787,48.607,0.940,63.879,5.000,99.0,47.0,-47.43589782714844,36.61538314819336
230.504,12:20:45.444,454.599,35.772,16262.008,0.000,0.000,0.000,36.695,36.756,37.655,1.000,1.000,0.000,48.787,48.607,0.940,63.879,5.000,99.0,47.0,-47.43589782714844,36.61538314819336
230.615,12:20:45.748,454.599,35.772,16262.008,0.000,0.000,0.000,36.695,36.756,37.655,1.000,1.000,0.000,48.787,48.607,0.940,63.879,5.000,99.0,47.0,-48.35897445678711,9.743589401245117
230.920,12:20:45.860,451.155,36.575,16501.164,0.000,0.000,0.000,37.575,37.769,38.570,1.000,1.000,0.000,48.825,49.007,0.940,63.887,5.000,99.0,47.0,-48.35897445678711,9.743589401245117
231.030,12:20:45.971,451.155,36.575,16501.164,0.000,0.000,0.000,37.575,37.769,38.570,1.000,1.000,0.000,48.825,49.007,0.940,63.887,5.000,99.0,47.0,-48.35897445678711,9.743589401245117
231.142,12:20:46.083,450.707,36.661,16523.465,0.000,0.000,0.000,37.651,38.182,38.327,1.000,1.000,0.000,49.226,49.407,0.940,63.945,5.000,99.0,47.0,-48.35897445678711,9.743589401245117
231.255,12:20:46.196,450.707,36.661,16523.465,0.000,0.000,0.000,37.651,38.182,38.327,1.000,1.000,0.000,49.226,49.407,0.940,63.945,5.000,99.0,47.0,-48.35897445678711,9.743589401245117
231.366,12:20:46.307,450.707,36.661,16523.465,0.000,0.000,0.000,37.651,38.182,38.327,1.000,1.000,0.000,49.226,49.407,0.940,63.945,5.000,99.0,47.0,-48.35897445678711,9.743589401245117
231.478,12:20:46.419,450.707,36.661,16523.465,0.000,0.000,0.000,37.651,38.182,38.327,1.000,1.000,0.000,49.226,49.407,0.940,63.945,5.000,99.0,47.0,-48.35897445678711,9.743589401245117
231.591,12:20:46.532,450.726,36.655,16521.484,0.000,0.000,0.000,36.929,38.729,38.673,1.000,1.000,0.000,48.787,48.607,0.940,63.967,5.000,99.0,47.0,-48.35897445678711,9.743589401245117
231.703,12:20:46.834,450.726,36.655,16521.484,0.000,0.000,0.000,36.929,38.729,38.673,1.000,1.000,0.000,48.787,48.607,0.940,63.967,5.000,99.0,47.0,-48.512821197509766,33.74359130859375
232.007,12:20:46.948,454.562,35.761,16255.532,0.000,0.000,0.000,36.051,37.673,37.325,1.000,1.000,0.000,48.825,49.007,0.940,63.993,5.000,99.0,47.0,-48.512821197509766,33.74359130859375
232.118,12:20:47.059,454.562,35.761,16255.532,0.000,0.000,0.000,36.051,37.673,37.325,1.000,1.000,0.000,48.825,49.007,0.940,63.993,5.000,99.0,47.0,-48.512821197509766,33.74359130859375
232.230,12:20:47.171,454.562,35.761,16255.532,0.000,0.000,0.000,36.051,37.673,37.325,1.000,1.000,0.000,48.825,49.007,0.940,63.993,5.000,99.0,47.0,-48.512821197509766,33.74359130859375
232.342,12:20:47.283,454.504,35.779,16261.800,0.000,0.000,0.000,35.874,37.799,37.551,1.000,1.000,0.000,48.787,48.607,0.940,64.022,5.000,99.0,47.0,-48.512821197509766,33.74359130859375
232.454,12:20:47.394,454.504,35.779,16261.800,0.000,0.000,0.000,35.874,37.799,37.551,1.000,1.000,0.000,48.787,48.607,0.940,64.022,5.000,99.0,47.0,-48.512821197509766,33.74359130859375
232.567,12:20:47.507,454.504,35.779,16261.800,0.000,0.000,0.000,35.874,37.799,37.551,1.000,1.000,0.000,48.787,48.607,0.940,64.022,5.000,99.0,47.0,-48.512821197509766,33.74359130859375
232.678,12:20:47.619,454.504,35.779,16261.800,0.000,0.000,0.000,35.874,37.799,37.551,1.000,1.000,0.000,48.787,48.607,0.940,64.022,5.000,99.0,47.0,-48.512821197509766,33.74359130859375
232.791,12:20:47.922,454.667,35.717,16239.125,0.000,0.000,0.000,36.107,37.703,37.128,1.000,1.000,0.000,48.825,49.007,0.940,64.009,5.000,99.0,47.0,12.769230842590332,41.02564239501953
233.094,12:20:48.035,454.667,35.717,16239.125,0.000,0.000,0.000,36.107,37.703,37.128,1.000,1.000,0.000,48.825,49.007,0.940,64.009,5.000,99.0,47.0,12.769230842590332,41.02564239501953
233.206,12:20:48.147,454.248,35.833,16277.021,0.000,0.000,0.000,36.156,37.851,37.389,1.000,1.000,0.000,48.787,48.607,0.940,64.021,5.000,99.0,47.0,12.769230842590332,41.02564239501953
233.318,12:20:48.259,454.248,35.833,16277.021,0.000,0.000,0.000,36.156,37.851,37.389,1.000,1.000,0.000,48.787,48.607,0.940,64.021,5.000,99.0,47.0,12.769230842590332,41.02564239501953
233.429,12:20:48.370,454.248,35.833,16277.021,0.000,0.000,0.000,36.156,37.851,37.389,1.000,1.000,0.000,48.787,48.607,0.940,64.021,5.000,99.0,47.0,12.769230842590332,41.02564239501953
233.542,12:20:48.482,454.527,35.747,16248.175,0.000,0.000,0.000,36.383,37.581,37.017,1.000,1.000,0.000,48.825,49.007,0.940,64.030,5.000,99.0,47.0,12.769230842590332,41.02564239501953
233.654,12:20:48.595,454.527,35.747,16248.175,0.000,0.000,0.000,36.383,37.581,37.017,1.000,1.000,0.000,48.825,49.007,0.940,64.030,5.000,99.0,47.0,12.769230842590332,41.02564239501953
233.766,12:20:48.706,454.527,35.747,16248.175,0.000,0.000,0.000,36.383,37.581,37.017,1.000,1.000,0.000,48.825,49.007,0.940,64.030,5.000,99.0,47.0,12.769230842590332,41.02564239501953
233.878,12:20:49.009,454.527,35.747,16248.175,0.000,0.000,0.000,36.383,37.581,37.017,1.000,1.000,0.000,48.825,49.007,0.940,64.030,5.000,99.0,47.0,45.53845977783203,-45.128204345703125
234.181,12:20:49.121,448.851,37.018,16615.533,0.000,0.000,0.000,37.976,38.710,38.689,1.000,1.000,0.000,49.227,49.407,0.940,64.038,5.000,99.0,47.0,45.53845977783203,-45.128204345703125
234.292,12:20:49.233,448.851,37.018,16615.533,0.000,0.000,0.000,37.976,38.710,38.689,1.000,1.000,0.000,49.227,49.407,0.940,64.038,5.000,99.0,47.0,45.53845977783203,-45.128204345703125
234.405,12:20:49.346,451.616,36.428,16451.289,0.000,0.000,0.000,36.501,38.421,38.471,1.000,1.000,0.000,48.786,48.606,0.940,64.104,5.000,99.0,47.0,45.53845977783203,-45.128204345703125
234.517,12:20:49.457,451.616,36.428,16451.289,0.000,0.000,0.000,36.501,38.421,38.471,1.000,1.000,0.000,48.786,48.606,0.940,64.104,5.000,99.0,47.0,45.53845977783203,-45.128204345703125
234.629,12:20:49.569,451.616,36.428,16451.289,0.000,0.000,0.000,36.501,38.421,38.471,1.000,1.000,0.000,48.786,48.606,0.940,64.104,5.000,99.0,47.0,45.53845977783203,-45.128204345703125
234.741,12:20:49.682,452.972,36.098,16351.374,0.000,0.000,0.000,36.291,38.119,37.843,1.000,1.000,0.000,48.825,49.006,0.940,64.099,5.000,99.0,47.0,45.53845977783203,-45.128204345703125
234.852,12:20:49.793,452.972,36.098,16351.374,0.000,0.000,0.000,36.291,38.119,37.843,1.000,1.000,0.000,48.825,49.006,0.940,64.099,5.000,99.0,47.0,45.53845977783203,-45.128204345703125
234.965,12:20:50.097,452.972,36.098,16351.374,0.000,0.000,0.000,36.291,38.119,37.843,1.000,1.000,0.000,48.825,49.006,0.940,64.099,5.000,99.0,47.0,9.48717975616455,38.871795654296875
235.269,12:20:50.209,453.200,36.051,16338.510,0.000,0.000,0.000,36.088,38.045,37.874,1.000,1.000,0.000,48.786,48.606,0.940,64.157,5.000,99.0,47.0,9.48717975616455,38.871795654296875
235.381,12:20:50.321,453.200,36.051,16338.510,0.000,0.000,0.000,36.088,38.045,37.874,1.000,1.000,0.000,48.786,48.606,0.940,64.157,5.000,99.0,47.0,9.48717975616455,38.871795654296875
235.492,12:20:50.432,453.200,36.051,16338.510,0.000,0.000,0.000,36.088,38.045,37.874,1.000,1.000,0.000,48.786,48.606,0.940,64.157,5.000,99.0,47.0,9.48717975616455,38.871795654296875
235.603,12:20:50.544,451.513,36.436,16451.119,0.000,0.000,0.000,36.585,38.470,38.477,1.000,1.000,0.000,48.824,49.006,0.940,64.113,5.000,99.0,47.0,9.48717975616455,38.871795654296875
235.716,12:20:50.657,451.513,36.436,16451.119,0.000,0.000,0.000,36.585,38.470,38.477,1.000,1.000,0.000,48.824,49.006,0.940,64.113,5.000,99.0,47.0,9.48717975616455,38.871795654296875
235.828,12:20:50.769,451.513,36.436,16451.119,0.000,0.000,0.000,36.585,38.470,38.477,1.000,1.000,0.000,48.824,49.006,0.940,64.113,5.000,99.0,47.0,9.48717975616455,38.871795654296875
235.939,12:20:50.880,451.513,36.436,16451.119,0.000,0.000,0.000,36.585,38.470,38.477,1.000,1.000,0.000,48.824,49.006,0.940,64.113,5.000,99.0,47.0,9.48717975616455,38.871795654296875
236.052,12:20:51.184,453.059,36.070,16341.776,0.000,0.000,0.000,36.067,37.901,38.166,1.000,1.000,0.000,48.786,48.606,0.940,64.178,5.000,99.0,47.0,41.89743423461914,-43.17948532104492
236.372,12:20:51.313,453.135,36.053,16336.736,0.000,0.000,0.000,36.175,38.066,37.848,1.000,1.000,0.000,48.824,49.006,0.940,64.189,5.000,99.0,47.0,41.89743423461914,-43.17948532104492
236.483,12:20:51.424,453.135,36.053,16336.736,0.000,0.000,0.000,36.175,38.066,37.848,1.000,1.000,0.000,48.824,49.006,0.940,64.189,5.000,99.0,47.0,41.89743423461914,-43.17948532104492
236.595,12:20:51.536,453.135,36.053,16336.736,0.000,0.000,0.000,36.175,38.066,37.848,1.000,1.000,0.000,48.824,49.006,0.940,64.189,5.000,99.0,47.0,41.89743423461914,-43.17948532104492
236.708,12:20:51.648,453.135,36.053,16336.736,0.000,0.000,0.000,36.175,38.066,37.848,1.000,1.000,0.000,48.824,49.006,0.940,64.189,5.000,99.0,47.0,41.89743423461914,-43.17948532104492
236.820,12:20:51.761,453.130,36.033,16327.465,0.000,0.000,0.000,36.026,38.010,37.902,1.000,1.000,0.000,48.786,48.606,0.940,64.170,5.000,99.0,47.0,41.89743423461914,-43.17948532104492
236.932,12:20:51.873,453.130,36.033,16327.465,0.000,0.000,0.000,36.026,38.010,37.902,1.000,1.000,0.000,48.786,48.606,0.940,64.170,5.000,99.0,47.0,41.89743423461914,-43.17948532104492
237.044,12:20:51.985,453.130,36.033,16327.465,0.000,0.000,0.000,36.026,38.010,37.902,1.000,1.000,0.000,48.786,48.606,0.940,64.170,5.000,99.0,47.0,41.89743423461914,-43.17948532104492
237.156,12:20:52.288,453.130,36.033,16327.465,0.000,0.000,0.000,36.026,38.010,37.902,1.000,1.000,0.000,48.786,48.606,0.940,64.170,5.000,99.0,47.0,53.28205108642578,-22.820512771606445
237.459,12:20:52.400,451.138,36.475,16455.068,0.000,0.000,0.000,36.623,38.472,38.545,1.000,1.000,0.000,48.824,49.006,0.940,64.224,5.000,99.0,47.0,53.28205108642578,-22.820512771606445
237.587,12:20:52.528,450.899,36.534,16473.064,0.000,0.000,0.000,36.884,37.955,38.969,1.000,1.000,0.000,48.786,48.606,0.940,64.268,5.000,99.0,47.0,53.28205108642578,-22.820512771606445
237.699,12:20:52.640,450.899,36.534,16473.064,0.000,0.000,0.000,36.884,37.955,38.969,1.000,1.000,0.000,48.786,48.606,0.940,64.268,5.000,99.0,47.0,53.28205108642578,-22.820512771606445
237.811,12:20:52.752,450.899,36.534,16473.064,0.000,0.000,0.000,36.884,37.955,38.969,1.000,1.000,0.000,48.786,48.606,0.940,64.268,5.000,99.0,47.0,53.28205108642578,-22.820512771606445
237.923,12:20:52.864,450.899,36.534,16473.064,0.000,0.000,0.000,36.884,37.955,38.969,1.000,1.000,0.000,48.786,48.606,0.940,64.268,5.000,99.0,47.0,53.28205108642578,-22.820512771606445
238.035,12:20:52.976,453.417,35.959,16304.191,0.000,0.000,0.000,35.983,37.550,38.207,1.000,1.000,0.000,48.824,49.006,0.940,64.266,5.000,99.0,47.0,53.28205108642578,-22.820512771606445
238.147,12:20:53.087,453.417,35.959,16304.191,0.000,0.000,0.000,35.983,37.550,38.207,1.000,1.000,0.000,48.824,49.006,0.940,64.266,5.000,99.0,47.0,53.28205108642578,-22.820512771606445
238.259,12:20:53.391,453.417,35.959,16304.191,0.000,0.000,0.000,35.983,37.550,38.207,1.000,1.000,0.000,48.824,49.006,0.940,64.266,5.000,99.0,47.0,48.20512771606445,-5.692307472229004
238.562,12:20:53.503,454.647,35.660,16212.541,0.000,0.000,0.000,35.643,37.165,37.962,1.000,1.000,0.000,48.424,48.606,0.940,64.266,5.000,99.0,47.0,48.20512771606445,-5.692307472229004
238.674,12:20:53.615,454.647,35.660,16212.541,0.000,0.000,0.000,35.643,37.165,37.962,1.000,1.000,0.000,48.424,48.606,0.940,64.266,5.000,99.0,47.0,48.20512771606445,-5.692307472229004
238.787,12:20:53.728,454.647,35.660,16212.541,0.000,0.000,0.000,35.643,37.165,37.962,1.000,1.000,0.000,48.424,48.606,0.940,64.266,5.000,99.0,47.0,48.20512771606445,-5.692307472229004
238.899,12:20:53.840,450.616,36.583,16485.025,0.000,0.000,0.000,36.729,38.376,38.914,1.000,1.000,0.000,48.824,49.006,0.940,64.290,5.000,99.0,47.0,48.20512771606445,-5.692307472229004
239.011,12:20:53.952,450.616,36.583,16485.025,0.000,0.000,0.000,36.729,38.376,38.914,1.000,1.000,0.000,48.824,49.006,0.940,64.290,5.000,99.0,47.0,48.20512771606445,-5.692307472229004
239.122,12:20:54.062,450.616,36.583,16485.025,0.000,0.000,0.000,36.729,38.376,38.914,1.000,1.000,0.000,48.824,49.006,0.940,64.290,5.000,99.0,47.0,48.20512771606445,-5.692307472229004
239.234,12:20:54.174,454.764,35.632,16203.966,0.000,0.000,0.000,35.656,37.090,37.964,1.000,1.000,0.000,48.386,48.206,0.940,64.269,5.000,99.0,47.0,48.20512771606445,-5.692307472229004
239.346,12:20:54.495,454.764,35.632,16203.966,0.000,0.000,0.000,35.656,37.090,37.964,1.000,1.000,0.000,48.386,48.206,0.940,64.269,5.000,99.0,47.0,17.076923370361328,49.33333206176758
239.667,12:20:54.607,453.469,35.933,16294.567,0.000,0.000,0.000,36.176,37.947,37.545,1.000,1.000,0.000,48.824,49.006,0.940,64.310,5.000,99.0,47.0,17.076923370361328,49.33333206176758
239.777,12:20:54.717,453.469,35.933,16294.567,0.000,0.000,0.000,36.176,37.947,37.545,1.000,1.000,0.000,48.824,49.006,0.940,64.310,5.000,99.0,47.0,17.076923370361328,49.33333206176758
239.890,12:20:54.831,453.469,35.933,16294.567,0.000,0.000,0.000,36.176,37.947,37.545,1.000,1.000,0.000,48.824,49.006,0.940,64.310,5.000,99.0,47.0,17.076923370361328,49.33333206176758
240.001,12:20:54.941,453.469,35.933,16294.567,0.000,0.000,0.000,36.176,37.947,37.545,1.000,1.000,0.000,48.824,49.006,0.940,64.310,5.000,99.0,47.0,17.076923370361328,49.33333206176758
240.114,12:20:55.054,454.650,35.657,16211.334,0.000,0.000,0.000,35.714,37.702,37.296,1.000,1.000,0.000,48.424,48.606,0.940,64.281,5.000,99.0,47.0,17.076923370361328,49.33333206176758
240.226,12:20:55.166,454.650,35.657,16211.334,0.000,0.000,0.000,35.714,37.702,37.296,1.000,1.000,0.000,48.424,48.606,0.940,64.281,5.000,99.0,47.0,17.076923370361328,49.33333206176758
240.337,12:20:55.278,454.650,35.657,16211.334,0.000,0.000,0.000,35.714,37.702,37.296,1.000,1.000,0.000,48.424,48.606,0.940,64.281,5.000,99.0,47.0,17.076923370361328,49.33333206176758
240.448,12:20:55.582,450.615,36.595,16490.215,0.000,0.000,0.000,37.056,38.649,38.307,1.000,1.000,0.000,48.786,48.606,0.940,64.323,5.000,99.0,47.0,53.07692337036133,-28.0
240.754,12:20:55.694,450.615,36.595,16490.215,0.000,0.000,0.000,37.056,38.649,38.307,1.000,1.000,0.000,48.786,48.606,0.940,64.323,5.000,99.0,47.0,53.07692337036133,-28.0
240.865,12:20:55.806,454.790,35.644,16210.608,0.000,0.000,0.000,36.233,37.526,36.896,1.000,1.000,0.000,48.424,48.606,0.940,64.301,5.000,99.0,47.0,53.07692337036133,-28.0
240.976,12:20:55.917,454.790,35.644,16210.608,0.000,0.000,0.000,36.233,37.526,36.896,1.000,1.000,0.000,48.424,48.606,0.940,64.301,5.000,99.0,47.0,53.07692337036133,-28.0
241.088,12:20:56.029,454.790,35.644,16210.608,0.000,0.000,0.000,36.233,37.526,36.896,1.000,1.000,0.000,48.424,48.606,0.940,64.301,5.000,99.0,47.0,53.07692337036133,-28.0
241.201,12:20:56.142,454.790,35.644,16210.608,0.000,0.000,0.000,36.233,37.526,36.896,1.000,1.000,0.000,48.424,48.606,0.940,64.301,5.000,99.0,47.0,53.07692337036133,-28.0
241.313,12:20:56.254,454.779,35.646,16211.246,0.000,0.000,0.000,36.629,37.084,36.860,1.000,1.000,0.000,48.424,48.606,0.940,64.289,5.000,99.0,47.0,53.07692337036133,-28.0
241.425,12:20:56.365,454.779,35.646,16211.246,0.000,0.000,0.000,36.629,37.084,36.860,1.000,1.000,0.000,48.424,48.606,0.940,64.289,5.000,99.0,47.0,53.07692337036133,-28.0
241.536,12:20:56.669,454.779,35.646,16211.246,0.000,0.000,0.000,36.629,37.084,36.860,1.000,1.000,0.000,48.424,48.606,0.940,64.289,5.000,99.0,47.0,-2.0,46.92307662963867
241.840,12:20:56.781,453.791,35.885,16284.313,0.000,0.000,0.000,36.889,37.057,37.452,1.000,1.000,0.000,48.786,48.606,0.940,64.281,5.000,99.0,47.0,-2.0,46.92307662963867
241.953,12:20:56.893,453.791,35.885,16284.313,0.000,0.000,0.000,36.889,37.057,37.452,1.000,1.000,0.000,48.786,48.606,0.940,64.281,5.000,99.0,47.0,-2.0,46.92307662963867
242.065,12:20:57.006,453.992,35.848,16274.914,0.000,0.000,0.000,36.707,36.756,37.794,1.000,1.000,0.000,48.824,49.006,0.940,64.310,5.000,99.0,47.0,-2.0,46.92307662963867
242.175,12:20:57.116,453.992,35.848,16274.914,0.000,0.000,0.000,36.707,36.756,37.794,1.000,1.000,0.000,48.824,49.006,0.940,64.310,5.000,99.0,47.0,-2.0,46.92307662963867
242.288,12:20:57.229,453.992,35.848,16274.914,0.000,0.000,0.000,36.707,36.756,37.794,1.000,1.000,0.000,48.824,49.006,0.940,64.310,5.000,99.0,47.0,-2.0,46.92307662963867
242.400,12:20:57.341,453.992,35.848,16274.914,0.000,0.000,0.000,36.707,36.756,37.794,1.000,1.000,0.000,48.824,49.006,0.940,64.310,5.000,99.0,47.0,-2.0,46.92307662963867
242.512,12:20:57.453,454.780,35.673,16223.442,0.000,0.000,0.000,36.581,36.608,37.557,1.000,1.000,0.000,48.424,48.606,0.940,64.327,5.000,99.0,47.0,-2.0,46.92307662963867
242.624,12:20:57.757,454.780,35.673,16223.442,0.000,0.000,0.000,36.581,36.608,37.557,1.000,1.000,0.000,48.424,48.606,0.940,64.327,5.000,99.0,47.0,47.79487228393555,37.02564239501953
242.928,12:20:57.868,454.223,35.820,16270.202,0.000,0.000,0.000,36.451,36.712,38.033,1.000,1.000,0.000,48.786,48.606,0.940,64.314,5.000,99.0,47.0,47.79487228393555,37.02564239501953
243.040,12:20:57.981,454.223,35.820,16270.202,0.000,0.000,0.000,36.451,36.712,38.033,1.000,1.000,0.000,48.786,48.606,0.940,64.314,5.000,99.0,47.0,47.79487228393555,37.02564239501953
243.151,12:20:58.091,454.223,35.820,16270.202,0.000,0.000,0.000,36.451,36.712,38.033,1.000,1.000,0.000,48.786,48.606,0.940,64.314,5.000,99.0,47.0,47.79487228393555,37.02564239501953
243.263,12:20:58.203,454.876,35.658,16220.156,0.000,0.000,0.000,35.856,36.710,38.017,1.000,1.000,0.000,48.424,48.606,0.940,64.314,5.000,99.0,47.0,47.79487228393555,37.02564239501953
243.375,12:20:58.315,454.876,35.658,16220.156,0.000,0.000,0.000,35.856,36.710,38.017,1.000,1.000,0.000,48.424,48.606,0.940,64.314,5.000,99.0,47.0,47.79487228393555,37.02564239501953
243.487,12:20:58.428,454.876,35.658,16220.156,0.000,0.000,0.000,35.856,36.710,38.017,1.000,1.000,0.000,48.424,48.606,0.940,64.314,5.000,99.0,47.0,47.79487228393555,37.02564239501953
243.600,12:20:58.541,454.876,35.658,16220.156,0.000,0.000,0.000,35.856,36.710,38.017,1.000,1.000,0.000,48.424,48.606,0.940,64.314,5.000,99.0,47.0,47.79487228393555,37.02564239501953
243.711,12:20:58.844,454.106,35.847,16278.478,0.000,0.000,0.000,35.849,37.453,38.100,1.000,1.000,0.000,48.786,48.606,0.940,64.327,5.000,99.0,47.0,-15.282051086425781,50.61538314819336
244.015,12:20:58.956,454.106,35.847,16278.478,0.000,0.000,0.000,35.849,37.453,38.100,1.000,1.000,0.000,48.786,48.606,0.940,64.327,5.000,99.0,47.0,-15.282051086425781,50.61538314819336
244.127,12:20:59.067,454.451,35.761,16251.568,0.000,0.000,0.000,35.677,37.653,37.702,1.000,1.000,0.000,48.824,49.006,0.940,64.317,5.000,99.0,47.0,-15.282051086425781,50.61538314819336
244.239,12:20:59.180,454.451,35.761,16251.568,0.000,0.000,0.000,35.677,37.653,37.702,1.000,1.000,0.000,48.824,49.006,0.940,64.317,5.000,99.0,47.0,-15.282051086425781,50.61538314819336
244.351,12:20:59.292,454.451,35.761,16251.568,0.000,0.000,0.000,35.677,37.653,37.702,1.000,1.000,0.000,48.824,49.006,0.940,64.317,5.000,99.0,47.0,-15.282051086425781,50.61538314819336
244.463,12:20:59.404,454.451,35.761,16251.568,0.000,0.000,0.000,35.677,37.653,37.702,1.000,1.000,0.000,48.824,49.006,0.940,64.317,5.000,99.0,47.0,-15.282051086425781,50.61538314819336
244.575,12:20:59.515,451.070,36.545,16484.260,0.000,0.000,0.000,36.714,38.342,38.792,1.000,1.000,0.000,48.786,48.606,0.940,64.355,5.000,99.0,47.0,-15.282051086425781,50.61538314819336
244.687,12:20:59.628,451.070,36.545,16484.260,0.000,0.000,0.000,36.714,38.342,38.792,1.000,1.000,0.000,48.786,48.606,0.940,64.355,5.000,99.0,47.0,-15.282051086425781,50.61538314819336
244.799,12:20:59.931,451.070,36.545,16484.260,0.000,0.000,0.000,36.714,38.342,38.792,1.000,1.000,0.000,48.786,48.606,0.940,64.355,5.000,99.0,47.0,-50.0512809753418,30.871795654296875
245.101,12:21:00.042,454.829,35.672,16224.660,0.000,0.000,0.000,35.566,37.558,37.637,1.000,1.000,0.000,48.424,48.606,0.940,64.350,5.000,99.0,47.0,-50.0512809753418,30.871795654296875
245.215,12:21:00.155,454.829,35.672,16224.660,0.000,0.000,0.000,35.566,37.558,37.637,1.000,1.000,0.000,48.424,48.606,0.940,64.350,5.000,99.0,47.0,-50.0512809753418,30.871795654296875
245.325,12:21:00.266,454.977,35.634,16212.517,0.000,0.000,0.000,36.010,37.583,36.964,1.000,1.000,0.000,48.424,48.606,0.940,64.356,5.000,99.0,47.0,-50.0512809753418,30.871795654296875
245.439,12:21:00.379,454.977,35.634,16212.517,0.000,0.000,0.000,36.010,37.583,36.964,1.000,1.000,0.000,48.424,48.606,0.940,64.356,5.000,99.0,47.0,-50.0512809753418,30.871795654296875
245.551,12:21:00.491,454.977,35.634,16212.517,0.000,0.000,0.000,36.010,37.583,36.964,1.000,1.000,0.000,48.424,48.606,0.940,64.356,5.000,99.0,47.0,-50.0512809753418,30.871795654296875
245.663,12:21:00.604,454.977,35.634,16212.517,0.000,0.000,0.000,36.010,37.583,36.964,1.000,1.000,0.000,48.424,48.606,0.940,64.356,5.000,99.0,47.0,-50.0512809753418,30.871795654296875
245.774,12:21:00.714,459.537,34.467,15839.027,0.000,0.000,0.000,34.745,35.185,36.733,1.000,1.000,0.000,48.025,48.206,0.940,64.350,5.000,99.0,47.0,-50.0512809753418,30.871795654296875
245.886,12:21:01.018,459.537,34.467,15839.027,0.000,0.000,0.000,34.745,35.185,36.733,1.000,1.000,0.000,48.025,48.206,0.940,64.350,5.000,99.0,47.0,-44.0,-27.743589401245117
246.189,12:21:01.129,456.968,35.133,16054.772,0.000,0.000,0.000,35.223,37.103,36.507,1.000,1.000,0.000,48.424,48.606,0.940,64.325,5.000,99.0,47.0,-44.0,-27.743589401245117
246.302,12:21:01.243,456.968,35.133,16054.772,0.000,0.000,0.000,35.223,37.103,36.507,1.000,1.000,0.000,48.424,48.606,0.940,64.325,5.000,99.0,47.0,-44.0,-27.743589401245117
246.414,12:21:01.355,456.968,35.133,16054.772,0.000,0.000,0.000,35.223,37.103,36.507,1.000,1.000,0.000,48.424,48.606,0.940,64.325,5.000,99.0,47.0,-44.0,-27.743589401245117
246.525,12:21:01.466,453.259,36.014,16323.676,0.000,0.000,0.000,36.618,37.863,37.385,1.000,1.000,0.000,48.785,48.606,0.940,64.311,5.000,99.0,47.0,-44.0,-27.743589401245117
246.638,12:21:01.578,453.259,36.014,16323.676,0.000,0.000,0.000,36.618,37.863,37.385,1.000,1.000,0.000,48.785,48.606,0.940,64.311,5.000,99.0,47.0,-44.0,-27.743589401245117
246.750,12:21:01.691,453.259,36.014,16323.676,0.000,0.000,0.000,36.618,37.863,37.385,1.000,1.000,0.000,48.785,48.606,0.940,64.311,5.000,99.0,47.0,-44.0,-27.743589401245117
246.861,12:21:01.802,453.259,36.014,16323.676,0.000,0.000,0.000,36.618,37.863,37.385,1.000,1.000,0.000,48.785,48.606,0.940,64.311,5.000,99.0,47.0,-44.0,-27.743589401245117
246.973,12:21:02.106,455.738,35.429,16146.139,0.000,0.000,0.000,36.448,36.758,36.612,1.000,1.000,0.000,48.386,48.206,0.940,64.273,5.000,99.0,47.0,35.53845977783203,-49.38461685180664
247.277,12:21:02.218,455.738,35.429,16146.139,0.000,0.000,0.000,36.448,36.758,36.612,1.000,1.000,0.000,48.386,48.206,0.940,64.273,5.000,99.0,47.0,35.53845977783203,-49.38461685180664
247.388,12:21:02.329,453.226,36.007,16319.190,0.000,0.000,0.000,36.667,36.937,38.162,1.000,1.000,0.000,48.786,48.606,0.940,64.318,5.000,99.0,47.0,35.53845977783203,-49.38461685180664
247.501,12:21:02.442,453.226,36.007,16319.190,0.000,0.000,0.000,36.667,36.937,38.162,1.000,1.000,0.000,48.786,48.606,0.940,64.318,5.000,99.0,47.0,35.53845977783203,-49.38461685180664
247.613,12:21:02.554,453.226,36.007,16319.190,0.000,0.000,0.000,36.667,36.937,38.162,1.000,1.000,0.000,48.786,48.606,0.940,64.318,5.000,99.0,47.0,35.53845977783203,-49.38461685180664
247.740,12:21:02.680,455.420,35.481,16158.729,0.000,0.000,0.000,35.779,36.559,37.874,1.000,1.000,0.000,48.386,48.206,0.940,64.291,5.000,99.0,47.0,35.53845977783203,-49.38461685180664
247.853,12:21:02.793,455.420,35.481,16158.729,0.000,0.000,0.000,35.779,36.559,37.874,1.000,1.000,0.000,48.386,48.206,0.940,64.291,5.000,99.0,47.0,35.53845977783203,-49.38461685180664
247.964,12:21:02.904,455.420,35.481,16158.729,0.000,0.000,0.000,35.779,36.559,37.874,1.000,1.000,0.000,48.386,48.206,0.940,64.291,5.000,99.0,47.0,35.53845977783203,-49.38461685180664
248.077,12:21:03.209,455.420,35.481,16158.729,0.000,0.000,0.000,35.779,36.559,37.874,1.000,1.000,0.000,48.386,48.206,0.940,64.291,5.000,99.0,47.0,0.3589743673801422,46.0512809753418
248.379,12:21:03.320,453.203,36.014,16321.559,0.000,0.000,0.000,36.029,37.977,37.975,1.000,1.000,0.000,48.824,49.006,0.940,64.308,5.000,99.0,47.0,0.3589743673801422,46.0512809753418
248.493,12:21:03.433,453.203,36.014,16321.559,0.000,0.000,0.000,36.029,37.977,37.975,1.000,1.000,0.000,48.824,49.006,0.940,64.308,5.000,99.0,47.0,0.3589743673801422,46.0512809753418
248.605,12:21:03.545,455.509,35.485,16163.895,0.000,0.000,0.000,35.339,37.414,37.388,1.000,1.000,0.000,48.424,48.606,0.940,64.343,5.000,99.0,47.0,0.3589743673801422,46.0512809753418
248.717,12:21:03.657,455.509,35.485,16163.895,0.000,0.000,0.000,35.339,37.414,37.388,1.000,1.000,0.000,48.424,48.606,0.940,64.343,5.000,99.0,47.0,0.3589743673801422,46.0512809753418
248.829,12:21:03.769,455.509,35.485,16163.895,0.000,0.000,0.000,35.339,37.414,37.388,1.000,1.000,0.000,48.424,48.606,0.940,64.343,5.000,99.0,47.0,0.3589743673801422,46.0512809753418
248.956,12:21:03.896,453.450,35.954,16303.560,0.000,0.000,0.000,36.116,37.930,37.647,1.000,1.000,0.000,48.824,49.006,0.940,64.304,5.000,99.0,47.0,0.3589743673801422,46.0512809753418
249.068,12:21:04.009,453.450,35.954,16303.560,0.000,0.000,0.000,36.116,37.930,37.647,1.000,1.000,0.000,48.824,49.006,0.940,64.304,5.000,99.0,47.0,0.3589743673801422,46.0512809753418
249.180,12:21:04.312,453.450,35.954,16303.560,0.000,0.000,0.000,36.116,37.930,37.647,1.000,1.000,0.000,48.824,49.006,0.940,64.304,5.000,99.0,47.0,-35.846153259277344,48.66666793823242
249.484,12:21:04.425,455.383,35.526,16177.802,0.000,0.000,0.000,35.470,37.554,37.192,1.000,1.000,0.000,48.386,48.206,0.940,64.374,5.000,99.0,47.0,-35.846153259277344,48.66666793823242
249.596,12:21:04.537,455.383,35.526,16177.802,0.000,0.000,0.000,35.470,37.554,37.192,1.000,1.000,0.000,48.386,48.206,0.940,64.374,5.000,99.0,47.0,-35.846153259277344,48.66666793823242
249.707,12:21:04.648,455.383,35.526,16177.802,0.000,0.000,0.000,35.470,37.554,37.192,1.000,1.000,0.000,48.386,48.206,0.940,64.374,5.000,99.0,47.0,-35.846153259277344,48.66666793823242
249.820,12:21:04.761,453.834,35.873,16280.251,0.000,0.000,0.000,36.760,37.396,37.100,1.000,1.000,0.000,48.824,49.006,0.940,64.381,5.000,99.0,47.0,-35.846153259277344,48.66666793823242
249.932,12:21:04.872,453.834,35.873,16280.251,0.000,0.000,0.000,36.760,37.396,37.100,1.000,1.000,0.000,48.824,49.006,0.940,64.381,5.000,99.0,47.0,-35.846153259277344,48.66666793823242
250.043,12:21:04.984,453.834,35.873,16280.251,0.000,0.000,0.000,36.760,37.396,37.100,1.000,1.000,0.000,48.824,49.006,0.940,64.381,5.000,99.0,47.0,-35.846153259277344,48.66666793823242
250.155,12:21:05.096,453.834,35.873,16280.251,0.000,0.000,0.000,36.760,37.396,37.100,1.000,1.000,0.000,48.824,49.006,0.940,64.381,5.000,99.0,47.0,-35.846153259277344,48.66666793823242
250.267,12:21:05.400,455.401,35.496,16164.729,0.000,0.000,0.000,36.310,37.183,36.683,1.000,1.000,0.000,48.424,48.606,0.940,64.410,5.000,99.0,47.0,42.0512809753418,-46.97435760498047
250.571,12:21:05.512,453.907,35.850,16272.439,0.000,0.000,0.000,36.820,37.142,37.166,1.000,1.000,0.000,48.824,49.006,0.940,64.416,5.000,99.0,47.0,42.0512809753418,-46.97435760498047
250.683,12:21:05.624,453.907,35.850,16272.439,0.000,0.000,0.000,36.820,37.142,37.166,1.000,1.000,0.000,48.824,49.006,0.940,64.416,5.000,99.0,47.0,42.0512809753418,-46.97435760498047
250.795,12:21:05.736,453.907,35.850,16272.439,0.000,0.000,0.000,36.820,37.142,37.166,1.000,1.000,0.000,48.824,49.006,0.940,64.416,5.000,99.0,47.0,42.0512809753418,-46.97435760498047
250.906,12:21:05.847,453.907,35.850,16272.439,0.000,0.000,0.000,36.820,37.142,37.166,1.000,1.000,0.000,48.824,49.006,0.940,64.416,5.000,99.0,47.0,42.0512809753418,-46.97435760498047
251.019,12:21:05.959,455.139,35.563,16185.894,0.000,0.000,0.000,36.535,36.985,36.765,1.000,1.000,0.000,48.424,48.606,0.940,64.421,5.000,99.0,47.0,42.0512809753418,-46.97435760498047
251.131,12:21:06.071,455.139,35.563,16185.894,0.000,0.000,0.000,36.535,36.985,36.765,1.000,1.000,0.000,48.424,48.606,0.940,64.421,5.000,99.0,47.0,42.0512809753418,-46.97435760498047
251.243,12:21:06.183,455.139,35.563,16185.894,0.000,0.000,0.000,36.535,36.985,36.765,1.000,1.000,0.000,48.424,48.606,0.940,64.421,5.000,99.0,47.0,42.0512809753418,-46.97435760498047
251.354,12:21:06.487,455.139,35.563,16185.894,0.000,0.000,0.000,36.535,36.985,36.765,1.000,1.000,0.000,48.424,48.606,0.940,64.421,5.000,99.0,47.0,-39.589744567871094,50.35897445678711
251.659,12:21:06.599,453.915,35.829,16263.272,0.000,0.000,0.000,36.846,36.920,37.386,1.000,1.000,0.000,48.824,49.006,0.940,64.426,5.000,99.0,47.0,-39.589744567871094,50.35897445678711
251.771,12:21:06.711,453.915,35.829,16263.272,0.000,0.000,0.000,36.846,36.920,37.386,1.000,1.000,0.000,48.824,49.006,0.940,64.426,5.000,99.0,47.0,-39.589744567871094,50.35897445678711
251.882,12:21:06.823,455.227,35.530,16174.229,0.000,0.000,0.000,36.548,36.717,36.939,1.000,1.000,0.000,48.424,48.606,0.940,64.493,5.000,99.0,47.0,-39.589744567871094,50.35897445678711
251.994,12:21:06.935,455.227,35.530,16174.229,0.000,0.000,0.000,36.548,36.717,36.939,1.000,1.000,0.000,48.424,48.606,0.940,64.493,5.000,99.0,47.0,-39.589744567871094,50.35897445678711
252.105,12:21:07.046,455.227,35.530,16174.229,0.000,0.000,0.000,36.548,36.717,36.939,1.000,1.000,0.000,48.424,48.606,0.940,64.493,5.000,99.0,47.0,-39.589744567871094,50.35897445678711
252.217,12:21:07.158,454.044,35.788,16249.375,0.000,0.000,0.000,36.710,36.731,37.615,1.000,1.000,0.000,48.824,49.006,0.940,64.481,5.000,99.0,47.0,-39.589744567871094,50.35897445678711
252.329,12:21:07.270,454.044,35.788,16249.375,0.000,0.000,0.000,36.710,36.731,37.615,1.000,1.000,0.000,48.824,49.006,0.940,64.481,5.000,99.0,47.0,-39.589744567871094,50.35897445678711
252.442,12:21:07.574,454.044,35.788,16249.375,0.000,0.000,0.000,36.710,36.731,37.615,1.000,1.000,0.000,48.824,49.006,0.940,64.481,5.000,99.0,47.0,-49.64102554321289,16.102563858032227
252.745,12:21:07.686,454.939,35.590,16191.276,0.000,0.000,0.000,36.544,36.555,37.292,1.000,1.000,0.000,48.386,48.206,0.940,64.501,5.000,99.0,47.0,-49.64102554321289,16.102563858032227
252.858,12:21:07.799,454.939,35.590,16191.276,0.000,0.000,0.000,36.544,36.555,37.292,1.000,1.000,0.000,48.386,48.206,0.940,64.501,5.000,99.0,47.0,-49.64102554321289,16.102563858032227
252.970,12:21:07.910,454.939,35.590,16191.276,0.000,0.000,0.000,36.544,36.555,37.292,1.000,1.000,0.000,48.386,48.206,0.940,64.501,5.000,99.0,47.0,-49.64102554321289,16.102563858032227
253.082,12:21:08.022,454.003,35.785,16246.664,0.000,0.000,0.000,36.030,36.928,38.126,1.000,1.000,0.000,48.824,49.006,0.940,64.505,5.000,99.0,47.0,-49.64102554321289,16.102563858032227
253.192,12:21:08.133,454.003,35.785,16246.664,0.000,0.000,0.000,36.030,36.928,38.126,1.000,1.000,0.000,48.824,49.006,0.940,64.505,5.000,99.0,47.0,-49.64102554321289,16.102563858032227
253.304,12:21:08.245,454.003,35.785,16246.664,0.000,0.000,0.000,36.030,36.928,38.126,1.000,1.000,0.000,48.824,49.006,0.940,64.505,5.000,99.0,47.0,-49.64102554321289,16.102563858032227
253.417,12:21:08.358,454.808,35.603,16192.596,0.000,0.000,0.000,35.881,36.571,37.964,1.000,1.000,0.000,48.424,48.606,0.940,64.508,5.000,99.0,47.0,-49.64102554321289,16.102563858032227
253.529,12:21:08.661,454.808,35.603,16192.596,0.000,0.000,0.000,35.881,36.571,37.964,1.000,1.000,0.000,48.424,48.606,0.940,64.508,5.000,99.0,47.0,-35.589744567871094,51.487178802490234
253.833,12:21:08.774,454.616,35.653,16208.523,0.000,0.000,0.000,35.664,37.118,37.957,1.000,1.000,0.000,48.386,48.206,0.940,64.492,5.000,99.0,47.0,-35.589744567871094,51.487178802490234
253.945,12:21:08.886,454.616,35.653,16208.523,0.000,0.000,0.000,35.664,37.118,37.957,1.000,1.000,0.000,48.386,48.206,0.940,64.492,5.000,99.0,47.0,-35.589744567871094,51.487178802490234
254.057,12:21:08.998,454.616,35.653,16208.523,0.000,0.000,0.000,35.664,37.118,37.957,1.000,1.000,0.000,48.386,48.206,0.940,64.492,5.000,99.0,47.0,-35.589744567871094,51.487178802490234
254.169,12:21:09.110,454.616,35.653,16208.523,0.000,0.000,0.000,35.664,37.118,37.957,1.000,1.000,0.000,48.386,48.206,0.940,64.492,5.000,99.0,47.0,-35.589744567871094,51.487178802490234
254.280,12:21:09.221,454.387,35.698,16220.594,0.000,0.000,0.000,35.911,37.657,37.254,1.000,1.000,0.000,48.824,49.006,0.940,64.515,5.000,99.0,47.0,-35.589744567871094,51.487178802490234
254.393,12:21:09.334,454.387,35.698,16220.594,0.000,0.000,0.000,35.911,37.657,37.254,1.000,1.000,0.000,48.824,49.006,0.940,64.515,5.000,99.0,47.0,-35.589744567871094,51.487178802490234
254.504,12:21:09.444,454.387,35.698,16220.594,0.000,0.000,0.000,35.911,37.657,37.254,1.000,1.000,0.000,48.824,49.006,0.940,64.515,5.000,99.0,47.0,-35.589744567871094,51.487178802490234
254.617,12:21:09.749,454.387,35.698,16220.594,0.000,0.000,0.000,35.911,37.657,37.254,1.000,1.000,0.000,48.824,49.006,0.940,64.515,5.000,99.0,47.0,-30.923076629638672,-21.230770111083984
254.920,12:21:09.861,454.505,35.664,16209.571,0.000,0.000,0.000,35.719,37.693,37.264,1.000,1.000,0.000,48.424,48.606,0.940,64.530,5.000,99.0,47.0,-30.923076629638672,-21.230770111083984
255.048,12:21:09.989,450.512,36.566,16473.209,0.000,0.000,0.000,37.062,38.566,38.218,1.000,1.000,0.000,48.786,48.606,0.940,64.513,5.000,99.0,47.0,-30.923076629638672,-21.230770111083984
255.161,12:21:10.101,450.512,36.566,16473.209,0.000,0.000,0.000,37.062,38.566,38.218,1.000,1.000,0.000,48.786,48.606,0.940,64.513,5.000,99.0,47.0,-30.923076629638672,-21.230770111083984
255.272,12:21:10.213,450.512,36.566,16473.209,0.000,0.000,0.000,37.062,38.566,38.218,1.000,1.000,0.000,48.786,48.606,0.940,64.513,5.000,99.0,47.0,-30.923076629638672,-21.230770111083984
255.383,12:21:10.324,450.512,36.566,16473.209,0.000,0.000,0.000,37.062,38.566,38.218,1.000,1.000,0.000,48.786,48.606,0.940,64.513,5.000,99.0,47.0,-30.923076629638672,-21.230770111083984
255.496,12:21:10.437,458.015,34.813,15944.675,0.000,0.000,0.000,35.497,36.515,35.808,1.000,1.000,0.000,48.424,48.606,0.940,64.533,5.000,99.0,47.0,-30.923076629638672,-21.230770111083984
255.608,12:21:10.549,458.015,34.813,15944.675,0.000,0.000,0.000,35.497,36.515,35.808,1.000,1.000,0.000,48.424,48.606,0.940,64.533,5.000,99.0,47.0,-30.923076629638672,-21.230770111083984
255.719,12:21:10.853,458.015,34.813,15944.675,0.000,0.000,0.000,35.497,36.515,35.808,1.000,1.000,0.000,48.424,48.606,0.940,64.533,5.000,99.0,47.0,50.92307662963867,-25.33333396911621
256.024,12:21:10.965,457.919,34.840,15954.009,0.000,0.000,0.000,35.730,35.547,36.550,1.000,1.000,0.000,48.424,48.606,0.940,64.537,5.000,99.0,47.0,50.92307662963867,-25.33333396911621
256.136,12:21:11.076,457.919,34.840,15954.009,0.000,0.000,0.000,35.730,35.547,36.550,1.000,1.000,0.000,48.424,48.606,0.940,64.537,5.000,99.0,47.0,50.92307662963867,-25.33333396911621
256.264,12:21:11.204,454.528,35.667,16211.762,0.000,0.000,0.000,35.819,36.948,37.903,1.000,1.000,0.000,48.824,49.006,0.940,64.548,5.000,99.0,47.0,50.92307662963867,-25.33333396911621
256.374,12:21:11.315,454.528,35.667,16211.762,0.000,0.000,0.000,35.819,36.948,37.903,1.000,1.000,0.000,48.824,49.006,0.940,64.548,5.000,99.0,47.0,50.92307662963867,-25.33333396911621
256.487,12:21:11.427,454.528,35.667,16211.762,0.000,0.000,0.000,35.819,36.948,37.903,1.000,1.000,0.000,48.824,49.006,0.940,64.548,5.000,99.0,47.0,50.92307662963867,-25.33333396911621
256.599,12:21:11.540,454.528,35.667,16211.762,0.000,0.000,0.000,35.819,36.948,37.903,1.000,1.000,0.000,48.824,49.006,0.940,64.548,5.000,99.0,47.0,50.92307662963867,-25.33333396911621
256.711,12:21:11.652,450.608,36.563,16475.469,0.000,0.000,0.000,37.106,37.726,38.904,1.000,1.000,0.000,48.786,48.606,0.940,64.507,5.000,99.0,47.0,50.92307662963867,-25.33333396911621
256.823,12:21:11.955,450.608,36.563,16475.469,0.000,0.000,0.000,37.106,37.726,38.904,1.000,1.000,0.000,48.786,48.606,0.940,64.507,5.000,99.0,47.0,-14.410256385803223,-8.0
257.126,12:21:12.066,450.639,36.572,16480.951,0.000,0.000,0.000,37.180,37.649,38.881,1.000,1.000,0.000,48.786,48.606,0.940,64.523,5.000,99.0,47.0,-14.410256385803223,-8.0
257.238,12:21:12.179,450.639,36.572,16480.951,0.000,0.000,0.000,37.180,37.649,38.881,1.000,1.000,0.000,48.786,48.606,0.940,64.523,5.000,99.0,47.0,-14.410256385803223,-8.0
257.351,12:21:12.292,450.639,36.572,16480.951,0.000,0.000,0.000,37.180,37.649,38.881,1.000,1.000,0.000,48.786,48.606,0.940,64.523,5.000,99.0,47.0,-14.410256385803223,-8.0
257.463,12:21:12.403,450.639,36.572,16480.951,0.000,0.000,0.000,37.180,37.649,38.881,1.000,1.000,0.000,48.786,48.606,0.940,64.523,5.000,99.0,47.0,-14.410256385803223,-8.0
257.575,12:21:12.516,456.138,35.323,16112.307,0.000,0.000,0.000,35.199,36.899,37.515,1.000,1.000,0.000,48.386,48.206,0.940,64.574,5.000,99.0,47.0,-14.410256385803223,-8.0
257.686,12:21:12.627,456.138,35.323,16112.307,0.000,0.000,0.000,35.199,36.899,37.515,1.000,1.000,0.000,48.386,48.206,0.940,64.574,5.000,99.0,47.0,-14.410256385803223,-8.0
257.799,12:21:12.739,456.138,35.323,16112.307,0.000,0.000,0.000,35.199,36.899,37.515,1.000,1.000,0.000,48.386,48.206,0.940,64.574,5.000,99.0,47.0,-14.410256385803223,-8.0
257.911,12:21:13.042,457.087,35.081,16034.840,0.000,0.000,0.000,35.629,36.828,36.133,1.000,1.000,0.000,48.424,48.606,0.940,64.572,5.000,99.0,47.0,48.61538314819336,-15.230769157409668
258.213,12:21:13.154,457.087,35.081,16034.840,0.000,0.000,0.000,35.629,36.828,36.133,1.000,1.000,0.000,48.424,48.606,0.940,64.572,5.000,99.0,47.0,48.61538314819336,-15.230769157409668
258.327,12:21:13.267,456.171,35.327,16114.998,0.000,0.000,0.000,36.340,36.458,36.705,1.000,1.000,0.000,48.386,48.206,0.940,64.579,5.000,99.0,47.0,48.61538314819336,-15.230769157409668
258.438,12:21:13.379,456.171,35.327,16114.998,0.000,0.000,0.000,36.340,36.458,36.705,1.000,1.000,0.000,48.386,48.206,0.940,64.579,5.000,99.0,47.0,48.61538314819336,-15.230769157409668
258.550,12:21:13.490,456.171,35.327,16114.998,0.000,0.000,0.000,36.340,36.458,36.705,1.000,1.000,0.000,48.386,48.206,0.940,64.579,5.000,99.0,47.0,48.61538314819336,-15.230769157409668
258.662,12:21:13.603,456.171,35.327,16114.998,0.000,0.000,0.000,36.340,36.458,36.705,1.000,1.000,0.000,48.386,48.206,0.940,64.579,5.000,99.0,47.0,48.61538314819336,-15.230769157409668
258.774,12:21:13.715,457.327,35.050,16029.500,0.000,0.000,0.000,35.149,36.062,37.330,1.000,1.000,0.000,48.386,48.206,0.940,64.554,5.000,99.0,47.0,48.61538314819336,-15.230769157409668
258.885,12:21:13.826,457.327,35.050,16029.500,0.000,0.000,0.000,35.149,36.062,37.330,1.000,1.000,0.000,48.386,48.206,0.940,64.554,5.000,99.0,47.0,48.61538314819336,-15.230769157409668
258.998,12:21:14.129,457.327,35.050,16029.500,0.000,0.000,0.000,35.149,36.062,37.330,1.000,1.000,0.000,48.386,48.206,0.940,64.554,5.000,99.0,47.0,-40.0512809753418,-2.3589744567871094
259.301,12:21:14.241,457.495,35.016,16019.559,0.000,0.000,0.000,35.173,36.935,36.361,1.000,1.000,0.000,48.424,48.606,0.940,64.505,5.000,99.0,47.0,-40.0512809753418,-2.3589744567871094
259.414,12:21:14.354,457.495,35.016,16019.559,0.000,0.000,0.000,35.173,36.935,36.361,1.000,1.000,0.000,48.424,48.606,0.940,64.505,5.000,99.0,47.0,-40.0512809753418,-2.3589744567871094
259.526,12:21:14.467,453.905,35.878,16285.315,0.000,0.000,0.000,36.770,37.445,37.143,1.000,1.000,0.000,48.786,48.606,0.940,64.524,5.000,99.0,47.0,-40.0512809753418,-2.3589744567871094
259.637,12:21:14.577,453.905,35.878,16285.315,0.000,0.000,0.000,36.770,37.445,37.143,1.000,1.000,0.000,48.786,48.606,0.940,64.524,5.000,99.0,47.0,-40.0512809753418,-2.3589744567871094
259.750,12:21:14.690,453.905,35.878,16285.315,0.000,0.000,0.000,36.770,37.445,37.143,1.000,1.000,0.000,48.786,48.606,0.940,64.524,5.000,99.0,47.0,-40.0512809753418,-2.3589744567871094
259.862,12:21:14.802,453.905,35.878,16285.315,0.000,0.000,0.000,36.770,37.445,37.143,1.000,1.000,0.000,48.786,48.606,0.940,64.524,5.000,99.0,47.0,-40.0512809753418,-2.3589744567871094
259.974,12:21:14.914,457.521,35.020,16022.576,0.000,0.000,0.000,35.933,35.780,36.601,1.000,1.000,0.000,48.424,48.606,0.940,64.511,5.000,99.0,47.0,-40.0512809753418,-2.3589744567871094
260.085,12:21:15.218,457.521,35.020,16022.576,0.000,0.000,0.000,35.933,35.780,36.601,1.000,1.000,0.000,48.424,48.606,0.940,64.511,5.000,99.0,47.0,-46.46154022216797,-41.28205108642578
260.389,12:21:15.330,454.117,35.861,16285.063,0.000,0.000,0.000,36.225,36.834,38.160,1.000,1.000,0.000,48.824,49.006,0.940,64.537,5.000,99.0,47.0,-46.46154022216797,-41.28205108642578
260.500,12:21:15.441,454.117,35.861,16285.063,0.000,0.000,0.000,36.225,36.834,38.160,1.000,1.000,0.000,48.824,49.006,0.940,64.537,5.000,99.0,47.0,-46.46154022216797,-41.28205108642578
260.613,12:21:15.553,454.117,35.861,16285.063,0.000,0.000,0.000,36.225,36.834,38.160,1.000,1.000,0.000,48.824,49.006,0.940,64.537,5.000,99.0,47.0,-46.46154022216797,-41.28205108642578
260.725,12:21:15.665,451.884,36.367,16433.846,0.000,0.000,0.000,37.155,37.412,38.598,1.000,1.000,0.000,48.786,48.606,0.940,64.521,5.000,99.0,47.0,-46.46154022216797,-41.28205108642578
260.836,12:21:15.777,451.884,36.367,16433.846,0.000,0.000,0.000,37.155,37.412,38.598,1.000,1.000,0.000,48.786,48.606,0.940,64.521,5.000,99.0,47.0,-46.46154022216797,-41.28205108642578
260.949,12:21:15.889,451.884,36.367,16433.846,0.000,0.000,0.000,37.155,37.412,38.598,1.000,1.000,0.000,48.786,48.606,0.940,64.521,5.000,99.0,47.0,-46.46154022216797,-41.28205108642578
261.061,12:21:16.002,451.884,36.367,16433.846,0.000,0.000,0.000,37.155,37.412,38.598,1.000,1.000,0.000,48.786,48.606,0.940,64.521,5.000,99.0,47.0,-46.46154022216797,-41.28205108642578
261.172,12:21:16.305,455.961,35.453,16165.081,0.000,0.000,0.000,35.998,36.224,37.661,1.000,1.000,0.000,48.386,48.206,0.940,64.588,5.000,99.0,47.0,-32.25640869140625,-18.461538314819336
261.476,12:21:16.417,455.961,35.453,16165.081,0.000,0.000,0.000,35.998,36.224,37.661,1.000,1.000,0.000,48.386,48.206,0.940,64.588,5.000,99.0,47.0,-32.25640869140625,-18.461538314819336
261.587,12:21:16.528,458.166,34.889,15984.821,0.000,0.000,0.000,34.602,36.704,36.708,1.000,1.000,0.000,48.386,48.206,0.940,64.596,5.000,99.0,47.0,-32.25640869140625,-18.461538314819336
261.700,12:21:16.640,458.166,34.889,15984.821,0.000,0.000,0.000,34.602,36.704,36.708,1.000,1.000,0.000,48.386,48.206,0.940,64.596,5.000,99.0,47.0,-32.25640869140625,-18.461538314819336
261.811,12:21:16.752,458.166,34.889,15984.821,0.000,0.000,0.000,34.602,36.704,36.708,1.000,1.000,0.000,48.386,48.206,0.940,64.596,5.000,99.0,47.0,-32.25640869140625,-18.461538314819336
261.924,12:21:16.865,458.166,34.889,15984.821,0.000,0.000,0.000,34.602,36.704,36.708,1.000,1.000,0.000,48.386,48.206,0.940,64.596,5.000,99.0,47.0,-32.25640869140625,-18.461538314819336
262.036,12:21:16.976,461.455,34.016,15696.812,0.000,0.000,0.000,34.823,34.671,35.412,1.000,1.000,0.000,48.024,48.206,0.940,64.555,5.000,99.0,47.0,-32.25640869140625,-18.461538314819336
262.148,12:21:17.089,461.455,34.016,15696.812,0.000,0.000,0.000,34.823,34.671,35.412,1.000,1.000,0.000,48.024,48.206,0.940,64.555,5.000,99.0,47.0,-32.25640869140625,-18.461538314819336
262.260,12:21:17.392,461.455,34.016,15696.812,0.000,0.000,0.000,34.823,34.671,35.412,1.000,1.000,0.000,48.024,48.206,0.940,64.555,5.000,99.0,47.0,53.230770111083984,-24.9743595123291
262.564,12:21:17.505,454.527,35.796,16270.081,0.000,0.000,0.000,35.816,37.272,38.065,1.000,1.000,0.000,48.824,49.006,0.940,64.558,5.000,99.0,47.0,53.230770111083984,-24.9743595123291
262.676,12:21:17.617,454.527,35.796,16270.081,0.000,0.000,0.000,35.816,37.272,38.065,1.000,1.000,0.000,48.824,49.006,0.940,64.558,5.000,99.0,47.0,53.230770111083984,-24.9743595123291
262.788,12:21:17.728,451.875,36.417,16456.066,0.000,0.000,0.000,36.786,37.719,38.829,1.000,1.000,0.000,48.824,49.006,0.940,64.541,5.000,99.0,47.0,53.230770111083984,-24.9743595123291
262.899,12:21:17.840,451.875,36.417,16456.066,0.000,0.000,0.000,36.786,37.719,38.829,1.000,1.000,0.000,48.824,49.006,0.940,64.541,5.000,99.0,47.0,53.230770111083984,-24.9743595123291
263.011,12:21:17.952,451.875,36.417,16456.066,0.000,0.000,0.000,36.786,37.719,38.829,1.000,1.000,0.000,48.824,49.006,0.940,64.541,5.000,99.0,47.0,53.230770111083984,-24.9743595123291
263.123,12:21:18.064,451.875,36.417,16456.066,0.000,0.000,0.000,36.786,37.719,38.829,1.000,1.000,0.000,48.824,49.006,0.940,64.541,5.000,99.0,47.0,53.230770111083984,-24.9743595123291
263.235,12:21:18.176,447.269,37.382,16719.906,0.000,0.000,0.000,38.364,38.840,39.524,1.000,1.000,0.000,49.186,49.006,0.940,64.619,5.000,99.0,47.0,53.230770111083984,-24.9743595123291
263.347,12:21:18.478,447.269,37.382,16719.906,0.000,0.000,0.000,38.364,38.840,39.524,1.000,1.000,0.000,49.186,49.006,0.940,64.619,5.000,99.0,47.0,28.66666603088379,32.512821197509766
263.650,12:21:18.591,455.931,35.491,16181.477,0.000,0.000,0.000,36.420,36.911,36.635,1.000,1.000,0.000,48.424,48.606,0.940,64.635,5.000,99.0,47.0,28.66666603088379,32.512821197509766
263.762,12:21:18.703,455.931,35.491,16181.477,0.000,0.000,0.000,36.420,36.911,36.635,1.000,1.000,0.000,48.424,48.606,0.940,64.635,5.000,99.0,47.0,28.66666603088379,32.512821197509766
263.875,12:21:18.815,455.931,35.491,16181.477,0.000,0.000,0.000,36.420,36.911,36.635,1.000,1.000,0.000,48.424,48.606,0.940,64.635,5.000,99.0,47.0,28.66666603088379,32.512821197509766
263.986,12:21:18.927,451.847,36.429,16460.355,0.000,0.000,0.000,37.396,37.881,37.996,1.000,1.000,0.000,48.786,48.606,0.940,64.697,5.000,99.0,47.0,28.66666603088379,32.512821197509766
264.099,12:21:19.040,451.847,36.429,16460.355,0.000,0.000,0.000,37.396,37.881,37.996,1.000,1.000,0.000,48.786,48.606,0.940,64.697,5.000,99.0,47.0,28.66666603088379,32.512821197509766
264.210,12:21:19.151,451.847,36.429,16460.355,0.000,0.000,0.000,37.396,37.881,37.996,1.000,1.000,0.000,48.786,48.606,0.940,64.697,5.000,99.0,47.0,28.66666603088379,32.512821197509766
264.323,12:21:19.263,451.847,36.429,16460.355,0.000,0.000,0.000,37.396,37.881,37.996,1.000,1.000,0.000,48.786,48.606,0.940,64.697,5.000,99.0,47.0,28.66666603088379,32.512821197509766
264.434,12:21:19.567,455.104,35.688,16241.924,0.000,0.000,0.000,36.659,36.922,37.002,1.000,1.000,0.000,48.824,49.006,0.940,64.739,5.000,99.0,47.0,46.0512809753418,-46.97435760498047
264.739,12:21:19.679,455.104,35.688,16241.924,0.000,0.000,0.000,36.659,36.922,37.002,1.000,1.000,0.000,48.824,49.006,0.940,64.739,5.000,99.0,47.0,46.0512809753418,-46.97435760498047
264.849,12:21:19.790,450.860,36.653,16525.547,0.000,0.000,0.000,37.512,38.349,38.172,1.000,1.000,0.000,49.186,49.006,0.940,64.770,5.000,99.0,47.0,46.0512809753418,-46.97435760498047
264.962,12:21:19.903,450.860,36.653,16525.547,0.000,0.000,0.000,37.512,38.349,38.172,1.000,1.000,0.000,49.186,49.006,0.940,64.770,5.000,99.0,47.0,46.0512809753418,-46.97435760498047
265.075,12:21:20.015,450.860,36.653,16525.547,0.000,0.000,0.000,37.512,38.349,38.172,1.000,1.000,0.000,49.186,49.006,0.940,64.770,5.000,99.0,47.0,46.0512809753418,-46.97435760498047
265.186,12:21:20.127,455.762,35.545,16200.190,0.000,0.000,0.000,35.897,37.479,36.918,1.000,1.000,0.000,48.424,48.606,0.940,64.770,5.000,99.0,47.0,46.0512809753418,-46.97435760498047
265.298,12:21:20.239,455.762,35.545,16200.190,0.000,0.000,0.000,35.897,37.479,36.918,1.000,1.000,0.000,48.424,48.606,0.940,64.770,5.000,99.0,47.0,46.0512809753418,-46.97435760498047
265.410,12:21:20.350,455.762,35.545,16200.190,0.000,0.000,0.000,35.897,37.479,36.918,1.000,1.000,0.000,48.424,48.606,0.940,64.770,5.000,99.0,47.0,46.0512809753418,-46.97435760498047
265.521,12:21:20.654,455.762,35.545,16200.190,0.000,0.000,0.000,35.897,37.479,36.918,1.000,1.000,0.000,48.424,48.606,0.940,64.770,5.000,99.0,47.0,43.487178802490234,-49.28205108642578
265.826,12:21:20.766,451.659,36.489,16480.783,0.000,0.000,0.000,37.162,38.378,37.990,1.000,1.000,0.000,48.786,48.606,0.940,64.832,5.000,99.0,47.0,43.487178802490234,-49.28205108642578
265.937,12:21:20.878,451.659,36.489,16480.783,0.000,0.000,0.000,37.162,38.378,37.990,1.000,1.000,0.000,48.786,48.606,0.940,64.832,5.000,99.0,47.0,43.487178802490234,-49.28205108642578
266.049,12:21:20.990,455.514,35.600,16216.313,0.000,0.000,0.000,36.236,37.391,36.830,1.000,1.000,0.000,48.424,48.606,0.940,64.826,5.000,99.0,47.0,43.487178802490234,-49.28205108642578
266.162,12:21:21.103,455.514,35.600,16216.313,0.000,0.000,0.000,36.236,37.391,36.830,1.000,1.000,0.000,48.424,48.606,0.940,64.826,5.000,99.0,47.0,43.487178802490234,-49.28205108642578
266.273,12:21:21.214,455.514,35.600,16216.313,0.000,0.000,0.000,36.236,37.391,36.830,1.000,1.000,0.000,48.424,48.606,0.940,64.826,5.000,99.0,47.0,43.487178802490234,-49.28205108642578
266.386,12:21:21.326,455.514,35.600,16216.313,0.000,0.000,0.000,36.236,37.391,36.830,1.000,1.000,0.000,48.424,48.606,0.940,64.826,5.000,99.0,47.0,43.487178802490234,-49.28205108642578
266.497,12:21:21.438,451.654,36.476,16474.643,0.000,0.000,0.000,37.345,38.177,37.946,1.000,1.000,0.000,48.786,48.606,0.940,64.840,5.000,99.0,47.0,43.487178802490234,-49.28205108642578
266.609,12:21:21.741,451.654,36.476,16474.643,0.000,0.000,0.000,37.345,38.177,37.946,1.000,1.000,0.000,48.786,48.606,0.940,64.840,5.000,99.0,47.0,49.02564239501953,-11.128205299377441
266.913,12:21:21.854,455.344,35.647,16231.581,0.000,0.000,0.000,36.474,37.229,36.846,1.000,1.000,0.000,48.824,49.006,0.940,64.841,5.000,99.0,47.0,49.02564239501953,-11.128205299377441
267.024,12:21:21.965,455.344,35.647,16231.581,0.000,0.000,0.000,36.474,37.229,36.846,1.000,1.000,0.000,48.824,49.006,0.940,64.841,5.000,99.0,47.0,49.02564239501953,-11.128205299377441
267.137,12:21:22.078,455.344,35.647,16231.581,0.000,0.000,0.000,36.474,37.229,36.846,1.000,1.000,0.000,48.824,49.006,0.940,64.841,5.000,99.0,47.0,49.02564239501953,-11.128205299377441
267.248,12:21:22.189,451.575,36.493,16479.418,0.000,0.000,0.000,37.121,38.411,38.051,1.000,1.000,0.000,48.786,48.606,0.940,64.837,5.000,99.0,47.0,49.02564239501953,-11.128205299377441
267.361,12:21:22.301,451.575,36.493,16479.418,0.000,0.000,0.000,37.121,38.411,38.051,1.000,1.000,0.000,48.786,48.606,0.940,64.837,5.000,99.0,47.0,49.02564239501953,-11.128205299377441
267.473,12:21:22.413,451.575,36.493,16479.418,0.000,0.000,0.000,37.121,38.411,38.051,1.000,1.000,0.000,48.786,48.606,0.940,64.837,5.000,99.0,47.0,49.02564239501953,-11.128205299377441
267.583,12:21:22.524,451.575,36.493,16479.418,0.000,0.000,0.000,37.121,38.411,38.051,1.000,1.000,0.000,48.786,48.606,0.940,64.837,5.000,99.0,47.0,49.02564239501953,-11.128205299377441
267.697,12:21:22.830,455.331,35.633,16224.887,0.000,0.000,0.000,36.386,37.241,36.783,1.000,1.000,0.000,48.786,48.606,0.940,64.866,5.000,99.0,47.0,4.820512771606445,-49.07692337036133
268.000,12:21:22.941,455.331,35.633,16224.887,0.000,0.000,0.000,36.386,37.241,36.783,1.000,1.000,0.000,48.786,48.606,0.940,64.866,5.000,99.0,47.0,4.820512771606445,-49.07692337036133
268.112,12:21:23.052,451.673,36.472,16473.293,0.000,0.000,0.000,37.315,38.180,37.929,1.000,1.000,0.000,48.786,48.606,0.940,64.895,5.000,99.0,47.0,4.820512771606445,-49.07692337036133
268.224,12:21:23.164,451.673,36.472,16473.293,0.000,0.000,0.000,37.315,38.180,37.929,1.000,1.000,0.000,48.786,48.606,0.940,64.895,5.000,99.0,47.0,4.820512771606445,-49.07692337036133
268.336,12:21:23.277,451.673,36.472,16473.293,0.000,0.000,0.000,37.315,38.180,37.929,1.000,1.000,0.000,48.786,48.606,0.940,64.895,5.000,99.0,47.0,4.820512771606445,-49.07692337036133
268.447,12:21:23.387,455.265,35.647,16228.858,0.000,0.000,0.000,36.559,37.025,36.826,1.000,1.000,0.000,48.824,49.006,0.940,64.905,5.000,99.0,47.0,4.820512771606445,-49.07692337036133
268.560,12:21:23.501,455.265,35.647,16228.858,0.000,0.000,0.000,36.559,37.025,36.826,1.000,1.000,0.000,48.824,49.006,0.940,64.905,5.000,99.0,47.0,4.820512771606445,-49.07692337036133
268.672,12:21:23.613,455.265,35.647,16228.858,0.000,0.000,0.000,36.559,37.025,36.826,1.000,1.000,0.000,48.824,49.006,0.940,64.905,5.000,99.0,47.0,4.820512771606445,-49.07692337036133
268.784,12:21:23.915,455.265,35.647,16228.858,0.000,0.000,0.000,36.559,37.025,36.826,1.000,1.000,0.000,48.824,49.006,0.940,64.905,5.000,99.0,47.0,28.66666603088379,-54.0512809753418
269.087,12:21:24.027,451.338,36.521,16483.191,0.000,0.000,0.000,37.321,38.273,37.984,1.000,1.000,0.000,48.786,48.606,0.940,64.922,5.000,99.0,47.0,28.66666603088379,-54.0512809753418
269.198,12:21:24.139,451.338,36.521,16483.191,0.000,0.000,0.000,37.321,38.273,37.984,1.000,1.000,0.000,48.786,48.606,0.940,64.922,5.000,99.0,47.0,28.66666603088379,-54.0512809753418
269.310,12:21:24.251,457.606,34.984,16008.973,0.000,0.000,0.000,35.479,35.695,37.267,1.000,1.000,0.000,48.425,48.606,0.940,64.889,5.000,99.0,47.0,28.66666603088379,-54.0512809753418
269.423,12:21:24.363,457.606,34.984,16008.973,0.000,0.000,0.000,35.479,35.695,37.267,1.000,1.000,0.000,48.425,48.606,0.940,64.889,5.000,99.0,47.0,28.66666603088379,-54.0512809753418
269.535,12:21:24.476,457.606,34.984,16008.973,0.000,0.000,0.000,35.479,35.695,37.267,1.000,1.000,0.000,48.425,48.606,0.940,64.889,5.000,99.0,47.0,28.66666603088379,-54.0512809753418
269.664,12:21:24.604,452.602,36.174,16372.314,0.000,0.000,0.000,36.603,37.238,38.716,1.000,1.000,0.000,48.786,48.606,0.940,64.898,5.000,99.0,47.0,28.66666603088379,-54.0512809753418
269.775,12:21:24.716,452.602,36.174,16372.314,0.000,0.000,0.000,36.603,37.238,38.716,1.000,1.000,0.000,48.786,48.606,0.940,64.898,5.000,99.0,47.0,28.66666603088379,-54.0512809753418
269.888,12:21:25.019,452.602,36.174,16372.314,0.000,0.000,0.000,36.603,37.238,38.716,1.000,1.000,0.000,48.786,48.606,0.940,64.898,5.000,99.0,47.0,24.923076629638672,26.461538314819336
270.190,12:21:25.130,457.538,35.003,16015.161,0.000,0.000,0.000,34.689,36.611,37.210,1.000,1.000,0.000,48.425,48.606,0.940,64.895,5.000,99.0,47.0,24.923076629638672,26.461538314819336
270.302,12:21:25.243,457.538,35.003,16015.161,0.000,0.000,0.000,34.689,36.611,37.210,1.000,1.000,0.000,48.425,48.606,0.940,64.895,5.000,99.0,47.0,24.923076629638672,26.461538314819336
270.414,12:21:25.354,457.538,35.003,16015.161,0.000,0.000,0.000,34.689,36.611,37.210,1.000,1.000,0.000,48.425,48.606,0.940,64.895,5.000,99.0,47.0,24.923076629638672,26.461538314819336
270.525,12:21:25.466,452.624,36.152,16363.366,0.000,0.000,0.000,36.193,38.097,38.352,1.000,1.000,0.000,48.786,48.606,0.940,64.920,5.000,99.0,47.0,24.923076629638672,26.461538314819336
270.638,12:21:25.579,452.624,36.152,16363.366,0.000,0.000,0.000,36.193,38.097,38.352,1.000,1.000,0.000,48.786,48.606,0.940,64.920,5.000,99.0,47.0,24.923076629638672,26.461538314819336
270.750,12:21:25.691,452.624,36.152,16363.366,0.000,0.000,0.000,36.193,38.097,38.352,1.000,1.000,0.000,48.786,48.606,0.940,64.920,5.000,99.0,47.0,24.923076629638672,26.461538314819336
270.862,12:21:25.803,452.624,36.152,16363.366,0.000,0.000,0.000,36.193,38.097,38.352,1.000,1.000,0.000,48.786,48.606,0.940,64.920,5.000,99.0,47.0,24.923076629638672,26.461538314819336
270.974,12:21:26.107,454.127,35.796,16255.813,0.000,0.000,0.000,35.772,37.918,37.586,1.000,1.000,0.000,48.786,48.606,0.940,64.919,5.000,99.0,47.0,45.33333206176758,-34.410255432128906
271.278,12:21:26.218,452.323,36.212,16379.583,0.000,0.000,0.000,36.295,38.346,38.193,1.000,1.000,0.000,48.786,48.606,0.940,64.952,5.000,99.0,47.0,45.33333206176758,-34.410255432128906
271.390,12:21:26.331,452.323,36.212,16379.583,0.000,0.000,0.000,36.295,38.346,38.193,1.000,1.000,0.000,48.786,48.606,0.940,64.952,5.000,99.0,47.0,45.33333206176758,-34.410255432128906
271.502,12:21:26.442,452.323,36.212,16379.583,0.000,0.000,0.000,36.295,38.346,38.193,1.000,1.000,0.000,48.786,48.606,0.940,64.952,5.000,99.0,47.0,45.33333206176758,-34.410255432128906
271.613,12:21:26.554,452.323,36.212,16379.583,0.000,0.000,0.000,36.295,38.346,38.193,1.000,1.000,0.000,48.786,48.606,0.940,64.952,5.000,99.0,47.0,45.33333206176758,-34.410255432128906
271.726,12:21:26.667,457.542,34.950,15990.909,0.000,0.000,0.000,35.338,36.954,36.031,1.000,1.000,0.000,48.424,48.606,0.940,64.940,5.000,99.0,47.0,45.33333206176758,-34.410255432128906
271.838,12:21:26.778,457.542,34.950,15990.909,0.000,0.000,0.000,35.338,36.954,36.031,1.000,1.000,0.000,48.424,48.606,0.940,64.940,5.000,99.0,47.0,45.33333206176758,-34.410255432128906
271.949,12:21:26.889,457.542,34.950,15990.909,0.000,0.000,0.000,35.338,36.954,36.031,1.000,1.000,0.000,48.424,48.606,0.940,64.940,5.000,99.0,47.0,45.33333206176758,-34.410255432128906
272.061,12:21:27.193,457.542,34.950,15990.909,0.000,0.000,0.000,35.338,36.954,36.031,1.000,1.000,0.000,48.424,48.606,0.940,64.940,5.000,99.0,47.0,30.615385055541992,20.512821197509766
272.365,12:21:27.306,452.057,36.246,16385.398,0.000,0.000,0.000,37.125,38.125,37.645,1.000,1.000,0.000,48.786,48.606,0.940,64.975,5.000,99.0,47.0,30.615385055541992,20.512821197509766
272.476,12:21:27.417,452.057,36.246,16385.398,0.000,0.000,0.000,37.125,38.125,37.645,1.000,1.000,0.000,48.786,48.606,0.940,64.975,5.000,99.0,47.0,30.615385055541992,20.512821197509766
272.589,12:21:27.530,457.699,34.902,15974.497,0.000,0.000,0.000,36.033,36.017,36.083,1.000,1.000,0.000,48.424,48.606,0.940,64.960,5.000,99.0,47.0,30.615385055541992,20.512821197509766
272.701,12:21:27.642,457.699,34.902,15974.497,0.000,0.000,0.000,36.033,36.017,36.083,1.000,1.000,0.000,48.424,48.606,0.940,64.960,5.000,99.0,47.0,30.615385055541992,20.512821197509766
272.813,12:21:27.753,457.699,34.902,15974.497,0.000,0.000,0.000,36.033,36.017,36.083,1.000,1.000,0.000,48.424,48.606,0.940,64.960,5.000,99.0,47.0,30.615385055541992,20.512821197509766
272.925,12:21:27.866,451.836,36.264,16385.189,0.000,0.000,0.000,37.389,37.380,38.035,1.000,1.000,0.000,48.786,48.606,0.940,64.961,5.000,99.0,47.0,30.615385055541992,20.512821197509766
273.038,12:21:27.978,451.836,36.264,16385.189,0.000,0.000,0.000,37.389,37.380,38.035,1.000,1.000,0.000,48.786,48.606,0.940,64.961,5.000,99.0,47.0,30.615385055541992,20.512821197509766
273.149,12:21:28.281,451.836,36.264,16385.189,0.000,0.000,0.000,37.389,37.380,38.035,1.000,1.000,0.000,48.786,48.606,0.940,64.961,5.000,99.0,47.0,-47.230770111083984,31.076923370361328
273.452,12:21:28.393,457.641,34.901,15972.096,0.000,0.000,0.000,35.426,35.511,37.163,1.000,1.000,0.000,48.386,48.206,0.940,64.982,5.000,99.0,47.0,-47.230770111083984,31.076923370361328
273.565,12:21:28.505,457.641,34.901,15972.096,0.000,0.000,0.000,35.426,35.511,37.163,1.000,1.000,0.000,48.386,48.206,0.940,64.982,5.000,99.0,47.0,-47.230770111083984,31.076923370361328
273.676,12:21:28.617,457.641,34.901,15972.096,0.000,0.000,0.000,35.426,35.511,37.163,1.000,1.000,0.000,48.386,48.206,0.940,64.982,5.000,99.0,47.0,-47.230770111083984,31.076923370361328
273.789,12:21:28.729,454.290,35.718,16226.538,0.000,0.000,0.000,35.605,37.590,37.854,1.000,1.000,0.000,48.786,48.606,0.940,64.957,5.000,99.0,47.0,-47.230770111083984,31.076923370361328
273.900,12:21:28.841,454.290,35.718,16226.538,0.000,0.000,0.000,35.605,37.590,37.854,1.000,1.000,0.000,48.786,48.606,0.940,64.957,5.000,99.0,47.0,-47.230770111083984,31.076923370361328
274.011,12:21:28.952,454.290,35.718,16226.538,0.000,0.000,0.000,35.605,37.590,37.854,1.000,1.000,0.000,48.786,48.606,0.940,64.957,5.000,99.0,47.0,-47.230770111083984,31.076923370361328
274.124,12:21:29.064,454.153,35.730,16227.105,0.000,0.000,0.000,35.665,37.717,37.795,1.000,1.000,0.000,48.824,49.006,0.940,64.961,5.000,99.0,47.0,-47.230770111083984,31.076923370361328
274.236,12:21:29.368,454.153,35.730,16227.105,0.000,0.000,0.000,35.665,37.717,37.795,1.000,1.000,0.000,48.824,49.006,0.940,64.961,5.000,99.0,47.0,-26.05128288269043,53.230770111083984
274.539,12:21:29.480,451.335,36.390,16424.277,0.000,0.000,0.000,36.663,37.764,38.892,1.000,1.000,0.000,48.824,49.006,0.940,64.987,5.000,99.0,47.0,-26.05128288269043,53.230770111083984
274.652,12:21:29.593,451.335,36.390,16424.277,0.000,0.000,0.000,36.663,37.764,38.892,1.000,1.000,0.000,48.824,49.006,0.940,64.987,5.000,99.0,47.0,-26.05128288269043,53.230770111083984
274.764,12:21:29.705,451.335,36.390,16424.277,0.000,0.000,0.000,36.663,37.764,38.892,1.000,1.000,0.000,48.824,49.006,0.940,64.987,5.000,99.0,47.0,-26.05128288269043,53.230770111083984
274.875,12:21:29.816,451.335,36.390,16424.277,0.000,0.000,0.000,36.663,37.764,38.892,1.000,1.000,0.000,48.824,49.006,0.940,64.987,5.000,99.0,47.0,-26.05128288269043,53.230770111083984
274.988,12:21:29.929,455.427,35.454,16146.801,0.000,0.000,0.000,35.703,36.360,37.973,1.000,1.000,0.000,48.424,48.606,0.940,65.001,5.000,99.0,47.0,-26.05128288269043,53.230770111083984
275.099,12:21:30.040,455.427,35.454,16146.801,0.000,0.000,0.000,35.703,36.360,37.973,1.000,1.000,0.000,48.424,48.606,0.940,65.001,5.000,99.0,47.0,-26.05128288269043,53.230770111083984
275.211,12:21:30.151,455.427,35.454,16146.801,0.000,0.000,0.000,35.703,36.360,37.973,1.000,1.000,0.000,48.424,48.606,0.940,65.001,5.000,99.0,47.0,-26.05128288269043,53.230770111083984
275.324,12:21:30.455,455.427,35.454,16146.801,0.000,0.000,0.000,35.703,36.360,37.973,1.000,1.000,0.000,48.424,48.606,0.940,65.001,5.000,99.0,47.0,-44.56410217285156,44.20512771606445
275.626,12:21:30.567,455.641,35.403,16131.116,0.000,0.000,0.000,35.217,37.235,37.565,1.000,1.000,0.000,48.386,48.206,0.940,65.037,5.000,99.0,47.0,-44.56410217285156,44.20512771606445
275.756,12:21:30.696,458.273,34.758,15928.573,0.000,0.000,0.000,35.772,36.154,35.679,1.000,1.000,0.000,48.386,48.206,0.940,65.020,5.000,99.0,47.0,-44.56410217285156,44.20512771606445
275.867,12:21:30.808,458.273,34.758,15928.573,0.000,0.000,0.000,35.772,36.154,35.679,1.000,1.000,0.000,48.386,48.206,0.940,65.020,5.000,99.0,47.0,-44.56410217285156,44.20512771606445
275.979,12:21:30.920,458.273,34.758,15928.573,0.000,0.000,0.000,35.772,36.154,35.679,1.000,1.000,0.000,48.386,48.206,0.940,65.020,5.000,99.0,47.0,-44.56410217285156,44.20512771606445
276.090,12:21:31.031,458.273,34.758,15928.573,0.000,0.000,0.000,35.772,36.154,35.679,1.000,1.000,0.000,48.386,48.206,0.940,65.020,5.000,99.0,47.0,-44.56410217285156,44.20512771606445
276.203,12:21:31.144,454.661,35.636,16202.150,0.000,0.000,0.000,36.245,36.434,37.912,1.000,1.000,0.000,48.786,48.606,0.940,65.012,5.000,99.0,47.0,-44.56410217285156,44.20512771606445
276.314,12:21:31.254,454.661,35.636,16202.150,0.000,0.000,0.000,36.245,36.434,37.912,1.000,1.000,0.000,48.786,48.606,0.940,65.012,5.000,99.0,47.0,-44.56410217285156,44.20512771606445
276.426,12:21:31.559,454.661,35.636,16202.150,0.000,0.000,0.000,36.245,36.434,37.912,1.000,1.000,0.000,48.786,48.606,0.940,65.012,5.000,99.0,47.0,39.53845977783203,-51.846153259277344
276.730,12:21:31.671,455.274,35.490,16157.724,0.000,0.000,0.000,36.023,36.357,37.877,1.000,1.000,0.000,48.424,48.606,0.940,64.989,5.000,99.0,47.0,39.53845977783203,-51.846153259277344
276.842,12:21:31.783,455.274,35.490,16157.724,0.000,0.000,0.000,36.023,36.357,37.877,1.000,1.000,0.000,48.424,48.606,0.940,64.989,5.000,99.0,47.0,39.53845977783203,-51.846153259277344
276.970,12:21:31.910,458.340,34.762,15932.644,0.000,0.000,0.000,34.444,36.413,36.951,1.000,1.000,0.000,48.424,48.606,0.940,64.960,5.000,99.0,47.0,39.53845977783203,-51.846153259277344
277.081,12:21:32.022,458.340,34.762,15932.644,0.000,0.000,0.000,34.444,36.413,36.951,1.000,1.000,0.000,48.424,48.606,0.940,64.960,5.000,99.0,47.0,39.53845977783203,-51.846153259277344
277.194,12:21:32.134,458.340,34.762,15932.644,0.000,0.000,0.000,34.444,36.413,36.951,1.000,1.000,0.000,48.424,48.606,0.940,64.960,5.000,99.0,47.0,39.53845977783203,-51.846153259277344
277.306,12:21:32.246,458.340,34.762,15932.644,0.000,0.000,0.000,34.444,36.413,36.951,1.000,1.000,0.000,48.424,48.606,0.940,64.960,5.000,99.0,47.0,39.53845977783203,-51.846153259277344
277.418,12:21:32.358,454.827,35.608,16195.366,0.000,0.000,0.000,35.592,37.764,37.256,1.000,1.000,0.000,48.824,49.006,0.940,64.996,5.000,99.0,47.0,39.53845977783203,-51.846153259277344
277.531,12:21:33.701,454.827,35.608,16195.366,0.000,0.000,0.000,35.592,37.764,37.256,1.000,1.000,0.000,48.824,49.006,0.940,64.996,5.000,99.0,47.0,-42.769229888916016,-8.256410598754883
278.872,12:21:34.005,454.982,35.606,16200.128,0.000,0.000,0.000,36.045,37.650,36.926,1.000,1.000,0.000,48.824,49.006,0.940,65.102,5.000,99.0,47.0,16.41025733947754,36.30769348144531
279.176,12:21:34.117,451.191,36.434,16438.773,0.000,0.000,0.000,36.567,38.594,38.370,1.000,1.000,0.000,48.786,48.606,0.940,65.095,5.000,99.0,47.0,16.41025733947754,36.30769348144531
279.289,12:21:34.229,451.191,36.434,16438.773,0.000,0.000,0.000,36.567,38.594,38.370,1.000,1.000,0.000,48.786,48.606,0.940,65.095,5.000,99.0,47.0,16.41025733947754,36.30769348144531
279.400,12:21:34.341,455.120,35.555,16181.808,0.000,0.000,0.000,35.614,37.682,37.169,1.000,1.000,0.000,48.786,48.606,0.940,65.092,5.000,99.0,47.0,16.41025733947754,36.30769348144531
279.513,12:21:34.453,455.120,35.555,16181.808,0.000,0.000,0.000,35.614,37.682,37.169,1.000,1.000,0.000,48.786,48.606,0.940,65.092,5.000,99.0,47.0,16.41025733947754,36.30769348144531
279.625,12:21:34.565,455.120,35.555,16181.808,0.000,0.000,0.000,35.614,37.682,37.169,1.000,1.000,0.000,48.786,48.606,0.940,65.092,5.000,99.0,47.0,16.41025733947754,36.30769348144531
279.737,12:21:34.678,455.120,35.555,16181.808,0.000,0.000,0.000,35.614,37.682,37.169,1.000,1.000,0.000,48.786,48.606,0.940,65.092,5.000,99.0,47.0,16.41025733947754,36.30769348144531
279.848,12:21:34.789,455.092,35.573,16188.871,0.000,0.000,0.000,35.747,37.739,37.003,1.000,1.000,0.000,48.424,48.606,0.940,65.104,5.000,99.0,47.0,16.41025733947754,36.30769348144531
279.959,12:21:35.093,455.092,35.573,16188.871,0.000,0.000,0.000,35.747,37.739,37.003,1.000,1.000,0.000,48.424,48.606,0.940,65.104,5.000,99.0,47.0,49.846153259277344,17.58974266052246
280.264,12:21:35.205,458.684,34.720,15925.379,0.000,0.000,0.000,35.790,36.056,35.619,1.000,1.000,0.000,48.424,48.606,0.940,65.099,5.000,99.0,47.0,49.846153259277344,17.58974266052246
280.375,12:21:35.316,458.684,34.720,15925.379,0.000,0.000,0.000,35.790,36.056,35.619,1.000,1.000,0.000,48.424,48.606,0.940,65.099,5.000,99.0,47.0,49.846153259277344,17.58974266052246
280.487,12:21:35.428,458.684,34.720,15925.379,0.000,0.000,0.000,35.790,36.056,35.619,1.000,1.000,0.000,48.424,48.606,0.940,65.099,5.000,99.0,47.0,49.846153259277344,17.58974266052246
280.600,12:21:35.541,458.684,34.720,15925.379,0.000,0.000,0.000,35.790,36.056,35.619,1.000,1.000,0.000,48.424,48.606,0.940,65.099,5.000,99.0,47.0,49.846153259277344,17.58974266052246
280.711,12:21:35.652,456.149,35.392,16143.913,0.000,0.000,0.000,35.628,36.275,37.718,1.000,1.000,0.000,48.425,48.606,0.940,65.114,5.000,99.0,47.0,49.846153259277344,17.58974266052246
280.824,12:21:35.765,456.149,35.392,16143.913,0.000,0.000,0.000,35.628,36.275,37.718,1.000,1.000,0.000,48.425,48.606,0.940,65.114,5.000,99.0,47.0,49.846153259277344,17.58974266052246
280.936,12:21:35.876,456.149,35.392,16143.913,0.000,0.000,0.000,35.628,36.275,37.718,1.000,1.000,0.000,48.425,48.606,0.940,65.114,5.000,99.0,47.0,49.846153259277344,17.58974266052246
281.047,12:21:36.180,453.379,36.022,16331.653,0.000,0.000,0.000,36.021,37.688,38.208,1.000,1.000,0.000,48.785,48.606,0.940,65.067,5.000,99.0,47.0,-33.74359130859375,50.153846740722656
281.350,12:21:36.291,453.379,36.022,16331.653,0.000,0.000,0.000,36.021,37.688,38.208,1.000,1.000,0.000,48.785,48.606,0.940,65.067,5.000,99.0,47.0,-33.74359130859375,50.153846740722656
281.463,12:21:36.404,456.206,35.382,16141.604,0.000,0.000,0.000,35.230,37.192,37.394,1.000,1.000,0.000,48.425,48.606,0.940,65.089,5.000,99.0,47.0,-33.74359130859375,50.153846740722656
281.574,12:21:36.515,456.206,35.382,16141.604,0.000,0.000,0.000,35.230,37.192,37.394,1.000,1.000,0.000,48.425,48.606,0.940,65.089,5.000,99.0,47.0,-33.74359130859375,50.153846740722656
281.688,12:21:36.628,456.206,35.382,16141.604,0.000,0.000,0.000,35.230,37.192,37.394,1.000,1.000,0.000,48.425,48.606,0.940,65.089,5.000,99.0,47.0,-33.74359130859375,50.153846740722656
281.799,12:21:36.740,456.206,35.382,16141.604,0.000,0.000,0.000,35.230,37.192,37.394,1.000,1.000,0.000,48.425,48.606,0.940,65.089,5.000,99.0,47.0,-33.74359130859375,50.153846740722656
281.910,12:21:36.851,457.608,35.043,16035.881,0.000,0.000,0.000,35.487,36.845,36.122,1.000,1.000,0.000,48.424,48.606,0.940,65.087,5.000,99.0,47.0,-33.74359130859375,50.153846740722656
282.023,12:21:36.964,457.608,35.043,16035.881,0.000,0.000,0.000,35.487,36.845,36.122,1.000,1.000,0.000,48.424,48.606,0.940,65.087,5.000,99.0,47.0,-33.74359130859375,50.153846740722656
282.135,12:21:37.267,457.608,35.043,16035.881,0.000,0.000,0.000,35.487,36.845,36.122,1.000,1.000,0.000,48.424,48.606,0.940,65.087,5.000,99.0,47.0,-26.66666603088379,-25.435897827148438
282.438,12:21:37.378,451.989,36.346,16427.832,0.000,0.000,0.000,37.172,38.069,37.752,1.000,1.000,0.000,48.824,49.006,0.940,65.092,5.000,99.0,47.0,-26.66666603088379,-25.435897827148438
282.550,12:21:37.491,451.989,36.346,16427.832,0.000,0.000,0.000,37.172,38.069,37.752,1.000,1.000,0.000,48.824,49.006,0.940,65.092,5.000,99.0,47.0,-26.66666603088379,-25.435897827148438
282.662,12:21:37.603,451.752,36.391,16439.812,0.000,0.000,0.000,36.560,38.414,38.185,1.000,1.000,0.000,48.786,48.606,0.940,65.152,5.000,99.0,47.0,-26.66666603088379,-25.435897827148438
282.774,12:21:37.715,451.752,36.391,16439.812,0.000,0.000,0.000,36.560,38.414,38.185,1.000,1.000,0.000,48.786,48.606,0.940,65.152,5.000,99.0,47.0,-26.66666603088379,-25.435897827148438
282.886,12:21:37.827,451.752,36.391,16439.812,0.000,0.000,0.000,36.560,38.414,38.185,1.000,1.000,0.000,48.786,48.606,0.940,65.152,5.000,99.0,47.0,-26.66666603088379,-25.435897827148438
282.997,12:21:37.938,451.752,36.391,16439.812,0.000,0.000,0.000,36.560,38.414,38.185,1.000,1.000,0.000,48.786,48.606,0.940,65.152,5.000,99.0,47.0,-26.66666603088379,-25.435897827148438
283.109,12:21:38.050,457.784,35.006,16025.152,0.000,0.000,0.000,35.570,36.698,36.009,1.000,1.000,0.000,48.424,48.606,0.940,65.142,5.000,99.0,47.0,-26.66666603088379,-25.435897827148438
283.221,12:21:38.354,457.784,35.006,16025.152,0.000,0.000,0.000,35.570,36.698,36.009,1.000,1.000,0.000,48.424,48.606,0.940,65.142,5.000,99.0,47.0,-38.0,-51.128204345703125
283.525,12:21:38.466,456.068,35.422,16154.933,0.000,0.000,0.000,36.395,36.764,36.619,1.000,1.000,0.000,48.386,48.206,0.940,65.169,5.000,99.0,47.0,-38.0,-51.128204345703125
283.637,12:21:38.578,456.068,35.422,16154.933,0.000,0.000,0.000,36.395,36.764,36.619,1.000,1.000,0.000,48.386,48.206,0.940,65.169,5.000,99.0,47.0,-38.0,-51.128204345703125
283.749,12:21:38.690,456.068,35.422,16154.933,0.000,0.000,0.000,36.395,36.764,36.619,1.000,1.000,0.000,48.386,48.206,0.940,65.169,5.000,99.0,47.0,-38.0,-51.128204345703125
283.861,12:21:38.801,454.141,35.854,16282.956,0.000,0.000,0.000,36.510,36.748,37.984,1.000,1.000,0.000,48.786,48.606,0.940,65.147,5.000,99.0,47.0,-38.0,-51.128204345703125
283.973,12:21:38.914,454.141,35.854,16282.956,0.000,0.000,0.000,36.510,36.748,37.984,1.000,1.000,0.000,48.786,48.606,0.940,65.147,5.000,99.0,47.0,-38.0,-51.128204345703125
284.085,12:21:39.026,454.141,35.854,16282.956,0.000,0.000,0.000,36.510,36.748,37.984,1.000,1.000,0.000,48.786,48.606,0.940,65.147,5.000,99.0,47.0,-38.0,-51.128204345703125
284.198,12:21:39.138,454.141,35.854,16282.956,0.000,0.000,0.000,36.510,36.748,37.984,1.000,1.000,0.000,48.786,48.606,0.940,65.147,5.000,99.0,47.0,-38.0,-51.128204345703125
284.309,12:21:39.442,455.902,35.460,16166.294,0.000,0.000,0.000,35.852,36.266,37.724,1.000,1.000,0.000,48.386,48.206,0.940,65.162,5.000,99.0,47.0,-14.871794700622559,-35.230770111083984
284.613,12:21:39.554,455.902,35.460,16166.294,0.000,0.000,0.000,35.852,36.266,37.724,1.000,1.000,0.000,48.386,48.206,0.940,65.162,5.000,99.0,47.0,-14.871794700622559,-35.230770111083984
284.724,12:21:39.665,454.198,35.841,16279.130,0.000,0.000,0.000,35.762,37.614,37.857,1.000,1.000,0.000,48.786,48.606,0.940,65.149,5.000,99.0,47.0,-14.871794700622559,-35.230770111083984
284.837,12:21:39.778,454.198,35.841,16279.130,0.000,0.000,0.000,35.762,37.614,37.857,1.000,1.000,0.000,48.786,48.606,0.940,65.149,5.000,99.0,47.0,-14.871794700622559,-35.230770111083984
284.948,12:21:39.889,454.198,35.841,16279.130,0.000,0.000,0.000,35.762,37.614,37.857,1.000,1.000,0.000,48.786,48.606,0.940,65.149,5.000,99.0,47.0,-14.871794700622559,-35.230770111083984
285.061,12:21:40.002,454.198,35.841,16279.130,0.000,0.000,0.000,35.762,37.614,37.857,1.000,1.000,0.000,48.786,48.606,0.940,65.149,5.000,99.0,47.0,-14.871794700622559,-35.230770111083984
285.172,12:21:40.113,457.924,34.962,16009.928,0.000,0.000,0.000,35.105,36.880,36.244,1.000,1.000,0.000,48.424,48.606,0.940,65.178,5.000,99.0,47.0,-14.871794700622559,-35.230770111083984
285.284,12:21:40.225,457.924,34.962,16009.928,0.000,0.000,0.000,35.105,36.880,36.244,1.000,1.000,0.000,48.424,48.606,0.940,65.178,5.000,99.0,47.0,-14.871794700622559,-35.230770111083984
285.397,12:21:40.529,457.924,34.962,16009.928,0.000,0.000,0.000,35.105,36.880,36.244,1.000,1.000,0.000,48.424,48.606,0.940,65.178,5.000,99.0,47.0,38.35897445678711,8.923076629638672
285.701,12:21:40.642,454.066,35.849,16277.863,0.000,0.000,0.000,36.736,37.336,37.090,1.000,1.000,0.000,48.824,49.006,0.940,65.182,5.000,99.0,47.0,38.35897445678711,8.923076629638672
285.812,12:21:40.753,454.066,35.849,16277.863,0.000,0.000,0.000,36.736,37.336,37.090,1.000,1.000,0.000,48.824,49.006,0.940,65.182,5.000,99.0,47.0,38.35897445678711,8.923076629638672
285.924,12:21:40.865,455.525,35.531,16185.387,0.000,0.000,0.000,36.403,37.052,36.654,1.000,1.000,0.000,48.386,48.206,0.940,65.148,5.000,99.0,47.0,38.35897445678711,8.923076629638672
286.036,12:21:40.977,455.525,35.531,16185.387,0.000,0.000,0.000,36.403,37.052,36.654,1.000,1.000,0.000,48.386,48.206,0.940,65.148,5.000,99.0,47.0,38.35897445678711,8.923076629638672
286.148,12:21:41.088,455.525,35.531,16185.387,0.000,0.000,0.000,36.403,37.052,36.654,1.000,1.000,0.000,48.386,48.206,0.940,65.148,5.000,99.0,47.0,38.35897445678711,8.923076629638672
286.261,12:21:41.201,455.525,35.531,16185.387,0.000,0.000,0.000,36.403,37.052,36.654,1.000,1.000,0.000,48.386,48.206,0.940,65.148,5.000,99.0,47.0,38.35897445678711,8.923076629638672
286.372,12:21:41.312,455.602,35.500,16173.666,0.000,0.000,0.000,36.242,36.296,37.490,1.000,1.000,0.000,48.424,48.606,0.940,65.196,5.000,99.0,47.0,38.35897445678711,8.923076629638672
286.484,12:21:41.616,455.602,35.500,16173.666,0.000,0.000,0.000,36.242,36.296,37.490,1.000,1.000,0.000,48.424,48.606,0.940,65.196,5.000,99.0,47.0,51.43589782714844,-22.0
286.788,12:21:41.729,451.250,36.466,16455.412,0.000,0.000,0.000,37.143,37.533,38.711,1.000,1.000,0.000,48.824,49.006,0.940,65.187,5.000,99.0,47.0,51.43589782714844,-22.0
286.899,12:21:41.840,451.250,36.466,16455.412,0.000,0.000,0.000,37.143,37.533,38.711,1.000,1.000,0.000,48.824,49.006,0.940,65.187,5.000,99.0,47.0,51.43589782714844,-22.0
287.012,12:21:41.953,451.250,36.466,16455.412,0.000,0.000,0.000,37.143,37.533,38.711,1.000,1.000,0.000,48.824,49.006,0.940,65.187,5.000,99.0,47.0,51.43589782714844,-22.0
287.123,12:21:42.064,454.163,35.813,16264.965,0.000,0.000,0.000,36.597,36.694,37.766,1.000,1.000,0.000,48.786,48.606,0.940,65.198,5.000,99.0,47.0,51.43589782714844,-22.0
287.235,12:21:42.176,454.163,35.813,16264.965,0.000,0.000,0.000,36.597,36.694,37.766,1.000,1.000,0.000,48.786,48.606,0.940,65.198,5.000,99.0,47.0,51.43589782714844,-22.0
287.348,12:21:42.289,454.163,35.813,16264.965,0.000,0.000,0.000,36.597,36.694,37.766,1.000,1.000,0.000,48.786,48.606,0.940,65.198,5.000,99.0,47.0,51.43589782714844,-22.0
287.460,12:21:42.400,454.163,35.813,16264.965,0.000,0.000,0.000,36.597,36.694,37.766,1.000,1.000,0.000,48.786,48.606,0.940,65.198,5.000,99.0,47.0,51.43589782714844,-22.0
287.571,12:21:42.703,458.165,34.881,15981.254,0.000,0.000,0.000,35.047,35.705,37.136,1.000,1.000,0.000,48.386,48.206,0.940,65.248,5.000,99.0,47.0,27.69230842590332,27.076923370361328
287.875,12:21:42.816,458.165,34.881,15981.254,0.000,0.000,0.000,35.047,35.705,37.136,1.000,1.000,0.000,48.386,48.206,0.940,65.248,5.000,99.0,47.0,27.69230842590332,27.076923370361328
287.987,12:21:42.928,458.387,34.834,15967.258,0.000,0.000,0.000,34.789,36.767,36.223,1.000,1.000,0.000,48.386,48.206,0.940,65.220,5.000,99.0,47.0,27.69230842590332,27.076923370361328
288.098,12:21:43.039,458.387,34.834,15967.258,0.000,0.000,0.000,34.789,36.767,36.223,1.000,1.000,0.000,48.386,48.206,0.940,65.220,5.000,99.0,47.0,27.69230842590332,27.076923370361328
288.211,12:21:43.152,458.387,34.834,15967.258,0.000,0.000,0.000,34.789,36.767,36.223,1.000,1.000,0.000,48.386,48.206,0.940,65.220,5.000,99.0,47.0,27.69230842590332,27.076923370361328
288.338,12:21:43.279,458.977,34.673,15914.210,0.000,0.000,0.000,35.488,35.298,36.360,1.000,1.000,0.000,48.024,48.206,0.940,65.172,5.000,99.0,47.0,27.69230842590332,27.076923370361328
288.451,12:21:43.391,458.977,34.673,15914.210,0.000,0.000,0.000,35.488,35.298,36.360,1.000,1.000,0.000,48.024,48.206,0.940,65.172,5.000,99.0,47.0,27.69230842590332,27.076923370361328
288.563,12:21:43.504,458.977,34.673,15914.210,0.000,0.000,0.000,35.488,35.298,36.360,1.000,1.000,0.000,48.024,48.206,0.940,65.172,5.000,99.0,47.0,27.69230842590332,27.076923370361328
288.675,12:21:43.806,458.977,34.673,15914.210,0.000,0.000,0.000,35.488,35.298,36.360,1.000,1.000,0.000,48.024,48.206,0.940,65.172,5.000,99.0,47.0,30.256410598754883,-54.512821197509766
288.978,12:21:43.919,455.179,35.590,16199.947,0.000,0.000,0.000,35.449,37.285,37.661,1.000,1.000,0.000,48.424,48.606,0.940,65.156,5.000,99.0,47.0,30.256410598754883,-54.512821197509766
289.090,12:21:44.030,455.179,35.590,16199.947,0.000,0.000,0.000,35.449,37.285,37.661,1.000,1.000,0.000,48.424,48.606,0.940,65.156,5.000,99.0,47.0,30.256410598754883,-54.512821197509766
289.202,12:21:44.143,450.906,36.527,16470.287,0.000,0.000,0.000,36.645,38.453,38.578,1.000,1.000,0.000,48.824,49.006,0.940,65.157,5.000,99.0,47.0,30.256410598754883,-54.512821197509766
289.315,12:21:44.255,450.906,36.527,16470.287,0.000,0.000,0.000,36.645,38.453,38.578,1.000,1.000,0.000,48.824,49.006,0.940,65.157,5.000,99.0,47.0,30.256410598754883,-54.512821197509766
289.426,12:21:44.367,450.906,36.527,16470.287,0.000,0.000,0.000,36.645,38.453,38.578,1.000,1.000,0.000,48.824,49.006,0.940,65.157,5.000,99.0,47.0,30.256410598754883,-54.512821197509766
289.537,12:21:44.478,450.906,36.527,16470.287,0.000,0.000,0.000,36.645,38.453,38.578,1.000,1.000,0.000,48.824,49.006,0.940,65.157,5.000,99.0,47.0,30.256410598754883,-54.512821197509766
289.650,12:21:44.591,454.564,35.755,16252.722,0.000,0.000,0.000,35.677,37.435,37.893,1.000,1.000,0.000,48.786,48.606,0.940,65.154,5.000,99.0,47.0,30.256410598754883,-54.512821197509766
289.762,12:21:44.894,454.564,35.755,16252.722,0.000,0.000,0.000,35.677,37.435,37.893,1.000,1.000,0.000,48.786,48.606,0.940,65.154,5.000,99.0,47.0,50.10256576538086,-18.35897445678711
290.066,12:21:45.007,458.585,34.786,15952.193,0.000,0.000,0.000,34.657,36.751,36.302,1.000,1.000,0.000,48.386,48.206,0.940,65.210,5.000,99.0,47.0,50.10256576538086,-18.35897445678711
290.178,12:21:45.118,458.585,34.786,15952.193,0.000,0.000,0.000,34.657,36.751,36.302,1.000,1.000,0.000,48.386,48.206,0.940,65.210,5.000,99.0,47.0,50.10256576538086,-18.35897445678711
290.290,12:21:45.231,458.585,34.786,15952.193,0.000,0.000,0.000,34.657,36.751,36.302,1.000,1.000,0.000,48.386,48.206,0.940,65.210,5.000,99.0,47.0,50.10256576538086,-18.35897445678711
290.401,12:21:45.342,455.167,35.594,16201.426,0.000,0.000,0.000,36.530,36.916,36.828,1.000,1.000,0.000,48.424,48.606,0.940,65.224,5.000,99.0,47.0,50.10256576538086,-18.35897445678711
290.514,12:21:45.454,455.167,35.594,16201.426,0.000,0.000,0.000,36.530,36.916,36.828,1.000,1.000,0.000,48.424,48.606,0.940,65.224,5.000,99.0,47.0,50.10256576538086,-18.35897445678711
290.626,12:21:45.567,455.167,35.594,16201.426,0.000,0.000,0.000,36.530,36.916,36.828,1.000,1.000,0.000,48.424,48.606,0.940,65.224,5.000,99.0,47.0,50.10256576538086,-18.35897445678711
290.737,12:21:45.677,455.167,35.594,16201.426,0.000,0.000,0.000,36.530,36.916,36.828,1.000,1.000,0.000,48.424,48.606,0.940,65.224,5.000,99.0,47.0,50.10256576538086,-18.35897445678711
290.850,12:21:45.982,454.694,35.699,16232.068,0.000,0.000,0.000,36.661,36.655,37.366,1.000,1.000,0.000,48.386,48.206,0.940,65.184,5.000,99.0,47.0,-35.33333206176758,-15.538461685180664
291.153,12:21:46.094,454.694,35.699,16232.068,0.000,0.000,0.000,36.661,36.655,37.366,1.000,1.000,0.000,48.386,48.206,0.940,65.184,5.000,99.0,47.0,-35.33333206176758,-15.538461685180664
291.265,12:21:46.206,458.517,34.800,15956.269,0.000,0.000,0.000,34.661,35.886,37.059,1.000,1.000,0.000,47.986,47.806,0.940,65.202,5.000,99.0,47.0,-35.33333206176758,-15.538461685180664
291.377,12:21:46.318,458.517,34.800,15956.269,0.000,0.000,0.000,34.661,35.886,37.059,1.000,1.000,0.000,47.986,47.806,0.940,65.202,5.000,99.0,47.0,-35.33333206176758,-15.538461685180664
291.489,12:21:46.429,458.517,34.800,15956.269,0.000,0.000,0.000,34.661,35.886,37.059,1.000,1.000,0.000,47.986,47.806,0.940,65.202,5.000,99.0,47.0,-35.33333206176758,-15.538461685180664
291.601,12:21:46.542,458.761,34.700,15919.035,0.000,0.000,0.000,35.648,35.771,35.794,1.000,1.000,0.000,48.024,48.206,0.940,65.150,5.000,99.0,47.0,-35.33333206176758,-15.538461685180664
291.713,12:21:46.653,458.761,34.700,15919.035,0.000,0.000,0.000,35.648,35.771,35.794,1.000,1.000,0.000,48.024,48.206,0.940,65.150,5.000,99.0,47.0,-35.33333206176758,-15.538461685180664
291.825,12:21:46.766,458.761,34.700,15919.035,0.000,0.000,0.000,35.648,35.771,35.794,1.000,1.000,0.000,48.024,48.206,0.940,65.150,5.000,99.0,47.0,-35.33333206176758,-15.538461685180664
291.936,12:21:47.068,458.761,34.700,15919.035,0.000,0.000,0.000,35.648,35.771,35.794,1.000,1.000,0.000,48.024,48.206,0.940,65.150,5.000,99.0,47.0,-21.897436141967773,-32.0512809753418
292.241,12:21:47.181,455.135,35.548,16179.111,0.000,0.000,0.000,35.614,36.795,37.832,1.000,1.000,0.000,48.424,48.606,0.940,65.145,5.000,99.0,47.0,-21.897436141967773,-32.0512809753418
292.352,12:21:47.293,455.135,35.548,16179.111,0.000,0.000,0.000,35.614,36.795,37.832,1.000,1.000,0.000,48.424,48.606,0.940,65.145,5.000,99.0,47.0,-21.897436141967773,-32.0512809753418
292.464,12:21:47.404,453.311,35.968,16304.704,0.000,0.000,0.000,36.550,37.752,37.296,1.000,1.000,0.000,48.825,49.006,0.940,65.163,5.000,99.0,47.0,-21.897436141967773,-32.0512809753418
292.576,12:21:47.517,453.311,35.968,16304.704,0.000,0.000,0.000,36.550,37.752,37.296,1.000,1.000,0.000,48.825,49.006,0.940,65.163,5.000,99.0,47.0,-21.897436141967773,-32.0512809753418
292.688,12:21:47.629,453.311,35.968,16304.704,0.000,0.000,0.000,36.550,37.752,37.296,1.000,1.000,0.000,48.825,49.006,0.940,65.163,5.000,99.0,47.0,-21.897436141967773,-32.0512809753418
292.800,12:21:47.741,453.278,35.996,16316.066,0.000,0.000,0.000,36.368,37.910,37.406,1.000,1.000,0.000,48.786,48.606,0.940,65.141,5.000,99.0,47.0,-21.897436141967773,-32.0512809753418
292.911,12:21:47.852,453.278,35.996,16316.066,0.000,0.000,0.000,36.368,37.910,37.406,1.000,1.000,0.000,48.786,48.606,0.940,65.141,5.000,99.0,47.0,-21.897436141967773,-32.0512809753418
293.024,12:21:48.157,453.278,35.996,16316.066,0.000,0.000,0.000,36.368,37.910,37.406,1.000,1.000,0.000,48.786,48.606,0.940,65.141,5.000,99.0,47.0,33.43589782714844,-48.512821197509766
293.327,12:21:48.268,456.412,35.330,16124.998,0.000,0.000,0.000,35.928,37.067,36.451,1.000,1.000,0.000,48.386,48.206,0.940,65.183,5.000,99.0,47.0,33.43589782714844,-48.512821197509766
293.439,12:21:48.380,456.412,35.330,16124.998,0.000,0.000,0.000,35.928,37.067,36.451,1.000,1.000,0.000,48.386,48.206,0.940,65.183,5.000,99.0,47.0,33.43589782714844,-48.512821197509766
293.551,12:21:48.491,456.412,35.330,16124.998,0.000,0.000,0.000,35.928,37.067,36.451,1.000,1.000,0.000,48.386,48.206,0.940,65.183,5.000,99.0,47.0,33.43589782714844,-48.512821197509766
293.663,12:21:48.603,457.667,35.032,16033.104,0.000,0.000,0.000,35.444,35.656,37.133,1.000,1.000,0.000,48.424,48.606,0.940,65.190,5.000,99.0,47.0,33.43589782714844,-48.512821197509766
293.776,12:21:48.716,457.667,35.032,16033.104,0.000,0.000,0.000,35.444,35.656,37.133,1.000,1.000,0.000,48.424,48.606,0.940,65.190,5.000,99.0,47.0,33.43589782714844,-48.512821197509766
293.887,12:21:48.828,457.667,35.032,16033.104,0.000,0.000,0.000,35.444,35.656,37.133,1.000,1.000,0.000,48.424,48.606,0.940,65.190,5.000,99.0,47.0,33.43589782714844,-48.512821197509766
293.999,12:21:48.940,457.667,35.032,16033.104,0.000,0.000,0.000,35.444,35.656,37.133,1.000,1.000,0.000,48.424,48.606,0.940,65.190,5.000,99.0,47.0,33.43589782714844,-48.512821197509766
294.111,12:21:49.243,452.322,36.273,16407.273,0.000,0.000,0.000,36.769,37.359,38.610,1.000,1.000,0.000,48.824,49.006,0.940,65.204,5.000,99.0,47.0,25.28205108642578,-51.846153259277344
294.430,12:21:49.371,451.929,36.380,16441.266,0.000,0.000,0.000,37.302,37.501,38.202,1.000,1.000,0.000,48.786,48.606,0.940,65.283,5.000,99.0,47.0,25.28205108642578,-51.846153259277344
294.543,12:21:49.484,451.929,36.380,16441.266,0.000,0.000,0.000,37.302,37.501,38.202,1.000,1.000,0.000,48.786,48.606,0.940,65.283,5.000,99.0,47.0,25.28205108642578,-51.846153259277344
294.654,12:21:49.595,451.929,36.380,16441.266,0.000,0.000,0.000,37.302,37.501,38.202,1.000,1.000,0.000,48.786,48.606,0.940,65.283,5.000,99.0,47.0,25.28205108642578,-51.846153259277344
294.767,12:21:49.708,451.929,36.380,16441.266,0.000,0.000,0.000,37.302,37.501,38.202,1.000,1.000,0.000,48.786,48.606,0.940,65.283,5.000,99.0,47.0,25.28205108642578,-51.846153259277344
294.879,12:21:49.820,458.034,34.975,16019.952,0.000,0.000,0.000,35.378,35.634,37.100,1.000,1.000,0.000,48.386,48.206,0.940,65.268,5.000,99.0,47.0,25.28205108642578,-51.846153259277344
294.990,12:21:49.931,458.034,34.975,16019.952,0.000,0.000,0.000,35.378,35.634,37.100,1.000,1.000,0.000,48.386,48.206,0.940,65.268,5.000,99.0,47.0,25.28205108642578,-51.846153259277344
295.102,12:21:50.043,458.034,34.975,16019.952,0.000,0.000,0.000,35.378,35.634,37.100,1.000,1.000,0.000,48.386,48.206,0.940,65.268,5.000,99.0,47.0,25.28205108642578,-51.846153259277344
295.214,12:21:50.347,458.034,34.975,16019.952,0.000,0.000,0.000,35.378,35.634,37.100,1.000,1.000,0.000,48.386,48.206,0.940,65.268,5.000,99.0,47.0,44.410255432128906,-5.538461685180664
295.518,12:21:50.458,456.392,35.380,16147.163,0.000,0.000,0.000,35.187,37.177,37.335,1.000,1.000,0.000,48.424,48.606,0.940,65.266,5.000,99.0,47.0,44.410255432128906,-5.538461685180664
295.631,12:21:50.571,456.392,35.380,16147.163,0.000,0.000,0.000,35.187,37.177,37.335,1.000,1.000,0.000,48.424,48.606,0.940,65.266,5.000,99.0,47.0,44.410255432128906,-5.538461685180664
295.742,12:21:50.682,452.117,36.346,16432.652,0.000,0.000,0.000,36.422,38.302,38.241,1.000,1.000,0.000,48.824,49.006,0.940,65.307,5.000,99.0,47.0,44.410255432128906,-5.538461685180664
295.854,12:21:50.795,452.117,36.346,16432.652,0.000,0.000,0.000,36.422,38.302,38.241,1.000,1.000,0.000,48.824,49.006,0.940,65.307,5.000,99.0,47.0,44.410255432128906,-5.538461685180664
295.966,12:21:50.907,452.117,36.346,16432.652,0.000,0.000,0.000,36.422,38.302,38.241,1.000,1.000,0.000,48.824,49.006,0.940,65.307,5.000,99.0,47.0,44.410255432128906,-5.538461685180664
296.079,12:21:51.019,454.511,35.826,16283.427,0.000,0.000,0.000,35.728,37.536,37.885,1.000,1.000,0.000,48.786,48.606,0.940,65.283,5.000,99.0,47.0,44.410255432128906,-5.538461685180664
296.190,12:21:51.131,454.511,35.826,16283.427,0.000,0.000,0.000,35.728,37.536,37.885,1.000,1.000,0.000,48.786,48.606,0.940,65.283,5.000,99.0,47.0,44.410255432128906,-5.538461685180664
296.301,12:21:51.435,454.511,35.826,16283.427,0.000,0.000,0.000,35.728,37.536,37.885,1.000,1.000,0.000,48.786,48.606,0.940,65.283,5.000,99.0,47.0,0.1538461595773697,44.92307662963867
296.606,12:21:51.547,458.348,34.907,15999.640,0.000,0.000,0.000,35.101,36.710,36.149,1.000,1.000,0.000,48.386,48.206,0.940,65.332,5.000,99.0,47.0,0.1538461595773697,44.92307662963867
296.717,12:21:51.658,458.348,34.907,15999.640,0.000,0.000,0.000,35.101,36.710,36.149,1.000,1.000,0.000,48.386,48.206,0.940,65.332,5.000,99.0,47.0,0.1538461595773697,44.92307662963867
296.829,12:21:51.770,458.348,34.907,15999.640,0.000,0.000,0.000,35.101,36.710,36.149,1.000,1.000,0.000,48.386,48.206,0.940,65.332,5.000,99.0,47.0,0.1538461595773697,44.92307662963867
296.941,12:21:51.881,454.782,35.766,16265.951,0.000,0.000,0.000,36.708,36.947,37.102,1.000,1.000,0.000,48.786,48.606,0.940,65.336,5.000,99.0,47.0,0.1538461595773697,44.92307662963867
297.053,12:21:51.993,454.782,35.766,16265.951,0.000,0.000,0.000,36.708,36.947,37.102,1.000,1.000,0.000,48.786,48.606,0.940,65.336,5.000,99.0,47.0,0.1538461595773697,44.92307662963867
297.166,12:21:52.107,454.782,35.766,16265.951,0.000,0.000,0.000,36.708,36.947,37.102,1.000,1.000,0.000,48.786,48.606,0.940,65.336,5.000,99.0,47.0,0.1538461595773697,44.92307662963867
297.276,12:21:52.217,458.684,34.849,15984.505,0.000,0.000,0.000,35.448,35.422,36.775,1.000,1.000,0.000,48.424,48.606,0.940,65.325,5.000,99.0,47.0,0.1538461595773697,44.92307662963867
297.389,12:21:52.521,458.684,34.849,15984.505,0.000,0.000,0.000,35.448,35.422,36.775,1.000,1.000,0.000,48.424,48.606,0.940,65.325,5.000,99.0,47.0,11.333333015441895,40.512821197509766
297.692,12:21:52.633,451.924,36.418,16458.074,0.000,0.000,0.000,36.977,37.490,38.713,1.000,1.000,0.000,48.786,48.606,0.940,65.367,5.000,99.0,47.0,11.333333015441895,40.512821197509766
297.804,12:21:52.745,451.924,36.418,16458.074,0.000,0.000,0.000,36.977,37.490,38.713,1.000,1.000,0.000,48.786,48.606,0.940,65.367,5.000,99.0,47.0,11.333333015441895,40.512821197509766
297.916,12:21:52.857,451.924,36.418,16458.074,0.000,0.000,0.000,36.977,37.490,38.713,1.000,1.000,0.000,48.786,48.606,0.940,65.367,5.000,99.0,47.0,11.333333015441895,40.512821197509766
298.029,12:21:52.970,451.924,36.418,16458.074,0.000,0.000,0.000,36.977,37.490,38.713,1.000,1.000,0.000,48.786,48.606,0.940,65.367,5.000,99.0,47.0,11.333333015441895,40.512821197509766
298.140,12:21:53.081,458.694,34.863,15991.239,0.000,0.000,0.000,34.707,35.987,37.083,1.000,1.000,0.000,48.424,48.606,0.940,65.310,5.000,99.0,47.0,11.333333015441895,40.512821197509766
298.252,12:21:53.193,458.694,34.863,15991.239,0.000,0.000,0.000,34.707,35.987,37.083,1.000,1.000,0.000,48.424,48.606,0.940,65.310,5.000,99.0,47.0,11.333333015441895,40.512821197509766
298.364,12:21:53.305,458.694,34.863,15991.239,0.000,0.000,0.000,34.707,35.987,37.083,1.000,1.000,0.000,48.424,48.606,0.940,65.310,5.000,99.0,47.0,11.333333015441895,40.512821197509766
298.493,12:21:53.625,455.118,35.710,16252.391,0.000,0.000,0.000,35.579,37.522,37.641,1.000,1.000,0.000,48.824,49.006,0.940,65.343,5.000,99.0,47.0,-52.46154022216797,33.53845977783203
298.797,12:21:53.738,455.118,35.710,16252.391,0.000,0.000,0.000,35.579,37.522,37.641,1.000,1.000,0.000,48.824,49.006,0.940,65.343,5.000,99.0,47.0,-52.46154022216797,33.53845977783203
298.908,12:21:53.848,456.200,35.479,16185.691,0.000,0.000,0.000,35.323,37.149,37.581,1.000,1.000,0.000,48.424,48.606,0.940,65.370,5.000,99.0,47.0,-52.46154022216797,33.53845977783203
299.020,12:21:53.960,456.200,35.479,16185.691,0.000,0.000,0.000,35.323,37.149,37.581,1.000,1.000,0.000,48.424,48.606,0.940,65.370,5.000,99.0,47.0,-52.46154022216797,33.53845977783203
299.133,12:21:54.074,456.200,35.479,16185.691,0.000,0.000,0.000,35.323,37.149,37.581,1.000,1.000,0.000,48.424,48.606,0.940,65.370,5.000,99.0,47.0,-52.46154022216797,33.53845977783203
299.244,12:21:54.184,456.200,35.479,16185.691,0.000,0.000,0.000,35.323,37.149,37.581,1.000,1.000,0.000,48.424,48.606,0.940,65.370,5.000,99.0,47.0,-52.46154022216797,33.53845977783203
299.357,12:21:54.297,459.966,34.572,15902.142,0.000,0.000,0.000,34.805,36.446,35.626,1.000,1.000,0.000,48.024,48.206,0.940,65.373,5.000,99.0,47.0,-52.46154022216797,33.53845977783203
299.467,12:21:54.408,459.966,34.572,15902.142,0.000,0.000,0.000,34.805,36.446,35.626,1.000,1.000,0.000,48.024,48.206,0.940,65.373,5.000,99.0,47.0,-52.46154022216797,33.53845977783203
299.581,12:21:54.729,459.966,34.572,15902.142,0.000,0.000,0.000,34.805,36.446,35.626,1.000,1.000,0.000,48.024,48.206,0.940,65.373,5.000,99.0,47.0,34.10256576538086,-56.35897445678711
299.899,12:21:54.839,455.540,35.630,16230.944,0.000,0.000,0.000,36.454,36.490,37.435,1.000,1.000,0.000,48.786,48.606,0.940,65.381,5.000,99.0,47.0,34.10256576538086,-56.35897445678711
300.011,12:21:54.951,455.540,35.630,16230.944,0.000,0.000,0.000,36.454,36.490,37.435,1.000,1.000,0.000,48.786,48.606,0.940,65.381,5.000,99.0,47.0,34.10256576538086,-56.35897445678711
300.123,12:21:55.063,455.405,35.662,16240.491,0.000,0.000,0.000,36.081,36.476,37.860,1.000,1.000,0.000,48.824,49.006,0.940,65.337,5.000,99.0,47.0,34.10256576538086,-56.35897445678711
300.236,12:21:55.177,455.405,35.662,16240.491,0.000,0.000,0.000,36.081,36.476,37.860,1.000,1.000,0.000,48.824,49.006,0.940,65.337,5.000,99.0,47.0,34.10256576538086,-56.35897445678711
300.346,12:21:55.287,455.405,35.662,16240.491,0.000,0.000,0.000,36.081,36.476,37.860,1.000,1.000,0.000,48.824,49.006,0.940,65.337,5.000,99.0,47.0,34.10256576538086,-56.35897445678711
300.459,12:21:55.400,455.405,35.662,16240.491,0.000,0.000,0.000,36.081,36.476,37.860,1.000,1.000,0.000,48.824,49.006,0.940,65.337,5.000,99.0,47.0,34.10256576538086,-56.35897445678711
300.570,12:21:55.511,455.808,35.561,16208.995,0.000,0.000,0.000,36.152,36.359,37.671,1.000,1.000,0.000,48.386,48.206,0.940,65.332,5.000,99.0,47.0,34.10256576538086,-56.35897445678711
300.682,12:21:55.815,455.808,35.561,16208.995,0.000,0.000,0.000,36.152,36.359,37.671,1.000,1.000,0.000,48.386,48.206,0.940,65.332,5.000,99.0,47.0,-31.743589401245117,14.871794700622559
300.987,12:21:55.928,455.441,35.646,16234.644,0.000,0.000,0.000,35.516,37.185,37.791,1.000,1.000,0.000,48.824,49.006,0.940,65.356,5.000,99.0,47.0,-31.743589401245117,14.871794700622559
301.098,12:21:56.039,455.441,35.646,16234.644,0.000,0.000,0.000,35.516,37.185,37.791,1.000,1.000,0.000,48.824,49.006,0.940,65.356,5.000,99.0,47.0,-31.743589401245117,14.871794700622559
301.211,12:21:56.151,455.441,35.646,16234.644,0.000,0.000,0.000,35.516,37.185,37.791,1.000,1.000,0.000,48.824,49.006,0.940,65.356,5.000,99.0,47.0,-31.743589401245117,14.871794700622559
301.322,12:21:56.263,455.697,35.595,16220.483,0.000,0.000,0.000,35.530,37.072,37.823,1.000,1.000,0.000,48.386,48.206,0.940,65.365,5.000,99.0,47.0,-31.743589401245117,14.871794700622559
301.435,12:21:56.375,455.697,35.595,16220.483,0.000,0.000,0.000,35.530,37.072,37.823,1.000,1.000,0.000,48.386,48.206,0.940,65.365,5.000,99.0,47.0,-31.743589401245117,14.871794700622559
301.547,12:21:56.487,455.697,35.595,16220.483,0.000,0.000,0.000,35.530,37.072,37.823,1.000,1.000,0.000,48.386,48.206,0.940,65.365,5.000,99.0,47.0,-31.743589401245117,14.871794700622559
301.658,12:21:56.598,455.697,35.595,16220.483,0.000,0.000,0.000,35.530,37.072,37.823,1.000,1.000,0.000,48.386,48.206,0.940,65.365,5.000,99.0,47.0,-31.743589401245117,14.871794700622559
301.770,12:21:56.903,455.638,35.602,16221.648,0.000,0.000,0.000,35.824,37.502,37.034,1.000,1.000,0.000,48.786,48.606,0.940,65.347,5.000,99.0,47.0,49.846153259277344,-34.153846740722656
302.074,12:21:57.015,455.638,35.602,16221.648,0.000,0.000,0.000,35.824,37.502,37.034,1.000,1.000,0.000,48.786,48.606,0.940,65.347,5.000,99.0,47.0,49.846153259277344,-34.153846740722656
302.186,12:21:57.127,456.037,35.527,16201.562,0.000,0.000,0.000,36.140,37.245,36.672,1.000,1.000,0.000,48.424,48.606,0.940,65.408,5.000,99.0,47.0,49.846153259277344,-34.153846740722656
302.298,12:21:57.239,456.037,35.527,16201.562,0.000,0.000,0.000,36.140,37.245,36.672,1.000,1.000,0.000,48.424,48.606,0.940,65.408,5.000,99.0,47.0,49.846153259277344,-34.153846740722656
302.409,12:21:57.350,456.037,35.527,16201.562,0.000,0.000,0.000,36.140,37.245,36.672,1.000,1.000,0.000,48.424,48.606,0.940,65.408,5.000,99.0,47.0,49.846153259277344,-34.153846740722656
302.522,12:21:57.462,456.037,35.527,16201.562,0.000,0.000,0.000,36.140,37.245,36.672,1.000,1.000,0.000,48.424,48.606,0.940,65.408,5.000,99.0,47.0,49.846153259277344,-34.153846740722656
302.633,12:21:57.574,455.596,35.630,16232.774,0.000,0.000,0.000,36.569,36.918,36.846,1.000,1.000,0.000,48.786,48.606,0.940,65.392,5.000,99.0,47.0,49.846153259277344,-34.153846740722656
302.745,12:21:57.686,455.596,35.630,16232.774,0.000,0.000,0.000,36.569,36.918,36.846,1.000,1.000,0.000,48.786,48.606,0.940,65.392,5.000,99.0,47.0,49.846153259277344,-34.153846740722656
302.858,12:21:57.990,455.596,35.630,16232.774,0.000,0.000,0.000,36.569,36.918,36.846,1.000,1.000,0.000,48.786,48.606,0.940,65.392,5.000,99.0,47.0,10.923076629638672,-51.28205108642578
303.162,12:21:58.102,449.535,36.916,16595.117,0.000,0.000,0.000,37.796,38.177,38.873,1.000,1.000,0.000,49.186,49.006,0.940,65.433,5.000,99.0,47.0,10.923076629638672,-51.28205108642578
303.274,12:21:58.215,449.535,36.916,16595.117,0.000,0.000,0.000,37.796,38.177,38.873,1.000,1.000,0.000,49.186,49.006,0.940,65.433,5.000,99.0,47.0,10.923076629638672,-51.28205108642578
303.386,12:21:58.326,455.744,35.623,16234.990,0.000,0.000,0.000,36.134,37.452,36.877,1.000,1.000,0.000,48.386,48.206,0.940,65.453,5.000,99.0,47.0,10.923076629638672,-51.28205108642578
303.497,12:21:58.438,455.744,35.623,16234.990,0.000,0.000,0.000,36.134,37.452,36.877,1.000,1.000,0.000,48.386,48.206,0.940,65.453,5.000,99.0,47.0,10.923076629638672,-51.28205108642578
303.610,12:21:58.550,455.744,35.623,16234.990,0.000,0.000,0.000,36.134,37.452,36.877,1.000,1.000,0.000,48.386,48.206,0.940,65.453,5.000,99.0,47.0,10.923076629638672,-51.28205108642578
303.722,12:21:58.662,455.744,35.623,16234.990,0.000,0.000,0.000,36.134,37.452,36.877,1.000,1.000,0.000,48.386,48.206,0.940,65.453,5.000,99.0,47.0,10.923076629638672,-51.28205108642578
303.834,12:21:58.774,456.173,35.540,16212.262,0.000,0.000,0.000,36.435,36.546,37.018,1.000,1.000,0.000,48.824,49.006,0.940,65.451,5.000,99.0,47.0,10.923076629638672,-51.28205108642578
303.944,12:21:59.078,456.173,35.540,16212.262,0.000,0.000,0.000,36.435,36.546,37.018,1.000,1.000,0.000,48.824,49.006,0.940,65.451,5.000,99.0,47.0,46.410255432128906,50.0
304.248,12:21:59.189,457.610,35.233,16123.082,0.000,0.000,0.000,35.731,35.968,37.400,1.000,1.000,0.000,48.385,48.206,0.940,65.514,5.000,99.0,47.0,46.410255432128906,50.0
304.361,12:21:59.302,457.610,35.233,16123.082,0.000,0.000,0.000,35.731,35.968,37.400,1.000,1.000,0.000,48.385,48.206,0.940,65.514,5.000,99.0,47.0,46.410255432128906,50.0
304.472,12:21:59.413,457.610,35.233,16123.082,0.000,0.000,0.000,35.731,35.968,37.400,1.000,1.000,0.000,48.385,48.206,0.940,65.514,5.000,99.0,47.0,46.410255432128906,50.0
304.584,12:21:59.525,454.917,35.851,16309.029,0.000,0.000,0.000,35.796,37.487,37.960,1.000,1.000,0.000,48.825,49.006,0.940,65.479,5.000,99.0,47.0,46.410255432128906,50.0
304.697,12:21:59.638,454.917,35.851,16309.029,0.000,0.000,0.000,35.796,37.487,37.960,1.000,1.000,0.000,48.825,49.006,0.940,65.479,5.000,99.0,47.0,46.410255432128906,50.0
304.808,12:21:59.748,454.917,35.851,16309.029,0.000,0.000,0.000,35.796,37.487,37.960,1.000,1.000,0.000,48.825,49.006,0.940,65.479,5.000,99.0,47.0,46.410255432128906,50.0
304.920,12:21:59.861,454.917,35.851,16309.029,0.000,0.000,0.000,35.796,37.487,37.960,1.000,1.000,0.000,48.825,49.006,0.940,65.479,5.000,99.0,47.0,46.410255432128906,50.0
305.033,12:22:00.164,457.504,35.272,16137.217,0.000,0.000,0.000,35.087,36.827,37.385,1.000,1.000,0.000,48.386,48.206,0.940,65.508,5.000,99.0,47.0,21.435897827148438,26.564102172851562
305.337,12:22:00.277,457.504,35.272,16137.217,0.000,0.000,0.000,35.087,36.827,37.385,1.000,1.000,0.000,48.386,48.206,0.940,65.508,5.000,99.0,47.0,21.435897827148438,26.564102172851562
305.447,12:22:00.388,455.043,35.832,16304.993,0.000,0.000,0.000,36.151,37.680,37.270,1.000,1.000,0.000,48.786,48.606,0.940,65.499,5.000,99.0,47.0,21.435897827148438,26.564102172851562
305.560,12:22:00.501,455.043,35.832,16304.993,0.000,0.000,0.000,36.151,37.680,37.270,1.000,1.000,0.000,48.786,48.606,0.940,65.499,5.000,99.0,47.0,21.435897827148438,26.564102172851562
305.672,12:22:00.613,455.043,35.832,16304.993,0.000,0.000,0.000,36.151,37.680,37.270,1.000,1.000,0.000,48.786,48.606,0.940,65.499,5.000,99.0,47.0,21.435897827148438,26.564102172851562
305.799,12:22:00.740,457.371,35.293,16141.812,0.000,0.000,0.000,36.037,36.899,36.362,1.000,1.000,0.000,48.386,48.206,0.940,65.517,5.000,99.0,47.0,21.435897827148438,26.564102172851562
305.912,12:22:00.853,457.371,35.293,16141.812,0.000,0.000,0.000,36.037,36.899,36.362,1.000,1.000,0.000,48.386,48.206,0.940,65.517,5.000,99.0,47.0,21.435897827148438,26.564102172851562
306.024,12:22:00.965,457.371,35.293,16141.812,0.000,0.000,0.000,36.037,36.899,36.362,1.000,1.000,0.000,48.386,48.206,0.940,65.517,5.000,99.0,47.0,21.435897827148438,26.564102172851562
306.136,12:22:01.268,457.371,35.293,16141.812,0.000,0.000,0.000,36.037,36.899,36.362,1.000,1.000,0.000,48.386,48.206,0.940,65.517,5.000,99.0,47.0,-44.92307662963867,6.410256385803223
306.440,12:22:01.380,454.970,35.838,16305.371,0.000,0.000,0.000,36.665,36.736,37.636,1.000,1.000,0.000,48.786,48.606,0.940,65.481,5.000,99.0,47.0,-44.92307662963867,6.410256385803223
306.552,12:22:01.492,454.970,35.838,16305.371,0.000,0.000,0.000,36.665,36.736,37.636,1.000,1.000,0.000,48.786,48.606,0.940,65.481,5.000,99.0,47.0,-44.92307662963867,6.410256385803223
306.663,12:22:01.603,450.714,36.742,16560.082,0.000,0.000,0.000,37.627,37.977,38.629,1.000,1.000,0.000,49.186,49.006,0.940,65.492,5.000,99.0,47.0,-44.92307662963867,6.410256385803223
306.775,12:22:01.716,450.714,36.742,16560.082,0.000,0.000,0.000,37.627,37.977,38.629,1.000,1.000,0.000,49.186,49.006,0.940,65.492,5.000,99.0,47.0,-44.92307662963867,6.410256385803223
306.887,12:22:01.827,450.714,36.742,16560.082,0.000,0.000,0.000,37.627,37.977,38.629,1.000,1.000,0.000,49.186,49.006,0.940,65.492,5.000,99.0,47.0,-44.92307662963867,6.410256385803223
306.998,12:22:01.939,450.714,36.742,16560.082,0.000,0.000,0.000,37.627,37.977,38.629,1.000,1.000,0.000,49.186,49.006,0.940,65.492,5.000,99.0,47.0,-44.92307662963867,6.410256385803223
307.111,12:22:02.052,453.010,36.273,16432.123,0.000,0.000,0.000,37.146,37.838,37.620,1.000,1.000,0.000,48.786,48.606,0.940,65.521,5.000,99.0,47.0,-44.92307662963867,6.410256385803223
307.223,12:22:02.355,453.010,36.273,16432.123,0.000,0.000,0.000,37.146,37.838,37.620,1.000,1.000,0.000,48.786,48.606,0.940,65.521,5.000,99.0,47.0,-36.46154022216797,-10.15384578704834
307.527,12:22:02.468,457.042,35.371,16166.191,0.000,0.000,0.000,36.327,36.477,36.684,1.000,1.000,0.000,48.386,48.206,0.940,65.562,5.000,99.0,47.0,-36.46154022216797,-10.15384578704834
307.639,12:22:02.580,457.042,35.371,16166.191,0.000,0.000,0.000,36.327,36.477,36.684,1.000,1.000,0.000,48.386,48.206,0.940,65.562,5.000,99.0,47.0,-36.46154022216797,-10.15384578704834
307.750,12:22:02.691,457.042,35.371,16166.191,0.000,0.000,0.000,36.327,36.477,36.684,1.000,1.000,0.000,48.386,48.206,0.940,65.562,5.000,99.0,47.0,-36.46154022216797,-10.15384578704834
307.862,12:22:02.803,455.122,35.795,16291.274,0.000,0.000,0.000,36.248,36.672,38.000,1.000,1.000,0.000,48.786,48.606,0.940,65.549,5.000,99.0,47.0,-36.46154022216797,-10.15384578704834
307.974,12:22:02.914,455.122,35.795,16291.274,0.000,0.000,0.000,36.248,36.672,38.000,1.000,1.000,0.000,48.786,48.606,0.940,65.549,5.000,99.0,47.0,-36.46154022216797,-10.15384578704834
308.087,12:22:03.027,455.122,35.795,16291.274,0.000,0.000,0.000,36.248,36.672,38.000,1.000,1.000,0.000,48.786,48.606,0.940,65.549,5.000,99.0,47.0,-36.46154022216797,-10.15384578704834
308.199,12:22:03.140,455.122,35.795,16291.274,0.000,0.000,0.000,36.248,36.672,38.000,1.000,1.000,0.000,48.786,48.606,0.940,65.549,5.000,99.0,47.0,-36.46154022216797,-10.15384578704834
308.310,12:22:03.442,451.105,36.672,16542.803,0.000,0.000,0.000,37.244,37.785,38.922,1.000,1.000,0.000,49.186,49.006,0.940,65.560,5.000,99.0,47.0,-42.46154022216797,50.769229888916016
308.614,12:22:03.554,451.105,36.672,16542.803,0.000,0.000,0.000,37.244,37.785,38.922,1.000,1.000,0.000,49.186,49.006,0.940,65.560,5.000,99.0,47.0,-42.46154022216797,50.769229888916016
308.726,12:22:03.667,456.921,35.415,16181.628,0.000,0.000,0.000,36.278,36.244,37.095,1.000,1.000,0.000,48.424,48.606,0.940,65.590,5.000,99.0,47.0,-42.46154022216797,50.769229888916016
308.839,12:22:03.779,456.921,35.415,16181.628,0.000,0.000,0.000,36.278,36.244,37.095,1.000,1.000,0.000,48.424,48.606,0.940,65.590,5.000,99.0,47.0,-42.46154022216797,50.769229888916016
308.949,12:22:03.890,456.921,35.415,16181.628,0.000,0.000,0.000,36.278,36.244,37.095,1.000,1.000,0.000,48.424,48.606,0.940,65.590,5.000,99.0,47.0,-42.46154022216797,50.769229888916016
309.061,12:22:04.002,455.618,35.704,16267.585,0.000,0.000,0.000,36.254,36.499,37.802,1.000,1.000,0.000,48.786,48.606,0.940,65.605,5.000,99.0,47.0,-42.46154022216797,50.769229888916016
309.174,12:22:04.115,455.618,35.704,16267.585,0.000,0.000,0.000,36.254,36.499,37.802,1.000,1.000,0.000,48.786,48.606,0.940,65.605,5.000,99.0,47.0,-42.46154022216797,50.769229888916016
309.286,12:22:04.226,455.618,35.704,16267.585,0.000,0.000,0.000,36.254,36.499,37.802,1.000,1.000,0.000,48.786,48.606,0.940,65.605,5.000,99.0,47.0,-42.46154022216797,50.769229888916016
309.398,12:22:04.531,455.618,35.704,16267.585,0.000,0.000,0.000,36.254,36.499,37.802,1.000,1.000,0.000,48.786,48.606,0.940,65.605,5.000,99.0,47.0,-40.61538314819336,-4.461538314819336
309.702,12:22:04.642,456.707,35.443,16187.174,0.000,0.000,0.000,35.609,36.442,37.720,1.000,1.000,0.000,48.386,48.206,0.940,65.638,5.000,99.0,47.0,-40.61538314819336,-4.461538314819336
309.813,12:22:04.754,456.707,35.443,16187.174,0.000,0.000,0.000,35.609,36.442,37.720,1.000,1.000,0.000,48.386,48.206,0.940,65.638,5.000,99.0,47.0,-40.61538314819336,-4.461538314819336
309.926,12:22:04.866,455.643,35.677,16255.748,0.000,0.000,0.000,35.570,37.566,37.446,1.000,1.000,0.000,48.786,48.606,0.940,65.640,5.000,99.0,47.0,-40.61538314819336,-4.461538314819336
310.037,12:22:04.978,455.643,35.677,16255.748,0.000,0.000,0.000,35.570,37.566,37.446,1.000,1.000,0.000,48.786,48.606,0.940,65.640,5.000,99.0,47.0,-40.61538314819336,-4.461538314819336
310.148,12:22:05.089,455.643,35.677,16255.748,0.000,0.000,0.000,35.570,37.566,37.446,1.000,1.000,0.000,48.786,48.606,0.940,65.640,5.000,99.0,47.0,-40.61538314819336,-4.461538314819336
310.261,12:22:05.201,456.755,35.419,16177.870,0.000,0.000,0.000,35.608,37.350,36.731,1.000,1.000,0.000,48.424,48.606,0.940,65.627,5.000,99.0,47.0,-40.61538314819336,-4.461538314819336
310.373,12:22:05.314,456.755,35.419,16177.870,0.000,0.000,0.000,35.608,37.350,36.731,1.000,1.000,0.000,48.424,48.606,0.940,65.627,5.000,99.0,47.0,-40.61538314819336,-4.461538314819336
310.484,12:22:05.618,456.755,35.419,16177.870,0.000,0.000,0.000,35.608,37.350,36.731,1.000,1.000,0.000,48.424,48.606,0.940,65.627,5.000,99.0,47.0,44.97435760498047,-45.69230651855469
310.788,12:22:05.729,455.802,35.651,16249.724,0.000,0.000,0.000,36.301,37.280,36.818,1.000,1.000,0.000,48.786,48.606,0.940,65.606,5.000,99.0,47.0,44.97435760498047,-45.69230651855469
310.901,12:22:05.842,455.802,35.651,16249.724,0.000,0.000,0.000,36.301,37.280,36.818,1.000,1.000,0.000,48.786,48.606,0.940,65.606,5.000,99.0,47.0,44.97435760498047,-45.69230651855469
311.012,12:22:05.953,455.802,35.651,16249.724,0.000,0.000,0.000,36.301,37.280,36.818,1.000,1.000,0.000,48.786,48.606,0.940,65.606,5.000,99.0,47.0,44.97435760498047,-45.69230651855469
311.125,12:22:06.065,459.648,34.736,15966.188,0.000,0.000,0.000,35.667,35.717,35.920,1.000,1.000,0.000,48.424,48.606,0.940,65.624,5.000,99.0,47.0,44.97435760498047,-45.69230651855469
311.236,12:22:06.177,459.648,34.736,15966.188,0.000,0.000,0.000,35.667,35.717,35.920,1.000,1.000,0.000,48.424,48.606,0.940,65.624,5.000,99.0,47.0,44.97435760498047,-45.69230651855469
311.348,12:22:06.289,459.648,34.736,15966.188,0.000,0.000,0.000,35.667,35.717,35.920,1.000,1.000,0.000,48.424,48.606,0.940,65.624,5.000,99.0,47.0,44.97435760498047,-45.69230651855469
311.460,12:22:06.400,459.648,34.736,15966.188,0.000,0.000,0.000,35.667,35.717,35.920,1.000,1.000,0.000,48.424,48.606,0.940,65.624,5.000,99.0,47.0,44.97435760498047,-45.69230651855469
311.572,12:22:06.705,452.411,36.392,16464.293,0.000,0.000,0.000,37.293,37.502,38.264,1.000,1.000,0.000,48.786,48.606,0.940,65.659,5.000,99.0,47.0,5.128205299377441,-49.589744567871094
311.893,12:22:06.833,459.707,34.744,15972.187,0.000,0.000,0.000,35.113,35.295,36.824,1.000,1.000,0.000,48.424,48.606,0.940,65.592,5.000,99.0,47.0,5.128205299377441,-49.589744567871094
312.004,12:22:06.945,459.707,34.744,15972.187,0.000,0.000,0.000,35.113,35.295,36.824,1.000,1.000,0.000,48.424,48.606,0.940,65.592,5.000,99.0,47.0,5.128205299377441,-49.589744567871094
312.115,12:22:07.056,459.707,34.744,15972.187,0.000,0.000,0.000,35.113,35.295,36.824,1.000,1.000,0.000,48.424,48.606,0.940,65.592,5.000,99.0,47.0,5.128205299377441,-49.589744567871094
312.227,12:22:07.168,459.707,34.744,15972.187,0.000,0.000,0.000,35.113,35.295,36.824,1.000,1.000,0.000,48.424,48.606,0.940,65.592,5.000,99.0,47.0,5.128205299377441,-49.589744567871094
312.340,12:22:07.281,456.357,35.538,16218.209,0.000,0.000,0.000,35.581,36.776,37.798,1.000,1.000,0.000,48.386,48.206,0.940,65.631,5.000,99.0,47.0,5.128205299377441,-49.589744567871094
312.453,12:22:07.394,456.357,35.538,16218.209,0.000,0.000,0.000,35.581,36.776,37.798,1.000,1.000,0.000,48.386,48.206,0.940,65.631,5.000,99.0,47.0,5.128205299377441,-49.589744567871094
312.564,12:22:07.505,456.357,35.538,16218.209,0.000,0.000,0.000,35.581,36.776,37.798,1.000,1.000,0.000,48.386,48.206,0.940,65.631,5.000,99.0,47.0,5.128205299377441,-49.589744567871094
312.675,12:22:07.808,456.357,35.538,16218.209,0.000,0.000,0.000,35.581,36.776,37.798,1.000,1.000,0.000,48.386,48.206,0.940,65.631,5.000,99.0,47.0,28.153846740722656,28.256410598754883
312.978,12:22:07.919,455.939,35.614,16237.910,0.000,0.000,0.000,35.627,37.521,37.203,1.000,1.000,0.000,48.786,48.606,0.940,65.621,5.000,99.0,47.0,28.153846740722656,28.256410598754883
313.090,12:22:08.031,455.939,35.614,16237.910,0.000,0.000,0.000,35.627,37.521,37.203,1.000,1.000,0.000,48.786,48.606,0.940,65.621,5.000,99.0,47.0,28.153846740722656,28.256410598754883
313.202,12:22:08.143,459.684,34.742,15970.316,0.000,0.000,0.000,35.230,36.440,35.687,1.000,1.000,0.000,48.424,48.606,0.940,65.624,5.000,99.0,47.0,28.153846740722656,28.256410598754883
313.314,12:22:08.255,459.684,34.742,15970.316,0.000,0.000,0.000,35.230,36.440,35.687,1.000,1.000,0.000,48.424,48.606,0.940,65.624,5.000,99.0,47.0,28.153846740722656,28.256410598754883
313.426,12:22:08.367,459.684,34.742,15970.316,0.000,0.000,0.000,35.230,36.440,35.687,1.000,1.000,0.000,48.424,48.606,0.940,65.624,5.000,99.0,47.0,28.153846740722656,28.256410598754883
313.538,12:22:08.479,456.041,35.616,16242.375,0.000,0.000,0.000,36.534,36.808,36.845,1.000,1.000,0.000,48.786,48.606,0.940,65.558,5.000,99.0,47.0,28.153846740722656,28.256410598754883
313.650,12:22:08.591,456.041,35.616,16242.375,0.000,0.000,0.000,36.534,36.808,36.845,1.000,1.000,0.000,48.786,48.606,0.940,65.558,5.000,99.0,47.0,28.153846740722656,28.256410598754883
313.763,12:22:08.896,456.041,35.616,16242.375,0.000,0.000,0.000,36.534,36.808,36.845,1.000,1.000,0.000,48.786,48.606,0.940,65.558,5.000,99.0,47.0,-52.97435760498047,16.71794891357422
314.067,12:22:09.007,459.822,34.704,15957.541,0.000,0.000,0.000,35.457,35.302,36.406,1.000,1.000,0.000,48.424,48.606,0.940,65.576,5.000,99.0,47.0,-52.97435760498047,16.71794891357422
314.178,12:22:09.119,459.822,34.704,15957.541,0.000,0.000,0.000,35.457,35.302,36.406,1.000,1.000,0.000,48.424,48.606,0.940,65.576,5.000,99.0,47.0,-52.97435760498047,16.71794891357422
314.291,12:22:09.231,459.822,34.704,15957.541,0.000,0.000,0.000,35.457,35.302,36.406,1.000,1.000,0.000,48.424,48.606,0.940,65.576,5.000,99.0,47.0,-52.97435760498047,16.71794891357422
314.403,12:22:09.343,456.228,35.573,16229.517,0.000,0.000,0.000,35.681,36.708,37.814,1.000,1.000,0.000,48.786,48.606,0.940,65.634,5.000,99.0,47.0,-52.97435760498047,16.71794891357422
314.515,12:22:09.455,456.228,35.573,16229.517,0.000,0.000,0.000,35.681,36.708,37.814,1.000,1.000,0.000,48.786,48.606,0.940,65.634,5.000,99.0,47.0,-52.97435760498047,16.71794891357422
314.626,12:22:09.566,456.228,35.573,16229.517,0.000,0.000,0.000,35.681,36.708,37.814,1.000,1.000,0.000,48.786,48.606,0.940,65.634,5.000,99.0,47.0,-52.97435760498047,16.71794891357422
314.737,12:22:09.678,459.850,34.721,15966.357,0.000,0.000,0.000,34.380,36.346,36.697,1.000,1.000,0.000,48.424,48.606,0.940,65.605,5.000,99.0,47.0,-52.97435760498047,16.71794891357422
314.850,12:22:09.982,459.850,34.721,15966.357,0.000,0.000,0.000,34.380,36.346,36.697,1.000,1.000,0.000,48.424,48.606,0.940,65.605,5.000,99.0,47.0,-47.74359130859375,33.846153259277344
315.154,12:22:10.094,454.765,35.916,16333.418,0.000,0.000,0.000,36.785,37.210,37.237,1.000,1.000,0.000,48.825,49.006,0.940,65.616,5.000,99.0,47.0,-47.74359130859375,33.846153259277344
315.267,12:22:10.207,454.765,35.916,16333.418,0.000,0.000,0.000,36.785,37.210,37.237,1.000,1.000,0.000,48.825,49.006,0.940,65.616,5.000,99.0,47.0,-47.74359130859375,33.846153259277344
315.377,12:22:10.318,454.765,35.916,16333.418,0.000,0.000,0.000,36.785,37.210,37.237,1.000,1.000,0.000,48.825,49.006,0.940,65.616,5.000,99.0,47.0,-47.74359130859375,33.846153259277344
315.490,12:22:10.431,454.765,35.916,16333.418,0.000,0.000,0.000,36.785,37.210,37.237,1.000,1.000,0.000,48.825,49.006,0.940,65.616,5.000,99.0,47.0,-47.74359130859375,33.846153259277344
315.601,12:22:10.542,453.843,36.134,16399.143,0.000,0.000,0.000,36.943,37.762,37.454,1.000,1.000,0.000,48.786,48.606,0.940,65.618,5.000,99.0,47.0,-47.74359130859375,33.846153259277344
315.714,12:22:10.655,453.843,36.134,16399.143,0.000,0.000,0.000,36.943,37.762,37.454,1.000,1.000,0.000,48.786,48.606,0.940,65.618,5.000,99.0,47.0,-47.74359130859375,33.846153259277344
315.825,12:22:10.766,453.843,36.134,16399.143,0.000,0.000,0.000,36.943,37.762,37.454,1.000,1.000,0.000,48.786,48.606,0.940,65.618,5.000,99.0,47.0,-47.74359130859375,33.846153259277344
315.953,12:22:11.085,461.425,34.346,15848.047,0.000,0.000,0.000,35.201,34.989,35.791,1.000,1.000,0.000,48.024,48.206,0.940,65.664,5.000,99.0,47.0,-12.717948913574219,-37.230770111083984
316.258,12:22:11.198,461.425,34.346,15848.047,0.000,0.000,0.000,35.201,34.989,35.791,1.000,1.000,0.000,48.024,48.206,0.940,65.664,5.000,99.0,47.0,-12.717948913574219,-37.230770111083984
316.369,12:22:11.310,455.100,35.858,16318.799,0.000,0.000,0.000,35.918,37.191,38.072,1.000,1.000,0.000,48.824,49.006,0.940,65.656,5.000,99.0,47.0,-12.717948913574219,-37.230770111083984
316.481,12:22:11.422,455.100,35.858,16318.799,0.000,0.000,0.000,35.918,37.191,38.072,1.000,1.000,0.000,48.824,49.006,0.940,65.656,5.000,99.0,47.0,-12.717948913574219,-37.230770111083984
316.593,12:22:11.534,455.100,35.858,16318.799,0.000,0.000,0.000,35.918,37.191,38.072,1.000,1.000,0.000,48.824,49.006,0.940,65.656,5.000,99.0,47.0,-12.717948913574219,-37.230770111083984
316.705,12:22:11.646,455.100,35.858,16318.799,0.000,0.000,0.000,35.918,37.191,38.072,1.000,1.000,0.000,48.824,49.006,0.940,65.656,5.000,99.0,47.0,-12.717948913574219,-37.230770111083984
316.817,12:22:11.758,453.686,36.188,16418.197,0.000,0.000,0.000,36.546,37.227,38.485,1.000,1.000,0.000,48.786,48.606,0.940,65.657,5.000,99.0,47.0,-12.717948913574219,-37.230770111083984
316.928,12:22:11.869,453.686,36.188,16418.197,0.000,0.000,0.000,36.546,37.227,38.485,1.000,1.000,0.000,48.786,48.606,0.940,65.657,5.000,99.0,47.0,-12.717948913574219,-37.230770111083984
317.040,12:22:12.172,453.686,36.188,16418.197,0.000,0.000,0.000,36.546,37.227,38.485,1.000,1.000,0.000,48.786,48.606,0.940,65.657,5.000,99.0,47.0,39.33333206176758,-35.33333206176758
317.344,12:22:12.284,457.806,35.270,16146.782,0.000,0.000,0.000,35.439,36.246,37.523,1.000,1.000,0.000,48.386,48.206,0.940,65.619,5.000,99.0,47.0,39.33333206176758,-35.33333206176758
317.456,12:22:12.396,457.806,35.270,16146.782,0.000,0.000,0.000,35.439,36.246,37.523,1.000,1.000,0.000,48.386,48.206,0.940,65.619,5.000,99.0,47.0,39.33333206176758,-35.33333206176758
317.568,12:22:12.509,459.159,34.929,16038.096,0.000,0.000,0.000,34.858,36.833,36.307,1.000,1.000,0.000,48.424,48.606,0.940,65.626,5.000,99.0,47.0,39.33333206176758,-35.33333206176758
317.680,12:22:12.620,459.159,34.929,16038.096,0.000,0.000,0.000,34.858,36.833,36.307,1.000,1.000,0.000,48.424,48.606,0.940,65.626,5.000,99.0,47.0,39.33333206176758,-35.33333206176758
317.791,12:22:12.732,459.159,34.929,16038.096,0.000,0.000,0.000,34.858,36.833,36.307,1.000,1.000,0.000,48.424,48.606,0.940,65.626,5.000,99.0,47.0,39.33333206176758,-35.33333206176758
317.903,12:22:12.844,459.159,34.929,16038.096,0.000,0.000,0.000,34.858,36.833,36.307,1.000,1.000,0.000,48.424,48.606,0.940,65.626,5.000,99.0,47.0,39.33333206176758,-35.33333206176758
318.175,12:22:13.309,487.413,0.092,44.903,0.000,0.000,0.000,0.070,0.083,0.111,1.000,1.000,0.000,0.100,0.100,0.010,66.590,5.000,99.0,47.0,0.0,-0.05128205195069313
318.496,12:22:13.437,489.175,0.247,120.636,0.000,0.000,0.000,0.079,0.075,0.112,1.000,1.000,1.000,0.100,0.100,0.010,66.326,5.000,99.0,47.0,0.0,-0.05128205195069313
319.647,12:22:14.780,489.319,0.239,116.720,0.000,0.000,0.000,0.087,0.074,0.122,1.000,1.000,0.000,0.500,0.500,0.011,64.057,5.000,99.0,47.0,0.0,-0.05128205195069313
319.951,12:22:14.892,489.405,0.238,116.448,0.000,0.000,0.000,0.061,0.071,0.078,1.000,1.000,1.000,0.700,0.700,0.016,62.895,5.000,99.0,47.0,0.0,-0.05128205195069313
320.062,12:22:15.003,489.405,0.238,116.448,0.000,0.000,0.000,0.061,0.071,0.078,1.000,1.000,1.000,0.700,0.700,0.016,62.895,5.000,99.0,47.0,0.0,-0.05128205195069313
321.213,12:22:16.346,489.508,0.251,122.819,0.000,0.000,0.000,0.515,0.518,0.810,1.000,1.000,1.000,1.100,1.100,0.025,60.089,5.000,99.0,47.0,-1.8974359035491943,-0.1538461595773697
321.518,12:22:16.458,489.343,0.302,147.991,0.000,0.000,0.000,0.567,1.735,2.232,1.000,1.000,1.000,1.299,1.300,0.029,59.359,5.000,99.0,47.0,-1.8974359035491943,-0.1538461595773697
321.630,12:22:16.571,489.343,0.302,147.991,0.000,0.000,0.000,0.567,1.735,2.232,1.000,1.000,1.000,1.299,1.300,0.029,59.359,5.000,99.0,47.0,-1.8974359035491943,-0.1538461595773697
321.742,12:22:16.683,489.382,0.308,150.520,0.000,0.000,0.000,0.615,1.854,2.163,1.000,1.000,1.000,1.499,1.500,0.034,58.692,5.000,99.0,47.0,-1.8974359035491943,-0.1538461595773697
321.854,12:22:16.795,489.382,0.308,150.520,0.000,0.000,0.000,0.615,1.854,2.163,1.000,1.000,1.000,1.499,1.500,0.034,58.692,5.000,99.0,47.0,-1.8974359035491943,-0.1538461595773697
321.965,12:22:16.905,489.382,0.308,150.520,0.000,0.000,0.000,0.615,1.854,2.163,1.000,1.000,1.000,1.499,1.500,0.034,58.692,5.000,99.0,47.0,-1.8974359035491943,-0.1538461595773697
322.077,12:22:17.018,489.382,0.308,150.520,0.000,0.000,0.000,0.615,1.854,2.163,1.000,1.000,1.000,1.499,1.500,0.034,58.692,5.000,99.0,47.0,-1.8974359035491943,-0.1538461595773697
322.189,12:22:17.129,489.331,0.326,159.430,0.000,0.000,0.000,2.030,0.828,2.564,1.000,1.000,0.000,1.518,1.700,0.034,58.158,5.000,99.0,47.0,-1.8974359035491943,-0.1538461595773697
322.301,12:22:17.434,489.331,0.326,159.430,0.000,0.000,0.000,2.030,0.828,2.564,1.000,1.000,0.000,1.518,1.700,0.034,58.158,5.000,99.0,47.0,-2.307692289352417,-2.615384578704834
322.605,12:22:17.546,489.348,0.333,162.846,0.000,0.000,0.000,2.764,2.231,0.976,1.000,1.000,1.000,1.699,1.700,0.038,57.648,5.000,99.0,47.0,-2.307692289352417,-2.615384578704834
322.717,12:22:17.658,489.348,0.333,162.846,0.000,0.000,0.000,2.764,2.231,0.976,1.000,1.000,1.000,1.699,1.700,0.038,57.648,5.000,99.0,47.0,-2.307692289352417,-2.615384578704834
322.829,12:22:17.770,489.348,0.333,162.846,0.000,0.000,0.000,2.764,2.231,0.976,1.000,1.000,1.000,1.699,1.700,0.038,57.648,5.000,99.0,47.0,-2.307692289352417,-2.615384578704834
322.941,12:22:17.881,489.348,0.333,162.846,0.000,0.000,0.000,2.764,2.231,0.976,1.000,1.000,1.000,1.699,1.700,0.038,57.648,5.000,99.0,47.0,-2.307692289352417,-2.615384578704834
323.053,12:22:17.994,489.305,0.366,179.220,0.000,0.000,0.000,1.015,3.094,3.140,1.000,1.000,1.000,1.899,1.900,0.043,57.216,5.000,99.0,47.0,-2.307692289352417,-2.615384578704834
323.164,12:22:18.105,489.305,0.366,179.220,0.000,0.000,0.000,1.015,3.094,3.140,1.000,1.000,1.000,1.899,1.900,0.043,57.216,5.000,99.0,47.0,-2.307692289352417,-2.615384578704834
323.277,12:22:18.217,489.305,0.366,179.220,0.000,0.000,0.000,1.015,3.094,3.140,1.000,1.000,1.000,1.899,1.900,0.043,57.216,5.000,99.0,47.0,-2.307692289352417,-2.615384578704834
323.388,12:22:18.520,489.180,0.410,200.668,0.000,0.000,0.000,2.049,4.337,3.000,1.000,1.000,0.000,2.099,2.100,0.047,56.823,5.000,99.0,47.0,1.3333333730697632,3.0256409645080566
323.692,12:22:18.632,489.180,0.410,200.668,0.000,0.000,0.000,2.049,4.337,3.000,1.000,1.000,0.000,2.099,2.100,0.047,56.823,5.000,99.0,47.0,1.3333333730697632,3.0256409645080566
323.805,12:22:18.745,489.194,0.420,205.611,0.000,0.000,0.000,4.478,3.777,1.646,1.000,1.000,0.000,2.299,2.300,0.052,56.449,5.000,99.0,47.0,1.3333333730697632,3.0256409645080566
323.916,12:22:18.857,489.194,0.420,205.611,0.000,0.000,0.000,4.478,3.777,1.646,1.000,1.000,0.000,2.299,2.300,0.052,56.449,5.000,99.0,47.0,1.3333333730697632,3.0256409645080566
324.029,12:22:18.969,489.194,0.420,205.611,0.000,0.000,0.000,4.478,3.777,1.646,1.000,1.000,0.000,2.299,2.300,0.052,56.449,5.000,99.0,47.0,1.3333333730697632,3.0256409645080566
324.139,12:22:19.080,489.194,0.420,205.611,0.000,0.000,0.000,4.478,3.777,1.646,1.000,1.000,0.000,2.299,2.300,0.052,56.449,5.000,99.0,47.0,1.3333333730697632,3.0256409645080566
324.253,12:22:19.193,489.197,0.421,206.063,0.000,0.000,0.000,4.513,2.062,3.393,1.000,1.000,1.000,2.319,2.500,0.052,56.146,5.000,99.0,47.0,1.3333333730697632,3.0256409645080566
324.364,12:22:19.305,489.197,0.421,206.063,0.000,0.000,0.000,4.513,2.062,3.393,1.000,1.000,1.000,2.319,2.500,0.052,56.146,5.000,99.0,47.0,1.3333333730697632,3.0256409645080566
324.475,12:22:19.609,489.197,0.421,206.063,0.000,0.000,0.000,4.513,2.062,3.393,1.000,1.000,1.000,2.319,2.500,0.052,56.146,5.000,99.0,47.0,-5.333333492279053,4.717948913574219
324.779,12:22:19.720,489.099,0.456,222.857,0.000,0.000,0.000,4.962,2.235,4.183,1.000,1.000,1.000,2.499,2.500,0.056,55.840,5.000,99.0,47.0,-5.333333492279053,4.717948913574219
324.892,12:22:19.832,489.099,0.456,222.857,0.000,0.000,0.000,4.962,2.235,4.183,1.000,1.000,1.000,2.499,2.500,0.056,55.840,5.000,99.0,47.0,-5.333333492279053,4.717948913574219
325.003,12:22:19.944,489.036,0.494,241.430,0.000,0.000,0.000,5.968,3.430,3.798,1.000,1.000,1.000,2.700,2.700,0.061,55.570,5.000,99.0,47.0,-5.333333492279053,4.717948913574219
325.115,12:22:20.056,489.036,0.494,241.430,0.000,0.000,0.000,5.968,3.430,3.798,1.000,1.000,1.000,2.700,2.700,0.061,55.570,5.000,99.0,47.0,-5.333333492279053,4.717948913574219
325.228,12:22:20.168,489.036,0.494,241.430,0.000,0.000,0.000,5.968,3.430,3.798,1.000,1.000,1.000,2.700,2.700,0.061,55.570,5.000,99.0,47.0,-5.333333492279053,4.717948913574219
325.339,12:22:20.280,489.036,0.494,241.430,0.000,0.000,0.000,5.968,3.430,3.798,1.000,1.000,1.000,2.700,2.700,0.061,55.570,5.000,99.0,47.0,-5.333333492279053,4.717948913574219
325.452,12:22:20.392,488.922,0.535,261.630,0.000,0.000,0.000,6.084,6.193,2.720,1.000,1.000,1.000,2.900,2.900,0.065,55.380,5.000,99.0,47.0,-5.333333492279053,4.717948913574219
325.564,12:22:20.695,488.922,0.535,261.630,0.000,0.000,0.000,6.084,6.193,2.720,1.000,1.000,1.000,2.900,2.900,0.065,55.380,5.000,99.0,47.0,0.1538461595773697,0.1538461595773697
325.867,12:22:20.808,488.806,0.562,274.593,0.000,0.000,0.000,3.073,6.564,6.536,1.000,1.000,1.000,3.100,3.100,0.070,55.179,5.000,99.0,47.0,0.1538461595773697,0.1538461595773697
325.979,12:22:20.919,488.806,0.562,274.593,0.000,0.000,0.000,3.073,6.564,6.536,1.000,1.000,1.000,3.100,3.100,0.070,55.179,5.000,99.0,47.0,0.1538461595773697,0.1538461595773697
326.092,12:22:21.032,488.806,0.562,274.593,0.000,0.000,0.000,3.073,6.564,6.536,1.000,1.000,1.000,3.100,3.100,0.070,55.179,5.000,99.0,47.0,0.1538461595773697,0.1538461595773697
326.202,12:22:21.143,488.772,0.587,286.874,0.000,0.000,0.000,6.933,4.635,5.145,1.000,1.000,0.000,3.119,3.300,0.070,55.027,5.000,99.0,47.0,0.1538461595773697,0.1538461595773697
326.315,12:22:21.256,488.772,0.587,286.874,0.000,0.000,0.000,6.933,4.635,5.145,1.000,1.000,0.000,3.119,3.300,0.070,55.027,5.000,99.0,47.0,0.1538461595773697,0.1538461595773697
326.427,12:22:21.367,488.772,0.587,286.874,0.000,0.000,0.000,6.933,4.635,5.145,1.000,1.000,0.000,3.119,3.300,0.070,55.027,5.000,99.0,47.0,0.1538461595773697,0.1538461595773697
326.538,12:22:21.479,488.772,0.587,286.874,0.000,0.000,0.000,6.933,4.635,5.145,1.000,1.000,0.000,3.119,3.300,0.070,55.027,5.000,99.0,47.0,0.1538461595773697,0.1538461595773697
326.651,12:22:21.783,488.642,0.638,311.865,0.000,0.000,0.000,4.205,6.819,7.539,1.000,1.000,1.000,3.300,3.300,0.074,54.845,5.000,99.0,47.0,-8.51282024383545,3.5897436141967773
326.954,12:22:21.894,488.642,0.638,311.865,0.000,0.000,0.000,4.205,6.819,7.539,1.000,1.000,1.000,3.300,3.300,0.074,54.845,5.000,99.0,47.0,-8.51282024383545,3.5897436141967773
327.066,12:22:22.006,488.366,0.714,348.749,0.000,0.000,0.000,6.748,8.936,5.720,1.000,1.000,1.000,3.500,3.500,0.079,54.716,5.000,99.0,47.0,-8.51282024383545,3.5897436141967773
327.178,12:22:22.118,488.366,0.714,348.749,0.000,0.000,0.000,6.748,8.936,5.720,1.000,1.000,1.000,3.500,3.500,0.079,54.716,5.000,99.0,47.0,-8.51282024383545,3.5897436141967773
327.289,12:22:22.230,488.366,0.714,348.749,0.000,0.000,0.000,6.748,8.936,5.720,1.000,1.000,1.000,3.500,3.500,0.079,54.716,5.000,99.0,47.0,-8.51282024383545,3.5897436141967773
327.401,12:22:22.342,488.366,0.714,348.749,0.000,0.000,0.000,6.748,8.936,5.720,1.000,1.000,1.000,3.500,3.500,0.079,54.716,5.000,99.0,47.0,-8.51282024383545,3.5897436141967773
327.514,12:22:22.455,488.156,0.784,382.775,0.000,0.000,0.000,8.725,8.497,5.623,1.000,1.000,1.000,3.700,3.700,0.083,54.616,5.000,99.0,47.0,-8.51282024383545,3.5897436141967773
327.626,12:22:22.567,488.156,0.784,382.775,0.000,0.000,0.000,8.725,8.497,5.623,1.000,1.000,1.000,3.700,3.700,0.083,54.616,5.000,99.0,47.0,-8.51282024383545,3.5897436141967773
327.738,12:22:22.871,488.156,0.784,382.775,0.000,0.000,0.000,8.725,8.497,5.623,1.000,1.000,1.000,3.700,3.700,0.083,54.616,5.000,99.0,47.0,4.051281929016113,7.538461685180664
328.042,12:22:22.982,488.092,0.820,400.345,0.000,0.000,0.000,9.798,8.439,5.753,1.000,1.000,1.000,3.900,3.900,0.088,54.501,5.000,99.0,47.0,4.051281929016113,7.538461685180664
328.153,12:22:23.094,488.092,0.820,400.345,0.000,0.000,0.000,9.798,8.439,5.753,1.000,1.000,1.000,3.900,3.900,0.088,54.501,5.000,99.0,47.0,4.051281929016113,7.538461685180664
328.266,12:22:23.207,487.905,0.870,424.267,0.000,0.000,0.000,8.731,10.052,6.432,1.000,1.000,0.000,3.919,4.100,0.088,54.418,5.000,99.0,47.0,4.051281929016113,7.538461685180664
328.378,12:22:23.319,487.905,0.870,424.267,0.000,0.000,0.000,8.731,10.052,6.432,1.000,1.000,0.000,3.919,4.100,0.088,54.418,5.000,99.0,47.0,4.051281929016113,7.538461685180664
328.489,12:22:23.430,487.905,0.870,424.267,0.000,0.000,0.000,8.731,10.052,6.432,1.000,1.000,0.000,3.919,4.100,0.088,54.418,5.000,99.0,47.0,4.051281929016113,7.538461685180664
328.601,12:22:23.541,487.905,0.870,424.267,0.000,0.000,0.000,8.731,10.052,6.432,1.000,1.000,0.000,3.919,4.100,0.088,54.418,5.000,99.0,47.0,4.051281929016113,7.538461685180664
328.713,12:22:23.654,487.628,0.967,471.603,0.000,0.000,0.000,7.294,10.959,9.686,1.000,1.000,1.000,4.100,4.100,0.092,54.384,5.000,99.0,47.0,4.051281929016113,7.538461685180664
328.826,12:22:23.958,487.628,0.967,471.603,0.000,0.000,0.000,7.294,10.959,9.686,1.000,1.000,1.000,4.100,4.100,0.092,54.384,5.000,99.0,47.0,12.102563858032227,12.871794700622559
329.128,12:22:24.069,487.312,1.063,518.021,0.000,0.000,0.000,10.529,8.374,11.200,1.000,1.000,1.000,4.300,4.300,0.097,54.337,5.000,99.0,47.0,12.102563858032227,12.871794700622559
329.241,12:22:24.181,487.312,1.063,518.021,0.000,0.000,0.000,10.529,8.374,11.200,1.000,1.000,1.000,4.300,4.300,0.097,54.337,5.000,99.0,47.0,12.102563858032227,12.871794700622559
329.353,12:22:24.293,487.312,1.063,518.021,0.000,0.000,0.000,10.529,8.374,11.200,1.000,1.000,1.000,4.300,4.300,0.097,54.337,5.000,99.0,47.0,12.102563858032227,12.871794700622559
329.464,12:22:24.405,486.942,1.179,574.096,0.000,0.000,0.000,10.331,12.800,9.421,1.000,1.000,0.000,4.500,4.500,0.102,54.294,5.000,99.0,47.0,12.102563858032227,12.871794700622559
329.577,12:22:24.517,486.942,1.179,574.096,0.000,0.000,0.000,10.331,12.800,9.421,1.000,1.000,0.000,4.500,4.500,0.102,54.294,5.000,99.0,47.0,12.102563858032227,12.871794700622559
329.689,12:22:24.630,486.942,1.179,574.096,0.000,0.000,0.000,10.331,12.800,9.421,1.000,1.000,0.000,4.500,4.500,0.102,54.294,5.000,99.0,47.0,12.102563858032227,12.871794700622559
329.801,12:22:24.741,486.942,1.179,574.096,0.000,0.000,0.000,10.331,12.800,9.421,1.000,1.000,0.000,4.500,4.500,0.102,54.294,5.000,99.0,47.0,12.102563858032227,12.871794700622559
329.913,12:22:25.044,486.874,1.213,590.793,0.000,0.000,0.000,12.009,9.659,11.735,1.000,1.000,0.000,4.700,4.700,0.106,54.253,5.000,99.0,47.0,-6.461538314819336,-9.538461685180664
330.217,12:22:25.157,486.874,1.213,590.793,0.000,0.000,0.000,12.009,9.659,11.735,1.000,1.000,0.000,4.700,4.700,0.106,54.253,5.000,99.0,47.0,-6.461538314819336,-9.538461685180664
330.329,12:22:25.270,486.594,1.307,636.089,0.000,0.000,0.000,10.276,11.301,13.517,1.000,1.000,0.000,4.719,4.900,0.107,54.236,5.000,99.0,47.0,-6.461538314819336,-9.538461685180664
330.441,12:22:25.381,486.594,1.307,636.089,0.000,0.000,0.000,10.276,11.301,13.517,1.000,1.000,0.000,4.719,4.900,0.107,54.236,5.000,99.0,47.0,-6.461538314819336,-9.538461685180664
330.552,12:22:25.492,486.594,1.307,636.089,0.000,0.000,0.000,10.276,11.301,13.517,1.000,1.000,0.000,4.719,4.900,0.107,54.236,5.000,99.0,47.0,-6.461538314819336,-9.538461685180664
330.664,12:22:25.604,486.594,1.307,636.089,0.000,0.000,0.000,10.276,11.301,13.517,1.000,1.000,0.000,4.719,4.900,0.107,54.236,5.000,99.0,47.0,-6.461538314819336,-9.538461685180664
330.775,12:22:25.716,486.160,1.448,704.153,0.000,0.000,0.000,10.930,13.637,13.302,1.000,1.000,1.000,4.900,4.900,0.111,54.267,5.000,99.0,47.0,-6.461538314819336,-9.538461685180664
330.888,12:22:25.828,486.160,1.448,704.153,0.000,0.000,0.000,10.930,13.637,13.302,1.000,1.000,1.000,4.900,4.900,0.111,54.267,5.000,99.0,47.0,-6.461538314819336,-9.538461685180664
331.000,12:22:26.133,486.160,1.448,704.153,0.000,0.000,0.000,10.930,13.637,13.302,1.000,1.000,1.000,4.900,4.900,0.111,54.267,5.000,99.0,47.0,3.230769157409668,-12.461538314819336
331.304,12:22:26.244,486.339,1.412,686.732,0.000,0.000,0.000,10.078,12.640,11.615,1.000,1.000,1.000,5.100,5.100,0.115,54.294,5.000,99.0,47.0,3.230769157409668,-12.461538314819336
331.415,12:22:26.356,486.339,1.412,686.732,0.000,0.000,0.000,10.078,12.640,11.615,1.000,1.000,1.000,5.100,5.100,0.115,54.294,5.000,99.0,47.0,3.230769157409668,-12.461538314819336
331.527,12:22:26.468,487.963,0.970,473.540,0.000,0.000,0.000,6.620,7.910,7.576,1.000,1.000,1.000,5.300,5.300,0.119,54.324,5.000,99.0,47.0,3.230769157409668,-12.461538314819336
331.640,12:22:26.581,487.963,0.970,473.540,0.000,0.000,0.000,6.620,7.910,7.576,1.000,1.000,1.000,5.300,5.300,0.119,54.324,5.000,99.0,47.0,3.230769157409668,-12.461538314819336
331.751,12:22:26.692,487.963,0.970,473.540,0.000,0.000,0.000,6.620,7.910,7.576,1.000,1.000,1.000,5.300,5.300,0.119,54.324,5.000,99.0,47.0,3.230769157409668,-12.461538314819336
331.863,12:22:26.804,487.963,0.970,473.540,0.000,0.000,0.000,6.620,7.910,7.576,1.000,1.000,1.000,5.300,5.300,0.119,54.324,5.000,99.0,47.0,3.230769157409668,-12.461538314819336
331.976,12:22:26.916,488.056,0.951,463.951,0.000,0.000,0.000,6.666,6.792,7.830,1.000,1.000,1.000,5.500,5.500,0.124,54.276,5.000,99.0,47.0,3.230769157409668,-12.461538314819336
332.086,12:22:27.220,488.056,0.951,463.951,0.000,0.000,0.000,6.666,6.792,7.830,1.000,1.000,1.000,5.500,5.500,0.124,54.276,5.000,99.0,47.0,-8.666666984558105,9.589743614196777
332.391,12:22:27.332,488.017,0.962,469.231,0.000,0.000,0.000,7.231,7.339,6.832,1.000,1.000,0.000,5.519,5.700,0.124,54.154,5.000,99.0,47.0,-8.666666984558105,9.589743614196777
332.503,12:22:27.443,488.017,0.962,469.231,0.000,0.000,0.000,7.231,7.339,6.832,1.000,1.000,0.000,5.519,5.700,0.124,54.154,5.000,99.0,47.0,-8.666666984558105,9.589743614196777
332.615,12:22:27.556,488.017,0.962,469.231,0.000,0.000,0.000,7.231,7.339,6.832,1.000,1.000,0.000,5.519,5.700,0.124,54.154,5.000,99.0,47.0,-8.666666984558105,9.589743614196777
332.728,12:22:27.668,487.916,1.006,491.077,0.000,0.000,0.000,6.963,7.656,7.436,1.000,1.000,1.000,5.700,5.700,0.129,54.021,5.000,99.0,47.0,-8.666666984558105,9.589743614196777
332.839,12:22:27.779,487.916,1.006,491.077,0.000,0.000,0.000,6.963,7.656,7.436,1.000,1.000,1.000,5.700,5.700,0.129,54.021,5.000,99.0,47.0,-8.666666984558105,9.589743614196777
332.950,12:22:27.890,487.916,1.006,491.077,0.000,0.000,0.000,6.963,7.656,7.436,1.000,1.000,1.000,5.700,5.700,0.129,54.021,5.000,99.0,47.0,-8.666666984558105,9.589743614196777
333.062,12:22:28.003,487.916,1.006,491.077,0.000,0.000,0.000,6.963,7.656,7.436,1.000,1.000,1.000,5.700,5.700,0.129,54.021,5.000,99.0,47.0,-8.666666984558105,9.589743614196777
333.174,12:22:28.306,487.788,1.055,514.672,0.000,0.000,0.000,7.830,7.990,7.440,1.000,1.000,1.000,5.900,5.900,0.133,53.888,5.000,99.0,47.0,1.3333333730697632,-9.79487133026123
333.479,12:22:28.419,487.788,1.055,514.672,0.000,0.000,0.000,7.830,7.990,7.440,1.000,1.000,1.000,5.900,5.900,0.133,53.888,5.000,99.0,47.0,1.3333333730697632,-9.79487133026123
333.590,12:22:28.531,487.704,1.082,527.563,0.000,0.000,0.000,7.443,7.724,7.890,1.000,1.000,1.000,6.100,6.100,0.138,53.752,5.000,99.0,47.0,1.3333333730697632,-9.79487133026123
333.702,12:22:28.643,487.704,1.082,527.563,0.000,0.000,0.000,7.443,7.724,7.890,1.000,1.000,1.000,6.100,6.100,0.138,53.752,5.000,99.0,47.0,1.3333333730697632,-9.79487133026123
333.813,12:22:28.754,487.704,1.082,527.563,0.000,0.000,0.000,7.443,7.724,7.890,1.000,1.000,1.000,6.100,6.100,0.138,53.752,5.000,99.0,47.0,1.3333333730697632,-9.79487133026123
333.926,12:22:28.866,487.888,1.053,513.890,0.000,0.000,0.000,7.587,7.720,7.308,1.000,1.000,1.000,6.300,6.300,0.142,53.652,5.000,99.0,47.0,1.3333333730697632,-9.79487133026123
334.038,12:22:28.979,487.888,1.053,513.890,0.000,0.000,0.000,7.587,7.720,7.308,1.000,1.000,1.000,6.300,6.300,0.142,53.652,5.000,99.0,47.0,1.3333333730697632,-9.79487133026123
334.149,12:22:29.090,487.888,1.053,513.890,0.000,0.000,0.000,7.587,7.720,7.308,1.000,1.000,1.000,6.300,6.300,0.142,53.652,5.000,99.0,47.0,1.3333333730697632,-9.79487133026123
334.262,12:22:29.394,487.888,1.053,513.890,0.000,0.000,0.000,7.587,7.720,7.308,1.000,1.000,1.000,6.300,6.300,0.142,53.652,5.000,99.0,47.0,-6.615384578704834,10.102563858032227
334.567,12:22:29.507,487.781,1.086,529.631,0.000,0.000,0.000,7.402,7.962,7.976,1.000,1.000,0.000,6.319,6.500,0.142,53.545,5.000,99.0,47.0,-6.615384578704834,10.102563858032227
334.678,12:22:29.619,487.781,1.086,529.631,0.000,0.000,0.000,7.402,7.962,7.976,1.000,1.000,0.000,6.319,6.500,0.142,53.545,5.000,99.0,47.0,-6.615384578704834,10.102563858032227
334.789,12:22:29.730,487.766,1.107,539.918,0.000,0.000,0.000,7.533,8.033,7.667,1.000,1.000,1.000,6.500,6.500,0.147,53.437,5.000,99.0,47.0,-6.615384578704834,10.102563858032227
334.901,12:22:29.841,487.766,1.107,539.918,0.000,0.000,0.000,7.533,8.033,7.667,1.000,1.000,1.000,6.500,6.500,0.147,53.437,5.000,99.0,47.0,-6.615384578704834,10.102563858032227
335.013,12:22:29.954,487.766,1.107,539.918,0.000,0.000,0.000,7.533,8.033,7.667,1.000,1.000,1.000,6.500,6.500,0.147,53.437,5.000,99.0,47.0,-6.615384578704834,10.102563858032227
335.125,12:22:30.065,487.766,1.107,539.918,0.000,0.000,0.000,7.533,8.033,7.667,1.000,1.000,1.000,6.500,6.500,0.147,53.437,5.000,99.0,47.0,-6.615384578704834,10.102563858032227
335.236,12:22:30.177,487.684,1.149,560.159,0.000,0.000,0.000,8.103,7.848,8.111,1.000,1.000,0.000,6.700,6.700,0.151,53.370,5.000,99.0,47.0,-6.615384578704834,10.102563858032227
335.349,12:22:30.482,487.684,1.149,560.159,0.000,0.000,0.000,8.103,7.848,8.111,1.000,1.000,0.000,6.700,6.700,0.151,53.370,5.000,99.0,47.0,-2.6666667461395264,11.435897827148438
335.653,12:22:30.593,487.580,1.188,579.227,0.000,0.000,0.000,8.287,8.770,7.691,1.000,1.000,0.000,6.900,6.900,0.156,53.279,5.000,99.0,47.0,-2.6666667461395264,11.435897827148438
335.765,12:22:30.705,487.580,1.188,579.227,0.000,0.000,0.000,8.287,8.770,7.691,1.000,1.000,0.000,6.900,6.900,0.156,53.279,5.000,99.0,47.0,-2.6666667461395264,11.435897827148438
335.877,12:22:30.817,487.580,1.188,579.227,0.000,0.000,0.000,8.287,8.770,7.691,1.000,1.000,0.000,6.900,6.900,0.156,53.279,5.000,99.0,47.0,-2.6666667461395264,11.435897827148438
335.989,12:22:30.929,487.565,1.202,586.145,0.000,0.000,0.000,7.831,8.030,8.523,1.000,1.000,0.000,7.100,7.100,0.160,53.194,5.000,99.0,47.0,-2.6666667461395264,11.435897827148438
336.100,12:22:31.041,487.565,1.202,586.145,0.000,0.000,0.000,7.831,8.030,8.523,1.000,1.000,0.000,7.100,7.100,0.160,53.194,5.000,99.0,47.0,-2.6666667461395264,11.435897827148438
336.212,12:22:31.152,487.565,1.202,586.145,0.000,0.000,0.000,7.831,8.030,8.523,1.000,1.000,0.000,7.100,7.100,0.160,53.194,5.000,99.0,47.0,-2.6666667461395264,11.435897827148438
336.326,12:22:31.267,487.565,1.202,586.145,0.000,0.000,0.000,7.831,8.030,8.523,1.000,1.000,0.000,7.100,7.100,0.160,53.194,5.000,99.0,47.0,-2.6666667461395264,11.435897827148438
336.436,12:22:31.569,487.502,1.217,593.527,0.000,0.000,0.000,7.440,8.743,8.425,1.000,1.000,0.000,7.119,7.300,0.161,53.128,5.000,99.0,47.0,-2.8717949390411377,-7.948718070983887
336.740,12:22:31.681,487.502,1.217,593.527,0.000,0.000,0.000,7.440,8.743,8.425,1.000,1.000,0.000,7.119,7.300,0.161,53.128,5.000,99.0,47.0,-2.8717949390411377,-7.948718070983887
336.853,12:22:31.793,487.451,1.240,604.432,0.000,0.000,0.000,8.228,8.891,7.906,1.000,1.000,0.000,7.300,7.300,0.165,53.055,5.000,99.0,47.0,-2.8717949390411377,-7.948718070983887
336.964,12:22:31.905,487.451,1.240,604.432,0.000,0.000,0.000,8.228,8.891,7.906,1.000,1.000,0.000,7.300,7.300,0.165,53.055,5.000,99.0,47.0,-2.8717949390411377,-7.948718070983887
337.076,12:22:32.017,487.451,1.240,604.432,0.000,0.000,0.000,8.228,8.891,7.906,1.000,1.000,0.000,7.300,7.300,0.165,53.055,5.000,99.0,47.0,-2.8717949390411377,-7.948718070983887
337.188,12:22:32.128,487.456,1.266,617.095,0.000,0.000,0.000,8.725,8.924,7.958,1.000,1.000,1.000,7.500,7.500,0.169,53.001,5.000,99.0,47.0,-2.8717949390411377,-7.948718070983887
337.300,12:22:32.241,487.456,1.266,617.095,0.000,0.000,0.000,8.725,8.924,7.958,1.000,1.000,1.000,7.500,7.500,0.169,53.001,5.000,99.0,47.0,-2.8717949390411377,-7.948718070983887
337.412,12:22:32.353,487.456,1.266,617.095,0.000,0.000,0.000,8.725,8.924,7.958,1.000,1.000,1.000,7.500,7.500,0.169,53.001,5.000,99.0,47.0,-2.8717949390411377,-7.948718070983887
337.524,12:22:32.656,487.456,1.266,617.095,0.000,0.000,0.000,8.725,8.924,7.958,1.000,1.000,1.000,7.500,7.500,0.169,53.001,5.000,99.0,47.0,-2.0512821674346924,-10.461538314819336
337.827,12:22:32.768,487.351,1.292,629.559,0.000,0.000,0.000,8.860,9.249,8.097,1.000,1.000,1.000,7.700,7.700,0.174,52.952,5.000,99.0,47.0,-2.0512821674346924,-10.461538314819336
337.939,12:22:32.880,487.351,1.292,629.559,0.000,0.000,0.000,8.860,9.249,8.097,1.000,1.000,1.000,7.700,7.700,0.174,52.952,5.000,99.0,47.0,-2.0512821674346924,-10.461538314819336
338.051,12:22:32.992,487.353,1.319,642.794,0.000,0.000,0.000,8.020,9.495,8.465,1.000,1.000,1.000,7.900,7.900,0.178,52.883,5.000,99.0,47.0,-2.0512821674346924,-10.461538314819336
338.163,12:22:33.103,487.353,1.319,642.794,0.000,0.000,0.000,8.020,9.495,8.465,1.000,1.000,1.000,7.900,7.900,0.178,52.883,5.000,99.0,47.0,-2.0512821674346924,-10.461538314819336
338.275,12:22:33.215,487.353,1.319,642.794,0.000,0.000,0.000,8.020,9.495,8.465,1.000,1.000,1.000,7.900,7.900,0.178,52.883,5.000,99.0,47.0,-2.0512821674346924,-10.461538314819336
338.388,12:22:33.328,487.425,1.308,637.716,0.000,0.000,0.000,7.885,8.637,9.421,1.000,1.000,0.000,7.919,8.100,0.179,52.832,5.000,99.0,47.0,-2.0512821674346924,-10.461538314819336
338.498,12:22:33.439,487.425,1.308,637.716,0.000,0.000,0.000,7.885,8.637,9.421,1.000,1.000,0.000,7.919,8.100,0.179,52.832,5.000,99.0,47.0,-2.0512821674346924,-10.461538314819336
338.612,12:22:33.744,487.425,1.308,637.716,0.000,0.000,0.000,7.885,8.637,9.421,1.000,1.000,0.000,7.919,8.100,0.179,52.832,5.000,99.0,47.0,5.846153736114502,6.974359035491943
338.915,12:22:33.855,487.336,1.341,653.712,0.000,0.000,0.000,9.219,9.062,7.786,1.000,1.000,1.000,8.100,8.100,0.183,52.784,5.000,99.0,47.0,5.846153736114502,6.974359035491943
339.027,12:22:33.967,487.336,1.341,653.712,0.000,0.000,0.000,9.219,9.062,7.786,1.000,1.000,1.000,8.100,8.100,0.183,52.784,5.000,99.0,47.0,5.846153736114502,6.974359035491943
339.138,12:22:34.079,487.336,1.341,653.712,0.000,0.000,0.000,9.219,9.062,7.786,1.000,1.000,1.000,8.100,8.100,0.183,52.784,5.000,99.0,47.0,5.846153736114502,6.974359035491943
339.251,12:22:34.191,487.342,1.359,662.311,0.000,0.000,0.000,8.206,8.792,9.587,1.000,1.000,1.000,8.300,8.300,0.187,52.738,5.000,99.0,47.0,5.846153736114502,6.974359035491943
339.363,12:22:34.303,487.342,1.359,662.311,0.000,0.000,0.000,8.206,8.792,9.587,1.000,1.000,1.000,8.300,8.300,0.187,52.738,5.000,99.0,47.0,5.846153736114502,6.974359035491943
339.474,12:22:34.415,487.342,1.359,662.311,0.000,0.000,0.000,8.206,8.792,9.587,1.000,1.000,1.000,8.300,8.300,0.187,52.738,5.000,99.0,47.0,5.846153736114502,6.974359035491943
339.586,12:22:34.527,487.342,1.359,662.311,0.000,0.000,0.000,8.206,8.792,9.587,1.000,1.000,1.000,8.300,8.300,0.187,52.738,5.000,99.0,47.0,5.846153736114502,6.974359035491943
339.698,12:22:34.831,487.222,1.406,685.016,0.000,0.000,0.000,8.408,10.078,8.608,1.000,1.000,1.000,8.500,8.500,0.192,52.683,5.000,99.0,47.0,-11.79487133026123,11.948718070983887
340.001,12:22:34.942,487.222,1.406,685.016,0.000,0.000,0.000,8.408,10.078,8.608,1.000,1.000,1.000,8.500,8.500,0.192,52.683,5.000,99.0,47.0,-11.79487133026123,11.948718070983887
340.114,12:22:35.055,487.254,1.406,685.272,0.000,0.000,0.000,9.407,9.465,7.762,1.000,1.000,1.000,8.699,8.700,0.196,52.636,5.000,99.0,47.0,-11.79487133026123,11.948718070983887
340.226,12:22:35.167,487.254,1.406,685.272,0.000,0.000,0.000,9.407,9.465,7.762,1.000,1.000,1.000,8.699,8.700,0.196,52.636,5.000,99.0,47.0,-11.79487133026123,11.948718070983887
340.338,12:22:35.279,487.254,1.406,685.272,0.000,0.000,0.000,9.407,9.465,7.762,1.000,1.000,1.000,8.699,8.700,0.196,52.636,5.000,99.0,47.0,-11.79487133026123,11.948718070983887
340.450,12:22:35.391,487.266,1.417,690.244,0.000,0.000,0.000,9.689,9.217,8.299,1.000,1.000,0.000,8.718,8.900,0.197,52.614,5.000,99.0,47.0,-11.79487133026123,11.948718070983887
340.561,12:22:35.502,487.266,1.417,690.244,0.000,0.000,0.000,9.689,9.217,8.299,1.000,1.000,0.000,8.718,8.900,0.197,52.614,5.000,99.0,47.0,-11.79487133026123,11.948718070983887
340.673,12:22:35.614,487.266,1.417,690.244,0.000,0.000,0.000,9.689,9.217,8.299,1.000,1.000,0.000,8.718,8.900,0.197,52.614,5.000,99.0,47.0,-11.79487133026123,11.948718070983887
340.786,12:22:35.918,487.266,1.417,690.244,0.000,0.000,0.000,9.689,9.217,8.299,1.000,1.000,0.000,8.718,8.900,0.197,52.614,5.000,99.0,47.0,12.564102172851562,-8.923076629638672
341.089,12:22:36.030,487.243,1.436,699.581,0.000,0.000,0.000,9.517,9.700,7.845,1.000,1.000,1.000,8.899,8.900,0.201,52.567,5.000,99.0,47.0,12.564102172851562,-8.923076629638672
341.201,12:22:36.142,487.243,1.436,699.581,0.000,0.000,0.000,9.517,9.700,7.845,1.000,1.000,1.000,8.899,8.900,0.201,52.567,5.000,99.0,47.0,12.564102172851562,-8.923076629638672
341.313,12:22:36.254,487.165,1.463,712.753,0.000,0.000,0.000,8.661,10.509,8.932,1.000,1.000,1.000,9.099,9.100,0.205,52.495,5.000,99.0,47.0,12.564102172851562,-8.923076629638672
341.425,12:22:36.366,487.165,1.463,712.753,0.000,0.000,0.000,8.661,10.509,8.932,1.000,1.000,1.000,9.099,9.100,0.205,52.495,5.000,99.0,47.0,12.564102172851562,-8.923076629638672
341.538,12:22:36.478,487.165,1.463,712.753,0.000,0.000,0.000,8.661,10.509,8.932,1.000,1.000,1.000,9.099,9.100,0.205,52.495,5.000,99.0,47.0,12.564102172851562,-8.923076629638672
341.648,12:22:36.589,487.064,1.494,727.768,0.000,0.000,0.000,8.589,9.282,10.251,1.000,1.000,1.000,9.299,9.300,0.210,52.456,5.000,99.0,47.0,12.564102172851562,-8.923076629638672
341.762,12:22:36.702,487.064,1.494,727.768,0.000,0.000,0.000,8.589,9.282,10.251,1.000,1.000,1.000,9.299,9.300,0.210,52.456,5.000,99.0,47.0,12.564102172851562,-8.923076629638672
341.873,12:22:37.005,487.064,1.494,727.768,0.000,0.000,0.000,8.589,9.282,10.251,1.000,1.000,1.000,9.299,9.300,0.210,52.456,5.000,99.0,47.0,9.230769157409668,-13.333333015441895
342.176,12:22:37.117,487.046,1.500,730.679,0.000,0.000,0.000,9.977,9.642,8.354,1.000,1.000,0.000,9.499,9.500,0.215,52.376,5.000,99.0,47.0,9.230769157409668,-13.333333015441895
342.289,12:22:37.230,487.046,1.500,730.679,0.000,0.000,0.000,9.977,9.642,8.354,1.000,1.000,0.000,9.499,9.500,0.215,52.376,5.000,99.0,47.0,9.230769157409668,-13.333333015441895
342.401,12:22:37.341,487.046,1.500,730.679,0.000,0.000,0.000,9.977,9.642,8.354,1.000,1.000,0.000,9.499,9.500,0.215,52.376,5.000,99.0,47.0,9.230769157409668,-13.333333015441895
342.513,12:22:37.453,487.074,1.502,731.540,0.000,0.000,0.000,8.688,9.254,10.370,1.000,1.000,0.000,9.518,9.700,0.215,52.284,5.000,99.0,47.0,9.230769157409668,-13.333333015441895
342.624,12:22:37.565,487.074,1.502,731.540,0.000,0.000,0.000,8.688,9.254,10.370,1.000,1.000,0.000,9.518,9.700,0.215,52.284,5.000,99.0,47.0,9.230769157409668,-13.333333015441895
342.736,12:22:37.677,487.074,1.502,731.540,0.000,0.000,0.000,8.688,9.254,10.370,1.000,1.000,0.000,9.518,9.700,0.215,52.284,5.000,99.0,47.0,9.230769157409668,-13.333333015441895
342.848,12:22:37.789,487.074,1.502,731.540,0.000,0.000,0.000,8.688,9.254,10.370,1.000,1.000,0.000,9.518,9.700,0.215,52.284,5.000,99.0,47.0,9.230769157409668,-13.333333015441895
342.960,12:22:38.092,487.015,1.532,746.108,0.000,0.000,0.000,8.427,10.505,9.124,1.000,1.000,1.000,9.699,9.700,0.219,52.176,5.000,99.0,47.0,6.512820720672607,5.230769157409668
343.263,12:22:38.204,486.930,1.559,759.212,0.000,0.000,0.000,9.730,10.475,8.733,1.000,1.000,1.000,9.900,9.900,0.224,52.090,5.000,99.0,47.0,6.512820720672607,5.230769157409668
343.375,12:22:38.316,486.930,1.559,759.212,0.000,0.000,0.000,9.730,10.475,8.733,1.000,1.000,1.000,9.900,9.900,0.224,52.090,5.000,99.0,47.0,6.512820720672607,5.230769157409668
343.488,12:22:38.429,486.930,1.559,759.212,0.000,0.000,0.000,9.730,10.475,8.733,1.000,1.000,1.000,9.900,9.900,0.224,52.090,5.000,99.0,47.0,6.512820720672607,5.230769157409668
343.599,12:22:38.540,486.930,1.559,759.212,0.000,0.000,0.000,9.730,10.475,8.733,1.000,1.000,1.000,9.900,9.900,0.224,52.090,5.000,99.0,47.0,6.512820720672607,5.230769157409668
343.712,12:22:38.653,486.740,1.610,783.621,0.000,0.000,0.000,10.034,10.285,8.788,1.000,1.000,1.000,10.319,10.500,0.233,52.028,5.000,99.0,47.0,6.512820720672607,5.230769157409668
343.823,12:22:38.764,486.740,1.610,783.621,0.000,0.000,0.000,10.034,10.285,8.788,1.000,1.000,1.000,10.319,10.500,0.233,52.028,5.000,99.0,47.0,6.512820720672607,5.230769157409668
343.936,12:22:38.877,486.740,1.610,783.621,0.000,0.000,0.000,10.034,10.285,8.788,1.000,1.000,1.000,10.319,10.500,0.233,52.028,5.000,99.0,47.0,6.512820720672607,5.230769157409668
344.047,12:22:39.180,486.740,1.610,783.621,0.000,0.000,0.000,10.034,10.285,8.788,1.000,1.000,1.000,10.319,10.500,0.233,52.028,5.000,99.0,47.0,7.794871807098389,-14.461538314819336
344.351,12:22:39.292,486.320,1.727,839.811,0.000,0.000,0.000,9.206,10.396,10.487,1.000,1.000,0.000,11.118,11.300,0.251,51.868,5.000,99.0,47.0,7.794871807098389,-14.461538314819336
344.463,12:22:39.403,486.320,1.727,839.811,0.000,0.000,0.000,9.206,10.396,10.487,1.000,1.000,0.000,11.118,11.300,0.251,51.868,5.000,99.0,47.0,7.794871807098389,-14.461538314819336
344.574,12:22:39.515,485.883,1.847,897.302,0.000,0.000,0.000,9.746,10.496,10.491,1.000,1.000,0.000,11.918,12.100,0.270,51.733,5.000,99.0,47.0,7.794871807098389,-14.461538314819336
344.687,12:22:39.628,485.883,1.847,897.302,0.000,0.000,0.000,9.746,10.496,10.491,1.000,1.000,0.000,11.918,12.100,0.270,51.733,5.000,99.0,47.0,7.794871807098389,-14.461538314819336
344.799,12:22:39.739,485.883,1.847,897.302,0.000,0.000,0.000,9.746,10.496,10.491,1.000,1.000,0.000,11.918,12.100,0.270,51.733,5.000,99.0,47.0,7.794871807098389,-14.461538314819336
344.912,12:22:39.852,485.404,1.971,956.504,0.000,0.000,0.000,10.282,10.795,10.359,1.000,1.000,1.000,12.719,12.900,0.288,51.695,5.000,99.0,47.0,7.794871807098389,-14.461538314819336
345.024,12:22:39.964,485.404,1.971,956.504,0.000,0.000,0.000,10.282,10.795,10.359,1.000,1.000,1.000,12.719,12.900,0.288,51.695,5.000,99.0,47.0,7.794871807098389,-14.461538314819336
345.135,12:22:40.268,485.404,1.971,956.504,0.000,0.000,0.000,10.282,10.795,10.359,1.000,1.000,1.000,12.719,12.900,0.288,51.695,5.000,99.0,47.0,12.717948913574219,-12.615385055541992
345.439,12:22:40.380,484.947,2.112,1023.987,0.000,0.000,0.000,10.586,11.242,10.269,1.000,1.000,1.000,13.518,13.700,0.307,51.592,5.000,99.0,47.0,12.717948913574219,-12.615385055541992
345.550,12:22:40.491,484.947,2.112,1023.987,0.000,0.000,0.000,10.586,11.242,10.269,1.000,1.000,1.000,13.518,13.700,0.307,51.592,5.000,99.0,47.0,12.717948913574219,-12.615385055541992
345.662,12:22:40.603,484.947,2.112,1023.987,0.000,0.000,0.000,10.586,11.242,10.269,1.000,1.000,1.000,13.518,13.700,0.307,51.592,5.000,99.0,47.0,12.717948913574219,-12.615385055541992
345.775,12:22:40.715,484.373,2.257,1093.365,0.000,0.000,0.000,10.979,11.358,10.179,1.000,1.000,0.000,14.318,14.500,0.325,51.541,5.000,99.0,47.0,12.717948913574219,-12.615385055541992
345.887,12:22:40.827,484.373,2.257,1093.365,0.000,0.000,0.000,10.979,11.358,10.179,1.000,1.000,0.000,14.318,14.500,0.325,51.541,5.000,99.0,47.0,12.717948913574219,-12.615385055541992
345.998,12:22:40.938,484.373,2.257,1093.365,0.000,0.000,0.000,10.979,11.358,10.179,1.000,1.000,0.000,14.318,14.500,0.325,51.541,5.000,99.0,47.0,12.717948913574219,-12.615385055541992
346.110,12:22:41.051,483.836,2.406,1164.148,0.000,0.000,0.000,10.599,10.818,11.572,1.000,1.000,1.000,15.119,15.300,0.344,51.520,5.000,99.0,47.0,12.717948913574219,-12.615385055541992
346.223,12:22:41.355,483.836,2.406,1164.148,0.000,0.000,0.000,10.599,10.818,11.572,1.000,1.000,1.000,15.119,15.300,0.344,51.520,5.000,99.0,47.0,-12.615385055541992,14.717948913574219
346.527,12:22:41.467,483.190,2.562,1238.111,0.000,0.000,0.000,11.563,10.947,10.823,1.000,1.000,0.000,15.919,16.100,0.362,51.207,5.000,99.0,47.0,-12.615385055541992,14.717948913574219
346.637,12:22:41.578,483.190,2.562,1238.111,0.000,0.000,0.000,11.563,10.947,10.823,1.000,1.000,0.000,15.919,16.100,0.362,51.207,5.000,99.0,47.0,-12.615385055541992,14.717948913574219
346.750,12:22:41.691,483.190,2.562,1238.111,0.000,0.000,0.000,11.563,10.947,10.823,1.000,1.000,0.000,15.919,16.100,0.362,51.207,5.000,99.0,47.0,-12.615385055541992,14.717948913574219
346.862,12:22:41.802,483.190,2.562,1238.111,0.000,0.000,0.000,11.563,10.947,10.823,1.000,1.000,0.000,15.919,16.100,0.362,51.207,5.000,99.0,47.0,-12.615385055541992,14.717948913574219
346.973,12:22:41.914,482.325,2.805,1352.723,0.000,0.000,0.000,10.745,12.431,11.476,1.000,1.000,0.000,16.720,16.900,0.381,50.784,5.000,99.0,47.0,-12.615385055541992,14.717948913574219
347.085,12:22:42.026,482.325,2.805,1352.723,0.000,0.000,0.000,10.745,12.431,11.476,1.000,1.000,0.000,16.720,16.900,0.381,50.784,5.000,99.0,47.0,-12.615385055541992,14.717948913574219
347.197,12:22:42.138,482.325,2.805,1352.723,0.000,0.000,0.000,10.745,12.431,11.476,1.000,1.000,0.000,16.720,16.900,0.381,50.784,5.000,99.0,47.0,-12.615385055541992,14.717948913574219
347.310,12:22:42.442,482.325,2.805,1352.723,0.000,0.000,0.000,10.745,12.431,11.476,1.000,1.000,0.000,16.720,16.900,0.381,50.784,5.000,99.0,47.0,-10.15384578704834,-7.435897350311279
347.613,12:22:42.553,481.666,2.958,1424.801,0.000,0.000,0.000,11.644,12.039,11.182,1.000,1.000,0.000,17.519,17.700,0.400,50.822,5.000,99.0,47.0,-10.15384578704834,-7.435897350311279
347.742,12:22:42.683,480.918,3.152,1515.847,0.000,0.000,0.000,11.428,12.421,11.703,1.000,1.000,0.000,18.319,18.500,0.419,50.811,5.000,99.0,47.0,-10.15384578704834,-7.435897350311279
347.854,12:22:42.795,480.918,3.152,1515.847,0.000,0.000,0.000,11.428,12.421,11.703,1.000,1.000,0.000,18.319,18.500,0.419,50.811,5.000,99.0,47.0,-10.15384578704834,-7.435897350311279
347.966,12:22:42.906,480.918,3.152,1515.847,0.000,0.000,0.000,11.428,12.421,11.703,1.000,1.000,0.000,18.319,18.500,0.419,50.811,5.000,99.0,47.0,-10.15384578704834,-7.435897350311279
348.077,12:22:43.018,480.918,3.152,1515.847,0.000,0.000,0.000,11.428,12.421,11.703,1.000,1.000,0.000,18.319,18.500,0.419,50.811,5.000,99.0,47.0,-10.15384578704834,-7.435897350311279
348.189,12:22:43.130,480.085,3.353,1609.724,0.000,0.000,0.000,11.819,12.217,11.911,1.000,1.000,0.000,19.118,19.300,0.438,50.807,5.000,99.0,47.0,-10.15384578704834,-7.435897350311279
348.300,12:22:43.241,480.085,3.353,1609.724,0.000,0.000,0.000,11.819,12.217,11.911,1.000,1.000,0.000,19.118,19.300,0.438,50.807,5.000,99.0,47.0,-10.15384578704834,-7.435897350311279
348.412,12:22:43.546,480.085,3.353,1609.724,0.000,0.000,0.000,11.819,12.217,11.911,1.000,1.000,0.000,19.118,19.300,0.438,50.807,5.000,99.0,47.0,17.743589401245117,-5.589743614196777
348.717,12:22:43.658,479.237,3.575,1713.115,0.000,0.000,0.000,11.673,12.821,12.039,1.000,1.000,0.000,19.919,20.100,0.457,50.879,5.000,99.0,47.0,17.743589401245117,-5.589743614196777
348.828,12:22:43.769,479.237,3.575,1713.115,0.000,0.000,0.000,11.673,12.821,12.039,1.000,1.000,0.000,19.919,20.100,0.457,50.879,5.000,99.0,47.0,17.743589401245117,-5.589743614196777
348.941,12:22:43.882,479.237,3.575,1713.115,0.000,0.000,0.000,11.673,12.821,12.039,1.000,1.000,0.000,19.919,20.100,0.457,50.879,5.000,99.0,47.0,17.743589401245117,-5.589743614196777
349.053,12:22:43.993,478.240,3.813,1823.291,0.000,0.000,0.000,11.615,12.923,12.793,1.000,1.000,0.000,20.718,20.900,0.477,51.052,5.000,99.0,47.0,17.743589401245117,-5.589743614196777
349.165,12:22:44.106,478.240,3.813,1823.291,0.000,0.000,0.000,11.615,12.923,12.793,1.000,1.000,0.000,20.718,20.900,0.477,51.052,5.000,99.0,47.0,17.743589401245117,-5.589743614196777
349.277,12:22:44.217,478.240,3.813,1823.291,0.000,0.000,0.000,11.615,12.923,12.793,1.000,1.000,0.000,20.718,20.900,0.477,51.052,5.000,99.0,47.0,17.743589401245117,-5.589743614196777
349.388,12:22:44.329,477.252,4.051,1933.236,0.000,0.000,0.000,11.920,13.642,12.445,1.000,1.000,0.000,21.519,21.700,0.496,51.242,5.000,99.0,47.0,17.743589401245117,-5.589743614196777
349.501,12:22:44.633,477.252,4.051,1933.236,0.000,0.000,0.000,11.920,13.642,12.445,1.000,1.000,0.000,21.519,21.700,0.496,51.242,5.000,99.0,47.0,-8.974358558654785,10.51282024383545
349.804,12:22:44.745,476.125,4.313,2053.457,0.000,0.000,0.000,12.665,12.556,13.042,1.000,1.000,0.000,22.319,22.500,0.516,51.433,5.000,99.0,47.0,-8.974358558654785,10.51282024383545
349.916,12:22:44.856,476.125,4.313,2053.457,0.000,0.000,0.000,12.665,12.556,13.042,1.000,1.000,0.000,22.319,22.500,0.516,51.433,5.000,99.0,47.0,-8.974358558654785,10.51282024383545
350.027,12:22:44.968,476.125,4.313,2053.457,0.000,0.000,0.000,12.665,12.556,13.042,1.000,1.000,0.000,22.319,22.500,0.516,51.433,5.000,99.0,47.0,-8.974358558654785,10.51282024383545
350.139,12:22:45.080,476.125,4.313,2053.457,0.000,0.000,0.000,12.665,12.556,13.042,1.000,1.000,0.000,22.319,22.500,0.516,51.433,5.000,99.0,47.0,-8.974358558654785,10.51282024383545
350.252,12:22:45.192,474.854,4.612,2190.252,0.000,0.000,0.000,13.027,12.860,12.968,1.000,1.000,0.000,23.118,23.300,0.536,51.575,5.000,99.0,47.0,-8.974358558654785,10.51282024383545
350.364,12:22:45.305,474.854,4.612,2190.252,0.000,0.000,0.000,13.027,12.860,12.968,1.000,1.000,0.000,23.118,23.300,0.536,51.575,5.000,99.0,47.0,-8.974358558654785,10.51282024383545
350.476,12:22:45.417,474.854,4.612,2190.252,0.000,0.000,0.000,13.027,12.860,12.968,1.000,1.000,0.000,23.118,23.300,0.536,51.575,5.000,99.0,47.0,-8.974358558654785,10.51282024383545
350.587,12:22:45.719,473.667,4.897,2319.712,0.000,0.000,0.000,12.639,13.610,13.546,1.000,1.000,0.000,23.919,24.100,0.555,51.681,5.000,99.0,47.0,11.435897827148438,-19.897436141967773
350.890,12:22:45.831,473.667,4.897,2319.712,0.000,0.000,0.000,12.639,13.610,13.546,1.000,1.000,0.000,23.919,24.100,0.555,51.681,5.000,99.0,47.0,11.435897827148438,-19.897436141967773
351.002,12:22:45.943,472.333,5.218,2464.827,0.000,0.000,0.000,13.181,13.647,13.334,1.000,1.000,0.000,24.718,24.900,0.576,51.740,5.000,99.0,47.0,11.435897827148438,-19.897436141967773
351.115,12:22:46.056,472.333,5.218,2464.827,0.000,0.000,0.000,13.181,13.647,13.334,1.000,1.000,0.000,24.718,24.900,0.576,51.740,5.000,99.0,47.0,11.435897827148438,-19.897436141967773
351.226,12:22:46.167,472.333,5.218,2464.827,0.000,0.000,0.000,13.181,13.647,13.334,1.000,1.000,0.000,24.718,24.900,0.576,51.740,5.000,99.0,47.0,11.435897827148438,-19.897436141967773
351.339,12:22:46.280,472.333,5.218,2464.827,0.000,0.000,0.000,13.181,13.647,13.334,1.000,1.000,0.000,24.718,24.900,0.576,51.740,5.000,99.0,47.0,11.435897827148438,-19.897436141967773
351.451,12:22:46.391,470.907,5.538,2607.961,0.000,0.000,0.000,13.191,14.097,13.776,1.000,1.000,0.000,25.519,25.700,0.596,51.810,5.000,99.0,47.0,11.435897827148438,-19.897436141967773
351.564,12:22:46.504,470.907,5.538,2607.961,0.000,0.000,0.000,13.191,14.097,13.776,1.000,1.000,0.000,25.519,25.700,0.596,51.810,5.000,99.0,47.0,11.435897827148438,-19.897436141967773
351.675,12:22:46.823,470.907,5.538,2607.961,0.000,0.000,0.000,13.191,14.097,13.776,1.000,1.000,0.000,25.519,25.700,0.596,51.810,5.000,99.0,47.0,-1.4871795177459717,17.179487228393555
351.994,12:22:46.935,469.290,5.913,2774.868,0.000,0.000,0.000,13.660,14.403,13.389,1.000,1.000,0.000,26.318,26.500,0.617,51.881,5.000,99.0,47.0,-1.4871795177459717,17.179487228393555
352.107,12:22:47.048,469.290,5.913,2774.868,0.000,0.000,0.000,13.660,14.403,13.389,1.000,1.000,0.000,26.318,26.500,0.617,51.881,5.000,99.0,47.0,-1.4871795177459717,17.179487228393555
352.219,12:22:47.159,467.599,6.269,2931.270,0.000,0.000,0.000,13.352,15.073,13.949,1.000,1.000,0.000,27.119,27.300,0.638,51.916,5.000,99.0,47.0,-1.4871795177459717,17.179487228393555
352.331,12:22:47.271,467.599,6.269,2931.270,0.000,0.000,0.000,13.352,15.073,13.949,1.000,1.000,0.000,27.119,27.300,0.638,51.916,5.000,99.0,47.0,-1.4871795177459717,17.179487228393555
352.442,12:22:47.383,467.599,6.269,2931.270,0.000,0.000,0.000,13.352,15.073,13.949,1.000,1.000,0.000,27.119,27.300,0.638,51.916,5.000,99.0,47.0,-1.4871795177459717,17.179487228393555
352.555,12:22:47.495,467.599,6.269,2931.270,0.000,0.000,0.000,13.352,15.073,13.949,1.000,1.000,0.000,27.119,27.300,0.638,51.916,5.000,99.0,47.0,-1.4871795177459717,17.179487228393555
352.667,12:22:47.607,465.495,6.689,3113.764,0.000,0.000,0.000,13.861,15.339,13.700,1.000,1.000,0.000,27.918,28.100,0.660,51.991,5.000,99.0,47.0,-1.4871795177459717,17.179487228393555
352.777,12:22:47.910,465.495,6.689,3113.764,0.000,0.000,0.000,13.861,15.339,13.700,1.000,1.000,0.000,27.918,28.100,0.660,51.991,5.000,99.0,47.0,-14.615385055541992,7.487179279327393
353.083,12:22:48.023,462.668,7.239,3349.170,0.000,0.000,0.000,14.377,14.434,15.121,1.000,1.000,0.000,28.719,28.900,0.683,52.055,5.000,99.0,47.0,-14.615385055541992,7.487179279327393
353.194,12:22:48.135,462.668,7.239,3349.170,0.000,0.000,0.000,14.377,14.434,15.121,1.000,1.000,0.000,28.719,28.900,0.683,52.055,5.000,99.0,47.0,-14.615385055541992,7.487179279327393
353.306,12:22:48.247,462.668,7.239,3349.170,0.000,0.000,0.000,14.377,14.434,15.121,1.000,1.000,0.000,28.719,28.900,0.683,52.055,5.000,99.0,47.0,-14.615385055541992,7.487179279327393
353.418,12:22:48.358,457.367,8.181,3741.795,0.000,0.000,0.000,15.287,15.141,14.940,1.000,1.000,0.000,29.519,29.700,0.710,52.119,5.000,99.0,47.0,-14.615385055541992,7.487179279327393
353.529,12:22:48.470,457.367,8.181,3741.795,0.000,0.000,0.000,15.287,15.141,14.940,1.000,1.000,0.000,29.519,29.700,0.710,52.119,5.000,99.0,47.0,-14.615385055541992,7.487179279327393
353.641,12:22:48.582,457.367,8.181,3741.795,0.000,0.000,0.000,15.287,15.141,14.940,1.000,1.000,0.000,29.519,29.700,0.710,52.119,5.000,99.0,47.0,-14.615385055541992,7.487179279327393
353.754,12:22:48.694,457.367,8.181,3741.795,0.000,0.000,0.000,15.287,15.141,14.940,1.000,1.000,0.000,29.519,29.700,0.710,52.119,5.000,99.0,47.0,-14.615385055541992,7.487179279327393
353.866,12:22:48.998,443.939,10.112,4489.123,0.000,0.000,0.000,15.753,16.290,16.541,1.000,1.000,0.000,30.318,30.500,0.751,52.208,5.000,99.0,47.0,-12.974358558654785,21.179487228393555
354.169,12:22:49.110,443.939,10.112,4489.123,0.000,0.000,0.000,15.753,16.290,16.541,1.000,1.000,0.000,30.318,30.500,0.751,52.208,5.000,99.0,47.0,-12.974358558654785,21.179487228393555
354.280,12:22:49.221,436.600,10.963,4786.495,0.000,0.000,0.000,16.498,17.205,16.489,1.000,1.000,0.000,30.280,30.100,0.763,52.299,5.000,99.0,47.0,-12.974358558654785,21.179487228393555
354.393,12:22:49.333,436.600,10.963,4786.495,0.000,0.000,0.000,16.498,17.205,16.489,1.000,1.000,0.000,30.280,30.100,0.763,52.299,5.000,99.0,47.0,-12.974358558654785,21.179487228393555
354.505,12:22:49.445,436.600,10.963,4786.495,0.000,0.000,0.000,16.498,17.205,16.489,1.000,1.000,0.000,30.280,30.100,0.763,52.299,5.000,99.0,47.0,-12.974358558654785,21.179487228393555
354.617,12:22:49.557,436.600,10.963,4786.495,0.000,0.000,0.000,16.498,17.205,16.489,1.000,1.000,0.000,30.280,30.100,0.763,52.299,5.000,99.0,47.0,-12.974358558654785,21.179487228393555
354.730,12:22:49.670,443.540,10.213,4530.052,0.000,0.000,0.000,16.113,17.085,15.918,1.000,1.000,0.000,29.481,29.300,0.731,52.371,5.000,99.0,47.0,-12.974358558654785,21.179487228393555
354.840,12:22:49.781,443.540,10.213,4530.052,0.000,0.000,0.000,16.113,17.085,15.918,1.000,1.000,0.000,29.481,29.300,0.731,52.371,5.000,99.0,47.0,-12.974358558654785,21.179487228393555
354.952,12:22:50.085,443.540,10.213,4530.052,0.000,0.000,0.000,16.113,17.085,15.918,1.000,1.000,0.000,29.481,29.300,0.731,52.371,5.000,99.0,47.0,13.384614944458008,5.846153736114502
355.256,12:22:50.197,442.874,10.292,4557.858,0.000,0.000,0.000,16.109,16.395,16.738,1.000,1.000,0.000,29.918,30.100,0.743,52.382,5.000,99.0,47.0,13.384614944458008,5.846153736114502
355.368,12:22:50.309,442.874,10.292,4557.858,0.000,0.000,0.000,16.109,16.395,16.738,1.000,1.000,0.000,29.918,30.100,0.743,52.382,5.000,99.0,47.0,13.384614944458008,5.846153736114502
355.481,12:22:50.422,440.605,10.558,4652.110,0.000,0.000,0.000,16.353,16.676,16.773,1.000,1.000,0.000,29.880,29.700,0.746,52.474,5.000,99.0,47.0,13.384614944458008,5.846153736114502
355.592,12:22:50.532,440.605,10.558,4652.110,0.000,0.000,0.000,16.353,16.676,16.773,1.000,1.000,0.000,29.880,29.700,0.746,52.474,5.000,99.0,47.0,13.384614944458008,5.846153736114502
355.704,12:22:50.645,440.605,10.558,4652.110,0.000,0.000,0.000,16.353,16.676,16.773,1.000,1.000,0.000,29.880,29.700,0.746,52.474,5.000,99.0,47.0,13.384614944458008,5.846153736114502
355.816,12:22:50.757,440.605,10.558,4652.110,0.000,0.000,0.000,16.353,16.676,16.773,1.000,1.000,0.000,29.880,29.700,0.746,52.474,5.000,99.0,47.0,13.384614944458008,5.846153736114502
355.927,12:22:50.868,443.199,10.270,4551.474,0.000,0.000,0.000,15.583,16.584,16.874,1.000,1.000,0.000,29.918,30.100,0.743,52.525,5.000,99.0,47.0,13.384614944458008,5.846153736114502
356.040,12:22:51.173,443.199,10.270,4551.474,0.000,0.000,0.000,15.583,16.584,16.874,1.000,1.000,0.000,29.918,30.100,0.743,52.525,5.000,99.0,47.0,16.205127716064453,-19.179487228393555
356.344,12:22:51.285,440.652,10.568,4656.772,0.000,0.000,0.000,15.866,16.791,17.036,1.000,1.000,0.000,29.880,29.700,0.746,52.582,5.000,99.0,47.0,16.205127716064453,-19.179487228393555
356.455,12:22:51.396,440.652,10.568,4656.772,0.000,0.000,0.000,15.866,16.791,17.036,1.000,1.000,0.000,29.880,29.700,0.746,52.582,5.000,99.0,47.0,16.205127716064453,-19.179487228393555
356.568,12:22:51.509,440.652,10.568,4656.772,0.000,0.000,0.000,15.866,16.791,17.036,1.000,1.000,0.000,29.880,29.700,0.746,52.582,5.000,99.0,47.0,16.205127716064453,-19.179487228393555
356.679,12:22:51.620,443.679,10.237,4541.853,0.000,0.000,0.000,15.416,17.019,16.567,1.000,1.000,0.000,29.918,30.100,0.742,52.604,5.000,99.0,47.0,16.205127716064453,-19.179487228393555
356.791,12:22:51.732,443.679,10.237,4541.853,0.000,0.000,0.000,15.416,17.019,16.567,1.000,1.000,0.000,29.918,30.100,0.742,52.604,5.000,99.0,47.0,16.205127716064453,-19.179487228393555
356.904,12:22:51.845,443.679,10.237,4541.853,0.000,0.000,0.000,15.416,17.019,16.567,1.000,1.000,0.000,29.918,30.100,0.742,52.604,5.000,99.0,47.0,16.205127716064453,-19.179487228393555
357.016,12:22:51.957,443.679,10.237,4541.853,0.000,0.000,0.000,15.416,17.019,16.567,1.000,1.000,0.000,29.918,30.100,0.742,52.604,5.000,99.0,47.0,16.205127716064453,-19.179487228393555
357.127,12:22:52.260,444.284,10.169,4517.873,0.000,0.000,0.000,15.512,17.249,16.325,1.000,1.000,0.000,29.519,29.700,0.731,52.666,5.000,99.0,47.0,20.769229888916016,-16.871795654296875
357.431,12:22:52.372,444.284,10.169,4517.873,0.000,0.000,0.000,15.512,17.249,16.325,1.000,1.000,0.000,29.519,29.700,0.731,52.666,5.000,99.0,47.0,20.769229888916016,-16.871795654296875
357.542,12:22:52.483,440.587,10.602,4671.029,0.000,0.000,0.000,16.198,17.270,16.280,1.000,1.000,0.000,30.280,30.100,0.756,52.667,5.000,99.0,47.0,20.769229888916016,-16.871795654296875
357.654,12:22:52.595,440.587,10.602,4671.029,0.000,0.000,0.000,16.198,17.270,16.280,1.000,1.000,0.000,30.280,30.100,0.756,52.667,5.000,99.0,47.0,20.769229888916016,-16.871795654296875
357.768,12:22:52.709,440.587,10.602,4671.029,0.000,0.000,0.000,16.198,17.270,16.280,1.000,1.000,0.000,30.280,30.100,0.756,52.667,5.000,99.0,47.0,20.769229888916016,-16.871795654296875
357.896,12:22:52.836,444.535,10.159,4515.815,0.000,0.000,0.000,15.916,17.162,15.974,1.000,1.000,0.000,29.519,29.700,0.730,52.705,5.000,99.0,47.0,20.769229888916016,-16.871795654296875
358.006,12:22:52.947,444.535,10.159,4515.815,0.000,0.000,0.000,15.916,17.162,15.974,1.000,1.000,0.000,29.519,29.700,0.730,52.705,5.000,99.0,47.0,20.769229888916016,-16.871795654296875
358.119,12:22:53.060,444.535,10.159,4515.815,0.000,0.000,0.000,15.916,17.162,15.974,1.000,1.000,0.000,29.519,29.700,0.730,52.705,5.000,99.0,47.0,20.769229888916016,-16.871795654296875
358.230,12:22:53.363,444.535,10.159,4515.815,0.000,0.000,0.000,15.916,17.162,15.974,1.000,1.000,0.000,29.519,29.700,0.730,52.705,5.000,99.0,47.0,24.461538314819336,-13.179487228393555
358.534,12:22:53.475,446.084,9.971,4447.784,0.000,0.000,0.000,15.279,16.570,16.675,1.000,1.000,0.000,29.519,29.700,0.728,52.678,5.000,99.0,47.0,24.461538314819336,-13.179487228393555
358.646,12:22:53.586,446.084,9.971,4447.784,0.000,0.000,0.000,15.279,16.570,16.675,1.000,1.000,0.000,29.519,29.700,0.728,52.678,5.000,99.0,47.0,24.461538314819336,-13.179487228393555
358.758,12:22:53.698,439.547,10.733,4717.812,0.000,0.000,0.000,15.802,17.290,16.727,1.000,1.000,0.000,30.280,30.100,0.758,52.738,5.000,99.0,47.0,24.461538314819336,-13.179487228393555
358.871,12:22:53.811,439.547,10.733,4717.812,0.000,0.000,0.000,15.802,17.290,16.727,1.000,1.000,0.000,30.280,30.100,0.758,52.738,5.000,99.0,47.0,24.461538314819336,-13.179487228393555
358.982,12:22:53.923,439.547,10.733,4717.812,0.000,0.000,0.000,15.802,17.290,16.727,1.000,1.000,0.000,30.280,30.100,0.758,52.738,5.000,99.0,47.0,24.461538314819336,-13.179487228393555
359.094,12:22:54.035,439.547,10.733,4717.812,0.000,0.000,0.000,15.802,17.290,16.727,1.000,1.000,0.000,30.280,30.100,0.758,52.738,5.000,99.0,47.0,24.461538314819336,-13.179487228393555
359.205,12:22:54.146,443.172,10.330,4577.993,0.000,0.000,0.000,15.444,17.055,16.418,1.000,1.000,0.000,29.918,30.100,0.743,52.732,5.000,99.0,47.0,24.461538314819336,-13.179487228393555
359.317,12:22:54.450,443.172,10.330,4577.993,0.000,0.000,0.000,15.444,17.055,16.418,1.000,1.000,0.000,29.918,30.100,0.743,52.732,5.000,99.0,47.0,23.58974266052246,-23.94871711730957
359.621,12:22:54.562,446.033,9.996,4458.610,0.000,0.000,0.000,15.487,17.215,16.082,1.000,1.000,0.000,29.519,29.700,0.728,52.718,5.000,99.0,47.0,23.58974266052246,-23.94871711730957
359.733,12:22:54.674,446.033,9.996,4458.610,0.000,0.000,0.000,15.487,17.215,16.082,1.000,1.000,0.000,29.519,29.700,0.728,52.718,5.000,99.0,47.0,23.58974266052246,-23.94871711730957
359.845,12:22:54.786,446.033,9.996,4458.610,0.000,0.000,0.000,15.487,17.215,16.082,1.000,1.000,0.000,29.519,29.700,0.728,52.718,5.000,99.0,47.0,23.58974266052246,-23.94871711730957
359.958,12:22:54.898,443.460,10.305,4570.001,0.000,0.000,0.000,16.394,16.643,16.092,1.000,1.000,0.000,29.918,30.100,0.742,52.737,5.000,99.0,47.0,23.58974266052246,-23.94871711730957
360.069,12:22:55.010,443.460,10.305,4570.001,0.000,0.000,0.000,16.394,16.643,16.092,1.000,1.000,0.000,29.918,30.100,0.742,52.737,5.000,99.0,47.0,23.58974266052246,-23.94871711730957
360.181,12:22:55.121,443.460,10.305,4570.001,0.000,0.000,0.000,16.394,16.643,16.092,1.000,1.000,0.000,29.918,30.100,0.742,52.737,5.000,99.0,47.0,23.58974266052246,-23.94871711730957
360.292,12:22:55.233,443.460,10.305,4570.001,0.000,0.000,0.000,16.394,16.643,16.092,1.000,1.000,0.000,29.918,30.100,0.742,52.737,5.000,99.0,47.0,23.58974266052246,-23.94871711730957
360.404,12:22:55.537,442.730,10.396,4602.678,0.000,0.000,0.000,16.484,16.709,16.303,1.000,1.000,0.000,29.918,30.100,0.743,52.754,5.000,99.0,47.0,18.820512771606445,-26.256410598754883
360.709,12:22:55.650,442.730,10.396,4602.678,0.000,0.000,0.000,16.484,16.709,16.303,1.000,1.000,0.000,29.918,30.100,0.743,52.754,5.000,99.0,47.0,18.820512771606445,-26.256410598754883
360.821,12:22:55.762,442.579,10.408,4606.368,0.000,0.000,0.000,16.578,16.731,16.304,1.000,1.000,0.000,29.918,30.100,0.744,52.729,5.000,99.0,47.0,18.820512771606445,-26.256410598754883
360.933,12:22:55.874,442.579,10.408,4606.368,0.000,0.000,0.000,16.578,16.731,16.304,1.000,1.000,0.000,29.918,30.100,0.744,52.729,5.000,99.0,47.0,18.820512771606445,-26.256410598754883
361.044,12:22:55.985,442.579,10.408,4606.368,0.000,0.000,0.000,16.578,16.731,16.304,1.000,1.000,0.000,29.918,30.100,0.744,52.729,5.000,99.0,47.0,18.820512771606445,-26.256410598754883
361.157,12:22:56.097,442.542,10.419,4610.836,0.000,0.000,0.000,16.446,16.743,16.300,1.000,1.000,0.000,29.880,29.700,0.743,52.764,5.000,99.0,47.0,18.820512771606445,-26.256410598754883
361.269,12:22:56.210,442.542,10.419,4610.836,0.000,0.000,0.000,16.446,16.743,16.300,1.000,1.000,0.000,29.880,29.700,0.743,52.764,5.000,99.0,47.0,18.820512771606445,-26.256410598754883
361.381,12:22:56.321,442.542,10.419,4610.836,0.000,0.000,0.000,16.446,16.743,16.300,1.000,1.000,0.000,29.880,29.700,0.743,52.764,5.000,99.0,47.0,18.820512771606445,-26.256410598754883
361.492,12:22:56.625,442.542,10.419,4610.836,0.000,0.000,0.000,16.446,16.743,16.300,1.000,1.000,0.000,29.880,29.700,0.743,52.764,5.000,99.0,47.0,-11.128205299377441,-14.564102172851562
361.796,12:22:56.737,443.963,10.251,4551.157,0.000,0.000,0.000,16.104,16.236,16.416,1.000,1.000,0.000,29.918,30.100,0.741,52.740,5.000,99.0,47.0,-11.128205299377441,-14.564102172851562
361.909,12:22:56.849,443.963,10.251,4551.157,0.000,0.000,0.000,16.104,16.236,16.416,1.000,1.000,0.000,29.918,30.100,0.741,52.740,5.000,99.0,47.0,-11.128205299377441,-14.564102172851562
362.020,12:22:56.960,442.558,10.417,4610.329,0.000,0.000,0.000,16.296,16.437,16.780,1.000,1.000,0.000,29.880,29.700,0.743,52.721,5.000,99.0,47.0,-11.128205299377441,-14.564102172851562
362.131,12:22:57.072,442.558,10.417,4610.329,0.000,0.000,0.000,16.296,16.437,16.780,1.000,1.000,0.000,29.880,29.700,0.743,52.721,5.000,99.0,47.0,-11.128205299377441,-14.564102172851562
362.244,12:22:57.185,442.558,10.417,4610.329,0.000,0.000,0.000,16.296,16.437,16.780,1.000,1.000,0.000,29.880,29.700,0.743,52.721,5.000,99.0,47.0,-11.128205299377441,-14.564102172851562
362.356,12:22:57.296,440.432,10.653,4691.805,0.000,0.000,0.000,16.145,16.632,16.926,1.000,1.000,0.000,30.280,30.100,0.756,52.771,5.000,99.0,47.0,-11.128205299377441,-14.564102172851562
362.468,12:22:57.409,440.432,10.653,4691.805,0.000,0.000,0.000,16.145,16.632,16.926,1.000,1.000,0.000,30.280,30.100,0.756,52.771,5.000,99.0,47.0,-11.128205299377441,-14.564102172851562
362.580,12:22:57.712,440.432,10.653,4691.805,0.000,0.000,0.000,16.145,16.632,16.926,1.000,1.000,0.000,30.280,30.100,0.756,52.771,5.000,99.0,47.0,-19.487178802490234,17.076923370361328
362.884,12:22:57.825,444.017,10.246,4549.583,0.000,0.000,0.000,15.887,16.257,16.701,1.000,1.000,0.000,29.918,30.100,0.741,52.746,5.000,99.0,47.0,-19.487178802490234,17.076923370361328
362.995,12:22:57.935,444.017,10.246,4549.583,0.000,0.000,0.000,15.887,16.257,16.701,1.000,1.000,0.000,29.918,30.100,0.741,52.746,5.000,99.0,47.0,-19.487178802490234,17.076923370361328
363.107,12:22:58.047,444.017,10.246,4549.583,0.000,0.000,0.000,15.887,16.257,16.701,1.000,1.000,0.000,29.918,30.100,0.741,52.746,5.000,99.0,47.0,-19.487178802490234,17.076923370361328
363.220,12:22:58.160,442.487,10.421,4610.981,0.000,0.000,0.000,16.061,16.524,16.879,1.000,1.000,0.000,29.918,30.100,0.744,52.739,5.000,99.0,47.0,-19.487178802490234,17.076923370361328
363.332,12:22:58.272,442.487,10.421,4610.981,0.000,0.000,0.000,16.061,16.524,16.879,1.000,1.000,0.000,29.918,30.100,0.744,52.739,5.000,99.0,47.0,-19.487178802490234,17.076923370361328
363.444,12:22:58.384,442.487,10.421,4610.981,0.000,0.000,0.000,16.061,16.524,16.879,1.000,1.000,0.000,29.918,30.100,0.744,52.739,5.000,99.0,47.0,-19.487178802490234,17.076923370361328
363.555,12:22:58.495,442.487,10.421,4610.981,0.000,0.000,0.000,16.061,16.524,16.879,1.000,1.000,0.000,29.918,30.100,0.744,52.739,5.000,99.0,47.0,-19.487178802490234,17.076923370361328
363.668,12:22:58.799,438.660,10.839,4754.637,0.000,0.000,0.000,16.448,16.783,16.764,1.000,1.000,0.000,30.280,30.100,0.759,52.742,5.000,99.0,47.0,8.923076629638672,12.51282024383545
363.986,12:22:58.927,444.287,10.207,4534.925,0.000,0.000,0.000,16.218,16.288,16.195,1.000,1.000,0.000,29.880,29.700,0.740,52.726,5.000,99.0,47.0,8.923076629638672,12.51282024383545
364.098,12:22:59.039,444.287,10.207,4534.925,0.000,0.000,0.000,16.218,16.288,16.195,1.000,1.000,0.000,29.880,29.700,0.740,52.726,5.000,99.0,47.0,8.923076629638672,12.51282024383545
364.210,12:22:59.151,444.287,10.207,4534.925,0.000,0.000,0.000,16.218,16.288,16.195,1.000,1.000,0.000,29.880,29.700,0.740,52.726,5.000,99.0,47.0,8.923076629638672,12.51282024383545
364.323,12:22:59.264,444.287,10.207,4534.925,0.000,0.000,0.000,16.218,16.288,16.195,1.000,1.000,0.000,29.880,29.700,0.740,52.726,5.000,99.0,47.0,8.923076629638672,12.51282024383545
364.435,12:22:59.376,445.474,10.068,4484.886,0.000,0.000,0.000,15.875,16.192,16.699,1.000,1.000,0.000,29.519,29.700,0.729,52.712,5.000,99.0,47.0,8.923076629638672,12.51282024383545
364.546,12:22:59.486,445.474,10.068,4484.886,0.000,0.000,0.000,15.875,16.192,16.699,1.000,1.000,0.000,29.519,29.700,0.729,52.712,5.000,99.0,47.0,8.923076629638672,12.51282024383545
364.658,12:22:59.599,445.474,10.068,4484.886,0.000,0.000,0.000,15.875,16.192,16.699,1.000,1.000,0.000,29.519,29.700,0.729,52.712,5.000,99.0,47.0,8.923076629638672,12.51282024383545
364.770,12:22:59.903,445.474,10.068,4484.886,0.000,0.000,0.000,15.875,16.192,16.699,1.000,1.000,0.000,29.519,29.700,0.729,52.712,5.000,99.0,47.0,17.69230842590332,-3.384615421295166
365.075,12:23:00.016,440.834,10.596,4671.014,0.000,0.000,0.000,15.874,16.873,16.980,1.000,1.000,0.000,30.280,30.100,0.756,52.730,5.000,99.0,47.0,17.69230842590332,-3.384615421295166
365.185,12:23:00.126,440.834,10.596,4671.014,0.000,0.000,0.000,15.874,16.873,16.980,1.000,1.000,0.000,30.280,30.100,0.756,52.730,5.000,99.0,47.0,17.69230842590332,-3.384615421295166
365.298,12:23:00.239,445.583,10.050,4478.166,0.000,0.000,0.000,15.503,16.566,16.845,1.000,1.000,0.000,29.519,29.700,0.729,52.683,5.000,99.0,47.0,17.69230842590332,-3.384615421295166
365.411,12:23:00.351,445.583,10.050,4478.166,0.000,0.000,0.000,15.503,16.566,16.845,1.000,1.000,0.000,29.519,29.700,0.729,52.683,5.000,99.0,47.0,17.69230842590332,-3.384615421295166
365.522,12:23:00.463,445.583,10.050,4478.166,0.000,0.000,0.000,15.503,16.566,16.845,1.000,1.000,0.000,29.519,29.700,0.729,52.683,5.000,99.0,47.0,17.69230842590332,-3.384615421295166
365.634,12:23:00.575,441.148,10.567,4661.656,0.000,0.000,0.000,15.800,17.221,16.699,1.000,1.000,0.000,30.280,30.100,0.755,52.692,5.000,99.0,47.0,17.69230842590332,-3.384615421295166
365.746,12:23:00.686,441.148,10.567,4661.656,0.000,0.000,0.000,15.800,17.221,16.699,1.000,1.000,0.000,30.280,30.100,0.755,52.692,5.000,99.0,47.0,17.69230842590332,-3.384615421295166
365.859,12:23:00.991,441.148,10.567,4661.656,0.000,0.000,0.000,15.800,17.221,16.699,1.000,1.000,0.000,30.280,30.100,0.755,52.692,5.000,99.0,47.0,18.153846740722656,-19.28205108642578
366.161,12:23:01.102,444.723,10.154,4515.783,0.000,0.000,0.000,15.440,16.966,16.468,1.000,1.000,0.000,29.918,30.100,0.740,52.681,5.000,99.0,47.0,18.153846740722656,-19.28205108642578
366.274,12:23:01.214,444.723,10.154,4515.783,0.000,0.000,0.000,15.440,16.966,16.468,1.000,1.000,0.000,29.918,30.100,0.740,52.681,5.000,99.0,47.0,18.153846740722656,-19.28205108642578
366.385,12:23:01.326,444.723,10.154,4515.783,0.000,0.000,0.000,15.440,16.966,16.468,1.000,1.000,0.000,29.918,30.100,0.740,52.681,5.000,99.0,47.0,18.153846740722656,-19.28205108642578
366.498,12:23:01.438,444.825,10.144,4512.190,0.000,0.000,0.000,15.486,17.100,16.232,1.000,1.000,0.000,29.880,29.700,0.739,52.674,5.000,99.0,47.0,18.153846740722656,-19.28205108642578
366.609,12:23:01.549,444.825,10.144,4512.190,0.000,0.000,0.000,15.486,17.100,16.232,1.000,1.000,0.000,29.880,29.700,0.739,52.674,5.000,99.0,47.0,18.153846740722656,-19.28205108642578
366.721,12:23:01.661,444.825,10.144,4512.190,0.000,0.000,0.000,15.486,17.100,16.232,1.000,1.000,0.000,29.880,29.700,0.739,52.674,5.000,99.0,47.0,18.153846740722656,-19.28205108642578
366.833,12:23:01.774,444.601,10.164,4518.714,0.000,0.000,0.000,16.119,16.873,15.848,1.000,1.000,0.000,29.918,30.100,0.740,52.661,5.000,99.0,47.0,18.153846740722656,-19.28205108642578
366.946,12:23:02.077,444.601,10.164,4518.714,0.000,0.000,0.000,16.119,16.873,15.848,1.000,1.000,0.000,29.918,30.100,0.740,52.661,5.000,99.0,47.0,20.102563858032227,-19.0256404876709
367.249,12:23:02.189,442.259,10.439,4616.734,0.000,0.000,0.000,16.212,17.194,16.163,1.000,1.000,0.000,29.880,29.700,0.743,52.662,5.000,99.0,47.0,20.102563858032227,-19.0256404876709
367.361,12:23:02.302,442.259,10.439,4616.734,0.000,0.000,0.000,16.212,17.194,16.163,1.000,1.000,0.000,29.880,29.700,0.743,52.662,5.000,99.0,47.0,20.102563858032227,-19.0256404876709
367.472,12:23:02.413,442.259,10.439,4616.734,0.000,0.000,0.000,16.212,17.194,16.163,1.000,1.000,0.000,29.880,29.700,0.743,52.662,5.000,99.0,47.0,20.102563858032227,-19.0256404876709
367.585,12:23:02.525,442.259,10.439,4616.734,0.000,0.000,0.000,16.212,17.194,16.163,1.000,1.000,0.000,29.880,29.700,0.743,52.662,5.000,99.0,47.0,20.102563858032227,-19.0256404876709
367.697,12:23:02.637,444.889,10.127,4505.477,0.000,0.000,0.000,16.313,16.684,15.919,1.000,1.000,0.000,29.918,30.100,0.740,52.636,5.000,99.0,47.0,20.102563858032227,-19.0256404876709
367.808,12:23:02.749,444.889,10.127,4505.477,0.000,0.000,0.000,16.313,16.684,15.919,1.000,1.000,0.000,29.918,30.100,0.740,52.636,5.000,99.0,47.0,20.102563858032227,-19.0256404876709
367.921,12:23:02.861,444.889,10.127,4505.477,0.000,0.000,0.000,16.313,16.684,15.919,1.000,1.000,0.000,29.918,30.100,0.740,52.636,5.000,99.0,47.0,20.102563858032227,-19.0256404876709
368.049,12:23:03.181,441.558,10.511,4641.397,0.000,0.000,0.000,16.355,16.650,16.159,1.000,1.000,0.000,30.280,30.100,0.754,52.629,5.000,99.0,47.0,-24.205127716064453,9.79487133026123
368.351,12:23:03.292,441.558,10.511,4641.397,0.000,0.000,0.000,16.355,16.650,16.159,1.000,1.000,0.000,30.280,30.100,0.754,52.629,5.000,99.0,47.0,-24.205127716064453,9.79487133026123
368.465,12:23:03.406,445.419,10.066,4483.700,0.000,0.000,0.000,16.259,16.587,15.820,1.000,1.000,0.000,29.519,29.700,0.729,52.613,5.000,99.0,47.0,-24.205127716064453,9.79487133026123
368.575,12:23:03.516,445.419,10.066,4483.700,0.000,0.000,0.000,16.259,16.587,15.820,1.000,1.000,0.000,29.519,29.700,0.729,52.613,5.000,99.0,47.0,-24.205127716064453,9.79487133026123
368.688,12:23:03.629,445.419,10.066,4483.700,0.000,0.000,0.000,16.259,16.587,15.820,1.000,1.000,0.000,29.519,29.700,0.729,52.613,5.000,99.0,47.0,-24.205127716064453,9.79487133026123
368.800,12:23:03.740,445.419,10.066,4483.700,0.000,0.000,0.000,16.259,16.587,15.820,1.000,1.000,0.000,29.519,29.700,0.729,52.613,5.000,99.0,47.0,-24.205127716064453,9.79487133026123
368.911,12:23:03.852,441.522,10.523,4646.291,0.000,0.000,0.000,16.349,16.562,16.613,1.000,1.000,0.000,30.318,30.500,0.755,52.597,5.000,99.0,47.0,-24.205127716064453,9.79487133026123
369.025,12:23:03.965,441.522,10.523,4646.291,0.000,0.000,0.000,16.349,16.562,16.613,1.000,1.000,0.000,30.318,30.500,0.755,52.597,5.000,99.0,47.0,-24.205127716064453,9.79487133026123
369.135,12:23:04.284,441.522,10.523,4646.291,0.000,0.000,0.000,16.349,16.562,16.613,1.000,1.000,0.000,30.318,30.500,0.755,52.597,5.000,99.0,47.0,-21.94871711730957,17.384614944458008
369.456,12:23:04.397,441.913,10.481,4631.727,0.000,0.000,0.000,16.323,16.885,16.149,1.000,1.000,0.000,29.880,29.700,0.744,52.595,5.000,99.0,47.0,-21.94871711730957,17.384614944458008
369.567,12:23:04.508,441.913,10.481,4631.727,0.000,0.000,0.000,16.323,16.885,16.149,1.000,1.000,0.000,29.880,29.700,0.744,52.595,5.000,99.0,47.0,-21.94871711730957,17.384614944458008
369.680,12:23:04.620,441.592,10.505,4638.896,0.000,0.000,0.000,16.441,16.790,16.225,1.000,1.000,0.000,30.280,30.100,0.754,52.574,5.000,99.0,47.0,-21.94871711730957,17.384614944458008
369.792,12:23:04.733,441.592,10.505,4638.896,0.000,0.000,0.000,16.441,16.790,16.225,1.000,1.000,0.000,30.280,30.100,0.754,52.574,5.000,99.0,47.0,-21.94871711730957,17.384614944458008
369.903,12:23:04.844,441.592,10.505,4638.896,0.000,0.000,0.000,16.441,16.790,16.225,1.000,1.000,0.000,30.280,30.100,0.754,52.574,5.000,99.0,47.0,-21.94871711730957,17.384614944458008
370.015,12:23:04.956,441.592,10.505,4638.896,0.000,0.000,0.000,16.441,16.790,16.225,1.000,1.000,0.000,30.280,30.100,0.754,52.574,5.000,99.0,47.0,-21.94871711730957,17.384614944458008
370.127,12:23:05.067,445.730,10.005,4459.468,0.000,0.000,0.000,16.151,16.256,16.935,1.000,1.000,0.000,29.519,29.700,0.728,52.583,5.000,99.0,47.0,-21.94871711730957,17.384614944458008
370.240,12:23:05.372,445.730,10.005,4459.468,0.000,0.000,0.000,16.151,16.256,16.935,1.000,1.000,0.000,29.519,29.700,0.728,52.583,5.000,99.0,47.0,-14.769230842590332,26.461538314819336
370.542,12:23:05.483,442.470,10.392,4598.166,0.000,0.000,0.000,15.911,16.928,17.397,1.000,1.000,0.000,29.880,29.700,0.743,52.559,5.000,99.0,47.0,-14.769230842590332,26.461538314819336
370.671,12:23:05.611,442.470,10.392,4598.166,0.000,0.000,0.000,15.911,16.928,17.397,1.000,1.000,0.000,29.880,29.700,0.743,52.559,5.000,99.0,47.0,-14.769230842590332,26.461538314819336
370.782,12:23:05.723,442.470,10.392,4598.166,0.000,0.000,0.000,15.911,16.928,17.397,1.000,1.000,0.000,29.880,29.700,0.743,52.559,5.000,99.0,47.0,-14.769230842590332,26.461538314819336
370.895,12:23:05.836,443.223,10.308,4568.842,0.000,0.000,0.000,15.536,17.155,16.814,1.000,1.000,0.000,29.919,30.100,0.743,52.528,5.000,99.0,47.0,-14.769230842590332,26.461538314819336
371.006,12:23:05.946,443.223,10.308,4568.842,0.000,0.000,0.000,15.536,17.155,16.814,1.000,1.000,0.000,29.919,30.100,0.743,52.528,5.000,99.0,47.0,-14.769230842590332,26.461538314819336
371.119,12:23:06.059,443.223,10.308,4568.842,0.000,0.000,0.000,15.536,17.155,16.814,1.000,1.000,0.000,29.919,30.100,0.743,52.528,5.000,99.0,47.0,-14.769230842590332,26.461538314819336
371.230,12:23:06.171,443.223,10.308,4568.842,0.000,0.000,0.000,15.536,17.155,16.814,1.000,1.000,0.000,29.919,30.100,0.743,52.528,5.000,99.0,47.0,-14.769230842590332,26.461538314819336
371.342,12:23:06.474,442.443,10.400,4601.190,0.000,0.000,0.000,15.799,17.481,17.052,1.000,1.000,0.000,29.880,29.700,0.743,52.529,5.000,99.0,47.0,-0.6666666865348816,24.205127716064453
371.646,12:23:06.586,442.443,10.400,4601.190,0.000,0.000,0.000,15.799,17.481,17.052,1.000,1.000,0.000,29.880,29.700,0.743,52.529,5.000,99.0,47.0,-0.6666666865348816,24.205127716064453
371.759,12:23:06.699,439.779,10.688,4700.188,0.000,0.000,0.000,15.963,17.577,16.795,1.000,1.000,0.000,30.280,30.100,0.757,52.496,5.000,99.0,47.0,-0.6666666865348816,24.205127716064453
371.871,12:23:06.811,439.779,10.688,4700.188,0.000,0.000,0.000,15.963,17.577,16.795,1.000,1.000,0.000,30.280,30.100,0.757,52.496,5.000,99.0,47.0,-0.6666666865348816,24.205127716064453
371.982,12:23:06.923,439.779,10.688,4700.188,0.000,0.000,0.000,15.963,17.577,16.795,1.000,1.000,0.000,30.280,30.100,0.757,52.496,5.000,99.0,47.0,-0.6666666865348816,24.205127716064453
372.110,12:23:07.051,443.373,10.293,4563.734,0.000,0.000,0.000,15.644,17.428,16.555,1.000,1.000,0.000,29.881,29.700,0.741,52.519,5.000,99.0,47.0,-0.6666666865348816,24.205127716064453
372.222,12:23:07.163,443.373,10.293,4563.734,0.000,0.000,0.000,15.644,17.428,16.555,1.000,1.000,0.000,29.881,29.700,0.741,52.519,5.000,99.0,47.0,-0.6666666865348816,24.205127716064453
372.333,12:23:07.274,443.373,10.293,4563.734,0.000,0.000,0.000,15.644,17.428,16.555,1.000,1.000,0.000,29.881,29.700,0.741,52.519,5.000,99.0,47.0,-0.6666666865348816,24.205127716064453
372.446,12:23:07.577,443.373,10.293,4563.734,0.000,0.000,0.000,15.644,17.428,16.555,1.000,1.000,0.000,29.881,29.700,0.741,52.519,5.000,99.0,47.0,13.743589401245117,12.871794700622559
372.749,12:23:07.689,443.345,10.295,4564.060,0.000,0.000,0.000,16.376,17.329,16.054,1.000,1.000,0.000,29.918,30.100,0.742,52.482,5.000,99.0,47.0,13.743589401245117,12.871794700622559
372.861,12:23:07.801,443.345,10.295,4564.060,0.000,0.000,0.000,16.376,17.329,16.054,1.000,1.000,0.000,29.918,30.100,0.742,52.482,5.000,99.0,47.0,13.743589401245117,12.871794700622559
372.972,12:23:07.913,438.712,10.806,4740.599,0.000,0.000,0.000,16.339,17.786,16.673,1.000,1.000,0.000,30.280,30.100,0.759,52.467,5.000,99.0,47.0,13.743589401245117,12.871794700622559
373.084,12:23:08.025,438.712,10.806,4740.599,0.000,0.000,0.000,16.339,17.786,16.673,1.000,1.000,0.000,30.280,30.100,0.759,52.467,5.000,99.0,47.0,13.743589401245117,12.871794700622559
373.197,12:23:08.138,438.712,10.806,4740.599,0.000,0.000,0.000,16.339,17.786,16.673,1.000,1.000,0.000,30.280,30.100,0.759,52.467,5.000,99.0,47.0,13.743589401245117,12.871794700622559
373.309,12:23:08.250,438.712,10.806,4740.599,0.000,0.000,0.000,16.339,17.786,16.673,1.000,1.000,0.000,30.280,30.100,0.759,52.467,5.000,99.0,47.0,13.743589401245117,12.871794700622559
373.422,12:23:08.362,445.701,10.024,4467.500,0.000,0.000,0.000,15.683,17.529,16.134,1.000,1.000,0.000,29.519,29.700,0.729,52.446,5.000,99.0,47.0,13.743589401245117,12.871794700622559
373.532,12:23:08.665,445.701,10.024,4467.500,0.000,0.000,0.000,15.683,17.529,16.134,1.000,1.000,0.000,29.519,29.700,0.729,52.446,5.000,99.0,47.0,22.30769157409668,-15.384614944458008
373.837,12:23:08.778,443.623,10.273,4557.210,0.000,0.000,0.000,16.716,16.703,16.149,1.000,1.000,0.000,29.918,30.100,0.742,52.449,5.000,99.0,47.0,22.30769157409668,-15.384614944458008
373.948,12:23:08.889,443.623,10.273,4557.210,0.000,0.000,0.000,16.716,16.703,16.149,1.000,1.000,0.000,29.918,30.100,0.742,52.449,5.000,99.0,47.0,22.30769157409668,-15.384614944458008
374.061,12:23:09.001,443.623,10.273,4557.210,0.000,0.000,0.000,16.716,16.703,16.149,1.000,1.000,0.000,29.918,30.100,0.742,52.449,5.000,99.0,47.0,22.30769157409668,-15.384614944458008
374.172,12:23:09.112,445.660,10.027,4468.776,0.000,0.000,0.000,16.560,16.266,16.300,1.000,1.000,0.000,29.519,29.700,0.729,52.440,5.000,99.0,47.0,22.30769157409668,-15.384614944458008
374.285,12:23:09.225,445.660,10.027,4468.776,0.000,0.000,0.000,16.560,16.266,16.300,1.000,1.000,0.000,29.519,29.700,0.729,52.440,5.000,99.0,47.0,22.30769157409668,-15.384614944458008
374.397,12:23:09.337,445.660,10.027,4468.776,0.000,0.000,0.000,16.560,16.266,16.300,1.000,1.000,0.000,29.519,29.700,0.729,52.440,5.000,99.0,47.0,22.30769157409668,-15.384614944458008
374.509,12:23:09.449,445.660,10.027,4468.776,0.000,0.000,0.000,16.560,16.266,16.300,1.000,1.000,0.000,29.519,29.700,0.729,52.440,5.000,99.0,47.0,22.30769157409668,-15.384614944458008
374.621,12:23:09.753,443.724,10.256,4550.938,0.000,0.000,0.000,15.659,16.842,17.174,1.000,1.000,0.000,29.918,30.100,0.742,52.393,5.000,99.0,47.0,20.564102172851562,-11.384614944458008
374.923,12:23:09.864,443.724,10.256,4550.938,0.000,0.000,0.000,15.659,16.842,17.174,1.000,1.000,0.000,29.918,30.100,0.742,52.393,5.000,99.0,47.0,20.564102172851562,-11.384614944458008
375.036,12:23:09.977,442.491,10.398,4601.146,0.000,0.000,0.000,15.912,16.845,17.168,1.000,1.000,0.000,29.918,30.100,0.744,52.415,5.000,99.0,47.0,20.564102172851562,-11.384614944458008
375.148,12:23:10.088,442.491,10.398,4601.146,0.000,0.000,0.000,15.912,16.845,17.168,1.000,1.000,0.000,29.918,30.100,0.744,52.415,5.000,99.0,47.0,20.564102172851562,-11.384614944458008
375.259,12:23:10.200,442.491,10.398,4601.146,0.000,0.000,0.000,15.912,16.845,17.168,1.000,1.000,0.000,29.918,30.100,0.744,52.415,5.000,99.0,47.0,20.564102172851562,-11.384614944458008
375.372,12:23:10.313,442.202,10.432,4613.182,0.000,0.000,0.000,15.916,16.830,17.274,1.000,1.000,0.000,29.880,29.700,0.743,52.409,5.000,99.0,47.0,20.564102172851562,-11.384614944458008
375.483,12:23:10.424,442.202,10.432,4613.182,0.000,0.000,0.000,15.916,16.830,17.274,1.000,1.000,0.000,29.880,29.700,0.743,52.409,5.000,99.0,47.0,20.564102172851562,-11.384614944458008
375.596,12:23:10.536,442.202,10.432,4613.182,0.000,0.000,0.000,15.916,16.830,17.274,1.000,1.000,0.000,29.880,29.700,0.743,52.409,5.000,99.0,47.0,20.564102172851562,-11.384614944458008
375.708,12:23:10.839,442.202,10.432,4613.182,0.000,0.000,0.000,15.916,16.830,17.274,1.000,1.000,0.000,29.880,29.700,0.743,52.409,5.000,99.0,47.0,13.076923370361328,-21.487178802490234
376.011,12:23:10.952,445.293,10.087,4491.476,0.000,0.000,0.000,15.443,17.378,16.714,1.000,1.000,0.000,29.519,29.700,0.729,52.361,5.000,99.0,47.0,13.076923370361328,-21.487178802490234
376.124,12:23:11.064,445.293,10.087,4491.476,0.000,0.000,0.000,15.443,17.378,16.714,1.000,1.000,0.000,29.519,29.700,0.729,52.361,5.000,99.0,47.0,13.076923370361328,-21.487178802490234
376.235,12:23:11.176,440.454,10.629,4681.773,0.000,0.000,0.000,16.144,17.619,16.393,1.000,1.000,0.000,30.280,30.100,0.756,52.350,5.000,99.0,47.0,13.076923370361328,-21.487178802490234
376.347,12:23:11.288,440.454,10.629,4681.773,0.000,0.000,0.000,16.144,17.619,16.393,1.000,1.000,0.000,30.280,30.100,0.756,52.350,5.000,99.0,47.0,13.076923370361328,-21.487178802490234
376.459,12:23:11.400,440.454,10.629,4681.773,0.000,0.000,0.000,16.144,17.619,16.393,1.000,1.000,0.000,30.280,30.100,0.756,52.350,5.000,99.0,47.0,13.076923370361328,-21.487178802490234
376.571,12:23:11.511,442.014,10.464,4625.028,0.000,0.000,0.000,15.823,17.601,16.728,1.000,1.000,0.000,29.880,29.700,0.744,52.368,5.000,99.0,47.0,13.076923370361328,-21.487178802490234
376.682,12:23:11.623,442.014,10.464,4625.028,0.000,0.000,0.000,15.823,17.601,16.728,1.000,1.000,0.000,29.880,29.700,0.744,52.368,5.000,99.0,47.0,13.076923370361328,-21.487178802490234
376.795,12:23:11.928,442.014,10.464,4625.028,0.000,0.000,0.000,15.823,17.601,16.728,1.000,1.000,0.000,29.880,29.700,0.744,52.368,5.000,99.0,47.0,-6.871794700622559,-14.15384578704834
377.098,12:23:12.038,443.803,10.254,4550.837,0.000,0.000,0.000,16.134,17.491,16.066,1.000,1.000,0.000,29.880,29.700,0.741,52.347,5.000,99.0,47.0,-6.871794700622559,-14.15384578704834
377.210,12:23:12.150,443.803,10.254,4550.837,0.000,0.000,0.000,16.134,17.491,16.066,1.000,1.000,0.000,29.880,29.700,0.741,52.347,5.000,99.0,47.0,-6.871794700622559,-14.15384578704834
377.322,12:23:12.263,443.803,10.254,4550.837,0.000,0.000,0.000,16.134,17.491,16.066,1.000,1.000,0.000,29.880,29.700,0.741,52.347,5.000,99.0,47.0,-6.871794700622559,-14.15384578704834
377.434,12:23:12.374,445.036,10.112,4500.305,0.000,0.000,0.000,16.667,16.806,16.021,1.000,1.000,0.000,29.519,29.700,0.730,52.324,5.000,99.0,47.0,-6.871794700622559,-14.15384578704834
377.546,12:23:12.487,445.036,10.112,4500.305,0.000,0.000,0.000,16.667,16.806,16.021,1.000,1.000,0.000,29.519,29.700,0.730,52.324,5.000,99.0,47.0,-6.871794700622559,-14.15384578704834
377.658,12:23:12.598,445.036,10.112,4500.305,0.000,0.000,0.000,16.667,16.806,16.021,1.000,1.000,0.000,29.519,29.700,0.730,52.324,5.000,99.0,47.0,-6.871794700622559,-14.15384578704834
377.769,12:23:12.710,445.036,10.112,4500.305,0.000,0.000,0.000,16.667,16.806,16.021,1.000,1.000,0.000,29.519,29.700,0.730,52.324,5.000,99.0,47.0,-6.871794700622559,-14.15384578704834
377.881,12:23:13.015,441.627,10.501,4637.698,0.000,0.000,0.000,16.570,16.535,16.880,1.000,1.000,0.000,29.880,29.700,0.744,52.317,5.000,99.0,47.0,-8.871794700622559,-13.333333015441895
378.202,12:23:13.143,444.311,10.201,4532.357,0.000,0.000,0.000,15.715,16.588,17.192,1.000,1.000,0.000,29.918,30.100,0.741,52.285,5.000,99.0,47.0,-8.871794700622559,-13.333333015441895
378.314,12:23:13.254,444.311,10.201,4532.357,0.000,0.000,0.000,15.715,16.588,17.192,1.000,1.000,0.000,29.918,30.100,0.741,52.285,5.000,99.0,47.0,-8.871794700622559,-13.333333015441895
378.426,12:23:13.366,444.311,10.201,4532.357,0.000,0.000,0.000,15.715,16.588,17.192,1.000,1.000,0.000,29.918,30.100,0.741,52.285,5.000,99.0,47.0,-8.871794700622559,-13.333333015441895
378.538,12:23:13.479,444.311,10.201,4532.357,0.000,0.000,0.000,15.715,16.588,17.192,1.000,1.000,0.000,29.918,30.100,0.741,52.285,5.000,99.0,47.0,-8.871794700622559,-13.333333015441895
378.649,12:23:13.590,441.995,10.472,4628.661,0.000,0.000,0.000,15.999,16.752,17.276,1.000,1.000,0.000,29.918,30.100,0.745,52.275,5.000,99.0,47.0,-8.871794700622559,-13.333333015441895
378.762,12:23:13.703,441.995,10.472,4628.661,0.000,0.000,0.000,15.999,16.752,17.276,1.000,1.000,0.000,29.918,30.100,0.745,52.275,5.000,99.0,47.0,-8.871794700622559,-13.333333015441895
378.874,12:23:13.815,441.995,10.472,4628.661,0.000,0.000,0.000,15.999,16.752,17.276,1.000,1.000,0.000,29.918,30.100,0.745,52.275,5.000,99.0,47.0,-8.871794700622559,-13.333333015441895
378.986,12:23:14.118,441.995,10.472,4628.661,0.000,0.000,0.000,15.999,16.752,17.276,1.000,1.000,0.000,29.918,30.100,0.745,52.275,5.000,99.0,47.0,-21.538461685180664,1.5384615659713745
379.290,12:23:14.230,445.153,10.111,4501.118,0.000,0.000,0.000,15.687,16.622,17.229,1.000,1.000,0.000,29.519,29.700,0.729,52.253,5.000,99.0,47.0,-21.538461685180664,1.5384615659713745
379.401,12:23:14.341,445.153,10.111,4501.118,0.000,0.000,0.000,15.687,16.622,17.229,1.000,1.000,0.000,29.519,29.700,0.729,52.253,5.000,99.0,47.0,-21.538461685180664,1.5384615659713745
379.513,12:23:14.453,441.524,10.536,4651.777,0.000,0.000,0.000,15.806,17.398,16.924,1.000,1.000,0.000,30.280,30.100,0.754,52.242,5.000,99.0,47.0,-21.538461685180664,1.5384615659713745
379.625,12:23:14.566,441.524,10.536,4651.777,0.000,0.000,0.000,15.806,17.398,16.924,1.000,1.000,0.000,30.280,30.100,0.754,52.242,5.000,99.0,47.0,-21.538461685180664,1.5384615659713745
379.738,12:23:14.678,441.524,10.536,4651.777,0.000,0.000,0.000,15.806,17.398,16.924,1.000,1.000,0.000,30.280,30.100,0.754,52.242,5.000,99.0,47.0,-21.538461685180664,1.5384615659713745
379.848,12:23:14.789,444.946,10.140,4511.855,0.000,0.000,0.000,15.542,17.209,16.885,1.000,1.000,0.000,29.918,30.100,0.740,52.210,5.000,99.0,47.0,-21.538461685180664,1.5384615659713745
379.961,12:23:14.901,444.946,10.140,4511.855,0.000,0.000,0.000,15.542,17.209,16.885,1.000,1.000,0.000,29.918,30.100,0.740,52.210,5.000,99.0,47.0,-21.538461685180664,1.5384615659713745
380.073,12:23:15.205,444.946,10.140,4511.855,0.000,0.000,0.000,15.542,17.209,16.885,1.000,1.000,0.000,29.918,30.100,0.740,52.210,5.000,99.0,47.0,12.564102172851562,12.15384578704834
380.376,12:23:15.317,442.016,10.484,4634.271,0.000,0.000,0.000,15.862,17.285,17.125,1.000,1.000,0.000,29.881,29.700,0.744,52.172,5.000,99.0,47.0,12.564102172851562,12.15384578704834
380.488,12:23:15.429,442.016,10.484,4634.271,0.000,0.000,0.000,15.862,17.285,17.125,1.000,1.000,0.000,29.881,29.700,0.744,52.172,5.000,99.0,47.0,12.564102172851562,12.15384578704834
380.600,12:23:15.541,442.016,10.484,4634.271,0.000,0.000,0.000,15.862,17.285,17.125,1.000,1.000,0.000,29.881,29.700,0.744,52.172,5.000,99.0,47.0,12.564102172851562,12.15384578704834
380.712,12:23:15.653,444.757,10.171,4523.698,0.000,0.000,0.000,15.665,17.507,16.297,1.000,1.000,0.000,29.918,30.100,0.740,52.147,5.000,99.0,47.0,12.564102172851562,12.15384578704834
380.823,12:23:15.764,444.757,10.171,4523.698,0.000,0.000,0.000,15.665,17.507,16.297,1.000,1.000,0.000,29.918,30.100,0.740,52.147,5.000,99.0,47.0,12.564102172851562,12.15384578704834
380.936,12:23:15.877,444.757,10.171,4523.698,0.000,0.000,0.000,15.665,17.507,16.297,1.000,1.000,0.000,29.918,30.100,0.740,52.147,5.000,99.0,47.0,12.564102172851562,12.15384578704834
381.048,12:23:15.989,441.757,10.506,4640.990,0.000,0.000,0.000,16.028,17.702,16.679,1.000,1.000,0.000,29.880,29.700,0.744,52.201,5.000,99.0,47.0,12.564102172851562,12.15384578704834
381.161,12:23:16.293,441.757,10.506,4640.990,0.000,0.000,0.000,16.028,17.702,16.679,1.000,1.000,0.000,29.880,29.700,0.744,52.201,5.000,99.0,47.0,-1.384615421295166,22.205127716064453
381.464,12:23:16.404,444.751,10.160,4518.702,0.000,0.000,0.000,16.207,17.257,15.913,1.000,1.000,0.000,29.918,30.100,0.740,52.137,5.000,99.0,47.0,-1.384615421295166,22.205127716064453
381.576,12:23:16.516,444.751,10.160,4518.702,0.000,0.000,0.000,16.207,17.257,15.913,1.000,1.000,0.000,29.918,30.100,0.740,52.137,5.000,99.0,47.0,-1.384615421295166,22.205127716064453
381.687,12:23:16.628,444.751,10.160,4518.702,0.000,0.000,0.000,16.207,17.257,15.913,1.000,1.000,0.000,29.918,30.100,0.740,52.137,5.000,99.0,47.0,-1.384615421295166,22.205127716064453
381.799,12:23:16.740,444.751,10.160,4518.702,0.000,0.000,0.000,16.207,17.257,15.913,1.000,1.000,0.000,29.918,30.100,0.740,52.137,5.000,99.0,47.0,-1.384615421295166,22.205127716064453
381.911,12:23:16.851,443.601,10.297,4567.804,0.000,0.000,0.000,16.473,16.712,16.198,1.000,1.000,0.000,29.879,29.700,0.741,52.140,5.000,99.0,47.0,-1.384615421295166,22.205127716064453
382.023,12:23:16.963,443.601,10.297,4567.804,0.000,0.000,0.000,16.473,16.712,16.198,1.000,1.000,0.000,29.879,29.700,0.741,52.140,5.000,99.0,47.0,-1.384615421295166,22.205127716064453
382.136,12:23:17.077,443.601,10.297,4567.804,0.000,0.000,0.000,16.473,16.712,16.198,1.000,1.000,0.000,29.879,29.700,0.741,52.140,5.000,99.0,47.0,-1.384615421295166,22.205127716064453
382.263,12:23:17.396,443.835,10.277,4561.373,0.000,0.000,0.000,16.181,16.438,16.846,1.000,1.000,0.000,29.919,30.100,0.741,52.131,5.000,99.0,47.0,3.6410255432128906,22.871795654296875
382.567,12:23:17.508,443.835,10.277,4561.373,0.000,0.000,0.000,16.181,16.438,16.846,1.000,1.000,0.000,29.919,30.100,0.741,52.131,5.000,99.0,47.0,3.6410255432128906,22.871795654296875
382.678,12:23:17.619,443.589,10.308,4572.317,0.000,0.000,0.000,16.300,16.517,16.626,1.000,1.000,0.000,29.880,29.700,0.741,52.102,5.000,99.0,47.0,3.6410255432128906,22.871795654296875
382.790,12:23:17.731,443.589,10.308,4572.317,0.000,0.000,0.000,16.300,16.517,16.626,1.000,1.000,0.000,29.880,29.700,0.741,52.102,5.000,99.0,47.0,3.6410255432128906,22.871795654296875
382.903,12:23:17.844,443.589,10.308,4572.317,0.000,0.000,0.000,16.300,16.517,16.626,1.000,1.000,0.000,29.880,29.700,0.741,52.102,5.000,99.0,47.0,3.6410255432128906,22.871795654296875
383.015,12:23:17.956,443.589,10.308,4572.317,0.000,0.000,0.000,16.300,16.517,16.626,1.000,1.000,0.000,29.880,29.700,0.741,52.102,5.000,99.0,47.0,3.6410255432128906,22.871795654296875
383.126,12:23:18.067,440.546,10.638,4686.555,0.000,0.000,0.000,16.288,16.697,16.951,1.000,1.000,0.000,30.280,30.100,0.756,52.107,5.000,99.0,47.0,3.6410255432128906,22.871795654296875
383.238,12:23:18.179,440.546,10.638,4686.555,0.000,0.000,0.000,16.288,16.697,16.951,1.000,1.000,0.000,30.280,30.100,0.756,52.107,5.000,99.0,47.0,3.6410255432128906,22.871795654296875
383.350,12:23:18.483,440.546,10.638,4686.555,0.000,0.000,0.000,16.288,16.697,16.951,1.000,1.000,0.000,30.280,30.100,0.756,52.107,5.000,99.0,47.0,23.58974266052246,-12.15384578704834
383.655,12:23:18.595,444.210,10.231,4544.750,0.000,0.000,0.000,16.019,16.317,16.699,1.000,1.000,0.000,29.880,29.700,0.740,52.110,5.000,99.0,47.0,23.58974266052246,-12.15384578704834
383.766,12:23:18.706,444.210,10.231,4544.750,0.000,0.000,0.000,16.019,16.317,16.699,1.000,1.000,0.000,29.880,29.700,0.740,52.110,5.000,99.0,47.0,23.58974266052246,-12.15384578704834
383.878,12:23:18.818,443.961,10.261,4555.508,0.000,0.000,0.000,15.705,16.930,16.983,1.000,1.000,0.000,29.918,30.100,0.741,52.056,5.000,99.0,47.0,23.58974266052246,-12.15384578704834
383.991,12:23:18.932,443.961,10.261,4555.508,0.000,0.000,0.000,15.705,16.930,16.983,1.000,1.000,0.000,29.918,30.100,0.741,52.056,5.000,99.0,47.0,23.58974266052246,-12.15384578704834
384.102,12:23:19.043,443.961,10.261,4555.508,0.000,0.000,0.000,15.705,16.930,16.983,1.000,1.000,0.000,29.918,30.100,0.741,52.056,5.000,99.0,47.0,23.58974266052246,-12.15384578704834
384.214,12:23:19.155,443.961,10.261,4555.508,0.000,0.000,0.000,15.705,16.930,16.983,1.000,1.000,0.000,29.918,30.100,0.741,52.056,5.000,99.0,47.0,23.58974266052246,-12.15384578704834
384.327,12:23:19.267,443.372,10.327,4578.673,0.000,0.000,0.000,15.720,16.758,17.002,1.000,1.000,0.000,29.880,29.700,0.741,52.086,5.000,99.0,47.0,23.58974266052246,-12.15384578704834
384.437,12:23:19.570,443.372,10.327,4578.673,0.000,0.000,0.000,15.720,16.758,17.002,1.000,1.000,0.000,29.880,29.700,0.741,52.086,5.000,99.0,47.0,-6.205128192901611,-24.512821197509766
384.742,12:23:19.682,440.538,10.631,4683.221,0.000,0.000,0.000,16.051,17.194,16.836,1.000,1.000,0.000,30.280,30.100,0.756,52.035,5.000,99.0,47.0,-6.205128192901611,-24.512821197509766
384.854,12:23:19.795,440.538,10.631,4683.221,0.000,0.000,0.000,16.051,17.194,16.836,1.000,1.000,0.000,30.280,30.100,0.756,52.035,5.000,99.0,47.0,-6.205128192901611,-24.512821197509766
384.965,12:23:19.906,440.538,10.631,4683.221,0.000,0.000,0.000,16.051,17.194,16.836,1.000,1.000,0.000,30.280,30.100,0.756,52.035,5.000,99.0,47.0,-6.205128192901611,-24.512821197509766
385.077,12:23:20.018,440.538,10.631,4683.221,0.000,0.000,0.000,16.051,17.194,16.836,1.000,1.000,0.000,30.280,30.100,0.756,52.035,5.000,99.0,47.0,-6.205128192901611,-24.512821197509766
385.190,12:23:20.131,444.157,10.221,4539.797,0.000,0.000,0.000,15.559,16.785,16.818,1.000,1.000,0.000,29.918,30.100,0.741,52.020,5.000,99.0,47.0,-6.205128192901611,-24.512821197509766
385.301,12:23:20.242,444.157,10.221,4539.797,0.000,0.000,0.000,15.559,16.785,16.818,1.000,1.000,0.000,29.918,30.100,0.741,52.020,5.000,99.0,47.0,-6.205128192901611,-24.512821197509766
385.413,12:23:20.353,444.157,10.221,4539.797,0.000,0.000,0.000,15.559,16.785,16.818,1.000,1.000,0.000,29.918,30.100,0.741,52.020,5.000,99.0,47.0,-6.205128192901611,-24.512821197509766
385.526,12:23:20.657,443.087,10.351,4586.498,0.000,0.000,0.000,15.730,16.753,17.013,1.000,1.000,0.000,29.880,29.700,0.742,52.043,5.000,99.0,47.0,-13.282051086425781,-6.0
385.829,12:23:20.769,443.087,10.351,4586.498,0.000,0.000,0.000,15.730,16.753,17.013,1.000,1.000,0.000,29.880,29.700,0.742,52.043,5.000,99.0,47.0,-13.282051086425781,-6.0
385.941,12:23:20.882,445.815,10.032,4472.420,0.000,0.000,0.000,15.606,17.392,16.519,1.000,1.000,0.000,29.519,29.700,0.728,51.987,5.000,99.0,47.0,-13.282051086425781,-6.0
386.053,12:23:20.993,445.815,10.032,4472.420,0.000,0.000,0.000,15.606,17.392,16.519,1.000,1.000,0.000,29.519,29.700,0.728,51.987,5.000,99.0,47.0,-13.282051086425781,-6.0
386.164,12:23:21.105,445.815,10.032,4472.420,0.000,0.000,0.000,15.606,17.392,16.519,1.000,1.000,0.000,29.519,29.700,0.728,51.987,5.000,99.0,47.0,-13.282051086425781,-6.0
386.276,12:23:21.217,445.815,10.032,4472.420,0.000,0.000,0.000,15.606,17.392,16.519,1.000,1.000,0.000,29.519,29.700,0.728,51.987,5.000,99.0,47.0,-13.282051086425781,-6.0
386.388,12:23:21.329,442.714,10.398,4603.125,0.000,0.000,0.000,16.178,17.411,16.336,1.000,1.000,0.000,29.880,29.700,0.742,52.017,5.000,99.0,47.0,-13.282051086425781,-6.0
386.500,12:23:21.440,442.714,10.398,4603.125,0.000,0.000,0.000,16.178,17.411,16.336,1.000,1.000,0.000,29.880,29.700,0.742,52.017,5.000,99.0,47.0,-13.282051086425781,-6.0
386.612,12:23:21.745,442.714,10.398,4603.125,0.000,0.000,0.000,16.178,17.411,16.336,1.000,1.000,0.000,29.880,29.700,0.742,52.017,5.000,99.0,47.0,-1.5384615659713745,-18.05128288269043
386.916,12:23:21.856,445.974,10.025,4470.946,0.000,0.000,0.000,16.540,16.582,16.085,1.000,1.000,0.000,29.481,29.300,0.727,52.021,5.000,99.0,47.0,-1.5384615659713745,-18.05128288269043
387.044,12:23:21.985,445.974,10.025,4470.946,0.000,0.000,0.000,16.540,16.582,16.085,1.000,1.000,0.000,29.481,29.300,0.727,52.021,5.000,99.0,47.0,-1.5384615659713745,-18.05128288269043
387.156,12:23:22.097,444.356,10.218,4540.582,0.000,0.000,0.000,15.655,16.793,16.972,1.000,1.000,0.000,29.918,30.100,0.741,51.958,5.000,99.0,47.0,-1.5384615659713745,-18.05128288269043
387.268,12:23:22.209,444.356,10.218,4540.582,0.000,0.000,0.000,15.655,16.793,16.972,1.000,1.000,0.000,29.918,30.100,0.741,51.958,5.000,99.0,47.0,-1.5384615659713745,-18.05128288269043
387.380,12:23:22.320,444.356,10.218,4540.582,0.000,0.000,0.000,15.655,16.793,16.972,1.000,1.000,0.000,29.918,30.100,0.741,51.958,5.000,99.0,47.0,-1.5384615659713745,-18.05128288269043
387.491,12:23:22.432,444.356,10.218,4540.582,0.000,0.000,0.000,15.655,16.793,16.972,1.000,1.000,0.000,29.918,30.100,0.741,51.958,5.000,99.0,47.0,-1.5384615659713745,-18.05128288269043
387.603,12:23:22.544,444.931,10.148,4515.058,0.000,0.000,0.000,15.498,16.969,16.699,1.000,1.000,0.000,29.918,30.100,0.740,51.986,5.000,99.0,47.0,-1.5384615659713745,-18.05128288269043
387.715,12:23:22.848,444.931,10.148,4515.058,0.000,0.000,0.000,15.498,16.969,16.699,1.000,1.000,0.000,29.918,30.100,0.740,51.986,5.000,99.0,47.0,0.05128205195069313,-7.230769157409668
388.020,12:23:22.960,442.841,10.390,4600.918,0.000,0.000,0.000,15.769,17.020,16.925,1.000,1.000,0.000,29.880,29.700,0.742,51.959,5.000,99.0,47.0,0.05128205195069313,-7.230769157409668
388.132,12:23:23.072,442.841,10.390,4600.918,0.000,0.000,0.000,15.769,17.020,16.925,1.000,1.000,0.000,29.880,29.700,0.742,51.959,5.000,99.0,47.0,0.05128205195069313,-7.230769157409668
388.243,12:23:23.183,442.841,10.390,4600.918,0.000,0.000,0.000,15.769,17.020,16.925,1.000,1.000,0.000,29.880,29.700,0.742,51.959,5.000,99.0,47.0,0.05128205195069313,-7.230769157409668
388.356,12:23:23.296,445.897,10.035,4474.673,0.000,0.000,0.000,15.491,17.252,16.544,1.000,1.000,0.000,29.481,29.300,0.727,51.946,5.000,99.0,47.0,0.05128205195069313,-7.230769157409668
388.468,12:23:23.408,445.897,10.035,4474.673,0.000,0.000,0.000,15.491,17.252,16.544,1.000,1.000,0.000,29.481,29.300,0.727,51.946,5.000,99.0,47.0,0.05128205195069313,-7.230769157409668
388.580,12:23:23.520,445.897,10.035,4474.673,0.000,0.000,0.000,15.491,17.252,16.544,1.000,1.000,0.000,29.481,29.300,0.727,51.946,5.000,99.0,47.0,0.05128205195069313,-7.230769157409668
388.690,12:23:23.631,445.897,10.035,4474.673,0.000,0.000,0.000,15.491,17.252,16.544,1.000,1.000,0.000,29.481,29.300,0.727,51.946,5.000,99.0,47.0,0.05128205195069313,-7.230769157409668
388.802,12:23:23.935,448.584,9.699,4350.680,0.000,0.000,0.000,16.391,16.285,15.925,1.000,1.000,0.000,29.119,29.300,0.714,51.903,5.000,99.0,47.0,12.564102172851562,-20.923076629638672
389.107,12:23:24.047,448.584,9.699,4350.680,0.000,0.000,0.000,16.391,16.285,15.925,1.000,1.000,0.000,29.119,29.300,0.714,51.903,5.000,99.0,47.0,12.564102172851562,-20.923076629638672
389.218,12:23:24.159,444.869,10.157,4518.660,0.000,0.000,0.000,15.573,17.082,16.765,1.000,1.000,0.000,29.918,30.100,0.740,51.895,5.000,99.0,47.0,12.564102172851562,-20.923076629638672
389.330,12:23:24.271,444.869,10.157,4518.660,0.000,0.000,0.000,15.573,17.082,16.765,1.000,1.000,0.000,29.918,30.100,0.740,51.895,5.000,99.0,47.0,12.564102172851562,-20.923076629638672
389.442,12:23:24.383,444.869,10.157,4518.660,0.000,0.000,0.000,15.573,17.082,16.765,1.000,1.000,0.000,29.918,30.100,0.740,51.895,5.000,99.0,47.0,12.564102172851562,-20.923076629638672
389.555,12:23:24.495,444.869,10.157,4518.660,0.000,0.000,0.000,15.573,17.082,16.765,1.000,1.000,0.000,29.918,30.100,0.740,51.895,5.000,99.0,47.0,12.564102172851562,-20.923076629638672
389.666,12:23:24.606,442.404,10.434,4615.972,0.000,0.000,0.000,15.789,17.100,16.942,1.000,1.000,0.000,29.880,29.700,0.743,51.911,5.000,99.0,47.0,12.564102172851562,-20.923076629638672
389.778,12:23:24.718,442.404,10.434,4615.972,0.000,0.000,0.000,15.789,17.100,16.942,1.000,1.000,0.000,29.880,29.700,0.743,51.911,5.000,99.0,47.0,12.564102172851562,-20.923076629638672
389.890,12:23:25.022,442.404,10.434,4615.972,0.000,0.000,0.000,15.789,17.100,16.942,1.000,1.000,0.000,29.880,29.700,0.743,51.911,5.000,99.0,47.0,17.384614944458008,-21.743589401245117
390.194,12:23:25.135,445.477,10.084,4492.049,0.000,0.000,0.000,15.725,17.358,16.188,1.000,1.000,0.000,29.519,29.700,0.729,51.875,5.000,99.0,47.0,17.384614944458008,-21.743589401245117
390.306,12:23:25.247,445.477,10.084,4492.049,0.000,0.000,0.000,15.725,17.358,16.188,1.000,1.000,0.000,29.519,29.700,0.729,51.875,5.000,99.0,47.0,17.384614944458008,-21.743589401245117
390.417,12:23:25.358,442.151,10.463,4626.203,0.000,0.000,0.000,16.421,17.136,16.218,1.000,1.000,0.000,29.918,30.100,0.744,51.878,5.000,99.0,47.0,17.384614944458008,-21.743589401245117
390.531,12:23:25.472,442.151,10.463,4626.203,0.000,0.000,0.000,16.421,17.136,16.218,1.000,1.000,0.000,29.918,30.100,0.744,51.878,5.000,99.0,47.0,17.384614944458008,-21.743589401245117
390.641,12:23:25.582,442.151,10.463,4626.203,0.000,0.000,0.000,16.421,17.136,16.218,1.000,1.000,0.000,29.918,30.100,0.744,51.878,5.000,99.0,47.0,17.384614944458008,-21.743589401245117
390.754,12:23:25.695,442.151,10.463,4626.203,0.000,0.000,0.000,16.421,17.136,16.218,1.000,1.000,0.000,29.918,30.100,0.744,51.878,5.000,99.0,47.0,17.384614944458008,-21.743589401245117
390.865,12:23:25.806,442.320,10.447,4620.968,0.000,0.000,0.000,16.381,17.010,16.160,1.000,1.000,0.000,29.918,30.100,0.744,51.878,5.000,99.0,47.0,17.384614944458008,-21.743589401245117
390.979,12:23:26.126,442.320,10.447,4620.968,0.000,0.000,0.000,16.381,17.010,16.160,1.000,1.000,0.000,29.918,30.100,0.744,51.878,5.000,99.0,47.0,-6.358974456787109,-17.179487228393555
391.298,12:23:26.238,442.359,10.443,4619.716,0.000,0.000,0.000,16.375,17.048,16.125,1.000,1.000,0.000,29.918,30.100,0.744,51.871,5.000,99.0,47.0,-6.358974456787109,-17.179487228393555
391.410,12:23:26.350,442.359,10.443,4619.716,0.000,0.000,0.000,16.375,17.048,16.125,1.000,1.000,0.000,29.918,30.100,0.744,51.871,5.000,99.0,47.0,-6.358974456787109,-17.179487228393555
391.522,12:23:26.462,442.359,10.443,4619.716,0.000,0.000,0.000,16.375,17.048,16.125,1.000,1.000,0.000,29.918,30.100,0.744,51.871,5.000,99.0,47.0,-6.358974456787109,-17.179487228393555
391.634,12:23:26.574,442.189,10.457,4624.134,0.000,0.000,0.000,16.327,16.979,16.187,1.000,1.000,0.000,29.918,30.100,0.744,51.849,5.000,99.0,47.0,-6.358974456787109,-17.179487228393555
391.745,12:23:26.686,442.189,10.457,4624.134,0.000,0.000,0.000,16.327,16.979,16.187,1.000,1.000,0.000,29.918,30.100,0.744,51.849,5.000,99.0,47.0,-6.358974456787109,-17.179487228393555
391.857,12:23:26.798,442.189,10.457,4624.134,0.000,0.000,0.000,16.327,16.979,16.187,1.000,1.000,0.000,29.918,30.100,0.744,51.849,5.000,99.0,47.0,-6.358974456787109,-17.179487228393555
391.969,12:23:26.910,442.189,10.457,4624.134,0.000,0.000,0.000,16.327,16.979,16.187,1.000,1.000,0.000,29.918,30.100,0.744,51.849,5.000,99.0,47.0,-6.358974456787109,-17.179487228393555
392.080,12:23:27.213,442.036,10.472,4629.202,0.000,0.000,0.000,16.364,17.017,16.095,1.000,1.000,0.000,29.918,30.100,0.744,51.857,5.000,99.0,47.0,-23.435897827148438,5.897435665130615
392.385,12:23:27.326,442.036,10.472,4629.202,0.000,0.000,0.000,16.364,17.017,16.095,1.000,1.000,0.000,29.918,30.100,0.744,51.857,5.000,99.0,47.0,-23.435897827148438,5.897435665130615
392.497,12:23:27.438,444.253,10.231,4545.061,0.000,0.000,0.000,16.075,16.240,16.444,1.000,1.000,0.000,29.879,29.700,0.740,51.815,5.000,99.0,47.0,-23.435897827148438,5.897435665130615
392.609,12:23:27.549,444.253,10.231,4545.061,0.000,0.000,0.000,16.075,16.240,16.444,1.000,1.000,0.000,29.879,29.700,0.740,51.815,5.000,99.0,47.0,-23.435897827148438,5.897435665130615
392.721,12:23:27.662,444.253,10.231,4545.061,0.000,0.000,0.000,16.075,16.240,16.444,1.000,1.000,0.000,29.879,29.700,0.740,51.815,5.000,99.0,47.0,-23.435897827148438,5.897435665130615
392.832,12:23:27.772,442.142,10.467,4627.784,0.000,0.000,0.000,16.589,16.719,16.384,1.000,1.000,0.000,29.918,30.100,0.744,51.824,5.000,99.0,47.0,-23.435897827148438,5.897435665130615
392.944,12:23:27.884,442.142,10.467,4627.784,0.000,0.000,0.000,16.589,16.719,16.384,1.000,1.000,0.000,29.918,30.100,0.744,51.824,5.000,99.0,47.0,-23.435897827148438,5.897435665130615
393.056,12:23:27.996,442.142,10.467,4627.784,0.000,0.000,0.000,16.589,16.719,16.384,1.000,1.000,0.000,29.918,30.100,0.744,51.824,5.000,99.0,47.0,-23.435897827148438,5.897435665130615
393.169,12:23:28.301,442.142,10.467,4627.784,0.000,0.000,0.000,16.589,16.719,16.384,1.000,1.000,0.000,29.918,30.100,0.744,51.824,5.000,99.0,47.0,-19.94871711730957,23.179487228393555
393.472,12:23:28.413,444.173,10.238,4547.327,0.000,0.000,0.000,15.680,16.350,16.775,1.000,1.000,0.000,29.879,29.700,0.740,51.791,5.000,99.0,47.0,-19.94871711730957,23.179487228393555
393.583,12:23:28.524,444.173,10.238,4547.327,0.000,0.000,0.000,15.680,16.350,16.775,1.000,1.000,0.000,29.879,29.700,0.740,51.791,5.000,99.0,47.0,-19.94871711730957,23.179487228393555
393.696,12:23:28.637,443.682,10.302,4570.956,0.000,0.000,0.000,15.795,16.844,17.016,1.000,1.000,0.000,29.918,30.100,0.742,51.783,5.000,99.0,47.0,-19.94871711730957,23.179487228393555
393.807,12:23:28.748,443.682,10.302,4570.956,0.000,0.000,0.000,15.795,16.844,17.016,1.000,1.000,0.000,29.918,30.100,0.742,51.783,5.000,99.0,47.0,-19.94871711730957,23.179487228393555
393.920,12:23:28.861,443.682,10.302,4570.956,0.000,0.000,0.000,15.795,16.844,17.016,1.000,1.000,0.000,29.918,30.100,0.742,51.783,5.000,99.0,47.0,-19.94871711730957,23.179487228393555
394.048,12:23:28.988,440.806,10.615,4678.954,0.000,0.000,0.000,15.863,16.805,16.949,1.000,1.000,0.000,30.280,30.100,0.756,51.767,5.000,99.0,47.0,-19.94871711730957,23.179487228393555
394.160,12:23:29.101,440.806,10.615,4678.954,0.000,0.000,0.000,15.863,16.805,16.949,1.000,1.000,0.000,30.280,30.100,0.756,51.767,5.000,99.0,47.0,-19.94871711730957,23.179487228393555
394.272,12:23:29.404,440.806,10.615,4678.954,0.000,0.000,0.000,15.863,16.805,16.949,1.000,1.000,0.000,30.280,30.100,0.756,51.767,5.000,99.0,47.0,3.538461446762085,22.41025733947754
394.576,12:23:29.516,444.524,10.213,4539.708,0.000,0.000,0.000,15.519,16.492,16.725,1.000,1.000,0.000,29.880,29.700,0.739,51.762,5.000,99.0,47.0,3.538461446762085,22.41025733947754
394.688,12:23:29.628,444.524,10.213,4539.708,0.000,0.000,0.000,15.519,16.492,16.725,1.000,1.000,0.000,29.880,29.700,0.739,51.762,5.000,99.0,47.0,3.538461446762085,22.41025733947754
394.799,12:23:29.740,444.524,10.213,4539.708,0.000,0.000,0.000,15.519,16.492,16.725,1.000,1.000,0.000,29.880,29.700,0.739,51.762,5.000,99.0,47.0,3.538461446762085,22.41025733947754
394.912,12:23:29.853,447.026,9.921,4435.087,0.000,0.000,0.000,15.358,17.039,16.411,1.000,1.000,0.000,29.519,29.700,0.726,51.742,5.000,99.0,47.0,3.538461446762085,22.41025733947754
395.022,12:23:29.963,447.026,9.921,4435.087,0.000,0.000,0.000,15.358,17.039,16.411,1.000,1.000,0.000,29.519,29.700,0.726,51.742,5.000,99.0,47.0,3.538461446762085,22.41025733947754
395.134,12:23:30.075,447.026,9.921,4435.087,0.000,0.000,0.000,15.358,17.039,16.411,1.000,1.000,0.000,29.519,29.700,0.726,51.742,5.000,99.0,47.0,3.538461446762085,22.41025733947754
395.248,12:23:30.188,447.026,9.921,4435.087,0.000,0.000,0.000,15.358,17.039,16.411,1.000,1.000,0.000,29.519,29.700,0.726,51.742,5.000,99.0,47.0,3.538461446762085,22.41025733947754
395.359,12:23:30.491,443.545,10.333,4583.064,0.000,0.000,0.000,15.971,17.399,16.299,1.000,1.000,0.000,29.880,29.700,0.741,51.740,5.000,99.0,47.0,2.0512821674346924,20.66666603088379
395.662,12:23:30.603,443.686,10.318,4577.971,0.000,0.000,0.000,16.184,17.254,16.149,1.000,1.000,0.000,29.880,29.700,0.741,51.712,5.000,99.0,47.0,2.0512821674346924,20.66666603088379
395.775,12:23:30.716,443.686,10.318,4577.971,0.000,0.000,0.000,16.184,17.254,16.149,1.000,1.000,0.000,29.880,29.700,0.741,51.712,5.000,99.0,47.0,2.0512821674346924,20.66666603088379
395.887,12:23:30.828,443.686,10.318,4577.971,0.000,0.000,0.000,16.184,17.254,16.149,1.000,1.000,0.000,29.880,29.700,0.741,51.712,5.000,99.0,47.0,2.0512821674346924,20.66666603088379
395.998,12:23:30.939,443.686,10.318,4577.971,0.000,0.000,0.000,16.184,17.254,16.149,1.000,1.000,0.000,29.880,29.700,0.741,51.712,5.000,99.0,47.0,2.0512821674346924,20.66666603088379
396.112,12:23:31.052,444.635,10.210,4539.529,0.000,0.000,0.000,16.409,16.521,16.133,1.000,1.000,0.000,29.918,30.100,0.740,51.699,5.000,99.0,47.0,2.0512821674346924,20.66666603088379
396.222,12:23:31.162,444.635,10.210,4539.529,0.000,0.000,0.000,16.409,16.521,16.133,1.000,1.000,0.000,29.918,30.100,0.740,51.699,5.000,99.0,47.0,2.0512821674346924,20.66666603088379
396.334,12:23:31.275,444.635,10.210,4539.529,0.000,0.000,0.000,16.409,16.521,16.133,1.000,1.000,0.000,29.918,30.100,0.740,51.699,5.000,99.0,47.0,2.0512821674346924,20.66666603088379
396.446,12:23:31.578,444.635,10.210,4539.529,0.000,0.000,0.000,16.409,16.521,16.133,1.000,1.000,0.000,29.918,30.100,0.740,51.699,5.000,99.0,47.0,15.48717975616455,-21.94871711730957
396.750,12:23:31.691,443.952,10.296,4571.132,0.000,0.000,0.000,16.327,16.649,16.069,1.000,1.000,0.000,29.880,29.700,0.740,51.725,5.000,99.0,47.0,15.48717975616455,-21.94871711730957
396.862,12:23:31.802,443.952,10.296,4571.132,0.000,0.000,0.000,16.327,16.649,16.069,1.000,1.000,0.000,29.880,29.700,0.740,51.725,5.000,99.0,47.0,15.48717975616455,-21.94871711730957
396.974,12:23:31.915,444.817,10.205,4539.367,0.000,0.000,0.000,16.121,16.357,16.593,1.000,1.000,0.000,29.918,30.100,0.740,51.673,5.000,99.0,47.0,15.48717975616455,-21.94871711730957
397.086,12:23:32.027,444.817,10.205,4539.367,0.000,0.000,0.000,16.121,16.357,16.593,1.000,1.000,0.000,29.918,30.100,0.740,51.673,5.000,99.0,47.0,15.48717975616455,-21.94871711730957
397.197,12:23:32.138,444.817,10.205,4539.367,0.000,0.000,0.000,16.121,16.357,16.593,1.000,1.000,0.000,29.918,30.100,0.740,51.673,5.000,99.0,47.0,15.48717975616455,-21.94871711730957
397.309,12:23:32.249,441.799,10.540,4656.428,0.000,0.000,0.000,16.101,16.743,16.666,1.000,1.000,0.000,30.280,30.100,0.754,51.690,5.000,99.0,47.0,15.48717975616455,-21.94871711730957
397.421,12:23:32.362,441.799,10.540,4656.428,0.000,0.000,0.000,16.101,16.743,16.666,1.000,1.000,0.000,30.280,30.100,0.754,51.690,5.000,99.0,47.0,15.48717975616455,-21.94871711730957
397.533,12:23:32.665,441.799,10.540,4656.428,0.000,0.000,0.000,16.101,16.743,16.666,1.000,1.000,0.000,30.280,30.100,0.754,51.690,5.000,99.0,47.0,8.0,-21.487178802490234
397.837,12:23:32.778,443.812,10.322,4581.007,0.000,0.000,0.000,16.363,16.722,16.110,1.000,1.000,0.000,29.880,29.700,0.741,51.669,5.000,99.0,47.0,8.0,-21.487178802490234
397.949,12:23:32.890,443.812,10.322,4581.007,0.000,0.000,0.000,16.363,16.722,16.110,1.000,1.000,0.000,29.880,29.700,0.741,51.669,5.000,99.0,47.0,8.0,-21.487178802490234
398.061,12:23:33.002,443.812,10.322,4581.007,0.000,0.000,0.000,16.363,16.722,16.110,1.000,1.000,0.000,29.880,29.700,0.741,51.669,5.000,99.0,47.0,8.0,-21.487178802490234
398.173,12:23:33.114,446.815,9.968,4453.738,0.000,0.000,0.000,16.213,16.228,16.290,1.000,1.000,0.000,29.519,29.700,0.727,51.660,5.000,99.0,47.0,8.0,-21.487178802490234
398.285,12:23:33.226,446.815,9.968,4453.738,0.000,0.000,0.000,16.213,16.228,16.290,1.000,1.000,0.000,29.519,29.700,0.727,51.660,5.000,99.0,47.0,8.0,-21.487178802490234
398.397,12:23:33.338,446.815,9.968,4453.738,0.000,0.000,0.000,16.213,16.228,16.290,1.000,1.000,0.000,29.519,29.700,0.727,51.660,5.000,99.0,47.0,8.0,-21.487178802490234
398.508,12:23:33.449,441.906,10.536,4655.715,0.000,0.000,0.000,15.997,16.692,16.896,1.000,1.000,0.000,30.280,30.100,0.754,51.643,5.000,99.0,47.0,8.0,-21.487178802490234
398.620,12:23:33.754,441.906,10.536,4655.715,0.000,0.000,0.000,15.997,16.692,16.896,1.000,1.000,0.000,30.280,30.100,0.754,51.643,5.000,99.0,47.0,1.384615421295166,-20.102563858032227
398.925,12:23:33.866,445.300,10.149,4519.355,0.000,0.000,0.000,15.776,16.313,16.694,1.000,1.000,0.000,29.918,30.100,0.739,51.644,5.000,99.0,47.0,1.384615421295166,-20.102563858032227
399.036,12:23:33.977,445.300,10.149,4519.355,0.000,0.000,0.000,15.776,16.313,16.694,1.000,1.000,0.000,29.918,30.100,0.739,51.644,5.000,99.0,47.0,1.384615421295166,-20.102563858032227
399.149,12:23:34.090,445.300,10.149,4519.355,0.000,0.000,0.000,15.776,16.313,16.694,1.000,1.000,0.000,29.918,30.100,0.739,51.644,5.000,99.0,47.0,1.384615421295166,-20.102563858032227
399.261,12:23:34.202,445.300,10.149,4519.355,0.000,0.000,0.000,15.776,16.313,16.694,1.000,1.000,0.000,29.918,30.100,0.739,51.644,5.000,99.0,47.0,1.384615421295166,-20.102563858032227
399.372,12:23:34.313,443.513,10.354,4592.161,0.000,0.000,0.000,16.094,16.541,16.751,1.000,1.000,0.000,29.880,29.700,0.741,51.629,5.000,99.0,47.0,1.384615421295166,-20.102563858032227
399.483,12:23:34.424,443.513,10.354,4592.161,0.000,0.000,0.000,16.094,16.541,16.751,1.000,1.000,0.000,29.880,29.700,0.741,51.629,5.000,99.0,47.0,1.384615421295166,-20.102563858032227
399.596,12:23:34.537,443.513,10.354,4592.161,0.000,0.000,0.000,16.094,16.541,16.751,1.000,1.000,0.000,29.880,29.700,0.741,51.629,5.000,99.0,47.0,1.384615421295166,-20.102563858032227
399.709,12:23:34.840,443.513,10.354,4592.161,0.000,0.000,0.000,16.094,16.541,16.751,1.000,1.000,0.000,29.880,29.700,0.741,51.629,5.000,99.0,47.0,-16.923076629638672,-3.6410255432128906
400.012,12:23:34.953,445.144,10.169,4526.671,0.000,0.000,0.000,15.531,16.729,16.829,1.000,1.000,0.000,29.918,30.100,0.739,51.598,5.000,99.0,47.0,-16.923076629638672,-3.6410255432128906
400.141,12:23:35.081,443.277,10.373,4598.035,0.000,0.000,0.000,15.716,16.810,16.890,1.000,1.000,0.000,29.918,30.100,0.742,51.598,5.000,99.0,47.0,-16.923076629638672,-3.6410255432128906
400.253,12:23:35.193,443.277,10.373,4598.035,0.000,0.000,0.000,15.716,16.810,16.890,1.000,1.000,0.000,29.918,30.100,0.742,51.598,5.000,99.0,47.0,-16.923076629638672,-3.6410255432128906
400.363,12:23:35.304,443.277,10.373,4598.035,0.000,0.000,0.000,15.716,16.810,16.890,1.000,1.000,0.000,29.918,30.100,0.742,51.598,5.000,99.0,47.0,-16.923076629638672,-3.6410255432128906
400.476,12:23:35.416,443.277,10.373,4598.035,0.000,0.000,0.000,15.716,16.810,16.890,1.000,1.000,0.000,29.918,30.100,0.742,51.598,5.000,99.0,47.0,-16.923076629638672,-3.6410255432128906
400.587,12:23:35.528,446.382,10.015,4470.519,0.000,0.000,0.000,15.396,16.707,16.737,1.000,1.000,0.000,29.519,29.700,0.727,51.590,5.000,99.0,47.0,-16.923076629638672,-3.6410255432128906
400.700,12:23:35.640,446.382,10.015,4470.519,0.000,0.000,0.000,15.396,16.707,16.737,1.000,1.000,0.000,29.519,29.700,0.727,51.590,5.000,99.0,47.0,-16.923076629638672,-3.6410255432128906
400.812,12:23:35.943,446.382,10.015,4470.519,0.000,0.000,0.000,15.396,16.707,16.737,1.000,1.000,0.000,29.519,29.700,0.727,51.590,5.000,99.0,47.0,-20.205127716064453,17.384614944458008
401.114,12:23:36.055,442.773,10.420,4613.603,0.000,0.000,0.000,15.687,17.269,16.506,1.000,1.000,0.000,29.880,29.700,0.742,51.585,5.000,99.0,47.0,-20.205127716064453,17.384614944458008
401.226,12:23:36.167,442.773,10.420,4613.603,0.000,0.000,0.000,15.687,17.269,16.506,1.000,1.000,0.000,29.880,29.700,0.742,51.585,5.000,99.0,47.0,-20.205127716064453,17.384614944458008
401.339,12:23:36.280,442.773,10.420,4613.603,0.000,0.000,0.000,15.687,17.269,16.506,1.000,1.000,0.000,29.880,29.700,0.742,51.585,5.000,99.0,47.0,-20.205127716064453,17.384614944458008
401.451,12:23:36.391,445.385,10.119,4506.644,0.000,0.000,0.000,15.955,17.007,15.894,1.000,1.000,0.000,29.918,30.100,0.739,51.547,5.000,99.0,47.0,-20.205127716064453,17.384614944458008
401.562,12:23:36.503,445.385,10.119,4506.644,0.000,0.000,0.000,15.955,17.007,15.894,1.000,1.000,0.000,29.918,30.100,0.739,51.547,5.000,99.0,47.0,-20.205127716064453,17.384614944458008
401.675,12:23:36.616,445.385,10.119,4506.644,0.000,0.000,0.000,15.955,17.007,15.894,1.000,1.000,0.000,29.918,30.100,0.739,51.547,5.000,99.0,47.0,-20.205127716064453,17.384614944458008
401.786,12:23:36.727,442.925,10.393,4603.344,0.000,0.000,0.000,16.168,17.054,16.271,1.000,1.000,0.000,29.880,29.700,0.742,51.580,5.000,99.0,47.0,-20.205127716064453,17.384614944458008
401.898,12:23:38.054,442.925,10.393,4603.344,0.000,0.000,0.000,16.168,17.054,16.271,1.000,1.000,0.000,29.880,29.700,0.742,51.580,5.000,99.0,47.0,-13.076923370361328,22.35897445678711
403.226,12:23:38.358,445.764,10.063,4485.788,0.000,0.000,0.000,16.125,16.161,16.419,1.000,1.000,0.000,29.519,29.700,0.728,51.479,5.000,99.0,47.0,-17.33333396911621,21.435897827148438
403.530,12:23:38.471,445.639,10.074,4489.159,0.000,0.000,0.000,15.570,16.585,16.893,1.000,1.000,0.000,29.519,29.700,0.729,51.497,5.000,99.0,47.0,-17.33333396911621,21.435897827148438
403.642,12:23:38.583,445.639,10.074,4489.159,0.000,0.000,0.000,15.570,16.585,16.893,1.000,1.000,0.000,29.519,29.700,0.729,51.497,5.000,99.0,47.0,-17.33333396911621,21.435897827148438
403.753,12:23:38.694,445.639,10.074,4489.159,0.000,0.000,0.000,15.570,16.585,16.893,1.000,1.000,0.000,29.519,29.700,0.729,51.497,5.000,99.0,47.0,-17.33333396911621,21.435897827148438
403.865,12:23:38.805,442.009,10.484,4633.923,0.000,0.000,0.000,15.789,17.223,16.587,1.000,1.000,0.000,30.280,30.100,0.754,51.494,5.000,99.0,47.0,-17.33333396911621,21.435897827148438
403.977,12:23:38.917,442.009,10.484,4633.923,0.000,0.000,0.000,15.789,17.223,16.587,1.000,1.000,0.000,30.280,30.100,0.754,51.494,5.000,99.0,47.0,-17.33333396911621,21.435897827148438
404.089,12:23:39.029,442.009,10.484,4633.923,0.000,0.000,0.000,15.789,17.223,16.587,1.000,1.000,0.000,30.280,30.100,0.754,51.494,5.000,99.0,47.0,-17.33333396911621,21.435897827148438
404.201,12:23:39.141,442.426,10.434,4616.088,0.000,0.000,0.000,15.659,17.020,16.670,1.000,1.000,0.000,29.880,29.700,0.743,51.468,5.000,99.0,47.0,-17.33333396911621,21.435897827148438
404.312,12:23:39.445,442.426,10.434,4616.088,0.000,0.000,0.000,15.659,17.020,16.670,1.000,1.000,0.000,29.880,29.700,0.743,51.468,5.000,99.0,47.0,0.7692307829856873,21.384614944458008
404.617,12:23:39.558,443.954,10.257,4553.625,0.000,0.000,0.000,16.010,16.844,15.898,1.000,1.000,0.000,29.880,29.700,0.740,51.456,5.000,99.0,47.0,0.7692307829856873,21.384614944458008
404.729,12:23:39.670,443.954,10.257,4553.625,0.000,0.000,0.000,16.010,16.844,15.898,1.000,1.000,0.000,29.880,29.700,0.740,51.456,5.000,99.0,47.0,0.7692307829856873,21.384614944458008
404.841,12:23:39.781,443.954,10.257,4553.625,0.000,0.000,0.000,16.010,16.844,15.898,1.000,1.000,0.000,29.880,29.700,0.740,51.456,5.000,99.0,47.0,0.7692307829856873,21.384614944458008
404.952,12:23:39.893,443.954,10.257,4553.625,0.000,0.000,0.000,16.010,16.844,15.898,1.000,1.000,0.000,29.880,29.700,0.740,51.456,5.000,99.0,47.0,0.7692307829856873,21.384614944458008
405.066,12:23:40.006,443.965,10.250,4550.554,0.000,0.000,0.000,16.303,16.353,16.379,1.000,1.000,0.000,29.919,30.100,0.741,51.437,5.000,99.0,47.0,0.7692307829856873,21.384614944458008
405.176,12:23:40.117,443.965,10.250,4550.554,0.000,0.000,0.000,16.303,16.353,16.379,1.000,1.000,0.000,29.919,30.100,0.741,51.437,5.000,99.0,47.0,0.7692307829856873,21.384614944458008
405.288,12:23:40.228,443.965,10.250,4550.554,0.000,0.000,0.000,16.303,16.353,16.379,1.000,1.000,0.000,29.919,30.100,0.741,51.437,5.000,99.0,47.0,0.7692307829856873,21.384614944458008
405.400,12:23:41.573,443.965,10.250,4550.554,0.000,0.000,0.000,16.303,16.353,16.379,1.000,1.000,0.000,29.919,30.100,0.741,51.437,5.000,99.0,47.0,-2.461538553237915,22.71794891357422
406.744,12:23:41.876,444.367,10.220,4541.250,0.000,0.000,0.000,16.349,16.587,15.991,1.000,1.000,0.000,29.918,30.100,0.741,51.360,5.000,99.0,47.0,-19.69230842590332,22.71794891357422
407.047,12:23:41.988,446.875,9.927,4436.339,0.000,0.000,0.000,16.204,16.181,16.080,1.000,1.000,0.000,29.519,29.700,0.727,51.378,5.000,99.0,47.0,-19.69230842590332,22.71794891357422
407.159,12:23:42.100,446.875,9.927,4436.339,0.000,0.000,0.000,16.204,16.181,16.080,1.000,1.000,0.000,29.519,29.700,0.727,51.378,5.000,99.0,47.0,-19.69230842590332,22.71794891357422
407.272,12:23:42.213,446.875,9.927,4436.339,0.000,0.000,0.000,16.204,16.181,16.080,1.000,1.000,0.000,29.519,29.700,0.727,51.378,5.000,99.0,47.0,-19.69230842590332,22.71794891357422
407.383,12:23:42.324,446.875,9.927,4436.339,0.000,0.000,0.000,16.204,16.181,16.080,1.000,1.000,0.000,29.519,29.700,0.727,51.378,5.000,99.0,47.0,-19.69230842590332,22.71794891357422
407.496,12:23:42.436,441.001,10.595,4672.415,0.000,0.000,0.000,16.143,16.643,16.810,1.000,1.000,0.000,30.280,30.100,0.755,51.367,5.000,99.0,47.0,-19.69230842590332,22.71794891357422
407.607,12:23:42.547,441.001,10.595,4672.415,0.000,0.000,0.000,16.143,16.643,16.810,1.000,1.000,0.000,30.280,30.100,0.755,51.367,5.000,99.0,47.0,-19.69230842590332,22.71794891357422
407.719,12:23:42.659,441.001,10.595,4672.415,0.000,0.000,0.000,16.143,16.643,16.810,1.000,1.000,0.000,30.280,30.100,0.755,51.367,5.000,99.0,47.0,-19.69230842590332,22.71794891357422
407.831,12:23:42.963,441.001,10.595,4672.415,0.000,0.000,0.000,16.143,16.643,16.810,1.000,1.000,0.000,30.280,30.100,0.755,51.367,5.000,99.0,47.0,2.923076868057251,20.871795654296875
408.134,12:23:43.075,443.480,10.326,4579.570,0.000,0.000,0.000,16.316,16.454,16.611,1.000,1.000,0.000,29.918,30.100,0.742,51.388,5.000,99.0,47.0,2.923076868057251,20.871795654296875
408.263,12:23:43.203,512.383,9.671,4955.155,0.000,0.000,0.000,16.821,17.167,17.046,1.000,1.000,0.000,30.318,30.500,0.651,51.358,5.000,99.0,47.0,2.923076868057251,20.871795654296875
408.375,12:23:43.316,512.383,9.671,4955.155,0.000,0.000,0.000,16.821,17.167,17.046,1.000,1.000,0.000,30.318,30.500,0.651,51.358,5.000,99.0,47.0,2.923076868057251,20.871795654296875
408.487,12:23:43.428,512.383,9.671,4955.155,0.000,0.000,0.000,16.821,17.167,17.046,1.000,1.000,0.000,30.318,30.500,0.651,51.358,5.000,99.0,47.0,2.923076868057251,20.871795654296875
408.599,12:23:43.539,512.383,9.671,4955.155,0.000,0.000,0.000,16.821,17.167,17.046,1.000,1.000,0.000,30.318,30.500,0.651,51.358,5.000,99.0,47.0,2.923076868057251,20.871795654296875
408.711,12:23:43.652,511.769,9.825,5027.961,0.000,0.000,0.000,16.536,17.700,16.922,1.000,1.000,0.000,30.719,30.900,0.660,51.266,5.000,99.0,47.0,2.923076868057251,20.871795654296875
408.823,12:23:43.763,511.769,9.825,5027.961,0.000,0.000,0.000,16.536,17.700,16.922,1.000,1.000,0.000,30.719,30.900,0.660,51.266,5.000,99.0,47.0,2.923076868057251,20.871795654296875
408.934,12:23:44.067,511.769,9.825,5027.961,0.000,0.000,0.000,16.536,17.700,16.922,1.000,1.000,0.000,30.719,30.900,0.660,51.266,5.000,99.0,47.0,8.256410598754883,16.769229888916016
409.238,12:23:44.179,510.173,10.406,5308.887,0.000,0.000,0.000,17.006,17.666,17.504,1.000,1.000,0.000,31.518,31.700,0.680,51.355,5.000,99.0,47.0,8.256410598754883,16.769229888916016
409.350,12:23:44.291,510.173,10.406,5308.887,0.000,0.000,0.000,17.006,17.666,17.504,1.000,1.000,0.000,31.518,31.700,0.680,51.355,5.000,99.0,47.0,8.256410598754883,16.769229888916016
409.462,12:23:44.402,510.173,10.406,5308.887,0.000,0.000,0.000,17.006,17.666,17.504,1.000,1.000,0.000,31.518,31.700,0.680,51.355,5.000,99.0,47.0,8.256410598754883,16.769229888916016
409.574,12:23:44.514,508.452,11.057,5621.962,0.000,0.000,0.000,17.429,18.319,17.513,1.000,1.000,0.000,32.318,32.500,0.699,51.401,5.000,99.0,47.0,8.256410598754883,16.769229888916016
409.686,12:23:44.626,508.452,11.057,5621.962,0.000,0.000,0.000,17.429,18.319,17.513,1.000,1.000,0.000,32.318,32.500,0.699,51.401,5.000,99.0,47.0,8.256410598754883,16.769229888916016
409.798,12:23:44.739,508.452,11.057,5621.962,0.000,0.000,0.000,17.429,18.319,17.513,1.000,1.000,0.000,32.318,32.500,0.699,51.401,5.000,99.0,47.0,8.256410598754883,16.769229888916016
409.910,12:23:44.851,506.556,11.759,5956.682,0.000,0.000,0.000,17.809,18.943,17.777,1.000,1.000,0.000,33.119,33.300,0.719,51.475,5.000,99.0,47.0,8.256410598754883,16.769229888916016
410.021,12:23:45.154,506.556,11.759,5956.682,0.000,0.000,0.000,17.809,18.943,17.777,1.000,1.000,0.000,33.119,33.300,0.719,51.475,5.000,99.0,47.0,14.666666984558105,-3.9487178325653076
410.325,12:23:45.266,504.541,12.499,6306.262,0.000,0.000,0.000,18.588,18.431,18.635,1.000,1.000,0.000,33.918,34.100,0.739,51.553,5.000,99.0,47.0,14.666666984558105,-3.9487178325653076
410.437,12:23:45.378,504.541,12.499,6306.262,0.000,0.000,0.000,18.588,18.431,18.635,1.000,1.000,0.000,33.918,34.100,0.739,51.553,5.000,99.0,47.0,14.666666984558105,-3.9487178325653076
410.549,12:23:45.490,504.541,12.499,6306.262,0.000,0.000,0.000,18.588,18.431,18.635,1.000,1.000,0.000,33.918,34.100,0.739,51.553,5.000,99.0,47.0,14.666666984558105,-3.9487178325653076
410.661,12:23:45.601,504.541,12.499,6306.262,0.000,0.000,0.000,18.588,18.431,18.635,1.000,1.000,0.000,33.918,34.100,0.739,51.553,5.000,99.0,47.0,14.666666984558105,-3.9487178325653076
410.773,12:23:45.713,502.256,13.309,6684.399,0.000,0.000,0.000,18.545,20.023,18.663,1.000,1.000,0.000,34.719,34.900,0.760,51.647,5.000,99.0,47.0,14.666666984558105,-3.9487178325653076
410.885,12:23:45.826,502.256,13.309,6684.399,0.000,0.000,0.000,18.545,20.023,18.663,1.000,1.000,0.000,34.719,34.900,0.760,51.647,5.000,99.0,47.0,14.666666984558105,-3.9487178325653076
410.997,12:23:45.938,502.256,13.309,6684.399,0.000,0.000,0.000,18.545,20.023,18.663,1.000,1.000,0.000,34.719,34.900,0.760,51.647,5.000,99.0,47.0,14.666666984558105,-3.9487178325653076
411.109,12:23:46.241,499.709,14.190,7090.782,0.000,0.000,0.000,19.155,20.404,19.202,1.000,1.000,0.000,35.518,35.700,0.782,51.750,5.000,99.0,47.0,-15.333333015441895,-9.025641441345215
411.413,12:23:46.354,499.709,14.190,7090.782,0.000,0.000,0.000,19.155,20.404,19.202,1.000,1.000,0.000,35.518,35.700,0.782,51.750,5.000,99.0,47.0,-15.333333015441895,-9.025641441345215
411.525,12:23:46.465,496.922,15.108,7507.286,0.000,0.000,0.000,19.655,20.114,20.471,1.000,1.000,0.000,36.319,36.500,0.804,51.854,5.000,99.0,47.0,-15.333333015441895,-9.025641441345215
411.636,12:23:46.577,496.922,15.108,7507.286,0.000,0.000,0.000,19.655,20.114,20.471,1.000,1.000,0.000,36.319,36.500,0.804,51.854,5.000,99.0,47.0,-15.333333015441895,-9.025641441345215
411.748,12:23:46.689,496.922,15.108,7507.286,0.000,0.000,0.000,19.655,20.114,20.471,1.000,1.000,0.000,36.319,36.500,0.804,51.854,5.000,99.0,47.0,-15.333333015441895,-9.025641441345215
411.861,12:23:46.802,496.922,15.108,7507.286,0.000,0.000,0.000,19.655,20.114,20.471,1.000,1.000,0.000,36.319,36.500,0.804,51.854,5.000,99.0,47.0,-15.333333015441895,-9.025641441345215
411.973,12:23:46.913,493.614,16.117,7955.427,0.000,0.000,0.000,20.307,20.952,20.711,1.000,1.000,0.000,37.118,37.300,0.827,51.888,5.000,99.0,47.0,-15.333333015441895,-9.025641441345215
412.084,12:23:47.025,493.614,16.117,7955.427,0.000,0.000,0.000,20.307,20.952,20.711,1.000,1.000,0.000,37.118,37.300,0.827,51.888,5.000,99.0,47.0,-15.333333015441895,-9.025641441345215
412.197,12:23:47.345,493.614,16.117,7955.427,0.000,0.000,0.000,20.307,20.952,20.711,1.000,1.000,0.000,37.118,37.300,0.827,51.888,5.000,99.0,47.0,-0.8205128312110901,27.076923370361328
412.515,12:23:47.456,489.799,17.239,8443.625,0.000,0.000,0.000,20.666,21.733,21.706,1.000,1.000,0.000,37.919,38.100,0.852,51.730,5.000,99.0,47.0,-0.8205128312110901,27.076923370361328
412.628,12:23:47.569,489.799,17.239,8443.625,0.000,0.000,0.000,20.666,21.733,21.706,1.000,1.000,0.000,37.919,38.100,0.852,51.730,5.000,99.0,47.0,-0.8205128312110901,27.076923370361328
412.740,12:23:47.681,485.401,18.460,8960.548,0.000,0.000,0.000,21.698,22.425,21.857,1.000,1.000,0.000,38.719,38.900,0.877,51.743,5.000,99.0,47.0,-0.8205128312110901,27.076923370361328
412.852,12:23:47.793,485.401,18.460,8960.548,0.000,0.000,0.000,21.698,22.425,21.857,1.000,1.000,0.000,38.719,38.900,0.877,51.743,5.000,99.0,47.0,-0.8205128312110901,27.076923370361328
412.964,12:23:47.905,485.401,18.460,8960.548,0.000,0.000,0.000,21.698,22.425,21.857,1.000,1.000,0.000,38.719,38.900,0.877,51.743,5.000,99.0,47.0,-0.8205128312110901,27.076923370361328
413.076,12:23:48.017,485.401,18.460,8960.548,0.000,0.000,0.000,21.698,22.425,21.857,1.000,1.000,0.000,38.719,38.900,0.877,51.743,5.000,99.0,47.0,-0.8205128312110901,27.076923370361328
413.187,12:23:48.127,480.232,19.794,9505.574,0.000,0.000,0.000,22.221,23.563,22.345,1.000,1.000,0.000,39.518,39.700,0.905,51.633,5.000,99.0,47.0,-0.8205128312110901,27.076923370361328
413.299,12:23:48.431,480.232,19.794,9505.574,0.000,0.000,0.000,22.221,23.563,22.345,1.000,1.000,0.000,39.518,39.700,0.905,51.633,5.000,99.0,47.0,29.076923370361328,-21.230770111083984
413.603,12:23:48.543,474.117,21.198,10050.484,0.000,0.000,0.000,23.464,23.384,23.360,1.000,1.000,0.000,40.319,40.500,0.935,51.693,5.000,99.0,47.0,29.076923370361328,-21.230770111083984
413.715,12:23:48.655,474.117,21.198,10050.484,0.000,0.000,0.000,23.464,23.384,23.360,1.000,1.000,0.000,40.319,40.500,0.935,51.693,5.000,99.0,47.0,29.076923370361328,-21.230770111083984
413.827,12:23:48.768,474.117,21.198,10050.484,0.000,0.000,0.000,23.464,23.384,23.360,1.000,1.000,0.000,40.319,40.500,0.935,51.693,5.000,99.0,47.0,29.076923370361328,-21.230770111083984
413.938,12:23:48.879,467.224,22.582,10550.768,0.000,0.000,0.000,22.975,25.319,24.535,1.000,1.000,0.000,41.118,41.300,0.940,51.732,5.000,99.0,47.0,29.076923370361328,-21.230770111083984
414.050,12:23:48.991,467.224,22.582,10550.768,0.000,0.000,0.000,22.975,25.319,24.535,1.000,1.000,0.000,41.118,41.300,0.940,51.732,5.000,99.0,47.0,29.076923370361328,-21.230770111083984
414.163,12:23:49.104,467.224,22.582,10550.768,0.000,0.000,0.000,22.975,25.319,24.535,1.000,1.000,0.000,41.118,41.300,0.940,51.732,5.000,99.0,47.0,29.076923370361328,-21.230770111083984
414.275,12:23:49.215,467.224,22.582,10550.768,0.000,0.000,0.000,22.975,25.319,24.535,1.000,1.000,0.000,41.118,41.300,0.940,51.732,5.000,99.0,47.0,29.076923370361328,-21.230770111083984
414.387,12:23:49.519,463.160,23.319,10800.471,0.000,0.000,0.000,23.638,25.800,25.104,1.000,1.000,0.000,41.481,41.300,0.940,51.933,5.000,99.0,47.0,28.871795654296875,-35.17948532104492
414.691,12:23:49.632,463.160,23.319,10800.471,0.000,0.000,0.000,23.638,25.800,25.104,1.000,1.000,0.000,41.481,41.300,0.940,51.933,5.000,99.0,47.0,28.871795654296875,-35.17948532104492
414.802,12:23:49.743,467.264,22.618,10568.766,0.000,0.000,0.000,23.030,25.389,24.569,1.000,1.000,0.000,40.718,40.900,0.940,52.125,5.000,99.0,47.0,28.871795654296875,-35.17948532104492
414.914,12:23:49.855,467.264,22.618,10568.766,0.000,0.000,0.000,23.030,25.389,24.569,1.000,1.000,0.000,40.718,40.900,0.940,52.125,5.000,99.0,47.0,28.871795654296875,-35.17948532104492
415.027,12:23:49.967,467.264,22.618,10568.766,0.000,0.000,0.000,23.030,25.389,24.569,1.000,1.000,0.000,40.718,40.900,0.940,52.125,5.000,99.0,47.0,28.871795654296875,-35.17948532104492
415.138,12:23:50.079,467.264,22.618,10568.766,0.000,0.000,0.000,23.030,25.389,24.569,1.000,1.000,0.000,40.718,40.900,0.940,52.125,5.000,99.0,47.0,28.871795654296875,-35.17948532104492
415.251,12:23:50.191,470.564,21.993,10349.093,0.000,0.000,0.000,23.881,23.919,23.704,1.000,1.000,0.000,40.718,40.900,0.940,52.282,5.000,99.0,47.0,28.871795654296875,-35.17948532104492
415.362,12:23:50.302,470.564,21.993,10349.093,0.000,0.000,0.000,23.881,23.919,23.704,1.000,1.000,0.000,40.718,40.900,0.940,52.282,5.000,99.0,47.0,28.871795654296875,-35.17948532104492
415.475,12:23:50.606,470.564,21.993,10349.093,0.000,0.000,0.000,23.881,23.919,23.704,1.000,1.000,0.000,40.718,40.900,0.940,52.282,5.000,99.0,47.0,-26.41025733947754,34.25640869140625
415.778,12:23:50.719,463.470,23.263,10781.582,0.000,0.000,0.000,24.046,24.539,25.685,1.000,1.000,0.000,41.481,41.300,0.940,52.424,5.000,99.0,47.0,-26.41025733947754,34.25640869140625
415.890,12:23:50.831,463.470,23.263,10781.582,0.000,0.000,0.000,24.046,24.539,25.685,1.000,1.000,0.000,41.481,41.300,0.940,52.424,5.000,99.0,47.0,-26.41025733947754,34.25640869140625
416.002,12:23:50.942,467.121,22.654,10582.202,0.000,0.000,0.000,23.500,24.226,25.295,1.000,1.000,0.000,41.080,40.900,0.940,52.587,5.000,99.0,47.0,-26.41025733947754,34.25640869140625
416.114,12:23:51.054,467.121,22.654,10582.202,0.000,0.000,0.000,23.500,24.226,25.295,1.000,1.000,0.000,41.080,40.900,0.940,52.587,5.000,99.0,47.0,-26.41025733947754,34.25640869140625
416.226,12:23:51.166,467.121,22.654,10582.202,0.000,0.000,0.000,23.500,24.226,25.295,1.000,1.000,0.000,41.080,40.900,0.940,52.587,5.000,99.0,47.0,-26.41025733947754,34.25640869140625
416.337,12:23:51.278,467.121,22.654,10582.202,0.000,0.000,0.000,23.500,24.226,25.295,1.000,1.000,0.000,41.080,40.900,0.940,52.587,5.000,99.0,47.0,-26.41025733947754,34.25640869140625
416.449,12:23:51.389,469.015,22.302,10460.018,0.000,0.000,0.000,23.928,23.705,24.311,1.000,1.000,0.000,40.718,40.900,0.940,52.737,5.000,99.0,47.0,-26.41025733947754,34.25640869140625
416.561,12:23:51.693,469.015,22.302,10460.018,0.000,0.000,0.000,23.928,23.705,24.311,1.000,1.000,0.000,40.718,40.900,0.940,52.737,5.000,99.0,47.0,-27.33333396911621,-3.9487178325653076
416.865,12:23:51.805,461.822,23.531,10867.249,0.000,0.000,0.000,24.162,24.745,25.800,1.000,1.000,0.000,41.481,41.300,0.940,52.812,5.000,99.0,47.0,-27.33333396911621,-3.9487178325653076
416.978,12:23:51.918,461.822,23.531,10867.249,0.000,0.000,0.000,24.162,24.745,25.800,1.000,1.000,0.000,41.481,41.300,0.940,52.812,5.000,99.0,47.0,-27.33333396911621,-3.9487178325653076
417.090,12:23:52.030,461.822,23.531,10867.249,0.000,0.000,0.000,24.162,24.745,25.800,1.000,1.000,0.000,41.481,41.300,0.940,52.812,5.000,99.0,47.0,-27.33333396911621,-3.9487178325653076
417.201,12:23:52.141,464.980,23.023,10705.395,0.000,0.000,0.000,24.284,24.241,25.210,1.000,1.000,0.000,41.080,40.900,0.940,52.935,5.000,99.0,47.0,-27.33333396911621,-3.9487178325653076
417.313,12:23:52.253,464.980,23.023,10705.395,0.000,0.000,0.000,24.284,24.241,25.210,1.000,1.000,0.000,41.080,40.900,0.940,52.935,5.000,99.0,47.0,-27.33333396911621,-3.9487178325653076
417.424,12:23:52.365,464.980,23.023,10705.395,0.000,0.000,0.000,24.284,24.241,25.210,1.000,1.000,0.000,41.080,40.900,0.940,52.935,5.000,99.0,47.0,-27.33333396911621,-3.9487178325653076
417.536,12:23:52.477,464.980,23.023,10705.395,0.000,0.000,0.000,24.284,24.241,25.210,1.000,1.000,0.000,41.080,40.900,0.940,52.935,5.000,99.0,47.0,-27.33333396911621,-3.9487178325653076
417.648,12:23:52.782,468.731,22.348,10475.230,0.000,0.000,0.000,22.929,24.443,25.165,1.000,1.000,0.000,40.718,40.900,0.940,53.029,5.000,99.0,47.0,3.076923131942749,-31.179487228393555
417.953,12:23:52.894,468.731,22.348,10475.230,0.000,0.000,0.000,22.929,24.443,25.165,1.000,1.000,0.000,40.718,40.900,0.940,53.029,5.000,99.0,47.0,3.076923131942749,-31.179487228393555
418.065,12:23:53.005,469.524,22.195,10420.888,0.000,0.000,0.000,23.549,24.801,23.412,1.000,1.000,0.000,40.718,40.900,0.940,53.088,5.000,99.0,47.0,3.076923131942749,-31.179487228393555
418.176,12:23:53.117,469.524,22.195,10420.888,0.000,0.000,0.000,23.549,24.801,23.412,1.000,1.000,0.000,40.718,40.900,0.940,53.088,5.000,99.0,47.0,3.076923131942749,-31.179487228393555
418.289,12:23:53.229,469.524,22.195,10420.888,0.000,0.000,0.000,23.549,24.801,23.412,1.000,1.000,0.000,40.718,40.900,0.940,53.088,5.000,99.0,47.0,3.076923131942749,-31.179487228393555
418.416,12:23:53.357,469.612,22.177,10414.696,0.000,0.000,0.000,23.231,23.681,24.743,1.000,1.000,0.000,40.718,40.900,0.940,53.152,5.000,99.0,47.0,3.076923131942749,-31.179487228393555
418.528,12:23:53.469,469.612,22.177,10414.696,0.000,0.000,0.000,23.231,23.681,24.743,1.000,1.000,0.000,40.718,40.900,0.940,53.152,5.000,99.0,47.0,3.076923131942749,-31.179487228393555
418.641,12:23:53.581,469.612,22.177,10414.696,0.000,0.000,0.000,23.231,23.681,24.743,1.000,1.000,0.000,40.718,40.900,0.940,53.152,5.000,99.0,47.0,3.076923131942749,-31.179487228393555
418.753,12:23:53.885,469.612,22.177,10414.696,0.000,0.000,0.000,23.231,23.681,24.743,1.000,1.000,0.000,40.718,40.900,0.940,53.152,5.000,99.0,47.0,-32.153846740722656,15.79487133026123
419.056,12:23:53.997,466.373,22.772,10620.418,0.000,0.000,0.000,23.099,25.408,24.605,1.000,1.000,0.000,41.118,41.300,0.940,53.206,5.000,99.0,47.0,-32.153846740722656,15.79487133026123
419.168,12:23:54.109,466.373,22.772,10620.418,0.000,0.000,0.000,23.099,25.408,24.605,1.000,1.000,0.000,41.118,41.300,0.940,53.206,5.000,99.0,47.0,-32.153846740722656,15.79487133026123
419.280,12:23:54.221,464.928,23.029,10706.827,0.000,0.000,0.000,23.641,25.761,24.610,1.000,1.000,0.000,41.080,40.900,0.940,53.277,5.000,99.0,47.0,-32.153846740722656,15.79487133026123
419.391,12:23:54.332,464.928,23.029,10706.827,0.000,0.000,0.000,23.641,25.761,24.610,1.000,1.000,0.000,41.080,40.900,0.940,53.277,5.000,99.0,47.0,-32.153846740722656,15.79487133026123
419.503,12:23:54.444,464.928,23.029,10706.827,0.000,0.000,0.000,23.641,25.761,24.610,1.000,1.000,0.000,41.080,40.900,0.940,53.277,5.000,99.0,47.0,-32.153846740722656,15.79487133026123
419.616,12:23:54.557,464.928,23.029,10706.827,0.000,0.000,0.000,23.641,25.761,24.610,1.000,1.000,0.000,41.080,40.900,0.940,53.277,5.000,99.0,47.0,-32.153846740722656,15.79487133026123
419.728,12:23:54.668,466.315,22.783,10624.257,0.000,0.000,0.000,23.994,24.998,23.919,1.000,1.000,0.000,41.080,40.900,0.940,53.295,5.000,99.0,47.0,-32.153846740722656,15.79487133026123
419.839,12:23:54.972,466.315,22.783,10624.257,0.000,0.000,0.000,23.994,24.998,23.919,1.000,1.000,0.000,41.080,40.900,0.940,53.295,5.000,99.0,47.0,29.28205108642578,-25.69230842590332
420.143,12:23:55.084,469.758,22.148,10404.395,0.000,0.000,0.000,23.356,23.625,24.597,1.000,1.000,0.000,40.718,40.900,0.940,53.337,5.000,99.0,47.0,29.28205108642578,-25.69230842590332
420.256,12:23:55.196,469.758,22.148,10404.395,0.000,0.000,0.000,23.356,23.625,24.597,1.000,1.000,0.000,40.718,40.900,0.940,53.337,5.000,99.0,47.0,29.28205108642578,-25.69230842590332
420.367,12:23:55.307,469.758,22.148,10404.395,0.000,0.000,0.000,23.356,23.625,24.597,1.000,1.000,0.000,40.718,40.900,0.940,53.337,5.000,99.0,47.0,29.28205108642578,-25.69230842590332
420.479,12:23:55.419,466.640,22.721,10602.604,0.000,0.000,0.000,23.049,25.288,24.655,1.000,1.000,0.000,41.118,41.300,0.940,53.412,5.000,99.0,47.0,29.28205108642578,-25.69230842590332
420.591,12:23:55.532,466.640,22.721,10602.604,0.000,0.000,0.000,23.049,25.288,24.655,1.000,1.000,0.000,41.118,41.300,0.940,53.412,5.000,99.0,47.0,29.28205108642578,-25.69230842590332
420.702,12:23:55.643,466.640,22.721,10602.604,0.000,0.000,0.000,23.049,25.288,24.655,1.000,1.000,0.000,41.118,41.300,0.940,53.412,5.000,99.0,47.0,29.28205108642578,-25.69230842590332
420.815,12:23:55.756,466.640,22.721,10602.604,0.000,0.000,0.000,23.049,25.288,24.655,1.000,1.000,0.000,41.118,41.300,0.940,53.412,5.000,99.0,47.0,29.28205108642578,-25.69230842590332
420.927,12:23:56.059,464.805,23.045,10711.628,0.000,0.000,0.000,23.446,25.695,24.822,1.000,1.000,0.000,41.080,40.900,0.940,53.447,5.000,99.0,47.0,-26.461538314819336,-3.384615421295166
421.230,12:23:56.171,464.805,23.045,10711.628,0.000,0.000,0.000,23.446,25.695,24.822,1.000,1.000,0.000,41.080,40.900,0.940,53.447,5.000,99.0,47.0,-26.461538314819336,-3.384615421295166
421.342,12:23:56.283,466.656,22.718,10601.517,0.000,0.000,0.000,23.871,25.155,23.848,1.000,1.000,0.000,41.080,40.900,0.940,53.491,5.000,99.0,47.0,-26.461538314819336,-3.384615421295166
421.454,12:23:56.394,466.656,22.718,10601.517,0.000,0.000,0.000,23.871,25.155,23.848,1.000,1.000,0.000,41.080,40.900,0.940,53.491,5.000,99.0,47.0,-26.461538314819336,-3.384615421295166
421.567,12:23:56.508,466.656,22.718,10601.517,0.000,0.000,0.000,23.871,25.155,23.848,1.000,1.000,0.000,41.080,40.900,0.940,53.491,5.000,99.0,47.0,-26.461538314819336,-3.384615421295166
421.678,12:23:56.619,470.199,22.058,10371.655,0.000,0.000,0.000,23.563,23.484,24.403,1.000,1.000,0.000,40.680,40.500,0.940,53.511,5.000,99.0,47.0,-26.461538314819336,-3.384615421295166
421.790,12:23:56.731,470.199,22.058,10371.655,0.000,0.000,0.000,23.563,23.484,24.403,1.000,1.000,0.000,40.680,40.500,0.940,53.511,5.000,99.0,47.0,-26.461538314819336,-3.384615421295166
421.902,12:23:56.843,470.199,22.058,10371.655,0.000,0.000,0.000,23.563,23.484,24.403,1.000,1.000,0.000,40.680,40.500,0.940,53.511,5.000,99.0,47.0,-26.461538314819336,-3.384615421295166
422.013,12:23:57.147,470.199,22.058,10371.655,0.000,0.000,0.000,23.563,23.484,24.403,1.000,1.000,0.000,40.680,40.500,0.940,53.511,5.000,99.0,47.0,-19.128204345703125,-12.923076629638672
422.317,12:23:57.258,470.340,22.038,10365.196,0.000,0.000,0.000,23.138,24.822,23.437,1.000,1.000,0.000,40.718,40.900,0.940,53.539,5.000,99.0,47.0,-19.128204345703125,-12.923076629638672
422.429,12:23:57.370,470.340,22.038,10365.196,0.000,0.000,0.000,23.138,24.822,23.437,1.000,1.000,0.000,40.718,40.900,0.940,53.539,5.000,99.0,47.0,-19.128204345703125,-12.923076629638672
422.542,12:23:57.483,466.916,22.660,10580.339,0.000,0.000,0.000,23.841,24.015,24.800,1.000,1.000,0.000,41.118,41.300,0.940,53.589,5.000,99.0,47.0,-19.128204345703125,-12.923076629638672
422.654,12:23:57.594,466.916,22.660,10580.339,0.000,0.000,0.000,23.841,24.015,24.800,1.000,1.000,0.000,41.118,41.300,0.940,53.589,5.000,99.0,47.0,-19.128204345703125,-12.923076629638672
422.766,12:23:57.707,466.916,22.660,10580.339,0.000,0.000,0.000,23.841,24.015,24.800,1.000,1.000,0.000,41.118,41.300,0.940,53.589,5.000,99.0,47.0,-19.128204345703125,-12.923076629638672
422.877,12:23:57.818,464.327,23.116,10733.226,0.000,0.000,0.000,24.204,24.278,25.328,1.000,1.000,0.000,41.080,40.900,0.940,53.603,5.000,99.0,47.0,-19.128204345703125,-12.923076629638672
422.989,12:23:57.929,464.327,23.116,10733.226,0.000,0.000,0.000,24.204,24.278,25.328,1.000,1.000,0.000,41.080,40.900,0.940,53.603,5.000,99.0,47.0,-19.128204345703125,-12.923076629638672
423.101,12:23:58.233,464.327,23.116,10733.226,0.000,0.000,0.000,24.204,24.278,25.328,1.000,1.000,0.000,41.080,40.900,0.940,53.603,5.000,99.0,47.0,29.538461685180664,-2.8205127716064453
423.404,12:23:58.345,467.340,22.594,10559.188,0.000,0.000,0.000,23.050,24.469,25.268,1.000,1.000,0.000,41.118,41.300,0.940,53.630,5.000,99.0,47.0,29.538461685180664,-2.8205127716064453
423.517,12:23:58.458,467.340,22.594,10559.188,0.000,0.000,0.000,23.050,24.469,25.268,1.000,1.000,0.000,41.118,41.300,0.940,53.630,5.000,99.0,47.0,29.538461685180664,-2.8205127716064453
423.629,12:23:58.569,467.340,22.594,10559.188,0.000,0.000,0.000,23.050,24.469,25.268,1.000,1.000,0.000,41.118,41.300,0.940,53.630,5.000,99.0,47.0,29.538461685180664,-2.8205127716064453
423.741,12:23:58.682,467.313,22.605,10563.414,0.000,0.000,0.000,22.925,24.940,24.929,1.000,1.000,0.000,41.080,40.900,0.940,53.674,5.000,99.0,47.0,29.538461685180664,-2.8205127716064453
423.853,12:23:58.794,467.313,22.605,10563.414,0.000,0.000,0.000,22.925,24.940,24.929,1.000,1.000,0.000,41.080,40.900,0.940,53.674,5.000,99.0,47.0,29.538461685180664,-2.8205127716064453
423.965,12:23:58.906,467.313,22.605,10563.414,0.000,0.000,0.000,22.925,24.940,24.929,1.000,1.000,0.000,41.080,40.900,0.940,53.674,5.000,99.0,47.0,29.538461685180664,-2.8205127716064453
424.077,12:23:59.017,467.313,22.605,10563.414,0.000,0.000,0.000,22.925,24.940,24.929,1.000,1.000,0.000,41.080,40.900,0.940,53.674,5.000,99.0,47.0,29.538461685180664,-2.8205127716064453
424.188,12:23:59.320,470.677,21.970,10340.935,0.000,0.000,0.000,23.556,24.358,23.363,1.000,1.000,0.000,40.718,40.900,0.940,53.712,5.000,99.0,47.0,21.076923370361328,13.179487228393555
424.492,12:23:59.432,470.677,21.970,10340.935,0.000,0.000,0.000,23.556,24.358,23.363,1.000,1.000,0.000,40.718,40.900,0.940,53.712,5.000,99.0,47.0,21.076923370361328,13.179487228393555
424.604,12:23:59.544,470.796,21.951,10334.587,0.000,0.000,0.000,23.004,23.670,24.687,1.000,1.000,0.000,40.718,40.900,0.940,53.714,5.000,99.0,47.0,21.076923370361328,13.179487228393555
424.716,12:23:59.657,470.796,21.951,10334.587,0.000,0.000,0.000,23.004,23.670,24.687,1.000,1.000,0.000,40.718,40.900,0.940,53.714,5.000,99.0,47.0,21.076923370361328,13.179487228393555
424.828,12:23:59.769,470.796,21.951,10334.587,0.000,0.000,0.000,23.004,23.670,24.687,1.000,1.000,0.000,40.718,40.900,0.940,53.714,5.000,99.0,47.0,21.076923370361328,13.179487228393555
424.941,12:23:59.881,471.107,21.891,10312.997,0.000,0.000,0.000,22.940,24.912,23.485,1.000,1.000,0.000,40.718,40.900,0.940,53.735,5.000,99.0,47.0,21.076923370361328,13.179487228393555
425.053,12:23:59.993,471.107,21.891,10312.997,0.000,0.000,0.000,22.940,24.912,23.485,1.000,1.000,0.000,40.718,40.900,0.940,53.735,5.000,99.0,47.0,21.076923370361328,13.179487228393555
425.164,12:24:00.105,471.107,21.891,10312.997,0.000,0.000,0.000,22.940,24.912,23.485,1.000,1.000,0.000,40.718,40.900,0.940,53.735,5.000,99.0,47.0,21.076923370361328,13.179487228393555
425.276,12:24:00.408,471.107,21.891,10312.997,0.000,0.000,0.000,22.940,24.912,23.485,1.000,1.000,0.000,40.718,40.900,0.940,53.735,5.000,99.0,47.0,31.846153259277344,-23.435897827148438
425.581,12:24:00.521,471.033,21.898,10314.804,0.000,0.000,0.000,23.490,23.386,24.275,1.000,1.000,0.000,40.718,40.900,0.940,53.765,5.000,99.0,47.0,31.846153259277344,-23.435897827148438
425.692,12:24:00.632,471.033,21.898,10314.804,0.000,0.000,0.000,23.490,23.386,24.275,1.000,1.000,0.000,40.718,40.900,0.940,53.765,5.000,99.0,47.0,31.846153259277344,-23.435897827148438
425.804,12:24:00.745,464.532,23.080,10721.350,0.000,0.000,0.000,23.324,24.982,25.502,1.000,1.000,0.000,41.080,40.900,0.940,53.794,5.000,99.0,47.0,31.846153259277344,-23.435897827148438
425.915,12:24:00.856,464.532,23.080,10721.350,0.000,0.000,0.000,23.324,24.982,25.502,1.000,1.000,0.000,41.080,40.900,0.940,53.794,5.000,99.0,47.0,31.846153259277344,-23.435897827148438
426.027,12:24:00.968,464.532,23.080,10721.350,0.000,0.000,0.000,23.324,24.982,25.502,1.000,1.000,0.000,41.080,40.900,0.940,53.794,5.000,99.0,47.0,31.846153259277344,-23.435897827148438
426.139,12:24:01.080,467.881,22.508,10530.871,0.000,0.000,0.000,22.977,25.216,24.488,1.000,1.000,0.000,41.080,40.900,0.940,53.816,5.000,99.0,47.0,31.846153259277344,-23.435897827148438
426.251,12:24:01.192,467.881,22.508,10530.871,0.000,0.000,0.000,22.977,25.216,24.488,1.000,1.000,0.000,41.080,40.900,0.940,53.816,5.000,99.0,47.0,31.846153259277344,-23.435897827148438
426.364,12:24:01.496,467.881,22.508,10530.871,0.000,0.000,0.000,22.977,25.216,24.488,1.000,1.000,0.000,41.080,40.900,0.940,53.816,5.000,99.0,47.0,-30.9743595123291,28.71794891357422
426.667,12:24:01.608,467.626,22.546,10543.102,0.000,0.000,0.000,23.907,24.753,23.733,1.000,1.000,0.000,41.118,41.300,0.940,53.831,5.000,99.0,47.0,-30.9743595123291,28.71794891357422
426.779,12:24:01.720,467.626,22.546,10543.102,0.000,0.000,0.000,23.907,24.753,23.733,1.000,1.000,0.000,41.118,41.300,0.940,53.831,5.000,99.0,47.0,-30.9743595123291,28.71794891357422
426.891,12:24:01.832,467.626,22.546,10543.102,0.000,0.000,0.000,23.907,24.753,23.733,1.000,1.000,0.000,41.118,41.300,0.940,53.831,5.000,99.0,47.0,-30.9743595123291,28.71794891357422
427.003,12:24:01.944,468.247,22.438,10506.303,0.000,0.000,0.000,24.183,24.234,23.934,1.000,1.000,0.000,40.718,40.900,0.940,53.847,5.000,99.0,47.0,-30.9743595123291,28.71794891357422
427.115,12:24:02.056,468.247,22.438,10506.303,0.000,0.000,0.000,24.183,24.234,23.934,1.000,1.000,0.000,40.718,40.900,0.940,53.847,5.000,99.0,47.0,-30.9743595123291,28.71794891357422
427.227,12:24:02.167,468.247,22.438,10506.303,0.000,0.000,0.000,24.183,24.234,23.934,1.000,1.000,0.000,40.718,40.900,0.940,53.847,5.000,99.0,47.0,-30.9743595123291,28.71794891357422
427.355,12:24:02.295,464.191,23.151,10746.575,0.000,0.000,0.000,24.099,24.302,25.408,1.000,1.000,0.000,41.481,41.300,0.940,53.881,5.000,99.0,47.0,-30.9743595123291,28.71794891357422
427.467,12:24:02.599,464.191,23.151,10746.575,0.000,0.000,0.000,24.099,24.302,25.408,1.000,1.000,0.000,41.481,41.300,0.940,53.881,5.000,99.0,47.0,-17.58974266052246,34.56410217285156
427.771,12:24:02.711,460.065,23.819,10958.061,0.000,0.000,0.000,25.023,25.051,25.331,1.000,1.000,0.000,41.481,41.300,0.940,53.922,5.000,99.0,47.0,-17.58974266052246,34.56410217285156
427.882,12:24:02.823,460.065,23.819,10958.061,0.000,0.000,0.000,25.023,25.051,25.331,1.000,1.000,0.000,41.481,41.300,0.940,53.922,5.000,99.0,47.0,-17.58974266052246,34.56410217285156
427.994,12:24:02.934,460.065,23.819,10958.061,0.000,0.000,0.000,25.023,25.051,25.331,1.000,1.000,0.000,41.481,41.300,0.940,53.922,5.000,99.0,47.0,-17.58974266052246,34.56410217285156
428.106,12:24:03.047,460.065,23.819,10958.061,0.000,0.000,0.000,25.023,25.051,25.331,1.000,1.000,0.000,41.481,41.300,0.940,53.922,5.000,99.0,47.0,-17.58974266052246,34.56410217285156
428.217,12:24:03.158,468.994,22.274,10446.565,0.000,0.000,0.000,22.693,25.163,25.057,1.000,1.000,0.000,40.719,40.900,0.940,53.928,5.000,99.0,47.0,-17.58974266052246,34.56410217285156
428.331,12:24:03.271,468.994,22.274,10446.565,0.000,0.000,0.000,22.693,25.163,25.057,1.000,1.000,0.000,40.719,40.900,0.940,53.928,5.000,99.0,47.0,-17.58974266052246,34.56410217285156
428.442,12:24:03.383,468.994,22.274,10446.565,0.000,0.000,0.000,22.693,25.163,25.057,1.000,1.000,0.000,40.719,40.900,0.940,53.928,5.000,99.0,47.0,-17.58974266052246,34.56410217285156
428.553,12:24:03.686,468.994,22.274,10446.565,0.000,0.000,0.000,22.693,25.163,25.057,1.000,1.000,0.000,40.719,40.900,0.940,53.928,5.000,99.0,47.0,-34.92307662963867,7.538461685180664
428.857,12:24:03.798,465.497,22.898,10659.174,0.000,0.000,0.000,23.801,25.997,24.494,1.000,1.000,0.000,41.119,41.300,0.940,53.981,5.000,99.0,47.0,-34.92307662963867,7.538461685180664
428.985,12:24:03.926,465.374,22.918,10665.335,0.000,0.000,0.000,23.872,25.899,24.342,1.000,1.000,0.000,41.080,40.900,0.940,53.992,5.000,99.0,47.0,-34.92307662963867,7.538461685180664
429.098,12:24:04.039,465.374,22.918,10665.335,0.000,0.000,0.000,23.872,25.899,24.342,1.000,1.000,0.000,41.080,40.900,0.940,53.992,5.000,99.0,47.0,-34.92307662963867,7.538461685180664
429.209,12:24:04.150,465.374,22.918,10665.335,0.000,0.000,0.000,23.872,25.899,24.342,1.000,1.000,0.000,41.080,40.900,0.940,53.992,5.000,99.0,47.0,-34.92307662963867,7.538461685180664
429.321,12:24:04.262,465.374,22.918,10665.335,0.000,0.000,0.000,23.872,25.899,24.342,1.000,1.000,0.000,41.080,40.900,0.940,53.992,5.000,99.0,47.0,-34.92307662963867,7.538461685180664
429.432,12:24:04.373,466.133,22.785,10620.982,0.000,0.000,0.000,24.679,24.478,24.267,1.000,1.000,0.000,41.080,40.900,0.940,54.010,5.000,99.0,47.0,-34.92307662963867,7.538461685180664
429.545,12:24:04.485,466.133,22.785,10620.982,0.000,0.000,0.000,24.679,24.478,24.267,1.000,1.000,0.000,41.080,40.900,0.940,54.010,5.000,99.0,47.0,-34.92307662963867,7.538461685180664
429.657,12:24:04.790,466.133,22.785,10620.982,0.000,0.000,0.000,24.679,24.478,24.267,1.000,1.000,0.000,41.080,40.900,0.940,54.010,5.000,99.0,47.0,32.153846740722656,-13.076923370361328
429.960,12:24:04.901,466.232,22.771,10616.612,0.000,0.000,0.000,23.696,24.267,25.588,1.000,1.000,0.000,41.080,40.900,0.940,54.005,5.000,99.0,47.0,32.153846740722656,-13.076923370361328
430.072,12:24:05.013,466.232,22.771,10616.612,0.000,0.000,0.000,23.696,24.267,25.588,1.000,1.000,0.000,41.080,40.900,0.940,54.005,5.000,99.0,47.0,32.153846740722656,-13.076923370361328
430.201,12:24:05.142,466.299,22.757,10611.710,0.000,0.000,0.000,23.059,25.609,25.002,1.000,1.000,0.000,41.080,40.900,0.940,54.007,5.000,99.0,47.0,32.153846740722656,-13.076923370361328
430.313,12:24:05.254,466.299,22.757,10611.710,0.000,0.000,0.000,23.059,25.609,25.002,1.000,1.000,0.000,41.080,40.900,0.940,54.007,5.000,99.0,47.0,32.153846740722656,-13.076923370361328
430.424,12:24:05.365,466.299,22.757,10611.710,0.000,0.000,0.000,23.059,25.609,25.002,1.000,1.000,0.000,41.080,40.900,0.940,54.007,5.000,99.0,47.0,32.153846740722656,-13.076923370361328
430.536,12:24:05.477,466.299,22.757,10611.710,0.000,0.000,0.000,23.059,25.609,25.002,1.000,1.000,0.000,41.080,40.900,0.940,54.007,5.000,99.0,47.0,32.153846740722656,-13.076923370361328
430.648,12:24:05.588,466.402,22.741,10606.665,0.000,0.000,0.000,24.280,25.309,23.864,1.000,1.000,0.000,41.080,40.900,0.940,54.016,5.000,99.0,47.0,32.153846740722656,-13.076923370361328
430.760,12:24:05.892,466.402,22.741,10606.665,0.000,0.000,0.000,24.280,25.309,23.864,1.000,1.000,0.000,41.080,40.900,0.940,54.016,5.000,99.0,47.0,30.512821197509766,2.4102563858032227
431.064,12:24:06.005,466.481,22.733,10604.408,0.000,0.000,0.000,24.432,24.005,24.919,1.000,1.000,0.000,41.080,40.900,0.940,54.054,5.000,99.0,47.0,30.512821197509766,2.4102563858032227
431.177,12:24:06.118,466.481,22.733,10604.408,0.000,0.000,0.000,24.432,24.005,24.919,1.000,1.000,0.000,41.080,40.900,0.940,54.054,5.000,99.0,47.0,30.512821197509766,2.4102563858032227
431.289,12:24:06.229,466.481,22.733,10604.408,0.000,0.000,0.000,24.432,24.005,24.919,1.000,1.000,0.000,41.080,40.900,0.940,54.054,5.000,99.0,47.0,30.512821197509766,2.4102563858032227
431.399,12:24:06.340,466.481,22.733,10604.408,0.000,0.000,0.000,24.432,24.005,24.919,1.000,1.000,0.000,41.080,40.900,0.940,54.054,5.000,99.0,47.0,30.512821197509766,2.4102563858032227
431.511,12:24:06.452,466.647,22.708,10596.639,0.000,0.000,0.000,23.103,24.868,25.616,1.000,1.000,0.000,41.080,40.900,0.940,54.044,5.000,99.0,47.0,30.512821197509766,2.4102563858032227
431.639,12:24:06.580,466.647,22.708,10596.639,0.000,0.000,0.000,23.103,24.868,25.616,1.000,1.000,0.000,41.080,40.900,0.940,54.044,5.000,99.0,47.0,30.512821197509766,2.4102563858032227
431.751,12:24:06.692,466.647,22.708,10596.639,0.000,0.000,0.000,23.103,24.868,25.616,1.000,1.000,0.000,41.080,40.900,0.940,54.044,5.000,99.0,47.0,30.512821197509766,2.4102563858032227
431.864,12:24:06.995,466.714,22.700,10594.599,0.000,0.000,0.000,23.507,25.784,24.237,1.000,1.000,0.000,41.080,40.900,0.940,54.062,5.000,99.0,47.0,-24.205127716064453,-4.615384578704834
432.167,12:24:07.108,466.714,22.700,10594.599,0.000,0.000,0.000,23.507,25.784,24.237,1.000,1.000,0.000,41.080,40.900,0.940,54.062,5.000,99.0,47.0,-24.205127716064453,-4.615384578704834
432.280,12:24:07.221,466.841,22.684,10589.998,0.000,0.000,0.000,24.617,24.518,24.138,1.000,1.000,0.000,41.080,40.900,0.940,54.088,5.000,99.0,47.0,-24.205127716064453,-4.615384578704834
432.391,12:24:07.331,466.841,22.684,10589.998,0.000,0.000,0.000,24.617,24.518,24.138,1.000,1.000,0.000,41.080,40.900,0.940,54.088,5.000,99.0,47.0,-24.205127716064453,-4.615384578704834
432.503,12:24:07.444,466.841,22.684,10589.998,0.000,0.000,0.000,24.617,24.518,24.138,1.000,1.000,0.000,41.080,40.900,0.940,54.088,5.000,99.0,47.0,-24.205127716064453,-4.615384578704834
432.615,12:24:07.555,466.841,22.684,10589.998,0.000,0.000,0.000,24.617,24.518,24.138,1.000,1.000,0.000,41.080,40.900,0.940,54.088,5.000,99.0,47.0,-24.205127716064453,-4.615384578704834
432.727,12:24:07.668,463.121,23.293,10787.598,0.000,0.000,0.000,24.871,24.563,25.161,1.000,1.000,0.000,41.481,41.300,0.940,54.095,5.000,99.0,47.0,-24.205127716064453,-4.615384578704834
432.839,12:24:07.780,463.121,23.293,10787.598,0.000,0.000,0.000,24.871,24.563,25.161,1.000,1.000,0.000,41.481,41.300,0.940,54.095,5.000,99.0,47.0,-24.205127716064453,-4.615384578704834
432.952,12:24:08.084,463.121,23.293,10787.598,0.000,0.000,0.000,24.871,24.563,25.161,1.000,1.000,0.000,41.481,41.300,0.940,54.095,5.000,99.0,47.0,-21.538461685180664,-10.666666984558105
433.255,12:24:08.195,465.034,23.008,10699.531,0.000,0.000,0.000,24.959,24.716,24.548,1.000,1.000,0.000,41.118,41.300,0.940,54.128,5.000,99.0,47.0,-21.538461685180664,-10.666666984558105
433.367,12:24:08.308,465.034,23.008,10699.531,0.000,0.000,0.000,24.959,24.716,24.548,1.000,1.000,0.000,41.118,41.300,0.940,54.128,5.000,99.0,47.0,-21.538461685180664,-10.666666984558105
433.478,12:24:08.419,463.191,23.291,10788.092,0.000,0.000,0.000,25.054,24.781,24.760,1.000,1.000,0.000,41.481,41.300,0.940,54.128,5.000,99.0,47.0,-21.538461685180664,-10.666666984558105
433.590,12:24:08.531,463.191,23.291,10788.092,0.000,0.000,0.000,25.054,24.781,24.760,1.000,1.000,0.000,41.481,41.300,0.940,54.128,5.000,99.0,47.0,-21.538461685180664,-10.666666984558105
433.703,12:24:08.643,463.191,23.291,10788.092,0.000,0.000,0.000,25.054,24.781,24.760,1.000,1.000,0.000,41.481,41.300,0.940,54.128,5.000,99.0,47.0,-21.538461685180664,-10.666666984558105
433.815,12:24:08.756,463.191,23.291,10788.092,0.000,0.000,0.000,25.054,24.781,24.760,1.000,1.000,0.000,41.481,41.300,0.940,54.128,5.000,99.0,47.0,-21.538461685180664,-10.666666984558105
433.927,12:24:08.868,463.318,23.275,10783.699,0.000,0.000,0.000,24.842,25.271,24.443,1.000,1.000,0.000,41.481,41.300,0.940,54.164,5.000,99.0,47.0,-21.538461685180664,-10.666666984558105
434.038,12:24:09.187,463.318,23.275,10783.699,0.000,0.000,0.000,24.842,25.271,24.443,1.000,1.000,0.000,41.481,41.300,0.940,54.164,5.000,99.0,47.0,30.205127716064453,-29.538461685180664
434.358,12:24:09.299,463.504,23.259,10780.487,0.000,0.000,0.000,24.364,25.867,24.382,1.000,1.000,0.000,41.481,41.300,0.940,54.194,5.000,99.0,47.0,30.205127716064453,-29.538461685180664
434.470,12:24:09.411,463.504,23.259,10780.487,0.000,0.000,0.000,24.364,25.867,24.382,1.000,1.000,0.000,41.481,41.300,0.940,54.194,5.000,99.0,47.0,30.205127716064453,-29.538461685180664
434.582,12:24:09.523,463.504,23.259,10780.487,0.000,0.000,0.000,24.364,25.867,24.382,1.000,1.000,0.000,41.481,41.300,0.940,54.194,5.000,99.0,47.0,30.205127716064453,-29.538461685180664
434.694,12:24:09.634,464.918,23.041,10712.195,0.000,0.000,0.000,23.670,26.043,24.673,1.000,1.000,0.000,41.118,41.300,0.940,54.211,5.000,99.0,47.0,30.205127716064453,-29.538461685180664
434.806,12:24:09.746,464.918,23.041,10712.195,0.000,0.000,0.000,23.670,26.043,24.673,1.000,1.000,0.000,41.118,41.300,0.940,54.211,5.000,99.0,47.0,30.205127716064453,-29.538461685180664
434.918,12:24:09.859,464.918,23.041,10712.195,0.000,0.000,0.000,23.670,26.043,24.673,1.000,1.000,0.000,41.118,41.300,0.940,54.211,5.000,99.0,47.0,30.205127716064453,-29.538461685180664
435.030,12:24:09.971,464.918,23.041,10712.195,0.000,0.000,0.000,23.670,26.043,24.673,1.000,1.000,0.000,41.118,41.300,0.940,54.211,5.000,99.0,47.0,30.205127716064453,-29.538461685180664
435.141,12:24:10.274,467.537,22.573,10553.843,0.000,0.000,0.000,23.805,25.587,23.897,1.000,1.000,0.000,41.080,40.900,0.940,54.236,5.000,99.0,47.0,-5.692307472229004,-28.512821197509766
435.445,12:24:10.386,467.537,22.573,10553.843,0.000,0.000,0.000,23.805,25.587,23.897,1.000,1.000,0.000,41.080,40.900,0.940,54.236,5.000,99.0,47.0,-5.692307472229004,-28.512821197509766
435.574,12:24:10.515,468.525,22.398,10494.155,0.000,0.000,0.000,24.537,24.423,24.053,1.000,1.000,0.000,40.718,40.900,0.940,54.259,5.000,99.0,47.0,-5.692307472229004,-28.512821197509766
435.685,12:24:10.626,468.525,22.398,10494.155,0.000,0.000,0.000,24.537,24.423,24.053,1.000,1.000,0.000,40.718,40.900,0.940,54.259,5.000,99.0,47.0,-5.692307472229004,-28.512821197509766
435.797,12:24:10.738,468.525,22.398,10494.155,0.000,0.000,0.000,24.537,24.423,24.053,1.000,1.000,0.000,40.718,40.900,0.940,54.259,5.000,99.0,47.0,-5.692307472229004,-28.512821197509766
435.910,12:24:10.850,468.343,22.431,10505.479,0.000,0.000,0.000,23.204,24.352,25.480,1.000,1.000,0.000,40.680,40.500,0.940,54.246,5.000,99.0,47.0,-5.692307472229004,-28.512821197509766
436.021,12:24:10.961,468.343,22.431,10505.479,0.000,0.000,0.000,23.204,24.352,25.480,1.000,1.000,0.000,40.680,40.500,0.940,54.246,5.000,99.0,47.0,-5.692307472229004,-28.512821197509766
436.134,12:24:11.074,468.343,22.431,10505.479,0.000,0.000,0.000,23.204,24.352,25.480,1.000,1.000,0.000,40.680,40.500,0.940,54.246,5.000,99.0,47.0,-5.692307472229004,-28.512821197509766
436.245,12:24:11.377,468.343,22.431,10505.479,0.000,0.000,0.000,23.204,24.352,25.480,1.000,1.000,0.000,40.680,40.500,0.940,54.246,5.000,99.0,47.0,-35.53845977783203,13.076923370361328
436.549,12:24:11.490,471.371,21.870,10309.118,0.000,0.000,0.000,23.713,24.298,23.660,1.000,1.000,0.000,40.718,40.900,0.940,54.244,5.000,99.0,47.0,-35.53845977783203,13.076923370361328
436.661,12:24:11.602,471.371,21.870,10309.118,0.000,0.000,0.000,23.713,24.298,23.660,1.000,1.000,0.000,40.718,40.900,0.940,54.244,5.000,99.0,47.0,-35.53845977783203,13.076923370361328
436.772,12:24:11.713,464.222,23.154,10748.618,0.000,0.000,0.000,24.594,24.295,25.356,1.000,1.000,0.000,41.481,41.300,0.940,54.245,5.000,99.0,47.0,-35.53845977783203,13.076923370361328
436.885,12:24:11.825,464.222,23.154,10748.618,0.000,0.000,0.000,24.594,24.295,25.356,1.000,1.000,0.000,41.481,41.300,0.940,54.245,5.000,99.0,47.0,-35.53845977783203,13.076923370361328
436.997,12:24:11.938,464.222,23.154,10748.618,0.000,0.000,0.000,24.594,24.295,25.356,1.000,1.000,0.000,41.481,41.300,0.940,54.245,5.000,99.0,47.0,-35.53845977783203,13.076923370361328
437.108,12:24:12.049,464.363,23.139,10744.858,0.000,0.000,0.000,24.921,24.617,24.758,1.000,1.000,0.000,41.519,41.700,0.940,54.263,5.000,99.0,47.0,-35.53845977783203,13.076923370361328
437.220,12:24:12.160,464.363,23.139,10744.858,0.000,0.000,0.000,24.921,24.617,24.758,1.000,1.000,0.000,41.519,41.700,0.940,54.263,5.000,99.0,47.0,-35.53845977783203,13.076923370361328
437.331,12:24:12.465,464.363,23.139,10744.858,0.000,0.000,0.000,24.921,24.617,24.758,1.000,1.000,0.000,41.519,41.700,0.940,54.263,5.000,99.0,47.0,-32.0512809753418,28.769229888916016
437.636,12:24:12.577,460.102,23.795,10948.195,0.000,0.000,0.000,24.375,26.395,25.141,1.000,1.000,0.000,41.919,42.100,0.940,54.295,5.000,99.0,47.0,-32.0512809753418,28.769229888916016
437.748,12:24:12.689,460.102,23.795,10948.195,0.000,0.000,0.000,24.375,26.395,25.141,1.000,1.000,0.000,41.919,42.100,0.940,54.295,5.000,99.0,47.0,-32.0512809753418,28.769229888916016
437.860,12:24:12.801,460.102,23.795,10948.195,0.000,0.000,0.000,24.375,26.395,25.141,1.000,1.000,0.000,41.919,42.100,0.940,54.295,5.000,99.0,47.0,-32.0512809753418,28.769229888916016
437.972,12:24:12.913,454.842,24.555,11168.449,0.000,0.000,0.000,25.849,25.640,26.162,1.000,1.000,0.000,41.881,41.700,0.940,54.358,5.000,99.0,47.0,-32.0512809753418,28.769229888916016
438.084,12:24:13.025,454.842,24.555,11168.449,0.000,0.000,0.000,25.849,25.640,26.162,1.000,1.000,0.000,41.881,41.700,0.940,54.358,5.000,99.0,47.0,-32.0512809753418,28.769229888916016
438.195,12:24:13.136,454.842,24.555,11168.449,0.000,0.000,0.000,25.849,25.640,26.162,1.000,1.000,0.000,41.881,41.700,0.940,54.358,5.000,99.0,47.0,-32.0512809753418,28.769229888916016
438.323,12:24:13.264,464.455,23.150,10751.958,0.000,0.000,0.000,24.017,26.056,24.510,1.000,1.000,0.000,41.118,41.300,0.940,54.362,5.000,99.0,47.0,-32.0512809753418,28.769229888916016
438.436,12:24:13.567,464.455,23.150,10751.958,0.000,0.000,0.000,24.017,26.056,24.510,1.000,1.000,0.000,41.118,41.300,0.940,54.362,5.000,99.0,47.0,5.589743614196777,-32.769229888916016
438.740,12:24:13.680,468.107,22.521,10542.404,0.000,0.000,0.000,23.883,25.369,23.812,1.000,1.000,0.000,41.118,41.300,0.940,54.395,5.000,99.0,47.0,5.589743614196777,-32.769229888916016
438.851,12:24:13.792,468.107,22.521,10542.404,0.000,0.000,0.000,23.883,25.369,23.812,1.000,1.000,0.000,41.118,41.300,0.940,54.395,5.000,99.0,47.0,5.589743614196777,-32.769229888916016
438.964,12:24:13.904,468.107,22.521,10542.404,0.000,0.000,0.000,23.883,25.369,23.812,1.000,1.000,0.000,41.118,41.300,0.940,54.395,5.000,99.0,47.0,5.589743614196777,-32.769229888916016
439.075,12:24:14.016,468.107,22.521,10542.404,0.000,0.000,0.000,23.883,25.369,23.812,1.000,1.000,0.000,41.118,41.300,0.940,54.395,5.000,99.0,47.0,5.589743614196777,-32.769229888916016
439.186,12:24:14.127,464.843,23.084,10730.341,0.000,0.000,0.000,24.415,25.782,24.279,1.000,1.000,0.000,41.118,41.300,0.940,54.416,5.000,99.0,47.0,5.589743614196777,-32.769229888916016
439.299,12:24:14.240,464.843,23.084,10730.341,0.000,0.000,0.000,24.415,25.782,24.279,1.000,1.000,0.000,41.118,41.300,0.940,54.416,5.000,99.0,47.0,5.589743614196777,-32.769229888916016
439.410,12:24:14.351,464.843,23.084,10730.341,0.000,0.000,0.000,24.415,25.782,24.279,1.000,1.000,0.000,41.118,41.300,0.940,54.416,5.000,99.0,47.0,5.589743614196777,-32.769229888916016
439.522,12:24:14.655,464.843,23.084,10730.341,0.000,0.000,0.000,24.415,25.782,24.279,1.000,1.000,0.000,41.118,41.300,0.940,54.416,5.000,99.0,47.0,33.43589782714844,-9.538461685180664
439.827,12:24:14.768,468.229,22.506,10538.003,0.000,0.000,0.000,24.283,24.993,23.800,1.000,1.000,0.000,41.118,41.300,0.940,54.416,5.000,99.0,47.0,33.43589782714844,-9.538461685180664
439.938,12:24:14.879,466.883,22.799,10644.593,0.000,0.000,0.000,23.763,24.271,25.410,1.000,1.000,0.000,41.119,41.300,0.940,54.442,5.000,99.0,47.0,33.43589782714844,-9.538461685180664
440.051,12:24:14.991,466.883,22.799,10644.593,0.000,0.000,0.000,23.763,24.271,25.410,1.000,1.000,0.000,41.119,41.300,0.940,54.442,5.000,99.0,47.0,33.43589782714844,-9.538461685180664
440.162,12:24:15.103,466.883,22.799,10644.593,0.000,0.000,0.000,23.763,24.271,25.410,1.000,1.000,0.000,41.119,41.300,0.940,54.442,5.000,99.0,47.0,33.43589782714844,-9.538461685180664
440.275,12:24:15.216,466.883,22.799,10644.593,0.000,0.000,0.000,23.763,24.271,25.410,1.000,1.000,0.000,41.119,41.300,0.940,54.442,5.000,99.0,47.0,33.43589782714844,-9.538461685180664
440.386,12:24:15.326,470.132,22.195,10434.443,0.000,0.000,0.000,22.745,24.438,24.986,1.000,1.000,0.000,40.719,40.900,0.940,54.423,5.000,99.0,47.0,33.43589782714844,-9.538461685180664
440.498,12:24:15.439,470.132,22.195,10434.443,0.000,0.000,0.000,22.745,24.438,24.986,1.000,1.000,0.000,40.719,40.900,0.940,54.423,5.000,99.0,47.0,33.43589782714844,-9.538461685180664
440.610,12:24:15.742,470.132,22.195,10434.443,0.000,0.000,0.000,22.745,24.438,24.986,1.000,1.000,0.000,40.719,40.900,0.940,54.423,5.000,99.0,47.0,-26.769229888916016,29.94871711730957
440.915,12:24:15.856,467.544,22.667,10598.047,0.000,0.000,0.000,23.584,25.264,23.931,1.000,1.000,0.000,41.079,40.900,0.940,54.410,5.000,99.0,47.0,-26.769229888916016,29.94871711730957
441.025,12:24:15.966,467.544,22.667,10598.047,0.000,0.000,0.000,23.584,25.264,23.931,1.000,1.000,0.000,41.079,40.900,0.940,54.410,5.000,99.0,47.0,-26.769229888916016,29.94871711730957
441.138,12:24:16.078,467.544,22.667,10598.047,0.000,0.000,0.000,23.584,25.264,23.931,1.000,1.000,0.000,41.079,40.900,0.940,54.410,5.000,99.0,47.0,-26.769229888916016,29.94871711730957
441.250,12:24:16.191,467.558,22.667,10598.359,0.000,0.000,0.000,24.332,24.192,24.282,1.000,1.000,0.000,41.118,41.300,0.940,54.422,5.000,99.0,47.0,-26.769229888916016,29.94871711730957
441.362,12:24:16.303,467.558,22.667,10598.359,0.000,0.000,0.000,24.332,24.192,24.282,1.000,1.000,0.000,41.118,41.300,0.940,54.422,5.000,99.0,47.0,-26.769229888916016,29.94871711730957
441.474,12:24:16.414,467.558,22.667,10598.359,0.000,0.000,0.000,24.332,24.192,24.282,1.000,1.000,0.000,41.118,41.300,0.940,54.422,5.000,99.0,47.0,-26.769229888916016,29.94871711730957
441.585,12:24:16.526,466.645,22.837,10656.551,0.000,0.000,0.000,24.508,24.546,24.356,1.000,1.000,0.000,41.080,40.900,0.940,54.430,5.000,99.0,47.0,-26.769229888916016,29.94871711730957
441.698,12:24:16.830,466.645,22.837,10656.551,0.000,0.000,0.000,24.508,24.546,24.356,1.000,1.000,0.000,41.080,40.900,0.940,54.430,5.000,99.0,47.0,-16.820512771606445,33.28205108642578
442.001,12:24:16.942,463.802,23.320,10816.059,0.000,0.000,0.000,24.600,24.465,25.084,1.000,1.000,0.000,41.481,41.300,0.940,54.433,5.000,99.0,47.0,-16.820512771606445,33.28205108642578
442.113,12:24:17.054,463.802,23.320,10816.059,0.000,0.000,0.000,24.600,24.465,25.084,1.000,1.000,0.000,41.481,41.300,0.940,54.433,5.000,99.0,47.0,-16.820512771606445,33.28205108642578
442.226,12:24:17.166,463.802,23.320,10816.059,0.000,0.000,0.000,24.600,24.465,25.084,1.000,1.000,0.000,41.481,41.300,0.940,54.433,5.000,99.0,47.0,-16.820512771606445,33.28205108642578
442.338,12:24:17.278,463.802,23.320,10816.059,0.000,0.000,0.000,24.600,24.465,25.084,1.000,1.000,0.000,41.481,41.300,0.940,54.433,5.000,99.0,47.0,-16.820512771606445,33.28205108642578
442.448,12:24:17.389,467.683,22.649,10592.377,0.000,0.000,0.000,23.928,23.942,24.695,1.000,1.000,0.000,41.118,41.300,0.940,54.432,5.000,99.0,47.0,-16.820512771606445,33.28205108642578
442.561,12:24:17.501,467.683,22.649,10592.377,0.000,0.000,0.000,23.928,23.942,24.695,1.000,1.000,0.000,41.118,41.300,0.940,54.432,5.000,99.0,47.0,-16.820512771606445,33.28205108642578
442.673,12:24:17.614,467.683,22.649,10592.377,0.000,0.000,0.000,23.928,23.942,24.695,1.000,1.000,0.000,41.118,41.300,0.940,54.432,5.000,99.0,47.0,-16.820512771606445,33.28205108642578
442.784,12:24:17.916,466.604,22.840,10657.386,0.000,0.000,0.000,24.333,24.181,24.908,1.000,1.000,0.000,41.080,40.900,0.940,54.457,5.000,99.0,47.0,-31.33333396911621,10.307692527770996
443.088,12:24:18.028,466.604,22.840,10657.386,0.000,0.000,0.000,24.333,24.181,24.908,1.000,1.000,0.000,41.080,40.900,0.940,54.457,5.000,99.0,47.0,-31.33333396911621,10.307692527770996
443.200,12:24:18.140,464.079,23.272,10800.230,0.000,0.000,0.000,24.174,24.539,25.541,1.000,1.000,0.000,41.481,41.300,0.940,54.463,5.000,99.0,47.0,-31.33333396911621,10.307692527770996
443.312,12:24:18.253,464.079,23.272,10800.230,0.000,0.000,0.000,24.174,24.539,25.541,1.000,1.000,0.000,41.481,41.300,0.940,54.463,5.000,99.0,47.0,-31.33333396911621,10.307692527770996
443.424,12:24:18.364,464.079,23.272,10800.230,0.000,0.000,0.000,24.174,24.539,25.541,1.000,1.000,0.000,41.481,41.300,0.940,54.463,5.000,99.0,47.0,-31.33333396911621,10.307692527770996
443.536,12:24:18.476,464.079,23.272,10800.230,0.000,0.000,0.000,24.174,24.539,25.541,1.000,1.000,0.000,41.481,41.300,0.940,54.463,5.000,99.0,47.0,-31.33333396911621,10.307692527770996
443.649,12:24:18.589,467.765,22.623,10582.155,0.000,0.000,0.000,23.531,24.036,25.172,1.000,1.000,0.000,41.118,41.300,0.940,54.436,5.000,99.0,47.0,-31.33333396911621,10.307692527770996
443.761,12:24:18.701,467.765,22.623,10582.155,0.000,0.000,0.000,23.531,24.036,25.172,1.000,1.000,0.000,41.118,41.300,0.940,54.436,5.000,99.0,47.0,-31.33333396911621,10.307692527770996
443.871,12:24:19.004,467.765,22.623,10582.155,0.000,0.000,0.000,23.531,24.036,25.172,1.000,1.000,0.000,41.118,41.300,0.940,54.436,5.000,99.0,47.0,-4.102564334869385,-27.64102554321289
444.175,12:24:19.116,466.267,22.905,10679.969,0.000,0.000,0.000,23.838,24.307,25.341,1.000,1.000,0.000,41.080,40.900,0.940,54.493,5.000,99.0,47.0,-4.102564334869385,-27.64102554321289
444.288,12:24:19.228,466.267,22.905,10679.969,0.000,0.000,0.000,23.838,24.307,25.341,1.000,1.000,0.000,41.080,40.900,0.940,54.493,5.000,99.0,47.0,-4.102564334869385,-27.64102554321289
444.399,12:24:19.340,466.267,22.905,10679.969,0.000,0.000,0.000,23.838,24.307,25.341,1.000,1.000,0.000,41.080,40.900,0.940,54.493,5.000,99.0,47.0,-4.102564334869385,-27.64102554321289
444.511,12:24:19.452,466.182,22.920,10685.010,0.000,0.000,0.000,23.485,24.658,25.497,1.000,1.000,0.000,41.080,40.900,0.940,54.458,5.000,99.0,47.0,-4.102564334869385,-27.64102554321289
444.623,12:24:19.564,466.182,22.920,10685.010,0.000,0.000,0.000,23.485,24.658,25.497,1.000,1.000,0.000,41.080,40.900,0.940,54.458,5.000,99.0,47.0,-4.102564334869385,-27.64102554321289
444.735,12:24:19.676,466.182,22.920,10685.010,0.000,0.000,0.000,23.485,24.658,25.497,1.000,1.000,0.000,41.080,40.900,0.940,54.458,5.000,99.0,47.0,-4.102564334869385,-27.64102554321289
444.847,12:24:19.788,466.040,22.941,10691.229,0.000,0.000,0.000,23.215,25.265,25.320,1.000,1.000,0.000,41.080,40.900,0.940,54.483,5.000,99.0,47.0,-4.102564334869385,-27.64102554321289
444.960,12:24:20.091,466.040,22.941,10691.229,0.000,0.000,0.000,23.215,25.265,25.320,1.000,1.000,0.000,41.080,40.900,0.940,54.483,5.000,99.0,47.0,-24.461538314819336,-7.435897350311279
445.263,12:24:20.204,469.628,22.303,10474.276,0.000,0.000,0.000,23.445,25.093,23.679,1.000,1.000,0.000,40.680,40.500,0.940,54.472,5.000,99.0,47.0,-24.461538314819336,-7.435897350311279
445.375,12:24:20.316,469.628,22.303,10474.276,0.000,0.000,0.000,23.445,25.093,23.679,1.000,1.000,0.000,40.680,40.500,0.940,54.472,5.000,99.0,47.0,-24.461538314819336,-7.435897350311279
445.487,12:24:20.428,469.628,22.303,10474.276,0.000,0.000,0.000,23.445,25.093,23.679,1.000,1.000,0.000,40.680,40.500,0.940,54.472,5.000,99.0,47.0,-24.461538314819336,-7.435897350311279
445.599,12:24:20.539,469.628,22.303,10474.276,0.000,0.000,0.000,23.445,25.093,23.679,1.000,1.000,0.000,40.680,40.500,0.940,54.472,5.000,99.0,47.0,-24.461538314819336,-7.435897350311279
445.711,12:24:20.652,468.375,22.531,10553.165,0.000,0.000,0.000,23.791,23.815,24.818,1.000,1.000,0.000,41.118,41.300,0.940,54.479,5.000,99.0,47.0,-24.461538314819336,-7.435897350311279
445.823,12:24:20.764,468.375,22.531,10553.165,0.000,0.000,0.000,23.791,23.815,24.818,1.000,1.000,0.000,41.118,41.300,0.940,54.479,5.000,99.0,47.0,-24.461538314819336,-7.435897350311279
445.935,12:24:20.876,468.375,22.531,10553.165,0.000,0.000,0.000,23.791,23.815,24.818,1.000,1.000,0.000,41.118,41.300,0.940,54.479,5.000,99.0,47.0,-24.461538314819336,-7.435897350311279
446.047,12:24:21.179,461.864,23.646,10921.029,0.000,0.000,0.000,24.890,24.917,25.397,1.000,1.000,0.000,41.481,41.300,0.940,54.471,5.000,99.0,47.0,32.0,-10.256410598754883
446.350,12:24:21.291,461.864,23.646,10921.029,0.000,0.000,0.000,24.890,24.917,25.397,1.000,1.000,0.000,41.481,41.300,0.940,54.471,5.000,99.0,47.0,32.0,-10.256410598754883
446.462,12:24:21.402,468.404,22.526,10551.044,0.000,0.000,0.000,24.084,23.923,24.525,1.000,1.000,0.000,41.080,40.900,0.940,54.482,5.000,99.0,47.0,32.0,-10.256410598754883
446.574,12:24:21.515,468.404,22.526,10551.044,0.000,0.000,0.000,24.084,23.923,24.525,1.000,1.000,0.000,41.080,40.900,0.940,54.482,5.000,99.0,47.0,32.0,-10.256410598754883
446.686,12:24:21.627,468.404,22.526,10551.044,0.000,0.000,0.000,24.084,23.923,24.525,1.000,1.000,0.000,41.080,40.900,0.940,54.482,5.000,99.0,47.0,32.0,-10.256410598754883
446.798,12:24:21.738,468.404,22.526,10551.044,0.000,0.000,0.000,24.084,23.923,24.525,1.000,1.000,0.000,41.080,40.900,0.940,54.482,5.000,99.0,47.0,32.0,-10.256410598754883
446.909,12:24:21.850,465.839,22.983,10706.287,0.000,0.000,0.000,23.857,24.367,25.410,1.000,1.000,0.000,41.118,41.300,0.940,54.481,5.000,99.0,47.0,32.0,-10.256410598754883
447.021,12:24:21.962,465.839,22.983,10706.287,0.000,0.000,0.000,23.857,24.367,25.410,1.000,1.000,0.000,41.118,41.300,0.940,54.481,5.000,99.0,47.0,32.0,-10.256410598754883
447.133,12:24:22.266,465.839,22.983,10706.287,0.000,0.000,0.000,23.857,24.367,25.410,1.000,1.000,0.000,41.118,41.300,0.940,54.481,5.000,99.0,47.0,-8.974358558654785,32.35897445678711
447.437,12:24:22.378,465.882,22.974,10703.027,0.000,0.000,0.000,24.096,24.247,25.325,1.000,1.000,0.000,41.080,40.900,0.940,54.512,5.000,99.0,47.0,-8.974358558654785,32.35897445678711
447.549,12:24:22.490,465.882,22.974,10703.027,0.000,0.000,0.000,24.096,24.247,25.325,1.000,1.000,0.000,41.080,40.900,0.940,54.512,5.000,99.0,47.0,-8.974358558654785,32.35897445678711
447.662,12:24:22.602,469.212,22.373,10497.766,0.000,0.000,0.000,22.748,24.814,24.946,1.000,1.000,0.000,40.680,40.500,0.940,54.503,5.000,99.0,47.0,-8.974358558654785,32.35897445678711
447.773,12:24:22.713,469.212,22.373,10497.766,0.000,0.000,0.000,22.748,24.814,24.946,1.000,1.000,0.000,40.680,40.500,0.940,54.503,5.000,99.0,47.0,-8.974358558654785,32.35897445678711
447.885,12:24:22.825,469.212,22.373,10497.766,0.000,0.000,0.000,22.748,24.814,24.946,1.000,1.000,0.000,40.680,40.500,0.940,54.503,5.000,99.0,47.0,-8.974358558654785,32.35897445678711
447.997,12:24:22.938,469.212,22.373,10497.766,0.000,0.000,0.000,22.748,24.814,24.946,1.000,1.000,0.000,40.680,40.500,0.940,54.503,5.000,99.0,47.0,-8.974358558654785,32.35897445678711
448.110,12:24:23.050,469.444,22.341,10487.738,0.000,0.000,0.000,24.018,24.539,23.664,1.000,1.000,0.000,40.680,40.500,0.940,54.494,5.000,99.0,47.0,-8.974358558654785,32.35897445678711
448.221,12:24:23.353,469.444,22.341,10487.738,0.000,0.000,0.000,24.018,24.539,23.664,1.000,1.000,0.000,40.680,40.500,0.940,54.494,5.000,99.0,47.0,-31.28205108642578,-3.4871795177459717
448.524,12:24:23.465,469.312,22.362,10494.933,0.000,0.000,0.000,23.012,24.143,25.037,1.000,1.000,0.000,40.718,40.900,0.940,54.502,5.000,99.0,47.0,-31.28205108642578,-3.4871795177459717
448.637,12:24:23.577,469.312,22.362,10494.933,0.000,0.000,0.000,23.012,24.143,25.037,1.000,1.000,0.000,40.718,40.900,0.940,54.502,5.000,99.0,47.0,-31.28205108642578,-3.4871795177459717
448.749,12:24:23.689,469.312,22.362,10494.933,0.000,0.000,0.000,23.012,24.143,25.037,1.000,1.000,0.000,40.718,40.900,0.940,54.502,5.000,99.0,47.0,-31.28205108642578,-3.4871795177459717
448.860,12:24:23.801,469.312,22.362,10494.933,0.000,0.000,0.000,23.012,24.143,25.037,1.000,1.000,0.000,40.718,40.900,0.940,54.502,5.000,99.0,47.0,-31.28205108642578,-3.4871795177459717
448.973,12:24:23.913,465.751,22.999,10711.756,0.000,0.000,0.000,23.265,25.552,24.941,1.000,1.000,0.000,41.118,41.300,0.940,54.490,5.000,99.0,47.0,-31.28205108642578,-3.4871795177459717
449.084,12:24:24.025,465.751,22.999,10711.756,0.000,0.000,0.000,23.265,25.552,24.941,1.000,1.000,0.000,41.118,41.300,0.940,54.490,5.000,99.0,47.0,-31.28205108642578,-3.4871795177459717
449.197,12:24:24.137,465.751,22.999,10711.756,0.000,0.000,0.000,23.265,25.552,24.941,1.000,1.000,0.000,41.118,41.300,0.940,54.490,5.000,99.0,47.0,-31.28205108642578,-3.4871795177459717
449.309,12:24:24.440,465.880,22.976,10703.820,0.000,0.000,0.000,23.323,25.467,25.067,1.000,1.000,0.000,41.080,40.900,0.940,54.480,5.000,99.0,47.0,-25.538461685180664,-8.974358558654785
449.612,12:24:24.553,465.880,22.976,10703.820,0.000,0.000,0.000,23.323,25.467,25.067,1.000,1.000,0.000,41.080,40.900,0.940,54.480,5.000,99.0,47.0,-25.538461685180664,-8.974358558654785
449.725,12:24:24.666,465.395,23.063,10733.611,0.000,0.000,0.000,23.511,25.647,24.628,1.000,1.000,0.000,41.118,41.300,0.940,54.503,5.000,99.0,47.0,-25.538461685180664,-8.974358558654785
449.836,12:24:24.777,465.395,23.063,10733.611,0.000,0.000,0.000,23.511,25.647,24.628,1.000,1.000,0.000,41.118,41.300,0.940,54.503,5.000,99.0,47.0,-25.538461685180664,-8.974358558654785
449.948,12:24:24.888,465.395,23.063,10733.611,0.000,0.000,0.000,23.511,25.647,24.628,1.000,1.000,0.000,41.118,41.300,0.940,54.503,5.000,99.0,47.0,-25.538461685180664,-8.974358558654785
450.061,12:24:25.001,465.395,23.063,10733.611,0.000,0.000,0.000,23.511,25.647,24.628,1.000,1.000,0.000,41.118,41.300,0.940,54.503,5.000,99.0,47.0,-25.538461685180664,-8.974358558654785
450.171,12:24:25.112,469.200,22.388,10504.302,0.000,0.000,0.000,23.407,25.170,23.778,1.000,1.000,0.000,41.080,40.900,0.940,54.484,5.000,99.0,47.0,-25.538461685180664,-8.974358558654785
450.283,12:24:25.224,469.200,22.388,10504.302,0.000,0.000,0.000,23.407,25.170,23.778,1.000,1.000,0.000,41.080,40.900,0.940,54.484,5.000,99.0,47.0,-25.538461685180664,-8.974358558654785
450.396,12:24:25.528,469.200,22.388,10504.302,0.000,0.000,0.000,23.407,25.170,23.778,1.000,1.000,0.000,41.080,40.900,0.940,54.484,5.000,99.0,47.0,-7.692307472229004,32.25640869140625
450.699,12:24:25.639,469.464,22.357,10495.979,0.000,0.000,0.000,24.110,24.368,23.838,1.000,1.000,0.000,40.680,40.500,0.940,54.501,5.000,99.0,47.0,-7.692307472229004,32.25640869140625
450.812,12:24:25.752,469.464,22.357,10495.979,0.000,0.000,0.000,24.110,24.368,23.838,1.000,1.000,0.000,40.680,40.500,0.940,54.501,5.000,99.0,47.0,-7.692307472229004,32.25640869140625
450.923,12:24:25.864,469.076,22.430,10521.465,0.000,0.000,0.000,22.890,24.372,25.085,1.000,1.000,0.000,41.118,41.300,0.940,54.467,5.000,99.0,47.0,-7.692307472229004,32.25640869140625
451.035,12:24:25.975,469.076,22.430,10521.465,0.000,0.000,0.000,22.890,24.372,25.085,1.000,1.000,0.000,41.118,41.300,0.940,54.467,5.000,99.0,47.0,-7.692307472229004,32.25640869140625
451.147,12:24:26.087,469.076,22.430,10521.465,0.000,0.000,0.000,22.890,24.372,25.085,1.000,1.000,0.000,41.118,41.300,0.940,54.467,5.000,99.0,47.0,-7.692307472229004,32.25640869140625
451.259,12:24:26.199,469.076,22.430,10521.465,0.000,0.000,0.000,22.890,24.372,25.085,1.000,1.000,0.000,41.118,41.300,0.940,54.467,5.000,99.0,47.0,-7.692307472229004,32.25640869140625
451.372,12:24:26.312,463.467,23.417,10852.872,0.000,0.000,0.000,23.945,25.880,24.889,1.000,1.000,0.000,41.520,41.700,0.940,54.533,5.000,99.0,47.0,-7.692307472229004,32.25640869140625
451.482,12:24:26.616,463.467,23.417,10852.872,0.000,0.000,0.000,23.945,25.880,24.889,1.000,1.000,0.000,41.520,41.700,0.940,54.533,5.000,99.0,47.0,17.487178802490234,34.769229888916016
451.787,12:24:26.728,459.517,24.019,11036.956,0.000,0.000,0.000,24.317,25.432,26.176,1.000,1.000,0.000,41.919,42.100,0.940,54.533,5.000,99.0,47.0,17.487178802490234,34.769229888916016
451.899,12:24:26.840,459.517,24.019,11036.956,0.000,0.000,0.000,24.317,25.432,26.176,1.000,1.000,0.000,41.919,42.100,0.940,54.533,5.000,99.0,47.0,17.487178802490234,34.769229888916016
452.011,12:24:26.952,459.517,24.019,11036.956,0.000,0.000,0.000,24.317,25.432,26.176,1.000,1.000,0.000,41.919,42.100,0.940,54.533,5.000,99.0,47.0,17.487178802490234,34.769229888916016
452.138,12:24:27.079,463.065,23.482,10873.551,0.000,0.000,0.000,24.777,25.408,24.568,1.000,1.000,0.000,41.480,41.300,0.940,54.580,5.000,99.0,47.0,17.487178802490234,34.769229888916016
452.250,12:24:27.190,463.065,23.482,10873.551,0.000,0.000,0.000,24.777,25.408,24.568,1.000,1.000,0.000,41.480,41.300,0.940,54.580,5.000,99.0,47.0,17.487178802490234,34.769229888916016
452.363,12:24:27.303,463.065,23.482,10873.551,0.000,0.000,0.000,24.777,25.408,24.568,1.000,1.000,0.000,41.480,41.300,0.940,54.580,5.000,99.0,47.0,17.487178802490234,34.769229888916016
452.474,12:24:27.414,463.065,23.482,10873.551,0.000,0.000,0.000,24.777,25.408,24.568,1.000,1.000,0.000,41.480,41.300,0.940,54.580,5.000,99.0,47.0,17.487178802490234,34.769229888916016
452.586,12:24:27.718,467.822,22.663,10602.102,0.000,0.000,0.000,24.138,24.482,23.884,1.000,1.000,0.000,41.080,40.900,0.940,54.579,5.000,99.0,47.0,32.25640869140625,-15.538461685180664
452.891,12:24:27.832,467.822,22.663,10602.102,0.000,0.000,0.000,24.138,24.482,23.884,1.000,1.000,0.000,41.080,40.900,0.940,54.579,5.000,99.0,47.0,32.25640869140625,-15.538461685180664
453.002,12:24:27.943,468.161,22.607,10583.647,0.000,0.000,0.000,23.657,23.940,24.926,1.000,1.000,0.000,41.118,41.300,0.940,54.596,5.000,99.0,47.0,32.25640869140625,-15.538461685180664
453.114,12:24:28.054,468.161,22.607,10583.647,0.000,0.000,0.000,23.657,23.940,24.926,1.000,1.000,0.000,41.118,41.300,0.940,54.596,5.000,99.0,47.0,32.25640869140625,-15.538461685180664
453.226,12:24:28.166,468.161,22.607,10583.647,0.000,0.000,0.000,23.657,23.940,24.926,1.000,1.000,0.000,41.118,41.300,0.940,54.596,5.000,99.0,47.0,32.25640869140625,-15.538461685180664
453.338,12:24:28.279,468.161,22.607,10583.647,0.000,0.000,0.000,23.657,23.940,24.926,1.000,1.000,0.000,41.118,41.300,0.940,54.596,5.000,99.0,47.0,32.25640869140625,-15.538461685180664
453.450,12:24:28.391,467.237,22.781,10644.197,0.000,0.000,0.000,24.061,24.063,25.082,1.000,1.000,0.000,41.080,40.900,0.940,54.605,5.000,99.0,47.0,32.25640869140625,-15.538461685180664
453.562,12:24:28.503,467.237,22.781,10644.197,0.000,0.000,0.000,24.061,24.063,25.082,1.000,1.000,0.000,41.080,40.900,0.940,54.605,5.000,99.0,47.0,32.25640869140625,-15.538461685180664
453.674,12:24:28.805,467.237,22.781,10644.197,0.000,0.000,0.000,24.061,24.063,25.082,1.000,1.000,0.000,41.080,40.900,0.940,54.605,5.000,99.0,47.0,-14.974358558654785,32.512821197509766
453.978,12:24:28.918,467.015,22.815,10655.152,0.000,0.000,0.000,23.535,24.402,25.440,1.000,1.000,0.000,41.080,40.900,0.940,54.607,5.000,99.0,47.0,-14.974358558654785,32.512821197509766
454.089,12:24:29.030,467.015,22.815,10655.152,0.000,0.000,0.000,23.535,24.402,25.440,1.000,1.000,0.000,41.080,40.900,0.940,54.607,5.000,99.0,47.0,-14.974358558654785,32.512821197509766
454.201,12:24:29.142,467.074,22.816,10656.770,0.000,0.000,0.000,23.187,24.804,25.249,1.000,1.000,0.000,41.118,41.300,0.940,54.600,5.000,99.0,47.0,-14.974358558654785,32.512821197509766
454.313,12:24:29.253,467.074,22.816,10656.770,0.000,0.000,0.000,23.187,24.804,25.249,1.000,1.000,0.000,41.118,41.300,0.940,54.600,5.000,99.0,47.0,-14.974358558654785,32.512821197509766
454.424,12:24:29.365,467.074,22.816,10656.770,0.000,0.000,0.000,23.187,24.804,25.249,1.000,1.000,0.000,41.118,41.300,0.940,54.600,5.000,99.0,47.0,-14.974358558654785,32.512821197509766
454.537,12:24:29.478,467.074,22.816,10656.770,0.000,0.000,0.000,23.187,24.804,25.249,1.000,1.000,0.000,41.118,41.300,0.940,54.600,5.000,99.0,47.0,-14.974358558654785,32.512821197509766
454.649,12:24:29.590,462.789,23.538,10893.204,0.000,0.000,0.000,24.096,24.908,25.954,1.000,1.000,0.000,41.519,41.700,0.940,54.626,5.000,99.0,47.0,-14.974358558654785,32.512821197509766
454.761,12:24:29.894,462.789,23.538,10893.204,0.000,0.000,0.000,24.096,24.908,25.954,1.000,1.000,0.000,41.519,41.700,0.940,54.626,5.000,99.0,47.0,-16.205127716064453,34.82051467895508
455.065,12:24:30.005,464.860,23.203,10786.007,0.000,0.000,0.000,24.549,24.396,24.895,1.000,1.000,0.000,41.481,41.300,0.940,54.624,5.000,99.0,47.0,-16.205127716064453,34.82051467895508
455.176,12:24:30.117,464.860,23.203,10786.007,0.000,0.000,0.000,24.549,24.396,24.895,1.000,1.000,0.000,41.481,41.300,0.940,54.624,5.000,99.0,47.0,-16.205127716064453,34.82051467895508
455.289,12:24:30.230,464.860,23.203,10786.007,0.000,0.000,0.000,24.549,24.396,24.895,1.000,1.000,0.000,41.481,41.300,0.940,54.624,5.000,99.0,47.0,-16.205127716064453,34.82051467895508
455.400,12:24:30.341,466.916,22.855,10671.549,0.000,0.000,0.000,24.493,24.611,24.251,1.000,1.000,0.000,41.080,40.900,0.940,54.618,5.000,99.0,47.0,-16.205127716064453,34.82051467895508
455.512,12:24:30.453,466.916,22.855,10671.549,0.000,0.000,0.000,24.493,24.611,24.251,1.000,1.000,0.000,41.080,40.900,0.940,54.618,5.000,99.0,47.0,-16.205127716064453,34.82051467895508
455.624,12:24:30.564,466.916,22.855,10671.549,0.000,0.000,0.000,24.493,24.611,24.251,1.000,1.000,0.000,41.080,40.900,0.940,54.618,5.000,99.0,47.0,-16.205127716064453,34.82051467895508
455.737,12:24:30.678,466.916,22.855,10671.549,0.000,0.000,0.000,24.493,24.611,24.251,1.000,1.000,0.000,41.080,40.900,0.940,54.618,5.000,99.0,47.0,-16.205127716064453,34.82051467895508
455.848,12:24:30.981,464.875,23.198,10784.002,0.000,0.000,0.000,24.525,24.385,24.895,1.000,1.000,0.000,41.481,41.300,0.940,54.638,5.000,99.0,47.0,29.128204345703125,-0.05128205195069313
456.153,12:24:31.093,464.875,23.198,10784.002,0.000,0.000,0.000,24.525,24.385,24.895,1.000,1.000,0.000,41.481,41.300,0.940,54.638,5.000,99.0,47.0,29.128204345703125,-0.05128205195069313
456.264,12:24:31.204,465.157,23.165,10775.138,0.000,0.000,0.000,24.592,24.776,24.346,1.000,1.000,0.000,41.481,41.300,0.940,54.666,5.000,99.0,47.0,29.128204345703125,-0.05128205195069313
456.375,12:24:31.316,465.157,23.165,10775.138,0.000,0.000,0.000,24.592,24.776,24.346,1.000,1.000,0.000,41.481,41.300,0.940,54.666,5.000,99.0,47.0,29.128204345703125,-0.05128205195069313
456.488,12:24:31.428,465.157,23.165,10775.138,0.000,0.000,0.000,24.592,24.776,24.346,1.000,1.000,0.000,41.481,41.300,0.940,54.666,5.000,99.0,47.0,29.128204345703125,-0.05128205195069313
456.601,12:24:31.541,468.771,22.524,10558.796,0.000,0.000,0.000,24.163,24.137,24.005,1.000,1.000,0.000,41.118,41.300,0.940,54.652,5.000,99.0,47.0,29.128204345703125,-0.05128205195069313
456.711,12:24:31.652,468.771,22.524,10558.796,0.000,0.000,0.000,24.163,24.137,24.005,1.000,1.000,0.000,41.118,41.300,0.940,54.652,5.000,99.0,47.0,29.128204345703125,-0.05128205195069313
456.824,12:24:31.764,468.771,22.524,10558.796,0.000,0.000,0.000,24.163,24.137,24.005,1.000,1.000,0.000,41.118,41.300,0.940,54.652,5.000,99.0,47.0,29.128204345703125,-0.05128205195069313
456.935,12:24:32.067,468.771,22.524,10558.796,0.000,0.000,0.000,24.163,24.137,24.005,1.000,1.000,0.000,41.118,41.300,0.940,54.652,5.000,99.0,47.0,18.41025733947754,16.66666603088379
457.239,12:24:32.180,462.733,23.565,10904.310,0.000,0.000,0.000,24.908,25.369,24.679,1.000,1.000,0.000,41.481,41.300,0.940,54.658,5.000,99.0,47.0,18.41025733947754,16.66666603088379
457.352,12:24:32.292,462.733,23.565,10904.310,0.000,0.000,0.000,24.908,25.369,24.679,1.000,1.000,0.000,41.481,41.300,0.940,54.658,5.000,99.0,47.0,18.41025733947754,16.66666603088379
457.463,12:24:32.403,468.857,22.514,10555.959,0.000,0.000,0.000,24.041,24.502,23.789,1.000,1.000,0.000,41.080,40.900,0.940,54.661,5.000,99.0,47.0,18.41025733947754,16.66666603088379
457.575,12:24:32.516,468.857,22.514,10555.959,0.000,0.000,0.000,24.041,24.502,23.789,1.000,1.000,0.000,41.080,40.900,0.940,54.661,5.000,99.0,47.0,18.41025733947754,16.66666603088379
457.687,12:24:32.628,468.857,22.514,10555.959,0.000,0.000,0.000,24.041,24.502,23.789,1.000,1.000,0.000,41.080,40.900,0.940,54.661,5.000,99.0,47.0,18.41025733947754,16.66666603088379
457.799,12:24:32.740,468.857,22.514,10555.959,0.000,0.000,0.000,24.041,24.502,23.789,1.000,1.000,0.000,41.080,40.900,0.940,54.661,5.000,99.0,47.0,18.41025733947754,16.66666603088379
457.911,12:24:32.851,465.355,23.115,10756.562,0.000,0.000,0.000,24.490,24.468,24.632,1.000,1.000,0.000,41.481,41.300,0.940,54.675,5.000,99.0,47.0,18.41025733947754,16.66666603088379
458.023,12:24:33.155,465.355,23.115,10756.562,0.000,0.000,0.000,24.490,24.468,24.632,1.000,1.000,0.000,41.481,41.300,0.940,54.675,5.000,99.0,47.0,-21.794872283935547,34.35897445678711
458.326,12:24:33.267,466.650,22.917,10694.380,0.000,0.000,0.000,24.442,24.715,24.209,1.000,1.000,0.000,41.080,40.900,0.940,54.682,5.000,99.0,47.0,-21.794872283935547,34.35897445678711
458.438,12:24:33.379,466.650,22.917,10694.380,0.000,0.000,0.000,24.442,24.715,24.209,1.000,1.000,0.000,41.080,40.900,0.940,54.682,5.000,99.0,47.0,-21.794872283935547,34.35897445678711
458.551,12:24:33.492,466.650,22.917,10694.380,0.000,0.000,0.000,24.442,24.715,24.209,1.000,1.000,0.000,41.080,40.900,0.940,54.682,5.000,99.0,47.0,-21.794872283935547,34.35897445678711
458.662,12:24:33.603,470.189,22.275,10473.630,0.000,0.000,0.000,23.808,23.771,24.416,1.000,1.000,0.000,40.718,40.900,0.940,54.670,5.000,99.0,47.0,-21.794872283935547,34.35897445678711
458.774,12:24:33.715,470.189,22.275,10473.630,0.000,0.000,0.000,23.808,23.771,24.416,1.000,1.000,0.000,40.718,40.900,0.940,54.670,5.000,99.0,47.0,-21.794872283935547,34.35897445678711
458.886,12:24:33.827,470.189,22.275,10473.630,0.000,0.000,0.000,23.808,23.771,24.416,1.000,1.000,0.000,40.718,40.900,0.940,54.670,5.000,99.0,47.0,-21.794872283935547,34.35897445678711
458.998,12:24:33.938,470.189,22.275,10473.630,0.000,0.000,0.000,23.808,23.771,24.416,1.000,1.000,0.000,40.718,40.900,0.940,54.670,5.000,99.0,47.0,-21.794872283935547,34.35897445678711
459.109,12:24:34.242,470.141,22.279,10474.239,0.000,0.000,0.000,22.829,24.369,24.960,1.000,1.000,0.000,40.718,40.900,0.940,54.669,5.000,99.0,47.0,-24.9743595123291,31.384614944458008
459.413,12:24:34.354,470.141,22.279,10474.239,0.000,0.000,0.000,22.829,24.369,24.960,1.000,1.000,0.000,40.718,40.900,0.940,54.669,5.000,99.0,47.0,-24.9743595123291,31.384614944458008
459.525,12:24:34.466,470.125,22.282,10475.238,0.000,0.000,0.000,23.029,25.129,23.905,1.000,1.000,0.000,40.718,40.900,0.940,54.661,5.000,99.0,47.0,-24.9743595123291,31.384614944458008
459.637,12:24:34.578,470.125,22.282,10475.238,0.000,0.000,0.000,23.029,25.129,23.905,1.000,1.000,0.000,40.718,40.900,0.940,54.661,5.000,99.0,47.0,-24.9743595123291,31.384614944458008
459.749,12:24:34.690,470.125,22.282,10475.238,0.000,0.000,0.000,23.029,25.129,23.905,1.000,1.000,0.000,40.718,40.900,0.940,54.661,5.000,99.0,47.0,-24.9743595123291,31.384614944458008
459.862,12:24:34.802,470.264,22.265,10470.240,0.000,0.000,0.000,24.064,24.257,23.746,1.000,1.000,0.000,40.718,40.900,0.940,54.650,5.000,99.0,47.0,-24.9743595123291,31.384614944458008
459.973,12:24:34.914,470.264,22.265,10470.240,0.000,0.000,0.000,24.064,24.257,23.746,1.000,1.000,0.000,40.718,40.900,0.940,54.650,5.000,99.0,47.0,-24.9743595123291,31.384614944458008
460.085,12:24:35.025,470.264,22.265,10470.240,0.000,0.000,0.000,24.064,24.257,23.746,1.000,1.000,0.000,40.718,40.900,0.940,54.650,5.000,99.0,47.0,-24.9743595123291,31.384614944458008
460.197,12:24:35.330,470.264,22.265,10470.240,0.000,0.000,0.000,24.064,24.257,23.746,1.000,1.000,0.000,40.718,40.900,0.940,54.650,5.000,99.0,47.0,31.33333396911621,-19.128204345703125
460.501,12:24:35.441,470.048,22.298,10481.272,0.000,0.000,0.000,23.445,23.822,24.921,1.000,1.000,0.000,40.718,40.900,0.940,54.652,5.000,99.0,47.0,31.33333396911621,-19.128204345703125
460.614,12:24:35.554,470.048,22.298,10481.272,0.000,0.000,0.000,23.445,23.822,24.921,1.000,1.000,0.000,40.718,40.900,0.940,54.652,5.000,99.0,47.0,31.33333396911621,-19.128204345703125
460.725,12:24:35.665,465.910,23.042,10735.551,0.000,0.000,0.000,23.183,25.103,25.266,1.000,1.000,0.000,41.519,41.700,0.940,54.651,5.000,99.0,47.0,31.33333396911621,-19.128204345703125
460.837,12:24:35.778,465.910,23.042,10735.551,0.000,0.000,0.000,23.183,25.103,25.266,1.000,1.000,0.000,41.519,41.700,0.940,54.651,5.000,99.0,47.0,31.33333396911621,-19.128204345703125
460.950,12:24:35.890,465.910,23.042,10735.551,0.000,0.000,0.000,23.183,25.103,25.266,1.000,1.000,0.000,41.519,41.700,0.940,54.651,5.000,99.0,47.0,31.33333396911621,-19.128204345703125
461.077,12:24:36.017,466.408,22.959,10708.484,0.000,0.000,0.000,23.775,24.311,25.455,1.000,1.000,0.000,41.080,40.900,0.940,54.662,5.000,99.0,47.0,31.33333396911621,-19.128204345703125
461.188,12:24:36.129,466.408,22.959,10708.484,0.000,0.000,0.000,23.775,24.311,25.455,1.000,1.000,0.000,41.080,40.900,0.940,54.662,5.000,99.0,47.0,31.33333396911621,-19.128204345703125
461.300,12:24:36.433,466.408,22.959,10708.484,0.000,0.000,0.000,23.775,24.311,25.455,1.000,1.000,0.000,41.080,40.900,0.940,54.662,5.000,99.0,47.0,31.0256404876709,-21.435897827148438
461.605,12:24:36.546,469.950,22.318,10488.313,0.000,0.000,0.000,22.740,24.644,24.964,1.000,1.000,0.000,40.718,40.900,0.940,54.666,5.000,99.0,47.0,31.0256404876709,-21.435897827148438
461.717,12:24:36.657,469.950,22.318,10488.313,0.000,0.000,0.000,22.740,24.644,24.964,1.000,1.000,0.000,40.718,40.900,0.940,54.666,5.000,99.0,47.0,31.0256404876709,-21.435897827148438
461.828,12:24:36.769,469.950,22.318,10488.313,0.000,0.000,0.000,22.740,24.644,24.964,1.000,1.000,0.000,40.718,40.900,0.940,54.666,5.000,99.0,47.0,31.0256404876709,-21.435897827148438
461.941,12:24:36.882,469.996,22.313,10486.792,0.000,0.000,0.000,23.284,25.178,23.787,1.000,1.000,0.000,40.718,40.900,0.940,54.655,5.000,99.0,47.0,31.0256404876709,-21.435897827148438
462.052,12:24:36.993,469.996,22.313,10486.792,0.000,0.000,0.000,23.284,25.178,23.787,1.000,1.000,0.000,40.718,40.900,0.940,54.655,5.000,99.0,47.0,31.0256404876709,-21.435897827148438
462.163,12:24:37.104,469.996,22.313,10486.792,0.000,0.000,0.000,23.284,25.178,23.787,1.000,1.000,0.000,40.718,40.900,0.940,54.655,5.000,99.0,47.0,31.0256404876709,-21.435897827148438
462.276,12:24:37.216,469.996,22.313,10486.792,0.000,0.000,0.000,23.284,25.178,23.787,1.000,1.000,0.000,40.718,40.900,0.940,54.655,5.000,99.0,47.0,31.0256404876709,-21.435897827148438
462.387,12:24:37.521,469.800,22.356,10503.011,0.000,0.000,0.000,24.081,24.047,23.946,1.000,1.000,0.000,41.080,40.900,0.940,54.648,5.000,99.0,47.0,-2.2564103603363037,31.538461685180664
462.691,12:24:37.632,469.899,22.333,10494.305,0.000,0.000,0.000,23.552,23.822,24.761,1.000,1.000,0.000,41.118,41.300,0.940,54.633,5.000,99.0,47.0,-2.2564103603363037,31.538461685180664
462.803,12:24:37.744,469.899,22.333,10494.305,0.000,0.000,0.000,23.552,23.822,24.761,1.000,1.000,0.000,41.118,41.300,0.940,54.633,5.000,99.0,47.0,-2.2564103603363037,31.538461685180664
462.915,12:24:37.856,469.899,22.333,10494.305,0.000,0.000,0.000,23.552,23.822,24.761,1.000,1.000,0.000,41.118,41.300,0.940,54.633,5.000,99.0,47.0,-2.2564103603363037,31.538461685180664
463.027,12:24:37.968,469.899,22.333,10494.305,0.000,0.000,0.000,23.552,23.822,24.761,1.000,1.000,0.000,41.118,41.300,0.940,54.633,5.000,99.0,47.0,-2.2564103603363037,31.538461685180664
463.139,12:24:38.080,464.514,23.287,10817.232,0.000,0.000,0.000,23.390,25.611,25.058,1.000,1.000,0.000,41.480,41.300,0.940,54.644,5.000,99.0,47.0,-2.2564103603363037,31.538461685180664
463.251,12:24:38.191,464.514,23.287,10817.232,0.000,0.000,0.000,23.390,25.611,25.058,1.000,1.000,0.000,41.480,41.300,0.940,54.644,5.000,99.0,47.0,-2.2564103603363037,31.538461685180664
463.363,12:24:38.304,464.514,23.287,10817.232,0.000,0.000,0.000,23.390,25.611,25.058,1.000,1.000,0.000,41.480,41.300,0.940,54.644,5.000,99.0,47.0,-2.2564103603363037,31.538461685180664
463.475,12:24:38.607,464.514,23.287,10817.232,0.000,0.000,0.000,23.390,25.611,25.058,1.000,1.000,0.000,41.480,41.300,0.940,54.644,5.000,99.0,47.0,-33.589744567871094,20.05128288269043
463.780,12:24:38.721,467.871,22.719,10629.768,0.000,0.000,0.000,23.132,25.336,24.745,1.000,1.000,0.000,41.119,41.300,0.940,54.647,5.000,99.0,47.0,-33.589744567871094,20.05128288269043
463.891,12:24:38.832,467.871,22.719,10629.768,0.000,0.000,0.000,23.132,25.336,24.745,1.000,1.000,0.000,41.119,41.300,0.940,54.647,5.000,99.0,47.0,-33.589744567871094,20.05128288269043
464.004,12:24:38.945,464.540,23.284,10816.412,0.000,0.000,0.000,23.361,25.414,25.371,1.000,1.000,0.000,41.480,41.300,0.940,54.680,5.000,99.0,47.0,-33.589744567871094,20.05128288269043
464.115,12:24:39.056,464.540,23.284,10816.412,0.000,0.000,0.000,23.361,25.414,25.371,1.000,1.000,0.000,41.480,41.300,0.940,54.680,5.000,99.0,47.0,-33.589744567871094,20.05128288269043
464.227,12:24:39.167,464.540,23.284,10816.412,0.000,0.000,0.000,23.361,25.414,25.371,1.000,1.000,0.000,41.480,41.300,0.940,54.680,5.000,99.0,47.0,-33.589744567871094,20.05128288269043
464.339,12:24:39.279,467.522,22.769,10645.052,0.000,0.000,0.000,23.067,25.053,25.078,1.000,1.000,0.000,41.118,41.300,0.940,54.690,5.000,99.0,47.0,-33.589744567871094,20.05128288269043
464.451,12:24:39.391,467.522,22.769,10645.052,0.000,0.000,0.000,23.067,25.053,25.078,1.000,1.000,0.000,41.118,41.300,0.940,54.690,5.000,99.0,47.0,-33.589744567871094,20.05128288269043
464.563,12:24:39.696,467.522,22.769,10645.052,0.000,0.000,0.000,23.067,25.053,25.078,1.000,1.000,0.000,41.118,41.300,0.940,54.690,5.000,99.0,47.0,-8.410256385803223,-23.128204345703125
464.867,12:24:39.808,470.934,22.139,10425.793,0.000,0.000,0.000,22.708,25.046,24.090,1.000,1.000,0.000,40.718,40.900,0.940,54.687,5.000,99.0,47.0,-8.410256385803223,-23.128204345703125
464.979,12:24:39.919,470.934,22.139,10425.793,0.000,0.000,0.000,22.708,25.046,24.090,1.000,1.000,0.000,40.718,40.900,0.940,54.687,5.000,99.0,47.0,-8.410256385803223,-23.128204345703125
465.090,12:24:40.031,470.934,22.139,10425.793,0.000,0.000,0.000,22.708,25.046,24.090,1.000,1.000,0.000,40.718,40.900,0.940,54.687,5.000,99.0,47.0,-8.410256385803223,-23.128204345703125
465.202,12:24:40.143,471.768,21.962,10361.019,0.000,0.000,0.000,23.716,23.609,23.759,1.000,1.000,0.000,40.718,40.900,0.940,54.677,5.000,99.0,47.0,-8.410256385803223,-23.128204345703125
465.315,12:24:40.255,471.768,21.962,10361.019,0.000,0.000,0.000,23.716,23.609,23.759,1.000,1.000,0.000,40.718,40.900,0.940,54.677,5.000,99.0,47.0,-8.410256385803223,-23.128204345703125
465.426,12:24:40.367,471.768,21.962,10361.019,0.000,0.000,0.000,23.716,23.609,23.759,1.000,1.000,0.000,40.718,40.900,0.940,54.677,5.000,99.0,47.0,-8.410256385803223,-23.128204345703125
465.555,12:24:40.495,468.742,22.532,10561.817,0.000,0.000,0.000,23.188,24.091,25.075,1.000,1.000,0.000,41.118,41.300,0.940,54.706,5.000,99.0,47.0,-8.410256385803223,-23.128204345703125
465.666,12:24:40.798,468.742,22.532,10561.817,0.000,0.000,0.000,23.188,24.091,25.075,1.000,1.000,0.000,41.118,41.300,0.940,54.706,5.000,99.0,47.0,-35.43589782714844,13.48717975616455
465.971,12:24:40.911,465.018,23.189,10783.092,0.000,0.000,0.000,23.797,24.484,25.506,1.000,1.000,0.000,41.481,41.300,0.940,54.679,5.000,99.0,47.0,-35.43589782714844,13.48717975616455
466.082,12:24:41.023,465.018,23.189,10783.092,0.000,0.000,0.000,23.797,24.484,25.506,1.000,1.000,0.000,41.481,41.300,0.940,54.679,5.000,99.0,47.0,-35.43589782714844,13.48717975616455
466.194,12:24:41.135,465.018,23.189,10783.092,0.000,0.000,0.000,23.797,24.484,25.506,1.000,1.000,0.000,41.481,41.300,0.940,54.679,5.000,99.0,47.0,-35.43589782714844,13.48717975616455
466.306,12:24:41.246,465.018,23.189,10783.092,0.000,0.000,0.000,23.797,24.484,25.506,1.000,1.000,0.000,41.481,41.300,0.940,54.679,5.000,99.0,47.0,-35.43589782714844,13.48717975616455
466.417,12:24:41.358,460.540,23.889,11001.682,0.000,0.000,0.000,25.036,24.986,25.431,1.000,1.000,0.000,41.881,41.700,0.940,54.689,5.000,99.0,47.0,-35.43589782714844,13.48717975616455
466.529,12:24:41.470,460.540,23.889,11001.682,0.000,0.000,0.000,25.036,24.986,25.431,1.000,1.000,0.000,41.881,41.700,0.940,54.689,5.000,99.0,47.0,-35.43589782714844,13.48717975616455
466.641,12:24:41.581,460.540,23.889,11001.682,0.000,0.000,0.000,25.036,24.986,25.431,1.000,1.000,0.000,41.881,41.700,0.940,54.689,5.000,99.0,47.0,-35.43589782714844,13.48717975616455
466.770,12:24:41.902,462.787,23.557,10901.680,0.000,0.000,0.000,24.254,25.944,24.750,1.000,1.000,0.000,41.481,41.300,0.940,54.711,5.000,99.0,47.0,-28.0,-3.076923131942749
467.072,12:24:42.013,462.787,23.557,10901.680,0.000,0.000,0.000,24.254,25.944,24.750,1.000,1.000,0.000,41.481,41.300,0.940,54.711,5.000,99.0,47.0,-28.0,-3.076923131942749
467.186,12:24:42.126,466.769,22.888,10683.632,0.000,0.000,0.000,23.517,25.552,24.407,1.000,1.000,0.000,41.118,41.300,0.940,54.726,5.000,99.0,47.0,-28.0,-3.076923131942749
467.297,12:24:42.238,466.769,22.888,10683.632,0.000,0.000,0.000,23.517,25.552,24.407,1.000,1.000,0.000,41.118,41.300,0.940,54.726,5.000,99.0,47.0,-28.0,-3.076923131942749
467.409,12:24:42.350,466.769,22.888,10683.632,0.000,0.000,0.000,23.517,25.552,24.407,1.000,1.000,0.000,41.118,41.300,0.940,54.726,5.000,99.0,47.0,-28.0,-3.076923131942749
467.521,12:24:42.462,466.769,22.888,10683.632,0.000,0.000,0.000,23.517,25.552,24.407,1.000,1.000,0.000,41.118,41.300,0.940,54.726,5.000,99.0,47.0,-28.0,-3.076923131942749
467.633,12:24:42.573,466.951,22.867,10677.961,0.000,0.000,0.000,23.447,25.598,24.469,1.000,1.000,0.000,41.080,40.900,0.940,54.757,5.000,99.0,47.0,-28.0,-3.076923131942749
467.745,12:24:42.686,466.951,22.867,10677.961,0.000,0.000,0.000,23.447,25.598,24.469,1.000,1.000,0.000,41.080,40.900,0.940,54.757,5.000,99.0,47.0,-28.0,-3.076923131942749
467.856,12:24:42.988,466.951,22.867,10677.961,0.000,0.000,0.000,23.447,25.598,24.469,1.000,1.000,0.000,41.080,40.900,0.940,54.757,5.000,99.0,47.0,4.666666507720947,-32.35897445678711
468.160,12:24:43.101,465.102,23.176,10779.275,0.000,0.000,0.000,24.042,25.324,24.379,1.000,1.000,0.000,41.481,41.300,0.940,54.750,5.000,99.0,47.0,4.666666507720947,-32.35897445678711
468.272,12:24:43.212,465.102,23.176,10779.275,0.000,0.000,0.000,24.042,25.324,24.379,1.000,1.000,0.000,41.481,41.300,0.940,54.750,5.000,99.0,47.0,4.666666507720947,-32.35897445678711
468.385,12:24:43.325,462.660,23.584,10911.555,0.000,0.000,0.000,23.801,25.919,25.284,1.000,1.000,0.000,41.519,41.700,0.940,54.782,5.000,99.0,47.0,4.666666507720947,-32.35897445678711
468.496,12:24:43.436,462.660,23.584,10911.555,0.000,0.000,0.000,23.801,25.919,25.284,1.000,1.000,0.000,41.519,41.700,0.940,54.782,5.000,99.0,47.0,4.666666507720947,-32.35897445678711
468.608,12:24:43.548,462.660,23.584,10911.555,0.000,0.000,0.000,23.801,25.919,25.284,1.000,1.000,0.000,41.519,41.700,0.940,54.782,5.000,99.0,47.0,4.666666507720947,-32.35897445678711
468.721,12:24:43.661,462.660,23.584,10911.555,0.000,0.000,0.000,23.801,25.919,25.284,1.000,1.000,0.000,41.519,41.700,0.940,54.782,5.000,99.0,47.0,4.666666507720947,-32.35897445678711
468.833,12:24:43.773,466.754,22.919,10697.378,0.000,0.000,0.000,23.340,24.701,25.498,1.000,1.000,0.000,41.118,41.300,0.940,54.774,5.000,99.0,47.0,4.666666507720947,-32.35897445678711
468.944,12:24:44.077,466.754,22.919,10697.378,0.000,0.000,0.000,23.340,24.701,25.498,1.000,1.000,0.000,41.118,41.300,0.940,54.774,5.000,99.0,47.0,-22.05128288269043,-24.256410598754883
469.248,12:24:44.189,465.514,23.127,10765.773,0.000,0.000,0.000,23.695,24.579,25.584,1.000,1.000,0.000,41.481,41.300,0.940,54.800,5.000,99.0,47.0,-22.05128288269043,-24.256410598754883
469.360,12:24:44.300,465.514,23.127,10765.773,0.000,0.000,0.000,23.695,24.579,25.584,1.000,1.000,0.000,41.481,41.300,0.940,54.800,5.000,99.0,47.0,-22.05128288269043,-24.256410598754883
469.471,12:24:44.412,465.514,23.127,10765.773,0.000,0.000,0.000,23.695,24.579,25.584,1.000,1.000,0.000,41.481,41.300,0.940,54.800,5.000,99.0,47.0,-22.05128288269043,-24.256410598754883
469.584,12:24:44.525,465.514,23.127,10765.773,0.000,0.000,0.000,23.695,24.579,25.584,1.000,1.000,0.000,41.481,41.300,0.940,54.800,5.000,99.0,47.0,-22.05128288269043,-24.256410598754883
469.695,12:24:44.636,466.538,22.949,10706.700,0.000,0.000,0.000,23.624,24.451,25.475,1.000,1.000,0.000,41.080,40.900,0.940,54.791,5.000,99.0,47.0,-22.05128288269043,-24.256410598754883
469.807,12:24:44.748,466.538,22.949,10706.700,0.000,0.000,0.000,23.624,24.451,25.475,1.000,1.000,0.000,41.080,40.900,0.940,54.791,5.000,99.0,47.0,-22.05128288269043,-24.256410598754883
469.920,12:24:44.861,466.538,22.949,10706.700,0.000,0.000,0.000,23.624,24.451,25.475,1.000,1.000,0.000,41.080,40.900,0.940,54.791,5.000,99.0,47.0,-22.05128288269043,-24.256410598754883
470.032,12:24:45.163,465.617,23.109,10759.757,0.000,0.000,0.000,23.425,24.794,25.410,1.000,1.000,0.000,41.481,41.300,0.940,54.788,5.000,99.0,47.0,-36.92307662963867,13.076923370361328
470.335,12:24:45.276,465.617,23.109,10759.757,0.000,0.000,0.000,23.425,24.794,25.410,1.000,1.000,0.000,41.481,41.300,0.940,54.788,5.000,99.0,47.0,-36.92307662963867,13.076923370361328
470.447,12:24:45.388,469.599,22.418,10527.497,0.000,0.000,0.000,22.748,24.528,24.984,1.000,1.000,0.000,41.118,41.300,0.940,54.825,5.000,99.0,47.0,-36.92307662963867,13.076923370361328
470.558,12:24:45.499,469.599,22.418,10527.497,0.000,0.000,0.000,22.748,24.528,24.984,1.000,1.000,0.000,41.118,41.300,0.940,54.825,5.000,99.0,47.0,-36.92307662963867,13.076923370361328
470.670,12:24:45.611,469.599,22.418,10527.497,0.000,0.000,0.000,22.748,24.528,24.984,1.000,1.000,0.000,41.118,41.300,0.940,54.825,5.000,99.0,47.0,-36.92307662963867,13.076923370361328
470.782,12:24:45.723,469.599,22.418,10527.497,0.000,0.000,0.000,22.748,24.528,24.984,1.000,1.000,0.000,41.118,41.300,0.940,54.825,5.000,99.0,47.0,-36.92307662963867,13.076923370361328
470.895,12:24:45.836,467.024,22.886,10688.201,0.000,0.000,0.000,23.290,24.809,25.362,1.000,1.000,0.000,41.118,41.300,0.940,54.787,5.000,99.0,47.0,-36.92307662963867,13.076923370361328
471.007,12:24:45.948,467.024,22.886,10688.201,0.000,0.000,0.000,23.290,24.809,25.362,1.000,1.000,0.000,41.118,41.300,0.940,54.787,5.000,99.0,47.0,-36.92307662963867,13.076923370361328
471.118,12:24:46.251,467.024,22.886,10688.201,0.000,0.000,0.000,23.290,24.809,25.362,1.000,1.000,0.000,41.118,41.300,0.940,54.787,5.000,99.0,47.0,-12.307692527770996,-22.71794891357422
471.422,12:24:46.363,466.737,22.938,10706.005,0.000,0.000,0.000,23.382,24.743,25.539,1.000,1.000,0.000,41.080,40.900,0.940,54.806,5.000,99.0,47.0,-12.307692527770996,-22.71794891357422
471.534,12:24:46.475,466.737,22.938,10706.005,0.000,0.000,0.000,23.382,24.743,25.539,1.000,1.000,0.000,41.080,40.900,0.940,54.806,5.000,99.0,47.0,-12.307692527770996,-22.71794891357422
471.647,12:24:46.587,465.844,23.092,10757.060,0.000,0.000,0.000,23.276,25.158,25.189,1.000,1.000,0.000,41.519,41.700,0.940,54.792,5.000,99.0,47.0,-12.307692527770996,-22.71794891357422
471.758,12:24:46.699,465.844,23.092,10757.060,0.000,0.000,0.000,23.276,25.158,25.189,1.000,1.000,0.000,41.519,41.700,0.940,54.792,5.000,99.0,47.0,-12.307692527770996,-22.71794891357422
471.870,12:24:46.811,465.844,23.092,10757.060,0.000,0.000,0.000,23.276,25.158,25.189,1.000,1.000,0.000,41.519,41.700,0.940,54.792,5.000,99.0,47.0,-12.307692527770996,-22.71794891357422
471.982,12:24:46.923,465.844,23.092,10757.060,0.000,0.000,0.000,23.276,25.158,25.189,1.000,1.000,0.000,41.519,41.700,0.940,54.792,5.000,99.0,47.0,-12.307692527770996,-22.71794891357422
472.094,12:24:47.035,466.655,22.961,10715.002,0.000,0.000,0.000,23.636,24.431,25.486,1.000,1.000,0.000,41.080,40.900,0.940,54.828,5.000,99.0,47.0,-12.307692527770996,-22.71794891357422
472.205,12:24:47.339,466.655,22.961,10715.002,0.000,0.000,0.000,23.636,24.431,25.486,1.000,1.000,0.000,41.080,40.900,0.940,54.828,5.000,99.0,47.0,-27.58974266052246,-36.97435760498047
472.509,12:24:47.450,466.119,23.052,10745.169,0.000,0.000,0.000,23.368,24.824,25.392,1.000,1.000,0.000,41.519,41.700,0.940,54.811,5.000,99.0,47.0,-27.58974266052246,-36.97435760498047
472.621,12:24:47.562,466.119,23.052,10745.169,0.000,0.000,0.000,23.368,24.824,25.392,1.000,1.000,0.000,41.519,41.700,0.940,54.811,5.000,99.0,47.0,-27.58974266052246,-36.97435760498047
472.733,12:24:47.674,466.119,23.052,10745.169,0.000,0.000,0.000,23.368,24.824,25.392,1.000,1.000,0.000,41.519,41.700,0.940,54.811,5.000,99.0,47.0,-27.58974266052246,-36.97435760498047
472.862,12:24:47.802,466.608,22.966,10716.138,0.000,0.000,0.000,24.000,24.285,25.308,1.000,1.000,0.000,41.080,40.900,0.940,54.824,5.000,99.0,47.0,-27.58974266052246,-36.97435760498047
472.973,12:24:47.913,466.608,22.966,10716.138,0.000,0.000,0.000,24.000,24.285,25.308,1.000,1.000,0.000,41.080,40.900,0.940,54.824,5.000,99.0,47.0,-27.58974266052246,-36.97435760498047
473.085,12:24:48.026,466.608,22.966,10716.138,0.000,0.000,0.000,24.000,24.285,25.308,1.000,1.000,0.000,41.080,40.900,0.940,54.824,5.000,99.0,47.0,-27.58974266052246,-36.97435760498047
473.197,12:24:48.137,466.608,22.966,10716.138,0.000,0.000,0.000,24.000,24.285,25.308,1.000,1.000,0.000,41.080,40.900,0.940,54.824,5.000,99.0,47.0,-27.58974266052246,-36.97435760498047
473.309,12:24:48.442,466.061,23.047,10741.436,0.000,0.000,0.000,23.592,24.501,25.458,1.000,1.000,0.000,41.481,41.300,0.940,54.817,5.000,99.0,47.0,-31.69230842590332,5.179487228393555
473.612,12:24:48.553,466.061,23.047,10741.436,0.000,0.000,0.000,23.592,24.501,25.458,1.000,1.000,0.000,41.481,41.300,0.940,54.817,5.000,99.0,47.0,-31.69230842590332,5.179487228393555
473.724,12:24:48.665,468.260,22.669,10614.877,0.000,0.000,0.000,23.654,25.193,23.840,1.000,1.000,0.000,41.119,41.300,0.940,54.833,5.000,99.0,47.0,-31.69230842590332,5.179487228393555
473.836,12:24:48.777,468.260,22.669,10614.877,0.000,0.000,0.000,23.654,25.193,23.840,1.000,1.000,0.000,41.119,41.300,0.940,54.833,5.000,99.0,47.0,-31.69230842590332,5.179487228393555
473.949,12:24:48.889,468.260,22.669,10614.877,0.000,0.000,0.000,23.654,25.193,23.840,1.000,1.000,0.000,41.119,41.300,0.940,54.833,5.000,99.0,47.0,-31.69230842590332,5.179487228393555
474.061,12:24:49.002,468.260,22.669,10614.877,0.000,0.000,0.000,23.654,25.193,23.840,1.000,1.000,0.000,41.119,41.300,0.940,54.833,5.000,99.0,47.0,-31.69230842590332,5.179487228393555
474.172,12:24:49.113,470.098,22.337,10500.766,0.000,0.000,0.000,22.741,24.612,24.795,1.000,1.000,0.000,41.118,41.300,0.940,54.799,5.000,99.0,47.0,-31.69230842590332,5.179487228393555
474.285,12:24:49.226,470.098,22.337,10500.766,0.000,0.000,0.000,22.741,24.612,24.795,1.000,1.000,0.000,41.118,41.300,0.940,54.799,5.000,99.0,47.0,-31.69230842590332,5.179487228393555
474.396,12:24:49.529,470.098,22.337,10500.766,0.000,0.000,0.000,22.741,24.612,24.795,1.000,1.000,0.000,41.118,41.300,0.940,54.799,5.000,99.0,47.0,25.28205108642578,-34.46154022216797
474.699,12:24:49.640,470.071,22.337,10500.010,0.000,0.000,0.000,22.755,25.104,24.457,1.000,1.000,0.000,41.118,41.300,0.940,54.819,5.000,99.0,47.0,25.28205108642578,-34.46154022216797
474.812,12:24:49.752,470.071,22.337,10500.010,0.000,0.000,0.000,22.755,25.104,24.457,1.000,1.000,0.000,41.118,41.300,0.940,54.819,5.000,99.0,47.0,25.28205108642578,-34.46154022216797
474.924,12:24:49.865,468.477,22.620,10597.063,0.000,0.000,0.000,23.977,23.857,24.665,1.000,1.000,0.000,41.118,41.300,0.940,54.797,5.000,99.0,47.0,25.28205108642578,-34.46154022216797
475.036,12:24:49.976,468.477,22.620,10597.063,0.000,0.000,0.000,23.977,23.857,24.665,1.000,1.000,0.000,41.118,41.300,0.940,54.797,5.000,99.0,47.0,25.28205108642578,-34.46154022216797
475.148,12:24:50.088,468.477,22.620,10597.063,0.000,0.000,0.000,23.977,23.857,24.665,1.000,1.000,0.000,41.118,41.300,0.940,54.797,5.000,99.0,47.0,25.28205108642578,-34.46154022216797
475.260,12:24:50.201,468.477,22.620,10597.063,0.000,0.000,0.000,23.977,23.857,24.665,1.000,1.000,0.000,41.118,41.300,0.940,54.797,5.000,99.0,47.0,25.28205108642578,-34.46154022216797
475.371,12:24:50.312,468.467,22.632,10602.137,0.000,0.000,0.000,23.462,24.039,25.071,1.000,1.000,0.000,41.118,41.300,0.940,54.822,5.000,99.0,47.0,25.28205108642578,-34.46154022216797
475.484,12:24:50.616,468.467,22.632,10602.137,0.000,0.000,0.000,23.462,24.039,25.071,1.000,1.000,0.000,41.118,41.300,0.940,54.822,5.000,99.0,47.0,-3.538461446762085,33.69230651855469
475.787,12:24:50.728,468.778,22.582,10585.749,0.000,0.000,0.000,22.998,24.301,25.072,1.000,1.000,0.000,41.080,40.900,0.940,54.807,5.000,99.0,47.0,-3.538461446762085,33.69230651855469
475.900,12:24:50.840,468.778,22.582,10585.749,0.000,0.000,0.000,22.998,24.301,25.072,1.000,1.000,0.000,41.080,40.900,0.940,54.807,5.000,99.0,47.0,-3.538461446762085,33.69230651855469
