t_s,clock,VDC,IDC,PDC,VG_A,VG_B,VG_C,IINV_A,IINV_B,IINV_C,STS,MODE,FAULT_FLAGS,FREQ,SET_FREQ,MOD_IDX,TEMP,STOP_REASON,FAULT_UV_CNT,FAULT_OC_CNT,IU_INST,IW_INST
0.111,12:53:11.273,532.658,0.821,437.555,0.000,0.000,0.000,0.000,0.000,0.000,0.000,1.000,0.000,5.000,5.000,0.103,42.875,5.000,100.0,47.0,0.0,-0.05128205195069313
0.446,12:53:11.417,534.565,0.859,459.278,0.000,0.000,0.000,0.000,0.000,0.000,1.000,1.000,0.000,0.100,0.100,0.010,42.817,5.000,100.0,47.0,0.0,-0.05128205195069313
0.590,12:53:11.480,534.565,0.859,459.278,0.000,0.000,0.000,0.000,0.000,0.000,1.000,1.000,0.000,0.100,0.100,0.010,42.817,5.000,100.0,47.0,0.0,-0.05128205195069313
0.654,12:53:11.544,534.521,0.854,456.346,0.000,0.000,0.000,0.000,0.000,0.000,1.000,1.000,0.000,0.100,0.100,0.010,42.817,5.000,100.0,47.0,0.0,-0.05128205195069313
0.718,12:53:11.689,534.521,0.854,456.346,0.000,0.000,0.000,0.000,0.000,0.000,1.000,1.000,0.000,0.300,0.300,0.010,43.496,5.000,100.0,47.0,0.0,-0.05128205195069313
0.862,12:53:11.753,534.521,0.854,456.346,0.000,0.000,0.000,0.000,0.000,0.000,1.000,1.000,0.000,0.300,0.300,0.010,43.496,5.000,100.0,47.0,0.0,-0.05128205195069313
0.927,12:53:11.817,534.521,0.854,456.346,0.000,0.000,0.000,0.000,0.000,0.000,1.000,1.000,0.000,0.300,0.300,0.010,43.496,5.000,100.0,47.0,0.0,-0.05128205195069313
0.990,12:53:11.960,534.521,0.854,456.346,0.000,0.000,0.000,0.000,0.000,0.000,1.000,1.000,0.000,0.320,0.500,0.010,43.479,5.000,100.0,47.0,0.0,-0.05128205195069313
1.134,12:53:12.217,534.480,0.852,455.515,0.000,0.000,0.000,0.000,0.000,0.000,1.000,1.000,0.000,0.320,0.500,0.010,43.479,5.000,100.0,47.0,-0.10256410390138626,-0.05128205195069313
1.391,12:53:12.360,534.480,0.852,455.515,0.000,0.000,0.000,0.000,0.000,0.000,1.000,1.000,0.000,0.500,0.500,0.010,43.409,5.000,100.0,47.0,-0.10256410390138626,-0.05128205195069313
1.534,12:53:12.424,534.457,0.854,456.236,0.000,0.000,0.000,0.000,0.000,0.000,1.000,1.000,0.000,0.500,0.500,0.010,43.409,5.000,100.0,47.0,-0.10256410390138626,-0.05128205195069313
1.598,12:53:12.489,534.457,0.854,456.236,0.000,0.000,0.000,0.000,0.000,0.000,1.000,1.000,0.000,0.500,0.500,0.010,43.409,5.000,100.0,47.0,-0.10256410390138626,-0.05128205195069313
1.662,12:53:12.633,534.457,0.854,456.236,0.000,0.000,0.000,0.000,0.000,0.000,1.000,1.000,0.000,0.500,0.500,0.010,43.409,5.000,100.0,47.0,-0.10256410390138626,-0.05128205195069313
1.805,12:53:12.696,534.457,0.854,456.236,0.000,0.000,0.000,0.000,0.000,0.000,1.000,1.000,0.000,0.500,0.500,0.010,43.409,5.000,100.0,47.0,-0.10256410390138626,-0.05128205195069313
1.870,12:53:12.760,534.475,0.855,456.814,0.000,0.000,0.000,0.000,0.000,0.000,1.000,1.000,0.000,0.500,0.500,0.010,43.409,5.000,100.0,47.0,-0.10256410390138626,-0.05128205195069313
1.933,12:53:12.905,534.475,0.855,456.814,0.000,0.000,0.000,0.000,0.000,0.000,1.000,1.000,0.000,0.700,0.700,0.014,43.447,5.000,100.0,47.0,-0.10256410390138626,-0.05128205195069313
2.078,12:53:12.969,534.475,0.855,456.814,0.000,0.000,0.000,0.000,0.000,0.000,1.000,1.000,0.000,0.700,0.700,0.014,43.447,5.000,100.0,47.0,-0.10256410390138626,-0.05128205195069313
2.141,12:53:13.239,534.475,0.855,456.814,0.000,0.000,0.000,0.000,0.000,0.000,1.000,1.000,0.000,0.700,0.700,0.014,43.447,5.000,100.0,47.0,0.1538461595773697,-0.10256410390138626
2.749,12:53:13.719,534.412,0.852,455.249,0.000,0.000,0.000,0.000,0.000,0.000,1.000,1.000,0.000,1.100,1.100,0.023,43.390,5.000,100.0,47.0,0.1538461595773697,-0.10256410390138626
2.892,12:53:13.783,534.412,0.852,455.249,0.000,0.000,0.000,0.000,0.000,0.000,1.000,1.000,0.000,1.100,1.100,0.023,43.390,5.000,100.0,47.0,0.1538461595773697,-0.10256410390138626
2.956,12:53:13.847,534.412,0.852,455.249,0.000,0.000,0.000,0.000,0.000,0.000,1.000,1.000,0.000,1.100,1.100,0.023,43.390,5.000,100.0,47.0,0.1538461595773697,-0.10256410390138626
3.020,12:53:13.991,534.412,0.852,455.249,0.000,0.000,0.000,0.000,0.000,0.000,1.000,1.000,0.000,1.119,1.300,0.023,43.361,5.000,100.0,47.0,0.1538461595773697,-0.10256410390138626
3.164,12:53:14.247,534.401,0.863,461.182,0.000,0.000,0.000,0.000,0.000,0.000,1.000,1.000,0.000,1.119,1.300,0.023,43.361,5.000,100.0,47.0,0.5128205418586731,0.10256410390138626
3.420,12:53:14.391,534.401,0.863,461.182,0.000,0.000,0.000,0.000,0.000,0.000,1.000,1.000,0.000,1.299,1.300,0.027,43.340,5.000,100.0,47.0,0.5128205418586731,0.10256410390138626
3.900,12:53:14.871,534.227,0.927,495.086,0.000,0.000,0.000,0.000,0.000,0.000,1.000,1.000,0.000,1.499,1.500,0.031,43.313,5.000,100.0,47.0,0.5128205418586731,0.10256410390138626
4.045,12:53:14.935,534.227,0.927,495.086,0.000,0.000,0.000,0.000,0.000,0.000,1.000,1.000,0.000,1.499,1.500,0.031,43.313,5.000,100.0,47.0,0.5128205418586731,0.10256410390138626
4.108,12:53:14.999,534.227,0.927,495.086,0.000,0.000,0.000,0.000,0.000,0.000,1.000,1.000,0.000,1.499,1.500,0.031,43.313,5.000,100.0,47.0,0.5128205418586731,0.10256410390138626
4.172,12:53:15.335,534.227,0.927,495.086,0.000,0.000,0.000,0.000,0.000,0.000,1.000,1.000,0.000,1.499,1.500,0.031,43.313,5.000,100.0,47.0,-2.7179486751556396,2.769230842590332
4.509,12:53:15.478,534.160,0.956,510.750,0.000,0.000,0.000,0.000,0.000,0.000,1.000,1.000,0.000,1.699,1.700,0.035,43.338,5.000,100.0,47.0,-2.7179486751556396,2.769230842590332
4.652,12:53:15.543,534.160,0.956,510.750,0.000,0.000,0.000,0.000,0.000,0.000,1.000,1.000,0.000,1.699,1.700,0.035,43.338,5.000,100.0,47.0,-2.7179486751556396,2.769230842590332
4.716,12:53:15.607,534.121,0.972,518.986,0.000,0.000,0.000,0.000,0.000,0.000,1.000,1.000,0.000,1.699,1.700,0.035,43.338,5.000,100.0,47.0,-2.7179486751556396,2.769230842590332
4.780,12:53:15.751,534.121,0.972,518.986,0.000,0.000,0.000,0.000,0.000,0.000,1.000,1.000,0.000,1.899,1.900,0.039,43.306,5.000,100.0,47.0,-2.7179486751556396,2.769230842590332
4.924,12:53:15.814,534.121,0.972,518.986,0.000,0.000,0.000,0.000,0.000,0.000,1.000,1.000,0.000,1.899,1.900,0.039,43.306,5.000,100.0,47.0,-2.7179486751556396,2.769230842590332
4.988,12:53:15.878,534.121,0.972,518.986,0.000,0.000,0.000,0.000,0.000,0.000,1.000,1.000,0.000,1.899,1.900,0.039,43.306,5.000,100.0,47.0,-2.7179486751556396,2.769230842590332
5.051,12:53:16.022,534.121,0.972,518.986,0.000,0.000,0.000,0.000,0.000,0.000,1.000,1.000,0.000,1.918,2.100,0.039,43.345,5.000,100.0,47.0,-2.7179486751556396,2.769230842590332
5.196,12:53:16.277,534.117,0.970,518.011,0.000,0.000,0.000,0.000,0.000,0.000,1.000,1.000,0.000,1.918,2.100,0.039,43.345,5.000,100.0,47.0,2.8205127716064453,-2.3589744567871094
5.451,12:53:16.422,534.117,0.970,518.011,0.000,0.000,0.000,0.000,0.000,0.000,1.000,1.000,0.000,2.099,2.100,0.043,43.391,5.000,100.0,47.0,2.8205127716064453,-2.3589744567871094
5.595,12:53:16.486,534.115,0.994,530.940,0.000,0.000,0.000,0.000,0.000,0.000,1.000,1.000,0.000,2.099,2.100,0.043,43.391,5.000,100.0,47.0,2.8205127716064453,-2.3589744567871094
5.660,12:53:16.550,534.115,0.994,530.940,0.000,0.000,0.000,0.000,0.000,0.000,1.000,1.000,0.000,2.099,2.100,0.043,43.391,5.000,100.0,47.0,2.8205127716064453,-2.3589744567871094
5.723,12:53:16.693,534.115,0.994,530.940,0.000,0.000,0.000,0.000,0.000,0.000,1.000,1.000,0.000,2.099,2.100,0.043,43.391,5.000,100.0,47.0,2.8205127716064453,-2.3589744567871094
5.867,12:53:16.757,534.115,0.994,530.940,0.000,0.000,0.000,0.000,0.000,0.000,1.000,1.000,0.000,2.099,2.100,0.043,43.391,5.000,100.0,47.0,2.8205127716064453,-2.3589744567871094
5.931,12:53:16.822,534.030,1.035,552.761,0.000,0.000,0.000,0.000,0.000,0.000,1.000,1.000,0.000,2.099,2.100,0.043,43.391,5.000,100.0,47.0,2.8205127716064453,-2.3589744567871094
5.995,12:53:16.965,534.030,1.035,552.761,0.000,0.000,0.000,0.000,0.000,0.000,1.000,1.000,0.000,2.299,2.300,0.047,43.401,5.000,100.0,47.0,2.8205127716064453,-2.3589744567871094
6.138,12:53:17.029,534.030,1.035,552.761,0.000,0.000,0.000,0.000,0.000,0.000,1.000,1.000,0.000,2.299,2.300,0.047,43.401,5.000,100.0,47.0,2.8205127716064453,-2.3589744567871094
6.202,12:53:17.285,534.030,1.035,552.761,0.000,0.000,0.000,0.000,0.000,0.000,1.000,1.000,0.000,2.299,2.300,0.047,43.401,5.000,100.0,47.0,0.0,5.384615421295166
6.458,12:53:17.430,533.955,1.055,563.401,0.000,0.000,0.000,0.000,0.000,0.000,1.000,1.000,0.000,2.499,2.500,0.051,43.409,5.000,100.0,47.0,0.0,5.384615421295166
6.602,12:53:17.492,533.955,1.055,563.401,0.000,0.000,0.000,0.000,0.000,0.000,1.000,1.000,0.000,2.499,2.500,0.051,43.409,5.000,100.0,47.0,0.0,5.384615421295166
7.002,12:53:17.973,533.940,1.062,567.116,0.000,0.000,0.000,0.000,0.000,0.000,1.000,1.000,0.000,2.700,2.700,0.056,43.443,5.000,100.0,47.0,0.0,5.384615421295166
7.146,12:53:18.036,533.917,1.095,584.422,0.000,0.000,0.000,0.000,0.000,0.000,1.000,1.000,0.000,2.700,2.700,0.056,43.443,5.000,100.0,47.0,0.0,5.384615421295166
7.210,12:53:18.292,533.917,1.095,584.422,0.000,0.000,0.000,0.000,0.000,0.000,1.000,1.000,0.000,2.700,2.700,0.056,43.443,5.000,100.0,47.0,3.076923131942749,3.076923131942749
7.466,12:53:18.436,533.917,1.095,584.422,0.000,0.000,0.000,0.000,0.000,0.000,1.000,1.000,0.000,2.719,2.900,0.056,43.482,5.000,100.0,47.0,3.076923131942749,3.076923131942749
7.610,12:53:18.500,533.878,1.122,598.834,0.000,0.000,0.000,0.000,0.000,0.000,1.000,1.000,0.000,2.719,2.900,0.056,43.482,5.000,100.0,47.0,3.076923131942749,3.076923131942749
7.675,12:53:18.565,533.878,1.122,598.834,0.000,0.000,0.000,0.000,0.000,0.000,1.000,1.000,0.000,2.719,2.900,0.056,43.482,5.000,100.0,47.0,3.076923131942749,3.076923131942749
7.737,12:53:18.708,533.878,1.122,598.834,0.000,0.000,0.000,0.000,0.000,0.000,1.000,1.000,0.000,2.900,2.900,0.060,43.530,5.000,100.0,47.0,3.076923131942749,3.076923131942749
7.882,12:53:18.772,533.878,1.122,598.834,0.000,0.000,0.000,0.000,0.000,0.000,1.000,1.000,0.000,2.900,2.900,0.060,43.530,5.000,100.0,47.0,3.076923131942749,3.076923131942749
7.945,12:53:18.836,533.878,1.122,598.834,0.000,0.000,0.000,0.000,0.000,0.000,1.000,1.000,0.000,2.900,2.900,0.060,43.530,5.000,100.0,47.0,3.076923131942749,3.076923131942749
8.010,12:53:18.981,533.796,1.147,612.515,0.000,0.000,0.000,0.000,0.000,0.000,1.000,1.000,0.000,3.100,3.100,0.064,43.578,5.000,100.0,47.0,3.076923131942749,3.076923131942749
8.153,12:53:19.044,533.796,1.147,612.515,0.000,0.000,0.000,0.000,0.000,0.000,1.000,1.000,0.000,3.100,3.100,0.064,43.578,5.000,100.0,47.0,3.076923131942749,3.076923131942749
8.217,12:53:19.300,533.796,1.147,612.515,0.000,0.000,0.000,0.000,0.000,0.000,1.000,1.000,0.000,3.100,3.100,0.064,43.578,5.000,100.0,47.0,-8.461538314819336,4.461538314819336
8.473,12:53:19.444,533.652,1.220,651.229,0.000,0.000,0.000,0.000,0.000,0.000,1.000,1.000,1.000,3.300,3.300,0.068,43.666,5.000,100.0,47.0,-8.461538314819336,4.461538314819336
8.617,12:53:19.507,533.652,1.220,651.229,0.000,0.000,0.000,0.000,0.000,0.000,1.000,1.000,1.000,3.300,3.300,0.068,43.666,5.000,100.0,47.0,-8.461538314819336,4.461538314819336
8.681,12:53:19.572,533.652,1.220,651.229,0.000,0.000,0.000,0.000,0.000,0.000,1.000,1.000,1.000,3.300,3.300,0.068,43.666,5.000,100.0,47.0,-8.461538314819336,4.461538314819336
8.745,12:53:19.715,533.652,1.220,651.229,0.000,0.000,0.000,0.000,0.000,0.000,1.000,1.000,1.000,3.500,3.500,0.072,43.754,5.000,100.0,47.0,-8.461538314819336,4.461538314819336
8.890,12:53:19.780,533.720,1.221,651.549,0.000,0.000,0.000,0.000,0.000,0.000,1.000,1.000,1.000,3.500,3.500,0.072,43.754,5.000,100.0,47.0,-8.461538314819336,4.461538314819336
8.953,12:53:19.843,533.720,1.221,651.549,0.000,0.000,0.000,0.000,0.000,0.000,1.000,1.000,1.000,3.500,3.500,0.072,43.754,5.000,100.0,47.0,-8.461538314819336,4.461538314819336
9.017,12:53:19.988,533.720,1.221,651.549,0.000,0.000,0.000,0.000,0.000,0.000,1.000,1.000,1.000,3.500,3.500,0.072,43.754,5.000,100.0,47.0,-8.461538314819336,4.461538314819336
9.162,12:53:20.052,533.720,1.221,651.549,0.000,0.000,0.000,0.000,0.000,0.000,1.000,1.000,1.000,3.500,3.500,0.072,43.754,5.000,100.0,47.0,-8.461538314819336,4.461538314819336
9.225,12:53:20.307,533.643,1.254,669.252,0.000,0.000,0.000,0.000,0.000,0.000,1.000,1.000,1.000,3.500,3.500,0.072,43.754,5.000,100.0,47.0,-0.41025641560554504,-8.410256385803223
9.481,12:53:20.451,533.643,1.254,669.252,0.000,0.000,0.000,0.000,0.000,0.000,1.000,1.000,0.000,3.519,3.700,0.073,43.799,5.000,100.0,47.0,-0.41025641560554504,-8.410256385803223
9.625,12:53:20.516,533.533,1.318,703.374,0.000,0.000,0.000,0.000,0.000,0.000,1.000,1.000,0.000,3.519,3.700,0.073,43.799,5.000,100.0,47.0,-0.41025641560554504,-8.410256385803223
9.689,12:53:20.580,533.533,1.318,703.374,0.000,0.000,0.000,0.000,0.000,0.000,1.000,1.000,0.000,3.519,3.700,0.073,43.799,5.000,100.0,47.0,-0.41025641560554504,-8.410256385803223
9.753,12:53:20.722,533.533,1.318,703.374,0.000,0.000,0.000,0.000,0.000,0.000,1.000,1.000,1.000,3.700,3.700,0.076,43.895,5.000,100.0,47.0,-0.41025641560554504,-8.410256385803223
9.896,12:53:20.786,533.533,1.318,703.374,0.000,0.000,0.000,0.000,0.000,0.000,1.000,1.000,1.000,3.700,3.700,0.076,43.895,5.000,100.0,47.0,-0.41025641560554504,-8.410256385803223
9.961,12:53:20.851,533.533,1.318,703.374,0.000,0.000,0.000,0.000,0.000,0.000,1.000,1.000,1.000,3.700,3.700,0.076,43.895,5.000,100.0,47.0,-0.41025641560554504,-8.410256385803223
10.024,12:53:20.995,533.459,1.389,741.134,0.000,0.000,0.000,0.000,0.000,0.000,1.000,1.000,0.000,3.900,3.900,0.080,43.973,5.000,100.0,47.0,-0.41025641560554504,-8.410256385803223
10.168,12:53:21.059,533.459,1.389,741.134,0.000,0.000,0.000,0.000,0.000,0.000,1.000,1.000,0.000,3.900,3.900,0.080,43.973,5.000,100.0,47.0,-0.41025641560554504,-8.410256385803223
10.232,12:53:21.314,533.459,1.389,741.134,0.000,0.000,0.000,0.000,0.000,0.000,1.000,1.000,0.000,3.900,3.900,0.080,43.973,5.000,100.0,47.0,9.84615421295166,2.153846263885498
10.489,12:53:21.459,533.324,1.458,777.751,0.000,0.000,0.000,0.000,0.000,0.000,1.000,1.000,1.000,4.100,4.100,0.085,44.075,5.000,100.0,47.0,9.84615421295166,2.153846263885498
10.631,12:53:21.522,533.324,1.458,777.751,0.000,0.000,0.000,0.000,0.000,0.000,1.000,1.000,1.000,4.100,4.100,0.085,44.075,5.000,100.0,47.0,9.84615421295166,2.153846263885498
10.695,12:53:21.586,533.324,1.458,777.751,0.000,0.000,0.000,0.000,0.000,0.000,1.000,1.000,1.000,4.100,4.100,0.085,44.075,5.000,100.0,47.0,9.84615421295166,2.153846263885498
10.760,12:53:21.730,533.324,1.458,777.751,0.000,0.000,0.000,0.000,0.000,0.000,1.000,1.000,1.000,4.300,4.300,0.089,44.181,5.000,100.0,47.0,9.84615421295166,2.153846263885498
10.903,12:53:21.794,533.270,1.476,787.319,0.000,0.000,0.000,0.000,0.000,0.000,1.000,1.000,1.000,4.300,4.300,0.089,44.181,5.000,100.0,47.0,9.84615421295166,2.153846263885498
10.967,12:53:21.858,533.270,1.476,787.319,0.000,0.000,0.000,0.000,0.000,0.000,1.000,1.000,1.000,4.300,4.300,0.089,44.181,5.000,100.0,47.0,9.84615421295166,2.153846263885498
11.032,12:53:22.003,533.270,1.476,787.319,0.000,0.000,0.000,0.000,0.000,0.000,1.000,1.000,1.000,4.300,4.300,0.089,44.181,5.000,100.0,47.0,9.84615421295166,2.153846263885498
11.176,12:53:22.066,533.270,1.476,787.319,0.000,0.000,0.000,0.000,0.000,0.000,1.000,1.000,1.000,4.300,4.300,0.089,44.181,5.000,100.0,47.0,9.84615421295166,2.153846263885498
11.240,12:53:22.322,533.213,1.560,831.931,0.000,0.000,0.000,0.000,0.000,0.000,1.000,1.000,1.000,4.300,4.300,0.089,44.181,5.000,100.0,47.0,-2.0,-10.769230842590332
11.496,12:53:22.466,533.213,1.560,831.931,0.000,0.000,0.000,0.000,0.000,0.000,1.000,1.000,1.000,4.319,4.500,0.089,44.218,5.000,100.0,47.0,-2.0,-10.769230842590332
11.640,12:53:22.530,533.039,1.662,885.698,0.000,0.000,0.000,0.000,0.000,0.000,1.000,1.000,1.000,4.319,4.500,0.089,44.218,5.000,100.0,47.0,-2.0,-10.769230842590332
11.704,12:53:22.594,533.039,1.662,885.698,0.000,0.000,0.000,0.000,0.000,0.000,1.000,1.000,1.000,4.319,4.500,0.089,44.218,5.000,100.0,47.0,-2.0,-10.769230842590332
11.767,12:53:22.737,533.039,1.662,885.698,0.000,0.000,0.000,0.000,0.000,0.000,1.000,1.000,1.000,4.500,4.500,0.093,44.418,5.000,100.0,47.0,-2.0,-10.769230842590332
11.912,12:53:22.802,533.039,1.662,885.698,0.000,0.000,0.000,0.000,0.000,0.000,1.000,1.000,1.000,4.500,4.500,0.093,44.418,5.000,100.0,47.0,-2.0,-10.769230842590332
11.976,12:53:22.866,533.039,1.662,885.698,0.000,0.000,0.000,0.000,0.000,0.000,1.000,1.000,1.000,4.500,4.500,0.093,44.418,5.000,100.0,47.0,-2.0,-10.769230842590332
12.040,12:53:23.010,532.905,1.761,938.260,0.000,0.000,0.000,0.000,0.000,0.000,1.000,1.000,1.000,4.700,4.700,0.097,44.526,5.000,100.0,47.0,-2.0,-10.769230842590332
12.183,12:53:23.073,532.905,1.761,938.260,0.000,0.000,0.000,0.000,0.000,0.000,1.000,1.000,1.000,4.700,4.700,0.097,44.526,5.000,100.0,47.0,-2.0,-10.769230842590332
12.247,12:53:23.329,532.905,1.761,938.260,0.000,0.000,0.000,0.000,0.000,0.000,1.000,1.000,1.000,4.700,4.700,0.097,44.526,5.000,100.0,47.0,15.333333015441895,2.461538553237915
12.503,12:53:23.473,532.746,1.849,985.273,0.000,0.000,0.000,0.000,0.000,0.000,1.000,1.000,0.000,4.900,4.900,0.101,44.670,5.000,100.0,47.0,15.333333015441895,2.461538553237915
12.647,12:53:23.537,532.746,1.849,985.273,0.000,0.000,0.000,0.000,0.000,0.000,1.000,1.000,0.000,4.900,4.900,0.101,44.670,5.000,100.0,47.0,15.333333015441895,2.461538553237915
12.711,12:53:23.602,532.746,1.849,985.273,0.000,0.000,0.000,0.000,0.000,0.000,1.000,1.000,0.000,4.900,4.900,0.101,44.670,5.000,100.0,47.0,15.333333015441895,2.461538553237915
12.775,12:53:23.745,532.746,1.849,985.273,0.000,0.000,0.000,0.000,0.000,0.000,1.000,1.000,0.000,5.100,5.100,0.105,44.788,5.000,100.0,47.0,15.333333015441895,2.461538553237915
12.919,12:53:23.810,532.879,1.763,939.247,0.000,0.000,0.000,0.000,0.000,0.000,1.000,1.000,0.000,5.100,5.100,0.105,44.788,5.000,100.0,47.0,15.333333015441895,2.461538553237915
12.982,12:53:23.873,532.879,1.763,939.247,0.000,0.000,0.000,0.000,0.000,0.000,1.000,1.000,0.000,5.100,5.100,0.105,44.788,5.000,100.0,47.0,15.333333015441895,2.461538553237915
13.047,12:53:24.017,532.879,1.763,939.247,0.000,0.000,0.000,0.000,0.000,0.000,1.000,1.000,0.000,5.100,5.100,0.105,44.788,5.000,100.0,47.0,15.333333015441895,2.461538553237915
13.191,12:53:24.082,532.879,1.763,939.247,0.000,0.000,0.000,0.000,0.000,0.000,1.000,1.000,0.000,5.100,5.100,0.105,44.788,5.000,100.0,47.0,15.333333015441895,2.461538553237915
13.255,12:53:24.338,533.327,1.468,783.144,0.000,0.000,0.000,0.000,0.000,0.000,1.000,1.000,0.000,5.100,5.100,0.105,44.788,5.000,100.0,47.0,7.487179279327393,1.8974359035491943
13.511,12:53:24.482,533.327,1.468,783.144,0.000,0.000,0.000,0.000,0.000,0.000,1.000,1.000,1.000,5.119,5.300,0.106,44.944,5.000,100.0,47.0,7.487179279327393,1.8974359035491943
13.655,12:53:24.545,533.293,1.483,790.937,0.000,0.000,0.000,0.000,0.000,0.000,1.000,1.000,1.000,5.119,5.300,0.106,44.944,5.000,100.0,47.0,7.487179279327393,1.8974359035491943
13.719,12:53:24.609,533.293,1.483,790.937,0.000,0.000,0.000,0.000,0.000,0.000,1.000,1.000,1.000,5.119,5.300,0.106,44.944,5.000,100.0,47.0,7.487179279327393,1.8974359035491943
13.782,12:53:24.752,533.293,1.483,790.937,0.000,0.000,0.000,0.000,0.000,0.000,1.000,1.000,1.000,5.300,5.300,0.109,44.968,5.000,100.0,47.0,7.487179279327393,1.8974359035491943
13.927,12:53:24.817,533.293,1.483,790.937,0.000,0.000,0.000,0.000,0.000,0.000,1.000,1.000,1.000,5.300,5.300,0.109,44.968,5.000,100.0,47.0,7.487179279327393,1.8974359035491943
13.991,12:53:24.881,533.293,1.483,790.937,0.000,0.000,0.000,0.000,0.000,0.000,1.000,1.000,1.000,5.300,5.300,0.109,44.968,5.000,100.0,47.0,7.487179279327393,1.8974359035491943
14.053,12:53:25.025,533.220,1.502,800.822,0.000,0.000,0.000,0.000,0.000,0.000,1.000,1.000,0.000,5.500,5.500,0.113,44.957,5.000,100.0,47.0,7.487179279327393,1.8974359035491943
14.198,12:53:25.088,533.220,1.502,800.822,0.000,0.000,0.000,0.000,0.000,0.000,1.000,1.000,0.000,5.500,5.500,0.113,44.957,5.000,100.0,47.0,7.487179279327393,1.8974359035491943
14.262,12:53:25.345,533.220,1.502,800.822,0.000,0.000,0.000,0.000,0.000,0.000,1.000,1.000,0.000,5.500,5.500,0.113,44.957,5.000,100.0,47.0,3.6410255432128906,1.1282051801681519
14.518,12:53:25.487,533.203,1.525,813.209,0.000,0.000,0.000,0.000,0.000,0.000,1.000,1.000,1.000,5.700,5.700,0.118,44.990,5.000,100.0,47.0,3.6410255432128906,1.1282051801681519
14.661,12:53:25.552,533.203,1.525,813.209,0.000,0.000,0.000,0.000,0.000,0.000,1.000,1.000,1.000,5.700,5.700,0.118,44.990,5.000,100.0,47.0,3.6410255432128906,1.1282051801681519
14.725,12:53:25.616,533.203,1.525,813.209,0.000,0.000,0.000,0.000,0.000,0.000,1.000,1.000,1.000,5.700,5.700,0.118,44.990,5.000,100.0,47.0,3.6410255432128906,1.1282051801681519
14.789,12:53:25.759,533.203,1.525,813.209,0.000,0.000,0.000,0.000,0.000,0.000,1.000,1.000,1.000,5.700,5.700,0.118,44.990,5.000,100.0,47.0,3.6410255432128906,1.1282051801681519
14.933,12:53:25.823,533.200,1.540,821.362,0.000,0.000,0.000,0.000,0.000,0.000,1.000,1.000,1.000,5.700,5.700,0.118,44.990,5.000,100.0,47.0,3.6410255432128906,1.1282051801681519
14.997,12:53:25.887,533.200,1.540,821.362,0.000,0.000,0.000,0.000,0.000,0.000,1.000,1.000,1.000,5.700,5.700,0.118,44.990,5.000,100.0,47.0,3.6410255432128906,1.1282051801681519
15.062,12:53:26.032,533.200,1.540,821.362,0.000,0.000,0.000,0.000,0.000,0.000,1.000,1.000,0.000,5.900,5.900,0.122,44.922,5.000,100.0,47.0,3.6410255432128906,1.1282051801681519
15.206,12:53:26.096,533.200,1.540,821.362,0.000,0.000,0.000,0.000,0.000,0.000,1.000,1.000,0.000,5.900,5.900,0.122,44.922,5.000,100.0,47.0,3.6410255432128906,1.1282051801681519
15.269,12:53:26.352,533.253,1.535,818.744,0.000,0.000,0.000,0.000,0.000,0.000,1.000,1.000,0.000,5.900,5.900,0.122,44.922,5.000,100.0,47.0,7.538461685180664,-9.743589401245117
15.525,12:53:26.496,533.253,1.535,818.744,0.000,0.000,0.000,0.000,0.000,0.000,1.000,1.000,1.000,5.919,6.100,0.122,44.936,5.000,100.0,47.0,7.538461685180664,-9.743589401245117
15.669,12:53:26.560,533.253,1.535,818.744,0.000,0.000,0.000,0.000,0.000,0.000,1.000,1.000,1.000,5.919,6.100,0.122,44.936,5.000,100.0,47.0,7.538461685180664,-9.743589401245117
15.733,12:53:26.624,533.174,1.541,821.355,0.000,0.000,0.000,0.000,0.000,0.000,1.000,1.000,1.000,5.919,6.100,0.122,44.936,5.000,100.0,47.0,7.538461685180664,-9.743589401245117
15.797,12:53:26.767,533.174,1.541,821.355,0.000,0.000,0.000,0.000,0.000,0.000,1.000,1.000,1.000,6.100,6.100,0.126,44.870,5.000,100.0,47.0,7.538461685180664,-9.743589401245117
15.940,12:53:26.831,533.174,1.541,821.355,0.000,0.000,0.000,0.000,0.000,0.000,1.000,1.000,1.000,6.100,6.100,0.126,44.870,5.000,100.0,47.0,7.538461685180664,-9.743589401245117
16.005,12:53:26.895,533.174,1.541,821.355,0.000,0.000,0.000,0.000,0.000,0.000,1.000,1.000,1.000,6.100,6.100,0.126,44.870,5.000,100.0,47.0,7.538461685180664,-9.743589401245117
16.069,12:53:27.039,533.174,1.541,821.355,0.000,0.000,0.000,0.000,0.000,0.000,1.000,1.000,0.000,6.300,6.300,0.130,44.852,5.000,100.0,47.0,7.538461685180664,-9.743589401245117
16.212,12:53:27.103,533.122,1.581,842.639,0.000,0.000,0.000,0.000,0.000,0.000,1.000,1.000,0.000,6.300,6.300,0.130,44.852,5.000,100.0,47.0,7.538461685180664,-9.743589401245117
16.277,12:53:27.360,533.122,1.581,842.639,0.000,0.000,0.000,0.000,0.000,0.000,1.000,1.000,0.000,6.300,6.300,0.130,44.852,5.000,100.0,47.0,8.15384578704834,-10.15384578704834
16.533,12:53:27.502,533.102,1.586,845.331,0.000,0.000,0.000,0.000,0.000,0.000,1.000,1.000,0.000,6.500,6.500,0.134,44.850,5.000,100.0,47.0,8.15384578704834,-10.15384578704834
16.676,12:53:27.567,533.102,1.586,845.331,0.000,0.000,0.000,0.000,0.000,0.000,1.000,1.000,0.000,6.500,6.500,0.134,44.850,5.000,100.0,47.0,8.15384578704834,-10.15384578704834
16.741,12:53:27.632,533.102,1.586,845.331,0.000,0.000,0.000,0.000,0.000,0.000,1.000,1.000,0.000,6.500,6.500,0.134,44.850,5.000,100.0,47.0,8.15384578704834,-10.15384578704834
16.805,12:53:27.774,533.102,1.586,845.331,0.000,0.000,0.000,0.000,0.000,0.000,1.000,1.000,0.000,6.500,6.500,0.134,44.850,5.000,100.0,47.0,8.15384578704834,-10.15384578704834
16.948,12:53:27.839,533.124,1.585,845.239,0.000,0.000,0.000,0.000,0.000,0.000,1.000,1.000,0.000,6.500,6.500,0.134,44.850,5.000,100.0,47.0,8.15384578704834,-10.15384578704834
17.012,12:53:27.903,533.124,1.585,845.239,0.000,0.000,0.000,0.000,0.000,0.000,1.000,1.000,0.000,6.500,6.500,0.134,44.850,5.000,100.0,47.0,8.15384578704834,-10.15384578704834
17.077,12:53:28.047,533.124,1.585,845.239,0.000,0.000,0.000,0.000,0.000,0.000,1.000,1.000,0.000,6.700,6.700,0.138,44.874,5.000,100.0,47.0,8.15384578704834,-10.15384578704834
17.220,12:53:28.110,533.124,1.585,845.239,0.000,0.000,0.000,0.000,0.000,0.000,1.000,1.000,0.000,6.700,6.700,0.138,44.874,5.000,100.0,47.0,8.15384578704834,-10.15384578704834
17.284,12:53:28.367,533.124,1.585,845.239,0.000,0.000,0.000,0.000,0.000,0.000,1.000,1.000,0.000,6.700,6.700,0.138,44.874,5.000,100.0,47.0,9.79487133026123,-1.2820513248443604
17.539,12:53:28.510,533.118,1.591,848.005,0.000,0.000,0.000,0.000,0.000,0.000,1.000,1.000,0.000,6.719,6.900,0.139,44.896,5.000,100.0,47.0,9.79487133026123,-1.2820513248443604
17.684,12:53:28.575,533.118,1.591,848.005,0.000,0.000,0.000,0.000,0.000,0.000,1.000,1.000,0.000,6.719,6.900,0.139,44.896,5.000,100.0,47.0,9.79487133026123,-1.2820513248443604
17.748,12:53:28.638,533.101,1.606,855.991,0.000,0.000,0.000,0.000,0.000,0.000,1.000,1.000,0.000,6.719,6.900,0.139,44.896,5.000,100.0,47.0,9.79487133026123,-1.2820513248443604
17.811,12:53:28.781,533.101,1.606,855.991,0.000,0.000,0.000,0.000,0.000,0.000,1.000,1.000,1.000,6.900,6.900,0.142,44.945,5.000,100.0,47.0,9.79487133026123,-1.2820513248443604
17.955,12:53:28.846,533.101,1.606,855.991,0.000,0.000,0.000,0.000,0.000,0.000,1.000,1.000,1.000,6.900,6.900,0.142,44.945,5.000,100.0,47.0,9.79487133026123,-1.2820513248443604
18.019,12:53:28.910,533.101,1.606,855.991,0.000,0.000,0.000,0.000,0.000,0.000,1.000,1.000,1.000,6.900,6.900,0.142,44.945,5.000,100.0,47.0,9.79487133026123,-1.2820513248443604
18.083,12:53:29.053,533.101,1.606,855.991,0.000,0.000,0.000,0.000,0.000,0.000,1.000,1.000,0.000,7.100,7.100,0.147,44.900,5.000,100.0,47.0,9.79487133026123,-1.2820513248443604
18.227,12:53:29.117,533.051,1.639,873.537,0.000,0.000,0.000,0.000,0.000,0.000,1.000,1.000,0.000,7.100,7.100,0.147,44.900,5.000,100.0,47.0,9.79487133026123,-1.2820513248443604
18.292,12:53:29.373,533.051,1.639,873.537,0.000,0.000,0.000,0.000,0.000,0.000,1.000,1.000,0.000,7.100,7.100,0.147,44.900,5.000,100.0,47.0,-11.025641441345215,8.820512771606445
18.547,12:53:29.518,533.026,1.663,886.340,0.000,0.000,0.000,0.000,0.000,0.000,1.000,1.000,1.000,7.300,7.300,0.151,44.895,5.000,100.0,47.0,-11.025641441345215,8.820512771606445
18.692,12:53:29.582,533.026,1.663,886.340,0.000,0.000,0.000,0.000,0.000,0.000,1.000,1.000,1.000,7.300,7.300,0.151,44.895,5.000,100.0,47.0,-11.025641441345215,8.820512771606445
18.756,12:53:29.646,533.026,1.663,886.340,0.000,0.000,0.000,0.000,0.000,0.000,1.000,1.000,1.000,7.300,7.300,0.151,44.895,5.000,100.0,47.0,-11.025641441345215,8.820512771606445
18.818,12:53:29.790,533.026,1.663,886.340,0.000,0.000,0.000,0.000,0.000,0.000,1.000,1.000,1.000,7.300,7.300,0.151,44.895,5.000,100.0,47.0,-11.025641441345215,8.820512771606445
18.962,12:53:29.853,533.035,1.659,884.227,0.000,0.000,0.000,0.000,0.000,0.000,1.000,1.000,1.000,7.300,7.300,0.151,44.895,5.000,100.0,47.0,-11.025641441345215,8.820512771606445
19.026,12:53:29.917,533.035,1.659,884.227,0.000,0.000,0.000,0.000,0.000,0.000,1.000,1.000,1.000,7.300,7.300,0.151,44.895,5.000,100.0,47.0,-11.025641441345215,8.820512771606445
19.091,12:53:30.062,533.035,1.659,884.227,0.000,0.000,0.000,0.000,0.000,0.000,1.000,1.000,1.000,7.500,7.500,0.155,44.968,5.000,100.0,47.0,-11.025641441345215,8.820512771606445
19.235,12:53:30.126,533.035,1.659,884.227,0.000,0.000,0.000,0.000,0.000,0.000,1.000,1.000,1.000,7.500,7.500,0.155,44.968,5.000,100.0,47.0,-11.025641441345215,8.820512771606445
19.299,12:53:30.382,533.035,1.659,884.227,0.000,0.000,0.000,0.000,0.000,0.000,1.000,1.000,1.000,7.500,7.500,0.155,44.968,5.000,100.0,47.0,-11.128205299377441,1.1794872283935547
19.554,12:53:30.526,533.026,1.674,892.542,0.000,0.000,0.000,0.000,0.000,0.000,1.000,1.000,1.000,7.519,7.700,0.155,44.969,5.000,100.0,47.0,-11.128205299377441,1.1794872283935547
19.698,12:53:30.588,533.026,1.674,892.542,0.000,0.000,0.000,0.000,0.000,0.000,1.000,1.000,1.000,7.519,7.700,0.155,44.969,5.000,100.0,47.0,-11.128205299377441,1.1794872283935547
19.762,12:53:30.652,533.002,1.690,900.835,0.000,0.000,0.000,0.000,0.000,0.000,1.000,1.000,1.000,7.519,7.700,0.155,44.969,5.000,100.0,47.0,-11.128205299377441,1.1794872283935547
19.826,12:53:30.797,533.002,1.690,900.835,0.000,0.000,0.000,0.000,0.000,0.000,1.000,1.000,1.000,7.700,7.700,0.159,44.994,5.000,100.0,47.0,-11.128205299377441,1.1794872283935547
19.970,12:53:30.860,533.002,1.690,900.835,0.000,0.000,0.000,0.000,0.000,0.000,1.000,1.000,1.000,7.700,7.700,0.159,44.994,5.000,100.0,47.0,-11.128205299377441,1.1794872283935547
20.034,12:53:30.925,533.002,1.690,900.835,0.000,0.000,0.000,0.000,0.000,0.000,1.000,1.000,1.000,7.700,7.700,0.159,44.994,5.000,100.0,47.0,-11.128205299377441,1.1794872283935547
20.099,12:53:31.068,533.002,1.690,900.835,0.000,0.000,0.000,0.000,0.000,0.000,1.000,1.000,0.000,7.900,7.900,0.163,44.971,5.000,100.0,47.0,-11.128205299377441,1.1794872283935547
20.241,12:53:31.132,532.966,1.718,915.771,0.000,0.000,0.000,0.000,0.000,0.000,1.000,1.000,0.000,7.900,7.900,0.163,44.971,5.000,100.0,47.0,-11.128205299377441,1.1794872283935547
20.306,12:53:31.388,532.966,1.718,915.771,0.000,0.000,0.000,0.000,0.000,0.000,1.000,1.000,0.000,7.900,7.900,0.163,44.971,5.000,100.0,47.0,-2.5641026496887207,11.79487133026123
20.562,12:53:31.532,532.935,1.735,924.808,0.000,0.000,0.000,0.000,0.000,0.000,1.000,1.000,1.000,8.100,8.100,0.167,44.997,5.000,100.0,47.0,-2.5641026496887207,11.79487133026123
20.706,12:53:31.596,532.935,1.735,924.808,0.000,0.000,0.000,0.000,0.000,0.000,1.000,1.000,1.000,8.100,8.100,0.167,44.997,5.000,100.0,47.0,-2.5641026496887207,11.79487133026123
20.770,12:53:31.660,532.935,1.735,924.808,0.000,0.000,0.000,0.000,0.000,0.000,1.000,1.000,1.000,8.100,8.100,0.167,44.997,5.000,100.0,47.0,-2.5641026496887207,11.79487133026123
20.833,12:53:31.805,532.935,1.735,924.808,0.000,0.000,0.000,0.000,0.000,0.000,1.000,1.000,1.000,8.100,8.100,0.167,44.997,5.000,100.0,47.0,-2.5641026496887207,11.79487133026123
20.978,12:53:31.868,532.947,1.745,930.211,0.000,0.000,0.000,0.000,0.000,0.000,1.000,1.000,1.000,8.100,8.100,0.167,44.997,5.000,100.0,47.0,-2.5641026496887207,11.79487133026123
21.042,12:53:31.932,532.947,1.745,930.211,0.000,0.000,0.000,0.000,0.000,0.000,1.000,1.000,1.000,8.100,8.100,0.167,44.997,5.000,100.0,47.0,-2.5641026496887207,11.79487133026123
21.106,12:53:32.076,532.947,1.745,930.211,0.000,0.000,0.000,0.000,0.000,0.000,1.000,1.000,0.000,8.300,8.300,0.171,45.031,5.000,100.0,47.0,-2.5641026496887207,11.79487133026123
21.249,12:53:32.139,532.947,1.745,930.211,0.000,0.000,0.000,0.000,0.000,0.000,1.000,1.000,0.000,8.300,8.300,0.171,45.031,5.000,100.0,47.0,-2.5641026496887207,11.79487133026123
21.313,12:53:32.396,532.947,1.745,930.211,0.000,0.000,0.000,0.000,0.000,0.000,1.000,1.000,0.000,8.300,8.300,0.171,45.031,5.000,100.0,47.0,-11.84615421295166,5.589743614196777
21.570,12:53:32.540,532.937,1.746,930.738,0.000,0.000,0.000,0.000,0.000,0.000,1.000,1.000,1.000,8.319,8.500,0.172,45.042,5.000,100.0,47.0,-11.84615421295166,5.589743614196777
21.713,12:53:32.603,532.937,1.746,930.738,0.000,0.000,0.000,0.000,0.000,0.000,1.000,1.000,1.000,8.319,8.500,0.172,45.042,5.000,100.0,47.0,-11.84615421295166,5.589743614196777
21.777,12:53:32.668,532.872,1.774,945.096,0.000,0.000,0.000,0.000,0.000,0.000,1.000,1.000,1.000,8.319,8.500,0.172,45.042,5.000,100.0,47.0,-11.84615421295166,5.589743614196777
21.840,12:53:32.811,532.872,1.774,945.096,0.000,0.000,0.000,0.000,0.000,0.000,1.000,1.000,1.000,8.500,8.500,0.175,45.077,5.000,100.0,47.0,-11.84615421295166,5.589743614196777
21.985,12:53:32.876,532.872,1.774,945.096,0.000,0.000,0.000,0.000,0.000,0.000,1.000,1.000,1.000,8.500,8.500,0.175,45.077,5.000,100.0,47.0,-11.84615421295166,5.589743614196777
22.048,12:53:32.939,532.872,1.774,945.096,0.000,0.000,0.000,0.000,0.000,0.000,1.000,1.000,1.000,8.500,8.500,0.175,45.077,5.000,100.0,47.0,-11.84615421295166,5.589743614196777
22.113,12:53:33.084,532.872,1.774,945.096,0.000,0.000,0.000,0.000,0.000,0.000,1.000,1.000,1.000,8.500,8.500,0.175,45.077,5.000,100.0,47.0,-11.84615421295166,5.589743614196777
22.257,12:53:33.147,532.839,1.813,965.827,0.000,0.000,0.000,0.000,0.000,0.000,1.000,1.000,1.000,8.500,8.500,0.175,45.077,5.000,100.0,47.0,-11.84615421295166,5.589743614196777
22.321,12:53:33.403,532.839,1.813,965.827,0.000,0.000,0.000,0.000,0.000,0.000,1.000,1.000,1.000,8.500,8.500,0.175,45.077,5.000,100.0,47.0,-8.256410598754883,-1.7948718070983887
22.912,12:53:33.883,532.821,1.833,976.670,0.000,0.000,0.000,0.000,0.000,0.000,1.000,1.000,1.000,8.899,8.900,0.184,45.118,5.000,100.0,47.0,-8.256410598754883,-1.7948718070983887
23.057,12:53:33.947,532.825,1.829,974.476,0.000,0.000,0.000,0.000,0.000,0.000,1.000,1.000,1.000,8.899,8.900,0.184,45.118,5.000,100.0,47.0,-8.256410598754883,-1.7948718070983887
23.120,12:53:34.011,532.825,1.829,974.476,0.000,0.000,0.000,0.000,0.000,0.000,1.000,1.000,1.000,8.899,8.900,0.184,45.118,5.000,100.0,47.0,-8.256410598754883,-1.7948718070983887
23.185,12:53:34.154,532.825,1.829,974.476,0.000,0.000,0.000,0.000,0.000,0.000,1.000,1.000,0.000,9.099,9.100,0.188,45.142,5.000,100.0,47.0,-8.256410598754883,-1.7948718070983887
23.328,12:53:34.411,532.825,1.829,974.476,0.000,0.000,0.000,0.000,0.000,0.000,1.000,1.000,0.000,9.099,9.100,0.188,45.142,5.000,100.0,47.0,5.692307472229004,-12.871794700622559
23.585,12:53:34.554,532.804,1.839,979.916,0.000,0.000,0.000,0.000,0.000,0.000,1.000,1.000,0.000,9.118,9.300,0.188,45.146,5.000,100.0,47.0,5.692307472229004,-12.871794700622559
23.728,12:53:34.618,532.804,1.839,979.916,0.000,0.000,0.000,0.000,0.000,0.000,1.000,1.000,0.000,9.118,9.300,0.188,45.146,5.000,100.0,47.0,5.692307472229004,-12.871794700622559
23.792,12:53:34.683,532.804,1.839,979.916,0.000,0.000,0.000,0.000,0.000,0.000,1.000,1.000,0.000,9.118,9.300,0.188,45.146,5.000,100.0,47.0,5.692307472229004,-12.871794700622559
23.855,12:53:34.826,532.774,1.859,990.614,0.000,0.000,0.000,0.000,0.000,0.000,1.000,1.000,0.000,9.299,9.300,0.192,45.187,5.000,100.0,47.0,5.692307472229004,-12.871794700622559
24.000,12:53:34.890,532.774,1.859,990.614,0.000,0.000,0.000,0.000,0.000,0.000,1.000,1.000,0.000,9.299,9.300,0.192,45.187,5.000,100.0,47.0,5.692307472229004,-12.871794700622559
24.064,12:53:34.955,532.774,1.859,990.614,0.000,0.000,0.000,0.000,0.000,0.000,1.000,1.000,0.000,9.299,9.300,0.192,45.187,5.000,100.0,47.0,5.692307472229004,-12.871794700622559
24.127,12:53:35.099,532.774,1.859,990.614,0.000,0.000,0.000,0.000,0.000,0.000,1.000,1.000,0.000,9.299,9.300,0.192,45.187,5.000,100.0,47.0,5.692307472229004,-12.871794700622559
24.271,12:53:35.162,532.754,1.877,1000.122,0.000,0.000,0.000,0.000,0.000,0.000,1.000,1.000,0.000,9.299,9.300,0.192,45.187,5.000,100.0,47.0,5.692307472229004,-12.871794700622559
24.336,12:53:35.418,532.754,1.877,1000.122,0.000,0.000,0.000,0.000,0.000,0.000,1.000,1.000,0.000,9.299,9.300,0.192,45.187,5.000,100.0,47.0,3.4358973503112793,10.51282024383545
24.591,12:53:35.563,532.754,1.877,1000.122,0.000,0.000,0.000,0.000,0.000,0.000,1.000,1.000,1.000,9.699,9.700,0.200,45.211,5.000,100.0,47.0,3.4358973503112793,10.51282024383545
24.736,12:53:35.626,532.726,1.903,1013.938,0.000,0.000,0.000,0.000,0.000,0.000,1.000,1.000,1.000,9.699,9.700,0.200,45.211,5.000,100.0,47.0,3.4358973503112793,10.51282024383545
24.800,12:53:35.690,532.726,1.903,1013.938,0.000,0.000,0.000,0.000,0.000,0.000,1.000,1.000,1.000,9.699,9.700,0.200,45.211,5.000,100.0,47.0,3.4358973503112793,10.51282024383545
24.863,12:53:35.833,532.726,1.903,1013.938,0.000,0.000,0.000,0.000,0.000,0.000,1.000,1.000,1.000,9.699,9.700,0.200,45.211,5.000,100.0,47.0,3.4358973503112793,10.51282024383545
25.007,12:53:35.898,532.726,1.903,1013.938,0.000,0.000,0.000,0.000,0.000,0.000,1.000,1.000,1.000,9.699,9.700,0.200,45.211,5.000,100.0,47.0,3.4358973503112793,10.51282024383545
25.071,12:53:35.961,532.714,1.918,1021.628,0.000,0.000,0.000,0.000,0.000,0.000,1.000,1.000,1.000,9.699,9.700,0.200,45.211,5.000,100.0,47.0,3.4358973503112793,10.51282024383545
25.136,12:53:36.106,532.714,1.918,1021.628,0.000,0.000,0.000,0.000,0.000,0.000,1.000,1.000,0.000,9.900,9.900,0.204,45.238,5.000,100.0,47.0,3.4358973503112793,10.51282024383545
25.278,12:53:36.169,532.714,1.918,1021.628,0.000,0.000,0.000,0.000,0.000,0.000,1.000,1.000,0.000,9.900,9.900,0.204,45.238,5.000,100.0,47.0,3.4358973503112793,10.51282024383545
25.343,12:53:36.426,532.714,1.918,1021.628,0.000,0.000,0.000,0.000,0.000,0.000,1.000,1.000,0.000,9.900,9.900,0.204,45.238,5.000,100.0,47.0,-13.589743614196777,5.179487228393555
25.599,12:53:36.570,532.718,1.920,1022.692,0.000,0.000,0.000,0.000,0.000,0.000,1.000,1.000,1.000,9.919,10.100,0.205,45.251,5.000,100.0,47.0,-13.589743614196777,5.179487228393555
25.742,12:53:36.633,532.718,1.920,1022.692,0.000,0.000,0.000,0.000,0.000,0.000,1.000,1.000,1.000,9.919,10.100,0.205,45.251,5.000,100.0,47.0,-13.589743614196777,5.179487228393555
25.807,12:53:36.698,532.718,1.920,1022.692,0.000,0.000,0.000,0.000,0.000,0.000,1.000,1.000,1.000,9.919,10.100,0.205,45.251,5.000,100.0,47.0,-13.589743614196777,5.179487228393555
25.870,12:53:36.841,532.546,2.024,1078.029,0.000,0.000,0.000,0.000,0.000,0.000,1.000,1.000,1.000,10.719,10.900,0.221,45.183,5.000,100.0,47.0,-13.589743614196777,5.179487228393555
26.015,12:53:36.906,532.546,2.024,1078.029,0.000,0.000,0.000,0.000,0.000,0.000,1.000,1.000,1.000,10.719,10.900,0.221,45.183,5.000,100.0,47.0,-13.589743614196777,5.179487228393555
26.079,12:53:36.969,532.546,2.024,1078.029,0.000,0.000,0.000,0.000,0.000,0.000,1.000,1.000,1.000,10.719,10.900,0.221,45.183,5.000,100.0,47.0,-13.589743614196777,5.179487228393555
26.142,12:53:37.114,532.546,2.024,1078.029,0.000,0.000,0.000,0.000,0.000,0.000,1.000,1.000,1.000,10.719,10.900,0.221,45.183,5.000,100.0,47.0,-13.589743614196777,5.179487228393555
26.286,12:53:37.176,532.471,2.063,1098.667,0.000,0.000,0.000,0.000,0.000,0.000,1.000,1.000,1.000,10.719,10.900,0.221,45.183,5.000,100.0,47.0,-13.589743614196777,5.179487228393555
26.351,12:53:37.432,532.471,2.063,1098.667,0.000,0.000,0.000,0.000,0.000,0.000,1.000,1.000,1.000,10.719,10.900,0.221,45.183,5.000,100.0,47.0,11.692307472229004,-13.79487133026123
26.606,12:53:37.577,532.471,2.063,1098.667,0.000,0.000,0.000,0.000,0.000,0.000,1.000,1.000,1.000,11.918,12.100,0.246,44.980,5.000,100.0,47.0,11.692307472229004,-13.79487133026123
26.750,12:53:37.640,532.238,2.180,1160.460,0.000,0.000,0.000,0.000,0.000,0.000,1.000,1.000,1.000,11.918,12.100,0.246,44.980,5.000,100.0,47.0,11.692307472229004,-13.79487133026123
26.814,12:53:37.704,532.238,2.180,1160.460,0.000,0.000,0.000,0.000,0.000,0.000,1.000,1.000,1.000,11.918,12.100,0.246,44.980,5.000,100.0,47.0,11.692307472229004,-13.79487133026123
26.877,12:53:37.848,532.238,2.180,1160.460,0.000,0.000,0.000,0.000,0.000,0.000,1.000,1.000,1.000,11.918,12.100,0.246,44.980,5.000,100.0,47.0,11.692307472229004,-13.79487133026123
27.022,12:53:37.912,532.238,2.180,1160.460,0.000,0.000,0.000,0.000,0.000,0.000,1.000,1.000,1.000,11.918,12.100,0.246,44.980,5.000,100.0,47.0,11.692307472229004,-13.79487133026123
27.086,12:53:37.977,532.279,2.163,1151.383,0.000,0.000,0.000,0.000,0.000,0.000,1.000,1.000,1.000,11.918,12.100,0.246,44.980,5.000,100.0,47.0,11.692307472229004,-13.79487133026123
27.150,12:53:38.121,532.279,2.163,1151.383,0.000,0.000,0.000,0.000,0.000,0.000,1.000,1.000,0.000,11.918,12.100,0.246,44.882,5.000,100.0,47.0,11.692307472229004,-13.79487133026123
27.293,12:53:38.184,532.279,2.163,1151.383,0.000,0.000,0.000,0.000,0.000,0.000,1.000,1.000,0.000,11.918,12.100,0.246,44.882,5.000,100.0,47.0,11.692307472229004,-13.79487133026123
27.358,12:53:38.457,532.279,2.163,1151.383,0.000,0.000,0.000,0.000,0.000,0.000,1.000,1.000,0.000,11.918,12.100,0.246,44.882,5.000,100.0,47.0,-14.615385055541992,7.282051086425781
27.630,12:53:38.600,532.096,2.275,1210.573,0.000,0.000,0.000,0.000,0.000,0.000,1.000,1.000,1.000,12.719,12.900,0.263,44.953,5.000,100.0,47.0,-14.615385055541992,7.282051086425781
27.773,12:53:38.664,532.096,2.275,1210.573,0.000,0.000,0.000,0.000,0.000,0.000,1.000,1.000,1.000,12.719,12.900,0.263,44.953,5.000,100.0,47.0,-14.615385055541992,7.282051086425781
27.837,12:53:38.727,532.096,2.275,1210.573,0.000,0.000,0.000,0.000,0.000,0.000,1.000,1.000,1.000,12.719,12.900,0.263,44.953,5.000,100.0,47.0,-14.615385055541992,7.282051086425781
27.902,12:53:38.871,531.902,2.373,1262.030,0.000,0.000,0.000,0.000,0.000,0.000,1.000,1.000,0.000,13.480,13.300,0.279,44.951,5.000,100.0,47.0,-14.615385055541992,7.282051086425781
28.046,12:53:38.936,531.902,2.373,1262.030,0.000,0.000,0.000,0.000,0.000,0.000,1.000,1.000,0.000,13.480,13.300,0.279,44.951,5.000,100.0,47.0,-14.615385055541992,7.282051086425781
28.109,12:53:38.999,531.902,2.373,1262.030,0.000,0.000,0.000,0.000,0.000,0.000,1.000,1.000,0.000,13.480,13.300,0.279,44.951,5.000,100.0,47.0,-14.615385055541992,7.282051086425781
28.174,12:53:39.144,531.902,2.373,1262.030,0.000,0.000,0.000,0.000,0.000,0.000,1.000,1.000,0.000,13.480,13.300,0.279,44.951,5.000,100.0,47.0,-14.615385055541992,7.282051086425781
28.317,12:53:39.208,531.891,2.377,1264.381,0.000,0.000,0.000,0.000,0.000,0.000,1.000,1.000,0.000,13.480,13.300,0.279,44.951,5.000,100.0,47.0,-14.615385055541992,7.282051086425781
28.380,12:53:39.464,531.891,2.377,1264.381,0.000,0.000,0.000,0.000,0.000,0.000,1.000,1.000,0.000,13.480,13.300,0.279,44.951,5.000,100.0,47.0,2.461538553237915,-14.564102172851562
28.638,12:53:39.608,531.891,2.377,1264.381,0.000,0.000,0.000,0.000,0.000,0.000,1.000,1.000,0.000,14.318,14.500,0.296,44.928,5.000,100.0,47.0,2.461538553237915,-14.564102172851562
28.781,12:53:39.672,531.640,2.508,1333.493,0.000,0.000,0.000,0.000,0.000,0.000,1.000,1.000,0.000,14.318,14.500,0.296,44.928,5.000,100.0,47.0,2.461538553237915,-14.564102172851562
28.844,12:53:39.735,531.640,2.508,1333.493,0.000,0.000,0.000,0.000,0.000,0.000,1.000,1.000,0.000,14.318,14.500,0.296,44.928,5.000,100.0,47.0,2.461538553237915,-14.564102172851562
28.908,12:53:39.879,531.640,2.508,1333.493,0.000,0.000,0.000,0.000,0.000,0.000,1.000,1.000,0.000,14.318,14.500,0.296,44.928,5.000,100.0,47.0,2.461538553237915,-14.564102172851562
29.053,12:53:39.944,531.640,2.508,1333.493,0.000,0.000,0.000,0.000,0.000,0.000,1.000,1.000,0.000,14.318,14.500,0.296,44.928,5.000,100.0,47.0,2.461538553237915,-14.564102172851562
29.117,12:53:40.007,531.566,2.544,1352.217,0.000,0.000,0.000,0.000,0.000,0.000,1.000,1.000,0.000,14.318,14.500,0.296,44.928,5.000,100.0,47.0,2.461538553237915,-14.564102172851562
29.181,12:53:40.151,531.566,2.544,1352.217,0.000,0.000,0.000,0.000,0.000,0.000,1.000,1.000,0.000,14.680,14.500,0.304,44.933,5.000,100.0,47.0,2.461538553237915,-14.564102172851562
29.324,12:53:40.214,531.566,2.544,1352.217,0.000,0.000,0.000,0.000,0.000,0.000,1.000,1.000,0.000,14.680,14.500,0.304,44.933,5.000,100.0,47.0,2.461538553237915,-14.564102172851562
29.388,12:53:40.472,531.566,2.544,1352.217,0.000,0.000,0.000,0.000,0.000,0.000,1.000,1.000,0.000,14.680,14.500,0.304,44.933,5.000,100.0,47.0,-13.538461685180664,10.20512866973877
29.644,12:53:40.615,531.465,2.621,1392.814,0.000,0.000,0.000,0.000,0.000,0.000,1.000,1.000,0.000,15.119,15.300,0.313,44.975,5.000,100.0,47.0,-13.538461685180664,10.20512866973877
29.789,12:53:40.679,531.465,2.621,1392.814,0.000,0.000,0.000,0.000,0.000,0.000,1.000,1.000,0.000,15.119,15.300,0.313,44.975,5.000,100.0,47.0,-13.538461685180664,10.20512866973877
29.852,12:53:40.742,531.465,2.621,1392.814,0.000,0.000,0.000,0.000,0.000,0.000,1.000,1.000,0.000,15.119,15.300,0.313,44.975,5.000,100.0,47.0,-13.538461685180664,10.20512866973877
29.916,12:53:40.886,531.318,2.731,1450.942,0.000,0.000,0.000,0.000,0.000,0.000,1.000,1.000,0.000,15.919,16.100,0.330,44.953,5.000,100.0,47.0,-13.538461685180664,10.20512866973877
30.061,12:53:40.951,531.318,2.731,1450.942,0.000,0.000,0.000,0.000,0.000,0.000,1.000,1.000,0.000,15.919,16.100,0.330,44.953,5.000,100.0,47.0,-13.538461685180664,10.20512866973877
30.124,12:53:41.014,531.318,2.731,1450.942,0.000,0.000,0.000,0.000,0.000,0.000,1.000,1.000,0.000,15.919,16.100,0.330,44.953,5.000,100.0,47.0,-13.538461685180664,10.20512866973877
30.187,12:53:41.159,531.318,2.731,1450.942,0.000,0.000,0.000,0.000,0.000,0.000,1.000,1.000,0.000,15.919,16.100,0.330,44.953,5.000,100.0,47.0,-13.538461685180664,10.20512866973877
30.332,12:53:41.222,530.961,2.891,1534.850,0.000,0.000,0.000,0.000,0.000,0.000,1.000,1.000,0.000,15.919,16.100,0.330,44.953,5.000,100.0,47.0,-13.538461685180664,10.20512866973877
30.396,12:53:41.478,530.961,2.891,1534.850,0.000,0.000,0.000,0.000,0.000,0.000,1.000,1.000,0.000,15.919,16.100,0.330,44.953,5.000,100.0,47.0,-10.820512771606445,-4.666666507720947
30.652,12:53:41.623,530.961,2.891,1534.850,0.000,0.000,0.000,0.000,0.000,0.000,1.000,1.000,0.000,16.719,16.900,0.346,44.984,5.000,100.0,47.0,-10.820512771606445,-4.666666507720947
30.795,12:53:41.686,530.792,2.993,1588.498,0.000,0.000,0.000,0.000,0.000,0.000,1.000,1.000,0.000,16.719,16.900,0.346,44.984,5.000,100.0,47.0,-10.820512771606445,-4.666666507720947
30.859,12:53:41.750,530.792,2.993,1588.498,0.000,0.000,0.000,0.000,0.000,0.000,1.000,1.000,0.000,16.719,16.900,0.346,44.984,5.000,100.0,47.0,-10.820512771606445,-4.666666507720947
30.923,12:53:41.893,530.792,2.993,1588.498,0.000,0.000,0.000,0.000,0.000,0.000,1.000,1.000,0.000,17.118,17.300,0.355,44.791,5.000,100.0,47.0,-10.820512771606445,-4.666666507720947
31.068,12:53:41.958,530.792,2.993,1588.498,0.000,0.000,0.000,0.000,0.000,0.000,1.000,1.000,0.000,17.118,17.300,0.355,44.791,5.000,100.0,47.0,-10.820512771606445,-4.666666507720947
31.132,12:53:42.023,530.582,3.119,1654.990,0.000,0.000,0.000,0.000,0.000,0.000,1.000,1.000,0.000,17.118,17.300,0.355,44.791,5.000,100.0,47.0,-10.820512771606445,-4.666666507720947
31.196,12:53:42.166,530.582,3.119,1654.990,0.000,0.000,0.000,0.000,0.000,0.000,1.000,1.000,0.000,17.919,18.100,0.371,44.654,5.000,100.0,47.0,-10.820512771606445,-4.666666507720947
31.339,12:53:42.230,530.582,3.119,1654.990,0.000,0.000,0.000,0.000,0.000,0.000,1.000,1.000,0.000,17.919,18.100,0.371,44.654,5.000,100.0,47.0,-10.820512771606445,-4.666666507720947
31.403,12:53:42.486,530.582,3.119,1654.990,0.000,0.000,0.000,0.000,0.000,0.000,1.000,1.000,0.000,17.919,18.100,0.371,44.654,5.000,100.0,47.0,-6.307692527770996,16.205127716064453
31.659,12:53:42.629,530.280,3.287,1742.900,0.000,0.000,0.000,0.000,0.000,0.000,1.000,1.000,0.000,18.719,18.900,0.388,44.487,5.000,100.0,47.0,-6.307692527770996,16.205127716064453
31.804,12:53:42.694,530.280,3.287,1742.900,0.000,0.000,0.000,0.000,0.000,0.000,1.000,1.000,0.000,18.719,18.900,0.388,44.487,5.000,100.0,47.0,-6.307692527770996,16.205127716064453
31.866,12:53:42.757,530.280,3.287,1742.900,0.000,0.000,0.000,0.000,0.000,0.000,1.000,1.000,0.000,18.719,18.900,0.388,44.487,5.000,100.0,47.0,-6.307692527770996,16.205127716064453
31.931,12:53:42.901,530.280,3.287,1742.900,0.000,0.000,0.000,0.000,0.000,0.000,1.000,1.000,0.000,19.518,19.700,0.405,44.434,5.000,100.0,47.0,-6.307692527770996,16.205127716064453
32.075,12:53:42.966,529.938,3.470,1838.627,0.000,0.000,0.000,0.000,0.000,0.000,1.000,1.000,0.000,19.518,19.700,0.405,44.434,5.000,100.0,47.0,-6.307692527770996,16.205127716064453
32.139,12:53:43.030,529.938,3.470,1838.627,0.000,0.000,0.000,0.000,0.000,0.000,1.000,1.000,0.000,19.518,19.700,0.405,44.434,5.000,100.0,47.0,-6.307692527770996,16.205127716064453
32.202,12:53:43.173,529.938,3.470,1838.627,0.000,0.000,0.000,0.000,0.000,0.000,1.000,1.000,0.000,19.518,19.700,0.405,44.434,5.000,100.0,47.0,-6.307692527770996,16.205127716064453
32.346,12:53:43.237,529.938,3.470,1838.627,0.000,0.000,0.000,0.000,0.000,0.000,1.000,1.000,0.000,19.518,19.700,0.405,44.434,5.000,100.0,47.0,-6.307692527770996,16.205127716064453
32.410,12:53:43.494,529.635,3.652,1934.464,0.000,0.000,0.000,0.000,0.000,0.000,1.000,1.000,0.000,19.518,19.700,0.405,44.434,5.000,100.0,47.0,-15.230769157409668,13.84615421295166
32.666,12:53:43.638,529.635,3.652,1934.464,0.000,0.000,0.000,0.000,0.000,0.000,1.000,1.000,0.000,20.319,20.500,0.422,44.469,5.000,100.0,47.0,-15.230769157409668,13.84615421295166
32.811,12:53:43.701,529.262,3.849,2037.255,0.000,0.000,0.000,0.000,0.000,0.000,1.000,1.000,0.000,20.319,20.500,0.422,44.469,5.000,100.0,47.0,-15.230769157409668,13.84615421295166
32.874,12:53:43.764,529.262,3.849,2037.255,0.000,0.000,0.000,0.000,0.000,0.000,1.000,1.000,0.000,20.319,20.500,0.422,44.469,5.000,100.0,47.0,-15.230769157409668,13.84615421295166
32.938,12:53:43.909,529.262,3.849,2037.255,0.000,0.000,0.000,0.000,0.000,0.000,1.000,1.000,0.000,21.118,21.300,0.439,44.466,5.000,100.0,47.0,-15.230769157409668,13.84615421295166
33.083,12:53:43.973,529.262,3.849,2037.255,0.000,0.000,0.000,0.000,0.000,0.000,1.000,1.000,0.000,21.118,21.300,0.439,44.466,5.000,100.0,47.0,-15.230769157409668,13.84615421295166
33.146,12:53:44.037,529.262,3.849,2037.255,0.000,0.000,0.000,0.000,0.000,0.000,1.000,1.000,0.000,21.118,21.300,0.439,44.466,5.000,100.0,47.0,-15.230769157409668,13.84615421295166
33.210,12:53:44.180,528.839,4.052,2142.921,0.000,0.000,0.000,0.000,0.000,0.000,1.000,1.000,0.000,21.919,22.100,0.456,44.506,5.000,100.0,47.0,-15.230769157409668,13.84615421295166
33.355,12:53:44.245,528.839,4.052,2142.921,0.000,0.000,0.000,0.000,0.000,0.000,1.000,1.000,0.000,21.919,22.100,0.456,44.506,5.000,100.0,47.0,-15.230769157409668,13.84615421295166
33.419,12:53:44.500,528.839,4.052,2142.921,0.000,0.000,0.000,0.000,0.000,0.000,1.000,1.000,0.000,21.919,22.100,0.456,44.506,5.000,100.0,47.0,-16.256410598754883,5.025640964508057
33.674,12:53:44.645,528.385,4.298,2271.245,0.000,0.000,0.000,0.000,0.000,0.000,1.000,1.000,0.000,22.718,22.900,0.473,44.774,5.000,100.0,47.0,-16.256410598754883,5.025640964508057
33.817,12:53:44.708,528.385,4.298,2271.245,0.000,0.000,0.000,0.000,0.000,0.000,1.000,1.000,0.000,22.718,22.900,0.473,44.774,5.000,100.0,47.0,-16.256410598754883,5.025640964508057
33.881,12:53:44.772,528.385,4.298,2271.245,0.000,0.000,0.000,0.000,0.000,0.000,1.000,1.000,0.000,22.718,22.900,0.473,44.774,5.000,100.0,47.0,-16.256410598754883,5.025640964508057
33.946,12:53:44.916,528.385,4.298,2271.245,0.000,0.000,0.000,0.000,0.000,0.000,1.000,1.000,0.000,23.519,23.700,0.490,44.967,5.000,100.0,47.0,-16.256410598754883,5.025640964508057
34.089,12:53:44.980,528.005,4.526,2389.535,0.000,0.000,0.000,0.000,0.000,0.000,1.000,1.000,0.000,23.519,23.700,0.490,44.967,5.000,100.0,47.0,-16.256410598754883,5.025640964508057
34.153,12:53:45.044,528.005,4.526,2389.535,0.000,0.000,0.000,0.000,0.000,0.000,1.000,1.000,0.000,23.519,23.700,0.490,44.967,5.000,100.0,47.0,-16.256410598754883,5.025640964508057
34.218,12:53:45.188,528.005,4.526,2389.535,0.000,0.000,0.000,0.000,0.000,0.000,1.000,1.000,0.000,23.519,23.700,0.490,44.967,5.000,100.0,47.0,-16.256410598754883,5.025640964508057
34.361,12:53:45.252,528.005,4.526,2389.535,0.000,0.000,0.000,0.000,0.000,0.000,1.000,1.000,0.000,23.519,23.700,0.490,44.967,5.000,100.0,47.0,-16.256410598754883,5.025640964508057
34.425,12:53:45.508,527.438,4.805,2534.402,0.000,0.000,0.000,0.000,0.000,0.000,1.000,1.000,0.000,23.519,23.700,0.490,44.967,5.000,100.0,47.0,-13.692307472229004,1.7435897588729858
34.682,12:53:45.652,527.438,4.805,2534.402,0.000,0.000,0.000,0.000,0.000,0.000,1.000,1.000,0.000,24.318,24.500,0.507,45.116,5.000,100.0,47.0,-13.692307472229004,1.7435897588729858
34.825,12:53:45.715,527.298,4.875,2570.636,0.000,0.000,0.000,0.000,0.000,0.000,1.000,1.000,0.000,24.318,24.500,0.507,45.116,5.000,100.0,47.0,-13.692307472229004,1.7435897588729858
34.888,12:53:45.779,527.298,4.875,2570.636,0.000,0.000,0.000,0.000,0.000,0.000,1.000,1.000,0.000,24.318,24.500,0.507,45.116,5.000,100.0,47.0,-13.692307472229004,1.7435897588729858
34.953,12:53:45.924,527.298,4.875,2570.636,0.000,0.000,0.000,0.000,0.000,0.000,1.000,1.000,0.000,24.718,24.900,0.516,45.299,5.000,100.0,47.0,-13.692307472229004,1.7435897588729858
35.097,12:53:45.988,527.298,4.875,2570.636,0.000,0.000,0.000,0.000,0.000,0.000,1.000,1.000,0.000,24.718,24.900,0.516,45.299,5.000,100.0,47.0,-13.692307472229004,1.7435897588729858
35.160,12:53:46.051,527.298,4.875,2570.636,0.000,0.000,0.000,0.000,0.000,0.000,1.000,1.000,0.000,24.718,24.900,0.516,45.299,5.000,100.0,47.0,-13.692307472229004,1.7435897588729858
35.226,12:53:46.195,526.608,5.301,2791.323,0.000,0.000,0.000,0.000,0.000,0.000,1.000,1.000,0.000,25.519,25.700,0.533,45.460,5.000,100.0,47.0,-13.692307472229004,1.7435897588729858
35.368,12:53:46.259,526.608,5.301,2791.323,0.000,0.000,0.000,0.000,0.000,0.000,1.000,1.000,0.000,25.519,25.700,0.533,45.460,5.000,100.0,47.0,-13.692307472229004,1.7435897588729858
35.433,12:53:46.515,526.608,5.301,2791.323,0.000,0.000,0.000,0.000,0.000,0.000,1.000,1.000,0.000,25.519,25.700,0.533,45.460,5.000,100.0,47.0,-21.076923370361328,7.230769157409668
35.688,12:53:46.659,526.122,5.607,2950.079,0.000,0.000,0.000,0.000,0.000,0.000,1.000,1.000,0.000,26.318,26.500,0.550,45.605,5.000,100.0,47.0,-21.076923370361328,7.230769157409668
35.832,12:53:46.722,526.122,5.607,2950.079,0.000,0.000,0.000,0.000,0.000,0.000,1.000,1.000,0.000,26.318,26.500,0.550,45.605,5.000,100.0,47.0,-21.076923370361328,7.230769157409668
35.896,12:53:46.787,526.122,5.607,2950.079,0.000,0.000,0.000,0.000,0.000,0.000,1.000,1.000,0.000,26.318,26.500,0.550,45.605,5.000,100.0,47.0,-21.076923370361328,7.230769157409668
35.961,12:53:46.930,526.122,5.607,2950.079,0.000,0.000,0.000,0.000,0.000,0.000,1.000,1.000,0.000,27.119,27.300,0.568,45.687,5.000,100.0,47.0,-21.076923370361328,7.230769157409668
36.104,12:53:46.994,525.575,5.943,3123.549,0.000,0.000,0.000,0.000,0.000,0.000,1.000,1.000,0.000,27.119,27.300,0.568,45.687,5.000,100.0,47.0,-21.076923370361328,7.230769157409668
36.168,12:53:47.059,525.575,5.943,3123.549,0.000,0.000,0.000,0.000,0.000,0.000,1.000,1.000,0.000,27.119,27.300,0.568,45.687,5.000,100.0,47.0,-21.076923370361328,7.230769157409668
36.232,12:53:47.203,525.575,5.943,3123.549,0.000,0.000,0.000,0.000,0.000,0.000,1.000,1.000,0.000,27.119,27.300,0.568,45.687,5.000,100.0,47.0,-21.076923370361328,7.230769157409668
36.376,12:53:47.266,525.575,5.943,3123.549,0.000,0.000,0.000,0.000,0.000,0.000,1.000,1.000,0.000,27.119,27.300,0.568,45.687,5.000,100.0,47.0,-21.076923370361328,7.230769157409668
36.441,12:53:47.523,525.340,6.079,3193.367,0.000,0.000,0.000,0.000,0.000,0.000,1.000,1.000,0.000,27.119,27.300,0.568,45.687,5.000,100.0,47.0,12.615385055541992,9.538461685180664
36.696,12:53:47.666,525.340,6.079,3193.367,0.000,0.000,0.000,0.000,0.000,0.000,1.000,1.000,0.000,27.519,27.700,0.576,45.801,5.000,100.0,47.0,12.615385055541992,9.538461685180664
36.839,12:53:47.730,524.996,6.309,3312.010,0.000,0.000,0.000,0.000,0.000,0.000,1.000,1.000,0.000,27.519,27.700,0.576,45.801,5.000,100.0,47.0,12.615385055541992,9.538461685180664
36.903,12:53:47.794,524.996,6.309,3312.010,0.000,0.000,0.000,0.000,0.000,0.000,1.000,1.000,0.000,27.519,27.700,0.576,45.801,5.000,100.0,47.0,12.615385055541992,9.538461685180664
36.967,12:53:47.938,524.996,6.309,3312.010,0.000,0.000,0.000,0.000,0.000,0.000,1.000,1.000,0.000,27.918,28.100,0.585,45.864,5.000,100.0,47.0,12.615385055541992,9.538461685180664
37.111,12:53:48.002,524.996,6.309,3312.010,0.000,0.000,0.000,0.000,0.000,0.000,1.000,1.000,0.000,27.918,28.100,0.585,45.864,5.000,100.0,47.0,12.615385055541992,9.538461685180664
37.175,12:53:48.066,524.996,6.309,3312.010,0.000,0.000,0.000,0.000,0.000,0.000,1.000,1.000,0.000,27.918,28.100,0.585,45.864,5.000,100.0,47.0,12.615385055541992,9.538461685180664
37.239,12:53:48.210,523.926,6.948,3640.213,0.000,0.000,0.000,0.000,0.000,0.000,1.000,1.000,0.000,28.719,28.900,0.603,45.922,5.000,100.0,47.0,12.615385055541992,9.538461685180664
37.383,12:53:48.274,523.926,6.948,3640.213,0.000,0.000,0.000,0.000,0.000,0.000,1.000,1.000,0.000,28.719,28.900,0.603,45.922,5.000,100.0,47.0,12.615385055541992,9.538461685180664
37.448,12:53:48.530,523.926,6.948,3640.213,0.000,0.000,0.000,0.000,0.000,0.000,1.000,1.000,0.000,28.719,28.900,0.603,45.922,5.000,100.0,47.0,-3.538461446762085,-13.84615421295166
37.703,12:53:48.675,522.036,8.109,4233.368,0.000,0.000,0.000,0.000,0.000,0.000,1.000,1.000,0.000,29.519,29.700,0.622,46.053,5.000,100.0,47.0,-3.538461446762085,-13.84615421295166
37.847,12:53:48.737,522.036,8.109,4233.368,0.000,0.000,0.000,0.000,0.000,0.000,1.000,1.000,0.000,29.519,29.700,0.622,46.053,5.000,100.0,47.0,-3.538461446762085,-13.84615421295166
37.911,12:53:48.801,522.036,8.109,4233.368,0.000,0.000,0.000,0.000,0.000,0.000,1.000,1.000,0.000,29.519,29.700,0.622,46.053,5.000,100.0,47.0,-3.538461446762085,-13.84615421295166
37.975,12:53:48.945,522.036,8.109,4233.368,0.000,0.000,0.000,0.000,0.000,0.000,1.000,1.000,0.000,29.519,29.700,0.622,46.053,5.000,100.0,47.0,-3.538461446762085,-13.84615421295166
38.119,12:53:49.010,519.878,9.430,4902.192,0.000,0.000,0.000,0.000,0.000,0.000,1.000,1.000,0.000,29.519,29.700,0.622,46.053,5.000,100.0,47.0,-3.538461446762085,-13.84615421295166
38.183,12:53:49.073,519.878,9.430,4902.192,0.000,0.000,0.000,0.000,0.000,0.000,1.000,1.000,0.000,29.519,29.700,0.622,46.053,5.000,100.0,47.0,-3.538461446762085,-13.84615421295166
38.247,12:53:49.217,519.878,9.430,4902.192,0.000,0.000,0.000,0.000,0.000,0.000,1.000,1.000,0.000,30.318,30.500,0.641,46.156,5.000,100.0,47.0,-3.538461446762085,-13.84615421295166
38.726,12:53:49.890,518.846,10.059,5219.085,0.000,0.000,0.000,0.000,0.000,0.000,1.000,1.000,0.000,31.119,31.300,0.660,46.261,5.000,100.0,47.0,0.10256410390138626,-20.205127716064453
39.062,12:53:50.033,517.949,10.629,5505.447,0.000,0.000,0.000,0.000,0.000,0.000,1.000,1.000,0.000,31.918,32.100,0.678,46.450,5.000,100.0,47.0,0.10256410390138626,-20.205127716064453
39.206,12:53:50.096,517.949,10.629,5505.447,0.000,0.000,0.000,0.000,0.000,0.000,1.000,1.000,0.000,31.918,32.100,0.678,46.450,5.000,100.0,47.0,0.10256410390138626,-20.205127716064453
39.270,12:53:50.161,517.385,10.954,5667.465,0.000,0.000,0.000,0.000,0.000,0.000,1.000,1.000,0.000,31.918,32.100,0.678,46.450,5.000,100.0,47.0,0.10256410390138626,-20.205127716064453
39.334,12:53:50.305,517.385,10.954,5667.465,0.000,0.000,0.000,0.000,0.000,0.000,1.000,1.000,0.000,32.318,32.500,0.687,46.601,5.000,100.0,47.0,0.10256410390138626,-20.205127716064453
39.479,12:53:50.369,517.385,10.954,5667.465,0.000,0.000,0.000,0.000,0.000,0.000,1.000,1.000,0.000,32.318,32.500,0.687,46.601,5.000,100.0,47.0,0.10256410390138626,-20.205127716064453
39.543,12:53:50.433,517.385,10.954,5667.465,0.000,0.000,0.000,0.000,0.000,0.000,1.000,1.000,0.000,32.318,32.500,0.687,46.601,5.000,100.0,47.0,0.10256410390138626,-20.205127716064453
39.606,12:53:50.577,517.385,10.954,5667.465,0.000,0.000,0.000,0.000,0.000,0.000,1.000,1.000,0.000,33.119,33.300,0.706,46.755,5.000,100.0,47.0,0.10256410390138626,-20.205127716064453
39.750,12:53:50.833,516.274,11.608,5992.817,0.000,0.000,0.000,0.000,0.000,0.000,1.000,1.000,0.000,33.119,33.300,0.706,46.755,5.000,100.0,47.0,-21.487178802490234,-3.2820513248443604
40.006,12:53:50.976,516.274,11.608,5992.817,0.000,0.000,0.000,0.000,0.000,0.000,1.000,1.000,0.000,33.119,33.300,0.706,46.755,5.000,100.0,47.0,-21.487178802490234,-3.2820513248443604
40.150,12:53:51.041,515.090,12.331,6351.684,0.000,0.000,0.000,0.000,0.000,0.000,1.000,1.000,0.000,33.119,33.300,0.706,46.755,5.000,100.0,47.0,-21.487178802490234,-3.2820513248443604
40.214,12:53:51.104,515.090,12.331,6351.684,0.000,0.000,0.000,0.000,0.000,0.000,1.000,1.000,0.000,33.119,33.300,0.706,46.755,5.000,100.0,47.0,-21.487178802490234,-3.2820513248443604
40.277,12:53:51.248,515.090,12.331,6351.684,0.000,0.000,0.000,0.000,0.000,0.000,1.000,1.000,0.000,33.918,34.100,0.724,46.890,5.000,100.0,47.0,-21.487178802490234,-3.2820513248443604
40.421,12:53:51.312,515.090,12.331,6351.684,0.000,0.000,0.000,0.000,0.000,0.000,1.000,1.000,0.000,33.918,34.100,0.724,46.890,5.000,100.0,47.0,-21.487178802490234,-3.2820513248443604
40.485,12:53:51.376,513.775,13.109,6734.849,0.000,0.000,0.000,0.000,0.000,0.000,1.000,1.000,0.000,33.918,34.100,0.724,46.890,5.000,100.0,47.0,-21.487178802490234,-3.2820513248443604
40.550,12:53:51.520,513.775,13.109,6734.849,0.000,0.000,0.000,0.000,0.000,0.000,1.000,1.000,0.000,34.719,34.900,0.743,47.051,5.000,100.0,47.0,-21.487178802490234,-3.2820513248443604
40.694,12:53:51.584,513.775,13.109,6734.849,0.000,0.000,0.000,0.000,0.000,0.000,1.000,1.000,0.000,34.719,34.900,0.743,47.051,5.000,100.0,47.0,-21.487178802490234,-3.2820513248443604
40.758,12:53:51.840,513.775,13.109,6734.849,0.000,0.000,0.000,0.000,0.000,0.000,1.000,1.000,0.000,34.719,34.900,0.743,47.051,5.000,100.0,47.0,22.820512771606445,5.025640964508057
41.013,12:53:51.983,512.387,13.951,7148.204,0.000,0.000,0.000,0.000,0.000,0.000,1.000,1.000,0.000,35.518,35.700,0.762,47.245,5.000,100.0,47.0,22.820512771606445,5.025640964508057
41.157,12:53:52.047,512.387,13.951,7148.204,0.000,0.000,0.000,0.000,0.000,0.000,1.000,1.000,0.000,35.518,35.700,0.762,47.245,5.000,100.0,47.0,22.820512771606445,5.025640964508057
41.220,12:53:52.111,512.387,13.951,7148.204,0.000,0.000,0.000,0.000,0.000,0.000,1.000,1.000,0.000,35.518,35.700,0.762,47.245,5.000,100.0,47.0,22.820512771606445,5.025640964508057
41.285,12:53:52.256,512.387,13.951,7148.204,0.000,0.000,0.000,0.000,0.000,0.000,1.000,1.000,0.000,36.319,36.500,0.782,47.391,5.000,100.0,47.0,22.820512771606445,5.025640964508057
41.429,12:53:52.320,510.867,14.831,7576.763,0.000,0.000,0.000,0.000,0.000,0.000,1.000,1.000,0.000,36.319,36.500,0.782,47.391,5.000,100.0,47.0,22.820512771606445,5.025640964508057
41.494,12:53:52.384,510.867,14.831,7576.763,0.000,0.000,0.000,0.000,0.000,0.000,1.000,1.000,0.000,36.319,36.500,0.782,47.391,5.000,100.0,47.0,22.820512771606445,5.025640964508057
41.556,12:53:52.527,510.867,14.831,7576.763,0.000,0.000,0.000,0.000,0.000,0.000,1.000,1.000,0.000,36.319,36.500,0.782,47.391,5.000,100.0,47.0,22.820512771606445,5.025640964508057
41.701,12:53:52.592,510.867,14.831,7576.763,0.000,0.000,0.000,0.000,0.000,0.000,1.000,1.000,0.000,36.319,36.500,0.782,47.391,5.000,100.0,47.0,22.820512771606445,5.025640964508057
41.765,12:53:52.848,509.154,15.798,8043.837,0.000,0.000,0.000,0.000,0.000,0.000,1.000,1.000,0.000,36.319,36.500,0.782,47.391,5.000,100.0,47.0,19.487178802490234,-31.128204345703125
42.021,12:53:52.991,509.154,15.798,8043.837,0.000,0.000,0.000,0.000,0.000,0.000,1.000,1.000,0.000,37.118,37.300,0.802,47.578,5.000,100.0,47.0,19.487178802490234,-31.128204345703125
42.165,12:53:53.055,507.294,16.824,8534.937,0.000,0.000,0.000,0.000,0.000,0.000,1.000,1.000,0.000,37.118,37.300,0.802,47.578,5.000,100.0,47.0,19.487178802490234,-31.128204345703125
42.229,12:53:53.120,507.294,16.824,8534.937,0.000,0.000,0.000,0.000,0.000,0.000,1.000,1.000,0.000,37.118,37.300,0.802,47.578,5.000,100.0,47.0,19.487178802490234,-31.128204345703125
42.293,12:53:53.263,507.294,16.824,8534.937,0.000,0.000,0.000,0.000,0.000,0.000,1.000,1.000,0.000,37.919,38.100,0.822,47.615,5.000,100.0,47.0,19.487178802490234,-31.128204345703125
42.436,12:53:53.326,507.294,16.824,8534.937,0.000,0.000,0.000,0.000,0.000,0.000,1.000,1.000,0.000,37.919,38.100,0.822,47.615,5.000,100.0,47.0,19.487178802490234,-31.128204345703125
42.500,12:53:53.391,507.294,16.824,8534.937,0.000,0.000,0.000,0.000,0.000,0.000,1.000,1.000,0.000,37.919,38.100,0.822,47.615,5.000,100.0,47.0,19.487178802490234,-31.128204345703125
42.564,12:53:53.535,505.246,17.907,9047.357,0.000,0.000,0.000,0.000,0.000,0.000,1.000,1.000,0.000,38.719,38.900,0.843,47.610,5.000,100.0,47.0,19.487178802490234,-31.128204345703125
42.709,12:53:53.599,505.246,17.907,9047.357,0.000,0.000,0.000,0.000,0.000,0.000,1.000,1.000,0.000,38.719,38.900,0.843,47.610,5.000,100.0,47.0,19.487178802490234,-31.128204345703125
42.772,12:53:53.854,505.246,17.907,9047.357,0.000,0.000,0.000,0.000,0.000,0.000,1.000,1.000,0.000,38.719,38.900,0.843,47.610,5.000,100.0,47.0,-28.564102172851562,4.410256385803223
43.027,12:53:53.999,503.072,19.073,9595.113,0.000,0.000,0.000,0.000,0.000,0.000,1.000,1.000,0.000,39.518,39.700,0.864,47.728,5.000,100.0,47.0,-28.564102172851562,4.410256385803223
43.172,12:53:54.063,503.072,19.073,9595.113,0.000,0.000,0.000,0.000,0.000,0.000,1.000,1.000,0.000,39.518,39.700,0.864,47.728,5.000,100.0,47.0,-28.564102172851562,4.410256385803223
43.235,12:53:54.126,503.072,19.073,9595.113,0.000,0.000,0.000,0.000,0.000,0.000,1.000,1.000,0.000,39.518,39.700,0.864,47.728,5.000,100.0,47.0,-28.564102172851562,4.410256385803223
43.300,12:53:54.270,503.072,19.073,9595.113,0.000,0.000,0.000,0.000,0.000,0.000,1.000,1.000,0.000,40.319,40.500,0.886,47.730,5.000,100.0,47.0,-28.564102172851562,4.410256385803223
43.444,12:53:54.335,500.739,20.274,10152.180,0.000,0.000,0.000,0.000,0.000,0.000,1.000,1.000,0.000,40.319,40.500,0.886,47.730,5.000,100.0,47.0,-28.564102172851562,4.410256385803223
43.508,12:53:54.399,500.739,20.274,10152.180,0.000,0.000,0.000,0.000,0.000,0.000,1.000,1.000,0.000,40.319,40.500,0.886,47.730,5.000,100.0,47.0,-28.564102172851562,4.410256385803223
43.571,12:53:54.542,500.739,20.274,10152.180,0.000,0.000,0.000,0.000,0.000,0.000,1.000,1.000,0.000,40.319,40.500,0.886,47.730,5.000,100.0,47.0,-28.564102172851562,4.410256385803223
43.716,12:53:54.607,500.739,20.274,10152.180,0.000,0.000,0.000,0.000,0.000,0.000,1.000,1.000,0.000,40.319,40.500,0.886,47.730,5.000,100.0,47.0,-28.564102172851562,4.410256385803223
43.779,12:53:54.862,498.102,21.556,10737.137,0.000,0.000,0.000,0.000,0.000,0.000,1.000,1.000,0.000,40.319,40.500,0.886,47.730,5.000,100.0,47.0,31.538461685180664,-4.92307710647583
44.035,12:53:55.006,498.102,21.556,10737.137,0.000,0.000,0.000,0.000,0.000,0.000,1.000,1.000,0.000,41.118,41.300,0.908,47.776,5.000,100.0,47.0,31.538461685180664,-4.92307710647583
44.180,12:53:55.070,495.539,22.786,11291.210,0.000,0.000,0.000,0.000,0.000,0.000,1.000,1.000,0.000,41.118,41.300,0.908,47.776,5.000,100.0,47.0,31.538461685180664,-4.92307710647583
44.244,12:53:55.134,495.539,22.786,11291.210,0.000,0.000,0.000,0.000,0.000,0.000,1.000,1.000,0.000,41.118,41.300,0.908,47.776,5.000,100.0,47.0,31.538461685180664,-4.92307710647583
44.307,12:53:55.277,495.539,22.786,11291.210,0.000,0.000,0.000,0.000,0.000,0.000,1.000,1.000,0.000,41.919,42.100,0.930,47.931,5.000,100.0,47.0,31.538461685180664,-4.92307710647583
44.450,12:53:55.341,495.539,22.786,11291.210,0.000,0.000,0.000,0.000,0.000,0.000,1.000,1.000,0.000,41.919,42.100,0.930,47.931,5.000,100.0,47.0,31.538461685180664,-4.92307710647583
44.515,12:53:55.405,495.539,22.786,11291.210,0.000,0.000,0.000,0.000,0.000,0.000,1.000,1.000,0.000,41.919,42.100,0.930,47.931,5.000,100.0,47.0,31.538461685180664,-4.92307710647583
44.580,12:53:55.549,492.934,24.019,11839.609,0.000,0.000,0.000,0.000,0.000,0.000,1.000,1.000,0.000,42.718,42.900,0.940,48.103,5.000,100.0,47.0,31.538461685180664,-4.92307710647583
44.723,12:53:55.614,492.934,24.019,11839.609,0.000,0.000,0.000,0.000,0.000,0.000,1.000,1.000,0.000,42.718,42.900,0.940,48.103,5.000,100.0,47.0,31.538461685180664,-4.92307710647583
44.787,12:53:55.869,492.934,24.019,11839.609,0.000,0.000,0.000,0.000,0.000,0.000,1.000,1.000,0.000,42.718,42.900,0.940,48.103,5.000,100.0,47.0,32.35897445678711,-34.46154022216797
45.043,12:53:56.014,490.214,25.257,12381.520,0.000,0.000,0.000,0.000,0.000,0.000,1.000,1.000,0.000,43.519,43.700,0.940,48.356,5.000,100.0,47.0,32.35897445678711,-34.46154022216797
45.187,12:53:56.078,490.214,25.257,12381.520,0.000,0.000,0.000,0.000,0.000,0.000,1.000,1.000,0.000,43.519,43.700,0.940,48.356,5.000,100.0,47.0,32.35897445678711,-34.46154022216797
45.250,12:53:56.141,490.214,25.257,12381.520,0.000,0.000,0.000,0.000,0.000,0.000,1.000,1.000,0.000,43.519,43.700,0.940,48.356,5.000,100.0,47.0,32.35897445678711,-34.46154022216797
45.314,12:53:56.285,490.214,25.257,12381.520,0.000,0.000,0.000,0.000,0.000,0.000,1.000,1.000,0.000,44.318,44.500,0.940,48.587,5.000,100.0,47.0,32.35897445678711,-34.46154022216797
45.458,12:53:56.349,487.227,26.552,12937.044,0.000,0.000,0.000,0.000,0.000,0.000,1.000,1.000,0.000,44.318,44.500,0.940,48.587,5.000,100.0,47.0,32.35897445678711,-34.46154022216797
45.522,12:53:56.413,487.227,26.552,12937.044,0.000,0.000,0.000,0.000,0.000,0.000,1.000,1.000,0.000,44.318,44.500,0.940,48.587,5.000,100.0,47.0,32.35897445678711,-34.46154022216797
45.586,12:53:56.557,487.227,26.552,12937.044,0.000,0.000,0.000,0.000,0.000,0.000,1.000,1.000,0.000,44.318,44.500,0.940,48.587,5.000,100.0,47.0,32.35897445678711,-34.46154022216797
45.730,12:53:56.620,487.227,26.552,12937.044,0.000,0.000,0.000,0.000,0.000,0.000,1.000,1.000,0.000,44.318,44.500,0.940,48.587,5.000,100.0,47.0,32.35897445678711,-34.46154022216797
45.794,12:53:56.877,483.903,27.934,13517.177,0.000,0.000,0.000,0.000,0.000,0.000,1.000,1.000,0.000,44.318,44.500,0.940,48.587,5.000,100.0,47.0,16.9743595123291,26.512821197509766
46.050,12:53:57.021,483.903,27.934,13517.177,0.000,0.000,0.000,0.000,0.000,0.000,1.000,1.000,0.000,45.119,45.300,0.940,48.865,5.000,100.0,47.0,16.9743595123291,26.512821197509766
46.194,12:53:57.085,480.255,29.359,14099.589,0.000,0.000,0.000,0.000,0.000,0.000,1.000,1.000,0.000,45.119,45.300,0.940,48.865,5.000,100.0,47.0,16.9743595123291,26.512821197509766
46.259,12:53:57.149,480.255,29.359,14099.589,0.000,0.000,0.000,0.000,0.000,0.000,1.000,1.000,0.000,45.119,45.300,0.940,48.865,5.000,100.0,47.0,16.9743595123291,26.512821197509766
46.322,12:53:57.293,480.255,29.359,14099.589,0.000,0.000,0.000,0.000,0.000,0.000,1.000,1.000,0.000,45.919,46.100,0.940,49.164,5.000,100.0,47.0,16.9743595123291,26.512821197509766
46.466,12:53:57.356,480.255,29.359,14099.589,0.000,0.000,0.000,0.000,0.000,0.000,1.000,1.000,0.000,45.919,46.100,0.940,49.164,5.000,100.0,47.0,16.9743595123291,26.512821197509766
46.530,12:53:57.421,480.255,29.359,14099.589,0.000,0.000,0.000,0.000,0.000,0.000,1.000,1.000,0.000,45.919,46.100,0.940,49.164,5.000,100.0,47.0,16.9743595123291,26.512821197509766
46.594,12:53:57.564,476.085,30.884,14703.220,0.000,0.000,0.000,0.000,0.000,0.000,1.000,1.000,0.000,46.718,46.900,0.940,49.507,5.000,100.0,47.0,16.9743595123291,26.512821197509766
46.738,12:53:57.628,476.085,30.884,14703.220,0.000,0.000,0.000,0.000,0.000,0.000,1.000,1.000,0.000,46.718,46.900,0.940,49.507,5.000,100.0,47.0,16.9743595123291,26.512821197509766
46.801,12:53:57.885,476.085,30.884,14703.220,0.000,0.000,0.000,0.000,0.000,0.000,1.000,1.000,0.000,46.718,46.900,0.940,49.507,5.000,100.0,47.0,18.9743595123291,28.0
47.058,12:53:58.028,470.421,32.756,15409.135,0.000,0.000,0.000,0.000,0.000,0.000,1.000,1.000,0.000,47.520,47.700,0.940,49.807,5.000,100.0,47.0,18.9743595123291,28.0
47.202,12:53:58.092,470.421,32.756,15409.135,0.000,0.000,0.000,0.000,0.000,0.000,1.000,1.000,0.000,47.520,47.700,0.940,49.807,5.000,100.0,47.0,18.9743595123291,28.0
47.265,12:53:58.156,470.421,32.756,15409.135,0.000,0.000,0.000,0.000,0.000,0.000,1.000,1.000,0.000,47.520,47.700,0.940,49.807,5.000,100.0,47.0,18.9743595123291,28.0
47.330,12:53:58.300,470.421,32.756,15409.135,0.000,0.000,0.000,0.000,0.000,0.000,1.000,1.000,0.000,47.520,47.700,0.940,49.807,5.000,100.0,47.0,18.9743595123291,28.0
47.473,12:53:58.363,464.478,34.475,16013.001,0.000,0.000,0.000,0.000,0.000,0.000,1.000,1.000,0.000,47.520,47.700,0.940,49.807,5.000,100.0,47.0,18.9743595123291,28.0
47.538,12:53:58.428,464.478,34.475,16013.001,0.000,0.000,0.000,0.000,0.000,0.000,1.000,1.000,0.000,47.520,47.700,0.940,49.807,5.000,100.0,47.0,18.9743595123291,28.0
47.601,12:53:58.571,464.478,34.475,16013.001,0.000,0.000,0.000,0.000,0.000,0.000,1.000,1.000,0.000,48.319,48.500,0.940,50.222,5.000,100.0,47.0,18.9743595123291,28.0
47.745,12:53:58.636,464.478,34.475,16013.001,0.000,0.000,0.000,0.000,0.000,0.000,1.000,1.000,0.000,48.319,48.500,0.940,50.222,5.000,100.0,47.0,18.9743595123291,28.0
47.808,12:53:58.892,457.569,36.217,16571.936,0.000,0.000,0.000,0.000,0.000,0.000,1.000,1.000,0.000,48.319,48.500,0.940,50.222,5.000,100.0,47.0,6.307692527770996,41.89743423461914
48.066,12:53:59.036,457.569,36.217,16571.936,0.000,0.000,0.000,0.000,0.000,0.000,1.000,1.000,0.000,49.119,49.300,0.940,50.656,5.000,100.0,47.0,6.307692527770996,41.89743423461914
48.209,12:53:59.100,457.569,36.217,16571.936,0.000,0.000,0.000,0.000,0.000,0.000,1.000,1.000,0.000,49.119,49.300,0.940,50.656,5.000,100.0,47.0,6.307692527770996,41.89743423461914
48.273,12:53:59.164,460.594,35.551,16374.650,0.000,0.000,0.000,0.000,0.000,0.000,1.000,1.000,0.000,49.119,49.300,0.940,50.656,5.000,100.0,47.0,6.307692527770996,41.89743423461914
48.337,12:53:59.308,460.594,35.551,16374.650,0.000,0.000,0.000,0.000,0.000,0.000,1.000,1.000,0.000,48.719,48.900,0.940,51.104,5.000,100.0,47.0,6.307692527770996,41.89743423461914
48.481,12:53:59.372,460.594,35.551,16374.650,0.000,0.000,0.000,0.000,0.000,0.000,1.000,1.000,0.000,48.719,48.900,0.940,51.104,5.000,100.0,47.0,6.307692527770996,41.89743423461914
48.545,12:53:59.435,460.594,35.551,16374.650,0.000,0.000,0.000,0.000,0.000,0.000,1.000,1.000,0.000,48.719,48.900,0.940,51.104,5.000,100.0,47.0,6.307692527770996,41.89743423461914
48.609,12:53:59.580,460.594,35.551,16374.650,0.000,0.000,0.000,0.000,0.000,0.000,1.000,1.000,0.000,49.081,48.900,0.940,51.571,5.000,100.0,47.0,6.307692527770996,41.89743423461914
48.753,12:53:59.643,456.029,36.604,16692.494,0.000,0.000,0.000,0.000,0.000,0.000,1.000,1.000,0.000,49.081,48.900,0.940,51.571,5.000,100.0,47.0,6.307692527770996,41.89743423461914
48.816,12:53:59.915,456.029,36.604,16692.494,0.000,0.000,0.000,0.000,0.000,0.000,1.000,1.000,0.000,49.081,48.900,0.940,51.571,5.000,100.0,47.0,-42.30769348144531,6.717948913574219
49.089,12:54:00.058,461.524,35.309,16295.931,0.000,0.000,0.000,0.000,0.000,0.000,1.000,1.000,0.000,48.719,48.900,0.940,51.989,5.000,100.0,47.0,-42.30769348144531,6.717948913574219
49.232,12:54:00.122,461.524,35.309,16295.931,0.000,0.000,0.000,0.000,0.000,0.000,1.000,1.000,0.000,48.719,48.900,0.940,51.989,5.000,100.0,47.0,-42.30769348144531,6.717948913574219
49.297,12:54:00.187,461.524,35.309,16295.931,0.000,0.000,0.000,0.000,0.000,0.000,1.000,1.000,0.000,48.719,48.900,0.940,51.989,5.000,100.0,47.0,-42.30769348144531,6.717948913574219
49.360,12:54:00.331,461.524,35.309,16295.931,0.000,0.000,0.000,0.000,0.000,0.000,1.000,1.000,0.000,48.719,48.900,0.940,51.989,5.000,100.0,47.0,-42.30769348144531,6.717948913574219
49.505,12:54:00.395,456.118,36.584,16686.740,0.000,0.000,0.000,0.000,0.000,0.000,1.000,1.000,0.000,48.719,48.900,0.940,51.989,5.000,100.0,47.0,-42.30769348144531,6.717948913574219
49.568,12:54:00.458,456.118,36.584,16686.740,0.000,0.000,0.000,0.000,0.000,0.000,1.000,1.000,0.000,48.719,48.900,0.940,51.989,5.000,100.0,47.0,-42.30769348144531,6.717948913574219
49.631,12:54:00.603,456.118,36.584,16686.740,0.000,0.000,0.000,0.000,0.000,0.000,1.000,1.000,0.000,49.081,48.900,0.940,52.393,5.000,100.0,47.0,-42.30769348144531,6.717948913574219
49.776,12:54:00.667,456.118,36.584,16686.740,0.000,0.000,0.000,0.000,0.000,0.000,1.000,1.000,0.000,49.081,48.900,0.940,52.393,5.000,100.0,47.0,-42.30769348144531,6.717948913574219
49.839,12:54:00.922,461.774,35.240,16273.050,0.000,0.000,0.000,0.000,0.000,0.000,1.000,1.000,0.000,49.081,48.900,0.940,52.393,5.000,100.0,47.0,-17.487178802490234,-34.0512809753418
50.096,12:54:01.067,461.774,35.240,16273.050,0.000,0.000,0.000,0.000,0.000,0.000,1.000,1.000,0.000,48.719,48.900,0.940,52.741,5.000,100.0,47.0,-17.487178802490234,-34.0512809753418
50.240,12:54:01.131,461.774,35.240,16273.050,0.000,0.000,0.000,0.000,0.000,0.000,1.000,1.000,0.000,48.719,48.900,0.940,52.741,5.000,100.0,47.0,-17.487178802490234,-34.0512809753418
50.304,12:54:01.194,456.164,36.575,16684.016,0.000,0.000,0.000,0.000,0.000,0.000,1.000,1.000,0.000,48.719,48.900,0.940,52.741,5.000,100.0,47.0,-17.487178802490234,-34.0512809753418
50.368,12:54:01.338,456.164,36.575,16684.016,0.000,0.000,0.000,0.000,0.000,0.000,1.000,1.000,0.000,49.081,48.900,0.940,53.064,5.000,100.0,47.0,-17.487178802490234,-34.0512809753418
50.511,12:54:01.402,456.164,36.575,16684.016,0.000,0.000,0.000,0.000,0.000,0.000,1.000,1.000,0.000,49.081,48.900,0.940,53.064,5.000,100.0,47.0,-17.487178802490234,-34.0512809753418
50.575,12:54:01.466,456.164,36.575,16684.016,0.000,0.000,0.000,0.000,0.000,0.000,1.000,1.000,0.000,49.081,48.900,0.940,53.064,5.000,100.0,47.0,-17.487178802490234,-34.0512809753418
50.639,12:54:01.610,456.164,36.575,16684.016,0.000,0.000,0.000,0.000,0.000,0.000,1.000,1.000,0.000,49.081,48.900,0.940,53.337,5.000,100.0,47.0,-17.487178802490234,-34.0512809753418
50.783,12:54:01.673,458.108,36.134,16553.119,0.000,0.000,0.000,0.000,0.000,0.000,1.000,1.000,0.000,49.081,48.900,0.940,53.337,5.000,100.0,47.0,-17.487178802490234,-34.0512809753418
50.847,12:54:01.929,458.108,36.134,16553.119,0.000,0.000,0.000,0.000,0.000,0.000,1.000,1.000,0.000,49.081,48.900,0.940,53.337,5.000,100.0,47.0,7.589743614196777,43.69230651855469
51.103,12:54:02.074,455.766,36.658,16707.412,0.000,0.000,0.000,0.000,0.000,0.000,1.000,1.000,0.000,49.119,49.300,0.940,53.623,5.000,100.0,47.0,7.589743614196777,43.69230651855469
51.247,12:54:02.138,455.766,36.658,16707.412,0.000,0.000,0.000,0.000,0.000,0.000,1.000,1.000,0.000,49.119,49.300,0.940,53.623,5.000,100.0,47.0,7.589743614196777,43.69230651855469
51.311,12:54:02.202,455.766,36.658,16707.412,0.000,0.000,0.000,0.000,0.000,0.000,1.000,1.000,0.000,49.119,49.300,0.940,53.623,5.000,100.0,47.0,7.589743614196777,43.69230651855469
51.375,12:54:02.346,455.766,36.658,16707.412,0.000,0.000,0.000,0.000,0.000,0.000,1.000,1.000,0.000,49.119,49.300,0.940,53.623,5.000,100.0,47.0,7.589743614196777,43.69230651855469
51.519,12:54:02.410,459.885,35.731,16432.018,0.000,0.000,0.000,0.000,0.000,0.000,1.000,1.000,0.000,49.119,49.300,0.940,53.623,5.000,100.0,47.0,7.589743614196777,43.69230651855469
51.582,12:54:02.473,459.885,35.731,16432.018,0.000,0.000,0.000,0.000,0.000,0.000,1.000,1.000,0.000,49.119,49.300,0.940,53.623,5.000,100.0,47.0,7.589743614196777,43.69230651855469
51.647,12:54:02.617,459.885,35.731,16432.018,0.000,0.000,0.000,0.000,0.000,0.000,1.000,1.000,0.000,48.719,48.900,0.940,53.891,5.000,100.0,47.0,7.589743614196777,43.69230651855469
51.791,12:54:02.681,459.885,35.731,16432.018,0.000,0.000,0.000,0.000,0.000,0.000,1.000,1.000,0.000,48.719,48.900,0.940,53.891,5.000,100.0,47.0,7.589743614196777,43.69230651855469
51.854,12:54:02.937,459.885,35.731,16432.018,0.000,0.000,0.000,0.000,0.000,0.000,1.000,1.000,0.000,48.719,48.900,0.940,53.891,5.000,100.0,47.0,52.0512809753418,-17.0256404876709
52.110,12:54:03.081,458.516,36.047,16528.186,0.000,0.000,0.000,0.000,0.000,0.000,1.000,1.000,0.000,49.081,48.900,0.940,54.121,5.000,100.0,47.0,52.0512809753418,-17.0256404876709
52.254,12:54:03.145,458.516,36.047,16528.186,0.000,0.000,0.000,0.000,0.000,0.000,1.000,1.000,0.000,49.081,48.900,0.940,54.121,5.000,100.0,47.0,52.0512809753418,-17.0256404876709
52.318,12:54:03.208,459.762,35.757,16439.680,0.000,0.000,0.000,0.000,0.000,0.000,1.000,1.000,0.000,49.081,48.900,0.940,54.121,5.000,100.0,47.0,52.0512809753418,-17.0256404876709
52.382,12:54:03.353,459.762,35.757,16439.680,0.000,0.000,0.000,0.000,0.000,0.000,1.000,1.000,0.000,48.719,48.900,0.940,54.328,5.000,100.0,47.0,52.0512809753418,-17.0256404876709
52.527,12:54:03.417,459.762,35.757,16439.680,0.000,0.000,0.000,0.000,0.000,0.000,1.000,1.000,0.000,48.719,48.900,0.940,54.328,5.000,100.0,47.0,52.0512809753418,-17.0256404876709
52.589,12:54:03.480,459.762,35.757,16439.680,0.000,0.000,0.000,0.000,0.000,0.000,1.000,1.000,0.000,48.719,48.900,0.940,54.328,5.000,100.0,47.0,52.0512809753418,-17.0256404876709
52.655,12:54:03.625,459.762,35.757,16439.680,0.000,0.000,0.000,0.000,0.000,0.000,1.000,1.000,0.000,49.081,48.900,0.940,54.524,5.000,100.0,47.0,52.0512809753418,-17.0256404876709
52.798,12:54:03.688,459.082,35.923,16491.621,0.000,0.000,0.000,0.000,0.000,0.000,1.000,1.000,0.000,49.081,48.900,0.940,54.524,5.000,100.0,47.0,52.0512809753418,-17.0256404876709
52.861,12:54:03.944,459.082,35.923,16491.621,0.000,0.000,0.000,0.000,0.000,0.000,1.000,1.000,0.000,49.081,48.900,0.940,54.524,5.000,100.0,47.0,-23.69230842590332,52.56410217285156
53.118,12:54:04.088,458.534,36.028,16520.223,0.000,0.000,0.000,0.000,0.000,0.000,1.000,1.000,0.000,49.119,49.300,0.940,54.710,5.000,100.0,47.0,-23.69230842590332,52.56410217285156
53.263,12:54:04.153,458.534,36.028,16520.223,0.000,0.000,0.000,0.000,0.000,0.000,1.000,1.000,0.000,49.119,49.300,0.940,54.710,5.000,100.0,47.0,-23.69230842590332,52.56410217285156
53.325,12:54:04.216,458.534,36.028,16520.223,0.000,0.000,0.000,0.000,0.000,0.000,1.000,1.000,0.000,49.119,49.300,0.940,54.710,5.000,100.0,47.0,-23.69230842590332,52.56410217285156
53.389,12:54:04.361,458.534,36.028,16520.223,0.000,0.000,0.000,0.000,0.000,0.000,1.000,1.000,0.000,49.119,49.300,0.940,54.710,5.000,100.0,47.0,-23.69230842590332,52.56410217285156
53.533,12:54:04.424,455.274,36.780,16744.746,0.000,0.000,0.000,0.000,0.000,0.000,1.000,1.000,0.000,49.119,49.300,0.940,54.710,5.000,100.0,47.0,-23.69230842590332,52.56410217285156
53.597,12:54:04.488,455.274,36.780,16744.746,0.000,0.000,0.000,0.000,0.000,0.000,1.000,1.000,0.000,49.119,49.300,0.940,54.710,5.000,100.0,47.0,-23.69230842590332,52.56410217285156
53.662,12:54:04.632,455.274,36.780,16744.746,0.000,0.000,0.000,0.000,0.000,0.000,1.000,1.000,0.000,49.081,48.900,0.940,54.902,5.000,100.0,47.0,-23.69230842590332,52.56410217285156
53.806,12:54:04.696,455.274,36.780,16744.746,0.000,0.000,0.000,0.000,0.000,0.000,1.000,1.000,0.000,49.081,48.900,0.940,54.902,5.000,100.0,47.0,-23.69230842590332,52.56410217285156
53.869,12:54:04.953,455.274,36.780,16744.746,0.000,0.000,0.000,0.000,0.000,0.000,1.000,1.000,0.000,49.081,48.900,0.940,54.902,5.000,100.0,47.0,-42.56410217285156,45.53845977783203
54.126,12:54:05.096,462.385,35.121,16239.200,0.000,0.000,0.000,0.000,0.000,0.000,1.000,1.000,0.000,48.719,48.900,0.940,55.084,5.000,100.0,47.0,-42.56410217285156,45.53845977783203
54.270,12:54:05.160,462.385,35.121,16239.200,0.000,0.000,0.000,0.000,0.000,0.000,1.000,1.000,0.000,48.719,48.900,0.940,55.084,5.000,100.0,47.0,-42.56410217285156,45.53845977783203
54.333,12:54:05.224,455.536,36.723,16728.617,0.000,0.000,0.000,0.000,0.000,0.000,1.000,1.000,0.000,48.719,48.900,0.940,55.084,5.000,100.0,47.0,-42.56410217285156,45.53845977783203
54.397,12:54:05.368,455.536,36.723,16728.617,0.000,0.000,0.000,0.000,0.000,0.000,1.000,1.000,0.000,49.081,48.900,0.940,55.293,5.000,100.0,47.0,-42.56410217285156,45.53845977783203
54.541,12:54:05.432,455.536,36.723,16728.617,0.000,0.000,0.000,0.000,0.000,0.000,1.000,1.000,0.000,49.081,48.900,0.940,55.293,5.000,100.0,47.0,-42.56410217285156,45.53845977783203
54.605,12:54:05.496,455.536,36.723,16728.617,0.000,0.000,0.000,0.000,0.000,0.000,1.000,1.000,0.000,49.081,48.900,0.940,55.293,5.000,100.0,47.0,-42.56410217285156,45.53845977783203
54.669,12:54:05.640,455.536,36.723,16728.617,0.000,0.000,0.000,0.000,0.000,0.000,1.000,1.000,0.000,48.719,48.900,0.940,55.396,5.000,100.0,47.0,-42.56410217285156,45.53845977783203
54.813,12:54:05.703,462.648,35.054,16217.499,0.000,0.000,0.000,0.000,0.000,0.000,1.000,1.000,0.000,48.719,48.900,0.940,55.396,5.000,100.0,47.0,-42.56410217285156,45.53845977783203
54.876,12:54:05.960,462.648,35.054,16217.499,0.000,0.000,0.000,0.000,0.000,0.000,1.000,1.000,0.000,48.719,48.900,0.940,55.396,5.000,100.0,47.0,51.28205108642578,-17.94871711730957
55.132,12:54:06.103,455.487,36.739,16733.980,0.000,0.000,0.000,0.000,0.000,0.000,1.000,1.000,0.000,49.081,48.900,0.940,55.523,5.000,100.0,47.0,51.28205108642578,-17.94871711730957
55.277,12:54:06.167,455.487,36.739,16733.980,0.000,0.000,0.000,0.000,0.000,0.000,1.000,1.000,0.000,49.081,48.900,0.940,55.523,5.000,100.0,47.0,51.28205108642578,-17.94871711730957
55.341,12:54:06.231,455.487,36.739,16733.980,0.000,0.000,0.000,0.000,0.000,0.000,1.000,1.000,0.000,49.081,48.900,0.940,55.523,5.000,100.0,47.0,51.28205108642578,-17.94871711730957
55.405,12:54:06.376,455.487,36.739,16733.980,0.000,0.000,0.000,0.000,0.000,0.000,1.000,1.000,0.000,49.081,48.900,0.940,55.523,5.000,100.0,47.0,51.28205108642578,-17.94871711730957
55.548,12:54:06.439,459.046,35.942,16498.912,0.000,0.000,0.000,0.000,0.000,0.000,1.000,1.000,0.000,49.081,48.900,0.940,55.523,5.000,100.0,47.0,51.28205108642578,-17.94871711730957
55.612,12:54:06.503,459.046,35.942,16498.912,0.000,0.000,0.000,0.000,0.000,0.000,1.000,1.000,0.000,49.081,48.900,0.940,55.523,5.000,100.0,47.0,51.28205108642578,-17.94871711730957
55.676,12:54:06.646,459.046,35.942,16498.912,0.000,0.000,0.000,0.000,0.000,0.000,1.000,1.000,0.000,49.081,48.900,0.940,55.673,5.000,100.0,47.0,51.28205108642578,-17.94871711730957
55.821,12:54:06.711,459.046,35.942,16498.912,0.000,0.000,0.000,0.000,0.000,0.000,1.000,1.000,0.000,49.081,48.900,0.940,55.673,5.000,100.0,47.0,51.28205108642578,-17.94871711730957
55.884,12:54:06.966,459.046,35.942,16498.912,0.000,0.000,0.000,0.000,0.000,0.000,1.000,1.000,0.000,49.081,48.900,0.940,55.673,5.000,100.0,47.0,34.66666793823242,-52.871795654296875
56.140,12:54:07.111,459.298,35.875,16477.373,0.000,0.000,0.000,0.000,0.000,0.000,1.000,1.000,0.000,48.719,48.900,0.940,55.795,5.000,100.0,47.0,34.66666793823242,-52.871795654296875
56.284,12:54:07.175,459.298,35.875,16477.373,0.000,0.000,0.000,0.000,0.000,0.000,1.000,1.000,0.000,48.719,48.900,0.940,55.795,5.000,100.0,47.0,34.66666793823242,-52.871795654296875
56.347,12:54:07.238,459.075,35.918,16488.889,0.000,0.000,0.000,0.000,0.000,0.000,1.000,1.000,0.000,48.719,48.900,0.940,55.795,5.000,100.0,47.0,34.66666793823242,-52.871795654296875
56.412,12:54:07.383,459.075,35.918,16488.889,0.000,0.000,0.000,0.000,0.000,0.000,1.000,1.000,0.000,49.081,48.900,0.940,55.936,5.000,100.0,47.0,34.66666793823242,-52.871795654296875
56.556,12:54:07.447,459.075,35.918,16488.889,0.000,0.000,0.000,0.000,0.000,0.000,1.000,1.000,0.000,49.081,48.900,0.940,55.936,5.000,100.0,47.0,34.66666793823242,-52.871795654296875
56.620,12:54:07.511,459.075,35.918,16488.889,0.000,0.000,0.000,0.000,0.000,0.000,1.000,1.000,0.000,49.081,48.900,0.940,55.936,5.000,100.0,47.0,34.66666793823242,-52.871795654296875
56.683,12:54:07.654,459.075,35.918,16488.889,0.000,0.000,0.000,0.000,0.000,0.000,1.000,1.000,0.000,49.081,48.900,0.940,55.936,5.000,100.0,47.0,34.66666793823242,-52.871795654296875
56.828,12:54:07.719,459.415,35.860,16474.445,0.000,0.000,0.000,0.000,0.000,0.000,1.000,1.000,0.000,49.081,48.900,0.940,55.936,5.000,100.0,47.0,34.66666793823242,-52.871795654296875
56.891,12:54:07.975,459.415,35.860,16474.445,0.000,0.000,0.000,0.000,0.000,0.000,1.000,1.000,0.000,49.081,48.900,0.940,55.936,5.000,100.0,47.0,30.512821197509766,18.153846740722656
57.147,12:54:08.118,459.415,35.860,16474.445,0.000,0.000,0.000,0.000,0.000,0.000,1.000,1.000,0.000,48.719,48.900,0.940,56.120,5.000,100.0,47.0,30.512821197509766,18.153846740722656
57.291,12:54:08.182,462.709,35.039,16212.759,0.000,0.000,0.000,0.000,0.000,0.000,1.000,1.000,0.000,48.719,48.900,0.940,56.120,5.000,100.0,47.0,30.512821197509766,18.153846740722656
57.355,12:54:08.246,462.709,35.039,16212.759,0.000,0.000,0.000,0.000,0.000,0.000,1.000,1.000,0.000,48.719,48.900,0.940,56.120,5.000,100.0,47.0,30.512821197509766,18.153846740722656
57.419,12:54:08.391,462.709,35.039,16212.759,0.000,0.000,0.000,0.000,0.000,0.000,1.000,1.000,0.000,48.719,48.900,0.940,56.120,5.000,100.0,47.0,30.512821197509766,18.153846740722656
57.563,12:54:08.453,458.886,35.981,16511.098,0.000,0.000,0.000,0.000,0.000,0.000,1.000,1.000,0.000,48.719,48.900,0.940,56.120,5.000,100.0,47.0,30.512821197509766,18.153846740722656
57.627,12:54:08.518,458.886,35.981,16511.098,0.000,0.000,0.000,0.000,0.000,0.000,1.000,1.000,0.000,48.719,48.900,0.940,56.120,5.000,100.0,47.0,30.512821197509766,18.153846740722656
57.692,12:54:08.661,458.886,35.981,16511.098,0.000,0.000,0.000,0.000,0.000,0.000,1.000,1.000,0.000,49.119,49.300,0.940,56.248,5.000,100.0,47.0,30.512821197509766,18.153846740722656
57.834,12:54:08.725,458.886,35.981,16511.098,0.000,0.000,0.000,0.000,0.000,0.000,1.000,1.000,0.000,49.119,49.300,0.940,56.248,5.000,100.0,47.0,30.512821197509766,18.153846740722656
57.898,12:54:08.982,458.886,35.981,16511.098,0.000,0.000,0.000,0.000,0.000,0.000,1.000,1.000,0.000,49.119,49.300,0.940,56.248,5.000,100.0,47.0,1.384615421295166,46.71794891357422
58.155,12:54:09.125,455.111,36.834,16763.762,0.000,0.000,0.000,0.000,0.000,0.000,1.000,1.000,0.000,49.081,48.900,0.940,56.355,5.000,100.0,47.0,1.384615421295166,46.71794891357422
58.298,12:54:09.189,455.111,36.834,16763.762,0.000,0.000,0.000,0.000,0.000,0.000,1.000,1.000,0.000,49.081,48.900,0.940,56.355,5.000,100.0,47.0,1.384615421295166,46.71794891357422
58.362,12:54:09.253,455.111,36.834,16763.762,0.000,0.000,0.000,0.000,0.000,0.000,1.000,1.000,0.000,49.081,48.900,0.940,56.355,5.000,100.0,47.0,1.384615421295166,46.71794891357422
58.427,12:54:09.397,459.849,35.754,16441.207,0.000,0.000,0.000,0.000,0.000,0.000,1.000,1.000,0.000,49.081,48.900,0.940,56.491,5.000,100.0,47.0,1.384615421295166,46.71794891357422
58.571,12:54:09.461,459.849,35.754,16441.207,0.000,0.000,0.000,0.000,0.000,0.000,1.000,1.000,0.000,49.081,48.900,0.940,56.491,5.000,100.0,47.0,1.384615421295166,46.71794891357422
58.635,12:54:09.526,459.849,35.754,16441.207,0.000,0.000,0.000,0.000,0.000,0.000,1.000,1.000,0.000,49.081,48.900,0.940,56.491,5.000,100.0,47.0,1.384615421295166,46.71794891357422
58.698,12:54:09.669,459.849,35.754,16441.207,0.000,0.000,0.000,0.000,0.000,0.000,1.000,1.000,0.000,49.081,48.900,0.940,56.491,5.000,100.0,47.0,1.384615421295166,46.71794891357422
58.842,12:54:09.732,456.602,36.566,16696.086,0.000,0.000,0.000,0.000,0.000,0.000,1.000,1.000,0.000,49.081,48.900,0.940,56.491,5.000,100.0,47.0,1.384615421295166,46.71794891357422
58.906,12:54:09.988,456.602,36.566,16696.086,0.000,0.000,0.000,0.000,0.000,0.000,1.000,1.000,0.000,49.081,48.900,0.940,56.491,5.000,100.0,47.0,10.717948913574219,-49.9487190246582
59.162,12:54:10.133,456.602,36.566,16696.086,0.000,0.000,0.000,0.000,0.000,0.000,1.000,1.000,0.000,49.080,48.900,0.940,56.656,5.000,100.0,47.0,10.717948913574219,-49.9487190246582
59.306,12:54:10.196,457.998,36.251,16603.072,0.000,0.000,0.000,0.000,0.000,0.000,1.000,1.000,0.000,49.080,48.900,0.940,56.656,5.000,100.0,47.0,10.717948913574219,-49.9487190246582
59.370,12:54:10.260,457.998,36.251,16603.072,0.000,0.000,0.000,0.000,0.000,0.000,1.000,1.000,0.000,49.080,48.900,0.940,56.656,5.000,100.0,47.0,10.717948913574219,-49.9487190246582
59.433,12:54:10.405,457.998,36.251,16603.072,0.000,0.000,0.000,0.000,0.000,0.000,1.000,1.000,0.000,49.080,48.900,0.940,56.656,5.000,100.0,47.0,10.717948913574219,-49.9487190246582
59.577,12:54:10.468,457.998,36.251,16603.072,0.000,0.000,0.000,0.000,0.000,0.000,1.000,1.000,0.000,49.080,48.900,0.940,56.656,5.000,100.0,47.0,10.717948913574219,-49.9487190246582
59.643,12:54:10.533,456.271,36.644,16719.555,0.000,0.000,0.000,0.000,0.000,0.000,1.000,1.000,0.000,49.080,48.900,0.940,56.656,5.000,100.0,47.0,10.717948913574219,-49.9487190246582
59.706,12:54:10.676,456.271,36.644,16719.555,0.000,0.000,0.000,0.000,0.000,0.000,1.000,1.000,0.000,49.081,48.900,0.940,56.790,5.000,100.0,47.0,10.717948913574219,-49.9487190246582
59.850,12:54:10.741,456.271,36.644,16719.555,0.000,0.000,0.000,0.000,0.000,0.000,1.000,1.000,0.000,49.081,48.900,0.940,56.790,5.000,100.0,47.0,10.717948913574219,-49.9487190246582
59.913,12:54:10.997,456.271,36.644,16719.555,0.000,0.000,0.000,0.000,0.000,0.000,1.000,1.000,0.000,49.081,48.900,0.940,56.790,5.000,100.0,47.0,-29.58974266052246,-16.871795654296875
60.170,12:54:11.141,457.840,36.305,16621.779,0.000,0.000,0.000,0.000,0.000,0.000,1.000,1.000,0.000,49.119,49.300,0.940,56.885,5.000,100.0,47.0,-29.58974266052246,-16.871795654296875
60.313,12:54:11.204,457.840,36.305,16621.779,0.000,0.000,0.000,0.000,0.000,0.000,1.000,1.000,0.000,49.119,49.300,0.940,56.885,5.000,100.0,47.0,-29.58974266052246,-16.871795654296875
60.377,12:54:11.268,457.840,36.305,16621.779,0.000,0.000,0.000,0.000,0.000,0.000,1.000,1.000,0.000,49.119,49.300,0.940,56.885,5.000,100.0,47.0,-29.58974266052246,-16.871795654296875
60.441,12:54:11.412,460.359,35.699,16434.150,0.000,0.000,0.000,0.000,0.000,0.000,1.000,1.000,0.000,48.719,48.900,0.940,56.995,5.000,100.0,47.0,-29.58974266052246,-16.871795654296875
60.585,12:54:11.476,460.359,35.699,16434.150,0.000,0.000,0.000,0.000,0.000,0.000,1.000,1.000,0.000,48.719,48.900,0.940,56.995,5.000,100.0,47.0,-29.58974266052246,-16.871795654296875
60.649,12:54:11.540,460.359,35.699,16434.150,0.000,0.000,0.000,0.000,0.000,0.000,1.000,1.000,0.000,48.719,48.900,0.940,56.995,5.000,100.0,47.0,-29.58974266052246,-16.871795654296875
60.713,12:54:11.683,460.359,35.699,16434.150,0.000,0.000,0.000,0.000,0.000,0.000,1.000,1.000,0.000,48.719,48.900,0.940,56.995,5.000,100.0,47.0,-29.58974266052246,-16.871795654296875
60.857,12:54:11.748,463.887,34.800,16143.243,0.000,0.000,0.000,0.000,0.000,0.000,1.000,1.000,0.000,48.719,48.900,0.940,56.995,5.000,100.0,47.0,-29.58974266052246,-16.871795654296875
60.921,12:54:12.003,463.887,34.800,16143.243,0.000,0.000,0.000,0.000,0.000,0.000,1.000,1.000,0.000,48.719,48.900,0.940,56.995,5.000,100.0,47.0,45.74359130859375,-33.28205108642578
61.176,12:54:12.148,463.887,34.800,16143.243,0.000,0.000,0.000,0.000,0.000,0.000,1.000,1.000,0.000,49.119,49.300,0.940,57.149,5.000,100.0,47.0,45.74359130859375,-33.28205108642578
61.321,12:54:12.212,458.068,36.227,16594.615,0.000,0.000,0.000,0.000,0.000,0.000,1.000,1.000,0.000,49.119,49.300,0.940,57.149,5.000,100.0,47.0,45.74359130859375,-33.28205108642578
61.385,12:54:12.275,458.068,36.227,16594.615,0.000,0.000,0.000,0.000,0.000,0.000,1.000,1.000,0.000,49.119,49.300,0.940,57.149,5.000,100.0,47.0,45.74359130859375,-33.28205108642578
61.449,12:54:12.419,458.068,36.227,16594.615,0.000,0.000,0.000,0.000,0.000,0.000,1.000,1.000,0.000,49.119,49.300,0.940,57.149,5.000,100.0,47.0,45.74359130859375,-33.28205108642578
61.592,12:54:12.483,458.068,36.227,16594.615,0.000,0.000,0.000,0.000,0.000,0.000,1.000,1.000,0.000,49.119,49.300,0.940,57.149,5.000,100.0,47.0,45.74359130859375,-33.28205108642578
61.657,12:54:12.547,460.271,35.723,16442.254,0.000,0.000,0.000,0.000,0.000,0.000,1.000,1.000,0.000,49.119,49.300,0.940,57.149,5.000,100.0,47.0,45.74359130859375,-33.28205108642578
61.721,12:54:12.690,460.271,35.723,16442.254,0.000,0.000,0.000,0.000,0.000,0.000,1.000,1.000,0.000,48.681,48.500,0.940,57.227,5.000,100.0,47.0,45.74359130859375,-33.28205108642578
61.865,12:54:12.755,460.271,35.723,16442.254,0.000,0.000,0.000,0.000,0.000,0.000,1.000,1.000,0.000,48.681,48.500,0.940,57.227,5.000,100.0,47.0,45.74359130859375,-33.28205108642578
61.928,12:54:13.011,460.271,35.723,16442.254,0.000,0.000,0.000,0.000,0.000,0.000,1.000,1.000,0.000,48.681,48.500,0.940,57.227,5.000,100.0,47.0,0.7692307829856873,46.25640869140625
62.184,12:54:13.155,458.144,36.213,16590.910,0.000,0.000,0.000,0.000,0.000,0.000,1.000,1.000,0.000,49.119,49.300,0.940,57.283,5.000,100.0,47.0,0.7692307829856873,46.25640869140625
62.328,12:54:13.218,458.144,36.213,16590.910,0.000,0.000,0.000,0.000,0.000,0.000,1.000,1.000,0.000,49.119,49.300,0.940,57.283,5.000,100.0,47.0,0.7692307829856873,46.25640869140625
62.392,12:54:13.282,458.144,36.213,16590.910,0.000,0.000,0.000,0.000,0.000,0.000,1.000,1.000,0.000,49.119,49.300,0.940,57.283,5.000,100.0,47.0,0.7692307829856873,46.25640869140625
62.457,12:54:13.427,460.099,35.763,16454.449,0.000,0.000,0.000,0.000,0.000,0.000,1.000,1.000,0.000,48.681,48.500,0.940,57.372,5.000,100.0,47.0,0.7692307829856873,46.25640869140625
62.600,12:54:13.491,460.099,35.763,16454.449,0.000,0.000,0.000,0.000,0.000,0.000,1.000,1.000,0.000,48.681,48.500,0.940,57.372,5.000,100.0,47.0,0.7692307829856873,46.25640869140625
62.664,12:54:13.555,460.099,35.763,16454.449,0.000,0.000,0.000,0.000,0.000,0.000,1.000,1.000,0.000,48.681,48.500,0.940,57.372,5.000,100.0,47.0,0.7692307829856873,46.25640869140625
62.728,12:54:13.699,460.099,35.763,16454.449,0.000,0.000,0.000,0.000,0.000,0.000,1.000,1.000,0.000,48.681,48.500,0.940,57.372,5.000,100.0,47.0,0.7692307829856873,46.25640869140625
62.872,12:54:13.763,460.158,35.745,16448.277,0.000,0.000,0.000,0.000,0.000,0.000,1.000,1.000,0.000,48.681,48.500,0.940,57.372,5.000,100.0,47.0,0.7692307829856873,46.25640869140625
62.936,12:54:14.018,460.158,35.745,16448.277,0.000,0.000,0.000,0.000,0.000,0.000,1.000,1.000,0.000,48.681,48.500,0.940,57.372,5.000,100.0,47.0,38.871795654296875,-50.92307662963867
63.192,12:54:14.429,460.158,35.745,16448.277,0.000,0.000,0.000,0.000,0.000,0.000,1.000,1.000,0.000,48.681,48.500,0.940,57.372,5.000,100.0,47.0,38.871795654296875,-50.92307662963867
63.591,12:54:14.562,455.656,36.777,16757.424,0.000,0.000,0.000,0.000,0.000,0.000,1.000,1.000,0.000,49.119,49.300,0.940,57.509,5.000,100.0,47.0,38.871795654296875,-50.92307662963867
63.735,12:54:14.626,458.533,36.126,16565.098,0.000,0.000,0.000,0.000,0.000,0.000,1.000,1.000,0.000,49.119,49.300,0.940,57.509,5.000,100.0,47.0,38.871795654296875,-50.92307662963867
63.800,12:54:14.690,458.533,36.126,16565.098,0.000,0.000,0.000,0.000,0.000,0.000,1.000,1.000,0.000,49.119,49.300,0.940,57.509,5.000,100.0,47.0,38.871795654296875,-50.92307662963867
64.199,12:54:15.362,462.417,35.192,16273.256,0.000,0.000,0.000,0.000,0.000,0.000,1.000,1.000,0.000,48.719,48.900,0.940,57.654,5.000,100.0,47.0,-15.589743614196777,-38.512821197509766
64.535,12:54:15.506,455.851,36.737,16746.805,0.000,0.000,0.000,0.000,0.000,0.000,1.000,1.000,0.000,49.119,49.300,0.940,57.767,5.000,100.0,47.0,-15.589743614196777,-38.512821197509766
64.679,12:54:15.569,455.851,36.737,16746.805,0.000,0.000,0.000,0.000,0.000,0.000,1.000,1.000,0.000,49.119,49.300,0.940,57.767,5.000,100.0,47.0,-15.589743614196777,-38.512821197509766
64.742,12:54:15.633,455.851,36.737,16746.805,0.000,0.000,0.000,0.000,0.000,0.000,1.000,1.000,0.000,49.119,49.300,0.940,57.767,5.000,100.0,47.0,-15.589743614196777,-38.512821197509766
64.807,12:54:15.777,455.851,36.737,16746.805,0.000,0.000,0.000,0.000,0.000,0.000,1.000,1.000,0.000,49.119,49.300,0.940,57.767,5.000,100.0,47.0,-15.589743614196777,-38.512821197509766
64.951,12:54:15.842,458.773,36.068,16547.041,0.000,0.000,0.000,0.000,0.000,0.000,1.000,1.000,0.000,49.119,49.300,0.940,57.767,5.000,100.0,47.0,-15.589743614196777,-38.512821197509766
65.014,12:54:15.905,458.773,36.068,16547.041,0.000,0.000,0.000,0.000,0.000,0.000,1.000,1.000,0.000,49.119,49.300,0.940,57.767,5.000,100.0,47.0,-15.589743614196777,-38.512821197509766
65.078,12:54:16.049,458.773,36.068,16547.041,0.000,0.000,0.000,0.000,0.000,0.000,1.000,1.000,0.000,49.081,48.900,0.940,57.843,5.000,100.0,47.0,-15.589743614196777,-38.512821197509766
65.222,12:54:16.305,458.773,36.068,16547.041,0.000,0.000,0.000,0.000,0.000,0.000,1.000,1.000,0.000,49.081,48.900,0.940,57.843,5.000,100.0,47.0,-49.07692337036133,31.487178802490234
65.479,12:54:16.448,460.059,35.782,16461.668,0.000,0.000,0.000,0.000,0.000,0.000,1.000,1.000,0.000,48.681,48.500,0.940,57.917,5.000,100.0,47.0,-49.07692337036133,31.487178802490234
65.623,12:54:16.513,460.059,35.782,16461.668,0.000,0.000,0.000,0.000,0.000,0.000,1.000,1.000,0.000,48.681,48.500,0.940,57.917,5.000,100.0,47.0,-49.07692337036133,31.487178802490234
65.687,12:54:16.577,460.059,35.782,16461.668,0.000,0.000,0.000,0.000,0.000,0.000,1.000,1.000,0.000,48.681,48.500,0.940,57.917,5.000,100.0,47.0,-49.07692337036133,31.487178802490234
65.751,12:54:16.720,459.902,35.817,16472.535,0.000,0.000,0.000,0.000,0.000,0.000,1.000,1.000,0.000,48.719,48.900,0.940,57.968,5.000,100.0,47.0,-49.07692337036133,31.487178802490234
65.894,12:54:16.785,459.902,35.817,16472.535,0.000,0.000,0.000,0.000,0.000,0.000,1.000,1.000,0.000,48.719,48.900,0.940,57.968,5.000,100.0,47.0,-49.07692337036133,31.487178802490234
65.957,12:54:16.848,459.902,35.817,16472.535,0.000,0.000,0.000,0.000,0.000,0.000,1.000,1.000,0.000,48.719,48.900,0.940,57.968,5.000,100.0,47.0,-49.07692337036133,31.487178802490234
66.022,12:54:16.993,459.902,35.817,16472.535,0.000,0.000,0.000,0.000,0.000,0.000,1.000,1.000,0.000,48.719,48.900,0.940,57.968,5.000,100.0,47.0,-49.07692337036133,31.487178802490234
66.166,12:54:17.057,459.107,36.002,16528.566,0.000,0.000,0.000,0.000,0.000,0.000,1.000,1.000,0.000,48.719,48.900,0.940,57.968,5.000,100.0,47.0,-49.07692337036133,31.487178802490234
66.230,12:54:17.313,459.107,36.002,16528.566,0.000,0.000,0.000,0.000,0.000,0.000,1.000,1.000,0.000,48.719,48.900,0.940,57.968,5.000,100.0,47.0,30.615385055541992,21.794872283935547
66.486,12:54:17.457,459.107,36.002,16528.566,0.000,0.000,0.000,0.000,0.000,0.000,1.000,1.000,0.000,49.119,49.300,0.940,58.103,5.000,100.0,47.0,30.615385055541992,21.794872283935547
66.630,12:54:17.521,459.430,35.936,16510.295,0.000,0.000,0.000,0.000,0.000,0.000,1.000,1.000,0.000,49.119,49.300,0.940,58.103,5.000,100.0,47.0,30.615385055541992,21.794872283935547
66.693,12:54:17.584,459.430,35.936,16510.295,0.000,0.000,0.000,0.000,0.000,0.000,1.000,1.000,0.000,49.119,49.300,0.940,58.103,5.000,100.0,47.0,30.615385055541992,21.794872283935547
66.757,12:54:17.728,459.430,35.936,16510.295,0.000,0.000,0.000,0.000,0.000,0.000,1.000,1.000,0.000,49.119,49.300,0.940,58.103,5.000,100.0,47.0,30.615385055541992,21.794872283935547
66.902,12:54:17.792,459.430,35.936,16510.295,0.000,0.000,0.000,0.000,0.000,0.000,1.000,1.000,0.000,49.119,49.300,0.940,58.103,5.000,100.0,47.0,30.615385055541992,21.794872283935547
66.965,12:54:17.855,459.074,36.012,16532.258,0.000,0.000,0.000,0.000,0.000,0.000,1.000,1.000,0.000,49.119,49.300,0.940,58.103,5.000,100.0,47.0,30.615385055541992,21.794872283935547
67.029,12:54:18.000,459.074,36.012,16532.258,0.000,0.000,0.000,0.000,0.000,0.000,1.000,1.000,0.000,49.081,48.900,0.940,58.154,5.000,100.0,47.0,30.615385055541992,21.794872283935547
67.173,12:54:18.063,459.074,36.012,16532.258,0.000,0.000,0.000,0.000,0.000,0.000,1.000,1.000,0.000,49.081,48.900,0.940,58.154,5.000,100.0,47.0,30.615385055541992,21.794872283935547
67.237,12:54:18.319,459.074,36.012,16532.258,0.000,0.000,0.000,0.000,0.000,0.000,1.000,1.000,0.000,49.081,48.900,0.940,58.154,5.000,100.0,47.0,48.71794891357422,-18.205127716064453
67.493,12:54:18.464,462.701,35.123,16251.445,0.000,0.000,0.000,0.000,0.000,0.000,1.000,1.000,0.000,48.681,48.500,0.940,58.213,5.000,100.0,47.0,48.71794891357422,-18.205127716064453
67.637,12:54:18.527,462.701,35.123,16251.445,0.000,0.000,0.000,0.000,0.000,0.000,1.000,1.000,0.000,48.681,48.500,0.940,58.213,5.000,100.0,47.0,48.71794891357422,-18.205127716064453
67.701,12:54:18.592,462.701,35.123,16251.445,0.000,0.000,0.000,0.000,0.000,0.000,1.000,1.000,0.000,48.681,48.500,0.940,58.213,5.000,100.0,47.0,48.71794891357422,-18.205127716064453
67.765,12:54:18.736,459.719,35.859,16484.881,0.000,0.000,0.000,0.000,0.000,0.000,1.000,1.000,0.000,48.719,48.900,0.940,58.262,5.000,100.0,47.0,48.71794891357422,-18.205127716064453
67.908,12:54:18.799,459.719,35.859,16484.881,0.000,0.000,0.000,0.000,0.000,0.000,1.000,1.000,0.000,48.719,48.900,0.940,58.262,5.000,100.0,47.0,48.71794891357422,-18.205127716064453
67.973,12:54:18.864,459.719,35.859,16484.881,0.000,0.000,0.000,0.000,0.000,0.000,1.000,1.000,0.000,48.719,48.900,0.940,58.262,5.000,100.0,47.0,48.71794891357422,-18.205127716064453
68.036,12:54:19.006,459.719,35.859,16484.881,0.000,0.000,0.000,0.000,0.000,0.000,1.000,1.000,0.000,48.719,48.900,0.940,58.262,5.000,100.0,47.0,48.71794891357422,-18.205127716064453
68.181,12:54:19.071,455.565,36.797,16763.541,0.000,0.000,0.000,0.000,0.000,0.000,1.000,1.000,0.000,48.719,48.900,0.940,58.262,5.000,100.0,47.0,48.71794891357422,-18.205127716064453
68.245,12:54:19.327,455.565,36.797,16763.541,0.000,0.000,0.000,0.000,0.000,0.000,1.000,1.000,0.000,48.719,48.900,0.940,58.262,5.000,100.0,47.0,-28.35897445678711,-23.538461685180664
68.500,12:54:19.471,455.565,36.797,16763.541,0.000,0.000,0.000,0.000,0.000,0.000,1.000,1.000,0.000,49.081,48.900,0.940,58.368,5.000,100.0,47.0,-28.35897445678711,-23.538461685180664
68.644,12:54:19.534,459.322,35.957,16515.979,0.000,0.000,0.000,0.000,0.000,0.000,1.000,1.000,0.000,49.081,48.900,0.940,58.368,5.000,100.0,47.0,-28.35897445678711,-23.538461685180664
68.708,12:54:19.599,459.322,35.957,16515.979,0.000,0.000,0.000,0.000,0.000,0.000,1.000,1.000,0.000,49.081,48.900,0.940,58.368,5.000,100.0,47.0,-28.35897445678711,-23.538461685180664
68.773,12:54:19.742,459.322,35.957,16515.979,0.000,0.000,0.000,0.000,0.000,0.000,1.000,1.000,0.000,49.081,48.900,0.940,58.368,5.000,100.0,47.0,-28.35897445678711,-23.538461685180664
68.916,12:54:19.806,459.322,35.957,16515.979,0.000,0.000,0.000,0.000,0.000,0.000,1.000,1.000,0.000,49.081,48.900,0.940,58.368,5.000,100.0,47.0,-28.35897445678711,-23.538461685180664
68.981,12:54:19.871,455.760,36.764,16755.527,0.000,0.000,0.000,0.000,0.000,0.000,1.000,1.000,0.000,49.081,48.900,0.940,58.368,5.000,100.0,47.0,-28.35897445678711,-23.538461685180664
69.043,12:54:20.014,455.760,36.764,16755.527,0.000,0.000,0.000,0.000,0.000,0.000,1.000,1.000,0.000,49.119,49.300,0.940,58.440,5.000,100.0,47.0,-28.35897445678711,-23.538461685180664
69.188,12:54:20.079,455.760,36.764,16755.527,0.000,0.000,0.000,0.000,0.000,0.000,1.000,1.000,0.000,49.119,49.300,0.940,58.440,5.000,100.0,47.0,-28.35897445678711,-23.538461685180664
69.252,12:54:20.335,455.760,36.764,16755.527,0.000,0.000,0.000,0.000,0.000,0.000,1.000,1.000,0.000,49.119,49.300,0.940,58.440,5.000,100.0,47.0,-23.64102554321289,53.846153259277344
69.507,12:54:20.478,459.303,35.976,16523.742,0.000,0.000,0.000,0.000,0.000,0.000,1.000,1.000,0.000,49.081,48.900,0.940,58.530,5.000,100.0,47.0,-23.64102554321289,53.846153259277344
69.652,12:54:20.543,459.303,35.976,16523.742,0.000,0.000,0.000,0.000,0.000,0.000,1.000,1.000,0.000,49.081,48.900,0.940,58.530,5.000,100.0,47.0,-23.64102554321289,53.846153259277344
69.715,12:54:20.606,459.303,35.976,16523.742,0.000,0.000,0.000,0.000,0.000,0.000,1.000,1.000,0.000,49.081,48.900,0.940,58.530,5.000,100.0,47.0,-23.64102554321289,53.846153259277344
69.779,12:54:20.750,459.469,35.924,16505.896,0.000,0.000,0.000,0.000,0.000,0.000,1.000,1.000,0.000,49.119,49.300,0.940,58.621,5.000,100.0,47.0,-23.64102554321289,53.846153259277344
69.923,12:54:20.814,459.469,35.924,16505.896,0.000,0.000,0.000,0.000,0.000,0.000,1.000,1.000,0.000,49.119,49.300,0.940,58.621,5.000,100.0,47.0,-23.64102554321289,53.846153259277344
69.987,12:54:20.877,459.469,35.924,16505.896,0.000,0.000,0.000,0.000,0.000,0.000,1.000,1.000,0.000,49.119,49.300,0.940,58.621,5.000,100.0,47.0,-23.64102554321289,53.846153259277344
70.052,12:54:21.022,459.469,35.924,16505.896,0.000,0.000,0.000,0.000,0.000,0.000,1.000,1.000,0.000,49.119,49.300,0.940,58.621,5.000,100.0,47.0,-23.64102554321289,53.846153259277344
70.196,12:54:21.086,453.777,37.171,16867.375,0.000,0.000,0.000,0.000,0.000,0.000,1.000,1.000,0.000,49.119,49.300,0.940,58.621,5.000,100.0,47.0,-23.64102554321289,53.846153259277344
70.260,12:54:21.342,453.777,37.171,16867.375,0.000,0.000,0.000,0.000,0.000,0.000,1.000,1.000,0.000,49.119,49.300,0.940,58.621,5.000,100.0,47.0,-0.3589743673801422,-49.64102554321289
70.515,12:54:21.486,453.777,37.171,16867.375,0.000,0.000,0.000,0.000,0.000,0.000,1.000,1.000,0.000,49.080,48.900,0.940,58.738,5.000,100.0,47.0,-0.3589743673801422,-49.64102554321289
70.659,12:54:21.550,456.891,36.536,16692.895,0.000,0.000,0.000,0.000,0.000,0.000,1.000,1.000,0.000,49.080,48.900,0.940,58.738,5.000,100.0,47.0,-0.3589743673801422,-49.64102554321289
70.723,12:54:21.613,456.891,36.536,16692.895,0.000,0.000,0.000,0.000,0.000,0.000,1.000,1.000,0.000,49.080,48.900,0.940,58.738,5.000,100.0,47.0,-0.3589743673801422,-49.64102554321289
70.788,12:54:21.758,456.891,36.536,16692.895,0.000,0.000,0.000,0.000,0.000,0.000,1.000,1.000,0.000,49.080,48.900,0.940,58.738,5.000,100.0,47.0,-0.3589743673801422,-49.64102554321289
70.931,12:54:21.821,456.891,36.536,16692.895,0.000,0.000,0.000,0.000,0.000,0.000,1.000,1.000,0.000,49.080,48.900,0.940,58.738,5.000,100.0,47.0,-0.3589743673801422,-49.64102554321289
70.994,12:54:21.885,458.489,36.176,16586.350,0.000,0.000,0.000,0.000,0.000,0.000,1.000,1.000,0.000,49.080,48.900,0.940,58.738,5.000,100.0,47.0,-0.3589743673801422,-49.64102554321289
71.059,12:54:22.029,458.489,36.176,16586.350,0.000,0.000,0.000,0.000,0.000,0.000,1.000,1.000,0.000,49.120,49.300,0.940,58.816,5.000,100.0,47.0,-0.3589743673801422,-49.64102554321289
71.202,12:54:22.093,458.489,36.176,16586.350,0.000,0.000,0.000,0.000,0.000,0.000,1.000,1.000,0.000,49.120,49.300,0.940,58.816,5.000,100.0,47.0,-0.3589743673801422,-49.64102554321289
71.267,12:54:22.349,458.489,36.176,16586.350,0.000,0.000,0.000,0.000,0.000,0.000,1.000,1.000,0.000,49.120,49.300,0.940,58.816,5.000,100.0,47.0,-39.846153259277344,44.97435760498047
71.522,12:54:22.493,458.205,36.229,16600.164,0.000,0.000,0.000,0.000,0.000,0.000,1.000,1.000,0.000,49.081,48.900,0.940,58.875,5.000,100.0,47.0,-39.846153259277344,44.97435760498047
71.666,12:54:22.557,458.205,36.229,16600.164,0.000,0.000,0.000,0.000,0.000,0.000,1.000,1.000,0.000,49.081,48.900,0.940,58.875,5.000,100.0,47.0,-39.846153259277344,44.97435760498047
71.731,12:54:22.622,458.205,36.229,16600.164,0.000,0.000,0.000,0.000,0.000,0.000,1.000,1.000,0.000,49.081,48.900,0.940,58.875,5.000,100.0,47.0,-39.846153259277344,44.97435760498047
71.795,12:54:22.765,458.205,36.229,16600.164,0.000,0.000,0.000,0.000,0.000,0.000,1.000,1.000,0.000,49.119,49.300,0.940,58.932,5.000,100.0,47.0,-39.846153259277344,44.97435760498047
71.938,12:54:22.828,458.378,36.188,16587.939,0.000,0.000,0.000,0.000,0.000,0.000,1.000,1.000,0.000,49.119,49.300,0.940,58.932,5.000,100.0,47.0,-39.846153259277344,44.97435760498047
72.002,12:54:22.893,458.378,36.188,16587.939,0.000,0.000,0.000,0.000,0.000,0.000,1.000,1.000,0.000,49.119,49.300,0.940,58.932,5.000,100.0,47.0,-39.846153259277344,44.97435760498047
72.066,12:54:23.036,458.378,36.188,16587.939,0.000,0.000,0.000,0.000,0.000,0.000,1.000,1.000,0.000,49.119,49.300,0.940,58.932,5.000,100.0,47.0,-39.846153259277344,44.97435760498047
72.210,12:54:23.100,458.528,36.162,16581.377,0.000,0.000,0.000,0.000,0.000,0.000,1.000,1.000,0.000,49.119,49.300,0.940,58.932,5.000,100.0,47.0,-39.846153259277344,44.97435760498047
72.274,12:54:23.356,458.528,36.162,16581.377,0.000,0.000,0.000,0.000,0.000,0.000,1.000,1.000,0.000,49.119,49.300,0.940,58.932,5.000,100.0,47.0,42.46154022216797,-43.02564239501953
72.531,12:54:23.500,458.528,36.162,16581.377,0.000,0.000,0.000,0.000,0.000,0.000,1.000,1.000,0.000,49.081,48.900,0.940,58.979,5.000,100.0,47.0,42.46154022216797,-43.02564239501953
72.673,12:54:23.564,462.238,35.269,16302.748,0.000,0.000,0.000,0.000,0.000,0.000,1.000,1.000,0.000,49.081,48.900,0.940,58.979,5.000,100.0,47.0,42.46154022216797,-43.02564239501953
72.737,12:54:23.628,462.238,35.269,16302.748,0.000,0.000,0.000,0.000,0.000,0.000,1.000,1.000,0.000,49.081,48.900,0.940,58.979,5.000,100.0,47.0,42.46154022216797,-43.02564239501953
72.801,12:54:23.772,462.238,35.269,16302.748,0.000,0.000,0.000,0.000,0.000,0.000,1.000,1.000,0.000,48.681,48.500,0.940,59.035,5.000,100.0,47.0,42.46154022216797,-43.02564239501953
72.946,12:54:23.836,462.238,35.269,16302.748,0.000,0.000,0.000,0.000,0.000,0.000,1.000,1.000,0.000,48.681,48.500,0.940,59.035,5.000,100.0,47.0,42.46154022216797,-43.02564239501953
73.010,12:54:23.900,462.238,35.269,16302.748,0.000,0.000,0.000,0.000,0.000,0.000,1.000,1.000,0.000,48.681,48.500,0.940,59.035,5.000,100.0,47.0,42.46154022216797,-43.02564239501953
73.074,12:54:24.044,462.388,35.214,16282.347,0.000,0.000,0.000,0.000,0.000,0.000,1.000,1.000,0.000,48.719,48.900,0.940,59.058,5.000,100.0,47.0,42.46154022216797,-43.02564239501953
73.218,12:54:24.108,462.388,35.214,16282.347,0.000,0.000,0.000,0.000,0.000,0.000,1.000,1.000,0.000,48.719,48.900,0.940,59.058,5.000,100.0,47.0,42.46154022216797,-43.02564239501953
73.282,12:54:24.363,462.388,35.214,16282.347,0.000,0.000,0.000,0.000,0.000,0.000,1.000,1.000,0.000,48.719,48.900,0.940,59.058,5.000,100.0,47.0,49.846153259277344,-26.256410598754883
73.537,12:54:24.508,456.720,36.582,16707.627,0.000,0.000,0.000,0.000,0.000,0.000,1.000,1.000,0.000,49.119,49.300,0.940,59.092,5.000,100.0,47.0,49.846153259277344,-26.256410598754883
73.682,12:54:24.572,456.720,36.582,16707.627,0.000,0.000,0.000,0.000,0.000,0.000,1.000,1.000,0.000,49.119,49.300,0.940,59.092,5.000,100.0,47.0,49.846153259277344,-26.256410598754883
73.745,12:54:24.636,456.720,36.582,16707.627,0.000,0.000,0.000,0.000,0.000,0.000,1.000,1.000,0.000,49.119,49.300,0.940,59.092,5.000,100.0,47.0,49.846153259277344,-26.256410598754883
73.809,12:54:24.779,456.720,36.582,16707.627,0.000,0.000,0.000,0.000,0.000,0.000,1.000,1.000,0.000,49.081,48.900,0.940,59.129,5.000,100.0,47.0,49.846153259277344,-26.256410598754883
73.953,12:54:24.843,458.967,36.074,16556.979,0.000,0.000,0.000,0.000,0.000,0.000,1.000,1.000,0.000,49.081,48.900,0.940,59.129,5.000,100.0,47.0,49.846153259277344,-26.256410598754883
74.017,12:54:24.907,458.967,36.074,16556.979,0.000,0.000,0.000,0.000,0.000,0.000,1.000,1.000,0.000,49.081,48.900,0.940,59.129,5.000,100.0,47.0,49.846153259277344,-26.256410598754883
74.081,12:54:25.052,458.967,36.074,16556.979,0.000,0.000,0.000,0.000,0.000,0.000,1.000,1.000,0.000,49.081,48.900,0.940,59.129,5.000,100.0,47.0,49.846153259277344,-26.256410598754883
74.225,12:54:25.115,458.967,36.074,16556.979,0.000,0.000,0.000,0.000,0.000,0.000,1.000,1.000,0.000,49.081,48.900,0.940,59.129,5.000,100.0,47.0,49.846153259277344,-26.256410598754883
74.289,12:54:25.658,460.681,35.663,16429.301,0.000,0.000,0.000,0.000,0.000,0.000,1.000,1.000,0.000,49.081,48.900,0.940,59.129,5.000,100.0,47.0,,-50.71794891357422
74.832,12:54:25.803,456.502,36.652,16731.559,0.000,0.000,0.000,0.000,0.000,0.000,1.000,1.000,0.000,49.081,48.900,0.940,59.219,5.000,100.0,47.0,,-50.71794891357422
74.977,12:54:25.868,456.502,36.652,16731.559,0.000,0.000,0.000,0.000,0.000,0.000,1.000,1.000,0.000,49.081,48.900,0.940,59.219,5.000,100.0,47.0,,-50.71794891357422
75.040,12:54:25.930,456.502,36.652,16731.559,0.000,0.000,0.000,0.000,0.000,0.000,1.000,1.000,0.000,49.081,48.900,0.940,59.219,5.000,100.0,47.0,,-50.71794891357422
75.104,12:54:26.074,462.895,35.119,16256.272,0.000,0.000,0.000,0.000,0.000,0.000,1.000,1.000,0.000,48.681,48.500,0.940,59.224,5.000,100.0,47.0,,-50.71794891357422
75.248,12:54:26.138,462.895,35.119,16256.272,0.000,0.000,0.000,0.000,0.000,0.000,1.000,1.000,0.000,48.681,48.500,0.940,59.224,5.000,100.0,47.0,,-50.71794891357422
75.312,12:54:26.394,462.895,35.119,16256.272,0.000,0.000,0.000,0.000,0.000,0.000,1.000,1.000,0.000,48.681,48.500,0.940,59.224,5.000,100.0,47.0,-56.35897445678711,22.66666603088379
75.568,12:54:26.539,459.354,35.991,16532.398,0.000,0.000,0.000,0.000,0.000,0.000,1.000,1.000,0.000,49.119,49.300,0.940,59.300,5.000,100.0,47.0,-56.35897445678711,22.66666603088379
75.711,12:54:26.602,459.354,35.991,16532.398,0.000,0.000,0.000,0.000,0.000,0.000,1.000,1.000,0.000,49.119,49.300,0.940,59.300,5.000,100.0,47.0,-56.35897445678711,22.66666603088379
75.775,12:54:26.666,459.354,35.991,16532.398,0.000,0.000,0.000,0.000,0.000,0.000,1.000,1.000,0.000,49.119,49.300,0.940,59.300,5.000,100.0,47.0,-56.35897445678711,22.66666603088379
75.839,12:54:26.810,459.354,35.991,16532.398,0.000,0.000,0.000,0.000,0.000,0.000,1.000,1.000,0.000,48.719,48.900,0.940,59.329,5.000,100.0,47.0,-56.35897445678711,22.66666603088379
75.984,12:54:26.874,460.383,35.749,16458.133,0.000,0.000,0.000,0.000,0.000,0.000,1.000,1.000,0.000,48.719,48.900,0.940,59.329,5.000,100.0,47.0,-56.35897445678711,22.66666603088379
76.047,12:54:26.937,460.383,35.749,16458.133,0.000,0.000,0.000,0.000,0.000,0.000,1.000,1.000,0.000,48.719,48.900,0.940,59.329,5.000,100.0,47.0,-56.35897445678711,22.66666603088379
76.111,12:54:27.081,460.383,35.749,16458.133,0.000,0.000,0.000,0.000,0.000,0.000,1.000,1.000,0.000,48.719,48.900,0.940,59.329,5.000,100.0,47.0,-56.35897445678711,22.66666603088379
76.255,12:54:27.145,460.383,35.749,16458.133,0.000,0.000,0.000,0.000,0.000,0.000,1.000,1.000,0.000,48.719,48.900,0.940,59.329,5.000,100.0,47.0,-56.35897445678711,22.66666603088379
76.319,12:54:27.401,456.314,36.685,16739.908,0.000,0.000,0.000,0.000,0.000,0.000,1.000,1.000,0.000,48.719,48.900,0.940,59.329,5.000,100.0,47.0,51.79487228393555,-25.487178802490234
76.575,12:54:27.545,456.314,36.685,16739.908,0.000,0.000,0.000,0.000,0.000,0.000,1.000,1.000,0.000,49.081,48.900,0.940,59.370,5.000,100.0,47.0,51.79487228393555,-25.487178802490234
76.719,12:54:27.609,463.082,35.089,16248.971,0.000,0.000,0.000,0.000,0.000,0.000,1.000,1.000,0.000,49.081,48.900,0.940,59.370,5.000,100.0,47.0,51.79487228393555,-25.487178802490234
76.783,12:54:27.674,463.082,35.089,16248.971,0.000,0.000,0.000,0.000,0.000,0.000,1.000,1.000,0.000,49.081,48.900,0.940,59.370,5.000,100.0,47.0,51.79487228393555,-25.487178802490234
76.847,12:54:27.818,463.082,35.089,16248.971,0.000,0.000,0.000,0.000,0.000,0.000,1.000,1.000,0.000,48.719,48.900,0.940,59.387,5.000,100.0,47.0,51.79487228393555,-25.487178802490234
76.992,12:54:27.882,463.082,35.089,16248.971,0.000,0.000,0.000,0.000,0.000,0.000,1.000,1.000,0.000,48.719,48.900,0.940,59.387,5.000,100.0,47.0,51.79487228393555,-25.487178802490234
77.055,12:54:27.945,463.082,35.089,16248.971,0.000,0.000,0.000,0.000,0.000,0.000,1.000,1.000,0.000,48.719,48.900,0.940,59.387,5.000,100.0,47.0,51.79487228393555,-25.487178802490234
77.119,12:54:28.089,456.270,36.702,16746.236,0.000,0.000,0.000,0.000,0.000,0.000,1.000,1.000,0.000,49.119,49.300,0.940,59.479,5.000,100.0,47.0,51.79487228393555,-25.487178802490234
77.263,12:54:28.153,456.270,36.702,16746.236,0.000,0.000,0.000,0.000,0.000,0.000,1.000,1.000,0.000,49.119,49.300,0.940,59.479,5.000,100.0,47.0,51.79487228393555,-25.487178802490234
77.327,12:54:28.409,456.270,36.702,16746.236,0.000,0.000,0.000,0.000,0.000,0.000,1.000,1.000,0.000,49.119,49.300,0.940,59.479,5.000,100.0,47.0,-12.923076629638672,-54.769229888916016
77.582,12:54:28.553,460.213,35.800,16475.402,0.000,0.000,0.000,0.000,0.000,0.000,1.000,1.000,0.000,48.719,48.900,0.940,59.523,5.000,100.0,47.0,-12.923076629638672,-54.769229888916016
77.726,12:54:28.616,460.213,35.800,16475.402,0.000,0.000,0.000,0.000,0.000,0.000,1.000,1.000,0.000,48.719,48.900,0.940,59.523,5.000,100.0,47.0,-12.923076629638672,-54.769229888916016
77.791,12:54:28.681,460.213,35.800,16475.402,0.000,0.000,0.000,0.000,0.000,0.000,1.000,1.000,0.000,48.719,48.900,0.940,59.523,5.000,100.0,47.0,-12.923076629638672,-54.769229888916016
77.854,12:54:28.826,460.213,35.800,16475.402,0.000,0.000,0.000,0.000,0.000,0.000,1.000,1.000,0.000,49.081,48.900,0.940,59.536,5.000,100.0,47.0,-12.923076629638672,-54.769229888916016
77.998,12:54:28.889,459.620,35.951,16523.979,0.000,0.000,0.000,0.000,0.000,0.000,1.000,1.000,0.000,49.081,48.900,0.940,59.536,5.000,100.0,47.0,-12.923076629638672,-54.769229888916016
78.063,12:54:28.953,459.620,35.951,16523.979,0.000,0.000,0.000,0.000,0.000,0.000,1.000,1.000,0.000,49.081,48.900,0.940,59.536,5.000,100.0,47.0,-12.923076629638672,-54.769229888916016
78.127,12:54:29.097,459.620,35.951,16523.979,0.000,0.000,0.000,0.000,0.000,0.000,1.000,1.000,0.000,49.081,48.900,0.940,59.536,5.000,100.0,47.0,-12.923076629638672,-54.769229888916016
78.270,12:54:29.160,459.620,35.951,16523.979,0.000,0.000,0.000,0.000,0.000,0.000,1.000,1.000,0.000,49.081,48.900,0.940,59.536,5.000,100.0,47.0,-12.923076629638672,-54.769229888916016
78.334,12:54:29.416,459.803,35.885,16500.225,0.000,0.000,0.000,0.000,0.000,0.000,1.000,1.000,0.000,49.081,48.900,0.940,59.536,5.000,100.0,47.0,-46.512821197509766,39.79487228393555
78.589,12:54:29.560,459.803,35.885,16500.225,0.000,0.000,0.000,0.000,0.000,0.000,1.000,1.000,0.000,49.119,49.300,0.940,59.600,5.000,100.0,47.0,-46.512821197509766,39.79487228393555
78.733,12:54:29.624,455.406,36.899,16803.984,0.000,0.000,0.000,0.000,0.000,0.000,1.000,1.000,0.000,49.119,49.300,0.940,59.600,5.000,100.0,47.0,-46.512821197509766,39.79487228393555
78.798,12:54:29.689,455.406,36.899,16803.984,0.000,0.000,0.000,0.000,0.000,0.000,1.000,1.000,0.000,49.119,49.300,0.940,59.600,5.000,100.0,47.0,-46.512821197509766,39.79487228393555
78.862,12:54:29.832,455.406,36.899,16803.984,0.000,0.000,0.000,0.000,0.000,0.000,1.000,1.000,0.000,49.481,49.300,0.940,59.665,5.000,100.0,47.0,-46.512821197509766,39.79487228393555
79.006,12:54:29.897,455.406,36.899,16803.984,0.000,0.000,0.000,0.000,0.000,0.000,1.000,1.000,0.000,49.481,49.300,0.940,59.665,5.000,100.0,47.0,-46.512821197509766,39.79487228393555
79.069,12:54:29.960,455.406,36.899,16803.984,0.000,0.000,0.000,0.000,0.000,0.000,1.000,1.000,0.000,49.481,49.300,0.940,59.665,5.000,100.0,47.0,-46.512821197509766,39.79487228393555
79.134,12:54:30.105,460.044,35.850,16492.512,0.000,0.000,0.000,0.000,0.000,0.000,1.000,1.000,0.000,48.681,48.500,0.940,59.709,5.000,100.0,47.0,-46.512821197509766,39.79487228393555
79.277,12:54:30.168,460.044,35.850,16492.512,0.000,0.000,0.000,0.000,0.000,0.000,1.000,1.000,0.000,48.681,48.500,0.940,59.709,5.000,100.0,47.0,-46.512821197509766,39.79487228393555
79.342,12:54:30.423,460.044,35.850,16492.512,0.000,0.000,0.000,0.000,0.000,0.000,1.000,1.000,0.000,48.681,48.500,0.940,59.709,5.000,100.0,47.0,17.230770111083984,24.769229888916016
79.598,12:54:30.569,459.981,35.853,16491.863,0.000,0.000,0.000,0.000,0.000,0.000,1.000,1.000,0.000,49.119,49.300,0.940,59.795,5.000,100.0,47.0,17.230770111083984,24.769229888916016
79.741,12:54:30.631,459.981,35.853,16491.863,0.000,0.000,0.000,0.000,0.000,0.000,1.000,1.000,0.000,49.119,49.300,0.940,59.795,5.000,100.0,47.0,17.230770111083984,24.769229888916016
79.806,12:54:30.696,459.981,35.853,16491.863,0.000,0.000,0.000,0.000,0.000,0.000,1.000,1.000,0.000,49.119,49.300,0.940,59.795,5.000,100.0,47.0,17.230770111083984,24.769229888916016
79.869,12:54:30.840,459.981,35.853,16491.863,0.000,0.000,0.000,0.000,0.000,0.000,1.000,1.000,0.000,49.481,49.300,0.940,59.824,5.000,100.0,47.0,17.230770111083984,24.769229888916016
80.014,12:54:30.904,455.692,36.833,16784.434,0.000,0.000,0.000,0.000,0.000,0.000,1.000,1.000,0.000,49.481,49.300,0.940,59.824,5.000,100.0,47.0,17.230770111083984,24.769229888916016
80.078,12:54:30.968,455.692,36.833,16784.434,0.000,0.000,0.000,0.000,0.000,0.000,1.000,1.000,0.000,49.481,49.300,0.940,59.824,5.000,100.0,47.0,17.230770111083984,24.769229888916016
80.141,12:54:31.112,455.692,36.833,16784.434,0.000,0.000,0.000,0.000,0.000,0.000,1.000,1.000,0.000,49.481,49.300,0.940,59.824,5.000,100.0,47.0,17.230770111083984,24.769229888916016
80.284,12:54:31.175,455.692,36.833,16784.434,0.000,0.000,0.000,0.000,0.000,0.000,1.000,1.000,0.000,49.481,49.300,0.940,59.824,5.000,100.0,47.0,17.230770111083984,24.769229888916016
80.350,12:54:31.431,456.254,36.706,16747.373,0.000,0.000,0.000,0.000,0.000,0.000,1.000,1.000,0.000,49.481,49.300,0.940,59.824,5.000,100.0,47.0,-47.33333206176758,41.79487228393555
80.604,12:54:31.575,456.254,36.706,16747.373,0.000,0.000,0.000,0.000,0.000,0.000,1.000,1.000,0.000,49.081,48.900,0.940,59.900,5.000,100.0,47.0,-47.33333206176758,41.79487228393555
80.748,12:54:31.639,460.205,35.807,16478.498,0.000,0.000,0.000,0.000,0.000,0.000,1.000,1.000,0.000,49.081,48.900,0.940,59.900,5.000,100.0,47.0,-47.33333206176758,41.79487228393555
80.812,12:54:31.703,460.205,35.807,16478.498,0.000,0.000,0.000,0.000,0.000,0.000,1.000,1.000,0.000,49.081,48.900,0.940,59.900,5.000,100.0,47.0,-47.33333206176758,41.79487228393555
80.877,12:54:31.846,460.205,35.807,16478.498,0.000,0.000,0.000,0.000,0.000,0.000,1.000,1.000,0.000,48.719,48.900,0.940,59.949,5.000,100.0,47.0,-47.33333206176758,41.79487228393555
81.021,12:54:31.912,460.205,35.807,16478.498,0.000,0.000,0.000,0.000,0.000,0.000,1.000,1.000,0.000,48.719,48.900,0.940,59.949,5.000,100.0,47.0,-47.33333206176758,41.79487228393555
81.084,12:54:31.975,460.205,35.807,16478.498,0.000,0.000,0.000,0.000,0.000,0.000,1.000,1.000,0.000,48.719,48.900,0.940,59.949,5.000,100.0,47.0,-47.33333206176758,41.79487228393555
81.149,12:54:32.119,460.205,35.807,16478.498,0.000,0.000,0.000,0.000,0.000,0.000,1.000,1.000,0.000,49.080,48.900,0.940,59.965,5.000,100.0,47.0,-47.33333206176758,41.79487228393555
81.293,12:54:32.183,458.651,36.173,16590.959,0.000,0.000,0.000,0.000,0.000,0.000,1.000,1.000,0.000,49.080,48.900,0.940,59.965,5.000,100.0,47.0,-47.33333206176758,41.79487228393555
81.357,12:54:32.438,458.651,36.173,16590.959,0.000,0.000,0.000,0.000,0.000,0.000,1.000,1.000,0.000,49.080,48.900,0.940,59.965,5.000,100.0,47.0,-17.384614944458008,51.79487228393555
81.612,12:54:32.582,460.572,35.724,16453.629,0.000,0.000,0.000,0.000,0.000,0.000,1.000,1.000,0.000,48.719,48.900,0.940,60.010,5.000,100.0,47.0,-17.384614944458008,51.79487228393555
81.756,12:54:32.646,460.572,35.724,16453.629,0.000,0.000,0.000,0.000,0.000,0.000,1.000,1.000,0.000,48.719,48.900,0.940,60.010,5.000,100.0,47.0,-17.384614944458008,51.79487228393555
81.820,12:54:32.711,460.572,35.724,16453.629,0.000,0.000,0.000,0.000,0.000,0.000,1.000,1.000,0.000,48.719,48.900,0.940,60.010,5.000,100.0,47.0,-17.384614944458008,51.79487228393555
81.883,12:54:32.854,460.572,35.724,16453.629,0.000,0.000,0.000,0.000,0.000,0.000,1.000,1.000,0.000,48.719,48.900,0.940,60.010,5.000,100.0,47.0,-17.384614944458008,51.79487228393555
82.028,12:54:32.919,458.815,36.137,16580.176,0.000,0.000,0.000,0.000,0.000,0.000,1.000,1.000,0.000,48.719,48.900,0.940,60.010,5.000,100.0,47.0,-17.384614944458008,51.79487228393555
82.092,12:54:32.983,458.815,36.137,16580.176,0.000,0.000,0.000,0.000,0.000,0.000,1.000,1.000,0.000,48.719,48.900,0.940,60.010,5.000,100.0,47.0,-17.384614944458008,51.79487228393555
82.156,12:54:33.127,458.815,36.137,16580.176,0.000,0.000,0.000,0.000,0.000,0.000,1.000,1.000,0.000,49.120,49.300,0.940,60.039,5.000,100.0,47.0,-17.384614944458008,51.79487228393555
82.299,12:54:33.190,458.815,36.137,16580.176,0.000,0.000,0.000,0.000,0.000,0.000,1.000,1.000,0.000,49.120,49.300,0.940,60.039,5.000,100.0,47.0,-17.384614944458008,51.79487228393555
82.364,12:54:33.445,458.815,36.137,16580.176,0.000,0.000,0.000,0.000,0.000,0.000,1.000,1.000,0.000,49.120,49.300,0.940,60.039,5.000,100.0,47.0,37.38461685180664,-48.71794891357422
82.619,12:54:33.590,461.542,35.490,16380.287,0.000,0.000,0.000,0.000,0.000,0.000,1.000,1.000,0.000,48.720,48.900,0.940,60.103,5.000,100.0,47.0,37.38461685180664,-48.71794891357422
82.764,12:54:33.654,461.542,35.490,16380.287,0.000,0.000,0.000,0.000,0.000,0.000,1.000,1.000,0.000,48.720,48.900,0.940,60.103,5.000,100.0,47.0,37.38461685180664,-48.71794891357422
82.828,12:54:33.718,458.989,36.102,16570.428,0.000,0.000,0.000,0.000,0.000,0.000,1.000,1.000,0.000,48.720,48.900,0.940,60.103,5.000,100.0,47.0,37.38461685180664,-48.71794891357422
82.892,12:54:33.862,458.989,36.102,16570.428,0.000,0.000,0.000,0.000,0.000,0.000,1.000,1.000,0.000,49.080,48.900,0.940,60.113,5.000,100.0,47.0,37.38461685180664,-48.71794891357422
83.035,12:54:33.926,458.989,36.102,16570.428,0.000,0.000,0.000,0.000,0.000,0.000,1.000,1.000,0.000,49.080,48.900,0.940,60.113,5.000,100.0,47.0,37.38461685180664,-48.71794891357422
83.099,12:54:33.990,458.989,36.102,16570.428,0.000,0.000,0.000,0.000,0.000,0.000,1.000,1.000,0.000,49.080,48.900,0.940,60.113,5.000,100.0,47.0,37.38461685180664,-48.71794891357422
83.163,12:54:34.134,458.989,36.102,16570.428,0.000,0.000,0.000,0.000,0.000,0.000,1.000,1.000,0.000,48.719,48.900,0.940,60.132,5.000,100.0,47.0,37.38461685180664,-48.71794891357422
83.307,12:54:34.197,461.452,35.514,16388.180,0.000,0.000,0.000,0.000,0.000,0.000,1.000,1.000,0.000,48.719,48.900,0.940,60.132,5.000,100.0,47.0,37.38461685180664,-48.71794891357422
83.371,12:54:34.453,461.452,35.514,16388.180,0.000,0.000,0.000,0.000,0.000,0.000,1.000,1.000,0.000,48.719,48.900,0.940,60.132,5.000,100.0,47.0,-47.589744567871094,19.538461685180664
83.627,12:54:34.598,464.924,34.626,16098.372,0.000,0.000,0.000,0.000,0.000,0.000,1.000,1.000,0.000,48.318,48.500,0.940,60.154,5.000,100.0,47.0,-47.589744567871094,19.538461685180664
83.771,12:54:34.662,464.924,34.626,16098.372,0.000,0.000,0.000,0.000,0.000,0.000,1.000,1.000,0.000,48.318,48.500,0.940,60.154,5.000,100.0,47.0,-47.589744567871094,19.538461685180664
83.835,12:54:34.725,464.924,34.626,16098.372,0.000,0.000,0.000,0.000,0.000,0.000,1.000,1.000,0.000,48.318,48.500,0.940,60.154,5.000,100.0,47.0,-47.589744567871094,19.538461685180664
83.899,12:54:34.869,464.924,34.626,16098.372,0.000,0.000,0.000,0.000,0.000,0.000,1.000,1.000,0.000,48.318,48.500,0.940,60.154,5.000,100.0,47.0,-47.589744567871094,19.538461685180664
84.042,12:54:34.933,468.156,33.724,15788.327,0.000,0.000,0.000,0.000,0.000,0.000,1.000,1.000,0.000,48.318,48.500,0.940,60.154,5.000,100.0,47.0,-47.589744567871094,19.538461685180664
84.107,12:54:34.997,468.156,33.724,15788.327,0.000,0.000,0.000,0.000,0.000,0.000,1.000,1.000,0.000,48.318,48.500,0.940,60.154,5.000,100.0,47.0,-47.589744567871094,19.538461685180664
84.171,12:54:35.141,468.156,33.724,15788.327,0.000,0.000,0.000,0.000,0.000,0.000,1.000,1.000,0.000,47.918,48.100,0.940,60.134,5.000,100.0,47.0,-47.589744567871094,19.538461685180664
84.314,12:54:35.204,468.156,33.724,15788.327,0.000,0.000,0.000,0.000,0.000,0.000,1.000,1.000,0.000,47.918,48.100,0.940,60.134,5.000,100.0,47.0,-47.589744567871094,19.538461685180664
84.379,12:54:35.460,468.156,33.724,15788.327,0.000,0.000,0.000,0.000,0.000,0.000,1.000,1.000,0.000,47.918,48.100,0.940,60.134,5.000,100.0,47.0,49.128204345703125,-22.0
84.634,12:54:35.604,462.735,35.170,16274.595,0.000,0.000,0.000,0.000,0.000,0.000,1.000,1.000,0.000,48.719,48.900,0.940,60.137,5.000,100.0,47.0,49.128204345703125,-22.0
84.779,12:54:35.669,462.735,35.170,16274.595,0.000,0.000,0.000,0.000,0.000,0.000,1.000,1.000,0.000,48.719,48.900,0.940,60.137,5.000,100.0,47.0,49.128204345703125,-22.0
84.841,12:54:35.732,459.198,36.046,16552.045,0.000,0.000,0.000,0.000,0.000,0.000,1.000,1.000,0.000,48.719,48.900,0.940,60.137,5.000,100.0,47.0,49.128204345703125,-22.0
84.905,12:54:35.876,459.198,36.046,16552.045,0.000,0.000,0.000,0.000,0.000,0.000,1.000,1.000,0.000,49.119,49.300,0.940,60.112,5.000,100.0,47.0,49.128204345703125,-22.0
85.050,12:54:35.940,459.198,36.046,16552.045,0.000,0.000,0.000,0.000,0.000,0.000,1.000,1.000,0.000,49.119,49.300,0.940,60.112,5.000,100.0,47.0,49.128204345703125,-22.0
85.114,12:54:36.005,459.198,36.046,16552.045,0.000,0.000,0.000,0.000,0.000,0.000,1.000,1.000,0.000,49.119,49.300,0.940,60.112,5.000,100.0,47.0,49.128204345703125,-22.0
85.178,12:54:36.148,459.198,36.046,16552.045,0.000,0.000,0.000,0.000,0.000,0.000,1.000,1.000,0.000,48.719,48.900,0.940,60.141,5.000,100.0,47.0,49.128204345703125,-22.0
85.321,12:54:36.212,461.174,35.593,16414.656,0.000,0.000,0.000,0.000,0.000,0.000,1.000,1.000,0.000,48.719,48.900,0.940,60.141,5.000,100.0,47.0,49.128204345703125,-22.0
85.386,12:54:36.467,461.174,35.593,16414.656,0.000,0.000,0.000,0.000,0.000,0.000,1.000,1.000,0.000,48.719,48.900,0.940,60.141,5.000,100.0,47.0,10.615385055541992,39.17948532104492
85.642,12:54:36.612,459.426,36.007,16542.512,0.000,0.000,0.000,0.000,0.000,0.000,1.000,1.000,0.000,49.119,49.300,0.940,60.192,5.000,100.0,47.0,10.615385055541992,39.17948532104492
85.785,12:54:36.676,459.426,36.007,16542.512,0.000,0.000,0.000,0.000,0.000,0.000,1.000,1.000,0.000,49.119,49.300,0.940,60.192,5.000,100.0,47.0,10.615385055541992,39.17948532104492
85.849,12:54:36.739,459.426,36.007,16542.512,0.000,0.000,0.000,0.000,0.000,0.000,1.000,1.000,0.000,49.119,49.300,0.940,60.192,5.000,100.0,47.0,10.615385055541992,39.17948532104492
85.913,12:54:36.884,459.426,36.007,16542.512,0.000,0.000,0.000,0.000,0.000,0.000,1.000,1.000,0.000,49.119,49.300,0.940,60.192,5.000,100.0,47.0,10.615385055541992,39.17948532104492
86.057,12:54:36.948,460.978,35.638,16428.283,0.000,0.000,0.000,0.000,0.000,0.000,1.000,1.000,0.000,49.119,49.300,0.940,60.192,5.000,100.0,47.0,10.615385055541992,39.17948532104492
86.121,12:54:37.011,460.978,35.638,16428.283,0.000,0.000,0.000,0.000,0.000,0.000,1.000,1.000,0.000,49.119,49.300,0.940,60.192,5.000,100.0,47.0,10.615385055541992,39.17948532104492
86.185,12:54:37.155,460.978,35.638,16428.283,0.000,0.000,0.000,0.000,0.000,0.000,1.000,1.000,0.000,48.719,48.900,0.940,60.247,5.000,100.0,47.0,10.615385055541992,39.17948532104492
86.329,12:54:37.219,460.978,35.638,16428.283,0.000,0.000,0.000,0.000,0.000,0.000,1.000,1.000,0.000,48.719,48.900,0.940,60.247,5.000,100.0,47.0,10.615385055541992,39.17948532104492
86.393,12:54:37.476,460.978,35.638,16428.283,0.000,0.000,0.000,0.000,0.000,0.000,1.000,1.000,0.000,48.719,48.900,0.940,60.247,5.000,100.0,47.0,-29.846153259277344,54.46154022216797
86.649,12:54:37.620,459.382,36.003,16538.893,0.000,0.000,0.000,0.000,0.000,0.000,1.000,1.000,0.000,49.081,48.900,0.940,60.279,5.000,100.0,47.0,-29.846153259277344,54.46154022216797
86.792,12:54:37.683,459.382,36.003,16538.893,0.000,0.000,0.000,0.000,0.000,0.000,1.000,1.000,0.000,49.081,48.900,0.940,60.279,5.000,100.0,47.0,-29.846153259277344,54.46154022216797
86.857,12:54:37.748,455.501,36.870,16794.434,0.000,0.000,0.000,0.000,0.000,0.000,1.000,1.000,0.000,49.081,48.900,0.940,60.279,5.000,100.0,47.0,-29.846153259277344,54.46154022216797
86.921,12:54:37.891,455.501,36.870,16794.434,0.000,0.000,0.000,0.000,0.000,0.000,1.000,1.000,0.000,49.481,49.300,0.940,60.324,5.000,100.0,47.0,-29.846153259277344,54.46154022216797
87.064,12:54:37.955,455.501,36.870,16794.434,0.000,0.000,0.000,0.000,0.000,0.000,1.000,1.000,0.000,49.481,49.300,0.940,60.324,5.000,100.0,47.0,-29.846153259277344,54.46154022216797
87.129,12:54:38.019,455.501,36.870,16794.434,0.000,0.000,0.000,0.000,0.000,0.000,1.000,1.000,0.000,49.481,49.300,0.940,60.324,5.000,100.0,47.0,-29.846153259277344,54.46154022216797
87.192,12:54:38.163,455.501,36.870,16794.434,0.000,0.000,0.000,0.000,0.000,0.000,1.000,1.000,0.000,49.081,48.900,0.940,60.409,5.000,100.0,47.0,-29.846153259277344,54.46154022216797
87.337,12:54:38.227,456.935,36.575,16712.459,0.000,0.000,0.000,0.000,0.000,0.000,1.000,1.000,0.000,49.081,48.900,0.940,60.409,5.000,100.0,47.0,-29.846153259277344,54.46154022216797
87.400,12:54:38.482,456.935,36.575,16712.459,0.000,0.000,0.000,0.000,0.000,0.000,1.000,1.000,0.000,49.081,48.900,0.940,60.409,5.000,100.0,47.0,-16.461538314819336,-37.589744567871094
87.656,12:54:38.628,456.935,36.575,16712.459,0.000,0.000,0.000,0.000,0.000,0.000,1.000,1.000,0.000,48.719,48.900,0.940,60.477,5.000,100.0,47.0,-16.461538314819336,-37.589744567871094
87.800,12:54:38.690,460.951,35.650,16432.992,0.000,0.000,0.000,0.000,0.000,0.000,1.000,1.000,0.000,48.719,48.900,0.940,60.477,5.000,100.0,47.0,-16.461538314819336,-37.589744567871094
87.864,12:54:38.754,460.951,35.650,16432.992,0.000,0.000,0.000,0.000,0.000,0.000,1.000,1.000,0.000,48.719,48.900,0.940,60.477,5.000,100.0,47.0,-16.461538314819336,-37.589744567871094
87.928,12:54:38.898,460.951,35.650,16432.992,0.000,0.000,0.000,0.000,0.000,0.000,1.000,1.000,0.000,48.719,48.900,0.940,60.477,5.000,100.0,47.0,-16.461538314819336,-37.589744567871094
88.071,12:54:38.962,459.982,35.881,16504.789,0.000,0.000,0.000,0.000,0.000,0.000,1.000,1.000,0.000,48.719,48.900,0.940,60.477,5.000,100.0,47.0,-16.461538314819336,-37.589744567871094
88.136,12:54:39.027,459.982,35.881,16504.789,0.000,0.000,0.000,0.000,0.000,0.000,1.000,1.000,0.000,48.719,48.900,0.940,60.477,5.000,100.0,47.0,-16.461538314819336,-37.589744567871094
88.199,12:54:39.170,459.982,35.881,16504.789,0.000,0.000,0.000,0.000,0.000,0.000,1.000,1.000,0.000,49.119,49.300,0.940,60.511,5.000,100.0,47.0,-16.461538314819336,-37.589744567871094
88.344,12:54:39.235,459.982,35.881,16504.789,0.000,0.000,0.000,0.000,0.000,0.000,1.000,1.000,0.000,49.119,49.300,0.940,60.511,5.000,100.0,47.0,-16.461538314819336,-37.589744567871094
88.407,12:54:39.506,459.982,35.881,16504.789,0.000,0.000,0.000,0.000,0.000,0.000,1.000,1.000,0.000,49.119,49.300,0.940,60.511,5.000,100.0,47.0,-47.846153259277344,4.92307710647583
88.679,12:54:39.651,460.740,35.700,16448.273,0.000,0.000,0.000,0.000,0.000,0.000,1.000,1.000,0.000,48.719,48.900,0.940,60.537,5.000,100.0,47.0,-47.846153259277344,4.92307710647583
88.824,12:54:39.715,460.740,35.700,16448.273,0.000,0.000,0.000,0.000,0.000,0.000,1.000,1.000,0.000,48.719,48.900,0.940,60.537,5.000,100.0,47.0,-47.846153259277344,4.92307710647583
88.888,12:54:39.779,456.610,36.644,16732.096,0.000,0.000,0.000,0.000,0.000,0.000,1.000,1.000,0.000,48.719,48.900,0.940,60.537,5.000,100.0,47.0,-47.846153259277344,4.92307710647583
88.952,12:54:39.922,456.610,36.644,16732.096,0.000,0.000,0.000,0.000,0.000,0.000,1.000,1.000,0.000,49.081,48.900,0.940,60.544,5.000,100.0,47.0,-47.846153259277344,4.92307710647583
89.096,12:54:39.986,456.610,36.644,16732.096,0.000,0.000,0.000,0.000,0.000,0.000,1.000,1.000,0.000,49.081,48.900,0.940,60.544,5.000,100.0,47.0,-47.846153259277344,4.92307710647583
89.160,12:54:40.050,456.610,36.644,16732.096,0.000,0.000,0.000,0.000,0.000,0.000,1.000,1.000,0.000,49.081,48.900,0.940,60.544,5.000,100.0,47.0,-47.846153259277344,4.92307710647583
89.223,12:54:40.210,456.610,36.644,16732.096,0.000,0.000,0.000,0.000,0.000,0.000,1.000,1.000,0.000,48.719,48.900,0.940,60.626,5.000,100.0,47.0,-47.846153259277344,4.92307710647583
89.383,12:54:40.273,460.637,35.719,16453.307,0.000,0.000,0.000,0.000,0.000,0.000,1.000,1.000,0.000,48.719,48.900,0.940,60.626,5.000,100.0,47.0,-47.846153259277344,4.92307710647583
89.447,12:54:40.529,460.637,35.719,16453.307,0.000,0.000,0.000,0.000,0.000,0.000,1.000,1.000,0.000,48.719,48.900,0.940,60.626,5.000,100.0,47.0,23.33333396911621,-51.74359130859375
89.703,12:54:40.673,456.655,36.635,16729.678,0.000,0.000,0.000,0.000,0.000,0.000,1.000,1.000,0.000,49.081,48.900,0.940,60.655,5.000,100.0,47.0,23.33333396911621,-51.74359130859375
89.846,12:54:40.737,456.655,36.635,16729.678,0.000,0.000,0.000,0.000,0.000,0.000,1.000,1.000,0.000,49.081,48.900,0.940,60.655,5.000,100.0,47.0,23.33333396911621,-51.74359130859375
89.911,12:54:40.802,456.655,36.635,16729.678,0.000,0.000,0.000,0.000,0.000,0.000,1.000,1.000,0.000,49.081,48.900,0.940,60.655,5.000,100.0,47.0,23.33333396911621,-51.74359130859375
89.975,12:54:40.946,456.655,36.635,16729.678,0.000,0.000,0.000,0.000,0.000,0.000,1.000,1.000,0.000,49.081,48.900,0.940,60.655,5.000,100.0,47.0,23.33333396911621,-51.74359130859375
90.119,12:54:41.010,460.167,35.843,16494.000,0.000,0.000,0.000,0.000,0.000,0.000,1.000,1.000,0.000,49.081,48.900,0.940,60.655,5.000,100.0,47.0,23.33333396911621,-51.74359130859375
90.183,12:54:41.073,460.167,35.843,16494.000,0.000,0.000,0.000,0.000,0.000,0.000,1.000,1.000,0.000,49.081,48.900,0.940,60.655,5.000,100.0,47.0,23.33333396911621,-51.74359130859375
90.246,12:54:41.217,460.167,35.843,16494.000,0.000,0.000,0.000,0.000,0.000,0.000,1.000,1.000,0.000,49.119,49.300,0.940,60.683,5.000,100.0,47.0,23.33333396911621,-51.74359130859375
90.391,12:54:41.281,460.167,35.843,16494.000,0.000,0.000,0.000,0.000,0.000,0.000,1.000,1.000,0.000,49.119,49.300,0.940,60.683,5.000,100.0,47.0,23.33333396911621,-51.74359130859375
90.454,12:54:41.536,460.167,35.843,16494.000,0.000,0.000,0.000,0.000,0.000,0.000,1.000,1.000,0.000,49.119,49.300,0.940,60.683,5.000,100.0,47.0,28.66666603088379,-57.43589782714844
90.711,12:54:41.682,456.230,36.745,16764.268,0.000,0.000,0.000,0.000,0.000,0.000,1.000,1.000,0.000,49.481,49.300,0.940,60.736,5.000,100.0,47.0,28.66666603088379,-57.43589782714844
90.854,12:54:41.745,456.230,36.745,16764.268,0.000,0.000,0.000,0.000,0.000,0.000,1.000,1.000,0.000,49.481,49.300,0.940,60.736,5.000,100.0,47.0,28.66666603088379,-57.43589782714844
90.918,12:54:41.808,460.491,35.762,16468.133,0.000,0.000,0.000,0.000,0.000,0.000,1.000,1.000,0.000,49.481,49.300,0.940,60.736,5.000,100.0,47.0,28.66666603088379,-57.43589782714844
90.982,12:54:41.953,460.491,35.762,16468.133,0.000,0.000,0.000,0.000,0.000,0.000,1.000,1.000,0.000,48.719,48.900,0.940,60.765,5.000,100.0,47.0,28.66666603088379,-57.43589782714844
91.126,12:54:42.017,460.491,35.762,16468.133,0.000,0.000,0.000,0.000,0.000,0.000,1.000,1.000,0.000,48.719,48.900,0.940,60.765,5.000,100.0,47.0,28.66666603088379,-57.43589782714844
91.190,12:54:42.080,460.491,35.762,16468.133,0.000,0.000,0.000,0.000,0.000,0.000,1.000,1.000,0.000,48.719,48.900,0.940,60.765,5.000,100.0,47.0,28.66666603088379,-57.43589782714844
91.253,12:54:42.225,460.491,35.762,16468.133,0.000,0.000,0.000,0.000,0.000,0.000,1.000,1.000,0.000,48.719,48.900,0.940,60.765,5.000,100.0,47.0,28.66666603088379,-57.43589782714844
91.398,12:54:42.288,456.274,36.717,16753.156,0.000,0.000,0.000,0.000,0.000,0.000,1.000,1.000,0.000,48.719,48.900,0.940,60.765,5.000,100.0,47.0,28.66666603088379,-57.43589782714844
91.462,12:54:42.544,456.274,36.717,16753.156,0.000,0.000,0.000,0.000,0.000,0.000,1.000,1.000,0.000,48.719,48.900,0.940,60.765,5.000,100.0,47.0,-5.384615421295166,49.128204345703125
91.718,12:54:42.688,456.274,36.717,16753.156,0.000,0.000,0.000,0.000,0.000,0.000,1.000,1.000,0.000,48.681,48.500,0.940,60.867,5.000,100.0,47.0,-5.384615421295166,49.128204345703125
91.862,12:54:42.753,460.512,35.771,16472.826,0.000,0.000,0.000,0.000,0.000,0.000,1.000,1.000,0.000,48.681,48.500,0.940,60.867,5.000,100.0,47.0,-5.384615421295166,49.128204345703125
91.925,12:54:42.816,460.512,35.771,16472.826,0.000,0.000,0.000,0.000,0.000,0.000,1.000,1.000,0.000,48.681,48.500,0.940,60.867,5.000,100.0,47.0,-5.384615421295166,49.128204345703125
91.990,12:54:42.961,460.512,35.771,16472.826,0.000,0.000,0.000,0.000,0.000,0.000,1.000,1.000,0.000,48.681,48.500,0.940,60.867,5.000,100.0,47.0,-5.384615421295166,49.128204345703125
92.134,12:54:43.025,460.406,35.776,16471.385,0.000,0.000,0.000,0.000,0.000,0.000,1.000,1.000,0.000,48.681,48.500,0.940,60.867,5.000,100.0,47.0,-5.384615421295166,49.128204345703125
92.197,12:54:43.088,460.406,35.776,16471.385,0.000,0.000,0.000,0.000,0.000,0.000,1.000,1.000,0.000,48.681,48.500,0.940,60.867,5.000,100.0,47.0,-5.384615421295166,49.128204345703125
92.261,12:54:43.232,460.406,35.776,16471.385,0.000,0.000,0.000,0.000,0.000,0.000,1.000,1.000,0.000,49.119,49.300,0.940,60.910,5.000,100.0,47.0,-5.384615421295166,49.128204345703125
92.405,12:54:43.295,460.406,35.776,16471.385,0.000,0.000,0.000,0.000,0.000,0.000,1.000,1.000,0.000,49.119,49.300,0.940,60.910,5.000,100.0,47.0,-5.384615421295166,49.128204345703125
92.470,12:54:43.552,460.406,35.776,16471.385,0.000,0.000,0.000,0.000,0.000,0.000,1.000,1.000,0.000,49.119,49.300,0.940,60.910,5.000,100.0,47.0,50.66666793823242,-13.179487228393555
92.726,12:54:43.696,456.779,36.617,16725.666,0.000,0.000,0.000,0.000,0.000,0.000,1.000,1.000,0.000,49.081,48.900,0.940,60.952,5.000,100.0,47.0,50.66666793823242,-13.179487228393555
92.869,12:54:43.760,456.779,36.617,16725.666,0.000,0.000,0.000,0.000,0.000,0.000,1.000,1.000,0.000,49.081,48.900,0.940,60.952,5.000,100.0,47.0,50.66666793823242,-13.179487228393555
92.932,12:54:43.823,456.779,36.617,16725.666,0.000,0.000,0.000,0.000,0.000,0.000,1.000,1.000,0.000,49.081,48.900,0.940,60.952,5.000,100.0,47.0,50.66666793823242,-13.179487228393555
92.997,12:54:43.967,456.520,36.664,16737.689,0.000,0.000,0.000,0.000,0.000,0.000,1.000,1.000,0.000,49.481,49.300,0.940,60.983,5.000,100.0,47.0,50.66666793823242,-13.179487228393555
93.141,12:54:44.032,456.520,36.664,16737.689,0.000,0.000,0.000,0.000,0.000,0.000,1.000,1.000,0.000,49.481,49.300,0.940,60.983,5.000,100.0,47.0,50.66666793823242,-13.179487228393555
93.205,12:54:44.095,456.520,36.664,16737.689,0.000,0.000,0.000,0.000,0.000,0.000,1.000,1.000,0.000,49.481,49.300,0.940,60.983,5.000,100.0,47.0,50.66666793823242,-13.179487228393555
93.269,12:54:44.239,456.520,36.664,16737.689,0.000,0.000,0.000,0.000,0.000,0.000,1.000,1.000,0.000,49.481,49.300,0.940,60.983,5.000,100.0,47.0,50.66666793823242,-13.179487228393555
93.412,12:54:44.303,461.742,35.469,16377.512,0.000,0.000,0.000,0.000,0.000,0.000,1.000,1.000,0.000,49.481,49.300,0.940,60.983,5.000,100.0,47.0,50.66666793823242,-13.179487228393555
93.477,12:54:44.559,461.742,35.469,16377.512,0.000,0.000,0.000,0.000,0.000,0.000,1.000,1.000,0.000,49.481,49.300,0.940,60.983,5.000,100.0,47.0,19.743589401245117,27.69230842590332
93.732,12:54:44.702,461.742,35.469,16377.512,0.000,0.000,0.000,0.000,0.000,0.000,1.000,1.000,0.000,49.081,48.900,0.940,61.101,5.000,100.0,47.0,19.743589401245117,27.69230842590332
93.876,12:54:44.767,457.757,36.401,16662.662,0.000,0.000,0.000,0.000,0.000,0.000,1.000,1.000,0.000,49.081,48.900,0.940,61.101,5.000,100.0,47.0,19.743589401245117,27.69230842590332
93.940,12:54:44.831,457.757,36.401,16662.662,0.000,0.000,0.000,0.000,0.000,0.000,1.000,1.000,0.000,49.081,48.900,0.940,61.101,5.000,100.0,47.0,19.743589401245117,27.69230842590332
94.004,12:54:44.975,457.757,36.401,16662.662,0.000,0.000,0.000,0.000,0.000,0.000,1.000,1.000,0.000,49.081,48.900,0.940,61.101,5.000,100.0,47.0,19.743589401245117,27.69230842590332
94.149,12:54:45.039,457.757,36.401,16662.662,0.000,0.000,0.000,0.000,0.000,0.000,1.000,1.000,0.000,49.081,48.900,0.940,61.101,5.000,100.0,47.0,19.743589401245117,27.69230842590332
94.212,12:54:45.102,458.983,36.121,16578.852,0.000,0.000,0.000,0.000,0.000,0.000,1.000,1.000,0.000,49.081,48.900,0.940,61.101,5.000,100.0,47.0,19.743589401245117,27.69230842590332
94.276,12:54:45.247,458.983,36.121,16578.852,0.000,0.000,0.000,0.000,0.000,0.000,1.000,1.000,0.000,49.081,48.900,0.940,61.136,5.000,100.0,47.0,19.743589401245117,27.69230842590332
94.756,12:54:45.918,462.788,35.195,16287.755,0.000,0.000,0.000,0.000,0.000,0.000,1.000,1.000,0.000,48.719,48.900,0.940,61.158,5.000,100.0,47.0,-15.64102554321289,-30.615385055541992
95.092,12:54:46.062,459.329,36.041,16554.855,0.000,0.000,0.000,0.000,0.000,0.000,1.000,1.000,0.000,49.119,49.300,0.940,61.170,5.000,100.0,47.0,-15.64102554321289,-30.615385055541992
95.236,12:54:46.126,459.329,36.041,16554.855,0.000,0.000,0.000,0.000,0.000,0.000,1.000,1.000,0.000,49.119,49.300,0.940,61.170,5.000,100.0,47.0,-15.64102554321289,-30.615385055541992
95.300,12:54:46.191,459.329,36.041,16554.855,0.000,0.000,0.000,0.000,0.000,0.000,1.000,1.000,0.000,49.119,49.300,0.940,61.170,5.000,100.0,47.0,-15.64102554321289,-30.615385055541992
95.364,12:54:46.334,459.329,36.041,16554.855,0.000,0.000,0.000,0.000,0.000,0.000,1.000,1.000,0.000,49.081,48.900,0.940,61.178,5.000,100.0,47.0,-15.64102554321289,-30.615385055541992
95.507,12:54:46.398,457.646,36.429,16671.375,0.000,0.000,0.000,0.000,0.000,0.000,1.000,1.000,0.000,49.081,48.900,0.940,61.178,5.000,100.0,47.0,-15.64102554321289,-30.615385055541992
95.571,12:54:46.461,457.646,36.429,16671.375,0.000,0.000,0.000,0.000,0.000,0.000,1.000,1.000,0.000,49.081,48.900,0.940,61.178,5.000,100.0,47.0,-15.64102554321289,-30.615385055541992
95.635,12:54:46.607,457.646,36.429,16671.375,0.000,0.000,0.000,0.000,0.000,0.000,1.000,1.000,0.000,49.081,48.900,0.940,61.178,5.000,100.0,47.0,-15.64102554321289,-30.615385055541992
95.779,12:54:46.862,457.646,36.429,16671.375,0.000,0.000,0.000,0.000,0.000,0.000,1.000,1.000,0.000,49.081,48.900,0.940,61.178,5.000,100.0,47.0,26.769229888916016,25.743589401245117
96.035,12:54:47.005,461.350,35.557,16404.162,0.000,0.000,0.000,0.000,0.000,0.000,1.000,1.000,0.000,48.719,48.900,0.940,61.197,5.000,100.0,47.0,26.769229888916016,25.743589401245117
96.178,12:54:47.069,461.350,35.557,16404.162,0.000,0.000,0.000,0.000,0.000,0.000,1.000,1.000,0.000,48.719,48.900,0.940,61.197,5.000,100.0,47.0,26.769229888916016,25.743589401245117
96.243,12:54:47.133,455.193,36.933,16811.592,0.000,0.000,0.000,0.000,0.000,0.000,1.000,1.000,0.000,48.719,48.900,0.940,61.197,5.000,100.0,47.0,26.769229888916016,25.743589401245117
96.306,12:54:47.278,455.193,36.933,16811.592,0.000,0.000,0.000,0.000,0.000,0.000,1.000,1.000,0.000,49.481,49.300,0.940,61.255,5.000,100.0,47.0,26.769229888916016,25.743589401245117
96.451,12:54:47.341,455.193,36.933,16811.592,0.000,0.000,0.000,0.000,0.000,0.000,1.000,1.000,0.000,49.481,49.300,0.940,61.255,5.000,100.0,47.0,26.769229888916016,25.743589401245117
96.514,12:54:47.405,455.193,36.933,16811.592,0.000,0.000,0.000,0.000,0.000,0.000,1.000,1.000,0.000,49.481,49.300,0.940,61.255,5.000,100.0,47.0,26.769229888916016,25.743589401245117
96.578,12:54:47.549,455.193,36.933,16811.592,0.000,0.000,0.000,0.000,0.000,0.000,1.000,1.000,0.000,48.719,48.900,0.940,61.300,5.000,100.0,47.0,26.769229888916016,25.743589401245117
96.723,12:54:47.614,461.306,35.561,16404.592,0.000,0.000,0.000,0.000,0.000,0.000,1.000,1.000,0.000,48.719,48.900,0.940,61.300,5.000,100.0,47.0,26.769229888916016,25.743589401245117
96.787,12:54:47.869,461.306,35.561,16404.592,0.000,0.000,0.000,0.000,0.000,0.000,1.000,1.000,0.000,48.719,48.900,0.940,61.300,5.000,100.0,47.0,-39.487178802490234,-2.9743590354919434
97.042,12:54:48.013,457.375,36.490,16689.748,0.000,0.000,0.000,0.000,0.000,0.000,1.000,1.000,0.000,49.119,49.300,0.940,61.336,5.000,100.0,47.0,-39.487178802490234,-2.9743590354919434
97.187,12:54:48.077,457.375,36.490,16689.748,0.000,0.000,0.000,0.000,0.000,0.000,1.000,1.000,0.000,49.119,49.300,0.940,61.336,5.000,100.0,47.0,-39.487178802490234,-2.9743590354919434
97.250,12:54:48.141,457.375,36.490,16689.748,0.000,0.000,0.000,0.000,0.000,0.000,1.000,1.000,0.000,49.119,49.300,0.940,61.336,5.000,100.0,47.0,-39.487178802490234,-2.9743590354919434
97.314,12:54:48.285,457.375,36.490,16689.748,0.000,0.000,0.000,0.000,0.000,0.000,1.000,1.000,0.000,49.119,49.300,0.940,61.336,5.000,100.0,47.0,-39.487178802490234,-2.9743590354919434
97.459,12:54:48.349,452.379,37.528,16977.008,0.000,0.000,0.000,0.000,0.000,0.000,1.000,1.000,0.000,49.119,49.300,0.940,61.336,5.000,100.0,47.0,-39.487178802490234,-2.9743590354919434
97.522,12:54:48.412,452.379,37.528,16977.008,0.000,0.000,0.000,0.000,0.000,0.000,1.000,1.000,0.000,49.119,49.300,0.940,61.336,5.000,100.0,47.0,-39.487178802490234,-2.9743590354919434
97.585,12:54:48.556,452.379,37.528,16977.008,0.000,0.000,0.000,0.000,0.000,0.000,1.000,1.000,0.000,49.481,49.300,0.940,61.396,5.000,100.0,47.0,-39.487178802490234,-2.9743590354919434
97.730,12:54:48.620,452.379,37.528,16977.008,0.000,0.000,0.000,0.000,0.000,0.000,1.000,1.000,0.000,49.481,49.300,0.940,61.396,5.000,100.0,47.0,-39.487178802490234,-2.9743590354919434
97.794,12:54:48.876,452.379,37.528,16977.008,0.000,0.000,0.000,0.000,0.000,0.000,1.000,1.000,0.000,49.481,49.300,0.940,61.396,5.000,100.0,47.0,29.64102554321289,21.64102554321289
98.050,12:54:49.021,461.112,35.607,16418.730,0.000,0.000,0.000,0.000,0.000,0.000,1.000,1.000,0.000,48.719,48.900,0.940,61.435,5.000,100.0,47.0,29.64102554321289,21.64102554321289
98.193,12:54:49.084,461.112,35.607,16418.730,0.000,0.000,0.000,0.000,0.000,0.000,1.000,1.000,0.000,48.719,48.900,0.940,61.435,5.000,100.0,47.0,29.64102554321289,21.64102554321289
98.258,12:54:49.149,457.182,36.525,16698.643,0.000,0.000,0.000,0.000,0.000,0.000,1.000,1.000,0.000,48.719,48.900,0.940,61.435,5.000,100.0,47.0,29.64102554321289,21.64102554321289
98.321,12:54:49.293,457.182,36.525,16698.643,0.000,0.000,0.000,0.000,0.000,0.000,1.000,1.000,0.000,49.119,49.300,0.940,61.464,5.000,100.0,47.0,29.64102554321289,21.64102554321289
98.465,12:54:49.356,457.182,36.525,16698.643,0.000,0.000,0.000,0.000,0.000,0.000,1.000,1.000,0.000,49.119,49.300,0.940,61.464,5.000,100.0,47.0,29.64102554321289,21.64102554321289
98.530,12:54:49.421,457.182,36.525,16698.643,0.000,0.000,0.000,0.000,0.000,0.000,1.000,1.000,0.000,49.119,49.300,0.940,61.464,5.000,100.0,47.0,29.64102554321289,21.64102554321289
98.593,12:54:49.564,457.182,36.525,16698.643,0.000,0.000,0.000,0.000,0.000,0.000,1.000,1.000,0.000,49.481,49.300,0.940,61.508,5.000,100.0,47.0,29.64102554321289,21.64102554321289
98.737,12:54:49.627,452.451,37.516,16974.201,0.000,0.000,0.000,0.000,0.000,0.000,1.000,1.000,0.000,49.481,49.300,0.940,61.508,5.000,100.0,47.0,29.64102554321289,21.64102554321289
98.802,12:54:49.883,452.451,37.516,16974.201,0.000,0.000,0.000,0.000,0.000,0.000,1.000,1.000,0.000,49.481,49.300,0.940,61.508,5.000,100.0,47.0,-51.846153259277344,37.28205108642578
99.057,12:54:50.027,460.924,35.668,16440.041,0.000,0.000,0.000,0.000,0.000,0.000,1.000,1.000,0.000,48.719,48.900,0.940,61.529,5.000,100.0,47.0,-51.846153259277344,37.28205108642578
99.200,12:54:50.091,460.924,35.668,16440.041,0.000,0.000,0.000,0.000,0.000,0.000,1.000,1.000,0.000,48.719,48.900,0.940,61.529,5.000,100.0,47.0,-51.846153259277344,37.28205108642578
99.264,12:54:50.155,460.924,35.668,16440.041,0.000,0.000,0.000,0.000,0.000,0.000,1.000,1.000,0.000,48.719,48.900,0.940,61.529,5.000,100.0,47.0,-51.846153259277344,37.28205108642578
99.329,12:54:50.299,460.924,35.668,16440.041,0.000,0.000,0.000,0.000,0.000,0.000,1.000,1.000,0.000,48.719,48.900,0.940,61.529,5.000,100.0,47.0,-51.846153259277344,37.28205108642578
99.472,12:54:50.363,457.075,36.553,16707.629,0.000,0.000,0.000,0.000,0.000,0.000,1.000,1.000,0.000,48.719,48.900,0.940,61.529,5.000,100.0,47.0,-51.846153259277344,37.28205108642578
99.537,12:54:50.428,457.075,36.553,16707.629,0.000,0.000,0.000,0.000,0.000,0.000,1.000,1.000,0.000,48.719,48.900,0.940,61.529,5.000,100.0,47.0,-51.846153259277344,37.28205108642578
99.600,12:54:50.572,457.075,36.553,16707.629,0.000,0.000,0.000,0.000,0.000,0.000,1.000,1.000,0.000,49.119,49.300,0.940,61.593,5.000,100.0,47.0,-51.846153259277344,37.28205108642578
99.745,12:54:50.636,457.075,36.553,16707.629,0.000,0.000,0.000,0.000,0.000,0.000,1.000,1.000,0.000,49.119,49.300,0.940,61.593,5.000,100.0,47.0,-51.846153259277344,37.28205108642578
99.808,12:54:50.891,457.075,36.553,16707.629,0.000,0.000,0.000,0.000,0.000,0.000,1.000,1.000,0.000,49.119,49.300,0.940,61.593,5.000,100.0,47.0,54.0,-23.846153259277344
100.064,12:54:51.034,452.511,37.513,16974.881,0.000,0.000,0.000,0.000,0.000,0.000,1.000,1.000,0.000,49.481,49.300,0.940,61.651,5.000,100.0,47.0,54.0,-23.846153259277344
100.208,12:54:51.099,452.511,37.513,16974.881,0.000,0.000,0.000,0.000,0.000,0.000,1.000,1.000,0.000,49.481,49.300,0.940,61.651,5.000,100.0,47.0,54.0,-23.846153259277344
100.273,12:54:51.164,460.939,35.665,16439.238,0.000,0.000,0.000,0.000,0.000,0.000,1.000,1.000,0.000,49.481,49.300,0.940,61.651,5.000,100.0,47.0,54.0,-23.846153259277344
100.336,12:54:51.307,460.939,35.665,16439.238,0.000,0.000,0.000,0.000,0.000,0.000,1.000,1.000,0.000,48.719,48.900,0.940,61.664,5.000,100.0,47.0,54.0,-23.846153259277344
100.480,12:54:51.371,460.939,35.665,16439.238,0.000,0.000,0.000,0.000,0.000,0.000,1.000,1.000,0.000,48.719,48.900,0.940,61.664,5.000,100.0,47.0,54.0,-23.846153259277344
100.544,12:54:51.434,460.939,35.665,16439.238,0.000,0.000,0.000,0.000,0.000,0.000,1.000,1.000,0.000,48.719,48.900,0.940,61.664,5.000,100.0,47.0,54.0,-23.846153259277344
100.608,12:54:51.579,460.939,35.665,16439.238,0.000,0.000,0.000,0.000,0.000,0.000,1.000,1.000,0.000,49.081,48.900,0.940,61.711,5.000,100.0,47.0,54.0,-23.846153259277344
100.752,12:54:51.642,456.875,36.598,16720.904,0.000,0.000,0.000,0.000,0.000,0.000,1.000,1.000,0.000,49.081,48.900,0.940,61.711,5.000,100.0,47.0,54.0,-23.846153259277344
100.817,12:54:51.898,456.875,36.598,16720.904,0.000,0.000,0.000,0.000,0.000,0.000,1.000,1.000,0.000,49.081,48.900,0.940,61.711,5.000,100.0,47.0,-53.17948532104492,27.69230842590332
101.072,12:54:52.042,456.875,36.598,16720.904,0.000,0.000,0.000,0.000,0.000,0.000,1.000,1.000,0.000,48.719,48.900,0.940,61.724,5.000,100.0,47.0,-53.17948532104492,27.69230842590332
101.216,12:54:52.106,460.808,35.692,16446.998,0.000,0.000,0.000,0.000,0.000,0.000,1.000,1.000,0.000,48.719,48.900,0.940,61.724,5.000,100.0,47.0,-53.17948532104492,27.69230842590332
101.280,12:54:52.171,460.808,35.692,16446.998,0.000,0.000,0.000,0.000,0.000,0.000,1.000,1.000,0.000,48.719,48.900,0.940,61.724,5.000,100.0,47.0,-53.17948532104492,27.69230842590332
101.343,12:54:52.315,460.808,35.692,16446.998,0.000,0.000,0.000,0.000,0.000,0.000,1.000,1.000,0.000,48.719,48.900,0.940,61.724,5.000,100.0,47.0,-53.17948532104492,27.69230842590332
101.488,12:54:52.379,456.941,36.579,16714.283,0.000,0.000,0.000,0.000,0.000,0.000,1.000,1.000,0.000,48.719,48.900,0.940,61.724,5.000,100.0,47.0,-53.17948532104492,27.69230842590332
101.551,12:54:52.442,456.941,36.579,16714.283,0.000,0.000,0.000,0.000,0.000,0.000,1.000,1.000,0.000,48.719,48.900,0.940,61.724,5.000,100.0,47.0,-53.17948532104492,27.69230842590332
101.615,12:54:52.587,456.941,36.579,16714.283,0.000,0.000,0.000,0.000,0.000,0.000,1.000,1.000,0.000,49.081,48.900,0.940,61.777,5.000,100.0,47.0,-53.17948532104492,27.69230842590332
101.759,12:54:52.650,456.941,36.579,16714.283,0.000,0.000,0.000,0.000,0.000,0.000,1.000,1.000,0.000,49.081,48.900,0.940,61.777,5.000,100.0,47.0,-53.17948532104492,27.69230842590332
101.824,12:54:52.906,456.941,36.579,16714.283,0.000,0.000,0.000,0.000,0.000,0.000,1.000,1.000,0.000,49.081,48.900,0.940,61.777,5.000,100.0,47.0,-14.35897445678711,50.46154022216797
102.080,12:54:53.049,460.937,35.661,16437.588,0.000,0.000,0.000,0.000,0.000,0.000,1.000,1.000,0.000,48.719,48.900,0.940,61.735,5.000,100.0,47.0,-14.35897445678711,50.46154022216797
102.223,12:54:53.113,460.937,35.661,16437.588,0.000,0.000,0.000,0.000,0.000,0.000,1.000,1.000,0.000,48.719,48.900,0.940,61.735,5.000,100.0,47.0,-14.35897445678711,50.46154022216797
102.287,12:54:53.178,460.937,35.661,16437.588,0.000,0.000,0.000,0.000,0.000,0.000,1.000,1.000,0.000,48.719,48.900,0.940,61.735,5.000,100.0,47.0,-14.35897445678711,50.46154022216797
102.351,12:54:53.321,456.419,36.601,16705.270,0.000,0.000,0.000,0.000,0.000,0.000,1.000,1.000,0.000,49.081,48.900,0.940,61.768,5.000,100.0,47.0,-14.35897445678711,50.46154022216797
102.495,12:54:53.386,456.419,36.601,16705.270,0.000,0.000,0.000,0.000,0.000,0.000,1.000,1.000,0.000,49.081,48.900,0.940,61.768,5.000,100.0,47.0,-14.35897445678711,50.46154022216797
102.558,12:54:53.449,456.419,36.601,16705.270,0.000,0.000,0.000,0.000,0.000,0.000,1.000,1.000,0.000,49.081,48.900,0.940,61.768,5.000,100.0,47.0,-14.35897445678711,50.46154022216797
102.622,12:54:53.593,456.419,36.601,16705.270,0.000,0.000,0.000,0.000,0.000,0.000,1.000,1.000,0.000,49.081,48.900,0.940,61.768,5.000,100.0,47.0,-14.35897445678711,50.46154022216797
102.767,12:54:53.658,463.812,34.937,16204.036,0.000,0.000,0.000,0.000,0.000,0.000,1.000,1.000,0.000,49.081,48.900,0.940,61.768,5.000,100.0,47.0,-14.35897445678711,50.46154022216797
102.831,12:54:53.913,463.812,34.937,16204.036,0.000,0.000,0.000,0.000,0.000,0.000,1.000,1.000,0.000,49.081,48.900,0.940,61.768,5.000,100.0,47.0,40.35897445678711,-47.74359130859375
103.087,12:54:54.057,463.812,34.937,16204.036,0.000,0.000,0.000,0.000,0.000,0.000,1.000,1.000,0.000,49.119,49.300,0.940,61.799,5.000,100.0,47.0,40.35897445678711,-47.74359130859375
103.230,12:54:54.121,460.528,35.756,16466.529,0.000,0.000,0.000,0.000,0.000,0.000,1.000,1.000,0.000,49.119,49.300,0.940,61.799,5.000,100.0,47.0,40.35897445678711,-47.74359130859375
103.295,12:54:54.185,460.528,35.756,16466.529,0.000,0.000,0.000,0.000,0.000,0.000,1.000,1.000,0.000,49.119,49.300,0.940,61.799,5.000,100.0,47.0,40.35897445678711,-47.74359130859375
103.358,12:54:54.330,460.528,35.756,16466.529,0.000,0.000,0.000,0.000,0.000,0.000,1.000,1.000,0.000,49.119,49.300,0.940,61.799,5.000,100.0,47.0,40.35897445678711,-47.74359130859375
103.503,12:54:54.393,460.528,35.756,16466.529,0.000,0.000,0.000,0.000,0.000,0.000,1.000,1.000,0.000,49.119,49.300,0.940,61.799,5.000,100.0,47.0,40.35897445678711,-47.74359130859375
103.566,12:54:54.456,460.444,35.777,16473.217,0.000,0.000,0.000,0.000,0.000,0.000,1.000,1.000,0.000,49.119,49.300,0.940,61.799,5.000,100.0,47.0,40.35897445678711,-47.74359130859375
103.630,12:54:54.600,460.444,35.777,16473.217,0.000,0.000,0.000,0.000,0.000,0.000,1.000,1.000,0.000,48.719,48.900,0.940,61.823,5.000,100.0,47.0,40.35897445678711,-47.74359130859375
103.774,12:54:54.664,460.444,35.777,16473.217,0.000,0.000,0.000,0.000,0.000,0.000,1.000,1.000,0.000,48.719,48.900,0.940,61.823,5.000,100.0,47.0,40.35897445678711,-47.74359130859375
103.837,12:54:54.921,460.444,35.777,16473.217,0.000,0.000,0.000,0.000,0.000,0.000,1.000,1.000,0.000,48.719,48.900,0.940,61.823,5.000,100.0,47.0,-16.564102172851562,-36.61538314819336
104.094,12:54:55.064,456.772,36.620,16726.980,0.000,0.000,0.000,0.000,0.000,0.000,1.000,1.000,0.000,49.081,48.900,0.940,61.841,5.000,100.0,47.0,-16.564102172851562,-36.61538314819336
104.239,12:54:55.129,456.772,36.620,16726.980,0.000,0.000,0.000,0.000,0.000,0.000,1.000,1.000,0.000,49.081,48.900,0.940,61.841,5.000,100.0,47.0,-16.564102172851562,-36.61538314819336
104.302,12:54:55.193,456.772,36.620,16726.980,0.000,0.000,0.000,0.000,0.000,0.000,1.000,1.000,0.000,49.081,48.900,0.940,61.841,5.000,100.0,47.0,-16.564102172851562,-36.61538314819336
104.365,12:54:55.337,460.458,35.774,16472.227,0.000,0.000,0.000,0.000,0.000,0.000,1.000,1.000,0.000,49.119,49.300,0.940,61.841,5.000,100.0,47.0,-16.564102172851562,-36.61538314819336
104.509,12:54:55.400,460.458,35.774,16472.227,0.000,0.000,0.000,0.000,0.000,0.000,1.000,1.000,0.000,49.119,49.300,0.940,61.841,5.000,100.0,47.0,-16.564102172851562,-36.61538314819336
104.573,12:54:55.464,460.458,35.774,16472.227,0.000,0.000,0.000,0.000,0.000,0.000,1.000,1.000,0.000,49.119,49.300,0.940,61.841,5.000,100.0,47.0,-16.564102172851562,-36.61538314819336
104.637,12:54:55.608,460.458,35.774,16472.227,0.000,0.000,0.000,0.000,0.000,0.000,1.000,1.000,0.000,49.119,49.300,0.940,61.841,5.000,100.0,47.0,-16.564102172851562,-36.61538314819336
104.782,12:54:55.673,460.430,35.792,16479.602,0.000,0.000,0.000,0.000,0.000,0.000,1.000,1.000,0.000,49.119,49.300,0.940,61.841,5.000,100.0,47.0,-16.564102172851562,-36.61538314819336
104.846,12:54:55.928,460.430,35.792,16479.602,0.000,0.000,0.000,0.000,0.000,0.000,1.000,1.000,0.000,49.119,49.300,0.940,61.841,5.000,100.0,47.0,-2.153846263885498,44.66666793823242
105.101,12:54:56.071,460.430,35.792,16479.602,0.000,0.000,0.000,0.000,0.000,0.000,1.000,1.000,0.000,49.119,49.300,0.940,61.894,5.000,100.0,47.0,-2.153846263885498,44.66666793823242
105.246,12:54:56.136,459.371,35.977,16526.838,0.000,0.000,0.000,0.000,0.000,0.000,1.000,1.000,0.000,49.119,49.300,0.940,61.894,5.000,100.0,47.0,-2.153846263885498,44.66666793823242
105.310,12:54:56.200,459.371,35.977,16526.838,0.000,0.000,0.000,0.000,0.000,0.000,1.000,1.000,0.000,49.119,49.300,0.940,61.894,5.000,100.0,47.0,-2.153846263885498,44.66666793823242
105.373,12:54:56.343,459.371,35.977,16526.838,0.000,0.000,0.000,0.000,0.000,0.000,1.000,1.000,0.000,49.119,49.300,0.940,61.894,5.000,100.0,47.0,-2.153846263885498,44.66666793823242
105.517,12:54:56.408,459.371,35.977,16526.838,0.000,0.000,0.000,0.000,0.000,0.000,1.000,1.000,0.000,49.119,49.300,0.940,61.894,5.000,100.0,47.0,-2.153846263885498,44.66666793823242
105.580,12:54:56.471,458.220,36.246,16608.549,0.000,0.000,0.000,0.000,0.000,0.000,1.000,1.000,0.000,49.119,49.300,0.940,61.894,5.000,100.0,47.0,-2.153846263885498,44.66666793823242
105.645,12:54:56.616,458.220,36.246,16608.549,0.000,0.000,0.000,0.000,0.000,0.000,1.000,1.000,0.000,49.081,48.900,0.940,61.908,5.000,100.0,47.0,-2.153846263885498,44.66666793823242
105.789,12:54:56.679,458.220,36.246,16608.549,0.000,0.000,0.000,0.000,0.000,0.000,1.000,1.000,0.000,49.081,48.900,0.940,61.908,5.000,100.0,47.0,-2.153846263885498,44.66666793823242
105.853,12:54:56.936,458.220,36.246,16608.549,0.000,0.000,0.000,0.000,0.000,0.000,1.000,1.000,0.000,49.081,48.900,0.940,61.908,5.000,100.0,47.0,22.512821197509766,26.871795654296875
106.108,12:54:57.079,462.873,35.116,16254.151,0.000,0.000,0.000,0.000,0.000,0.000,1.000,1.000,0.000,48.720,48.900,0.940,61.926,5.000,100.0,47.0,22.512821197509766,26.871795654296875
106.252,12:54:57.143,462.873,35.116,16254.151,0.000,0.000,0.000,0.000,0.000,0.000,1.000,1.000,0.000,48.720,48.900,0.940,61.926,5.000,100.0,47.0,22.512821197509766,26.871795654296875
106.316,12:54:57.207,462.873,35.116,16254.151,0.000,0.000,0.000,0.000,0.000,0.000,1.000,1.000,0.000,48.720,48.900,0.940,61.926,5.000,100.0,47.0,22.512821197509766,26.871795654296875
106.380,12:54:57.352,458.149,36.264,16614.133,0.000,0.000,0.000,0.000,0.000,0.000,1.000,1.000,0.000,49.081,48.900,0.940,61.927,5.000,100.0,47.0,22.512821197509766,26.871795654296875
106.524,12:54:57.415,458.149,36.264,16614.133,0.000,0.000,0.000,0.000,0.000,0.000,1.000,1.000,0.000,49.081,48.900,0.940,61.927,5.000,100.0,47.0,22.512821197509766,26.871795654296875
106.588,12:54:57.478,458.149,36.264,16614.133,0.000,0.000,0.000,0.000,0.000,0.000,1.000,1.000,0.000,49.081,48.900,0.940,61.927,5.000,100.0,47.0,22.512821197509766,26.871795654296875
106.652,12:54:57.623,458.149,36.264,16614.133,0.000,0.000,0.000,0.000,0.000,0.000,1.000,1.000,0.000,49.081,48.900,0.940,61.927,5.000,100.0,47.0,22.512821197509766,26.871795654296875
106.796,12:54:57.687,459.376,35.956,16517.201,0.000,0.000,0.000,0.000,0.000,0.000,1.000,1.000,0.000,49.081,48.900,0.940,61.927,5.000,100.0,47.0,22.512821197509766,26.871795654296875
106.860,12:54:57.942,459.376,35.956,16517.201,0.000,0.000,0.000,0.000,0.000,0.000,1.000,1.000,0.000,49.081,48.900,0.940,61.927,5.000,100.0,47.0,-13.48717975616455,-36.871795654296875
107.117,12:54:58.087,459.376,35.956,16517.201,0.000,0.000,0.000,0.000,0.000,0.000,1.000,1.000,0.000,49.081,48.900,0.940,61.996,5.000,100.0,47.0,-13.48717975616455,-36.871795654296875
107.260,12:54:58.151,457.875,36.326,16632.621,0.000,0.000,0.000,0.000,0.000,0.000,1.000,1.000,0.000,49.081,48.900,0.940,61.996,5.000,100.0,47.0,-13.48717975616455,-36.871795654296875
107.324,12:54:58.214,457.875,36.326,16632.621,0.000,0.000,0.000,0.000,0.000,0.000,1.000,1.000,0.000,49.081,48.900,0.940,61.996,5.000,100.0,47.0,-13.48717975616455,-36.871795654296875
107.388,12:54:58.358,457.875,36.326,16632.621,0.000,0.000,0.000,0.000,0.000,0.000,1.000,1.000,0.000,49.081,48.900,0.940,61.996,5.000,100.0,47.0,-13.48717975616455,-36.871795654296875
107.532,12:54:58.422,457.875,36.326,16632.621,0.000,0.000,0.000,0.000,0.000,0.000,1.000,1.000,0.000,49.081,48.900,0.940,61.996,5.000,100.0,47.0,-13.48717975616455,-36.871795654296875
107.595,12:54:58.486,459.703,35.887,16497.326,0.000,0.000,0.000,0.000,0.000,0.000,1.000,1.000,0.000,49.081,48.900,0.940,61.996,5.000,100.0,47.0,-13.48717975616455,-36.871795654296875
107.659,12:54:58.630,459.703,35.887,16497.326,0.000,0.000,0.000,0.000,0.000,0.000,1.000,1.000,0.000,49.081,48.900,0.940,62.012,5.000,100.0,47.0,-13.48717975616455,-36.871795654296875
107.804,12:54:58.694,459.703,35.887,16497.326,0.000,0.000,0.000,0.000,0.000,0.000,1.000,1.000,0.000,49.081,48.900,0.940,62.012,5.000,100.0,47.0,-13.48717975616455,-36.871795654296875
107.868,12:54:58.949,459.703,35.887,16497.326,0.000,0.000,0.000,0.000,0.000,0.000,1.000,1.000,0.000,49.081,48.900,0.940,62.012,5.000,100.0,47.0,-49.487178802490234,33.38461685180664
108.124,12:54:59.094,458.229,36.255,16613.141,0.000,0.000,0.000,0.000,0.000,0.000,1.000,1.000,0.000,49.081,48.900,0.940,62.045,5.000,100.0,47.0,-49.487178802490234,33.38461685180664
108.267,12:54:59.157,458.229,36.255,16613.141,0.000,0.000,0.000,0.000,0.000,0.000,1.000,1.000,0.000,49.081,48.900,0.940,62.045,5.000,100.0,47.0,-49.487178802490234,33.38461685180664
108.331,12:54:59.221,458.229,36.255,16613.141,0.000,0.000,0.000,0.000,0.000,0.000,1.000,1.000,0.000,49.081,48.900,0.940,62.045,5.000,100.0,47.0,-49.487178802490234,33.38461685180664
108.395,12:54:59.365,458.229,36.255,16613.141,0.000,0.000,0.000,0.000,0.000,0.000,1.000,1.000,0.000,49.081,48.900,0.940,62.066,5.000,100.0,47.0,-49.487178802490234,33.38461685180664
108.539,12:54:59.429,459.810,35.860,16488.879,0.000,0.000,0.000,0.000,0.000,0.000,1.000,1.000,0.000,49.081,48.900,0.940,62.066,5.000,100.0,47.0,-49.487178802490234,33.38461685180664
108.602,12:54:59.493,459.810,35.860,16488.879,0.000,0.000,0.000,0.000,0.000,0.000,1.000,1.000,0.000,49.081,48.900,0.940,62.066,5.000,100.0,47.0,-49.487178802490234,33.38461685180664
108.666,12:54:59.638,459.810,35.860,16488.879,0.000,0.000,0.000,0.000,0.000,0.000,1.000,1.000,0.000,49.081,48.900,0.940,62.066,5.000,100.0,47.0,-49.487178802490234,33.38461685180664
108.812,12:54:59.702,461.533,35.456,16364.257,0.000,0.000,0.000,0.000,0.000,0.000,1.000,1.000,0.000,49.081,48.900,0.940,62.066,5.000,100.0,47.0,-49.487178802490234,33.38461685180664
108.875,12:54:59.957,461.533,35.456,16364.257,0.000,0.000,0.000,0.000,0.000,0.000,1.000,1.000,0.000,49.081,48.900,0.940,62.066,5.000,100.0,47.0,47.64102554321289,-12.923076629638672
109.130,12:55:00.101,461.533,35.456,16364.257,0.000,0.000,0.000,0.000,0.000,0.000,1.000,1.000,0.000,48.719,48.900,0.940,62.107,5.000,100.0,47.0,47.64102554321289,-12.923076629638672
109.275,12:55:00.166,459.854,35.853,16487.367,0.000,0.000,0.000,0.000,0.000,0.000,1.000,1.000,0.000,48.719,48.900,0.940,62.107,5.000,100.0,47.0,47.64102554321289,-12.923076629638672
109.339,12:55:00.229,459.854,35.853,16487.367,0.000,0.000,0.000,0.000,0.000,0.000,1.000,1.000,0.000,48.719,48.900,0.940,62.107,5.000,100.0,47.0,47.64102554321289,-12.923076629638672
109.403,12:55:00.374,459.854,35.853,16487.367,0.000,0.000,0.000,0.000,0.000,0.000,1.000,1.000,0.000,49.081,48.900,0.940,62.108,5.000,100.0,47.0,47.64102554321289,-12.923076629638672
109.546,12:55:00.437,459.854,35.853,16487.367,0.000,0.000,0.000,0.000,0.000,0.000,1.000,1.000,0.000,49.081,48.900,0.940,62.108,5.000,100.0,47.0,47.64102554321289,-12.923076629638672
109.610,12:55:00.500,459.854,35.853,16487.367,0.000,0.000,0.000,0.000,0.000,0.000,1.000,1.000,0.000,49.081,48.900,0.940,62.108,5.000,100.0,47.0,47.64102554321289,-12.923076629638672
109.674,12:55:00.644,457.636,36.382,16649.842,0.000,0.000,0.000,0.000,0.000,0.000,1.000,1.000,0.000,49.119,49.300,0.940,62.124,5.000,100.0,47.0,47.64102554321289,-12.923076629638672
109.819,12:55:00.709,457.636,36.382,16649.842,0.000,0.000,0.000,0.000,0.000,0.000,1.000,1.000,0.000,49.119,49.300,0.940,62.124,5.000,100.0,47.0,47.64102554321289,-12.923076629638672
109.882,12:55:00.964,457.636,36.382,16649.842,0.000,0.000,0.000,0.000,0.000,0.000,1.000,1.000,0.000,49.119,49.300,0.940,62.124,5.000,100.0,47.0,29.794872283935547,-54.46154022216797
110.138,12:55:01.109,461.467,35.493,16378.988,0.000,0.000,0.000,0.000,0.000,0.000,1.000,1.000,0.000,48.719,48.900,0.940,62.118,5.000,100.0,47.0,29.794872283935547,-54.46154022216797
110.281,12:55:01.172,461.467,35.493,16378.988,0.000,0.000,0.000,0.000,0.000,0.000,1.000,1.000,0.000,48.719,48.900,0.940,62.118,5.000,100.0,47.0,29.794872283935547,-54.46154022216797
110.345,12:55:01.236,461.467,35.493,16378.988,0.000,0.000,0.000,0.000,0.000,0.000,1.000,1.000,0.000,48.719,48.900,0.940,62.118,5.000,100.0,47.0,29.794872283935547,-54.46154022216797
110.410,12:55:01.380,461.467,35.493,16378.988,0.000,0.000,0.000,0.000,0.000,0.000,1.000,1.000,0.000,48.719,48.900,0.940,62.157,5.000,100.0,47.0,29.794872283935547,-54.46154022216797
110.554,12:55:01.444,461.542,35.482,16376.396,0.000,0.000,0.000,0.000,0.000,0.000,1.000,1.000,0.000,48.719,48.900,0.940,62.157,5.000,100.0,47.0,29.794872283935547,-54.46154022216797
110.618,12:55:01.508,461.542,35.482,16376.396,0.000,0.000,0.000,0.000,0.000,0.000,1.000,1.000,0.000,48.719,48.900,0.940,62.157,5.000,100.0,47.0,29.794872283935547,-54.46154022216797
110.682,12:55:01.652,461.542,35.482,16376.396,0.000,0.000,0.000,0.000,0.000,0.000,1.000,1.000,0.000,48.719,48.900,0.940,62.157,5.000,100.0,47.0,29.794872283935547,-54.46154022216797
110.826,12:55:01.716,461.542,35.482,16376.396,0.000,0.000,0.000,0.000,0.000,0.000,1.000,1.000,0.000,48.719,48.900,0.940,62.157,5.000,100.0,47.0,29.794872283935547,-54.46154022216797
110.889,12:55:01.971,460.272,35.779,16468.076,0.000,0.000,0.000,0.000,0.000,0.000,1.000,1.000,0.000,48.719,48.900,0.940,62.157,5.000,100.0,47.0,-56.0512809753418,24.30769157409668
111.145,12:55:02.117,460.272,35.779,16468.076,0.000,0.000,0.000,0.000,0.000,0.000,1.000,1.000,0.000,49.081,48.900,0.940,62.167,5.000,100.0,47.0,-56.0512809753418,24.30769157409668
111.290,12:55:02.181,457.640,36.401,16658.666,0.000,0.000,0.000,0.000,0.000,0.000,1.000,1.000,0.000,49.081,48.900,0.940,62.167,5.000,100.0,47.0,-56.0512809753418,24.30769157409668
111.353,12:55:02.243,457.640,36.401,16658.666,0.000,0.000,0.000,0.000,0.000,0.000,1.000,1.000,0.000,49.081,48.900,0.940,62.167,5.000,100.0,47.0,-56.0512809753418,24.30769157409668
111.417,12:55:02.388,457.640,36.401,16658.666,0.000,0.000,0.000,0.000,0.000,0.000,1.000,1.000,0.000,49.081,48.900,0.940,62.171,5.000,100.0,47.0,-56.0512809753418,24.30769157409668
111.561,12:55:02.452,457.640,36.401,16658.666,0.000,0.000,0.000,0.000,0.000,0.000,1.000,1.000,0.000,49.081,48.900,0.940,62.171,5.000,100.0,47.0,-56.0512809753418,24.30769157409668
111.625,12:55:02.515,457.640,36.401,16658.666,0.000,0.000,0.000,0.000,0.000,0.000,1.000,1.000,0.000,49.081,48.900,0.940,62.171,5.000,100.0,47.0,-56.0512809753418,24.30769157409668
111.689,12:55:02.659,460.437,35.730,16451.439,0.000,0.000,0.000,0.000,0.000,0.000,1.000,1.000,0.000,49.081,48.900,0.940,62.227,5.000,100.0,47.0,-56.0512809753418,24.30769157409668
111.834,12:55:02.724,460.437,35.730,16451.439,0.000,0.000,0.000,0.000,0.000,0.000,1.000,1.000,0.000,49.081,48.900,0.940,62.227,5.000,100.0,47.0,-56.0512809753418,24.30769157409668
111.898,12:55:02.979,460.437,35.730,16451.439,0.000,0.000,0.000,0.000,0.000,0.000,1.000,1.000,0.000,49.081,48.900,0.940,62.227,5.000,100.0,47.0,53.487178802490234,45.64102554321289
112.153,12:55:03.123,457.299,36.460,16673.082,0.000,0.000,0.000,0.000,0.000,0.000,1.000,1.000,0.000,49.081,48.900,0.940,62.238,5.000,100.0,47.0,53.487178802490234,45.64102554321289
112.297,12:55:03.188,457.299,36.460,16673.082,0.000,0.000,0.000,0.000,0.000,0.000,1.000,1.000,0.000,49.081,48.900,0.940,62.238,5.000,100.0,47.0,53.487178802490234,45.64102554321289
112.361,12:55:03.252,457.299,36.460,16673.082,0.000,0.000,0.000,0.000,0.000,0.000,1.000,1.000,0.000,49.081,48.900,0.940,62.238,5.000,100.0,47.0,53.487178802490234,45.64102554321289
112.425,12:55:03.395,457.299,36.460,16673.082,0.000,0.000,0.000,0.000,0.000,0.000,1.000,1.000,0.000,49.081,48.900,0.940,62.257,5.000,100.0,47.0,53.487178802490234,45.64102554321289
112.568,12:55:03.459,460.420,35.735,16453.066,0.000,0.000,0.000,0.000,0.000,0.000,1.000,1.000,0.000,49.081,48.900,0.940,62.257,5.000,100.0,47.0,53.487178802490234,45.64102554321289
112.632,12:55:03.522,460.420,35.735,16453.066,0.000,0.000,0.000,0.000,0.000,0.000,1.000,1.000,0.000,49.081,48.900,0.940,62.257,5.000,100.0,47.0,53.487178802490234,45.64102554321289
112.696,12:55:03.667,460.420,35.735,16453.066,0.000,0.000,0.000,0.000,0.000,0.000,1.000,1.000,0.000,49.081,48.900,0.940,62.257,5.000,100.0,47.0,53.487178802490234,45.64102554321289
112.841,12:55:03.731,460.420,35.735,16453.066,0.000,0.000,0.000,0.000,0.000,0.000,1.000,1.000,0.000,49.081,48.900,0.940,62.257,5.000,100.0,47.0,53.487178802490234,45.64102554321289
112.904,12:55:04.275,460.791,35.658,16430.791,0.000,0.000,0.000,0.000,0.000,0.000,1.000,1.000,0.000,49.081,48.900,0.940,62.257,5.000,100.0,47.0,,-43.02564239501953
113.449,12:55:04.418,456.709,36.601,16715.875,0.000,0.000,0.000,0.000,0.000,0.000,1.000,1.000,0.000,49.519,49.700,0.940,62.375,5.000,100.0,47.0,,-43.02564239501953
113.591,12:55:04.482,456.709,36.601,16715.875,0.000,0.000,0.000,0.000,0.000,0.000,1.000,1.000,0.000,49.519,49.700,0.940,62.375,5.000,100.0,47.0,,-43.02564239501953
113.656,12:55:04.546,456.709,36.601,16715.875,0.000,0.000,0.000,0.000,0.000,0.000,1.000,1.000,0.000,49.519,49.700,0.940,62.375,5.000,100.0,47.0,,-43.02564239501953
113.719,12:55:04.690,452.760,37.427,16945.229,0.000,0.000,0.000,0.000,0.000,0.000,1.000,1.000,0.000,49.378,49.197,0.940,62.414,5.000,100.0,47.0,,-43.02564239501953
113.863,12:55:04.754,452.760,37.427,16945.229,0.000,0.000,0.000,0.000,0.000,0.000,1.000,1.000,0.000,49.378,49.197,0.940,62.414,5.000,100.0,47.0,,-43.02564239501953
113.928,12:55:05.010,452.760,37.427,16945.229,0.000,0.000,0.000,0.000,0.000,0.000,1.000,1.000,0.000,49.378,49.197,0.940,62.414,5.000,100.0,47.0,-40.71794891357422,31.64102554321289
114.184,12:55:05.155,461.696,35.448,16366.170,0.000,0.000,0.000,0.000,0.000,0.000,1.000,1.000,0.000,49.016,49.197,0.940,62.403,5.000,100.0,47.0,-40.71794891357422,31.64102554321289
114.328,12:55:05.219,461.696,35.448,16366.170,0.000,0.000,0.000,0.000,0.000,0.000,1.000,1.000,0.000,49.016,49.197,0.940,62.403,5.000,100.0,47.0,-40.71794891357422,31.64102554321289
114.392,12:55:05.282,461.696,35.448,16366.170,0.000,0.000,0.000,0.000,0.000,0.000,1.000,1.000,0.000,49.016,49.197,0.940,62.403,5.000,100.0,47.0,-40.71794891357422,31.64102554321289
114.455,12:55:05.426,461.696,35.448,16366.170,0.000,0.000,0.000,0.000,0.000,0.000,1.000,1.000,0.000,49.016,49.197,0.940,62.495,5.000,100.0,47.0,-40.71794891357422,31.64102554321289
114.599,12:55:05.489,458.180,36.275,16620.691,0.000,0.000,0.000,0.000,0.000,0.000,1.000,1.000,0.000,49.016,49.197,0.940,62.495,5.000,100.0,47.0,-40.71794891357422,31.64102554321289
114.663,12:55:05.554,458.180,36.275,16620.691,0.000,0.000,0.000,0.000,0.000,0.000,1.000,1.000,0.000,49.016,49.197,0.940,62.495,5.000,100.0,47.0,-40.71794891357422,31.64102554321289
114.727,12:55:05.698,458.180,36.275,16620.691,0.000,0.000,0.000,0.000,0.000,0.000,1.000,1.000,0.000,49.016,49.197,0.940,62.495,5.000,100.0,47.0,-40.71794891357422,31.64102554321289
114.872,12:55:05.762,458.180,36.275,16620.691,0.000,0.000,0.000,0.000,0.000,0.000,1.000,1.000,0.000,49.016,49.197,0.940,62.495,5.000,100.0,47.0,-40.71794891357422,31.64102554321289
114.935,12:55:06.018,461.683,35.427,16356.027,0.000,0.000,0.000,0.000,0.000,0.000,1.000,1.000,0.000,49.016,49.197,0.940,62.495,5.000,100.0,47.0,-28.66666603088379,-22.205127716064453
115.192,12:55:06.161,461.683,35.427,16356.027,0.000,0.000,0.000,0.000,0.000,0.000,1.000,1.000,0.000,48.616,48.797,0.940,62.538,5.000,100.0,47.0,-28.66666603088379,-22.205127716064453
115.334,12:55:06.225,461.655,35.437,16359.827,0.000,0.000,0.000,0.000,0.000,0.000,1.000,1.000,0.000,48.616,48.797,0.940,62.538,5.000,100.0,47.0,-28.66666603088379,-22.205127716064453
115.398,12:55:06.289,461.655,35.437,16359.827,0.000,0.000,0.000,0.000,0.000,0.000,1.000,1.000,0.000,48.616,48.797,0.940,62.538,5.000,100.0,47.0,-28.66666603088379,-22.205127716064453
115.463,12:55:06.433,461.655,35.437,16359.827,0.000,0.000,0.000,0.000,0.000,0.000,1.000,1.000,0.000,48.978,48.797,0.940,62.548,5.000,100.0,47.0,-28.66666603088379,-22.205127716064453
115.606,12:55:06.497,461.655,35.437,16359.827,0.000,0.000,0.000,0.000,0.000,0.000,1.000,1.000,0.000,48.978,48.797,0.940,62.548,5.000,100.0,47.0,-28.66666603088379,-22.205127716064453
115.670,12:55:06.561,461.655,35.437,16359.827,0.000,0.000,0.000,0.000,0.000,0.000,1.000,1.000,0.000,48.978,48.797,0.940,62.548,5.000,100.0,47.0,-28.66666603088379,-22.205127716064453
115.734,12:55:06.706,461.667,35.435,16358.933,0.000,0.000,0.000,0.000,0.000,0.000,1.000,1.000,0.000,49.016,49.197,0.940,62.528,5.000,100.0,47.0,-28.66666603088379,-22.205127716064453
115.879,12:55:06.770,461.667,35.435,16358.933,0.000,0.000,0.000,0.000,0.000,0.000,1.000,1.000,0.000,49.016,49.197,0.940,62.528,5.000,100.0,47.0,-28.66666603088379,-22.205127716064453
115.943,12:55:07.025,461.667,35.435,16358.933,0.000,0.000,0.000,0.000,0.000,0.000,1.000,1.000,0.000,49.016,49.197,0.940,62.528,5.000,100.0,47.0,-20.923076629638672,26.512821197509766
116.199,12:55:07.169,457.946,36.334,16638.893,0.000,0.000,0.000,0.000,0.000,0.000,1.000,1.000,0.000,49.016,49.197,0.940,62.542,5.000,100.0,47.0,-20.923076629638672,26.512821197509766
116.342,12:55:07.232,457.946,36.334,16638.893,0.000,0.000,0.000,0.000,0.000,0.000,1.000,1.000,0.000,49.016,49.197,0.940,62.542,5.000,100.0,47.0,-20.923076629638672,26.512821197509766
116.406,12:55:07.297,457.946,36.334,16638.893,0.000,0.000,0.000,0.000,0.000,0.000,1.000,1.000,0.000,49.016,49.197,0.940,62.542,5.000,100.0,47.0,-20.923076629638672,26.512821197509766
116.471,12:55:07.440,457.946,36.334,16638.893,0.000,0.000,0.000,0.000,0.000,0.000,1.000,1.000,0.000,48.978,48.797,0.940,62.625,5.000,100.0,47.0,-20.923076629638672,26.512821197509766
116.613,12:55:07.504,458.489,36.196,16595.359,0.000,0.000,0.000,0.000,0.000,0.000,1.000,1.000,0.000,48.978,48.797,0.940,62.625,5.000,100.0,47.0,-20.923076629638672,26.512821197509766
116.677,12:55:07.568,458.489,36.196,16595.359,0.000,0.000,0.000,0.000,0.000,0.000,1.000,1.000,0.000,48.978,48.797,0.940,62.625,5.000,100.0,47.0,-20.923076629638672,26.512821197509766
116.742,12:55:07.713,458.489,36.196,16595.359,0.000,0.000,0.000,0.000,0.000,0.000,1.000,1.000,0.000,48.978,48.797,0.940,62.625,5.000,100.0,47.0,-20.923076629638672,26.512821197509766
116.886,12:55:07.776,458.489,36.196,16595.359,0.000,0.000,0.000,0.000,0.000,0.000,1.000,1.000,0.000,48.978,48.797,0.940,62.625,5.000,100.0,47.0,-20.923076629638672,26.512821197509766
116.951,12:55:08.032,460.336,35.836,16496.568,0.000,0.000,0.000,0.000,0.000,0.000,1.000,1.000,0.000,48.978,48.797,0.940,62.625,5.000,100.0,47.0,51.64102554321289,-12.717948913574219
117.205,12:55:08.176,460.336,35.836,16496.568,0.000,0.000,0.000,0.000,0.000,0.000,1.000,1.000,0.000,48.977,48.797,0.940,62.580,5.000,100.0,47.0,51.64102554321289,-12.717948913574219
117.349,12:55:08.240,456.379,36.732,16763.520,0.000,0.000,0.000,0.000,0.000,0.000,1.000,1.000,0.000,48.977,48.797,0.940,62.580,5.000,100.0,47.0,51.64102554321289,-12.717948913574219
117.413,12:55:08.304,456.379,36.732,16763.520,0.000,0.000,0.000,0.000,0.000,0.000,1.000,1.000,0.000,48.977,48.797,0.940,62.580,5.000,100.0,47.0,51.64102554321289,-12.717948913574219
117.478,12:55:08.449,456.379,36.732,16763.520,0.000,0.000,0.000,0.000,0.000,0.000,1.000,1.000,0.000,49.377,49.197,0.940,62.622,5.000,100.0,47.0,51.64102554321289,-12.717948913574219
117.621,12:55:08.512,456.379,36.732,16763.520,0.000,0.000,0.000,0.000,0.000,0.000,1.000,1.000,0.000,49.377,49.197,0.940,62.622,5.000,100.0,47.0,51.64102554321289,-12.717948913574219
117.686,12:55:08.576,456.379,36.732,16763.520,0.000,0.000,0.000,0.000,0.000,0.000,1.000,1.000,0.000,49.377,49.197,0.940,62.622,5.000,100.0,47.0,51.64102554321289,-12.717948913574219
117.749,12:55:08.720,456.379,36.732,16763.520,0.000,0.000,0.000,0.000,0.000,0.000,1.000,1.000,0.000,48.978,48.797,0.940,62.644,5.000,100.0,47.0,51.64102554321289,-12.717948913574219
117.893,12:55:08.784,458.855,36.191,16606.387,0.000,0.000,0.000,0.000,0.000,0.000,1.000,1.000,0.000,48.978,48.797,0.940,62.644,5.000,100.0,47.0,51.64102554321289,-12.717948913574219
117.957,12:55:09.040,458.855,36.191,16606.387,0.000,0.000,0.000,0.000,0.000,0.000,1.000,1.000,0.000,48.978,48.797,0.940,62.644,5.000,100.0,47.0,33.38461685180664,-37.43589782714844
118.214,12:55:09.184,456.301,36.741,16765.078,0.000,0.000,0.000,0.000,0.000,0.000,1.000,1.000,0.000,49.378,49.197,0.940,62.653,5.000,100.0,47.0,33.38461685180664,-37.43589782714844
118.357,12:55:09.247,456.301,36.741,16765.078,0.000,0.000,0.000,0.000,0.000,0.000,1.000,1.000,0.000,49.378,49.197,0.940,62.653,5.000,100.0,47.0,33.38461685180664,-37.43589782714844
118.422,12:55:09.312,456.301,36.741,16765.078,0.000,0.000,0.000,0.000,0.000,0.000,1.000,1.000,0.000,49.378,49.197,0.940,62.653,5.000,100.0,47.0,33.38461685180664,-37.43589782714844
118.484,12:55:09.456,456.301,36.741,16765.078,0.000,0.000,0.000,0.000,0.000,0.000,1.000,1.000,0.000,49.378,49.197,0.940,62.653,5.000,100.0,47.0,33.38461685180664,-37.43589782714844
118.629,12:55:09.519,459.006,36.153,16594.252,0.000,0.000,0.000,0.000,0.000,0.000,1.000,1.000,0.000,49.378,49.197,0.940,62.653,5.000,100.0,47.0,33.38461685180664,-37.43589782714844
118.693,12:55:09.584,459.006,36.153,16594.252,0.000,0.000,0.000,0.000,0.000,0.000,1.000,1.000,0.000,49.378,49.197,0.940,62.653,5.000,100.0,47.0,33.38461685180664,-37.43589782714844
118.757,12:55:09.727,459.006,36.153,16594.252,0.000,0.000,0.000,0.000,0.000,0.000,1.000,1.000,0.000,48.978,48.797,0.940,62.702,5.000,100.0,47.0,33.38461685180664,-37.43589782714844
118.900,12:55:09.791,459.006,36.153,16594.252,0.000,0.000,0.000,0.000,0.000,0.000,1.000,1.000,0.000,48.978,48.797,0.940,62.702,5.000,100.0,47.0,33.38461685180664,-37.43589782714844
118.964,12:55:10.047,459.006,36.153,16594.252,0.000,0.000,0.000,0.000,0.000,0.000,1.000,1.000,0.000,48.978,48.797,0.940,62.702,5.000,100.0,47.0,37.33333206176758,16.05128288269043
119.220,12:55:10.191,456.597,36.685,16750.113,0.000,0.000,0.000,0.000,0.000,0.000,1.000,1.000,0.000,49.378,49.197,0.940,62.767,5.000,100.0,47.0,37.33333206176758,16.05128288269043
119.364,12:55:10.254,456.597,36.685,16750.113,0.000,0.000,0.000,0.000,0.000,0.000,1.000,1.000,0.000,49.378,49.197,0.940,62.767,5.000,100.0,47.0,37.33333206176758,16.05128288269043
119.428,12:55:10.319,462.603,35.260,16311.555,0.000,0.000,0.000,0.000,0.000,0.000,1.000,1.000,0.000,49.378,49.197,0.940,62.767,5.000,100.0,47.0,37.33333206176758,16.05128288269043
119.493,12:55:10.463,462.603,35.260,16311.555,0.000,0.000,0.000,0.000,0.000,0.000,1.000,1.000,0.000,48.616,48.797,0.940,62.788,5.000,100.0,47.0,37.33333206176758,16.05128288269043
119.636,12:55:10.526,462.603,35.260,16311.555,0.000,0.000,0.000,0.000,0.000,0.000,1.000,1.000,0.000,48.616,48.797,0.940,62.788,5.000,100.0,47.0,37.33333206176758,16.05128288269043
119.700,12:55:10.590,462.603,35.260,16311.555,0.000,0.000,0.000,0.000,0.000,0.000,1.000,1.000,0.000,48.616,48.797,0.940,62.788,5.000,100.0,47.0,37.33333206176758,16.05128288269043
119.764,12:55:10.735,462.603,35.260,16311.555,0.000,0.000,0.000,0.000,0.000,0.000,1.000,1.000,0.000,49.016,49.197,0.940,62.751,5.000,100.0,47.0,37.33333206176758,16.05128288269043
119.909,12:55:10.799,460.613,35.752,16468.016,0.000,0.000,0.000,0.000,0.000,0.000,1.000,1.000,0.000,49.016,49.197,0.940,62.751,5.000,100.0,47.0,37.33333206176758,16.05128288269043
119.972,12:55:11.055,460.613,35.752,16468.016,0.000,0.000,0.000,0.000,0.000,0.000,1.000,1.000,0.000,49.016,49.197,0.940,62.751,5.000,100.0,47.0,-1.8974359035491943,-43.69230651855469
120.228,12:55:11.199,458.726,36.219,16614.492,0.000,0.000,0.000,0.000,0.000,0.000,1.000,1.000,0.000,48.978,48.797,0.940,62.784,5.000,100.0,47.0,-1.8974359035491943,-43.69230651855469
120.372,12:55:11.263,458.726,36.219,16614.492,0.000,0.000,0.000,0.000,0.000,0.000,1.000,1.000,0.000,48.978,48.797,0.940,62.784,5.000,100.0,47.0,-1.8974359035491943,-43.69230651855469
120.435,12:55:11.326,458.726,36.219,16614.492,0.000,0.000,0.000,0.000,0.000,0.000,1.000,1.000,0.000,48.978,48.797,0.940,62.784,5.000,100.0,47.0,-1.8974359035491943,-43.69230651855469
120.499,12:55:11.470,458.726,36.219,16614.492,0.000,0.000,0.000,0.000,0.000,0.000,1.000,1.000,0.000,48.978,48.797,0.940,62.784,5.000,100.0,47.0,-1.8974359035491943,-43.69230651855469
120.643,12:55:11.533,456.925,36.620,16732.398,0.000,0.000,0.000,0.000,0.000,0.000,1.000,1.000,0.000,48.978,48.797,0.940,62.784,5.000,100.0,47.0,-1.8974359035491943,-43.69230651855469
120.707,12:55:11.598,456.925,36.620,16732.398,0.000,0.000,0.000,0.000,0.000,0.000,1.000,1.000,0.000,48.978,48.797,0.940,62.784,5.000,100.0,47.0,-1.8974359035491943,-43.69230651855469
120.772,12:55:11.742,456.925,36.620,16732.398,0.000,0.000,0.000,0.000,0.000,0.000,1.000,1.000,0.000,49.378,49.197,0.940,62.789,5.000,100.0,47.0,-1.8974359035491943,-43.69230651855469
120.916,12:55:11.806,456.925,36.620,16732.398,0.000,0.000,0.000,0.000,0.000,0.000,1.000,1.000,0.000,49.378,49.197,0.940,62.789,5.000,100.0,47.0,-1.8974359035491943,-43.69230651855469
120.980,12:55:12.061,456.925,36.620,16732.398,0.000,0.000,0.000,0.000,0.000,0.000,1.000,1.000,0.000,49.378,49.197,0.940,62.789,5.000,100.0,47.0,-42.512821197509766,44.871795654296875
121.235,12:55:12.206,461.083,35.666,16445.018,0.000,0.000,0.000,0.000,0.000,0.000,1.000,1.000,0.000,49.016,49.197,0.940,62.769,5.000,100.0,47.0,-42.512821197509766,44.871795654296875
121.379,12:55:12.269,461.083,35.666,16445.018,0.000,0.000,0.000,0.000,0.000,0.000,1.000,1.000,0.000,49.016,49.197,0.940,62.769,5.000,100.0,47.0,-42.512821197509766,44.871795654296875
121.443,12:55:12.334,458.675,36.236,16620.783,0.000,0.000,0.000,0.000,0.000,0.000,1.000,1.000,0.000,49.016,49.197,0.940,62.769,5.000,100.0,47.0,-42.512821197509766,44.871795654296875
121.507,12:55:12.477,458.675,36.236,16620.783,0.000,0.000,0.000,0.000,0.000,0.000,1.000,1.000,0.000,48.978,48.797,0.940,62.864,5.000,100.0,47.0,-42.512821197509766,44.871795654296875
121.650,12:55:12.541,458.675,36.236,16620.783,0.000,0.000,0.000,0.000,0.000,0.000,1.000,1.000,0.000,48.978,48.797,0.940,62.864,5.000,100.0,47.0,-42.512821197509766,44.871795654296875
121.715,12:55:12.605,458.675,36.236,16620.783,0.000,0.000,0.000,0.000,0.000,0.000,1.000,1.000,0.000,48.978,48.797,0.940,62.864,5.000,100.0,47.0,-42.512821197509766,44.871795654296875
121.779,12:55:12.750,458.675,36.236,16620.783,0.000,0.000,0.000,0.000,0.000,0.000,1.000,1.000,0.000,49.017,49.197,0.940,62.849,5.000,100.0,47.0,-42.512821197509766,44.871795654296875
121.923,12:55:12.814,461.059,35.671,16446.309,0.000,0.000,0.000,0.000,0.000,0.000,1.000,1.000,0.000,49.017,49.197,0.940,62.849,5.000,100.0,47.0,-42.512821197509766,44.871795654296875
121.987,12:55:13.070,461.059,35.671,16446.309,0.000,0.000,0.000,0.000,0.000,0.000,1.000,1.000,0.000,49.017,49.197,0.940,62.849,5.000,100.0,47.0,-34.92307662963867,-12.615385055541992
122.243,12:55:13.213,461.061,35.666,16444.359,0.000,0.000,0.000,0.000,0.000,0.000,1.000,1.000,0.000,49.016,49.197,0.940,62.854,5.000,100.0,47.0,-34.92307662963867,-12.615385055541992
122.386,12:55:13.276,461.061,35.666,16444.359,0.000,0.000,0.000,0.000,0.000,0.000,1.000,1.000,0.000,49.016,49.197,0.940,62.854,5.000,100.0,47.0,-34.92307662963867,-12.615385055541992
122.450,12:55:13.341,461.061,35.666,16444.359,0.000,0.000,0.000,0.000,0.000,0.000,1.000,1.000,0.000,49.016,49.197,0.940,62.854,5.000,100.0,47.0,-34.92307662963867,-12.615385055541992
122.514,12:55:13.484,461.061,35.666,16444.359,0.000,0.000,0.000,0.000,0.000,0.000,1.000,1.000,0.000,49.016,49.197,0.940,62.854,5.000,100.0,47.0,-34.92307662963867,-12.615385055541992
122.658,12:55:13.548,458.398,36.305,16642.203,0.000,0.000,0.000,0.000,0.000,0.000,1.000,1.000,0.000,49.016,49.197,0.940,62.854,5.000,100.0,47.0,-34.92307662963867,-12.615385055541992
122.722,12:55:13.613,458.398,36.305,16642.203,0.000,0.000,0.000,0.000,0.000,0.000,1.000,1.000,0.000,49.016,49.197,0.940,62.854,5.000,100.0,47.0,-34.92307662963867,-12.615385055541992
122.787,12:55:13.757,458.398,36.305,16642.203,0.000,0.000,0.000,0.000,0.000,0.000,1.000,1.000,0.000,48.978,48.797,0.940,62.908,5.000,100.0,47.0,-34.92307662963867,-12.615385055541992
122.931,12:55:13.821,458.398,36.305,16642.203,0.000,0.000,0.000,0.000,0.000,0.000,1.000,1.000,0.000,48.978,48.797,0.940,62.908,5.000,100.0,47.0,-34.92307662963867,-12.615385055541992
122.994,12:55:14.077,458.398,36.305,16642.203,0.000,0.000,0.000,0.000,0.000,0.000,1.000,1.000,0.000,48.978,48.797,0.940,62.908,5.000,100.0,47.0,-5.692307472229004,-43.846153259277344
123.250,12:55:14.221,461.308,35.613,16428.709,0.000,0.000,0.000,0.000,0.000,0.000,1.000,1.000,0.000,49.016,49.197,0.940,62.913,5.000,100.0,47.0,-5.692307472229004,-43.846153259277344
123.394,12:55:14.284,461.308,35.613,16428.709,0.000,0.000,0.000,0.000,0.000,0.000,1.000,1.000,0.000,49.016,49.197,0.940,62.913,5.000,100.0,47.0,-5.692307472229004,-43.846153259277344
123.458,12:55:14.349,458.384,36.307,16642.580,0.000,0.000,0.000,0.000,0.000,0.000,1.000,1.000,0.000,49.016,49.197,0.940,62.913,5.000,100.0,47.0,-5.692307472229004,-43.846153259277344
123.521,12:55:14.492,458.384,36.307,16642.580,0.000,0.000,0.000,0.000,0.000,0.000,1.000,1.000,0.000,48.978,48.797,0.940,62.908,5.000,100.0,47.0,-5.692307472229004,-43.846153259277344
123.665,12:55:14.556,458.384,36.307,16642.580,0.000,0.000,0.000,0.000,0.000,0.000,1.000,1.000,0.000,48.978,48.797,0.940,62.908,5.000,100.0,47.0,-5.692307472229004,-43.846153259277344
123.729,12:55:14.620,458.384,36.307,16642.580,0.000,0.000,0.000,0.000,0.000,0.000,1.000,1.000,0.000,48.978,48.797,0.940,62.908,5.000,100.0,47.0,-5.692307472229004,-43.846153259277344
123.794,12:55:14.765,458.384,36.307,16642.580,0.000,0.000,0.000,0.000,0.000,0.000,1.000,1.000,0.000,48.978,48.797,0.940,62.933,5.000,100.0,47.0,-5.692307472229004,-43.846153259277344
123.938,12:55:14.829,461.498,35.567,16414.000,0.000,0.000,0.000,0.000,0.000,0.000,1.000,1.000,0.000,48.978,48.797,0.940,62.933,5.000,100.0,47.0,-5.692307472229004,-43.846153259277344
124.002,12:55:15.083,461.498,35.567,16414.000,0.000,0.000,0.000,0.000,0.000,0.000,1.000,1.000,0.000,48.978,48.797,0.940,62.933,5.000,100.0,47.0,7.846153736114502,43.846153259277344
124.257,12:55:15.228,461.498,35.567,16414.000,0.000,0.000,0.000,0.000,0.000,0.000,1.000,1.000,0.000,48.978,48.797,0.940,62.977,5.000,100.0,47.0,7.846153736114502,43.846153259277344
124.401,12:55:15.291,461.495,35.576,16418.381,0.000,0.000,0.000,0.000,0.000,0.000,1.000,1.000,0.000,48.978,48.797,0.940,62.977,5.000,100.0,47.0,7.846153736114502,43.846153259277344
124.465,12:55:15.355,461.495,35.576,16418.381,0.000,0.000,0.000,0.000,0.000,0.000,1.000,1.000,0.000,48.978,48.797,0.940,62.977,5.000,100.0,47.0,7.846153736114502,43.846153259277344
124.528,12:55:15.499,461.495,35.576,16418.381,0.000,0.000,0.000,0.000,0.000,0.000,1.000,1.000,0.000,48.978,48.797,0.940,62.977,5.000,100.0,47.0,7.846153736114502,43.846153259277344
124.673,12:55:15.563,458.408,36.306,16642.801,0.000,0.000,0.000,0.000,0.000,0.000,1.000,1.000,0.000,48.978,48.797,0.940,62.977,5.000,100.0,47.0,7.846153736114502,43.846153259277344
124.736,12:55:15.627,458.408,36.306,16642.801,0.000,0.000,0.000,0.000,0.000,0.000,1.000,1.000,0.000,48.978,48.797,0.940,62.977,5.000,100.0,47.0,7.846153736114502,43.846153259277344
124.800,12:55:15.771,458.408,36.306,16642.801,0.000,0.000,0.000,0.000,0.000,0.000,1.000,1.000,0.000,49.016,49.197,0.940,62.951,5.000,100.0,47.0,7.846153736114502,43.846153259277344
124.944,12:55:15.835,458.408,36.306,16642.801,0.000,0.000,0.000,0.000,0.000,0.000,1.000,1.000,0.000,49.016,49.197,0.940,62.951,5.000,100.0,47.0,7.846153736114502,43.846153259277344
125.008,12:55:16.091,458.408,36.306,16642.801,0.000,0.000,0.000,0.000,0.000,0.000,1.000,1.000,0.000,49.016,49.197,0.940,62.951,5.000,100.0,47.0,53.17948532104492,-24.05128288269043
125.264,12:55:16.235,457.684,36.469,16691.289,0.000,0.000,0.000,0.000,0.000,0.000,1.000,1.000,0.000,49.416,49.597,0.940,62.973,5.000,100.0,47.0,53.17948532104492,-24.05128288269043
125.408,12:55:16.298,457.684,36.469,16691.289,0.000,0.000,0.000,0.000,0.000,0.000,1.000,1.000,0.000,49.416,49.597,0.940,62.973,5.000,100.0,47.0,53.17948532104492,-24.05128288269043
125.472,12:55:16.362,457.684,36.469,16691.289,0.000,0.000,0.000,0.000,0.000,0.000,1.000,1.000,0.000,49.416,49.597,0.940,62.973,5.000,100.0,47.0,53.17948532104492,-24.05128288269043
125.536,12:55:16.506,457.768,36.467,16693.459,0.000,0.000,0.000,0.000,0.000,0.000,1.000,1.000,0.000,49.378,49.197,0.940,63.001,5.000,100.0,47.0,53.17948532104492,-24.05128288269043
125.680,12:55:16.570,457.768,36.467,16693.459,0.000,0.000,0.000,0.000,0.000,0.000,1.000,1.000,0.000,49.378,49.197,0.940,63.001,5.000,100.0,47.0,53.17948532104492,-24.05128288269043
125.744,12:55:16.634,457.768,36.467,16693.459,0.000,0.000,0.000,0.000,0.000,0.000,1.000,1.000,0.000,49.378,49.197,0.940,63.001,5.000,100.0,47.0,53.17948532104492,-24.05128288269043
125.808,12:55:16.778,457.768,36.467,16693.459,0.000,0.000,0.000,0.000,0.000,0.000,1.000,1.000,0.000,49.378,49.197,0.940,63.001,5.000,100.0,47.0,53.17948532104492,-24.05128288269043
125.952,12:55:16.842,461.493,35.586,16422.715,0.000,0.000,0.000,0.000,0.000,0.000,1.000,1.000,0.000,49.378,49.197,0.940,63.001,5.000,100.0,47.0,53.17948532104492,-24.05128288269043
126.016,12:55:17.099,461.493,35.586,16422.715,0.000,0.000,0.000,0.000,0.000,0.000,1.000,1.000,0.000,49.378,49.197,0.940,63.001,5.000,100.0,47.0,50.61538314819336,-18.205127716064453
126.272,12:55:17.243,461.493,35.586,16422.715,0.000,0.000,0.000,0.000,0.000,0.000,1.000,1.000,0.000,49.016,49.197,0.940,63.076,5.000,100.0,47.0,50.61538314819336,-18.205127716064453
126.416,12:55:17.307,458.259,36.346,16655.709,0.000,0.000,0.000,0.000,0.000,0.000,1.000,1.000,0.000,49.016,49.197,0.940,63.076,5.000,100.0,47.0,50.61538314819336,-18.205127716064453
126.480,12:55:17.370,458.259,36.346,16655.709,0.000,0.000,0.000,0.000,0.000,0.000,1.000,1.000,0.000,49.016,49.197,0.940,63.076,5.000,100.0,47.0,50.61538314819336,-18.205127716064453
126.544,12:55:17.514,458.259,36.346,16655.709,0.000,0.000,0.000,0.000,0.000,0.000,1.000,1.000,0.000,49.016,49.197,0.940,63.076,5.000,100.0,47.0,50.61538314819336,-18.205127716064453
126.687,12:55:17.578,458.259,36.346,16655.709,0.000,0.000,0.000,0.000,0.000,0.000,1.000,1.000,0.000,49.016,49.197,0.940,63.076,5.000,100.0,47.0,50.61538314819336,-18.205127716064453
126.752,12:55:17.643,458.026,36.397,16670.625,0.000,0.000,0.000,0.000,0.000,0.000,1.000,1.000,0.000,49.016,49.197,0.940,63.076,5.000,100.0,47.0,50.61538314819336,-18.205127716064453
126.816,12:55:17.786,458.026,36.397,16670.625,0.000,0.000,0.000,0.000,0.000,0.000,1.000,1.000,0.000,49.416,49.597,0.940,63.128,5.000,100.0,47.0,50.61538314819336,-18.205127716064453
126.960,12:55:17.851,458.026,36.397,16670.625,0.000,0.000,0.000,0.000,0.000,0.000,1.000,1.000,0.000,49.416,49.597,0.940,63.128,5.000,100.0,47.0,50.61538314819336,-18.205127716064453
127.024,12:55:18.105,458.026,36.397,16670.625,0.000,0.000,0.000,0.000,0.000,0.000,1.000,1.000,0.000,49.416,49.597,0.940,63.128,5.000,100.0,47.0,33.43589782714844,-56.66666793823242
127.279,12:55:18.249,453.553,37.352,16941.123,0.000,0.000,0.000,0.000,0.000,0.000,1.000,1.000,0.000,49.777,49.597,0.940,63.182,5.000,100.0,47.0,33.43589782714844,-56.66666793823242
127.424,12:55:18.314,453.553,37.352,16941.123,0.000,0.000,0.000,0.000,0.000,0.000,1.000,1.000,0.000,49.777,49.597,0.940,63.182,5.000,100.0,47.0,33.43589782714844,-56.66666793823242
127.487,12:55:18.378,453.553,37.352,16941.123,0.000,0.000,0.000,0.000,0.000,0.000,1.000,1.000,0.000,49.777,49.597,0.940,63.182,5.000,100.0,47.0,33.43589782714844,-56.66666793823242
127.552,12:55:18.521,457.842,36.449,16687.705,0.000,0.000,0.000,0.000,0.000,0.000,1.000,1.000,0.000,49.378,49.197,0.940,63.235,5.000,100.0,47.0,33.43589782714844,-56.66666793823242
127.695,12:55:18.586,457.842,36.449,16687.705,0.000,0.000,0.000,0.000,0.000,0.000,1.000,1.000,0.000,49.378,49.197,0.940,63.235,5.000,100.0,47.0,33.43589782714844,-56.66666793823242
127.759,12:55:18.649,457.842,36.449,16687.705,0.000,0.000,0.000,0.000,0.000,0.000,1.000,1.000,0.000,49.378,49.197,0.940,63.235,5.000,100.0,47.0,33.43589782714844,-56.66666793823242
127.822,12:55:18.794,457.842,36.449,16687.705,0.000,0.000,0.000,0.000,0.000,0.000,1.000,1.000,0.000,49.378,49.197,0.940,63.235,5.000,100.0,47.0,33.43589782714844,-56.66666793823242
127.968,12:55:18.858,461.718,35.530,16404.820,0.000,0.000,0.000,0.000,0.000,0.000,1.000,1.000,0.000,49.378,49.197,0.940,63.235,5.000,100.0,47.0,33.43589782714844,-56.66666793823242
128.031,12:55:19.113,461.718,35.530,16404.820,0.000,0.000,0.000,0.000,0.000,0.000,1.000,1.000,0.000,49.378,49.197,0.940,63.235,5.000,100.0,47.0,16.512821197509766,36.30769348144531
128.287,12:55:19.257,461.718,35.530,16404.820,0.000,0.000,0.000,0.000,0.000,0.000,1.000,1.000,0.000,49.017,49.197,0.940,63.268,5.000,100.0,47.0,16.512821197509766,36.30769348144531
128.430,12:55:19.321,459.487,36.075,16576.092,0.000,0.000,0.000,0.000,0.000,0.000,1.000,1.000,0.000,49.017,49.197,0.940,63.268,5.000,100.0,47.0,16.512821197509766,36.30769348144531
128.495,12:55:19.385,459.487,36.075,16576.092,0.000,0.000,0.000,0.000,0.000,0.000,1.000,1.000,0.000,49.017,49.197,0.940,63.268,5.000,100.0,47.0,16.512821197509766,36.30769348144531
128.558,12:55:19.528,459.487,36.075,16576.092,0.000,0.000,0.000,0.000,0.000,0.000,1.000,1.000,0.000,49.017,49.197,0.940,63.268,5.000,100.0,47.0,16.512821197509766,36.30769348144531
128.703,12:55:19.594,459.487,36.075,16576.092,0.000,0.000,0.000,0.000,0.000,0.000,1.000,1.000,0.000,49.017,49.197,0.940,63.268,5.000,100.0,47.0,16.512821197509766,36.30769348144531
128.767,12:55:19.658,456.680,36.699,16759.854,0.000,0.000,0.000,0.000,0.000,0.000,1.000,1.000,0.000,49.017,49.197,0.940,63.268,5.000,100.0,47.0,16.512821197509766,36.30769348144531
128.830,12:55:19.801,456.680,36.699,16759.854,0.000,0.000,0.000,0.000,0.000,0.000,1.000,1.000,0.000,49.417,49.597,0.940,63.296,5.000,100.0,47.0,16.512821197509766,36.30769348144531
128.975,12:55:19.866,456.680,36.699,16759.854,0.000,0.000,0.000,0.000,0.000,0.000,1.000,1.000,0.000,49.417,49.597,0.940,63.296,5.000,100.0,47.0,16.512821197509766,36.30769348144531
129.039,12:55:20.120,456.680,36.699,16759.854,0.000,0.000,0.000,0.000,0.000,0.000,1.000,1.000,0.000,49.417,49.597,0.940,63.296,5.000,100.0,47.0,11.435897827148438,-46.0
129.294,12:55:20.265,459.327,36.105,16584.008,0.000,0.000,0.000,0.000,0.000,0.000,1.000,1.000,0.000,48.977,48.797,0.940,63.323,5.000,100.0,47.0,11.435897827148438,-46.0
129.439,12:55:20.329,459.327,36.105,16584.008,0.000,0.000,0.000,0.000,0.000,0.000,1.000,1.000,0.000,48.977,48.797,0.940,63.323,5.000,100.0,47.0,11.435897827148438,-46.0
129.502,12:55:20.393,459.327,36.105,16584.008,0.000,0.000,0.000,0.000,0.000,0.000,1.000,1.000,0.000,48.977,48.797,0.940,63.323,5.000,100.0,47.0,11.435897827148438,-46.0
129.565,12:55:20.536,460.731,35.759,16475.195,0.000,0.000,0.000,0.000,0.000,0.000,1.000,1.000,0.000,49.016,49.197,0.940,63.351,5.000,100.0,47.0,11.435897827148438,-46.0
129.710,12:55:20.601,460.731,35.759,16475.195,0.000,0.000,0.000,0.000,0.000,0.000,1.000,1.000,0.000,49.016,49.197,0.940,63.351,5.000,100.0,47.0,11.435897827148438,-46.0
129.774,12:55:20.664,460.731,35.759,16475.195,0.000,0.000,0.000,0.000,0.000,0.000,1.000,1.000,0.000,49.016,49.197,0.940,63.351,5.000,100.0,47.0,11.435897827148438,-46.0
129.837,12:55:20.809,460.731,35.759,16475.195,0.000,0.000,0.000,0.000,0.000,0.000,1.000,1.000,0.000,49.016,49.197,0.940,63.351,5.000,100.0,47.0,11.435897827148438,-46.0
129.982,12:55:20.872,459.453,36.079,16576.451,0.000,0.000,0.000,0.000,0.000,0.000,1.000,1.000,0.000,49.016,49.197,0.940,63.351,5.000,100.0,47.0,11.435897827148438,-46.0
130.045,12:55:21.128,459.453,36.079,16576.451,0.000,0.000,0.000,0.000,0.000,0.000,1.000,1.000,0.000,49.016,49.197,0.940,63.351,5.000,100.0,47.0,49.38461685180664,-25.076923370361328
130.301,12:55:21.272,459.453,36.079,16576.451,0.000,0.000,0.000,0.000,0.000,0.000,1.000,1.000,0.000,49.016,49.197,0.940,63.392,5.000,100.0,47.0,49.38461685180664,-25.076923370361328
130.445,12:55:21.336,459.275,36.110,16584.207,0.000,0.000,0.000,0.000,0.000,0.000,1.000,1.000,0.000,49.016,49.197,0.940,63.392,5.000,100.0,47.0,49.38461685180664,-25.076923370361328
130.510,12:55:21.400,459.275,36.110,16584.207,0.000,0.000,0.000,0.000,0.000,0.000,1.000,1.000,0.000,49.016,49.197,0.940,63.392,5.000,100.0,47.0,49.38461685180664,-25.076923370361328
130.573,12:55:21.543,459.275,36.110,16584.207,0.000,0.000,0.000,0.000,0.000,0.000,1.000,1.000,0.000,49.016,49.197,0.940,63.392,5.000,100.0,47.0,49.38461685180664,-25.076923370361328
130.718,12:55:21.609,459.275,36.110,16584.207,0.000,0.000,0.000,0.000,0.000,0.000,1.000,1.000,0.000,49.016,49.197,0.940,63.392,5.000,100.0,47.0,49.38461685180664,-25.076923370361328
130.781,12:55:21.671,454.849,37.092,16871.477,0.000,0.000,0.000,0.000,0.000,0.000,1.000,1.000,0.000,49.016,49.197,0.940,63.392,5.000,100.0,47.0,49.38461685180664,-25.076923370361328
130.845,12:55:21.816,454.849,37.092,16871.477,0.000,0.000,0.000,0.000,0.000,0.000,1.000,1.000,0.000,49.416,49.597,0.940,63.348,5.000,100.0,47.0,49.38461685180664,-25.076923370361328
130.989,12:55:21.880,454.849,37.092,16871.477,0.000,0.000,0.000,0.000,0.000,0.000,1.000,1.000,0.000,49.416,49.597,0.940,63.348,5.000,100.0,47.0,49.38461685180664,-25.076923370361328
131.054,12:55:22.135,454.849,37.092,16871.477,0.000,0.000,0.000,0.000,0.000,0.000,1.000,1.000,0.000,49.416,49.597,0.940,63.348,5.000,100.0,47.0,17.0256404876709,-51.487178802490234
131.309,12:55:22.280,456.925,36.649,16745.752,0.000,0.000,0.000,0.000,0.000,0.000,1.000,1.000,0.000,49.378,49.197,0.940,63.448,5.000,100.0,47.0,17.0256404876709,-51.487178802490234
131.452,12:55:22.343,456.925,36.649,16745.752,0.000,0.000,0.000,0.000,0.000,0.000,1.000,1.000,0.000,49.378,49.197,0.940,63.448,5.000,100.0,47.0,17.0256404876709,-51.487178802490234
131.516,12:55:22.407,456.925,36.649,16745.752,0.000,0.000,0.000,0.000,0.000,0.000,1.000,1.000,0.000,49.378,49.197,0.940,63.448,5.000,100.0,47.0,17.0256404876709,-51.487178802490234
131.581,12:55:22.551,461.151,35.674,16451.236,0.000,0.000,0.000,0.000,0.000,0.000,1.000,1.000,0.000,48.978,48.797,0.940,63.459,5.000,100.0,47.0,17.0256404876709,-51.487178802490234
131.725,12:55:22.615,461.151,35.674,16451.236,0.000,0.000,0.000,0.000,0.000,0.000,1.000,1.000,0.000,48.978,48.797,0.940,63.459,5.000,100.0,47.0,17.0256404876709,-51.487178802490234
131.788,12:55:22.679,461.151,35.674,16451.236,0.000,0.000,0.000,0.000,0.000,0.000,1.000,1.000,0.000,48.978,48.797,0.940,63.459,5.000,100.0,47.0,17.0256404876709,-51.487178802490234
131.852,12:55:22.824,461.151,35.674,16451.236,0.000,0.000,0.000,0.000,0.000,0.000,1.000,1.000,0.000,48.978,48.797,0.940,63.459,5.000,100.0,47.0,17.0256404876709,-51.487178802490234
131.997,12:55:22.888,459.010,36.167,16601.088,0.000,0.000,0.000,0.000,0.000,0.000,1.000,1.000,0.000,48.978,48.797,0.940,63.459,5.000,100.0,47.0,17.0256404876709,-51.487178802490234
132.060,12:55:23.143,459.010,36.167,16601.088,0.000,0.000,0.000,0.000,0.000,0.000,1.000,1.000,0.000,48.978,48.797,0.940,63.459,5.000,100.0,47.0,-21.179487228393555,51.230770111083984
132.317,12:55:23.286,459.010,36.167,16601.088,0.000,0.000,0.000,0.000,0.000,0.000,1.000,1.000,0.000,49.016,49.197,0.940,63.474,5.000,100.0,47.0,-21.179487228393555,51.230770111083984
132.460,12:55:23.351,461.063,35.684,16452.727,0.000,0.000,0.000,0.000,0.000,0.000,1.000,1.000,0.000,49.016,49.197,0.940,63.474,5.000,100.0,47.0,-21.179487228393555,51.230770111083984
132.525,12:55:23.415,461.063,35.684,16452.727,0.000,0.000,0.000,0.000,0.000,0.000,1.000,1.000,0.000,49.016,49.197,0.940,63.474,5.000,100.0,47.0,-21.179487228393555,51.230770111083984
132.588,12:55:23.558,461.063,35.684,16452.727,0.000,0.000,0.000,0.000,0.000,0.000,1.000,1.000,0.000,48.978,48.797,0.940,63.502,5.000,100.0,47.0,-21.179487228393555,51.230770111083984
132.732,12:55:23.623,461.063,35.684,16452.727,0.000,0.000,0.000,0.000,0.000,0.000,1.000,1.000,0.000,48.978,48.797,0.940,63.502,5.000,100.0,47.0,-21.179487228393555,51.230770111083984
132.796,12:55:23.686,461.063,35.684,16452.727,0.000,0.000,0.000,0.000,0.000,0.000,1.000,1.000,0.000,48.978,48.797,0.940,63.502,5.000,100.0,47.0,-21.179487228393555,51.230770111083984
132.860,12:55:23.831,457.235,36.576,16723.895,0.000,0.000,0.000,0.000,0.000,0.000,1.000,1.000,0.000,49.378,49.197,0.940,63.500,5.000,100.0,47.0,-21.179487228393555,51.230770111083984
133.004,12:55:23.895,457.235,36.576,16723.895,0.000,0.000,0.000,0.000,0.000,0.000,1.000,1.000,0.000,49.378,49.197,0.940,63.500,5.000,100.0,47.0,-21.179487228393555,51.230770111083984
133.068,12:55:24.150,457.235,36.576,16723.895,0.000,0.000,0.000,0.000,0.000,0.000,1.000,1.000,0.000,49.378,49.197,0.940,63.500,5.000,100.0,47.0,47.89743423461914,-9.48717975616455
133.324,12:55:24.295,461.482,35.606,16431.359,0.000,0.000,0.000,0.000,0.000,0.000,1.000,1.000,0.000,48.978,48.797,0.940,63.514,5.000,100.0,47.0,47.89743423461914,-9.48717975616455
133.468,12:55:24.359,461.482,35.606,16431.359,0.000,0.000,0.000,0.000,0.000,0.000,1.000,1.000,0.000,48.978,48.797,0.940,63.514,5.000,100.0,47.0,47.89743423461914,-9.48717975616455
133.532,12:55:24.422,461.482,35.606,16431.359,0.000,0.000,0.000,0.000,0.000,0.000,1.000,1.000,0.000,48.978,48.797,0.940,63.514,5.000,100.0,47.0,47.89743423461914,-9.48717975616455
133.595,12:55:24.567,461.482,35.606,16431.359,0.000,0.000,0.000,0.000,0.000,0.000,1.000,1.000,0.000,49.378,49.197,0.940,63.521,5.000,100.0,47.0,47.89743423461914,-9.48717975616455
133.740,12:55:24.630,457.614,36.498,16701.939,0.000,0.000,0.000,0.000,0.000,0.000,1.000,1.000,0.000,49.378,49.197,0.940,63.521,5.000,100.0,47.0,47.89743423461914,-9.48717975616455
133.803,12:55:24.693,457.614,36.498,16701.939,0.000,0.000,0.000,0.000,0.000,0.000,1.000,1.000,0.000,49.378,49.197,0.940,63.521,5.000,100.0,47.0,47.89743423461914,-9.48717975616455
133.868,12:55:24.838,457.614,36.498,16701.939,0.000,0.000,0.000,0.000,0.000,0.000,1.000,1.000,0.000,49.378,49.197,0.940,63.521,5.000,100.0,47.0,47.89743423461914,-9.48717975616455
134.011,12:55:24.901,457.614,36.498,16701.939,0.000,0.000,0.000,0.000,0.000,0.000,1.000,1.000,0.000,49.378,49.197,0.940,63.521,5.000,100.0,47.0,47.89743423461914,-9.48717975616455
134.075,12:55:25.157,462.607,35.310,16334.775,0.000,0.000,0.000,0.000,0.000,0.000,1.000,1.000,0.000,49.378,49.197,0.940,63.521,5.000,100.0,47.0,-3.538461446762085,43.79487228393555
134.332,12:55:25.301,462.607,35.310,16334.775,0.000,0.000,0.000,0.000,0.000,0.000,1.000,1.000,0.000,48.616,48.797,0.940,63.529,5.000,100.0,47.0,-3.538461446762085,43.79487228393555
134.475,12:55:25.365,457.666,36.481,16696.209,0.000,0.000,0.000,0.000,0.000,0.000,1.000,1.000,0.000,48.616,48.797,0.940,63.529,5.000,100.0,47.0,-3.538461446762085,43.79487228393555
134.539,12:55:25.429,457.666,36.481,16696.209,0.000,0.000,0.000,0.000,0.000,0.000,1.000,1.000,0.000,48.616,48.797,0.940,63.529,5.000,100.0,47.0,-3.538461446762085,43.79487228393555
134.603,12:55:25.574,457.666,36.481,16696.209,0.000,0.000,0.000,0.000,0.000,0.000,1.000,1.000,0.000,49.378,49.197,0.940,63.549,5.000,100.0,47.0,-3.538461446762085,43.79487228393555
134.747,12:55:25.637,457.666,36.481,16696.209,0.000,0.000,0.000,0.000,0.000,0.000,1.000,1.000,0.000,49.378,49.197,0.940,63.549,5.000,100.0,47.0,-3.538461446762085,43.79487228393555
134.810,12:55:25.700,457.666,36.481,16696.209,0.000,0.000,0.000,0.000,0.000,0.000,1.000,1.000,0.000,49.378,49.197,0.940,63.549,5.000,100.0,47.0,-3.538461446762085,43.79487228393555
134.875,12:55:25.846,461.571,35.568,16417.090,0.000,0.000,0.000,0.000,0.000,0.000,1.000,1.000,0.000,49.016,49.197,0.940,63.518,5.000,100.0,47.0,-3.538461446762085,43.79487228393555
135.019,12:55:25.910,461.571,35.568,16417.090,0.000,0.000,0.000,0.000,0.000,0.000,1.000,1.000,0.000,49.016,49.197,0.940,63.518,5.000,100.0,47.0,-3.538461446762085,43.79487228393555
135.083,12:55:26.165,461.571,35.568,16417.090,0.000,0.000,0.000,0.000,0.000,0.000,1.000,1.000,0.000,49.016,49.197,0.940,63.518,5.000,100.0,47.0,5.07692289352417,46.10256576538086
135.339,12:55:26.309,457.722,36.470,16693.154,0.000,0.000,0.000,0.000,0.000,0.000,1.000,1.000,0.000,49.416,49.597,0.940,63.542,5.000,100.0,47.0,5.07692289352417,46.10256576538086
135.483,12:55:26.373,457.722,36.470,16693.154,0.000,0.000,0.000,0.000,0.000,0.000,1.000,1.000,0.000,49.416,49.597,0.940,63.542,5.000,100.0,47.0,5.07692289352417,46.10256576538086
135.546,12:55:26.437,457.722,36.470,16693.154,0.000,0.000,0.000,0.000,0.000,0.000,1.000,1.000,0.000,49.416,49.597,0.940,63.542,5.000,100.0,47.0,5.07692289352417,46.10256576538086
135.610,12:55:26.581,457.722,36.470,16693.154,0.000,0.000,0.000,0.000,0.000,0.000,1.000,1.000,0.000,48.978,48.797,0.940,63.577,5.000,100.0,47.0,5.07692289352417,46.10256576538086
135.754,12:55:26.645,458.484,36.305,16645.109,0.000,0.000,0.000,0.000,0.000,0.000,1.000,1.000,0.000,48.978,48.797,0.940,63.577,5.000,100.0,47.0,5.07692289352417,46.10256576538086
135.817,12:55:26.708,458.484,36.305,16645.109,0.000,0.000,0.000,0.000,0.000,0.000,1.000,1.000,0.000,48.978,48.797,0.940,63.577,5.000,100.0,47.0,5.07692289352417,46.10256576538086
135.882,12:55:26.852,458.484,36.305,16645.109,0.000,0.000,0.000,0.000,0.000,0.000,1.000,1.000,0.000,48.978,48.797,0.940,63.577,5.000,100.0,47.0,5.07692289352417,46.10256576538086
136.026,12:55:26.916,458.484,36.305,16645.109,0.000,0.000,0.000,0.000,0.000,0.000,1.000,1.000,0.000,48.978,48.797,0.940,63.577,5.000,100.0,47.0,5.07692289352417,46.10256576538086
136.090,12:55:27.173,461.724,35.526,16403.098,0.000,0.000,0.000,0.000,0.000,0.000,1.000,1.000,0.000,48.978,48.797,0.940,63.577,5.000,100.0,47.0,-15.333333015441895,-38.46154022216797
136.346,12:55:27.316,461.724,35.526,16403.098,0.000,0.000,0.000,0.000,0.000,0.000,1.000,1.000,0.000,49.016,49.197,0.940,63.576,5.000,100.0,47.0,-15.333333015441895,-38.46154022216797
136.490,12:55:27.381,457.819,36.458,16690.953,0.000,0.000,0.000,0.000,0.000,0.000,1.000,1.000,0.000,49.016,49.197,0.940,63.576,5.000,100.0,47.0,-15.333333015441895,-38.46154022216797
136.553,12:55:27.444,457.819,36.458,16690.953,0.000,0.000,0.000,0.000,0.000,0.000,1.000,1.000,0.000,49.016,49.197,0.940,63.576,5.000,100.0,47.0,-15.333333015441895,-38.46154022216797
136.617,12:55:27.587,457.819,36.458,16690.953,0.000,0.000,0.000,0.000,0.000,0.000,1.000,1.000,0.000,49.378,49.197,0.940,63.632,5.000,100.0,47.0,-15.333333015441895,-38.46154022216797
136.761,12:55:27.651,457.819,36.458,16690.953,0.000,0.000,0.000,0.000,0.000,0.000,1.000,1.000,0.000,49.378,49.197,0.940,63.632,5.000,100.0,47.0,-15.333333015441895,-38.46154022216797
136.825,12:55:27.715,457.819,36.458,16690.953,0.000,0.000,0.000,0.000,0.000,0.000,1.000,1.000,0.000,49.378,49.197,0.940,63.632,5.000,100.0,47.0,-15.333333015441895,-38.46154022216797
136.890,12:55:27.860,458.478,36.306,16645.471,0.000,0.000,0.000,0.000,0.000,0.000,1.000,1.000,0.000,49.016,49.197,0.940,63.601,5.000,100.0,47.0,-15.333333015441895,-38.46154022216797
137.033,12:55:27.924,458.478,36.306,16645.471,0.000,0.000,0.000,0.000,0.000,0.000,1.000,1.000,0.000,49.016,49.197,0.940,63.601,5.000,100.0,47.0,-15.333333015441895,-38.46154022216797
137.098,12:55:28.468,458.478,36.306,16645.471,0.000,0.000,0.000,0.000,0.000,0.000,1.000,1.000,0.000,49.016,49.197,0.940,63.601,5.000,,47.0,5.641025543212891,45.89743423461914
137.640,12:55:28.612,457.795,36.463,16692.641,0.000,0.000,0.000,0.000,0.000,0.000,1.000,1.000,0.000,48.978,48.797,0.940,63.709,5.000,,47.0,5.641025543212891,45.89743423461914
137.785,12:55:28.676,458.326,36.330,16650.857,0.000,0.000,0.000,0.000,0.000,0.000,1.000,1.000,0.000,48.978,48.797,0.940,63.709,5.000,,47.0,5.641025543212891,45.89743423461914
137.848,12:55:28.739,458.326,36.330,16650.857,0.000,0.000,0.000,0.000,0.000,0.000,1.000,1.000,0.000,48.978,48.797,0.940,63.709,5.000,,47.0,5.641025543212891,45.89743423461914
137.913,12:55:28.883,458.326,36.330,16650.857,0.000,0.000,0.000,0.000,0.000,0.000,1.000,1.000,0.000,48.978,48.797,0.940,63.709,5.000,,47.0,5.641025543212891,45.89743423461914
138.056,12:55:28.947,458.326,36.330,16650.857,0.000,0.000,0.000,0.000,0.000,0.000,1.000,1.000,0.000,48.978,48.797,0.940,63.709,5.000,,47.0,5.641025543212891,45.89743423461914
138.120,12:55:29.203,462.123,35.414,16365.517,0.000,0.000,0.000,0.000,0.000,0.000,1.000,1.000,0.000,48.978,48.797,0.940,63.709,5.000,100.0,47.0,-50.30769348144531,23.487178802490234
138.376,12:55:29.347,462.123,35.414,16365.517,0.000,0.000,0.000,0.000,0.000,0.000,1.000,1.000,0.000,48.616,48.797,0.940,63.699,5.000,100.0,47.0,-50.30769348144531,23.487178802490234
138.520,12:55:29.410,461.774,35.523,16403.469,0.000,0.000,0.000,0.000,0.000,0.000,1.000,1.000,0.000,48.616,48.797,0.940,63.699,5.000,100.0,47.0,-50.30769348144531,23.487178802490234
138.584,12:55:29.474,461.774,35.523,16403.469,0.000,0.000,0.000,0.000,0.000,0.000,1.000,1.000,0.000,48.616,48.797,0.940,63.699,5.000,100.0,47.0,-50.30769348144531,23.487178802490234
138.648,12:55:29.619,461.774,35.523,16403.469,0.000,0.000,0.000,0.000,0.000,0.000,1.000,1.000,0.000,49.016,49.197,0.940,63.681,5.000,100.0,47.0,-50.30769348144531,23.487178802490234
138.792,12:55:29.682,461.774,35.523,16403.469,0.000,0.000,0.000,0.000,0.000,0.000,1.000,1.000,0.000,49.016,49.197,0.940,63.681,5.000,100.0,47.0,-50.30769348144531,23.487178802490234
138.857,12:55:29.747,461.774,35.523,16403.469,0.000,0.000,0.000,0.000,0.000,0.000,1.000,1.000,0.000,49.016,49.197,0.940,63.681,5.000,100.0,47.0,-50.30769348144531,23.487178802490234
138.921,12:55:29.891,457.852,36.448,16687.680,0.000,0.000,0.000,0.000,0.000,0.000,1.000,1.000,0.000,49.378,49.197,0.940,63.719,5.000,100.0,47.0,-50.30769348144531,23.487178802490234
139.064,12:55:29.955,457.852,36.448,16687.680,0.000,0.000,0.000,0.000,0.000,0.000,1.000,1.000,0.000,49.378,49.197,0.940,63.719,5.000,100.0,47.0,-50.30769348144531,23.487178802490234
139.128,12:55:30.211,457.852,36.448,16687.680,0.000,0.000,0.000,0.000,0.000,0.000,1.000,1.000,0.000,49.378,49.197,0.940,63.719,5.000,100.0,47.0,-18.871795654296875,23.128204345703125
139.384,12:55:30.354,458.314,36.339,16654.799,0.000,0.000,0.000,0.000,0.000,0.000,1.000,1.000,0.000,49.016,49.197,0.940,63.720,5.000,100.0,47.0,-18.871795654296875,23.128204345703125
139.527,12:55:30.418,458.314,36.339,16654.799,0.000,0.000,0.000,0.000,0.000,0.000,1.000,1.000,0.000,49.016,49.197,0.940,63.720,5.000,100.0,47.0,-18.871795654296875,23.128204345703125
139.592,12:55:30.482,458.314,36.339,16654.799,0.000,0.000,0.000,0.000,0.000,0.000,1.000,1.000,0.000,49.016,49.197,0.940,63.720,5.000,100.0,47.0,-18.871795654296875,23.128204345703125
139.655,12:55:30.626,458.314,36.339,16654.799,0.000,0.000,0.000,0.000,0.000,0.000,1.000,1.000,0.000,48.978,48.797,0.940,63.754,5.000,100.0,47.0,-18.871795654296875,23.128204345703125
139.800,12:55:30.690,458.395,36.324,16650.842,0.000,0.000,0.000,0.000,0.000,0.000,1.000,1.000,0.000,48.978,48.797,0.940,63.754,5.000,100.0,47.0,-18.871795654296875,23.128204345703125
139.863,12:55:30.754,458.395,36.324,16650.842,0.000,0.000,0.000,0.000,0.000,0.000,1.000,1.000,0.000,48.978,48.797,0.940,63.754,5.000,100.0,47.0,-18.871795654296875,23.128204345703125
139.928,12:55:30.897,458.395,36.324,16650.842,0.000,0.000,0.000,0.000,0.000,0.000,1.000,1.000,0.000,48.978,48.797,0.940,63.754,5.000,100.0,47.0,-18.871795654296875,23.128204345703125
140.071,12:55:30.962,458.395,36.324,16650.842,0.000,0.000,0.000,0.000,0.000,0.000,1.000,1.000,0.000,48.978,48.797,0.940,63.754,5.000,100.0,47.0,-18.871795654296875,23.128204345703125
140.135,12:55:31.217,456.702,36.694,16758.207,0.000,0.000,0.000,0.000,0.000,0.000,1.000,1.000,0.000,48.978,48.797,0.940,63.754,5.000,100.0,47.0,50.153846740722656,-38.56410217285156
140.391,12:55:31.362,456.702,36.694,16758.207,0.000,0.000,0.000,0.000,0.000,0.000,1.000,1.000,0.000,49.377,49.197,0.940,63.760,5.000,100.0,47.0,50.153846740722656,-38.56410217285156
140.534,12:55:31.425,459.490,36.068,16572.717,0.000,0.000,0.000,0.000,0.000,0.000,1.000,1.000,0.000,49.377,49.197,0.940,63.760,5.000,100.0,47.0,50.153846740722656,-38.56410217285156
140.600,12:55:31.490,459.490,36.068,16572.717,0.000,0.000,0.000,0.000,0.000,0.000,1.000,1.000,0.000,49.377,49.197,0.940,63.760,5.000,100.0,47.0,50.153846740722656,-38.56410217285156
140.662,12:55:31.633,459.490,36.068,16572.717,0.000,0.000,0.000,0.000,0.000,0.000,1.000,1.000,0.000,48.977,48.797,0.940,63.782,5.000,100.0,47.0,50.153846740722656,-38.56410217285156
140.806,12:55:31.697,459.490,36.068,16572.717,0.000,0.000,0.000,0.000,0.000,0.000,1.000,1.000,0.000,48.977,48.797,0.940,63.782,5.000,100.0,47.0,50.153846740722656,-38.56410217285156
140.870,12:55:31.761,459.490,36.068,16572.717,0.000,0.000,0.000,0.000,0.000,0.000,1.000,1.000,0.000,48.977,48.797,0.940,63.782,5.000,100.0,47.0,50.153846740722656,-38.56410217285156
140.935,12:55:31.906,463.336,35.131,16277.229,0.000,0.000,0.000,0.000,0.000,0.000,1.000,1.000,0.000,48.617,48.797,0.940,63.777,5.000,100.0,47.0,50.153846740722656,-38.56410217285156
141.078,12:55:31.969,463.336,35.131,16277.229,0.000,0.000,0.000,0.000,0.000,0.000,1.000,1.000,0.000,48.617,48.797,0.940,63.777,5.000,100.0,47.0,50.153846740722656,-38.56410217285156
141.142,12:55:32.224,463.336,35.131,16277.229,0.000,0.000,0.000,0.000,0.000,0.000,1.000,1.000,0.000,48.617,48.797,0.940,63.777,5.000,100.0,47.0,-48.82051467895508,-47.230770111083984
141.398,12:55:32.369,460.918,35.733,16469.896,0.000,0.000,0.000,0.000,0.000,0.000,1.000,1.000,0.000,49.016,49.197,0.940,63.784,5.000,100.0,47.0,-48.82051467895508,-47.230770111083984
141.542,12:55:32.432,460.918,35.733,16469.896,0.000,0.000,0.000,0.000,0.000,0.000,1.000,1.000,0.000,49.016,49.197,0.940,63.784,5.000,100.0,47.0,-48.82051467895508,-47.230770111083984
141.606,12:55:32.496,460.918,35.733,16469.896,0.000,0.000,0.000,0.000,0.000,0.000,1.000,1.000,0.000,49.016,49.197,0.940,63.784,5.000,100.0,47.0,-48.82051467895508,-47.230770111083984
141.670,12:55:32.641,460.918,35.733,16469.896,0.000,0.000,0.000,0.000,0.000,0.000,1.000,1.000,0.000,49.016,49.197,0.940,63.784,5.000,100.0,47.0,-48.82051467895508,-47.230770111083984
141.814,12:55:32.705,463.282,35.151,16284.588,0.000,0.000,0.000,0.000,0.000,0.000,1.000,1.000,0.000,49.016,49.197,0.940,63.784,5.000,100.0,47.0,-48.82051467895508,-47.230770111083984
141.879,12:55:32.769,463.282,35.151,16284.588,0.000,0.000,0.000,0.000,0.000,0.000,1.000,1.000,0.000,49.016,49.197,0.940,63.784,5.000,100.0,47.0,-48.82051467895508,-47.230770111083984
141.943,12:55:32.913,463.282,35.151,16284.588,0.000,0.000,0.000,0.000,0.000,0.000,1.000,1.000,0.000,48.616,48.797,0.940,63.788,5.000,100.0,47.0,-48.82051467895508,-47.230770111083984
142.086,12:55:32.977,463.282,35.151,16284.588,0.000,0.000,0.000,0.000,0.000,0.000,1.000,1.000,0.000,48.616,48.797,0.940,63.788,5.000,100.0,47.0,-48.82051467895508,-47.230770111083984
142.150,12:55:33.232,463.282,35.151,16284.588,0.000,0.000,0.000,0.000,0.000,0.000,1.000,1.000,0.000,48.616,48.797,0.940,63.788,5.000,100.0,47.0,-12.20512866973877,46.92307662963867
142.405,12:55:33.377,466.439,34.311,16003.919,0.000,0.000,0.000,0.000,0.000,0.000,1.000,1.000,0.000,48.216,48.397,0.940,63.766,5.000,100.0,47.0,-12.20512866973877,46.92307662963867
142.550,12:55:33.441,466.439,34.311,16003.919,0.000,0.000,0.000,0.000,0.000,0.000,1.000,1.000,0.000,48.216,48.397,0.940,63.766,5.000,100.0,47.0,-12.20512866973877,46.92307662963867
142.614,12:55:33.504,464.378,34.847,16182.350,0.000,0.000,0.000,0.000,0.000,0.000,1.000,1.000,0.000,48.216,48.397,0.940,63.766,5.000,100.0,47.0,-12.20512866973877,46.92307662963867
142.677,12:55:33.648,464.378,34.847,16182.350,0.000,0.000,0.000,0.000,0.000,0.000,1.000,1.000,0.000,48.616,48.797,0.940,63.730,5.000,100.0,47.0,-12.20512866973877,46.92307662963867
142.822,12:55:33.712,464.378,34.847,16182.350,0.000,0.000,0.000,0.000,0.000,0.000,1.000,1.000,0.000,48.616,48.797,0.940,63.730,5.000,100.0,47.0,-12.20512866973877,46.92307662963867
142.885,12:55:33.776,464.378,34.847,16182.350,0.000,0.000,0.000,0.000,0.000,0.000,1.000,1.000,0.000,48.616,48.797,0.940,63.730,5.000,100.0,47.0,-12.20512866973877,46.92307662963867
142.950,12:55:33.921,464.378,34.847,16182.350,0.000,0.000,0.000,0.000,0.000,0.000,1.000,1.000,0.000,48.978,48.797,0.940,63.693,5.000,100.0,47.0,-12.20512866973877,46.92307662963867
143.093,12:55:33.984,461.228,35.659,16446.869,0.000,0.000,0.000,0.000,0.000,0.000,1.000,1.000,0.000,48.978,48.797,0.940,63.693,5.000,100.0,47.0,-12.20512866973877,46.92307662963867
143.157,12:55:34.240,461.228,35.659,16446.869,0.000,0.000,0.000,0.000,0.000,0.000,1.000,1.000,0.000,48.978,48.797,0.940,63.693,5.000,100.0,47.0,-39.9487190246582,44.92307662963867
143.413,12:55:34.384,457.377,36.547,16715.918,0.000,0.000,0.000,0.000,0.000,0.000,1.000,1.000,0.000,49.378,49.197,0.940,63.697,5.000,100.0,47.0,-39.9487190246582,44.92307662963867
143.557,12:55:34.448,457.377,36.547,16715.918,0.000,0.000,0.000,0.000,0.000,0.000,1.000,1.000,0.000,49.378,49.197,0.940,63.697,5.000,100.0,47.0,-39.9487190246582,44.92307662963867
143.621,12:55:34.511,457.377,36.547,16715.918,0.000,0.000,0.000,0.000,0.000,0.000,1.000,1.000,0.000,49.378,49.197,0.940,63.697,5.000,100.0,47.0,-39.9487190246582,44.92307662963867
143.685,12:55:34.656,457.377,36.547,16715.918,0.000,0.000,0.000,0.000,0.000,0.000,1.000,1.000,0.000,49.378,49.197,0.940,63.697,5.000,100.0,47.0,-39.9487190246582,44.92307662963867
143.829,12:55:34.720,459.391,36.108,16587.672,0.000,0.000,0.000,0.000,0.000,0.000,1.000,1.000,0.000,49.378,49.197,0.940,63.697,5.000,100.0,47.0,-39.9487190246582,44.92307662963867
143.893,12:55:34.783,459.391,36.108,16587.672,0.000,0.000,0.000,0.000,0.000,0.000,1.000,1.000,0.000,49.378,49.197,0.940,63.697,5.000,100.0,47.0,-39.9487190246582,44.92307662963867
143.957,12:55:34.927,459.391,36.108,16587.672,0.000,0.000,0.000,0.000,0.000,0.000,1.000,1.000,0.000,48.978,48.797,0.940,63.672,5.000,100.0,47.0,-39.9487190246582,44.92307662963867
144.102,12:55:34.992,459.391,36.108,16587.672,0.000,0.000,0.000,0.000,0.000,0.000,1.000,1.000,0.000,48.978,48.797,0.940,63.672,5.000,100.0,47.0,-39.9487190246582,44.92307662963867
144.165,12:55:35.247,459.391,36.108,16587.672,0.000,0.000,0.000,0.000,0.000,0.000,1.000,1.000,0.000,48.978,48.797,0.940,63.672,5.000,100.0,47.0,40.66666793823242,2.461538553237915
144.421,12:55:35.391,457.512,36.532,16713.986,0.000,0.000,0.000,0.000,0.000,0.000,1.000,1.000,0.000,49.378,49.197,0.940,63.709,5.000,100.0,47.0,40.66666793823242,2.461538553237915
144.565,12:55:35.455,457.512,36.532,16713.986,0.000,0.000,0.000,0.000,0.000,0.000,1.000,1.000,0.000,49.378,49.197,0.940,63.709,5.000,100.0,47.0,40.66666793823242,2.461538553237915
144.628,12:55:35.519,459.063,36.188,16612.383,0.000,0.000,0.000,0.000,0.000,0.000,1.000,1.000,0.000,49.378,49.197,0.940,63.709,5.000,100.0,47.0,40.66666793823242,2.461538553237915
144.692,12:55:35.662,459.063,36.188,16612.383,0.000,0.000,0.000,0.000,0.000,0.000,1.000,1.000,0.000,48.978,48.797,0.940,63.768,5.000,100.0,47.0,40.66666793823242,2.461538553237915
144.837,12:55:35.728,459.063,36.188,16612.383,0.000,0.000,0.000,0.000,0.000,0.000,1.000,1.000,0.000,48.978,48.797,0.940,63.768,5.000,100.0,47.0,40.66666793823242,2.461538553237915
144.901,12:55:35.791,459.063,36.188,16612.383,0.000,0.000,0.000,0.000,0.000,0.000,1.000,1.000,0.000,48.978,48.797,0.940,63.768,5.000,100.0,47.0,40.66666793823242,2.461538553237915
144.964,12:55:35.934,459.063,36.188,16612.383,0.000,0.000,0.000,0.000,0.000,0.000,1.000,1.000,0.000,49.378,49.197,0.940,63.811,5.000,100.0,47.0,40.66666793823242,2.461538553237915
145.109,12:55:35.999,457.809,36.460,16691.662,0.000,0.000,0.000,0.000,0.000,0.000,1.000,1.000,0.000,49.378,49.197,0.940,63.811,5.000,100.0,47.0,40.66666793823242,2.461538553237915
145.172,12:55:36.255,457.809,36.460,16691.662,0.000,0.000,0.000,0.000,0.000,0.000,1.000,1.000,0.000,49.378,49.197,0.940,63.811,5.000,100.0,47.0,-53.02564239501953,11.743589401245117
145.428,12:55:36.399,459.146,36.174,16609.082,0.000,0.000,0.000,0.000,0.000,0.000,1.000,1.000,0.000,48.978,48.797,0.940,63.824,5.000,100.0,47.0,-53.02564239501953,11.743589401245117
145.572,12:55:36.462,459.146,36.174,16609.082,0.000,0.000,0.000,0.000,0.000,0.000,1.000,1.000,0.000,48.978,48.797,0.940,63.824,5.000,100.0,47.0,-53.02564239501953,11.743589401245117
145.635,12:55:36.526,459.146,36.174,16609.082,0.000,0.000,0.000,0.000,0.000,0.000,1.000,1.000,0.000,48.978,48.797,0.940,63.824,5.000,100.0,47.0,-53.02564239501953,11.743589401245117
145.699,12:55:36.671,459.146,36.174,16609.082,0.000,0.000,0.000,0.000,0.000,0.000,1.000,1.000,0.000,48.978,48.797,0.940,63.824,5.000,100.0,47.0,-53.02564239501953,11.743589401245117
145.844,12:55:36.735,457.755,36.481,16699.217,0.000,0.000,0.000,0.000,0.000,0.000,1.000,1.000,0.000,48.978,48.797,0.940,63.824,5.000,100.0,47.0,-53.02564239501953,11.743589401245117
145.908,12:55:36.799,457.755,36.481,16699.217,0.000,0.000,0.000,0.000,0.000,0.000,1.000,1.000,0.000,48.978,48.797,0.940,63.824,5.000,100.0,47.0,-53.02564239501953,11.743589401245117
145.971,12:55:36.943,457.755,36.481,16699.217,0.000,0.000,0.000,0.000,0.000,0.000,1.000,1.000,0.000,49.378,49.197,0.940,63.872,5.000,100.0,47.0,-53.02564239501953,11.743589401245117
146.116,12:55:37.007,457.755,36.481,16699.217,0.000,0.000,0.000,0.000,0.000,0.000,1.000,1.000,0.000,49.378,49.197,0.940,63.872,5.000,100.0,47.0,-53.02564239501953,11.743589401245117
146.180,12:55:37.262,457.755,36.481,16699.217,0.000,0.000,0.000,0.000,0.000,0.000,1.000,1.000,0.000,49.378,49.197,0.940,63.872,5.000,100.0,47.0,40.82051467895508,-51.79487228393555
146.436,12:55:37.406,458.773,36.249,16630.170,0.000,0.000,0.000,0.000,0.000,0.000,1.000,1.000,0.000,49.016,49.197,0.940,63.842,5.000,100.0,47.0,40.82051467895508,-51.79487228393555
146.579,12:55:37.470,458.773,36.249,16630.170,0.000,0.000,0.000,0.000,0.000,0.000,1.000,1.000,0.000,49.016,49.197,0.940,63.842,5.000,100.0,47.0,40.82051467895508,-51.79487228393555
146.643,12:55:37.533,462.605,35.330,16343.712,0.000,0.000,0.000,0.000,0.000,0.000,1.000,1.000,0.000,49.016,49.197,0.940,63.842,5.000,100.0,47.0,40.82051467895508,-51.79487228393555
146.707,12:55:37.678,462.605,35.330,16343.712,0.000,0.000,0.000,0.000,0.000,0.000,1.000,1.000,0.000,48.616,48.797,0.940,63.875,5.000,100.0,47.0,40.82051467895508,-51.79487228393555
146.851,12:55:37.741,462.605,35.330,16343.712,0.000,0.000,0.000,0.000,0.000,0.000,1.000,1.000,0.000,48.616,48.797,0.940,63.875,5.000,100.0,47.0,40.82051467895508,-51.79487228393555
146.915,12:55:37.805,462.605,35.330,16343.712,0.000,0.000,0.000,0.000,0.000,0.000,1.000,1.000,0.000,48.616,48.797,0.940,63.875,5.000,100.0,47.0,40.82051467895508,-51.79487228393555
146.979,12:55:37.950,462.605,35.330,16343.712,0.000,0.000,0.000,0.000,0.000,0.000,1.000,1.000,0.000,49.016,49.197,0.940,63.899,5.000,100.0,47.0,40.82051467895508,-51.79487228393555
147.124,12:55:38.014,461.745,35.541,16410.963,0.000,0.000,0.000,0.000,0.000,0.000,1.000,1.000,0.000,49.016,49.197,0.940,63.899,5.000,100.0,47.0,40.82051467895508,-51.79487228393555
147.186,12:55:38.269,461.745,35.541,16410.963,0.000,0.000,0.000,0.000,0.000,0.000,1.000,1.000,0.000,49.016,49.197,0.940,63.899,5.000,100.0,47.0,24.564102172851562,-53.230770111083984
147.443,12:55:38.413,458.680,36.290,16645.295,0.000,0.000,0.000,0.000,0.000,0.000,1.000,1.000,0.000,48.978,48.797,0.940,63.967,5.000,100.0,47.0,24.564102172851562,-53.230770111083984
147.587,12:55:38.477,458.680,36.290,16645.295,0.000,0.000,0.000,0.000,0.000,0.000,1.000,1.000,0.000,48.978,48.797,0.940,63.967,5.000,100.0,47.0,24.564102172851562,-53.230770111083984
147.650,12:55:38.541,458.680,36.290,16645.295,0.000,0.000,0.000,0.000,0.000,0.000,1.000,1.000,0.000,48.978,48.797,0.940,63.967,5.000,100.0,47.0,24.564102172851562,-53.230770111083984
147.714,12:55:38.685,458.680,36.290,16645.295,0.000,0.000,0.000,0.000,0.000,0.000,1.000,1.000,0.000,48.978,48.797,0.940,63.967,5.000,100.0,47.0,24.564102172851562,-53.230770111083984
147.859,12:55:38.750,458.070,36.419,16682.328,0.000,0.000,0.000,0.000,0.000,0.000,1.000,1.000,0.000,48.978,48.797,0.940,63.967,5.000,100.0,47.0,24.564102172851562,-53.230770111083984
147.922,12:55:38.813,458.070,36.419,16682.328,0.000,0.000,0.000,0.000,0.000,0.000,1.000,1.000,0.000,48.978,48.797,0.940,63.967,5.000,100.0,47.0,24.564102172851562,-53.230770111083984
147.986,12:55:38.957,458.070,36.419,16682.328,0.000,0.000,0.000,0.000,0.000,0.000,1.000,1.000,0.000,49.378,49.197,0.940,63.978,5.000,100.0,47.0,24.564102172851562,-53.230770111083984
148.131,12:55:39.021,458.070,36.419,16682.328,0.000,0.000,0.000,0.000,0.000,0.000,1.000,1.000,0.000,49.378,49.197,0.940,63.978,5.000,100.0,47.0,24.564102172851562,-53.230770111083984
148.194,12:55:39.276,458.070,36.419,16682.328,0.000,0.000,0.000,0.000,0.000,0.000,1.000,1.000,0.000,49.378,49.197,0.940,63.978,5.000,100.0,47.0,-52.0,24.30769157409668
148.450,12:55:39.421,461.870,35.517,16404.229,0.000,0.000,0.000,0.000,0.000,0.000,1.000,1.000,0.000,49.016,49.197,0.940,63.992,5.000,100.0,47.0,-52.0,24.30769157409668
148.594,12:55:39.484,461.870,35.517,16404.229,0.000,0.000,0.000,0.000,0.000,0.000,1.000,1.000,0.000,49.016,49.197,0.940,63.992,5.000,100.0,47.0,-52.0,24.30769157409668
148.657,12:55:39.548,461.870,35.517,16404.229,0.000,0.000,0.000,0.000,0.000,0.000,1.000,1.000,0.000,49.016,49.197,0.940,63.992,5.000,100.0,47.0,-52.0,24.30769157409668
148.721,12:55:39.692,458.446,36.329,16654.742,0.000,0.000,0.000,0.000,0.000,0.000,1.000,1.000,0.000,48.978,48.797,0.940,64.022,5.000,100.0,47.0,-52.0,24.30769157409668
148.866,12:55:39.757,458.446,36.329,16654.742,0.000,0.000,0.000,0.000,0.000,0.000,1.000,1.000,0.000,48.978,48.797,0.940,64.022,5.000,100.0,47.0,-52.0,24.30769157409668
148.929,12:55:39.820,458.446,36.329,16654.742,0.000,0.000,0.000,0.000,0.000,0.000,1.000,1.000,0.000,48.978,48.797,0.940,64.022,5.000,100.0,47.0,-52.0,24.30769157409668
148.994,12:55:39.964,458.446,36.329,16654.742,0.000,0.000,0.000,0.000,0.000,0.000,1.000,1.000,0.000,48.978,48.797,0.940,64.022,5.000,100.0,47.0,-52.0,24.30769157409668
149.138,12:55:40.028,462.113,35.465,16388.641,0.000,0.000,0.000,0.000,0.000,0.000,1.000,1.000,0.000,48.978,48.797,0.940,64.022,5.000,100.0,47.0,-52.0,24.30769157409668
149.202,12:55:40.284,462.113,35.465,16388.641,0.000,0.000,0.000,0.000,0.000,0.000,1.000,1.000,0.000,48.978,48.797,0.940,64.022,5.000,100.0,47.0,49.43589782714844,-18.871795654296875
149.458,12:55:40.428,462.113,35.465,16388.641,0.000,0.000,0.000,0.000,0.000,0.000,1.000,1.000,0.000,48.978,48.797,0.940,64.075,5.000,100.0,47.0,49.43589782714844,-18.871795654296875
149.602,12:55:40.493,458.474,36.324,16653.459,0.000,0.000,0.000,0.000,0.000,0.000,1.000,1.000,0.000,48.978,48.797,0.940,64.075,5.000,100.0,47.0,49.43589782714844,-18.871795654296875
149.665,12:55:40.555,458.474,36.324,16653.459,0.000,0.000,0.000,0.000,0.000,0.000,1.000,1.000,0.000,48.978,48.797,0.940,64.075,5.000,100.0,47.0,49.43589782714844,-18.871795654296875
149.729,12:55:40.700,458.474,36.324,16653.459,0.000,0.000,0.000,0.000,0.000,0.000,1.000,1.000,0.000,48.978,48.797,0.940,64.075,5.000,100.0,47.0,49.43589782714844,-18.871795654296875
149.874,12:55:40.764,458.474,36.324,16653.459,0.000,0.000,0.000,0.000,0.000,0.000,1.000,1.000,0.000,48.978,48.797,0.940,64.075,5.000,100.0,47.0,49.43589782714844,-18.871795654296875
149.937,12:55:40.828,462.164,35.446,16381.942,0.000,0.000,0.000,0.000,0.000,0.000,1.000,1.000,0.000,48.978,48.797,0.940,64.075,5.000,100.0,47.0,49.43589782714844,-18.871795654296875
150.001,12:55:40.972,462.164,35.446,16381.942,0.000,0.000,0.000,0.000,0.000,0.000,1.000,1.000,0.000,49.016,49.197,0.940,64.046,5.000,100.0,47.0,49.43589782714844,-18.871795654296875
150.146,12:55:41.036,462.164,35.446,16381.942,0.000,0.000,0.000,0.000,0.000,0.000,1.000,1.000,0.000,49.016,49.197,0.940,64.046,5.000,100.0,47.0,49.43589782714844,-18.871795654296875
150.210,12:55:41.291,462.164,35.446,16381.942,0.000,0.000,0.000,0.000,0.000,0.000,1.000,1.000,0.000,49.016,49.197,0.940,64.046,5.000,100.0,47.0,-51.487178802490234,27.28205108642578
150.465,12:55:41.436,461.799,35.544,16414.137,0.000,0.000,0.000,0.000,0.000,0.000,1.000,1.000,0.000,49.016,49.197,0.940,64.071,5.000,100.0,47.0,-51.487178802490234,27.28205108642578
150.608,12:55:41.499,461.799,35.544,16414.137,0.000,0.000,0.000,0.000,0.000,0.000,1.000,1.000,0.000,49.016,49.197,0.940,64.071,5.000,100.0,47.0,-51.487178802490234,27.28205108642578
150.673,12:55:41.564,461.799,35.544,16414.137,0.000,0.000,0.000,0.000,0.000,0.000,1.000,1.000,0.000,49.016,49.197,0.940,64.071,5.000,100.0,47.0,-51.487178802490234,27.28205108642578
150.736,12:55:41.708,458.294,36.364,16665.586,0.000,0.000,0.000,0.000,0.000,0.000,1.000,1.000,0.000,49.378,49.197,0.940,64.116,5.000,100.0,47.0,-51.487178802490234,27.28205108642578
150.881,12:55:41.772,458.294,36.364,16665.586,0.000,0.000,0.000,0.000,0.000,0.000,1.000,1.000,0.000,49.378,49.197,0.940,64.116,5.000,100.0,47.0,-51.487178802490234,27.28205108642578
150.944,12:55:41.835,458.294,36.364,16665.586,0.000,0.000,0.000,0.000,0.000,0.000,1.000,1.000,0.000,49.378,49.197,0.940,64.116,5.000,100.0,47.0,-51.487178802490234,27.28205108642578
151.008,12:55:41.978,458.294,36.364,16665.586,0.000,0.000,0.000,0.000,0.000,0.000,1.000,1.000,0.000,49.378,49.197,0.940,64.116,5.000,100.0,47.0,-51.487178802490234,27.28205108642578
151.152,12:55:42.042,461.839,35.540,16413.863,0.000,0.000,0.000,0.000,0.000,0.000,1.000,1.000,0.000,49.378,49.197,0.940,64.116,5.000,100.0,47.0,-51.487178802490234,27.28205108642578
151.217,12:55:42.300,461.839,35.540,16413.863,0.000,0.000,0.000,0.000,0.000,0.000,1.000,1.000,0.000,49.378,49.197,0.940,64.116,5.000,100.0,47.0,-4.205128192901611,44.66666793823242
151.473,12:55:42.442,461.839,35.540,16413.863,0.000,0.000,0.000,0.000,0.000,0.000,1.000,1.000,0.000,49.378,49.197,0.940,64.129,5.000,100.0,47.0,-4.205128192901611,44.66666793823242
151.616,12:55:42.506,458.593,36.310,16651.588,0.000,0.000,0.000,0.000,0.000,0.000,1.000,1.000,0.000,49.378,49.197,0.940,64.129,5.000,100.0,47.0,-4.205128192901611,44.66666793823242
151.680,12:55:42.570,458.593,36.310,16651.588,0.000,0.000,0.000,0.000,0.000,0.000,1.000,1.000,0.000,49.378,49.197,0.940,64.129,5.000,100.0,47.0,-4.205128192901611,44.66666793823242
151.744,12:55:42.715,458.593,36.310,16651.588,0.000,0.000,0.000,0.000,0.000,0.000,1.000,1.000,0.000,49.378,49.197,0.940,64.129,5.000,100.0,47.0,-4.205128192901611,44.66666793823242
151.888,12:55:42.778,458.593,36.310,16651.588,0.000,0.000,0.000,0.000,0.000,0.000,1.000,1.000,0.000,49.378,49.197,0.940,64.129,5.000,100.0,47.0,-4.205128192901611,44.66666793823242
151.952,12:55:42.842,463.619,35.109,16277.202,0.000,0.000,0.000,0.000,0.000,0.000,1.000,1.000,0.000,49.378,49.197,0.940,64.129,5.000,100.0,47.0,-4.205128192901611,44.66666793823242
152.015,12:55:42.987,463.619,35.109,16277.202,0.000,0.000,0.000,0.000,0.000,0.000,1.000,1.000,0.000,48.616,48.797,0.940,64.119,5.000,100.0,47.0,-4.205128192901611,44.66666793823242
152.161,12:55:43.051,463.619,35.109,16277.202,0.000,0.000,0.000,0.000,0.000,0.000,1.000,1.000,0.000,48.616,48.797,0.940,64.119,5.000,100.0,47.0,-4.205128192901611,44.66666793823242
152.224,12:55:43.307,463.619,35.109,16277.202,0.000,0.000,0.000,0.000,0.000,0.000,1.000,1.000,0.000,48.616,48.797,0.940,64.119,5.000,100.0,47.0,47.9487190246582,-14.717948913574219
152.480,12:55:43.450,459.983,36.006,16561.918,0.000,0.000,0.000,0.000,0.000,0.000,1.000,1.000,0.000,49.016,49.197,0.940,64.161,5.000,100.0,47.0,47.9487190246582,-14.717948913574219
152.623,12:55:43.514,459.983,36.006,16561.918,0.000,0.000,0.000,0.000,0.000,0.000,1.000,1.000,0.000,49.016,49.197,0.940,64.161,5.000,100.0,47.0,47.9487190246582,-14.717948913574219
152.687,12:55:43.577,459.983,36.006,16561.918,0.000,0.000,0.000,0.000,0.000,0.000,1.000,1.000,0.000,49.016,49.197,0.940,64.161,5.000,100.0,47.0,47.9487190246582,-14.717948913574219
152.751,12:55:43.722,455.426,37.026,16862.412,0.000,0.000,0.000,0.000,0.000,0.000,1.000,1.000,0.000,49.378,49.197,0.940,64.166,5.000,100.0,47.0,47.9487190246582,-14.717948913574219
152.895,12:55:43.786,455.426,37.026,16862.412,0.000,0.000,0.000,0.000,0.000,0.000,1.000,1.000,0.000,49.378,49.197,0.940,64.166,5.000,100.0,47.0,47.9487190246582,-14.717948913574219
152.959,12:55:43.850,455.426,37.026,16862.412,0.000,0.000,0.000,0.000,0.000,0.000,1.000,1.000,0.000,49.378,49.197,0.940,64.166,5.000,100.0,47.0,47.9487190246582,-14.717948913574219
153.023,12:55:43.994,455.426,37.026,16862.412,0.000,0.000,0.000,0.000,0.000,0.000,1.000,1.000,0.000,49.378,49.197,0.940,64.166,5.000,100.0,47.0,47.9487190246582,-14.717948913574219
153.168,12:55:44.058,459.740,36.070,16582.721,0.000,0.000,0.000,0.000,0.000,0.000,1.000,1.000,0.000,49.378,49.197,0.940,64.166,5.000,100.0,47.0,47.9487190246582,-14.717948913574219
153.232,12:55:44.313,459.740,36.070,16582.721,0.000,0.000,0.000,0.000,0.000,0.000,1.000,1.000,0.000,49.378,49.197,0.940,64.166,5.000,100.0,47.0,-21.794872283935547,45.9487190246582
153.487,12:55:44.457,459.740,36.070,16582.721,0.000,0.000,0.000,0.000,0.000,0.000,1.000,1.000,0.000,49.016,49.197,0.940,64.243,5.000,100.0,47.0,-21.794872283935547,45.9487190246582
153.630,12:55:44.521,461.249,35.699,16466.314,0.000,0.000,0.000,0.000,0.000,0.000,1.000,1.000,0.000,49.016,49.197,0.940,64.243,5.000,100.0,47.0,-21.794872283935547,45.9487190246582
153.695,12:55:44.585,461.249,35.699,16466.314,0.000,0.000,0.000,0.000,0.000,0.000,1.000,1.000,0.000,49.016,49.197,0.940,64.243,5.000,100.0,47.0,-21.794872283935547,45.9487190246582
153.759,12:55:44.730,461.249,35.699,16466.314,0.000,0.000,0.000,0.000,0.000,0.000,1.000,1.000,0.000,49.016,49.197,0.940,64.243,5.000,100.0,47.0,-21.794872283935547,45.9487190246582
153.902,12:55:44.793,461.249,35.699,16466.314,0.000,0.000,0.000,0.000,0.000,0.000,1.000,1.000,0.000,49.016,49.197,0.940,64.243,5.000,100.0,47.0,-21.794872283935547,45.9487190246582
153.966,12:55:44.857,459.662,36.083,16585.988,0.000,0.000,0.000,0.000,0.000,0.000,1.000,1.000,0.000,49.016,49.197,0.940,64.243,5.000,100.0,47.0,-21.794872283935547,45.9487190246582
154.030,12:55:45.002,459.662,36.083,16585.988,0.000,0.000,0.000,0.000,0.000,0.000,1.000,1.000,0.000,49.016,49.197,0.940,64.261,5.000,100.0,47.0,-21.794872283935547,45.9487190246582
154.175,12:55:45.066,459.662,36.083,16585.988,0.000,0.000,0.000,0.000,0.000,0.000,1.000,1.000,0.000,49.016,49.197,0.940,64.261,5.000,100.0,47.0,-21.794872283935547,45.9487190246582
154.238,12:55:45.321,459.662,36.083,16585.988,0.000,0.000,0.000,0.000,0.000,0.000,1.000,1.000,0.000,49.016,49.197,0.940,64.261,5.000,100.0,47.0,-37.128204345703125,-15.230769157409668
154.494,12:55:45.465,455.206,37.072,16875.320,0.000,0.000,0.000,0.000,0.000,0.000,1.000,1.000,0.000,49.378,49.197,0.940,64.296,5.000,100.0,47.0,-37.128204345703125,-15.230769157409668
154.638,12:55:45.528,455.206,37.072,16875.320,0.000,0.000,0.000,0.000,0.000,0.000,1.000,1.000,0.000,49.378,49.197,0.940,64.296,5.000,100.0,47.0,-37.128204345703125,-15.230769157409668
154.703,12:55:45.593,455.206,37.072,16875.320,0.000,0.000,0.000,0.000,0.000,0.000,1.000,1.000,0.000,49.378,49.197,0.940,64.296,5.000,100.0,47.0,-37.128204345703125,-15.230769157409668
154.766,12:55:45.736,459.601,36.107,16594.625,0.000,0.000,0.000,0.000,0.000,0.000,1.000,1.000,0.000,48.978,48.797,0.940,64.307,5.000,100.0,47.0,-37.128204345703125,-15.230769157409668
154.911,12:55:45.801,459.601,36.107,16594.625,0.000,0.000,0.000,0.000,0.000,0.000,1.000,1.000,0.000,48.978,48.797,0.940,64.307,5.000,100.0,47.0,-37.128204345703125,-15.230769157409668
154.975,12:55:45.865,459.601,36.107,16594.625,0.000,0.000,0.000,0.000,0.000,0.000,1.000,1.000,0.000,48.978,48.797,0.940,64.307,5.000,100.0,47.0,-37.128204345703125,-15.230769157409668
155.038,12:55:46.008,459.601,36.107,16594.625,0.000,0.000,0.000,0.000,0.000,0.000,1.000,1.000,0.000,48.978,48.797,0.940,64.307,5.000,100.0,47.0,-37.128204345703125,-15.230769157409668
155.182,12:55:46.073,463.339,35.184,16302.333,0.000,0.000,0.000,0.000,0.000,0.000,1.000,1.000,0.000,48.978,48.797,0.940,64.307,5.000,100.0,47.0,-37.128204345703125,-15.230769157409668
155.246,12:55:46.329,463.339,35.184,16302.333,0.000,0.000,0.000,0.000,0.000,0.000,1.000,1.000,0.000,48.978,48.797,0.940,64.307,5.000,100.0,47.0,-44.25640869140625,33.74359130859375
155.502,12:55:46.473,463.339,35.184,16302.333,0.000,0.000,0.000,0.000,0.000,0.000,1.000,1.000,0.000,48.616,48.797,0.940,64.296,5.000,100.0,47.0,-44.25640869140625,33.74359130859375
155.645,12:55:46.536,459.485,36.128,16600.254,0.000,0.000,0.000,0.000,0.000,0.000,1.000,1.000,0.000,48.616,48.797,0.940,64.296,5.000,100.0,47.0,-44.25640869140625,33.74359130859375
155.709,12:55:46.600,459.485,36.128,16600.254,0.000,0.000,0.000,0.000,0.000,0.000,1.000,1.000,0.000,48.616,48.797,0.940,64.296,5.000,100.0,47.0,-44.25640869140625,33.74359130859375
155.773,12:55:46.745,459.485,36.128,16600.254,0.000,0.000,0.000,0.000,0.000,0.000,1.000,1.000,0.000,49.016,49.197,0.940,64.333,5.000,100.0,47.0,-44.25640869140625,33.74359130859375
155.917,12:55:46.807,459.485,36.128,16600.254,0.000,0.000,0.000,0.000,0.000,0.000,1.000,1.000,0.000,49.016,49.197,0.940,64.333,5.000,100.0,47.0,-44.25640869140625,33.74359130859375
155.981,12:55:46.872,454.972,37.126,16891.281,0.000,0.000,0.000,0.000,0.000,0.000,1.000,1.000,0.000,49.016,49.197,0.940,64.333,5.000,100.0,47.0,-44.25640869140625,33.74359130859375
156.045,12:55:47.015,454.972,37.126,16891.281,0.000,0.000,0.000,0.000,0.000,0.000,1.000,1.000,0.000,49.416,49.597,0.940,64.347,5.000,100.0,47.0,-44.25640869140625,33.74359130859375
156.190,12:55:47.080,454.972,37.126,16891.281,0.000,0.000,0.000,0.000,0.000,0.000,1.000,1.000,0.000,49.416,49.597,0.940,64.347,5.000,100.0,47.0,-44.25640869140625,33.74359130859375
156.254,12:55:47.336,454.972,37.126,16891.281,0.000,0.000,0.000,0.000,0.000,0.000,1.000,1.000,0.000,49.416,49.597,0.940,64.347,5.000,100.0,47.0,23.487178802490234,-57.43589782714844
156.510,12:55:47.480,450.496,38.007,17122.078,0.000,0.000,0.000,0.000,0.000,0.000,1.000,1.000,0.000,49.679,49.341,0.940,64.432,5.000,100.0,47.0,23.487178802490234,-57.43589782714844
156.652,12:55:47.543,450.496,38.007,17122.078,0.000,0.000,0.000,0.000,0.000,0.000,1.000,1.000,0.000,49.679,49.341,0.940,64.432,5.000,100.0,47.0,23.487178802490234,-57.43589782714844
156.716,12:55:47.607,450.496,38.007,17122.078,0.000,0.000,0.000,0.000,0.000,0.000,1.000,1.000,0.000,49.679,49.341,0.940,64.432,5.000,100.0,47.0,23.487178802490234,-57.43589782714844
156.781,12:55:47.752,450.496,38.007,17122.078,0.000,0.000,0.000,0.000,0.000,0.000,1.000,1.000,0.000,48.759,48.941,0.940,64.430,5.000,100.0,47.0,23.487178802490234,-57.43589782714844
156.925,12:55:47.816,461.408,35.671,16458.717,0.000,0.000,0.000,0.000,0.000,0.000,1.000,1.000,0.000,48.759,48.941,0.940,64.430,5.000,100.0,47.0,23.487178802490234,-57.43589782714844
156.989,12:55:47.880,461.408,35.671,16458.717,0.000,0.000,0.000,0.000,0.000,0.000,1.000,1.000,0.000,48.759,48.941,0.940,64.430,5.000,100.0,47.0,23.487178802490234,-57.43589782714844
157.053,12:55:48.023,461.408,35.671,16458.717,0.000,0.000,0.000,0.000,0.000,0.000,1.000,1.000,0.000,48.759,48.941,0.940,64.430,5.000,100.0,47.0,23.487178802490234,-57.43589782714844
157.196,12:55:48.087,461.408,35.671,16458.717,0.000,0.000,0.000,0.000,0.000,0.000,1.000,1.000,0.000,48.759,48.941,0.940,64.430,5.000,100.0,47.0,23.487178802490234,-57.43589782714844
157.261,12:55:48.344,457.628,36.546,16724.422,0.000,0.000,0.000,0.000,0.000,0.000,1.000,1.000,0.000,48.759,48.941,0.940,64.430,5.000,100.0,47.0,11.692307472229004,40.97435760498047
157.516,12:55:48.488,457.628,36.546,16724.422,0.000,0.000,0.000,0.000,0.000,0.000,1.000,1.000,0.000,49.121,48.941,0.940,64.495,5.000,100.0,47.0,11.692307472229004,40.97435760498047
157.660,12:55:48.550,461.667,35.613,16441.162,0.000,0.000,0.000,0.000,0.000,0.000,1.000,1.000,0.000,49.121,48.941,0.940,64.495,5.000,100.0,47.0,11.692307472229004,40.97435760498047
157.725,12:55:48.615,461.667,35.613,16441.162,0.000,0.000,0.000,0.000,0.000,0.000,1.000,1.000,0.000,49.121,48.941,0.940,64.495,5.000,100.0,47.0,11.692307472229004,40.97435760498047
157.789,12:55:48.759,461.667,35.613,16441.162,0.000,0.000,0.000,0.000,0.000,0.000,1.000,1.000,0.000,48.759,48.941,0.940,64.466,5.000,100.0,47.0,11.692307472229004,40.97435760498047
157.932,12:55:48.822,461.667,35.613,16441.162,0.000,0.000,0.000,0.000,0.000,0.000,1.000,1.000,0.000,48.759,48.941,0.940,64.466,5.000,100.0,47.0,11.692307472229004,40.97435760498047
157.996,12:55:48.886,461.667,35.613,16441.162,0.000,0.000,0.000,0.000,0.000,0.000,1.000,1.000,0.000,48.759,48.941,0.940,64.466,5.000,100.0,47.0,11.692307472229004,40.97435760498047
158.061,12:55:49.031,457.674,36.535,16721.139,0.000,0.000,0.000,0.000,0.000,0.000,1.000,1.000,0.000,49.159,49.341,0.940,64.501,5.000,100.0,47.0,11.692307472229004,40.97435760498047
158.204,12:55:49.095,457.674,36.535,16721.139,0.000,0.000,0.000,0.000,0.000,0.000,1.000,1.000,0.000,49.159,49.341,0.940,64.501,5.000,100.0,47.0,11.692307472229004,40.97435760498047
158.268,12:55:49.351,457.674,36.535,16721.139,0.000,0.000,0.000,0.000,0.000,0.000,1.000,1.000,0.000,49.159,49.341,0.940,64.501,5.000,100.0,47.0,-52.97435760498047,34.61538314819336
158.524,12:55:49.495,452.792,37.559,17006.557,0.000,0.000,0.000,0.000,0.000,0.000,1.000,1.000,0.000,49.521,49.341,0.940,64.531,5.000,100.0,47.0,-52.97435760498047,34.61538314819336
158.667,12:55:49.558,452.792,37.559,17006.557,0.000,0.000,0.000,0.000,0.000,0.000,1.000,1.000,0.000,49.521,49.341,0.940,64.531,5.000,100.0,47.0,-52.97435760498047,34.61538314819336
158.731,12:55:49.622,452.792,37.559,17006.557,0.000,0.000,0.000,0.000,0.000,0.000,1.000,1.000,0.000,49.521,49.341,0.940,64.531,5.000,100.0,47.0,-52.97435760498047,34.61538314819336
158.796,12:55:49.767,452.792,37.559,17006.557,0.000,0.000,0.000,0.000,0.000,0.000,1.000,1.000,0.000,48.759,48.941,0.940,64.515,5.000,100.0,47.0,-52.97435760498047,34.61538314819336
158.940,12:55:49.831,461.500,35.654,16454.342,0.000,0.000,0.000,0.000,0.000,0.000,1.000,1.000,0.000,48.759,48.941,0.940,64.515,5.000,100.0,47.0,-52.97435760498047,34.61538314819336
159.004,12:55:49.895,461.500,35.654,16454.342,0.000,0.000,0.000,0.000,0.000,0.000,1.000,1.000,0.000,48.759,48.941,0.940,64.515,5.000,100.0,47.0,-52.97435760498047,34.61538314819336
159.068,12:55:50.039,461.500,35.654,16454.342,0.000,0.000,0.000,0.000,0.000,0.000,1.000,1.000,0.000,48.759,48.941,0.940,64.515,5.000,100.0,47.0,-52.97435760498047,34.61538314819336
159.211,12:55:50.102,461.500,35.654,16454.342,0.000,0.000,0.000,0.000,0.000,0.000,1.000,1.000,0.000,48.759,48.941,0.940,64.515,5.000,100.0,47.0,-52.97435760498047,34.61538314819336
159.276,12:55:50.358,457.458,36.584,16735.562,0.000,0.000,0.000,0.000,0.000,0.000,1.000,1.000,0.000,48.759,48.941,0.940,64.515,5.000,100.0,47.0,13.589743614196777,41.43589782714844
159.531,12:55:50.501,457.458,36.584,16735.562,0.000,0.000,0.000,0.000,0.000,0.000,1.000,1.000,0.000,49.121,48.941,0.940,64.578,5.000,100.0,47.0,13.589743614196777,41.43589782714844
159.676,12:55:50.566,461.249,35.715,16473.523,0.000,0.000,0.000,0.000,0.000,0.000,1.000,1.000,0.000,49.121,48.941,0.940,64.578,5.000,100.0,47.0,13.589743614196777,41.43589782714844
159.740,12:55:50.630,461.249,35.715,16473.523,0.000,0.000,0.000,0.000,0.000,0.000,1.000,1.000,0.000,49.121,48.941,0.940,64.578,5.000,100.0,47.0,13.589743614196777,41.43589782714844
159.803,12:55:50.774,461.249,35.715,16473.523,0.000,0.000,0.000,0.000,0.000,0.000,1.000,1.000,0.000,48.721,48.541,0.940,64.555,5.000,100.0,47.0,13.589743614196777,41.43589782714844
159.947,12:55:50.837,461.249,35.715,16473.523,0.000,0.000,0.000,0.000,0.000,0.000,1.000,1.000,0.000,48.721,48.541,0.940,64.555,5.000,100.0,47.0,13.589743614196777,41.43589782714844
160.011,12:55:50.901,461.249,35.715,16473.523,0.000,0.000,0.000,0.000,0.000,0.000,1.000,1.000,0.000,48.721,48.541,0.940,64.555,5.000,100.0,47.0,13.589743614196777,41.43589782714844
160.076,12:55:51.045,464.286,34.939,16221.488,0.000,0.000,0.000,0.000,0.000,0.000,1.000,1.000,0.000,48.759,48.941,0.940,64.541,5.000,100.0,47.0,13.589743614196777,41.43589782714844
160.219,12:55:51.110,464.286,34.939,16221.488,0.000,0.000,0.000,0.000,0.000,0.000,1.000,1.000,0.000,48.759,48.941,0.940,64.541,5.000,100.0,47.0,13.589743614196777,41.43589782714844
160.283,12:55:51.365,464.286,34.939,16221.488,0.000,0.000,0.000,0.000,0.000,0.000,1.000,1.000,0.000,48.759,48.941,0.940,64.541,5.000,100.0,47.0,41.589744567871094,43.28205108642578
160.538,12:55:51.509,461.214,35.704,16466.998,0.000,0.000,0.000,0.000,0.000,0.000,1.000,1.000,0.000,48.759,48.941,0.940,64.508,5.000,100.0,47.0,41.589744567871094,43.28205108642578
160.682,12:55:51.573,461.214,35.704,16466.998,0.000,0.000,0.000,0.000,0.000,0.000,1.000,1.000,0.000,48.759,48.941,0.940,64.508,5.000,100.0,47.0,41.589744567871094,43.28205108642578
160.746,12:55:51.637,461.214,35.704,16466.998,0.000,0.000,0.000,0.000,0.000,0.000,1.000,1.000,0.000,48.759,48.941,0.940,64.508,5.000,100.0,47.0,41.589744567871094,43.28205108642578
160.810,12:55:51.782,461.214,35.704,16466.998,0.000,0.000,0.000,0.000,0.000,0.000,1.000,1.000,0.000,49.521,49.341,0.940,64.464,5.000,100.0,47.0,41.589744567871094,43.28205108642578
160.955,12:55:51.846,456.958,36.691,16766.160,0.000,0.000,0.000,0.000,0.000,0.000,1.000,1.000,0.000,49.521,49.341,0.940,64.464,5.000,100.0,47.0,41.589744567871094,43.28205108642578
161.019,12:55:51.909,456.958,36.691,16766.160,0.000,0.000,0.000,0.000,0.000,0.000,1.000,1.000,0.000,49.521,49.341,0.940,64.464,5.000,100.0,47.0,41.589744567871094,43.28205108642578
161.082,12:55:52.053,456.958,36.691,16766.160,0.000,0.000,0.000,0.000,0.000,0.000,1.000,1.000,0.000,49.521,49.341,0.940,64.464,5.000,100.0,47.0,41.589744567871094,43.28205108642578
161.226,12:55:52.116,456.958,36.691,16766.160,0.000,0.000,0.000,0.000,0.000,0.000,1.000,1.000,0.000,49.521,49.341,0.940,64.464,5.000,100.0,47.0,41.589744567871094,43.28205108642578
161.290,12:55:52.372,461.194,35.723,16475.080,0.000,0.000,0.000,0.000,0.000,0.000,1.000,1.000,0.000,49.521,49.341,0.940,64.464,5.000,100.0,47.0,-26.256410598754883,-22.769229888916016
161.547,12:55:52.516,461.194,35.723,16475.080,0.000,0.000,0.000,0.000,0.000,0.000,1.000,1.000,0.000,48.759,48.941,0.940,64.522,5.000,100.0,47.0,-26.256410598754883,-22.769229888916016
161.690,12:55:52.581,457.013,36.687,16766.293,0.000,0.000,0.000,0.000,0.000,0.000,1.000,1.000,0.000,48.759,48.941,0.940,64.522,5.000,100.0,47.0,-26.256410598754883,-22.769229888916016
161.754,12:55:52.645,457.013,36.687,16766.293,0.000,0.000,0.000,0.000,0.000,0.000,1.000,1.000,0.000,48.759,48.941,0.940,64.522,5.000,100.0,47.0,-26.256410598754883,-22.769229888916016
161.817,12:55:52.788,457.013,36.687,16766.293,0.000,0.000,0.000,0.000,0.000,0.000,1.000,1.000,0.000,49.521,49.341,0.940,64.517,5.000,100.0,47.0,-26.256410598754883,-22.769229888916016
161.961,12:55:52.852,457.013,36.687,16766.293,0.000,0.000,0.000,0.000,0.000,0.000,1.000,1.000,0.000,49.521,49.341,0.940,64.517,5.000,100.0,47.0,-26.256410598754883,-22.769229888916016
162.025,12:55:52.916,457.013,36.687,16766.293,0.000,0.000,0.000,0.000,0.000,0.000,1.000,1.000,0.000,49.521,49.341,0.940,64.517,5.000,100.0,47.0,-26.256410598754883,-22.769229888916016
162.090,12:55:53.061,460.908,35.809,16504.629,0.000,0.000,0.000,0.000,0.000,0.000,1.000,1.000,0.000,49.121,48.941,0.940,64.551,5.000,100.0,47.0,-26.256410598754883,-22.769229888916016
162.233,12:55:53.124,460.908,35.809,16504.629,0.000,0.000,0.000,0.000,0.000,0.000,1.000,1.000,0.000,49.121,48.941,0.940,64.551,5.000,100.0,47.0,-26.256410598754883,-22.769229888916016
162.297,12:55:53.381,460.908,35.809,16504.629,0.000,0.000,0.000,0.000,0.000,0.000,1.000,1.000,0.000,49.121,48.941,0.940,64.551,5.000,100.0,47.0,52.46154022216797,-31.897436141967773
162.554,12:55:53.523,459.784,35.995,16549.906,0.000,0.000,0.000,0.000,0.000,0.000,1.000,1.000,0.000,49.160,49.341,0.940,64.570,5.000,100.0,47.0,52.46154022216797,-31.897436141967773
162.697,12:55:53.587,459.784,35.995,16549.906,0.000,0.000,0.000,0.000,0.000,0.000,1.000,1.000,0.000,49.160,49.341,0.940,64.570,5.000,100.0,47.0,52.46154022216797,-31.897436141967773
162.762,12:55:53.652,459.784,35.995,16549.906,0.000,0.000,0.000,0.000,0.000,0.000,1.000,1.000,0.000,49.160,49.341,0.940,64.570,5.000,100.0,47.0,52.46154022216797,-31.897436141967773
162.825,12:55:53.797,459.784,35.995,16549.906,0.000,0.000,0.000,0.000,0.000,0.000,1.000,1.000,0.000,49.160,49.341,0.940,64.570,5.000,100.0,47.0,52.46154022216797,-31.897436141967773
162.969,12:55:53.860,457.439,36.598,16741.152,0.000,0.000,0.000,0.000,0.000,0.000,1.000,1.000,0.000,49.160,49.341,0.940,64.570,5.000,100.0,47.0,52.46154022216797,-31.897436141967773
163.034,12:55:53.924,457.439,36.598,16741.152,0.000,0.000,0.000,0.000,0.000,0.000,1.000,1.000,0.000,49.160,49.341,0.940,64.570,5.000,100.0,47.0,52.46154022216797,-31.897436141967773
163.097,12:55:54.068,457.439,36.598,16741.152,0.000,0.000,0.000,0.000,0.000,0.000,1.000,1.000,0.000,49.121,48.941,0.940,64.544,5.000,100.0,47.0,52.46154022216797,-31.897436141967773
163.241,12:55:54.131,457.439,36.598,16741.152,0.000,0.000,0.000,0.000,0.000,0.000,1.000,1.000,0.000,49.121,48.941,0.940,64.544,5.000,100.0,47.0,52.46154022216797,-31.897436141967773
163.305,12:55:54.387,459.747,36.004,16552.812,0.000,0.000,0.000,0.000,0.000,0.000,1.000,1.000,0.000,49.121,48.941,0.940,64.544,5.000,100.0,47.0,-1.1794872283935547,-44.97435760498047
163.560,12:55:54.531,459.747,36.004,16552.812,0.000,0.000,0.000,0.000,0.000,0.000,1.000,1.000,0.000,49.160,49.341,0.940,64.574,5.000,100.0,47.0,-1.1794872283935547,-44.97435760498047
163.705,12:55:54.596,459.747,36.004,16552.812,0.000,0.000,0.000,0.000,0.000,0.000,1.000,1.000,0.000,49.160,49.341,0.940,64.574,5.000,100.0,47.0,-1.1794872283935547,-44.97435760498047
163.768,12:55:54.659,458.836,36.226,16621.912,0.000,0.000,0.000,0.000,0.000,0.000,1.000,1.000,0.000,49.160,49.341,0.940,64.574,5.000,100.0,47.0,-1.1794872283935547,-44.97435760498047
163.832,12:55:54.803,458.836,36.226,16621.912,0.000,0.000,0.000,0.000,0.000,0.000,1.000,1.000,0.000,49.120,48.941,0.940,64.600,5.000,100.0,47.0,-1.1794872283935547,-44.97435760498047
163.977,12:55:54.868,458.836,36.226,16621.912,0.000,0.000,0.000,0.000,0.000,0.000,1.000,1.000,0.000,49.120,48.941,0.940,64.600,5.000,100.0,47.0,-1.1794872283935547,-44.97435760498047
164.040,12:55:54.931,458.836,36.226,16621.912,0.000,0.000,0.000,0.000,0.000,0.000,1.000,1.000,0.000,49.120,48.941,0.940,64.600,5.000,100.0,47.0,-1.1794872283935547,-44.97435760498047
164.104,12:55:55.075,458.836,36.226,16621.912,0.000,0.000,0.000,0.000,0.000,0.000,1.000,1.000,0.000,49.160,49.341,0.940,64.591,5.000,100.0,47.0,-1.1794872283935547,-44.97435760498047
164.249,12:55:55.139,460.221,35.906,16524.713,0.000,0.000,0.000,0.000,0.000,0.000,1.000,1.000,0.000,49.160,49.341,0.940,64.591,5.000,100.0,47.0,-1.1794872283935547,-44.97435760498047
164.312,12:55:55.395,460.221,35.906,16524.713,0.000,0.000,0.000,0.000,0.000,0.000,1.000,1.000,0.000,49.160,49.341,0.940,64.591,5.000,100.0,47.0,23.743589401245117,36.30769348144531
164.568,12:55:55.538,462.517,35.351,16350.446,0.000,0.000,0.000,0.000,0.000,0.000,1.000,1.000,0.000,48.759,48.941,0.940,64.596,5.000,100.0,47.0,23.743589401245117,36.30769348144531
164.712,12:55:55.602,462.517,35.351,16350.446,0.000,0.000,0.000,0.000,0.000,0.000,1.000,1.000,0.000,48.759,48.941,0.940,64.596,5.000,100.0,47.0,23.743589401245117,36.30769348144531
164.776,12:55:55.667,462.517,35.351,16350.446,0.000,0.000,0.000,0.000,0.000,0.000,1.000,1.000,0.000,48.759,48.941,0.940,64.596,5.000,100.0,47.0,23.743589401245117,36.30769348144531
164.839,12:55:55.810,462.517,35.351,16350.446,0.000,0.000,0.000,0.000,0.000,0.000,1.000,1.000,0.000,48.759,48.941,0.940,64.596,5.000,100.0,47.0,23.743589401245117,36.30769348144531
164.984,12:55:55.874,456.130,36.819,16794.441,0.000,0.000,0.000,0.000,0.000,0.000,1.000,1.000,0.000,48.759,48.941,0.940,64.596,5.000,100.0,47.0,23.743589401245117,36.30769348144531
165.048,12:55:55.939,456.130,36.819,16794.441,0.000,0.000,0.000,0.000,0.000,0.000,1.000,1.000,0.000,48.759,48.941,0.940,64.596,5.000,100.0,47.0,23.743589401245117,36.30769348144531
165.111,12:55:56.083,456.130,36.819,16794.441,0.000,0.000,0.000,0.000,0.000,0.000,1.000,1.000,0.000,49.521,49.341,0.940,64.613,5.000,100.0,47.0,23.743589401245117,36.30769348144531
165.255,12:55:56.146,456.130,36.819,16794.441,0.000,0.000,0.000,0.000,0.000,0.000,1.000,1.000,0.000,49.521,49.341,0.940,64.613,5.000,100.0,47.0,23.743589401245117,36.30769348144531
165.320,12:55:56.402,456.130,36.819,16794.441,0.000,0.000,0.000,0.000,0.000,0.000,1.000,1.000,0.000,49.521,49.341,0.940,64.613,5.000,100.0,47.0,-11.538461685180664,-38.61538314819336
165.576,12:55:56.545,458.579,36.287,16640.445,0.000,0.000,0.000,0.000,0.000,0.000,1.000,1.000,0.000,49.121,48.941,0.940,64.670,5.000,100.0,47.0,-11.538461685180664,-38.61538314819336
165.719,12:55:56.609,458.579,36.287,16640.445,0.000,0.000,0.000,0.000,0.000,0.000,1.000,1.000,0.000,49.121,48.941,0.940,64.670,5.000,100.0,47.0,-11.538461685180664,-38.61538314819336
165.783,12:55:56.674,460.164,35.905,16522.064,0.000,0.000,0.000,0.000,0.000,0.000,1.000,1.000,0.000,49.121,48.941,0.940,64.670,5.000,100.0,47.0,-11.538461685180664,-38.61538314819336
165.848,12:55:56.818,460.164,35.905,16522.064,0.000,0.000,0.000,0.000,0.000,0.000,1.000,1.000,0.000,49.121,48.941,0.940,64.685,5.000,100.0,47.0,-11.538461685180664,-38.61538314819336
165.991,12:55:56.882,460.164,35.905,16522.064,0.000,0.000,0.000,0.000,0.000,0.000,1.000,1.000,0.000,49.121,48.941,0.940,64.685,5.000,100.0,47.0,-11.538461685180664,-38.61538314819336
166.056,12:55:56.946,460.164,35.905,16522.064,0.000,0.000,0.000,0.000,0.000,0.000,1.000,1.000,0.000,49.121,48.941,0.940,64.685,5.000,100.0,47.0,-11.538461685180664,-38.61538314819336
166.120,12:55:57.089,460.164,35.905,16522.064,0.000,0.000,0.000,0.000,0.000,0.000,1.000,1.000,0.000,48.759,48.941,0.940,64.722,5.000,100.0,47.0,-11.538461685180664,-38.61538314819336
166.263,12:55:57.153,462.246,35.413,16369.475,0.000,0.000,0.000,0.000,0.000,0.000,1.000,1.000,0.000,48.759,48.941,0.940,64.722,5.000,100.0,47.0,-11.538461685180664,-38.61538314819336
166.327,12:55:57.410,462.246,35.413,16369.475,0.000,0.000,0.000,0.000,0.000,0.000,1.000,1.000,0.000,48.759,48.941,0.940,64.722,5.000,100.0,47.0,-13.79487133026123,48.10256576538086
166.583,12:55:57.553,460.405,35.843,16502.475,0.000,0.000,0.000,0.000,0.000,0.000,1.000,1.000,0.000,49.121,48.941,0.940,64.671,5.000,100.0,47.0,-13.79487133026123,48.10256576538086
166.727,12:55:57.617,460.405,35.843,16502.475,0.000,0.000,0.000,0.000,0.000,0.000,1.000,1.000,0.000,49.121,48.941,0.940,64.671,5.000,100.0,47.0,-13.79487133026123,48.10256576538086
166.791,12:55:57.682,460.405,35.843,16502.475,0.000,0.000,0.000,0.000,0.000,0.000,1.000,1.000,0.000,49.121,48.941,0.940,64.671,5.000,100.0,47.0,-13.79487133026123,48.10256576538086
166.854,12:55:57.826,460.405,35.843,16502.475,0.000,0.000,0.000,0.000,0.000,0.000,1.000,1.000,0.000,49.121,48.941,0.940,64.671,5.000,100.0,47.0,-13.79487133026123,48.10256576538086
166.998,12:55:57.889,460.519,35.817,16494.605,0.000,0.000,0.000,0.000,0.000,0.000,1.000,1.000,0.000,49.121,48.941,0.940,64.671,5.000,100.0,47.0,-13.79487133026123,48.10256576538086
167.062,12:55:57.953,460.519,35.817,16494.605,0.000,0.000,0.000,0.000,0.000,0.000,1.000,1.000,0.000,49.121,48.941,0.940,64.671,5.000,100.0,47.0,-13.79487133026123,48.10256576538086
167.127,12:55:58.098,460.519,35.817,16494.605,0.000,0.000,0.000,0.000,0.000,0.000,1.000,1.000,0.000,49.159,49.341,0.940,64.646,5.000,100.0,47.0,-13.79487133026123,48.10256576538086
167.270,12:55:58.161,460.519,35.817,16494.605,0.000,0.000,0.000,0.000,0.000,0.000,1.000,1.000,0.000,49.159,49.341,0.940,64.646,5.000,100.0,47.0,-13.79487133026123,48.10256576538086
167.334,12:55:58.417,460.519,35.817,16494.605,0.000,0.000,0.000,0.000,0.000,0.000,1.000,1.000,0.000,49.159,49.341,0.940,64.646,5.000,100.0,47.0,49.230770111083984,-34.97435760498047
167.590,12:55:58.560,458.296,36.353,16660.492,0.000,0.000,0.000,0.000,0.000,0.000,1.000,1.000,0.000,49.121,48.941,0.940,64.689,5.000,100.0,47.0,49.230770111083984,-34.97435760498047
167.734,12:55:58.624,458.296,36.353,16660.492,0.000,0.000,0.000,0.000,0.000,0.000,1.000,1.000,0.000,49.121,48.941,0.940,64.689,5.000,100.0,47.0,49.230770111083984,-34.97435760498047
167.799,12:55:58.689,460.639,35.799,16490.369,0.000,0.000,0.000,0.000,0.000,0.000,1.000,1.000,0.000,49.121,48.941,0.940,64.689,5.000,100.0,47.0,49.230770111083984,-34.97435760498047
167.862,12:55:58.834,460.639,35.799,16490.369,0.000,0.000,0.000,0.000,0.000,0.000,1.000,1.000,0.000,49.121,48.941,0.940,64.737,5.000,100.0,47.0,49.230770111083984,-34.97435760498047
168.007,12:55:58.897,460.639,35.799,16490.369,0.000,0.000,0.000,0.000,0.000,0.000,1.000,1.000,0.000,49.121,48.941,0.940,64.737,5.000,100.0,47.0,49.230770111083984,-34.97435760498047
168.071,12:55:58.961,460.639,35.799,16490.369,0.000,0.000,0.000,0.000,0.000,0.000,1.000,1.000,0.000,49.121,48.941,0.940,64.737,5.000,100.0,47.0,49.230770111083984,-34.97435760498047
168.134,12:55:59.104,460.639,35.799,16490.369,0.000,0.000,0.000,0.000,0.000,0.000,1.000,1.000,0.000,49.159,49.341,0.940,64.727,5.000,100.0,47.0,49.230770111083984,-34.97435760498047
168.278,12:55:59.168,458.189,36.376,16667.037,0.000,0.000,0.000,0.000,0.000,0.000,1.000,1.000,0.000,49.159,49.341,0.940,64.727,5.000,100.0,47.0,49.230770111083984,-34.97435760498047
168.342,12:55:59.425,458.189,36.376,16667.037,0.000,0.000,0.000,0.000,0.000,0.000,1.000,1.000,0.000,49.159,49.341,0.940,64.727,5.000,100.0,47.0,-51.07692337036133,35.487178802490234
168.598,12:55:59.568,461.936,35.498,16397.781,0.000,0.000,0.000,0.000,0.000,0.000,1.000,1.000,0.000,48.759,48.941,0.940,64.728,5.000,100.0,47.0,-51.07692337036133,35.487178802490234
168.742,12:55:59.632,461.936,35.498,16397.781,0.000,0.000,0.000,0.000,0.000,0.000,1.000,1.000,0.000,48.759,48.941,0.940,64.728,5.000,100.0,47.0,-51.07692337036133,35.487178802490234
168.805,12:55:59.696,461.936,35.498,16397.781,0.000,0.000,0.000,0.000,0.000,0.000,1.000,1.000,0.000,48.759,48.941,0.940,64.728,5.000,100.0,47.0,-51.07692337036133,35.487178802490234
168.869,12:55:59.840,461.936,35.498,16397.781,0.000,0.000,0.000,0.000,0.000,0.000,1.000,1.000,0.000,48.759,48.941,0.940,64.728,5.000,100.0,47.0,-51.07692337036133,35.487178802490234
169.013,12:55:59.904,462.166,35.438,16378.432,0.000,0.000,0.000,0.000,0.000,0.000,1.000,1.000,0.000,48.759,48.941,0.940,64.728,5.000,100.0,47.0,-51.07692337036133,35.487178802490234
169.077,12:55:59.968,462.166,35.438,16378.432,0.000,0.000,0.000,0.000,0.000,0.000,1.000,1.000,0.000,48.759,48.941,0.940,64.728,5.000,100.0,47.0,-51.07692337036133,35.487178802490234
169.141,12:56:00.112,462.166,35.438,16378.432,0.000,0.000,0.000,0.000,0.000,0.000,1.000,1.000,0.000,48.759,48.941,0.940,64.719,5.000,100.0,47.0,-51.07692337036133,35.487178802490234
169.286,12:56:00.176,462.166,35.438,16378.432,0.000,0.000,0.000,0.000,0.000,0.000,1.000,1.000,0.000,48.759,48.941,0.940,64.719,5.000,100.0,47.0,-51.07692337036133,35.487178802490234
169.350,12:56:00.432,462.166,35.438,16378.432,0.000,0.000,0.000,0.000,0.000,0.000,1.000,1.000,0.000,48.759,48.941,0.940,64.719,5.000,100.0,47.0,-23.69230842590332,54.30769348144531
169.605,12:56:00.575,460.848,35.745,16472.826,0.000,0.000,0.000,0.000,0.000,0.000,1.000,1.000,0.000,49.121,48.941,0.940,64.728,5.000,100.0,47.0,-23.69230842590332,54.30769348144531
169.749,12:56:00.640,460.848,35.745,16472.826,0.000,0.000,0.000,0.000,0.000,0.000,1.000,1.000,0.000,49.121,48.941,0.940,64.728,5.000,100.0,47.0,-23.69230842590332,54.30769348144531
169.813,12:56:00.703,458.043,36.402,16673.506,0.000,0.000,0.000,0.000,0.000,0.000,1.000,1.000,0.000,49.121,48.941,0.940,64.728,5.000,100.0,47.0,-23.69230842590332,54.30769348144531
169.876,12:56:00.848,458.043,36.402,16673.506,0.000,0.000,0.000,0.000,0.000,0.000,1.000,1.000,0.000,49.121,48.941,0.940,64.757,5.000,100.0,47.0,-23.69230842590332,54.30769348144531
170.021,12:56:00.912,458.043,36.402,16673.506,0.000,0.000,0.000,0.000,0.000,0.000,1.000,1.000,0.000,49.121,48.941,0.940,64.757,5.000,100.0,47.0,-23.69230842590332,54.30769348144531
170.085,12:56:00.976,458.043,36.402,16673.506,0.000,0.000,0.000,0.000,0.000,0.000,1.000,1.000,0.000,49.121,48.941,0.940,64.757,5.000,100.0,47.0,-23.69230842590332,54.30769348144531
170.148,12:56:01.119,458.043,36.402,16673.506,0.000,0.000,0.000,0.000,0.000,0.000,1.000,1.000,0.000,49.121,48.941,0.940,64.746,5.000,100.0,47.0,-23.69230842590332,54.30769348144531
170.293,12:56:01.183,460.854,35.745,16473.326,0.000,0.000,0.000,0.000,0.000,0.000,1.000,1.000,0.000,49.121,48.941,0.940,64.746,5.000,100.0,47.0,-23.69230842590332,54.30769348144531
170.357,12:56:01.439,460.854,35.745,16473.326,0.000,0.000,0.000,0.000,0.000,0.000,1.000,1.000,0.000,49.121,48.941,0.940,64.746,5.000,100.0,47.0,22.820512771606445,-54.97435760498047
170.613,12:56:01.582,460.854,35.745,16473.326,0.000,0.000,0.000,0.000,0.000,0.000,1.000,1.000,0.000,48.759,48.941,0.940,64.725,5.000,100.0,47.0,22.820512771606445,-54.97435760498047
170.757,12:56:01.647,461.698,35.545,16410.990,0.000,0.000,0.000,0.000,0.000,0.000,1.000,1.000,0.000,48.759,48.941,0.940,64.725,5.000,100.0,47.0,22.820512771606445,-54.97435760498047
170.820,12:56:01.711,461.698,35.545,16410.990,0.000,0.000,0.000,0.000,0.000,0.000,1.000,1.000,0.000,48.759,48.941,0.940,64.725,5.000,100.0,47.0,22.820512771606445,-54.97435760498047
170.884,12:56:01.855,461.698,35.545,16410.990,0.000,0.000,0.000,0.000,0.000,0.000,1.000,1.000,0.000,48.759,48.941,0.940,64.725,5.000,100.0,47.0,22.820512771606445,-54.97435760498047
171.028,12:56:01.918,460.998,35.710,16462.436,0.000,0.000,0.000,0.000,0.000,0.000,1.000,1.000,0.000,48.759,48.941,0.940,64.725,5.000,100.0,47.0,22.820512771606445,-54.97435760498047
171.093,12:56:01.983,460.998,35.710,16462.436,0.000,0.000,0.000,0.000,0.000,0.000,1.000,1.000,0.000,48.759,48.941,0.940,64.725,5.000,100.0,47.0,22.820512771606445,-54.97435760498047
171.157,12:56:02.127,460.998,35.710,16462.436,0.000,0.000,0.000,0.000,0.000,0.000,1.000,1.000,0.000,49.121,48.941,0.940,64.773,5.000,100.0,47.0,22.820512771606445,-54.97435760498047
171.300,12:56:02.191,460.998,35.710,16462.436,0.000,0.000,0.000,0.000,0.000,0.000,1.000,1.000,0.000,49.121,48.941,0.940,64.773,5.000,100.0,47.0,22.820512771606445,-54.97435760498047
171.363,12:56:02.446,460.998,35.710,16462.436,0.000,0.000,0.000,0.000,0.000,0.000,1.000,1.000,0.000,49.121,48.941,0.940,64.773,5.000,100.0,47.0,-44.10256576538086,-0.25641027092933655
171.620,12:56:02.590,457.769,36.449,16685.299,0.000,0.000,0.000,0.000,0.000,0.000,1.000,1.000,0.000,49.121,48.941,0.940,64.793,5.000,100.0,47.0,-44.10256576538086,-0.25641027092933655
171.764,12:56:02.654,457.769,36.449,16685.299,0.000,0.000,0.000,0.000,0.000,0.000,1.000,1.000,0.000,49.121,48.941,0.940,64.793,5.000,100.0,47.0,-44.10256576538086,-0.25641027092933655
171.827,12:56:02.718,457.769,36.449,16685.299,0.000,0.000,0.000,0.000,0.000,0.000,1.000,1.000,0.000,49.121,48.941,0.940,64.793,5.000,100.0,47.0,-44.10256576538086,-0.25641027092933655
171.891,12:56:02.863,461.166,35.662,16446.297,0.000,0.000,0.000,0.000,0.000,0.000,1.000,1.000,0.000,49.121,48.941,0.940,64.751,5.000,100.0,47.0,-44.10256576538086,-0.25641027092933655
172.036,12:56:02.926,461.166,35.662,16446.297,0.000,0.000,0.000,0.000,0.000,0.000,1.000,1.000,0.000,49.121,48.941,0.940,64.751,5.000,100.0,47.0,-44.10256576538086,-0.25641027092933655
172.100,12:56:02.990,461.166,35.662,16446.297,0.000,0.000,0.000,0.000,0.000,0.000,1.000,1.000,0.000,49.121,48.941,0.940,64.751,5.000,100.0,47.0,-44.10256576538086,-0.25641027092933655
172.164,12:56:03.134,461.166,35.662,16446.297,0.000,0.000,0.000,0.000,0.000,0.000,1.000,1.000,0.000,49.121,48.941,0.940,64.751,5.000,100.0,47.0,-44.10256576538086,-0.25641027092933655
172.308,12:56:03.199,457.514,36.519,16707.900,0.000,0.000,0.000,0.000,0.000,0.000,1.000,1.000,0.000,49.121,48.941,0.940,64.751,5.000,100.0,47.0,-44.10256576538086,-0.25641027092933655
172.372,12:56:03.454,457.514,36.519,16707.900,0.000,0.000,0.000,0.000,0.000,0.000,1.000,1.000,0.000,49.121,48.941,0.940,64.751,5.000,100.0,47.0,46.71794891357422,-6.769230842590332
172.627,12:56:03.597,457.514,36.519,16707.900,0.000,0.000,0.000,0.000,0.000,0.000,1.000,1.000,0.000,49.159,49.341,0.940,64.781,5.000,100.0,47.0,46.71794891357422,-6.769230842590332
172.771,12:56:03.662,457.324,36.554,16717.143,0.000,0.000,0.000,0.000,0.000,0.000,1.000,1.000,0.000,49.159,49.341,0.940,64.781,5.000,100.0,47.0,46.71794891357422,-6.769230842590332
172.835,12:56:03.726,457.324,36.554,16717.143,0.000,0.000,0.000,0.000,0.000,0.000,1.000,1.000,0.000,49.159,49.341,0.940,64.781,5.000,100.0,47.0,46.71794891357422,-6.769230842590332
172.899,12:56:03.870,457.324,36.554,16717.143,0.000,0.000,0.000,0.000,0.000,0.000,1.000,1.000,0.000,49.159,49.341,0.940,64.781,5.000,100.0,47.0,46.71794891357422,-6.769230842590332
173.042,12:56:03.933,457.324,36.554,16717.143,0.000,0.000,0.000,0.000,0.000,0.000,1.000,1.000,0.000,49.159,49.341,0.940,64.781,5.000,100.0,47.0,46.71794891357422,-6.769230842590332
173.107,12:56:03.998,457.446,36.532,16711.482,0.000,0.000,0.000,0.000,0.000,0.000,1.000,1.000,0.000,49.159,49.341,0.940,64.781,5.000,100.0,47.0,46.71794891357422,-6.769230842590332
173.171,12:56:04.142,457.446,36.532,16711.482,0.000,0.000,0.000,0.000,0.000,0.000,1.000,1.000,0.000,49.521,49.341,0.940,64.855,5.000,100.0,47.0,46.71794891357422,-6.769230842590332
173.315,12:56:04.206,457.446,36.532,16711.482,0.000,0.000,0.000,0.000,0.000,0.000,1.000,1.000,0.000,49.521,49.341,0.940,64.855,5.000,100.0,47.0,46.71794891357422,-6.769230842590332
173.378,12:56:04.460,457.446,36.532,16711.482,0.000,0.000,0.000,0.000,0.000,0.000,1.000,1.000,0.000,49.521,49.341,0.940,64.855,5.000,100.0,47.0,-45.128204345703125,42.769229888916016
173.634,12:56:04.604,457.177,36.586,16726.211,0.000,0.000,0.000,0.000,0.000,0.000,1.000,1.000,0.000,49.159,49.341,0.940,64.934,5.000,100.0,47.0,-45.128204345703125,42.769229888916016
173.779,12:56:04.669,457.177,36.586,16726.211,0.000,0.000,0.000,0.000,0.000,0.000,1.000,1.000,0.000,49.159,49.341,0.940,64.934,5.000,100.0,47.0,-45.128204345703125,42.769229888916016
173.842,12:56:04.733,457.177,36.586,16726.211,0.000,0.000,0.000,0.000,0.000,0.000,1.000,1.000,0.000,49.159,49.341,0.940,64.934,5.000,100.0,47.0,-45.128204345703125,42.769229888916016
173.906,12:56:04.877,461.434,35.610,16431.787,0.000,0.000,0.000,0.000,0.000,0.000,1.000,1.000,0.000,48.759,48.941,0.940,64.937,5.000,100.0,47.0,-45.128204345703125,42.769229888916016
174.051,12:56:04.941,461.434,35.610,16431.787,0.000,0.000,0.000,0.000,0.000,0.000,1.000,1.000,0.000,48.759,48.941,0.940,64.937,5.000,100.0,47.0,-45.128204345703125,42.769229888916016
174.114,12:56:05.004,461.434,35.610,16431.787,0.000,0.000,0.000,0.000,0.000,0.000,1.000,1.000,0.000,48.759,48.941,0.940,64.937,5.000,100.0,47.0,-45.128204345703125,42.769229888916016
174.178,12:56:05.148,461.434,35.610,16431.787,0.000,0.000,0.000,0.000,0.000,0.000,1.000,1.000,0.000,48.759,48.941,0.940,64.937,5.000,100.0,47.0,-45.128204345703125,42.769229888916016
174.321,12:56:05.212,464.695,34.778,16161.091,0.000,0.000,0.000,0.000,0.000,0.000,1.000,1.000,0.000,48.759,48.941,0.940,64.937,5.000,100.0,47.0,-45.128204345703125,42.769229888916016
174.386,12:56:05.469,464.695,34.778,16161.091,0.000,0.000,0.000,0.000,0.000,0.000,1.000,1.000,0.000,48.759,48.941,0.940,64.937,5.000,100.0,47.0,51.53845977783203,-17.94871711730957
174.641,12:56:05.612,464.695,34.778,16161.091,0.000,0.000,0.000,0.000,0.000,0.000,1.000,1.000,0.000,49.121,48.941,0.940,64.912,5.000,100.0,47.0,51.53845977783203,-17.94871711730957
174.786,12:56:05.676,458.631,36.333,16663.564,0.000,0.000,0.000,0.000,0.000,0.000,1.000,1.000,0.000,49.121,48.941,0.940,64.912,5.000,100.0,47.0,51.53845977783203,-17.94871711730957
174.850,12:56:05.741,458.631,36.333,16663.564,0.000,0.000,0.000,0.000,0.000,0.000,1.000,1.000,0.000,49.121,48.941,0.940,64.912,5.000,100.0,47.0,51.53845977783203,-17.94871711730957
174.914,12:56:05.884,458.631,36.333,16663.564,0.000,0.000,0.000,0.000,0.000,0.000,1.000,1.000,0.000,49.121,48.941,0.940,64.912,5.000,100.0,47.0,51.53845977783203,-17.94871711730957
175.057,12:56:05.948,458.631,36.333,16663.564,0.000,0.000,0.000,0.000,0.000,0.000,1.000,1.000,0.000,49.121,48.941,0.940,64.912,5.000,100.0,47.0,51.53845977783203,-17.94871711730957
175.122,12:56:06.013,459.808,36.060,16580.455,0.000,0.000,0.000,0.000,0.000,0.000,1.000,1.000,0.000,49.121,48.941,0.940,64.912,5.000,100.0,47.0,51.53845977783203,-17.94871711730957
175.186,12:56:06.156,459.808,36.060,16580.455,0.000,0.000,0.000,0.000,0.000,0.000,1.000,1.000,0.000,49.120,48.941,0.940,64.897,5.000,100.0,47.0,51.53845977783203,-17.94871711730957
175.330,12:56:06.220,459.808,36.060,16580.455,0.000,0.000,0.000,0.000,0.000,0.000,1.000,1.000,0.000,49.120,48.941,0.940,64.897,5.000,100.0,47.0,51.53845977783203,-17.94871711730957
175.393,12:56:06.476,459.808,36.060,16580.455,0.000,0.000,0.000,0.000,0.000,0.000,1.000,1.000,0.000,49.120,48.941,0.940,64.897,5.000,100.0,47.0,-5.692307472229004,-41.07692337036133
175.649,12:56:06.619,458.563,36.352,16669.670,0.000,0.000,0.000,0.000,0.000,0.000,1.000,1.000,0.000,49.120,48.941,0.940,64.944,5.000,100.0,47.0,-5.692307472229004,-41.07692337036133
175.792,12:56:06.683,458.563,36.352,16669.670,0.000,0.000,0.000,0.000,0.000,0.000,1.000,1.000,0.000,49.120,48.941,0.940,64.944,5.000,100.0,47.0,-5.692307472229004,-41.07692337036133
175.856,12:56:06.747,458.563,36.352,16669.670,0.000,0.000,0.000,0.000,0.000,0.000,1.000,1.000,0.000,49.120,48.941,0.940,64.944,5.000,100.0,47.0,-5.692307472229004,-41.07692337036133
175.920,12:56:06.891,459.742,36.063,16579.732,0.000,0.000,0.000,0.000,0.000,0.000,1.000,1.000,0.000,49.120,48.941,0.940,64.904,5.000,100.0,47.0,-5.692307472229004,-41.07692337036133
176.064,12:56:06.955,459.742,36.063,16579.732,0.000,0.000,0.000,0.000,0.000,0.000,1.000,1.000,0.000,49.120,48.941,0.940,64.904,5.000,100.0,47.0,-5.692307472229004,-41.07692337036133
176.128,12:56:07.019,459.742,36.063,16579.732,0.000,0.000,0.000,0.000,0.000,0.000,1.000,1.000,0.000,49.120,48.941,0.940,64.904,5.000,100.0,47.0,-5.692307472229004,-41.07692337036133
176.192,12:56:07.163,459.742,36.063,16579.732,0.000,0.000,0.000,0.000,0.000,0.000,1.000,1.000,0.000,49.120,48.941,0.940,64.904,5.000,100.0,47.0,-5.692307472229004,-41.07692337036133
176.336,12:56:07.227,458.400,36.381,16676.977,0.000,0.000,0.000,0.000,0.000,0.000,1.000,1.000,0.000,49.120,48.941,0.940,64.904,5.000,100.0,47.0,-5.692307472229004,-41.07692337036133
176.400,12:56:07.483,458.400,36.381,16676.977,0.000,0.000,0.000,0.000,0.000,0.000,1.000,1.000,0.000,49.120,48.941,0.940,64.904,5.000,100.0,47.0,3.9487178325653076,42.66666793823242
176.656,12:56:07.627,458.400,36.381,16676.977,0.000,0.000,0.000,0.000,0.000,0.000,1.000,1.000,0.000,48.759,48.941,0.940,64.936,5.000,100.0,47.0,3.9487178325653076,42.66666793823242
176.800,12:56:07.690,462.211,35.480,16399.070,0.000,0.000,0.000,0.000,0.000,0.000,1.000,1.000,0.000,48.759,48.941,0.940,64.936,5.000,100.0,47.0,3.9487178325653076,42.66666793823242
176.864,12:56:07.754,462.211,35.480,16399.070,0.000,0.000,0.000,0.000,0.000,0.000,1.000,1.000,0.000,48.759,48.941,0.940,64.936,5.000,100.0,47.0,3.9487178325653076,42.66666793823242
176.928,12:56:07.898,462.211,35.480,16399.070,0.000,0.000,0.000,0.000,0.000,0.000,1.000,1.000,0.000,48.759,48.941,0.940,64.936,5.000,100.0,47.0,3.9487178325653076,42.66666793823242
177.072,12:56:07.962,462.211,35.480,16399.070,0.000,0.000,0.000,0.000,0.000,0.000,1.000,1.000,0.000,48.759,48.941,0.940,64.936,5.000,100.0,47.0,3.9487178325653076,42.66666793823242
177.136,12:56:08.026,460.092,35.986,16556.809,0.000,0.000,0.000,0.000,0.000,0.000,1.000,1.000,0.000,48.759,48.941,0.940,64.936,5.000,100.0,47.0,3.9487178325653076,42.66666793823242
177.200,12:56:08.170,460.092,35.986,16556.809,0.000,0.000,0.000,0.000,0.000,0.000,1.000,1.000,0.000,49.159,49.341,0.940,64.924,5.000,100.0,47.0,3.9487178325653076,42.66666793823242
177.344,12:56:08.234,460.092,35.986,16556.809,0.000,0.000,0.000,0.000,0.000,0.000,1.000,1.000,0.000,49.159,49.341,0.940,64.924,5.000,100.0,47.0,3.9487178325653076,42.66666793823242
177.408,12:56:08.490,460.092,35.986,16556.809,0.000,0.000,0.000,0.000,0.000,0.000,1.000,1.000,0.000,49.159,49.341,0.940,64.924,5.000,100.0,47.0,50.66666793823242,-23.69230842590332
177.663,12:56:08.634,462.095,35.511,16409.648,0.000,0.000,0.000,0.000,0.000,0.000,1.000,1.000,0.000,48.759,48.941,0.940,64.932,5.000,100.0,47.0,50.66666793823242,-23.69230842590332
177.807,12:56:08.698,462.095,35.511,16409.648,0.000,0.000,0.000,0.000,0.000,0.000,1.000,1.000,0.000,48.759,48.941,0.940,64.932,5.000,100.0,47.0,50.66666793823242,-23.69230842590332
177.871,12:56:08.762,462.095,35.511,16409.648,0.000,0.000,0.000,0.000,0.000,0.000,1.000,1.000,0.000,48.759,48.941,0.940,64.932,5.000,100.0,47.0,50.66666793823242,-23.69230842590332
177.935,12:56:08.906,462.095,35.511,16409.648,0.000,0.000,0.000,0.000,0.000,0.000,1.000,1.000,0.000,49.121,48.941,0.940,64.963,5.000,100.0,47.0,50.66666793823242,-23.69230842590332
178.079,12:56:08.970,457.980,36.472,16703.250,0.000,0.000,0.000,0.000,0.000,0.000,1.000,1.000,0.000,49.121,48.941,0.940,64.963,5.000,100.0,47.0,50.66666793823242,-23.69230842590332
178.143,12:56:09.034,457.980,36.472,16703.250,0.000,0.000,0.000,0.000,0.000,0.000,1.000,1.000,0.000,49.121,48.941,0.940,64.963,5.000,100.0,47.0,50.66666793823242,-23.69230842590332
178.207,12:56:09.177,457.980,36.472,16703.250,0.000,0.000,0.000,0.000,0.000,0.000,1.000,1.000,0.000,49.121,48.941,0.940,64.963,5.000,100.0,47.0,50.66666793823242,-23.69230842590332
178.351,12:56:09.241,459.891,36.019,16564.738,0.000,0.000,0.000,0.000,0.000,0.000,1.000,1.000,0.000,49.121,48.941,0.940,64.963,5.000,100.0,47.0,50.66666793823242,-23.69230842590332
178.415,12:56:09.497,459.891,36.019,16564.738,0.000,0.000,0.000,0.000,0.000,0.000,1.000,1.000,0.000,49.121,48.941,0.940,64.963,5.000,100.0,47.0,-49.9487190246582,21.076923370361328
178.671,12:56:09.641,459.891,36.019,16564.738,0.000,0.000,0.000,0.000,0.000,0.000,1.000,1.000,0.000,49.159,49.341,0.940,64.934,5.000,100.0,47.0,-49.9487190246582,21.076923370361328
178.815,12:56:09.705,457.984,36.476,16705.523,0.000,0.000,0.000,0.000,0.000,0.000,1.000,1.000,0.000,49.159,49.341,0.940,64.934,5.000,100.0,47.0,-49.9487190246582,21.076923370361328
178.878,12:56:09.769,457.984,36.476,16705.523,0.000,0.000,0.000,0.000,0.000,0.000,1.000,1.000,0.000,49.159,49.341,0.940,64.934,5.000,100.0,47.0,-49.9487190246582,21.076923370361328
178.943,12:56:09.913,457.984,36.476,16705.523,0.000,0.000,0.000,0.000,0.000,0.000,1.000,1.000,0.000,49.121,48.941,0.940,64.965,5.000,100.0,47.0,-49.9487190246582,21.076923370361328
179.086,12:56:09.977,457.984,36.476,16705.523,0.000,0.000,0.000,0.000,0.000,0.000,1.000,1.000,0.000,49.121,48.941,0.940,64.965,5.000,100.0,47.0,-49.9487190246582,21.076923370361328
179.150,12:56:10.041,457.984,36.476,16705.523,0.000,0.000,0.000,0.000,0.000,0.000,1.000,1.000,0.000,49.121,48.941,0.940,64.965,5.000,100.0,47.0,-49.9487190246582,21.076923370361328
179.214,12:56:10.185,460.224,35.952,16546.043,0.000,0.000,0.000,0.000,0.000,0.000,1.000,1.000,0.000,49.159,49.341,0.940,64.981,5.000,100.0,47.0,-49.9487190246582,21.076923370361328
179.358,12:56:10.249,460.224,35.952,16546.043,0.000,0.000,0.000,0.000,0.000,0.000,1.000,1.000,0.000,49.159,49.341,0.940,64.981,5.000,100.0,47.0,-49.9487190246582,21.076923370361328
179.422,12:56:10.505,460.224,35.952,16546.043,0.000,0.000,0.000,0.000,0.000,0.000,1.000,1.000,0.000,49.159,49.341,0.940,64.981,5.000,100.0,47.0,31.58974266052246,19.076923370361328
179.678,12:56:10.649,460.361,35.914,16533.391,0.000,0.000,0.000,0.000,0.000,0.000,1.000,1.000,0.000,49.159,49.341,0.940,64.997,5.000,100.0,47.0,31.58974266052246,19.076923370361328
179.822,12:56:10.712,460.361,35.914,16533.391,0.000,0.000,0.000,0.000,0.000,0.000,1.000,1.000,0.000,49.159,49.341,0.940,64.997,5.000,100.0,47.0,31.58974266052246,19.076923370361328
179.886,12:56:10.776,460.361,35.914,16533.391,0.000,0.000,0.000,0.000,0.000,0.000,1.000,1.000,0.000,49.159,49.341,0.940,64.997,5.000,100.0,47.0,31.58974266052246,19.076923370361328
179.950,12:56:10.920,460.361,35.914,16533.391,0.000,0.000,0.000,0.000,0.000,0.000,1.000,1.000,0.000,49.121,48.941,0.940,65.025,5.000,100.0,47.0,31.58974266052246,19.076923370361328
180.094,12:56:10.984,457.741,36.533,16722.447,0.000,0.000,0.000,0.000,0.000,0.000,1.000,1.000,0.000,49.121,48.941,0.940,65.025,5.000,100.0,47.0,31.58974266052246,19.076923370361328
180.158,12:56:11.048,457.741,36.533,16722.447,0.000,0.000,0.000,0.000,0.000,0.000,1.000,1.000,0.000,49.121,48.941,0.940,65.025,5.000,100.0,47.0,31.58974266052246,19.076923370361328
180.222,12:56:11.192,457.741,36.533,16722.447,0.000,0.000,0.000,0.000,0.000,0.000,1.000,1.000,0.000,49.121,48.941,0.940,65.025,5.000,100.0,47.0,31.58974266052246,19.076923370361328
180.366,12:56:11.256,457.741,36.533,16722.447,0.000,0.000,0.000,0.000,0.000,0.000,1.000,1.000,0.000,49.121,48.941,0.940,65.025,5.000,100.0,47.0,31.58974266052246,19.076923370361328
180.430,12:56:11.512,460.389,35.902,16528.936,0.000,0.000,0.000,0.000,0.000,0.000,1.000,1.000,0.000,49.121,48.941,0.940,65.025,5.000,100.0,47.0,-53.589744567871094,14.307692527770996
180.685,12:56:11.656,460.389,35.902,16528.936,0.000,0.000,0.000,0.000,0.000,0.000,1.000,1.000,0.000,49.159,49.341,0.940,65.033,5.000,100.0,47.0,-53.589744567871094,14.307692527770996
180.829,12:56:11.720,457.527,36.578,16735.303,0.000,0.000,0.000,0.000,0.000,0.000,1.000,1.000,0.000,49.159,49.341,0.940,65.033,5.000,100.0,47.0,-53.589744567871094,14.307692527770996
180.893,12:56:11.784,457.527,36.578,16735.303,0.000,0.000,0.000,0.000,0.000,0.000,1.000,1.000,0.000,49.159,49.341,0.940,65.033,5.000,100.0,47.0,-53.589744567871094,14.307692527770996
180.957,12:56:11.928,457.527,36.578,16735.303,0.000,0.000,0.000,0.000,0.000,0.000,1.000,1.000,0.000,49.121,48.941,0.940,65.067,5.000,100.0,47.0,-53.589744567871094,14.307692527770996
181.101,12:56:11.992,457.527,36.578,16735.303,0.000,0.000,0.000,0.000,0.000,0.000,1.000,1.000,0.000,49.121,48.941,0.940,65.067,5.000,100.0,47.0,-53.589744567871094,14.307692527770996
181.165,12:56:12.056,457.527,36.578,16735.303,0.000,0.000,0.000,0.000,0.000,0.000,1.000,1.000,0.000,49.121,48.941,0.940,65.067,5.000,100.0,47.0,-53.589744567871094,14.307692527770996
181.229,12:56:12.200,461.519,35.636,16446.582,0.000,0.000,0.000,0.000,0.000,0.000,1.000,1.000,0.000,48.721,48.541,0.940,65.070,5.000,100.0,47.0,-53.589744567871094,14.307692527770996
181.373,12:56:12.263,461.519,35.636,16446.582,0.000,0.000,0.000,0.000,0.000,0.000,1.000,1.000,0.000,48.721,48.541,0.940,65.070,5.000,100.0,47.0,-53.589744567871094,14.307692527770996
181.437,12:56:12.520,461.519,35.636,16446.582,0.000,0.000,0.000,0.000,0.000,0.000,1.000,1.000,0.000,48.721,48.541,0.940,65.070,5.000,100.0,47.0,44.71794891357422,51.33333206176758
181.693,12:56:12.663,461.495,35.641,16448.078,0.000,0.000,0.000,0.000,0.000,0.000,1.000,1.000,0.000,48.759,48.941,0.940,65.079,5.000,100.0,47.0,44.71794891357422,51.33333206176758
181.837,12:56:12.727,461.495,35.641,16448.078,0.000,0.000,0.000,0.000,0.000,0.000,1.000,1.000,0.000,48.759,48.941,0.940,65.079,5.000,100.0,47.0,44.71794891357422,51.33333206176758
181.902,12:56:12.792,461.495,35.641,16448.078,0.000,0.000,0.000,0.000,0.000,0.000,1.000,1.000,0.000,48.759,48.941,0.940,65.079,5.000,100.0,47.0,44.71794891357422,51.33333206176758
181.966,12:56:12.936,461.495,35.641,16448.078,0.000,0.000,0.000,0.000,0.000,0.000,1.000,1.000,0.000,49.159,49.341,0.940,65.085,5.000,100.0,47.0,44.71794891357422,51.33333206176758
182.109,12:56:12.999,457.513,36.567,16729.770,0.000,0.000,0.000,0.000,0.000,0.000,1.000,1.000,0.000,49.159,49.341,0.940,65.085,5.000,100.0,47.0,44.71794891357422,51.33333206176758
182.173,12:56:13.064,457.513,36.567,16729.770,0.000,0.000,0.000,0.000,0.000,0.000,1.000,1.000,0.000,49.159,49.341,0.940,65.085,5.000,100.0,47.0,44.71794891357422,51.33333206176758
182.237,12:56:13.207,457.513,36.567,16729.770,0.000,0.000,0.000,0.000,0.000,0.000,1.000,1.000,0.000,49.159,49.341,0.940,65.085,5.000,100.0,47.0,44.71794891357422,51.33333206176758
182.382,12:56:13.272,457.513,36.567,16729.770,0.000,0.000,0.000,0.000,0.000,0.000,1.000,1.000,0.000,49.159,49.341,0.940,65.085,5.000,100.0,47.0,44.71794891357422,51.33333206176758
182.445,12:56:13.527,456.802,36.723,16774.988,0.000,0.000,0.000,0.000,0.000,0.000,1.000,1.000,0.000,49.159,49.341,0.940,65.085,5.000,100.0,47.0,-28.0,-30.35897445678711
182.700,12:56:13.672,456.802,36.723,16774.988,0.000,0.000,0.000,0.000,0.000,0.000,1.000,1.000,0.000,49.559,49.741,0.940,65.151,5.000,100.0,47.0,-28.0,-30.35897445678711
182.845,12:56:13.736,457.061,36.668,16759.717,0.000,0.000,0.000,0.000,0.000,0.000,1.000,1.000,0.000,49.559,49.741,0.940,65.151,5.000,100.0,47.0,-28.0,-30.35897445678711
182.909,12:56:13.800,457.061,36.668,16759.717,0.000,0.000,0.000,0.000,0.000,0.000,1.000,1.000,0.000,49.559,49.741,0.940,65.151,5.000,100.0,47.0,-28.0,-30.35897445678711
182.972,12:56:13.944,457.061,36.668,16759.717,0.000,0.000,0.000,0.000,0.000,0.000,1.000,1.000,0.000,49.121,48.941,0.940,65.152,5.000,100.0,47.0,-28.0,-30.35897445678711
183.116,12:56:14.007,457.061,36.668,16759.717,0.000,0.000,0.000,0.000,0.000,0.000,1.000,1.000,0.000,49.121,48.941,0.940,65.152,5.000,100.0,47.0,-28.0,-30.35897445678711
183.181,12:56:14.071,457.061,36.668,16759.717,0.000,0.000,0.000,0.000,0.000,0.000,1.000,1.000,0.000,49.121,48.941,0.940,65.152,5.000,100.0,47.0,-28.0,-30.35897445678711
183.245,12:56:14.216,460.645,35.843,16510.936,0.000,0.000,0.000,0.000,0.000,0.000,1.000,1.000,0.000,49.159,49.341,0.940,65.174,5.000,100.0,47.0,-28.0,-30.35897445678711
183.388,12:56:14.279,460.645,35.843,16510.936,0.000,0.000,0.000,0.000,0.000,0.000,1.000,1.000,0.000,49.159,49.341,0.940,65.174,5.000,100.0,47.0,-28.0,-30.35897445678711
183.452,12:56:14.535,460.645,35.843,16510.936,0.000,0.000,0.000,0.000,0.000,0.000,1.000,1.000,0.000,49.159,49.341,0.940,65.174,5.000,100.0,47.0,50.71794891357422,33.53845977783203
183.707,12:56:14.678,456.778,36.730,16777.652,0.000,0.000,0.000,0.000,0.000,0.000,1.000,1.000,0.000,49.559,49.741,0.940,65.225,5.000,100.0,47.0,50.71794891357422,33.53845977783203
183.852,12:56:14.742,456.778,36.730,16777.652,0.000,0.000,0.000,0.000,0.000,0.000,1.000,1.000,0.000,49.559,49.741,0.940,65.225,5.000,100.0,47.0,50.71794891357422,33.53845977783203
183.915,12:56:14.806,456.778,36.730,16777.652,0.000,0.000,0.000,0.000,0.000,0.000,1.000,1.000,0.000,49.559,49.741,0.940,65.225,5.000,100.0,47.0,50.71794891357422,33.53845977783203
183.980,12:56:14.950,456.778,36.730,16777.652,0.000,0.000,0.000,0.000,0.000,0.000,1.000,1.000,0.000,49.121,48.941,0.940,65.222,5.000,100.0,47.0,50.71794891357422,33.53845977783203
184.124,12:56:15.015,456.804,36.718,16773.143,0.000,0.000,0.000,0.000,0.000,0.000,1.000,1.000,0.000,49.121,48.941,0.940,65.222,5.000,100.0,47.0,50.71794891357422,33.53845977783203
184.187,12:56:15.078,456.804,36.718,16773.143,0.000,0.000,0.000,0.000,0.000,0.000,1.000,1.000,0.000,49.121,48.941,0.940,65.222,5.000,100.0,47.0,50.71794891357422,33.53845977783203
184.252,12:56:15.223,456.804,36.718,16773.143,0.000,0.000,0.000,0.000,0.000,0.000,1.000,1.000,0.000,49.121,48.941,0.940,65.222,5.000,100.0,47.0,50.71794891357422,33.53845977783203
184.396,12:56:15.287,456.804,36.718,16773.143,0.000,0.000,0.000,0.000,0.000,0.000,1.000,1.000,0.000,49.121,48.941,0.940,65.222,5.000,100.0,47.0,50.71794891357422,33.53845977783203
184.460,12:56:15.542,460.808,35.803,16498.316,0.000,0.000,0.000,0.000,0.000,0.000,1.000,1.000,0.000,49.121,48.941,0.940,65.222,5.000,100.0,47.0,-49.589744567871094,15.79487133026123
184.715,12:56:15.686,460.808,35.803,16498.316,0.000,0.000,0.000,0.000,0.000,0.000,1.000,1.000,0.000,49.159,49.341,0.940,65.262,5.000,100.0,47.0,-49.589744567871094,15.79487133026123
184.860,12:56:15.751,456.937,36.696,16767.543,0.000,0.000,0.000,0.000,0.000,0.000,1.000,1.000,0.000,49.159,49.341,0.940,65.262,5.000,100.0,47.0,-49.589744567871094,15.79487133026123
184.923,12:56:15.814,456.937,36.696,16767.543,0.000,0.000,0.000,0.000,0.000,0.000,1.000,1.000,0.000,49.159,49.341,0.940,65.262,5.000,100.0,47.0,-49.589744567871094,15.79487133026123
184.987,12:56:15.958,456.937,36.696,16767.543,0.000,0.000,0.000,0.000,0.000,0.000,1.000,1.000,0.000,49.121,48.941,0.940,65.251,5.000,100.0,47.0,-49.589744567871094,15.79487133026123
185.132,12:56:16.022,456.937,36.696,16767.543,0.000,0.000,0.000,0.000,0.000,0.000,1.000,1.000,0.000,49.121,48.941,0.940,65.251,5.000,100.0,47.0,-49.589744567871094,15.79487133026123
185.196,12:56:16.086,456.937,36.696,16767.543,0.000,0.000,0.000,0.000,0.000,0.000,1.000,1.000,0.000,49.121,48.941,0.940,65.251,5.000,100.0,47.0,-49.589744567871094,15.79487133026123
185.260,12:56:16.229,460.958,35.776,16491.055,0.000,0.000,0.000,0.000,0.000,0.000,1.000,1.000,0.000,49.159,49.341,0.940,65.266,5.000,100.0,47.0,-49.589744567871094,15.79487133026123
185.403,12:56:16.293,460.958,35.776,16491.055,0.000,0.000,0.000,0.000,0.000,0.000,1.000,1.000,0.000,49.159,49.341,0.940,65.266,5.000,100.0,47.0,-49.589744567871094,15.79487133026123
185.468,12:56:16.549,460.958,35.776,16491.055,0.000,0.000,0.000,0.000,0.000,0.000,1.000,1.000,0.000,49.159,49.341,0.940,65.266,5.000,100.0,47.0,46.66666793823242,-0.6153846383094788
185.722,12:56:16.693,457.139,36.642,16750.346,0.000,0.000,0.000,0.000,0.000,0.000,1.000,1.000,0.000,49.559,49.741,0.940,65.302,5.000,100.0,47.0,46.66666793823242,-0.6153846383094788
185.867,12:56:16.758,457.139,36.642,16750.346,0.000,0.000,0.000,0.000,0.000,0.000,1.000,1.000,0.000,49.559,49.741,0.940,65.302,5.000,100.0,47.0,46.66666793823242,-0.6153846383094788
185.931,12:56:16.821,457.139,36.642,16750.346,0.000,0.000,0.000,0.000,0.000,0.000,1.000,1.000,0.000,49.559,49.741,0.940,65.302,5.000,100.0,47.0,46.66666793823242,-0.6153846383094788
185.994,12:56:16.965,457.139,36.642,16750.346,0.000,0.000,0.000,0.000,0.000,0.000,1.000,1.000,0.000,49.559,49.741,0.940,65.302,5.000,100.0,47.0,46.66666793823242,-0.6153846383094788
186.138,12:56:17.029,456.622,36.762,16786.342,0.000,0.000,0.000,0.000,0.000,0.000,1.000,1.000,0.000,49.559,49.741,0.940,65.302,5.000,100.0,47.0,46.66666793823242,-0.6153846383094788
186.203,12:56:17.093,456.622,36.762,16786.342,0.000,0.000,0.000,0.000,0.000,0.000,1.000,1.000,0.000,49.559,49.741,0.940,65.302,5.000,100.0,47.0,46.66666793823242,-0.6153846383094788
186.267,12:56:17.238,456.622,36.762,16786.342,0.000,0.000,0.000,0.000,0.000,0.000,1.000,1.000,0.000,49.121,48.941,0.940,65.333,5.000,100.0,47.0,46.66666793823242,-0.6153846383094788
186.411,12:56:17.301,456.622,36.762,16786.342,0.000,0.000,0.000,0.000,0.000,0.000,1.000,1.000,0.000,49.121,48.941,0.940,65.333,5.000,100.0,47.0,46.66666793823242,-0.6153846383094788
186.475,12:56:17.556,456.622,36.762,16786.342,0.000,0.000,0.000,0.000,0.000,0.000,1.000,1.000,0.000,49.121,48.941,0.940,65.333,5.000,100.0,47.0,-49.07692337036133,38.30769348144531
186.730,12:56:17.700,461.067,35.735,16476.107,0.000,0.000,0.000,0.000,0.000,0.000,1.000,1.000,0.000,49.159,49.341,0.940,65.327,5.000,100.0,47.0,-49.07692337036133,38.30769348144531
186.875,12:56:17.765,461.067,35.735,16476.107,0.000,0.000,0.000,0.000,0.000,0.000,1.000,1.000,0.000,49.159,49.341,0.940,65.327,5.000,100.0,47.0,-49.07692337036133,38.30769348144531
186.937,12:56:17.828,458.487,36.353,16667.572,0.000,0.000,0.000,0.000,0.000,0.000,1.000,1.000,0.000,49.159,49.341,0.940,65.327,5.000,100.0,47.0,-49.07692337036133,38.30769348144531
187.001,12:56:17.972,458.487,36.353,16667.572,0.000,0.000,0.000,0.000,0.000,0.000,1.000,1.000,0.000,49.121,48.941,0.940,65.332,5.000,100.0,47.0,-49.07692337036133,38.30769348144531
187.145,12:56:18.036,458.487,36.353,16667.572,0.000,0.000,0.000,0.000,0.000,0.000,1.000,1.000,0.000,49.121,48.941,0.940,65.332,5.000,100.0,47.0,-49.07692337036133,38.30769348144531
187.209,12:56:18.100,458.487,36.353,16667.572,0.000,0.000,0.000,0.000,0.000,0.000,1.000,1.000,0.000,49.121,48.941,0.940,65.332,5.000,100.0,47.0,-49.07692337036133,38.30769348144531
187.273,12:56:18.244,458.487,36.353,16667.572,0.000,0.000,0.000,0.000,0.000,0.000,1.000,1.000,0.000,49.160,49.341,0.940,65.351,5.000,100.0,47.0,-49.07692337036133,38.30769348144531
187.417,12:56:18.308,459.841,36.032,16568.801,0.000,0.000,0.000,0.000,0.000,0.000,1.000,1.000,0.000,49.160,49.341,0.940,65.351,5.000,100.0,47.0,-49.07692337036133,38.30769348144531
187.481,12:56:18.564,459.841,36.032,16568.801,0.000,0.000,0.000,0.000,0.000,0.000,1.000,1.000,0.000,49.160,49.341,0.940,65.351,5.000,100.0,47.0,31.435897827148438,-53.230770111083984
187.737,12:56:18.707,455.879,36.923,16832.492,0.000,0.000,0.000,0.000,0.000,0.000,1.000,1.000,0.000,49.560,49.741,0.940,65.309,5.000,100.0,47.0,31.435897827148438,-53.230770111083984
187.881,12:56:18.771,455.879,36.923,16832.492,0.000,0.000,0.000,0.000,0.000,0.000,1.000,1.000,0.000,49.560,49.741,0.940,65.309,5.000,100.0,47.0,31.435897827148438,-53.230770111083984
187.945,12:56:18.836,455.879,36.923,16832.492,0.000,0.000,0.000,0.000,0.000,0.000,1.000,1.000,0.000,49.560,49.741,0.940,65.309,5.000,100.0,47.0,31.435897827148438,-53.230770111083984
188.009,12:56:18.980,455.879,36.923,16832.492,0.000,0.000,0.000,0.000,0.000,0.000,1.000,1.000,0.000,49.560,49.741,0.940,65.309,5.000,100.0,47.0,31.435897827148438,-53.230770111083984
188.153,12:56:19.043,458.252,36.394,16677.686,0.000,0.000,0.000,0.000,0.000,0.000,1.000,1.000,0.000,49.560,49.741,0.940,65.309,5.000,100.0,47.0,31.435897827148438,-53.230770111083984
188.217,12:56:19.107,458.252,36.394,16677.686,0.000,0.000,0.000,0.000,0.000,0.000,1.000,1.000,0.000,49.560,49.741,0.940,65.309,5.000,100.0,47.0,31.435897827148438,-53.230770111083984
188.281,12:56:19.251,458.252,36.394,16677.686,0.000,0.000,0.000,0.000,0.000,0.000,1.000,1.000,0.000,49.121,48.941,0.940,65.381,5.000,100.0,47.0,31.435897827148438,-53.230770111083984
188.425,12:56:19.316,458.252,36.394,16677.686,0.000,0.000,0.000,0.000,0.000,0.000,1.000,1.000,0.000,49.121,48.941,0.940,65.381,5.000,100.0,47.0,31.435897827148438,-53.230770111083984
188.489,12:56:19.571,458.252,36.394,16677.686,0.000,0.000,0.000,0.000,0.000,0.000,1.000,1.000,0.000,49.121,48.941,0.940,65.381,5.000,100.0,47.0,-30.30769157409668,50.871795654296875
188.745,12:56:19.716,459.856,36.022,16565.080,0.000,0.000,0.000,0.000,0.000,0.000,1.000,1.000,0.000,49.159,49.341,0.940,65.425,5.000,100.0,47.0,-30.30769157409668,50.871795654296875
188.889,12:56:19.780,459.856,36.022,16565.080,0.000,0.000,0.000,0.000,0.000,0.000,1.000,1.000,0.000,49.159,49.341,0.940,65.425,5.000,100.0,47.0,-30.30769157409668,50.871795654296875
188.952,12:56:19.843,459.966,35.989,16553.496,0.000,0.000,0.000,0.000,0.000,0.000,1.000,1.000,0.000,49.159,49.341,0.940,65.425,5.000,100.0,47.0,-30.30769157409668,50.871795654296875
189.018,12:56:19.987,459.966,35.989,16553.496,0.000,0.000,0.000,0.000,0.000,0.000,1.000,1.000,0.000,49.121,48.941,0.940,65.408,5.000,100.0,47.0,-30.30769157409668,50.871795654296875
189.161,12:56:20.051,459.966,35.989,16553.496,0.000,0.000,0.000,0.000,0.000,0.000,1.000,1.000,0.000,49.121,48.941,0.940,65.408,5.000,100.0,47.0,-30.30769157409668,50.871795654296875
189.225,12:56:20.116,459.966,35.989,16553.496,0.000,0.000,0.000,0.000,0.000,0.000,1.000,1.000,0.000,49.121,48.941,0.940,65.408,5.000,100.0,47.0,-30.30769157409668,50.871795654296875
189.289,12:56:20.259,459.966,35.989,16553.496,0.000,0.000,0.000,0.000,0.000,0.000,1.000,1.000,0.000,49.159,49.341,0.940,65.411,5.000,100.0,47.0,-30.30769157409668,50.871795654296875
189.433,12:56:20.323,458.184,36.402,16679.029,0.000,0.000,0.000,0.000,0.000,0.000,1.000,1.000,0.000,49.159,49.341,0.940,65.411,5.000,100.0,47.0,-30.30769157409668,50.871795654296875
189.497,12:56:20.578,458.184,36.402,16679.029,0.000,0.000,0.000,0.000,0.000,0.000,1.000,1.000,0.000,49.159,49.341,0.940,65.411,5.000,100.0,47.0,9.64102554321289,-48.871795654296875
189.752,12:56:20.723,457.891,36.476,16702.027,0.000,0.000,0.000,0.000,0.000,0.000,1.000,1.000,0.000,49.121,48.941,0.940,65.413,5.000,100.0,47.0,9.64102554321289,-48.871795654296875
189.896,12:56:20.787,457.891,36.476,16702.027,0.000,0.000,0.000,0.000,0.000,0.000,1.000,1.000,0.000,49.121,48.941,0.940,65.413,5.000,100.0,47.0,9.64102554321289,-48.871795654296875
189.961,12:56:20.851,457.891,36.476,16702.027,0.000,0.000,0.000,0.000,0.000,0.000,1.000,1.000,0.000,49.121,48.941,0.940,65.413,5.000,100.0,47.0,9.64102554321289,-48.871795654296875
190.025,12:56:20.995,457.891,36.476,16702.027,0.000,0.000,0.000,0.000,0.000,0.000,1.000,1.000,0.000,49.121,48.941,0.940,65.413,5.000,100.0,47.0,9.64102554321289,-48.871795654296875
190.168,12:56:21.058,460.136,35.948,16541.184,0.000,0.000,0.000,0.000,0.000,0.000,1.000,1.000,0.000,49.121,48.941,0.940,65.413,5.000,100.0,47.0,9.64102554321289,-48.871795654296875
190.233,12:56:21.123,460.136,35.948,16541.184,0.000,0.000,0.000,0.000,0.000,0.000,1.000,1.000,0.000,49.121,48.941,0.940,65.413,5.000,100.0,47.0,9.64102554321289,-48.871795654296875
190.296,12:56:21.266,460.136,35.948,16541.184,0.000,0.000,0.000,0.000,0.000,0.000,1.000,1.000,0.000,49.159,49.341,0.940,65.397,5.000,100.0,47.0,9.64102554321289,-48.871795654296875
190.440,12:56:21.331,460.136,35.948,16541.184,0.000,0.000,0.000,0.000,0.000,0.000,1.000,1.000,0.000,49.159,49.341,0.940,65.397,5.000,100.0,47.0,9.64102554321289,-48.871795654296875
190.503,12:56:21.586,460.136,35.948,16541.184,0.000,0.000,0.000,0.000,0.000,0.000,1.000,1.000,0.000,49.159,49.341,0.940,65.397,5.000,100.0,47.0,-36.0512809753418,51.17948532104492
190.760,12:56:21.731,460.230,35.918,16530.732,0.000,0.000,0.000,0.000,0.000,0.000,1.000,1.000,0.000,49.121,48.941,0.940,65.416,5.000,100.0,47.0,-36.0512809753418,51.17948532104492
190.904,12:56:21.794,460.230,35.918,16530.732,0.000,0.000,0.000,0.000,0.000,0.000,1.000,1.000,0.000,49.121,48.941,0.940,65.416,5.000,100.0,47.0,-36.0512809753418,51.17948532104492
190.967,12:56:21.858,457.836,36.473,16698.693,0.000,0.000,0.000,0.000,0.000,0.000,1.000,1.000,0.000,49.121,48.941,0.940,65.416,5.000,100.0,47.0,-36.0512809753418,51.17948532104492
191.031,12:56:22.002,457.836,36.473,16698.693,0.000,0.000,0.000,0.000,0.000,0.000,1.000,1.000,0.000,49.121,48.941,0.940,65.424,5.000,100.0,47.0,-36.0512809753418,51.17948532104492
191.175,12:56:22.065,457.836,36.473,16698.693,0.000,0.000,0.000,0.000,0.000,0.000,1.000,1.000,0.000,49.121,48.941,0.940,65.424,5.000,100.0,47.0,-36.0512809753418,51.17948532104492
191.240,12:56:22.131,457.836,36.473,16698.693,0.000,0.000,0.000,0.000,0.000,0.000,1.000,1.000,0.000,49.121,48.941,0.940,65.424,5.000,100.0,47.0,-36.0512809753418,51.17948532104492
191.303,12:56:22.273,457.836,36.473,16698.693,0.000,0.000,0.000,0.000,0.000,0.000,1.000,1.000,0.000,48.759,48.941,0.940,65.439,5.000,100.0,47.0,-36.0512809753418,51.17948532104492
191.448,12:56:22.338,463.829,35.025,16245.555,0.000,0.000,0.000,0.000,0.000,0.000,1.000,1.000,0.000,48.759,48.941,0.940,65.439,5.000,100.0,47.0,-36.0512809753418,51.17948532104492
191.511,12:56:22.593,463.829,35.025,16245.555,0.000,0.000,0.000,0.000,0.000,0.000,1.000,1.000,0.000,48.759,48.941,0.940,65.439,5.000,100.0,47.0,45.89743423461914,-37.53845977783203
191.766,12:56:22.737,457.613,36.515,16709.818,0.000,0.000,0.000,0.000,0.000,0.000,1.000,1.000,0.000,49.121,48.941,0.940,65.442,5.000,100.0,47.0,45.89743423461914,-37.53845977783203
191.911,12:56:22.802,457.613,36.515,16709.818,0.000,0.000,0.000,0.000,0.000,0.000,1.000,1.000,0.000,49.121,48.941,0.940,65.442,5.000,100.0,47.0,45.89743423461914,-37.53845977783203
191.975,12:56:22.866,457.613,36.515,16709.818,0.000,0.000,0.000,0.000,0.000,0.000,1.000,1.000,0.000,49.121,48.941,0.940,65.442,5.000,100.0,47.0,45.89743423461914,-37.53845977783203
192.039,12:56:23.010,457.613,36.515,16709.818,0.000,0.000,0.000,0.000,0.000,0.000,1.000,1.000,0.000,49.121,48.941,0.940,65.442,5.000,100.0,47.0,45.89743423461914,-37.53845977783203
192.183,12:56:23.073,460.236,35.898,16521.516,0.000,0.000,0.000,0.000,0.000,0.000,1.000,1.000,0.000,49.121,48.941,0.940,65.442,5.000,100.0,47.0,45.89743423461914,-37.53845977783203
192.247,12:56:23.138,460.236,35.898,16521.516,0.000,0.000,0.000,0.000,0.000,0.000,1.000,1.000,0.000,49.121,48.941,0.940,65.442,5.000,100.0,47.0,45.89743423461914,-37.53845977783203
192.310,12:56:23.281,460.236,35.898,16521.516,0.000,0.000,0.000,0.000,0.000,0.000,1.000,1.000,0.000,49.121,48.941,0.940,65.422,5.000,100.0,47.0,45.89743423461914,-37.53845977783203
192.455,12:56:23.345,460.236,35.898,16521.516,0.000,0.000,0.000,0.000,0.000,0.000,1.000,1.000,0.000,49.121,48.941,0.940,65.422,5.000,100.0,47.0,45.89743423461914,-37.53845977783203
192.518,12:56:23.600,460.236,35.898,16521.516,0.000,0.000,0.000,0.000,0.000,0.000,1.000,1.000,0.000,49.121,48.941,0.940,65.422,5.000,100.0,47.0,-14.717948913574219,-36.10256576538086
192.775,12:56:23.745,460.277,35.893,16520.746,0.000,0.000,0.000,0.000,0.000,0.000,1.000,1.000,0.000,49.159,49.341,0.940,65.440,5.000,100.0,47.0,-14.717948913574219,-36.10256576538086
192.919,12:56:23.809,460.277,35.893,16520.746,0.000,0.000,0.000,0.000,0.000,0.000,1.000,1.000,0.000,49.159,49.341,0.940,65.440,5.000,100.0,47.0,-14.717948913574219,-36.10256576538086
192.983,12:56:23.873,460.277,35.893,16520.746,0.000,0.000,0.000,0.000,0.000,0.000,1.000,1.000,0.000,49.159,49.341,0.940,65.440,5.000,100.0,47.0,-14.717948913574219,-36.10256576538086
193.047,12:56:24.017,457.358,36.565,16723.148,0.000,0.000,0.000,0.000,0.000,0.000,1.000,1.000,0.000,49.121,48.941,0.940,65.411,5.000,100.0,47.0,-14.717948913574219,-36.10256576538086
193.190,12:56:24.081,457.358,36.565,16723.148,0.000,0.000,0.000,0.000,0.000,0.000,1.000,1.000,0.000,49.121,48.941,0.940,65.411,5.000,100.0,47.0,-14.717948913574219,-36.10256576538086
193.254,12:56:24.144,457.358,36.565,16723.148,0.000,0.000,0.000,0.000,0.000,0.000,1.000,1.000,0.000,49.121,48.941,0.940,65.411,5.000,100.0,47.0,-14.717948913574219,-36.10256576538086
193.318,12:56:24.288,457.358,36.565,16723.148,0.000,0.000,0.000,0.000,0.000,0.000,1.000,1.000,0.000,49.121,48.941,0.940,65.411,5.000,100.0,47.0,-14.717948913574219,-36.10256576538086
193.462,12:56:24.353,463.955,34.989,16233.470,0.000,0.000,0.000,0.000,0.000,0.000,1.000,1.000,0.000,49.121,48.941,0.940,65.411,5.000,100.0,47.0,-14.717948913574219,-36.10256576538086
193.525,12:56:24.608,463.955,34.989,16233.470,0.000,0.000,0.000,0.000,0.000,0.000,1.000,1.000,0.000,49.121,48.941,0.940,65.411,5.000,100.0,47.0,22.153846740722656,34.10256576538086
193.781,12:56:24.753,463.955,34.989,16233.470,0.000,0.000,0.000,0.000,0.000,0.000,1.000,1.000,0.000,49.121,48.941,0.940,65.401,5.000,100.0,47.0,22.153846740722656,34.10256576538086
193.926,12:56:24.817,460.436,35.859,16510.551,0.000,0.000,0.000,0.000,0.000,0.000,1.000,1.000,0.000,49.121,48.941,0.940,65.401,5.000,100.0,47.0,22.153846740722656,34.10256576538086
193.990,12:56:24.881,460.436,35.859,16510.551,0.000,0.000,0.000,0.000,0.000,0.000,1.000,1.000,0.000,49.121,48.941,0.940,65.401,5.000,100.0,47.0,22.153846740722656,34.10256576538086
194.054,12:56:25.024,460.436,35.859,16510.551,0.000,0.000,0.000,0.000,0.000,0.000,1.000,1.000,0.000,49.121,48.941,0.940,65.401,5.000,100.0,47.0,22.153846740722656,34.10256576538086
194.198,12:56:25.088,460.436,35.859,16510.551,0.000,0.000,0.000,0.000,0.000,0.000,1.000,1.000,0.000,49.121,48.941,0.940,65.401,5.000,100.0,47.0,22.153846740722656,34.10256576538086
194.262,12:56:25.153,460.476,35.838,16502.758,0.000,0.000,0.000,0.000,0.000,0.000,1.000,1.000,0.000,49.121,48.941,0.940,65.401,5.000,100.0,47.0,22.153846740722656,34.10256576538086
194.326,12:56:25.296,460.476,35.838,16502.758,0.000,0.000,0.000,0.000,0.000,0.000,1.000,1.000,0.000,49.159,49.341,0.940,65.418,5.000,100.0,47.0,22.153846740722656,34.10256576538086
194.470,12:56:25.361,460.476,35.838,16502.758,0.000,0.000,0.000,0.000,0.000,0.000,1.000,1.000,0.000,49.159,49.341,0.940,65.418,5.000,100.0,47.0,22.153846740722656,34.10256576538086
194.533,12:56:25.616,460.476,35.838,16502.758,0.000,0.000,0.000,0.000,0.000,0.000,1.000,1.000,0.000,49.159,49.341,0.940,65.418,5.000,100.0,47.0,47.17948532104492,-30.30769157409668
194.789,12:56:25.759,461.117,35.688,16456.406,0.000,0.000,0.000,0.000,0.000,0.000,1.000,1.000,0.000,48.759,48.941,0.940,65.425,5.000,100.0,47.0,47.17948532104492,-30.30769157409668
194.933,12:56:25.823,461.117,35.688,16456.406,0.000,0.000,0.000,0.000,0.000,0.000,1.000,1.000,0.000,48.759,48.941,0.940,65.425,5.000,100.0,47.0,47.17948532104492,-30.30769157409668
194.998,12:56:25.888,461.117,35.688,16456.406,0.000,0.000,0.000,0.000,0.000,0.000,1.000,1.000,0.000,48.759,48.941,0.940,65.425,5.000,100.0,47.0,47.17948532104492,-30.30769157409668
195.061,12:56:26.032,460.578,35.816,16496.205,0.000,0.000,0.000,0.000,0.000,0.000,1.000,1.000,0.000,49.159,49.341,0.940,65.437,5.000,100.0,47.0,47.17948532104492,-30.30769157409668
195.205,12:56:26.096,460.578,35.816,16496.205,0.000,0.000,0.000,0.000,0.000,0.000,1.000,1.000,0.000,49.159,49.341,0.940,65.437,5.000,100.0,47.0,47.17948532104492,-30.30769157409668
195.269,12:56:26.160,460.578,35.816,16496.205,0.000,0.000,0.000,0.000,0.000,0.000,1.000,1.000,0.000,49.159,49.341,0.940,65.437,5.000,100.0,47.0,47.17948532104492,-30.30769157409668
195.333,12:56:26.303,460.578,35.816,16496.205,0.000,0.000,0.000,0.000,0.000,0.000,1.000,1.000,0.000,49.159,49.341,0.940,65.437,5.000,100.0,47.0,47.17948532104492,-30.30769157409668
195.477,12:56:26.367,456.372,36.775,16782.941,0.000,0.000,0.000,0.000,0.000,0.000,1.000,1.000,0.000,49.159,49.341,0.940,65.437,5.000,100.0,47.0,47.17948532104492,-30.30769157409668
195.541,12:56:26.623,456.372,36.775,16782.941,0.000,0.000,0.000,0.000,0.000,0.000,1.000,1.000,0.000,49.159,49.341,0.940,65.437,5.000,100.0,47.0,-26.0,55.79487228393555
195.797,12:56:26.768,456.372,36.775,16782.941,0.000,0.000,0.000,0.000,0.000,0.000,1.000,1.000,0.000,48.759,48.941,0.940,65.472,5.000,100.0,47.0,-26.0,55.79487228393555
195.940,12:56:26.831,460.992,35.730,16471.078,0.000,0.000,0.000,0.000,0.000,0.000,1.000,1.000,0.000,48.759,48.941,0.940,65.472,5.000,100.0,47.0,-26.0,55.79487228393555
196.005,12:56:26.896,460.992,35.730,16471.078,0.000,0.000,0.000,0.000,0.000,0.000,1.000,1.000,0.000,48.759,48.941,0.940,65.472,5.000,100.0,47.0,-26.0,55.79487228393555
196.069,12:56:27.038,460.992,35.730,16471.078,0.000,0.000,0.000,0.000,0.000,0.000,1.000,1.000,0.000,48.759,48.941,0.940,65.472,5.000,100.0,47.0,-26.0,55.79487228393555
196.212,12:56:27.103,460.992,35.730,16471.078,0.000,0.000,0.000,0.000,0.000,0.000,1.000,1.000,0.000,48.759,48.941,0.940,65.472,5.000,100.0,47.0,-26.0,55.79487228393555
196.276,12:56:27.166,460.587,35.826,16501.037,0.000,0.000,0.000,0.000,0.000,0.000,1.000,1.000,0.000,48.759,48.941,0.940,65.472,5.000,100.0,47.0,-26.0,55.79487228393555
196.341,12:56:27.310,460.587,35.826,16501.037,0.000,0.000,0.000,0.000,0.000,0.000,1.000,1.000,0.000,49.159,49.341,0.940,65.507,5.000,100.0,47.0,-26.0,55.79487228393555
196.485,12:56:27.375,460.587,35.826,16501.037,0.000,0.000,0.000,0.000,0.000,0.000,1.000,1.000,0.000,49.159,49.341,0.940,65.507,5.000,100.0,47.0,-26.0,55.79487228393555
196.548,12:56:27.631,460.587,35.826,16501.037,0.000,0.000,0.000,0.000,0.000,0.000,1.000,1.000,0.000,49.159,49.341,0.940,65.507,5.000,100.0,47.0,43.230770111083984,-48.410255432128906
196.803,12:56:27.774,456.343,36.797,16791.855,0.000,0.000,0.000,0.000,0.000,0.000,1.000,1.000,0.000,49.521,49.341,0.940,65.485,5.000,100.0,47.0,43.230770111083984,-48.410255432128906
196.947,12:56:27.838,456.343,36.797,16791.855,0.000,0.000,0.000,0.000,0.000,0.000,1.000,1.000,0.000,49.521,49.341,0.940,65.485,5.000,100.0,47.0,43.230770111083984,-48.410255432128906
197.012,12:56:27.903,456.343,36.797,16791.855,0.000,0.000,0.000,0.000,0.000,0.000,1.000,1.000,0.000,49.521,49.341,0.940,65.485,5.000,100.0,47.0,43.230770111083984,-48.410255432128906
197.076,12:56:28.046,456.999,36.646,16747.086,0.000,0.000,0.000,0.000,0.000,0.000,1.000,1.000,0.000,49.121,48.941,0.940,65.502,5.000,100.0,47.0,43.230770111083984,-48.410255432128906
197.219,12:56:28.110,456.999,36.646,16747.086,0.000,0.000,0.000,0.000,0.000,0.000,1.000,1.000,0.000,49.121,48.941,0.940,65.502,5.000,100.0,47.0,43.230770111083984,-48.410255432128906
197.284,12:56:28.174,456.999,36.646,16747.086,0.000,0.000,0.000,0.000,0.000,0.000,1.000,1.000,0.000,49.121,48.941,0.940,65.502,5.000,100.0,47.0,43.230770111083984,-48.410255432128906
197.347,12:56:28.318,456.999,36.646,16747.086,0.000,0.000,0.000,0.000,0.000,0.000,1.000,1.000,0.000,49.121,48.941,0.940,65.502,5.000,100.0,47.0,43.230770111083984,-48.410255432128906
197.492,12:56:28.382,460.983,35.735,16473.061,0.000,0.000,0.000,0.000,0.000,0.000,1.000,1.000,0.000,49.121,48.941,0.940,65.502,5.000,100.0,47.0,43.230770111083984,-48.410255432128906
197.556,12:56:28.637,460.983,35.735,16473.061,0.000,0.000,0.000,0.000,0.000,0.000,1.000,1.000,0.000,49.121,48.941,0.940,65.502,5.000,100.0,47.0,-34.92307662963867,50.61538314819336
197.811,12:56:28.781,460.983,35.735,16473.061,0.000,0.000,0.000,0.000,0.000,0.000,1.000,1.000,0.000,49.121,48.941,0.940,65.545,5.000,100.0,47.0,-34.92307662963867,50.61538314819336
197.956,12:56:28.846,460.717,35.803,16495.166,0.000,0.000,0.000,0.000,0.000,0.000,1.000,1.000,0.000,49.121,48.941,0.940,65.545,5.000,100.0,47.0,-34.92307662963867,50.61538314819336
198.020,12:56:28.910,460.717,35.803,16495.166,0.000,0.000,0.000,0.000,0.000,0.000,1.000,1.000,0.000,49.121,48.941,0.940,65.545,5.000,100.0,47.0,-34.92307662963867,50.61538314819336
198.084,12:56:29.054,460.717,35.803,16495.166,0.000,0.000,0.000,0.000,0.000,0.000,1.000,1.000,0.000,49.121,48.941,0.940,65.545,5.000,100.0,47.0,-34.92307662963867,50.61538314819336
198.227,12:56:29.117,460.717,35.803,16495.166,0.000,0.000,0.000,0.000,0.000,0.000,1.000,1.000,0.000,49.121,48.941,0.940,65.545,5.000,100.0,47.0,-34.92307662963867,50.61538314819336
198.291,12:56:29.182,462.431,35.386,16363.461,0.000,0.000,0.000,0.000,0.000,0.000,1.000,1.000,0.000,49.121,48.941,0.940,65.545,5.000,100.0,47.0,-34.92307662963867,50.61538314819336
198.355,12:56:29.325,462.431,35.386,16363.461,0.000,0.000,0.000,0.000,0.000,0.000,1.000,1.000,0.000,48.760,48.941,0.940,65.545,5.000,100.0,47.0,-34.92307662963867,50.61538314819336
198.498,12:56:29.389,462.431,35.386,16363.461,0.000,0.000,0.000,0.000,0.000,0.000,1.000,1.000,0.000,48.760,48.941,0.940,65.545,5.000,100.0,47.0,-34.92307662963867,50.61538314819336
198.562,12:56:29.645,462.431,35.386,16363.461,0.000,0.000,0.000,0.000,0.000,0.000,1.000,1.000,0.000,48.760,48.941,0.940,65.545,5.000,100.0,47.0,16.820512771606445,38.0512809753418
198.819,12:56:29.789,459.546,36.080,16580.322,0.000,0.000,0.000,0.000,0.000,0.000,1.000,1.000,0.000,49.120,48.941,0.940,65.523,5.000,100.0,47.0,16.820512771606445,38.0512809753418
198.963,12:56:29.854,459.546,36.080,16580.322,0.000,0.000,0.000,0.000,0.000,0.000,1.000,1.000,0.000,49.120,48.941,0.940,65.523,5.000,100.0,47.0,16.820512771606445,38.0512809753418
199.027,12:56:29.917,459.546,36.080,16580.322,0.000,0.000,0.000,0.000,0.000,0.000,1.000,1.000,0.000,49.120,48.941,0.940,65.523,5.000,100.0,47.0,16.820512771606445,38.0512809753418
199.091,12:56:30.062,455.465,36.979,16842.842,0.000,0.000,0.000,0.000,0.000,0.000,1.000,1.000,0.000,49.521,49.341,0.940,65.532,5.000,100.0,47.0,16.820512771606445,38.0512809753418
199.234,12:56:30.125,455.465,36.979,16842.842,0.000,0.000,0.000,0.000,0.000,0.000,1.000,1.000,0.000,49.521,49.341,0.940,65.532,5.000,100.0,47.0,16.820512771606445,38.0512809753418
199.299,12:56:30.189,455.465,36.979,16842.842,0.000,0.000,0.000,0.000,0.000,0.000,1.000,1.000,0.000,49.521,49.341,0.940,65.532,5.000,100.0,47.0,16.820512771606445,38.0512809753418
199.362,12:56:30.333,455.465,36.979,16842.842,0.000,0.000,0.000,0.000,0.000,0.000,1.000,1.000,0.000,49.521,49.341,0.940,65.532,5.000,100.0,47.0,16.820512771606445,38.0512809753418
199.507,12:56:30.398,458.289,36.376,16670.613,0.000,0.000,0.000,0.000,0.000,0.000,1.000,1.000,0.000,49.521,49.341,0.940,65.532,5.000,100.0,47.0,16.820512771606445,38.0512809753418
199.571,12:56:30.653,458.289,36.376,16670.613,0.000,0.000,0.000,0.000,0.000,0.000,1.000,1.000,0.000,49.521,49.341,0.940,65.532,5.000,100.0,47.0,-49.38461685180664,8.51282024383545
199.826,12:56:30.797,458.289,36.376,16670.613,0.000,0.000,0.000,0.000,0.000,0.000,1.000,1.000,0.000,49.121,48.941,0.940,65.549,5.000,100.0,47.0,-49.38461685180664,8.51282024383545
199.970,12:56:30.861,462.256,35.436,16380.350,0.000,0.000,0.000,0.000,0.000,0.000,1.000,1.000,0.000,49.121,48.941,0.940,65.549,5.000,100.0,47.0,-49.38461685180664,8.51282024383545
200.034,12:56:30.925,462.256,35.436,16380.350,0.000,0.000,0.000,0.000,0.000,0.000,1.000,1.000,0.000,49.121,48.941,0.940,65.549,5.000,100.0,47.0,-49.38461685180664,8.51282024383545
200.098,12:56:31.069,462.256,35.436,16380.350,0.000,0.000,0.000,0.000,0.000,0.000,1.000,1.000,0.000,48.721,48.541,0.940,65.518,5.000,100.0,47.0,-49.38461685180664,8.51282024383545
200.241,12:56:31.132,462.256,35.436,16380.350,0.000,0.000,0.000,0.000,0.000,0.000,1.000,1.000,0.000,48.721,48.541,0.940,65.518,5.000,100.0,47.0,-49.38461685180664,8.51282024383545
200.306,12:56:31.197,460.005,35.972,16547.176,0.000,0.000,0.000,0.000,0.000,0.000,1.000,1.000,0.000,48.721,48.541,0.940,65.518,5.000,100.0,47.0,-49.38461685180664,8.51282024383545
200.370,12:56:31.340,460.005,35.972,16547.176,0.000,0.000,0.000,0.000,0.000,0.000,1.000,1.000,0.000,49.159,49.341,0.940,65.531,5.000,100.0,47.0,-49.38461685180664,8.51282024383545
200.513,12:56:31.404,460.005,35.972,16547.176,0.000,0.000,0.000,0.000,0.000,0.000,1.000,1.000,0.000,49.159,49.341,0.940,65.531,5.000,100.0,47.0,-49.38461685180664,8.51282024383545
200.577,12:56:31.660,460.005,35.972,16547.176,0.000,0.000,0.000,0.000,0.000,0.000,1.000,1.000,0.000,49.159,49.341,0.940,65.531,5.000,100.0,47.0,-42.20512771606445,37.128204345703125
200.833,12:56:31.804,462.157,35.461,16388.389,0.000,0.000,0.000,0.000,0.000,0.000,1.000,1.000,0.000,48.759,48.941,0.940,65.537,5.000,100.0,47.0,-42.20512771606445,37.128204345703125
200.978,12:56:31.868,462.157,35.461,16388.389,0.000,0.000,0.000,0.000,0.000,0.000,1.000,1.000,0.000,48.759,48.941,0.940,65.537,5.000,100.0,47.0,-42.20512771606445,37.128204345703125
201.041,12:56:31.931,462.157,35.461,16388.389,0.000,0.000,0.000,0.000,0.000,0.000,1.000,1.000,0.000,48.759,48.941,0.940,65.537,5.000,100.0,47.0,-42.20512771606445,37.128204345703125
201.105,12:56:32.076,462.157,35.461,16388.389,0.000,0.000,0.000,0.000,0.000,0.000,1.000,1.000,0.000,49.121,48.941,0.940,65.516,5.000,100.0,47.0,-42.20512771606445,37.128204345703125
201.250,12:56:32.140,459.834,36.013,16559.977,0.000,0.000,0.000,0.000,0.000,0.000,1.000,1.000,0.000,49.121,48.941,0.940,65.516,5.000,100.0,47.0,-42.20512771606445,37.128204345703125
201.313,12:56:32.203,459.834,36.013,16559.977,0.000,0.000,0.000,0.000,0.000,0.000,1.000,1.000,0.000,49.121,48.941,0.940,65.516,5.000,100.0,47.0,-42.20512771606445,37.128204345703125
201.377,12:56:32.347,459.834,36.013,16559.977,0.000,0.000,0.000,0.000,0.000,0.000,1.000,1.000,0.000,49.121,48.941,0.940,65.516,5.000,100.0,47.0,-42.20512771606445,37.128204345703125
201.521,12:56:32.412,459.834,36.013,16559.977,0.000,0.000,0.000,0.000,0.000,0.000,1.000,1.000,0.000,49.121,48.941,0.940,65.516,5.000,100.0,47.0,-42.20512771606445,37.128204345703125
201.585,12:56:32.667,455.955,36.877,16814.209,0.000,0.000,0.000,0.000,0.000,0.000,1.000,1.000,0.000,49.121,48.941,0.940,65.516,5.000,100.0,47.0,36.512821197509766,-53.38461685180664
201.841,12:56:32.811,455.955,36.877,16814.209,0.000,0.000,0.000,0.000,0.000,0.000,1.000,1.000,0.000,49.521,49.341,0.940,65.558,5.000,100.0,47.0,36.512821197509766,-53.38461685180664
201.985,12:56:32.876,458.067,36.438,16691.271,0.000,0.000,0.000,0.000,0.000,0.000,1.000,1.000,0.000,49.521,49.341,0.940,65.558,5.000,100.0,47.0,36.512821197509766,-53.38461685180664
202.048,12:56:32.939,458.067,36.438,16691.271,0.000,0.000,0.000,0.000,0.000,0.000,1.000,1.000,0.000,49.521,49.341,0.940,65.558,5.000,100.0,47.0,36.512821197509766,-53.38461685180664
202.112,12:56:33.340,458.067,36.438,16691.271,0.000,0.000,0.000,0.000,0.000,0.000,1.000,1.000,0.000,49.521,49.341,0.940,65.558,5.000,100.0,47.0,36.512821197509766,-53.38461685180664
202.512,12:56:33.483,456.128,36.857,16811.705,0.000,0.000,0.000,0.000,0.000,0.000,1.000,1.000,0.000,49.521,49.341,0.940,65.581,5.000,100.0,47.0,36.512821197509766,-53.38461685180664
202.657,12:56:33.738,456.128,36.857,16811.705,0.000,0.000,0.000,0.000,0.000,0.000,1.000,1.000,0.000,49.521,49.341,0.940,65.581,5.000,100.0,47.0,-29.435897827148438,54.0512809753418
202.912,12:56:33.883,457.828,36.488,16705.188,0.000,0.000,0.000,0.000,0.000,0.000,1.000,1.000,0.000,49.121,48.941,0.940,65.647,5.000,100.0,47.0,-29.435897827148438,54.0512809753418
203.056,12:56:33.947,457.828,36.488,16705.188,0.000,0.000,0.000,0.000,0.000,0.000,1.000,1.000,0.000,49.121,48.941,0.940,65.647,5.000,100.0,47.0,-29.435897827148438,54.0512809753418
203.120,12:56:34.011,457.828,36.488,16705.188,0.000,0.000,0.000,0.000,0.000,0.000,1.000,1.000,0.000,49.121,48.941,0.940,65.647,5.000,100.0,47.0,-29.435897827148438,54.0512809753418
203.184,12:56:34.154,461.869,35.539,16414.600,0.000,0.000,0.000,0.000,0.000,0.000,1.000,1.000,0.000,48.759,48.941,0.940,65.615,5.000,100.0,47.0,-29.435897827148438,54.0512809753418
203.328,12:56:34.218,461.869,35.539,16414.600,0.000,0.000,0.000,0.000,0.000,0.000,1.000,1.000,0.000,48.759,48.941,0.940,65.615,5.000,100.0,47.0,-29.435897827148438,54.0512809753418
203.392,12:56:34.283,461.869,35.539,16414.600,0.000,0.000,0.000,0.000,0.000,0.000,1.000,1.000,0.000,48.759,48.941,0.940,65.615,5.000,100.0,47.0,-29.435897827148438,54.0512809753418
203.455,12:56:34.426,461.869,35.539,16414.600,0.000,0.000,0.000,0.000,0.000,0.000,1.000,1.000,0.000,48.759,48.941,0.940,65.615,5.000,100.0,47.0,-29.435897827148438,54.0512809753418
203.600,12:56:34.491,460.367,35.886,16520.566,0.000,0.000,0.000,0.000,0.000,0.000,1.000,1.000,0.000,48.759,48.941,0.940,65.615,5.000,100.0,47.0,-29.435897827148438,54.0512809753418
203.664,12:56:34.746,460.367,35.886,16520.566,0.000,0.000,0.000,0.000,0.000,0.000,1.000,1.000,0.000,48.759,48.941,0.940,65.615,5.000,100.0,47.0,46.0,-43.07692337036133
203.920,12:56:34.890,460.367,35.886,16520.566,0.000,0.000,0.000,0.000,0.000,0.000,1.000,1.000,0.000,49.521,49.341,0.940,65.615,5.000,100.0,47.0,46.0,-43.07692337036133
204.063,12:56:34.954,456.362,36.794,16791.258,0.000,0.000,0.000,0.000,0.000,0.000,1.000,1.000,0.000,49.521,49.341,0.940,65.615,5.000,100.0,47.0,46.0,-43.07692337036133
204.128,12:56:35.018,456.362,36.794,16791.258,0.000,0.000,0.000,0.000,0.000,0.000,1.000,1.000,0.000,49.521,49.341,0.940,65.615,5.000,100.0,47.0,46.0,-43.07692337036133
204.191,12:56:35.162,456.362,36.794,16791.258,0.000,0.000,0.000,0.000,0.000,0.000,1.000,1.000,0.000,49.521,49.341,0.940,65.615,5.000,100.0,47.0,46.0,-43.07692337036133
204.336,12:56:35.226,456.362,36.794,16791.258,0.000,0.000,0.000,0.000,0.000,0.000,1.000,1.000,0.000,49.521,49.341,0.940,65.615,5.000,100.0,47.0,46.0,-43.07692337036133
204.399,12:56:35.290,461.601,35.603,16434.408,0.000,0.000,0.000,0.000,0.000,0.000,1.000,1.000,0.000,49.521,49.341,0.940,65.615,5.000,100.0,47.0,46.0,-43.07692337036133
204.464,12:56:35.434,461.601,35.603,16434.408,0.000,0.000,0.000,0.000,0.000,0.000,1.000,1.000,0.000,48.759,48.941,0.940,65.635,5.000,100.0,47.0,46.0,-43.07692337036133
204.607,12:56:35.497,461.601,35.603,16434.408,0.000,0.000,0.000,0.000,0.000,0.000,1.000,1.000,0.000,48.759,48.941,0.940,65.635,5.000,100.0,47.0,46.0,-43.07692337036133
204.671,12:56:35.753,461.601,35.603,16434.408,0.000,0.000,0.000,0.000,0.000,0.000,1.000,1.000,0.000,48.759,48.941,0.940,65.635,5.000,100.0,47.0,-42.46154022216797,-4.769230842590332
204.926,12:56:35.898,460.669,35.841,16510.832,0.000,0.000,0.000,0.000,0.000,0.000,1.000,1.000,0.000,49.121,48.941,0.940,65.636,5.000,100.0,47.0,-42.46154022216797,-4.769230842590332
205.071,12:56:35.962,460.669,35.841,16510.832,0.000,0.000,0.000,0.000,0.000,0.000,1.000,1.000,0.000,49.121,48.941,0.940,65.636,5.000,100.0,47.0,-42.46154022216797,-4.769230842590332
205.136,12:56:36.026,460.669,35.841,16510.832,0.000,0.000,0.000,0.000,0.000,0.000,1.000,1.000,0.000,49.121,48.941,0.940,65.636,5.000,100.0,47.0,-42.46154022216797,-4.769230842590332
205.199,12:56:36.169,457.000,36.678,16761.924,0.000,0.000,0.000,0.000,0.000,0.000,1.000,1.000,0.000,49.521,49.341,0.940,65.629,5.000,100.0,47.0,-42.46154022216797,-4.769230842590332
205.343,12:56:36.234,457.000,36.678,16761.924,0.000,0.000,0.000,0.000,0.000,0.000,1.000,1.000,0.000,49.521,49.341,0.940,65.629,5.000,100.0,47.0,-42.46154022216797,-4.769230842590332
205.407,12:56:36.297,457.000,36.678,16761.924,0.000,0.000,0.000,0.000,0.000,0.000,1.000,1.000,0.000,49.521,49.341,0.940,65.629,5.000,100.0,47.0,-42.46154022216797,-4.769230842590332
205.471,12:56:36.441,457.000,36.678,16761.924,0.000,0.000,0.000,0.000,0.000,0.000,1.000,1.000,0.000,49.521,49.341,0.940,65.629,5.000,100.0,47.0,-42.46154022216797,-4.769230842590332
205.615,12:56:36.505,461.424,35.656,16452.590,0.000,0.000,0.000,0.000,0.000,0.000,1.000,1.000,0.000,49.521,49.341,0.940,65.629,5.000,100.0,47.0,-42.46154022216797,-4.769230842590332
205.678,12:56:36.761,461.424,35.656,16452.590,0.000,0.000,0.000,0.000,0.000,0.000,1.000,1.000,0.000,49.521,49.341,0.940,65.629,5.000,100.0,47.0,51.230770111083984,-24.820512771606445
205.934,12:56:36.905,461.424,35.656,16452.590,0.000,0.000,0.000,0.000,0.000,0.000,1.000,1.000,0.000,49.121,48.941,0.940,65.633,5.000,100.0,47.0,51.230770111083984,-24.820512771606445
206.078,12:56:36.968,457.575,36.559,16728.400,0.000,0.000,0.000,0.000,0.000,0.000,1.000,1.000,0.000,49.121,48.941,0.940,65.633,5.000,100.0,47.0,51.230770111083984,-24.820512771606445
206.143,12:56:37.033,457.575,36.559,16728.400,0.000,0.000,0.000,0.000,0.000,0.000,1.000,1.000,0.000,49.121,48.941,0.940,65.633,5.000,100.0,47.0,51.230770111083984,-24.820512771606445
206.206,12:56:37.177,457.575,36.559,16728.400,0.000,0.000,0.000,0.000,0.000,0.000,1.000,1.000,0.000,49.121,48.941,0.940,65.633,5.000,100.0,47.0,51.230770111083984,-24.820512771606445
206.350,12:56:37.241,457.575,36.559,16728.400,0.000,0.000,0.000,0.000,0.000,0.000,1.000,1.000,0.000,49.121,48.941,0.940,65.633,5.000,100.0,47.0,51.230770111083984,-24.820512771606445
206.414,12:56:37.304,461.521,35.632,16444.688,0.000,0.000,0.000,0.000,0.000,0.000,1.000,1.000,0.000,49.121,48.941,0.940,65.633,5.000,100.0,47.0,51.230770111083984,-24.820512771606445
206.478,12:56:37.448,461.521,35.632,16444.688,0.000,0.000,0.000,0.000,0.000,0.000,1.000,1.000,0.000,48.721,48.541,0.940,65.655,5.000,100.0,47.0,51.230770111083984,-24.820512771606445
206.622,12:56:37.513,461.521,35.632,16444.688,0.000,0.000,0.000,0.000,0.000,0.000,1.000,1.000,0.000,48.721,48.541,0.940,65.655,5.000,100.0,47.0,51.230770111083984,-24.820512771606445
206.685,12:56:37.768,461.521,35.632,16444.688,0.000,0.000,0.000,0.000,0.000,0.000,1.000,1.000,0.000,48.721,48.541,0.940,65.655,5.000,100.0,47.0,37.28205108642578,-53.64102554321289
206.941,12:56:37.912,460.977,35.766,16487.377,0.000,0.000,0.000,0.000,0.000,0.000,1.000,1.000,0.000,49.159,49.341,0.940,65.676,5.000,100.0,47.0,37.28205108642578,-53.64102554321289
207.086,12:56:37.977,460.977,35.766,16487.377,0.000,0.000,0.000,0.000,0.000,0.000,1.000,1.000,0.000,49.159,49.341,0.940,65.676,5.000,100.0,47.0,37.28205108642578,-53.64102554321289
207.150,12:56:38.041,460.977,35.766,16487.377,0.000,0.000,0.000,0.000,0.000,0.000,1.000,1.000,0.000,49.159,49.341,0.940,65.676,5.000,100.0,47.0,37.28205108642578,-53.64102554321289
207.213,12:56:38.183,460.977,35.766,16487.377,0.000,0.000,0.000,0.000,0.000,0.000,1.000,1.000,0.000,49.121,48.941,0.940,65.652,5.000,100.0,47.0,37.28205108642578,-53.64102554321289
207.357,12:56:38.248,457.412,36.606,16743.840,0.000,0.000,0.000,0.000,0.000,0.000,1.000,1.000,0.000,49.121,48.941,0.940,65.652,5.000,100.0,47.0,37.28205108642578,-53.64102554321289
207.421,12:56:38.311,457.412,36.606,16743.840,0.000,0.000,0.000,0.000,0.000,0.000,1.000,1.000,0.000,49.121,48.941,0.940,65.652,5.000,100.0,47.0,37.28205108642578,-53.64102554321289
207.485,12:56:38.456,457.412,36.606,16743.840,0.000,0.000,0.000,0.000,0.000,0.000,1.000,1.000,0.000,49.121,48.941,0.940,65.652,5.000,100.0,47.0,37.28205108642578,-53.64102554321289
207.629,12:56:38.520,460.904,35.804,16502.359,0.000,0.000,0.000,0.000,0.000,0.000,1.000,1.000,0.000,49.121,48.941,0.940,65.652,5.000,100.0,47.0,37.28205108642578,-53.64102554321289
207.693,12:56:38.776,460.904,35.804,16502.359,0.000,0.000,0.000,0.000,0.000,0.000,1.000,1.000,0.000,49.121,48.941,0.940,65.652,5.000,100.0,47.0,-12.564102172851562,50.35897445678711
207.949,12:56:38.920,460.904,35.804,16502.359,0.000,0.000,0.000,0.000,0.000,0.000,1.000,1.000,0.000,49.159,49.341,0.940,65.649,5.000,100.0,47.0,-12.564102172851562,50.35897445678711
208.093,12:56:38.983,457.157,36.663,16760.961,0.000,0.000,0.000,0.000,0.000,0.000,1.000,1.000,0.000,49.159,49.341,0.940,65.649,5.000,100.0,47.0,-12.564102172851562,50.35897445678711
208.157,12:56:39.048,457.157,36.663,16760.961,0.000,0.000,0.000,0.000,0.000,0.000,1.000,1.000,0.000,49.159,49.341,0.940,65.649,5.000,100.0,47.0,-12.564102172851562,50.35897445678711
208.221,12:56:39.192,457.157,36.663,16760.961,0.000,0.000,0.000,0.000,0.000,0.000,1.000,1.000,0.000,49.121,48.941,0.940,65.669,5.000,100.0,47.0,-12.564102172851562,50.35897445678711
208.365,12:56:39.256,457.157,36.663,16760.961,0.000,0.000,0.000,0.000,0.000,0.000,1.000,1.000,0.000,49.121,48.941,0.940,65.669,5.000,100.0,47.0,-12.564102172851562,50.35897445678711
208.428,12:56:39.319,457.157,36.663,16760.961,0.000,0.000,0.000,0.000,0.000,0.000,1.000,1.000,0.000,49.121,48.941,0.940,65.669,5.000,100.0,47.0,-12.564102172851562,50.35897445678711
208.492,12:56:39.464,457.702,36.538,16723.594,0.000,0.000,0.000,0.000,0.000,0.000,1.000,1.000,0.000,49.121,48.941,0.940,65.681,5.000,100.0,47.0,-12.564102172851562,50.35897445678711
208.637,12:56:39.527,457.702,36.538,16723.594,0.000,0.000,0.000,0.000,0.000,0.000,1.000,1.000,0.000,49.121,48.941,0.940,65.681,5.000,100.0,47.0,-12.564102172851562,50.35897445678711
208.700,12:56:39.783,457.702,36.538,16723.594,0.000,0.000,0.000,0.000,0.000,0.000,1.000,1.000,0.000,49.121,48.941,0.940,65.681,5.000,100.0,47.0,19.0256404876709,-52.66666793823242
208.956,12:56:39.927,457.305,36.634,16752.709,0.000,0.000,0.000,0.000,0.000,0.000,1.000,1.000,0.000,49.521,49.341,0.940,65.695,5.000,100.0,47.0,19.0256404876709,-52.66666793823242
209.101,12:56:39.991,457.305,36.634,16752.709,0.000,0.000,0.000,0.000,0.000,0.000,1.000,1.000,0.000,49.521,49.341,0.940,65.695,5.000,100.0,47.0,19.0256404876709,-52.66666793823242
209.165,12:56:40.056,457.305,36.634,16752.709,0.000,0.000,0.000,0.000,0.000,0.000,1.000,1.000,0.000,49.521,49.341,0.940,65.695,5.000,100.0,47.0,19.0256404876709,-52.66666793823242
209.228,12:56:40.199,457.305,36.634,16752.709,0.000,0.000,0.000,0.000,0.000,0.000,1.000,1.000,0.000,48.759,48.941,0.940,65.748,5.000,100.0,47.0,19.0256404876709,-52.66666793823242
209.372,12:56:40.263,461.219,35.736,16482.238,0.000,0.000,0.000,0.000,0.000,0.000,1.000,1.000,0.000,48.759,48.941,0.940,65.748,5.000,100.0,47.0,19.0256404876709,-52.66666793823242
209.437,12:56:40.327,461.219,35.736,16482.238,0.000,0.000,0.000,0.000,0.000,0.000,1.000,1.000,0.000,48.759,48.941,0.940,65.748,5.000,100.0,47.0,19.0256404876709,-52.66666793823242
209.501,12:56:40.471,461.219,35.736,16482.238,0.000,0.000,0.000,0.000,0.000,0.000,1.000,1.000,0.000,48.759,48.941,0.940,65.748,5.000,100.0,47.0,19.0256404876709,-52.66666793823242
209.643,12:56:40.534,461.219,35.736,16482.238,0.000,0.000,0.000,0.000,0.000,0.000,1.000,1.000,0.000,48.759,48.941,0.940,65.748,5.000,100.0,47.0,19.0256404876709,-52.66666793823242
209.707,12:56:40.791,457.677,36.550,16727.969,0.000,0.000,0.000,0.000,0.000,0.000,1.000,1.000,0.000,48.759,48.941,0.940,65.748,5.000,100.0,47.0,3.9487178325653076,43.43589782714844
209.963,12:56:40.934,457.677,36.550,16727.969,0.000,0.000,0.000,0.000,0.000,0.000,1.000,1.000,0.000,49.121,48.941,0.940,65.713,5.000,100.0,47.0,3.9487178325653076,43.43589782714844
210.108,12:56:40.998,459.795,36.068,16583.947,0.000,0.000,0.000,0.000,0.000,0.000,1.000,1.000,0.000,49.121,48.941,0.940,65.713,5.000,100.0,47.0,3.9487178325653076,43.43589782714844
210.171,12:56:41.062,459.795,36.068,16583.947,0.000,0.000,0.000,0.000,0.000,0.000,1.000,1.000,0.000,49.121,48.941,0.940,65.713,5.000,100.0,47.0,3.9487178325653076,43.43589782714844
210.235,12:56:41.206,459.795,36.068,16583.947,0.000,0.000,0.000,0.000,0.000,0.000,1.000,1.000,0.000,49.121,48.941,0.940,65.808,5.000,100.0,47.0,3.9487178325653076,43.43589782714844
210.380,12:56:41.271,459.795,36.068,16583.947,0.000,0.000,0.000,0.000,0.000,0.000,1.000,1.000,0.000,49.121,48.941,0.940,65.808,5.000,100.0,47.0,3.9487178325653076,43.43589782714844
210.443,12:56:41.334,459.795,36.068,16583.947,0.000,0.000,0.000,0.000,0.000,0.000,1.000,1.000,0.000,49.121,48.941,0.940,65.808,5.000,100.0,47.0,3.9487178325653076,43.43589782714844
210.508,12:56:41.478,463.603,35.143,16292.532,0.000,0.000,0.000,0.000,0.000,0.000,1.000,1.000,0.000,48.759,48.941,0.940,65.748,5.000,100.0,47.0,3.9487178325653076,43.43589782714844
210.651,12:56:41.541,463.603,35.143,16292.532,0.000,0.000,0.000,0.000,0.000,0.000,1.000,1.000,0.000,48.759,48.941,0.940,65.748,5.000,100.0,47.0,3.9487178325653076,43.43589782714844
210.715,12:56:41.798,463.603,35.143,16292.532,0.000,0.000,0.000,0.000,0.000,0.000,1.000,1.000,0.000,48.759,48.941,0.940,65.748,5.000,100.0,47.0,32.25640869140625,24.71794891357422
210.971,12:56:41.942,460.232,35.980,16559.178,0.000,0.000,0.000,0.000,0.000,0.000,1.000,1.000,0.000,49.159,49.341,0.940,65.768,5.000,100.0,47.0,32.25640869140625,24.71794891357422
211.115,12:56:42.006,460.232,35.980,16559.178,0.000,0.000,0.000,0.000,0.000,0.000,1.000,1.000,0.000,49.159,49.341,0.940,65.768,5.000,100.0,47.0,32.25640869140625,24.71794891357422
211.179,12:56:42.070,460.232,35.980,16559.178,0.000,0.000,0.000,0.000,0.000,0.000,1.000,1.000,0.000,49.159,49.341,0.940,65.768,5.000,100.0,47.0,32.25640869140625,24.71794891357422
211.243,12:56:42.213,460.232,35.980,16559.178,0.000,0.000,0.000,0.000,0.000,0.000,1.000,1.000,0.000,49.121,48.941,0.940,65.765,5.000,100.0,47.0,32.25640869140625,24.71794891357422
211.387,12:56:42.277,458.615,36.352,16671.758,0.000,0.000,0.000,0.000,0.000,0.000,1.000,1.000,0.000,49.121,48.941,0.940,65.765,5.000,100.0,47.0,32.25640869140625,24.71794891357422
211.450,12:56:42.341,458.615,36.352,16671.758,0.000,0.000,0.000,0.000,0.000,0.000,1.000,1.000,0.000,49.121,48.941,0.940,65.765,5.000,100.0,47.0,32.25640869140625,24.71794891357422
211.515,12:56:42.486,458.615,36.352,16671.758,0.000,0.000,0.000,0.000,0.000,0.000,1.000,1.000,0.000,49.121,48.941,0.940,65.765,5.000,100.0,47.0,32.25640869140625,24.71794891357422
211.658,12:56:42.549,458.615,36.352,16671.758,0.000,0.000,0.000,0.000,0.000,0.000,1.000,1.000,0.000,49.121,48.941,0.940,65.765,5.000,100.0,47.0,32.25640869140625,24.71794891357422
211.722,12:56:42.806,460.126,36.006,16567.258,0.000,0.000,0.000,0.000,0.000,0.000,1.000,1.000,0.000,49.121,48.941,0.940,65.765,5.000,100.0,47.0,-44.25640869140625,2.615384578704834
211.978,12:56:42.949,460.126,36.006,16567.258,0.000,0.000,0.000,0.000,0.000,0.000,1.000,1.000,0.000,49.121,48.941,0.940,65.776,5.000,100.0,47.0,-44.25640869140625,2.615384578704834
212.122,12:56:43.012,462.491,35.446,16393.420,0.000,0.000,0.000,0.000,0.000,0.000,1.000,1.000,0.000,49.121,48.941,0.940,65.776,5.000,100.0,47.0,-44.25640869140625,2.615384578704834
212.187,12:56:43.077,462.491,35.446,16393.420,0.000,0.000,0.000,0.000,0.000,0.000,1.000,1.000,0.000,49.121,48.941,0.940,65.776,5.000,100.0,47.0,-44.25640869140625,2.615384578704834
212.251,12:56:43.222,462.491,35.446,16393.420,0.000,0.000,0.000,0.000,0.000,0.000,1.000,1.000,0.000,48.759,48.941,0.940,65.747,5.000,100.0,47.0,-44.25640869140625,2.615384578704834
212.394,12:56:43.285,462.491,35.446,16393.420,0.000,0.000,0.000,0.000,0.000,0.000,1.000,1.000,0.000,48.759,48.941,0.940,65.747,5.000,100.0,47.0,-44.25640869140625,2.615384578704834
212.458,12:56:43.348,462.491,35.446,16393.420,0.000,0.000,0.000,0.000,0.000,0.000,1.000,1.000,0.000,48.759,48.941,0.940,65.747,5.000,100.0,47.0,-44.25640869140625,2.615384578704834
212.523,12:56:43.492,458.577,36.374,16680.205,0.000,0.000,0.000,0.000,0.000,0.000,1.000,1.000,0.000,49.159,49.341,0.940,65.774,5.000,100.0,47.0,-44.25640869140625,2.615384578704834
212.666,12:56:43.557,458.577,36.374,16680.205,0.000,0.000,0.000,0.000,0.000,0.000,1.000,1.000,0.000,49.159,49.341,0.940,65.774,5.000,100.0,47.0,-44.25640869140625,2.615384578704834
212.729,12:56:43.813,458.577,36.374,16680.205,0.000,0.000,0.000,0.000,0.000,0.000,1.000,1.000,0.000,49.159,49.341,0.940,65.774,5.000,100.0,47.0,43.74359130859375,12.564102172851562
212.985,12:56:43.957,453.868,37.375,16963.525,0.000,0.000,0.000,0.000,0.000,0.000,1.000,1.000,0.000,49.521,49.341,0.940,65.777,5.000,100.0,47.0,43.74359130859375,12.564102172851562
213.129,12:56:44.020,453.868,37.375,16963.525,0.000,0.000,0.000,0.000,0.000,0.000,1.000,1.000,0.000,49.521,49.341,0.940,65.777,5.000,100.0,47.0,43.74359130859375,12.564102172851562
213.194,12:56:44.085,453.868,37.375,16963.525,0.000,0.000,0.000,0.000,0.000,0.000,1.000,1.000,0.000,49.521,49.341,0.940,65.777,5.000,100.0,47.0,43.74359130859375,12.564102172851562
213.257,12:56:44.228,453.868,37.375,16963.525,0.000,0.000,0.000,0.000,0.000,0.000,1.000,1.000,0.000,48.759,48.941,0.940,65.801,5.000,100.0,47.0,43.74359130859375,12.564102172851562
213.402,12:56:44.292,462.280,35.519,16419.672,0.000,0.000,0.000,0.000,0.000,0.000,1.000,1.000,0.000,48.759,48.941,0.940,65.801,5.000,100.0,47.0,43.74359130859375,12.564102172851562
213.802,12:56:44.963,458.304,36.453,16706.484,0.000,0.000,0.000,0.000,0.000,0.000,1.000,1.000,0.000,49.159,49.341,0.940,65.870,5.000,100.0,47.0,-49.487178802490234,13.692307472229004
214.137,12:56:45.108,453.763,37.415,16977.328,0.000,0.000,0.000,0.000,0.000,0.000,1.000,1.000,0.000,49.521,49.341,0.940,65.854,5.000,100.0,47.0,-49.487178802490234,13.692307472229004
214.281,12:56:45.172,453.763,37.415,16977.328,0.000,0.000,0.000,0.000,0.000,0.000,1.000,1.000,0.000,49.521,49.341,0.940,65.854,5.000,100.0,47.0,-49.487178802490234,13.692307472229004
214.344,12:56:45.235,453.763,37.415,16977.328,0.000,0.000,0.000,0.000,0.000,0.000,1.000,1.000,0.000,49.521,49.341,0.940,65.854,5.000,100.0,47.0,-49.487178802490234,13.692307472229004
214.409,12:56:45.379,453.763,37.415,16977.328,0.000,0.000,0.000,0.000,0.000,0.000,1.000,1.000,0.000,49.521,49.341,0.940,65.854,5.000,100.0,47.0,-49.487178802490234,13.692307472229004
214.553,12:56:45.443,462.213,35.535,16424.766,0.000,0.000,0.000,0.000,0.000,0.000,1.000,1.000,0.000,49.521,49.341,0.940,65.854,5.000,100.0,47.0,-49.487178802490234,13.692307472229004
214.616,12:56:45.507,462.213,35.535,16424.766,0.000,0.000,0.000,0.000,0.000,0.000,1.000,1.000,0.000,49.521,49.341,0.940,65.854,5.000,100.0,47.0,-49.487178802490234,13.692307472229004
214.681,12:56:45.651,462.213,35.535,16424.766,0.000,0.000,0.000,0.000,0.000,0.000,1.000,1.000,0.000,48.759,48.941,0.940,65.838,5.000,100.0,47.0,-49.487178802490234,13.692307472229004
214.825,12:56:45.908,462.213,35.535,16424.766,0.000,0.000,0.000,0.000,0.000,0.000,1.000,1.000,0.000,48.759,48.941,0.940,65.838,5.000,100.0,47.0,48.82051467895508,-12.35897445678711
215.081,12:56:46.052,458.397,36.439,16703.523,0.000,0.000,0.000,0.000,0.000,0.000,1.000,1.000,0.000,49.159,49.341,0.940,65.893,5.000,100.0,47.0,48.82051467895508,-12.35897445678711
215.224,12:56:46.115,458.397,36.439,16703.523,0.000,0.000,0.000,0.000,0.000,0.000,1.000,1.000,0.000,49.159,49.341,0.940,65.893,5.000,100.0,47.0,48.82051467895508,-12.35897445678711
215.289,12:56:46.180,458.397,36.439,16703.523,0.000,0.000,0.000,0.000,0.000,0.000,1.000,1.000,0.000,49.159,49.341,0.940,65.893,5.000,100.0,47.0,48.82051467895508,-12.35897445678711
215.353,12:56:46.323,453.443,37.475,16992.863,0.000,0.000,0.000,0.000,0.000,0.000,1.000,1.000,0.000,49.521,49.341,0.940,65.935,5.000,100.0,47.0,48.82051467895508,-12.35897445678711
215.497,12:56:46.387,453.443,37.475,16992.863,0.000,0.000,0.000,0.000,0.000,0.000,1.000,1.000,0.000,49.521,49.341,0.940,65.935,5.000,100.0,47.0,48.82051467895508,-12.35897445678711
215.560,12:56:46.451,453.443,37.475,16992.863,0.000,0.000,0.000,0.000,0.000,0.000,1.000,1.000,0.000,49.521,49.341,0.940,65.935,5.000,100.0,47.0,48.82051467895508,-12.35897445678711
215.624,12:56:46.594,453.443,37.475,16992.863,0.000,0.000,0.000,0.000,0.000,0.000,1.000,1.000,0.000,49.521,49.341,0.940,65.935,5.000,100.0,47.0,48.82051467895508,-12.35897445678711
215.768,12:56:46.659,462.077,35.587,16443.803,0.000,0.000,0.000,0.000,0.000,0.000,1.000,1.000,0.000,49.521,49.341,0.940,65.935,5.000,100.0,47.0,48.82051467895508,-12.35897445678711
215.832,12:56:46.914,462.077,35.587,16443.803,0.000,0.000,0.000,0.000,0.000,0.000,1.000,1.000,0.000,49.521,49.341,0.940,65.935,5.000,100.0,47.0,-26.769229888916016,53.9487190246582
216.088,12:56:47.058,462.077,35.587,16443.803,0.000,0.000,0.000,0.000,0.000,0.000,1.000,1.000,0.000,48.759,48.941,0.940,65.906,5.000,100.0,47.0,-26.769229888916016,53.9487190246582
216.233,12:56:47.123,458.283,36.466,16711.764,0.000,0.000,0.000,0.000,0.000,0.000,1.000,1.000,0.000,48.759,48.941,0.940,65.906,5.000,100.0,47.0,-26.769229888916016,53.9487190246582
216.296,12:56:47.187,458.283,36.466,16711.764,0.000,0.000,0.000,0.000,0.000,0.000,1.000,1.000,0.000,48.759,48.941,0.940,65.906,5.000,100.0,47.0,-26.769229888916016,53.9487190246582
216.360,12:56:47.330,458.283,36.466,16711.764,0.000,0.000,0.000,0.000,0.000,0.000,1.000,1.000,0.000,49.121,48.941,0.940,65.954,5.000,100.0,47.0,-26.769229888916016,53.9487190246582
216.504,12:56:47.395,458.283,36.466,16711.764,0.000,0.000,0.000,0.000,0.000,0.000,1.000,1.000,0.000,49.121,48.941,0.940,65.954,5.000,100.0,47.0,-26.769229888916016,53.9487190246582
216.568,12:56:47.459,458.283,36.466,16711.764,0.000,0.000,0.000,0.000,0.000,0.000,1.000,1.000,0.000,49.121,48.941,0.940,65.954,5.000,100.0,47.0,-26.769229888916016,53.9487190246582
216.631,12:56:47.602,461.013,35.829,16517.475,0.000,0.000,0.000,0.000,0.000,0.000,1.000,1.000,0.000,49.159,49.341,0.940,65.937,5.000,100.0,47.0,-26.769229888916016,53.9487190246582
216.775,12:56:47.666,461.013,35.829,16517.475,0.000,0.000,0.000,0.000,0.000,0.000,1.000,1.000,0.000,49.159,49.341,0.940,65.937,5.000,100.0,47.0,-26.769229888916016,53.9487190246582
216.839,12:56:47.922,461.013,35.829,16517.475,0.000,0.000,0.000,0.000,0.000,0.000,1.000,1.000,0.000,49.159,49.341,0.940,65.937,5.000,100.0,47.0,50.410255432128906,-41.38461685180664
217.095,12:56:48.066,457.217,36.708,16783.338,0.000,0.000,0.000,0.000,0.000,0.000,1.000,1.000,0.000,49.521,49.341,0.940,65.958,5.000,100.0,47.0,50.410255432128906,-41.38461685180664
217.239,12:56:48.129,457.217,36.708,16783.338,0.000,0.000,0.000,0.000,0.000,0.000,1.000,1.000,0.000,49.521,49.341,0.940,65.958,5.000,100.0,47.0,50.410255432128906,-41.38461685180664
217.303,12:56:48.194,457.217,36.708,16783.338,0.000,0.000,0.000,0.000,0.000,0.000,1.000,1.000,0.000,49.521,49.341,0.940,65.958,5.000,100.0,47.0,50.410255432128906,-41.38461685180664
217.367,12:56:48.338,457.217,36.708,16783.338,0.000,0.000,0.000,0.000,0.000,0.000,1.000,1.000,0.000,49.159,49.341,0.940,65.933,5.000,100.0,47.0,50.410255432128906,-41.38461685180664
217.511,12:56:48.402,461.234,35.791,16507.953,0.000,0.000,0.000,0.000,0.000,0.000,1.000,1.000,0.000,49.159,49.341,0.940,65.933,5.000,100.0,47.0,50.410255432128906,-41.38461685180664
217.575,12:56:48.465,461.234,35.791,16507.953,0.000,0.000,0.000,0.000,0.000,0.000,1.000,1.000,0.000,49.159,49.341,0.940,65.933,5.000,100.0,47.0,50.410255432128906,-41.38461685180664
217.639,12:56:48.609,461.234,35.791,16507.953,0.000,0.000,0.000,0.000,0.000,0.000,1.000,1.000,0.000,49.159,49.341,0.940,65.933,5.000,100.0,47.0,50.410255432128906,-41.38461685180664
217.783,12:56:48.673,461.234,35.791,16507.953,0.000,0.000,0.000,0.000,0.000,0.000,1.000,1.000,0.000,49.159,49.341,0.940,65.933,5.000,100.0,47.0,50.410255432128906,-41.38461685180664
217.847,12:56:48.929,457.381,36.671,16772.729,0.000,0.000,0.000,0.000,0.000,0.000,1.000,1.000,0.000,49.159,49.341,0.940,65.933,5.000,100.0,47.0,-5.538461685180664,51.43589782714844
218.102,12:56:49.074,457.381,36.671,16772.729,0.000,0.000,0.000,0.000,0.000,0.000,1.000,1.000,0.000,49.521,49.341,0.940,65.969,5.000,100.0,47.0,-5.538461685180664,51.43589782714844
218.246,12:56:49.136,461.707,35.680,16473.707,0.000,0.000,0.000,0.000,0.000,0.000,1.000,1.000,0.000,49.521,49.341,0.940,65.969,5.000,100.0,47.0,-5.538461685180664,51.43589782714844
218.310,12:56:49.201,461.707,35.680,16473.707,0.000,0.000,0.000,0.000,0.000,0.000,1.000,1.000,0.000,49.521,49.341,0.940,65.969,5.000,100.0,47.0,-5.538461685180664,51.43589782714844
218.374,12:56:49.345,461.707,35.680,16473.707,0.000,0.000,0.000,0.000,0.000,0.000,1.000,1.000,0.000,48.759,48.941,0.940,65.976,5.000,100.0,47.0,-5.538461685180664,51.43589782714844
218.518,12:56:49.409,461.707,35.680,16473.707,0.000,0.000,0.000,0.000,0.000,0.000,1.000,1.000,0.000,48.759,48.941,0.940,65.976,5.000,100.0,47.0,-5.538461685180664,51.43589782714844
218.582,12:56:49.472,461.707,35.680,16473.707,0.000,0.000,0.000,0.000,0.000,0.000,1.000,1.000,0.000,48.759,48.941,0.940,65.976,5.000,100.0,47.0,-5.538461685180664,51.43589782714844
218.647,12:56:49.616,457.942,36.566,16745.182,0.000,0.000,0.000,0.000,0.000,0.000,1.000,1.000,0.000,49.121,48.941,0.940,65.987,5.000,100.0,47.0,-5.538461685180664,51.43589782714844
218.790,12:56:49.680,457.942,36.566,16745.182,0.000,0.000,0.000,0.000,0.000,0.000,1.000,1.000,0.000,49.121,48.941,0.940,65.987,5.000,100.0,47.0,-5.538461685180664,51.43589782714844
218.854,12:56:49.937,457.942,36.566,16745.182,0.000,0.000,0.000,0.000,0.000,0.000,1.000,1.000,0.000,49.121,48.941,0.940,65.987,5.000,100.0,47.0,50.25640869140625,-24.9743595123291
219.111,12:56:50.081,461.960,35.637,16463.086,0.000,0.000,0.000,0.000,0.000,0.000,1.000,1.000,0.000,48.759,48.941,0.940,66.004,5.000,100.0,47.0,50.25640869140625,-24.9743595123291
219.254,12:56:50.145,461.960,35.637,16463.086,0.000,0.000,0.000,0.000,0.000,0.000,1.000,1.000,0.000,48.759,48.941,0.940,66.004,5.000,100.0,47.0,50.25640869140625,-24.9743595123291
219.319,12:56:50.209,461.960,35.637,16463.086,0.000,0.000,0.000,0.000,0.000,0.000,1.000,1.000,0.000,48.759,48.941,0.940,66.004,5.000,100.0,47.0,50.25640869140625,-24.9743595123291
219.381,12:56:50.352,461.960,35.637,16463.086,0.000,0.000,0.000,0.000,0.000,0.000,1.000,1.000,0.000,49.121,48.941,0.940,65.984,5.000,100.0,47.0,50.25640869140625,-24.9743595123291
219.526,12:56:50.417,458.075,36.547,16741.445,0.000,0.000,0.000,0.000,0.000,0.000,1.000,1.000,0.000,49.121,48.941,0.940,65.984,5.000,100.0,47.0,50.25640869140625,-24.9743595123291
219.590,12:56:50.481,458.075,36.547,16741.445,0.000,0.000,0.000,0.000,0.000,0.000,1.000,1.000,0.000,49.121,48.941,0.940,65.984,5.000,100.0,47.0,50.25640869140625,-24.9743595123291
219.653,12:56:50.624,458.075,36.547,16741.445,0.000,0.000,0.000,0.000,0.000,0.000,1.000,1.000,0.000,49.121,48.941,0.940,65.984,5.000,100.0,47.0,50.25640869140625,-24.9743595123291
219.798,12:56:50.688,458.075,36.547,16741.445,0.000,0.000,0.000,0.000,0.000,0.000,1.000,1.000,0.000,49.121,48.941,0.940,65.984,5.000,100.0,47.0,50.25640869140625,-24.9743595123291
219.862,12:56:50.943,461.360,35.783,16508.707,0.000,0.000,0.000,0.000,0.000,0.000,1.000,1.000,0.000,49.121,48.941,0.940,65.984,5.000,100.0,47.0,-48.512821197509766,33.9487190246582
220.118,12:56:51.089,461.360,35.783,16508.707,0.000,0.000,0.000,0.000,0.000,0.000,1.000,1.000,0.000,49.159,49.341,0.940,65.995,5.000,100.0,47.0,-48.512821197509766,33.9487190246582
220.262,12:56:51.153,461.369,35.786,16510.572,0.000,0.000,0.000,0.000,0.000,0.000,1.000,1.000,0.000,49.159,49.341,0.940,65.995,5.000,100.0,47.0,-48.512821197509766,33.9487190246582
220.325,12:56:51.215,461.369,35.786,16510.572,0.000,0.000,0.000,0.000,0.000,0.000,1.000,1.000,0.000,49.159,49.341,0.940,65.995,5.000,100.0,47.0,-48.512821197509766,33.9487190246582
220.389,12:56:51.360,461.369,35.786,16510.572,0.000,0.000,0.000,0.000,0.000,0.000,1.000,1.000,0.000,49.159,49.341,0.940,65.987,5.000,100.0,47.0,-48.512821197509766,33.9487190246582
220.533,12:56:51.423,461.369,35.786,16510.572,0.000,0.000,0.000,0.000,0.000,0.000,1.000,1.000,0.000,49.159,49.341,0.940,65.987,5.000,100.0,47.0,-48.512821197509766,33.9487190246582
220.598,12:56:51.488,461.369,35.786,16510.572,0.000,0.000,0.000,0.000,0.000,0.000,1.000,1.000,0.000,49.159,49.341,0.940,65.987,5.000,100.0,47.0,-48.512821197509766,33.9487190246582
220.662,12:56:51.631,457.844,36.604,16758.803,0.000,0.000,0.000,0.000,0.000,0.000,1.000,1.000,0.000,49.121,48.941,0.940,66.004,5.000,100.0,47.0,-48.512821197509766,33.9487190246582
220.804,12:56:51.695,457.844,36.604,16758.803,0.000,0.000,0.000,0.000,0.000,0.000,1.000,1.000,0.000,49.121,48.941,0.940,66.004,5.000,100.0,47.0,-48.512821197509766,33.9487190246582
220.870,12:56:51.951,457.844,36.604,16758.803,0.000,0.000,0.000,0.000,0.000,0.000,1.000,1.000,0.000,49.121,48.941,0.940,66.004,5.000,100.0,47.0,30.205127716064453,13.64102554321289
221.124,12:56:52.095,461.733,35.701,16484.498,0.000,0.000,0.000,0.000,0.000,0.000,1.000,1.000,0.000,49.159,49.341,0.940,65.959,5.000,100.0,47.0,30.205127716064453,13.64102554321289
221.269,12:56:52.160,461.733,35.701,16484.498,0.000,0.000,0.000,0.000,0.000,0.000,1.000,1.000,0.000,49.159,49.341,0.940,65.959,5.000,100.0,47.0,30.205127716064453,13.64102554321289
221.333,12:56:52.223,461.733,35.701,16484.498,0.000,0.000,0.000,0.000,0.000,0.000,1.000,1.000,0.000,49.159,49.341,0.940,65.959,5.000,100.0,47.0,30.205127716064453,13.64102554321289
221.396,12:56:52.368,461.733,35.701,16484.498,0.000,0.000,0.000,0.000,0.000,0.000,1.000,1.000,0.000,48.721,48.541,0.940,65.964,5.000,100.0,47.0,30.205127716064453,13.64102554321289
221.541,12:56:52.432,461.646,35.723,16491.287,0.000,0.000,0.000,0.000,0.000,0.000,1.000,1.000,0.000,48.721,48.541,0.940,65.964,5.000,100.0,47.0,30.205127716064453,13.64102554321289
221.604,12:56:52.495,461.646,35.723,16491.287,0.000,0.000,0.000,0.000,0.000,0.000,1.000,1.000,0.000,48.721,48.541,0.940,65.964,5.000,100.0,47.0,30.205127716064453,13.64102554321289
221.668,12:56:52.638,461.646,35.723,16491.287,0.000,0.000,0.000,0.000,0.000,0.000,1.000,1.000,0.000,48.721,48.541,0.940,65.964,5.000,100.0,47.0,30.205127716064453,13.64102554321289
221.813,12:56:52.703,461.646,35.723,16491.287,0.000,0.000,0.000,0.000,0.000,0.000,1.000,1.000,0.000,48.721,48.541,0.940,65.964,5.000,100.0,47.0,30.205127716064453,13.64102554321289
221.877,12:56:52.959,460.799,35.856,16522.189,0.000,0.000,0.000,0.000,0.000,0.000,1.000,1.000,0.000,48.721,48.541,0.940,65.964,5.000,100.0,47.0,-21.94871711730957,-30.66666603088379
222.133,12:56:53.103,460.799,35.856,16522.189,0.000,0.000,0.000,0.000,0.000,0.000,1.000,1.000,0.000,49.160,49.341,0.940,65.995,5.000,100.0,47.0,-21.94871711730957,-30.66666603088379
222.277,12:56:53.167,459.332,36.206,16630.381,0.000,0.000,0.000,0.000,0.000,0.000,1.000,1.000,0.000,49.160,49.341,0.940,65.995,5.000,100.0,47.0,-21.94871711730957,-30.66666603088379
222.340,12:56:53.230,459.332,36.206,16630.381,0.000,0.000,0.000,0.000,0.000,0.000,1.000,1.000,0.000,49.160,49.341,0.940,65.995,5.000,100.0,47.0,-21.94871711730957,-30.66666603088379
222.404,12:56:53.374,459.332,36.206,16630.381,0.000,0.000,0.000,0.000,0.000,0.000,1.000,1.000,0.000,49.120,48.941,0.940,66.003,5.000,100.0,47.0,-21.94871711730957,-30.66666603088379
222.548,12:56:53.439,459.332,36.206,16630.381,0.000,0.000,0.000,0.000,0.000,0.000,1.000,1.000,0.000,49.120,48.941,0.940,66.003,5.000,100.0,47.0,-21.94871711730957,-30.66666603088379
222.612,12:56:53.503,459.332,36.206,16630.381,0.000,0.000,0.000,0.000,0.000,0.000,1.000,1.000,0.000,49.120,48.941,0.940,66.003,5.000,100.0,47.0,-21.94871711730957,-30.66666603088379
222.675,12:56:53.646,460.574,35.913,16540.365,0.000,0.000,0.000,0.000,0.000,0.000,1.000,1.000,0.000,49.121,48.941,0.940,65.946,5.000,100.0,47.0,-21.94871711730957,-30.66666603088379
222.819,12:56:53.710,460.574,35.913,16540.365,0.000,0.000,0.000,0.000,0.000,0.000,1.000,1.000,0.000,49.121,48.941,0.940,65.946,5.000,100.0,47.0,-21.94871711730957,-30.66666603088379
222.884,12:56:53.966,460.574,35.913,16540.365,0.000,0.000,0.000,0.000,0.000,0.000,1.000,1.000,0.000,49.121,48.941,0.940,65.946,5.000,100.0,47.0,36.25640869140625,50.0512809753418
223.140,12:56:54.110,456.611,36.801,16803.908,0.000,0.000,0.000,0.000,0.000,0.000,1.000,1.000,0.000,49.521,49.341,0.940,65.961,5.000,100.0,47.0,36.25640869140625,50.0512809753418
223.284,12:56:54.175,456.611,36.801,16803.908,0.000,0.000,0.000,0.000,0.000,0.000,1.000,1.000,0.000,49.521,49.341,0.940,65.961,5.000,100.0,47.0,36.25640869140625,50.0512809753418
223.347,12:56:54.237,456.611,36.801,16803.908,0.000,0.000,0.000,0.000,0.000,0.000,1.000,1.000,0.000,49.521,49.341,0.940,65.961,5.000,100.0,47.0,36.25640869140625,50.0512809753418
223.411,12:56:54.382,456.611,36.801,16803.908,0.000,0.000,0.000,0.000,0.000,0.000,1.000,1.000,0.000,49.521,49.341,0.940,65.961,5.000,100.0,47.0,36.25640869140625,50.0512809753418
223.555,12:56:54.446,459.050,36.264,16646.826,0.000,0.000,0.000,0.000,0.000,0.000,1.000,1.000,0.000,49.521,49.341,0.940,65.961,5.000,100.0,47.0,36.25640869140625,50.0512809753418
223.619,12:56:54.509,459.050,36.264,16646.826,0.000,0.000,0.000,0.000,0.000,0.000,1.000,1.000,0.000,49.521,49.341,0.940,65.961,5.000,100.0,47.0,36.25640869140625,50.0512809753418
223.684,12:56:54.653,459.050,36.264,16646.826,0.000,0.000,0.000,0.000,0.000,0.000,1.000,1.000,0.000,49.121,48.941,0.940,65.979,5.000,100.0,47.0,36.25640869140625,50.0512809753418
223.827,12:56:54.717,459.050,36.264,16646.826,0.000,0.000,0.000,0.000,0.000,0.000,1.000,1.000,0.000,49.121,48.941,0.940,65.979,5.000,100.0,47.0,36.25640869140625,50.0512809753418
223.891,12:56:54.973,460.656,35.887,16531.803,0.000,0.000,0.000,0.000,0.000,0.000,1.000,1.000,0.000,49.121,48.941,0.940,65.979,5.000,100.0,47.0,-20.9743595123291,-31.487178802490234
224.146,12:56:55.118,460.656,35.887,16531.803,0.000,0.000,0.000,0.000,0.000,0.000,1.000,1.000,0.000,49.121,48.941,0.940,65.973,5.000,100.0,47.0,-20.9743595123291,-31.487178802490234
224.292,12:56:55.182,460.656,35.887,16531.803,0.000,0.000,0.000,0.000,0.000,0.000,1.000,1.000,0.000,49.121,48.941,0.940,65.973,5.000,100.0,47.0,-20.9743595123291,-31.487178802490234
224.355,12:56:55.246,462.816,35.372,16370.907,0.000,0.000,0.000,0.000,0.000,0.000,1.000,1.000,0.000,49.121,48.941,0.940,65.973,5.000,100.0,47.0,-20.9743595123291,-31.487178802490234
224.419,12:56:55.389,462.816,35.372,16370.907,0.000,0.000,0.000,0.000,0.000,0.000,1.000,1.000,0.000,48.759,48.941,0.940,66.040,5.000,100.0,47.0,-20.9743595123291,-31.487178802490234
224.562,12:56:55.453,462.816,35.372,16370.907,0.000,0.000,0.000,0.000,0.000,0.000,1.000,1.000,0.000,48.759,48.941,0.940,66.040,5.000,100.0,47.0,-20.9743595123291,-31.487178802490234
224.626,12:56:55.517,462.816,35.372,16370.907,0.000,0.000,0.000,0.000,0.000,0.000,1.000,1.000,0.000,48.759,48.941,0.940,66.040,5.000,100.0,47.0,-20.9743595123291,-31.487178802490234
224.691,12:56:55.661,462.816,35.372,16370.907,0.000,0.000,0.000,0.000,0.000,0.000,1.000,1.000,0.000,49.121,48.941,0.940,66.015,5.000,100.0,47.0,-20.9743595123291,-31.487178802490234
224.834,12:56:55.725,459.094,36.250,16642.318,0.000,0.000,0.000,0.000,0.000,0.000,1.000,1.000,0.000,49.121,48.941,0.940,66.015,5.000,100.0,47.0,-20.9743595123291,-31.487178802490234
224.898,12:56:55.980,459.094,36.250,16642.318,0.000,0.000,0.000,0.000,0.000,0.000,1.000,1.000,0.000,49.121,48.941,0.940,66.015,5.000,100.0,47.0,22.564102172851562,32.46154022216797
225.155,12:56:56.125,461.058,35.782,16497.740,0.000,0.000,0.000,0.000,0.000,0.000,1.000,1.000,0.000,49.121,48.941,0.940,66.009,5.000,100.0,47.0,22.564102172851562,32.46154022216797
225.299,12:56:56.189,461.058,35.782,16497.740,0.000,0.000,0.000,0.000,0.000,0.000,1.000,1.000,0.000,49.121,48.941,0.940,66.009,5.000,100.0,47.0,22.564102172851562,32.46154022216797
225.362,12:56:56.253,461.058,35.782,16497.740,0.000,0.000,0.000,0.000,0.000,0.000,1.000,1.000,0.000,49.121,48.941,0.940,66.009,5.000,100.0,47.0,22.564102172851562,32.46154022216797
225.425,12:56:56.397,461.058,35.782,16497.740,0.000,0.000,0.000,0.000,0.000,0.000,1.000,1.000,0.000,49.121,48.941,0.940,66.009,5.000,100.0,47.0,22.564102172851562,32.46154022216797
225.570,12:56:56.460,458.783,36.303,16655.168,0.000,0.000,0.000,0.000,0.000,0.000,1.000,1.000,0.000,49.121,48.941,0.940,66.009,5.000,100.0,47.0,22.564102172851562,32.46154022216797
225.635,12:56:56.525,458.783,36.303,16655.168,0.000,0.000,0.000,0.000,0.000,0.000,1.000,1.000,0.000,49.121,48.941,0.940,66.009,5.000,100.0,47.0,22.564102172851562,32.46154022216797
225.697,12:56:56.668,458.783,36.303,16655.168,0.000,0.000,0.000,0.000,0.000,0.000,1.000,1.000,0.000,49.121,48.941,0.940,66.011,5.000,100.0,47.0,22.564102172851562,32.46154022216797
225.842,12:56:56.733,458.783,36.303,16655.168,0.000,0.000,0.000,0.000,0.000,0.000,1.000,1.000,0.000,49.121,48.941,0.940,66.011,5.000,100.0,47.0,22.564102172851562,32.46154022216797
225.905,12:56:56.988,458.783,36.303,16655.168,0.000,0.000,0.000,0.000,0.000,0.000,1.000,1.000,0.000,49.121,48.941,0.940,66.011,5.000,100.0,47.0,49.64102554321289,-36.769229888916016
226.161,12:56:57.132,460.880,35.808,16503.205,0.000,0.000,0.000,0.000,0.000,0.000,1.000,1.000,0.000,49.121,48.941,0.940,65.999,5.000,100.0,47.0,49.64102554321289,-36.769229888916016
226.306,12:56:57.197,460.880,35.808,16503.205,0.000,0.000,0.000,0.000,0.000,0.000,1.000,1.000,0.000,49.121,48.941,0.940,65.999,5.000,100.0,47.0,49.64102554321289,-36.769229888916016
226.370,12:56:57.260,458.746,36.311,16657.764,0.000,0.000,0.000,0.000,0.000,0.000,1.000,1.000,0.000,49.121,48.941,0.940,65.999,5.000,100.0,47.0,49.64102554321289,-36.769229888916016
226.433,12:56:57.405,458.746,36.311,16657.764,0.000,0.000,0.000,0.000,0.000,0.000,1.000,1.000,0.000,49.159,49.341,0.940,66.032,5.000,100.0,47.0,49.64102554321289,-36.769229888916016
226.577,12:56:57.468,458.746,36.311,16657.764,0.000,0.000,0.000,0.000,0.000,0.000,1.000,1.000,0.000,49.159,49.341,0.940,66.032,5.000,100.0,47.0,49.64102554321289,-36.769229888916016
226.642,12:56:57.532,458.746,36.311,16657.764,0.000,0.000,0.000,0.000,0.000,0.000,1.000,1.000,0.000,49.159,49.341,0.940,66.032,5.000,100.0,47.0,49.64102554321289,-36.769229888916016
226.705,12:56:57.676,458.746,36.311,16657.764,0.000,0.000,0.000,0.000,0.000,0.000,1.000,1.000,0.000,48.759,48.941,0.940,66.051,5.000,100.0,47.0,49.64102554321289,-36.769229888916016
226.849,12:56:57.740,462.509,35.424,16384.111,0.000,0.000,0.000,0.000,0.000,0.000,1.000,1.000,0.000,48.759,48.941,0.940,66.051,5.000,100.0,47.0,49.64102554321289,-36.769229888916016
226.913,12:56:57.995,462.509,35.424,16384.111,0.000,0.000,0.000,0.000,0.000,0.000,1.000,1.000,0.000,48.759,48.941,0.940,66.051,5.000,100.0,47.0,-40.410255432128906,49.07692337036133
227.168,12:56:58.139,461.280,35.724,16478.588,0.000,0.000,0.000,0.000,0.000,0.000,1.000,1.000,0.000,49.121,48.941,0.940,66.010,5.000,100.0,47.0,-40.410255432128906,49.07692337036133
227.312,12:56:58.203,461.280,35.724,16478.588,0.000,0.000,0.000,0.000,0.000,0.000,1.000,1.000,0.000,49.121,48.941,0.940,66.010,5.000,100.0,47.0,-40.410255432128906,49.07692337036133
227.376,12:56:58.267,461.280,35.724,16478.588,0.000,0.000,0.000,0.000,0.000,0.000,1.000,1.000,0.000,49.121,48.941,0.940,66.010,5.000,100.0,47.0,-40.410255432128906,49.07692337036133
227.440,12:56:58.411,461.280,35.724,16478.588,0.000,0.000,0.000,0.000,0.000,0.000,1.000,1.000,0.000,49.121,48.941,0.940,66.010,5.000,100.0,47.0,-40.410255432128906,49.07692337036133
227.584,12:56:58.475,462.176,35.504,16408.973,0.000,0.000,0.000,0.000,0.000,0.000,1.000,1.000,0.000,49.121,48.941,0.940,66.010,5.000,100.0,47.0,-40.410255432128906,49.07692337036133
227.648,12:56:58.539,462.176,35.504,16408.973,0.000,0.000,0.000,0.000,0.000,0.000,1.000,1.000,0.000,49.121,48.941,0.940,66.010,5.000,100.0,47.0,-40.410255432128906,49.07692337036133
227.712,12:56:58.683,462.176,35.504,16408.973,0.000,0.000,0.000,0.000,0.000,0.000,1.000,1.000,0.000,48.759,48.941,0.940,65.974,5.000,100.0,47.0,-40.410255432128906,49.07692337036133
227.856,12:56:58.746,462.176,35.504,16408.973,0.000,0.000,0.000,0.000,0.000,0.000,1.000,1.000,0.000,48.759,48.941,0.940,65.974,5.000,100.0,47.0,-40.410255432128906,49.07692337036133
227.920,12:56:59.002,462.176,35.504,16408.973,0.000,0.000,0.000,0.000,0.000,0.000,1.000,1.000,0.000,48.759,48.941,0.940,65.974,5.000,100.0,47.0,-9.897436141967773,49.64102554321289
228.176,12:56:59.146,461.262,35.722,16476.986,0.000,0.000,0.000,0.000,0.000,0.000,1.000,1.000,0.000,49.121,48.941,0.940,65.967,5.000,100.0,47.0,-9.897436141967773,49.64102554321289
228.320,12:56:59.210,461.262,35.722,16476.986,0.000,0.000,0.000,0.000,0.000,0.000,1.000,1.000,0.000,49.121,48.941,0.940,65.967,5.000,100.0,47.0,-9.897436141967773,49.64102554321289
228.384,12:56:59.274,461.182,35.741,16483.156,0.000,0.000,0.000,0.000,0.000,0.000,1.000,1.000,0.000,49.121,48.941,0.940,65.967,5.000,100.0,47.0,-9.897436141967773,49.64102554321289
228.448,12:56:59.418,461.182,35.741,16483.156,0.000,0.000,0.000,0.000,0.000,0.000,1.000,1.000,0.000,49.159,49.341,0.940,65.970,5.000,100.0,47.0,-9.897436141967773,49.64102554321289
228.591,12:56:59.482,461.182,35.741,16483.156,0.000,0.000,0.000,0.000,0.000,0.000,1.000,1.000,0.000,49.159,49.341,0.940,65.970,5.000,100.0,47.0,-9.897436141967773,49.64102554321289
228.656,12:56:59.546,461.182,35.741,16483.156,0.000,0.000,0.000,0.000,0.000,0.000,1.000,1.000,0.000,49.159,49.341,0.940,65.970,5.000,100.0,47.0,-9.897436141967773,49.64102554321289
228.720,12:56:59.690,461.182,35.741,16483.156,0.000,0.000,0.000,0.000,0.000,0.000,1.000,1.000,0.000,49.159,49.341,0.940,65.964,5.000,100.0,47.0,-9.897436141967773,49.64102554321289
228.863,12:56:59.754,458.181,36.457,16703.746,0.000,0.000,0.000,0.000,0.000,0.000,1.000,1.000,0.000,49.159,49.341,0.940,65.964,5.000,100.0,47.0,-9.897436141967773,49.64102554321289
228.927,12:57:00.010,458.181,36.457,16703.746,0.000,0.000,0.000,0.000,0.000,0.000,1.000,1.000,0.000,49.159,49.341,0.940,65.964,5.000,100.0,47.0,-32.0,-23.897436141967773
229.183,12:57:00.154,462.012,35.573,16435.281,0.000,0.000,0.000,0.000,0.000,0.000,1.000,1.000,0.000,48.759,48.941,0.940,65.990,5.000,100.0,47.0,-32.0,-23.897436141967773
229.327,12:57:00.218,462.012,35.573,16435.281,0.000,0.000,0.000,0.000,0.000,0.000,1.000,1.000,0.000,48.759,48.941,0.940,65.990,5.000,100.0,47.0,-32.0,-23.897436141967773
229.392,12:57:00.282,462.012,35.573,16435.281,0.000,0.000,0.000,0.000,0.000,0.000,1.000,1.000,0.000,48.759,48.941,0.940,65.990,5.000,100.0,47.0,-32.0,-23.897436141967773
229.455,12:57:00.425,462.012,35.573,16435.281,0.000,0.000,0.000,0.000,0.000,0.000,1.000,1.000,0.000,48.759,48.941,0.940,65.990,5.000,100.0,47.0,-32.0,-23.897436141967773
229.599,12:57:00.489,462.078,35.541,16422.777,0.000,0.000,0.000,0.000,0.000,0.000,1.000,1.000,0.000,48.759,48.941,0.940,65.990,5.000,100.0,47.0,-32.0,-23.897436141967773
229.663,12:57:00.553,462.078,35.541,16422.777,0.000,0.000,0.000,0.000,0.000,0.000,1.000,1.000,0.000,48.759,48.941,0.940,65.990,5.000,100.0,47.0,-32.0,-23.897436141967773
229.727,12:57:00.697,462.078,35.541,16422.777,0.000,0.000,0.000,0.000,0.000,0.000,1.000,1.000,0.000,48.721,48.541,0.940,65.998,5.000,100.0,47.0,-32.0,-23.897436141967773
229.871,12:57:00.761,462.078,35.541,16422.777,0.000,0.000,0.000,0.000,0.000,0.000,1.000,1.000,0.000,48.721,48.541,0.940,65.998,5.000,100.0,47.0,-32.0,-23.897436141967773
229.935,12:57:01.017,462.078,35.541,16422.777,0.000,0.000,0.000,0.000,0.000,0.000,1.000,1.000,0.000,48.721,48.541,0.940,65.998,5.000,100.0,47.0,-19.94871711730957,-31.33333396911621
230.190,12:57:01.161,465.506,34.686,16146.720,0.000,0.000,0.000,0.000,0.000,0.000,1.000,1.000,0.000,48.321,48.141,0.940,65.971,5.000,100.0,47.0,-19.94871711730957,-31.33333396911621
230.334,12:57:01.225,465.506,34.686,16146.720,0.000,0.000,0.000,0.000,0.000,0.000,1.000,1.000,0.000,48.321,48.141,0.940,65.971,5.000,100.0,47.0,-19.94871711730957,-31.33333396911621
230.398,12:57:01.289,468.423,33.891,15875.521,0.000,0.000,0.000,0.000,0.000,0.000,1.000,1.000,0.000,48.321,48.141,0.940,65.971,5.000,100.0,47.0,-19.94871711730957,-31.33333396911621
230.462,12:57:01.433,468.423,33.891,15875.521,0.000,0.000,0.000,0.000,0.000,0.000,1.000,1.000,0.000,48.359,48.541,0.940,65.933,5.000,100.0,47.0,-19.94871711730957,-31.33333396911621
230.607,12:57:01.497,468.423,33.891,15875.521,0.000,0.000,0.000,0.000,0.000,0.000,1.000,1.000,0.000,48.359,48.541,0.940,65.933,5.000,100.0,47.0,-19.94871711730957,-31.33333396911621
230.670,12:57:01.561,468.423,33.891,15875.521,0.000,0.000,0.000,0.000,0.000,0.000,1.000,1.000,0.000,48.359,48.541,0.940,65.933,5.000,100.0,47.0,-19.94871711730957,-31.33333396911621
230.734,12:57:01.705,468.423,33.891,15875.521,0.000,0.000,0.000,0.000,0.000,0.000,1.000,1.000,0.000,48.359,48.541,0.940,65.933,5.000,100.0,47.0,-19.94871711730957,-31.33333396911621
230.878,12:57:01.769,461.947,35.598,16444.230,0.000,0.000,0.000,0.000,0.000,0.000,1.000,1.000,0.000,48.359,48.541,0.940,65.933,5.000,100.0,47.0,-19.94871711730957,-31.33333396911621
230.942,12:57:02.024,461.947,35.598,16444.230,0.000,0.000,0.000,0.000,0.000,0.000,1.000,1.000,0.000,48.359,48.541,0.940,65.933,5.000,100.0,47.0,-28.30769157409668,-23.846153259277344
231.198,12:57:02.168,461.947,35.598,16444.230,0.000,0.000,0.000,0.000,0.000,0.000,1.000,1.000,0.000,49.159,49.341,0.940,65.851,5.000,100.0,47.0,-28.30769157409668,-23.846153259277344
231.342,12:57:02.232,461.940,35.617,16452.842,0.000,0.000,0.000,0.000,0.000,0.000,1.000,1.000,0.000,49.159,49.341,0.940,65.851,5.000,100.0,47.0,-28.30769157409668,-23.846153259277344
231.406,12:57:02.296,461.940,35.617,16452.842,0.000,0.000,0.000,0.000,0.000,0.000,1.000,1.000,0.000,49.159,49.341,0.940,65.851,5.000,100.0,47.0,-28.30769157409668,-23.846153259277344
231.470,12:57:02.440,461.940,35.617,16452.842,0.000,0.000,0.000,0.000,0.000,0.000,1.000,1.000,0.000,49.159,49.341,0.940,65.851,5.000,100.0,47.0,-28.30769157409668,-23.846153259277344
231.614,12:57:02.504,461.940,35.617,16452.842,0.000,0.000,0.000,0.000,0.000,0.000,1.000,1.000,0.000,49.159,49.341,0.940,65.851,5.000,100.0,47.0,-28.30769157409668,-23.846153259277344
231.678,12:57:02.568,458.074,36.519,16728.611,0.000,0.000,0.000,0.000,0.000,0.000,1.000,1.000,0.000,49.159,49.341,0.940,65.851,5.000,100.0,47.0,-28.30769157409668,-23.846153259277344
231.742,12:57:02.712,458.074,36.519,16728.611,0.000,0.000,0.000,0.000,0.000,0.000,1.000,1.000,0.000,49.159,49.341,0.940,65.862,5.000,100.0,47.0,-28.30769157409668,-23.846153259277344
231.885,12:57:02.776,458.074,36.519,16728.611,0.000,0.000,0.000,0.000,0.000,0.000,1.000,1.000,0.000,49.159,49.341,0.940,65.862,5.000,100.0,47.0,-28.30769157409668,-23.846153259277344
231.950,12:57:03.032,458.074,36.519,16728.611,0.000,0.000,0.000,0.000,0.000,0.000,1.000,1.000,0.000,49.159,49.341,0.940,65.862,5.000,100.0,47.0,26.923076629638672,30.05128288269043
232.541,12:57:03.512,458.118,36.537,16738.428,0.000,0.000,0.000,0.000,0.000,0.000,1.000,1.000,0.000,49.159,49.341,0.940,65.956,5.000,100.0,47.0,26.923076629638672,30.05128288269043
232.685,12:57:03.575,458.118,36.537,16738.428,0.000,0.000,0.000,0.000,0.000,0.000,1.000,1.000,0.000,49.159,49.341,0.940,65.956,5.000,100.0,47.0,26.923076629638672,30.05128288269043
232.749,12:57:03.640,458.118,36.537,16738.428,0.000,0.000,0.000,0.000,0.000,0.000,1.000,1.000,0.000,49.159,49.341,0.940,65.956,5.000,100.0,47.0,26.923076629638672,30.05128288269043
232.813,12:57:03.783,458.118,36.537,16738.428,0.000,0.000,0.000,0.000,0.000,0.000,1.000,1.000,0.000,48.759,48.941,0.940,65.970,5.000,100.0,47.0,26.923076629638672,30.05128288269043
232.957,12:57:04.040,461.947,35.641,16464.223,0.000,0.000,0.000,0.000,0.000,0.000,1.000,1.000,0.000,48.759,48.941,0.940,65.970,5.000,100.0,47.0,-51.33333206176758,20.923076629638672
233.213,12:57:04.184,461.947,35.641,16464.223,0.000,0.000,0.000,0.000,0.000,0.000,1.000,1.000,0.000,48.760,48.941,0.940,65.987,5.000,100.0,47.0,-51.33333206176758,20.923076629638672
233.358,12:57:04.248,464.150,35.154,16316.642,0.000,0.000,0.000,0.000,0.000,0.000,1.000,1.000,0.000,48.760,48.941,0.940,65.987,5.000,100.0,47.0,-51.33333206176758,20.923076629638672
233.421,12:57:04.312,464.150,35.154,16316.642,0.000,0.000,0.000,0.000,0.000,0.000,1.000,1.000,0.000,48.760,48.941,0.940,65.987,5.000,100.0,47.0,-51.33333206176758,20.923076629638672
233.486,12:57:04.455,464.150,35.154,16316.642,0.000,0.000,0.000,0.000,0.000,0.000,1.000,1.000,0.000,48.760,48.941,0.940,65.987,5.000,100.0,47.0,-51.33333206176758,20.923076629638672
233.629,12:57:04.520,464.150,35.154,16316.642,0.000,0.000,0.000,0.000,0.000,0.000,1.000,1.000,0.000,48.760,48.941,0.940,65.987,5.000,100.0,47.0,-51.33333206176758,20.923076629638672
233.693,12:57:04.583,456.375,36.962,16868.717,0.000,0.000,0.000,0.000,0.000,0.000,1.000,1.000,0.000,48.760,48.941,0.940,65.987,5.000,100.0,47.0,-51.33333206176758,20.923076629638672
233.756,12:57:04.727,456.375,36.962,16868.717,0.000,0.000,0.000,0.000,0.000,0.000,1.000,1.000,0.000,49.520,49.341,0.940,66.048,5.000,100.0,47.0,-51.33333206176758,20.923076629638672
233.900,12:57:04.791,456.375,36.962,16868.717,0.000,0.000,0.000,0.000,0.000,0.000,1.000,1.000,0.000,49.520,49.341,0.940,66.048,5.000,100.0,47.0,-51.33333206176758,20.923076629638672
233.965,12:57:05.046,456.375,36.962,16868.717,0.000,0.000,0.000,0.000,0.000,0.000,1.000,1.000,0.000,49.520,49.341,0.940,66.048,5.000,100.0,47.0,22.205127716064453,31.128204345703125
234.221,12:57:05.192,459.311,36.344,16693.201,0.000,0.000,0.000,0.000,0.000,0.000,1.000,1.000,0.000,49.160,49.341,0.940,66.021,5.000,100.0,47.0,22.205127716064453,31.128204345703125
234.364,12:57:05.255,459.311,36.344,16693.201,0.000,0.000,0.000,0.000,0.000,0.000,1.000,1.000,0.000,49.160,49.341,0.940,66.021,5.000,100.0,47.0,22.205127716064453,31.128204345703125
234.428,12:57:05.319,459.311,36.344,16693.201,0.000,0.000,0.000,0.000,0.000,0.000,1.000,1.000,0.000,49.160,49.341,0.940,66.021,5.000,100.0,47.0,22.205127716064453,31.128204345703125
234.492,12:57:05.463,463.177,35.419,16405.273,0.000,0.000,0.000,0.000,0.000,0.000,1.000,1.000,0.000,48.759,48.941,0.940,66.045,5.000,100.0,47.0,22.205127716064453,31.128204345703125
234.636,12:57:05.527,463.177,35.419,16405.273,0.000,0.000,0.000,0.000,0.000,0.000,1.000,1.000,0.000,48.759,48.941,0.940,66.045,5.000,100.0,47.0,22.205127716064453,31.128204345703125
234.701,12:57:05.591,463.177,35.419,16405.273,0.000,0.000,0.000,0.000,0.000,0.000,1.000,1.000,0.000,48.759,48.941,0.940,66.045,5.000,100.0,47.0,22.205127716064453,31.128204345703125
234.764,12:57:05.735,463.177,35.419,16405.273,0.000,0.000,0.000,0.000,0.000,0.000,1.000,1.000,0.000,48.759,48.941,0.940,66.045,5.000,100.0,47.0,22.205127716064453,31.128204345703125
234.909,12:57:05.799,460.814,35.987,16583.473,0.000,0.000,0.000,0.000,0.000,0.000,1.000,1.000,0.000,48.759,48.941,0.940,66.045,5.000,100.0,47.0,22.205127716064453,31.128204345703125
234.972,12:57:06.054,460.814,35.987,16583.473,0.000,0.000,0.000,0.000,0.000,0.000,1.000,1.000,0.000,48.759,48.941,0.940,66.045,5.000,100.0,47.0,-11.743589401245117,-38.769229888916016
235.228,12:57:06.199,460.814,35.987,16583.473,0.000,0.000,0.000,0.000,0.000,0.000,1.000,1.000,0.000,49.121,48.941,0.940,66.102,5.000,100.0,47.0,-11.743589401245117,-38.769229888916016
235.373,12:57:06.263,459.276,36.351,16695.262,0.000,0.000,0.000,0.000,0.000,0.000,1.000,1.000,0.000,49.121,48.941,0.940,66.102,5.000,100.0,47.0,-11.743589401245117,-38.769229888916016
235.435,12:57:06.326,459.276,36.351,16695.262,0.000,0.000,0.000,0.000,0.000,0.000,1.000,1.000,0.000,49.121,48.941,0.940,66.102,5.000,100.0,47.0,-11.743589401245117,-38.769229888916016
235.499,12:57:06.470,459.276,36.351,16695.262,0.000,0.000,0.000,0.000,0.000,0.000,1.000,1.000,0.000,49.121,48.941,0.940,66.102,5.000,100.0,47.0,-11.743589401245117,-38.769229888916016
235.643,12:57:06.534,459.276,36.351,16695.262,0.000,0.000,0.000,0.000,0.000,0.000,1.000,1.000,0.000,49.121,48.941,0.940,66.102,5.000,100.0,47.0,-11.743589401245117,-38.769229888916016
235.707,12:57:06.598,460.798,35.992,16585.156,0.000,0.000,0.000,0.000,0.000,0.000,1.000,1.000,0.000,49.121,48.941,0.940,66.102,5.000,100.0,47.0,-11.743589401245117,-38.769229888916016
235.771,12:57:06.743,460.798,35.992,16585.156,0.000,0.000,0.000,0.000,0.000,0.000,1.000,1.000,0.000,49.159,49.341,0.940,66.084,5.000,100.0,47.0,-11.743589401245117,-38.769229888916016
235.916,12:57:06.807,460.798,35.992,16585.156,0.000,0.000,0.000,0.000,0.000,0.000,1.000,1.000,0.000,49.159,49.341,0.940,66.084,5.000,100.0,47.0,-11.743589401245117,-38.769229888916016
235.979,12:57:07.063,460.798,35.992,16585.156,0.000,0.000,0.000,0.000,0.000,0.000,1.000,1.000,0.000,49.159,49.341,0.940,66.084,5.000,100.0,47.0,-15.025641441345215,50.66666793823242
236.236,12:57:07.206,459.079,36.415,16717.465,0.000,0.000,0.000,0.000,0.000,0.000,1.000,1.000,0.000,49.121,48.941,0.940,66.128,5.000,100.0,47.0,-15.025641441345215,50.66666793823242
236.379,12:57:07.270,459.079,36.415,16717.465,0.000,0.000,0.000,0.000,0.000,0.000,1.000,1.000,0.000,49.121,48.941,0.940,66.128,5.000,100.0,47.0,-15.025641441345215,50.66666793823242
236.443,12:57:07.333,459.079,36.415,16717.465,0.000,0.000,0.000,0.000,0.000,0.000,1.000,1.000,0.000,49.121,48.941,0.940,66.128,5.000,100.0,47.0,-15.025641441345215,50.66666793823242
236.508,12:57:07.477,461.005,35.948,16572.164,0.000,0.000,0.000,0.000,0.000,0.000,1.000,1.000,0.000,49.159,49.341,0.940,66.115,5.000,100.0,47.0,-15.025641441345215,50.66666793823242
236.652,12:57:07.542,461.005,35.948,16572.164,0.000,0.000,0.000,0.000,0.000,0.000,1.000,1.000,0.000,49.159,49.341,0.940,66.115,5.000,100.0,47.0,-15.025641441345215,50.66666793823242
236.715,12:57:07.605,461.005,35.948,16572.164,0.000,0.000,0.000,0.000,0.000,0.000,1.000,1.000,0.000,49.159,49.341,0.940,66.115,5.000,100.0,47.0,-15.025641441345215,50.66666793823242
236.778,12:57:07.750,461.005,35.948,16572.164,0.000,0.000,0.000,0.000,0.000,0.000,1.000,1.000,0.000,49.159,49.341,0.940,66.115,5.000,100.0,47.0,-15.025641441345215,50.66666793823242
236.923,12:57:07.813,458.852,36.464,16731.602,0.000,0.000,0.000,0.000,0.000,0.000,1.000,1.000,0.000,49.159,49.341,0.940,66.115,5.000,100.0,47.0,-15.025641441345215,50.66666793823242
236.987,12:57:08.070,458.852,36.464,16731.602,0.000,0.000,0.000,0.000,0.000,0.000,1.000,1.000,0.000,49.159,49.341,0.940,66.115,5.000,100.0,47.0,-14.102563858032227,-37.02564239501953
237.243,12:57:08.213,458.852,36.464,16731.602,0.000,0.000,0.000,0.000,0.000,0.000,1.000,1.000,0.000,49.121,48.941,0.940,66.131,5.000,100.0,47.0,-14.102563858032227,-37.02564239501953
237.387,12:57:08.278,461.196,35.909,16561.146,0.000,0.000,0.000,0.000,0.000,0.000,1.000,1.000,0.000,49.121,48.941,0.940,66.131,5.000,100.0,47.0,-14.102563858032227,-37.02564239501953
237.451,12:57:08.342,461.196,35.909,16561.146,0.000,0.000,0.000,0.000,0.000,0.000,1.000,1.000,0.000,49.121,48.941,0.940,66.131,5.000,100.0,47.0,-14.102563858032227,-37.02564239501953
237.514,12:57:08.485,461.196,35.909,16561.146,0.000,0.000,0.000,0.000,0.000,0.000,1.000,1.000,0.000,49.159,49.341,0.940,66.122,5.000,100.0,47.0,-14.102563858032227,-37.02564239501953
237.658,12:57:08.548,461.196,35.909,16561.146,0.000,0.000,0.000,0.000,0.000,0.000,1.000,1.000,0.000,49.159,49.341,0.940,66.122,5.000,100.0,47.0,-14.102563858032227,-37.02564239501953
237.722,12:57:08.612,459.075,36.414,16716.643,0.000,0.000,0.000,0.000,0.000,0.000,1.000,1.000,0.000,49.159,49.341,0.940,66.122,5.000,100.0,47.0,-14.102563858032227,-37.02564239501953
237.786,12:57:08.757,459.075,36.414,16716.643,0.000,0.000,0.000,0.000,0.000,0.000,1.000,1.000,0.000,49.121,48.941,0.940,66.148,5.000,100.0,47.0,-14.102563858032227,-37.02564239501953
238.267,12:57:09.428,461.351,35.885,16555.400,0.000,0.000,0.000,0.000,0.000,0.000,1.000,1.000,0.000,49.159,49.341,0.940,66.171,5.000,100.0,47.0,-42.20512771606445,15.384614944458008
238.601,12:57:09.573,458.725,36.494,16740.650,0.000,0.000,0.000,0.000,0.000,0.000,1.000,1.000,0.000,49.121,48.941,0.940,66.209,5.000,100.0,47.0,-42.20512771606445,15.384614944458008
238.745,12:57:09.636,458.725,36.494,16740.650,0.000,0.000,0.000,0.000,0.000,0.000,1.000,1.000,0.000,49.121,48.941,0.940,66.209,5.000,100.0,47.0,-42.20512771606445,15.384614944458008
238.809,12:57:09.700,458.725,36.494,16740.650,0.000,0.000,0.000,0.000,0.000,0.000,1.000,1.000,0.000,49.121,48.941,0.940,66.209,5.000,100.0,47.0,-42.20512771606445,15.384614944458008
238.873,12:57:09.845,458.725,36.494,16740.650,0.000,0.000,0.000,0.000,0.000,0.000,1.000,1.000,0.000,49.159,49.341,0.940,66.184,5.000,100.0,47.0,-42.20512771606445,15.384614944458008
239.018,12:57:09.908,461.630,35.819,16534.936,0.000,0.000,0.000,0.000,0.000,0.000,1.000,1.000,0.000,49.159,49.341,0.940,66.184,5.000,100.0,47.0,-42.20512771606445,15.384614944458008
239.082,12:57:09.972,461.630,35.819,16534.936,0.000,0.000,0.000,0.000,0.000,0.000,1.000,1.000,0.000,49.159,49.341,0.940,66.184,5.000,100.0,47.0,-42.20512771606445,15.384614944458008
239.145,12:57:10.116,461.630,35.819,16534.936,0.000,0.000,0.000,0.000,0.000,0.000,1.000,1.000,0.000,49.159,49.341,0.940,66.184,5.000,100.0,47.0,-42.20512771606445,15.384614944458008
239.289,12:57:10.372,461.630,35.819,16534.936,0.000,0.000,0.000,0.000,0.000,0.000,1.000,1.000,0.000,49.159,49.341,0.940,66.184,5.000,100.0,47.0,52.92307662963867,-19.69230842590332
239.545,12:57:10.515,461.712,35.799,16528.846,0.000,0.000,0.000,0.000,0.000,0.000,1.000,1.000,0.000,49.121,48.941,0.940,66.190,5.000,100.0,47.0,52.92307662963867,-19.69230842590332
239.690,12:57:10.580,461.712,35.799,16528.846,0.000,0.000,0.000,0.000,0.000,0.000,1.000,1.000,0.000,49.121,48.941,0.940,66.190,5.000,100.0,47.0,52.92307662963867,-19.69230842590332
239.753,12:57:10.643,458.665,36.519,16749.859,0.000,0.000,0.000,0.000,0.000,0.000,1.000,1.000,0.000,49.121,48.941,0.940,66.190,5.000,100.0,47.0,52.92307662963867,-19.69230842590332
239.818,12:57:10.787,458.665,36.519,16749.859,0.000,0.000,0.000,0.000,0.000,0.000,1.000,1.000,0.000,49.159,49.341,0.940,66.182,5.000,100.0,47.0,52.92307662963867,-19.69230842590332
239.961,12:57:10.851,458.665,36.519,16749.859,0.000,0.000,0.000,0.000,0.000,0.000,1.000,1.000,0.000,49.159,49.341,0.940,66.182,5.000,100.0,47.0,52.92307662963867,-19.69230842590332
240.024,12:57:10.915,458.665,36.519,16749.859,0.000,0.000,0.000,0.000,0.000,0.000,1.000,1.000,0.000,49.159,49.341,0.940,66.182,5.000,100.0,47.0,52.92307662963867,-19.69230842590332
240.089,12:57:11.060,458.665,36.519,16749.859,0.000,0.000,0.000,0.000,0.000,0.000,1.000,1.000,0.000,49.121,48.941,0.940,66.220,5.000,100.0,47.0,52.92307662963867,-19.69230842590332
240.233,12:57:11.124,461.757,35.797,16529.520,0.000,0.000,0.000,0.000,0.000,0.000,1.000,1.000,0.000,49.121,48.941,0.940,66.220,5.000,100.0,47.0,52.92307662963867,-19.69230842590332
240.297,12:57:11.380,461.757,35.797,16529.520,0.000,0.000,0.000,0.000,0.000,0.000,1.000,1.000,0.000,49.121,48.941,0.940,66.220,5.000,100.0,47.0,-50.0,35.38461685180664
240.552,12:57:11.524,461.757,35.797,16529.520,0.000,0.000,0.000,0.000,0.000,0.000,1.000,1.000,0.000,48.759,48.941,0.940,66.178,5.000,100.0,47.0,-50.0,35.38461685180664
240.696,12:57:11.587,462.594,35.601,16468.885,0.000,0.000,0.000,0.000,0.000,0.000,1.000,1.000,0.000,48.759,48.941,0.940,66.178,5.000,100.0,47.0,-50.0,35.38461685180664
240.760,12:57:11.650,462.594,35.601,16468.885,0.000,0.000,0.000,0.000,0.000,0.000,1.000,1.000,0.000,48.759,48.941,0.940,66.178,5.000,100.0,47.0,-50.0,35.38461685180664
240.825,12:57:11.795,462.594,35.601,16468.885,0.000,0.000,0.000,0.000,0.000,0.000,1.000,1.000,0.000,48.759,48.941,0.940,66.178,5.000,100.0,47.0,-50.0,35.38461685180664
240.969,12:57:11.860,458.637,36.528,16753.158,0.000,0.000,0.000,0.000,0.000,0.000,1.000,1.000,0.000,48.759,48.941,0.940,66.178,5.000,100.0,47.0,-50.0,35.38461685180664
241.032,12:57:11.922,458.637,36.528,16753.158,0.000,0.000,0.000,0.000,0.000,0.000,1.000,1.000,0.000,48.759,48.941,0.940,66.178,5.000,100.0,47.0,-50.0,35.38461685180664
241.433,12:57:12.594,458.040,36.673,16797.795,0.000,0.000,0.000,0.000,0.000,0.000,1.000,1.000,0.000,49.559,49.741,0.940,66.231,5.000,100.0,47.0,32.46154022216797,18.66666603088379
241.767,12:57:12.738,458.040,36.673,16797.795,0.000,0.000,0.000,0.000,0.000,0.000,1.000,1.000,0.000,49.121,48.941,0.940,66.229,5.000,100.0,47.0,32.46154022216797,18.66666603088379
241.911,12:57:12.802,458.380,36.595,16774.189,0.000,0.000,0.000,0.000,0.000,0.000,1.000,1.000,0.000,49.121,48.941,0.940,66.229,5.000,100.0,47.0,32.46154022216797,18.66666603088379
241.976,12:57:12.867,458.380,36.595,16774.189,0.000,0.000,0.000,0.000,0.000,0.000,1.000,1.000,0.000,49.121,48.941,0.940,66.229,5.000,100.0,47.0,32.46154022216797,18.66666603088379
242.040,12:57:13.010,458.380,36.595,16774.189,0.000,0.000,0.000,0.000,0.000,0.000,1.000,1.000,0.000,49.121,48.941,0.940,66.229,5.000,100.0,47.0,32.46154022216797,18.66666603088379
242.184,12:57:13.075,458.380,36.595,16774.189,0.000,0.000,0.000,0.000,0.000,0.000,1.000,1.000,0.000,49.121,48.941,0.940,66.229,5.000,100.0,47.0,32.46154022216797,18.66666603088379
242.248,12:57:13.138,462.048,35.745,16516.086,0.000,0.000,0.000,0.000,0.000,0.000,1.000,1.000,0.000,49.121,48.941,0.940,66.229,5.000,100.0,47.0,32.46154022216797,18.66666603088379
242.311,12:57:13.282,462.048,35.745,16516.086,0.000,0.000,0.000,0.000,0.000,0.000,1.000,1.000,0.000,49.159,49.341,0.940,66.223,5.000,100.0,47.0,32.46154022216797,18.66666603088379
242.456,12:57:13.538,462.048,35.745,16516.086,0.000,0.000,0.000,0.000,0.000,0.000,1.000,1.000,0.000,49.159,49.341,0.940,66.223,5.000,100.0,47.0,-37.589744567871094,-9.692307472229004
242.711,12:57:13.681,458.197,36.644,16789.939,0.000,0.000,0.000,0.000,0.000,0.000,1.000,1.000,0.000,49.121,48.941,0.940,66.251,5.000,100.0,47.0,-37.589744567871094,-9.692307472229004
242.855,12:57:13.746,458.197,36.644,16789.939,0.000,0.000,0.000,0.000,0.000,0.000,1.000,1.000,0.000,49.121,48.941,0.940,66.251,5.000,100.0,47.0,-37.589744567871094,-9.692307472229004
242.919,12:57:13.810,458.197,36.644,16789.939,0.000,0.000,0.000,0.000,0.000,0.000,1.000,1.000,0.000,49.121,48.941,0.940,66.251,5.000,100.0,47.0,-37.589744567871094,-9.692307472229004
242.983,12:57:13.953,458.197,36.644,16789.939,0.000,0.000,0.000,0.000,0.000,0.000,1.000,1.000,0.000,49.159,49.341,0.940,66.217,5.000,100.0,47.0,-37.589744567871094,-9.692307472229004
243.127,12:57:14.017,462.262,35.702,16503.766,0.000,0.000,0.000,0.000,0.000,0.000,1.000,1.000,0.000,49.159,49.341,0.940,66.217,5.000,100.0,47.0,-37.589744567871094,-9.692307472229004
243.191,12:57:14.082,462.262,35.702,16503.766,0.000,0.000,0.000,0.000,0.000,0.000,1.000,1.000,0.000,49.159,49.341,0.940,66.217,5.000,100.0,47.0,-37.589744567871094,-9.692307472229004
243.254,12:57:14.226,462.262,35.702,16503.766,0.000,0.000,0.000,0.000,0.000,0.000,1.000,1.000,0.000,49.159,49.341,0.940,66.217,5.000,100.0,47.0,-37.589744567871094,-9.692307472229004
243.399,12:57:14.290,462.262,35.702,16503.766,0.000,0.000,0.000,0.000,0.000,0.000,1.000,1.000,0.000,49.159,49.341,0.940,66.217,5.000,100.0,47.0,-37.589744567871094,-9.692307472229004
243.463,12:57:14.545,462.087,35.749,16519.062,0.000,0.000,0.000,0.000,0.000,0.000,1.000,1.000,0.000,49.159,49.341,0.940,66.217,5.000,100.0,47.0,41.79487228393555,9.384614944458008
243.718,12:57:14.690,462.087,35.749,16519.062,0.000,0.000,0.000,0.000,0.000,0.000,1.000,1.000,0.000,49.121,48.941,0.940,66.254,5.000,100.0,47.0,41.79487228393555,9.384614944458008
243.863,12:57:14.753,462.310,35.690,16499.748,0.000,0.000,0.000,0.000,0.000,0.000,1.000,1.000,0.000,49.121,48.941,0.940,66.254,5.000,100.0,47.0,41.79487228393555,9.384614944458008
243.926,12:57:14.816,462.310,35.690,16499.748,0.000,0.000,0.000,0.000,0.000,0.000,1.000,1.000,0.000,49.121,48.941,0.940,66.254,5.000,100.0,47.0,41.79487228393555,9.384614944458008
243.991,12:57:14.962,462.310,35.690,16499.748,0.000,0.000,0.000,0.000,0.000,0.000,1.000,1.000,0.000,49.159,49.341,0.940,66.260,5.000,100.0,47.0,41.79487228393555,9.384614944458008
244.135,12:57:15.025,462.310,35.690,16499.748,0.000,0.000,0.000,0.000,0.000,0.000,1.000,1.000,0.000,49.159,49.341,0.940,66.260,5.000,100.0,47.0,41.79487228393555,9.384614944458008
244.199,12:57:15.089,462.310,35.690,16499.748,0.000,0.000,0.000,0.000,0.000,0.000,1.000,1.000,0.000,49.159,49.341,0.940,66.260,5.000,100.0,47.0,41.79487228393555,9.384614944458008
244.262,12:57:15.233,458.256,36.635,16788.328,0.000,0.000,0.000,0.000,0.000,0.000,1.000,1.000,0.000,49.121,48.941,0.940,66.279,5.000,100.0,47.0,41.79487228393555,9.384614944458008
244.406,12:57:15.296,458.256,36.635,16788.328,0.000,0.000,0.000,0.000,0.000,0.000,1.000,1.000,0.000,49.121,48.941,0.940,66.279,5.000,100.0,47.0,41.79487228393555,9.384614944458008
244.470,12:57:15.553,458.256,36.635,16788.328,0.000,0.000,0.000,0.000,0.000,0.000,1.000,1.000,0.000,49.121,48.941,0.940,66.279,5.000,100.0,47.0,19.384614944458008,-52.871795654296875
244.726,12:57:15.696,462.442,35.656,16489.047,0.000,0.000,0.000,0.000,0.000,0.000,1.000,1.000,0.000,49.159,49.341,0.940,66.276,5.000,100.0,47.0,19.384614944458008,-52.871795654296875
244.871,12:57:15.761,462.442,35.656,16489.047,0.000,0.000,0.000,0.000,0.000,0.000,1.000,1.000,0.000,49.159,49.341,0.940,66.276,5.000,100.0,47.0,19.384614944458008,-52.871795654296875
244.934,12:57:15.825,462.442,35.656,16489.047,0.000,0.000,0.000,0.000,0.000,0.000,1.000,1.000,0.000,49.159,49.341,0.940,66.276,5.000,100.0,47.0,19.384614944458008,-52.871795654296875
244.998,12:57:15.968,462.442,35.656,16489.047,0.000,0.000,0.000,0.000,0.000,0.000,1.000,1.000,0.000,49.120,48.941,0.940,66.279,5.000,100.0,47.0,19.384614944458008,-52.871795654296875
245.141,12:57:16.032,459.796,36.288,16685.062,0.000,0.000,0.000,0.000,0.000,0.000,1.000,1.000,0.000,49.120,48.941,0.940,66.279,5.000,100.0,47.0,19.384614944458008,-52.871795654296875
245.206,12:57:16.096,459.796,36.288,16685.062,0.000,0.000,0.000,0.000,0.000,0.000,1.000,1.000,0.000,49.120,48.941,0.940,66.279,5.000,100.0,47.0,19.384614944458008,-52.871795654296875
245.270,12:57:16.241,459.796,36.288,16685.062,0.000,0.000,0.000,0.000,0.000,0.000,1.000,1.000,0.000,49.120,48.941,0.940,66.279,5.000,100.0,47.0,19.384614944458008,-52.871795654296875
245.414,12:57:16.305,459.796,36.288,16685.062,0.000,0.000,0.000,0.000,0.000,0.000,1.000,1.000,0.000,49.120,48.941,0.940,66.279,5.000,100.0,47.0,19.384614944458008,-52.871795654296875
245.478,12:57:16.560,460.977,36.007,16598.547,0.000,0.000,0.000,0.000,0.000,0.000,1.000,1.000,0.000,49.120,48.941,0.940,66.279,5.000,100.0,47.0,12.051281929016113,39.9487190246582
245.733,12:57:16.703,460.977,36.007,16598.547,0.000,0.000,0.000,0.000,0.000,0.000,1.000,1.000,0.000,49.160,49.341,0.940,66.304,5.000,100.0,47.0,12.051281929016113,39.9487190246582
245.877,12:57:16.768,457.092,36.878,16856.498,0.000,0.000,0.000,0.000,0.000,0.000,1.000,1.000,0.000,49.160,49.341,0.940,66.304,5.000,100.0,47.0,12.051281929016113,39.9487190246582
245.941,12:57:16.832,457.092,36.878,16856.498,0.000,0.000,0.000,0.000,0.000,0.000,1.000,1.000,0.000,49.160,49.341,0.940,66.304,5.000,100.0,47.0,12.051281929016113,39.9487190246582
246.006,12:57:16.976,457.092,36.878,16856.498,0.000,0.000,0.000,0.000,0.000,0.000,1.000,1.000,0.000,49.560,49.741,0.940,66.306,5.000,100.0,47.0,12.051281929016113,39.9487190246582
246.149,12:57:17.039,457.092,36.878,16856.498,0.000,0.000,0.000,0.000,0.000,0.000,1.000,1.000,0.000,49.560,49.741,0.940,66.306,5.000,100.0,47.0,12.051281929016113,39.9487190246582
246.213,12:57:17.104,457.092,36.878,16856.498,0.000,0.000,0.000,0.000,0.000,0.000,1.000,1.000,0.000,49.560,49.741,0.940,66.306,5.000,100.0,47.0,12.051281929016113,39.9487190246582
246.277,12:57:17.248,459.682,36.326,16698.441,0.000,0.000,0.000,0.000,0.000,0.000,1.000,1.000,0.000,49.121,48.941,0.940,66.331,5.000,100.0,47.0,12.051281929016113,39.9487190246582
246.420,12:57:17.311,459.682,36.326,16698.441,0.000,0.000,0.000,0.000,0.000,0.000,1.000,1.000,0.000,49.121,48.941,0.940,66.331,5.000,100.0,47.0,12.051281929016113,39.9487190246582
246.485,12:57:17.567,459.682,36.326,16698.441,0.000,0.000,0.000,0.000,0.000,0.000,1.000,1.000,0.000,49.121,48.941,0.940,66.331,5.000,100.0,47.0,-46.512821197509766,-38.92307662963867
246.740,12:57:17.711,461.286,35.947,16581.979,0.000,0.000,0.000,0.000,0.000,0.000,1.000,1.000,0.000,49.159,49.341,0.940,66.370,5.000,100.0,47.0,-46.512821197509766,-38.92307662963867
246.884,12:57:17.775,461.286,35.947,16581.979,0.000,0.000,0.000,0.000,0.000,0.000,1.000,1.000,0.000,49.159,49.341,0.940,66.370,5.000,100.0,47.0,-46.512821197509766,-38.92307662963867
246.948,12:57:17.839,461.286,35.947,16581.979,0.000,0.000,0.000,0.000,0.000,0.000,1.000,1.000,0.000,49.159,49.341,0.940,66.370,5.000,100.0,47.0,-46.512821197509766,-38.92307662963867
247.013,12:57:17.983,461.286,35.947,16581.979,0.000,0.000,0.000,0.000,0.000,0.000,1.000,1.000,0.000,49.121,48.941,0.940,66.364,5.000,100.0,47.0,-46.512821197509766,-38.92307662963867
247.156,12:57:18.047,461.450,35.914,16572.592,0.000,0.000,0.000,0.000,0.000,0.000,1.000,1.000,0.000,49.121,48.941,0.940,66.364,5.000,100.0,47.0,-46.512821197509766,-38.92307662963867
247.221,12:57:18.111,461.450,35.914,16572.592,0.000,0.000,0.000,0.000,0.000,0.000,1.000,1.000,0.000,49.121,48.941,0.940,66.364,5.000,100.0,47.0,-46.512821197509766,-38.92307662963867
247.285,12:57:18.256,461.450,35.914,16572.592,0.000,0.000,0.000,0.000,0.000,0.000,1.000,1.000,0.000,49.121,48.941,0.940,66.364,5.000,100.0,47.0,-46.512821197509766,-38.92307662963867
247.429,12:57:18.319,461.450,35.914,16572.592,0.000,0.000,0.000,0.000,0.000,0.000,1.000,1.000,0.000,49.121,48.941,0.940,66.364,5.000,100.0,47.0,-46.512821197509766,-38.92307662963867
247.492,12:57:18.575,461.557,35.885,16562.928,0.000,0.000,0.000,0.000,0.000,0.000,1.000,1.000,0.000,49.121,48.941,0.940,66.364,5.000,100.0,47.0,11.692307472229004,39.07692337036133
247.748,12:57:18.718,461.557,35.885,16562.928,0.000,0.000,0.000,0.000,0.000,0.000,1.000,1.000,0.000,49.159,49.341,0.940,66.340,5.000,100.0,47.0,11.692307472229004,39.07692337036133
247.891,12:57:18.782,459.495,36.384,16718.254,0.000,0.000,0.000,0.000,0.000,0.000,1.000,1.000,0.000,49.159,49.341,0.940,66.340,5.000,100.0,47.0,11.692307472229004,39.07692337036133
247.956,12:57:18.847,459.495,36.384,16718.254,0.000,0.000,0.000,0.000,0.000,0.000,1.000,1.000,0.000,49.159,49.341,0.940,66.340,5.000,100.0,47.0,11.692307472229004,39.07692337036133
248.020,12:57:18.990,459.495,36.384,16718.254,0.000,0.000,0.000,0.000,0.000,0.000,1.000,1.000,0.000,49.121,48.941,0.940,66.332,5.000,100.0,47.0,11.692307472229004,39.07692337036133
248.164,12:57:19.054,459.495,36.384,16718.254,0.000,0.000,0.000,0.000,0.000,0.000,1.000,1.000,0.000,49.121,48.941,0.940,66.332,5.000,100.0,47.0,11.692307472229004,39.07692337036133
248.228,12:57:19.119,459.495,36.384,16718.254,0.000,0.000,0.000,0.000,0.000,0.000,1.000,1.000,0.000,49.121,48.941,0.940,66.332,5.000,100.0,47.0,11.692307472229004,39.07692337036133
248.291,12:57:19.263,461.533,35.897,16567.746,0.000,0.000,0.000,0.000,0.000,0.000,1.000,1.000,0.000,49.159,49.341,0.940,66.315,5.000,100.0,47.0,11.692307472229004,39.07692337036133
248.436,12:57:19.327,461.533,35.897,16567.746,0.000,0.000,0.000,0.000,0.000,0.000,1.000,1.000,0.000,49.159,49.341,0.940,66.315,5.000,100.0,47.0,11.692307472229004,39.07692337036133
248.500,12:57:19.582,461.533,35.897,16567.746,0.000,0.000,0.000,0.000,0.000,0.000,1.000,1.000,0.000,49.159,49.341,0.940,66.315,5.000,100.0,47.0,-35.89743423461914,-45.33333206176758
248.755,12:57:19.726,459.661,36.356,16711.631,0.000,0.000,0.000,0.000,0.000,0.000,1.000,1.000,0.000,49.121,48.941,0.940,66.347,5.000,100.0,47.0,-35.89743423461914,-45.33333206176758
248.900,12:57:19.790,459.661,36.356,16711.631,0.000,0.000,0.000,0.000,0.000,0.000,1.000,1.000,0.000,49.121,48.941,0.940,66.347,5.000,100.0,47.0,-35.89743423461914,-45.33333206176758
248.963,12:57:19.854,459.661,36.356,16711.631,0.000,0.000,0.000,0.000,0.000,0.000,1.000,1.000,0.000,49.121,48.941,0.940,66.347,5.000,100.0,47.0,-35.89743423461914,-45.33333206176758
249.028,12:57:19.998,459.661,36.356,16711.631,0.000,0.000,0.000,0.000,0.000,0.000,1.000,1.000,0.000,49.121,48.941,0.940,66.347,5.000,100.0,47.0,-35.89743423461914,-45.33333206176758
249.171,12:57:20.061,461.891,35.823,16546.354,0.000,0.000,0.000,0.000,0.000,0.000,1.000,1.000,0.000,49.121,48.941,0.940,66.347,5.000,100.0,47.0,-35.89743423461914,-45.33333206176758
249.235,12:57:20.126,461.891,35.823,16546.354,0.000,0.000,0.000,0.000,0.000,0.000,1.000,1.000,0.000,49.121,48.941,0.940,66.347,5.000,100.0,47.0,-35.89743423461914,-45.33333206176758
249.299,12:57:20.271,461.891,35.823,16546.354,0.000,0.000,0.000,0.000,0.000,0.000,1.000,1.000,0.000,49.159,49.341,0.940,66.328,5.000,100.0,47.0,-35.89743423461914,-45.33333206176758
249.443,12:57:20.334,461.891,35.823,16546.354,0.000,0.000,0.000,0.000,0.000,0.000,1.000,1.000,0.000,49.159,49.341,0.940,66.328,5.000,100.0,47.0,-35.89743423461914,-45.33333206176758
249.507,12:57:20.589,459.445,36.416,16731.238,0.000,0.000,0.000,0.000,0.000,0.000,1.000,1.000,0.000,49.159,49.341,0.940,66.328,5.000,100.0,47.0,28.35897445678711,29.64102554321289
249.762,12:57:20.734,459.445,36.416,16731.238,0.000,0.000,0.000,0.000,0.000,0.000,1.000,1.000,0.000,49.121,48.941,0.940,66.384,5.000,100.0,47.0,28.35897445678711,29.64102554321289
249.907,12:57:20.797,459.445,36.416,16731.238,0.000,0.000,0.000,0.000,0.000,0.000,1.000,1.000,0.000,49.121,48.941,0.940,66.384,5.000,100.0,47.0,28.35897445678711,29.64102554321289
249.971,12:57:20.862,462.008,35.801,16540.553,0.000,0.000,0.000,0.000,0.000,0.000,1.000,1.000,0.000,49.121,48.941,0.940,66.384,5.000,100.0,47.0,28.35897445678711,29.64102554321289
250.035,12:57:21.005,462.008,35.801,16540.553,0.000,0.000,0.000,0.000,0.000,0.000,1.000,1.000,0.000,49.159,49.341,0.940,66.320,5.000,100.0,47.0,28.35897445678711,29.64102554321289
250.179,12:57:21.070,462.008,35.801,16540.553,0.000,0.000,0.000,0.000,0.000,0.000,1.000,1.000,0.000,49.159,49.341,0.940,66.320,5.000,100.0,47.0,28.35897445678711,29.64102554321289
250.243,12:57:21.133,462.008,35.801,16540.553,0.000,0.000,0.000,0.000,0.000,0.000,1.000,1.000,0.000,49.159,49.341,0.940,66.320,5.000,100.0,47.0,28.35897445678711,29.64102554321289
250.307,12:57:21.278,462.008,35.801,16540.553,0.000,0.000,0.000,0.000,0.000,0.000,1.000,1.000,0.000,49.121,48.941,0.940,66.387,5.000,100.0,47.0,28.35897445678711,29.64102554321289
250.450,12:57:21.341,459.293,36.447,16739.871,0.000,0.000,0.000,0.000,0.000,0.000,1.000,1.000,0.000,49.121,48.941,0.940,66.387,5.000,100.0,47.0,28.35897445678711,29.64102554321289
250.514,12:57:21.597,459.293,36.447,16739.871,0.000,0.000,0.000,0.000,0.000,0.000,1.000,1.000,0.000,49.121,48.941,0.940,66.387,5.000,100.0,47.0,-45.02564239501953,3.384615421295166
250.770,12:57:21.741,462.124,35.788,16538.619,0.000,0.000,0.000,0.000,0.000,0.000,1.000,1.000,0.000,49.159,49.341,0.940,66.371,5.000,100.0,47.0,-45.02564239501953,3.384615421295166
250.915,12:57:21.805,462.124,35.788,16538.619,0.000,0.000,0.000,0.000,0.000,0.000,1.000,1.000,0.000,49.159,49.341,0.940,66.371,5.000,100.0,47.0,-45.02564239501953,3.384615421295166
250.978,12:57:21.868,462.124,35.788,16538.619,0.000,0.000,0.000,0.000,0.000,0.000,1.000,1.000,0.000,49.159,49.341,0.940,66.371,5.000,100.0,47.0,-45.02564239501953,3.384615421295166
251.043,12:57:22.013,462.124,35.788,16538.619,0.000,0.000,0.000,0.000,0.000,0.000,1.000,1.000,0.000,49.159,49.341,0.940,66.371,5.000,100.0,47.0,-45.02564239501953,3.384615421295166
251.186,12:57:22.076,459.297,36.453,16742.846,0.000,0.000,0.000,0.000,0.000,0.000,1.000,1.000,0.000,49.159,49.341,0.940,66.371,5.000,100.0,47.0,-45.02564239501953,3.384615421295166
251.250,12:57:22.141,459.297,36.453,16742.846,0.000,0.000,0.000,0.000,0.000,0.000,1.000,1.000,0.000,49.159,49.341,0.940,66.371,5.000,100.0,47.0,-45.02564239501953,3.384615421295166
251.314,12:57:22.285,459.297,36.453,16742.846,0.000,0.000,0.000,0.000,0.000,0.000,1.000,1.000,0.000,49.121,48.941,0.940,66.413,5.000,100.0,47.0,-45.02564239501953,3.384615421295166
251.458,12:57:22.348,459.297,36.453,16742.846,0.000,0.000,0.000,0.000,0.000,0.000,1.000,1.000,0.000,49.121,48.941,0.940,66.413,5.000,100.0,47.0,-45.02564239501953,3.384615421295166
251.521,12:57:22.604,459.297,36.453,16742.846,0.000,0.000,0.000,0.000,0.000,0.000,1.000,1.000,0.000,49.121,48.941,0.940,66.413,5.000,100.0,47.0,-11.076923370361328,49.89743423461914
251.777,12:57:22.748,462.203,35.763,16529.717,0.000,0.000,0.000,0.000,0.000,0.000,1.000,1.000,0.000,49.159,49.341,0.940,66.377,5.000,100.0,47.0,-11.076923370361328,49.89743423461914
251.922,12:57:22.812,462.203,35.763,16529.717,0.000,0.000,0.000,0.000,0.000,0.000,1.000,1.000,0.000,49.159,49.341,0.940,66.377,5.000,100.0,47.0,-11.076923370361328,49.89743423461914
251.985,12:57:22.876,459.102,36.495,16755.025,0.000,0.000,0.000,0.000,0.000,0.000,1.000,1.000,0.000,49.159,49.341,0.940,66.377,5.000,100.0,47.0,-11.076923370361328,49.89743423461914
252.050,12:57:23.020,459.102,36.495,16755.025,0.000,0.000,0.000,0.000,0.000,0.000,1.000,1.000,0.000,49.121,48.941,0.940,66.350,5.000,100.0,47.0,-11.076923370361328,49.89743423461914
252.193,12:57:23.084,459.102,36.495,16755.025,0.000,0.000,0.000,0.000,0.000,0.000,1.000,1.000,0.000,49.121,48.941,0.940,66.350,5.000,100.0,47.0,-11.076923370361328,49.89743423461914
252.257,12:57:23.148,459.102,36.495,16755.025,0.000,0.000,0.000,0.000,0.000,0.000,1.000,1.000,0.000,49.121,48.941,0.940,66.350,5.000,100.0,47.0,-11.076923370361328,49.89743423461914
252.321,12:57:23.292,459.102,36.495,16755.025,0.000,0.000,0.000,0.000,0.000,0.000,1.000,1.000,0.000,49.159,49.341,0.940,66.379,5.000,100.0,47.0,-11.076923370361328,49.89743423461914
252.465,12:57:23.355,462.349,35.731,16520.322,0.000,0.000,0.000,0.000,0.000,0.000,1.000,1.000,0.000,49.159,49.341,0.940,66.379,5.000,100.0,47.0,-11.076923370361328,49.89743423461914
252.529,12:57:23.611,462.349,35.731,16520.322,0.000,0.000,0.000,0.000,0.000,0.000,1.000,1.000,0.000,49.159,49.341,0.940,66.379,5.000,100.0,47.0,-18.0,-33.64102554321289
252.784,12:57:23.756,458.665,36.601,16787.441,0.000,0.000,0.000,0.000,0.000,0.000,1.000,1.000,0.000,49.521,49.341,0.940,66.387,5.000,100.0,47.0,-18.0,-33.64102554321289
252.928,12:57:23.819,458.665,36.601,16787.441,0.000,0.000,0.000,0.000,0.000,0.000,1.000,1.000,0.000,49.521,49.341,0.940,66.387,5.000,100.0,47.0,-18.0,-33.64102554321289
252.992,12:57:23.883,458.665,36.601,16787.441,0.000,0.000,0.000,0.000,0.000,0.000,1.000,1.000,0.000,49.521,49.341,0.940,66.387,5.000,100.0,47.0,-18.0,-33.64102554321289
253.057,12:57:24.027,458.665,36.601,16787.441,0.000,0.000,0.000,0.000,0.000,0.000,1.000,1.000,0.000,49.521,49.341,0.940,66.387,5.000,100.0,47.0,-18.0,-33.64102554321289
253.201,12:57:24.091,458.493,36.631,16794.975,0.000,0.000,0.000,0.000,0.000,0.000,1.000,1.000,0.000,49.521,49.341,0.940,66.387,5.000,100.0,47.0,-18.0,-33.64102554321289
253.265,12:57:24.155,458.493,36.631,16794.975,0.000,0.000,0.000,0.000,0.000,0.000,1.000,1.000,0.000,49.521,49.341,0.940,66.387,5.000,100.0,47.0,-18.0,-33.64102554321289
253.329,12:57:24.300,458.493,36.631,16794.975,0.000,0.000,0.000,0.000,0.000,0.000,1.000,1.000,0.000,49.521,49.341,0.940,66.430,5.000,100.0,47.0,-18.0,-33.64102554321289
253.472,12:57:24.363,458.493,36.631,16794.975,0.000,0.000,0.000,0.000,0.000,0.000,1.000,1.000,0.000,49.521,49.341,0.940,66.430,5.000,100.0,47.0,-18.0,-33.64102554321289
253.536,12:57:24.619,458.493,36.631,16794.975,0.000,0.000,0.000,0.000,0.000,0.000,1.000,1.000,0.000,49.521,49.341,0.940,66.430,5.000,100.0,47.0,27.69230842590332,23.179487228393555
253.792,12:57:24.762,463.088,35.562,16468.352,0.000,0.000,0.000,0.000,0.000,0.000,1.000,1.000,0.000,48.759,48.941,0.940,66.405,5.000,100.0,47.0,27.69230842590332,23.179487228393555
253.936,12:57:24.826,463.088,35.562,16468.352,0.000,0.000,0.000,0.000,0.000,0.000,1.000,1.000,0.000,48.759,48.941,0.940,66.405,5.000,100.0,47.0,27.69230842590332,23.179487228393555
254.000,12:57:24.890,462.641,35.674,16504.455,0.000,0.000,0.000,0.000,0.000,0.000,1.000,1.000,0.000,48.759,48.941,0.940,66.405,5.000,100.0,47.0,27.69230842590332,23.179487228393555
254.065,12:57:25.035,462.641,35.674,16504.455,0.000,0.000,0.000,0.000,0.000,0.000,1.000,1.000,0.000,49.159,49.341,0.940,66.455,5.000,100.0,47.0,27.69230842590332,23.179487228393555
254.208,12:57:25.099,462.641,35.674,16504.455,0.000,0.000,0.000,0.000,0.000,0.000,1.000,1.000,0.000,49.159,49.341,0.940,66.455,5.000,100.0,47.0,27.69230842590332,23.179487228393555
254.272,12:57:25.162,462.641,35.674,16504.455,0.000,0.000,0.000,0.000,0.000,0.000,1.000,1.000,0.000,49.159,49.341,0.940,66.455,5.000,100.0,47.0,27.69230842590332,23.179487228393555
254.336,12:57:25.307,462.641,35.674,16504.455,0.000,0.000,0.000,0.000,0.000,0.000,1.000,1.000,0.000,49.521,49.341,0.940,66.459,5.000,100.0,47.0,27.69230842590332,23.179487228393555
254.479,12:57:25.370,458.472,36.643,16799.586,0.000,0.000,0.000,0.000,0.000,0.000,1.000,1.000,0.000,49.521,49.341,0.940,66.459,5.000,100.0,47.0,27.69230842590332,23.179487228393555
254.544,12:57:25.627,458.472,36.643,16799.586,0.000,0.000,0.000,0.000,0.000,0.000,1.000,1.000,0.000,49.521,49.341,0.940,66.459,5.000,100.0,47.0,-53.79487228393555,23.69230842590332
254.799,12:57:25.770,459.149,36.492,16755.051,0.000,0.000,0.000,0.000,0.000,0.000,1.000,1.000,0.000,49.121,48.941,0.940,66.450,5.000,100.0,47.0,-53.79487228393555,23.69230842590332
254.944,12:57:25.834,459.149,36.492,16755.051,0.000,0.000,0.000,0.000,0.000,0.000,1.000,1.000,0.000,49.121,48.941,0.940,66.450,5.000,100.0,47.0,-53.79487228393555,23.69230842590332
255.007,12:57:25.898,459.149,36.492,16755.051,0.000,0.000,0.000,0.000,0.000,0.000,1.000,1.000,0.000,49.121,48.941,0.940,66.450,5.000,100.0,47.0,-53.79487228393555,23.69230842590332
255.071,12:57:26.042,459.149,36.492,16755.051,0.000,0.000,0.000,0.000,0.000,0.000,1.000,1.000,0.000,49.121,48.941,0.940,66.450,5.000,100.0,47.0,-53.79487228393555,23.69230842590332
255.216,12:57:26.106,463.031,35.586,16477.252,0.000,0.000,0.000,0.000,0.000,0.000,1.000,1.000,0.000,49.121,48.941,0.940,66.450,5.000,100.0,47.0,-53.79487228393555,23.69230842590332
255.280,12:57:26.170,463.031,35.586,16477.252,0.000,0.000,0.000,0.000,0.000,0.000,1.000,1.000,0.000,49.121,48.941,0.940,66.450,5.000,100.0,47.0,-53.79487228393555,23.69230842590332
255.344,12:57:26.314,463.031,35.586,16477.252,0.000,0.000,0.000,0.000,0.000,0.000,1.000,1.000,0.000,48.759,48.941,0.940,66.478,5.000,100.0,47.0,-53.79487228393555,23.69230842590332
255.488,12:57:26.378,463.031,35.586,16477.252,0.000,0.000,0.000,0.000,0.000,0.000,1.000,1.000,0.000,48.759,48.941,0.940,66.478,5.000,100.0,47.0,-53.79487228393555,23.69230842590332
255.551,12:57:26.633,463.031,35.586,16477.252,0.000,0.000,0.000,0.000,0.000,0.000,1.000,1.000,0.000,48.759,48.941,0.940,66.478,5.000,100.0,47.0,10.666666984558105,42.25640869140625
255.807,12:57:26.777,462.676,35.672,16504.615,0.000,0.000,0.000,0.000,0.000,0.000,1.000,1.000,0.000,49.121,48.941,0.940,66.439,5.000,100.0,47.0,10.666666984558105,42.25640869140625
255.951,12:57:26.842,462.676,35.672,16504.615,0.000,0.000,0.000,0.000,0.000,0.000,1.000,1.000,0.000,49.121,48.941,0.940,66.439,5.000,100.0,47.0,10.666666984558105,42.25640869140625
256.014,12:57:26.905,464.276,35.269,16374.483,0.000,0.000,0.000,0.000,0.000,0.000,1.000,1.000,0.000,49.121,48.941,0.940,66.439,5.000,100.0,47.0,10.666666984558105,42.25640869140625
256.080,12:57:27.050,464.276,35.269,16374.483,0.000,0.000,0.000,0.000,0.000,0.000,1.000,1.000,0.000,48.759,48.941,0.940,66.429,5.000,100.0,47.0,10.666666984558105,42.25640869140625
256.223,12:57:27.113,464.276,35.269,16374.483,0.000,0.000,0.000,0.000,0.000,0.000,1.000,1.000,0.000,48.759,48.941,0.940,66.429,5.000,100.0,47.0,10.666666984558105,42.25640869140625
256.287,12:57:27.178,464.276,35.269,16374.483,0.000,0.000,0.000,0.000,0.000,0.000,1.000,1.000,0.000,48.759,48.941,0.940,66.429,5.000,100.0,47.0,10.666666984558105,42.25640869140625
256.350,12:57:27.322,464.276,35.269,16374.483,0.000,0.000,0.000,0.000,0.000,0.000,1.000,1.000,0.000,48.759,48.941,0.940,66.429,5.000,100.0,47.0,10.666666984558105,42.25640869140625
256.494,12:57:27.385,462.479,35.712,16516.105,0.000,0.000,0.000,0.000,0.000,0.000,1.000,1.000,0.000,48.759,48.941,0.940,66.429,5.000,100.0,47.0,10.666666984558105,42.25640869140625
256.559,12:57:27.641,462.479,35.712,16516.105,0.000,0.000,0.000,0.000,0.000,0.000,1.000,1.000,0.000,48.759,48.941,0.940,66.429,5.000,100.0,47.0,20.769229888916016,-52.71794891357422
256.814,12:57:27.785,462.479,35.712,16516.105,0.000,0.000,0.000,0.000,0.000,0.000,1.000,1.000,0.000,48.760,48.941,0.940,66.402,5.000,100.0,47.0,20.769229888916016,-52.71794891357422
256.959,12:57:27.849,464.021,35.338,16397.465,0.000,0.000,0.000,0.000,0.000,0.000,1.000,1.000,0.000,48.760,48.941,0.940,66.402,5.000,100.0,47.0,20.769229888916016,-52.71794891357422
257.022,12:57:27.913,464.021,35.338,16397.465,0.000,0.000,0.000,0.000,0.000,0.000,1.000,1.000,0.000,48.760,48.941,0.940,66.402,5.000,100.0,47.0,20.769229888916016,-52.71794891357422
257.087,12:57:28.057,464.021,35.338,16397.465,0.000,0.000,0.000,0.000,0.000,0.000,1.000,1.000,0.000,48.760,48.941,0.940,66.402,5.000,100.0,47.0,20.769229888916016,-52.71794891357422
257.230,12:57:28.121,464.021,35.338,16397.465,0.000,0.000,0.000,0.000,0.000,0.000,1.000,1.000,0.000,48.760,48.941,0.940,66.402,5.000,100.0,47.0,20.769229888916016,-52.71794891357422
257.294,12:57:28.185,461.492,35.948,16589.619,0.000,0.000,0.000,0.000,0.000,0.000,1.000,1.000,0.000,48.760,48.941,0.940,66.402,5.000,100.0,47.0,20.769229888916016,-52.71794891357422
257.359,12:57:28.329,461.492,35.948,16589.619,0.000,0.000,0.000,0.000,0.000,0.000,1.000,1.000,0.000,49.160,49.341,0.940,66.407,5.000,100.0,47.0,20.769229888916016,-52.71794891357422
257.503,12:57:28.393,461.492,35.948,16589.619,0.000,0.000,0.000,0.000,0.000,0.000,1.000,1.000,0.000,49.160,49.341,0.940,66.407,5.000,100.0,47.0,20.769229888916016,-52.71794891357422
257.566,12:57:28.648,461.492,35.948,16589.619,0.000,0.000,0.000,0.000,0.000,0.000,1.000,1.000,0.000,49.160,49.341,0.940,66.407,5.000,100.0,47.0,-49.28205108642578,16.30769157409668
257.822,12:57:28.792,464.024,35.340,16398.549,0.000,0.000,0.000,0.000,0.000,0.000,1.000,1.000,0.000,48.759,48.941,0.940,66.414,5.000,100.0,47.0,-49.28205108642578,16.30769157409668
257.966,12:57:28.857,464.024,35.340,16398.549,0.000,0.000,0.000,0.000,0.000,0.000,1.000,1.000,0.000,48.759,48.941,0.940,66.414,5.000,100.0,47.0,-49.28205108642578,16.30769157409668
258.029,12:57:28.920,464.024,35.340,16398.549,0.000,0.000,0.000,0.000,0.000,0.000,1.000,1.000,0.000,48.759,48.941,0.940,66.414,5.000,100.0,47.0,-49.28205108642578,16.30769157409668
258.093,12:57:29.064,467.392,34.449,16101.211,0.000,0.000,0.000,0.000,0.000,0.000,1.000,1.000,0.000,48.359,48.541,0.940,66.413,5.000,100.0,47.0,-49.28205108642578,16.30769157409668
258.237,12:57:29.128,467.392,34.449,16101.211,0.000,0.000,0.000,0.000,0.000,0.000,1.000,1.000,0.000,48.359,48.541,0.940,66.413,5.000,100.0,47.0,-49.28205108642578,16.30769157409668
258.302,12:57:29.193,467.392,34.449,16101.211,0.000,0.000,0.000,0.000,0.000,0.000,1.000,1.000,0.000,48.359,48.541,0.940,66.413,5.000,100.0,47.0,-49.28205108642578,16.30769157409668
258.366,12:57:29.336,467.392,34.449,16101.211,0.000,0.000,0.000,0.000,0.000,0.000,1.000,1.000,0.000,48.359,48.541,0.940,66.413,5.000,100.0,47.0,-49.28205108642578,16.30769157409668
258.510,12:57:29.401,465.105,35.059,16306.320,0.000,0.000,0.000,0.000,0.000,0.000,1.000,1.000,0.000,48.359,48.541,0.940,66.413,5.000,100.0,47.0,-49.28205108642578,16.30769157409668
258.573,12:57:29.655,465.105,35.059,16306.320,0.000,0.000,0.000,0.000,0.000,0.000,1.000,1.000,0.000,48.359,48.541,0.940,66.413,5.000,100.0,47.0,-29.28205108642578,49.846153259277344
258.829,12:57:29.800,465.105,35.059,16306.320,0.000,0.000,0.000,0.000,0.000,0.000,1.000,1.000,0.000,49.159,49.341,0.940,66.347,5.000,100.0,47.0,-29.28205108642578,49.846153259277344
258.974,12:57:29.864,461.811,35.895,16576.748,0.000,0.000,0.000,0.000,0.000,0.000,1.000,1.000,0.000,49.159,49.341,0.940,66.347,5.000,100.0,47.0,-29.28205108642578,49.846153259277344
259.037,12:57:29.927,461.811,35.895,16576.748,0.000,0.000,0.000,0.000,0.000,0.000,1.000,1.000,0.000,49.159,49.341,0.940,66.347,5.000,100.0,47.0,-29.28205108642578,49.846153259277344
259.101,12:57:30.072,461.811,35.895,16576.748,0.000,0.000,0.000,0.000,0.000,0.000,1.000,1.000,0.000,49.159,49.341,0.940,66.347,5.000,100.0,47.0,-29.28205108642578,49.846153259277344
259.245,12:57:30.135,461.811,35.895,16576.748,0.000,0.000,0.000,0.000,0.000,0.000,1.000,1.000,0.000,49.159,49.341,0.940,66.347,5.000,100.0,47.0,-29.28205108642578,49.846153259277344
259.309,12:57:30.200,457.997,36.768,16839.729,0.000,0.000,0.000,0.000,0.000,0.000,1.000,1.000,0.000,49.159,49.341,0.940,66.347,5.000,100.0,47.0,-29.28205108642578,49.846153259277344
259.372,12:57:30.343,457.997,36.768,16839.729,0.000,0.000,0.000,0.000,0.000,0.000,1.000,1.000,0.000,49.521,49.341,0.940,66.363,5.000,100.0,47.0,-29.28205108642578,49.846153259277344
259.517,12:57:30.408,457.997,36.768,16839.729,0.000,0.000,0.000,0.000,0.000,0.000,1.000,1.000,0.000,49.521,49.341,0.940,66.363,5.000,100.0,47.0,-29.28205108642578,49.846153259277344
259.580,12:57:30.663,457.997,36.768,16839.729,0.000,0.000,0.000,0.000,0.000,0.000,1.000,1.000,0.000,49.521,49.341,0.940,66.363,5.000,100.0,47.0,35.74359130859375,-53.846153259277344
259.836,12:57:30.807,459.812,36.362,16719.773,0.000,0.000,0.000,0.000,0.000,0.000,1.000,1.000,0.000,49.121,48.941,0.940,66.365,5.000,100.0,47.0,35.74359130859375,-53.846153259277344
259.980,12:57:30.871,459.812,36.362,16719.773,0.000,0.000,0.000,0.000,0.000,0.000,1.000,1.000,0.000,49.121,48.941,0.940,66.365,5.000,100.0,47.0,35.74359130859375,-53.846153259277344
260.045,12:57:30.935,459.812,36.362,16719.773,0.000,0.000,0.000,0.000,0.000,0.000,1.000,1.000,0.000,49.121,48.941,0.940,66.365,5.000,100.0,47.0,35.74359130859375,-53.846153259277344
260.109,12:57:31.080,463.769,35.421,16427.326,0.000,0.000,0.000,0.000,0.000,0.000,1.000,1.000,0.000,48.759,48.941,0.940,66.391,5.000,100.0,47.0,35.74359130859375,-53.846153259277344
260.252,12:57:31.143,463.769,35.421,16427.326,0.000,0.000,0.000,0.000,0.000,0.000,1.000,1.000,0.000,48.759,48.941,0.940,66.391,5.000,100.0,47.0,35.74359130859375,-53.846153259277344
260.317,12:57:31.208,463.769,35.421,16427.326,0.000,0.000,0.000,0.000,0.000,0.000,1.000,1.000,0.000,48.759,48.941,0.940,66.391,5.000,100.0,47.0,35.74359130859375,-53.846153259277344
260.380,12:57:31.351,463.769,35.421,16427.326,0.000,0.000,0.000,0.000,0.000,0.000,1.000,1.000,0.000,48.759,48.941,0.940,66.391,5.000,100.0,47.0,35.74359130859375,-53.846153259277344
260.525,12:57:31.415,462.099,35.826,16555.137,0.000,0.000,0.000,0.000,0.000,0.000,1.000,1.000,0.000,48.759,48.941,0.940,66.391,5.000,100.0,47.0,35.74359130859375,-53.846153259277344
260.588,12:57:31.670,462.099,35.826,16555.137,0.000,0.000,0.000,0.000,0.000,0.000,1.000,1.000,0.000,48.759,48.941,0.940,66.391,5.000,100.0,47.0,-44.512821197509766,40.30769348144531
260.843,12:57:31.815,462.099,35.826,16555.137,0.000,0.000,0.000,0.000,0.000,0.000,1.000,1.000,0.000,48.759,48.941,0.940,66.402,5.000,100.0,47.0,-44.512821197509766,40.30769348144531
260.988,12:57:31.879,463.628,35.462,16441.121,0.000,0.000,0.000,0.000,0.000,0.000,1.000,1.000,0.000,48.759,48.941,0.940,66.402,5.000,100.0,47.0,-44.512821197509766,40.30769348144531
261.051,12:57:31.942,463.628,35.462,16441.121,0.000,0.000,0.000,0.000,0.000,0.000,1.000,1.000,0.000,48.759,48.941,0.940,66.402,5.000,100.0,47.0,-44.512821197509766,40.30769348144531
261.116,12:57:32.087,463.628,35.462,16441.121,0.000,0.000,0.000,0.000,0.000,0.000,1.000,1.000,0.000,48.759,48.941,0.940,66.402,5.000,100.0,47.0,-44.512821197509766,40.30769348144531
261.260,12:57:32.150,463.628,35.462,16441.121,0.000,0.000,0.000,0.000,0.000,0.000,1.000,1.000,0.000,48.759,48.941,0.940,66.402,5.000,100.0,47.0,-44.512821197509766,40.30769348144531
261.324,12:57:32.214,462.371,35.762,16535.508,0.000,0.000,0.000,0.000,0.000,0.000,1.000,1.000,0.000,48.759,48.941,0.940,66.402,5.000,100.0,47.0,-44.512821197509766,40.30769348144531
261.388,12:57:32.358,462.371,35.762,16535.508,0.000,0.000,0.000,0.000,0.000,0.000,1.000,1.000,0.000,49.159,49.341,0.940,66.412,5.000,100.0,47.0,-44.512821197509766,40.30769348144531
261.531,12:57:32.422,462.371,35.762,16535.508,0.000,0.000,0.000,0.000,0.000,0.000,1.000,1.000,0.000,49.159,49.341,0.940,66.412,5.000,100.0,47.0,-44.512821197509766,40.30769348144531
261.595,12:57:32.677,462.371,35.762,16535.508,0.000,0.000,0.000,0.000,0.000,0.000,1.000,1.000,0.000,49.159,49.341,0.940,66.412,5.000,100.0,47.0,54.92307662963867,-19.794872283935547
261.851,12:57:32.822,458.281,36.711,16824.047,0.000,0.000,0.000,0.000,0.000,0.000,1.000,1.000,0.000,49.521,49.341,0.940,66.406,5.000,100.0,47.0,54.92307662963867,-19.794872283935547
261.996,12:57:32.886,458.281,36.711,16824.047,0.000,0.000,0.000,0.000,0.000,0.000,1.000,1.000,0.000,49.521,49.341,0.940,66.406,5.000,100.0,47.0,54.92307662963867,-19.794872283935547
262.059,12:57:32.949,458.281,36.711,16824.047,0.000,0.000,0.000,0.000,0.000,0.000,1.000,1.000,0.000,49.521,49.341,0.940,66.406,5.000,100.0,47.0,54.92307662963867,-19.794872283935547
262.124,12:57:33.094,459.619,36.421,16739.641,0.000,0.000,0.000,0.000,0.000,0.000,1.000,1.000,0.000,49.159,49.341,0.940,66.427,5.000,100.0,47.0,54.92307662963867,-19.794872283935547
262.267,12:57:33.158,459.619,36.421,16739.641,0.000,0.000,0.000,0.000,0.000,0.000,1.000,1.000,0.000,49.159,49.341,0.940,66.427,5.000,100.0,47.0,54.92307662963867,-19.794872283935547
262.332,12:57:33.222,459.619,36.421,16739.641,0.000,0.000,0.000,0.000,0.000,0.000,1.000,1.000,0.000,49.159,49.341,0.940,66.427,5.000,100.0,47.0,54.92307662963867,-19.794872283935547
262.395,12:57:33.366,459.619,36.421,16739.641,0.000,0.000,0.000,0.000,0.000,0.000,1.000,1.000,0.000,49.159,49.341,0.940,66.427,5.000,100.0,47.0,54.92307662963867,-19.794872283935547
262.540,12:57:33.430,463.417,35.520,16460.658,0.000,0.000,0.000,0.000,0.000,0.000,1.000,1.000,0.000,49.159,49.341,0.940,66.427,5.000,100.0,47.0,54.92307662963867,-19.794872283935547
262.603,12:57:33.685,463.417,35.520,16460.658,0.000,0.000,0.000,0.000,0.000,0.000,1.000,1.000,0.000,49.159,49.341,0.940,66.427,5.000,100.0,47.0,-41.128204345703125,45.43589782714844
262.859,12:57:33.829,463.417,35.520,16460.658,0.000,0.000,0.000,0.000,0.000,0.000,1.000,1.000,0.000,49.159,49.341,0.940,66.474,5.000,100.0,47.0,-41.128204345703125,45.43589782714844
263.003,12:57:33.893,462.492,35.739,16528.918,0.000,0.000,0.000,0.000,0.000,0.000,1.000,1.000,0.000,49.159,49.341,0.940,66.474,5.000,100.0,47.0,-41.128204345703125,45.43589782714844
263.066,12:57:33.957,462.492,35.739,16528.918,0.000,0.000,0.000,0.000,0.000,0.000,1.000,1.000,0.000,49.159,49.341,0.940,66.474,5.000,100.0,47.0,-41.128204345703125,45.43589782714844
263.130,12:57:34.102,462.492,35.739,16528.918,0.000,0.000,0.000,0.000,0.000,0.000,1.000,1.000,0.000,49.159,49.341,0.940,66.474,5.000,100.0,47.0,-41.128204345703125,45.43589782714844
263.274,12:57:34.164,462.492,35.739,16528.918,0.000,0.000,0.000,0.000,0.000,0.000,1.000,1.000,0.000,49.159,49.341,0.940,66.474,5.000,100.0,47.0,-41.128204345703125,45.43589782714844
263.338,12:57:34.228,458.391,36.692,16819.490,0.000,0.000,0.000,0.000,0.000,0.000,1.000,1.000,0.000,49.159,49.341,0.940,66.474,5.000,100.0,47.0,-41.128204345703125,45.43589782714844
263.402,12:57:34.372,458.391,36.692,16819.490,0.000,0.000,0.000,0.000,0.000,0.000,1.000,1.000,0.000,49.521,49.341,0.940,66.468,5.000,100.0,47.0,-41.128204345703125,45.43589782714844
263.546,12:57:34.436,458.391,36.692,16819.490,0.000,0.000,0.000,0.000,0.000,0.000,1.000,1.000,0.000,49.521,49.341,0.940,66.468,5.000,100.0,47.0,-41.128204345703125,45.43589782714844
263.610,12:57:34.692,458.391,36.692,16819.490,0.000,0.000,0.000,0.000,0.000,0.000,1.000,1.000,0.000,49.521,49.341,0.940,66.468,5.000,100.0,47.0,50.92307662963867,-25.384614944458008
263.866,12:57:34.837,463.318,35.550,16471.174,0.000,0.000,0.000,0.000,0.000,0.000,1.000,1.000,0.000,48.759,48.941,0.940,66.446,5.000,100.0,47.0,50.92307662963867,-25.384614944458008
264.010,12:57:34.900,463.318,35.550,16471.174,0.000,0.000,0.000,0.000,0.000,0.000,1.000,1.000,0.000,48.759,48.941,0.940,66.446,5.000,100.0,47.0,50.92307662963867,-25.384614944458008
264.073,12:57:34.964,463.318,35.550,16471.174,0.000,0.000,0.000,0.000,0.000,0.000,1.000,1.000,0.000,48.759,48.941,0.940,66.446,5.000,100.0,47.0,50.92307662963867,-25.384614944458008
264.139,12:57:35.108,463.318,35.550,16471.174,0.000,0.000,0.000,0.000,0.000,0.000,1.000,1.000,0.000,49.121,48.941,0.940,66.503,5.000,100.0,47.0,50.92307662963867,-25.384614944458008
264.281,12:57:35.172,459.664,36.416,16739.117,0.000,0.000,0.000,0.000,0.000,0.000,1.000,1.000,0.000,49.121,48.941,0.940,66.503,5.000,100.0,47.0,50.92307662963867,-25.384614944458008
264.346,12:57:35.237,459.664,36.416,16739.117,0.000,0.000,0.000,0.000,0.000,0.000,1.000,1.000,0.000,49.121,48.941,0.940,66.503,5.000,100.0,47.0,50.92307662963867,-25.384614944458008
264.410,12:57:35.380,459.664,36.416,16739.117,0.000,0.000,0.000,0.000,0.000,0.000,1.000,1.000,0.000,49.121,48.941,0.940,66.503,5.000,100.0,47.0,50.92307662963867,-25.384614944458008
264.554,12:57:35.445,462.859,35.668,16509.412,0.000,0.000,0.000,0.000,0.000,0.000,1.000,1.000,0.000,49.121,48.941,0.940,66.503,5.000,100.0,47.0,50.92307662963867,-25.384614944458008
264.618,12:57:35.700,462.859,35.668,16509.412,0.000,0.000,0.000,0.000,0.000,0.000,1.000,1.000,0.000,49.121,48.941,0.940,66.503,5.000,100.0,47.0,-52.97435760498047,21.538461685180664
264.874,12:57:35.844,462.859,35.668,16509.412,0.000,0.000,0.000,0.000,0.000,0.000,1.000,1.000,0.000,49.159,49.341,0.940,66.485,5.000,100.0,47.0,-52.97435760498047,21.538461685180664
265.017,12:57:35.908,458.815,36.619,16801.273,0.000,0.000,0.000,0.000,0.000,0.000,1.000,1.000,0.000,49.159,49.341,0.940,66.485,5.000,100.0,47.0,-52.97435760498047,21.538461685180664
265.081,12:57:35.971,458.815,36.619,16801.273,0.000,0.000,0.000,0.000,0.000,0.000,1.000,1.000,0.000,49.159,49.341,0.940,66.485,5.000,100.0,47.0,-52.97435760498047,21.538461685180664
265.146,12:57:36.116,458.815,36.619,16801.273,0.000,0.000,0.000,0.000,0.000,0.000,1.000,1.000,0.000,49.521,49.341,0.940,66.529,5.000,100.0,47.0,-52.97435760498047,21.538461685180664
265.289,12:57:36.180,458.815,36.619,16801.273,0.000,0.000,0.000,0.000,0.000,0.000,1.000,1.000,0.000,49.521,49.341,0.940,66.529,5.000,100.0,47.0,-52.97435760498047,21.538461685180664
265.353,12:57:36.243,458.815,36.619,16801.273,0.000,0.000,0.000,0.000,0.000,0.000,1.000,1.000,0.000,49.521,49.341,0.940,66.529,5.000,100.0,47.0,-52.97435760498047,21.538461685180664
265.417,12:57:36.388,462.812,35.683,16514.371,0.000,0.000,0.000,0.000,0.000,0.000,1.000,1.000,0.000,49.159,49.341,0.940,66.498,5.000,100.0,47.0,-52.97435760498047,21.538461685180664
265.562,12:57:36.452,462.812,35.683,16514.371,0.000,0.000,0.000,0.000,0.000,0.000,1.000,1.000,0.000,49.159,49.341,0.940,66.498,5.000,100.0,47.0,-52.97435760498047,21.538461685180664
265.626,12:57:36.707,462.812,35.683,16514.371,0.000,0.000,0.000,0.000,0.000,0.000,1.000,1.000,0.000,49.159,49.341,0.940,66.498,5.000,100.0,47.0,44.20512771606445,-50.153846740722656
265.881,12:57:36.852,458.799,36.620,16801.338,0.000,0.000,0.000,0.000,0.000,0.000,1.000,1.000,0.000,49.521,49.341,0.940,66.559,5.000,100.0,47.0,44.20512771606445,-50.153846740722656
266.025,12:57:36.916,458.799,36.620,16801.338,0.000,0.000,0.000,0.000,0.000,0.000,1.000,1.000,0.000,49.521,49.341,0.940,66.559,5.000,100.0,47.0,44.20512771606445,-50.153846740722656
266.089,12:57:36.980,458.799,36.620,16801.338,0.000,0.000,0.000,0.000,0.000,0.000,1.000,1.000,0.000,49.521,49.341,0.940,66.559,5.000,100.0,47.0,44.20512771606445,-50.153846740722656
266.153,12:57:37.123,458.799,36.620,16801.338,0.000,0.000,0.000,0.000,0.000,0.000,1.000,1.000,0.000,49.159,49.341,0.940,66.563,5.000,100.0,47.0,44.20512771606445,-50.153846740722656
266.297,12:57:37.187,462.769,35.702,16521.840,0.000,0.000,0.000,0.000,0.000,0.000,1.000,1.000,0.000,49.159,49.341,0.940,66.563,5.000,100.0,47.0,44.20512771606445,-50.153846740722656
266.361,12:57:37.251,462.769,35.702,16521.840,0.000,0.000,0.000,0.000,0.000,0.000,1.000,1.000,0.000,49.159,49.341,0.940,66.563,5.000,100.0,47.0,44.20512771606445,-50.153846740722656
266.425,12:57:37.395,462.769,35.702,16521.840,0.000,0.000,0.000,0.000,0.000,0.000,1.000,1.000,0.000,49.159,49.341,0.940,66.563,5.000,100.0,47.0,44.20512771606445,-50.153846740722656
266.568,12:57:37.458,462.769,35.702,16521.840,0.000,0.000,0.000,0.000,0.000,0.000,1.000,1.000,0.000,49.159,49.341,0.940,66.563,5.000,100.0,47.0,44.20512771606445,-50.153846740722656
266.632,12:57:37.715,405.193,32.003,12967.470,0.000,0.000,0.000,0.000,0.000,0.000,1.000,1.000,0.000,49.159,49.341,0.940,66.563,5.000,100.0,47.0,-0.20512820780277252,46.0
266.888,12:57:37.859,405.193,32.003,12967.470,0.000,0.000,0.000,0.000,0.000,0.000,1.000,1.000,0.000,49.121,44.571,0.940,66.602,5.000,100.0,47.0,-0.20512820780277252,46.0
267.192,12:57:38.163,492.703,0.861,423.997,0.000,0.000,0.000,0.000,0.000,0.000,1.000,1.000,0.000,0.100,0.100,0.010,67.556,5.000,100.0,47.0,-0.20512820780277252,46.0
267.336,12:57:38.227,492.703,0.861,423.997,0.000,0.000,0.000,0.000,0.000,0.000,1.000,1.000,0.000,0.100,0.100,0.010,67.556,5.000,100.0,47.0,-0.20512820780277252,46.0
267.400,12:57:38.291,492.703,0.861,423.997,0.000,0.000,0.000,0.000,0.000,0.000,1.000,1.000,0.000,0.100,0.100,0.010,67.556,5.000,100.0,47.0,-0.20512820780277252,46.0
267.464,12:57:38.434,492.703,0.861,423.997,0.000,0.000,0.000,0.000,0.000,0.000,1.000,1.000,0.000,0.100,0.100,0.010,67.060,5.000,100.0,47.0,-0.20512820780277252,46.0
267.609,12:57:38.499,494.416,0.895,442.419,0.000,0.000,0.000,0.000,0.000,0.000,1.000,1.000,0.000,0.100,0.100,0.010,67.060,5.000,100.0,47.0,-0.20512820780277252,46.0
267.671,12:57:38.754,494.416,0.895,442.419,0.000,0.000,0.000,0.000,0.000,0.000,1.000,1.000,0.000,0.100,0.100,0.010,67.060,5.000,100.0,47.0,0.05128205195069313,-0.1538461595773697
267.928,12:57:38.899,494.431,0.888,439.226,0.000,0.000,0.000,0.000,0.000,0.000,1.000,1.000,1.000,0.300,0.300,0.010,65.868,5.000,100.0,47.0,0.05128205195069313,-0.1538461595773697
268.072,12:57:38.963,494.431,0.888,439.226,0.000,0.000,0.000,0.000,0.000,0.000,1.000,1.000,1.000,0.300,0.300,0.010,65.868,5.000,100.0,47.0,0.05128205195069313,-0.1538461595773697
268.136,12:57:39.026,494.431,0.888,439.226,0.000,0.000,0.000,0.000,0.000,0.000,1.000,1.000,1.000,0.300,0.300,0.010,65.868,5.000,100.0,47.0,0.05128205195069313,-0.1538461595773697
268.199,12:57:39.169,494.431,0.888,439.226,0.000,0.000,0.000,0.000,0.000,0.000,1.000,1.000,1.000,0.300,0.300,0.010,65.868,5.000,100.0,47.0,0.05128205195069313,-0.1538461595773697
268.344,12:57:39.235,494.480,0.887,438.807,0.000,0.000,0.000,0.000,0.000,0.000,1.000,1.000,1.000,0.300,0.300,0.010,65.868,5.000,100.0,47.0,0.05128205195069313,-0.1538461595773697
268.408,12:57:39.299,494.480,0.887,438.807,0.000,0.000,0.000,0.000,0.000,0.000,1.000,1.000,1.000,0.300,0.300,0.010,65.868,5.000,100.0,47.0,0.05128205195069313,-0.1538461595773697
268.472,12:57:39.442,494.480,0.887,438.807,0.000,0.000,0.000,0.000,0.000,0.000,1.000,1.000,1.000,0.500,0.500,0.011,64.670,5.000,100.0,47.0,0.05128205195069313,-0.1538461595773697
268.615,12:57:39.505,494.480,0.887,438.807,0.000,0.000,0.000,0.000,0.000,0.000,1.000,1.000,1.000,0.500,0.500,0.011,64.670,5.000,100.0,47.0,0.05128205195069313,-0.1538461595773697
268.679,12:57:39.762,494.480,0.887,438.807,0.000,0.000,0.000,0.000,0.000,0.000,1.000,1.000,1.000,0.500,0.500,0.011,64.670,5.000,100.0,47.0,0.0,0.0
268.936,12:57:39.905,494.587,0.883,436.814,0.000,0.000,0.000,0.000,0.000,0.000,1.000,1.000,0.000,0.700,0.700,0.016,63.531,5.000,100.0,47.0,0.0,0.0
269.079,12:57:39.969,494.587,0.883,436.814,0.000,0.000,0.000,0.000,0.000,0.000,1.000,1.000,0.000,0.700,0.700,0.016,63.531,5.000,100.0,47.0,0.0,0.0
269.143,12:57:40.033,494.614,0.881,436.001,0.000,0.000,0.000,0.000,0.000,0.000,1.000,1.000,0.000,0.700,0.700,0.016,63.531,5.000,100.0,47.0,0.0,0.0
269.207,12:57:40.178,494.614,0.881,436.001,0.000,0.000,0.000,0.000,0.000,0.000,1.000,1.000,0.000,0.719,0.900,0.016,62.505,5.000,100.0,47.0,0.0,0.0
269.350,12:57:40.241,494.614,0.881,436.001,0.000,0.000,0.000,0.000,0.000,0.000,1.000,1.000,0.000,0.719,0.900,0.016,62.505,5.000,100.0,47.0,0.0,0.0
269.414,12:57:40.305,494.614,0.881,436.001,0.000,0.000,0.000,0.000,0.000,0.000,1.000,1.000,0.000,0.719,0.900,0.016,62.505,5.000,100.0,47.0,0.0,0.0
269.479,12:57:40.449,494.614,0.881,436.001,0.000,0.000,0.000,0.000,0.000,0.000,1.000,1.000,1.000,0.900,0.900,0.020,61.558,5.000,100.0,47.0,0.0,0.0
269.623,12:57:40.513,494.625,0.878,434.196,0.000,0.000,0.000,0.000,0.000,0.000,1.000,1.000,1.000,0.900,0.900,0.020,61.558,5.000,100.0,47.0,0.0,0.0
269.687,12:57:40.769,494.625,0.878,434.196,0.000,0.000,0.000,0.000,0.000,0.000,1.000,1.000,1.000,0.900,0.900,0.020,61.558,5.000,100.0,47.0,-0.20512820780277252,0.05128205195069313
269.942,12:57:40.914,494.625,0.878,434.196,0.000,0.000,0.000,0.000,0.000,0.000,1.000,1.000,1.000,1.100,1.100,0.024,60.729,5.000,100.0,47.0,-0.20512820780277252,0.05128205195069313
270.087,12:57:40.978,494.625,0.895,442.679,0.000,0.000,0.000,0.000,0.000,0.000,1.000,1.000,1.000,1.100,1.100,0.024,60.729,5.000,100.0,47.0,-0.20512820780277252,0.05128205195069313
270.150,12:57:41.041,494.625,0.895,442.679,0.000,0.000,0.000,0.000,0.000,0.000,1.000,1.000,1.000,1.100,1.100,0.024,60.729,5.000,100.0,47.0,-0.20512820780277252,0.05128205195069313
270.214,12:57:41.185,494.625,0.895,442.679,0.000,0.000,0.000,0.000,0.000,0.000,1.000,1.000,1.000,1.100,1.100,0.024,60.729,5.000,100.0,47.0,-0.20512820780277252,0.05128205195069313
270.359,12:57:41.249,494.409,0.947,468.404,0.000,0.000,0.000,0.000,0.000,0.000,1.000,1.000,1.000,1.100,1.100,0.024,60.729,5.000,100.0,47.0,-0.20512820780277252,0.05128205195069313
270.422,12:57:41.313,494.409,0.947,468.404,0.000,0.000,0.000,0.000,0.000,0.000,1.000,1.000,1.000,1.100,1.100,0.024,60.729,5.000,100.0,47.0,-0.20512820780277252,0.05128205195069313
270.486,12:57:41.456,494.409,0.947,468.404,0.000,0.000,0.000,0.000,0.000,0.000,1.000,1.000,1.000,1.299,1.300,0.029,60.018,5.000,100.0,47.0,-0.20512820780277252,0.05128205195069313
270.630,12:57:41.520,494.409,0.947,468.404,0.000,0.000,0.000,0.000,0.000,0.000,1.000,1.000,1.000,1.299,1.300,0.029,60.018,5.000,100.0,47.0,-0.20512820780277252,0.05128205195069313
270.695,12:57:41.792,494.409,0.947,468.404,0.000,0.000,0.000,0.000,0.000,0.000,1.000,1.000,1.000,1.299,1.300,0.029,60.018,5.000,100.0,47.0,2.5128204822540283,-0.10256410390138626
270.966,12:57:41.936,494.462,0.954,471.645,0.000,0.000,0.000,0.000,0.000,0.000,1.000,1.000,1.000,1.499,1.500,0.033,59.317,5.000,100.0,47.0,2.5128204822540283,-0.10256410390138626
271.110,12:57:42.001,494.462,0.954,471.645,0.000,0.000,0.000,0.000,0.000,0.000,1.000,1.000,1.000,1.499,1.500,0.033,59.317,5.000,100.0,47.0,2.5128204822540283,-0.10256410390138626
271.174,12:57:42.064,494.445,0.960,474.661,0.000,0.000,0.000,0.000,0.000,0.000,1.000,1.000,1.000,1.499,1.500,0.033,59.317,5.000,100.0,47.0,2.5128204822540283,-0.10256410390138626
271.573,12:57:42.545,494.452,0.969,479.149,0.000,0.000,0.000,0.000,0.000,0.000,1.000,1.000,1.000,1.699,1.700,0.038,58.235,5.000,100.0,47.0,2.5128204822540283,-0.10256410390138626
271.718,12:57:42.800,494.452,0.969,479.149,0.000,0.000,0.000,0.000,0.000,0.000,1.000,1.000,1.000,1.699,1.700,0.038,58.235,5.000,100.0,47.0,1.4871795177459717,-3.692307710647583
271.974,12:57:42.944,494.452,0.969,479.149,0.000,0.000,0.000,0.000,0.000,0.000,1.000,1.000,1.000,1.899,1.900,0.042,57.817,5.000,100.0,47.0,1.4871795177459717,-3.692307710647583
272.117,12:57:43.008,494.387,0.996,492.293,0.000,0.000,0.000,0.000,0.000,0.000,1.000,1.000,1.000,1.899,1.900,0.042,57.817,5.000,100.0,47.0,1.4871795177459717,-3.692307710647583
272.181,12:57:43.071,494.387,0.996,492.293,0.000,0.000,0.000,0.000,0.000,0.000,1.000,1.000,1.000,1.899,1.900,0.042,57.817,5.000,100.0,47.0,1.4871795177459717,-3.692307710647583
272.245,12:57:43.216,494.387,0.996,492.293,0.000,0.000,0.000,0.000,0.000,0.000,1.000,1.000,1.000,1.899,1.900,0.042,57.817,5.000,100.0,47.0,1.4871795177459717,-3.692307710647583
272.389,12:57:43.279,494.302,1.028,508.203,0.000,0.000,0.000,0.000,0.000,0.000,1.000,1.000,1.000,1.899,1.900,0.042,57.817,5.000,100.0,47.0,1.4871795177459717,-3.692307710647583
272.453,12:57:43.344,494.302,1.028,508.203,0.000,0.000,0.000,0.000,0.000,0.000,1.000,1.000,1.000,1.899,1.900,0.042,57.817,5.000,100.0,47.0,1.4871795177459717,-3.692307710647583
272.517,12:57:43.487,494.302,1.028,508.203,0.000,0.000,0.000,0.000,0.000,0.000,1.000,1.000,1.000,2.099,2.100,0.047,57.450,5.000,100.0,47.0,1.4871795177459717,-3.692307710647583
272.661,12:57:43.552,494.302,1.028,508.203,0.000,0.000,0.000,0.000,0.000,0.000,1.000,1.000,1.000,2.099,2.100,0.047,57.450,5.000,100.0,47.0,1.4871795177459717,-3.692307710647583
272.725,12:57:43.807,494.302,1.028,508.203,0.000,0.000,0.000,0.000,0.000,0.000,1.000,1.000,1.000,2.099,2.100,0.047,57.450,5.000,100.0,47.0,-5.589743614196777,6.256410121917725
272.980,12:57:43.951,494.343,1.027,507.444,0.000,0.000,0.000,0.000,0.000,0.000,1.000,1.000,0.000,2.299,2.300,0.051,57.077,5.000,100.0,47.0,-5.589743614196777,6.256410121917725
273.125,12:57:44.015,494.343,1.027,507.444,0.000,0.000,0.000,0.000,0.000,0.000,1.000,1.000,0.000,2.299,2.300,0.051,57.077,5.000,100.0,47.0,-5.589743614196777,6.256410121917725
273.189,12:57:44.079,494.343,1.027,507.444,0.000,0.000,0.000,0.000,0.000,0.000,1.000,1.000,0.000,2.299,2.300,0.051,57.077,5.000,100.0,47.0,-5.589743614196777,6.256410121917725
273.252,12:57:44.223,494.206,1.069,528.330,0.000,0.000,0.000,0.000,0.000,0.000,1.000,1.000,0.000,2.318,2.500,0.052,56.743,5.000,100.0,47.0,-5.589743614196777,6.256410121917725
273.396,12:57:44.287,494.206,1.069,528.330,0.000,0.000,0.000,0.000,0.000,0.000,1.000,1.000,0.000,2.318,2.500,0.052,56.743,5.000,100.0,47.0,-5.589743614196777,6.256410121917725
273.461,12:57:44.352,494.206,1.069,528.330,0.000,0.000,0.000,0.000,0.000,0.000,1.000,1.000,0.000,2.318,2.500,0.052,56.743,5.000,100.0,47.0,-5.589743614196777,6.256410121917725
273.525,12:57:44.495,494.206,1.069,528.330,0.000,0.000,0.000,0.000,0.000,0.000,1.000,1.000,0.000,2.318,2.500,0.052,56.743,5.000,100.0,47.0,-5.589743614196777,6.256410121917725
273.669,12:57:44.559,494.082,1.105,545.797,0.000,0.000,0.000,0.000,0.000,0.000,1.000,1.000,0.000,2.318,2.500,0.052,56.743,5.000,100.0,47.0,-5.589743614196777,6.256410121917725
273.732,12:57:44.814,494.082,1.105,545.797,0.000,0.000,0.000,0.000,0.000,0.000,1.000,1.000,0.000,2.318,2.500,0.052,56.743,5.000,100.0,47.0,-5.743589878082275,4.0
273.988,12:57:44.959,494.082,1.105,545.797,0.000,0.000,0.000,0.000,0.000,0.000,1.000,1.000,1.000,2.700,2.700,0.060,56.208,5.000,100.0,47.0,-5.743589878082275,4.0
274.133,12:57:45.023,494.008,1.137,561.709,0.000,0.000,0.000,0.000,0.000,0.000,1.000,1.000,1.000,2.700,2.700,0.060,56.208,5.000,100.0,47.0,-5.743589878082275,4.0
274.196,12:57:45.086,494.008,1.137,561.709,0.000,0.000,0.000,0.000,0.000,0.000,1.000,1.000,1.000,2.700,2.700,0.060,56.208,5.000,100.0,47.0,-5.743589878082275,4.0
274.260,12:57:45.230,494.008,1.137,561.709,0.000,0.000,0.000,0.000,0.000,0.000,1.000,1.000,1.000,2.700,2.700,0.060,56.208,5.000,100.0,47.0,-5.743589878082275,4.0
274.404,12:57:45.295,494.008,1.137,561.709,0.000,0.000,0.000,0.000,0.000,0.000,1.000,1.000,1.000,2.700,2.700,0.060,56.208,5.000,100.0,47.0,-5.743589878082275,4.0
274.468,12:57:45.358,493.872,1.179,582.171,0.000,0.000,0.000,0.000,0.000,0.000,1.000,1.000,1.000,2.700,2.700,0.060,56.208,5.000,100.0,47.0,-5.743589878082275,4.0
274.532,12:57:45.502,493.872,1.179,582.171,0.000,0.000,0.000,0.000,0.000,0.000,1.000,1.000,0.000,2.900,2.900,0.065,56.010,5.000,100.0,47.0,-5.743589878082275,4.0
274.676,12:57:45.566,493.872,1.179,582.171,0.000,0.000,0.000,0.000,0.000,0.000,1.000,1.000,0.000,2.900,2.900,0.065,56.010,5.000,100.0,47.0,-5.743589878082275,4.0
274.740,12:57:45.822,493.872,1.179,582.171,0.000,0.000,0.000,0.000,0.000,0.000,1.000,1.000,0.000,2.900,2.900,0.065,56.010,5.000,100.0,47.0,6.051281929016113,3.2820513248443604
274.995,12:57:45.966,493.838,1.201,593.294,0.000,0.000,0.000,0.000,0.000,0.000,1.000,1.000,0.000,3.100,3.100,0.069,55.834,5.000,100.0,47.0,6.051281929016113,3.2820513248443604
275.140,12:57:46.030,493.838,1.201,593.294,0.000,0.000,0.000,0.000,0.000,0.000,1.000,1.000,0.000,3.100,3.100,0.069,55.834,5.000,100.0,47.0,6.051281929016113,3.2820513248443604
275.204,12:57:46.094,493.838,1.201,593.294,0.000,0.000,0.000,0.000,0.000,0.000,1.000,1.000,0.000,3.100,3.100,0.069,55.834,5.000,100.0,47.0,6.051281929016113,3.2820513248443604
275.267,12:57:46.237,493.675,1.260,622.021,0.000,0.000,0.000,0.000,0.000,0.000,1.000,1.000,0.000,3.119,3.300,0.069,55.707,5.000,100.0,47.0,6.051281929016113,3.2820513248443604
275.412,12:57:46.302,493.675,1.260,622.021,0.000,0.000,0.000,0.000,0.000,0.000,1.000,1.000,0.000,3.119,3.300,0.069,55.707,5.000,100.0,47.0,6.051281929016113,3.2820513248443604
275.476,12:57:46.366,493.675,1.260,622.021,0.000,0.000,0.000,0.000,0.000,0.000,1.000,1.000,0.000,3.119,3.300,0.069,55.707,5.000,100.0,47.0,6.051281929016113,3.2820513248443604
275.539,12:57:46.509,493.675,1.260,622.021,0.000,0.000,0.000,0.000,0.000,0.000,1.000,1.000,0.000,3.119,3.300,0.069,55.707,5.000,100.0,47.0,6.051281929016113,3.2820513248443604
275.683,12:57:46.573,493.423,1.338,660.228,0.000,0.000,0.000,0.000,0.000,0.000,1.000,1.000,0.000,3.119,3.300,0.069,55.707,5.000,100.0,47.0,6.051281929016113,3.2820513248443604
275.747,12:57:46.829,493.423,1.338,660.228,0.000,0.000,0.000,0.000,0.000,0.000,1.000,1.000,0.000,3.119,3.300,0.069,55.707,5.000,100.0,47.0,-12.256410598754883,2.615384578704834
276.003,12:57:46.974,493.423,1.338,660.228,0.000,0.000,0.000,0.000,0.000,0.000,1.000,1.000,0.000,3.500,3.500,0.078,55.469,5.000,100.0,47.0,-12.256410598754883,2.615384578704834
276.146,12:57:47.037,493.180,1.438,709.031,0.000,0.000,0.000,0.000,0.000,0.000,1.000,1.000,0.000,3.500,3.500,0.078,55.469,5.000,100.0,47.0,-12.256410598754883,2.615384578704834
276.211,12:57:47.102,493.180,1.438,709.031,0.000,0.000,0.000,0.000,0.000,0.000,1.000,1.000,0.000,3.500,3.500,0.078,55.469,5.000,100.0,47.0,-12.256410598754883,2.615384578704834
276.274,12:57:47.246,493.180,1.438,709.031,0.000,0.000,0.000,0.000,0.000,0.000,1.000,1.000,0.000,3.500,3.500,0.078,55.469,5.000,100.0,47.0,-12.256410598754883,2.615384578704834
276.419,12:57:47.310,493.180,1.438,709.031,0.000,0.000,0.000,0.000,0.000,0.000,1.000,1.000,0.000,3.500,3.500,0.078,55.469,5.000,100.0,47.0,-12.256410598754883,2.615384578704834
276.482,12:57:47.372,492.825,1.529,753.655,0.000,0.000,0.000,0.000,0.000,0.000,1.000,1.000,0.000,3.500,3.500,0.078,55.469,5.000,100.0,47.0,-12.256410598754883,2.615384578704834
276.546,12:57:47.517,492.825,1.529,753.655,0.000,0.000,0.000,0.000,0.000,0.000,1.000,1.000,0.000,3.700,3.700,0.083,55.401,5.000,100.0,47.0,-12.256410598754883,2.615384578704834
276.691,12:57:47.582,492.825,1.529,753.655,0.000,0.000,0.000,0.000,0.000,0.000,1.000,1.000,0.000,3.700,3.700,0.083,55.401,5.000,100.0,47.0,-12.256410598754883,2.615384578704834
276.754,12:57:47.836,492.825,1.529,753.655,0.000,0.000,0.000,0.000,0.000,0.000,1.000,1.000,0.000,3.700,3.700,0.083,55.401,5.000,100.0,47.0,2.6666667461395264,14.410256385803223
277.010,12:57:47.981,492.629,1.610,792.968,0.000,0.000,0.000,0.000,0.000,0.000,1.000,1.000,0.000,3.900,3.900,0.087,55.329,5.000,100.0,47.0,2.6666667461395264,14.410256385803223
277.155,12:57:48.045,492.629,1.610,792.968,0.000,0.000,0.000,0.000,0.000,0.000,1.000,1.000,0.000,3.900,3.900,0.087,55.329,5.000,100.0,47.0,2.6666667461395264,14.410256385803223
277.218,12:57:48.108,492.629,1.610,792.968,0.000,0.000,0.000,0.000,0.000,0.000,1.000,1.000,0.000,3.900,3.900,0.087,55.329,5.000,100.0,47.0,2.6666667461395264,14.410256385803223
277.282,12:57:48.253,492.451,1.658,816.604,0.000,0.000,0.000,0.000,0.000,0.000,1.000,1.000,0.000,3.919,4.100,0.088,55.323,5.000,100.0,47.0,2.6666667461395264,14.410256385803223
277.426,12:57:48.317,492.451,1.658,816.604,0.000,0.000,0.000,0.000,0.000,0.000,1.000,1.000,0.000,3.919,4.100,0.088,55.323,5.000,100.0,47.0,2.6666667461395264,14.410256385803223
277.491,12:57:48.381,492.451,1.658,816.604,0.000,0.000,0.000,0.000,0.000,0.000,1.000,1.000,0.000,3.919,4.100,0.088,55.323,5.000,100.0,47.0,2.6666667461395264,14.410256385803223
277.554,12:57:48.525,492.451,1.658,816.604,0.000,0.000,0.000,0.000,0.000,0.000,1.000,1.000,0.000,3.919,4.100,0.088,55.323,5.000,100.0,47.0,2.6666667461395264,14.410256385803223
277.697,12:57:48.588,492.063,1.787,879.238,0.000,0.000,0.000,0.000,0.000,0.000,1.000,1.000,0.000,3.919,4.100,0.088,55.323,5.000,100.0,47.0,2.6666667461395264,14.410256385803223
277.761,12:57:48.843,492.063,1.787,879.238,0.000,0.000,0.000,0.000,0.000,0.000,1.000,1.000,0.000,3.919,4.100,0.088,55.323,5.000,100.0,47.0,18.102563858032227,-5.435897350311279
278.018,12:57:48.987,492.063,1.787,879.238,0.000,0.000,0.000,0.000,0.000,0.000,1.000,1.000,1.000,4.300,4.300,0.096,55.321,5.000,100.0,47.0,18.102563858032227,-5.435897350311279
278.161,12:57:49.052,491.596,1.923,945.347,0.000,0.000,0.000,0.000,0.000,0.000,1.000,1.000,1.000,4.300,4.300,0.096,55.321,5.000,100.0,47.0,18.102563858032227,-5.435897350311279
278.225,12:57:49.115,491.596,1.923,945.347,0.000,0.000,0.000,0.000,0.000,0.000,1.000,1.000,1.000,4.300,4.300,0.096,55.321,5.000,100.0,47.0,18.102563858032227,-5.435897350311279
278.290,12:57:49.261,491.596,1.923,945.347,0.000,0.000,0.000,0.000,0.000,0.000,1.000,1.000,1.000,4.300,4.300,0.096,55.321,5.000,100.0,47.0,18.102563858032227,-5.435897350311279
278.434,12:57:49.324,491.596,1.923,945.347,0.000,0.000,0.000,0.000,0.000,0.000,1.000,1.000,1.000,4.300,4.300,0.096,55.321,5.000,100.0,47.0,18.102563858032227,-5.435897350311279
278.497,12:57:49.387,491.072,2.067,1015.270,0.000,0.000,0.000,0.000,0.000,0.000,1.000,1.000,1.000,4.300,4.300,0.096,55.321,5.000,100.0,47.0,18.102563858032227,-5.435897350311279
278.560,12:57:49.532,491.072,2.067,1015.270,0.000,0.000,0.000,0.000,0.000,0.000,1.000,1.000,0.000,4.500,4.500,0.101,55.374,5.000,100.0,47.0,18.102563858032227,-5.435897350311279
278.705,12:57:49.596,491.072,2.067,1015.270,0.000,0.000,0.000,0.000,0.000,0.000,1.000,1.000,0.000,4.500,4.500,0.101,55.374,5.000,100.0,47.0,18.102563858032227,-5.435897350311279
278.768,12:57:49.851,491.072,2.067,1015.270,0.000,0.000,0.000,0.000,0.000,0.000,1.000,1.000,0.000,4.500,4.500,0.101,55.374,5.000,100.0,47.0,-2.8205127716064453,-20.0
279.025,12:57:49.996,490.812,2.152,1056.316,0.000,0.000,0.000,0.000,0.000,0.000,1.000,1.000,0.000,4.700,4.700,0.105,55.407,5.000,100.0,47.0,-2.8205127716064453,-20.0
279.169,12:57:50.060,490.812,2.152,1056.316,0.000,0.000,0.000,0.000,0.000,0.000,1.000,1.000,0.000,4.700,4.700,0.105,55.407,5.000,100.0,47.0,-2.8205127716064453,-20.0
279.233,12:57:50.124,490.812,2.152,1056.316,0.000,0.000,0.000,0.000,0.000,0.000,1.000,1.000,0.000,4.700,4.700,0.105,55.407,5.000,100.0,47.0,-2.8205127716064453,-20.0
279.296,12:57:50.267,490.590,2.230,1094.142,0.000,0.000,0.000,0.000,0.000,0.000,1.000,1.000,0.000,4.719,4.900,0.106,55.489,5.000,100.0,47.0,-2.8205127716064453,-20.0
279.441,12:57:50.332,490.590,2.230,1094.142,0.000,0.000,0.000,0.000,0.000,0.000,1.000,1.000,0.000,4.719,4.900,0.106,55.489,5.000,100.0,47.0,-2.8205127716064453,-20.0
279.505,12:57:50.395,490.590,2.230,1094.142,0.000,0.000,0.000,0.000,0.000,0.000,1.000,1.000,0.000,4.719,4.900,0.106,55.489,5.000,100.0,47.0,-2.8205127716064453,-20.0
279.568,12:57:50.539,490.590,2.230,1094.142,0.000,0.000,0.000,0.000,0.000,0.000,1.000,1.000,0.000,4.719,4.900,0.106,55.489,5.000,100.0,47.0,-2.8205127716064453,-20.0
279.712,12:57:50.603,489.958,2.428,1189.544,0.000,0.000,0.000,0.000,0.000,0.000,1.000,1.000,0.000,4.719,4.900,0.106,55.489,5.000,100.0,47.0,-2.8205127716064453,-20.0
279.776,12:57:50.858,489.958,2.428,1189.544,0.000,0.000,0.000,0.000,0.000,0.000,1.000,1.000,0.000,4.719,4.900,0.106,55.489,5.000,100.0,47.0,17.538461685180664,-25.94871711730957
280.033,12:57:51.002,489.958,2.428,1189.544,0.000,0.000,0.000,0.000,0.000,0.000,1.000,1.000,0.000,4.900,4.900,0.110,55.564,5.000,100.0,47.0,17.538461685180664,-25.94871711730957
280.176,12:57:51.067,489.269,2.612,1277.851,0.000,0.000,0.000,0.000,0.000,0.000,1.000,1.000,0.000,4.900,4.900,0.110,55.564,5.000,100.0,47.0,17.538461685180664,-25.94871711730957
280.241,12:57:51.131,489.269,2.612,1277.851,0.000,0.000,0.000,0.000,0.000,0.000,1.000,1.000,0.000,4.900,4.900,0.110,55.564,5.000,100.0,47.0,17.538461685180664,-25.94871711730957
280.304,12:57:51.274,489.269,2.612,1277.851,0.000,0.000,0.000,0.000,0.000,0.000,1.000,1.000,0.000,5.100,5.100,0.115,55.658,5.000,100.0,47.0,17.538461685180664,-25.94871711730957
280.449,12:57:51.339,489.269,2.612,1277.851,0.000,0.000,0.000,0.000,0.000,0.000,1.000,1.000,0.000,5.100,5.100,0.115,55.658,5.000,100.0,47.0,17.538461685180664,-25.94871711730957
280.512,12:57:51.403,489.269,2.612,1277.851,0.000,0.000,0.000,0.000,0.000,0.000,1.000,1.000,0.000,5.100,5.100,0.115,55.658,5.000,100.0,47.0,17.538461685180664,-25.94871711730957
280.576,12:57:51.546,488.659,2.787,1361.820,0.000,0.000,0.000,0.000,0.000,0.000,1.000,1.000,0.000,5.300,5.300,0.119,55.776,5.000,100.0,47.0,17.538461685180664,-25.94871711730957
280.720,12:57:51.610,488.659,2.787,1361.820,0.000,0.000,0.000,0.000,0.000,0.000,1.000,1.000,0.000,5.300,5.300,0.119,55.776,5.000,100.0,47.0,17.538461685180664,-25.94871711730957
280.783,12:57:51.866,488.659,2.787,1361.820,0.000,0.000,0.000,0.000,0.000,0.000,1.000,1.000,0.000,5.300,5.300,0.119,55.776,5.000,100.0,47.0,-22.71794891357422,0.05128205195069313
281.040,12:57:52.009,488.349,2.877,1404.865,0.000,0.000,0.000,0.000,0.000,0.000,1.000,1.000,0.000,5.500,5.500,0.124,55.914,5.000,100.0,47.0,-22.71794891357422,0.05128205195069313
281.184,12:57:52.075,488.349,2.877,1404.865,0.000,0.000,0.000,0.000,0.000,0.000,1.000,1.000,0.000,5.500,5.500,0.124,55.914,5.000,100.0,47.0,-22.71794891357422,0.05128205195069313
281.248,12:57:52.138,488.349,2.877,1404.865,0.000,0.000,0.000,0.000,0.000,0.000,1.000,1.000,0.000,5.500,5.500,0.124,55.914,5.000,100.0,47.0,-22.71794891357422,0.05128205195069313
281.311,12:57:52.283,488.349,2.877,1404.865,0.000,0.000,0.000,0.000,0.000,0.000,1.000,1.000,0.000,5.519,5.700,0.124,56.073,5.000,100.0,47.0,-22.71794891357422,0.05128205195069313
281.456,12:57:52.346,487.872,3.021,1473.914,0.000,0.000,0.000,0.000,0.000,0.000,1.000,1.000,0.000,5.519,5.700,0.124,56.073,5.000,100.0,47.0,-22.71794891357422,0.05128205195069313
281.519,12:57:52.410,487.872,3.021,1473.914,0.000,0.000,0.000,0.000,0.000,0.000,1.000,1.000,0.000,5.519,5.700,0.124,56.073,5.000,100.0,47.0,-22.71794891357422,0.05128205195069313
281.583,12:57:52.553,487.872,3.021,1473.914,0.000,0.000,0.000,0.000,0.000,0.000,1.000,1.000,0.000,5.519,5.700,0.124,56.073,5.000,100.0,47.0,-22.71794891357422,0.05128205195069313
281.727,12:57:52.617,487.872,3.021,1473.914,0.000,0.000,0.000,0.000,0.000,0.000,1.000,1.000,0.000,5.519,5.700,0.124,56.073,5.000,100.0,47.0,-22.71794891357422,0.05128205195069313
281.790,12:57:52.873,487.047,3.255,1585.150,0.000,0.000,0.000,0.000,0.000,0.000,1.000,1.000,0.000,5.519,5.700,0.124,56.073,5.000,100.0,47.0,25.435897827148438,0.8717948794364929
282.047,12:57:53.017,487.047,3.255,1585.150,0.000,0.000,0.000,0.000,0.000,0.000,1.000,1.000,0.000,5.700,5.700,0.129,56.205,5.000,100.0,47.0,25.435897827148438,0.8717948794364929
282.192,12:57:53.082,486.185,3.490,1696.969,0.000,0.000,0.000,0.000,0.000,0.000,1.000,1.000,0.000,5.700,5.700,0.129,56.205,5.000,100.0,47.0,25.435897827148438,0.8717948794364929
282.255,12:57:53.146,486.185,3.490,1696.969,0.000,0.000,0.000,0.000,0.000,0.000,1.000,1.000,0.000,5.700,5.700,0.129,56.205,5.000,100.0,47.0,25.435897827148438,0.8717948794364929
282.319,12:57:53.290,486.185,3.490,1696.969,0.000,0.000,0.000,0.000,0.000,0.000,1.000,1.000,0.000,5.900,5.900,0.133,56.476,5.000,100.0,47.0,25.435897827148438,0.8717948794364929
282.463,12:57:53.354,486.185,3.490,1696.969,0.000,0.000,0.000,0.000,0.000,0.000,1.000,1.000,0.000,5.900,5.900,0.133,56.476,5.000,100.0,47.0,25.435897827148438,0.8717948794364929
282.526,12:57:53.417,486.185,3.490,1696.969,0.000,0.000,0.000,0.000,0.000,0.000,1.000,1.000,0.000,5.900,5.900,0.133,56.476,5.000,100.0,47.0,25.435897827148438,0.8717948794364929
282.590,12:57:53.561,485.247,3.734,1812.019,0.000,0.000,0.000,0.000,0.000,0.000,1.000,1.000,0.000,6.100,6.100,0.138,56.671,5.000,100.0,47.0,25.435897827148438,0.8717948794364929
282.735,12:57:53.626,485.247,3.734,1812.019,0.000,0.000,0.000,0.000,0.000,0.000,1.000,1.000,0.000,6.100,6.100,0.138,56.671,5.000,100.0,47.0,25.435897827148438,0.8717948794364929
282.798,12:57:53.897,485.247,3.734,1812.019,0.000,0.000,0.000,0.000,0.000,0.000,1.000,1.000,0.000,6.100,6.100,0.138,56.671,5.000,100.0,47.0,23.846153259277344,-36.20512771606445
283.070,12:57:54.041,485.078,3.800,1843.486,0.000,0.000,0.000,0.000,0.000,0.000,1.000,1.000,0.000,6.300,6.300,0.143,56.851,5.000,100.0,47.0,23.846153259277344,-36.20512771606445
283.214,12:57:54.104,485.078,3.800,1843.486,0.000,0.000,0.000,0.000,0.000,0.000,1.000,1.000,0.000,6.300,6.300,0.143,56.851,5.000,100.0,47.0,23.846153259277344,-36.20512771606445
283.278,12:57:54.169,485.078,3.800,1843.486,0.000,0.000,0.000,0.000,0.000,0.000,1.000,1.000,0.000,6.300,6.300,0.143,56.851,5.000,100.0,47.0,23.846153259277344,-36.20512771606445
283.342,12:57:54.313,485.078,3.800,1843.486,0.000,0.000,0.000,0.000,0.000,0.000,1.000,1.000,0.000,6.319,6.500,0.144,57.058,5.000,100.0,47.0,23.846153259277344,-36.20512771606445
283.486,12:57:54.376,484.238,4.018,1945.672,0.000,0.000,0.000,0.000,0.000,0.000,1.000,1.000,0.000,6.319,6.500,0.144,57.058,5.000,100.0,47.0,23.846153259277344,-36.20512771606445
283.550,12:57:54.441,484.238,4.018,1945.672,0.000,0.000,0.000,0.000,0.000,0.000,1.000,1.000,0.000,6.319,6.500,0.144,57.058,5.000,100.0,47.0,23.846153259277344,-36.20512771606445
283.614,12:57:54.584,484.238,4.018,1945.672,0.000,0.000,0.000,0.000,0.000,0.000,1.000,1.000,0.000,6.319,6.500,0.144,57.058,5.000,100.0,47.0,23.846153259277344,-36.20512771606445
283.758,12:57:54.648,484.238,4.018,1945.672,0.000,0.000,0.000,0.000,0.000,0.000,1.000,1.000,0.000,6.319,6.500,0.144,57.058,5.000,100.0,47.0,23.846153259277344,-36.20512771606445
283.822,12:57:54.904,483.174,4.301,2078.015,0.000,0.000,0.000,0.000,0.000,0.000,1.000,1.000,0.000,6.319,6.500,0.144,57.058,5.000,100.0,47.0,-6.615384578704834,-28.153846740722656
284.078,12:57:55.048,483.174,4.301,2078.015,0.000,0.000,0.000,0.000,0.000,0.000,1.000,1.000,0.000,6.500,6.500,0.148,57.291,5.000,100.0,47.0,-6.615384578704834,-28.153846740722656
284.221,12:57:55.112,482.082,4.570,2203.074,0.000,0.000,0.000,0.000,0.000,0.000,1.000,1.000,0.000,6.500,6.500,0.148,57.291,5.000,100.0,47.0,-6.615384578704834,-28.153846740722656
284.286,12:57:55.176,482.082,4.570,2203.074,0.000,0.000,0.000,0.000,0.000,0.000,1.000,1.000,0.000,6.500,6.500,0.148,57.291,5.000,100.0,47.0,-6.615384578704834,-28.153846740722656
284.350,12:57:55.320,482.082,4.570,2203.074,0.000,0.000,0.000,0.000,0.000,0.000,1.000,1.000,0.000,6.700,6.700,0.153,57.485,5.000,100.0,47.0,-6.615384578704834,-28.153846740722656
284.493,12:57:55.384,482.082,4.570,2203.074,0.000,0.000,0.000,0.000,0.000,0.000,1.000,1.000,0.000,6.700,6.700,0.153,57.485,5.000,100.0,47.0,-6.615384578704834,-28.153846740722656
284.557,12:57:55.447,482.082,4.570,2203.074,0.000,0.000,0.000,0.000,0.000,0.000,1.000,1.000,0.000,6.700,6.700,0.153,57.485,5.000,100.0,47.0,-6.615384578704834,-28.153846740722656
284.622,12:57:55.592,480.937,4.852,2333.276,0.000,0.000,0.000,0.000,0.000,0.000,1.000,1.000,1.000,6.900,6.900,0.158,57.721,5.000,100.0,47.0,-6.615384578704834,-28.153846740722656
284.765,12:57:55.655,480.937,4.852,2333.276,0.000,0.000,0.000,0.000,0.000,0.000,1.000,1.000,1.000,6.900,6.900,0.158,57.721,5.000,100.0,47.0,-6.615384578704834,-28.153846740722656
284.829,12:57:55.911,480.937,4.852,2333.276,0.000,0.000,0.000,0.000,0.000,0.000,1.000,1.000,1.000,6.900,6.900,0.158,57.721,5.000,100.0,47.0,-2.7179486751556396,16.461538314819336
285.085,12:57:56.056,480.832,4.900,2355.976,0.000,0.000,0.000,0.000,0.000,0.000,1.000,1.000,0.000,7.100,7.100,0.162,57.956,5.000,100.0,47.0,-2.7179486751556396,16.461538314819336
285.229,12:57:56.119,480.832,4.900,2355.976,0.000,0.000,0.000,0.000,0.000,0.000,1.000,1.000,0.000,7.100,7.100,0.162,57.956,5.000,100.0,47.0,-2.7179486751556396,16.461538314819336
285.293,12:57:56.183,480.832,4.900,2355.976,0.000,0.000,0.000,0.000,0.000,0.000,1.000,1.000,0.000,7.100,7.100,0.162,57.956,5.000,100.0,47.0,-2.7179486751556396,16.461538314819336
285.357,12:57:56.328,480.832,4.900,2355.976,0.000,0.000,0.000,0.000,0.000,0.000,1.000,1.000,0.000,7.119,7.300,0.163,58.196,5.000,100.0,47.0,-2.7179486751556396,16.461538314819336
285.501,12:57:56.391,479.700,5.171,2480.453,0.000,0.000,0.000,0.000,0.000,0.000,1.000,1.000,0.000,7.119,7.300,0.163,58.196,5.000,100.0,47.0,-2.7179486751556396,16.461538314819336
285.564,12:57:56.455,479.700,5.171,2480.453,0.000,0.000,0.000,0.000,0.000,0.000,1.000,1.000,0.000,7.119,7.300,0.163,58.196,5.000,100.0,47.0,-2.7179486751556396,16.461538314819336
285.628,12:57:56.599,479.700,5.171,2480.453,0.000,0.000,0.000,0.000,0.000,0.000,1.000,1.000,0.000,7.119,7.300,0.163,58.196,5.000,100.0,47.0,-2.7179486751556396,16.461538314819336
285.772,12:57:56.663,479.700,5.171,2480.453,0.000,0.000,0.000,0.000,0.000,0.000,1.000,1.000,0.000,7.119,7.300,0.163,58.196,5.000,100.0,47.0,-2.7179486751556396,16.461538314819336
285.836,12:57:56.919,478.367,5.497,2629.804,0.000,0.000,0.000,0.000,0.000,0.000,1.000,1.000,0.000,7.119,7.300,0.163,58.196,5.000,100.0,47.0,-5.333333492279053,-35.33333206176758
286.093,12:57:57.062,478.367,5.497,2629.804,0.000,0.000,0.000,0.000,0.000,0.000,1.000,1.000,0.000,7.300,7.300,0.168,58.430,5.000,100.0,47.0,-5.333333492279053,-35.33333206176758
286.237,12:57:57.127,476.997,5.807,2770.027,0.000,0.000,0.000,0.000,0.000,0.000,1.000,1.000,0.000,7.300,7.300,0.168,58.430,5.000,100.0,47.0,-5.333333492279053,-35.33333206176758
286.301,12:57:57.191,476.997,5.807,2770.027,0.000,0.000,0.000,0.000,0.000,0.000,1.000,1.000,0.000,7.300,7.300,0.168,58.430,5.000,100.0,47.0,-5.333333492279053,-35.33333206176758
286.364,12:57:57.335,476.997,5.807,2770.027,0.000,0.000,0.000,0.000,0.000,0.000,1.000,1.000,0.000,7.500,7.500,0.173,58.695,5.000,100.0,47.0,-5.333333492279053,-35.33333206176758
286.508,12:57:57.398,476.997,5.807,2770.027,0.000,0.000,0.000,0.000,0.000,0.000,1.000,1.000,0.000,7.500,7.500,0.173,58.695,5.000,100.0,47.0,-5.333333492279053,-35.33333206176758
286.572,12:57:57.462,476.997,5.807,2770.027,0.000,0.000,0.000,0.000,0.000,0.000,1.000,1.000,0.000,7.500,7.500,0.173,58.695,5.000,100.0,47.0,-5.333333492279053,-35.33333206176758
286.636,12:57:57.607,475.754,6.088,2896.199,0.000,0.000,0.000,0.000,0.000,0.000,1.000,1.000,0.000,7.700,7.700,0.178,58.948,5.000,100.0,47.0,-5.333333492279053,-35.33333206176758
286.779,12:57:57.670,475.754,6.088,2896.199,0.000,0.000,0.000,0.000,0.000,0.000,1.000,1.000,0.000,7.700,7.700,0.178,58.948,5.000,100.0,47.0,-5.333333492279053,-35.33333206176758
286.843,12:57:57.926,475.754,6.088,2896.199,0.000,0.000,0.000,0.000,0.000,0.000,1.000,1.000,0.000,7.700,7.700,0.178,58.948,5.000,100.0,47.0,-18.9743595123291,5.589743614196777
287.100,12:57:58.070,475.415,6.162,2929.521,0.000,0.000,0.000,0.000,0.000,0.000,1.000,1.000,0.000,7.900,7.900,0.183,59.216,5.000,100.0,47.0,-18.9743595123291,5.589743614196777
287.243,12:57:58.134,475.415,6.162,2929.521,0.000,0.000,0.000,0.000,0.000,0.000,1.000,1.000,0.000,7.900,7.900,0.183,59.216,5.000,100.0,47.0,-18.9743595123291,5.589743614196777
287.307,12:57:58.198,475.415,6.162,2929.521,0.000,0.000,0.000,0.000,0.000,0.000,1.000,1.000,0.000,7.900,7.900,0.183,59.216,5.000,100.0,47.0,-18.9743595123291,5.589743614196777
287.372,12:57:58.341,475.415,6.162,2929.521,0.000,0.000,0.000,0.000,0.000,0.000,1.000,1.000,0.000,7.919,8.100,0.184,59.494,5.000,100.0,47.0,-18.9743595123291,5.589743614196777
287.516,12:57:58.407,473.959,6.490,3076.206,0.000,0.000,0.000,0.000,0.000,0.000,1.000,1.000,0.000,7.919,8.100,0.184,59.494,5.000,100.0,47.0,-18.9743595123291,5.589743614196777
287.579,12:57:58.470,473.959,6.490,3076.206,0.000,0.000,0.000,0.000,0.000,0.000,1.000,1.000,0.000,7.919,8.100,0.184,59.494,5.000,100.0,47.0,-18.9743595123291,5.589743614196777
287.643,12:57:58.613,473.959,6.490,3076.206,0.000,0.000,0.000,0.000,0.000,0.000,1.000,1.000,0.000,7.919,8.100,0.184,59.494,5.000,100.0,47.0,-18.9743595123291,5.589743614196777
287.787,12:57:58.677,473.959,6.490,3076.206,0.000,0.000,0.000,0.000,0.000,0.000,1.000,1.000,0.000,7.919,8.100,0.184,59.494,5.000,100.0,47.0,-18.9743595123291,5.589743614196777
287.851,12:57:58.933,471.869,6.947,3278.210,0.000,0.000,0.000,0.000,0.000,0.000,1.000,1.000,0.000,7.919,8.100,0.184,59.494,5.000,100.0,47.0,35.28205108642578,12.871794700622559
288.107,12:57:59.078,471.869,6.947,3278.210,0.000,0.000,0.000,0.000,0.000,0.000,1.000,1.000,0.000,8.100,8.100,0.189,59.783,5.000,100.0,47.0,35.28205108642578,12.871794700622559
288.251,12:57:59.141,470.541,7.207,3391.058,0.000,0.000,0.000,0.000,0.000,0.000,1.000,1.000,0.000,8.100,8.100,0.189,59.783,5.000,100.0,47.0,35.28205108642578,12.871794700622559
288.314,12:57:59.205,470.541,7.207,3391.058,0.000,0.000,0.000,0.000,0.000,0.000,1.000,1.000,0.000,8.100,8.100,0.189,59.783,5.000,100.0,47.0,35.28205108642578,12.871794700622559
288.379,12:57:59.350,470.541,7.207,3391.058,0.000,0.000,0.000,0.000,0.000,0.000,1.000,1.000,0.000,8.300,8.300,0.194,60.039,5.000,100.0,47.0,35.28205108642578,12.871794700622559
288.522,12:57:59.413,470.541,7.207,3391.058,0.000,0.000,0.000,0.000,0.000,0.000,1.000,1.000,0.000,8.300,8.300,0.194,60.039,5.000,100.0,47.0,35.28205108642578,12.871794700622559
288.587,12:57:59.477,470.541,7.207,3391.058,0.000,0.000,0.000,0.000,0.000,0.000,1.000,1.000,0.000,8.300,8.300,0.194,60.039,5.000,100.0,47.0,35.28205108642578,12.871794700622559
288.667,12:57:59.637,468.697,7.559,3542.678,0.000,0.000,0.000,0.000,0.000,0.000,1.000,1.000,0.000,8.500,8.500,0.199,60.314,5.000,100.0,47.0,35.28205108642578,12.871794700622559
288.810,12:57:59.701,468.697,7.559,3542.678,0.000,0.000,0.000,0.000,0.000,0.000,1.000,1.000,0.000,8.500,8.500,0.199,60.314,5.000,100.0,47.0,35.28205108642578,12.871794700622559
289.226,12:58:00.388,467.508,7.777,3635.983,0.000,0.000,0.000,0.000,0.000,0.000,1.000,1.000,0.000,8.699,8.700,0.205,60.598,5.000,100.0,47.0,-8.410256385803223,0.5128205418586731
289.562,12:58:00.533,491.537,2.178,1070.371,0.000,0.000,0.000,0.000,0.000,0.000,1.000,1.000,0.000,8.718,8.900,0.195,60.911,5.000,100.0,47.0,-8.410256385803223,0.5128205418586731
289.706,12:58:00.596,491.537,2.178,1070.371,0.000,0.000,0.000,0.000,0.000,0.000,1.000,1.000,0.000,8.718,8.900,0.195,60.911,5.000,100.0,47.0,-8.410256385803223,0.5128205418586731
289.770,12:58:00.660,491.537,2.178,1070.371,0.000,0.000,0.000,0.000,0.000,0.000,1.000,1.000,0.000,8.718,8.900,0.195,60.911,5.000,100.0,47.0,-8.410256385803223,0.5128205418586731
289.833,12:58:00.805,491.537,2.178,1070.371,0.000,0.000,0.000,0.000,0.000,0.000,1.000,1.000,1.000,8.899,8.900,0.199,60.871,5.000,100.0,47.0,-8.410256385803223,0.5128205418586731
289.978,12:58:00.869,492.132,2.002,985.010,0.000,0.000,0.000,0.000,0.000,0.000,1.000,1.000,1.000,8.899,8.900,0.199,60.871,5.000,100.0,47.0,-8.410256385803223,0.5128205418586731
290.042,12:58:00.933,492.132,2.002,985.010,0.000,0.000,0.000,0.000,0.000,0.000,1.000,1.000,1.000,8.899,8.900,0.199,60.871,5.000,100.0,47.0,-8.410256385803223,0.5128205418586731
290.106,12:58:01.077,492.132,2.002,985.010,0.000,0.000,0.000,0.000,0.000,0.000,1.000,1.000,1.000,8.899,8.900,0.199,60.871,5.000,100.0,47.0,-8.410256385803223,0.5128205418586731
290.250,12:58:01.332,492.132,2.002,985.010,0.000,0.000,0.000,0.000,0.000,0.000,1.000,1.000,1.000,8.899,8.900,0.199,60.871,5.000,100.0,47.0,-10.666666984558105,12.871794700622559
290.505,12:58:01.477,492.121,2.005,986.904,0.000,0.000,0.000,0.000,0.000,0.000,1.000,1.000,0.000,9.099,9.100,0.203,60.337,5.000,100.0,47.0,-10.666666984558105,12.871794700622559
290.650,12:58:01.541,492.121,2.005,986.904,0.000,0.000,0.000,0.000,0.000,0.000,1.000,1.000,0.000,9.099,9.100,0.203,60.337,5.000,100.0,47.0,-10.666666984558105,12.871794700622559
290.713,12:58:01.603,492.092,2.017,992.707,0.000,0.000,0.000,0.000,0.000,0.000,1.000,1.000,0.000,9.099,9.100,0.203,60.337,5.000,100.0,47.0,-10.666666984558105,12.871794700622559
290.777,12:58:01.747,492.092,2.017,992.707,0.000,0.000,0.000,0.000,0.000,0.000,1.000,1.000,0.000,9.299,9.300,0.208,59.676,5.000,100.0,47.0,-10.666666984558105,12.871794700622559
290.921,12:58:01.812,492.092,2.017,992.707,0.000,0.000,0.000,0.000,0.000,0.000,1.000,1.000,0.000,9.299,9.300,0.208,59.676,5.000,100.0,47.0,-10.666666984558105,12.871794700622559
290.985,12:58:01.875,492.092,2.017,992.707,0.000,0.000,0.000,0.000,0.000,0.000,1.000,1.000,0.000,9.299,9.300,0.208,59.676,5.000,100.0,47.0,-10.666666984558105,12.871794700622559
291.049,12:58:02.020,492.092,2.017,992.707,0.000,0.000,0.000,0.000,0.000,0.000,1.000,1.000,0.000,9.499,9.500,0.212,59.024,5.000,100.0,47.0,-10.666666984558105,12.871794700622559
291.194,12:58:02.084,491.968,2.048,1007.569,0.000,0.000,0.000,0.000,0.000,0.000,1.000,1.000,0.000,9.499,9.500,0.212,59.024,5.000,100.0,47.0,-10.666666984558105,12.871794700622559
291.258,12:58:02.340,491.968,2.048,1007.569,0.000,0.000,0.000,0.000,0.000,0.000,1.000,1.000,0.000,9.499,9.500,0.212,59.024,5.000,100.0,47.0,12.15384578704834,-11.435897827148438
291.513,12:58:02.483,492.069,2.028,997.781,0.000,0.000,0.000,0.000,0.000,0.000,1.000,1.000,0.000,9.518,9.700,0.213,58.405,5.000,100.0,47.0,12.15384578704834,-11.435897827148438
291.656,12:58:02.547,492.069,2.028,997.781,0.000,0.000,0.000,0.000,0.000,0.000,1.000,1.000,0.000,9.518,9.700,0.213,58.405,5.000,100.0,47.0,12.15384578704834,-11.435897827148438
291.720,12:58:02.611,492.069,2.028,997.781,0.000,0.000,0.000,0.000,0.000,0.000,1.000,1.000,0.000,9.518,9.700,0.213,58.405,5.000,100.0,47.0,12.15384578704834,-11.435897827148438
291.784,12:58:02.756,492.069,2.028,997.781,0.000,0.000,0.000,0.000,0.000,0.000,1.000,1.000,0.000,9.518,9.700,0.213,58.405,5.000,100.0,47.0,12.15384578704834,-11.435897827148438
291.929,12:58:02.820,492.027,2.047,1007.420,0.000,0.000,0.000,0.000,0.000,0.000,1.000,1.000,0.000,9.518,9.700,0.213,58.405,5.000,100.0,47.0,12.15384578704834,-11.435897827148438
291.993,12:58:02.884,492.027,2.047,1007.420,0.000,0.000,0.000,0.000,0.000,0.000,1.000,1.000,0.000,9.518,9.700,0.213,58.405,5.000,100.0,47.0,12.15384578704834,-11.435897827148438
292.057,12:58:03.028,492.027,2.047,1007.420,0.000,0.000,0.000,0.000,0.000,0.000,1.000,1.000,0.000,9.699,9.700,0.217,57.797,5.000,100.0,47.0,12.15384578704834,-11.435897827148438
292.201,12:58:03.091,492.027,2.047,1007.420,0.000,0.000,0.000,0.000,0.000,0.000,1.000,1.000,0.000,9.699,9.700,0.217,57.797,5.000,100.0,47.0,12.15384578704834,-11.435897827148438
292.264,12:58:03.347,492.027,2.047,1007.420,0.000,0.000,0.000,0.000,0.000,0.000,1.000,1.000,0.000,9.699,9.700,0.217,57.797,5.000,100.0,47.0,1.1282051801681519,12.461538314819336
292.520,12:58:03.491,491.954,2.064,1015.163,0.000,0.000,0.000,0.000,0.000,0.000,1.000,1.000,1.000,9.900,9.900,0.221,57.289,5.000,100.0,47.0,1.1282051801681519,12.461538314819336
292.664,12:58:03.554,491.954,2.064,1015.163,0.000,0.000,0.000,0.000,0.000,0.000,1.000,1.000,1.000,9.900,9.900,0.221,57.289,5.000,100.0,47.0,1.1282051801681519,12.461538314819336
292.728,12:58:03.619,491.777,2.117,1041.010,0.000,0.000,0.000,0.000,0.000,0.000,1.000,1.000,1.000,9.900,9.900,0.221,57.289,5.000,100.0,47.0,1.1282051801681519,12.461538314819336
292.792,12:58:03.762,491.777,2.117,1041.010,0.000,0.000,0.000,0.000,0.000,0.000,1.000,1.000,1.000,10.319,10.500,0.231,56.870,5.000,100.0,47.0,1.1282051801681519,12.461538314819336
292.936,12:58:03.827,491.777,2.117,1041.010,0.000,0.000,0.000,0.000,0.000,0.000,1.000,1.000,1.000,10.319,10.500,0.231,56.870,5.000,100.0,47.0,1.1282051801681519,12.461538314819336
293.000,12:58:03.890,491.777,2.117,1041.010,0.000,0.000,0.000,0.000,0.000,0.000,1.000,1.000,1.000,10.319,10.500,0.231,56.870,5.000,100.0,47.0,1.1282051801681519,12.461538314819336
293.064,12:58:04.034,491.777,2.117,1041.010,0.000,0.000,0.000,0.000,0.000,0.000,1.000,1.000,0.000,11.118,11.300,0.249,56.339,5.000,100.0,47.0,1.1282051801681519,12.461538314819336
293.208,12:58:04.099,491.367,2.225,1093.439,0.000,0.000,0.000,0.000,0.000,0.000,1.000,1.000,0.000,11.118,11.300,0.249,56.339,5.000,100.0,47.0,1.1282051801681519,12.461538314819336
293.271,12:58:04.355,491.367,2.225,1093.439,0.000,0.000,0.000,0.000,0.000,0.000,1.000,1.000,0.000,11.118,11.300,0.249,56.339,5.000,100.0,47.0,11.48717975616455,-14.256410598754883
293.528,12:58:04.499,491.367,2.225,1093.439,0.000,0.000,0.000,0.000,0.000,0.000,1.000,1.000,0.000,11.918,12.100,0.267,55.942,5.000,100.0,47.0,11.48717975616455,-14.256410598754883
293.671,12:58:04.561,490.895,2.354,1155.629,0.000,0.000,0.000,0.000,0.000,0.000,1.000,1.000,0.000,11.918,12.100,0.267,55.942,5.000,100.0,47.0,11.48717975616455,-14.256410598754883
293.736,12:58:04.626,490.895,2.354,1155.629,0.000,0.000,0.000,0.000,0.000,0.000,1.000,1.000,0.000,11.918,12.100,0.267,55.942,5.000,100.0,47.0,11.48717975616455,-14.256410598754883
293.799,12:58:04.770,490.895,2.354,1155.629,0.000,0.000,0.000,0.000,0.000,0.000,1.000,1.000,0.000,11.918,12.100,0.267,55.942,5.000,100.0,47.0,11.48717975616455,-14.256410598754883
293.943,12:58:04.834,490.442,2.473,1212.971,0.000,0.000,0.000,0.000,0.000,0.000,1.000,1.000,0.000,11.918,12.100,0.267,55.942,5.000,100.0,47.0,11.48717975616455,-14.256410598754883
294.008,12:58:04.898,490.442,2.473,1212.971,0.000,0.000,0.000,0.000,0.000,0.000,1.000,1.000,0.000,11.918,12.100,0.267,55.942,5.000,100.0,47.0,11.48717975616455,-14.256410598754883
294.071,12:58:05.042,490.442,2.473,1212.971,0.000,0.000,0.000,0.000,0.000,0.000,1.000,1.000,0.000,12.719,12.900,0.285,55.569,5.000,100.0,47.0,11.48717975616455,-14.256410598754883
294.216,12:58:05.106,490.442,2.473,1212.971,0.000,0.000,0.000,0.000,0.000,0.000,1.000,1.000,0.000,12.719,12.900,0.285,55.569,5.000,100.0,47.0,11.48717975616455,-14.256410598754883
294.280,12:58:05.377,490.442,2.473,1212.971,0.000,0.000,0.000,0.000,0.000,0.000,1.000,1.000,0.000,12.719,12.900,0.285,55.569,5.000,100.0,47.0,13.230769157409668,-6.461538314819336
294.551,12:58:05.522,490.004,2.589,1268.571,0.000,0.000,0.000,0.000,0.000,0.000,1.000,1.000,0.000,13.518,13.700,0.303,55.337,5.000,100.0,47.0,13.230769157409668,-6.461538314819336
294.695,12:58:05.586,490.004,2.589,1268.571,0.000,0.000,0.000,0.000,0.000,0.000,1.000,1.000,0.000,13.518,13.700,0.303,55.337,5.000,100.0,47.0,13.230769157409668,-6.461538314819336
294.758,12:58:05.649,489.510,2.710,1326.604,0.000,0.000,0.000,0.000,0.000,0.000,1.000,1.000,0.000,13.518,13.700,0.303,55.337,5.000,100.0,47.0,13.230769157409668,-6.461538314819336
294.822,12:58:05.794,489.510,2.710,1326.604,0.000,0.000,0.000,0.000,0.000,0.000,1.000,1.000,0.000,14.318,14.500,0.322,55.123,5.000,100.0,47.0,13.230769157409668,-6.461538314819336
294.967,12:58:05.858,489.510,2.710,1326.604,0.000,0.000,0.000,0.000,0.000,0.000,1.000,1.000,0.000,14.318,14.500,0.322,55.123,5.000,100.0,47.0,13.230769157409668,-6.461538314819336
295.030,12:58:05.921,489.510,2.710,1326.604,0.000,0.000,0.000,0.000,0.000,0.000,1.000,1.000,0.000,14.318,14.500,0.322,55.123,5.000,100.0,47.0,13.230769157409668,-6.461538314819336
295.094,12:58:06.065,489.510,2.710,1326.604,0.000,0.000,0.000,0.000,0.000,0.000,1.000,1.000,0.000,15.119,15.300,0.340,54.897,5.000,100.0,47.0,13.230769157409668,-6.461538314819336
295.238,12:58:06.129,489.012,2.861,1399.283,0.000,0.000,0.000,0.000,0.000,0.000,1.000,1.000,0.000,15.119,15.300,0.340,54.897,5.000,100.0,47.0,13.230769157409668,-6.461538314819336
295.303,12:58:06.385,489.012,2.861,1399.283,0.000,0.000,0.000,0.000,0.000,0.000,1.000,1.000,0.000,15.119,15.300,0.340,54.897,5.000,100.0,47.0,-14.564102172851562,12.410256385803223
295.559,12:58:06.529,489.012,2.861,1399.283,0.000,0.000,0.000,0.000,0.000,0.000,1.000,1.000,0.000,15.919,16.100,0.359,54.496,5.000,100.0,47.0,-14.564102172851562,12.410256385803223
295.702,12:58:06.593,488.400,3.002,1466.149,0.000,0.000,0.000,0.000,0.000,0.000,1.000,1.000,0.000,15.919,16.100,0.359,54.496,5.000,100.0,47.0,-14.564102172851562,12.410256385803223
295.766,12:58:06.657,488.400,3.002,1466.149,0.000,0.000,0.000,0.000,0.000,0.000,1.000,1.000,0.000,15.919,16.100,0.359,54.496,5.000,100.0,47.0,-14.564102172851562,12.410256385803223
295.830,12:58:06.800,488.400,3.002,1466.149,0.000,0.000,0.000,0.000,0.000,0.000,1.000,1.000,0.000,15.919,16.100,0.359,54.496,5.000,100.0,47.0,-14.564102172851562,12.410256385803223
295.975,12:58:06.865,487.922,3.122,1523.380,0.000,0.000,0.000,0.000,0.000,0.000,1.000,1.000,0.000,15.919,16.100,0.359,54.496,5.000,100.0,47.0,-14.564102172851562,12.410256385803223
296.038,12:58:06.928,487.922,3.122,1523.380,0.000,0.000,0.000,0.000,0.000,0.000,1.000,1.000,0.000,15.919,16.100,0.359,54.496,5.000,100.0,47.0,-14.564102172851562,12.410256385803223
296.102,12:58:07.072,487.922,3.122,1523.380,0.000,0.000,0.000,0.000,0.000,0.000,1.000,1.000,0.000,16.319,16.500,0.368,53.831,5.000,100.0,47.0,-14.564102172851562,12.410256385803223
296.247,12:58:07.137,487.922,3.122,1523.380,0.000,0.000,0.000,0.000,0.000,0.000,1.000,1.000,0.000,16.319,16.500,0.368,53.831,5.000,100.0,47.0,-14.564102172851562,12.410256385803223
296.310,12:58:07.393,487.922,3.122,1523.380,0.000,0.000,0.000,0.000,0.000,0.000,1.000,1.000,0.000,16.319,16.500,0.368,53.831,5.000,100.0,47.0,12.769230842590332,-15.948718070983887
296.566,12:58:07.537,487.494,3.231,1574.917,0.000,0.000,0.000,0.000,0.000,0.000,1.000,1.000,0.000,17.118,17.300,0.386,53.736,5.000,100.0,47.0,12.769230842590332,-15.948718070983887
296.710,12:58:07.601,487.494,3.231,1574.917,0.000,0.000,0.000,0.000,0.000,0.000,1.000,1.000,0.000,17.118,17.300,0.386,53.736,5.000,100.0,47.0,12.769230842590332,-15.948718070983887
296.773,12:58:07.664,487.494,3.231,1574.917,0.000,0.000,0.000,0.000,0.000,0.000,1.000,1.000,0.000,17.118,17.300,0.386,53.736,5.000,100.0,47.0,12.769230842590332,-15.948718070983887
296.837,12:58:07.808,486.846,3.395,1652.921,0.000,0.000,0.000,0.000,0.000,0.000,1.000,1.000,0.000,17.919,18.100,0.405,53.645,5.000,100.0,47.0,12.769230842590332,-15.948718070983887
296.982,12:58:07.872,486.846,3.395,1652.921,0.000,0.000,0.000,0.000,0.000,0.000,1.000,1.000,0.000,17.919,18.100,0.405,53.645,5.000,100.0,47.0,12.769230842590332,-15.948718070983887
297.045,12:58:07.936,486.846,3.395,1652.921,0.000,0.000,0.000,0.000,0.000,0.000,1.000,1.000,0.000,17.919,18.100,0.405,53.645,5.000,100.0,47.0,12.769230842590332,-15.948718070983887
297.109,12:58:08.080,486.846,3.395,1652.921,0.000,0.000,0.000,0.000,0.000,0.000,1.000,1.000,0.000,17.919,18.100,0.405,53.645,5.000,100.0,47.0,12.769230842590332,-15.948718070983887
297.253,12:58:08.143,486.134,3.573,1737.021,0.000,0.000,0.000,0.000,0.000,0.000,1.000,1.000,0.000,17.919,18.100,0.405,53.645,5.000,100.0,47.0,12.769230842590332,-15.948718070983887
297.317,12:58:08.399,486.134,3.573,1737.021,0.000,0.000,0.000,0.000,0.000,0.000,1.000,1.000,0.000,17.919,18.100,0.405,53.645,5.000,100.0,47.0,-14.871794700622559,12.35897445678711
297.573,12:58:08.544,486.134,3.573,1737.021,0.000,0.000,0.000,0.000,0.000,0.000,1.000,1.000,0.000,19.118,19.300,0.433,53.445,5.000,100.0,47.0,-14.871794700622559,12.35897445678711
297.717,12:58:08.607,485.468,3.740,1815.780,0.000,0.000,0.000,0.000,0.000,0.000,1.000,1.000,0.000,19.118,19.300,0.433,53.445,5.000,100.0,47.0,-14.871794700622559,12.35897445678711
297.781,12:58:08.671,485.468,3.740,1815.780,0.000,0.000,0.000,0.000,0.000,0.000,1.000,1.000,0.000,19.118,19.300,0.433,53.445,5.000,100.0,47.0,-14.871794700622559,12.35897445678711
297.845,12:58:08.815,485.468,3.740,1815.780,0.000,0.000,0.000,0.000,0.000,0.000,1.000,1.000,0.000,19.118,19.300,0.433,53.445,5.000,100.0,47.0,-14.871794700622559,12.35897445678711
297.989,12:58:08.880,485.468,3.740,1815.780,0.000,0.000,0.000,0.000,0.000,0.000,1.000,1.000,0.000,19.118,19.300,0.433,53.445,5.000,100.0,47.0,-14.871794700622559,12.35897445678711
298.052,12:58:08.943,484.932,3.874,1878.868,0.000,0.000,0.000,0.000,0.000,0.000,1.000,1.000,0.000,19.118,19.300,0.433,53.445,5.000,100.0,47.0,-14.871794700622559,12.35897445678711
298.117,12:58:09.088,484.932,3.874,1878.868,0.000,0.000,0.000,0.000,0.000,0.000,1.000,1.000,0.000,19.919,20.100,0.452,53.346,5.000,100.0,47.0,-14.871794700622559,12.35897445678711
298.261,12:58:09.152,484.932,3.874,1878.868,0.000,0.000,0.000,0.000,0.000,0.000,1.000,1.000,0.000,19.919,20.100,0.452,53.346,5.000,100.0,47.0,-14.871794700622559,12.35897445678711
298.324,12:58:09.407,484.932,3.874,1878.868,0.000,0.000,0.000,0.000,0.000,0.000,1.000,1.000,0.000,19.919,20.100,0.452,53.346,5.000,100.0,47.0,-5.897435665130615,-12.717948913574219
298.581,12:58:09.552,484.049,4.084,1977.013,0.000,0.000,0.000,0.000,0.000,0.000,1.000,1.000,0.000,20.718,20.900,0.471,53.469,5.000,100.0,47.0,-5.897435665130615,-12.717948913574219
298.724,12:58:09.615,484.049,4.084,1977.013,0.000,0.000,0.000,0.000,0.000,0.000,1.000,1.000,0.000,20.718,20.900,0.471,53.469,5.000,100.0,47.0,-5.897435665130615,-12.717948913574219
298.788,12:58:09.679,484.049,4.084,1977.013,0.000,0.000,0.000,0.000,0.000,0.000,1.000,1.000,0.000,20.718,20.900,0.471,53.469,5.000,100.0,47.0,-5.897435665130615,-12.717948913574219
298.852,12:58:09.822,483.242,4.281,2068.700,0.000,0.000,0.000,0.000,0.000,0.000,1.000,1.000,0.000,21.118,21.300,0.481,53.581,5.000,100.0,47.0,-5.897435665130615,-12.717948913574219
298.997,12:58:09.887,483.242,4.281,2068.700,0.000,0.000,0.000,0.000,0.000,0.000,1.000,1.000,0.000,21.118,21.300,0.481,53.581,5.000,100.0,47.0,-5.897435665130615,-12.717948913574219
299.060,12:58:09.951,483.242,4.281,2068.700,0.000,0.000,0.000,0.000,0.000,0.000,1.000,1.000,0.000,21.118,21.300,0.481,53.581,5.000,100.0,47.0,-5.897435665130615,-12.717948913574219
299.124,12:58:10.095,483.242,4.281,2068.700,0.000,0.000,0.000,0.000,0.000,0.000,1.000,1.000,0.000,21.118,21.300,0.481,53.581,5.000,100.0,47.0,-5.897435665130615,-12.717948913574219
299.268,12:58:10.158,482.363,4.478,2160.075,0.000,0.000,0.000,0.000,0.000,0.000,1.000,1.000,0.000,21.118,21.300,0.481,53.581,5.000,100.0,47.0,-5.897435665130615,-12.717948913574219
299.333,12:58:10.415,482.363,4.478,2160.075,0.000,0.000,0.000,0.000,0.000,0.000,1.000,1.000,0.000,21.118,21.300,0.481,53.581,5.000,100.0,47.0,-14.974358558654785,5.846153736114502
299.588,12:58:10.558,482.363,4.478,2160.075,0.000,0.000,0.000,0.000,0.000,0.000,1.000,1.000,0.000,22.319,22.500,0.509,53.689,5.000,100.0,47.0,-14.974358558654785,5.846153736114502
299.732,12:58:10.623,482.036,4.549,2192.638,0.000,0.000,0.000,0.000,0.000,0.000,1.000,1.000,0.000,22.319,22.500,0.509,53.689,5.000,100.0,47.0,-14.974358558654785,5.846153736114502
299.796,12:58:10.686,482.036,4.549,2192.638,0.000,0.000,0.000,0.000,0.000,0.000,1.000,1.000,0.000,22.319,22.500,0.509,53.689,5.000,100.0,47.0,-14.974358558654785,5.846153736114502
299.860,12:58:10.831,482.036,4.549,2192.638,0.000,0.000,0.000,0.000,0.000,0.000,1.000,1.000,0.000,22.319,22.500,0.509,53.689,5.000,100.0,47.0,-14.974358558654785,5.846153736114502
300.004,12:58:10.894,482.036,4.549,2192.638,0.000,0.000,0.000,0.000,0.000,0.000,1.000,1.000,0.000,22.319,22.500,0.509,53.689,5.000,100.0,47.0,-14.974358558654785,5.846153736114502
300.067,12:58:10.958,481.297,4.732,2277.525,0.000,0.000,0.000,0.000,0.000,0.000,1.000,1.000,0.000,22.319,22.500,0.509,53.689,5.000,100.0,47.0,-14.974358558654785,5.846153736114502
300.131,12:58:11.103,481.297,4.732,2277.525,0.000,0.000,0.000,0.000,0.000,0.000,1.000,1.000,0.000,22.718,22.900,0.519,53.649,5.000,100.0,47.0,-14.974358558654785,5.846153736114502
300.275,12:58:11.165,481.297,4.732,2277.525,0.000,0.000,0.000,0.000,0.000,0.000,1.000,1.000,0.000,22.718,22.900,0.519,53.649,5.000,100.0,47.0,-14.974358558654785,5.846153736114502
300.340,12:58:11.422,481.297,4.732,2277.525,0.000,0.000,0.000,0.000,0.000,0.000,1.000,1.000,0.000,22.718,22.900,0.519,53.649,5.000,100.0,47.0,1.4358974695205688,17.384614944458008
300.596,12:58:11.566,480.164,4.991,2396.606,0.000,0.000,0.000,0.000,0.000,0.000,1.000,1.000,0.000,23.519,23.700,0.539,53.712,5.000,100.0,47.0,1.4358974695205688,17.384614944458008
300.740,12:58:11.630,480.164,4.991,2396.606,0.000,0.000,0.000,0.000,0.000,0.000,1.000,1.000,0.000,23.519,23.700,0.539,53.712,5.000,100.0,47.0,1.4358974695205688,17.384614944458008
300.803,12:58:11.693,480.164,4.991,2396.606,0.000,0.000,0.000,0.000,0.000,0.000,1.000,1.000,0.000,23.519,23.700,0.539,53.712,5.000,100.0,47.0,1.4358974695205688,17.384614944458008
300.867,12:58:11.837,478.935,5.285,2531.277,0.000,0.000,0.000,0.000,0.000,0.000,1.000,1.000,0.000,24.318,24.500,0.559,53.762,5.000,100.0,47.0,1.4358974695205688,17.384614944458008
301.011,12:58:11.902,478.935,5.285,2531.277,0.000,0.000,0.000,0.000,0.000,0.000,1.000,1.000,0.000,24.318,24.500,0.559,53.762,5.000,100.0,47.0,1.4358974695205688,17.384614944458008
301.076,12:58:11.966,478.935,5.285,2531.277,0.000,0.000,0.000,0.000,0.000,0.000,1.000,1.000,0.000,24.318,24.500,0.559,53.762,5.000,100.0,47.0,1.4358974695205688,17.384614944458008
301.139,12:58:12.110,478.935,5.285,2531.277,0.000,0.000,0.000,0.000,0.000,0.000,1.000,1.000,0.000,24.318,24.500,0.559,53.762,5.000,100.0,47.0,1.4358974695205688,17.384614944458008
301.283,12:58:12.174,476.670,5.798,2763.851,0.000,0.000,0.000,0.000,0.000,0.000,1.000,1.000,0.000,24.318,24.500,0.559,53.762,5.000,100.0,47.0,1.4358974695205688,17.384614944458008
301.347,12:58:12.430,476.670,5.798,2763.851,0.000,0.000,0.000,0.000,0.000,0.000,1.000,1.000,0.000,24.318,24.500,0.559,53.762,5.000,100.0,47.0,-15.025641441345215,-5.282051086425781
301.602,12:58:12.574,476.670,5.798,2763.851,0.000,0.000,0.000,0.000,0.000,0.000,1.000,1.000,0.000,25.919,26.100,0.605,53.784,5.000,100.0,47.0,-15.025641441345215,-5.282051086425781
301.747,12:58:12.638,471.605,6.868,3238.769,0.000,0.000,0.000,0.000,0.000,0.000,1.000,1.000,0.000,25.919,26.100,0.605,53.784,5.000,100.0,47.0,-15.025641441345215,-5.282051086425781
301.810,12:58:12.701,471.605,6.868,3238.769,0.000,0.000,0.000,0.000,0.000,0.000,1.000,1.000,0.000,25.919,26.100,0.605,53.784,5.000,100.0,47.0,-15.025641441345215,-5.282051086425781
301.875,12:58:12.845,471.605,6.868,3238.769,0.000,0.000,0.000,0.000,0.000,0.000,1.000,1.000,0.000,25.919,26.100,0.605,53.784,5.000,100.0,47.0,-15.025641441345215,-5.282051086425781
302.018,12:58:12.909,471.605,6.868,3238.769,0.000,0.000,0.000,0.000,0.000,0.000,1.000,1.000,0.000,25.919,26.100,0.605,53.784,5.000,100.0,47.0,-15.025641441345215,-5.282051086425781
302.083,12:58:12.974,466.751,7.816,3648.188,0.000,0.000,0.000,0.000,0.000,0.000,1.000,1.000,0.000,25.919,26.100,0.605,53.784,5.000,100.0,47.0,-15.025641441345215,-5.282051086425781
302.146,12:58:13.117,466.751,7.816,3648.188,0.000,0.000,0.000,0.000,0.000,0.000,1.000,1.000,0.000,26.718,26.900,0.630,53.794,5.000,100.0,47.0,-15.025641441345215,-5.282051086425781
302.290,12:58:13.181,466.751,7.816,3648.188,0.000,0.000,0.000,0.000,0.000,0.000,1.000,1.000,0.000,26.718,26.900,0.630,53.794,5.000,100.0,47.0,-15.025641441345215,-5.282051086425781
302.355,12:58:13.437,466.751,7.816,3648.188,0.000,0.000,0.000,0.000,0.000,0.000,1.000,1.000,0.000,26.718,26.900,0.630,53.794,5.000,100.0,47.0,4.0,-21.230770111083984
302.610,12:58:13.581,463.697,8.357,3875.052,0.000,0.000,0.000,0.000,0.000,0.000,1.000,1.000,0.000,27.519,27.700,0.653,53.839,5.000,100.0,47.0,4.0,-21.230770111083984
302.754,12:58:13.645,463.697,8.357,3875.052,0.000,0.000,0.000,0.000,0.000,0.000,1.000,1.000,0.000,27.519,27.700,0.653,53.839,5.000,100.0,47.0,4.0,-21.230770111083984
302.818,12:58:13.708,463.697,8.357,3875.052,0.000,0.000,0.000,0.000,0.000,0.000,1.000,1.000,0.000,27.519,27.700,0.653,53.839,5.000,100.0,47.0,4.0,-21.230770111083984
302.882,12:58:13.853,463.697,8.357,3875.052,0.000,0.000,0.000,0.000,0.000,0.000,1.000,1.000,0.000,28.318,28.500,0.677,53.880,5.000,100.0,47.0,4.0,-21.230770111083984
303.026,12:58:13.917,460.205,8.948,4117.931,0.000,0.000,0.000,0.000,0.000,0.000,1.000,1.000,0.000,28.318,28.500,0.677,53.880,5.000,100.0,47.0,4.0,-21.230770111083984
303.090,12:58:13.980,460.205,8.948,4117.931,0.000,0.000,0.000,0.000,0.000,0.000,1.000,1.000,0.000,28.318,28.500,0.677,53.880,5.000,100.0,47.0,4.0,-21.230770111083984
303.154,12:58:14.124,460.205,8.948,4117.931,0.000,0.000,0.000,0.000,0.000,0.000,1.000,1.000,0.000,28.318,28.500,0.677,53.880,5.000,100.0,47.0,4.0,-21.230770111083984
303.298,12:58:14.189,456.036,9.601,4378.436,0.000,0.000,0.000,0.000,0.000,0.000,1.000,1.000,0.000,28.318,28.500,0.677,53.880,5.000,100.0,47.0,4.0,-21.230770111083984
303.362,12:58:14.444,456.036,9.601,4378.436,0.000,0.000,0.000,0.000,0.000,0.000,1.000,1.000,0.000,28.318,28.500,0.677,53.880,5.000,100.0,47.0,20.256410598754883,-19.128204345703125
303.617,12:58:14.589,456.036,9.601,4378.436,0.000,0.000,0.000,0.000,0.000,0.000,1.000,1.000,0.000,29.119,29.300,0.702,53.944,5.000,100.0,47.0,20.256410598754883,-19.128204345703125
303.761,12:58:14.652,450.915,10.313,4650.258,0.000,0.000,0.000,0.000,0.000,0.000,1.000,1.000,0.000,29.119,29.300,0.702,53.944,5.000,100.0,47.0,20.256410598754883,-19.128204345703125
303.825,12:58:14.715,450.915,10.313,4650.258,0.000,0.000,0.000,0.000,0.000,0.000,1.000,1.000,0.000,29.119,29.300,0.702,53.944,5.000,100.0,47.0,20.256410598754883,-19.128204345703125
303.889,12:58:14.860,450.915,10.313,4650.258,0.000,0.000,0.000,0.000,0.000,0.000,1.000,1.000,0.000,29.918,30.100,0.730,53.990,5.000,100.0,47.0,20.256410598754883,-19.128204345703125
304.033,12:58:14.924,450.915,10.313,4650.258,0.000,0.000,0.000,0.000,0.000,0.000,1.000,1.000,0.000,29.918,30.100,0.730,53.990,5.000,100.0,47.0,20.256410598754883,-19.128204345703125
304.098,12:58:14.988,450.915,10.313,4650.258,0.000,0.000,0.000,0.000,0.000,0.000,1.000,1.000,0.000,29.918,30.100,0.730,53.990,5.000,100.0,47.0,20.256410598754883,-19.128204345703125
304.162,12:58:15.132,444.390,11.116,4939.849,0.000,0.000,0.000,0.000,0.000,0.000,1.000,1.000,0.000,30.681,30.500,0.759,54.062,5.000,100.0,47.0,20.256410598754883,-19.128204345703125
304.305,12:58:15.196,444.390,11.116,4939.849,0.000,0.000,0.000,0.000,0.000,0.000,1.000,1.000,0.000,30.681,30.500,0.759,54.062,5.000,100.0,47.0,20.256410598754883,-19.128204345703125
304.369,12:58:15.452,444.390,11.116,4939.849,0.000,0.000,0.000,0.000,0.000,0.000,1.000,1.000,0.000,30.681,30.500,0.759,54.062,5.000,100.0,47.0,-18.923076629638672,-2.2564103603363037
304.625,12:58:15.596,449.516,10.525,4731.148,0.000,0.000,0.000,0.000,0.000,0.000,1.000,1.000,0.000,29.918,30.100,0.732,54.116,5.000,100.0,47.0,-18.923076629638672,-2.2564103603363037
304.769,12:58:15.659,449.516,10.525,4731.148,0.000,0.000,0.000,0.000,0.000,0.000,1.000,1.000,0.000,29.918,30.100,0.732,54.116,5.000,100.0,47.0,-18.923076629638672,-2.2564103603363037
304.832,12:58:15.723,449.516,10.525,4731.148,0.000,0.000,0.000,0.000,0.000,0.000,1.000,1.000,0.000,29.918,30.100,0.732,54.116,5.000,100.0,47.0,-18.923076629638672,-2.2564103603363037
304.897,12:58:15.868,449.516,10.525,4731.148,0.000,0.000,0.000,0.000,0.000,0.000,1.000,1.000,0.000,30.681,30.500,0.759,54.138,5.000,100.0,47.0,-18.923076629638672,-2.2564103603363037
305.041,12:58:15.932,444.788,11.085,4930.554,0.000,0.000,0.000,0.000,0.000,0.000,1.000,1.000,0.000,30.681,30.500,0.759,54.138,5.000,100.0,47.0,-18.923076629638672,-2.2564103603363037
305.104,12:58:15.995,444.788,11.085,4930.554,0.000,0.000,0.000,0.000,0.000,0.000,1.000,1.000,0.000,30.681,30.500,0.759,54.138,5.000,100.0,47.0,-18.923076629638672,-2.2564103603363037
305.169,12:58:16.139,444.788,11.085,4930.554,0.000,0.000,0.000,0.000,0.000,0.000,1.000,1.000,0.000,30.681,30.500,0.759,54.138,5.000,100.0,47.0,-18.923076629638672,-2.2564103603363037
305.312,12:58:16.202,444.788,11.085,4930.554,0.000,0.000,0.000,0.000,0.000,0.000,1.000,1.000,0.000,30.681,30.500,0.759,54.138,5.000,100.0,47.0,-18.923076629638672,-2.2564103603363037
305.376,12:58:16.459,449.676,10.518,4729.631,0.000,0.000,0.000,0.000,0.000,0.000,1.000,1.000,0.000,30.681,30.500,0.759,54.138,5.000,100.0,47.0,3.692307710647583,15.948718070983887
305.632,12:58:16.603,449.676,10.518,4729.631,0.000,0.000,0.000,0.000,0.000,0.000,1.000,1.000,0.000,29.918,30.100,0.732,54.143,5.000,100.0,47.0,3.692307710647583,15.948718070983887
305.776,12:58:16.667,445.123,11.049,4918.375,0.000,0.000,0.000,0.000,0.000,0.000,1.000,1.000,0.000,29.918,30.100,0.732,54.143,5.000,100.0,47.0,3.692307710647583,15.948718070983887
305.840,12:58:16.730,445.123,11.049,4918.375,0.000,0.000,0.000,0.000,0.000,0.000,1.000,1.000,0.000,29.918,30.100,0.732,54.143,5.000,100.0,47.0,3.692307710647583,15.948718070983887
305.904,12:58:16.874,445.123,11.049,4918.375,0.000,0.000,0.000,0.000,0.000,0.000,1.000,1.000,0.000,30.681,30.500,0.758,54.180,5.000,100.0,47.0,3.692307710647583,15.948718070983887
306.048,12:58:16.939,445.123,11.049,4918.375,0.000,0.000,0.000,0.000,0.000,0.000,1.000,1.000,0.000,30.681,30.500,0.758,54.180,5.000,100.0,47.0,3.692307710647583,15.948718070983887
306.112,12:58:17.003,445.123,11.049,4918.375,0.000,0.000,0.000,0.000,0.000,0.000,1.000,1.000,0.000,30.681,30.500,0.758,54.180,5.000,100.0,47.0,3.692307710647583,15.948718070983887
306.176,12:58:17.146,446.500,10.899,4866.354,0.000,0.000,0.000,0.000,0.000,0.000,1.000,1.000,0.000,30.280,30.100,0.746,54.200,5.000,100.0,47.0,3.692307710647583,15.948718070983887
306.319,12:58:17.210,446.500,10.899,4866.354,0.000,0.000,0.000,0.000,0.000,0.000,1.000,1.000,0.000,30.280,30.100,0.746,54.200,5.000,100.0,47.0,3.692307710647583,15.948718070983887
306.384,12:58:17.467,446.500,10.899,4866.354,0.000,0.000,0.000,0.000,0.000,0.000,1.000,1.000,0.000,30.280,30.100,0.746,54.200,5.000,100.0,47.0,-16.05128288269043,-1.9487179517745972
306.639,12:58:17.611,448.874,10.618,4766.259,0.000,0.000,0.000,0.000,0.000,0.000,1.000,1.000,0.000,30.318,30.500,0.743,54.179,5.000,100.0,47.0,-16.05128288269043,-1.9487179517745972
306.784,12:58:17.674,448.874,10.618,4766.259,0.000,0.000,0.000,0.000,0.000,0.000,1.000,1.000,0.000,30.318,30.500,0.743,54.179,5.000,100.0,47.0,-16.05128288269043,-1.9487179517745972
306.847,12:58:17.738,448.874,10.618,4766.259,0.000,0.000,0.000,0.000,0.000,0.000,1.000,1.000,0.000,30.318,30.500,0.743,54.179,5.000,100.0,47.0,-16.05128288269043,-1.9487179517745972
306.912,12:58:17.882,448.874,10.618,4766.259,0.000,0.000,0.000,0.000,0.000,0.000,1.000,1.000,0.000,30.280,30.100,0.745,54.214,5.000,100.0,47.0,-16.05128288269043,-1.9487179517745972
307.056,12:58:17.947,447.033,10.845,4847.965,0.000,0.000,0.000,0.000,0.000,0.000,1.000,1.000,0.000,30.280,30.100,0.745,54.214,5.000,100.0,47.0,-16.05128288269043,-1.9487179517745972
307.120,12:58:18.010,447.033,10.845,4847.965,0.000,0.000,0.000,0.000,0.000,0.000,1.000,1.000,0.000,30.280,30.100,0.745,54.214,5.000,100.0,47.0,-16.05128288269043,-1.9487179517745972
307.183,12:58:18.155,447.033,10.845,4847.965,0.000,0.000,0.000,0.000,0.000,0.000,1.000,1.000,0.000,30.280,30.100,0.745,54.214,5.000,100.0,47.0,-16.05128288269043,-1.9487179517745972
307.328,12:58:18.218,447.033,10.845,4847.965,0.000,0.000,0.000,0.000,0.000,0.000,1.000,1.000,0.000,30.280,30.100,0.745,54.214,5.000,100.0,47.0,-16.05128288269043,-1.9487179517745972
307.391,12:58:18.473,449.259,10.574,4750.505,0.000,0.000,0.000,0.000,0.000,0.000,1.000,1.000,0.000,30.280,30.100,0.745,54.214,5.000,100.0,47.0,12.51282024383545,10.102563858032227
307.647,12:58:18.618,449.259,10.574,4750.505,0.000,0.000,0.000,0.000,0.000,0.000,1.000,1.000,0.000,30.318,30.500,0.742,54.186,5.000,100.0,47.0,12.51282024383545,10.102563858032227
307.791,12:58:18.682,446.283,10.930,4877.780,0.000,0.000,0.000,0.000,0.000,0.000,1.000,1.000,0.000,30.318,30.500,0.742,54.186,5.000,100.0,47.0,12.51282024383545,10.102563858032227
307.855,12:58:18.746,446.283,10.930,4877.780,0.000,0.000,0.000,0.000,0.000,0.000,1.000,1.000,0.000,30.318,30.500,0.742,54.186,5.000,100.0,47.0,12.51282024383545,10.102563858032227
307.919,12:58:18.889,446.283,10.930,4877.780,0.000,0.000,0.000,0.000,0.000,0.000,1.000,1.000,0.000,30.681,30.500,0.756,54.159,5.000,100.0,47.0,12.51282024383545,10.102563858032227
308.062,12:58:18.953,446.283,10.930,4877.780,0.000,0.000,0.000,0.000,0.000,0.000,1.000,1.000,0.000,30.681,30.500,0.756,54.159,5.000,100.0,47.0,12.51282024383545,10.102563858032227
308.127,12:58:19.017,446.283,10.930,4877.780,0.000,0.000,0.000,0.000,0.000,0.000,1.000,1.000,0.000,30.681,30.500,0.756,54.159,5.000,100.0,47.0,12.51282024383545,10.102563858032227
308.191,12:58:19.161,449.758,10.514,4728.682,0.000,0.000,0.000,0.000,0.000,0.000,1.000,1.000,0.000,30.318,30.500,0.742,54.180,5.000,100.0,47.0,12.51282024383545,10.102563858032227
308.335,12:58:19.225,449.758,10.514,4728.682,0.000,0.000,0.000,0.000,0.000,0.000,1.000,1.000,0.000,30.318,30.500,0.742,54.180,5.000,100.0,47.0,12.51282024383545,10.102563858032227
308.399,12:58:19.481,449.758,10.514,4728.682,0.000,0.000,0.000,0.000,0.000,0.000,1.000,1.000,0.000,30.318,30.500,0.742,54.180,5.000,100.0,47.0,-18.205127716064453,23.076923370361328
308.655,12:58:19.625,446.957,10.860,4853.857,0.000,0.000,0.000,0.000,0.000,0.000,1.000,1.000,0.000,30.681,30.500,0.755,54.187,5.000,100.0,47.0,-18.205127716064453,23.076923370361328
308.798,12:58:19.688,446.957,10.860,4853.857,0.000,0.000,0.000,0.000,0.000,0.000,1.000,1.000,0.000,30.681,30.500,0.755,54.187,5.000,100.0,47.0,-18.205127716064453,23.076923370361328
308.862,12:58:19.752,446.957,10.860,4853.857,0.000,0.000,0.000,0.000,0.000,0.000,1.000,1.000,0.000,30.681,30.500,0.755,54.187,5.000,100.0,47.0,-18.205127716064453,23.076923370361328
308.925,12:58:19.897,446.957,10.860,4853.857,0.000,0.000,0.000,0.000,0.000,0.000,1.000,1.000,0.000,30.318,30.500,0.741,54.146,5.000,100.0,47.0,-18.205127716064453,23.076923370361328
309.071,12:58:19.961,450.118,10.478,4716.333,0.000,0.000,0.000,0.000,0.000,0.000,1.000,1.000,0.000,30.318,30.500,0.741,54.146,5.000,100.0,47.0,-18.205127716064453,23.076923370361328
309.134,12:58:20.025,450.118,10.478,4716.333,0.000,0.000,0.000,0.000,0.000,0.000,1.000,1.000,0.000,30.318,30.500,0.741,54.146,5.000,100.0,47.0,-18.205127716064453,23.076923370361328
309.198,12:58:20.169,450.118,10.478,4716.333,0.000,0.000,0.000,0.000,0.000,0.000,1.000,1.000,0.000,30.318,30.500,0.741,54.146,5.000,100.0,47.0,-18.205127716064453,23.076923370361328
309.343,12:58:20.233,450.118,10.478,4716.333,0.000,0.000,0.000,0.000,0.000,0.000,1.000,1.000,0.000,30.318,30.500,0.741,54.146,5.000,100.0,47.0,-18.205127716064453,23.076923370361328
309.406,12:58:20.488,443.744,11.223,4979.978,0.000,0.000,0.000,0.000,0.000,0.000,1.000,1.000,0.000,30.318,30.500,0.741,54.146,5.000,100.0,47.0,-1.4358974695205688,-20.30769157409668
309.661,12:58:20.633,443.744,11.223,4979.978,0.000,0.000,0.000,0.000,0.000,0.000,1.000,1.000,0.000,30.681,30.500,0.761,54.134,5.000,100.0,47.0,-1.4358974695205688,-20.30769157409668
309.806,12:58:20.697,450.412,10.454,4708.568,0.000,0.000,0.000,0.000,0.000,0.000,1.000,1.000,0.000,30.681,30.500,0.761,54.134,5.000,100.0,47.0,-1.4358974695205688,-20.30769157409668
309.870,12:58:20.761,450.412,10.454,4708.568,0.000,0.000,0.000,0.000,0.000,0.000,1.000,1.000,0.000,30.681,30.500,0.761,54.134,5.000,100.0,47.0,-1.4358974695205688,-20.30769157409668
309.934,12:58:20.904,450.412,10.454,4708.568,0.000,0.000,0.000,0.000,0.000,0.000,1.000,1.000,0.000,30.318,30.500,0.740,54.134,5.000,100.0,47.0,-1.4358974695205688,-20.30769157409668
310.078,12:58:20.968,450.412,10.454,4708.568,0.000,0.000,0.000,0.000,0.000,0.000,1.000,1.000,0.000,30.318,30.500,0.740,54.134,5.000,100.0,47.0,-1.4358974695205688,-20.30769157409668
310.142,12:58:21.032,450.412,10.454,4708.568,0.000,0.000,0.000,0.000,0.000,0.000,1.000,1.000,0.000,30.318,30.500,0.740,54.134,5.000,100.0,47.0,-1.4358974695205688,-20.30769157409668
310.206,12:58:21.176,443.843,11.223,4981.376,0.000,0.000,0.000,0.000,0.000,0.000,1.000,1.000,0.000,30.681,30.500,0.760,54.110,5.000,100.0,47.0,-1.4358974695205688,-20.30769157409668
310.350,12:58:21.240,443.843,11.223,4981.376,0.000,0.000,0.000,0.000,0.000,0.000,1.000,1.000,0.000,30.681,30.500,0.760,54.110,5.000,100.0,47.0,-1.4358974695205688,-20.30769157409668
310.413,12:58:21.496,443.843,11.223,4981.376,0.000,0.000,0.000,0.000,0.000,0.000,1.000,1.000,0.000,30.681,30.500,0.760,54.110,5.000,100.0,47.0,5.948718070983887,-14.923076629638672
310.668,12:58:21.639,450.502,10.450,4707.532,0.000,0.000,0.000,0.000,0.000,0.000,1.000,1.000,0.000,30.318,30.500,0.740,54.122,5.000,100.0,47.0,5.948718070983887,-14.923076629638672
310.812,12:58:21.703,450.502,10.450,4707.532,0.000,0.000,0.000,0.000,0.000,0.000,1.000,1.000,0.000,30.318,30.500,0.740,54.122,5.000,100.0,47.0,5.948718070983887,-14.923076629638672
310.877,12:58:21.768,450.502,10.450,4707.532,0.000,0.000,0.000,0.000,0.000,0.000,1.000,1.000,0.000,30.318,30.500,0.740,54.122,5.000,100.0,47.0,5.948718070983887,-14.923076629638672
310.942,12:58:21.912,450.502,10.450,4707.532,0.000,0.000,0.000,0.000,0.000,0.000,1.000,1.000,0.000,30.318,30.500,0.740,54.122,5.000,100.0,47.0,5.948718070983887,-14.923076629638672
311.084,12:58:21.975,445.587,11.043,4920.599,0.000,0.000,0.000,0.000,0.000,0.000,1.000,1.000,0.000,30.318,30.500,0.740,54.122,5.000,100.0,47.0,5.948718070983887,-14.923076629638672
311.148,12:58:22.039,445.587,11.043,4920.599,0.000,0.000,0.000,0.000,0.000,0.000,1.000,1.000,0.000,30.318,30.500,0.740,54.122,5.000,100.0,47.0,5.948718070983887,-14.923076629638672
311.212,12:58:22.184,445.587,11.043,4920.599,0.000,0.000,0.000,0.000,0.000,0.000,1.000,1.000,0.000,30.680,30.500,0.757,54.061,5.000,100.0,47.0,5.948718070983887,-14.923076629638672
311.357,12:58:22.248,445.587,11.043,4920.599,0.000,0.000,0.000,0.000,0.000,0.000,1.000,1.000,0.000,30.680,30.500,0.757,54.061,5.000,100.0,47.0,5.948718070983887,-14.923076629638672
311.421,12:58:22.502,448.829,10.667,4787.763,0.000,0.000,0.000,0.000,0.000,0.000,1.000,1.000,0.000,30.680,30.500,0.757,54.061,5.000,100.0,47.0,-21.230770111083984,27.58974266052246
311.677,12:58:22.647,448.829,10.667,4787.763,0.000,0.000,0.000,0.000,0.000,0.000,1.000,1.000,0.000,30.319,30.500,0.743,54.038,5.000,100.0,47.0,-21.230770111083984,27.58974266052246
311.821,12:58:22.712,448.829,10.667,4787.763,0.000,0.000,0.000,0.000,0.000,0.000,1.000,1.000,0.000,30.319,30.500,0.743,54.038,5.000,100.0,47.0,-21.230770111083984,27.58974266052246
311.885,12:58:22.776,445.682,11.034,4917.864,0.000,0.000,0.000,0.000,0.000,0.000,1.000,1.000,0.000,30.319,30.500,0.743,54.038,5.000,100.0,47.0,-21.230770111083984,27.58974266052246
311.948,12:58:22.919,445.682,11.034,4917.864,0.000,0.000,0.000,0.000,0.000,0.000,1.000,1.000,0.000,30.680,30.500,0.757,54.043,5.000,100.0,47.0,-21.230770111083984,27.58974266052246
312.093,12:58:22.983,445.682,11.034,4917.864,0.000,0.000,0.000,0.000,0.000,0.000,1.000,1.000,0.000,30.680,30.500,0.757,54.043,5.000,100.0,47.0,-21.230770111083984,27.58974266052246
312.157,12:58:23.047,445.682,11.034,4917.864,0.000,0.000,0.000,0.000,0.000,0.000,1.000,1.000,0.000,30.680,30.500,0.757,54.043,5.000,100.0,47.0,-21.230770111083984,27.58974266052246
312.219,12:58:23.191,445.682,11.034,4917.864,0.000,0.000,0.000,0.000,0.000,0.000,1.000,1.000,0.000,30.280,30.100,0.741,54.001,5.000,100.0,47.0,-21.230770111083984,27.58974266052246
312.364,12:58:23.254,449.661,10.568,4751.977,0.000,0.000,0.000,0.000,0.000,0.000,1.000,1.000,0.000,30.280,30.100,0.741,54.001,5.000,100.0,47.0,-21.230770111083984,27.58974266052246
312.428,12:58:23.510,449.661,10.568,4751.977,0.000,0.000,0.000,0.000,0.000,0.000,1.000,1.000,0.000,30.280,30.100,0.741,54.001,5.000,100.0,47.0,15.948718070983887,-27.794872283935547
312.684,12:58:23.654,449.568,10.576,4754.796,0.000,0.000,0.000,0.000,0.000,0.000,1.000,1.000,0.000,30.318,30.500,0.742,53.967,5.000,100.0,47.0,15.948718070983887,-27.794872283935547
312.828,12:58:23.718,449.568,10.576,4754.796,0.000,0.000,0.000,0.000,0.000,0.000,1.000,1.000,0.000,30.318,30.500,0.742,53.967,5.000,100.0,47.0,15.948718070983887,-27.794872283935547
312.891,12:58:23.782,449.568,10.576,4754.796,0.000,0.000,0.000,0.000,0.000,0.000,1.000,1.000,0.000,30.318,30.500,0.742,53.967,5.000,100.0,47.0,15.948718070983887,-27.794872283935547
312.955,12:58:23.927,449.568,10.576,4754.796,0.000,0.000,0.000,0.000,0.000,0.000,1.000,1.000,0.000,30.318,30.500,0.742,53.967,5.000,100.0,47.0,15.948718070983887,-27.794872283935547
313.099,12:58:23.990,443.013,11.327,5018.192,0.000,0.000,0.000,0.000,0.000,0.000,1.000,1.000,0.000,30.318,30.500,0.742,53.967,5.000,100.0,47.0,15.948718070983887,-27.794872283935547
313.163,12:58:24.054,443.013,11.327,5018.192,0.000,0.000,0.000,0.000,0.000,0.000,1.000,1.000,0.000,30.318,30.500,0.742,53.967,5.000,100.0,47.0,15.948718070983887,-27.794872283935547
313.227,12:58:24.198,443.013,11.327,5018.192,0.000,0.000,0.000,0.000,0.000,0.000,1.000,1.000,0.000,31.081,30.900,0.772,53.969,5.000,100.0,47.0,15.948718070983887,-27.794872283935547
313.372,12:58:24.262,443.013,11.327,5018.192,0.000,0.000,0.000,0.000,0.000,0.000,1.000,1.000,0.000,31.081,30.900,0.772,53.969,5.000,100.0,47.0,15.948718070983887,-27.794872283935547
313.435,12:58:24.518,443.013,11.327,5018.192,0.000,0.000,0.000,0.000,0.000,0.000,1.000,1.000,0.000,31.081,30.900,0.772,53.969,5.000,100.0,47.0,23.435897827148438,-16.256410598754883
313.692,12:58:24.662,449.057,10.646,4780.548,0.000,0.000,0.000,0.000,0.000,0.000,1.000,1.000,0.000,30.318,30.500,0.743,53.929,5.000,100.0,47.0,23.435897827148438,-16.256410598754883
313.836,12:58:24.726,449.057,10.646,4780.548,0.000,0.000,0.000,0.000,0.000,0.000,1.000,1.000,0.000,30.318,30.500,0.743,53.929,5.000,100.0,47.0,23.435897827148438,-16.256410598754883
313.899,12:58:24.790,448.741,10.694,4799.033,0.000,0.000,0.000,0.000,0.000,0.000,1.000,1.000,0.000,30.318,30.500,0.743,53.929,5.000,100.0,47.0,23.435897827148438,-16.256410598754883
313.963,12:58:24.934,448.741,10.694,4799.033,0.000,0.000,0.000,0.000,0.000,0.000,1.000,1.000,0.000,30.318,30.500,0.743,53.920,5.000,100.0,47.0,23.435897827148438,-16.256410598754883
314.107,12:58:24.997,448.741,10.694,4799.033,0.000,0.000,0.000,0.000,0.000,0.000,1.000,1.000,0.000,30.318,30.500,0.743,53.920,5.000,100.0,47.0,23.435897827148438,-16.256410598754883
314.171,12:58:25.061,448.741,10.694,4799.033,0.000,0.000,0.000,0.000,0.000,0.000,1.000,1.000,0.000,30.318,30.500,0.743,53.920,5.000,100.0,47.0,23.435897827148438,-16.256410598754883
314.234,12:58:25.205,448.741,10.694,4799.033,0.000,0.000,0.000,0.000,0.000,0.000,1.000,1.000,0.000,30.318,30.500,0.743,53.868,5.000,100.0,47.0,23.435897827148438,-16.256410598754883
314.378,12:58:25.269,448.819,10.686,4796.105,0.000,0.000,0.000,0.000,0.000,0.000,1.000,1.000,0.000,30.318,30.500,0.743,53.868,5.000,100.0,47.0,23.435897827148438,-16.256410598754883
314.443,12:58:25.525,448.819,10.686,4796.105,0.000,0.000,0.000,0.000,0.000,0.000,1.000,1.000,0.000,30.318,30.500,0.743,53.868,5.000,100.0,47.0,-21.94871711730957,17.128204345703125
314.698,12:58:25.669,446.819,10.925,4881.344,0.000,0.000,0.000,0.000,0.000,0.000,1.000,1.000,0.000,30.719,30.900,0.756,53.884,5.000,100.0,47.0,-21.94871711730957,17.128204345703125
314.843,12:58:25.734,446.819,10.925,4881.344,0.000,0.000,0.000,0.000,0.000,0.000,1.000,1.000,0.000,30.719,30.900,0.756,53.884,5.000,100.0,47.0,-21.94871711730957,17.128204345703125
314.906,12:58:25.797,446.819,10.925,4881.344,0.000,0.000,0.000,0.000,0.000,0.000,1.000,1.000,0.000,30.719,30.900,0.756,53.884,5.000,100.0,47.0,-21.94871711730957,17.128204345703125
314.971,12:58:25.941,446.819,10.925,4881.344,0.000,0.000,0.000,0.000,0.000,0.000,1.000,1.000,0.000,30.719,30.900,0.756,53.884,5.000,100.0,47.0,-21.94871711730957,17.128204345703125
315.115,12:58:26.005,445.745,11.054,4927.436,0.000,0.000,0.000,0.000,0.000,0.000,1.000,1.000,0.000,30.719,30.900,0.756,53.884,5.000,100.0,47.0,-21.94871711730957,17.128204345703125
315.178,12:58:26.068,445.745,11.054,4927.436,0.000,0.000,0.000,0.000,0.000,0.000,1.000,1.000,0.000,30.719,30.900,0.756,53.884,5.000,100.0,47.0,-21.94871711730957,17.128204345703125
315.243,12:58:26.213,445.745,11.054,4927.436,0.000,0.000,0.000,0.000,0.000,0.000,1.000,1.000,0.000,30.681,30.500,0.757,53.846,5.000,100.0,47.0,-21.94871711730957,17.128204345703125
315.386,12:58:26.276,445.745,11.054,4927.436,0.000,0.000,0.000,0.000,0.000,0.000,1.000,1.000,0.000,30.681,30.500,0.757,53.846,5.000,100.0,47.0,-21.94871711730957,17.128204345703125
315.450,12:58:26.533,445.745,11.054,4927.436,0.000,0.000,0.000,0.000,0.000,0.000,1.000,1.000,0.000,30.681,30.500,0.757,53.846,5.000,100.0,47.0,-18.35897445678711,19.487178802490234
315.706,12:58:26.677,447.420,10.865,4861.152,0.000,0.000,0.000,0.000,0.000,0.000,1.000,1.000,0.000,30.681,30.500,0.754,53.836,5.000,100.0,47.0,-18.35897445678711,19.487178802490234
315.851,12:58:26.741,447.420,10.865,4861.152,0.000,0.000,0.000,0.000,0.000,0.000,1.000,1.000,0.000,30.681,30.500,0.754,53.836,5.000,100.0,47.0,-18.35897445678711,19.487178802490234
315.913,12:58:26.804,450.515,10.492,4726.711,0.000,0.000,0.000,0.000,0.000,0.000,1.000,1.000,0.000,30.681,30.500,0.754,53.836,5.000,100.0,47.0,-18.35897445678711,19.487178802490234
315.977,12:58:26.949,450.515,10.492,4726.711,0.000,0.000,0.000,0.000,0.000,0.000,1.000,1.000,0.000,30.318,30.500,0.740,53.795,5.000,100.0,47.0,-18.35897445678711,19.487178802490234
316.122,12:58:27.013,450.515,10.492,4726.711,0.000,0.000,0.000,0.000,0.000,0.000,1.000,1.000,0.000,30.318,30.500,0.740,53.795,5.000,100.0,47.0,-18.35897445678711,19.487178802490234
316.185,12:58:27.076,450.515,10.492,4726.711,0.000,0.000,0.000,0.000,0.000,0.000,1.000,1.000,0.000,30.318,30.500,0.740,53.795,5.000,100.0,47.0,-18.35897445678711,19.487178802490234
316.249,12:58:27.220,450.515,10.492,4726.711,0.000,0.000,0.000,0.000,0.000,0.000,1.000,1.000,0.000,30.681,30.500,0.758,53.804,5.000,100.0,47.0,-18.35897445678711,19.487178802490234
316.393,12:58:27.284,445.336,11.107,4946.370,0.000,0.000,0.000,0.000,0.000,0.000,1.000,1.000,0.000,30.681,30.500,0.758,53.804,5.000,100.0,47.0,-18.35897445678711,19.487178802490234
316.458,12:58:27.540,445.336,11.107,4946.370,0.000,0.000,0.000,0.000,0.000,0.000,1.000,1.000,0.000,30.681,30.500,0.758,53.804,5.000,100.0,47.0,14.102563858032227,-21.435897827148438
316.713,12:58:27.684,447.524,10.858,4859.323,0.000,0.000,0.000,0.000,0.000,0.000,1.000,1.000,0.000,30.681,30.500,0.754,53.757,5.000,100.0,47.0,14.102563858032227,-21.435897827148438
316.858,12:58:27.748,447.524,10.858,4859.323,0.000,0.000,0.000,0.000,0.000,0.000,1.000,1.000,0.000,30.681,30.500,0.754,53.757,5.000,100.0,47.0,14.102563858032227,-21.435897827148438
316.922,12:58:27.812,447.524,10.858,4859.323,0.000,0.000,0.000,0.000,0.000,0.000,1.000,1.000,0.000,30.681,30.500,0.754,53.757,5.000,100.0,47.0,14.102563858032227,-21.435897827148438
316.985,12:58:27.956,447.524,10.858,4859.323,0.000,0.000,0.000,0.000,0.000,0.000,1.000,1.000,0.000,30.681,30.500,0.754,53.757,5.000,100.0,47.0,14.102563858032227,-21.435897827148438
317.130,12:58:28.020,450.771,10.462,4716.058,0.000,0.000,0.000,0.000,0.000,0.000,1.000,1.000,0.000,30.681,30.500,0.754,53.757,5.000,100.0,47.0,14.102563858032227,-21.435897827148438
317.193,12:58:28.083,450.771,10.462,4716.058,0.000,0.000,0.000,0.000,0.000,0.000,1.000,1.000,0.000,30.681,30.500,0.754,53.757,5.000,100.0,47.0,14.102563858032227,-21.435897827148438
317.256,12:58:28.227,450.771,10.462,4716.058,0.000,0.000,0.000,0.000,0.000,0.000,1.000,1.000,0.000,30.280,30.100,0.739,53.741,5.000,100.0,47.0,14.102563858032227,-21.435897827148438
317.401,12:58:28.292,450.771,10.462,4716.058,0.000,0.000,0.000,0.000,0.000,0.000,1.000,1.000,0.000,30.280,30.100,0.739,53.741,5.000,100.0,47.0,14.102563858032227,-21.435897827148438
317.465,12:58:28.548,450.771,10.462,4716.058,0.000,0.000,0.000,0.000,0.000,0.000,1.000,1.000,0.000,30.280,30.100,0.739,53.741,5.000,100.0,47.0,18.0,-3.2820513248443604
317.721,12:58:28.692,447.536,10.862,4861.330,0.000,0.000,0.000,0.000,0.000,0.000,1.000,1.000,0.000,30.719,30.900,0.755,53.721,5.000,100.0,47.0,18.0,-3.2820513248443604
317.865,12:58:28.756,447.536,10.862,4861.330,0.000,0.000,0.000,0.000,0.000,0.000,1.000,1.000,0.000,30.719,30.900,0.755,53.721,5.000,100.0,47.0,18.0,-3.2820513248443604
317.928,12:58:28.819,448.831,10.715,4809.046,0.000,0.000,0.000,0.000,0.000,0.000,1.000,1.000,0.000,30.719,30.900,0.755,53.721,5.000,100.0,47.0,18.0,-3.2820513248443604
317.992,12:58:28.964,448.831,10.715,4809.046,0.000,0.000,0.000,0.000,0.000,0.000,1.000,1.000,0.000,30.318,30.500,0.743,53.698,5.000,100.0,47.0,18.0,-3.2820513248443604
318.137,12:58:29.027,448.831,10.715,4809.046,0.000,0.000,0.000,0.000,0.000,0.000,1.000,1.000,0.000,30.318,30.500,0.743,53.698,5.000,100.0,47.0,18.0,-3.2820513248443604
318.201,12:58:29.092,448.831,10.715,4809.046,0.000,0.000,0.000,0.000,0.000,0.000,1.000,1.000,0.000,30.318,30.500,0.743,53.698,5.000,100.0,47.0,18.0,-3.2820513248443604
318.265,12:58:29.235,448.831,10.715,4809.046,0.000,0.000,0.000,0.000,0.000,0.000,1.000,1.000,0.000,30.318,30.500,0.743,53.698,5.000,100.0,47.0,18.0,-3.2820513248443604
318.408,12:58:29.298,445.163,11.136,4957.297,0.000,0.000,0.000,0.000,0.000,0.000,1.000,1.000,0.000,30.318,30.500,0.743,53.698,5.000,100.0,47.0,18.0,-3.2820513248443604
318.473,12:58:29.859,445.163,11.136,4957.297,0.000,0.000,0.000,0.000,0.000,0.000,1.000,1.000,0.000,30.318,30.500,0.743,53.698,5.000,100.0,47.0,,-1.076923131942749
319.032,12:58:30.002,448.829,10.712,4807.891,0.000,0.000,0.000,0.000,0.000,0.000,1.000,1.000,0.000,30.318,30.500,0.743,53.655,5.000,100.0,47.0,,-1.076923131942749
319.175,12:58:30.066,445.265,11.125,4953.578,0.000,0.000,0.000,0.000,0.000,0.000,1.000,1.000,0.000,30.318,30.500,0.743,53.655,5.000,100.0,47.0,,-1.076923131942749
319.239,12:58:30.130,445.265,11.125,4953.578,0.000,0.000,0.000,0.000,0.000,0.000,1.000,1.000,0.000,30.318,30.500,0.743,53.655,5.000,100.0,47.0,,-1.076923131942749
319.304,12:58:30.275,445.265,11.125,4953.578,0.000,0.000,0.000,0.000,0.000,0.000,1.000,1.000,0.000,30.681,30.500,0.758,53.642,5.000,100.0,47.0,,-1.076923131942749
319.448,12:58:30.338,445.265,11.125,4953.578,0.000,0.000,0.000,0.000,0.000,0.000,1.000,1.000,0.000,30.681,30.500,0.758,53.642,5.000,100.0,47.0,,-1.076923131942749
319.511,12:58:30.594,445.265,11.125,4953.578,0.000,0.000,0.000,0.000,0.000,0.000,1.000,1.000,0.000,30.681,30.500,0.758,53.642,5.000,100.0,47.0,-19.33333396911621,18.35897445678711
319.767,12:58:30.738,448.609,10.745,4820.225,0.000,0.000,0.000,0.000,0.000,0.000,1.000,1.000,0.000,30.280,30.100,0.742,53.633,5.000,100.0,47.0,-19.33333396911621,18.35897445678711
319.912,12:58:30.802,448.609,10.745,4820.225,0.000,0.000,0.000,0.000,0.000,0.000,1.000,1.000,0.000,30.280,30.100,0.742,53.633,5.000,100.0,47.0,-19.33333396911621,18.35897445678711
319.975,12:58:30.866,447.779,10.842,4854.890,0.000,0.000,0.000,0.000,0.000,0.000,1.000,1.000,0.000,30.280,30.100,0.742,53.633,5.000,100.0,47.0,-19.33333396911621,18.35897445678711
320.040,12:58:31.010,447.779,10.842,4854.890,0.000,0.000,0.000,0.000,0.000,0.000,1.000,1.000,0.000,30.719,30.900,0.755,53.582,5.000,100.0,47.0,-19.33333396911621,18.35897445678711
320.183,12:58:31.074,447.779,10.842,4854.890,0.000,0.000,0.000,0.000,0.000,0.000,1.000,1.000,0.000,30.719,30.900,0.755,53.582,5.000,100.0,47.0,-19.33333396911621,18.35897445678711
320.247,12:58:31.138,447.779,10.842,4854.890,0.000,0.000,0.000,0.000,0.000,0.000,1.000,1.000,0.000,30.719,30.900,0.755,53.582,5.000,100.0,47.0,-19.33333396911621,18.35897445678711
320.310,12:58:31.281,447.779,10.842,4854.890,0.000,0.000,0.000,0.000,0.000,0.000,1.000,1.000,0.000,30.681,30.500,0.758,53.598,5.000,100.0,47.0,-19.33333396911621,18.35897445678711
320.455,12:58:31.346,445.232,11.131,4955.917,0.000,0.000,0.000,0.000,0.000,0.000,1.000,1.000,0.000,30.681,30.500,0.758,53.598,5.000,100.0,47.0,-19.33333396911621,18.35897445678711
320.518,12:58:31.602,445.232,11.131,4955.917,0.000,0.000,0.000,0.000,0.000,0.000,1.000,1.000,0.000,30.681,30.500,0.758,53.598,5.000,100.0,47.0,8.35897445678711,-22.71794891357422
320.775,12:58:31.745,451.388,10.402,4695.443,0.000,0.000,0.000,0.000,0.000,0.000,1.000,1.000,0.000,30.318,30.500,0.739,53.551,5.000,100.0,47.0,8.35897445678711,-22.71794891357422
320.919,12:58:31.809,451.388,10.402,4695.443,0.000,0.000,0.000,0.000,0.000,0.000,1.000,1.000,0.000,30.318,30.500,0.739,53.551,5.000,100.0,47.0,8.35897445678711,-22.71794891357422
320.982,12:58:31.873,451.388,10.402,4695.443,0.000,0.000,0.000,0.000,0.000,0.000,1.000,1.000,0.000,30.318,30.500,0.739,53.551,5.000,100.0,47.0,8.35897445678711,-22.71794891357422
321.046,12:58:32.017,451.388,10.402,4695.443,0.000,0.000,0.000,0.000,0.000,0.000,1.000,1.000,0.000,30.318,30.500,0.739,53.551,5.000,100.0,47.0,8.35897445678711,-22.71794891357422
321.190,12:58:32.081,445.181,11.148,4962.922,0.000,0.000,0.000,0.000,0.000,0.000,1.000,1.000,0.000,30.318,30.500,0.739,53.551,5.000,100.0,47.0,8.35897445678711,-22.71794891357422
321.255,12:58:32.146,445.181,11.148,4962.922,0.000,0.000,0.000,0.000,0.000,0.000,1.000,1.000,0.000,30.318,30.500,0.739,53.551,5.000,100.0,47.0,8.35897445678711,-22.71794891357422
321.318,12:58:32.290,445.181,11.148,4962.922,0.000,0.000,0.000,0.000,0.000,0.000,1.000,1.000,0.000,30.681,30.500,0.758,53.554,5.000,100.0,47.0,8.35897445678711,-22.71794891357422
321.462,12:58:32.353,445.181,11.148,4962.922,0.000,0.000,0.000,0.000,0.000,0.000,1.000,1.000,0.000,30.681,30.500,0.758,53.554,5.000,100.0,47.0,8.35897445678711,-22.71794891357422
321.526,12:58:32.609,445.181,11.148,4962.922,0.000,0.000,0.000,0.000,0.000,0.000,1.000,1.000,0.000,30.681,30.500,0.758,53.554,5.000,100.0,47.0,22.256410598754883,-12.0
321.783,12:58:32.752,448.601,10.758,4825.968,0.000,0.000,0.000,0.000,0.000,0.000,1.000,1.000,0.000,30.318,30.500,0.743,53.502,5.000,100.0,47.0,22.256410598754883,-12.0
321.926,12:58:32.816,448.601,10.758,4825.968,0.000,0.000,0.000,0.000,0.000,0.000,1.000,1.000,0.000,30.318,30.500,0.743,53.502,5.000,100.0,47.0,22.256410598754883,-12.0
321.990,12:58:32.880,448.601,10.758,4825.968,0.000,0.000,0.000,0.000,0.000,0.000,1.000,1.000,0.000,30.318,30.500,0.743,53.502,5.000,100.0,47.0,22.256410598754883,-12.0
322.054,12:58:33.024,451.502,10.398,4694.836,0.000,0.000,0.000,0.000,0.000,0.000,1.000,1.000,0.000,30.318,30.500,0.739,53.491,5.000,100.0,47.0,22.256410598754883,-12.0
322.198,12:58:33.088,451.502,10.398,4694.836,0.000,0.000,0.000,0.000,0.000,0.000,1.000,1.000,0.000,30.318,30.500,0.739,53.491,5.000,100.0,47.0,22.256410598754883,-12.0
322.262,12:58:33.153,451.502,10.398,4694.836,0.000,0.000,0.000,0.000,0.000,0.000,1.000,1.000,0.000,30.318,30.500,0.739,53.491,5.000,100.0,47.0,22.256410598754883,-12.0
322.325,12:58:33.296,451.502,10.398,4694.836,0.000,0.000,0.000,0.000,0.000,0.000,1.000,1.000,0.000,30.318,30.500,0.739,53.491,5.000,100.0,47.0,22.256410598754883,-12.0
322.470,12:58:33.360,448.349,10.787,4836.496,0.000,0.000,0.000,0.000,0.000,0.000,1.000,1.000,0.000,30.318,30.500,0.739,53.491,5.000,100.0,47.0,22.256410598754883,-12.0
322.533,12:58:33.616,448.349,10.787,4836.496,0.000,0.000,0.000,0.000,0.000,0.000,1.000,1.000,0.000,30.318,30.500,0.739,53.491,5.000,100.0,47.0,-22.0,14.256410598754883
322.790,12:58:33.760,448.349,10.787,4836.496,0.000,0.000,0.000,0.000,0.000,0.000,1.000,1.000,0.000,30.319,30.500,0.742,53.437,5.000,100.0,47.0,-22.0,14.256410598754883
322.934,12:58:33.825,449.339,10.660,4790.128,0.000,0.000,0.000,0.000,0.000,0.000,1.000,1.000,0.000,30.319,30.500,0.742,53.437,5.000,100.0,47.0,-22.0,14.256410598754883
322.998,12:58:33.888,449.339,10.660,4790.128,0.000,0.000,0.000,0.000,0.000,0.000,1.000,1.000,0.000,30.319,30.500,0.742,53.437,5.000,100.0,47.0,-22.0,14.256410598754883
323.062,12:58:34.031,449.339,10.660,4790.128,0.000,0.000,0.000,0.000,0.000,0.000,1.000,1.000,0.000,30.319,30.500,0.742,53.437,5.000,100.0,47.0,-22.0,14.256410598754883
323.205,12:58:34.095,449.339,10.660,4790.128,0.000,0.000,0.000,0.000,0.000,0.000,1.000,1.000,0.000,30.319,30.500,0.742,53.437,5.000,100.0,47.0,-22.0,14.256410598754883
323.270,12:58:34.160,446.287,11.026,4920.570,0.000,0.000,0.000,0.000,0.000,0.000,1.000,1.000,0.000,30.319,30.500,0.742,53.437,5.000,100.0,47.0,-22.0,14.256410598754883
323.334,12:58:34.304,446.287,11.026,4920.570,0.000,0.000,0.000,0.000,0.000,0.000,1.000,1.000,0.000,30.680,30.500,0.756,53.448,5.000,100.0,47.0,-22.0,14.256410598754883
323.477,12:58:34.367,446.287,11.026,4920.570,0.000,0.000,0.000,0.000,0.000,0.000,1.000,1.000,0.000,30.680,30.500,0.756,53.448,5.000,100.0,47.0,-22.0,14.256410598754883
323.540,12:58:34.624,446.287,11.026,4920.570,0.000,0.000,0.000,0.000,0.000,0.000,1.000,1.000,0.000,30.680,30.500,0.756,53.448,5.000,100.0,47.0,-24.0,9.64102554321289
323.797,12:58:34.767,446.669,10.981,4905.021,0.000,0.000,0.000,0.000,0.000,0.000,1.000,1.000,0.000,30.720,30.900,0.757,53.411,5.000,100.0,47.0,-24.0,9.64102554321289
323.940,12:58:34.831,446.669,10.981,4905.021,0.000,0.000,0.000,0.000,0.000,0.000,1.000,1.000,0.000,30.720,30.900,0.757,53.411,5.000,100.0,47.0,-24.0,9.64102554321289
324.004,12:58:34.895,446.669,10.981,4905.021,0.000,0.000,0.000,0.000,0.000,0.000,1.000,1.000,0.000,30.720,30.900,0.757,53.411,5.000,100.0,47.0,-24.0,9.64102554321289
324.069,12:58:35.040,446.003,11.060,4932.842,0.000,0.000,0.000,0.000,0.000,0.000,1.000,1.000,0.000,30.681,30.500,0.757,53.400,5.000,100.0,47.0,-24.0,9.64102554321289
324.212,12:58:35.103,446.003,11.060,4932.842,0.000,0.000,0.000,0.000,0.000,0.000,1.000,1.000,0.000,30.681,30.500,0.757,53.400,5.000,100.0,47.0,-24.0,9.64102554321289
324.276,12:58:35.166,446.003,11.060,4932.842,0.000,0.000,0.000,0.000,0.000,0.000,1.000,1.000,0.000,30.681,30.500,0.757,53.400,5.000,100.0,47.0,-24.0,9.64102554321289
324.340,12:58:35.312,446.003,11.060,4932.842,0.000,0.000,0.000,0.000,0.000,0.000,1.000,1.000,0.000,30.681,30.500,0.757,53.400,5.000,100.0,47.0,-24.0,9.64102554321289
324.484,12:58:35.375,446.811,10.969,4901.004,0.000,0.000,0.000,0.000,0.000,0.000,1.000,1.000,0.000,30.681,30.500,0.757,53.400,5.000,100.0,47.0,-24.0,9.64102554321289
324.548,12:58:35.630,446.811,10.969,4901.004,0.000,0.000,0.000,0.000,0.000,0.000,1.000,1.000,0.000,30.681,30.500,0.757,53.400,5.000,100.0,47.0,16.102563858032227,-25.897436141967773
324.805,12:58:35.775,446.811,10.969,4901.004,0.000,0.000,0.000,0.000,0.000,0.000,1.000,1.000,0.000,30.681,30.500,0.756,53.375,5.000,100.0,47.0,16.102563858032227,-25.897436141967773
324.948,12:58:35.839,446.182,11.042,4926.930,0.000,0.000,0.000,0.000,0.000,0.000,1.000,1.000,0.000,30.681,30.500,0.756,53.375,5.000,100.0,47.0,16.102563858032227,-25.897436141967773
325.013,12:58:35.903,446.182,11.042,4926.930,0.000,0.000,0.000,0.000,0.000,0.000,1.000,1.000,0.000,30.681,30.500,0.756,53.375,5.000,100.0,47.0,16.102563858032227,-25.897436141967773
325.076,12:58:36.046,446.182,11.042,4926.930,0.000,0.000,0.000,0.000,0.000,0.000,1.000,1.000,0.000,30.681,30.500,0.756,53.375,5.000,100.0,47.0,16.102563858032227,-25.897436141967773
325.221,12:58:36.111,446.182,11.042,4926.930,0.000,0.000,0.000,0.000,0.000,0.000,1.000,1.000,0.000,30.681,30.500,0.756,53.375,5.000,100.0,47.0,16.102563858032227,-25.897436141967773
325.284,12:58:36.175,446.881,10.967,4901.133,0.000,0.000,0.000,0.000,0.000,0.000,1.000,1.000,0.000,30.681,30.500,0.756,53.375,5.000,100.0,47.0,16.102563858032227,-25.897436141967773
325.348,12:58:36.319,446.881,10.967,4901.133,0.000,0.000,0.000,0.000,0.000,0.000,1.000,1.000,0.000,30.719,30.900,0.756,53.301,5.000,100.0,47.0,16.102563858032227,-25.897436141967773
325.492,12:58:36.382,446.881,10.967,4901.133,0.000,0.000,0.000,0.000,0.000,0.000,1.000,1.000,0.000,30.719,30.900,0.756,53.301,5.000,100.0,47.0,16.102563858032227,-25.897436141967773
325.556,12:58:36.639,446.881,10.967,4901.133,0.000,0.000,0.000,0.000,0.000,0.000,1.000,1.000,0.000,30.719,30.900,0.756,53.301,5.000,100.0,47.0,-14.20512866973877,-10.564102172851562
325.812,12:58:36.782,446.215,11.039,4925.948,0.000,0.000,0.000,0.000,0.000,0.000,1.000,1.000,0.000,30.681,30.500,0.756,53.306,5.000,100.0,47.0,-14.20512866973877,-10.564102172851562
325.955,12:58:36.846,446.215,11.039,4925.948,0.000,0.000,0.000,0.000,0.000,0.000,1.000,1.000,0.000,30.681,30.500,0.756,53.306,5.000,100.0,47.0,-14.20512866973877,-10.564102172851562
326.020,12:58:36.911,446.215,11.039,4925.948,0.000,0.000,0.000,0.000,0.000,0.000,1.000,1.000,0.000,30.681,30.500,0.756,53.306,5.000,100.0,47.0,-14.20512866973877,-10.564102172851562
326.084,12:58:37.054,447.105,10.943,4892.618,0.000,0.000,0.000,0.000,0.000,0.000,1.000,1.000,0.000,30.719,30.900,0.756,53.306,5.000,100.0,47.0,-14.20512866973877,-10.564102172851562
326.228,12:58:37.118,447.105,10.943,4892.618,0.000,0.000,0.000,0.000,0.000,0.000,1.000,1.000,0.000,30.719,30.900,0.756,53.306,5.000,100.0,47.0,-14.20512866973877,-10.564102172851562
326.291,12:58:37.182,447.105,10.943,4892.618,0.000,0.000,0.000,0.000,0.000,0.000,1.000,1.000,0.000,30.719,30.900,0.756,53.306,5.000,100.0,47.0,-14.20512866973877,-10.564102172851562
326.355,12:58:37.326,447.105,10.943,4892.618,0.000,0.000,0.000,0.000,0.000,0.000,1.000,1.000,0.000,30.719,30.900,0.756,53.306,5.000,100.0,47.0,-14.20512866973877,-10.564102172851562
326.499,12:58:37.390,446.051,11.057,4932.092,0.000,0.000,0.000,0.000,0.000,0.000,1.000,1.000,0.000,30.719,30.900,0.756,53.306,5.000,100.0,47.0,-14.20512866973877,-10.564102172851562
326.563,12:58:37.645,446.051,11.057,4932.092,0.000,0.000,0.000,0.000,0.000,0.000,1.000,1.000,0.000,30.719,30.900,0.756,53.306,5.000,100.0,47.0,18.871795654296875,-21.076923370361328
326.820,12:58:37.789,446.051,11.057,4932.092,0.000,0.000,0.000,0.000,0.000,0.000,1.000,1.000,0.000,30.280,30.100,0.742,53.233,5.000,100.0,47.0,18.871795654296875,-21.076923370361328
326.963,12:58:37.854,449.002,10.716,4811.531,0.000,0.000,0.000,0.000,0.000,0.000,1.000,1.000,0.000,30.280,30.100,0.742,53.233,5.000,100.0,47.0,18.871795654296875,-21.076923370361328
327.027,12:58:37.918,449.002,10.716,4811.531,0.000,0.000,0.000,0.000,0.000,0.000,1.000,1.000,0.000,30.280,30.100,0.742,53.233,5.000,100.0,47.0,18.871795654296875,-21.076923370361328
327.091,12:58:38.062,449.002,10.716,4811.531,0.000,0.000,0.000,0.000,0.000,0.000,1.000,1.000,0.000,30.280,30.100,0.742,53.233,5.000,100.0,47.0,18.871795654296875,-21.076923370361328
327.235,12:58:38.126,449.002,10.716,4811.531,0.000,0.000,0.000,0.000,0.000,0.000,1.000,1.000,0.000,30.280,30.100,0.742,53.233,5.000,100.0,47.0,18.871795654296875,-21.076923370361328
327.299,12:58:38.190,447.244,10.924,4885.578,0.000,0.000,0.000,0.000,0.000,0.000,1.000,1.000,0.000,30.280,30.100,0.742,53.233,5.000,100.0,47.0,18.871795654296875,-21.076923370361328
327.363,12:58:38.334,447.244,10.924,4885.578,0.000,0.000,0.000,0.000,0.000,0.000,1.000,1.000,0.000,30.681,30.500,0.755,53.219,5.000,100.0,47.0,18.871795654296875,-21.076923370361328
327.506,12:58:38.397,447.244,10.924,4885.578,0.000,0.000,0.000,0.000,0.000,0.000,1.000,1.000,0.000,30.681,30.500,0.755,53.219,5.000,100.0,47.0,18.871795654296875,-21.076923370361328
327.570,12:58:38.653,447.244,10.924,4885.578,0.000,0.000,0.000,0.000,0.000,0.000,1.000,1.000,0.000,30.681,30.500,0.755,53.219,5.000,100.0,47.0,17.230770111083984,3.7948718070983887
327.827,12:58:38.797,447.168,10.929,4887.174,0.000,0.000,0.000,0.000,0.000,0.000,1.000,1.000,0.000,30.681,30.500,0.755,53.204,5.000,100.0,47.0,17.230770111083984,3.7948718070983887
327.970,12:58:38.860,447.168,10.929,4887.174,0.000,0.000,0.000,0.000,0.000,0.000,1.000,1.000,0.000,30.681,30.500,0.755,53.204,5.000,100.0,47.0,17.230770111083984,3.7948718070983887
328.035,12:58:38.925,447.168,10.929,4887.174,0.000,0.000,0.000,0.000,0.000,0.000,1.000,1.000,0.000,30.681,30.500,0.755,53.204,5.000,100.0,47.0,17.230770111083984,3.7948718070983887
328.098,12:58:39.069,448.983,10.719,4812.515,0.000,0.000,0.000,0.000,0.000,0.000,1.000,1.000,0.000,30.318,30.500,0.743,53.174,5.000,100.0,47.0,17.230770111083984,3.7948718070983887
328.242,12:58:39.132,448.983,10.719,4812.515,0.000,0.000,0.000,0.000,0.000,0.000,1.000,1.000,0.000,30.318,30.500,0.743,53.174,5.000,100.0,47.0,17.230770111083984,3.7948718070983887
328.306,12:58:39.196,448.983,10.719,4812.515,0.000,0.000,0.000,0.000,0.000,0.000,1.000,1.000,0.000,30.318,30.500,0.743,53.174,5.000,100.0,47.0,17.230770111083984,3.7948718070983887
328.370,12:58:39.341,448.983,10.719,4812.515,0.000,0.000,0.000,0.000,0.000,0.000,1.000,1.000,0.000,30.318,30.500,0.743,53.174,5.000,100.0,47.0,17.230770111083984,3.7948718070983887
328.514,12:58:39.405,445.509,11.121,4954.294,0.000,0.000,0.000,0.000,0.000,0.000,1.000,1.000,0.000,30.318,30.500,0.743,53.174,5.000,100.0,47.0,17.230770111083984,3.7948718070983887
328.578,12:58:39.660,445.509,11.121,4954.294,0.000,0.000,0.000,0.000,0.000,0.000,1.000,1.000,0.000,30.318,30.500,0.743,53.174,5.000,100.0,47.0,-19.384614944458008,15.230769157409668
328.834,12:58:39.805,445.509,11.121,4954.294,0.000,0.000,0.000,0.000,0.000,0.000,1.000,1.000,0.000,30.681,30.500,0.758,53.182,5.000,100.0,47.0,-19.384614944458008,15.230769157409668
328.978,12:58:39.869,447.369,10.909,4880.234,0.000,0.000,0.000,0.000,0.000,0.000,1.000,1.000,0.000,30.681,30.500,0.758,53.182,5.000,100.0,47.0,-19.384614944458008,15.230769157409668
329.041,12:58:39.932,447.369,10.909,4880.234,0.000,0.000,0.000,0.000,0.000,0.000,1.000,1.000,0.000,30.681,30.500,0.758,53.182,5.000,100.0,47.0,-19.384614944458008,15.230769157409668
329.105,12:58:40.077,447.369,10.909,4880.234,0.000,0.000,0.000,0.000,0.000,0.000,1.000,1.000,0.000,30.681,30.500,0.754,53.150,5.000,100.0,47.0,-19.384614944458008,15.230769157409668
329.249,12:58:40.140,447.369,10.909,4880.234,0.000,0.000,0.000,0.000,0.000,0.000,1.000,1.000,0.000,30.681,30.500,0.754,53.150,5.000,100.0,47.0,-19.384614944458008,15.230769157409668
329.314,12:58:40.204,447.748,10.870,4867.000,0.000,0.000,0.000,0.000,0.000,0.000,1.000,1.000,0.000,30.681,30.500,0.754,53.150,5.000,100.0,47.0,-19.384614944458008,15.230769157409668
329.378,12:58:40.349,447.748,10.870,4867.000,0.000,0.000,0.000,0.000,0.000,0.000,1.000,1.000,0.000,30.681,30.500,0.754,53.127,5.000,100.0,47.0,-19.384614944458008,15.230769157409668
329.521,12:58:40.412,447.748,10.870,4867.000,0.000,0.000,0.000,0.000,0.000,0.000,1.000,1.000,0.000,30.681,30.500,0.754,53.127,5.000,100.0,47.0,-19.384614944458008,15.230769157409668
329.585,12:58:40.668,447.748,10.870,4867.000,0.000,0.000,0.000,0.000,0.000,0.000,1.000,1.000,0.000,30.681,30.500,0.754,53.127,5.000,100.0,47.0,-19.076923370361328,4.564102649688721
329.841,12:58:40.811,448.848,10.737,4819.479,0.000,0.000,0.000,0.000,0.000,0.000,1.000,1.000,0.000,30.318,30.500,0.743,53.107,5.000,100.0,47.0,-19.076923370361328,4.564102649688721
329.985,12:58:40.875,448.848,10.737,4819.479,0.000,0.000,0.000,0.000,0.000,0.000,1.000,1.000,0.000,30.318,30.500,0.743,53.107,5.000,100.0,47.0,-19.076923370361328,4.564102649688721
330.050,12:58:40.940,448.848,10.737,4819.479,0.000,0.000,0.000,0.000,0.000,0.000,1.000,1.000,0.000,30.318,30.500,0.743,53.107,5.000,100.0,47.0,-19.076923370361328,4.564102649688721
330.114,12:58:41.084,448.848,10.737,4819.479,0.000,0.000,0.000,0.000,0.000,0.000,1.000,1.000,0.000,30.681,30.500,0.758,53.085,5.000,100.0,47.0,-19.076923370361328,4.564102649688721
330.258,12:58:41.148,445.396,11.142,4962.663,0.000,0.000,0.000,0.000,0.000,0.000,1.000,1.000,0.000,30.681,30.500,0.758,53.085,5.000,100.0,47.0,-19.076923370361328,4.564102649688721
330.320,12:58:41.211,445.396,11.142,4962.663,0.000,0.000,0.000,0.000,0.000,0.000,1.000,1.000,0.000,30.681,30.500,0.758,53.085,5.000,100.0,47.0,-19.076923370361328,4.564102649688721
330.385,12:58:41.355,445.396,11.142,4962.663,0.000,0.000,0.000,0.000,0.000,0.000,1.000,1.000,0.000,30.681,30.500,0.758,53.085,5.000,100.0,47.0,-19.076923370361328,4.564102649688721
330.528,12:58:41.419,445.396,11.142,4962.663,0.000,0.000,0.000,0.000,0.000,0.000,1.000,1.000,0.000,30.681,30.500,0.758,53.085,5.000,100.0,47.0,-19.076923370361328,4.564102649688721
330.593,12:58:41.676,447.726,10.877,4870.032,0.000,0.000,0.000,0.000,0.000,0.000,1.000,1.000,0.000,30.681,30.500,0.758,53.085,5.000,100.0,47.0,19.487178802490234,-20.461538314819336
330.848,12:58:41.820,447.726,10.877,4870.032,0.000,0.000,0.000,0.000,0.000,0.000,1.000,1.000,0.000,30.719,30.900,0.755,53.063,5.000,100.0,47.0,19.487178802490234,-20.461538314819336
330.993,12:58:41.883,445.415,11.138,4960.814,0.000,0.000,0.000,0.000,0.000,0.000,1.000,1.000,0.000,30.719,30.900,0.755,53.063,5.000,100.0,47.0,19.487178802490234,-20.461538314819336
331.056,12:58:41.946,445.415,11.138,4960.814,0.000,0.000,0.000,0.000,0.000,0.000,1.000,1.000,0.000,30.719,30.900,0.755,53.063,5.000,100.0,47.0,19.487178802490234,-20.461538314819336
331.120,12:58:42.091,445.415,11.138,4960.814,0.000,0.000,0.000,0.000,0.000,0.000,1.000,1.000,0.000,30.719,30.900,0.759,53.068,5.000,100.0,47.0,19.487178802490234,-20.461538314819336
331.264,12:58:42.154,445.415,11.138,4960.814,0.000,0.000,0.000,0.000,0.000,0.000,1.000,1.000,0.000,30.719,30.900,0.759,53.068,5.000,100.0,47.0,19.487178802490234,-20.461538314819336
331.328,12:58:42.218,445.415,11.138,4960.814,0.000,0.000,0.000,0.000,0.000,0.000,1.000,1.000,0.000,30.719,30.900,0.759,53.068,5.000,100.0,47.0,19.487178802490234,-20.461538314819336
331.393,12:58:42.363,445.422,11.140,4961.825,0.000,0.000,0.000,0.000,0.000,0.000,1.000,1.000,0.000,30.681,30.500,0.758,53.035,5.000,100.0,47.0,19.487178802490234,-20.461538314819336
331.536,12:58:42.426,445.422,11.140,4961.825,0.000,0.000,0.000,0.000,0.000,0.000,1.000,1.000,0.000,30.681,30.500,0.758,53.035,5.000,100.0,47.0,19.487178802490234,-20.461538314819336
331.600,12:58:42.683,445.422,11.140,4961.825,0.000,0.000,0.000,0.000,0.000,0.000,1.000,1.000,0.000,30.681,30.500,0.758,53.035,5.000,100.0,47.0,8.15384578704834,-22.512821197509766
331.856,12:58:42.827,448.678,10.760,4827.731,0.000,0.000,0.000,0.000,0.000,0.000,1.000,1.000,0.000,30.280,30.100,0.742,53.035,5.000,100.0,47.0,8.15384578704834,-22.512821197509766
332.000,12:58:42.890,448.678,10.760,4827.731,0.000,0.000,0.000,0.000,0.000,0.000,1.000,1.000,0.000,30.280,30.100,0.742,53.035,5.000,100.0,47.0,8.15384578704834,-22.512821197509766
332.064,12:58:42.955,448.678,10.760,4827.731,0.000,0.000,0.000,0.000,0.000,0.000,1.000,1.000,0.000,30.280,30.100,0.742,53.035,5.000,100.0,47.0,8.15384578704834,-22.512821197509766
332.128,12:58:43.099,448.678,10.760,4827.731,0.000,0.000,0.000,0.000,0.000,0.000,1.000,1.000,0.000,30.681,30.500,0.753,52.986,5.000,100.0,47.0,8.15384578704834,-22.512821197509766
332.272,12:58:43.163,447.955,10.856,4862.915,0.000,0.000,0.000,0.000,0.000,0.000,1.000,1.000,0.000,30.681,30.500,0.753,52.986,5.000,100.0,47.0,8.15384578704834,-22.512821197509766
332.336,12:58:43.226,447.955,10.856,4862.915,0.000,0.000,0.000,0.000,0.000,0.000,1.000,1.000,0.000,30.681,30.500,0.753,52.986,5.000,100.0,47.0,8.15384578704834,-22.512821197509766
332.400,12:58:43.371,447.955,10.856,4862.915,0.000,0.000,0.000,0.000,0.000,0.000,1.000,1.000,0.000,30.681,30.500,0.753,52.986,5.000,100.0,47.0,8.15384578704834,-22.512821197509766
332.543,12:58:43.434,447.955,10.856,4862.915,0.000,0.000,0.000,0.000,0.000,0.000,1.000,1.000,0.000,30.681,30.500,0.753,52.986,5.000,100.0,47.0,8.15384578704834,-22.512821197509766
332.608,12:58:43.690,444.581,11.237,4995.617,0.000,0.000,0.000,0.000,0.000,0.000,1.000,1.000,0.000,30.681,30.500,0.753,52.986,5.000,100.0,47.0,7.435897350311279,17.69230842590332
332.864,12:58:43.834,444.581,11.237,4995.617,0.000,0.000,0.000,0.000,0.000,0.000,1.000,1.000,0.000,31.081,30.900,0.769,52.983,5.000,100.0,47.0,7.435897350311279,17.69230842590332
333.007,12:58:43.898,448.391,10.799,4842.011,0.000,0.000,0.000,0.000,0.000,0.000,1.000,1.000,0.000,31.081,30.900,0.769,52.983,5.000,100.0,47.0,7.435897350311279,17.69230842590332
333.071,12:58:43.961,448.391,10.799,4842.011,0.000,0.000,0.000,0.000,0.000,0.000,1.000,1.000,0.000,31.081,30.900,0.769,52.983,5.000,100.0,47.0,7.435897350311279,17.69230842590332
333.134,12:58:44.106,448.391,10.799,4842.011,0.000,0.000,0.000,0.000,0.000,0.000,1.000,1.000,0.000,30.719,30.900,0.754,52.975,5.000,100.0,47.0,7.435897350311279,17.69230842590332
333.279,12:58:44.169,448.391,10.799,4842.011,0.000,0.000,0.000,0.000,0.000,0.000,1.000,1.000,0.000,30.719,30.900,0.754,52.975,5.000,100.0,47.0,7.435897350311279,17.69230842590332
333.343,12:58:44.234,448.391,10.799,4842.011,0.000,0.000,0.000,0.000,0.000,0.000,1.000,1.000,0.000,30.719,30.900,0.754,52.975,5.000,100.0,47.0,7.435897350311279,17.69230842590332
333.407,12:58:44.377,447.036,10.964,4901.110,0.000,0.000,0.000,0.000,0.000,0.000,1.000,1.000,0.000,30.680,30.500,0.755,52.954,5.000,100.0,47.0,7.435897350311279,17.69230842590332
333.550,12:58:44.441,447.036,10.964,4901.110,0.000,0.000,0.000,0.000,0.000,0.000,1.000,1.000,0.000,30.680,30.500,0.755,52.954,5.000,100.0,47.0,7.435897350311279,17.69230842590332
333.614,12:58:44.698,447.036,10.964,4901.110,0.000,0.000,0.000,0.000,0.000,0.000,1.000,1.000,0.000,30.680,30.500,0.755,52.954,5.000,100.0,47.0,10.820512771606445,0.10256410390138626
333.870,12:58:44.840,448.372,10.802,4843.293,0.000,0.000,0.000,0.000,0.000,0.000,1.000,1.000,0.000,30.719,30.900,0.754,52.932,5.000,100.0,47.0,10.820512771606445,0.10256410390138626
334.015,12:58:44.905,448.372,10.802,4843.293,0.000,0.000,0.000,0.000,0.000,0.000,1.000,1.000,0.000,30.719,30.900,0.754,52.932,5.000,100.0,47.0,10.820512771606445,0.10256410390138626
334.079,12:58:44.969,448.372,10.802,4843.293,0.000,0.000,0.000,0.000,0.000,0.000,1.000,1.000,0.000,30.719,30.900,0.754,52.932,5.000,100.0,47.0,10.820512771606445,0.10256410390138626
334.143,12:58:45.113,448.372,10.802,4843.293,0.000,0.000,0.000,0.000,0.000,0.000,1.000,1.000,0.000,30.719,30.900,0.756,52.942,5.000,100.0,47.0,10.820512771606445,0.10256410390138626
334.286,12:58:45.177,447.131,10.957,4899.423,0.000,0.000,0.000,0.000,0.000,0.000,1.000,1.000,0.000,30.719,30.900,0.756,52.942,5.000,100.0,47.0,10.820512771606445,0.10256410390138626
334.350,12:58:45.240,447.131,10.957,4899.423,0.000,0.000,0.000,0.000,0.000,0.000,1.000,1.000,0.000,30.719,30.900,0.756,52.942,5.000,100.0,47.0,10.820512771606445,0.10256410390138626
334.415,12:58:45.385,447.131,10.957,4899.423,0.000,0.000,0.000,0.000,0.000,0.000,1.000,1.000,0.000,30.719,30.900,0.756,52.942,5.000,100.0,47.0,10.820512771606445,0.10256410390138626
334.559,12:58:45.449,447.131,10.957,4899.423,0.000,0.000,0.000,0.000,0.000,0.000,1.000,1.000,0.000,30.719,30.900,0.756,52.942,5.000,100.0,47.0,10.820512771606445,0.10256410390138626
334.622,12:58:45.704,447.515,10.910,4882.604,0.000,0.000,0.000,0.000,0.000,0.000,1.000,1.000,0.000,30.719,30.900,0.756,52.942,5.000,100.0,47.0,-4.205128192901611,25.179487228393555
334.879,12:58:45.848,447.515,10.910,4882.604,0.000,0.000,0.000,0.000,0.000,0.000,1.000,1.000,0.000,30.719,30.900,0.755,52.894,5.000,100.0,47.0,-4.205128192901611,25.179487228393555
335.022,12:58:45.913,446.963,10.975,4905.531,0.000,0.000,0.000,0.000,0.000,0.000,1.000,1.000,0.000,30.719,30.900,0.755,52.894,5.000,100.0,47.0,-4.205128192901611,25.179487228393555
335.085,12:58:45.976,446.963,10.975,4905.531,0.000,0.000,0.000,0.000,0.000,0.000,1.000,1.000,0.000,30.719,30.900,0.755,52.894,5.000,100.0,47.0,-4.205128192901611,25.179487228393555
335.151,12:58:46.121,446.963,10.975,4905.531,0.000,0.000,0.000,0.000,0.000,0.000,1.000,1.000,0.000,30.719,30.900,0.756,52.876,5.000,100.0,47.0,-4.205128192901611,25.179487228393555
335.293,12:58:46.184,446.963,10.975,4905.531,0.000,0.000,0.000,0.000,0.000,0.000,1.000,1.000,0.000,30.719,30.900,0.756,52.876,5.000,100.0,47.0,-4.205128192901611,25.179487228393555
335.357,12:58:46.248,446.963,10.975,4905.531,0.000,0.000,0.000,0.000,0.000,0.000,1.000,1.000,0.000,30.719,30.900,0.756,52.876,5.000,100.0,47.0,-4.205128192901611,25.179487228393555
335.421,12:58:46.392,450.119,10.595,4769.223,0.000,0.000,0.000,0.000,0.000,0.000,1.000,1.000,0.000,30.318,30.500,0.741,52.877,5.000,100.0,47.0,-4.205128192901611,25.179487228393555
335.565,12:58:46.456,450.119,10.595,4769.223,0.000,0.000,0.000,0.000,0.000,0.000,1.000,1.000,0.000,30.318,30.500,0.741,52.877,5.000,100.0,47.0,-4.205128192901611,25.179487228393555
335.629,12:58:46.712,450.119,10.595,4769.223,0.000,0.000,0.000,0.000,0.000,0.000,1.000,1.000,0.000,30.318,30.500,0.741,52.877,5.000,100.0,47.0,-24.461538314819336,14.923076629638672
335.885,12:58:46.856,446.459,11.032,4925.184,0.000,0.000,0.000,0.000,0.000,0.000,1.000,1.000,0.000,30.719,30.900,0.757,52.836,5.000,100.0,47.0,-24.461538314819336,14.923076629638672
336.029,12:58:46.919,446.459,11.032,4925.184,0.000,0.000,0.000,0.000,0.000,0.000,1.000,1.000,0.000,30.719,30.900,0.757,52.836,5.000,100.0,47.0,-24.461538314819336,14.923076629638672
336.093,12:58:46.984,446.459,11.032,4925.184,0.000,0.000,0.000,0.000,0.000,0.000,1.000,1.000,0.000,30.719,30.900,0.757,52.836,5.000,100.0,47.0,-24.461538314819336,14.923076629638672
336.157,12:58:47.127,446.459,11.032,4925.184,0.000,0.000,0.000,0.000,0.000,0.000,1.000,1.000,0.000,30.719,30.900,0.757,52.836,5.000,100.0,47.0,-24.461538314819336,14.923076629638672
336.301,12:58:47.192,447.670,10.882,4871.533,0.000,0.000,0.000,0.000,0.000,0.000,1.000,1.000,0.000,30.719,30.900,0.757,52.836,5.000,100.0,47.0,-24.461538314819336,14.923076629638672
336.365,12:58:47.255,447.670,10.882,4871.533,0.000,0.000,0.000,0.000,0.000,0.000,1.000,1.000,0.000,30.719,30.900,0.757,52.836,5.000,100.0,47.0,-24.461538314819336,14.923076629638672
336.430,12:58:47.400,447.670,10.882,4871.533,0.000,0.000,0.000,0.000,0.000,0.000,1.000,1.000,0.000,30.719,30.900,0.755,52.831,5.000,100.0,47.0,-24.461538314819336,14.923076629638672
336.573,12:58:47.464,447.670,10.882,4871.533,0.000,0.000,0.000,0.000,0.000,0.000,1.000,1.000,0.000,30.719,30.900,0.755,52.831,5.000,100.0,47.0,-24.461538314819336,14.923076629638672
336.636,12:58:47.720,446.683,10.997,4911.992,0.000,0.000,0.000,0.000,0.000,0.000,1.000,1.000,0.000,30.719,30.900,0.755,52.831,5.000,100.0,47.0,-14.717948913574219,25.0256404876709
336.893,12:58:47.864,446.683,10.997,4911.992,0.000,0.000,0.000,0.000,0.000,0.000,1.000,1.000,0.000,30.681,30.500,0.756,52.815,5.000,100.0,47.0,-14.717948913574219,25.0256404876709
337.037,12:58:47.927,446.683,10.997,4911.992,0.000,0.000,0.000,0.000,0.000,0.000,1.000,1.000,0.000,30.681,30.500,0.756,52.815,5.000,100.0,47.0,-14.717948913574219,25.0256404876709
337.100,12:58:47.990,447.521,10.900,4877.822,0.000,0.000,0.000,0.000,0.000,0.000,1.000,1.000,0.000,30.681,30.500,0.756,52.815,5.000,100.0,47.0,-14.717948913574219,25.0256404876709
337.165,12:58:48.135,447.521,10.900,4877.822,0.000,0.000,0.000,0.000,0.000,0.000,1.000,1.000,0.000,30.719,30.900,0.755,52.815,5.000,100.0,47.0,-14.717948913574219,25.0256404876709
337.309,12:58:48.199,447.521,10.900,4877.822,0.000,0.000,0.000,0.000,0.000,0.000,1.000,1.000,0.000,30.719,30.900,0.755,52.815,5.000,100.0,47.0,-14.717948913574219,25.0256404876709
337.373,12:58:48.263,447.521,10.900,4877.822,0.000,0.000,0.000,0.000,0.000,0.000,1.000,1.000,0.000,30.719,30.900,0.755,52.815,5.000,100.0,47.0,-14.717948913574219,25.0256404876709
337.436,12:58:48.408,447.521,10.900,4877.822,0.000,0.000,0.000,0.000,0.000,0.000,1.000,1.000,0.000,30.681,30.500,0.756,52.781,5.000,100.0,47.0,-14.717948913574219,25.0256404876709
337.580,12:58:48.471,446.263,11.048,4930.255,0.000,0.000,0.000,0.000,0.000,0.000,1.000,1.000,0.000,30.681,30.500,0.756,52.781,5.000,100.0,47.0,-14.717948913574219,25.0256404876709
337.644,12:58:48.727,446.263,11.048,4930.255,0.000,0.000,0.000,0.000,0.000,0.000,1.000,1.000,0.000,30.681,30.500,0.756,52.781,5.000,100.0,47.0,-19.897436141967773,18.9743595123291
337.900,12:58:48.870,447.816,10.864,4865.165,0.000,0.000,0.000,0.000,0.000,0.000,1.000,1.000,0.000,30.719,30.900,0.755,52.782,5.000,100.0,47.0,-19.897436141967773,18.9743595123291
338.044,12:58:48.935,447.816,10.864,4865.165,0.000,0.000,0.000,0.000,0.000,0.000,1.000,1.000,0.000,30.719,30.900,0.755,52.782,5.000,100.0,47.0,-19.897436141967773,18.9743595123291
338.108,12:58:48.998,447.816,10.864,4865.165,0.000,0.000,0.000,0.000,0.000,0.000,1.000,1.000,0.000,30.719,30.900,0.755,52.782,5.000,100.0,47.0,-19.897436141967773,18.9743595123291
338.173,12:58:49.142,447.816,10.864,4865.165,0.000,0.000,0.000,0.000,0.000,0.000,1.000,1.000,0.000,30.719,30.900,0.755,52.782,5.000,100.0,47.0,-19.897436141967773,18.9743595123291
338.316,12:58:49.207,446.328,11.040,4927.531,0.000,0.000,0.000,0.000,0.000,0.000,1.000,1.000,0.000,30.719,30.900,0.755,52.782,5.000,100.0,47.0,-19.897436141967773,18.9743595123291
338.380,12:58:49.271,446.328,11.040,4927.531,0.000,0.000,0.000,0.000,0.000,0.000,1.000,1.000,0.000,30.719,30.900,0.755,52.782,5.000,100.0,47.0,-19.897436141967773,18.9743595123291
338.443,12:58:49.414,446.328,11.040,4927.531,0.000,0.000,0.000,0.000,0.000,0.000,1.000,1.000,0.000,30.681,30.500,0.756,52.767,5.000,100.0,47.0,-19.897436141967773,18.9743595123291
338.588,12:58:49.478,446.328,11.040,4927.531,0.000,0.000,0.000,0.000,0.000,0.000,1.000,1.000,0.000,30.681,30.500,0.756,52.767,5.000,100.0,47.0,-19.897436141967773,18.9743595123291
338.652,12:58:49.735,446.328,11.040,4927.531,0.000,0.000,0.000,0.000,0.000,0.000,1.000,1.000,0.000,30.681,30.500,0.756,52.767,5.000,100.0,47.0,-18.615385055541992,-3.1282050609588623
338.908,12:58:49.878,449.372,10.683,4800.612,0.000,0.000,0.000,0.000,0.000,0.000,1.000,1.000,0.000,30.280,30.100,0.741,52.719,5.000,100.0,47.0,-18.615385055541992,-3.1282050609588623
339.051,12:58:49.941,449.372,10.683,4800.612,0.000,0.000,0.000,0.000,0.000,0.000,1.000,1.000,0.000,30.280,30.100,0.741,52.719,5.000,100.0,47.0,-18.615385055541992,-3.1282050609588623
339.115,12:58:50.006,447.753,10.877,4870.001,0.000,0.000,0.000,0.000,0.000,0.000,1.000,1.000,0.000,30.280,30.100,0.741,52.719,5.000,100.0,47.0,-18.615385055541992,-3.1282050609588623
339.180,12:58:50.150,447.753,10.877,4870.001,0.000,0.000,0.000,0.000,0.000,0.000,1.000,1.000,0.000,30.719,30.900,0.755,52.706,5.000,100.0,47.0,-18.615385055541992,-3.1282050609588623
339.323,12:58:50.213,447.753,10.877,4870.001,0.000,0.000,0.000,0.000,0.000,0.000,1.000,1.000,0.000,30.719,30.900,0.755,52.706,5.000,100.0,47.0,-18.615385055541992,-3.1282050609588623
339.387,12:58:50.278,447.753,10.877,4870.001,0.000,0.000,0.000,0.000,0.000,0.000,1.000,1.000,0.000,30.719,30.900,0.755,52.706,5.000,100.0,47.0,-18.615385055541992,-3.1282050609588623
339.451,12:58:50.422,447.753,10.877,4870.001,0.000,0.000,0.000,0.000,0.000,0.000,1.000,1.000,0.000,30.681,30.500,0.756,52.715,5.000,100.0,47.0,-18.615385055541992,-3.1282050609588623
339.595,12:58:50.486,446.289,11.044,4928.666,0.000,0.000,0.000,0.000,0.000,0.000,1.000,1.000,0.000,30.681,30.500,0.756,52.715,5.000,100.0,47.0,-18.615385055541992,-3.1282050609588623
339.659,12:58:50.741,446.289,11.044,4928.666,0.000,0.000,0.000,0.000,0.000,0.000,1.000,1.000,0.000,30.681,30.500,0.756,52.715,5.000,100.0,47.0,17.94871711730957,-20.256410598754883
339.915,12:58:50.885,449.446,10.674,4797.229,0.000,0.000,0.000,0.000,0.000,0.000,1.000,1.000,0.000,30.280,30.100,0.741,52.671,5.000,100.0,47.0,17.94871711730957,-20.256410598754883
340.059,12:58:50.950,449.446,10.674,4797.229,0.000,0.000,0.000,0.000,0.000,0.000,1.000,1.000,0.000,30.280,30.100,0.741,52.671,5.000,100.0,47.0,17.94871711730957,-20.256410598754883
340.122,12:58:51.013,449.446,10.674,4797.229,0.000,0.000,0.000,0.000,0.000,0.000,1.000,1.000,0.000,30.280,30.100,0.741,52.671,5.000,100.0,47.0,17.94871711730957,-20.256410598754883
340.187,12:58:51.157,449.446,10.674,4797.229,0.000,0.000,0.000,0.000,0.000,0.000,1.000,1.000,0.000,30.280,30.100,0.741,52.671,5.000,100.0,47.0,17.94871711730957,-20.256410598754883
340.331,12:58:51.221,447.837,10.858,4862.400,0.000,0.000,0.000,0.000,0.000,0.000,1.000,1.000,0.000,30.280,30.100,0.741,52.671,5.000,100.0,47.0,17.94871711730957,-20.256410598754883
340.394,12:58:51.285,447.837,10.858,4862.400,0.000,0.000,0.000,0.000,0.000,0.000,1.000,1.000,0.000,30.280,30.100,0.741,52.671,5.000,100.0,47.0,17.94871711730957,-20.256410598754883
340.458,12:58:51.430,447.837,10.858,4862.400,0.000,0.000,0.000,0.000,0.000,0.000,1.000,1.000,0.000,30.719,30.900,0.755,52.629,5.000,100.0,47.0,17.94871711730957,-20.256410598754883
340.602,12:58:51.492,447.837,10.858,4862.400,0.000,0.000,0.000,0.000,0.000,0.000,1.000,1.000,0.000,30.719,30.900,0.755,52.629,5.000,100.0,47.0,17.94871711730957,-20.256410598754883
340.666,12:58:51.749,447.837,10.858,4862.400,0.000,0.000,0.000,0.000,0.000,0.000,1.000,1.000,0.000,30.719,30.900,0.755,52.629,5.000,100.0,47.0,17.230770111083984,-19.743589401245117
340.923,12:58:51.892,446.101,11.058,4932.999,0.000,0.000,0.000,0.000,0.000,0.000,1.000,1.000,0.000,30.681,30.500,0.757,52.643,5.000,100.0,47.0,17.230770111083984,-19.743589401245117
341.066,12:58:51.956,446.101,11.058,4932.999,0.000,0.000,0.000,0.000,0.000,0.000,1.000,1.000,0.000,30.681,30.500,0.757,52.643,5.000,100.0,47.0,17.230770111083984,-19.743589401245117
341.129,12:58:52.020,449.039,10.713,4810.379,0.000,0.000,0.000,0.000,0.000,0.000,1.000,1.000,0.000,30.681,30.500,0.757,52.643,5.000,100.0,47.0,17.230770111083984,-19.743589401245117
341.194,12:58:52.165,449.039,10.713,4810.379,0.000,0.000,0.000,0.000,0.000,0.000,1.000,1.000,0.000,30.280,30.100,0.742,52.609,5.000,100.0,47.0,17.230770111083984,-19.743589401245117
341.338,12:58:52.229,449.039,10.713,4810.379,0.000,0.000,0.000,0.000,0.000,0.000,1.000,1.000,0.000,30.280,30.100,0.742,52.609,5.000,100.0,47.0,17.230770111083984,-19.743589401245117
341.402,12:58:52.292,449.039,10.713,4810.379,0.000,0.000,0.000,0.000,0.000,0.000,1.000,1.000,0.000,30.280,30.100,0.742,52.609,5.000,100.0,47.0,17.230770111083984,-19.743589401245117
341.465,12:58:52.436,449.039,10.713,4810.379,0.000,0.000,0.000,0.000,0.000,0.000,1.000,1.000,0.000,30.280,30.100,0.742,52.581,5.000,100.0,47.0,17.230770111083984,-19.743589401245117
341.610,12:58:52.501,448.901,10.732,4817.797,0.000,0.000,0.000,0.000,0.000,0.000,1.000,1.000,0.000,30.280,30.100,0.742,52.581,5.000,100.0,47.0,17.230770111083984,-19.743589401245117
341.674,12:58:52.756,448.901,10.732,4817.797,0.000,0.000,0.000,0.000,0.000,0.000,1.000,1.000,0.000,30.280,30.100,0.742,52.581,5.000,100.0,47.0,-3.692307710647583,20.769229888916016
341.930,12:58:52.900,447.927,10.844,4857.126,0.000,0.000,0.000,0.000,0.000,0.000,1.000,1.000,0.000,30.719,30.900,0.754,52.550,5.000,100.0,47.0,-3.692307710647583,20.769229888916016
342.074,12:58:52.964,447.927,10.844,4857.126,0.000,0.000,0.000,0.000,0.000,0.000,1.000,1.000,0.000,30.719,30.900,0.754,52.550,5.000,100.0,47.0,-3.692307710647583,20.769229888916016
342.138,12:58:53.029,447.927,10.844,4857.126,0.000,0.000,0.000,0.000,0.000,0.000,1.000,1.000,0.000,30.719,30.900,0.754,52.550,5.000,100.0,47.0,-3.692307710647583,20.769229888916016
342.202,12:58:53.172,447.927,10.844,4857.126,0.000,0.000,0.000,0.000,0.000,0.000,1.000,1.000,0.000,30.719,30.900,0.754,52.550,5.000,100.0,47.0,-3.692307710647583,20.769229888916016
342.345,12:58:53.236,445.679,11.099,4946.627,0.000,0.000,0.000,0.000,0.000,0.000,1.000,1.000,0.000,30.719,30.900,0.754,52.550,5.000,100.0,47.0,-3.692307710647583,20.769229888916016
342.410,12:58:53.300,445.679,11.099,4946.627,0.000,0.000,0.000,0.000,0.000,0.000,1.000,1.000,0.000,30.719,30.900,0.754,52.550,5.000,100.0,47.0,-3.692307710647583,20.769229888916016
342.473,12:58:53.444,445.679,11.099,4946.627,0.000,0.000,0.000,0.000,0.000,0.000,1.000,1.000,0.000,30.719,30.900,0.758,52.586,5.000,100.0,47.0,-3.692307710647583,20.769229888916016
342.618,12:58:53.508,445.679,11.099,4946.627,0.000,0.000,0.000,0.000,0.000,0.000,1.000,1.000,0.000,30.719,30.900,0.758,52.586,5.000,100.0,47.0,-3.692307710647583,20.769229888916016
342.681,12:58:53.765,445.679,11.099,4946.627,0.000,0.000,0.000,0.000,0.000,0.000,1.000,1.000,0.000,30.719,30.900,0.758,52.586,5.000,100.0,47.0,-20.71794891357422,15.435897827148438
342.937,12:58:53.908,448.387,10.786,4836.118,0.000,0.000,0.000,0.000,0.000,0.000,1.000,1.000,0.000,30.681,30.500,0.753,52.533,5.000,100.0,47.0,-20.71794891357422,15.435897827148438
343.081,12:58:53.972,448.387,10.786,4836.118,0.000,0.000,0.000,0.000,0.000,0.000,1.000,1.000,0.000,30.681,30.500,0.753,52.533,5.000,100.0,47.0,-20.71794891357422,15.435897827148438
343.145,12:58:54.036,448.898,10.731,4817.006,0.000,0.000,0.000,0.000,0.000,0.000,1.000,1.000,0.000,30.681,30.500,0.753,52.533,5.000,100.0,47.0,-20.71794891357422,15.435897827148438
343.209,12:58:54.180,448.898,10.731,4817.006,0.000,0.000,0.000,0.000,0.000,0.000,1.000,1.000,0.000,30.280,30.100,0.742,52.532,5.000,100.0,47.0,-20.71794891357422,15.435897827148438
343.354,12:58:54.244,448.898,10.731,4817.006,0.000,0.000,0.000,0.000,0.000,0.000,1.000,1.000,0.000,30.280,30.100,0.742,52.532,5.000,100.0,47.0,-20.71794891357422,15.435897827148438
343.417,12:58:54.308,448.898,10.731,4817.006,0.000,0.000,0.000,0.000,0.000,0.000,1.000,1.000,0.000,30.280,30.100,0.742,52.532,5.000,100.0,47.0,-20.71794891357422,15.435897827148438
343.481,12:58:54.452,448.898,10.731,4817.006,0.000,0.000,0.000,0.000,0.000,0.000,1.000,1.000,0.000,30.280,30.100,0.742,52.532,5.000,100.0,47.0,-20.71794891357422,15.435897827148438
343.625,12:58:54.515,448.231,10.804,4842.680,0.000,0.000,0.000,0.000,0.000,0.000,1.000,1.000,0.000,30.280,30.100,0.742,52.532,5.000,100.0,47.0,-20.71794891357422,15.435897827148438
343.689,12:58:54.771,448.231,10.804,4842.680,0.000,0.000,0.000,0.000,0.000,0.000,1.000,1.000,0.000,30.280,30.100,0.742,52.532,5.000,100.0,47.0,20.205127716064453,-18.30769157409668
343.945,12:58:54.915,448.231,10.804,4842.680,0.000,0.000,0.000,0.000,0.000,0.000,1.000,1.000,0.000,30.681,30.500,0.758,52.481,5.000,100.0,47.0,20.205127716064453,-18.30769157409668
344.090,12:58:54.980,445.477,11.122,4954.561,0.000,0.000,0.000,0.000,0.000,0.000,1.000,1.000,0.000,30.681,30.500,0.758,52.481,5.000,100.0,47.0,20.205127716064453,-18.30769157409668
344.153,12:58:55.044,445.477,11.122,4954.561,0.000,0.000,0.000,0.000,0.000,0.000,1.000,1.000,0.000,30.681,30.500,0.758,52.481,5.000,100.0,47.0,20.205127716064453,-18.30769157409668
344.217,12:58:55.188,445.477,11.122,4954.561,0.000,0.000,0.000,0.000,0.000,0.000,1.000,1.000,0.000,30.681,30.500,0.758,52.481,5.000,100.0,47.0,20.205127716064453,-18.30769157409668
344.360,12:58:55.251,448.591,10.760,4826.726,0.000,0.000,0.000,0.000,0.000,0.000,1.000,1.000,0.000,30.681,30.500,0.758,52.481,5.000,100.0,47.0,20.205127716064453,-18.30769157409668
344.425,12:58:55.315,448.591,10.760,4826.726,0.000,0.000,0.000,0.000,0.000,0.000,1.000,1.000,0.000,30.681,30.500,0.758,52.481,5.000,100.0,47.0,20.205127716064453,-18.30769157409668
344.489,12:58:55.460,448.591,10.760,4826.726,0.000,0.000,0.000,0.000,0.000,0.000,1.000,1.000,0.000,30.318,30.500,0.743,52.460,5.000,100.0,47.0,20.205127716064453,-18.30769157409668
344.633,12:58:55.523,448.591,10.760,4826.726,0.000,0.000,0.000,0.000,0.000,0.000,1.000,1.000,0.000,30.318,30.500,0.743,52.460,5.000,100.0,47.0,20.205127716064453,-18.30769157409668
344.697,12:58:55.779,448.591,10.760,4826.726,0.000,0.000,0.000,0.000,0.000,0.000,1.000,1.000,0.000,30.318,30.500,0.743,52.460,5.000,100.0,47.0,21.58974266052246,-10.307692527770996
344.952,12:58:55.923,448.588,10.761,4827.474,0.000,0.000,0.000,0.000,0.000,0.000,1.000,1.000,0.000,30.318,30.500,0.743,52.459,5.000,100.0,47.0,21.58974266052246,-10.307692527770996
345.096,12:58:55.986,448.588,10.761,4827.474,0.000,0.000,0.000,0.000,0.000,0.000,1.000,1.000,0.000,30.318,30.500,0.743,52.459,5.000,100.0,47.0,21.58974266052246,-10.307692527770996
345.161,12:58:56.051,448.588,10.761,4827.474,0.000,0.000,0.000,0.000,0.000,0.000,1.000,1.000,0.000,30.318,30.500,0.743,52.459,5.000,100.0,47.0,21.58974266052246,-10.307692527770996
345.225,12:58:56.195,448.555,10.771,4831.262,0.000,0.000,0.000,0.000,0.000,0.000,1.000,1.000,0.000,30.318,30.500,0.743,52.436,5.000,100.0,47.0,21.58974266052246,-10.307692527770996
345.368,12:58:56.259,448.555,10.771,4831.262,0.000,0.000,0.000,0.000,0.000,0.000,1.000,1.000,0.000,30.318,30.500,0.743,52.436,5.000,100.0,47.0,21.58974266052246,-10.307692527770996
345.432,12:58:56.322,448.555,10.771,4831.262,0.000,0.000,0.000,0.000,0.000,0.000,1.000,1.000,0.000,30.318,30.500,0.743,52.436,5.000,100.0,47.0,21.58974266052246,-10.307692527770996
345.496,12:58:56.466,448.555,10.771,4831.262,0.000,0.000,0.000,0.000,0.000,0.000,1.000,1.000,0.000,30.318,30.500,0.743,52.436,5.000,100.0,47.0,21.58974266052246,-10.307692527770996
345.640,12:58:56.531,446.822,10.969,4901.166,0.000,0.000,0.000,0.000,0.000,0.000,1.000,1.000,0.000,30.318,30.500,0.743,52.436,5.000,100.0,47.0,21.58974266052246,-10.307692527770996
345.704,12:58:56.787,446.822,10.969,4901.166,0.000,0.000,0.000,0.000,0.000,0.000,1.000,1.000,0.000,30.318,30.500,0.743,52.436,5.000,100.0,47.0,2.461538553237915,21.487178802490234
345.959,12:58:56.931,446.822,10.969,4901.166,0.000,0.000,0.000,0.000,0.000,0.000,1.000,1.000,0.000,30.680,30.500,0.754,52.414,5.000,100.0,47.0,2.461538553237915,21.487178802490234
346.104,12:58:56.994,447.341,10.903,4877.532,0.000,0.000,0.000,0.000,0.000,0.000,1.000,1.000,0.000,30.680,30.500,0.754,52.414,5.000,100.0,47.0,2.461538553237915,21.487178802490234
346.168,12:58:57.059,447.341,10.903,4877.532,0.000,0.000,0.000,0.000,0.000,0.000,1.000,1.000,0.000,30.680,30.500,0.754,52.414,5.000,100.0,47.0,2.461538553237915,21.487178802490234
346.232,12:58:57.202,447.341,10.903,4877.532,0.000,0.000,0.000,0.000,0.000,0.000,1.000,1.000,0.000,30.680,30.500,0.754,52.414,5.000,100.0,47.0,2.461538553237915,21.487178802490234
346.376,12:58:57.267,447.341,10.903,4877.532,0.000,0.000,0.000,0.000,0.000,0.000,1.000,1.000,0.000,30.680,30.500,0.754,52.414,5.000,100.0,47.0,2.461538553237915,21.487178802490234
346.440,12:58:57.330,450.086,10.584,4763.604,0.000,0.000,0.000,0.000,0.000,0.000,1.000,1.000,0.000,30.680,30.500,0.754,52.414,5.000,100.0,47.0,2.461538553237915,21.487178802490234
346.504,12:58:57.475,450.086,10.584,4763.604,0.000,0.000,0.000,0.000,0.000,0.000,1.000,1.000,0.000,30.279,30.100,0.740,52.386,5.000,100.0,47.0,2.461538553237915,21.487178802490234
346.647,12:58:57.538,450.086,10.584,4763.604,0.000,0.000,0.000,0.000,0.000,0.000,1.000,1.000,0.000,30.279,30.100,0.740,52.386,5.000,100.0,47.0,2.461538553237915,21.487178802490234
346.712,12:58:57.794,450.086,10.584,4763.604,0.000,0.000,0.000,0.000,0.000,0.000,1.000,1.000,0.000,30.279,30.100,0.740,52.386,5.000,100.0,47.0,-23.64102554321289,8.256410598754883
346.967,12:58:57.937,447.138,10.929,4886.829,0.000,0.000,0.000,0.000,0.000,0.000,1.000,1.000,0.000,30.720,30.900,0.756,52.372,5.000,100.0,47.0,-23.64102554321289,8.256410598754883
347.111,12:58:58.002,447.138,10.929,4886.829,0.000,0.000,0.000,0.000,0.000,0.000,1.000,1.000,0.000,30.720,30.900,0.756,52.372,5.000,100.0,47.0,-23.64102554321289,8.256410598754883
347.176,12:58:58.066,447.138,10.929,4886.829,0.000,0.000,0.000,0.000,0.000,0.000,1.000,1.000,0.000,30.720,30.900,0.756,52.372,5.000,100.0,47.0,-23.64102554321289,8.256410598754883
347.239,12:58:58.210,447.585,10.874,4867.167,0.000,0.000,0.000,0.000,0.000,0.000,1.000,1.000,0.000,30.681,30.500,0.754,52.360,5.000,100.0,47.0,-23.64102554321289,8.256410598754883
347.384,12:58:58.274,447.585,10.874,4867.167,0.000,0.000,0.000,0.000,0.000,0.000,1.000,1.000,0.000,30.681,30.500,0.754,52.360,5.000,100.0,47.0,-23.64102554321289,8.256410598754883
347.446,12:58:58.337,447.585,10.874,4867.167,0.000,0.000,0.000,0.000,0.000,0.000,1.000,1.000,0.000,30.681,30.500,0.754,52.360,5.000,100.0,47.0,-23.64102554321289,8.256410598754883
347.511,12:58:58.482,447.585,10.874,4867.167,0.000,0.000,0.000,0.000,0.000,0.000,1.000,1.000,0.000,30.681,30.500,0.754,52.360,5.000,100.0,47.0,-23.64102554321289,8.256410598754883
347.654,12:58:58.545,447.351,10.900,4876.322,0.000,0.000,0.000,0.000,0.000,0.000,1.000,1.000,0.000,30.681,30.500,0.754,52.360,5.000,100.0,47.0,-23.64102554321289,8.256410598754883
347.718,12:58:58.801,447.351,10.900,4876.322,0.000,0.000,0.000,0.000,0.000,0.000,1.000,1.000,0.000,30.681,30.500,0.754,52.360,5.000,100.0,47.0,21.128204345703125,-23.69230842590332
347.975,12:58:58.945,447.351,10.900,4876.322,0.000,0.000,0.000,0.000,0.000,0.000,1.000,1.000,0.000,31.081,30.900,0.770,52.350,5.000,100.0,47.0,21.128204345703125,-23.69230842590332
348.118,12:58:59.009,444.068,11.271,5004.913,0.000,0.000,0.000,0.000,0.000,0.000,1.000,1.000,0.000,31.081,30.900,0.770,52.350,5.000,100.0,47.0,21.128204345703125,-23.69230842590332
348.182,12:58:59.073,444.068,11.271,5004.913,0.000,0.000,0.000,0.000,0.000,0.000,1.000,1.000,0.000,31.081,30.900,0.770,52.350,5.000,100.0,47.0,21.128204345703125,-23.69230842590332
348.246,12:58:59.217,444.068,11.271,5004.913,0.000,0.000,0.000,0.000,0.000,0.000,1.000,1.000,0.000,31.081,30.900,0.770,52.350,5.000,100.0,47.0,21.128204345703125,-23.69230842590332
348.391,12:58:59.281,444.068,11.271,5004.913,0.000,0.000,0.000,0.000,0.000,0.000,1.000,1.000,0.000,31.081,30.900,0.770,52.350,5.000,100.0,47.0,21.128204345703125,-23.69230842590332
348.454,12:58:59.344,446.715,10.974,4902.203,0.000,0.000,0.000,0.000,0.000,0.000,1.000,1.000,0.000,31.081,30.900,0.770,52.350,5.000,100.0,47.0,21.128204345703125,-23.69230842590332
348.518,12:58:59.489,446.715,10.974,4902.203,0.000,0.000,0.000,0.000,0.000,0.000,1.000,1.000,0.000,30.681,30.500,0.756,52.367,5.000,100.0,47.0,21.128204345703125,-23.69230842590332
348.661,12:58:59.552,446.715,10.974,4902.203,0.000,0.000,0.000,0.000,0.000,0.000,1.000,1.000,0.000,30.681,30.500,0.756,52.367,5.000,100.0,47.0,21.128204345703125,-23.69230842590332
348.727,12:58:59.809,446.715,10.974,4902.203,0.000,0.000,0.000,0.000,0.000,0.000,1.000,1.000,0.000,30.681,30.500,0.756,52.367,5.000,100.0,47.0,-6.102564334869385,-17.435897827148438
348.983,12:58:59.952,447.602,10.880,4869.924,0.000,0.000,0.000,0.000,0.000,0.000,1.000,1.000,0.000,30.719,30.900,0.755,52.286,5.000,100.0,47.0,-6.102564334869385,-17.435897827148438
349.125,12:59:00.016,447.602,10.880,4869.924,0.000,0.000,0.000,0.000,0.000,0.000,1.000,1.000,0.000,30.719,30.900,0.755,52.286,5.000,100.0,47.0,-6.102564334869385,-17.435897827148438
349.189,12:59:00.080,447.602,10.880,4869.924,0.000,0.000,0.000,0.000,0.000,0.000,1.000,1.000,0.000,30.719,30.900,0.755,52.286,5.000,100.0,47.0,-6.102564334869385,-17.435897827148438
349.254,12:59:00.225,447.795,10.851,4858.868,0.000,0.000,0.000,0.000,0.000,0.000,1.000,1.000,0.000,30.681,30.500,0.754,52.306,5.000,100.0,47.0,-6.102564334869385,-17.435897827148438
349.397,12:59:00.288,447.795,10.851,4858.868,0.000,0.000,0.000,0.000,0.000,0.000,1.000,1.000,0.000,30.681,30.500,0.754,52.306,5.000,100.0,47.0,-6.102564334869385,-17.435897827148438
349.461,12:59:00.352,447.795,10.851,4858.868,0.000,0.000,0.000,0.000,0.000,0.000,1.000,1.000,0.000,30.681,30.500,0.754,52.306,5.000,100.0,47.0,-6.102564334869385,-17.435897827148438
349.526,12:59:00.497,447.795,10.851,4858.868,0.000,0.000,0.000,0.000,0.000,0.000,1.000,1.000,0.000,30.681,30.500,0.754,52.306,5.000,100.0,47.0,-6.102564334869385,-17.435897827148438
349.670,12:59:00.561,446.329,11.018,4917.828,0.000,0.000,0.000,0.000,0.000,0.000,1.000,1.000,0.000,30.681,30.500,0.754,52.306,5.000,100.0,47.0,-6.102564334869385,-17.435897827148438
349.734,12:59:00.815,446.329,11.018,4917.828,0.000,0.000,0.000,0.000,0.000,0.000,1.000,1.000,0.000,30.681,30.500,0.754,52.306,5.000,100.0,47.0,-1.2307692766189575,-19.897436141967773
349.989,12:59:00.960,446.329,11.018,4917.828,0.000,0.000,0.000,0.000,0.000,0.000,1.000,1.000,0.000,30.318,30.500,0.741,52.211,5.000,100.0,47.0,-1.2307692766189575,-19.897436141967773
350.133,12:59:01.024,449.757,10.613,4773.284,0.000,0.000,0.000,0.000,0.000,0.000,1.000,1.000,0.000,30.318,30.500,0.741,52.211,5.000,100.0,47.0,-1.2307692766189575,-19.897436141967773
350.197,12:59:01.087,449.757,10.613,4773.284,0.000,0.000,0.000,0.000,0.000,0.000,1.000,1.000,0.000,30.318,30.500,0.741,52.211,5.000,100.0,47.0,-1.2307692766189575,-19.897436141967773
350.261,12:59:01.232,449.757,10.613,4773.284,0.000,0.000,0.000,0.000,0.000,0.000,1.000,1.000,0.000,30.318,30.500,0.741,52.211,5.000,100.0,47.0,-1.2307692766189575,-19.897436141967773
350.406,12:59:01.296,449.757,10.613,4773.284,0.000,0.000,0.000,0.000,0.000,0.000,1.000,1.000,0.000,30.318,30.500,0.741,52.211,5.000,100.0,47.0,-1.2307692766189575,-19.897436141967773
350.469,12:59:01.360,445.955,11.057,4930.781,0.000,0.000,0.000,0.000,0.000,0.000,1.000,1.000,0.000,30.318,30.500,0.741,52.211,5.000,100.0,47.0,-1.2307692766189575,-19.897436141967773
350.532,12:59:01.503,445.955,11.057,4930.781,0.000,0.000,0.000,0.000,0.000,0.000,1.000,1.000,0.000,30.681,30.500,0.757,52.232,5.000,100.0,47.0,-1.2307692766189575,-19.897436141967773
350.677,12:59:01.568,445.955,11.057,4930.781,0.000,0.000,0.000,0.000,0.000,0.000,1.000,1.000,0.000,30.681,30.500,0.757,52.232,5.000,100.0,47.0,-1.2307692766189575,-19.897436141967773
350.742,12:59:01.823,445.955,11.057,4930.781,0.000,0.000,0.000,0.000,0.000,0.000,1.000,1.000,0.000,30.681,30.500,0.757,52.232,5.000,100.0,47.0,21.69230842590332,-11.025641441345215
350.997,12:59:01.967,449.172,10.679,4796.896,0.000,0.000,0.000,0.000,0.000,0.000,1.000,1.000,0.000,30.318,30.500,0.742,52.208,5.000,100.0,47.0,21.69230842590332,-11.025641441345215
351.140,12:59:02.031,449.172,10.679,4796.896,0.000,0.000,0.000,0.000,0.000,0.000,1.000,1.000,0.000,30.318,30.500,0.742,52.208,5.000,100.0,47.0,21.69230842590332,-11.025641441345215
351.204,12:59:02.095,449.172,10.679,4796.896,0.000,0.000,0.000,0.000,0.000,0.000,1.000,1.000,0.000,30.318,30.500,0.742,52.208,5.000,100.0,47.0,21.69230842590332,-11.025641441345215
351.268,12:59:02.240,449.172,10.679,4796.896,0.000,0.000,0.000,0.000,0.000,0.000,1.000,1.000,0.000,30.719,30.900,0.758,52.234,5.000,100.0,47.0,21.69230842590332,-11.025641441345215
351.413,12:59:02.303,445.712,11.075,4936.200,0.000,0.000,0.000,0.000,0.000,0.000,1.000,1.000,0.000,30.719,30.900,0.758,52.234,5.000,100.0,47.0,21.69230842590332,-11.025641441345215
351.476,12:59:02.367,445.712,11.075,4936.200,0.000,0.000,0.000,0.000,0.000,0.000,1.000,1.000,0.000,30.719,30.900,0.758,52.234,5.000,100.0,47.0,21.69230842590332,-11.025641441345215
351.540,12:59:02.511,445.712,11.075,4936.200,0.000,0.000,0.000,0.000,0.000,0.000,1.000,1.000,0.000,30.719,30.900,0.758,52.234,5.000,100.0,47.0,21.69230842590332,-11.025641441345215
351.685,12:59:02.576,449.415,10.650,4786.167,0.000,0.000,0.000,0.000,0.000,0.000,1.000,1.000,0.000,30.719,30.900,0.758,52.234,5.000,100.0,47.0,21.69230842590332,-11.025641441345215
351.749,12:59:02.831,449.415,10.650,4786.167,0.000,0.000,0.000,0.000,0.000,0.000,1.000,1.000,0.000,30.719,30.900,0.758,52.234,5.000,100.0,47.0,-8.20512866973877,21.435897827148438
352.005,12:59:02.974,449.415,10.650,4786.167,0.000,0.000,0.000,0.000,0.000,0.000,1.000,1.000,0.000,30.318,30.500,0.742,52.204,5.000,100.0,47.0,-8.20512866973877,21.435897827148438
352.148,12:59:03.039,448.017,10.821,4848.068,0.000,0.000,0.000,0.000,0.000,0.000,1.000,1.000,0.000,30.318,30.500,0.742,52.204,5.000,100.0,47.0,-8.20512866973877,21.435897827148438
352.211,12:59:03.102,448.017,10.821,4848.068,0.000,0.000,0.000,0.000,0.000,0.000,1.000,1.000,0.000,30.318,30.500,0.742,52.204,5.000,100.0,47.0,-8.20512866973877,21.435897827148438
352.276,12:59:03.246,448.017,10.821,4848.068,0.000,0.000,0.000,0.000,0.000,0.000,1.000,1.000,0.000,30.719,30.900,0.754,52.182,5.000,100.0,47.0,-8.20512866973877,21.435897827148438
352.419,12:59:03.310,448.017,10.821,4848.068,0.000,0.000,0.000,0.000,0.000,0.000,1.000,1.000,0.000,30.719,30.900,0.754,52.182,5.000,100.0,47.0,-8.20512866973877,21.435897827148438
352.483,12:59:03.374,448.017,10.821,4848.068,0.000,0.000,0.000,0.000,0.000,0.000,1.000,1.000,0.000,30.719,30.900,0.754,52.182,5.000,100.0,47.0,-8.20512866973877,21.435897827148438
352.547,12:59:03.518,444.981,11.170,4970.278,0.000,0.000,0.000,0.000,0.000,0.000,1.000,1.000,0.000,31.081,30.900,0.768,52.177,5.000,100.0,47.0,-8.20512866973877,21.435897827148438
352.691,12:59:03.582,444.981,11.170,4970.278,0.000,0.000,0.000,0.000,0.000,0.000,1.000,1.000,0.000,31.081,30.900,0.768,52.177,5.000,100.0,47.0,-8.20512866973877,21.435897827148438
352.755,12:59:03.837,444.981,11.170,4970.278,0.000,0.000,0.000,0.000,0.000,0.000,1.000,1.000,0.000,31.081,30.900,0.768,52.177,5.000,100.0,47.0,2.8717949390411377,18.153846740722656
353.011,12:59:03.981,449.417,10.661,4791.085,0.000,0.000,0.000,0.000,0.000,0.000,1.000,1.000,0.000,30.318,30.500,0.742,52.150,5.000,100.0,47.0,2.8717949390411377,18.153846740722656
353.155,12:59:04.045,449.417,10.661,4791.085,0.000,0.000,0.000,0.000,0.000,0.000,1.000,1.000,0.000,30.318,30.500,0.742,52.150,5.000,100.0,47.0,2.8717949390411377,18.153846740722656
353.219,12:59:04.109,449.417,10.661,4791.085,0.000,0.000,0.000,0.000,0.000,0.000,1.000,1.000,0.000,30.318,30.500,0.742,52.150,5.000,100.0,47.0,2.8717949390411377,18.153846740722656
353.283,12:59:04.253,449.417,10.661,4791.085,0.000,0.000,0.000,0.000,0.000,0.000,1.000,1.000,0.000,30.318,30.500,0.742,52.120,5.000,100.0,47.0,2.8717949390411377,18.153846740722656
353.427,12:59:04.317,449.269,10.674,4795.634,0.000,0.000,0.000,0.000,0.000,0.000,1.000,1.000,0.000,30.318,30.500,0.742,52.120,5.000,100.0,47.0,2.8717949390411377,18.153846740722656
353.491,12:59:04.381,449.269,10.674,4795.634,0.000,0.000,0.000,0.000,0.000,0.000,1.000,1.000,0.000,30.318,30.500,0.742,52.120,5.000,100.0,47.0,2.8717949390411377,18.153846740722656
353.554,12:59:04.525,449.269,10.674,4795.634,0.000,0.000,0.000,0.000,0.000,0.000,1.000,1.000,0.000,30.318,30.500,0.742,52.120,5.000,100.0,47.0,2.8717949390411377,18.153846740722656
353.699,12:59:04.589,449.269,10.674,4795.634,0.000,0.000,0.000,0.000,0.000,0.000,1.000,1.000,0.000,30.318,30.500,0.742,52.120,5.000,100.0,47.0,2.8717949390411377,18.153846740722656
353.762,12:59:04.845,449.222,10.685,4799.769,0.000,0.000,0.000,0.000,0.000,0.000,1.000,1.000,0.000,30.318,30.500,0.742,52.120,5.000,100.0,47.0,-20.564102172851562,17.794872283935547
354.018,12:59:04.989,449.222,10.685,4799.769,0.000,0.000,0.000,0.000,0.000,0.000,1.000,1.000,0.000,30.318,30.500,0.742,52.107,5.000,100.0,47.0,-20.564102172851562,17.794872283935547
354.162,12:59:05.053,444.834,11.186,4975.792,0.000,0.000,0.000,0.000,0.000,0.000,1.000,1.000,0.000,30.318,30.500,0.742,52.107,5.000,100.0,47.0,-20.564102172851562,17.794872283935547
354.226,12:59:05.117,444.834,11.186,4975.792,0.000,0.000,0.000,0.000,0.000,0.000,1.000,1.000,0.000,30.318,30.500,0.742,52.107,5.000,100.0,47.0,-20.564102172851562,17.794872283935547
354.290,12:59:05.261,444.834,11.186,4975.792,0.000,0.000,0.000,0.000,0.000,0.000,1.000,1.000,0.000,31.081,30.900,0.769,52.097,5.000,100.0,47.0,-20.564102172851562,17.794872283935547
354.434,12:59:05.324,444.834,11.186,4975.792,0.000,0.000,0.000,0.000,0.000,0.000,1.000,1.000,0.000,31.081,30.900,0.769,52.097,5.000,100.0,47.0,-20.564102172851562,17.794872283935547
354.498,12:59:05.388,444.834,11.186,4975.792,0.000,0.000,0.000,0.000,0.000,0.000,1.000,1.000,0.000,31.081,30.900,0.769,52.097,5.000,100.0,47.0,-20.564102172851562,17.794872283935547
354.562,12:59:05.533,449.281,10.679,4797.898,0.000,0.000,0.000,0.000,0.000,0.000,1.000,1.000,0.000,30.318,30.500,0.742,52.085,5.000,100.0,47.0,-20.564102172851562,17.794872283935547
354.706,12:59:05.596,449.281,10.679,4797.898,0.000,0.000,0.000,0.000,0.000,0.000,1.000,1.000,0.000,30.318,30.500,0.742,52.085,5.000,100.0,47.0,-20.564102172851562,17.794872283935547
354.770,12:59:05.852,449.281,10.679,4797.898,0.000,0.000,0.000,0.000,0.000,0.000,1.000,1.000,0.000,30.318,30.500,0.742,52.085,5.000,100.0,47.0,19.487178802490234,-5.794871807098389
355.026,12:59:05.996,448.906,10.722,4813.109,0.000,0.000,0.000,0.000,0.000,0.000,1.000,1.000,0.000,30.318,30.500,0.743,52.046,5.000,100.0,47.0,19.487178802490234,-5.794871807098389
355.169,12:59:06.060,448.906,10.722,4813.109,0.000,0.000,0.000,0.000,0.000,0.000,1.000,1.000,0.000,30.318,30.500,0.743,52.046,5.000,100.0,47.0,19.487178802490234,-5.794871807098389
355.233,12:59:06.124,448.906,10.722,4813.109,0.000,0.000,0.000,0.000,0.000,0.000,1.000,1.000,0.000,30.318,30.500,0.743,52.046,5.000,100.0,47.0,19.487178802490234,-5.794871807098389
355.297,12:59:06.268,448.906,10.722,4813.109,0.000,0.000,0.000,0.000,0.000,0.000,1.000,1.000,0.000,30.719,30.900,0.758,52.081,5.000,100.0,47.0,19.487178802490234,-5.794871807098389
355.441,12:59:06.332,445.515,11.112,4950.710,0.000,0.000,0.000,0.000,0.000,0.000,1.000,1.000,0.000,30.719,30.900,0.758,52.081,5.000,100.0,47.0,19.487178802490234,-5.794871807098389
355.505,12:59:06.396,445.515,11.112,4950.710,0.000,0.000,0.000,0.000,0.000,0.000,1.000,1.000,0.000,30.719,30.900,0.758,52.081,5.000,100.0,47.0,19.487178802490234,-5.794871807098389
355.569,12:59:06.541,445.515,11.112,4950.710,0.000,0.000,0.000,0.000,0.000,0.000,1.000,1.000,0.000,30.719,30.900,0.758,52.081,5.000,100.0,47.0,19.487178802490234,-5.794871807098389
355.713,12:59:06.604,445.515,11.112,4950.710,0.000,0.000,0.000,0.000,0.000,0.000,1.000,1.000,0.000,30.719,30.900,0.758,52.081,5.000,100.0,47.0,19.487178802490234,-5.794871807098389
355.777,12:59:06.860,448.931,10.717,4810.984,0.000,0.000,0.000,0.000,0.000,0.000,1.000,1.000,0.000,30.719,30.900,0.758,52.081,5.000,100.0,47.0,20.71794891357422,-17.384614944458008
356.033,12:59:07.004,448.931,10.717,4810.984,0.000,0.000,0.000,0.000,0.000,0.000,1.000,1.000,0.000,30.318,30.500,0.743,52.017,5.000,100.0,47.0,20.71794891357422,-17.384614944458008
356.177,12:59:07.068,448.734,10.743,4820.867,0.000,0.000,0.000,0.000,0.000,0.000,1.000,1.000,0.000,30.318,30.500,0.743,52.017,5.000,100.0,47.0,20.71794891357422,-17.384614944458008
356.241,12:59:07.132,448.734,10.743,4820.867,0.000,0.000,0.000,0.000,0.000,0.000,1.000,1.000,0.000,30.318,30.500,0.743,52.017,5.000,100.0,47.0,20.71794891357422,-17.384614944458008
356.305,12:59:07.275,448.734,10.743,4820.867,0.000,0.000,0.000,0.000,0.000,0.000,1.000,1.000,0.000,30.318,30.500,0.743,51.992,5.000,100.0,47.0,20.71794891357422,-17.384614944458008
356.449,12:59:07.339,448.734,10.743,4820.867,0.000,0.000,0.000,0.000,0.000,0.000,1.000,1.000,0.000,30.318,30.500,0.743,51.992,5.000,100.0,47.0,20.71794891357422,-17.384614944458008
356.513,12:59:07.403,448.734,10.743,4820.867,0.000,0.000,0.000,0.000,0.000,0.000,1.000,1.000,0.000,30.318,30.500,0.743,51.992,5.000,100.0,47.0,20.71794891357422,-17.384614944458008
356.577,12:59:07.547,449.001,10.715,4811.080,0.000,0.000,0.000,0.000,0.000,0.000,1.000,1.000,0.000,30.318,30.500,0.743,51.994,5.000,100.0,47.0,20.71794891357422,-17.384614944458008
356.721,12:59:07.611,449.001,10.715,4811.080,0.000,0.000,0.000,0.000,0.000,0.000,1.000,1.000,0.000,30.318,30.500,0.743,51.994,5.000,100.0,47.0,20.71794891357422,-17.384614944458008
356.785,12:59:07.867,449.001,10.715,4811.080,0.000,0.000,0.000,0.000,0.000,0.000,1.000,1.000,0.000,30.318,30.500,0.743,51.994,5.000,100.0,47.0,-17.69230842590332,7.333333492279053
357.041,12:59:08.011,500.280,12.929,6468.283,0.000,0.000,0.000,0.000,0.000,0.000,1.000,1.000,0.000,30.681,30.500,0.675,51.985,5.000,100.0,47.0,-17.69230842590332,7.333333492279053
357.184,12:59:08.075,500.280,12.929,6468.283,0.000,0.000,0.000,0.000,0.000,0.000,1.000,1.000,0.000,30.681,30.500,0.675,51.985,5.000,100.0,47.0,-17.69230842590332,7.333333492279053
357.248,12:59:08.139,500.280,12.929,6468.283,0.000,0.000,0.000,0.000,0.000,0.000,1.000,1.000,0.000,30.681,30.500,0.675,51.985,5.000,100.0,47.0,-17.69230842590332,7.333333492279053
357.312,12:59:08.283,500.280,12.929,6468.283,0.000,0.000,0.000,0.000,0.000,0.000,1.000,1.000,0.000,30.719,30.900,0.655,51.824,5.000,100.0,47.0,-17.69230842590332,7.333333492279053
357.456,12:59:08.347,515.613,9.983,5147.530,0.000,0.000,0.000,0.000,0.000,0.000,1.000,1.000,0.000,30.719,30.900,0.655,51.824,5.000,100.0,47.0,-17.69230842590332,7.333333492279053
357.520,12:59:08.411,515.613,9.983,5147.530,0.000,0.000,0.000,0.000,0.000,0.000,1.000,1.000,0.000,30.719,30.900,0.655,51.824,5.000,100.0,47.0,-17.69230842590332,7.333333492279053
357.584,12:59:08.555,515.613,9.983,5147.530,0.000,0.000,0.000,0.000,0.000,0.000,1.000,1.000,0.000,30.719,30.900,0.655,51.824,5.000,100.0,47.0,-17.69230842590332,7.333333492279053
357.728,12:59:08.619,515.613,9.983,5147.530,0.000,0.000,0.000,0.000,0.000,0.000,1.000,1.000,0.000,30.719,30.900,0.655,51.824,5.000,100.0,47.0,-17.69230842590332,7.333333492279053
357.792,12:59:08.874,515.258,10.098,5203.087,0.000,0.000,0.000,0.000,0.000,0.000,1.000,1.000,0.000,30.719,30.900,0.655,51.824,5.000,100.0,47.0,24.41025733947754,-6.717948913574219
358.048,12:59:09.018,515.258,10.098,5203.087,0.000,0.000,0.000,0.000,0.000,0.000,1.000,1.000,0.000,31.119,31.300,0.664,51.885,5.000,100.0,47.0,24.41025733947754,-6.717948913574219
358.192,12:59:09.082,513.606,10.728,5510.186,0.000,0.000,0.000,0.000,0.000,0.000,1.000,1.000,0.000,31.119,31.300,0.664,51.885,5.000,100.0,47.0,24.41025733947754,-6.717948913574219
358.256,12:59:09.146,513.606,10.728,5510.186,0.000,0.000,0.000,0.000,0.000,0.000,1.000,1.000,0.000,31.119,31.300,0.664,51.885,5.000,100.0,47.0,24.41025733947754,-6.717948913574219
358.320,12:59:09.290,513.606,10.728,5510.186,0.000,0.000,0.000,0.000,0.000,0.000,1.000,1.000,0.000,31.919,32.100,0.684,51.944,5.000,100.0,47.0,24.41025733947754,-6.717948913574219
358.464,12:59:09.354,513.606,10.728,5510.186,0.000,0.000,0.000,0.000,0.000,0.000,1.000,1.000,0.000,31.919,32.100,0.684,51.944,5.000,100.0,47.0,24.41025733947754,-6.717948913574219
358.528,12:59:09.418,513.606,10.728,5510.186,0.000,0.000,0.000,0.000,0.000,0.000,1.000,1.000,0.000,31.919,32.100,0.684,51.944,5.000,100.0,47.0,24.41025733947754,-6.717948913574219
358.592,12:59:09.562,513.606,10.728,5510.186,0.000,0.000,0.000,0.000,0.000,0.000,1.000,1.000,0.000,32.719,32.900,0.703,51.990,5.000,100.0,47.0,24.41025733947754,-6.717948913574219
358.735,12:59:09.626,511.822,11.394,5831.594,0.000,0.000,0.000,0.000,0.000,0.000,1.000,1.000,0.000,32.719,32.900,0.703,51.990,5.000,100.0,47.0,24.41025733947754,-6.717948913574219
358.799,12:59:09.882,511.822,11.394,5831.594,0.000,0.000,0.000,0.000,0.000,0.000,1.000,1.000,0.000,32.719,32.900,0.703,51.990,5.000,100.0,47.0,-25.94871711730957,16.35897445678711
359.055,12:59:10.026,509.943,12.101,6170.981,0.000,0.000,0.000,0.000,0.000,0.000,1.000,1.000,0.000,33.518,33.700,0.723,52.049,5.000,100.0,47.0,-25.94871711730957,16.35897445678711
359.199,12:59:10.090,509.943,12.101,6170.981,0.000,0.000,0.000,0.000,0.000,0.000,1.000,1.000,0.000,33.518,33.700,0.723,52.049,5.000,100.0,47.0,-25.94871711730957,16.35897445678711
359.263,12:59:10.154,509.943,12.101,6170.981,0.000,0.000,0.000,0.000,0.000,0.000,1.000,1.000,0.000,33.518,33.700,0.723,52.049,5.000,100.0,47.0,-25.94871711730957,16.35897445678711
359.327,12:59:10.298,509.943,12.101,6170.981,0.000,0.000,0.000,0.000,0.000,0.000,1.000,1.000,0.000,33.518,33.700,0.723,52.049,5.000,100.0,47.0,-25.94871711730957,16.35897445678711
359.471,12:59:10.362,507.882,12.872,6537.361,0.000,0.000,0.000,0.000,0.000,0.000,1.000,1.000,0.000,33.518,33.700,0.723,52.049,5.000,100.0,47.0,-25.94871711730957,16.35897445678711
359.535,12:59:10.425,507.882,12.872,6537.361,0.000,0.000,0.000,0.000,0.000,0.000,1.000,1.000,0.000,33.518,33.700,0.723,52.049,5.000,100.0,47.0,-25.94871711730957,16.35897445678711
359.599,12:59:10.570,507.882,12.872,6537.361,0.000,0.000,0.000,0.000,0.000,0.000,1.000,1.000,0.000,34.319,34.500,0.743,52.142,5.000,100.0,47.0,-25.94871711730957,16.35897445678711
359.743,12:59:10.633,507.882,12.872,6537.361,0.000,0.000,0.000,0.000,0.000,0.000,1.000,1.000,0.000,34.319,34.500,0.743,52.142,5.000,100.0,47.0,-25.94871711730957,16.35897445678711
359.807,12:59:10.889,507.882,12.872,6537.361,0.000,0.000,0.000,0.000,0.000,0.000,1.000,1.000,0.000,34.319,34.500,0.743,52.142,5.000,100.0,47.0,-25.487178802490234,13.64102554321289
360.063,12:59:11.033,505.583,13.701,6926.960,0.000,0.000,0.000,0.000,0.000,0.000,1.000,1.000,0.000,35.119,35.300,0.764,52.202,5.000,100.0,47.0,-25.487178802490234,13.64102554321289
360.207,12:59:11.097,505.583,13.701,6926.960,0.000,0.000,0.000,0.000,0.000,0.000,1.000,1.000,0.000,35.119,35.300,0.764,52.202,5.000,100.0,47.0,-25.487178802490234,13.64102554321289
360.271,12:59:11.161,503.074,14.580,7334.803,0.000,0.000,0.000,0.000,0.000,0.000,1.000,1.000,0.000,35.119,35.300,0.764,52.202,5.000,100.0,47.0,-25.487178802490234,13.64102554321289
360.334,12:59:11.305,503.074,14.580,7334.803,0.000,0.000,0.000,0.000,0.000,0.000,1.000,1.000,0.000,35.918,36.100,0.785,52.299,5.000,100.0,47.0,-25.487178802490234,13.64102554321289
360.478,12:59:11.369,503.074,14.580,7334.803,0.000,0.000,0.000,0.000,0.000,0.000,1.000,1.000,0.000,35.918,36.100,0.785,52.299,5.000,100.0,47.0,-25.487178802490234,13.64102554321289
360.542,12:59:11.433,503.074,14.580,7334.803,0.000,0.000,0.000,0.000,0.000,0.000,1.000,1.000,0.000,35.918,36.100,0.785,52.299,5.000,100.0,47.0,-25.487178802490234,13.64102554321289
360.606,12:59:11.577,503.074,14.580,7334.803,0.000,0.000,0.000,0.000,0.000,0.000,1.000,1.000,0.000,36.719,36.900,0.807,52.418,5.000,100.0,47.0,-25.487178802490234,13.64102554321289
360.750,12:59:11.641,500.246,15.526,7766.805,0.000,0.000,0.000,0.000,0.000,0.000,1.000,1.000,0.000,36.719,36.900,0.807,52.418,5.000,100.0,47.0,-25.487178802490234,13.64102554321289
360.814,12:59:11.897,500.246,15.526,7766.805,0.000,0.000,0.000,0.000,0.000,0.000,1.000,1.000,0.000,36.719,36.900,0.807,52.418,5.000,100.0,47.0,-28.461538314819336,8.410256385803223
361.070,12:59:12.041,497.007,16.538,8219.739,0.000,0.000,0.000,0.000,0.000,0.000,1.000,1.000,0.000,37.518,37.700,0.830,52.326,5.000,100.0,47.0,-28.461538314819336,8.410256385803223
361.214,12:59:12.104,497.007,16.538,8219.739,0.000,0.000,0.000,0.000,0.000,0.000,1.000,1.000,0.000,37.518,37.700,0.830,52.326,5.000,100.0,47.0,-28.461538314819336,8.410256385803223
361.278,12:59:12.168,497.007,16.538,8219.739,0.000,0.000,0.000,0.000,0.000,0.000,1.000,1.000,0.000,37.518,37.700,0.830,52.326,5.000,100.0,47.0,-28.461538314819336,8.410256385803223
361.342,12:59:12.312,497.007,16.538,8219.739,0.000,0.000,0.000,0.000,0.000,0.000,1.000,1.000,0.000,37.518,37.700,0.830,52.326,5.000,100.0,47.0,-28.461538314819336,8.410256385803223
361.486,12:59:12.376,493.170,17.671,8714.671,0.000,0.000,0.000,0.000,0.000,0.000,1.000,1.000,0.000,37.518,37.700,0.830,52.326,5.000,100.0,47.0,-28.461538314819336,8.410256385803223
361.550,12:59:12.440,493.170,17.671,8714.671,0.000,0.000,0.000,0.000,0.000,0.000,1.000,1.000,0.000,37.518,37.700,0.830,52.326,5.000,100.0,47.0,-28.461538314819336,8.410256385803223
361.614,12:59:12.584,493.170,17.671,8714.671,0.000,0.000,0.000,0.000,0.000,0.000,1.000,1.000,0.000,38.319,38.500,0.855,52.263,5.000,100.0,47.0,-28.461538314819336,8.410256385803223
361.758,12:59:12.648,493.170,17.671,8714.671,0.000,0.000,0.000,0.000,0.000,0.000,1.000,1.000,0.000,38.319,38.500,0.855,52.263,5.000,100.0,47.0,-28.461538314819336,8.410256385803223
361.822,12:59:12.904,493.170,17.671,8714.671,0.000,0.000,0.000,0.000,0.000,0.000,1.000,1.000,0.000,38.319,38.500,0.855,52.263,5.000,100.0,47.0,-25.846153259277344,28.35897445678711
362.077,12:59:13.048,488.860,18.907,9242.664,0.000,0.000,0.000,0.000,0.000,0.000,1.000,1.000,0.000,39.118,39.300,0.880,52.295,5.000,100.0,47.0,-25.846153259277344,28.35897445678711
362.221,12:59:13.112,488.860,18.907,9242.664,0.000,0.000,0.000,0.000,0.000,0.000,1.000,1.000,0.000,39.118,39.300,0.880,52.295,5.000,100.0,47.0,-25.846153259277344,28.35897445678711
362.285,12:59:13.176,483.705,20.241,9790.701,0.000,0.000,0.000,0.000,0.000,0.000,1.000,1.000,0.000,39.118,39.300,0.880,52.295,5.000,100.0,47.0,-25.846153259277344,28.35897445678711
362.349,12:59:13.320,483.705,20.241,9790.701,0.000,0.000,0.000,0.000,0.000,0.000,1.000,1.000,0.000,39.919,40.100,0.908,52.174,5.000,100.0,47.0,-25.846153259277344,28.35897445678711
362.493,12:59:13.384,483.705,20.241,9790.701,0.000,0.000,0.000,0.000,0.000,0.000,1.000,1.000,0.000,39.919,40.100,0.908,52.174,5.000,100.0,47.0,-25.846153259277344,28.35897445678711
362.557,12:59:13.448,483.705,20.241,9790.701,0.000,0.000,0.000,0.000,0.000,0.000,1.000,1.000,0.000,39.919,40.100,0.908,52.174,5.000,100.0,47.0,-25.846153259277344,28.35897445678711
362.621,12:59:13.592,483.705,20.241,9790.701,0.000,0.000,0.000,0.000,0.000,0.000,1.000,1.000,0.000,40.718,40.900,0.937,52.161,5.000,100.0,47.0,-25.846153259277344,28.35897445678711
362.781,12:59:13.672,477.778,21.646,10341.889,0.000,0.000,0.000,0.000,0.000,0.000,1.000,1.000,0.000,40.718,40.900,0.937,52.161,5.000,100.0,47.0,-25.846153259277344,28.35897445678711
362.845,12:59:13.927,477.778,21.646,10341.889,0.000,0.000,0.000,0.000,0.000,0.000,1.000,1.000,0.000,40.718,40.900,0.937,52.161,5.000,100.0,47.0,-31.33333396911621,13.64102554321289
363.101,12:59:14.071,471.518,22.951,10821.959,0.000,0.000,0.000,0.000,0.000,0.000,1.000,1.000,0.000,41.519,41.700,0.940,52.283,5.000,100.0,47.0,-31.33333396911621,13.64102554321289
363.245,12:59:14.135,471.518,22.951,10821.959,0.000,0.000,0.000,0.000,0.000,0.000,1.000,1.000,0.000,41.519,41.700,0.940,52.283,5.000,100.0,47.0,-31.33333396911621,13.64102554321289
363.309,12:59:14.199,471.518,22.951,10821.959,0.000,0.000,0.000,0.000,0.000,0.000,1.000,1.000,0.000,41.519,41.700,0.940,52.283,5.000,100.0,47.0,-31.33333396911621,13.64102554321289
363.373,12:59:14.343,471.518,22.951,10821.959,0.000,0.000,0.000,0.000,0.000,0.000,1.000,1.000,0.000,41.519,41.700,0.940,52.283,5.000,100.0,47.0,-31.33333396911621,13.64102554321289
363.517,12:59:14.407,467.729,23.673,11072.763,0.000,0.000,0.000,0.000,0.000,0.000,1.000,1.000,0.000,41.519,41.700,0.940,52.283,5.000,100.0,47.0,-31.33333396911621,13.64102554321289
363.581,12:59:14.471,467.729,23.673,11072.763,0.000,0.000,0.000,0.000,0.000,0.000,1.000,1.000,0.000,41.519,41.700,0.940,52.283,5.000,100.0,47.0,-31.33333396911621,13.64102554321289
363.644,12:59:14.615,467.729,23.673,11072.763,0.000,0.000,0.000,0.000,0.000,0.000,1.000,1.000,0.000,41.881,41.700,0.940,52.483,5.000,100.0,47.0,-31.33333396911621,13.64102554321289
363.789,12:59:14.679,467.729,23.673,11072.763,0.000,0.000,0.000,0.000,0.000,0.000,1.000,1.000,0.000,41.881,41.700,0.940,52.483,5.000,100.0,47.0,-31.33333396911621,13.64102554321289
363.852,12:59:14.935,467.729,23.673,11072.763,0.000,0.000,0.000,0.000,0.000,0.000,1.000,1.000,0.000,41.881,41.700,0.940,52.483,5.000,100.0,47.0,-19.487178802490234,34.410255432128906
364.108,12:59:15.079,468.850,23.488,11012.186,0.000,0.000,0.000,0.000,0.000,0.000,1.000,1.000,0.000,41.519,41.700,0.940,52.643,5.000,100.0,47.0,-19.487178802490234,34.410255432128906
364.252,12:59:15.143,468.850,23.488,11012.186,0.000,0.000,0.000,0.000,0.000,0.000,1.000,1.000,0.000,41.519,41.700,0.940,52.643,5.000,100.0,47.0,-19.487178802490234,34.410255432128906
364.316,12:59:15.207,467.834,23.655,11066.793,0.000,0.000,0.000,0.000,0.000,0.000,1.000,1.000,0.000,41.519,41.700,0.940,52.643,5.000,100.0,47.0,-19.487178802490234,34.410255432128906
364.380,12:59:15.351,467.834,23.655,11066.793,0.000,0.000,0.000,0.000,0.000,0.000,1.000,1.000,0.000,41.919,42.100,0.940,52.805,5.000,100.0,47.0,-19.487178802490234,34.410255432128906
364.524,12:59:15.415,467.834,23.655,11066.793,0.000,0.000,0.000,0.000,0.000,0.000,1.000,1.000,0.000,41.919,42.100,0.940,52.805,5.000,100.0,47.0,-19.487178802490234,34.410255432128906
364.588,12:59:15.479,467.834,23.655,11066.793,0.000,0.000,0.000,0.000,0.000,0.000,1.000,1.000,0.000,41.919,42.100,0.940,52.805,5.000,100.0,47.0,-19.487178802490234,34.410255432128906
364.652,12:59:15.622,467.834,23.655,11066.793,0.000,0.000,0.000,0.000,0.000,0.000,1.000,1.000,0.000,41.881,41.700,0.940,52.995,5.000,100.0,47.0,-19.487178802490234,34.410255432128906
364.796,12:59:15.686,464.636,24.208,11247.703,0.000,0.000,0.000,0.000,0.000,0.000,1.000,1.000,0.000,41.881,41.700,0.940,52.995,5.000,100.0,47.0,-19.487178802490234,34.410255432128906
364.860,12:59:16.230,464.636,24.208,11247.703,0.000,0.000,0.000,0.000,0.000,0.000,1.000,1.000,0.000,41.881,41.700,0.940,52.995,5.000,100.0,47.0,,-35.28205108642578
365.403,12:59:16.374,471.337,23.052,10865.403,0.000,0.000,0.000,0.000,0.000,0.000,1.000,1.000,0.000,41.481,41.300,0.940,53.118,5.000,100.0,47.0,,-35.28205108642578
365.547,12:59:16.438,467.920,23.660,11071.124,0.000,0.000,0.000,0.000,0.000,0.000,1.000,1.000,0.000,41.481,41.300,0.940,53.118,5.000,100.0,47.0,,-35.28205108642578
365.611,12:59:16.502,467.920,23.660,11071.124,0.000,0.000,0.000,0.000,0.000,0.000,1.000,1.000,0.000,41.481,41.300,0.940,53.118,5.000,100.0,47.0,,-35.28205108642578
365.675,12:59:16.646,467.920,23.660,11071.124,0.000,0.000,0.000,0.000,0.000,0.000,1.000,1.000,0.000,41.881,41.700,0.940,53.246,5.000,100.0,47.0,,-35.28205108642578
365.819,12:59:16.710,467.920,23.660,11071.124,0.000,0.000,0.000,0.000,0.000,0.000,1.000,1.000,0.000,41.881,41.700,0.940,53.246,5.000,100.0,47.0,,-35.28205108642578
365.883,12:59:16.965,467.920,23.660,11071.124,0.000,0.000,0.000,0.000,0.000,0.000,1.000,1.000,0.000,41.881,41.700,0.940,53.246,5.000,100.0,47.0,19.0256404876709,15.538461685180664
366.139,12:59:17.110,471.666,22.988,10842.709,0.000,0.000,0.000,0.000,0.000,0.000,1.000,1.000,0.000,41.519,41.700,0.940,53.373,5.000,100.0,47.0,19.0256404876709,15.538461685180664
366.283,12:59:17.173,471.666,22.988,10842.709,0.000,0.000,0.000,0.000,0.000,0.000,1.000,1.000,0.000,41.519,41.700,0.940,53.373,5.000,100.0,47.0,19.0256404876709,15.538461685180664
366.347,12:59:17.237,468.906,23.498,11018.362,0.000,0.000,0.000,0.000,0.000,0.000,1.000,1.000,0.000,41.519,41.700,0.940,53.373,5.000,100.0,47.0,19.0256404876709,15.538461685180664
366.411,12:59:17.382,468.906,23.498,11018.362,0.000,0.000,0.000,0.000,0.000,0.000,1.000,1.000,0.000,41.481,41.300,0.940,53.451,5.000,100.0,47.0,19.0256404876709,15.538461685180664
366.555,12:59:17.445,468.906,23.498,11018.362,0.000,0.000,0.000,0.000,0.000,0.000,1.000,1.000,0.000,41.481,41.300,0.940,53.451,5.000,100.0,47.0,19.0256404876709,15.538461685180664
366.619,12:59:17.509,468.906,23.498,11018.362,0.000,0.000,0.000,0.000,0.000,0.000,1.000,1.000,0.000,41.481,41.300,0.940,53.451,5.000,100.0,47.0,19.0256404876709,15.538461685180664
366.683,12:59:17.653,468.906,23.498,11018.362,0.000,0.000,0.000,0.000,0.000,0.000,1.000,1.000,0.000,41.881,41.700,0.940,53.539,5.000,100.0,47.0,19.0256404876709,15.538461685180664
366.826,12:59:17.717,468.038,23.636,11062.599,0.000,0.000,0.000,0.000,0.000,0.000,1.000,1.000,0.000,41.881,41.700,0.940,53.539,5.000,100.0,47.0,19.0256404876709,15.538461685180664
366.890,12:59:17.973,468.038,23.636,11062.599,0.000,0.000,0.000,0.000,0.000,0.000,1.000,1.000,0.000,41.881,41.700,0.940,53.539,5.000,100.0,47.0,26.205127716064453,-36.97435760498047
367.146,12:59:18.117,471.756,22.969,10835.548,0.000,0.000,0.000,0.000,0.000,0.000,1.000,1.000,0.000,41.519,41.700,0.940,53.620,5.000,100.0,47.0,26.205127716064453,-36.97435760498047
367.291,12:59:18.181,471.756,22.969,10835.548,0.000,0.000,0.000,0.000,0.000,0.000,1.000,1.000,0.000,41.519,41.700,0.940,53.620,5.000,100.0,47.0,26.205127716064453,-36.97435760498047
367.354,12:59:18.245,471.756,22.969,10835.548,0.000,0.000,0.000,0.000,0.000,0.000,1.000,1.000,0.000,41.519,41.700,0.940,53.620,5.000,100.0,47.0,26.205127716064453,-36.97435760498047
367.418,12:59:18.389,471.756,22.969,10835.548,0.000,0.000,0.000,0.000,0.000,0.000,1.000,1.000,0.000,41.519,41.700,0.940,53.620,5.000,100.0,47.0,26.205127716064453,-36.97435760498047
367.562,12:59:18.453,468.357,23.593,11049.746,0.000,0.000,0.000,0.000,0.000,0.000,1.000,1.000,0.000,41.519,41.700,0.940,53.620,5.000,100.0,47.0,26.205127716064453,-36.97435760498047
367.626,12:59:18.516,468.357,23.593,11049.746,0.000,0.000,0.000,0.000,0.000,0.000,1.000,1.000,0.000,41.519,41.700,0.940,53.620,5.000,100.0,47.0,26.205127716064453,-36.97435760498047
367.690,12:59:18.660,468.357,23.593,11049.746,0.000,0.000,0.000,0.000,0.000,0.000,1.000,1.000,0.000,41.881,41.700,0.940,53.687,5.000,100.0,47.0,26.205127716064453,-36.97435760498047
367.834,12:59:18.724,468.357,23.593,11049.746,0.000,0.000,0.000,0.000,0.000,0.000,1.000,1.000,0.000,41.881,41.700,0.940,53.687,5.000,100.0,47.0,26.205127716064453,-36.97435760498047
367.898,12:59:18.980,468.357,23.593,11049.746,0.000,0.000,0.000,0.000,0.000,0.000,1.000,1.000,0.000,41.881,41.700,0.940,53.687,5.000,100.0,47.0,-30.205127716064453,-2.615384578704834
368.154,12:59:19.124,471.910,22.945,10827.813,0.000,0.000,0.000,0.000,0.000,0.000,1.000,1.000,0.000,41.519,41.700,0.940,53.764,5.000,100.0,47.0,-30.205127716064453,-2.615384578704834
368.298,12:59:19.188,471.910,22.945,10827.813,0.000,0.000,0.000,0.000,0.000,0.000,1.000,1.000,0.000,41.519,41.700,0.940,53.764,5.000,100.0,47.0,-30.205127716064453,-2.615384578704834
368.362,12:59:19.252,472.018,22.924,10820.616,0.000,0.000,0.000,0.000,0.000,0.000,1.000,1.000,0.000,41.519,41.700,0.940,53.764,5.000,100.0,47.0,-30.205127716064453,-2.615384578704834
368.426,12:59:19.396,472.018,22.924,10820.616,0.000,0.000,0.000,0.000,0.000,0.000,1.000,1.000,0.000,41.519,41.700,0.940,53.838,5.000,100.0,47.0,-30.205127716064453,-2.615384578704834
368.569,12:59:19.460,472.018,22.924,10820.616,0.000,0.000,0.000,0.000,0.000,0.000,1.000,1.000,0.000,41.519,41.700,0.940,53.838,5.000,100.0,47.0,-30.205127716064453,-2.615384578704834
368.633,12:59:19.524,472.018,22.924,10820.616,0.000,0.000,0.000,0.000,0.000,0.000,1.000,1.000,0.000,41.519,41.700,0.940,53.838,5.000,100.0,47.0,-30.205127716064453,-2.615384578704834
368.697,12:59:19.668,472.018,22.924,10820.616,0.000,0.000,0.000,0.000,0.000,0.000,1.000,1.000,0.000,41.519,41.700,0.940,53.864,5.000,100.0,47.0,-30.205127716064453,-2.615384578704834
368.841,12:59:19.732,471.936,22.935,10823.884,0.000,0.000,0.000,0.000,0.000,0.000,1.000,1.000,0.000,41.519,41.700,0.940,53.864,5.000,100.0,47.0,-30.205127716064453,-2.615384578704834
368.905,12:59:19.988,471.936,22.935,10823.884,0.000,0.000,0.000,0.000,0.000,0.000,1.000,1.000,0.000,41.519,41.700,0.940,53.864,5.000,100.0,47.0,14.666666984558105,21.0256404876709
369.161,12:59:20.132,471.936,22.935,10823.884,0.000,0.000,0.000,0.000,0.000,0.000,1.000,1.000,0.000,41.520,41.700,0.940,53.935,5.000,100.0,47.0,14.666666984558105,21.0256404876709
369.305,12:59:20.195,470.507,23.196,10913.930,0.000,0.000,0.000,0.000,0.000,0.000,1.000,1.000,0.000,41.520,41.700,0.940,53.935,5.000,100.0,47.0,14.666666984558105,21.0256404876709
369.371,12:59:20.261,470.507,23.196,10913.930,0.000,0.000,0.000,0.000,0.000,0.000,1.000,1.000,0.000,41.520,41.700,0.940,53.935,5.000,100.0,47.0,14.666666984558105,21.0256404876709
369.433,12:59:20.404,470.507,23.196,10913.930,0.000,0.000,0.000,0.000,0.000,0.000,1.000,1.000,0.000,41.520,41.700,0.940,53.935,5.000,100.0,47.0,14.666666984558105,21.0256404876709
369.577,12:59:20.467,470.461,23.200,10914.794,0.000,0.000,0.000,0.000,0.000,0.000,1.000,1.000,0.000,41.520,41.700,0.940,53.935,5.000,100.0,47.0,14.666666984558105,21.0256404876709
369.641,12:59:20.531,470.461,23.200,10914.794,0.000,0.000,0.000,0.000,0.000,0.000,1.000,1.000,0.000,41.520,41.700,0.940,53.935,5.000,100.0,47.0,14.666666984558105,21.0256404876709
369.705,12:59:20.675,470.461,23.200,10914.794,0.000,0.000,0.000,0.000,0.000,0.000,1.000,1.000,0.000,41.520,41.700,0.940,53.973,5.000,100.0,47.0,14.666666984558105,21.0256404876709
369.849,12:59:20.739,470.461,23.200,10914.794,0.000,0.000,0.000,0.000,0.000,0.000,1.000,1.000,0.000,41.520,41.700,0.940,53.973,5.000,100.0,47.0,14.666666984558105,21.0256404876709
369.913,12:59:20.995,470.461,23.200,10914.794,0.000,0.000,0.000,0.000,0.000,0.000,1.000,1.000,0.000,41.520,41.700,0.940,53.973,5.000,100.0,47.0,0.8205128312110901,-28.820512771606445
370.168,12:59:21.139,470.532,23.190,10911.703,0.000,0.000,0.000,0.000,0.000,0.000,1.000,1.000,0.000,41.519,41.700,0.940,54.027,5.000,100.0,47.0,0.8205128312110901,-28.820512771606445
370.312,12:59:21.203,470.532,23.190,10911.703,0.000,0.000,0.000,0.000,0.000,0.000,1.000,1.000,0.000,41.519,41.700,0.940,54.027,5.000,100.0,47.0,0.8205128312110901,-28.820512771606445
370.376,12:59:21.267,470.532,23.190,10911.703,0.000,0.000,0.000,0.000,0.000,0.000,1.000,1.000,0.000,41.519,41.700,0.940,54.027,5.000,100.0,47.0,0.8205128312110901,-28.820512771606445
370.440,12:59:21.411,466.815,23.846,11131.663,0.000,0.000,0.000,0.000,0.000,0.000,1.000,1.000,0.000,41.881,41.700,0.940,54.090,5.000,100.0,47.0,0.8205128312110901,-28.820512771606445
370.584,12:59:21.475,466.815,23.846,11131.663,0.000,0.000,0.000,0.000,0.000,0.000,1.000,1.000,0.000,41.881,41.700,0.940,54.090,5.000,100.0,47.0,0.8205128312110901,-28.820512771606445
370.648,12:59:21.539,466.815,23.846,11131.663,0.000,0.000,0.000,0.000,0.000,0.000,1.000,1.000,0.000,41.881,41.700,0.940,54.090,5.000,100.0,47.0,0.8205128312110901,-28.820512771606445
370.712,12:59:21.683,466.815,23.846,11131.663,0.000,0.000,0.000,0.000,0.000,0.000,1.000,1.000,0.000,41.881,41.700,0.940,54.090,5.000,100.0,47.0,0.8205128312110901,-28.820512771606445
370.856,12:59:21.747,469.948,23.302,10950.498,0.000,0.000,0.000,0.000,0.000,0.000,1.000,1.000,0.000,41.881,41.700,0.940,54.090,5.000,100.0,47.0,0.8205128312110901,-28.820512771606445
370.920,12:59:22.002,469.948,23.302,10950.498,0.000,0.000,0.000,0.000,0.000,0.000,1.000,1.000,0.000,41.881,41.700,0.940,54.090,5.000,100.0,47.0,-30.9743595123291,20.923076629638672
371.176,12:59:22.147,469.948,23.302,10950.498,0.000,0.000,0.000,0.000,0.000,0.000,1.000,1.000,0.000,41.519,41.700,0.940,54.117,5.000,100.0,47.0,-30.9743595123291,20.923076629638672
371.320,12:59:22.210,470.800,23.149,10898.411,0.000,0.000,0.000,0.000,0.000,0.000,1.000,1.000,0.000,41.519,41.700,0.940,54.117,5.000,100.0,47.0,-30.9743595123291,20.923076629638672
371.384,12:59:22.274,470.800,23.149,10898.411,0.000,0.000,0.000,0.000,0.000,0.000,1.000,1.000,0.000,41.519,41.700,0.940,54.117,5.000,100.0,47.0,-30.9743595123291,20.923076629638672
371.448,12:59:22.418,470.800,23.149,10898.411,0.000,0.000,0.000,0.000,0.000,0.000,1.000,1.000,0.000,41.519,41.700,0.940,54.117,5.000,100.0,47.0,-30.9743595123291,20.923076629638672
371.592,12:59:22.482,470.800,23.149,10898.411,0.000,0.000,0.000,0.000,0.000,0.000,1.000,1.000,0.000,41.519,41.700,0.940,54.117,5.000,100.0,47.0,-30.9743595123291,20.923076629638672
371.656,12:59:22.546,469.796,23.329,10959.819,0.000,0.000,0.000,0.000,0.000,0.000,1.000,1.000,0.000,41.519,41.700,0.940,54.117,5.000,100.0,47.0,-30.9743595123291,20.923076629638672
371.719,12:59:22.690,469.796,23.329,10959.819,0.000,0.000,0.000,0.000,0.000,0.000,1.000,1.000,0.000,41.519,41.700,0.940,54.195,5.000,100.0,47.0,-30.9743595123291,20.923076629638672
371.863,12:59:22.754,469.796,23.329,10959.819,0.000,0.000,0.000,0.000,0.000,0.000,1.000,1.000,0.000,41.519,41.700,0.940,54.195,5.000,100.0,47.0,-30.9743595123291,20.923076629638672
371.927,12:59:23.010,469.796,23.329,10959.819,0.000,0.000,0.000,0.000,0.000,0.000,1.000,1.000,0.000,41.519,41.700,0.940,54.195,5.000,100.0,47.0,10.871794700622559,23.384614944458008
372.183,12:59:23.154,467.181,23.783,11110.979,0.000,0.000,0.000,0.000,0.000,0.000,1.000,1.000,0.000,41.919,42.100,0.940,54.220,5.000,100.0,47.0,10.871794700622559,23.384614944458008
372.327,12:59:23.218,467.181,23.783,11110.979,0.000,0.000,0.000,0.000,0.000,0.000,1.000,1.000,0.000,41.919,42.100,0.940,54.220,5.000,100.0,47.0,10.871794700622559,23.384614944458008
372.391,12:59:23.282,467.181,23.783,11110.979,0.000,0.000,0.000,0.000,0.000,0.000,1.000,1.000,0.000,41.919,42.100,0.940,54.220,5.000,100.0,47.0,10.871794700622559,23.384614944458008
372.455,12:59:23.426,465.299,24.102,11214.623,0.000,0.000,0.000,0.000,0.000,0.000,1.000,1.000,0.000,41.881,41.700,0.940,54.261,5.000,100.0,47.0,10.871794700622559,23.384614944458008
372.599,12:59:23.489,465.299,24.102,11214.623,0.000,0.000,0.000,0.000,0.000,0.000,1.000,1.000,0.000,41.881,41.700,0.940,54.261,5.000,100.0,47.0,10.871794700622559,23.384614944458008
372.663,12:59:23.553,465.299,24.102,11214.623,0.000,0.000,0.000,0.000,0.000,0.000,1.000,1.000,0.000,41.881,41.700,0.940,54.261,5.000,100.0,47.0,10.871794700622559,23.384614944458008
372.727,12:59:23.697,465.299,24.102,11214.623,0.000,0.000,0.000,0.000,0.000,0.000,1.000,1.000,0.000,41.881,41.700,0.940,54.261,5.000,100.0,47.0,10.871794700622559,23.384614944458008
372.871,12:59:23.761,469.374,23.413,10989.550,0.000,0.000,0.000,0.000,0.000,0.000,1.000,1.000,0.000,41.881,41.700,0.940,54.261,5.000,100.0,47.0,10.871794700622559,23.384614944458008
372.935,12:59:24.017,469.374,23.413,10989.550,0.000,0.000,0.000,0.000,0.000,0.000,1.000,1.000,0.000,41.881,41.700,0.940,54.261,5.000,100.0,47.0,-29.33333396911621,26.564102172851562
373.191,12:59:24.161,469.374,23.413,10989.550,0.000,0.000,0.000,0.000,0.000,0.000,1.000,1.000,0.000,41.519,41.700,0.940,54.308,5.000,100.0,47.0,-29.33333396911621,26.564102172851562
373.334,12:59:24.225,471.050,23.095,10878.950,0.000,0.000,0.000,0.000,0.000,0.000,1.000,1.000,0.000,41.519,41.700,0.940,54.308,5.000,100.0,47.0,-29.33333396911621,26.564102172851562
373.399,12:59:24.289,471.050,23.095,10878.950,0.000,0.000,0.000,0.000,0.000,0.000,1.000,1.000,0.000,41.519,41.700,0.940,54.308,5.000,100.0,47.0,-29.33333396911621,26.564102172851562
373.462,12:59:24.433,471.050,23.095,10878.950,0.000,0.000,0.000,0.000,0.000,0.000,1.000,1.000,0.000,41.519,41.700,0.940,54.308,5.000,100.0,47.0,-29.33333396911621,26.564102172851562
373.606,12:59:24.497,471.050,23.095,10878.950,0.000,0.000,0.000,0.000,0.000,0.000,1.000,1.000,0.000,41.519,41.700,0.940,54.308,5.000,100.0,47.0,-29.33333396911621,26.564102172851562
373.670,12:59:24.561,469.443,23.386,10978.324,0.000,0.000,0.000,0.000,0.000,0.000,1.000,1.000,0.000,41.519,41.700,0.940,54.308,5.000,100.0,47.0,-29.33333396911621,26.564102172851562
373.734,12:59:24.705,469.443,23.386,10978.324,0.000,0.000,0.000,0.000,0.000,0.000,1.000,1.000,0.000,41.519,41.700,0.940,54.365,5.000,100.0,47.0,-29.33333396911621,26.564102172851562
373.878,12:59:24.769,469.443,23.386,10978.324,0.000,0.000,0.000,0.000,0.000,0.000,1.000,1.000,0.000,41.519,41.700,0.940,54.365,5.000,100.0,47.0,-29.33333396911621,26.564102172851562
373.942,12:59:25.040,469.443,23.386,10978.324,0.000,0.000,0.000,0.000,0.000,0.000,1.000,1.000,0.000,41.519,41.700,0.940,54.365,5.000,100.0,47.0,30.871795654296875,-23.846153259277344
374.214,12:59:25.184,469.266,23.420,10990.317,0.000,0.000,0.000,0.000,0.000,0.000,1.000,1.000,0.000,41.519,41.700,0.940,54.368,5.000,100.0,47.0,30.871795654296875,-23.846153259277344
374.358,12:59:25.248,469.266,23.420,10990.317,0.000,0.000,0.000,0.000,0.000,0.000,1.000,1.000,0.000,41.519,41.700,0.940,54.368,5.000,100.0,47.0,30.871795654296875,-23.846153259277344
374.422,12:59:25.312,469.266,23.420,10990.317,0.000,0.000,0.000,0.000,0.000,0.000,1.000,1.000,0.000,41.519,41.700,0.940,54.368,5.000,100.0,47.0,30.871795654296875,-23.846153259277344
374.486,12:59:25.456,464.910,24.154,11229.645,0.000,0.000,0.000,0.000,0.000,0.000,1.000,1.000,0.000,41.881,41.700,0.940,54.404,5.000,100.0,47.0,30.871795654296875,-23.846153259277344
374.630,12:59:25.520,464.910,24.154,11229.645,0.000,0.000,0.000,0.000,0.000,0.000,1.000,1.000,0.000,41.881,41.700,0.940,54.404,5.000,100.0,47.0,30.871795654296875,-23.846153259277344
374.694,12:59:25.584,464.910,24.154,11229.645,0.000,0.000,0.000,0.000,0.000,0.000,1.000,1.000,0.000,41.881,41.700,0.940,54.404,5.000,100.0,47.0,30.871795654296875,-23.846153259277344
374.758,12:59:25.728,464.910,24.154,11229.645,0.000,0.000,0.000,0.000,0.000,0.000,1.000,1.000,0.000,41.881,41.700,0.940,54.404,5.000,100.0,47.0,30.871795654296875,-23.846153259277344
374.901,12:59:25.792,467.619,23.703,11084.106,0.000,0.000,0.000,0.000,0.000,0.000,1.000,1.000,0.000,41.881,41.700,0.940,54.404,5.000,100.0,47.0,30.871795654296875,-23.846153259277344
374.965,12:59:26.048,467.619,23.703,11084.106,0.000,0.000,0.000,0.000,0.000,0.000,1.000,1.000,0.000,41.881,41.700,0.940,54.404,5.000,100.0,47.0,-34.35897445678711,10.923076629638672
375.221,12:59:26.192,467.619,23.703,11084.106,0.000,0.000,0.000,0.000,0.000,0.000,1.000,1.000,0.000,41.881,41.700,0.940,54.479,5.000,100.0,47.0,-34.35897445678711,10.923076629638672
375.365,12:59:26.256,464.677,24.195,11242.823,0.000,0.000,0.000,0.000,0.000,0.000,1.000,1.000,0.000,41.881,41.700,0.940,54.479,5.000,100.0,47.0,-34.35897445678711,10.923076629638672
375.429,12:59:26.320,464.677,24.195,11242.823,0.000,0.000,0.000,0.000,0.000,0.000,1.000,1.000,0.000,41.881,41.700,0.940,54.479,5.000,100.0,47.0,-34.35897445678711,10.923076629638672
375.493,12:59:26.464,464.677,24.195,11242.823,0.000,0.000,0.000,0.000,0.000,0.000,1.000,1.000,0.000,41.881,41.700,0.940,54.479,5.000,100.0,47.0,-34.35897445678711,10.923076629638672
375.637,12:59:26.528,464.677,24.195,11242.823,0.000,0.000,0.000,0.000,0.000,0.000,1.000,1.000,0.000,41.881,41.700,0.940,54.479,5.000,100.0,47.0,-34.35897445678711,10.923076629638672
375.701,12:59:26.592,467.630,23.708,11086.438,0.000,0.000,0.000,0.000,0.000,0.000,1.000,1.000,0.000,41.881,41.700,0.940,54.479,5.000,100.0,47.0,-34.35897445678711,10.923076629638672
375.765,12:59:26.736,467.630,23.708,11086.438,0.000,0.000,0.000,0.000,0.000,0.000,1.000,1.000,0.000,41.919,42.100,0.940,54.498,5.000,100.0,47.0,-34.35897445678711,10.923076629638672
375.909,12:59:26.799,467.630,23.708,11086.438,0.000,0.000,0.000,0.000,0.000,0.000,1.000,1.000,0.000,41.919,42.100,0.940,54.498,5.000,100.0,47.0,-34.35897445678711,10.923076629638672
375.973,12:59:27.055,467.630,23.708,11086.438,0.000,0.000,0.000,0.000,0.000,0.000,1.000,1.000,0.000,41.919,42.100,0.940,54.498,5.000,100.0,47.0,25.69230842590332,-36.512821197509766
376.229,12:59:27.199,464.589,24.205,11245.470,0.000,0.000,0.000,0.000,0.000,0.000,1.000,1.000,0.000,41.881,41.700,0.940,54.533,5.000,100.0,47.0,25.69230842590332,-36.512821197509766
376.373,12:59:27.263,464.589,24.205,11245.470,0.000,0.000,0.000,0.000,0.000,0.000,1.000,1.000,0.000,41.881,41.700,0.940,54.533,5.000,100.0,47.0,25.69230842590332,-36.512821197509766
376.437,12:59:27.327,464.589,24.205,11245.470,0.000,0.000,0.000,0.000,0.000,0.000,1.000,1.000,0.000,41.881,41.700,0.940,54.533,5.000,100.0,47.0,25.69230842590332,-36.512821197509766
376.500,12:59:27.471,468.821,23.499,11016.634,0.000,0.000,0.000,0.000,0.000,0.000,1.000,1.000,0.000,41.481,41.300,0.940,54.547,5.000,100.0,47.0,25.69230842590332,-36.512821197509766
376.644,12:59:27.535,468.821,23.499,11016.634,0.000,0.000,0.000,0.000,0.000,0.000,1.000,1.000,0.000,41.481,41.300,0.940,54.547,5.000,100.0,47.0,25.69230842590332,-36.512821197509766
376.708,12:59:27.599,468.821,23.499,11016.634,0.000,0.000,0.000,0.000,0.000,0.000,1.000,1.000,0.000,41.481,41.300,0.940,54.547,5.000,100.0,47.0,25.69230842590332,-36.512821197509766
376.772,12:59:27.743,468.821,23.499,11016.634,0.000,0.000,0.000,0.000,0.000,0.000,1.000,1.000,0.000,41.481,41.300,0.940,54.547,5.000,100.0,47.0,25.69230842590332,-36.512821197509766
376.916,12:59:27.807,472.430,22.835,10788.087,0.000,0.000,0.000,0.000,0.000,0.000,1.000,1.000,0.000,41.481,41.300,0.940,54.547,5.000,100.0,47.0,25.69230842590332,-36.512821197509766
376.980,12:59:28.063,472.430,22.835,10788.087,0.000,0.000,0.000,0.000,0.000,0.000,1.000,1.000,0.000,41.481,41.300,0.940,54.547,5.000,100.0,47.0,-30.05128288269043,28.35897445678711
377.236,12:59:28.207,472.430,22.835,10788.087,0.000,0.000,0.000,0.000,0.000,0.000,1.000,1.000,0.000,41.919,42.100,0.940,54.580,5.000,100.0,47.0,-30.05128288269043,28.35897445678711
377.380,12:59:28.271,468.038,23.636,11062.500,0.000,0.000,0.000,0.000,0.000,0.000,1.000,1.000,0.000,41.919,42.100,0.940,54.580,5.000,100.0,47.0,-30.05128288269043,28.35897445678711
377.444,12:59:28.334,468.038,23.636,11062.500,0.000,0.000,0.000,0.000,0.000,0.000,1.000,1.000,0.000,41.919,42.100,0.940,54.580,5.000,100.0,47.0,-30.05128288269043,28.35897445678711
377.508,12:59:28.479,468.038,23.636,11062.500,0.000,0.000,0.000,0.000,0.000,0.000,1.000,1.000,0.000,41.919,42.100,0.940,54.580,5.000,100.0,47.0,-30.05128288269043,28.35897445678711
377.652,12:59:28.542,468.038,23.636,11062.500,0.000,0.000,0.000,0.000,0.000,0.000,1.000,1.000,0.000,41.919,42.100,0.940,54.580,5.000,100.0,47.0,-30.05128288269043,28.35897445678711
377.716,12:59:28.606,464.466,24.224,11251.430,0.000,0.000,0.000,0.000,0.000,0.000,1.000,1.000,0.000,41.919,42.100,0.940,54.580,5.000,100.0,47.0,-30.05128288269043,28.35897445678711
377.780,12:59:28.750,464.466,24.224,11251.430,0.000,0.000,0.000,0.000,0.000,0.000,1.000,1.000,0.000,41.881,41.700,0.940,54.598,5.000,100.0,47.0,-30.05128288269043,28.35897445678711
377.924,12:59:28.814,464.466,24.224,11251.430,0.000,0.000,0.000,0.000,0.000,0.000,1.000,1.000,0.000,41.881,41.700,0.940,54.598,5.000,100.0,47.0,-30.05128288269043,28.35897445678711
377.988,12:59:29.070,464.466,24.224,11251.430,0.000,0.000,0.000,0.000,0.000,0.000,1.000,1.000,0.000,41.881,41.700,0.940,54.598,5.000,100.0,47.0,-14.769230842590332,-21.69230842590332
378.243,12:59:29.214,468.111,23.614,11053.793,0.000,0.000,0.000,0.000,0.000,0.000,1.000,1.000,0.000,41.919,42.100,0.940,54.620,5.000,100.0,47.0,-14.769230842590332,-21.69230842590332
378.387,12:59:29.278,468.111,23.614,11053.793,0.000,0.000,0.000,0.000,0.000,0.000,1.000,1.000,0.000,41.919,42.100,0.940,54.620,5.000,100.0,47.0,-14.769230842590332,-21.69230842590332
378.787,12:59:29.758,464.121,24.283,11270.033,0.000,0.000,0.000,0.000,0.000,0.000,1.000,1.000,0.000,42.281,42.100,0.940,54.651,5.000,100.0,47.0,-14.769230842590332,-21.69230842590332
378.931,12:59:29.822,468.684,23.537,11031.195,0.000,0.000,0.000,0.000,0.000,0.000,1.000,1.000,0.000,42.281,42.100,0.940,54.651,5.000,100.0,47.0,-14.769230842590332,-21.69230842590332
378.995,12:59:30.077,468.684,23.537,11031.195,0.000,0.000,0.000,0.000,0.000,0.000,1.000,1.000,0.000,42.281,42.100,0.940,54.651,5.000,100.0,47.0,18.102563858032227,18.820512771606445
379.251,12:59:30.222,468.684,23.537,11031.195,0.000,0.000,0.000,0.000,0.000,0.000,1.000,1.000,0.000,41.481,41.300,0.940,54.657,5.000,100.0,47.0,18.102563858032227,18.820512771606445
379.395,12:59:30.285,468.346,23.579,11043.197,0.000,0.000,0.000,0.000,0.000,0.000,1.000,1.000,0.000,41.481,41.300,0.940,54.657,5.000,100.0,47.0,18.102563858032227,18.820512771606445
379.459,12:59:30.349,468.346,23.579,11043.197,0.000,0.000,0.000,0.000,0.000,0.000,1.000,1.000,0.000,41.481,41.300,0.940,54.657,5.000,100.0,47.0,18.102563858032227,18.820512771606445
379.523,12:59:30.493,468.346,23.579,11043.197,0.000,0.000,0.000,0.000,0.000,0.000,1.000,1.000,0.000,41.881,41.700,0.940,54.692,5.000,100.0,47.0,18.102563858032227,18.820512771606445
379.667,12:59:30.557,468.346,23.579,11043.197,0.000,0.000,0.000,0.000,0.000,0.000,1.000,1.000,0.000,41.881,41.700,0.940,54.692,5.000,100.0,47.0,18.102563858032227,18.820512771606445
379.731,12:59:30.621,468.346,23.579,11043.197,0.000,0.000,0.000,0.000,0.000,0.000,1.000,1.000,0.000,41.881,41.700,0.940,54.692,5.000,100.0,47.0,18.102563858032227,18.820512771606445
379.795,12:59:31.022,468.622,23.542,11032.375,0.000,0.000,0.000,0.000,0.000,0.000,1.000,1.000,0.000,41.881,41.700,0.940,54.692,5.000,100.0,47.0,18.102563858032227,18.820512771606445
380.194,12:59:31.356,468.406,23.573,11041.799,0.000,0.000,0.000,0.000,0.000,0.000,1.000,1.000,0.000,41.881,41.700,0.940,54.705,5.000,100.0,47.0,2.153846263885498,-32.769229888916016
380.530,12:59:31.501,468.406,23.573,11041.799,0.000,0.000,0.000,0.000,0.000,0.000,1.000,1.000,0.000,41.881,41.700,0.940,54.734,5.000,100.0,47.0,2.153846263885498,-32.769229888916016
380.674,12:59:31.564,464.742,24.187,11240.525,0.000,0.000,0.000,0.000,0.000,0.000,1.000,1.000,0.000,41.881,41.700,0.940,54.734,5.000,100.0,47.0,2.153846263885498,-32.769229888916016
380.738,12:59:31.628,464.742,24.187,11240.525,0.000,0.000,0.000,0.000,0.000,0.000,1.000,1.000,0.000,41.881,41.700,0.940,54.734,5.000,100.0,47.0,2.153846263885498,-32.769229888916016
380.802,12:59:31.772,464.742,24.187,11240.525,0.000,0.000,0.000,0.000,0.000,0.000,1.000,1.000,0.000,41.881,41.700,0.940,54.734,5.000,100.0,47.0,2.153846263885498,-32.769229888916016
380.946,12:59:31.836,464.742,24.187,11240.525,0.000,0.000,0.000,0.000,0.000,0.000,1.000,1.000,0.000,41.881,41.700,0.940,54.734,5.000,100.0,47.0,2.153846263885498,-32.769229888916016
381.010,12:59:31.900,469.870,23.254,10926.499,0.000,0.000,0.000,0.000,0.000,0.000,1.000,1.000,0.000,41.881,41.700,0.940,54.734,5.000,100.0,47.0,2.153846263885498,-32.769229888916016
381.074,12:59:32.044,469.870,23.254,10926.499,0.000,0.000,0.000,0.000,0.000,0.000,1.000,1.000,0.000,41.520,41.700,0.940,54.727,5.000,100.0,47.0,2.153846263885498,-32.769229888916016
381.217,12:59:32.300,469.870,23.254,10926.499,0.000,0.000,0.000,0.000,0.000,0.000,1.000,1.000,0.000,41.520,41.700,0.940,54.727,5.000,100.0,47.0,-10.717948913574219,35.846153259277344
381.473,12:59:32.444,465.737,23.967,11162.529,0.000,0.000,0.000,0.000,0.000,0.000,1.000,1.000,0.000,41.880,41.700,0.940,54.755,5.000,100.0,47.0,-10.717948913574219,35.846153259277344
381.617,12:59:32.508,465.737,23.967,11162.529,0.000,0.000,0.000,0.000,0.000,0.000,1.000,1.000,0.000,41.880,41.700,0.940,54.755,5.000,100.0,47.0,-10.717948913574219,35.846153259277344
381.681,12:59:32.572,465.737,23.967,11162.529,0.000,0.000,0.000,0.000,0.000,0.000,1.000,1.000,0.000,41.880,41.700,0.940,54.755,5.000,100.0,47.0,-10.717948913574219,35.846153259277344
381.745,12:59:32.716,465.737,23.967,11162.529,0.000,0.000,0.000,0.000,0.000,0.000,1.000,1.000,0.000,41.920,42.100,0.940,54.753,5.000,100.0,47.0,-10.717948913574219,35.846153259277344
381.889,12:59:32.780,466.415,23.846,11121.902,0.000,0.000,0.000,0.000,0.000,0.000,1.000,1.000,0.000,41.920,42.100,0.940,54.753,5.000,100.0,47.0,-10.717948913574219,35.846153259277344
381.953,12:59:32.843,466.415,23.846,11121.902,0.000,0.000,0.000,0.000,0.000,0.000,1.000,1.000,0.000,41.920,42.100,0.940,54.753,5.000,100.0,47.0,-10.717948913574219,35.846153259277344
382.017,12:59:32.987,466.415,23.846,11121.902,0.000,0.000,0.000,0.000,0.000,0.000,1.000,1.000,0.000,41.920,42.100,0.940,54.753,5.000,100.0,47.0,-10.717948913574219,35.846153259277344
382.161,12:59:33.051,466.415,23.846,11121.902,0.000,0.000,0.000,0.000,0.000,0.000,1.000,1.000,0.000,41.920,42.100,0.940,54.753,5.000,100.0,47.0,-10.717948913574219,35.846153259277344
382.225,12:59:33.307,465.328,24.047,11189.614,0.000,0.000,0.000,0.000,0.000,0.000,1.000,1.000,0.000,41.920,42.100,0.940,54.753,5.000,100.0,47.0,-15.230769157409668,33.17948532104492
382.481,12:59:33.451,465.328,24.047,11189.614,0.000,0.000,0.000,0.000,0.000,0.000,1.000,1.000,0.000,41.881,41.700,0.940,54.779,5.000,100.0,47.0,-15.230769157409668,33.17948532104492
382.624,12:59:33.515,466.334,23.864,11128.605,0.000,0.000,0.000,0.000,0.000,0.000,1.000,1.000,0.000,41.881,41.700,0.940,54.779,5.000,100.0,47.0,-15.230769157409668,33.17948532104492
382.688,12:59:33.579,466.334,23.864,11128.605,0.000,0.000,0.000,0.000,0.000,0.000,1.000,1.000,0.000,41.881,41.700,0.940,54.779,5.000,100.0,47.0,-15.230769157409668,33.17948532104492
382.752,12:59:33.723,466.334,23.864,11128.605,0.000,0.000,0.000,0.000,0.000,0.000,1.000,1.000,0.000,41.881,41.700,0.940,54.777,5.000,100.0,47.0,-15.230769157409668,33.17948532104492
382.897,12:59:33.787,466.334,23.864,11128.605,0.000,0.000,0.000,0.000,0.000,0.000,1.000,1.000,0.000,41.881,41.700,0.940,54.777,5.000,100.0,47.0,-15.230769157409668,33.17948532104492
382.960,12:59:33.851,466.334,23.864,11128.605,0.000,0.000,0.000,0.000,0.000,0.000,1.000,1.000,0.000,41.881,41.700,0.940,54.777,5.000,100.0,47.0,-15.230769157409668,33.17948532104492
383.024,12:59:33.995,470.303,23.184,10903.684,0.000,0.000,0.000,0.000,0.000,0.000,1.000,1.000,0.000,41.481,41.300,0.940,54.782,5.000,100.0,47.0,-15.230769157409668,33.17948532104492
383.168,12:59:34.059,470.303,23.184,10903.684,0.000,0.000,0.000,0.000,0.000,0.000,1.000,1.000,0.000,41.481,41.300,0.940,54.782,5.000,100.0,47.0,-15.230769157409668,33.17948532104492
383.232,12:59:34.315,470.303,23.184,10903.684,0.000,0.000,0.000,0.000,0.000,0.000,1.000,1.000,0.000,41.481,41.300,0.940,54.782,5.000,100.0,47.0,29.794872283935547,28.41025733947754
383.488,12:59:34.458,470.475,23.161,10896.507,0.000,0.000,0.000,0.000,0.000,0.000,1.000,1.000,0.000,41.481,41.300,0.940,54.798,5.000,100.0,47.0,29.794872283935547,28.41025733947754
383.632,12:59:34.523,470.475,23.161,10896.507,0.000,0.000,0.000,0.000,0.000,0.000,1.000,1.000,0.000,41.481,41.300,0.940,54.798,5.000,100.0,47.0,29.794872283935547,28.41025733947754
383.696,12:59:34.587,470.475,23.161,10896.507,0.000,0.000,0.000,0.000,0.000,0.000,1.000,1.000,0.000,41.481,41.300,0.940,54.798,5.000,100.0,47.0,29.794872283935547,28.41025733947754
383.760,12:59:34.730,470.475,23.161,10896.507,0.000,0.000,0.000,0.000,0.000,0.000,1.000,1.000,0.000,41.519,41.700,0.940,54.784,5.000,100.0,47.0,29.794872283935547,28.41025733947754
383.904,12:59:34.794,470.422,23.169,10899.431,0.000,0.000,0.000,0.000,0.000,0.000,1.000,1.000,0.000,41.519,41.700,0.940,54.784,5.000,100.0,47.0,29.794872283935547,28.41025733947754
383.968,12:59:34.858,470.422,23.169,10899.431,0.000,0.000,0.000,0.000,0.000,0.000,1.000,1.000,0.000,41.519,41.700,0.940,54.784,5.000,100.0,47.0,29.794872283935547,28.41025733947754
384.032,12:59:35.006,470.422,23.169,10899.431,0.000,0.000,0.000,0.000,0.000,0.000,1.000,1.000,0.000,41.519,41.700,0.940,54.784,5.000,100.0,47.0,29.794872283935547,28.41025733947754
384.178,12:59:35.068,470.422,23.169,10899.431,0.000,0.000,0.000,0.000,0.000,0.000,1.000,1.000,0.000,41.519,41.700,0.940,54.784,5.000,100.0,47.0,29.794872283935547,28.41025733947754
384.239,12:59:35.322,462.650,24.452,11312.483,0.000,0.000,0.000,0.000,0.000,0.000,1.000,1.000,0.000,41.519,41.700,0.940,54.784,5.000,100.0,47.0,28.35897445678711,-35.17948532104492
384.496,12:59:35.466,462.650,24.452,11312.483,0.000,0.000,0.000,0.000,0.000,0.000,1.000,1.000,0.000,42.281,42.100,0.940,54.797,5.000,100.0,47.0,28.35897445678711,-35.17948532104492
384.639,12:59:35.530,469.174,23.410,10983.547,0.000,0.000,0.000,0.000,0.000,0.000,1.000,1.000,0.000,42.281,42.100,0.940,54.797,5.000,100.0,47.0,28.35897445678711,-35.17948532104492
384.703,12:59:35.594,469.174,23.410,10983.547,0.000,0.000,0.000,0.000,0.000,0.000,1.000,1.000,0.000,42.281,42.100,0.940,54.797,5.000,100.0,47.0,28.35897445678711,-35.17948532104492
384.767,12:59:35.738,469.174,23.410,10983.547,0.000,0.000,0.000,0.000,0.000,0.000,1.000,1.000,0.000,41.519,41.700,0.940,54.808,5.000,100.0,47.0,28.35897445678711,-35.17948532104492
384.912,12:59:35.802,469.174,23.410,10983.547,0.000,0.000,0.000,0.000,0.000,0.000,1.000,1.000,0.000,41.519,41.700,0.940,54.808,5.000,100.0,47.0,28.35897445678711,-35.17948532104492
384.976,12:59:35.867,469.174,23.410,10983.547,0.000,0.000,0.000,0.000,0.000,0.000,1.000,1.000,0.000,41.519,41.700,0.940,54.808,5.000,100.0,47.0,28.35897445678711,-35.17948532104492
385.039,12:59:36.010,469.222,23.400,10979.822,0.000,0.000,0.000,0.000,0.000,0.000,1.000,1.000,0.000,41.519,41.700,0.940,54.839,5.000,100.0,47.0,28.35897445678711,-35.17948532104492
385.183,12:59:36.073,469.222,23.400,10979.822,0.000,0.000,0.000,0.000,0.000,0.000,1.000,1.000,0.000,41.519,41.700,0.940,54.839,5.000,100.0,47.0,28.35897445678711,-35.17948532104492
385.248,12:59:36.330,469.222,23.400,10979.822,0.000,0.000,0.000,0.000,0.000,0.000,1.000,1.000,0.000,41.519,41.700,0.940,54.839,5.000,100.0,47.0,0.1538461595773697,19.435897827148438
385.504,12:59:36.473,467.322,23.725,11087.209,0.000,0.000,0.000,0.000,0.000,0.000,1.000,1.000,0.000,41.881,41.700,0.940,54.833,5.000,100.0,47.0,0.1538461595773697,19.435897827148438
385.647,12:59:36.537,467.322,23.725,11087.209,0.000,0.000,0.000,0.000,0.000,0.000,1.000,1.000,0.000,41.881,41.700,0.940,54.833,5.000,100.0,47.0,0.1538461595773697,19.435897827148438
385.711,12:59:36.602,467.322,23.725,11087.209,0.000,0.000,0.000,0.000,0.000,0.000,1.000,1.000,0.000,41.881,41.700,0.940,54.833,5.000,100.0,47.0,0.1538461595773697,19.435897827148438
385.776,12:59:36.745,467.322,23.725,11087.209,0.000,0.000,0.000,0.000,0.000,0.000,1.000,1.000,0.000,41.519,41.700,0.940,54.863,5.000,100.0,47.0,0.1538461595773697,19.435897827148438
385.920,12:59:36.810,469.183,23.402,10979.946,0.000,0.000,0.000,0.000,0.000,0.000,1.000,1.000,0.000,41.519,41.700,0.940,54.863,5.000,100.0,47.0,0.1538461595773697,19.435897827148438
385.983,12:59:36.874,469.183,23.402,10979.946,0.000,0.000,0.000,0.000,0.000,0.000,1.000,1.000,0.000,41.519,41.700,0.940,54.863,5.000,100.0,47.0,0.1538461595773697,19.435897827148438
386.047,12:59:37.018,469.183,23.402,10979.946,0.000,0.000,0.000,0.000,0.000,0.000,1.000,1.000,0.000,41.519,41.700,0.940,54.863,5.000,100.0,47.0,0.1538461595773697,19.435897827148438
386.191,12:59:37.082,469.183,23.402,10979.946,0.000,0.000,0.000,0.000,0.000,0.000,1.000,1.000,0.000,41.519,41.700,0.940,54.863,5.000,100.0,47.0,0.1538461595773697,19.435897827148438
386.255,12:59:37.337,467.341,23.722,11086.279,0.000,0.000,0.000,0.000,0.000,0.000,1.000,1.000,0.000,41.519,41.700,0.940,54.863,5.000,100.0,47.0,-28.35897445678711,-5.846153736114502
386.511,12:59:37.481,467.341,23.722,11086.279,0.000,0.000,0.000,0.000,0.000,0.000,1.000,1.000,0.000,41.881,41.700,0.940,54.887,5.000,100.0,47.0,-28.35897445678711,-5.846153736114502
386.654,12:59:37.545,467.541,23.680,11071.468,0.000,0.000,0.000,0.000,0.000,0.000,1.000,1.000,0.000,41.881,41.700,0.940,54.887,5.000,100.0,47.0,-28.35897445678711,-5.846153736114502
386.719,12:59:37.609,467.541,23.680,11071.468,0.000,0.000,0.000,0.000,0.000,0.000,1.000,1.000,0.000,41.881,41.700,0.940,54.887,5.000,100.0,47.0,-28.35897445678711,-5.846153736114502
386.783,12:59:37.753,467.541,23.680,11071.468,0.000,0.000,0.000,0.000,0.000,0.000,1.000,1.000,0.000,41.881,41.700,0.940,54.891,5.000,100.0,47.0,-28.35897445678711,-5.846153736114502
386.926,12:59:37.817,467.541,23.680,11071.468,0.000,0.000,0.000,0.000,0.000,0.000,1.000,1.000,0.000,41.881,41.700,0.940,54.891,5.000,100.0,47.0,-28.35897445678711,-5.846153736114502
386.991,12:59:37.881,467.541,23.680,11071.468,0.000,0.000,0.000,0.000,0.000,0.000,1.000,1.000,0.000,41.881,41.700,0.940,54.891,5.000,100.0,47.0,-28.35897445678711,-5.846153736114502
387.055,12:59:38.025,467.541,23.680,11071.468,0.000,0.000,0.000,0.000,0.000,0.000,1.000,1.000,0.000,41.881,41.700,0.940,54.886,5.000,100.0,47.0,-28.35897445678711,-5.846153736114502
387.199,12:59:38.089,467.458,23.695,11076.466,0.000,0.000,0.000,0.000,0.000,0.000,1.000,1.000,0.000,41.881,41.700,0.940,54.886,5.000,100.0,47.0,-28.35897445678711,-5.846153736114502
387.262,12:59:38.345,467.458,23.695,11076.466,0.000,0.000,0.000,0.000,0.000,0.000,1.000,1.000,0.000,41.881,41.700,0.940,54.886,5.000,100.0,47.0,8.564102172851562,31.230770111083984
387.518,12:59:38.488,468.843,23.465,11001.618,0.000,0.000,0.000,0.000,0.000,0.000,1.000,1.000,0.000,41.519,41.700,0.940,54.939,5.000,100.0,47.0,8.564102172851562,31.230770111083984
387.662,12:59:38.552,468.843,23.465,11001.618,0.000,0.000,0.000,0.000,0.000,0.000,1.000,1.000,0.000,41.519,41.700,0.940,54.939,5.000,100.0,47.0,8.564102172851562,31.230770111083984
387.725,12:59:38.616,468.843,23.465,11001.618,0.000,0.000,0.000,0.000,0.000,0.000,1.000,1.000,0.000,41.519,41.700,0.940,54.939,5.000,100.0,47.0,8.564102172851562,31.230770111083984
387.789,12:59:38.761,468.843,23.465,11001.618,0.000,0.000,0.000,0.000,0.000,0.000,1.000,1.000,0.000,41.519,41.700,0.940,54.939,5.000,100.0,47.0,8.564102172851562,31.230770111083984
387.933,12:59:38.824,500.359,21.809,10912.534,0.000,0.000,0.000,0.000,0.000,0.000,1.000,1.000,0.000,41.519,41.700,0.940,54.939,5.000,100.0,47.0,8.564102172851562,31.230770111083984
387.997,12:59:38.888,500.359,21.809,10912.534,0.000,0.000,0.000,0.000,0.000,0.000,1.000,1.000,0.000,41.519,41.700,0.940,54.939,5.000,100.0,47.0,8.564102172851562,31.230770111083984
388.061,12:59:39.033,500.359,21.809,10912.534,0.000,0.000,0.000,0.000,0.000,0.000,1.000,1.000,0.000,41.118,41.300,0.904,54.864,5.000,100.0,47.0,8.564102172851562,31.230770111083984
388.206,12:59:39.097,500.359,21.809,10912.534,0.000,0.000,0.000,0.000,0.000,0.000,1.000,1.000,0.000,41.118,41.300,0.904,54.864,5.000,100.0,47.0,8.564102172851562,31.230770111083984
388.269,12:59:39.352,500.359,21.809,10912.534,0.000,0.000,0.000,0.000,0.000,0.000,1.000,1.000,0.000,41.118,41.300,0.904,54.864,5.000,100.0,47.0,32.30769348144531,-14.0
388.525,12:59:39.495,498.438,22.688,11308.708,0.000,0.000,0.000,0.000,0.000,0.000,1.000,1.000,0.000,41.919,42.100,0.925,54.946,5.000,100.0,47.0,32.30769348144531,-14.0
388.670,12:59:39.560,498.438,22.688,11308.708,0.000,0.000,0.000,0.000,0.000,0.000,1.000,1.000,0.000,41.919,42.100,0.925,54.946,5.000,100.0,47.0,32.30769348144531,-14.0
388.734,12:59:39.624,495.912,23.853,11829.181,0.000,0.000,0.000,0.000,0.000,0.000,1.000,1.000,0.000,41.919,42.100,0.925,54.946,5.000,100.0,47.0,32.30769348144531,-14.0
388.797,12:59:39.767,495.912,23.853,11829.181,0.000,0.000,0.000,0.000,0.000,0.000,1.000,1.000,0.000,42.718,42.900,0.940,54.897,5.000,100.0,47.0,32.30769348144531,-14.0
388.942,12:59:39.832,495.912,23.853,11829.181,0.000,0.000,0.000,0.000,0.000,0.000,1.000,1.000,0.000,42.718,42.900,0.940,54.897,5.000,100.0,47.0,32.30769348144531,-14.0
389.005,12:59:39.896,495.912,23.853,11829.181,0.000,0.000,0.000,0.000,0.000,0.000,1.000,1.000,0.000,42.718,42.900,0.940,54.897,5.000,100.0,47.0,32.30769348144531,-14.0
389.069,12:59:40.040,495.912,23.853,11829.181,0.000,0.000,0.000,0.000,0.000,0.000,1.000,1.000,0.000,43.519,43.700,0.940,54.927,5.000,100.0,47.0,32.30769348144531,-14.0
389.213,12:59:40.103,493.120,25.102,12378.441,0.000,0.000,0.000,0.000,0.000,0.000,1.000,1.000,0.000,43.519,43.700,0.940,54.927,5.000,100.0,47.0,32.30769348144531,-14.0
389.277,12:59:40.360,493.120,25.102,12378.441,0.000,0.000,0.000,0.000,0.000,0.000,1.000,1.000,0.000,43.519,43.700,0.940,54.927,5.000,100.0,47.0,-34.512821197509766,1.8974359035491943
389.533,12:59:40.503,490.327,26.304,12897.604,0.000,0.000,0.000,0.000,0.000,0.000,1.000,1.000,0.000,44.318,44.500,0.940,54.995,5.000,100.0,47.0,-34.512821197509766,1.8974359035491943
389.676,12:59:40.567,490.327,26.304,12897.604,0.000,0.000,0.000,0.000,0.000,0.000,1.000,1.000,0.000,44.318,44.500,0.940,54.995,5.000,100.0,47.0,-34.512821197509766,1.8974359035491943
389.740,12:59:40.631,490.327,26.304,12897.604,0.000,0.000,0.000,0.000,0.000,0.000,1.000,1.000,0.000,44.318,44.500,0.940,54.995,5.000,100.0,47.0,-34.512821197509766,1.8974359035491943
389.805,12:59:40.775,490.327,26.304,12897.604,0.000,0.000,0.000,0.000,0.000,0.000,1.000,1.000,0.000,44.318,44.500,0.940,54.995,5.000,100.0,47.0,-34.512821197509766,1.8974359035491943
389.949,12:59:40.840,486.831,27.737,13503.013,0.000,0.000,0.000,0.000,0.000,0.000,1.000,1.000,0.000,44.318,44.500,0.940,54.995,5.000,100.0,47.0,-34.512821197509766,1.8974359035491943
390.013,12:59:40.904,486.831,27.737,13503.013,0.000,0.000,0.000,0.000,0.000,0.000,1.000,1.000,0.000,44.318,44.500,0.940,54.995,5.000,100.0,47.0,-34.512821197509766,1.8974359035491943
390.076,12:59:41.048,486.831,27.737,13503.013,0.000,0.000,0.000,0.000,0.000,0.000,1.000,1.000,0.000,45.119,45.300,0.940,55.067,5.000,100.0,47.0,-34.512821197509766,1.8974359035491943
390.221,12:59:41.111,486.831,27.737,13503.013,0.000,0.000,0.000,0.000,0.000,0.000,1.000,1.000,0.000,45.119,45.300,0.940,55.067,5.000,100.0,47.0,-34.512821197509766,1.8974359035491943
390.285,12:59:41.367,486.831,27.737,13503.013,0.000,0.000,0.000,0.000,0.000,0.000,1.000,1.000,0.000,45.119,45.300,0.940,55.067,5.000,100.0,47.0,12.410256385803223,32.46154022216797
390.541,12:59:41.510,483.185,29.153,14086.402,0.000,0.000,0.000,0.000,0.000,0.000,1.000,1.000,0.000,45.919,46.100,0.940,55.211,5.000,100.0,47.0,12.410256385803223,32.46154022216797
390.685,12:59:41.575,483.185,29.153,14086.402,0.000,0.000,0.000,0.000,0.000,0.000,1.000,1.000,0.000,45.919,46.100,0.940,55.211,5.000,100.0,47.0,12.410256385803223,32.46154022216797
390.748,12:59:41.639,478.927,30.679,14692.822,0.000,0.000,0.000,0.000,0.000,0.000,1.000,1.000,0.000,45.919,46.100,0.940,55.211,5.000,100.0,47.0,12.410256385803223,32.46154022216797
390.813,12:59:41.782,478.927,30.679,14692.822,0.000,0.000,0.000,0.000,0.000,0.000,1.000,1.000,0.000,46.718,46.900,0.940,55.390,5.000,100.0,47.0,12.410256385803223,32.46154022216797
390.956,12:59:41.847,478.927,30.679,14692.822,0.000,0.000,0.000,0.000,0.000,0.000,1.000,1.000,0.000,46.718,46.900,0.940,55.390,5.000,100.0,47.0,12.410256385803223,32.46154022216797
