t_s,clock,VDC,IDC,PDC,VG_A,VG_B,VG_C,IINV_A,IINV_B,IINV_C,STS,MODE,FAULT_FLAGS,FREQ,SET_FREQ,MOD_IDX,TEMP,STOP_REASON,FAULT_UV_CNT,FAULT_OC_CNT,IU_INST,IW_INST
0.112,12:12:58.513,15.979,0.348,5.568,0.000,0.000,0.000,0.079,0.087,0.127,5.000,1.000,0.000,5.000,5.000,0.200,32.993,5.000,98.0,47.0,-0.05128205195069313,-0.05128205195069313
0.416,12:12:58.625,15.968,0.414,6.609,0.000,0.000,0.000,0.081,0.089,0.131,5.000,1.000,0.000,5.000,5.000,0.200,32.993,5.000,98.0,47.0,-0.05128205195069313,-0.05128205195069313
0.527,12:12:58.737,15.968,0.414,6.609,0.000,0.000,0.000,0.081,0.089,0.131,5.000,1.000,0.000,5.000,5.000,0.200,32.993,5.000,98.0,47.0,-0.05128205195069313,-0.05128205195069313
0.638,12:12:58.848,15.955,0.421,6.722,0.000,0.000,0.000,0.079,0.087,0.128,5.000,1.000,0.000,5.000,5.000,0.200,32.991,5.000,98.0,47.0,-0.05128205195069313,-0.05128205195069313
0.751,12:12:58.961,15.955,0.421,6.722,0.000,0.000,0.000,0.079,0.087,0.128,5.000,1.000,0.000,5.000,5.000,0.200,32.991,5.000,98.0,47.0,-0.05128205195069313,-0.05128205195069313
0.864,12:12:59.073,15.955,0.421,6.722,0.000,0.000,0.000,0.079,0.087,0.128,5.000,1.000,0.000,5.000,5.000,0.200,32.991,5.000,98.0,47.0,-0.05128205195069313,-0.05128205195069313
0.976,12:12:59.185,15.955,0.421,6.722,0.000,0.000,0.000,0.079,0.087,0.128,5.000,1.000,0.000,5.000,5.000,0.200,32.991,5.000,98.0,47.0,-0.05128205195069313,-0.05128205195069313
1.086,12:12:59.296,15.965,0.421,6.716,0.000,0.000,0.000,0.079,0.088,0.127,5.000,1.000,0.000,5.000,5.000,0.200,32.994,5.000,98.0,47.0,-0.05128205195069313,-0.05128205195069313
1.198,12:12:59.601,15.965,0.421,6.716,0.000,0.000,0.000,0.079,0.088,0.127,5.000,1.000,0.000,5.000,5.000,0.200,32.994,5.000,98.0,47.0,0.0,-0.05128205195069313
1.503,12:12:59.712,15.948,0.379,6.045,0.000,0.000,0.000,0.078,0.088,0.126,5.000,1.000,0.000,5.000,5.000,0.200,32.989,5.000,98.0,47.0,0.0,-0.05128205195069313
1.615,12:12:59.825,15.948,0.379,6.045,0.000,0.000,0.000,0.078,0.088,0.126,5.000,1.000,0.000,5.000,5.000,0.200,32.989,5.000,98.0,47.0,0.0,-0.05128205195069313
1.726,12:12:59.935,15.948,0.379,6.045,0.000,0.000,0.000,0.078,0.088,0.126,5.000,1.000,0.000,5.000,5.000,0.200,32.989,5.000,98.0,47.0,0.0,-0.05128205195069313
1.838,12:13:00.047,15.967,0.420,6.712,0.000,0.000,0.000,0.078,0.090,0.130,5.000,1.000,0.000,5.000,5.000,0.200,32.993,5.000,98.0,47.0,0.0,-0.05128205195069313
1.951,12:13:00.160,15.967,0.420,6.712,0.000,0.000,0.000,0.078,0.090,0.130,5.000,1.000,0.000,5.000,5.000,0.200,32.993,5.000,98.0,47.0,0.0,-0.05128205195069313
2.063,12:13:00.272,15.967,0.420,6.712,0.000,0.000,0.000,0.078,0.090,0.130,5.000,1.000,0.000,5.000,5.000,0.200,32.993,5.000,98.0,47.0,0.0,-0.05128205195069313
2.173,12:13:00.383,15.967,0.420,6.712,0.000,0.000,0.000,0.078,0.090,0.130,5.000,1.000,0.000,5.000,5.000,0.200,32.993,5.000,98.0,47.0,0.0,-0.05128205195069313
2.286,12:13:00.687,15.970,0.423,6.755,0.000,0.000,0.000,0.076,0.090,0.127,5.000,1.000,0.000,5.000,5.000,0.200,32.990,5.000,98.0,47.0,-0.10256410390138626,-0.05128205195069313
2.590,12:13:00.800,15.970,0.423,6.755,0.000,0.000,0.000,0.076,0.090,0.127,5.000,1.000,0.000,5.000,5.000,0.200,32.990,5.000,98.0,47.0,-0.10256410390138626,-0.05128205195069313
2.702,12:13:00.912,15.983,0.379,6.054,0.000,0.000,0.000,0.077,0.088,0.127,5.000,1.000,0.000,5.000,5.000,0.200,32.990,5.000,98.0,47.0,-0.10256410390138626,-0.05128205195069313
2.814,12:13:01.023,15.983,0.379,6.054,0.000,0.000,0.000,0.077,0.088,0.127,5.000,1.000,0.000,5.000,5.000,0.200,32.990,5.000,98.0,47.0,-0.10256410390138626,-0.05128205195069313
2.925,12:13:01.135,15.983,0.379,6.054,0.000,0.000,0.000,0.077,0.088,0.127,5.000,1.000,0.000,5.000,5.000,0.200,32.990,5.000,98.0,47.0,-0.10256410390138626,-0.05128205195069313
3.037,12:13:01.247,15.993,0.432,6.916,0.000,0.000,0.000,0.073,0.088,0.122,5.000,1.000,0.000,5.000,5.000,0.200,32.984,5.000,98.0,47.0,-0.10256410390138626,-0.05128205195069313
3.149,12:13:01.359,15.993,0.432,6.916,0.000,0.000,0.000,0.073,0.088,0.122,5.000,1.000,0.000,5.000,5.000,0.200,32.984,5.000,98.0,47.0,-0.10256410390138626,-0.05128205195069313
3.261,12:13:01.471,15.993,0.432,6.916,0.000,0.000,0.000,0.073,0.088,0.122,5.000,1.000,0.000,5.000,5.000,0.200,32.984,5.000,98.0,47.0,-0.10256410390138626,-0.05128205195069313
3.373,12:13:01.774,15.993,0.432,6.916,0.000,0.000,0.000,0.073,0.088,0.122,5.000,1.000,0.000,5.000,5.000,0.200,32.984,5.000,98.0,47.0,0.05128205195069313,-0.05128205195069313
3.677,12:13:01.886,15.980,0.397,6.351,0.000,0.000,0.000,0.079,0.085,0.126,5.000,1.000,0.000,5.000,5.000,0.200,32.988,5.000,98.0,47.0,0.05128205195069313,-0.05128205195069313
3.789,12:13:01.998,15.980,0.397,6.351,0.000,0.000,0.000,0.079,0.085,0.126,5.000,1.000,0.000,5.000,5.000,0.200,32.988,5.000,98.0,47.0,0.05128205195069313,-0.05128205195069313
3.901,12:13:02.111,15.985,0.384,6.136,0.000,0.000,0.000,0.082,0.083,0.127,5.000,1.000,0.000,5.000,5.000,0.200,32.990,5.000,98.0,47.0,0.05128205195069313,-0.05128205195069313
4.013,12:13:02.223,15.985,0.384,6.136,0.000,0.000,0.000,0.082,0.083,0.127,5.000,1.000,0.000,5.000,5.000,0.200,32.990,5.000,98.0,47.0,0.05128205195069313,-0.05128205195069313
4.124,12:13:02.334,15.985,0.384,6.136,0.000,0.000,0.000,0.082,0.083,0.127,5.000,1.000,0.000,5.000,5.000,0.200,32.990,5.000,98.0,47.0,0.05128205195069313,-0.05128205195069313
4.236,12:13:02.446,15.978,0.434,6.935,0.000,0.000,0.000,0.074,0.089,0.124,5.000,1.000,0.000,5.000,5.000,0.200,32.991,5.000,98.0,47.0,0.05128205195069313,-0.05128205195069313
4.349,12:13:02.559,15.978,0.434,6.935,0.000,0.000,0.000,0.074,0.089,0.124,5.000,1.000,0.000,5.000,5.000,0.200,32.991,5.000,98.0,47.0,0.05128205195069313,-0.05128205195069313
4.460,12:13:02.861,15.978,0.434,6.935,0.000,0.000,0.000,0.074,0.089,0.124,5.000,1.000,0.000,5.000,5.000,0.200,32.991,5.000,98.0,47.0,-0.05128205195069313,-0.05128205195069313
4.765,12:13:02.975,15.975,0.406,6.479,0.000,0.000,0.000,0.076,0.088,0.126,5.000,1.000,0.000,5.000,5.000,0.200,32.984,5.000,98.0,47.0,-0.05128205195069313,-0.05128205195069313
4.877,12:13:03.086,15.975,0.406,6.479,0.000,0.000,0.000,0.076,0.088,0.126,5.000,1.000,0.000,5.000,5.000,0.200,32.984,5.000,98.0,47.0,-0.05128205195069313,-0.05128205195069313
4.989,12:13:03.198,15.975,0.406,6.479,0.000,0.000,0.000,0.076,0.088,0.126,5.000,1.000,0.000,5.000,5.000,0.200,32.984,5.000,98.0,47.0,-0.05128205195069313,-0.05128205195069313
5.101,12:13:03.310,15.990,0.412,6.594,0.000,0.000,0.000,0.072,0.086,0.118,5.000,1.000,0.000,5.000,5.000,0.200,32.986,5.000,98.0,47.0,-0.05128205195069313,-0.05128205195069313
5.213,12:13:03.423,15.990,0.412,6.594,0.000,0.000,0.000,0.072,0.086,0.118,5.000,1.000,0.000,5.000,5.000,0.200,32.986,5.000,98.0,47.0,-0.05128205195069313,-0.05128205195069313
5.324,12:13:03.534,15.990,0.412,6.594,0.000,0.000,0.000,0.072,0.086,0.118,5.000,1.000,0.000,5.000,5.000,0.200,32.986,5.000,98.0,47.0,-0.05128205195069313,-0.05128205195069313
5.437,12:13:03.647,15.990,0.412,6.594,0.000,0.000,0.000,0.072,0.086,0.118,5.000,1.000,0.000,5.000,5.000,0.200,32.986,5.000,98.0,47.0,-0.05128205195069313,-0.05128205195069313
5.548,12:13:03.949,15.965,0.455,7.262,0.000,0.000,0.000,0.075,0.086,0.121,5.000,1.000,0.000,5.000,5.000,0.200,32.987,5.000,98.0,47.0,-0.05128205195069313,-0.05128205195069313
5.852,12:13:04.061,15.985,0.380,6.075,0.000,0.000,0.000,0.075,0.083,0.118,5.000,1.000,0.000,5.000,5.000,0.200,32.985,5.000,98.0,47.0,-0.05128205195069313,-0.05128205195069313
5.963,12:13:04.173,15.985,0.380,6.075,0.000,0.000,0.000,0.075,0.083,0.118,5.000,1.000,0.000,5.000,5.000,0.200,32.985,5.000,98.0,47.0,-0.05128205195069313,-0.05128205195069313
6.076,12:13:04.286,15.985,0.380,6.075,0.000,0.000,0.000,0.075,0.083,0.118,5.000,1.000,0.000,5.000,5.000,0.200,32.985,5.000,98.0,47.0,-0.05128205195069313,-0.05128205195069313
6.188,12:13:04.398,15.985,0.380,6.075,0.000,0.000,0.000,0.075,0.083,0.118,5.000,1.000,0.000,5.000,5.000,0.200,32.985,5.000,98.0,47.0,-0.05128205195069313,-0.05128205195069313
6.300,12:13:04.509,15.973,0.421,6.731,0.000,0.000,0.000,0.073,0.083,0.116,5.000,1.000,0.000,5.000,5.000,0.200,32.981,5.000,98.0,47.0,-0.05128205195069313,-0.05128205195069313
6.411,12:13:04.621,15.973,0.421,6.731,0.000,0.000,0.000,0.073,0.083,0.116,5.000,1.000,0.000,5.000,5.000,0.200,32.981,5.000,98.0,47.0,-0.05128205195069313,-0.05128205195069313
6.523,12:13:04.733,15.973,0.421,6.731,0.000,0.000,0.000,0.073,0.083,0.116,5.000,1.000,0.000,5.000,5.000,0.200,32.981,5.000,98.0,47.0,-0.05128205195069313,-0.05128205195069313
6.636,12:13:05.037,15.973,0.421,6.731,0.000,0.000,0.000,0.073,0.083,0.116,5.000,1.000,0.000,5.000,5.000,0.200,32.981,5.000,98.0,47.0,-0.10256410390138626,-0.10256410390138626
6.939,12:13:05.149,15.977,0.439,7.013,0.000,0.000,0.000,0.071,0.084,0.114,5.000,1.000,0.000,5.000,5.000,0.200,32.987,5.000,98.0,47.0,-0.10256410390138626,-0.10256410390138626
7.051,12:13:05.261,15.977,0.439,7.013,0.000,0.000,0.000,0.071,0.084,0.114,5.000,1.000,0.000,5.000,5.000,0.200,32.987,5.000,98.0,47.0,-0.10256410390138626,-0.10256410390138626
7.164,12:13:05.373,15.972,0.445,7.115,0.000,0.000,0.000,0.074,0.083,0.117,5.000,1.000,0.000,5.000,5.000,0.200,32.984,5.000,98.0,47.0,-0.10256410390138626,-0.10256410390138626
7.274,12:13:05.484,15.972,0.445,7.115,0.000,0.000,0.000,0.074,0.083,0.117,5.000,1.000,0.000,5.000,5.000,0.200,32.984,5.000,98.0,47.0,-0.10256410390138626,-0.10256410390138626
7.387,12:13:05.597,15.972,0.445,7.115,0.000,0.000,0.000,0.074,0.083,0.117,5.000,1.000,0.000,5.000,5.000,0.200,32.984,5.000,98.0,47.0,-0.10256410390138626,-0.10256410390138626
7.499,12:13:05.709,15.980,0.414,6.620,0.000,0.000,0.000,0.075,0.083,0.120,5.000,1.000,0.000,5.000,5.000,0.200,32.984,5.000,98.0,47.0,-0.10256410390138626,-0.10256410390138626
7.611,12:13:05.821,15.980,0.414,6.620,0.000,0.000,0.000,0.075,0.083,0.120,5.000,1.000,0.000,5.000,5.000,0.200,32.984,5.000,98.0,47.0,-0.10256410390138626,-0.10256410390138626
7.722,12:13:06.124,15.980,0.414,6.620,0.000,0.000,0.000,0.075,0.083,0.120,5.000,1.000,0.000,5.000,5.000,0.200,32.984,5.000,98.0,47.0,-0.05128205195069313,-0.05128205195069313
8.028,12:13:06.237,15.979,0.435,6.953,0.000,0.000,0.000,0.071,0.085,0.114,5.000,1.000,0.000,5.000,5.000,0.200,32.979,5.000,98.0,47.0,-0.05128205195069313,-0.05128205195069313
8.139,12:13:06.348,15.979,0.435,6.953,0.000,0.000,0.000,0.071,0.085,0.114,5.000,1.000,0.000,5.000,5.000,0.200,32.979,5.000,98.0,47.0,-0.05128205195069313,-0.05128205195069313
8.250,12:13:06.459,15.979,0.435,6.953,0.000,0.000,0.000,0.071,0.085,0.114,5.000,1.000,0.000,5.000,5.000,0.200,32.979,5.000,98.0,47.0,-0.05128205195069313,-0.05128205195069313
8.362,12:13:06.571,15.977,0.429,6.859,0.000,0.000,0.000,0.073,0.088,0.123,5.000,1.000,0.000,5.000,5.000,0.200,32.984,5.000,98.0,47.0,-0.05128205195069313,-0.05128205195069313
8.474,12:13:06.683,15.977,0.429,6.859,0.000,0.000,0.000,0.073,0.088,0.123,5.000,1.000,0.000,5.000,5.000,0.200,32.984,5.000,98.0,47.0,-0.05128205195069313,-0.05128205195069313
8.586,12:13:06.795,15.977,0.429,6.859,0.000,0.000,0.000,0.073,0.088,0.123,5.000,1.000,0.000,5.000,5.000,0.200,32.984,5.000,98.0,47.0,-0.05128205195069313,-0.05128205195069313
8.698,12:13:06.908,15.977,0.398,6.364,0.000,0.000,0.000,0.073,0.078,0.110,5.000,1.000,0.000,5.000,5.000,0.200,32.982,5.000,98.0,47.0,-0.05128205195069313,-0.05128205195069313
8.809,12:13:07.211,15.977,0.398,6.364,0.000,0.000,0.000,0.073,0.078,0.110,5.000,1.000,0.000,5.000,5.000,0.200,32.982,5.000,98.0,47.0,-0.05128205195069313,-0.10256410390138626
9.114,12:13:07.324,15.976,0.385,6.144,0.000,0.000,0.000,0.072,0.087,0.119,5.000,1.000,0.000,5.000,5.000,0.200,32.979,5.000,98.0,47.0,-0.05128205195069313,-0.10256410390138626
9.226,12:13:07.436,15.976,0.385,6.144,0.000,0.000,0.000,0.072,0.087,0.119,5.000,1.000,0.000,5.000,5.000,0.200,32.979,5.000,98.0,47.0,-0.05128205195069313,-0.10256410390138626
9.337,12:13:07.546,15.976,0.385,6.144,0.000,0.000,0.000,0.072,0.087,0.119,5.000,1.000,0.000,5.000,5.000,0.200,32.979,5.000,98.0,47.0,-0.05128205195069313,-0.10256410390138626
9.450,12:13:07.660,15.976,0.385,6.144,0.000,0.000,0.000,0.072,0.087,0.119,5.000,1.000,0.000,5.000,5.000,0.200,32.979,5.000,98.0,47.0,-0.05128205195069313,-0.10256410390138626
9.562,12:13:07.771,15.972,0.442,7.057,0.000,0.000,0.000,0.074,0.081,0.115,5.000,1.000,0.000,5.000,5.000,0.200,32.982,5.000,98.0,47.0,-0.05128205195069313,-0.10256410390138626
9.673,12:13:07.883,15.972,0.442,7.057,0.000,0.000,0.000,0.074,0.081,0.115,5.000,1.000,0.000,5.000,5.000,0.200,32.982,5.000,98.0,47.0,-0.05128205195069313,-0.10256410390138626
9.786,12:13:07.995,15.972,0.442,7.057,0.000,0.000,0.000,0.074,0.081,0.115,5.000,1.000,0.000,5.000,5.000,0.200,32.982,5.000,98.0,47.0,-0.05128205195069313,-0.10256410390138626
9.898,12:13:08.298,15.972,0.442,7.057,0.000,0.000,0.000,0.074,0.081,0.115,5.000,1.000,0.000,5.000,5.000,0.200,32.982,5.000,98.0,47.0,-0.05128205195069313,-0.05128205195069313
10.201,12:13:08.411,15.966,0.418,6.680,0.000,0.000,0.000,0.072,0.084,0.115,5.000,1.000,0.000,5.000,5.000,0.200,32.978,5.000,98.0,47.0,-0.05128205195069313,-0.05128205195069313
10.313,12:13:08.523,15.977,0.427,6.817,0.000,0.000,0.000,0.078,0.084,0.122,5.000,1.000,0.000,5.000,5.000,0.200,32.976,5.000,98.0,47.0,-0.05128205195069313,-0.05128205195069313
10.425,12:13:08.634,15.977,0.427,6.817,0.000,0.000,0.000,0.078,0.084,0.122,5.000,1.000,0.000,5.000,5.000,0.200,32.976,5.000,98.0,47.0,-0.05128205195069313,-0.05128205195069313
10.537,12:13:08.747,15.977,0.427,6.817,0.000,0.000,0.000,0.078,0.084,0.122,5.000,1.000,0.000,5.000,5.000,0.200,32.976,5.000,98.0,47.0,-0.05128205195069313,-0.05128205195069313
10.649,12:13:08.859,15.977,0.427,6.817,0.000,0.000,0.000,0.078,0.084,0.122,5.000,1.000,0.000,5.000,5.000,0.200,32.976,5.000,98.0,47.0,-0.05128205195069313,-0.05128205195069313
10.761,12:13:08.971,15.974,0.431,6.880,0.000,0.000,0.000,0.077,0.084,0.121,5.000,1.000,0.000,5.000,5.000,0.200,32.972,5.000,98.0,47.0,-0.05128205195069313,-0.05128205195069313
10.872,12:13:09.082,15.974,0.431,6.880,0.000,0.000,0.000,0.077,0.084,0.121,5.000,1.000,0.000,5.000,5.000,0.200,32.972,5.000,98.0,47.0,-0.05128205195069313,-0.05128205195069313
10.985,12:13:09.386,15.974,0.431,6.880,0.000,0.000,0.000,0.077,0.084,0.121,5.000,1.000,0.000,5.000,5.000,0.200,32.972,5.000,98.0,47.0,-0.05128205195069313,-0.05128205195069313
11.288,12:13:09.497,15.963,0.401,6.407,0.000,0.000,0.000,0.073,0.079,0.111,5.000,1.000,0.000,5.000,5.000,0.200,32.981,5.000,98.0,47.0,-0.05128205195069313,-0.05128205195069313
11.400,12:13:09.610,15.963,0.401,6.407,0.000,0.000,0.000,0.073,0.079,0.111,5.000,1.000,0.000,5.000,5.000,0.200,32.981,5.000,98.0,47.0,-0.05128205195069313,-0.05128205195069313
11.512,12:13:09.722,15.963,0.401,6.407,0.000,0.000,0.000,0.073,0.079,0.111,5.000,1.000,0.000,5.000,5.000,0.200,32.981,5.000,98.0,47.0,-0.05128205195069313,-0.05128205195069313
11.624,12:13:09.833,15.967,0.396,6.315,0.000,0.000,0.000,0.075,0.076,0.110,5.000,1.000,0.000,5.000,5.000,0.200,32.977,5.000,98.0,47.0,-0.05128205195069313,-0.05128205195069313
11.737,12:13:09.946,15.967,0.396,6.315,0.000,0.000,0.000,0.075,0.076,0.110,5.000,1.000,0.000,5.000,5.000,0.200,32.977,5.000,98.0,47.0,-0.05128205195069313,-0.05128205195069313
11.848,12:13:10.058,15.967,0.396,6.315,0.000,0.000,0.000,0.075,0.076,0.110,5.000,1.000,0.000,5.000,5.000,0.200,32.977,5.000,98.0,47.0,-0.05128205195069313,-0.05128205195069313
11.960,12:13:10.169,15.950,0.449,7.155,0.000,0.000,0.000,0.084,0.099,0.147,5.000,1.000,0.000,5.000,5.000,0.200,32.972,5.000,98.0,47.0,-0.05128205195069313,-0.05128205195069313
12.072,12:13:10.474,15.950,0.449,7.155,0.000,0.000,0.000,0.084,0.099,0.147,5.000,1.000,0.000,5.000,5.000,0.200,32.972,5.000,98.0,47.0,-0.10256410390138626,-0.10256410390138626
12.375,12:13:10.585,15.957,0.379,6.040,0.000,0.000,0.000,0.088,0.096,0.148,5.000,1.000,0.000,5.000,5.000,0.200,32.987,5.000,98.0,47.0,-0.10256410390138626,-0.10256410390138626
12.487,12:13:10.697,15.957,0.379,6.040,0.000,0.000,0.000,0.088,0.096,0.148,5.000,1.000,0.000,5.000,5.000,0.200,32.987,5.000,98.0,47.0,-0.10256410390138626,-0.10256410390138626
12.599,12:13:10.808,15.957,0.379,6.040,0.000,0.000,0.000,0.088,0.096,0.148,5.000,1.000,0.000,5.000,5.000,0.200,32.987,5.000,98.0,47.0,-0.10256410390138626,-0.10256410390138626
12.712,12:13:10.922,15.957,0.379,6.040,0.000,0.000,0.000,0.088,0.096,0.148,5.000,1.000,0.000,5.000,5.000,0.200,32.987,5.000,98.0,47.0,-0.10256410390138626,-0.10256410390138626
12.824,12:13:11.034,15.945,0.424,6.760,0.000,0.000,0.000,0.086,0.096,0.145,5.000,1.000,0.000,5.000,5.000,0.200,32.982,5.000,98.0,47.0,-0.10256410390138626,-0.10256410390138626
12.935,12:13:11.145,15.945,0.424,6.760,0.000,0.000,0.000,0.086,0.096,0.145,5.000,1.000,0.000,5.000,5.000,0.200,32.982,5.000,98.0,47.0,-0.10256410390138626,-0.10256410390138626
13.048,12:13:11.258,15.945,0.424,6.760,0.000,0.000,0.000,0.086,0.096,0.145,5.000,1.000,0.000,5.000,5.000,0.200,32.982,5.000,98.0,47.0,-0.10256410390138626,-0.10256410390138626
13.159,12:13:11.560,15.964,0.442,7.048,0.000,0.000,0.000,0.089,0.099,0.152,5.000,1.000,0.000,5.000,5.000,0.200,32.982,5.000,98.0,47.0,-0.1538461595773697,-0.05128205195069313
13.464,12:13:11.673,15.964,0.442,7.048,0.000,0.000,0.000,0.089,0.099,0.152,5.000,1.000,0.000,5.000,5.000,0.200,32.982,5.000,98.0,47.0,-0.1538461595773697,-0.05128205195069313
13.575,12:13:11.785,15.981,0.439,7.016,0.000,0.000,0.000,0.087,0.093,0.143,5.000,1.000,0.000,5.000,5.000,0.200,32.981,5.000,98.0,47.0,-0.1538461595773697,-0.05128205195069313
13.687,12:13:11.896,15.981,0.439,7.016,0.000,0.000,0.000,0.087,0.093,0.143,5.000,1.000,0.000,5.000,5.000,0.200,32.981,5.000,98.0,47.0,-0.1538461595773697,-0.05128205195069313
13.799,12:13:12.008,15.981,0.439,7.016,0.000,0.000,0.000,0.087,0.093,0.143,5.000,1.000,0.000,5.000,5.000,0.200,32.981,5.000,98.0,47.0,-0.1538461595773697,-0.05128205195069313
13.912,12:13:12.121,15.981,0.439,7.016,0.000,0.000,0.000,0.087,0.093,0.143,5.000,1.000,0.000,5.000,5.000,0.200,32.981,5.000,98.0,47.0,-0.1538461595773697,-0.05128205195069313
14.023,12:13:12.232,15.948,0.411,6.551,0.000,0.000,0.000,0.083,0.093,0.137,5.000,1.000,0.000,5.000,5.000,0.200,32.980,5.000,98.0,47.0,-0.1538461595773697,-0.05128205195069313
14.135,12:13:12.345,15.948,0.411,6.551,0.000,0.000,0.000,0.083,0.093,0.137,5.000,1.000,0.000,5.000,5.000,0.200,32.980,5.000,98.0,47.0,-0.1538461595773697,-0.05128205195069313
14.246,12:13:12.647,15.948,0.411,6.551,0.000,0.000,0.000,0.083,0.093,0.137,5.000,1.000,0.000,5.000,5.000,0.200,32.980,5.000,98.0,47.0,-0.10256410390138626,-0.10256410390138626
14.551,12:13:12.760,15.932,0.443,7.052,0.000,0.000,0.000,0.081,0.095,0.140,5.000,1.000,0.000,5.000,5.000,0.200,32.982,5.000,98.0,47.0,-0.10256410390138626,-0.10256410390138626
14.663,12:13:12.872,15.932,0.443,7.052,0.000,0.000,0.000,0.081,0.095,0.140,5.000,1.000,0.000,5.000,5.000,0.200,32.982,5.000,98.0,47.0,-0.10256410390138626,-0.10256410390138626
14.774,12:13:12.984,15.941,0.438,6.976,0.000,0.000,0.000,0.081,0.096,0.139,5.000,1.000,0.000,5.000,5.000,0.200,32.980,5.000,98.0,47.0,-0.10256410390138626,-0.10256410390138626
14.886,12:13:13.095,15.941,0.438,6.976,0.000,0.000,0.000,0.081,0.096,0.139,5.000,1.000,0.000,5.000,5.000,0.200,32.980,5.000,98.0,47.0,-0.10256410390138626,-0.10256410390138626
14.999,12:13:13.208,15.941,0.438,6.976,0.000,0.000,0.000,0.081,0.096,0.139,5.000,1.000,0.000,5.000,5.000,0.200,32.980,5.000,98.0,47.0,-0.10256410390138626,-0.10256410390138626
15.111,12:13:13.320,15.941,0.438,6.976,0.000,0.000,0.000,0.081,0.096,0.139,5.000,1.000,0.000,5.000,5.000,0.200,32.980,5.000,98.0,47.0,-0.10256410390138626,-0.10256410390138626
15.222,12:13:13.431,15.955,0.422,6.740,0.000,0.000,0.000,0.080,0.098,0.141,5.000,1.000,0.000,5.000,5.000,0.200,32.981,5.000,98.0,47.0,-0.10256410390138626,-0.10256410390138626
15.335,12:13:13.735,15.955,0.422,6.740,0.000,0.000,0.000,0.080,0.098,0.141,5.000,1.000,0.000,5.000,5.000,0.200,32.981,5.000,98.0,47.0,-0.05128205195069313,-0.05128205195069313
15.637,12:13:13.847,15.937,0.379,6.038,0.000,0.000,0.000,0.083,0.099,0.144,5.000,1.000,0.000,5.000,5.000,0.200,32.980,5.000,98.0,47.0,-0.05128205195069313,-0.05128205195069313
15.750,12:13:13.959,15.937,0.379,6.038,0.000,0.000,0.000,0.083,0.099,0.144,5.000,1.000,0.000,5.000,5.000,0.200,32.980,5.000,98.0,47.0,-0.05128205195069313,-0.05128205195069313
15.862,12:13:14.071,15.937,0.379,6.038,0.000,0.000,0.000,0.083,0.099,0.144,5.000,1.000,0.000,5.000,5.000,0.200,32.980,5.000,98.0,47.0,-0.05128205195069313,-0.05128205195069313
15.973,12:13:14.183,15.937,0.379,6.038,0.000,0.000,0.000,0.083,0.099,0.144,5.000,1.000,0.000,5.000,5.000,0.200,32.980,5.000,98.0,47.0,-0.05128205195069313,-0.05128205195069313
16.086,12:13:14.295,15.945,0.443,7.061,0.000,0.000,0.000,0.081,0.097,0.140,5.000,1.000,0.000,5.000,5.000,0.200,32.983,5.000,98.0,47.0,-0.05128205195069313,-0.05128205195069313
16.197,12:13:14.407,15.945,0.443,7.061,0.000,0.000,0.000,0.081,0.097,0.140,5.000,1.000,0.000,5.000,5.000,0.200,32.983,5.000,98.0,47.0,-0.05128205195069313,-0.05128205195069313
16.310,12:13:14.519,15.945,0.443,7.061,0.000,0.000,0.000,0.081,0.097,0.140,5.000,1.000,0.000,5.000,5.000,0.200,32.983,5.000,98.0,47.0,-0.05128205195069313,-0.05128205195069313
16.421,12:13:14.822,15.941,0.407,6.485,0.000,0.000,0.000,0.082,0.096,0.141,5.000,1.000,0.000,5.000,5.000,0.200,32.975,5.000,98.0,47.0,-0.05128205195069313,-0.05128205195069313
16.724,12:13:14.934,15.941,0.407,6.485,0.000,0.000,0.000,0.082,0.096,0.141,5.000,1.000,0.000,5.000,5.000,0.200,32.975,5.000,98.0,47.0,-0.05128205195069313,-0.05128205195069313
16.837,12:13:15.046,15.953,0.410,6.548,0.000,0.000,0.000,0.085,0.094,0.143,5.000,1.000,0.000,5.000,5.000,0.200,32.981,5.000,98.0,47.0,-0.05128205195069313,-0.05128205195069313
16.949,12:13:15.159,15.953,0.410,6.548,0.000,0.000,0.000,0.085,0.094,0.143,5.000,1.000,0.000,5.000,5.000,0.200,32.981,5.000,98.0,47.0,-0.05128205195069313,-0.05128205195069313
17.061,12:13:15.271,15.953,0.410,6.548,0.000,0.000,0.000,0.085,0.094,0.143,5.000,1.000,0.000,5.000,5.000,0.200,32.981,5.000,98.0,47.0,-0.05128205195069313,-0.05128205195069313
17.173,12:13:15.383,15.953,0.410,6.548,0.000,0.000,0.000,0.085,0.094,0.143,5.000,1.000,0.000,5.000,5.000,0.200,32.981,5.000,98.0,47.0,-0.05128205195069313,-0.05128205195069313
17.285,12:13:15.494,15.967,0.415,6.628,0.000,0.000,0.000,0.081,0.098,0.141,5.000,1.000,0.000,5.000,5.000,0.200,32.977,5.000,98.0,47.0,-0.05128205195069313,-0.05128205195069313
17.397,12:13:15.606,15.967,0.415,6.628,0.000,0.000,0.000,0.081,0.098,0.141,5.000,1.000,0.000,5.000,5.000,0.200,32.977,5.000,98.0,47.0,-0.05128205195069313,-0.05128205195069313
17.508,12:13:15.910,15.967,0.415,6.628,0.000,0.000,0.000,0.081,0.098,0.141,5.000,1.000,0.000,5.000,5.000,0.200,32.977,5.000,98.0,47.0,-0.05128205195069313,-0.05128205195069313
17.812,12:13:16.022,15.955,0.424,6.767,0.000,0.000,0.000,0.076,0.092,0.129,5.000,1.000,0.000,5.000,5.000,0.200,32.969,5.000,98.0,47.0,-0.05128205195069313,-0.05128205195069313
17.925,12:13:16.134,15.955,0.424,6.767,0.000,0.000,0.000,0.076,0.092,0.129,5.000,1.000,0.000,5.000,5.000,0.200,32.969,5.000,98.0,47.0,-0.05128205195069313,-0.05128205195069313
18.036,12:13:16.245,15.968,0.418,6.678,0.000,0.000,0.000,0.080,0.088,0.129,5.000,1.000,0.000,5.000,5.000,0.200,32.975,5.000,98.0,47.0,-0.05128205195069313,-0.05128205195069313
18.148,12:13:16.358,15.968,0.418,6.678,0.000,0.000,0.000,0.080,0.088,0.129,5.000,1.000,0.000,5.000,5.000,0.200,32.975,5.000,98.0,47.0,-0.05128205195069313,-0.05128205195069313
18.260,12:13:16.470,15.968,0.418,6.678,0.000,0.000,0.000,0.080,0.088,0.129,5.000,1.000,0.000,5.000,5.000,0.200,32.975,5.000,98.0,47.0,-0.05128205195069313,-0.05128205195069313
18.372,12:13:16.581,15.968,0.418,6.678,0.000,0.000,0.000,0.080,0.088,0.129,5.000,1.000,0.000,5.000,5.000,0.200,32.975,5.000,98.0,47.0,-0.05128205195069313,-0.05128205195069313
18.500,12:13:16.710,15.978,0.427,6.819,0.000,0.000,0.000,0.078,0.097,0.137,5.000,1.000,0.000,5.000,5.000,0.200,32.970,5.000,98.0,47.0,-0.05128205195069313,-0.05128205195069313
18.611,12:13:17.012,15.978,0.427,6.819,0.000,0.000,0.000,0.078,0.097,0.137,5.000,1.000,0.000,5.000,5.000,0.200,32.970,5.000,98.0,47.0,-0.05128205195069313,-0.05128205195069313
18.916,12:13:17.125,15.973,0.375,5.983,0.000,0.000,0.000,0.083,0.092,0.137,5.000,1.000,0.000,5.000,5.000,0.200,32.973,5.000,98.0,47.0,-0.05128205195069313,-0.05128205195069313
19.027,12:13:17.237,15.973,0.375,5.983,0.000,0.000,0.000,0.083,0.092,0.137,5.000,1.000,0.000,5.000,5.000,0.200,32.973,5.000,98.0,47.0,-0.05128205195069313,-0.05128205195069313
19.139,12:13:17.349,15.973,0.375,5.983,0.000,0.000,0.000,0.083,0.092,0.137,5.000,1.000,0.000,5.000,5.000,0.200,32.973,5.000,98.0,47.0,-0.05128205195069313,-0.05128205195069313
19.251,12:13:17.460,15.953,0.417,6.656,0.000,0.000,0.000,0.078,0.095,0.134,5.000,1.000,0.000,5.000,5.000,0.200,32.973,5.000,98.0,47.0,-0.05128205195069313,-0.05128205195069313
19.363,12:13:17.573,15.953,0.417,6.656,0.000,0.000,0.000,0.078,0.095,0.134,5.000,1.000,0.000,5.000,5.000,0.200,32.973,5.000,98.0,47.0,-0.05128205195069313,-0.05128205195069313
19.475,12:13:17.685,15.953,0.417,6.656,0.000,0.000,0.000,0.078,0.095,0.134,5.000,1.000,0.000,5.000,5.000,0.200,32.973,5.000,98.0,47.0,-0.05128205195069313,-0.05128205195069313
19.587,12:13:17.796,15.953,0.417,6.656,0.000,0.000,0.000,0.078,0.095,0.134,5.000,1.000,0.000,5.000,5.000,0.200,32.973,5.000,98.0,47.0,-0.05128205195069313,-0.05128205195069313
19.699,12:13:18.100,15.956,0.418,6.666,0.000,0.000,0.000,0.076,0.092,0.129,5.000,1.000,0.000,5.000,5.000,0.200,32.975,5.000,98.0,47.0,-0.10256410390138626,-0.10256410390138626
20.003,12:13:18.212,15.956,0.418,6.666,0.000,0.000,0.000,0.076,0.092,0.129,5.000,1.000,0.000,5.000,5.000,0.200,32.975,5.000,98.0,47.0,-0.10256410390138626,-0.10256410390138626
20.115,12:13:18.324,15.963,0.399,6.364,0.000,0.000,0.000,0.077,0.095,0.133,5.000,1.000,0.000,5.000,5.000,0.200,32.971,5.000,98.0,47.0,-0.10256410390138626,-0.10256410390138626
20.227,12:13:18.437,15.963,0.399,6.364,0.000,0.000,0.000,0.077,0.095,0.133,5.000,1.000,0.000,5.000,5.000,0.200,32.971,5.000,98.0,47.0,-0.10256410390138626,-0.10256410390138626
20.340,12:13:18.549,15.963,0.399,6.364,0.000,0.000,0.000,0.077,0.095,0.133,5.000,1.000,0.000,5.000,5.000,0.200,32.971,5.000,98.0,47.0,-0.10256410390138626,-0.10256410390138626
20.450,12:13:18.659,15.921,0.414,6.591,0.000,0.000,0.000,0.081,0.093,0.137,5.000,1.000,0.000,5.000,5.000,0.200,32.973,5.000,98.0,47.0,-0.10256410390138626,-0.10256410390138626
20.563,12:13:18.772,15.921,0.414,6.591,0.000,0.000,0.000,0.081,0.093,0.137,5.000,1.000,0.000,5.000,5.000,0.200,32.973,5.000,98.0,47.0,-0.10256410390138626,-0.10256410390138626
20.675,12:13:18.884,15.921,0.414,6.591,0.000,0.000,0.000,0.081,0.093,0.137,5.000,1.000,0.000,5.000,5.000,0.200,32.973,5.000,98.0,47.0,-0.10256410390138626,-0.10256410390138626
20.786,12:13:19.187,15.921,0.414,6.591,0.000,0.000,0.000,0.081,0.093,0.137,5.000,1.000,0.000,5.000,5.000,0.200,32.973,5.000,98.0,47.0,0.0,-0.10256410390138626
21.090,12:13:19.299,15.976,0.421,6.725,0.000,0.000,0.000,0.077,0.095,0.134,5.000,1.000,0.000,5.000,5.000,0.200,32.966,5.000,98.0,47.0,0.0,-0.10256410390138626
21.202,12:13:19.412,15.976,0.421,6.725,0.000,0.000,0.000,0.077,0.095,0.134,5.000,1.000,0.000,5.000,5.000,0.200,32.966,5.000,98.0,47.0,0.0,-0.10256410390138626
21.313,12:13:19.523,15.969,0.429,6.852,0.000,0.000,0.000,0.074,0.090,0.124,5.000,1.000,0.000,5.000,5.000,0.200,32.970,5.000,98.0,47.0,0.0,-0.10256410390138626
21.427,12:13:19.636,15.969,0.429,6.852,0.000,0.000,0.000,0.074,0.090,0.124,5.000,1.000,0.000,5.000,5.000,0.200,32.970,5.000,98.0,47.0,0.0,-0.10256410390138626
21.539,12:13:19.748,15.969,0.429,6.852,0.000,0.000,0.000,0.074,0.090,0.124,5.000,1.000,0.000,5.000,5.000,0.200,32.970,5.000,98.0,47.0,0.0,-0.10256410390138626
21.650,12:13:19.859,15.969,0.429,6.852,0.000,0.000,0.000,0.074,0.090,0.124,5.000,1.000,0.000,5.000,5.000,0.200,32.970,5.000,98.0,47.0,0.0,-0.10256410390138626
21.761,12:13:19.971,15.952,0.422,6.736,0.000,0.000,0.000,0.074,0.094,0.129,5.000,1.000,0.000,5.000,5.000,0.200,32.969,5.000,98.0,47.0,0.0,-0.10256410390138626
21.874,12:13:20.275,15.952,0.422,6.736,0.000,0.000,0.000,0.074,0.094,0.129,5.000,1.000,0.000,5.000,5.000,0.200,32.969,5.000,98.0,47.0,0.0,-0.05128205195069313
22.178,12:13:20.388,15.962,0.411,6.561,0.000,0.000,0.000,0.073,0.090,0.123,5.000,1.000,0.000,5.000,5.000,0.200,32.965,5.000,98.0,47.0,0.0,-0.05128205195069313
22.289,12:13:20.498,15.962,0.411,6.561,0.000,0.000,0.000,0.073,0.090,0.123,5.000,1.000,0.000,5.000,5.000,0.200,32.965,5.000,98.0,47.0,0.0,-0.05128205195069313
22.401,12:13:20.611,15.962,0.411,6.561,0.000,0.000,0.000,0.073,0.090,0.123,5.000,1.000,0.000,5.000,5.000,0.200,32.965,5.000,98.0,47.0,0.0,-0.05128205195069313
22.513,12:13:20.722,15.954,0.441,7.031,0.000,0.000,0.000,0.075,0.084,0.119,5.000,1.000,0.000,5.000,5.000,0.200,32.972,5.000,98.0,47.0,0.0,-0.05128205195069313
22.625,12:13:20.835,15.954,0.441,7.031,0.000,0.000,0.000,0.075,0.084,0.119,5.000,1.000,0.000,5.000,5.000,0.200,32.972,5.000,98.0,47.0,0.0,-0.05128205195069313
22.738,12:13:20.947,15.954,0.441,7.031,0.000,0.000,0.000,0.075,0.084,0.119,5.000,1.000,0.000,5.000,5.000,0.200,32.972,5.000,98.0,47.0,0.0,-0.05128205195069313
22.849,12:13:21.058,15.954,0.441,7.031,0.000,0.000,0.000,0.075,0.084,0.119,5.000,1.000,0.000,5.000,5.000,0.200,32.972,5.000,98.0,47.0,0.0,-0.05128205195069313
22.962,12:13:21.363,15.970,0.413,6.600,0.000,0.000,0.000,0.077,0.084,0.120,5.000,1.000,0.000,5.000,5.000,0.200,32.968,5.000,98.0,47.0,-0.05128205195069313,-0.10256410390138626
23.265,12:13:21.475,15.970,0.413,6.600,0.000,0.000,0.000,0.077,0.084,0.120,5.000,1.000,0.000,5.000,5.000,0.200,32.968,5.000,98.0,47.0,-0.05128205195069313,-0.10256410390138626
23.377,12:13:21.587,15.971,0.402,6.427,0.000,0.000,0.000,0.077,0.081,0.118,5.000,1.000,0.000,5.000,5.000,0.200,32.960,5.000,98.0,47.0,-0.05128205195069313,-0.10256410390138626
23.488,12:13:21.698,15.971,0.402,6.427,0.000,0.000,0.000,0.077,0.081,0.118,5.000,1.000,0.000,5.000,5.000,0.200,32.960,5.000,98.0,47.0,-0.05128205195069313,-0.10256410390138626
23.601,12:13:21.810,15.971,0.402,6.427,0.000,0.000,0.000,0.077,0.081,0.118,5.000,1.000,0.000,5.000,5.000,0.200,32.960,5.000,98.0,47.0,-0.05128205195069313,-0.10256410390138626
23.713,12:13:21.922,15.963,0.440,7.018,0.000,0.000,0.000,0.071,0.087,0.120,5.000,1.000,0.000,5.000,5.000,0.200,32.966,5.000,98.0,47.0,-0.05128205195069313,-0.10256410390138626
23.825,12:13:22.035,15.963,0.440,7.018,0.000,0.000,0.000,0.071,0.087,0.120,5.000,1.000,0.000,5.000,5.000,0.200,32.966,5.000,98.0,47.0,-0.05128205195069313,-0.10256410390138626
23.937,12:13:22.147,15.963,0.440,7.018,0.000,0.000,0.000,0.071,0.087,0.120,5.000,1.000,0.000,5.000,5.000,0.200,32.966,5.000,98.0,47.0,-0.05128205195069313,-0.10256410390138626
24.049,12:13:22.450,15.963,0.440,7.018,0.000,0.000,0.000,0.071,0.087,0.120,5.000,1.000,0.000,5.000,5.000,0.200,32.966,5.000,98.0,47.0,0.0,-0.05128205195069313
24.352,12:13:22.562,15.964,0.424,6.765,0.000,0.000,0.000,0.071,0.086,0.116,5.000,1.000,0.000,5.000,5.000,0.200,32.962,5.000,98.0,47.0,0.0,-0.05128205195069313
24.465,12:13:22.674,15.964,0.424,6.765,0.000,0.000,0.000,0.071,0.086,0.116,5.000,1.000,0.000,5.000,5.000,0.200,32.962,5.000,98.0,47.0,0.0,-0.05128205195069313
24.576,12:13:22.786,15.960,0.417,6.651,0.000,0.000,0.000,0.077,0.079,0.116,5.000,1.000,0.000,5.000,5.000,0.200,32.966,5.000,98.0,47.0,0.0,-0.05128205195069313
24.688,12:13:22.898,15.960,0.417,6.651,0.000,0.000,0.000,0.077,0.079,0.116,5.000,1.000,0.000,5.000,5.000,0.200,32.966,5.000,98.0,47.0,0.0,-0.05128205195069313
24.799,12:13:23.009,15.960,0.417,6.651,0.000,0.000,0.000,0.077,0.079,0.116,5.000,1.000,0.000,5.000,5.000,0.200,32.966,5.000,98.0,47.0,0.0,-0.05128205195069313
24.911,12:13:23.121,15.971,0.447,7.145,0.000,0.000,0.000,0.078,0.083,0.120,5.000,1.000,0.000,5.000,5.000,0.200,32.962,5.000,98.0,47.0,0.0,-0.05128205195069313
25.024,12:13:23.233,15.971,0.447,7.145,0.000,0.000,0.000,0.078,0.083,0.120,5.000,1.000,0.000,5.000,5.000,0.200,32.962,5.000,98.0,47.0,0.0,-0.05128205195069313
25.135,12:13:23.537,15.971,0.447,7.145,0.000,0.000,0.000,0.078,0.083,0.120,5.000,1.000,0.000,5.000,5.000,0.200,32.962,5.000,98.0,47.0,-0.05128205195069313,0.0
25.440,12:13:23.650,15.958,0.378,6.028,0.000,0.000,0.000,0.077,0.083,0.121,5.000,1.000,0.000,5.000,5.000,0.200,32.965,5.000,98.0,47.0,-0.05128205195069313,0.0
25.551,12:13:23.761,15.958,0.378,6.028,0.000,0.000,0.000,0.077,0.083,0.121,5.000,1.000,0.000,5.000,5.000,0.200,32.965,5.000,98.0,47.0,-0.05128205195069313,0.0
25.663,12:13:23.873,15.958,0.378,6.028,0.000,0.000,0.000,0.077,0.083,0.121,5.000,1.000,0.000,5.000,5.000,0.200,32.965,5.000,98.0,47.0,-0.05128205195069313,0.0
25.776,12:13:23.985,15.958,0.417,6.657,0.000,0.000,0.000,0.075,0.085,0.121,5.000,1.000,0.000,5.000,5.000,0.200,32.961,5.000,98.0,47.0,-0.05128205195069313,0.0
25.886,12:13:24.096,15.958,0.417,6.657,0.000,0.000,0.000,0.075,0.085,0.121,5.000,1.000,0.000,5.000,5.000,0.200,32.961,5.000,98.0,47.0,-0.05128205195069313,0.0
25.999,12:13:24.208,15.958,0.417,6.657,0.000,0.000,0.000,0.075,0.085,0.121,5.000,1.000,0.000,5.000,5.000,0.200,32.961,5.000,98.0,47.0,-0.05128205195069313,0.0
26.111,12:13:24.321,15.958,0.417,6.657,0.000,0.000,0.000,0.075,0.085,0.121,5.000,1.000,0.000,5.000,5.000,0.200,32.961,5.000,98.0,47.0,-0.05128205195069313,0.0
26.223,12:13:24.624,15.986,0.431,6.894,0.000,0.000,0.000,0.076,0.083,0.119,5.000,1.000,0.000,5.000,5.000,0.200,32.965,5.000,98.0,47.0,0.0,-0.10256410390138626
26.543,12:13:24.752,15.935,0.400,6.371,0.000,0.000,0.000,0.070,0.082,0.112,5.000,1.000,0.000,5.000,5.000,0.200,32.964,5.000,98.0,47.0,0.0,-0.10256410390138626
26.655,12:13:24.865,15.935,0.400,6.371,0.000,0.000,0.000,0.070,0.082,0.112,5.000,1.000,0.000,5.000,5.000,0.200,32.964,5.000,98.0,47.0,0.0,-0.10256410390138626
26.766,12:13:24.976,15.935,0.400,6.371,0.000,0.000,0.000,0.070,0.082,0.112,5.000,1.000,0.000,5.000,5.000,0.200,32.964,5.000,98.0,47.0,0.0,-0.10256410390138626
26.879,12:13:25.088,15.935,0.400,6.371,0.000,0.000,0.000,0.070,0.082,0.112,5.000,1.000,0.000,5.000,5.000,0.200,32.964,5.000,98.0,47.0,0.0,-0.10256410390138626
26.991,12:13:25.200,15.974,0.406,6.491,0.000,0.000,0.000,0.079,0.086,0.126,5.000,1.000,0.000,5.000,5.000,0.200,32.962,5.000,98.0,47.0,0.0,-0.10256410390138626
27.103,12:13:25.312,15.974,0.406,6.491,0.000,0.000,0.000,0.079,0.086,0.126,5.000,1.000,0.000,5.000,5.000,0.200,32.962,5.000,98.0,47.0,0.0,-0.10256410390138626
27.214,12:13:25.424,15.974,0.406,6.491,0.000,0.000,0.000,0.079,0.086,0.126,5.000,1.000,0.000,5.000,5.000,0.200,32.962,5.000,98.0,47.0,0.0,-0.10256410390138626
27.326,12:13:25.728,15.974,0.406,6.491,0.000,0.000,0.000,0.079,0.086,0.126,5.000,1.000,0.000,5.000,5.000,0.200,32.962,5.000,98.0,47.0,0.0,-0.05128205195069313
27.630,12:13:25.840,15.968,0.444,7.086,0.000,0.000,0.000,0.070,0.084,0.114,5.000,1.000,0.000,5.000,5.000,0.200,32.961,5.000,98.0,47.0,0.0,-0.05128205195069313
27.758,12:13:25.968,15.929,0.446,7.103,0.000,0.000,0.000,0.074,0.085,0.119,5.000,1.000,0.000,5.000,5.000,0.200,32.961,5.000,98.0,47.0,0.0,-0.05128205195069313
27.870,12:13:26.080,15.929,0.446,7.103,0.000,0.000,0.000,0.074,0.085,0.119,5.000,1.000,0.000,5.000,5.000,0.200,32.961,5.000,98.0,47.0,0.0,-0.05128205195069313
27.981,12:13:26.191,15.929,0.446,7.103,0.000,0.000,0.000,0.074,0.085,0.119,5.000,1.000,0.000,5.000,5.000,0.200,32.961,5.000,98.0,47.0,0.0,-0.05128205195069313
28.094,12:13:26.304,15.929,0.446,7.103,0.000,0.000,0.000,0.074,0.085,0.119,5.000,1.000,0.000,5.000,5.000,0.200,32.961,5.000,98.0,47.0,0.0,-0.05128205195069313
28.206,12:13:26.416,15.974,0.429,6.846,0.000,0.000,0.000,0.071,0.084,0.114,5.000,1.000,0.000,5.000,5.000,0.200,32.961,5.000,98.0,47.0,0.0,-0.05128205195069313
28.318,12:13:26.528,15.974,0.429,6.846,0.000,0.000,0.000,0.071,0.084,0.114,5.000,1.000,0.000,5.000,5.000,0.200,32.961,5.000,98.0,47.0,0.0,-0.05128205195069313
28.430,12:13:26.831,15.974,0.429,6.846,0.000,0.000,0.000,0.071,0.084,0.114,5.000,1.000,0.000,5.000,5.000,0.200,32.961,5.000,98.0,47.0,-0.10256410390138626,-0.05128205195069313
28.734,12:13:26.944,15.958,0.442,7.047,0.000,0.000,0.000,0.071,0.081,0.111,5.000,1.000,0.000,5.000,5.000,0.200,32.960,5.000,98.0,47.0,-0.10256410390138626,-0.05128205195069313
28.846,12:13:27.056,15.958,0.442,7.047,0.000,0.000,0.000,0.071,0.081,0.111,5.000,1.000,0.000,5.000,5.000,0.200,32.960,5.000,98.0,47.0,-0.10256410390138626,-0.05128205195069313
28.958,12:13:27.167,15.958,0.442,7.047,0.000,0.000,0.000,0.071,0.081,0.111,5.000,1.000,0.000,5.000,5.000,0.200,32.960,5.000,98.0,47.0,-0.10256410390138626,-0.05128205195069313
29.070,12:13:27.280,15.977,0.448,7.157,0.000,0.000,0.000,0.070,0.083,0.112,5.000,1.000,0.000,5.000,5.000,0.200,32.959,5.000,98.0,47.0,-0.10256410390138626,-0.05128205195069313
29.181,12:13:27.391,15.977,0.448,7.157,0.000,0.000,0.000,0.070,0.083,0.112,5.000,1.000,0.000,5.000,5.000,0.200,32.959,5.000,98.0,47.0,-0.10256410390138626,-0.05128205195069313
29.293,12:13:27.503,15.977,0.448,7.157,0.000,0.000,0.000,0.070,0.083,0.112,5.000,1.000,0.000,5.000,5.000,0.200,32.959,5.000,98.0,47.0,-0.10256410390138626,-0.05128205195069313
29.405,12:13:27.614,15.964,0.415,6.627,0.000,0.000,0.000,0.072,0.078,0.108,5.000,1.000,0.000,5.000,5.000,0.200,32.962,5.000,98.0,47.0,-0.10256410390138626,-0.05128205195069313
29.518,12:13:27.918,15.964,0.415,6.627,0.000,0.000,0.000,0.072,0.078,0.108,5.000,1.000,0.000,5.000,5.000,0.200,32.962,5.000,98.0,47.0,-0.10256410390138626,-0.10256410390138626
29.821,12:13:28.031,15.971,0.390,6.228,0.000,0.000,0.000,0.073,0.081,0.114,5.000,1.000,0.000,5.000,5.000,0.200,32.957,5.000,98.0,47.0,-0.10256410390138626,-0.10256410390138626
29.933,12:13:28.143,15.971,0.390,6.228,0.000,0.000,0.000,0.073,0.081,0.114,5.000,1.000,0.000,5.000,5.000,0.200,32.957,5.000,98.0,47.0,-0.10256410390138626,-0.10256410390138626
30.045,12:13:28.254,15.971,0.390,6.228,0.000,0.000,0.000,0.073,0.081,0.114,5.000,1.000,0.000,5.000,5.000,0.200,32.957,5.000,98.0,47.0,-0.10256410390138626,-0.10256410390138626
30.157,12:13:28.366,15.971,0.390,6.228,0.000,0.000,0.000,0.073,0.081,0.114,5.000,1.000,0.000,5.000,5.000,0.200,32.957,5.000,98.0,47.0,-0.10256410390138626,-0.10256410390138626
30.269,12:13:28.479,15.964,0.448,7.151,0.000,0.000,0.000,0.074,0.078,0.110,5.000,1.000,0.000,5.000,5.000,0.200,32.959,5.000,98.0,47.0,-0.10256410390138626,-0.10256410390138626
30.379,12:13:28.589,15.964,0.448,7.151,0.000,0.000,0.000,0.074,0.078,0.110,5.000,1.000,0.000,5.000,5.000,0.200,32.959,5.000,98.0,47.0,-0.10256410390138626,-0.10256410390138626
30.492,12:13:28.702,15.964,0.448,7.151,0.000,0.000,0.000,0.074,0.078,0.110,5.000,1.000,0.000,5.000,5.000,0.200,32.959,5.000,98.0,47.0,-0.10256410390138626,-0.10256410390138626
30.605,12:13:29.005,15.969,0.400,6.393,0.000,0.000,0.000,0.075,0.080,0.115,5.000,1.000,0.000,5.000,5.000,0.200,32.962,5.000,98.0,47.0,-0.05128205195069313,0.0
30.908,12:13:29.118,15.969,0.400,6.393,0.000,0.000,0.000,0.075,0.080,0.115,5.000,1.000,0.000,5.000,5.000,0.200,32.962,5.000,98.0,47.0,-0.05128205195069313,0.0
31.020,12:13:29.230,15.954,0.400,6.375,0.000,0.000,0.000,0.076,0.087,0.123,5.000,1.000,0.000,5.000,5.000,0.200,32.960,5.000,98.0,47.0,-0.05128205195069313,0.0
31.132,12:13:29.342,15.954,0.400,6.375,0.000,0.000,0.000,0.076,0.087,0.123,5.000,1.000,0.000,5.000,5.000,0.200,32.960,5.000,98.0,47.0,-0.05128205195069313,0.0
31.244,12:13:29.454,15.954,0.400,6.375,0.000,0.000,0.000,0.076,0.087,0.123,5.000,1.000,0.000,5.000,5.000,0.200,32.960,5.000,98.0,47.0,-0.05128205195069313,0.0
31.356,12:13:29.566,15.954,0.400,6.375,0.000,0.000,0.000,0.076,0.087,0.123,5.000,1.000,0.000,5.000,5.000,0.200,32.960,5.000,98.0,47.0,-0.05128205195069313,0.0
31.468,12:13:29.678,15.938,0.448,7.138,0.000,0.000,0.000,0.079,0.095,0.136,5.000,1.000,0.000,5.000,5.000,0.200,32.965,5.000,98.0,47.0,-0.05128205195069313,0.0
31.579,12:13:29.788,15.938,0.448,7.138,0.000,0.000,0.000,0.079,0.095,0.136,5.000,1.000,0.000,5.000,5.000,0.200,32.965,5.000,98.0,47.0,-0.05128205195069313,0.0
31.691,12:13:30.093,15.938,0.448,7.138,0.000,0.000,0.000,0.079,0.095,0.136,5.000,1.000,0.000,5.000,5.000,0.200,32.965,5.000,98.0,47.0,-0.05128205195069313,-0.05128205195069313
31.995,12:13:30.205,15.934,0.415,6.611,0.000,0.000,0.000,0.075,0.092,0.129,5.000,1.000,0.000,5.000,5.000,0.200,32.964,5.000,98.0,47.0,-0.05128205195069313,-0.05128205195069313
32.108,12:13:30.318,15.934,0.415,6.611,0.000,0.000,0.000,0.075,0.092,0.129,5.000,1.000,0.000,5.000,5.000,0.200,32.964,5.000,98.0,47.0,-0.05128205195069313,-0.05128205195069313
32.220,12:13:30.429,15.945,0.426,6.786,0.000,0.000,0.000,0.080,0.091,0.133,5.000,1.000,0.000,5.000,5.000,0.200,32.966,5.000,98.0,47.0,-0.05128205195069313,-0.05128205195069313
32.332,12:13:30.542,15.945,0.426,6.786,0.000,0.000,0.000,0.080,0.091,0.133,5.000,1.000,0.000,5.000,5.000,0.200,32.966,5.000,98.0,47.0,-0.05128205195069313,-0.05128205195069313
32.443,12:13:30.653,15.945,0.426,6.786,0.000,0.000,0.000,0.080,0.091,0.133,5.000,1.000,0.000,5.000,5.000,0.200,32.966,5.000,98.0,47.0,-0.05128205195069313,-0.05128205195069313
32.555,12:13:30.765,15.945,0.426,6.786,0.000,0.000,0.000,0.080,0.091,0.133,5.000,1.000,0.000,5.000,5.000,0.200,32.966,5.000,98.0,47.0,-0.05128205195069313,-0.05128205195069313
32.667,12:13:30.876,15.952,0.430,6.853,0.000,0.000,0.000,0.076,0.092,0.130,5.000,1.000,0.000,5.000,5.000,0.200,32.960,5.000,98.0,47.0,-0.05128205195069313,-0.05128205195069313
32.778,12:13:31.180,15.952,0.430,6.853,0.000,0.000,0.000,0.076,0.092,0.130,5.000,1.000,0.000,5.000,5.000,0.200,32.960,5.000,98.0,47.0,-0.10256410390138626,-0.10256410390138626
33.083,12:13:31.293,15.946,0.394,6.287,0.000,0.000,0.000,0.079,0.096,0.137,5.000,1.000,0.000,5.000,5.000,0.200,32.958,5.000,98.0,47.0,-0.10256410390138626,-0.10256410390138626
33.194,12:13:31.404,15.946,0.394,6.287,0.000,0.000,0.000,0.079,0.096,0.137,5.000,1.000,0.000,5.000,5.000,0.200,32.958,5.000,98.0,47.0,-0.10256410390138626,-0.10256410390138626
33.307,12:13:31.516,15.946,0.394,6.287,0.000,0.000,0.000,0.079,0.096,0.137,5.000,1.000,0.000,5.000,5.000,0.200,32.958,5.000,98.0,47.0,-0.10256410390138626,-0.10256410390138626
33.419,12:13:31.628,15.946,0.394,6.287,0.000,0.000,0.000,0.079,0.096,0.137,5.000,1.000,0.000,5.000,5.000,0.200,32.958,5.000,98.0,47.0,-0.10256410390138626,-0.10256410390138626
33.531,12:13:31.740,15.940,0.416,6.625,0.000,0.000,0.000,0.079,0.094,0.136,5.000,1.000,0.000,5.000,5.000,0.200,32.956,5.000,98.0,47.0,-0.10256410390138626,-0.10256410390138626
33.643,12:13:31.852,15.940,0.416,6.625,0.000,0.000,0.000,0.079,0.094,0.136,5.000,1.000,0.000,5.000,5.000,0.200,32.956,5.000,98.0,47.0,-0.10256410390138626,-0.10256410390138626
33.755,12:13:31.964,15.940,0.416,6.625,0.000,0.000,0.000,0.079,0.094,0.136,5.000,1.000,0.000,5.000,5.000,0.200,32.956,5.000,98.0,47.0,-0.10256410390138626,-0.10256410390138626
33.867,12:13:32.268,15.940,0.448,7.144,0.000,0.000,0.000,0.081,0.093,0.135,5.000,1.000,0.000,5.000,5.000,0.200,32.960,5.000,98.0,47.0,-0.05128205195069313,-0.05128205195069313
34.170,12:13:32.380,15.940,0.448,7.144,0.000,0.000,0.000,0.081,0.093,0.135,5.000,1.000,0.000,5.000,5.000,0.200,32.960,5.000,98.0,47.0,-0.05128205195069313,-0.05128205195069313
34.282,12:13:32.492,15.933,0.432,6.887,0.000,0.000,0.000,0.080,0.090,0.131,5.000,1.000,0.000,5.000,5.000,0.200,32.963,5.000,98.0,47.0,-0.05128205195069313,-0.05128205195069313
34.394,12:13:32.603,15.933,0.432,6.887,0.000,0.000,0.000,0.080,0.090,0.131,5.000,1.000,0.000,5.000,5.000,0.200,32.963,5.000,98.0,47.0,-0.05128205195069313,-0.05128205195069313
34.505,12:13:32.715,15.933,0.432,6.887,0.000,0.000,0.000,0.080,0.090,0.131,5.000,1.000,0.000,5.000,5.000,0.200,32.963,5.000,98.0,47.0,-0.05128205195069313,-0.05128205195069313
34.618,12:13:32.828,15.933,0.432,6.887,0.000,0.000,0.000,0.080,0.090,0.131,5.000,1.000,0.000,5.000,5.000,0.200,32.963,5.000,98.0,47.0,-0.05128205195069313,-0.05128205195069313
34.729,12:13:32.938,15.967,0.426,6.798,0.000,0.000,0.000,0.076,0.095,0.133,5.000,1.000,0.000,5.000,5.000,0.200,32.955,5.000,98.0,47.0,-0.05128205195069313,-0.05128205195069313
34.842,12:13:33.051,15.967,0.426,6.798,0.000,0.000,0.000,0.076,0.095,0.133,5.000,1.000,0.000,5.000,5.000,0.200,32.955,5.000,98.0,47.0,-0.05128205195069313,-0.05128205195069313
34.954,12:13:33.354,15.967,0.426,6.798,0.000,0.000,0.000,0.076,0.095,0.133,5.000,1.000,0.000,5.000,5.000,0.200,32.955,5.000,98.0,47.0,0.0,-0.05128205195069313
35.257,12:13:33.467,15.953,0.442,7.050,0.000,0.000,0.000,0.080,0.093,0.135,5.000,1.000,0.000,5.000,5.000,0.200,32.953,5.000,98.0,47.0,0.0,-0.05128205195069313
35.370,12:13:33.580,15.953,0.442,7.050,0.000,0.000,0.000,0.080,0.093,0.135,5.000,1.000,0.000,5.000,5.000,0.200,32.953,5.000,98.0,47.0,0.0,-0.05128205195069313
35.482,12:13:33.692,15.934,0.448,7.143,0.000,0.000,0.000,0.078,0.091,0.130,5.000,1.000,0.000,5.000,5.000,0.200,32.955,5.000,98.0,47.0,0.0,-0.05128205195069313
35.593,12:13:33.802,15.934,0.448,7.143,0.000,0.000,0.000,0.078,0.091,0.130,5.000,1.000,0.000,5.000,5.000,0.200,32.955,5.000,98.0,47.0,0.0,-0.05128205195069313
35.705,12:13:33.915,15.934,0.448,7.143,0.000,0.000,0.000,0.078,0.091,0.130,5.000,1.000,0.000,5.000,5.000,0.200,32.955,5.000,98.0,47.0,0.0,-0.05128205195069313
35.817,12:13:34.026,15.934,0.448,7.143,0.000,0.000,0.000,0.078,0.091,0.130,5.000,1.000,0.000,5.000,5.000,0.200,32.955,5.000,98.0,47.0,0.0,-0.05128205195069313
35.929,12:13:34.139,15.969,0.414,6.608,0.000,0.000,0.000,0.077,0.092,0.130,5.000,1.000,0.000,5.000,5.000,0.200,32.962,5.000,98.0,47.0,0.0,-0.05128205195069313
36.041,12:13:34.443,15.969,0.414,6.608,0.000,0.000,0.000,0.077,0.092,0.130,5.000,1.000,0.000,5.000,5.000,0.200,32.962,5.000,98.0,47.0,0.0,-0.10256410390138626
36.344,12:13:34.554,15.967,0.392,6.261,0.000,0.000,0.000,0.081,0.087,0.129,5.000,1.000,0.000,5.000,5.000,0.200,32.953,5.000,98.0,47.0,0.0,-0.10256410390138626
36.457,12:13:34.666,15.967,0.392,6.261,0.000,0.000,0.000,0.081,0.087,0.129,5.000,1.000,0.000,5.000,5.000,0.200,32.953,5.000,98.0,47.0,0.0,-0.10256410390138626
36.569,12:13:34.778,15.967,0.392,6.261,0.000,0.000,0.000,0.081,0.087,0.129,5.000,1.000,0.000,5.000,5.000,0.200,32.953,5.000,98.0,47.0,0.0,-0.10256410390138626
36.681,12:13:34.891,15.947,0.447,7.136,0.000,0.000,0.000,0.078,0.094,0.134,5.000,1.000,0.000,5.000,5.000,0.200,32.957,5.000,98.0,47.0,0.0,-0.10256410390138626
36.793,12:13:35.002,15.947,0.447,7.136,0.000,0.000,0.000,0.078,0.094,0.134,5.000,1.000,0.000,5.000,5.000,0.200,32.957,5.000,98.0,47.0,0.0,-0.10256410390138626
36.904,12:13:35.114,15.947,0.447,7.136,0.000,0.000,0.000,0.078,0.094,0.134,5.000,1.000,0.000,5.000,5.000,0.200,32.957,5.000,98.0,47.0,0.0,-0.10256410390138626
37.015,12:13:35.225,15.947,0.447,7.136,0.000,0.000,0.000,0.078,0.094,0.134,5.000,1.000,0.000,5.000,5.000,0.200,32.957,5.000,98.0,47.0,0.0,-0.10256410390138626
37.128,12:13:35.530,15.961,0.423,6.751,0.000,0.000,0.000,0.077,0.092,0.130,5.000,1.000,0.000,5.000,5.000,0.200,32.951,5.000,98.0,47.0,-0.10256410390138626,-0.10256410390138626
37.432,12:13:35.641,15.961,0.423,6.751,0.000,0.000,0.000,0.077,0.092,0.130,5.000,1.000,0.000,5.000,5.000,0.200,32.951,5.000,98.0,47.0,-0.10256410390138626,-0.10256410390138626
37.543,12:13:35.753,15.957,0.399,6.371,0.000,0.000,0.000,0.075,0.096,0.132,5.000,1.000,0.000,5.000,5.000,0.200,32.955,5.000,98.0,47.0,-0.10256410390138626,-0.10256410390138626
37.656,12:13:35.866,15.957,0.399,6.371,0.000,0.000,0.000,0.075,0.096,0.132,5.000,1.000,0.000,5.000,5.000,0.200,32.955,5.000,98.0,47.0,-0.10256410390138626,-0.10256410390138626
37.767,12:13:35.977,15.957,0.399,6.371,0.000,0.000,0.000,0.075,0.096,0.132,5.000,1.000,0.000,5.000,5.000,0.200,32.955,5.000,98.0,47.0,-0.10256410390138626,-0.10256410390138626
37.896,12:13:36.106,15.947,0.447,7.129,0.000,0.000,0.000,0.074,0.091,0.127,5.000,1.000,0.000,5.000,5.000,0.200,32.953,5.000,98.0,47.0,-0.10256410390138626,-0.10256410390138626
38.007,12:13:36.216,15.947,0.447,7.129,0.000,0.000,0.000,0.074,0.091,0.127,5.000,1.000,0.000,5.000,5.000,0.200,32.953,5.000,98.0,47.0,-0.10256410390138626,-0.10256410390138626
38.120,12:13:36.330,15.947,0.447,7.129,0.000,0.000,0.000,0.074,0.091,0.127,5.000,1.000,0.000,5.000,5.000,0.200,32.953,5.000,98.0,47.0,-0.10256410390138626,-0.10256410390138626
38.232,12:13:36.633,15.947,0.447,7.129,0.000,0.000,0.000,0.074,0.091,0.127,5.000,1.000,0.000,5.000,5.000,0.200,32.953,5.000,98.0,47.0,-0.05128205195069313,-0.05128205195069313
38.536,12:13:36.745,15.939,0.418,6.668,0.000,0.000,0.000,0.078,0.088,0.127,5.000,1.000,0.000,5.000,5.000,0.200,32.955,5.000,98.0,47.0,-0.05128205195069313,-0.05128205195069313
38.648,12:13:36.857,15.939,0.418,6.668,0.000,0.000,0.000,0.078,0.088,0.127,5.000,1.000,0.000,5.000,5.000,0.200,32.955,5.000,98.0,47.0,-0.05128205195069313,-0.05128205195069313
38.759,12:13:36.968,15.949,0.420,6.698,0.000,0.000,0.000,0.071,0.091,0.123,5.000,1.000,0.000,5.000,5.000,0.200,32.953,5.000,98.0,47.0,-0.05128205195069313,-0.05128205195069313
38.872,12:13:37.081,15.949,0.420,6.698,0.000,0.000,0.000,0.071,0.091,0.123,5.000,1.000,0.000,5.000,5.000,0.200,32.953,5.000,98.0,47.0,-0.05128205195069313,-0.05128205195069313
38.982,12:13:37.192,15.949,0.420,6.698,0.000,0.000,0.000,0.071,0.091,0.123,5.000,1.000,0.000,5.000,5.000,0.200,32.953,5.000,98.0,47.0,-0.05128205195069313,-0.05128205195069313
39.095,12:13:37.305,15.949,0.420,6.698,0.000,0.000,0.000,0.071,0.091,0.123,5.000,1.000,0.000,5.000,5.000,0.200,32.953,5.000,98.0,47.0,-0.05128205195069313,-0.05128205195069313
39.206,12:13:37.415,15.944,0.442,7.045,0.000,0.000,0.000,0.074,0.092,0.126,5.000,1.000,0.000,5.000,5.000,0.200,32.953,5.000,98.0,47.0,-0.05128205195069313,-0.05128205195069313
39.318,12:13:37.719,15.944,0.442,7.045,0.000,0.000,0.000,0.074,0.092,0.126,5.000,1.000,0.000,5.000,5.000,0.200,32.953,5.000,98.0,47.0,-0.05128205195069313,-0.05128205195069313
39.623,12:13:37.833,15.982,0.369,5.903,0.000,0.000,0.000,0.074,0.089,0.122,5.000,1.000,0.000,5.000,5.000,0.200,32.952,5.000,98.0,47.0,-0.05128205195069313,-0.05128205195069313
39.735,12:13:37.945,15.982,0.369,5.903,0.000,0.000,0.000,0.074,0.089,0.122,5.000,1.000,0.000,5.000,5.000,0.200,32.952,5.000,98.0,47.0,-0.05128205195069313,-0.05128205195069313
39.847,12:13:38.057,15.982,0.369,5.903,0.000,0.000,0.000,0.074,0.089,0.122,5.000,1.000,0.000,5.000,5.000,0.200,32.952,5.000,98.0,47.0,-0.05128205195069313,-0.05128205195069313
39.958,12:13:38.167,15.975,0.416,6.651,0.000,0.000,0.000,0.075,0.088,0.123,5.000,1.000,0.000,5.000,5.000,0.200,32.951,5.000,98.0,47.0,-0.05128205195069313,-0.05128205195069313
40.070,12:13:38.280,15.975,0.416,6.651,0.000,0.000,0.000,0.075,0.088,0.123,5.000,1.000,0.000,5.000,5.000,0.200,32.951,5.000,98.0,47.0,-0.05128205195069313,-0.05128205195069313
40.182,12:13:38.391,15.975,0.416,6.651,0.000,0.000,0.000,0.075,0.088,0.123,5.000,1.000,0.000,5.000,5.000,0.200,32.951,5.000,98.0,47.0,-0.05128205195069313,-0.05128205195069313
40.294,12:13:38.504,15.975,0.416,6.651,0.000,0.000,0.000,0.075,0.088,0.123,5.000,1.000,0.000,5.000,5.000,0.200,32.951,5.000,98.0,47.0,-0.05128205195069313,-0.05128205195069313
40.406,12:13:38.808,15.939,0.445,7.099,0.000,0.000,0.000,0.073,0.084,0.118,5.000,1.000,0.000,5.000,5.000,0.200,32.951,5.000,98.0,47.0,-0.05128205195069313,-0.05128205195069313
40.710,12:13:38.920,15.939,0.445,7.099,0.000,0.000,0.000,0.073,0.084,0.118,5.000,1.000,0.000,5.000,5.000,0.200,32.951,5.000,98.0,47.0,-0.05128205195069313,-0.05128205195069313
40.823,12:13:39.032,15.962,0.390,6.225,0.000,0.000,0.000,0.081,0.086,0.128,5.000,1.000,0.000,5.000,5.000,0.200,32.951,5.000,98.0,47.0,-0.05128205195069313,-0.05128205195069313
40.934,12:13:39.144,15.962,0.390,6.225,0.000,0.000,0.000,0.081,0.086,0.128,5.000,1.000,0.000,5.000,5.000,0.200,32.951,5.000,98.0,47.0,-0.05128205195069313,-0.05128205195069313
41.046,12:13:39.256,15.962,0.390,6.225,0.000,0.000,0.000,0.081,0.086,0.128,5.000,1.000,0.000,5.000,5.000,0.200,32.951,5.000,98.0,47.0,-0.05128205195069313,-0.05128205195069313
41.157,12:13:39.367,15.938,0.425,6.770,0.000,0.000,0.000,0.070,0.082,0.110,5.000,1.000,0.000,5.000,5.000,0.200,32.948,5.000,98.0,47.0,-0.05128205195069313,-0.05128205195069313
41.269,12:13:39.478,15.938,0.425,6.770,0.000,0.000,0.000,0.070,0.082,0.110,5.000,1.000,0.000,5.000,5.000,0.200,32.948,5.000,98.0,47.0,-0.05128205195069313,-0.05128205195069313
41.381,12:13:39.591,15.938,0.425,6.770,0.000,0.000,0.000,0.070,0.082,0.110,5.000,1.000,0.000,5.000,5.000,0.200,32.948,5.000,98.0,47.0,-0.05128205195069313,-0.05128205195069313
41.494,12:13:39.895,15.938,0.425,6.770,0.000,0.000,0.000,0.070,0.082,0.110,5.000,1.000,0.000,5.000,5.000,0.200,32.948,5.000,98.0,47.0,-0.05128205195069313,-0.1538461595773697
41.798,12:13:40.008,15.957,0.429,6.848,0.000,0.000,0.000,0.073,0.088,0.121,5.000,1.000,0.000,5.000,5.000,0.200,32.948,5.000,98.0,47.0,-0.05128205195069313,-0.1538461595773697
41.909,12:13:40.119,15.957,0.429,6.848,0.000,0.000,0.000,0.073,0.088,0.121,5.000,1.000,0.000,5.000,5.000,0.200,32.948,5.000,98.0,47.0,-0.05128205195069313,-0.1538461595773697
42.021,12:13:40.230,15.969,0.445,7.107,0.000,0.000,0.000,0.075,0.088,0.122,5.000,1.000,0.000,5.000,5.000,0.200,32.950,5.000,98.0,47.0,-0.05128205195069313,-0.1538461595773697
42.133,12:13:40.343,15.969,0.445,7.107,0.000,0.000,0.000,0.075,0.088,0.122,5.000,1.000,0.000,5.000,5.000,0.200,32.950,5.000,98.0,47.0,-0.05128205195069313,-0.1538461595773697
42.245,12:13:40.454,15.969,0.445,7.107,0.000,0.000,0.000,0.075,0.088,0.122,5.000,1.000,0.000,5.000,5.000,0.200,32.950,5.000,98.0,47.0,-0.05128205195069313,-0.1538461595773697
42.357,12:13:40.566,15.941,0.407,6.495,0.000,0.000,0.000,0.079,0.090,0.131,5.000,1.000,0.000,5.000,5.000,0.200,32.950,5.000,98.0,47.0,-0.05128205195069313,-0.1538461595773697
42.469,12:13:40.679,15.941,0.407,6.495,0.000,0.000,0.000,0.079,0.090,0.131,5.000,1.000,0.000,5.000,5.000,0.200,32.950,5.000,98.0,47.0,-0.05128205195069313,-0.1538461595773697
42.581,12:13:40.982,15.941,0.407,6.495,0.000,0.000,0.000,0.079,0.090,0.131,5.000,1.000,0.000,5.000,5.000,0.200,32.950,5.000,98.0,47.0,-0.10256410390138626,-0.10256410390138626
42.885,12:13:41.094,15.940,0.425,6.775,0.000,0.000,0.000,0.077,0.089,0.126,5.000,1.000,0.000,5.000,5.000,0.200,32.952,5.000,98.0,47.0,-0.10256410390138626,-0.10256410390138626
42.996,12:13:41.206,15.940,0.425,6.775,0.000,0.000,0.000,0.077,0.089,0.126,5.000,1.000,0.000,5.000,5.000,0.200,32.952,5.000,98.0,47.0,-0.10256410390138626,-0.10256410390138626
43.108,12:13:41.318,15.940,0.425,6.775,0.000,0.000,0.000,0.077,0.089,0.126,5.000,1.000,0.000,5.000,5.000,0.200,32.952,5.000,98.0,47.0,-0.10256410390138626,-0.10256410390138626
43.220,12:13:41.430,15.956,0.432,6.890,0.000,0.000,0.000,0.073,0.092,0.125,5.000,1.000,0.000,5.000,5.000,0.200,32.952,5.000,98.0,47.0,-0.10256410390138626,-0.10256410390138626
43.333,12:13:41.543,15.956,0.432,6.890,0.000,0.000,0.000,0.073,0.092,0.125,5.000,1.000,0.000,5.000,5.000,0.200,32.952,5.000,98.0,47.0,-0.10256410390138626,-0.10256410390138626
43.445,12:13:41.654,15.956,0.432,6.890,0.000,0.000,0.000,0.073,0.092,0.125,5.000,1.000,0.000,5.000,5.000,0.200,32.952,5.000,98.0,47.0,-0.10256410390138626,-0.10256410390138626
43.572,12:13:41.782,15.969,0.426,6.806,0.000,0.000,0.000,0.072,0.084,0.115,5.000,1.000,0.000,5.000,5.000,0.200,32.949,5.000,98.0,47.0,-0.10256410390138626,-0.10256410390138626
43.683,12:13:42.085,15.969,0.426,6.806,0.000,0.000,0.000,0.072,0.084,0.115,5.000,1.000,0.000,5.000,5.000,0.200,32.949,5.000,98.0,47.0,-0.05128205195069313,-0.10256410390138626
43.988,12:13:42.198,15.944,0.381,6.075,0.000,0.000,0.000,0.073,0.087,0.120,5.000,1.000,0.000,5.000,5.000,0.200,32.948,5.000,98.0,47.0,-0.05128205195069313,-0.10256410390138626
44.100,12:13:42.310,15.944,0.381,6.075,0.000,0.000,0.000,0.073,0.087,0.120,5.000,1.000,0.000,5.000,5.000,0.200,32.948,5.000,98.0,47.0,-0.05128205195069313,-0.10256410390138626
44.212,12:13:42.422,15.944,0.381,6.075,0.000,0.000,0.000,0.073,0.087,0.120,5.000,1.000,0.000,5.000,5.000,0.200,32.948,5.000,98.0,47.0,-0.05128205195069313,-0.10256410390138626
44.323,12:13:42.532,15.944,0.381,6.075,0.000,0.000,0.000,0.073,0.087,0.120,5.000,1.000,0.000,5.000,5.000,0.200,32.948,5.000,98.0,47.0,-0.05128205195069313,-0.10256410390138626
44.435,12:13:42.645,15.986,0.451,7.207,0.000,0.000,0.000,0.074,0.083,0.116,5.000,1.000,0.000,5.000,5.000,0.200,32.948,5.000,98.0,47.0,-0.05128205195069313,-0.10256410390138626
44.547,12:13:42.757,15.986,0.451,7.207,0.000,0.000,0.000,0.074,0.083,0.116,5.000,1.000,0.000,5.000,5.000,0.200,32.948,5.000,98.0,47.0,-0.05128205195069313,-0.10256410390138626
44.659,12:13:42.869,15.986,0.451,7.207,0.000,0.000,0.000,0.074,0.083,0.116,5.000,1.000,0.000,5.000,5.000,0.200,32.948,5.000,98.0,47.0,-0.05128205195069313,-0.10256410390138626
44.772,12:13:43.173,15.986,0.451,7.207,0.000,0.000,0.000,0.074,0.083,0.116,5.000,1.000,0.000,5.000,5.000,0.200,32.948,5.000,98.0,47.0,0.0,-0.05128205195069313
45.075,12:13:43.285,15.957,0.418,6.666,0.000,0.000,0.000,0.078,0.082,0.119,5.000,1.000,0.000,5.000,5.000,0.200,32.945,5.000,98.0,47.0,0.0,-0.05128205195069313
45.188,12:13:43.397,15.961,0.419,6.681,0.000,0.000,0.000,0.073,0.080,0.113,5.000,1.000,0.000,5.000,5.000,0.200,32.943,5.000,98.0,47.0,0.0,-0.05128205195069313
45.300,12:13:43.509,15.961,0.419,6.681,0.000,0.000,0.000,0.073,0.080,0.113,5.000,1.000,0.000,5.000,5.000,0.200,32.943,5.000,98.0,47.0,0.0,-0.05128205195069313
45.411,12:13:43.620,15.961,0.419,6.681,0.000,0.000,0.000,0.073,0.080,0.113,5.000,1.000,0.000,5.000,5.000,0.200,32.943,5.000,98.0,47.0,0.0,-0.05128205195069313
45.522,12:13:43.732,15.961,0.419,6.681,0.000,0.000,0.000,0.073,0.080,0.113,5.000,1.000,0.000,5.000,5.000,0.200,32.943,5.000,98.0,47.0,0.0,-0.05128205195069313
45.635,12:13:43.845,15.954,0.432,6.887,0.000,0.000,0.000,0.076,0.088,0.125,5.000,1.000,0.000,5.000,5.000,0.200,32.947,5.000,98.0,47.0,0.0,-0.05128205195069313
45.747,12:13:43.956,15.954,0.432,6.887,0.000,0.000,0.000,0.076,0.088,0.125,5.000,1.000,0.000,5.000,5.000,0.200,32.947,5.000,98.0,47.0,0.0,-0.05128205195069313
45.859,12:13:44.260,15.954,0.432,6.887,0.000,0.000,0.000,0.076,0.088,0.125,5.000,1.000,0.000,5.000,5.000,0.200,32.947,5.000,98.0,47.0,0.0,-0.05128205195069313
46.162,12:13:44.372,15.961,0.414,6.612,0.000,0.000,0.000,0.077,0.082,0.118,5.000,1.000,0.000,5.000,5.000,0.200,32.945,5.000,98.0,47.0,0.0,-0.05128205195069313
46.275,12:13:44.484,15.961,0.414,6.612,0.000,0.000,0.000,0.077,0.082,0.118,5.000,1.000,0.000,5.000,5.000,0.200,32.945,5.000,98.0,47.0,0.0,-0.05128205195069313
46.387,12:13:44.597,15.961,0.414,6.612,0.000,0.000,0.000,0.077,0.082,0.118,5.000,1.000,0.000,5.000,5.000,0.200,32.945,5.000,98.0,47.0,0.0,-0.05128205195069313
46.498,12:13:44.708,15.965,0.417,6.659,0.000,0.000,0.000,0.075,0.081,0.115,5.000,1.000,0.000,5.000,5.000,0.200,32.948,5.000,98.0,47.0,0.0,-0.05128205195069313
46.611,12:13:44.820,15.965,0.417,6.659,0.000,0.000,0.000,0.075,0.081,0.115,5.000,1.000,0.000,5.000,5.000,0.200,32.948,5.000,98.0,47.0,0.0,-0.05128205195069313
46.722,12:13:44.931,15.965,0.417,6.659,0.000,0.000,0.000,0.075,0.081,0.115,5.000,1.000,0.000,5.000,5.000,0.200,32.948,5.000,98.0,47.0,0.0,-0.05128205195069313
46.835,12:13:45.044,15.962,0.452,7.218,0.000,0.000,0.000,0.068,0.081,0.107,5.000,1.000,0.000,5.000,5.000,0.200,32.942,5.000,98.0,47.0,0.0,-0.05128205195069313
46.946,12:13:45.347,15.962,0.452,7.218,0.000,0.000,0.000,0.068,0.081,0.107,5.000,1.000,0.000,5.000,5.000,0.200,32.942,5.000,98.0,47.0,-0.10256410390138626,-0.05128205195069313
47.250,12:13:45.460,15.968,0.374,5.964,0.000,0.000,0.000,0.074,0.078,0.110,5.000,1.000,0.000,5.000,5.000,0.200,32.943,5.000,98.0,47.0,-0.10256410390138626,-0.05128205195069313
47.361,12:13:45.571,15.968,0.374,5.964,0.000,0.000,0.000,0.074,0.078,0.110,5.000,1.000,0.000,5.000,5.000,0.200,32.943,5.000,98.0,47.0,-0.10256410390138626,-0.05128205195069313
47.474,12:13:45.684,15.968,0.374,5.964,0.000,0.000,0.000,0.074,0.078,0.110,5.000,1.000,0.000,5.000,5.000,0.200,32.943,5.000,98.0,47.0,-0.10256410390138626,-0.05128205195069313
47.586,12:13:45.795,15.968,0.374,5.964,0.000,0.000,0.000,0.074,0.078,0.110,5.000,1.000,0.000,5.000,5.000,0.200,32.943,5.000,98.0,47.0,-0.10256410390138626,-0.05128205195069313
47.698,12:13:45.908,15.960,0.420,6.699,0.000,0.000,0.000,0.077,0.083,0.118,5.000,1.000,0.000,5.000,5.000,0.200,32.939,5.000,98.0,47.0,-0.10256410390138626,-0.05128205195069313
47.810,12:13:46.019,15.960,0.420,6.699,0.000,0.000,0.000,0.077,0.083,0.118,5.000,1.000,0.000,5.000,5.000,0.200,32.939,5.000,98.0,47.0,-0.10256410390138626,-0.05128205195069313
47.921,12:13:46.130,15.960,0.420,6.699,0.000,0.000,0.000,0.077,0.083,0.118,5.000,1.000,0.000,5.000,5.000,0.200,32.939,5.000,98.0,47.0,-0.10256410390138626,-0.05128205195069313
48.032,12:13:46.434,15.948,0.442,7.056,0.000,0.000,0.000,0.072,0.084,0.116,5.000,1.000,0.000,5.000,5.000,0.200,32.943,5.000,98.0,47.0,-0.10256410390138626,-0.05128205195069313
48.336,12:13:46.546,15.948,0.442,7.056,0.000,0.000,0.000,0.072,0.084,0.116,5.000,1.000,0.000,5.000,5.000,0.200,32.943,5.000,98.0,47.0,-0.10256410390138626,-0.05128205195069313
48.449,12:13:46.659,15.964,0.393,6.279,0.000,0.000,0.000,0.072,0.081,0.112,5.000,1.000,0.000,5.000,5.000,0.200,32.939,5.000,98.0,47.0,-0.10256410390138626,-0.05128205195069313
48.561,12:13:46.770,15.964,0.393,6.279,0.000,0.000,0.000,0.072,0.081,0.112,5.000,1.000,0.000,5.000,5.000,0.200,32.939,5.000,98.0,47.0,-0.10256410390138626,-0.05128205195069313
48.673,12:13:46.882,15.964,0.393,6.279,0.000,0.000,0.000,0.072,0.081,0.112,5.000,1.000,0.000,5.000,5.000,0.200,32.939,5.000,98.0,47.0,-0.10256410390138626,-0.05128205195069313
48.785,12:13:46.995,15.964,0.393,6.279,0.000,0.000,0.000,0.072,0.081,0.112,5.000,1.000,0.000,5.000,5.000,0.200,32.939,5.000,98.0,47.0,-0.10256410390138626,-0.05128205195069313
48.897,12:13:47.107,15.962,0.415,6.619,0.000,0.000,0.000,0.076,0.079,0.117,5.000,1.000,0.000,5.000,5.000,0.200,32.944,5.000,98.0,47.0,-0.10256410390138626,-0.05128205195069313
49.010,12:13:47.219,15.962,0.415,6.619,0.000,0.000,0.000,0.076,0.079,0.117,5.000,1.000,0.000,5.000,5.000,0.200,32.944,5.000,98.0,47.0,-0.10256410390138626,-0.05128205195069313
49.120,12:13:47.523,15.962,0.415,6.619,0.000,0.000,0.000,0.076,0.079,0.117,5.000,1.000,0.000,5.000,5.000,0.200,32.944,5.000,98.0,47.0,0.0,-0.10256410390138626
49.425,12:13:47.634,15.948,0.445,7.094,0.000,0.000,0.000,0.074,0.076,0.110,5.000,1.000,0.000,5.000,5.000,0.200,32.937,5.000,98.0,47.0,0.0,-0.10256410390138626
49.537,12:13:47.746,15.948,0.445,7.094,0.000,0.000,0.000,0.074,0.076,0.110,5.000,1.000,0.000,5.000,5.000,0.200,32.937,5.000,98.0,47.0,0.0,-0.10256410390138626
49.648,12:13:47.857,15.936,0.449,7.149,0.000,0.000,0.000,0.082,0.095,0.140,5.000,1.000,0.000,5.000,5.000,0.200,32.945,5.000,98.0,47.0,0.0,-0.10256410390138626
49.761,12:13:47.970,15.936,0.449,7.149,0.000,0.000,0.000,0.082,0.095,0.140,5.000,1.000,0.000,5.000,5.000,0.200,32.945,5.000,98.0,47.0,0.0,-0.10256410390138626
49.873,12:13:48.082,15.936,0.449,7.149,0.000,0.000,0.000,0.082,0.095,0.140,5.000,1.000,0.000,5.000,5.000,0.200,32.945,5.000,98.0,47.0,0.0,-0.10256410390138626
49.985,12:13:48.194,15.936,0.449,7.149,0.000,0.000,0.000,0.082,0.095,0.140,5.000,1.000,0.000,5.000,5.000,0.200,32.945,5.000,98.0,47.0,0.0,-0.10256410390138626
50.096,12:13:48.306,15.942,0.423,6.747,0.000,0.000,0.000,0.083,0.092,0.137,5.000,1.000,0.000,5.000,5.000,0.200,32.943,5.000,98.0,47.0,0.0,-0.10256410390138626
50.208,12:13:48.610,15.942,0.423,6.747,0.000,0.000,0.000,0.083,0.092,0.137,5.000,1.000,0.000,5.000,5.000,0.200,32.943,5.000,98.0,47.0,-0.10256410390138626,-0.05128205195069313
50.513,12:13:48.722,15.945,0.385,6.144,0.000,0.000,0.000,0.082,0.094,0.138,5.000,1.000,0.000,5.000,5.000,0.200,32.944,5.000,98.0,47.0,-0.10256410390138626,-0.05128205195069313
50.625,12:13:48.834,15.945,0.385,6.144,0.000,0.000,0.000,0.082,0.094,0.138,5.000,1.000,0.000,5.000,5.000,0.200,32.944,5.000,98.0,47.0,-0.10256410390138626,-0.05128205195069313
50.736,12:13:48.946,15.945,0.385,6.144,0.000,0.000,0.000,0.082,0.094,0.138,5.000,1.000,0.000,5.000,5.000,0.200,32.944,5.000,98.0,47.0,-0.10256410390138626,-0.05128205195069313
50.848,12:13:49.058,15.945,0.385,6.144,0.000,0.000,0.000,0.082,0.094,0.138,5.000,1.000,0.000,5.000,5.000,0.200,32.944,5.000,98.0,47.0,-0.10256410390138626,-0.05128205195069313
50.960,12:13:49.170,15.939,0.445,7.100,0.000,0.000,0.000,0.082,0.096,0.140,5.000,1.000,0.000,5.000,5.000,0.200,32.946,5.000,98.0,47.0,-0.10256410390138626,-0.05128205195069313
51.072,12:13:49.282,15.939,0.445,7.100,0.000,0.000,0.000,0.082,0.096,0.140,5.000,1.000,0.000,5.000,5.000,0.200,32.946,5.000,98.0,47.0,-0.10256410390138626,-0.05128205195069313
51.184,12:13:49.394,15.939,0.445,7.100,0.000,0.000,0.000,0.082,0.096,0.140,5.000,1.000,0.000,5.000,5.000,0.200,32.946,5.000,98.0,47.0,-0.10256410390138626,-0.05128205195069313
51.296,12:13:49.697,15.935,0.413,6.577,0.000,0.000,0.000,0.082,0.090,0.134,5.000,1.000,0.000,5.000,5.000,0.200,32.941,5.000,98.0,47.0,-0.05128205195069313,-0.10256410390138626
51.599,12:13:49.809,15.935,0.413,6.577,0.000,0.000,0.000,0.082,0.090,0.134,5.000,1.000,0.000,5.000,5.000,0.200,32.941,5.000,98.0,47.0,-0.05128205195069313,-0.10256410390138626
51.712,12:13:49.922,15.941,0.422,6.731,0.000,0.000,0.000,0.080,0.094,0.136,5.000,1.000,0.000,5.000,5.000,0.200,32.940,5.000,98.0,47.0,-0.05128205195069313,-0.10256410390138626
51.823,12:13:50.033,15.941,0.422,6.731,0.000,0.000,0.000,0.080,0.094,0.136,5.000,1.000,0.000,5.000,5.000,0.200,32.940,5.000,98.0,47.0,-0.05128205195069313,-0.10256410390138626
51.935,12:13:50.145,15.941,0.422,6.731,0.000,0.000,0.000,0.080,0.094,0.136,5.000,1.000,0.000,5.000,5.000,0.200,32.940,5.000,98.0,47.0,-0.05128205195069313,-0.10256410390138626
52.047,12:13:50.257,15.941,0.422,6.731,0.000,0.000,0.000,0.080,0.094,0.136,5.000,1.000,0.000,5.000,5.000,0.200,32.940,5.000,98.0,47.0,-0.05128205195069313,-0.10256410390138626
52.160,12:13:50.369,15.933,0.430,6.849,0.000,0.000,0.000,0.076,0.095,0.132,5.000,1.000,0.000,5.000,5.000,0.200,32.942,5.000,98.0,47.0,-0.05128205195069313,-0.10256410390138626
52.271,12:13:50.481,15.933,0.430,6.849,0.000,0.000,0.000,0.076,0.095,0.132,5.000,1.000,0.000,5.000,5.000,0.200,32.942,5.000,98.0,47.0,-0.05128205195069313,-0.10256410390138626
52.384,12:13:50.785,15.933,0.430,6.849,0.000,0.000,0.000,0.076,0.095,0.132,5.000,1.000,0.000,5.000,5.000,0.200,32.942,5.000,98.0,47.0,-0.05128205195069313,-0.05128205195069313
52.686,12:13:50.896,15.957,0.428,6.828,0.000,0.000,0.000,0.076,0.097,0.136,5.000,1.000,0.000,5.000,5.000,0.200,32.941,5.000,98.0,47.0,-0.05128205195069313,-0.05128205195069313
52.799,12:13:51.009,15.957,0.428,6.828,0.000,0.000,0.000,0.076,0.097,0.136,5.000,1.000,0.000,5.000,5.000,0.200,32.941,5.000,98.0,47.0,-0.05128205195069313,-0.05128205195069313
52.911,12:13:51.121,15.938,0.420,6.696,0.000,0.000,0.000,0.081,0.096,0.140,5.000,1.000,0.000,5.000,5.000,0.200,32.940,5.000,98.0,47.0,-0.05128205195069313,-0.05128205195069313
53.024,12:13:51.233,15.938,0.420,6.696,0.000,0.000,0.000,0.081,0.096,0.140,5.000,1.000,0.000,5.000,5.000,0.200,32.940,5.000,98.0,47.0,-0.05128205195069313,-0.05128205195069313
53.135,12:13:51.344,15.938,0.420,6.696,0.000,0.000,0.000,0.081,0.096,0.140,5.000,1.000,0.000,5.000,5.000,0.200,32.940,5.000,98.0,47.0,-0.05128205195069313,-0.05128205195069313
53.247,12:13:51.457,15.938,0.420,6.696,0.000,0.000,0.000,0.081,0.096,0.140,5.000,1.000,0.000,5.000,5.000,0.200,32.940,5.000,98.0,47.0,-0.05128205195069313,-0.05128205195069313
53.358,12:13:51.568,15.977,0.431,6.883,0.000,0.000,0.000,0.078,0.091,0.129,5.000,1.000,0.000,5.000,5.000,0.200,32.937,5.000,98.0,47.0,-0.05128205195069313,-0.05128205195069313
53.470,12:13:51.872,15.977,0.431,6.883,0.000,0.000,0.000,0.078,0.091,0.129,5.000,1.000,0.000,5.000,5.000,0.200,32.937,5.000,98.0,47.0,-0.10256410390138626,-0.05128205195069313
53.775,12:13:51.984,15.950,0.390,6.222,0.000,0.000,0.000,0.076,0.091,0.127,5.000,1.000,0.000,5.000,5.000,0.200,32.936,5.000,98.0,47.0,-0.10256410390138626,-0.05128205195069313
53.886,12:13:52.095,15.950,0.390,6.222,0.000,0.000,0.000,0.076,0.091,0.127,5.000,1.000,0.000,5.000,5.000,0.200,32.936,5.000,98.0,47.0,-0.10256410390138626,-0.05128205195069313
53.999,12:13:52.208,15.950,0.390,6.222,0.000,0.000,0.000,0.076,0.091,0.127,5.000,1.000,0.000,5.000,5.000,0.200,32.936,5.000,98.0,47.0,-0.10256410390138626,-0.05128205195069313
54.109,12:13:52.319,15.959,0.423,6.745,0.000,0.000,0.000,0.080,0.093,0.135,5.000,1.000,0.000,5.000,5.000,0.200,32.934,5.000,98.0,47.0,-0.10256410390138626,-0.05128205195069313
54.223,12:13:52.432,15.959,0.423,6.745,0.000,0.000,0.000,0.080,0.093,0.135,5.000,1.000,0.000,5.000,5.000,0.200,32.934,5.000,98.0,47.0,-0.10256410390138626,-0.05128205195069313
54.334,12:13:52.544,15.959,0.423,6.745,0.000,0.000,0.000,0.080,0.093,0.135,5.000,1.000,0.000,5.000,5.000,0.200,32.934,5.000,98.0,47.0,-0.10256410390138626,-0.05128205195069313
54.446,12:13:52.656,15.959,0.423,6.745,0.000,0.000,0.000,0.080,0.093,0.135,5.000,1.000,0.000,5.000,5.000,0.200,32.934,5.000,98.0,47.0,-0.10256410390138626,-0.05128205195069313
54.557,12:13:52.960,15.949,0.418,6.672,0.000,0.000,0.000,0.072,0.091,0.124,5.000,1.000,0.000,5.000,5.000,0.200,32.929,5.000,98.0,47.0,-0.05128205195069313,-0.10256410390138626
54.862,12:13:53.071,15.949,0.418,6.672,0.000,0.000,0.000,0.072,0.091,0.124,5.000,1.000,0.000,5.000,5.000,0.200,32.929,5.000,98.0,47.0,-0.05128205195069313,-0.10256410390138626
54.974,12:13:53.183,15.951,0.400,6.387,0.000,0.000,0.000,0.081,0.091,0.134,5.000,1.000,0.000,5.000,5.000,0.200,32.936,5.000,98.0,47.0,-0.05128205195069313,-0.10256410390138626
55.085,12:13:53.295,15.951,0.400,6.387,0.000,0.000,0.000,0.081,0.091,0.134,5.000,1.000,0.000,5.000,5.000,0.200,32.936,5.000,98.0,47.0,-0.05128205195069313,-0.10256410390138626
55.198,12:13:53.407,15.951,0.400,6.387,0.000,0.000,0.000,0.081,0.091,0.134,5.000,1.000,0.000,5.000,5.000,0.200,32.936,5.000,98.0,47.0,-0.05128205195069313,-0.10256410390138626
55.310,12:13:53.519,15.951,0.400,6.387,0.000,0.000,0.000,0.081,0.091,0.134,5.000,1.000,0.000,5.000,5.000,0.200,32.936,5.000,98.0,47.0,-0.05128205195069313,-0.10256410390138626
55.422,12:13:53.632,15.954,0.422,6.737,0.000,0.000,0.000,0.077,0.093,0.131,5.000,1.000,0.000,5.000,5.000,0.200,32.937,5.000,98.0,47.0,-0.05128205195069313,-0.10256410390138626
55.533,12:13:53.743,15.954,0.422,6.737,0.000,0.000,0.000,0.077,0.093,0.131,5.000,1.000,0.000,5.000,5.000,0.200,32.937,5.000,98.0,47.0,-0.05128205195069313,-0.10256410390138626
55.645,12:13:54.046,15.954,0.422,6.737,0.000,0.000,0.000,0.077,0.093,0.131,5.000,1.000,0.000,5.000,5.000,0.200,32.937,5.000,98.0,47.0,0.0,-0.10256410390138626
55.949,12:13:54.159,15.961,0.425,6.783,0.000,0.000,0.000,0.082,0.093,0.138,5.000,1.000,0.000,5.000,5.000,0.200,32.936,5.000,98.0,47.0,0.0,-0.10256410390138626
56.060,12:13:54.270,15.961,0.425,6.783,0.000,0.000,0.000,0.082,0.093,0.138,5.000,1.000,0.000,5.000,5.000,0.200,32.936,5.000,98.0,47.0,0.0,-0.10256410390138626
56.173,12:13:54.383,15.960,0.413,6.593,0.000,0.000,0.000,0.078,0.093,0.132,5.000,1.000,0.000,5.000,5.000,0.200,32.934,5.000,98.0,47.0,0.0,-0.10256410390138626
56.284,12:13:54.494,15.960,0.413,6.593,0.000,0.000,0.000,0.078,0.093,0.132,5.000,1.000,0.000,5.000,5.000,0.200,32.934,5.000,98.0,47.0,0.0,-0.10256410390138626
56.397,12:13:54.607,15.960,0.413,6.593,0.000,0.000,0.000,0.078,0.093,0.132,5.000,1.000,0.000,5.000,5.000,0.200,32.934,5.000,98.0,47.0,0.0,-0.10256410390138626
56.509,12:13:54.719,15.960,0.413,6.593,0.000,0.000,0.000,0.078,0.093,0.132,5.000,1.000,0.000,5.000,5.000,0.200,32.934,5.000,98.0,47.0,0.0,-0.10256410390138626
56.621,12:13:54.830,15.962,0.417,6.662,0.000,0.000,0.000,0.074,0.091,0.126,5.000,1.000,0.000,5.000,5.000,0.200,32.934,5.000,98.0,47.0,0.0,-0.10256410390138626
56.733,12:13:55.134,15.962,0.417,6.662,0.000,0.000,0.000,0.074,0.091,0.126,5.000,1.000,0.000,5.000,5.000,0.200,32.934,5.000,98.0,47.0,-0.10256410390138626,-0.05128205195069313
57.036,12:13:55.245,15.972,0.411,6.568,0.000,0.000,0.000,0.077,0.092,0.130,5.000,1.000,0.000,5.000,5.000,0.200,32.934,5.000,98.0,47.0,-0.10256410390138626,-0.05128205195069313
57.149,12:13:55.358,15.972,0.411,6.568,0.000,0.000,0.000,0.077,0.092,0.130,5.000,1.000,0.000,5.000,5.000,0.200,32.934,5.000,98.0,47.0,-0.10256410390138626,-0.05128205195069313
57.261,12:13:55.470,15.972,0.411,6.568,0.000,0.000,0.000,0.077,0.092,0.130,5.000,1.000,0.000,5.000,5.000,0.200,32.934,5.000,98.0,47.0,-0.10256410390138626,-0.05128205195069313
57.372,12:13:55.582,15.925,0.445,7.083,0.000,0.000,0.000,0.077,0.091,0.128,5.000,1.000,0.000,5.000,5.000,0.200,32.929,5.000,98.0,47.0,-0.10256410390138626,-0.05128205195069313
57.483,12:13:55.693,15.925,0.445,7.083,0.000,0.000,0.000,0.077,0.091,0.128,5.000,1.000,0.000,5.000,5.000,0.200,32.929,5.000,98.0,47.0,-0.10256410390138626,-0.05128205195069313
57.595,12:13:55.804,15.925,0.445,7.083,0.000,0.000,0.000,0.077,0.091,0.128,5.000,1.000,0.000,5.000,5.000,0.200,32.929,5.000,98.0,47.0,-0.10256410390138626,-0.05128205195069313
57.708,12:13:55.918,15.925,0.445,7.083,0.000,0.000,0.000,0.077,0.091,0.128,5.000,1.000,0.000,5.000,5.000,0.200,32.929,5.000,98.0,47.0,-0.10256410390138626,-0.05128205195069313
57.820,12:13:56.221,15.937,0.416,6.625,0.000,0.000,0.000,0.077,0.089,0.128,5.000,1.000,0.000,5.000,5.000,0.200,32.932,5.000,98.0,47.0,-0.10256410390138626,-0.10256410390138626
58.124,12:13:56.334,15.937,0.416,6.625,0.000,0.000,0.000,0.077,0.089,0.128,5.000,1.000,0.000,5.000,5.000,0.200,32.932,5.000,98.0,47.0,-0.10256410390138626,-0.10256410390138626
58.235,12:13:56.445,15.936,0.417,6.651,0.000,0.000,0.000,0.075,0.088,0.123,5.000,1.000,0.000,5.000,5.000,0.200,32.930,5.000,98.0,47.0,-0.10256410390138626,-0.10256410390138626
58.348,12:13:56.557,15.936,0.417,6.651,0.000,0.000,0.000,0.075,0.088,0.123,5.000,1.000,0.000,5.000,5.000,0.200,32.930,5.000,98.0,47.0,-0.10256410390138626,-0.10256410390138626
58.459,12:13:56.669,15.936,0.417,6.651,0.000,0.000,0.000,0.075,0.088,0.123,5.000,1.000,0.000,5.000,5.000,0.200,32.930,5.000,98.0,47.0,-0.10256410390138626,-0.10256410390138626
58.571,12:13:56.780,15.950,0.430,6.865,0.000,0.000,0.000,0.077,0.089,0.127,5.000,1.000,0.000,5.000,5.000,0.200,32.933,5.000,98.0,47.0,-0.10256410390138626,-0.10256410390138626
58.683,12:13:56.892,15.950,0.430,6.865,0.000,0.000,0.000,0.077,0.089,0.127,5.000,1.000,0.000,5.000,5.000,0.200,32.933,5.000,98.0,47.0,-0.10256410390138626,-0.10256410390138626
58.796,12:13:57.005,15.950,0.430,6.865,0.000,0.000,0.000,0.077,0.089,0.127,5.000,1.000,0.000,5.000,5.000,0.200,32.933,5.000,98.0,47.0,-0.10256410390138626,-0.10256410390138626
58.908,12:13:57.308,15.950,0.430,6.865,0.000,0.000,0.000,0.077,0.089,0.127,5.000,1.000,0.000,5.000,5.000,0.200,32.933,5.000,98.0,47.0,-0.05128205195069313,-0.10256410390138626
59.210,12:13:57.420,15.948,0.426,6.795,0.000,0.000,0.000,0.079,0.091,0.131,5.000,1.000,0.000,5.000,5.000,0.200,32.929,5.000,98.0,47.0,-0.05128205195069313,-0.10256410390138626
59.323,12:13:57.533,15.948,0.426,6.795,0.000,0.000,0.000,0.079,0.091,0.131,5.000,1.000,0.000,5.000,5.000,0.200,32.929,5.000,98.0,47.0,-0.05128205195069313,-0.10256410390138626
59.435,12:13:57.645,15.960,0.411,6.561,0.000,0.000,0.000,0.081,0.090,0.132,5.000,1.000,0.000,5.000,5.000,0.200,32.931,5.000,98.0,47.0,-0.05128205195069313,-0.10256410390138626
59.547,12:13:57.756,15.960,0.411,6.561,0.000,0.000,0.000,0.081,0.090,0.132,5.000,1.000,0.000,5.000,5.000,0.200,32.931,5.000,98.0,47.0,-0.05128205195069313,-0.10256410390138626
59.659,12:13:57.869,15.960,0.411,6.561,0.000,0.000,0.000,0.081,0.090,0.132,5.000,1.000,0.000,5.000,5.000,0.200,32.931,5.000,98.0,47.0,-0.05128205195069313,-0.10256410390138626
59.771,12:13:57.981,15.960,0.411,6.561,0.000,0.000,0.000,0.081,0.090,0.132,5.000,1.000,0.000,5.000,5.000,0.200,32.931,5.000,98.0,47.0,-0.05128205195069313,-0.10256410390138626
59.882,12:13:58.092,15.964,0.429,6.845,0.000,0.000,0.000,0.077,0.088,0.126,5.000,1.000,0.000,5.000,5.000,0.200,32.933,5.000,98.0,47.0,-0.05128205195069313,-0.10256410390138626
59.995,12:13:58.396,15.964,0.429,6.845,0.000,0.000,0.000,0.077,0.088,0.126,5.000,1.000,0.000,5.000,5.000,0.200,32.933,5.000,98.0,47.0,0.0,0.0
60.298,12:13:58.508,15.955,0.383,6.115,0.000,0.000,0.000,0.074,0.087,0.122,5.000,1.000,0.000,5.000,5.000,0.200,32.926,5.000,98.0,47.0,0.0,0.0
60.411,12:13:58.620,15.955,0.383,6.115,0.000,0.000,0.000,0.074,0.087,0.122,5.000,1.000,0.000,5.000,5.000,0.200,32.926,5.000,98.0,47.0,0.0,0.0
60.523,12:13:58.732,15.955,0.383,6.115,0.000,0.000,0.000,0.074,0.087,0.122,5.000,1.000,0.000,5.000,5.000,0.200,32.926,5.000,98.0,47.0,0.0,0.0
60.634,12:13:58.844,15.946,0.424,6.757,0.000,0.000,0.000,0.072,0.089,0.120,5.000,1.000,0.000,5.000,5.000,0.200,32.927,5.000,98.0,47.0,0.0,0.0
60.746,12:13:58.955,15.946,0.424,6.757,0.000,0.000,0.000,0.072,0.089,0.120,5.000,1.000,0.000,5.000,5.000,0.200,32.927,5.000,98.0,47.0,0.0,0.0
60.859,12:13:59.068,15.946,0.424,6.757,0.000,0.000,0.000,0.072,0.089,0.120,5.000,1.000,0.000,5.000,5.000,0.200,32.927,5.000,98.0,47.0,0.0,0.0
60.970,12:13:59.180,15.946,0.424,6.757,0.000,0.000,0.000,0.072,0.089,0.120,5.000,1.000,0.000,5.000,5.000,0.200,32.927,5.000,98.0,47.0,0.0,0.0
61.081,12:13:59.483,15.937,0.413,6.584,0.000,0.000,0.000,0.077,0.087,0.123,5.000,1.000,0.000,5.000,5.000,0.200,32.930,5.000,98.0,47.0,0.0,-0.10256410390138626
61.385,12:13:59.595,15.937,0.413,6.584,0.000,0.000,0.000,0.077,0.087,0.123,5.000,1.000,0.000,5.000,5.000,0.200,32.930,5.000,98.0,47.0,0.0,-0.10256410390138626
61.498,12:13:59.707,15.965,0.395,6.299,0.000,0.000,0.000,0.078,0.085,0.124,5.000,1.000,0.000,5.000,5.000,0.200,32.928,5.000,98.0,47.0,0.0,-0.10256410390138626
61.610,12:13:59.819,15.965,0.395,6.299,0.000,0.000,0.000,0.078,0.085,0.124,5.000,1.000,0.000,5.000,5.000,0.200,32.928,5.000,98.0,47.0,0.0,-0.10256410390138626
61.722,12:13:59.931,15.965,0.395,6.299,0.000,0.000,0.000,0.078,0.085,0.124,5.000,1.000,0.000,5.000,5.000,0.200,32.928,5.000,98.0,47.0,0.0,-0.10256410390138626
61.832,12:14:00.042,15.955,0.425,6.777,0.000,0.000,0.000,0.072,0.089,0.121,5.000,1.000,0.000,5.000,5.000,0.200,32.924,5.000,98.0,47.0,0.0,-0.10256410390138626
61.945,12:14:00.155,15.955,0.425,6.777,0.000,0.000,0.000,0.072,0.089,0.121,5.000,1.000,0.000,5.000,5.000,0.200,32.924,5.000,98.0,47.0,0.0,-0.10256410390138626
62.058,12:14:00.267,15.955,0.425,6.777,0.000,0.000,0.000,0.072,0.089,0.121,5.000,1.000,0.000,5.000,5.000,0.200,32.924,5.000,98.0,47.0,0.0,-0.10256410390138626
62.170,12:14:00.570,15.955,0.425,6.777,0.000,0.000,0.000,0.072,0.089,0.121,5.000,1.000,0.000,5.000,5.000,0.200,32.924,5.000,98.0,47.0,-0.05128205195069313,-0.10256410390138626
62.473,12:14:00.683,15.955,0.424,6.757,0.000,0.000,0.000,0.070,0.088,0.117,5.000,1.000,0.000,5.000,5.000,0.200,32.922,5.000,98.0,47.0,-0.05128205195069313,-0.10256410390138626
62.585,12:14:00.795,15.955,0.424,6.757,0.000,0.000,0.000,0.070,0.088,0.117,5.000,1.000,0.000,5.000,5.000,0.200,32.922,5.000,98.0,47.0,-0.05128205195069313,-0.10256410390138626
62.697,12:14:00.907,15.939,0.417,6.650,0.000,0.000,0.000,0.073,0.090,0.122,5.000,1.000,0.000,5.000,5.000,0.200,32.929,5.000,98.0,47.0,-0.05128205195069313,-0.10256410390138626
62.808,12:14:01.017,15.939,0.417,6.650,0.000,0.000,0.000,0.073,0.090,0.122,5.000,1.000,0.000,5.000,5.000,0.200,32.929,5.000,98.0,47.0,-0.05128205195069313,-0.10256410390138626
62.921,12:14:01.131,15.939,0.417,6.650,0.000,0.000,0.000,0.073,0.090,0.122,5.000,1.000,0.000,5.000,5.000,0.200,32.929,5.000,98.0,47.0,-0.05128205195069313,-0.10256410390138626
63.032,12:14:01.242,15.961,0.438,6.995,0.000,0.000,0.000,0.077,0.087,0.124,5.000,1.000,0.000,5.000,5.000,0.200,32.926,5.000,98.0,47.0,-0.05128205195069313,-0.10256410390138626
63.144,12:14:01.354,15.961,0.438,6.995,0.000,0.000,0.000,0.077,0.087,0.124,5.000,1.000,0.000,5.000,5.000,0.200,32.926,5.000,98.0,47.0,-0.05128205195069313,-0.10256410390138626
63.257,12:14:01.657,15.961,0.438,6.995,0.000,0.000,0.000,0.077,0.087,0.124,5.000,1.000,0.000,5.000,5.000,0.200,32.926,5.000,98.0,47.0,0.0,0.0
63.561,12:14:01.770,15.948,0.407,6.485,0.000,0.000,0.000,0.078,0.084,0.121,5.000,1.000,0.000,5.000,5.000,0.200,32.928,5.000,98.0,47.0,0.0,0.0
63.672,12:14:01.882,15.948,0.407,6.485,0.000,0.000,0.000,0.078,0.084,0.121,5.000,1.000,0.000,5.000,5.000,0.200,32.928,5.000,98.0,47.0,0.0,0.0
63.785,12:14:01.994,15.948,0.407,6.485,0.000,0.000,0.000,0.078,0.084,0.121,5.000,1.000,0.000,5.000,5.000,0.200,32.928,5.000,98.0,47.0,0.0,0.0
63.896,12:14:02.106,15.956,0.420,6.701,0.000,0.000,0.000,0.073,0.081,0.113,5.000,1.000,0.000,5.000,5.000,0.200,32.921,5.000,98.0,47.0,0.0,0.0
64.009,12:14:02.218,15.956,0.420,6.701,0.000,0.000,0.000,0.073,0.081,0.113,5.000,1.000,0.000,5.000,5.000,0.200,32.921,5.000,98.0,47.0,0.0,0.0
64.120,12:14:02.330,15.956,0.420,6.701,0.000,0.000,0.000,0.073,0.081,0.113,5.000,1.000,0.000,5.000,5.000,0.200,32.921,5.000,98.0,47.0,0.0,0.0
64.231,12:14:02.441,15.956,0.420,6.701,0.000,0.000,0.000,0.073,0.081,0.113,5.000,1.000,0.000,5.000,5.000,0.200,32.921,5.000,98.0,47.0,0.0,0.0
64.344,12:14:02.744,15.956,0.439,7.011,0.000,0.000,0.000,0.076,0.081,0.116,5.000,1.000,0.000,5.000,5.000,0.200,32.922,5.000,98.0,47.0,-0.10256410390138626,-0.05128205195069313
64.663,12:14:02.872,15.944,0.393,6.260,0.000,0.000,0.000,0.071,0.079,0.110,5.000,1.000,0.000,5.000,5.000,0.200,32.925,5.000,98.0,47.0,-0.10256410390138626,-0.05128205195069313
64.776,12:14:02.985,15.944,0.393,6.260,0.000,0.000,0.000,0.071,0.079,0.110,5.000,1.000,0.000,5.000,5.000,0.200,32.925,5.000,98.0,47.0,-0.10256410390138626,-0.05128205195069313
64.888,12:14:03.097,15.944,0.393,6.260,0.000,0.000,0.000,0.071,0.079,0.110,5.000,1.000,0.000,5.000,5.000,0.200,32.925,5.000,98.0,47.0,-0.10256410390138626,-0.05128205195069313
65.000,12:14:03.209,15.944,0.393,6.260,0.000,0.000,0.000,0.071,0.079,0.110,5.000,1.000,0.000,5.000,5.000,0.200,32.925,5.000,98.0,47.0,-0.10256410390138626,-0.05128205195069313
65.111,12:14:03.320,15.960,0.418,6.677,0.000,0.000,0.000,0.070,0.081,0.110,5.000,1.000,0.000,5.000,5.000,0.200,32.924,5.000,98.0,47.0,-0.10256410390138626,-0.05128205195069313
65.224,12:14:03.433,15.960,0.418,6.677,0.000,0.000,0.000,0.070,0.081,0.110,5.000,1.000,0.000,5.000,5.000,0.200,32.924,5.000,98.0,47.0,-0.10256410390138626,-0.05128205195069313
65.336,12:14:03.545,15.960,0.418,6.677,0.000,0.000,0.000,0.070,0.081,0.110,5.000,1.000,0.000,5.000,5.000,0.200,32.924,5.000,98.0,47.0,-0.10256410390138626,-0.05128205195069313
65.446,12:14:03.848,15.960,0.418,6.677,0.000,0.000,0.000,0.070,0.081,0.110,5.000,1.000,0.000,5.000,5.000,0.200,32.924,5.000,98.0,47.0,-0.10256410390138626,-0.05128205195069313
65.751,12:14:03.961,15.965,0.440,7.024,0.000,0.000,0.000,0.073,0.083,0.116,5.000,1.000,0.000,5.000,5.000,0.200,32.924,5.000,98.0,47.0,-0.10256410390138626,-0.05128205195069313
65.879,12:14:04.088,15.962,0.421,6.713,0.000,0.000,0.000,0.071,0.077,0.106,5.000,1.000,0.000,5.000,5.000,0.200,32.925,5.000,98.0,47.0,-0.10256410390138626,-0.05128205195069313
65.990,12:14:04.200,15.962,0.421,6.713,0.000,0.000,0.000,0.071,0.077,0.106,5.000,1.000,0.000,5.000,5.000,0.200,32.925,5.000,98.0,47.0,-0.10256410390138626,-0.05128205195069313
66.103,12:14:04.312,15.962,0.421,6.713,0.000,0.000,0.000,0.071,0.077,0.106,5.000,1.000,0.000,5.000,5.000,0.200,32.925,5.000,98.0,47.0,-0.10256410390138626,-0.05128205195069313
66.215,12:14:04.424,15.962,0.421,6.713,0.000,0.000,0.000,0.071,0.077,0.106,5.000,1.000,0.000,5.000,5.000,0.200,32.925,5.000,98.0,47.0,-0.10256410390138626,-0.05128205195069313
66.327,12:14:04.536,15.962,0.423,6.755,0.000,0.000,0.000,0.077,0.081,0.117,5.000,1.000,0.000,5.000,5.000,0.200,32.927,5.000,98.0,47.0,-0.10256410390138626,-0.05128205195069313
66.439,12:14:04.648,15.962,0.423,6.755,0.000,0.000,0.000,0.077,0.081,0.117,5.000,1.000,0.000,5.000,5.000,0.200,32.927,5.000,98.0,47.0,-0.10256410390138626,-0.05128205195069313
66.551,12:14:04.952,15.962,0.423,6.755,0.000,0.000,0.000,0.077,0.081,0.117,5.000,1.000,0.000,5.000,5.000,0.200,32.927,5.000,98.0,47.0,-0.05128205195069313,-0.05128205195069313
66.853,12:14:05.063,15.946,0.428,6.821,0.000,0.000,0.000,0.075,0.081,0.115,5.000,1.000,0.000,5.000,5.000,0.200,32.925,5.000,98.0,47.0,-0.05128205195069313,-0.05128205195069313
66.966,12:14:05.175,15.946,0.428,6.821,0.000,0.000,0.000,0.075,0.081,0.115,5.000,1.000,0.000,5.000,5.000,0.200,32.925,5.000,98.0,47.0,-0.05128205195069313,-0.05128205195069313
67.093,12:14:05.302,15.961,0.376,6.008,0.000,0.000,0.000,0.083,0.075,0.118,5.000,1.000,0.000,5.000,5.000,0.200,32.922,5.000,98.0,47.0,-0.05128205195069313,-0.05128205195069313
67.205,12:14:05.414,15.961,0.376,6.008,0.000,0.000,0.000,0.083,0.075,0.118,5.000,1.000,0.000,5.000,5.000,0.200,32.922,5.000,98.0,47.0,-0.05128205195069313,-0.05128205195069313
67.318,12:14:05.527,15.961,0.376,6.008,0.000,0.000,0.000,0.083,0.075,0.118,5.000,1.000,0.000,5.000,5.000,0.200,32.922,5.000,98.0,47.0,-0.05128205195069313,-0.05128205195069313
67.429,12:14:05.639,15.961,0.376,6.008,0.000,0.000,0.000,0.083,0.075,0.118,5.000,1.000,0.000,5.000,5.000,0.200,32.922,5.000,98.0,47.0,-0.05128205195069313,-0.05128205195069313
67.542,12:14:05.752,15.936,0.420,6.690,0.000,0.000,0.000,0.079,0.087,0.127,5.000,1.000,0.000,5.000,5.000,0.200,32.926,5.000,98.0,47.0,-0.05128205195069313,-0.05128205195069313
67.654,12:14:06.054,15.936,0.420,6.690,0.000,0.000,0.000,0.079,0.087,0.127,5.000,1.000,0.000,5.000,5.000,0.200,32.926,5.000,98.0,47.0,-0.05128205195069313,-0.05128205195069313
67.958,12:14:06.167,15.936,0.391,6.230,0.000,0.000,0.000,0.085,0.090,0.138,5.000,1.000,0.000,5.000,5.000,0.200,32.930,5.000,98.0,47.0,-0.05128205195069313,-0.05128205195069313
68.070,12:14:06.279,15.936,0.391,6.230,0.000,0.000,0.000,0.085,0.090,0.138,5.000,1.000,0.000,5.000,5.000,0.200,32.930,5.000,98.0,47.0,-0.05128205195069313,-0.05128205195069313
68.181,12:14:06.391,15.936,0.391,6.230,0.000,0.000,0.000,0.085,0.090,0.138,5.000,1.000,0.000,5.000,5.000,0.200,32.930,5.000,98.0,47.0,-0.05128205195069313,-0.05128205195069313
68.309,12:14:06.518,15.919,0.412,6.566,0.000,0.000,0.000,0.080,0.090,0.132,5.000,1.000,0.000,5.000,5.000,0.200,32.927,5.000,98.0,47.0,-0.05128205195069313,-0.05128205195069313
68.422,12:14:06.631,15.919,0.412,6.566,0.000,0.000,0.000,0.080,0.090,0.132,5.000,1.000,0.000,5.000,5.000,0.200,32.927,5.000,98.0,47.0,-0.05128205195069313,-0.05128205195069313
68.533,12:14:06.743,15.919,0.412,6.566,0.000,0.000,0.000,0.080,0.090,0.132,5.000,1.000,0.000,5.000,5.000,0.200,32.927,5.000,98.0,47.0,-0.05128205195069313,-0.05128205195069313
68.644,12:14:06.854,15.919,0.412,6.566,0.000,0.000,0.000,0.080,0.090,0.132,5.000,1.000,0.000,5.000,5.000,0.200,32.927,5.000,98.0,47.0,-0.05128205195069313,-0.05128205195069313
68.757,12:14:07.158,15.936,0.429,6.843,0.000,0.000,0.000,0.077,0.094,0.132,5.000,1.000,0.000,5.000,5.000,0.200,32.925,5.000,98.0,47.0,-0.05128205195069313,-0.10256410390138626
69.061,12:14:07.271,15.936,0.429,6.843,0.000,0.000,0.000,0.077,0.094,0.132,5.000,1.000,0.000,5.000,5.000,0.200,32.925,5.000,98.0,47.0,-0.05128205195069313,-0.10256410390138626
69.172,12:14:07.382,15.931,0.416,6.631,0.000,0.000,0.000,0.084,0.092,0.139,5.000,1.000,0.000,5.000,5.000,0.200,32.926,5.000,98.0,47.0,-0.05128205195069313,-0.10256410390138626
69.285,12:14:07.494,15.931,0.416,6.631,0.000,0.000,0.000,0.084,0.092,0.139,5.000,1.000,0.000,5.000,5.000,0.200,32.926,5.000,98.0,47.0,-0.05128205195069313,-0.10256410390138626
69.397,12:14:07.606,15.931,0.416,6.631,0.000,0.000,0.000,0.084,0.092,0.139,5.000,1.000,0.000,5.000,5.000,0.200,32.926,5.000,98.0,47.0,-0.05128205195069313,-0.10256410390138626
69.509,12:14:07.719,15.931,0.416,6.631,0.000,0.000,0.000,0.084,0.092,0.139,5.000,1.000,0.000,5.000,5.000,0.200,32.926,5.000,98.0,47.0,-0.05128205195069313,-0.10256410390138626
69.621,12:14:07.830,15.931,0.425,6.763,0.000,0.000,0.000,0.085,0.089,0.136,5.000,1.000,0.000,5.000,5.000,0.200,32.926,5.000,98.0,47.0,-0.05128205195069313,-0.10256410390138626
69.733,12:14:07.942,15.931,0.425,6.763,0.000,0.000,0.000,0.085,0.089,0.136,5.000,1.000,0.000,5.000,5.000,0.200,32.926,5.000,98.0,47.0,-0.05128205195069313,-0.10256410390138626
69.844,12:14:08.246,15.931,0.425,6.763,0.000,0.000,0.000,0.085,0.089,0.136,5.000,1.000,0.000,5.000,5.000,0.200,32.926,5.000,98.0,47.0,-0.05128205195069313,-0.05128205195069313
70.148,12:14:08.358,15.935,0.436,6.944,0.000,0.000,0.000,0.083,0.094,0.139,5.000,1.000,0.000,5.000,5.000,0.200,32.925,5.000,98.0,47.0,-0.05128205195069313,-0.05128205195069313
70.260,12:14:08.470,15.935,0.436,6.944,0.000,0.000,0.000,0.083,0.094,0.139,5.000,1.000,0.000,5.000,5.000,0.200,32.925,5.000,98.0,47.0,-0.05128205195069313,-0.05128205195069313
70.372,12:14:08.582,15.944,0.429,6.837,0.000,0.000,0.000,0.083,0.094,0.138,5.000,1.000,0.000,5.000,5.000,0.200,32.923,5.000,98.0,47.0,-0.05128205195069313,-0.05128205195069313
70.484,12:14:08.694,15.944,0.429,6.837,0.000,0.000,0.000,0.083,0.094,0.138,5.000,1.000,0.000,5.000,5.000,0.200,32.923,5.000,98.0,47.0,-0.05128205195069313,-0.05128205195069313
70.595,12:14:08.805,15.944,0.429,6.837,0.000,0.000,0.000,0.083,0.094,0.138,5.000,1.000,0.000,5.000,5.000,0.200,32.923,5.000,98.0,47.0,-0.05128205195069313,-0.05128205195069313
70.708,12:14:08.917,15.944,0.429,6.837,0.000,0.000,0.000,0.083,0.094,0.138,5.000,1.000,0.000,5.000,5.000,0.200,32.923,5.000,98.0,47.0,-0.05128205195069313,-0.05128205195069313
70.820,12:14:09.030,15.925,0.415,6.613,0.000,0.000,0.000,0.078,0.096,0.137,5.000,1.000,0.000,5.000,5.000,0.200,32.924,5.000,98.0,47.0,-0.05128205195069313,-0.05128205195069313
70.931,12:14:09.333,15.925,0.415,6.613,0.000,0.000,0.000,0.078,0.096,0.137,5.000,1.000,0.000,5.000,5.000,0.200,32.924,5.000,98.0,47.0,-0.10256410390138626,-0.05128205195069313
71.235,12:14:09.445,15.964,0.400,6.392,0.000,0.000,0.000,0.079,0.088,0.126,5.000,1.000,0.000,5.000,5.000,0.200,32.924,5.000,98.0,47.0,-0.10256410390138626,-0.05128205195069313
71.348,12:14:09.557,15.964,0.400,6.392,0.000,0.000,0.000,0.079,0.088,0.126,5.000,1.000,0.000,5.000,5.000,0.200,32.924,5.000,98.0,47.0,-0.10256410390138626,-0.05128205195069313
71.460,12:14:09.669,15.964,0.400,6.392,0.000,0.000,0.000,0.079,0.088,0.126,5.000,1.000,0.000,5.000,5.000,0.200,32.924,5.000,98.0,47.0,-0.10256410390138626,-0.05128205195069313
71.571,12:14:09.780,15.929,0.429,6.829,0.000,0.000,0.000,0.081,0.092,0.134,5.000,1.000,0.000,5.000,5.000,0.200,32.923,5.000,98.0,47.0,-0.10256410390138626,-0.05128205195069313
71.684,12:14:09.893,15.929,0.429,6.829,0.000,0.000,0.000,0.081,0.092,0.134,5.000,1.000,0.000,5.000,5.000,0.200,32.923,5.000,98.0,47.0,-0.10256410390138626,-0.05128205195069313
71.794,12:14:10.004,15.929,0.429,6.829,0.000,0.000,0.000,0.081,0.092,0.134,5.000,1.000,0.000,5.000,5.000,0.200,32.923,5.000,98.0,47.0,-0.10256410390138626,-0.05128205195069313
71.907,12:14:10.117,15.929,0.429,6.829,0.000,0.000,0.000,0.081,0.092,0.134,5.000,1.000,0.000,5.000,5.000,0.200,32.923,5.000,98.0,47.0,-0.10256410390138626,-0.05128205195069313
72.019,12:14:10.419,15.933,0.424,6.756,0.000,0.000,0.000,0.081,0.088,0.129,5.000,1.000,0.000,5.000,5.000,0.200,32.922,5.000,98.0,47.0,0.0,-0.05128205195069313
72.323,12:14:10.532,15.933,0.424,6.756,0.000,0.000,0.000,0.081,0.088,0.129,5.000,1.000,0.000,5.000,5.000,0.200,32.922,5.000,98.0,47.0,0.0,-0.05128205195069313
72.435,12:14:10.645,15.939,0.381,6.069,0.000,0.000,0.000,0.082,0.089,0.132,5.000,1.000,0.000,5.000,5.000,0.200,32.925,5.000,98.0,47.0,0.0,-0.05128205195069313
72.547,12:14:10.757,15.939,0.381,6.069,0.000,0.000,0.000,0.082,0.089,0.132,5.000,1.000,0.000,5.000,5.000,0.200,32.925,5.000,98.0,47.0,0.0,-0.05128205195069313
72.659,12:14:10.868,15.939,0.381,6.069,0.000,0.000,0.000,0.082,0.089,0.132,5.000,1.000,0.000,5.000,5.000,0.200,32.925,5.000,98.0,47.0,0.0,-0.05128205195069313
72.770,12:14:10.980,15.933,0.438,6.972,0.000,0.000,0.000,0.077,0.091,0.129,5.000,1.000,0.000,5.000,5.000,0.200,32.919,5.000,98.0,47.0,0.0,-0.05128205195069313
72.883,12:14:11.092,15.933,0.438,6.972,0.000,0.000,0.000,0.077,0.091,0.129,5.000,1.000,0.000,5.000,5.000,0.200,32.919,5.000,98.0,47.0,0.0,-0.05128205195069313
72.994,12:14:11.203,15.933,0.438,6.972,0.000,0.000,0.000,0.077,0.091,0.129,5.000,1.000,0.000,5.000,5.000,0.200,32.919,5.000,98.0,47.0,0.0,-0.05128205195069313
73.106,12:14:11.508,15.933,0.438,6.972,0.000,0.000,0.000,0.077,0.091,0.129,5.000,1.000,0.000,5.000,5.000,0.200,32.919,5.000,98.0,47.0,-0.10256410390138626,-0.10256410390138626
73.409,12:14:11.619,15.927,0.415,6.607,0.000,0.000,0.000,0.079,0.087,0.127,5.000,1.000,0.000,5.000,5.000,0.200,32.920,5.000,98.0,47.0,-0.10256410390138626,-0.10256410390138626
73.522,12:14:11.732,15.927,0.415,6.607,0.000,0.000,0.000,0.079,0.087,0.127,5.000,1.000,0.000,5.000,5.000,0.200,32.920,5.000,98.0,47.0,-0.10256410390138626,-0.10256410390138626
73.634,12:14:11.844,15.949,0.419,6.688,0.000,0.000,0.000,0.081,0.089,0.133,5.000,1.000,0.000,5.000,5.000,0.200,32.919,5.000,98.0,47.0,-0.10256410390138626,-0.10256410390138626
73.746,12:14:11.956,15.949,0.419,6.688,0.000,0.000,0.000,0.081,0.089,0.133,5.000,1.000,0.000,5.000,5.000,0.200,32.919,5.000,98.0,47.0,-0.10256410390138626,-0.10256410390138626
73.858,12:14:12.068,15.949,0.419,6.688,0.000,0.000,0.000,0.081,0.089,0.133,5.000,1.000,0.000,5.000,5.000,0.200,32.919,5.000,98.0,47.0,-0.10256410390138626,-0.10256410390138626
73.970,12:14:12.180,15.949,0.419,6.688,0.000,0.000,0.000,0.081,0.089,0.133,5.000,1.000,0.000,5.000,5.000,0.200,32.919,5.000,98.0,47.0,-0.10256410390138626,-0.10256410390138626
74.082,12:14:12.292,15.959,0.446,7.117,0.000,0.000,0.000,0.074,0.087,0.121,5.000,1.000,0.000,5.000,5.000,0.200,32.918,5.000,98.0,47.0,-0.10256410390138626,-0.10256410390138626
74.193,12:14:12.595,15.959,0.446,7.117,0.000,0.000,0.000,0.074,0.087,0.121,5.000,1.000,0.000,5.000,5.000,0.200,32.918,5.000,98.0,47.0,-0.10256410390138626,-0.05128205195069313
74.498,12:14:12.707,15.948,0.396,6.315,0.000,0.000,0.000,0.078,0.093,0.133,5.000,1.000,0.000,5.000,5.000,0.200,32.917,5.000,98.0,47.0,-0.10256410390138626,-0.05128205195069313
74.608,12:14:12.818,15.948,0.396,6.315,0.000,0.000,0.000,0.078,0.093,0.133,5.000,1.000,0.000,5.000,5.000,0.200,32.917,5.000,98.0,47.0,-0.10256410390138626,-0.05128205195069313
74.721,12:14:12.931,15.948,0.396,6.315,0.000,0.000,0.000,0.078,0.093,0.133,5.000,1.000,0.000,5.000,5.000,0.200,32.917,5.000,98.0,47.0,-0.10256410390138626,-0.05128205195069313
74.834,12:14:13.043,15.952,0.418,6.666,0.000,0.000,0.000,0.081,0.091,0.133,5.000,1.000,0.000,5.000,5.000,0.200,32.918,5.000,98.0,47.0,-0.10256410390138626,-0.05128205195069313
74.946,12:14:13.155,15.952,0.418,6.666,0.000,0.000,0.000,0.081,0.091,0.133,5.000,1.000,0.000,5.000,5.000,0.200,32.918,5.000,98.0,47.0,-0.10256410390138626,-0.05128205195069313
75.057,12:14:13.267,15.952,0.418,6.666,0.000,0.000,0.000,0.081,0.091,0.133,5.000,1.000,0.000,5.000,5.000,0.200,32.918,5.000,98.0,47.0,-0.10256410390138626,-0.05128205195069313
75.169,12:14:13.378,15.952,0.418,6.666,0.000,0.000,0.000,0.081,0.091,0.133,5.000,1.000,0.000,5.000,5.000,0.200,32.918,5.000,98.0,47.0,-0.10256410390138626,-0.05128205195069313
75.280,12:14:13.682,15.957,0.448,7.154,0.000,0.000,0.000,0.075,0.089,0.124,5.000,1.000,0.000,5.000,5.000,0.200,32.916,5.000,98.0,47.0,-0.05128205195069313,-0.10256410390138626
75.584,12:14:13.793,15.957,0.448,7.154,0.000,0.000,0.000,0.075,0.089,0.124,5.000,1.000,0.000,5.000,5.000,0.200,32.916,5.000,98.0,47.0,-0.05128205195069313,-0.10256410390138626
75.697,12:14:13.907,15.938,0.388,6.185,0.000,0.000,0.000,0.081,0.086,0.128,5.000,1.000,0.000,5.000,5.000,0.200,32.916,5.000,98.0,47.0,-0.05128205195069313,-0.10256410390138626
75.808,12:14:14.018,15.938,0.388,6.185,0.000,0.000,0.000,0.081,0.086,0.128,5.000,1.000,0.000,5.000,5.000,0.200,32.916,5.000,98.0,47.0,-0.05128205195069313,-0.10256410390138626
75.921,12:14:14.131,15.938,0.388,6.185,0.000,0.000,0.000,0.081,0.086,0.128,5.000,1.000,0.000,5.000,5.000,0.200,32.916,5.000,98.0,47.0,-0.05128205195069313,-0.10256410390138626
76.032,12:14:14.242,15.971,0.427,6.824,0.000,0.000,0.000,0.071,0.087,0.120,5.000,1.000,0.000,5.000,5.000,0.200,32.915,5.000,98.0,47.0,-0.05128205195069313,-0.10256410390138626
76.144,12:14:14.354,15.971,0.427,6.824,0.000,0.000,0.000,0.071,0.087,0.120,5.000,1.000,0.000,5.000,5.000,0.200,32.915,5.000,98.0,47.0,-0.05128205195069313,-0.10256410390138626
76.256,12:14:14.465,15.971,0.427,6.824,0.000,0.000,0.000,0.071,0.087,0.120,5.000,1.000,0.000,5.000,5.000,0.200,32.915,5.000,98.0,47.0,-0.05128205195069313,-0.10256410390138626
76.367,12:14:14.769,15.971,0.427,6.824,0.000,0.000,0.000,0.071,0.087,0.120,5.000,1.000,0.000,5.000,5.000,0.200,32.915,5.000,98.0,47.0,-0.05128205195069313,0.0
76.672,12:14:14.881,15.946,0.422,6.722,0.000,0.000,0.000,0.079,0.086,0.127,5.000,1.000,0.000,5.000,5.000,0.200,32.917,5.000,98.0,47.0,-0.05128205195069313,0.0
76.784,12:14:14.994,15.946,0.422,6.722,0.000,0.000,0.000,0.079,0.086,0.127,5.000,1.000,0.000,5.000,5.000,0.200,32.917,5.000,98.0,47.0,-0.05128205195069313,0.0
76.896,12:14:15.105,15.937,0.448,7.143,0.000,0.000,0.000,0.084,0.086,0.132,5.000,1.000,0.000,5.000,5.000,0.200,32.914,5.000,98.0,47.0,-0.05128205195069313,0.0
77.008,12:14:15.217,15.937,0.448,7.143,0.000,0.000,0.000,0.084,0.086,0.132,5.000,1.000,0.000,5.000,5.000,0.200,32.914,5.000,98.0,47.0,-0.05128205195069313,0.0
77.120,12:14:15.329,15.937,0.448,7.143,0.000,0.000,0.000,0.084,0.086,0.132,5.000,1.000,0.000,5.000,5.000,0.200,32.914,5.000,98.0,47.0,-0.05128205195069313,0.0
77.232,12:14:15.442,15.941,0.401,6.398,0.000,0.000,0.000,0.078,0.087,0.127,5.000,1.000,0.000,5.000,5.000,0.200,32.916,5.000,98.0,47.0,-0.05128205195069313,0.0
77.343,12:14:15.553,15.941,0.401,6.398,0.000,0.000,0.000,0.078,0.087,0.127,5.000,1.000,0.000,5.000,5.000,0.200,32.916,5.000,98.0,47.0,-0.05128205195069313,0.0
77.455,12:14:15.857,15.941,0.401,6.398,0.000,0.000,0.000,0.078,0.087,0.127,5.000,1.000,0.000,5.000,5.000,0.200,32.916,5.000,98.0,47.0,-0.05128205195069313,-0.05128205195069313
77.759,12:14:15.969,15.956,0.430,6.855,0.000,0.000,0.000,0.074,0.086,0.121,5.000,1.000,0.000,5.000,5.000,0.200,32.911,5.000,98.0,47.0,-0.05128205195069313,-0.05128205195069313
77.872,12:14:16.081,15.956,0.430,6.855,0.000,0.000,0.000,0.074,0.086,0.121,5.000,1.000,0.000,5.000,5.000,0.200,32.911,5.000,98.0,47.0,-0.05128205195069313,-0.05128205195069313
77.983,12:14:16.193,15.956,0.430,6.855,0.000,0.000,0.000,0.074,0.086,0.121,5.000,1.000,0.000,5.000,5.000,0.200,32.911,5.000,98.0,47.0,-0.05128205195069313,-0.05128205195069313
78.095,12:14:16.305,15.966,0.437,6.973,0.000,0.000,0.000,0.075,0.086,0.120,5.000,1.000,0.000,5.000,5.000,0.200,32.912,5.000,98.0,47.0,-0.05128205195069313,-0.05128205195069313
78.207,12:14:16.417,15.966,0.437,6.973,0.000,0.000,0.000,0.075,0.086,0.120,5.000,1.000,0.000,5.000,5.000,0.200,32.912,5.000,98.0,47.0,-0.05128205195069313,-0.05128205195069313
78.318,12:14:16.527,15.966,0.437,6.973,0.000,0.000,0.000,0.075,0.086,0.120,5.000,1.000,0.000,5.000,5.000,0.200,32.912,5.000,98.0,47.0,-0.05128205195069313,-0.05128205195069313
78.431,12:14:16.640,15.966,0.437,6.973,0.000,0.000,0.000,0.075,0.086,0.120,5.000,1.000,0.000,5.000,5.000,0.200,32.912,5.000,98.0,47.0,-0.05128205195069313,-0.05128205195069313
78.543,12:14:16.944,15.938,0.427,6.805,0.000,0.000,0.000,0.077,0.081,0.118,5.000,1.000,0.000,5.000,5.000,0.200,32.912,5.000,98.0,47.0,-0.05128205195069313,-0.05128205195069313
78.847,12:14:17.057,15.969,0.393,6.279,0.000,0.000,0.000,0.076,0.083,0.120,5.000,1.000,0.000,5.000,5.000,0.200,32.913,5.000,98.0,47.0,-0.05128205195069313,-0.05128205195069313
78.958,12:14:17.168,15.969,0.393,6.279,0.000,0.000,0.000,0.076,0.083,0.120,5.000,1.000,0.000,5.000,5.000,0.200,32.913,5.000,98.0,47.0,-0.05128205195069313,-0.05128205195069313
79.071,12:14:17.280,15.969,0.393,6.279,0.000,0.000,0.000,0.076,0.083,0.120,5.000,1.000,0.000,5.000,5.000,0.200,32.913,5.000,98.0,47.0,-0.05128205195069313,-0.05128205195069313
79.183,12:14:17.392,15.969,0.393,6.279,0.000,0.000,0.000,0.076,0.083,0.120,5.000,1.000,0.000,5.000,5.000,0.200,32.913,5.000,98.0,47.0,-0.05128205195069313,-0.05128205195069313
79.294,12:14:17.504,15.952,0.432,6.884,0.000,0.000,0.000,0.076,0.082,0.117,5.000,1.000,0.000,5.000,5.000,0.200,32.912,5.000,98.0,47.0,-0.05128205195069313,-0.05128205195069313
79.406,12:14:17.615,15.952,0.432,6.884,0.000,0.000,0.000,0.076,0.082,0.117,5.000,1.000,0.000,5.000,5.000,0.200,32.912,5.000,98.0,47.0,-0.05128205195069313,-0.05128205195069313
79.518,12:14:17.728,15.952,0.432,6.884,0.000,0.000,0.000,0.076,0.082,0.117,5.000,1.000,0.000,5.000,5.000,0.200,32.912,5.000,98.0,47.0,-0.05128205195069313,-0.05128205195069313
79.630,12:14:18.032,15.952,0.432,6.884,0.000,0.000,0.000,0.076,0.082,0.117,5.000,1.000,0.000,5.000,5.000,0.200,32.912,5.000,98.0,47.0,-0.05128205195069313,-0.10256410390138626
79.934,12:14:18.143,15.955,0.423,6.746,0.000,0.000,0.000,0.077,0.082,0.119,5.000,1.000,0.000,5.000,5.000,0.200,32.910,5.000,98.0,47.0,-0.05128205195069313,-0.10256410390138626
80.046,12:14:18.256,15.955,0.423,6.746,0.000,0.000,0.000,0.077,0.082,0.119,5.000,1.000,0.000,5.000,5.000,0.200,32.910,5.000,98.0,47.0,-0.05128205195069313,-0.10256410390138626
80.157,12:14:18.367,15.952,0.430,6.852,0.000,0.000,0.000,0.075,0.081,0.116,5.000,1.000,0.000,5.000,5.000,0.200,32.910,5.000,98.0,47.0,-0.05128205195069313,-0.10256410390138626
80.270,12:14:18.480,15.952,0.430,6.852,0.000,0.000,0.000,0.075,0.081,0.116,5.000,1.000,0.000,5.000,5.000,0.200,32.910,5.000,98.0,47.0,-0.05128205195069313,-0.10256410390138626
80.382,12:14:18.591,15.952,0.430,6.852,0.000,0.000,0.000,0.075,0.081,0.116,5.000,1.000,0.000,5.000,5.000,0.200,32.910,5.000,98.0,47.0,-0.05128205195069313,-0.10256410390138626
80.492,12:14:18.702,15.951,0.445,7.091,0.000,0.000,0.000,0.072,0.090,0.122,5.000,1.000,0.000,5.000,5.000,0.200,32.911,5.000,98.0,47.0,-0.05128205195069313,-0.10256410390138626
80.605,12:14:18.814,15.951,0.445,7.091,0.000,0.000,0.000,0.072,0.090,0.122,5.000,1.000,0.000,5.000,5.000,0.200,32.911,5.000,98.0,47.0,-0.05128205195069313,-0.10256410390138626
80.718,12:14:19.119,15.951,0.445,7.091,0.000,0.000,0.000,0.072,0.090,0.122,5.000,1.000,0.000,5.000,5.000,0.200,32.911,5.000,98.0,47.0,-0.05128205195069313,-0.10256410390138626
81.020,12:14:19.230,15.961,0.402,6.421,0.000,0.000,0.000,0.075,0.086,0.122,5.000,1.000,0.000,5.000,5.000,0.200,32.908,5.000,98.0,47.0,-0.05128205195069313,-0.10256410390138626
81.133,12:14:19.342,15.961,0.402,6.421,0.000,0.000,0.000,0.075,0.086,0.122,5.000,1.000,0.000,5.000,5.000,0.200,32.908,5.000,98.0,47.0,-0.05128205195069313,-0.10256410390138626
81.245,12:14:19.454,15.961,0.402,6.421,0.000,0.000,0.000,0.075,0.086,0.122,5.000,1.000,0.000,5.000,5.000,0.200,32.908,5.000,98.0,47.0,-0.05128205195069313,-0.10256410390138626
81.356,12:14:19.566,15.950,0.410,6.539,0.000,0.000,0.000,0.075,0.084,0.120,5.000,1.000,0.000,5.000,5.000,0.200,32.906,5.000,98.0,47.0,-0.05128205195069313,-0.10256410390138626
81.469,12:14:19.679,15.950,0.410,6.539,0.000,0.000,0.000,0.075,0.084,0.120,5.000,1.000,0.000,5.000,5.000,0.200,32.906,5.000,98.0,47.0,-0.05128205195069313,-0.10256410390138626
81.581,12:14:19.790,15.950,0.410,6.539,0.000,0.000,0.000,0.075,0.084,0.120,5.000,1.000,0.000,5.000,5.000,0.200,32.906,5.000,98.0,47.0,-0.05128205195069313,-0.10256410390138626
81.693,12:14:19.902,15.961,0.440,7.025,0.000,0.000,0.000,0.073,0.083,0.115,5.000,1.000,0.000,5.000,5.000,0.200,32.908,5.000,98.0,47.0,-0.05128205195069313,-0.10256410390138626
81.804,12:14:20.206,15.961,0.440,7.025,0.000,0.000,0.000,0.073,0.083,0.115,5.000,1.000,0.000,5.000,5.000,0.200,32.908,5.000,98.0,47.0,-0.10256410390138626,-0.05128205195069313
82.109,12:14:20.318,15.963,0.386,6.162,0.000,0.000,0.000,0.073,0.086,0.119,5.000,1.000,0.000,5.000,5.000,0.200,32.907,5.000,98.0,47.0,-0.10256410390138626,-0.05128205195069313
82.221,12:14:20.430,15.963,0.386,6.162,0.000,0.000,0.000,0.073,0.086,0.119,5.000,1.000,0.000,5.000,5.000,0.200,32.907,5.000,98.0,47.0,-0.10256410390138626,-0.05128205195069313
82.332,12:14:20.542,15.963,0.386,6.162,0.000,0.000,0.000,0.073,0.086,0.119,5.000,1.000,0.000,5.000,5.000,0.200,32.907,5.000,98.0,47.0,-0.10256410390138626,-0.05128205195069313
82.443,12:14:20.653,15.963,0.386,6.162,0.000,0.000,0.000,0.073,0.086,0.119,5.000,1.000,0.000,5.000,5.000,0.200,32.907,5.000,98.0,47.0,-0.10256410390138626,-0.05128205195069313
82.555,12:14:20.765,15.950,0.415,6.617,0.000,0.000,0.000,0.072,0.084,0.115,5.000,1.000,0.000,5.000,5.000,0.200,32.906,5.000,98.0,47.0,-0.10256410390138626,-0.05128205195069313
82.667,12:14:20.877,15.950,0.415,6.617,0.000,0.000,0.000,0.072,0.084,0.115,5.000,1.000,0.000,5.000,5.000,0.200,32.906,5.000,98.0,47.0,-0.10256410390138626,-0.05128205195069313
82.779,12:14:20.989,15.950,0.415,6.617,0.000,0.000,0.000,0.072,0.084,0.115,5.000,1.000,0.000,5.000,5.000,0.200,32.906,5.000,98.0,47.0,-0.10256410390138626,-0.05128205195069313
82.892,12:14:21.294,15.950,0.415,6.617,0.000,0.000,0.000,0.072,0.084,0.115,5.000,1.000,0.000,5.000,5.000,0.200,32.906,5.000,98.0,47.0,0.0,-0.05128205195069313
83.197,12:14:21.406,15.945,0.397,6.324,0.000,0.000,0.000,0.075,0.081,0.114,5.000,1.000,0.000,5.000,5.000,0.200,32.905,5.000,98.0,47.0,0.0,-0.05128205195069313
83.308,12:14:21.518,15.945,0.445,7.103,0.000,0.000,0.000,0.074,0.080,0.112,5.000,1.000,0.000,5.000,5.000,0.200,32.904,5.000,98.0,47.0,0.0,-0.05128205195069313
83.420,12:14:21.629,15.945,0.445,7.103,0.000,0.000,0.000,0.074,0.080,0.112,5.000,1.000,0.000,5.000,5.000,0.200,32.904,5.000,98.0,47.0,0.0,-0.05128205195069313
83.532,12:14:21.742,15.945,0.445,7.103,0.000,0.000,0.000,0.074,0.080,0.112,5.000,1.000,0.000,5.000,5.000,0.200,32.904,5.000,98.0,47.0,0.0,-0.05128205195069313
83.644,12:14:21.853,15.945,0.445,7.103,0.000,0.000,0.000,0.074,0.080,0.112,5.000,1.000,0.000,5.000,5.000,0.200,32.904,5.000,98.0,47.0,0.0,-0.05128205195069313
83.754,12:14:21.964,15.947,0.409,6.525,0.000,0.000,0.000,0.076,0.076,0.111,5.000,1.000,0.000,5.000,5.000,0.200,32.905,5.000,98.0,47.0,0.0,-0.05128205195069313
83.868,12:14:22.077,15.947,0.409,6.525,0.000,0.000,0.000,0.076,0.076,0.111,5.000,1.000,0.000,5.000,5.000,0.200,32.905,5.000,98.0,47.0,0.0,-0.05128205195069313
83.980,12:14:22.380,15.947,0.409,6.525,0.000,0.000,0.000,0.076,0.076,0.111,5.000,1.000,0.000,5.000,5.000,0.200,32.905,5.000,98.0,47.0,0.0,-0.10256410390138626
84.284,12:14:22.493,15.947,0.421,6.720,0.000,0.000,0.000,0.078,0.081,0.118,5.000,1.000,0.000,5.000,5.000,0.200,32.904,5.000,98.0,47.0,0.0,-0.10256410390138626
84.395,12:14:22.604,15.947,0.421,6.720,0.000,0.000,0.000,0.078,0.081,0.118,5.000,1.000,0.000,5.000,5.000,0.200,32.904,5.000,98.0,47.0,0.0,-0.10256410390138626
84.507,12:14:22.717,15.947,0.421,6.720,0.000,0.000,0.000,0.078,0.081,0.118,5.000,1.000,0.000,5.000,5.000,0.200,32.904,5.000,98.0,47.0,0.0,-0.10256410390138626
84.620,12:14:22.829,15.941,0.424,6.757,0.000,0.000,0.000,0.074,0.082,0.116,5.000,1.000,0.000,5.000,5.000,0.200,32.903,5.000,98.0,47.0,0.0,-0.10256410390138626
84.730,12:14:22.939,15.941,0.424,6.757,0.000,0.000,0.000,0.074,0.082,0.116,5.000,1.000,0.000,5.000,5.000,0.200,32.903,5.000,98.0,47.0,0.0,-0.10256410390138626
84.844,12:14:23.053,15.941,0.424,6.757,0.000,0.000,0.000,0.074,0.082,0.116,5.000,1.000,0.000,5.000,5.000,0.200,32.903,5.000,98.0,47.0,0.0,-0.10256410390138626
84.954,12:14:23.163,15.945,0.427,6.809,0.000,0.000,0.000,0.071,0.078,0.108,5.000,1.000,0.000,5.000,5.000,0.200,32.899,5.000,98.0,47.0,0.0,-0.10256410390138626
85.067,12:14:23.468,15.945,0.427,6.809,0.000,0.000,0.000,0.071,0.078,0.108,5.000,1.000,0.000,5.000,5.000,0.200,32.899,5.000,98.0,47.0,0.05128205195069313,0.0
85.370,12:14:23.580,15.952,0.389,6.198,0.000,0.000,0.000,0.069,0.075,0.102,5.000,1.000,0.000,5.000,5.000,0.200,32.901,5.000,98.0,47.0,0.05128205195069313,0.0
85.482,12:14:23.692,15.952,0.389,6.198,0.000,0.000,0.000,0.069,0.075,0.102,5.000,1.000,0.000,5.000,5.000,0.200,32.901,5.000,98.0,47.0,0.05128205195069313,0.0
85.593,12:14:23.803,15.952,0.389,6.198,0.000,0.000,0.000,0.069,0.075,0.102,5.000,1.000,0.000,5.000,5.000,0.200,32.901,5.000,98.0,47.0,0.05128205195069313,0.0
85.707,12:14:23.916,15.952,0.389,6.198,0.000,0.000,0.000,0.069,0.075,0.102,5.000,1.000,0.000,5.000,5.000,0.200,32.901,5.000,98.0,47.0,0.05128205195069313,0.0
85.818,12:14:24.027,15.921,0.421,6.704,0.000,0.000,0.000,0.083,0.089,0.134,5.000,1.000,0.000,5.000,5.000,0.200,32.908,5.000,98.0,47.0,0.05128205195069313,0.0
85.931,12:14:24.140,15.921,0.421,6.704,0.000,0.000,0.000,0.083,0.089,0.134,5.000,1.000,0.000,5.000,5.000,0.200,32.908,5.000,98.0,47.0,0.05128205195069313,0.0
86.042,12:14:24.252,15.921,0.421,6.704,0.000,0.000,0.000,0.083,0.089,0.134,5.000,1.000,0.000,5.000,5.000,0.200,32.908,5.000,98.0,47.0,0.05128205195069313,0.0
86.153,12:14:24.555,15.932,0.425,6.768,0.000,0.000,0.000,0.090,0.096,0.149,5.000,1.000,0.000,5.000,5.000,0.200,32.907,5.000,98.0,47.0,-0.10256410390138626,-0.10256410390138626
86.458,12:14:24.667,15.932,0.425,6.768,0.000,0.000,0.000,0.090,0.096,0.149,5.000,1.000,0.000,5.000,5.000,0.200,32.907,5.000,98.0,47.0,-0.10256410390138626,-0.10256410390138626
86.570,12:14:24.780,15.918,0.422,6.721,0.000,0.000,0.000,0.084,0.091,0.138,5.000,1.000,0.000,5.000,5.000,0.200,32.907,5.000,98.0,47.0,-0.10256410390138626,-0.10256410390138626
86.682,12:14:24.892,15.918,0.422,6.721,0.000,0.000,0.000,0.084,0.091,0.138,5.000,1.000,0.000,5.000,5.000,0.200,32.907,5.000,98.0,47.0,-0.10256410390138626,-0.10256410390138626
86.794,12:14:25.003,15.918,0.422,6.721,0.000,0.000,0.000,0.084,0.091,0.138,5.000,1.000,0.000,5.000,5.000,0.200,32.907,5.000,98.0,47.0,-0.10256410390138626,-0.10256410390138626
86.905,12:14:25.115,15.918,0.422,6.721,0.000,0.000,0.000,0.084,0.091,0.138,5.000,1.000,0.000,5.000,5.000,0.200,32.907,5.000,98.0,47.0,-0.10256410390138626,-0.10256410390138626
87.018,12:14:25.227,15.939,0.415,6.615,0.000,0.000,0.000,0.080,0.092,0.134,5.000,1.000,0.000,5.000,5.000,0.200,32.906,5.000,98.0,47.0,-0.10256410390138626,-0.10256410390138626
87.129,12:14:25.339,15.939,0.415,6.615,0.000,0.000,0.000,0.080,0.092,0.134,5.000,1.000,0.000,5.000,5.000,0.200,32.906,5.000,98.0,47.0,-0.10256410390138626,-0.10256410390138626
87.242,12:14:25.642,15.939,0.415,6.615,0.000,0.000,0.000,0.080,0.092,0.134,5.000,1.000,0.000,5.000,5.000,0.200,32.906,5.000,98.0,47.0,0.0,-0.05128205195069313
87.546,12:14:25.755,15.925,0.446,7.098,0.000,0.000,0.000,0.081,0.089,0.131,5.000,1.000,0.000,5.000,5.000,0.200,32.906,5.000,98.0,47.0,0.0,-0.05128205195069313
87.657,12:14:25.867,15.925,0.446,7.098,0.000,0.000,0.000,0.081,0.089,0.131,5.000,1.000,0.000,5.000,5.000,0.200,32.906,5.000,98.0,47.0,0.0,-0.05128205195069313
87.769,12:14:25.979,15.926,0.418,6.653,0.000,0.000,0.000,0.080,0.092,0.134,5.000,1.000,0.000,5.000,5.000,0.200,32.908,5.000,98.0,47.0,0.0,-0.05128205195069313
87.881,12:14:26.091,15.926,0.418,6.653,0.000,0.000,0.000,0.080,0.092,0.134,5.000,1.000,0.000,5.000,5.000,0.200,32.908,5.000,98.0,47.0,0.0,-0.05128205195069313
87.993,12:14:26.203,15.926,0.418,6.653,0.000,0.000,0.000,0.080,0.092,0.134,5.000,1.000,0.000,5.000,5.000,0.200,32.908,5.000,98.0,47.0,0.0,-0.05128205195069313
88.105,12:14:26.314,15.926,0.418,6.653,0.000,0.000,0.000,0.080,0.092,0.134,5.000,1.000,0.000,5.000,5.000,0.200,32.908,5.000,98.0,47.0,0.0,-0.05128205195069313
88.216,12:14:26.426,15.913,0.421,6.703,0.000,0.000,0.000,0.078,0.088,0.127,5.000,1.000,0.000,5.000,5.000,0.200,32.904,5.000,98.0,47.0,0.0,-0.05128205195069313
88.329,12:14:26.729,15.913,0.421,6.703,0.000,0.000,0.000,0.078,0.088,0.127,5.000,1.000,0.000,5.000,5.000,0.200,32.904,5.000,98.0,47.0,0.0,-0.05128205195069313
88.633,12:14:26.842,15.942,0.387,6.165,0.000,0.000,0.000,0.085,0.088,0.135,5.000,1.000,0.000,5.000,5.000,0.200,32.902,5.000,98.0,47.0,0.0,-0.05128205195069313
88.745,12:14:26.954,15.942,0.387,6.165,0.000,0.000,0.000,0.085,0.088,0.135,5.000,1.000,0.000,5.000,5.000,0.200,32.902,5.000,98.0,47.0,0.0,-0.05128205195069313
88.857,12:14:27.067,15.942,0.387,6.165,0.000,0.000,0.000,0.085,0.088,0.135,5.000,1.000,0.000,5.000,5.000,0.200,32.902,5.000,98.0,47.0,0.0,-0.05128205195069313
88.968,12:14:27.178,15.942,0.387,6.165,0.000,0.000,0.000,0.085,0.088,0.135,5.000,1.000,0.000,5.000,5.000,0.200,32.902,5.000,98.0,47.0,0.0,-0.05128205195069313
89.081,12:14:27.290,15.919,0.441,7.016,0.000,0.000,0.000,0.081,0.090,0.133,5.000,1.000,0.000,5.000,5.000,0.200,32.903,5.000,98.0,47.0,0.0,-0.05128205195069313
89.193,12:14:27.402,15.919,0.441,7.016,0.000,0.000,0.000,0.081,0.090,0.133,5.000,1.000,0.000,5.000,5.000,0.200,32.903,5.000,98.0,47.0,0.0,-0.05128205195069313
89.304,12:14:27.513,15.919,0.441,7.016,0.000,0.000,0.000,0.081,0.090,0.133,5.000,1.000,0.000,5.000,5.000,0.200,32.903,5.000,98.0,47.0,0.0,-0.05128205195069313
89.416,12:14:27.817,15.949,0.415,6.619,0.000,0.000,0.000,0.078,0.093,0.132,5.000,1.000,0.000,5.000,5.000,0.200,32.903,5.000,98.0,47.0,0.0,-0.10256410390138626
89.719,12:14:27.928,15.949,0.415,6.619,0.000,0.000,0.000,0.078,0.093,0.132,5.000,1.000,0.000,5.000,5.000,0.200,32.903,5.000,98.0,47.0,0.0,-0.10256410390138626
89.832,12:14:28.042,15.920,0.390,6.204,0.000,0.000,0.000,0.084,0.091,0.136,5.000,1.000,0.000,5.000,5.000,0.200,32.899,5.000,98.0,47.0,0.0,-0.10256410390138626
89.944,12:14:28.154,15.920,0.390,6.204,0.000,0.000,0.000,0.084,0.091,0.136,5.000,1.000,0.000,5.000,5.000,0.200,32.899,5.000,98.0,47.0,0.0,-0.10256410390138626
90.055,12:14:28.265,15.920,0.390,6.204,0.000,0.000,0.000,0.084,0.091,0.136,5.000,1.000,0.000,5.000,5.000,0.200,32.899,5.000,98.0,47.0,0.0,-0.10256410390138626
90.167,12:14:28.377,15.920,0.390,6.204,0.000,0.000,0.000,0.084,0.091,0.136,5.000,1.000,0.000,5.000,5.000,0.200,32.899,5.000,98.0,47.0,0.0,-0.10256410390138626
90.280,12:14:28.489,15.904,0.437,6.946,0.000,0.000,0.000,0.078,0.089,0.128,5.000,1.000,0.000,5.000,5.000,0.200,32.899,5.000,98.0,47.0,0.0,-0.10256410390138626
90.390,12:14:28.600,15.904,0.437,6.946,0.000,0.000,0.000,0.078,0.089,0.128,5.000,1.000,0.000,5.000,5.000,0.200,32.899,5.000,98.0,47.0,0.0,-0.10256410390138626
90.503,12:14:28.905,15.904,0.437,6.946,0.000,0.000,0.000,0.078,0.089,0.128,5.000,1.000,0.000,5.000,5.000,0.200,32.899,5.000,98.0,47.0,-0.05128205195069313,-0.10256410390138626
90.808,12:14:29.017,15.932,0.423,6.742,0.000,0.000,0.000,0.076,0.089,0.125,5.000,1.000,0.000,5.000,5.000,0.200,32.900,5.000,98.0,47.0,-0.05128205195069313,-0.10256410390138626
90.918,12:14:29.128,15.932,0.423,6.742,0.000,0.000,0.000,0.076,0.089,0.125,5.000,1.000,0.000,5.000,5.000,0.200,32.900,5.000,98.0,47.0,-0.05128205195069313,-0.10256410390138626
91.031,12:14:29.241,15.950,0.411,6.558,0.000,0.000,0.000,0.077,0.086,0.124,5.000,1.000,0.000,5.000,5.000,0.200,32.898,5.000,98.0,47.0,-0.05128205195069313,-0.10256410390138626
91.142,12:14:29.352,15.950,0.411,6.558,0.000,0.000,0.000,0.077,0.086,0.124,5.000,1.000,0.000,5.000,5.000,0.200,32.898,5.000,98.0,47.0,-0.05128205195069313,-0.10256410390138626
91.255,12:14:29.464,15.950,0.411,6.558,0.000,0.000,0.000,0.077,0.086,0.124,5.000,1.000,0.000,5.000,5.000,0.200,32.898,5.000,98.0,47.0,-0.05128205195069313,-0.10256410390138626
91.367,12:14:29.576,15.950,0.411,6.558,0.000,0.000,0.000,0.077,0.086,0.124,5.000,1.000,0.000,5.000,5.000,0.200,32.898,5.000,98.0,47.0,-0.05128205195069313,-0.10256410390138626
91.479,12:14:29.688,15.933,0.446,7.112,0.000,0.000,0.000,0.075,0.090,0.126,5.000,1.000,0.000,5.000,5.000,0.200,32.899,5.000,98.0,47.0,-0.05128205195069313,-0.10256410390138626
91.590,12:14:29.992,15.933,0.446,7.112,0.000,0.000,0.000,0.075,0.090,0.126,5.000,1.000,0.000,5.000,5.000,0.200,32.899,5.000,98.0,47.0,0.05128205195069313,-0.10256410390138626
91.895,12:14:30.104,15.949,0.379,6.041,0.000,0.000,0.000,0.081,0.089,0.132,5.000,1.000,0.000,5.000,5.000,0.200,32.898,5.000,98.0,47.0,0.05128205195069313,-0.10256410390138626
92.007,12:14:30.216,15.949,0.379,6.041,0.000,0.000,0.000,0.081,0.089,0.132,5.000,1.000,0.000,5.000,5.000,0.200,32.898,5.000,98.0,47.0,0.05128205195069313,-0.10256410390138626
92.118,12:14:30.327,15.949,0.379,6.041,0.000,0.000,0.000,0.081,0.089,0.132,5.000,1.000,0.000,5.000,5.000,0.200,32.898,5.000,98.0,47.0,0.05128205195069313,-0.10256410390138626
92.230,12:14:30.440,15.959,0.433,6.909,0.000,0.000,0.000,0.074,0.090,0.124,5.000,1.000,0.000,5.000,5.000,0.200,32.897,5.000,98.0,47.0,0.05128205195069313,-0.10256410390138626
92.342,12:14:30.551,15.959,0.433,6.909,0.000,0.000,0.000,0.074,0.090,0.124,5.000,1.000,0.000,5.000,5.000,0.200,32.897,5.000,98.0,47.0,0.05128205195069313,-0.10256410390138626
92.454,12:14:30.664,15.959,0.433,6.909,0.000,0.000,0.000,0.074,0.090,0.124,5.000,1.000,0.000,5.000,5.000,0.200,32.897,5.000,98.0,47.0,0.05128205195069313,-0.10256410390138626
92.566,12:14:30.776,15.959,0.433,6.909,0.000,0.000,0.000,0.074,0.090,0.124,5.000,1.000,0.000,5.000,5.000,0.200,32.897,5.000,98.0,47.0,0.05128205195069313,-0.10256410390138626
92.678,12:14:31.079,15.947,0.424,6.759,0.000,0.000,0.000,0.077,0.086,0.124,5.000,1.000,0.000,5.000,5.000,0.200,32.898,5.000,98.0,47.0,0.0,-0.10256410390138626
92.982,12:14:31.191,15.947,0.424,6.759,0.000,0.000,0.000,0.077,0.086,0.124,5.000,1.000,0.000,5.000,5.000,0.200,32.898,5.000,98.0,47.0,0.0,-0.10256410390138626
93.094,12:14:31.303,15.925,0.426,6.788,0.000,0.000,0.000,0.079,0.087,0.127,5.000,1.000,0.000,5.000,5.000,0.200,32.896,5.000,98.0,47.0,0.0,-0.10256410390138626
93.206,12:14:31.416,15.925,0.426,6.788,0.000,0.000,0.000,0.079,0.087,0.127,5.000,1.000,0.000,5.000,5.000,0.200,32.896,5.000,98.0,47.0,0.0,-0.10256410390138626
93.317,12:14:31.527,15.925,0.426,6.788,0.000,0.000,0.000,0.079,0.087,0.127,5.000,1.000,0.000,5.000,5.000,0.200,32.896,5.000,98.0,47.0,0.0,-0.10256410390138626
93.430,12:14:31.640,15.925,0.426,6.788,0.000,0.000,0.000,0.079,0.087,0.127,5.000,1.000,0.000,5.000,5.000,0.200,32.896,5.000,98.0,47.0,0.0,-0.10256410390138626
93.541,12:14:31.751,15.973,0.418,6.674,0.000,0.000,0.000,0.079,0.087,0.127,5.000,1.000,0.000,5.000,5.000,0.200,32.894,5.000,98.0,47.0,0.0,-0.10256410390138626
93.653,12:14:31.863,15.973,0.418,6.674,0.000,0.000,0.000,0.079,0.087,0.127,5.000,1.000,0.000,5.000,5.000,0.200,32.894,5.000,98.0,47.0,0.0,-0.10256410390138626
93.765,12:14:32.167,15.973,0.418,6.674,0.000,0.000,0.000,0.079,0.087,0.127,5.000,1.000,0.000,5.000,5.000,0.200,32.894,5.000,98.0,47.0,-0.05128205195069313,-0.05128205195069313
94.069,12:14:32.279,15.928,0.440,7.001,0.000,0.000,0.000,0.078,0.084,0.122,5.000,1.000,0.000,5.000,5.000,0.200,32.894,5.000,98.0,47.0,-0.05128205195069313,-0.05128205195069313
94.181,12:14:32.391,15.928,0.440,7.001,0.000,0.000,0.000,0.078,0.084,0.122,5.000,1.000,0.000,5.000,5.000,0.200,32.894,5.000,98.0,47.0,-0.05128205195069313,-0.05128205195069313
94.294,12:14:32.503,15.925,0.426,6.777,0.000,0.000,0.000,0.075,0.087,0.121,5.000,1.000,0.000,5.000,5.000,0.200,32.893,5.000,98.0,47.0,-0.05128205195069313,-0.05128205195069313
94.405,12:14:32.615,15.925,0.426,6.777,0.000,0.000,0.000,0.075,0.087,0.121,5.000,1.000,0.000,5.000,5.000,0.200,32.893,5.000,98.0,47.0,-0.05128205195069313,-0.05128205195069313
94.516,12:14:32.725,15.925,0.426,6.777,0.000,0.000,0.000,0.075,0.087,0.121,5.000,1.000,0.000,5.000,5.000,0.200,32.893,5.000,98.0,47.0,-0.05128205195069313,-0.05128205195069313
94.628,12:14:32.838,15.925,0.426,6.777,0.000,0.000,0.000,0.075,0.087,0.121,5.000,1.000,0.000,5.000,5.000,0.200,32.893,5.000,98.0,47.0,-0.05128205195069313,-0.05128205195069313
94.741,12:14:32.950,15.932,0.419,6.682,0.000,0.000,0.000,0.078,0.086,0.124,5.000,1.000,0.000,5.000,5.000,0.200,32.892,5.000,98.0,47.0,-0.05128205195069313,-0.05128205195069313
94.852,12:14:33.269,15.932,0.419,6.682,0.000,0.000,0.000,0.078,0.086,0.124,5.000,1.000,0.000,5.000,5.000,0.200,32.892,5.000,98.0,47.0,-0.05128205195069313,-0.05128205195069313
95.173,12:14:33.382,15.909,0.391,6.218,0.000,0.000,0.000,0.083,0.085,0.130,5.000,1.000,0.000,5.000,5.000,0.200,32.899,5.000,98.0,47.0,-0.05128205195069313,-0.05128205195069313
95.284,12:14:33.493,15.909,0.391,6.218,0.000,0.000,0.000,0.083,0.085,0.130,5.000,1.000,0.000,5.000,5.000,0.200,32.899,5.000,98.0,47.0,-0.05128205195069313,-0.05128205195069313
95.396,12:14:33.606,15.909,0.391,6.218,0.000,0.000,0.000,0.083,0.085,0.130,5.000,1.000,0.000,5.000,5.000,0.200,32.899,5.000,98.0,47.0,-0.05128205195069313,-0.05128205195069313
95.508,12:14:33.718,15.953,0.429,6.846,0.000,0.000,0.000,0.073,0.088,0.121,5.000,1.000,0.000,5.000,5.000,0.200,32.893,5.000,98.0,47.0,-0.05128205195069313,-0.05128205195069313
95.620,12:14:33.829,15.953,0.429,6.846,0.000,0.000,0.000,0.073,0.088,0.121,5.000,1.000,0.000,5.000,5.000,0.200,32.893,5.000,98.0,47.0,-0.05128205195069313,-0.05128205195069313
95.732,12:14:33.942,15.953,0.429,6.846,0.000,0.000,0.000,0.073,0.088,0.121,5.000,1.000,0.000,5.000,5.000,0.200,32.893,5.000,98.0,47.0,-0.05128205195069313,-0.05128205195069313
95.844,12:14:34.054,15.953,0.429,6.846,0.000,0.000,0.000,0.073,0.088,0.121,5.000,1.000,0.000,5.000,5.000,0.200,32.893,5.000,98.0,47.0,-0.05128205195069313,-0.05128205195069313
95.956,12:14:34.357,15.953,0.415,6.616,0.000,0.000,0.000,0.077,0.089,0.127,5.000,1.000,0.000,5.000,5.000,0.200,32.888,5.000,98.0,47.0,-0.10256410390138626,-0.05128205195069313
96.260,12:14:34.470,15.953,0.415,6.616,0.000,0.000,0.000,0.077,0.089,0.127,5.000,1.000,0.000,5.000,5.000,0.200,32.888,5.000,98.0,47.0,-0.10256410390138626,-0.05128205195069313
96.372,12:14:34.582,15.968,0.395,6.313,0.000,0.000,0.000,0.073,0.090,0.123,5.000,1.000,0.000,5.000,5.000,0.200,32.891,5.000,98.0,47.0,-0.10256410390138626,-0.05128205195069313
96.483,12:14:34.692,15.968,0.395,6.313,0.000,0.000,0.000,0.073,0.090,0.123,5.000,1.000,0.000,5.000,5.000,0.200,32.891,5.000,98.0,47.0,-0.10256410390138626,-0.05128205195069313
96.595,12:14:34.804,15.968,0.395,6.313,0.000,0.000,0.000,0.073,0.090,0.123,5.000,1.000,0.000,5.000,5.000,0.200,32.891,5.000,98.0,47.0,-0.10256410390138626,-0.05128205195069313
96.708,12:14:34.918,15.943,0.425,6.770,0.000,0.000,0.000,0.075,0.090,0.126,5.000,1.000,0.000,5.000,5.000,0.200,32.886,5.000,98.0,47.0,-0.10256410390138626,-0.05128205195069313
96.819,12:14:35.029,15.943,0.425,6.770,0.000,0.000,0.000,0.075,0.090,0.126,5.000,1.000,0.000,5.000,5.000,0.200,32.886,5.000,98.0,47.0,-0.10256410390138626,-0.05128205195069313
96.931,12:14:35.141,15.943,0.425,6.770,0.000,0.000,0.000,0.075,0.090,0.126,5.000,1.000,0.000,5.000,5.000,0.200,32.886,5.000,98.0,47.0,-0.10256410390138626,-0.05128205195069313
97.043,12:14:35.444,15.943,0.425,6.770,0.000,0.000,0.000,0.075,0.090,0.126,5.000,1.000,0.000,5.000,5.000,0.200,32.886,5.000,98.0,47.0,0.0,-0.05128205195069313
97.347,12:14:35.556,15.925,0.426,6.785,0.000,0.000,0.000,0.075,0.089,0.124,5.000,1.000,0.000,5.000,5.000,0.200,32.891,5.000,98.0,47.0,0.0,-0.05128205195069313
97.458,12:14:35.668,15.925,0.426,6.785,0.000,0.000,0.000,0.075,0.089,0.124,5.000,1.000,0.000,5.000,5.000,0.200,32.891,5.000,98.0,47.0,0.0,-0.05128205195069313
97.570,12:14:35.780,15.933,0.414,6.600,0.000,0.000,0.000,0.074,0.086,0.119,5.000,1.000,0.000,5.000,5.000,0.200,32.885,5.000,98.0,47.0,0.0,-0.05128205195069313
97.682,12:14:35.891,15.933,0.414,6.600,0.000,0.000,0.000,0.074,0.086,0.119,5.000,1.000,0.000,5.000,5.000,0.200,32.885,5.000,98.0,47.0,0.0,-0.05128205195069313
97.794,12:14:36.004,15.933,0.414,6.600,0.000,0.000,0.000,0.074,0.086,0.119,5.000,1.000,0.000,5.000,5.000,0.200,32.885,5.000,98.0,47.0,0.0,-0.05128205195069313
97.907,12:14:36.116,15.931,0.438,6.973,0.000,0.000,0.000,0.073,0.086,0.117,5.000,1.000,0.000,5.000,5.000,0.200,32.886,5.000,98.0,47.0,0.0,-0.05128205195069313
98.019,12:14:36.228,15.931,0.438,6.973,0.000,0.000,0.000,0.073,0.086,0.117,5.000,1.000,0.000,5.000,5.000,0.200,32.886,5.000,98.0,47.0,0.0,-0.05128205195069313
98.131,12:14:36.532,15.931,0.438,6.973,0.000,0.000,0.000,0.073,0.086,0.117,5.000,1.000,0.000,5.000,5.000,0.200,32.886,5.000,98.0,47.0,-0.05128205195069313,-0.10256410390138626
98.435,12:14:36.644,15.918,0.403,6.408,0.000,0.000,0.000,0.076,0.084,0.120,5.000,1.000,0.000,5.000,5.000,0.200,32.890,5.000,98.0,47.0,-0.05128205195069313,-0.10256410390138626
98.546,12:14:36.756,15.918,0.403,6.408,0.000,0.000,0.000,0.076,0.084,0.120,5.000,1.000,0.000,5.000,5.000,0.200,32.890,5.000,98.0,47.0,-0.05128205195069313,-0.10256410390138626
98.658,12:14:36.868,15.918,0.403,6.408,0.000,0.000,0.000,0.076,0.084,0.120,5.000,1.000,0.000,5.000,5.000,0.200,32.890,5.000,98.0,47.0,-0.05128205195069313,-0.10256410390138626
98.770,12:14:36.980,15.923,0.418,6.654,0.000,0.000,0.000,0.075,0.081,0.114,5.000,1.000,0.000,5.000,5.000,0.200,32.886,5.000,98.0,47.0,-0.05128205195069313,-0.10256410390138626
98.881,12:14:37.090,15.923,0.418,6.654,0.000,0.000,0.000,0.075,0.081,0.114,5.000,1.000,0.000,5.000,5.000,0.200,32.886,5.000,98.0,47.0,-0.05128205195069313,-0.10256410390138626
98.994,12:14:37.204,15.923,0.418,6.654,0.000,0.000,0.000,0.075,0.081,0.114,5.000,1.000,0.000,5.000,5.000,0.200,32.886,5.000,98.0,47.0,-0.05128205195069313,-0.10256410390138626
99.106,12:14:37.315,15.923,0.418,6.654,0.000,0.000,0.000,0.075,0.081,0.114,5.000,1.000,0.000,5.000,5.000,0.200,32.886,5.000,98.0,47.0,-0.05128205195069313,-0.10256410390138626
99.218,12:14:37.619,15.930,0.445,7.093,0.000,0.000,0.000,0.075,0.081,0.116,5.000,1.000,0.000,5.000,5.000,0.200,32.888,5.000,98.0,47.0,-0.05128205195069313,-0.05128205195069313
99.537,12:14:37.747,15.921,0.384,6.116,0.000,0.000,0.000,0.077,0.079,0.116,5.000,1.000,0.000,5.000,5.000,0.200,32.887,5.000,98.0,47.0,-0.05128205195069313,-0.05128205195069313
99.649,12:14:37.859,15.921,0.384,6.116,0.000,0.000,0.000,0.077,0.079,0.116,5.000,1.000,0.000,5.000,5.000,0.200,32.887,5.000,98.0,47.0,-0.05128205195069313,-0.05128205195069313
99.761,12:14:37.971,15.921,0.384,6.116,0.000,0.000,0.000,0.077,0.079,0.116,5.000,1.000,0.000,5.000,5.000,0.200,32.887,5.000,98.0,47.0,-0.05128205195069313,-0.05128205195069313
99.873,12:14:38.083,15.921,0.384,6.116,0.000,0.000,0.000,0.077,0.079,0.116,5.000,1.000,0.000,5.000,5.000,0.200,32.887,5.000,98.0,47.0,-0.05128205195069313,-0.05128205195069313
99.986,12:14:38.195,15.908,0.409,6.513,0.000,0.000,0.000,0.081,0.084,0.125,5.000,1.000,0.000,5.000,5.000,0.200,32.890,5.000,98.0,47.0,-0.05128205195069313,-0.05128205195069313
100.097,12:14:38.306,15.908,0.409,6.513,0.000,0.000,0.000,0.081,0.084,0.125,5.000,1.000,0.000,5.000,5.000,0.200,32.890,5.000,98.0,47.0,-0.05128205195069313,-0.05128205195069313
100.209,12:14:38.418,15.908,0.409,6.513,0.000,0.000,0.000,0.081,0.084,0.125,5.000,1.000,0.000,5.000,5.000,0.200,32.890,5.000,98.0,47.0,-0.05128205195069313,-0.05128205195069313
100.322,12:14:38.722,15.908,0.409,6.513,0.000,0.000,0.000,0.081,0.084,0.125,5.000,1.000,0.000,5.000,5.000,0.200,32.890,5.000,98.0,47.0,-0.05128205195069313,-0.05128205195069313
100.625,12:14:38.834,15.930,0.443,7.062,0.000,0.000,0.000,0.077,0.080,0.117,5.000,1.000,0.000,5.000,5.000,0.200,32.887,5.000,98.0,47.0,-0.05128205195069313,-0.05128205195069313
100.736,12:14:38.945,15.930,0.443,7.062,0.000,0.000,0.000,0.077,0.080,0.117,5.000,1.000,0.000,5.000,5.000,0.200,32.887,5.000,98.0,47.0,-0.05128205195069313,-0.05128205195069313
100.848,12:14:39.058,15.930,0.419,6.673,0.000,0.000,0.000,0.077,0.084,0.120,5.000,1.000,0.000,5.000,5.000,0.200,32.890,5.000,98.0,47.0,-0.05128205195069313,-0.05128205195069313
100.960,12:14:39.169,15.930,0.419,6.673,0.000,0.000,0.000,0.077,0.084,0.120,5.000,1.000,0.000,5.000,5.000,0.200,32.890,5.000,98.0,47.0,-0.05128205195069313,-0.05128205195069313
101.073,12:14:39.283,15.930,0.419,6.673,0.000,0.000,0.000,0.077,0.084,0.120,5.000,1.000,0.000,5.000,5.000,0.200,32.890,5.000,98.0,47.0,-0.05128205195069313,-0.05128205195069313
101.185,12:14:39.395,15.920,0.422,6.722,0.000,0.000,0.000,0.070,0.081,0.110,5.000,1.000,0.000,5.000,5.000,0.200,32.886,5.000,98.0,47.0,-0.05128205195069313,-0.05128205195069313
101.296,12:14:39.506,15.920,0.422,6.722,0.000,0.000,0.000,0.070,0.081,0.110,5.000,1.000,0.000,5.000,5.000,0.200,32.886,5.000,98.0,47.0,-0.05128205195069313,-0.05128205195069313
101.408,12:14:39.809,15.920,0.422,6.722,0.000,0.000,0.000,0.070,0.081,0.110,5.000,1.000,0.000,5.000,5.000,0.200,32.886,5.000,98.0,47.0,0.05128205195069313,-0.05128205195069313
101.712,12:14:39.922,15.936,0.440,7.008,0.000,0.000,0.000,0.067,0.079,0.106,5.000,1.000,0.000,5.000,5.000,0.200,32.888,5.000,98.0,47.0,0.05128205195069313,-0.05128205195069313
101.823,12:14:40.033,15.936,0.440,7.008,0.000,0.000,0.000,0.067,0.079,0.106,5.000,1.000,0.000,5.000,5.000,0.200,32.888,5.000,98.0,47.0,0.05128205195069313,-0.05128205195069313
101.936,12:14:40.146,15.936,0.440,7.008,0.000,0.000,0.000,0.067,0.079,0.106,5.000,1.000,0.000,5.000,5.000,0.200,32.888,5.000,98.0,47.0,0.05128205195069313,-0.05128205195069313
102.048,12:14:40.257,15.932,0.439,6.996,0.000,0.000,0.000,0.069,0.080,0.108,5.000,1.000,0.000,5.000,5.000,0.200,32.883,5.000,98.0,47.0,0.05128205195069313,-0.05128205195069313
102.160,12:14:40.369,15.932,0.439,6.996,0.000,0.000,0.000,0.069,0.080,0.108,5.000,1.000,0.000,5.000,5.000,0.200,32.883,5.000,98.0,47.0,0.05128205195069313,-0.05128205195069313
102.272,12:14:40.482,15.932,0.439,6.996,0.000,0.000,0.000,0.069,0.080,0.108,5.000,1.000,0.000,5.000,5.000,0.200,32.883,5.000,98.0,47.0,0.05128205195069313,-0.05128205195069313
102.384,12:14:40.594,15.928,0.417,6.642,0.000,0.000,0.000,0.077,0.083,0.120,5.000,1.000,0.000,5.000,5.000,0.200,32.883,5.000,98.0,47.0,0.05128205195069313,-0.05128205195069313
102.496,12:14:40.897,15.928,0.417,6.642,0.000,0.000,0.000,0.077,0.083,0.120,5.000,1.000,0.000,5.000,5.000,0.200,32.883,5.000,98.0,47.0,-0.05128205195069313,-0.10256410390138626
102.800,12:14:41.010,15.945,0.388,6.187,0.000,0.000,0.000,0.076,0.076,0.113,5.000,1.000,0.000,5.000,5.000,0.200,32.882,5.000,98.0,47.0,-0.05128205195069313,-0.10256410390138626
102.912,12:14:41.121,15.945,0.388,6.187,0.000,0.000,0.000,0.076,0.076,0.113,5.000,1.000,0.000,5.000,5.000,0.200,32.882,5.000,98.0,47.0,-0.05128205195069313,-0.10256410390138626
103.024,12:14:41.233,15.945,0.388,6.187,0.000,0.000,0.000,0.076,0.076,0.113,5.000,1.000,0.000,5.000,5.000,0.200,32.882,5.000,98.0,47.0,-0.05128205195069313,-0.10256410390138626
103.136,12:14:41.345,15.945,0.388,6.187,0.000,0.000,0.000,0.076,0.076,0.113,5.000,1.000,0.000,5.000,5.000,0.200,32.882,5.000,98.0,47.0,-0.05128205195069313,-0.10256410390138626
103.247,12:14:41.456,15.952,0.441,7.033,0.000,0.000,0.000,0.071,0.079,0.108,5.000,1.000,0.000,5.000,5.000,0.200,32.884,5.000,98.0,47.0,-0.05128205195069313,-0.10256410390138626
103.360,12:14:41.569,15.952,0.441,7.033,0.000,0.000,0.000,0.071,0.079,0.108,5.000,1.000,0.000,5.000,5.000,0.200,32.884,5.000,98.0,47.0,-0.05128205195069313,-0.10256410390138626
103.472,12:14:41.681,15.952,0.441,7.033,0.000,0.000,0.000,0.071,0.079,0.108,5.000,1.000,0.000,5.000,5.000,0.200,32.884,5.000,98.0,47.0,-0.05128205195069313,-0.10256410390138626
103.583,12:14:41.984,15.908,0.424,6.750,0.000,0.000,0.000,0.085,0.095,0.141,5.000,1.000,0.000,5.000,5.000,0.200,32.889,5.000,98.0,47.0,0.0,-0.10256410390138626
103.887,12:14:42.096,15.908,0.424,6.750,0.000,0.000,0.000,0.085,0.095,0.141,5.000,1.000,0.000,5.000,5.000,0.200,32.889,5.000,98.0,47.0,0.0,-0.10256410390138626
103.999,12:14:42.208,15.930,0.421,6.707,0.000,0.000,0.000,0.082,0.095,0.139,5.000,1.000,0.000,5.000,5.000,0.200,32.888,5.000,98.0,47.0,0.0,-0.10256410390138626
104.111,12:14:42.320,15.930,0.421,6.707,0.000,0.000,0.000,0.082,0.095,0.139,5.000,1.000,0.000,5.000,5.000,0.200,32.888,5.000,98.0,47.0,0.0,-0.10256410390138626
104.222,12:14:42.431,15.930,0.421,6.707,0.000,0.000,0.000,0.082,0.095,0.139,5.000,1.000,0.000,5.000,5.000,0.200,32.888,5.000,98.0,47.0,0.0,-0.10256410390138626
104.335,12:14:42.545,15.930,0.421,6.707,0.000,0.000,0.000,0.082,0.095,0.139,5.000,1.000,0.000,5.000,5.000,0.200,32.888,5.000,98.0,47.0,0.0,-0.10256410390138626
104.446,12:14:42.655,15.930,0.427,6.801,0.000,0.000,0.000,0.079,0.095,0.137,5.000,1.000,0.000,5.000,5.000,0.200,32.888,5.000,98.0,47.0,0.0,-0.10256410390138626
104.557,12:14:42.767,15.930,0.427,6.801,0.000,0.000,0.000,0.079,0.095,0.137,5.000,1.000,0.000,5.000,5.000,0.200,32.888,5.000,98.0,47.0,0.0,-0.10256410390138626
104.671,12:14:43.071,15.930,0.427,6.801,0.000,0.000,0.000,0.079,0.095,0.137,5.000,1.000,0.000,5.000,5.000,0.200,32.888,5.000,98.0,47.0,-0.10256410390138626,-0.10256410390138626
104.974,12:14:43.184,15.929,0.409,6.516,0.000,0.000,0.000,0.085,0.094,0.142,5.000,1.000,0.000,5.000,5.000,0.200,32.890,5.000,98.0,47.0,-0.10256410390138626,-0.10256410390138626
105.086,12:14:43.296,15.929,0.409,6.516,0.000,0.000,0.000,0.085,0.094,0.142,5.000,1.000,0.000,5.000,5.000,0.200,32.890,5.000,98.0,47.0,-0.10256410390138626,-0.10256410390138626
105.198,12:14:43.407,15.929,0.409,6.516,0.000,0.000,0.000,0.085,0.094,0.142,5.000,1.000,0.000,5.000,5.000,0.200,32.890,5.000,98.0,47.0,-0.10256410390138626,-0.10256410390138626
105.310,12:14:43.520,15.906,0.425,6.764,0.000,0.000,0.000,0.077,0.092,0.131,5.000,1.000,0.000,5.000,5.000,0.200,32.886,5.000,98.0,47.0,-0.10256410390138626,-0.10256410390138626
105.422,12:14:43.631,15.906,0.425,6.764,0.000,0.000,0.000,0.077,0.092,0.131,5.000,1.000,0.000,5.000,5.000,0.200,32.886,5.000,98.0,47.0,-0.10256410390138626,-0.10256410390138626
105.534,12:14:43.744,15.906,0.425,6.764,0.000,0.000,0.000,0.077,0.092,0.131,5.000,1.000,0.000,5.000,5.000,0.200,32.886,5.000,98.0,47.0,-0.10256410390138626,-0.10256410390138626
105.645,12:14:43.855,15.902,0.425,6.756,0.000,0.000,0.000,0.085,0.092,0.139,5.000,1.000,0.000,5.000,5.000,0.200,32.888,5.000,98.0,47.0,-0.10256410390138626,-0.10256410390138626
105.758,12:14:44.159,15.902,0.425,6.756,0.000,0.000,0.000,0.085,0.092,0.139,5.000,1.000,0.000,5.000,5.000,0.200,32.888,5.000,98.0,47.0,0.0,-0.05128205195069313
106.060,12:14:44.270,15.902,0.396,6.297,0.000,0.000,0.000,0.081,0.091,0.134,5.000,1.000,0.000,5.000,5.000,0.200,32.887,5.000,98.0,47.0,0.0,-0.05128205195069313
106.174,12:14:44.383,15.902,0.396,6.297,0.000,0.000,0.000,0.081,0.091,0.134,5.000,1.000,0.000,5.000,5.000,0.200,32.887,5.000,98.0,47.0,0.0,-0.05128205195069313
106.286,12:14:44.495,15.902,0.396,6.297,0.000,0.000,0.000,0.081,0.091,0.134,5.000,1.000,0.000,5.000,5.000,0.200,32.887,5.000,98.0,47.0,0.0,-0.05128205195069313
106.397,12:14:44.607,15.902,0.396,6.297,0.000,0.000,0.000,0.081,0.091,0.134,5.000,1.000,0.000,5.000,5.000,0.200,32.887,5.000,98.0,47.0,0.0,-0.05128205195069313
106.509,12:14:44.719,15.911,0.413,6.576,0.000,0.000,0.000,0.083,0.090,0.135,5.000,1.000,0.000,5.000,5.000,0.200,32.885,5.000,98.0,47.0,0.0,-0.05128205195069313
106.621,12:14:44.830,15.911,0.413,6.576,0.000,0.000,0.000,0.083,0.090,0.135,5.000,1.000,0.000,5.000,5.000,0.200,32.885,5.000,98.0,47.0,0.0,-0.05128205195069313
106.733,12:14:44.943,15.911,0.413,6.576,0.000,0.000,0.000,0.083,0.090,0.135,5.000,1.000,0.000,5.000,5.000,0.200,32.885,5.000,98.0,47.0,0.0,-0.05128205195069313
106.844,12:14:45.247,15.919,0.442,7.033,0.000,0.000,0.000,0.081,0.090,0.133,5.000,1.000,0.000,5.000,5.000,0.200,32.880,5.000,98.0,47.0,-0.10256410390138626,-0.10256410390138626
107.149,12:14:45.358,15.919,0.442,7.033,0.000,0.000,0.000,0.081,0.090,0.133,5.000,1.000,0.000,5.000,5.000,0.200,32.880,5.000,98.0,47.0,-0.10256410390138626,-0.10256410390138626
107.260,12:14:45.470,15.927,0.420,6.689,0.000,0.000,0.000,0.077,0.093,0.133,5.000,1.000,0.000,5.000,5.000,0.200,32.877,5.000,98.0,47.0,-0.10256410390138626,-0.10256410390138626
107.373,12:14:45.582,15.927,0.420,6.689,0.000,0.000,0.000,0.077,0.093,0.133,5.000,1.000,0.000,5.000,5.000,0.200,32.877,5.000,98.0,47.0,-0.10256410390138626,-0.10256410390138626
107.485,12:14:45.694,15.927,0.420,6.689,0.000,0.000,0.000,0.077,0.093,0.133,5.000,1.000,0.000,5.000,5.000,0.200,32.877,5.000,98.0,47.0,-0.10256410390138626,-0.10256410390138626
107.596,12:14:45.806,15.927,0.420,6.689,0.000,0.000,0.000,0.077,0.093,0.133,5.000,1.000,0.000,5.000,5.000,0.200,32.877,5.000,98.0,47.0,-0.10256410390138626,-0.10256410390138626
107.708,12:14:45.917,15.926,0.418,6.657,0.000,0.000,0.000,0.084,0.088,0.134,5.000,1.000,0.000,5.000,5.000,0.200,32.880,5.000,98.0,47.0,-0.10256410390138626,-0.10256410390138626
107.820,12:14:46.029,15.926,0.418,6.657,0.000,0.000,0.000,0.084,0.088,0.134,5.000,1.000,0.000,5.000,5.000,0.200,32.880,5.000,98.0,47.0,-0.10256410390138626,-0.10256410390138626
107.933,12:14:46.334,15.926,0.418,6.657,0.000,0.000,0.000,0.084,0.088,0.134,5.000,1.000,0.000,5.000,5.000,0.200,32.880,5.000,98.0,47.0,-0.05128205195069313,-0.05128205195069313
108.236,12:14:46.445,15.934,0.445,7.084,0.000,0.000,0.000,0.076,0.090,0.126,5.000,1.000,0.000,5.000,5.000,0.200,32.879,5.000,98.0,47.0,-0.05128205195069313,-0.05128205195069313
108.348,12:14:46.557,15.934,0.445,7.084,0.000,0.000,0.000,0.076,0.090,0.126,5.000,1.000,0.000,5.000,5.000,0.200,32.879,5.000,98.0,47.0,-0.05128205195069313,-0.05128205195069313
108.460,12:14:46.669,15.943,0.433,6.911,0.000,0.000,0.000,0.078,0.087,0.125,5.000,1.000,0.000,5.000,5.000,0.200,32.875,5.000,98.0,47.0,-0.05128205195069313,-0.05128205195069313
108.572,12:14:46.782,15.943,0.433,6.911,0.000,0.000,0.000,0.078,0.087,0.125,5.000,1.000,0.000,5.000,5.000,0.200,32.875,5.000,98.0,47.0,-0.05128205195069313,-0.05128205195069313
108.684,12:14:46.894,15.943,0.433,6.911,0.000,0.000,0.000,0.078,0.087,0.125,5.000,1.000,0.000,5.000,5.000,0.200,32.875,5.000,98.0,47.0,-0.05128205195069313,-0.05128205195069313
108.796,12:14:47.005,15.943,0.433,6.911,0.000,0.000,0.000,0.078,0.087,0.125,5.000,1.000,0.000,5.000,5.000,0.200,32.875,5.000,98.0,47.0,-0.05128205195069313,-0.05128205195069313
108.908,12:14:47.117,15.928,0.405,6.445,0.000,0.000,0.000,0.079,0.087,0.128,5.000,1.000,0.000,5.000,5.000,0.200,32.878,5.000,98.0,47.0,-0.05128205195069313,-0.05128205195069313
109.019,12:14:47.420,15.928,0.405,6.445,0.000,0.000,0.000,0.079,0.087,0.128,5.000,1.000,0.000,5.000,5.000,0.200,32.878,5.000,98.0,47.0,-0.05128205195069313,-0.05128205195069313
109.323,12:14:47.533,15.926,0.387,6.167,0.000,0.000,0.000,0.079,0.087,0.127,5.000,1.000,0.000,5.000,5.000,0.200,32.877,5.000,98.0,47.0,-0.05128205195069313,-0.05128205195069313
109.436,12:14:47.645,15.926,0.387,6.167,0.000,0.000,0.000,0.079,0.087,0.127,5.000,1.000,0.000,5.000,5.000,0.200,32.877,5.000,98.0,47.0,-0.05128205195069313,-0.05128205195069313
109.548,12:14:47.757,15.926,0.387,6.167,0.000,0.000,0.000,0.079,0.087,0.127,5.000,1.000,0.000,5.000,5.000,0.200,32.877,5.000,98.0,47.0,-0.05128205195069313,-0.05128205195069313
109.675,12:14:47.885,15.920,0.440,7.007,0.000,0.000,0.000,0.078,0.093,0.133,5.000,1.000,0.000,5.000,5.000,0.200,32.877,5.000,98.0,47.0,-0.05128205195069313,-0.05128205195069313
109.786,12:14:47.996,15.920,0.440,7.007,0.000,0.000,0.000,0.078,0.093,0.133,5.000,1.000,0.000,5.000,5.000,0.200,32.877,5.000,98.0,47.0,-0.05128205195069313,-0.05128205195069313
109.899,12:14:48.109,15.920,0.440,7.007,0.000,0.000,0.000,0.078,0.093,0.133,5.000,1.000,0.000,5.000,5.000,0.200,32.877,5.000,98.0,47.0,-0.05128205195069313,-0.05128205195069313
110.010,12:14:48.220,15.920,0.440,7.007,0.000,0.000,0.000,0.078,0.093,0.133,5.000,1.000,0.000,5.000,5.000,0.200,32.877,5.000,98.0,47.0,-0.05128205195069313,-0.05128205195069313
110.123,12:14:48.524,15.918,0.418,6.649,0.000,0.000,0.000,0.075,0.086,0.121,5.000,1.000,0.000,5.000,5.000,0.200,32.871,5.000,98.0,47.0,0.0,-0.05128205195069313
110.426,12:14:48.636,15.918,0.418,6.649,0.000,0.000,0.000,0.075,0.086,0.121,5.000,1.000,0.000,5.000,5.000,0.200,32.871,5.000,98.0,47.0,0.0,-0.05128205195069313
110.539,12:14:48.748,15.913,0.371,5.897,0.000,0.000,0.000,0.078,0.084,0.121,5.000,1.000,0.000,5.000,5.000,0.200,32.878,5.000,98.0,47.0,0.0,-0.05128205195069313
110.651,12:14:48.860,15.913,0.371,5.897,0.000,0.000,0.000,0.078,0.084,0.121,5.000,1.000,0.000,5.000,5.000,0.200,32.878,5.000,98.0,47.0,0.0,-0.05128205195069313
110.763,12:14:48.972,15.913,0.371,5.897,0.000,0.000,0.000,0.078,0.084,0.121,5.000,1.000,0.000,5.000,5.000,0.200,32.878,5.000,98.0,47.0,0.0,-0.05128205195069313
110.875,12:14:49.084,15.913,0.371,5.897,0.000,0.000,0.000,0.078,0.084,0.121,5.000,1.000,0.000,5.000,5.000,0.200,32.878,5.000,98.0,47.0,0.0,-0.05128205195069313
110.987,12:14:49.196,15.921,0.437,6.956,0.000,0.000,0.000,0.073,0.088,0.121,5.000,1.000,0.000,5.000,5.000,0.200,32.875,5.000,98.0,47.0,0.0,-0.05128205195069313
111.098,12:14:49.308,15.921,0.437,6.956,0.000,0.000,0.000,0.073,0.088,0.121,5.000,1.000,0.000,5.000,5.000,0.200,32.875,5.000,98.0,47.0,0.0,-0.05128205195069313
111.210,12:14:49.611,15.921,0.437,6.956,0.000,0.000,0.000,0.073,0.088,0.121,5.000,1.000,0.000,5.000,5.000,0.200,32.875,5.000,98.0,47.0,0.0,-0.10256410390138626
111.514,12:14:49.724,15.945,0.417,6.645,0.000,0.000,0.000,0.073,0.084,0.118,5.000,1.000,0.000,5.000,5.000,0.200,32.875,5.000,98.0,47.0,0.0,-0.10256410390138626
111.625,12:14:49.835,15.945,0.417,6.645,0.000,0.000,0.000,0.073,0.084,0.118,5.000,1.000,0.000,5.000,5.000,0.200,32.875,5.000,98.0,47.0,0.0,-0.10256410390138626
111.738,12:14:49.948,15.921,0.419,6.678,0.000,0.000,0.000,0.078,0.085,0.123,5.000,1.000,0.000,5.000,5.000,0.200,32.875,5.000,98.0,47.0,0.0,-0.10256410390138626
111.850,12:14:50.059,15.921,0.419,6.678,0.000,0.000,0.000,0.078,0.085,0.123,5.000,1.000,0.000,5.000,5.000,0.200,32.875,5.000,98.0,47.0,0.0,-0.10256410390138626
111.961,12:14:50.171,15.921,0.419,6.678,0.000,0.000,0.000,0.078,0.085,0.123,5.000,1.000,0.000,5.000,5.000,0.200,32.875,5.000,98.0,47.0,0.0,-0.10256410390138626
112.074,12:14:50.284,15.921,0.419,6.678,0.000,0.000,0.000,0.078,0.085,0.123,5.000,1.000,0.000,5.000,5.000,0.200,32.875,5.000,98.0,47.0,0.0,-0.10256410390138626
112.186,12:14:50.396,15.957,0.442,7.048,0.000,0.000,0.000,0.075,0.086,0.120,5.000,1.000,0.000,5.000,5.000,0.200,32.869,5.000,98.0,47.0,0.0,-0.10256410390138626
112.298,12:14:50.699,15.957,0.442,7.048,0.000,0.000,0.000,0.075,0.086,0.120,5.000,1.000,0.000,5.000,5.000,0.200,32.869,5.000,98.0,47.0,-0.05128205195069313,-0.10256410390138626
112.602,12:14:50.811,15.931,0.403,6.426,0.000,0.000,0.000,0.078,0.084,0.123,5.000,1.000,0.000,5.000,5.000,0.200,32.873,5.000,98.0,47.0,-0.05128205195069313,-0.10256410390138626
112.714,12:14:50.923,15.931,0.403,6.426,0.000,0.000,0.000,0.078,0.084,0.123,5.000,1.000,0.000,5.000,5.000,0.200,32.873,5.000,98.0,47.0,-0.05128205195069313,-0.10256410390138626
112.825,12:14:51.034,15.931,0.403,6.426,0.000,0.000,0.000,0.078,0.084,0.123,5.000,1.000,0.000,5.000,5.000,0.200,32.873,5.000,98.0,47.0,-0.05128205195069313,-0.10256410390138626
112.937,12:14:51.147,15.925,0.415,6.609,0.000,0.000,0.000,0.079,0.081,0.120,5.000,1.000,0.000,5.000,5.000,0.200,32.870,5.000,98.0,47.0,-0.05128205195069313,-0.10256410390138626
113.049,12:14:51.259,15.925,0.415,6.609,0.000,0.000,0.000,0.079,0.081,0.120,5.000,1.000,0.000,5.000,5.000,0.200,32.870,5.000,98.0,47.0,-0.05128205195069313,-0.10256410390138626
113.161,12:14:51.371,15.925,0.415,6.609,0.000,0.000,0.000,0.079,0.081,0.120,5.000,1.000,0.000,5.000,5.000,0.200,32.870,5.000,98.0,47.0,-0.05128205195069313,-0.10256410390138626
113.273,12:14:51.483,15.925,0.415,6.609,0.000,0.000,0.000,0.079,0.081,0.120,5.000,1.000,0.000,5.000,5.000,0.200,32.870,5.000,98.0,47.0,-0.05128205195069313,-0.10256410390138626
113.385,12:14:51.786,15.924,0.444,7.067,0.000,0.000,0.000,0.078,0.085,0.123,5.000,1.000,0.000,5.000,5.000,0.200,32.874,5.000,98.0,47.0,0.0,-0.10256410390138626
113.689,12:14:51.898,15.924,0.444,7.067,0.000,0.000,0.000,0.078,0.085,0.123,5.000,1.000,0.000,5.000,5.000,0.200,32.874,5.000,98.0,47.0,0.0,-0.10256410390138626
113.801,12:14:52.010,15.931,0.384,6.111,0.000,0.000,0.000,0.080,0.084,0.126,5.000,1.000,0.000,5.000,5.000,0.200,32.875,5.000,98.0,47.0,0.0,-0.10256410390138626
113.913,12:14:52.123,15.931,0.384,6.111,0.000,0.000,0.000,0.080,0.084,0.126,5.000,1.000,0.000,5.000,5.000,0.200,32.875,5.000,98.0,47.0,0.0,-0.10256410390138626
114.024,12:14:52.233,15.931,0.384,6.111,0.000,0.000,0.000,0.080,0.084,0.126,5.000,1.000,0.000,5.000,5.000,0.200,32.875,5.000,98.0,47.0,0.0,-0.10256410390138626
114.137,12:14:52.347,15.940,0.419,6.686,0.000,0.000,0.000,0.077,0.083,0.120,5.000,1.000,0.000,5.000,5.000,0.200,32.872,5.000,98.0,47.0,0.0,-0.10256410390138626
114.247,12:14:52.457,15.940,0.419,6.686,0.000,0.000,0.000,0.077,0.083,0.120,5.000,1.000,0.000,5.000,5.000,0.200,32.872,5.000,98.0,47.0,0.0,-0.10256410390138626
114.359,12:14:52.569,15.940,0.419,6.686,0.000,0.000,0.000,0.077,0.083,0.120,5.000,1.000,0.000,5.000,5.000,0.200,32.872,5.000,98.0,47.0,0.0,-0.10256410390138626
114.472,12:14:52.873,15.940,0.419,6.686,0.000,0.000,0.000,0.077,0.083,0.120,5.000,1.000,0.000,5.000,5.000,0.200,32.872,5.000,98.0,47.0,0.0,-0.05128205195069313
114.776,12:14:52.985,15.936,0.390,6.211,0.000,0.000,0.000,0.080,0.084,0.124,5.000,1.000,0.000,5.000,5.000,0.200,32.872,5.000,98.0,47.0,0.0,-0.05128205195069313
114.888,12:14:53.097,15.936,0.390,6.211,0.000,0.000,0.000,0.080,0.084,0.124,5.000,1.000,0.000,5.000,5.000,0.200,32.872,5.000,98.0,47.0,0.0,-0.05128205195069313
115.000,12:14:53.210,15.905,0.447,7.116,0.000,0.000,0.000,0.074,0.079,0.112,5.000,1.000,0.000,5.000,5.000,0.200,32.870,5.000,98.0,47.0,0.0,-0.05128205195069313
115.112,12:14:53.322,15.905,0.447,7.116,0.000,0.000,0.000,0.074,0.079,0.112,5.000,1.000,0.000,5.000,5.000,0.200,32.870,5.000,98.0,47.0,0.0,-0.05128205195069313
115.223,12:14:53.433,15.905,0.447,7.116,0.000,0.000,0.000,0.074,0.079,0.112,5.000,1.000,0.000,5.000,5.000,0.200,32.870,5.000,98.0,47.0,0.0,-0.05128205195069313
115.336,12:14:53.545,15.905,0.447,7.116,0.000,0.000,0.000,0.074,0.079,0.112,5.000,1.000,0.000,5.000,5.000,0.200,32.870,5.000,98.0,47.0,0.0,-0.05128205195069313
115.448,12:14:53.658,15.929,0.414,6.600,0.000,0.000,0.000,0.076,0.080,0.116,5.000,1.000,0.000,5.000,5.000,0.200,32.868,5.000,98.0,47.0,0.0,-0.05128205195069313
115.560,12:14:53.961,15.929,0.414,6.600,0.000,0.000,0.000,0.076,0.080,0.116,5.000,1.000,0.000,5.000,5.000,0.200,32.868,5.000,98.0,47.0,0.0,-0.10256410390138626
115.863,12:14:54.072,15.943,0.396,6.307,0.000,0.000,0.000,0.076,0.081,0.119,5.000,1.000,0.000,5.000,5.000,0.200,32.869,5.000,98.0,47.0,0.0,-0.10256410390138626
115.975,12:14:54.185,15.943,0.396,6.307,0.000,0.000,0.000,0.076,0.081,0.119,5.000,1.000,0.000,5.000,5.000,0.200,32.869,5.000,98.0,47.0,0.0,-0.10256410390138626
116.087,12:14:54.296,15.943,0.396,6.307,0.000,0.000,0.000,0.076,0.081,0.119,5.000,1.000,0.000,5.000,5.000,0.200,32.869,5.000,98.0,47.0,0.0,-0.10256410390138626
116.200,12:14:54.409,15.938,0.426,6.794,0.000,0.000,0.000,0.070,0.081,0.112,5.000,1.000,0.000,5.000,5.000,0.200,32.869,5.000,98.0,47.0,0.0,-0.10256410390138626
116.311,12:14:54.521,15.938,0.426,6.794,0.000,0.000,0.000,0.070,0.081,0.112,5.000,1.000,0.000,5.000,5.000,0.200,32.869,5.000,98.0,47.0,0.0,-0.10256410390138626
116.423,12:14:54.632,15.938,0.426,6.794,0.000,0.000,0.000,0.070,0.081,0.112,5.000,1.000,0.000,5.000,5.000,0.200,32.869,5.000,98.0,47.0,0.0,-0.10256410390138626
116.535,12:14:54.744,15.938,0.426,6.794,0.000,0.000,0.000,0.070,0.081,0.112,5.000,1.000,0.000,5.000,5.000,0.200,32.869,5.000,98.0,47.0,0.0,-0.10256410390138626
116.647,12:14:55.048,15.933,0.425,6.764,0.000,0.000,0.000,0.073,0.081,0.112,5.000,1.000,0.000,5.000,5.000,0.200,32.866,5.000,98.0,47.0,-0.1538461595773697,-0.10256410390138626
116.951,12:14:55.160,15.933,0.425,6.764,0.000,0.000,0.000,0.073,0.081,0.112,5.000,1.000,0.000,5.000,5.000,0.200,32.866,5.000,98.0,47.0,-0.1538461595773697,-0.10256410390138626
117.063,12:14:55.273,15.932,0.372,5.926,0.000,0.000,0.000,0.079,0.081,0.121,5.000,1.000,0.000,5.000,5.000,0.200,32.870,5.000,98.0,47.0,-0.1538461595773697,-0.10256410390138626
117.174,12:14:55.384,15.932,0.372,5.926,0.000,0.000,0.000,0.079,0.081,0.121,5.000,1.000,0.000,5.000,5.000,0.200,32.870,5.000,98.0,47.0,-0.1538461595773697,-0.10256410390138626
117.286,12:14:55.496,15.932,0.372,5.926,0.000,0.000,0.000,0.079,0.081,0.121,5.000,1.000,0.000,5.000,5.000,0.200,32.870,5.000,98.0,47.0,-0.1538461595773697,-0.10256410390138626
117.399,12:14:55.608,15.916,0.442,7.036,0.000,0.000,0.000,0.071,0.082,0.112,5.000,1.000,0.000,5.000,5.000,0.200,32.866,5.000,98.0,47.0,-0.1538461595773697,-0.10256410390138626
117.510,12:14:55.720,15.916,0.442,7.036,0.000,0.000,0.000,0.071,0.082,0.112,5.000,1.000,0.000,5.000,5.000,0.200,32.866,5.000,98.0,47.0,-0.1538461595773697,-0.10256410390138626
117.622,12:14:55.832,15.916,0.442,7.036,0.000,0.000,0.000,0.071,0.082,0.112,5.000,1.000,0.000,5.000,5.000,0.200,32.866,5.000,98.0,47.0,-0.1538461595773697,-0.10256410390138626
117.734,12:14:56.136,15.916,0.442,7.036,0.000,0.000,0.000,0.071,0.082,0.112,5.000,1.000,0.000,5.000,5.000,0.200,32.866,5.000,98.0,47.0,-0.05128205195069313,-0.05128205195069313
118.038,12:14:56.248,15.912,0.411,6.546,0.000,0.000,0.000,0.072,0.079,0.111,5.000,1.000,0.000,5.000,5.000,0.200,32.866,5.000,98.0,47.0,-0.05128205195069313,-0.05128205195069313
118.151,12:14:56.360,15.912,0.411,6.546,0.000,0.000,0.000,0.072,0.079,0.111,5.000,1.000,0.000,5.000,5.000,0.200,32.866,5.000,98.0,47.0,-0.05128205195069313,-0.05128205195069313
118.262,12:14:56.472,15.918,0.425,6.758,0.000,0.000,0.000,0.071,0.082,0.113,5.000,1.000,0.000,5.000,5.000,0.200,32.862,5.000,98.0,47.0,-0.05128205195069313,-0.05128205195069313
118.373,12:14:56.583,15.918,0.425,6.758,0.000,0.000,0.000,0.071,0.082,0.113,5.000,1.000,0.000,5.000,5.000,0.200,32.862,5.000,98.0,47.0,-0.05128205195069313,-0.05128205195069313
118.486,12:14:56.695,15.918,0.425,6.758,0.000,0.000,0.000,0.071,0.082,0.113,5.000,1.000,0.000,5.000,5.000,0.200,32.862,5.000,98.0,47.0,-0.05128205195069313,-0.05128205195069313
118.598,12:14:56.807,15.944,0.448,7.138,0.000,0.000,0.000,0.071,0.081,0.113,5.000,1.000,0.000,5.000,5.000,0.200,32.863,5.000,98.0,47.0,-0.05128205195069313,-0.05128205195069313
118.709,12:14:56.919,15.944,0.448,7.138,0.000,0.000,0.000,0.071,0.081,0.113,5.000,1.000,0.000,5.000,5.000,0.200,32.863,5.000,98.0,47.0,-0.05128205195069313,-0.05128205195069313
118.822,12:14:57.223,15.944,0.448,7.138,0.000,0.000,0.000,0.071,0.081,0.113,5.000,1.000,0.000,5.000,5.000,0.200,32.863,5.000,98.0,47.0,0.05128205195069313,-0.05128205195069313
119.126,12:14:57.335,15.945,0.396,6.313,0.000,0.000,0.000,0.077,0.078,0.114,5.000,1.000,0.000,5.000,5.000,0.200,32.862,5.000,98.0,47.0,0.05128205195069313,-0.05128205195069313
119.237,12:14:57.447,15.945,0.396,6.313,0.000,0.000,0.000,0.077,0.078,0.114,5.000,1.000,0.000,5.000,5.000,0.200,32.862,5.000,98.0,47.0,0.05128205195069313,-0.05128205195069313
119.349,12:14:57.559,15.945,0.396,6.313,0.000,0.000,0.000,0.077,0.078,0.114,5.000,1.000,0.000,5.000,5.000,0.200,32.862,5.000,98.0,47.0,0.05128205195069313,-0.05128205195069313
119.460,12:14:57.670,15.914,0.410,6.530,0.000,0.000,0.000,0.081,0.080,0.120,5.000,1.000,0.000,5.000,5.000,0.200,32.863,5.000,98.0,47.0,0.05128205195069313,-0.05128205195069313
119.572,12:14:57.782,15.914,0.410,6.530,0.000,0.000,0.000,0.081,0.080,0.120,5.000,1.000,0.000,5.000,5.000,0.200,32.863,5.000,98.0,47.0,0.05128205195069313,-0.05128205195069313
119.685,12:14:57.894,15.914,0.410,6.530,0.000,0.000,0.000,0.081,0.080,0.120,5.000,1.000,0.000,5.000,5.000,0.200,32.863,5.000,98.0,47.0,0.05128205195069313,-0.05128205195069313
119.797,12:14:58.007,15.914,0.410,6.530,0.000,0.000,0.000,0.081,0.080,0.120,5.000,1.000,0.000,5.000,5.000,0.200,32.863,5.000,98.0,47.0,0.05128205195069313,-0.05128205195069313
119.909,12:14:58.310,15.919,0.440,7.012,0.000,0.000,0.000,0.073,0.080,0.112,5.000,1.000,0.000,5.000,5.000,0.200,32.860,5.000,98.0,47.0,-0.10256410390138626,-0.10256410390138626
120.213,12:14:58.422,15.915,0.382,6.076,0.000,0.000,0.000,0.073,0.076,0.109,5.000,1.000,0.000,5.000,5.000,0.200,32.863,5.000,98.0,47.0,-0.10256410390138626,-0.10256410390138626
120.325,12:14:58.534,15.915,0.382,6.076,0.000,0.000,0.000,0.073,0.076,0.109,5.000,1.000,0.000,5.000,5.000,0.200,32.863,5.000,98.0,47.0,-0.10256410390138626,-0.10256410390138626
120.436,12:14:58.646,15.915,0.382,6.076,0.000,0.000,0.000,0.073,0.076,0.109,5.000,1.000,0.000,5.000,5.000,0.200,32.863,5.000,98.0,47.0,-0.10256410390138626,-0.10256410390138626
120.549,12:14:58.758,15.915,0.382,6.076,0.000,0.000,0.000,0.073,0.076,0.109,5.000,1.000,0.000,5.000,5.000,0.200,32.863,5.000,98.0,47.0,-0.10256410390138626,-0.10256410390138626
120.660,12:14:58.870,15.924,0.423,6.736,0.000,0.000,0.000,0.066,0.081,0.106,5.000,1.000,0.000,5.000,5.000,0.200,32.862,5.000,98.0,47.0,-0.10256410390138626,-0.10256410390138626
120.771,12:14:58.981,15.924,0.423,6.736,0.000,0.000,0.000,0.066,0.081,0.106,5.000,1.000,0.000,5.000,5.000,0.200,32.862,5.000,98.0,47.0,-0.10256410390138626,-0.10256410390138626
120.884,12:14:59.093,15.924,0.423,6.736,0.000,0.000,0.000,0.066,0.081,0.106,5.000,1.000,0.000,5.000,5.000,0.200,32.862,5.000,98.0,47.0,-0.10256410390138626,-0.10256410390138626
120.996,12:14:59.397,15.924,0.423,6.736,0.000,0.000,0.000,0.066,0.081,0.106,5.000,1.000,0.000,5.000,5.000,0.200,32.862,5.000,98.0,47.0,-0.05128205195069313,-0.05128205195069313
121.299,12:14:59.508,15.894,0.428,6.803,0.000,0.000,0.000,0.081,0.094,0.138,5.000,1.000,0.000,5.000,5.000,0.200,32.864,5.000,98.0,47.0,-0.05128205195069313,-0.05128205195069313
121.412,12:14:59.621,15.894,0.428,6.803,0.000,0.000,0.000,0.081,0.094,0.138,5.000,1.000,0.000,5.000,5.000,0.200,32.864,5.000,98.0,47.0,-0.05128205195069313,-0.05128205195069313
121.524,12:14:59.733,15.892,0.444,7.056,0.000,0.000,0.000,0.074,0.096,0.131,5.000,1.000,0.000,5.000,5.000,0.200,32.868,5.000,98.0,47.0,-0.05128205195069313,-0.05128205195069313
121.635,12:14:59.845,15.892,0.444,7.056,0.000,0.000,0.000,0.074,0.096,0.131,5.000,1.000,0.000,5.000,5.000,0.200,32.868,5.000,98.0,47.0,-0.05128205195069313,-0.05128205195069313
121.748,12:14:59.957,15.892,0.444,7.056,0.000,0.000,0.000,0.074,0.096,0.131,5.000,1.000,0.000,5.000,5.000,0.200,32.868,5.000,98.0,47.0,-0.05128205195069313,-0.05128205195069313
121.858,12:15:00.068,15.910,0.216,3.444,0.000,0.000,0.000,0.083,0.085,0.129,5.000,1.000,0.000,5.000,5.000,0.200,32.867,5.000,98.0,47.0,-0.05128205195069313,-0.05128205195069313
121.970,12:15:00.180,15.910,0.216,3.444,0.000,0.000,0.000,0.083,0.085,0.129,5.000,1.000,0.000,5.000,5.000,0.200,32.867,5.000,98.0,47.0,-0.05128205195069313,-0.05128205195069313
122.083,12:15:00.484,15.910,0.216,3.444,0.000,0.000,0.000,0.083,0.085,0.129,5.000,1.000,0.000,5.000,5.000,0.200,32.867,5.000,98.0,47.0,-0.1538461595773697,-0.05128205195069313
122.386,12:15:00.596,15.902,0.231,3.678,0.000,0.000,0.000,0.090,0.087,0.140,5.000,1.000,0.000,5.000,5.000,0.200,32.868,5.000,98.0,47.0,-0.1538461595773697,-0.05128205195069313
122.499,12:15:00.708,15.902,0.231,3.678,0.000,0.000,0.000,0.090,0.087,0.140,5.000,1.000,0.000,5.000,5.000,0.200,32.868,5.000,98.0,47.0,-0.1538461595773697,-0.05128205195069313
122.611,12:15:00.821,15.902,0.231,3.678,0.000,0.000,0.000,0.090,0.087,0.140,5.000,1.000,0.000,5.000,5.000,0.200,32.868,5.000,98.0,47.0,-0.1538461595773697,-0.05128205195069313
122.722,12:15:00.932,15.886,0.235,3.740,0.000,0.000,0.000,0.092,0.087,0.142,5.000,1.000,0.000,5.000,5.000,0.200,32.868,5.000,98.0,47.0,-0.1538461595773697,-0.05128205195069313
122.835,12:15:01.044,15.886,0.235,3.740,0.000,0.000,0.000,0.092,0.087,0.142,5.000,1.000,0.000,5.000,5.000,0.200,32.868,5.000,98.0,47.0,-0.1538461595773697,-0.05128205195069313
122.947,12:15:01.156,15.886,0.235,3.740,0.000,0.000,0.000,0.092,0.087,0.142,5.000,1.000,0.000,5.000,5.000,0.200,32.868,5.000,98.0,47.0,-0.1538461595773697,-0.05128205195069313
123.059,12:15:01.268,15.873,0.229,3.632,0.000,0.000,0.000,0.090,0.086,0.139,5.000,1.000,0.000,5.000,5.000,0.200,32.868,5.000,98.0,47.0,-0.1538461595773697,-0.05128205195069313
123.170,12:15:01.572,15.873,0.229,3.632,0.000,0.000,0.000,0.090,0.086,0.139,5.000,1.000,0.000,5.000,5.000,0.200,32.868,5.000,98.0,47.0,-0.05128205195069313,-0.10256410390138626
123.475,12:15:01.684,15.911,0.191,3.047,0.000,0.000,0.000,0.086,0.082,0.129,5.000,1.000,0.000,5.000,5.000,0.200,32.865,5.000,98.0,47.0,-0.05128205195069313,-0.10256410390138626
123.585,12:15:01.795,15.911,0.191,3.047,0.000,0.000,0.000,0.086,0.082,0.129,5.000,1.000,0.000,5.000,5.000,0.200,32.865,5.000,98.0,47.0,-0.05128205195069313,-0.10256410390138626
123.698,12:15:01.908,15.911,0.191,3.047,0.000,0.000,0.000,0.086,0.082,0.129,5.000,1.000,0.000,5.000,5.000,0.200,32.865,5.000,98.0,47.0,-0.05128205195069313,-0.10256410390138626
123.810,12:15:02.020,15.911,0.191,3.047,0.000,0.000,0.000,0.086,0.082,0.129,5.000,1.000,0.000,5.000,5.000,0.200,32.865,5.000,98.0,47.0,-0.05128205195069313,-0.10256410390138626
123.922,12:15:02.131,15.884,0.241,3.825,0.000,0.000,0.000,0.084,0.086,0.131,5.000,1.000,0.000,5.000,5.000,0.200,32.867,5.000,98.0,47.0,-0.05128205195069313,-0.10256410390138626
124.034,12:15:02.243,15.884,0.241,3.825,0.000,0.000,0.000,0.084,0.086,0.131,5.000,1.000,0.000,5.000,5.000,0.200,32.867,5.000,98.0,47.0,-0.05128205195069313,-0.10256410390138626
124.146,12:15:02.356,15.884,0.241,3.825,0.000,0.000,0.000,0.084,0.086,0.131,5.000,1.000,0.000,5.000,5.000,0.200,32.867,5.000,98.0,47.0,-0.05128205195069313,-0.10256410390138626
124.258,12:15:02.659,15.884,0.241,3.825,0.000,0.000,0.000,0.084,0.086,0.131,5.000,1.000,0.000,5.000,5.000,0.200,32.867,5.000,98.0,47.0,-0.10256410390138626,0.0
124.561,12:15:02.770,15.899,0.223,3.541,0.000,0.000,0.000,0.086,0.083,0.131,5.000,1.000,0.000,5.000,5.000,0.200,32.868,5.000,98.0,47.0,-0.10256410390138626,0.0
124.674,12:15:02.883,15.913,0.228,3.622,0.000,0.000,0.000,0.085,0.084,0.131,5.000,1.000,0.000,5.000,5.000,0.200,32.862,5.000,98.0,47.0,-0.10256410390138626,0.0
124.785,12:15:02.995,15.913,0.228,3.622,0.000,0.000,0.000,0.085,0.084,0.131,5.000,1.000,0.000,5.000,5.000,0.200,32.862,5.000,98.0,47.0,-0.10256410390138626,0.0
124.898,12:15:03.107,15.913,0.228,3.622,0.000,0.000,0.000,0.085,0.084,0.131,5.000,1.000,0.000,5.000,5.000,0.200,32.862,5.000,98.0,47.0,-0.10256410390138626,0.0
125.008,12:15:03.218,15.913,0.228,3.622,0.000,0.000,0.000,0.085,0.084,0.131,5.000,1.000,0.000,5.000,5.000,0.200,32.862,5.000,98.0,47.0,-0.10256410390138626,0.0
125.121,12:15:03.331,15.910,0.217,3.447,0.000,0.000,0.000,0.084,0.084,0.129,5.000,1.000,0.000,5.000,5.000,0.200,32.858,5.000,98.0,47.0,-0.10256410390138626,0.0
125.233,12:15:03.443,15.910,0.217,3.447,0.000,0.000,0.000,0.084,0.084,0.129,5.000,1.000,0.000,5.000,5.000,0.200,32.858,5.000,98.0,47.0,-0.10256410390138626,0.0
125.346,12:15:03.746,15.910,0.217,3.447,0.000,0.000,0.000,0.084,0.084,0.129,5.000,1.000,0.000,5.000,5.000,0.200,32.858,5.000,98.0,47.0,-0.05128205195069313,-0.05128205195069313
125.649,12:15:03.859,15.910,0.251,3.997,0.000,0.000,0.000,0.082,0.085,0.128,5.000,1.000,0.000,5.000,5.000,0.200,32.862,5.000,98.0,47.0,-0.05128205195069313,-0.05128205195069313
125.760,12:15:03.970,15.910,0.251,3.997,0.000,0.000,0.000,0.082,0.085,0.128,5.000,1.000,0.000,5.000,5.000,0.200,32.862,5.000,98.0,47.0,-0.05128205195069313,-0.05128205195069313
125.872,12:15:04.082,15.910,0.251,3.997,0.000,0.000,0.000,0.082,0.085,0.128,5.000,1.000,0.000,5.000,5.000,0.200,32.862,5.000,98.0,47.0,-0.05128205195069313,-0.05128205195069313
125.984,12:15:04.193,15.917,0.228,3.629,0.000,0.000,0.000,0.079,0.084,0.125,5.000,1.000,0.000,5.000,5.000,0.200,32.860,5.000,98.0,47.0,-0.05128205195069313,-0.05128205195069313
126.096,12:15:04.305,15.917,0.228,3.629,0.000,0.000,0.000,0.079,0.084,0.125,5.000,1.000,0.000,5.000,5.000,0.200,32.860,5.000,98.0,47.0,-0.05128205195069313,-0.05128205195069313
126.209,12:15:04.418,15.917,0.228,3.629,0.000,0.000,0.000,0.079,0.084,0.125,5.000,1.000,0.000,5.000,5.000,0.200,32.860,5.000,98.0,47.0,-0.05128205195069313,-0.05128205195069313
126.320,12:15:04.530,15.881,0.219,3.481,0.000,0.000,0.000,0.089,0.080,0.131,5.000,1.000,0.000,5.000,5.000,0.200,32.859,5.000,98.0,47.0,-0.05128205195069313,-0.05128205195069313
126.431,12:15:04.833,15.881,0.219,3.481,0.000,0.000,0.000,0.089,0.080,0.131,5.000,1.000,0.000,5.000,5.000,0.200,32.859,5.000,98.0,47.0,-0.05128205195069313,-0.05128205195069313
126.736,12:15:04.945,15.902,0.198,3.154,0.000,0.000,0.000,0.086,0.081,0.129,5.000,1.000,0.000,5.000,5.000,0.200,32.859,5.000,98.0,47.0,-0.05128205195069313,-0.05128205195069313
126.848,12:15:05.058,15.902,0.198,3.154,0.000,0.000,0.000,0.086,0.081,0.129,5.000,1.000,0.000,5.000,5.000,0.200,32.859,5.000,98.0,47.0,-0.05128205195069313,-0.05128205195069313
126.961,12:15:05.170,15.902,0.198,3.154,0.000,0.000,0.000,0.086,0.081,0.129,5.000,1.000,0.000,5.000,5.000,0.200,32.859,5.000,98.0,47.0,-0.05128205195069313,-0.05128205195069313
127.071,12:15:05.281,15.902,0.198,3.154,0.000,0.000,0.000,0.086,0.081,0.129,5.000,1.000,0.000,5.000,5.000,0.200,32.859,5.000,98.0,47.0,-0.05128205195069313,-0.05128205195069313
127.184,12:15:05.394,15.897,0.232,3.687,0.000,0.000,0.000,0.087,0.083,0.131,5.000,1.000,0.000,5.000,5.000,0.200,32.859,5.000,98.0,47.0,-0.05128205195069313,-0.05128205195069313
127.297,12:15:05.506,15.897,0.232,3.687,0.000,0.000,0.000,0.087,0.083,0.131,5.000,1.000,0.000,5.000,5.000,0.200,32.859,5.000,98.0,47.0,-0.05128205195069313,-0.05128205195069313
127.408,12:15:05.617,15.897,0.232,3.687,0.000,0.000,0.000,0.087,0.083,0.131,5.000,1.000,0.000,5.000,5.000,0.200,32.859,5.000,98.0,47.0,-0.05128205195069313,-0.05128205195069313
127.520,12:15:05.921,15.909,0.232,3.685,0.000,0.000,0.000,0.086,0.084,0.133,5.000,1.000,0.000,5.000,5.000,0.200,32.859,5.000,98.0,47.0,0.0,-0.05128205195069313
127.824,12:15:06.033,15.909,0.232,3.685,0.000,0.000,0.000,0.086,0.084,0.133,5.000,1.000,0.000,5.000,5.000,0.200,32.859,5.000,98.0,47.0,0.0,-0.05128205195069313
127.935,12:15:06.144,15.892,0.261,4.152,0.000,0.000,0.000,0.080,0.088,0.129,5.000,1.000,0.000,5.000,5.000,0.200,32.855,5.000,98.0,47.0,0.0,-0.05128205195069313
128.048,12:15:06.257,15.892,0.261,4.152,0.000,0.000,0.000,0.080,0.088,0.129,5.000,1.000,0.000,5.000,5.000,0.200,32.855,5.000,98.0,47.0,0.0,-0.05128205195069313
128.159,12:15:06.368,15.892,0.261,4.152,0.000,0.000,0.000,0.080,0.088,0.129,5.000,1.000,0.000,5.000,5.000,0.200,32.855,5.000,98.0,47.0,0.0,-0.05128205195069313
128.270,12:15:06.480,15.892,0.261,4.152,0.000,0.000,0.000,0.080,0.088,0.129,5.000,1.000,0.000,5.000,5.000,0.200,32.855,5.000,98.0,47.0,0.0,-0.05128205195069313
128.382,12:15:06.592,15.926,0.217,3.452,0.000,0.000,0.000,0.086,0.082,0.129,5.000,1.000,0.000,5.000,5.000,0.200,32.858,5.000,98.0,47.0,0.0,-0.05128205195069313
128.494,12:15:06.704,15.926,0.217,3.452,0.000,0.000,0.000,0.086,0.082,0.129,5.000,1.000,0.000,5.000,5.000,0.200,32.858,5.000,98.0,47.0,0.0,-0.05128205195069313
128.607,12:15:07.009,15.926,0.217,3.452,0.000,0.000,0.000,0.086,0.082,0.129,5.000,1.000,0.000,5.000,5.000,0.200,32.858,5.000,98.0,47.0,-0.10256410390138626,-0.05128205195069313
128.911,12:15:07.121,15.917,0.225,3.587,0.000,0.000,0.000,0.080,0.077,0.117,5.000,1.000,0.000,5.000,5.000,0.200,32.855,5.000,98.0,47.0,-0.10256410390138626,-0.05128205195069313
129.023,12:15:07.233,15.917,0.225,3.587,0.000,0.000,0.000,0.080,0.077,0.117,5.000,1.000,0.000,5.000,5.000,0.200,32.855,5.000,98.0,47.0,-0.10256410390138626,-0.05128205195069313
129.134,12:15:07.343,15.921,0.217,3.449,0.000,0.000,0.000,0.084,0.082,0.126,5.000,1.000,0.000,5.000,5.000,0.200,32.859,5.000,98.0,47.0,-0.10256410390138626,-0.05128205195069313
129.247,12:15:07.456,15.921,0.217,3.449,0.000,0.000,0.000,0.084,0.082,0.126,5.000,1.000,0.000,5.000,5.000,0.200,32.859,5.000,98.0,47.0,-0.10256410390138626,-0.05128205195069313
129.359,12:15:07.569,15.921,0.217,3.449,0.000,0.000,0.000,0.084,0.082,0.126,5.000,1.000,0.000,5.000,5.000,0.200,32.859,5.000,98.0,47.0,-0.10256410390138626,-0.05128205195069313
129.471,12:15:07.681,15.921,0.217,3.449,0.000,0.000,0.000,0.084,0.082,0.126,5.000,1.000,0.000,5.000,5.000,0.200,32.859,5.000,98.0,47.0,-0.10256410390138626,-0.05128205195069313
129.583,12:15:07.793,15.933,0.219,3.493,0.000,0.000,0.000,0.079,0.079,0.119,5.000,1.000,0.000,5.000,5.000,0.200,32.858,5.000,98.0,47.0,-0.10256410390138626,-0.05128205195069313
129.695,12:15:20.392,15.933,0.219,3.493,0.000,0.000,0.000,0.079,0.079,0.119,5.000,1.000,0.000,5.000,5.000,0.200,32.858,5.000,,,,
146.163,12:15:24.566,0.000,0.000,0.000,0.000,0.000,0.000,0.000,0.000,0.000,0.000,0.000,0.000,0.000,0.000,0.000,0.000,0.000,0.0,0.0,0.0,0.05128205195069313
146.468,12:15:24.678,525.087,0.238,124.925,0.000,0.000,0.000,0.061,0.050,0.073,0.000,1.000,0.000,5.000,5.000,0.105,32.813,5.000,0.0,0.0,0.0,0.05128205195069313
146.579,12:15:24.789,525.087,0.238,124.925,0.000,0.000,0.000,0.061,0.050,0.073,0.000,1.000,0.000,5.000,5.000,0.105,32.813,5.000,0.0,0.0,0.0,0.05128205195069313
146.691,12:15:24.901,525.087,0.238,124.925,0.000,0.000,0.000,0.061,0.050,0.073,0.000,1.000,0.000,5.000,5.000,0.105,32.813,5.000,0.0,0.0,0.0,0.05128205195069313
146.804,12:15:25.014,525.082,0.243,127.447,0.000,0.000,0.000,0.069,0.051,0.083,0.000,1.000,0.000,5.000,5.000,0.105,32.811,5.000,0.0,0.0,0.0,0.05128205195069313
146.916,12:15:25.125,525.082,0.243,127.447,0.000,0.000,0.000,0.069,0.051,0.083,0.000,1.000,0.000,5.000,5.000,0.105,32.811,5.000,0.0,0.0,0.0,0.05128205195069313
147.027,12:15:25.236,525.082,0.243,127.447,0.000,0.000,0.000,0.069,0.051,0.083,0.000,1.000,0.000,5.000,5.000,0.105,32.811,5.000,0.0,0.0,0.0,0.05128205195069313
147.139,12:15:25.349,525.082,0.243,127.447,0.000,0.000,0.000,0.069,0.051,0.083,0.000,1.000,0.000,5.000,5.000,0.105,32.811,5.000,0.0,0.0,0.0,0.05128205195069313
147.252,12:15:25.652,525.083,0.243,127.850,0.000,0.000,0.000,0.059,0.045,0.066,0.000,1.000,0.000,5.000,5.000,0.105,32.809,5.000,99.0,47.0,0.0,0.0
147.555,12:15:25.765,525.083,0.243,127.850,0.000,0.000,0.000,0.059,0.045,0.066,0.000,1.000,0.000,5.000,5.000,0.105,32.809,5.000,99.0,47.0,0.0,0.0
147.667,12:15:25.876,525.048,0.242,127.088,0.000,0.000,0.000,0.063,0.047,0.071,0.000,1.000,0.000,5.000,5.000,0.105,32.809,5.000,99.0,47.0,0.0,0.0
147.779,12:15:25.989,525.048,0.242,127.088,0.000,0.000,0.000,0.063,0.047,0.071,0.000,1.000,0.000,5.000,5.000,0.105,32.809,5.000,99.0,47.0,0.0,0.0
147.891,12:15:26.101,525.048,0.242,127.088,0.000,0.000,0.000,0.063,0.047,0.071,0.000,1.000,0.000,5.000,5.000,0.105,32.809,5.000,99.0,47.0,0.0,0.0
148.003,12:15:26.212,525.028,0.243,127.714,0.000,0.000,0.000,0.071,0.045,0.078,0.000,1.000,0.000,5.000,5.000,0.105,32.815,5.000,99.0,47.0,0.0,0.0
148.115,12:15:26.325,525.028,0.243,127.714,0.000,0.000,0.000,0.071,0.045,0.078,0.000,1.000,0.000,5.000,5.000,0.105,32.815,5.000,99.0,47.0,0.0,0.0
148.226,12:15:26.436,525.028,0.243,127.714,0.000,0.000,0.000,0.071,0.045,0.078,0.000,1.000,0.000,5.000,5.000,0.105,32.815,5.000,99.0,47.0,0.0,0.0
148.339,12:15:26.740,525.028,0.243,127.714,0.000,0.000,0.000,0.071,0.045,0.078,0.000,1.000,0.000,5.000,5.000,0.105,32.815,5.000,99.0,47.0,-0.05128205195069313,0.0
148.642,12:15:26.851,525.070,0.242,127.320,0.000,0.000,0.000,0.059,0.045,0.067,0.000,1.000,0.000,5.000,5.000,0.105,32.807,5.000,99.0,47.0,-0.05128205195069313,0.0
148.755,12:15:26.964,525.070,0.242,127.320,0.000,0.000,0.000,0.059,0.045,0.067,0.000,1.000,0.000,5.000,5.000,0.105,32.807,5.000,99.0,47.0,-0.05128205195069313,0.0
148.867,12:15:27.076,525.073,0.247,129.726,0.000,0.000,0.000,0.065,0.046,0.071,0.000,1.000,0.000,5.000,5.000,0.105,32.798,5.000,99.0,47.0,-0.05128205195069313,0.0
148.979,12:15:27.188,525.073,0.247,129.726,0.000,0.000,0.000,0.065,0.046,0.071,0.000,1.000,0.000,5.000,5.000,0.105,32.798,5.000,99.0,47.0,-0.05128205195069313,0.0
149.091,12:15:27.300,525.073,0.247,129.726,0.000,0.000,0.000,0.065,0.046,0.071,0.000,1.000,0.000,5.000,5.000,0.105,32.798,5.000,99.0,47.0,-0.05128205195069313,0.0
149.202,12:15:27.412,525.073,0.247,129.726,0.000,0.000,0.000,0.065,0.046,0.071,0.000,1.000,0.000,5.000,5.000,0.105,32.798,5.000,99.0,47.0,-0.05128205195069313,0.0
149.313,12:15:27.523,525.046,0.249,130.486,0.000,0.000,0.000,0.059,0.045,0.067,0.000,1.000,0.000,5.000,5.000,0.105,32.804,5.000,99.0,47.0,-0.05128205195069313,0.0
149.425,12:15:27.827,525.046,0.249,130.486,0.000,0.000,0.000,0.059,0.045,0.067,0.000,1.000,0.000,5.000,5.000,0.105,32.804,5.000,99.0,47.0,-0.05128205195069313,0.0
149.729,12:15:27.939,525.049,0.244,128.251,0.000,0.000,0.000,0.056,0.047,0.066,0.000,1.000,0.000,5.000,5.000,0.105,32.798,5.000,99.0,47.0,-0.05128205195069313,0.0
149.841,12:15:28.050,525.049,0.244,128.251,0.000,0.000,0.000,0.056,0.047,0.066,0.000,1.000,0.000,5.000,5.000,0.105,32.798,5.000,99.0,47.0,-0.05128205195069313,0.0
149.953,12:15:28.163,525.049,0.244,128.251,0.000,0.000,0.000,0.056,0.047,0.066,0.000,1.000,0.000,5.000,5.000,0.105,32.798,5.000,99.0,47.0,-0.05128205195069313,0.0
150.066,12:15:28.275,525.035,0.248,130.305,0.000,0.000,0.000,0.059,0.046,0.068,0.000,1.000,0.000,5.000,5.000,0.105,32.802,5.000,99.0,47.0,-0.05128205195069313,0.0
150.177,12:15:28.387,525.035,0.248,130.305,0.000,0.000,0.000,0.059,0.046,0.068,0.000,1.000,0.000,5.000,5.000,0.105,32.802,5.000,99.0,47.0,-0.05128205195069313,0.0
150.288,12:15:28.498,525.035,0.248,130.305,0.000,0.000,0.000,0.059,0.046,0.068,0.000,1.000,0.000,5.000,5.000,0.105,32.802,5.000,99.0,47.0,-0.05128205195069313,0.0
150.402,12:15:28.611,525.035,0.248,130.305,0.000,0.000,0.000,0.059,0.046,0.068,0.000,1.000,0.000,5.000,5.000,0.105,32.802,5.000,99.0,47.0,-0.05128205195069313,0.0
150.513,12:15:28.915,525.025,0.250,131.108,0.000,0.000,0.000,0.060,0.044,0.067,0.000,1.000,0.000,5.000,5.000,0.105,32.798,5.000,99.0,47.0,0.0,0.0
150.816,12:15:29.026,525.025,0.250,131.108,0.000,0.000,0.000,0.060,0.044,0.067,0.000,1.000,0.000,5.000,5.000,0.105,32.798,5.000,99.0,47.0,0.0,0.0
150.928,12:15:29.138,524.983,0.246,129.295,0.000,0.000,0.000,0.069,0.042,0.075,0.000,1.000,0.000,5.000,5.000,0.105,32.794,5.000,99.0,47.0,0.0,0.0
151.040,12:15:29.249,524.983,0.246,129.295,0.000,0.000,0.000,0.069,0.042,0.075,0.000,1.000,0.000,5.000,5.000,0.105,32.794,5.000,99.0,47.0,0.0,0.0
151.153,12:15:29.362,524.983,0.246,129.295,0.000,0.000,0.000,0.069,0.042,0.075,0.000,1.000,0.000,5.000,5.000,0.105,32.794,5.000,99.0,47.0,0.0,0.0
151.264,12:15:29.473,525.034,0.250,131.067,0.000,0.000,0.000,0.060,0.044,0.065,0.000,1.000,0.000,5.000,5.000,0.105,32.788,5.000,99.0,47.0,0.0,0.0
151.376,12:15:29.586,525.034,0.250,131.067,0.000,0.000,0.000,0.060,0.044,0.065,0.000,1.000,0.000,5.000,5.000,0.105,32.788,5.000,99.0,47.0,0.0,0.0
151.489,12:15:29.699,525.034,0.250,131.067,0.000,0.000,0.000,0.060,0.044,0.065,0.000,1.000,0.000,5.000,5.000,0.105,32.788,5.000,99.0,47.0,0.0,0.0
151.600,12:15:30.001,525.034,0.250,131.067,0.000,0.000,0.000,0.060,0.044,0.065,0.000,1.000,0.000,5.000,5.000,0.105,32.788,5.000,99.0,47.0,0.0,0.05128205195069313
151.904,12:15:30.114,525.006,0.249,130.531,0.000,0.000,0.000,0.058,0.044,0.063,0.000,1.000,0.000,5.000,5.000,0.105,32.791,5.000,99.0,47.0,0.0,0.05128205195069313
152.016,12:15:30.226,525.006,0.249,130.531,0.000,0.000,0.000,0.058,0.044,0.063,0.000,1.000,0.000,5.000,5.000,0.105,32.791,5.000,99.0,47.0,0.0,0.05128205195069313
152.129,12:15:30.338,524.966,0.251,131.622,0.000,0.000,0.000,0.064,0.045,0.071,0.000,1.000,0.000,5.000,5.000,0.105,32.783,5.000,99.0,47.0,0.0,0.05128205195069313
152.239,12:15:30.449,524.966,0.251,131.622,0.000,0.000,0.000,0.064,0.045,0.071,0.000,1.000,0.000,5.000,5.000,0.105,32.783,5.000,99.0,47.0,0.0,0.05128205195069313
152.353,12:15:30.562,524.966,0.251,131.622,0.000,0.000,0.000,0.064,0.045,0.071,0.000,1.000,0.000,5.000,5.000,0.105,32.783,5.000,99.0,47.0,0.0,0.05128205195069313
152.463,12:15:30.673,525.000,0.252,132.364,0.000,0.000,0.000,0.061,0.044,0.069,0.000,1.000,0.000,5.000,5.000,0.105,32.789,5.000,99.0,47.0,0.0,0.05128205195069313
152.576,12:15:30.786,525.000,0.252,132.364,0.000,0.000,0.000,0.061,0.044,0.069,0.000,1.000,0.000,5.000,5.000,0.105,32.789,5.000,99.0,47.0,0.0,0.05128205195069313
152.688,12:15:31.089,525.000,0.252,132.364,0.000,0.000,0.000,0.061,0.044,0.069,0.000,1.000,0.000,5.000,5.000,0.105,32.789,5.000,99.0,47.0,0.0,-0.05128205195069313
152.991,12:15:31.201,524.925,0.252,132.237,0.000,0.000,0.000,0.062,0.045,0.067,0.000,1.000,0.000,5.000,5.000,0.105,32.785,5.000,99.0,47.0,0.0,-0.05128205195069313
153.104,12:15:31.313,524.925,0.252,132.237,0.000,0.000,0.000,0.062,0.045,0.067,0.000,1.000,0.000,5.000,5.000,0.105,32.785,5.000,99.0,47.0,0.0,-0.05128205195069313
153.216,12:15:31.425,524.925,0.252,132.237,0.000,0.000,0.000,0.062,0.045,0.067,0.000,1.000,0.000,5.000,5.000,0.105,32.785,5.000,99.0,47.0,0.0,-0.05128205195069313
153.327,12:15:31.536,524.967,0.252,132.532,0.000,0.000,0.000,0.071,0.045,0.078,0.000,1.000,0.000,5.000,5.000,0.105,32.781,5.000,99.0,47.0,0.0,-0.05128205195069313
153.439,12:15:31.649,524.967,0.252,132.532,0.000,0.000,0.000,0.071,0.045,0.078,0.000,1.000,0.000,5.000,5.000,0.105,32.781,5.000,99.0,47.0,0.0,-0.05128205195069313
153.551,12:15:31.761,524.967,0.252,132.532,0.000,0.000,0.000,0.071,0.045,0.078,0.000,1.000,0.000,5.000,5.000,0.105,32.781,5.000,99.0,47.0,0.0,-0.05128205195069313
153.662,12:15:31.872,524.967,0.252,132.532,0.000,0.000,0.000,0.071,0.045,0.078,0.000,1.000,0.000,5.000,5.000,0.105,32.781,5.000,99.0,47.0,0.0,-0.05128205195069313
153.774,12:15:32.177,524.986,0.252,132.196,0.000,0.000,0.000,0.059,0.042,0.069,0.000,1.000,0.000,5.000,5.000,0.105,32.770,5.000,99.0,47.0,-0.05128205195069313,-0.05128205195069313
154.095,12:15:32.305,525.024,0.249,130.523,0.000,0.000,0.000,0.061,0.044,0.065,0.000,1.000,0.000,5.000,5.000,0.105,32.774,5.000,99.0,47.0,-0.05128205195069313,-0.05128205195069313
154.206,12:15:32.416,525.024,0.249,130.523,0.000,0.000,0.000,0.061,0.044,0.065,0.000,1.000,0.000,5.000,5.000,0.105,32.774,5.000,99.0,47.0,-0.05128205195069313,-0.05128205195069313
154.319,12:15:32.529,525.024,0.249,130.523,0.000,0.000,0.000,0.061,0.044,0.065,0.000,1.000,0.000,5.000,5.000,0.105,32.774,5.000,99.0,47.0,-0.05128205195069313,-0.05128205195069313
154.431,12:15:32.641,525.024,0.249,130.523,0.000,0.000,0.000,0.061,0.044,0.065,0.000,1.000,0.000,5.000,5.000,0.105,32.774,5.000,99.0,47.0,-0.05128205195069313,-0.05128205195069313
154.541,12:15:32.751,525.013,0.247,129.550,0.000,0.000,0.000,0.064,0.043,0.069,0.000,1.000,0.000,5.000,5.000,0.105,32.766,5.000,99.0,47.0,-0.05128205195069313,-0.05128205195069313
154.654,12:15:32.863,525.013,0.247,129.550,0.000,0.000,0.000,0.064,0.043,0.069,0.000,1.000,0.000,5.000,5.000,0.105,32.766,5.000,99.0,47.0,-0.05128205195069313,-0.05128205195069313
154.767,12:15:32.976,525.013,0.247,129.550,0.000,0.000,0.000,0.064,0.043,0.069,0.000,1.000,0.000,5.000,5.000,0.105,32.766,5.000,99.0,47.0,-0.05128205195069313,-0.05128205195069313
154.879,12:15:33.280,525.013,0.247,129.550,0.000,0.000,0.000,0.064,0.043,0.069,0.000,1.000,0.000,5.000,5.000,0.105,32.766,5.000,99.0,47.0,-0.1538461595773697,0.05128205195069313
155.181,12:15:33.391,524.968,0.246,129.236,0.000,0.000,0.000,0.058,0.044,0.066,0.000,1.000,0.000,5.000,5.000,0.105,32.766,5.000,99.0,47.0,-0.1538461595773697,0.05128205195069313
155.293,12:15:33.503,524.957,0.246,129.360,0.000,0.000,0.000,0.059,0.040,0.065,0.000,1.000,0.000,5.000,5.000,0.105,32.762,5.000,99.0,47.0,-0.1538461595773697,0.05128205195069313
155.405,12:15:33.615,524.957,0.246,129.360,0.000,0.000,0.000,0.059,0.040,0.065,0.000,1.000,0.000,5.000,5.000,0.105,32.762,5.000,99.0,47.0,-0.1538461595773697,0.05128205195069313
155.517,12:15:33.727,524.957,0.246,129.360,0.000,0.000,0.000,0.059,0.040,0.065,0.000,1.000,0.000,5.000,5.000,0.105,32.762,5.000,99.0,47.0,-0.1538461595773697,0.05128205195069313
155.630,12:15:33.839,524.957,0.246,129.360,0.000,0.000,0.000,0.059,0.040,0.065,0.000,1.000,0.000,5.000,5.000,0.105,32.762,5.000,99.0,47.0,-0.1538461595773697,0.05128205195069313
155.742,12:15:33.952,524.988,0.241,126.698,0.000,0.000,0.000,0.064,0.042,0.072,0.000,1.000,0.000,5.000,5.000,0.105,32.751,5.000,99.0,47.0,-0.1538461595773697,0.05128205195069313
155.853,12:15:34.063,524.988,0.241,126.698,0.000,0.000,0.000,0.064,0.042,0.072,0.000,1.000,0.000,5.000,5.000,0.105,32.751,5.000,99.0,47.0,-0.1538461595773697,0.05128205195069313
155.966,12:15:34.366,524.988,0.241,126.698,0.000,0.000,0.000,0.064,0.042,0.072,0.000,1.000,0.000,5.000,5.000,0.105,32.751,5.000,99.0,47.0,0.05128205195069313,0.0
156.270,12:15:34.479,524.981,0.244,128.284,0.000,0.000,0.000,0.057,0.041,0.064,0.000,1.000,0.000,5.000,5.000,0.105,32.746,5.000,99.0,47.0,0.05128205195069313,0.0
156.381,12:15:34.591,524.981,0.244,128.284,0.000,0.000,0.000,0.057,0.041,0.064,0.000,1.000,0.000,5.000,5.000,0.105,32.746,5.000,99.0,47.0,0.05128205195069313,0.0
156.494,12:15:34.703,524.981,0.244,128.284,0.000,0.000,0.000,0.057,0.041,0.064,0.000,1.000,0.000,5.000,5.000,0.105,32.746,5.000,99.0,47.0,0.05128205195069313,0.0
156.605,12:15:34.814,525.001,0.244,127.988,0.000,0.000,0.000,0.070,0.045,0.079,0.000,1.000,0.000,5.000,5.000,0.105,32.748,5.000,99.0,47.0,0.05128205195069313,0.0
156.716,12:15:34.926,525.001,0.244,127.988,0.000,0.000,0.000,0.070,0.045,0.079,0.000,1.000,0.000,5.000,5.000,0.105,32.748,5.000,99.0,47.0,0.05128205195069313,0.0
156.830,12:15:35.039,525.001,0.244,127.988,0.000,0.000,0.000,0.070,0.045,0.079,0.000,1.000,0.000,5.000,5.000,0.105,32.748,5.000,99.0,47.0,0.05128205195069313,0.0
156.941,12:15:35.151,525.058,0.242,127.191,0.000,0.000,0.000,0.059,0.038,0.063,0.000,1.000,0.000,5.000,5.000,0.105,32.743,5.000,99.0,47.0,0.05128205195069313,0.0
157.052,12:15:35.453,525.058,0.242,127.191,0.000,0.000,0.000,0.059,0.038,0.063,0.000,1.000,0.000,5.000,5.000,0.105,32.743,5.000,99.0,47.0,0.0,0.0
157.357,12:15:35.566,525.034,0.239,125.527,0.000,0.000,0.000,0.060,0.040,0.063,0.000,1.000,0.000,5.000,5.000,0.105,32.732,5.000,99.0,47.0,0.0,0.0
157.468,12:15:35.678,525.034,0.239,125.527,0.000,0.000,0.000,0.060,0.040,0.063,0.000,1.000,0.000,5.000,5.000,0.105,32.732,5.000,99.0,47.0,0.0,0.0
157.581,12:15:35.791,525.034,0.239,125.527,0.000,0.000,0.000,0.060,0.040,0.063,0.000,1.000,0.000,5.000,5.000,0.105,32.732,5.000,99.0,47.0,0.0,0.0
157.692,12:15:35.902,525.034,0.239,125.527,0.000,0.000,0.000,0.060,0.040,0.063,0.000,1.000,0.000,5.000,5.000,0.105,32.732,5.000,99.0,47.0,0.0,0.0
157.804,12:15:36.013,525.049,0.243,127.646,0.000,0.000,0.000,0.063,0.042,0.069,0.000,1.000,0.000,5.000,5.000,0.105,32.725,5.000,99.0,47.0,0.0,0.0
157.917,12:15:36.126,525.049,0.243,127.646,0.000,0.000,0.000,0.063,0.042,0.069,0.000,1.000,0.000,5.000,5.000,0.105,32.725,5.000,99.0,47.0,0.0,0.0
158.028,12:15:36.238,525.049,0.243,127.646,0.000,0.000,0.000,0.063,0.042,0.069,0.000,1.000,0.000,5.000,5.000,0.105,32.725,5.000,99.0,47.0,0.0,0.0
158.139,12:15:36.541,525.059,0.240,125.811,0.000,0.000,0.000,0.057,0.042,0.062,0.000,1.000,0.000,5.000,5.000,0.105,32.725,5.000,99.0,47.0,0.05128205195069313,0.0
158.444,12:15:36.653,525.059,0.240,125.811,0.000,0.000,0.000,0.057,0.042,0.062,0.000,1.000,0.000,5.000,5.000,0.105,32.725,5.000,99.0,47.0,0.05128205195069313,0.0
158.555,12:15:36.765,525.047,0.240,125.778,0.000,0.000,0.000,0.057,0.042,0.064,0.000,1.000,0.000,5.000,5.000,0.105,32.713,5.000,99.0,47.0,0.05128205195069313,0.0
158.667,12:15:36.877,525.047,0.240,125.778,0.000,0.000,0.000,0.057,0.042,0.064,0.000,1.000,0.000,5.000,5.000,0.105,32.713,5.000,99.0,47.0,0.05128205195069313,0.0
158.779,12:15:36.989,525.047,0.240,125.778,0.000,0.000,0.000,0.057,0.042,0.064,0.000,1.000,0.000,5.000,5.000,0.105,32.713,5.000,99.0,47.0,0.05128205195069313,0.0
158.892,12:15:37.102,525.047,0.240,125.778,0.000,0.000,0.000,0.057,0.042,0.064,0.000,1.000,0.000,5.000,5.000,0.105,32.713,5.000,99.0,47.0,0.05128205195069313,0.0
159.003,12:15:37.212,525.053,0.238,125.122,0.000,0.000,0.000,0.065,0.037,0.069,0.000,1.000,0.000,5.000,5.000,0.105,32.708,5.000,99.0,47.0,0.05128205195069313,0.0
159.115,12:15:37.324,525.053,0.238,125.122,0.000,0.000,0.000,0.065,0.037,0.069,0.000,1.000,0.000,5.000,5.000,0.105,32.708,5.000,99.0,47.0,0.05128205195069313,0.0
159.227,12:15:37.629,525.053,0.238,125.122,0.000,0.000,0.000,0.065,0.037,0.069,0.000,1.000,0.000,5.000,5.000,0.105,32.708,5.000,99.0,47.0,0.0,0.0
159.532,12:15:37.741,525.046,0.239,125.416,0.000,0.000,0.000,0.064,0.036,0.067,0.000,1.000,0.000,5.000,5.000,0.105,32.704,5.000,99.0,47.0,0.0,0.0
159.643,12:15:37.852,525.046,0.239,125.416,0.000,0.000,0.000,0.064,0.036,0.067,0.000,1.000,0.000,5.000,5.000,0.105,32.704,5.000,99.0,47.0,0.0,0.0
159.755,12:15:37.964,525.039,0.239,125.561,0.000,0.000,0.000,0.062,0.037,0.064,0.000,1.000,0.000,5.000,5.000,0.105,32.697,5.000,99.0,47.0,0.0,0.0
159.867,12:15:38.077,525.039,0.239,125.561,0.000,0.000,0.000,0.062,0.037,0.064,0.000,1.000,0.000,5.000,5.000,0.105,32.697,5.000,99.0,47.0,0.0,0.0
159.980,12:15:38.189,525.039,0.239,125.561,0.000,0.000,0.000,0.062,0.037,0.064,0.000,1.000,0.000,5.000,5.000,0.105,32.697,5.000,99.0,47.0,0.0,0.0
160.091,12:15:38.300,525.039,0.239,125.561,0.000,0.000,0.000,0.062,0.037,0.064,0.000,1.000,0.000,5.000,5.000,0.105,32.697,5.000,99.0,47.0,0.0,0.0
160.202,12:15:38.412,525.046,0.236,123.719,0.000,0.000,0.000,0.064,0.037,0.066,0.000,1.000,0.000,5.000,5.000,0.105,32.691,5.000,99.0,47.0,0.0,0.0
160.315,12:15:38.716,525.046,0.236,123.719,0.000,0.000,0.000,0.064,0.037,0.066,0.000,1.000,0.000,5.000,5.000,0.105,32.691,5.000,99.0,47.0,-0.05128205195069313,0.0
160.618,12:15:38.828,525.035,0.238,124.997,0.000,0.000,0.000,0.060,0.037,0.061,0.000,1.000,0.000,5.000,5.000,0.105,32.682,5.000,99.0,47.0,-0.05128205195069313,0.0
160.730,12:15:38.939,525.035,0.238,124.997,0.000,0.000,0.000,0.060,0.037,0.061,0.000,1.000,0.000,5.000,5.000,0.105,32.682,5.000,99.0,47.0,-0.05128205195069313,0.0
160.843,12:15:39.052,525.035,0.238,124.997,0.000,0.000,0.000,0.060,0.037,0.061,0.000,1.000,0.000,5.000,5.000,0.105,32.682,5.000,99.0,47.0,-0.05128205195069313,0.0
160.954,12:15:39.164,525.035,0.238,124.997,0.000,0.000,0.000,0.060,0.037,0.061,0.000,1.000,0.000,5.000,5.000,0.105,32.682,5.000,99.0,47.0,-0.05128205195069313,0.0
161.066,12:15:39.276,525.023,0.239,125.639,0.000,0.000,0.000,0.058,0.041,0.063,0.000,1.000,0.000,5.000,5.000,0.105,32.679,5.000,99.0,47.0,-0.05128205195069313,0.0
161.177,12:15:39.387,525.023,0.239,125.639,0.000,0.000,0.000,0.058,0.041,0.063,0.000,1.000,0.000,5.000,5.000,0.105,32.679,5.000,99.0,47.0,-0.05128205195069313,0.0
161.290,12:15:39.499,525.023,0.239,125.639,0.000,0.000,0.000,0.058,0.041,0.063,0.000,1.000,0.000,5.000,5.000,0.105,32.679,5.000,99.0,47.0,-0.05128205195069313,0.0
161.401,12:15:39.804,525.043,0.241,126.329,0.000,0.000,0.000,0.060,0.041,0.069,0.000,1.000,0.000,5.000,5.000,0.105,32.674,5.000,99.0,47.0,0.05128205195069313,0.0
161.705,12:15:39.915,525.043,0.241,126.329,0.000,0.000,0.000,0.060,0.041,0.069,0.000,1.000,0.000,5.000,5.000,0.105,32.674,5.000,99.0,47.0,0.05128205195069313,0.0
161.817,12:15:40.027,525.074,0.239,125.552,0.000,0.000,0.000,0.063,0.037,0.065,0.000,1.000,0.000,5.000,5.000,0.105,32.672,5.000,99.0,47.0,0.05128205195069313,0.0
161.929,12:15:40.139,525.074,0.239,125.552,0.000,0.000,0.000,0.063,0.037,0.065,0.000,1.000,0.000,5.000,5.000,0.105,32.672,5.000,99.0,47.0,0.05128205195069313,0.0
162.041,12:15:40.250,525.074,0.239,125.552,0.000,0.000,0.000,0.063,0.037,0.065,0.000,1.000,0.000,5.000,5.000,0.105,32.672,5.000,99.0,47.0,0.05128205195069313,0.0
162.153,12:15:40.363,525.074,0.239,125.552,0.000,0.000,0.000,0.063,0.037,0.065,0.000,1.000,0.000,5.000,5.000,0.105,32.672,5.000,99.0,47.0,0.05128205195069313,0.0
162.265,12:15:40.474,525.059,0.238,125.075,0.000,0.000,0.000,0.058,0.040,0.062,0.000,1.000,0.000,5.000,5.000,0.105,32.658,5.000,99.0,47.0,0.05128205195069313,0.0
162.378,12:15:40.587,525.059,0.238,125.075,0.000,0.000,0.000,0.058,0.040,0.062,0.000,1.000,0.000,5.000,5.000,0.105,32.658,5.000,99.0,47.0,0.05128205195069313,0.0
162.489,12:15:40.890,525.059,0.238,125.075,0.000,0.000,0.000,0.058,0.040,0.062,0.000,1.000,0.000,5.000,5.000,0.105,32.658,5.000,99.0,47.0,0.0,0.05128205195069313
162.794,12:15:41.003,525.039,0.239,125.576,0.000,0.000,0.000,0.059,0.038,0.063,0.000,1.000,0.000,5.000,5.000,0.105,32.657,5.000,99.0,47.0,0.0,0.05128205195069313
162.905,12:15:41.115,525.039,0.239,125.576,0.000,0.000,0.000,0.059,0.038,0.063,0.000,1.000,0.000,5.000,5.000,0.105,32.657,5.000,99.0,47.0,0.0,0.05128205195069313
163.017,12:15:41.227,525.033,0.239,125.605,0.000,0.000,0.000,0.060,0.037,0.060,0.000,1.000,0.000,5.000,5.000,0.105,32.652,5.000,99.0,47.0,0.0,0.05128205195069313
163.128,12:15:41.338,525.033,0.239,125.605,0.000,0.000,0.000,0.060,0.037,0.060,0.000,1.000,0.000,5.000,5.000,0.105,32.652,5.000,99.0,47.0,0.0,0.05128205195069313
163.241,12:15:41.451,525.033,0.239,125.605,0.000,0.000,0.000,0.060,0.037,0.060,0.000,1.000,0.000,5.000,5.000,0.105,32.652,5.000,99.0,47.0,0.0,0.05128205195069313
163.352,12:15:41.562,525.033,0.239,125.605,0.000,0.000,0.000,0.060,0.037,0.060,0.000,1.000,0.000,5.000,5.000,0.105,32.652,5.000,99.0,47.0,0.0,0.05128205195069313
163.464,12:15:41.674,525.056,0.239,125.379,0.000,0.000,0.000,0.058,0.038,0.059,0.000,1.000,0.000,5.000,5.000,0.105,32.643,5.000,99.0,47.0,0.0,0.05128205195069313
163.576,12:15:41.978,525.056,0.239,125.379,0.000,0.000,0.000,0.058,0.038,0.059,0.000,1.000,0.000,5.000,5.000,0.105,32.643,5.000,99.0,47.0,0.0,0.05128205195069313
163.880,12:15:42.089,525.051,0.236,124.068,0.000,0.000,0.000,0.057,0.039,0.059,0.000,1.000,0.000,5.000,5.000,0.105,32.638,5.000,99.0,47.0,0.0,0.05128205195069313
163.993,12:15:42.202,525.051,0.236,124.068,0.000,0.000,0.000,0.057,0.039,0.059,0.000,1.000,0.000,5.000,5.000,0.105,32.638,5.000,99.0,47.0,0.0,0.05128205195069313
164.104,12:15:42.314,525.051,0.236,124.068,0.000,0.000,0.000,0.057,0.039,0.059,0.000,1.000,0.000,5.000,5.000,0.105,32.638,5.000,99.0,47.0,0.0,0.05128205195069313
164.216,12:15:42.425,525.045,0.243,127.536,0.000,0.000,0.000,0.060,0.037,0.061,0.000,1.000,0.000,5.000,5.000,0.105,32.631,5.000,99.0,47.0,0.0,0.05128205195069313
164.329,12:15:42.538,525.045,0.243,127.536,0.000,0.000,0.000,0.060,0.037,0.061,0.000,1.000,0.000,5.000,5.000,0.105,32.631,5.000,99.0,47.0,0.0,0.05128205195069313
164.440,12:15:42.649,525.045,0.243,127.536,0.000,0.000,0.000,0.060,0.037,0.061,0.000,1.000,0.000,5.000,5.000,0.105,32.631,5.000,99.0,47.0,0.0,0.05128205195069313
164.551,12:15:42.761,525.045,0.243,127.536,0.000,0.000,0.000,0.060,0.037,0.061,0.000,1.000,0.000,5.000,5.000,0.105,32.631,5.000,99.0,47.0,0.0,0.05128205195069313
164.664,12:15:43.065,525.026,0.244,128.340,0.000,0.000,0.000,0.060,0.035,0.060,0.000,1.000,0.000,5.000,5.000,0.105,32.620,5.000,99.0,47.0,0.0,0.0
164.967,12:15:43.177,525.026,0.244,128.340,0.000,0.000,0.000,0.060,0.035,0.060,0.000,1.000,0.000,5.000,5.000,0.105,32.620,5.000,99.0,47.0,0.0,0.0
165.079,12:15:43.289,524.979,0.239,125.297,0.000,0.000,0.000,0.057,0.036,0.056,0.000,1.000,0.000,5.000,5.000,0.105,32.620,5.000,99.0,47.0,0.0,0.0
165.192,12:15:43.401,524.979,0.239,125.297,0.000,0.000,0.000,0.057,0.036,0.056,0.000,1.000,0.000,5.000,5.000,0.105,32.620,5.000,99.0,47.0,0.0,0.0
165.303,12:15:43.513,524.979,0.239,125.297,0.000,0.000,0.000,0.057,0.036,0.056,0.000,1.000,0.000,5.000,5.000,0.105,32.620,5.000,99.0,47.0,0.0,0.0
165.415,12:15:43.625,524.979,0.239,125.297,0.000,0.000,0.000,0.057,0.036,0.056,0.000,1.000,0.000,5.000,5.000,0.105,32.620,5.000,99.0,47.0,0.0,0.0
165.527,12:15:43.736,525.040,0.243,127.491,0.000,0.000,0.000,0.060,0.036,0.059,0.000,1.000,0.000,5.000,5.000,0.105,32.615,5.000,99.0,47.0,0.0,0.0
165.638,12:15:43.848,525.040,0.243,127.491,0.000,0.000,0.000,0.060,0.036,0.059,0.000,1.000,0.000,5.000,5.000,0.105,32.615,5.000,99.0,47.0,0.0,0.0
165.750,12:15:44.152,525.040,0.243,127.491,0.000,0.000,0.000,0.060,0.036,0.059,0.000,1.000,0.000,5.000,5.000,0.105,32.615,5.000,99.0,47.0,0.0,0.05128205195069313
166.054,12:15:44.264,525.043,0.243,127.661,0.000,0.000,0.000,0.061,0.036,0.064,0.000,1.000,0.000,5.000,5.000,0.105,32.606,5.000,99.0,47.0,0.0,0.05128205195069313
166.167,12:15:44.376,525.043,0.243,127.661,0.000,0.000,0.000,0.061,0.036,0.064,0.000,1.000,0.000,5.000,5.000,0.105,32.606,5.000,99.0,47.0,0.0,0.05128205195069313
166.279,12:15:44.488,525.003,0.238,125.019,0.000,0.000,0.000,0.058,0.037,0.060,0.000,1.000,0.000,5.000,5.000,0.105,32.601,5.000,99.0,47.0,0.0,0.05128205195069313
166.391,12:15:44.600,525.003,0.238,125.019,0.000,0.000,0.000,0.058,0.037,0.060,0.000,1.000,0.000,5.000,5.000,0.105,32.601,5.000,99.0,47.0,0.0,0.05128205195069313
166.502,12:15:44.712,525.003,0.238,125.019,0.000,0.000,0.000,0.058,0.037,0.060,0.000,1.000,0.000,5.000,5.000,0.105,32.601,5.000,99.0,47.0,0.0,0.05128205195069313
166.614,12:15:44.824,525.003,0.238,125.019,0.000,0.000,0.000,0.058,0.037,0.060,0.000,1.000,0.000,5.000,5.000,0.105,32.601,5.000,99.0,47.0,0.0,0.05128205195069313
166.726,12:15:44.935,525.054,0.242,127.174,0.000,0.000,0.000,0.059,0.039,0.063,0.000,1.000,0.000,5.000,5.000,0.105,32.598,5.000,99.0,47.0,0.0,0.05128205195069313
166.838,12:15:45.239,525.054,0.242,127.174,0.000,0.000,0.000,0.059,0.039,0.063,0.000,1.000,0.000,5.000,5.000,0.105,32.598,5.000,99.0,47.0,-0.05128205195069313,0.0
167.142,12:15:45.352,525.019,0.239,125.464,0.000,0.000,0.000,0.061,0.035,0.061,0.000,1.000,0.000,5.000,5.000,0.105,32.587,5.000,99.0,47.0,-0.05128205195069313,0.0
167.254,12:15:45.463,525.019,0.239,125.464,0.000,0.000,0.000,0.061,0.035,0.061,0.000,1.000,0.000,5.000,5.000,0.105,32.587,5.000,99.0,47.0,-0.05128205195069313,0.0
167.366,12:15:45.575,525.019,0.239,125.464,0.000,0.000,0.000,0.061,0.035,0.061,0.000,1.000,0.000,5.000,5.000,0.105,32.587,5.000,99.0,47.0,-0.05128205195069313,0.0
167.478,12:15:45.688,525.009,0.242,127.040,0.000,0.000,0.000,0.059,0.036,0.060,0.000,1.000,0.000,5.000,5.000,0.105,32.582,5.000,99.0,47.0,-0.05128205195069313,0.0
167.590,12:15:45.799,525.009,0.242,127.040,0.000,0.000,0.000,0.059,0.036,0.060,0.000,1.000,0.000,5.000,5.000,0.105,32.582,5.000,99.0,47.0,-0.05128205195069313,0.0
167.702,12:15:45.912,525.009,0.242,127.040,0.000,0.000,0.000,0.059,0.036,0.060,0.000,1.000,0.000,5.000,5.000,0.105,32.582,5.000,99.0,47.0,-0.05128205195069313,0.0
167.813,12:15:46.023,525.009,0.242,127.040,0.000,0.000,0.000,0.059,0.036,0.060,0.000,1.000,0.000,5.000,5.000,0.105,32.582,5.000,99.0,47.0,-0.05128205195069313,0.0
167.927,12:15:46.327,524.981,0.242,126.791,0.000,0.000,0.000,0.061,0.039,0.067,0.000,1.000,0.000,5.000,5.000,0.105,32.577,5.000,99.0,47.0,-0.05128205195069313,0.05128205195069313
168.230,12:15:46.440,524.981,0.242,126.791,0.000,0.000,0.000,0.061,0.039,0.067,0.000,1.000,0.000,5.000,5.000,0.105,32.577,5.000,99.0,47.0,-0.05128205195069313,0.05128205195069313
168.342,12:15:46.551,524.898,0.238,124.922,0.000,0.000,0.000,0.069,0.043,0.075,0.000,1.000,0.000,5.000,5.000,0.105,32.582,5.000,99.0,47.0,-0.05128205195069313,0.05128205195069313
168.454,12:15:46.663,524.898,0.238,124.922,0.000,0.000,0.000,0.069,0.043,0.075,0.000,1.000,0.000,5.000,5.000,0.105,32.582,5.000,99.0,47.0,-0.05128205195069313,0.05128205195069313
168.565,12:15:46.774,524.898,0.238,124.922,0.000,0.000,0.000,0.069,0.043,0.075,0.000,1.000,0.000,5.000,5.000,0.105,32.582,5.000,99.0,47.0,-0.05128205195069313,0.05128205195069313
168.677,12:15:46.886,524.933,0.240,125.993,0.000,0.000,0.000,0.061,0.038,0.061,0.000,1.000,0.000,5.000,5.000,0.105,32.573,5.000,99.0,47.0,-0.05128205195069313,0.05128205195069313
168.789,12:15:46.998,524.933,0.240,125.993,0.000,0.000,0.000,0.061,0.038,0.061,0.000,1.000,0.000,5.000,5.000,0.105,32.573,5.000,99.0,47.0,-0.05128205195069313,0.05128205195069313
168.902,12:15:47.111,524.933,0.240,125.993,0.000,0.000,0.000,0.061,0.038,0.061,0.000,1.000,0.000,5.000,5.000,0.105,32.573,5.000,99.0,47.0,-0.05128205195069313,0.05128205195069313
169.013,12:15:47.415,524.933,0.240,125.993,0.000,0.000,0.000,0.061,0.038,0.061,0.000,1.000,0.000,5.000,5.000,0.105,32.573,5.000,99.0,47.0,-0.05128205195069313,0.0
169.316,12:15:47.526,525.007,0.241,126.601,0.000,0.000,0.000,0.059,0.041,0.063,0.000,1.000,0.000,5.000,5.000,0.105,32.568,5.000,99.0,47.0,-0.05128205195069313,0.0
169.429,12:15:47.639,525.007,0.241,126.601,0.000,0.000,0.000,0.059,0.041,0.063,0.000,1.000,0.000,5.000,5.000,0.105,32.568,5.000,99.0,47.0,-0.05128205195069313,0.0
169.541,12:15:47.751,525.015,0.244,128.180,0.000,0.000,0.000,0.060,0.041,0.065,0.000,1.000,0.000,5.000,5.000,0.105,32.559,5.000,99.0,47.0,-0.05128205195069313,0.0
169.653,12:15:47.862,525.015,0.244,128.180,0.000,0.000,0.000,0.060,0.041,0.065,0.000,1.000,0.000,5.000,5.000,0.105,32.559,5.000,99.0,47.0,-0.05128205195069313,0.0
169.764,12:15:47.974,525.015,0.244,128.180,0.000,0.000,0.000,0.060,0.041,0.065,0.000,1.000,0.000,5.000,5.000,0.105,32.559,5.000,99.0,47.0,-0.05128205195069313,0.0
169.876,12:15:48.086,525.015,0.244,128.180,0.000,0.000,0.000,0.060,0.041,0.065,0.000,1.000,0.000,5.000,5.000,0.105,32.559,5.000,99.0,47.0,-0.05128205195069313,0.0
169.988,12:15:48.198,525.012,0.240,125.971,0.000,0.000,0.000,0.058,0.040,0.064,0.000,1.000,0.000,5.000,5.000,0.105,32.549,5.000,99.0,47.0,-0.05128205195069313,0.0
170.100,12:15:48.518,525.012,0.240,125.971,0.000,0.000,0.000,0.058,0.040,0.064,0.000,1.000,0.000,5.000,5.000,0.105,32.549,5.000,99.0,47.0,-0.10256410390138626,0.0
170.420,12:15:48.629,524.921,0.236,123.635,0.000,0.000,0.000,0.064,0.039,0.071,0.000,1.000,0.000,5.000,5.000,0.105,32.548,5.000,99.0,47.0,-0.10256410390138626,0.0
170.532,12:15:48.741,524.921,0.236,123.635,0.000,0.000,0.000,0.064,0.039,0.071,0.000,1.000,0.000,5.000,5.000,0.105,32.548,5.000,99.0,47.0,-0.10256410390138626,0.0
170.644,12:15:48.853,524.921,0.236,123.635,0.000,0.000,0.000,0.064,0.039,0.071,0.000,1.000,0.000,5.000,5.000,0.105,32.548,5.000,99.0,47.0,-0.10256410390138626,0.0
170.756,12:15:48.965,524.921,0.238,124.786,0.000,0.000,0.000,0.065,0.039,0.072,0.000,1.000,0.000,5.000,5.000,0.105,32.544,5.000,99.0,47.0,-0.10256410390138626,0.0
170.868,12:15:49.077,524.921,0.238,124.786,0.000,0.000,0.000,0.065,0.039,0.072,0.000,1.000,0.000,5.000,5.000,0.105,32.544,5.000,99.0,47.0,-0.10256410390138626,0.0
170.980,12:15:49.189,524.921,0.238,124.786,0.000,0.000,0.000,0.065,0.039,0.072,0.000,1.000,0.000,5.000,5.000,0.105,32.544,5.000,99.0,47.0,-0.10256410390138626,0.0
171.091,12:15:49.301,524.921,0.238,124.786,0.000,0.000,0.000,0.065,0.039,0.072,0.000,1.000,0.000,5.000,5.000,0.105,32.544,5.000,99.0,47.0,-0.10256410390138626,0.0
171.203,12:15:49.605,524.927,0.240,126.199,0.000,0.000,0.000,0.057,0.040,0.061,0.000,1.000,0.000,5.000,5.000,0.105,32.539,5.000,99.0,47.0,0.0,0.0
171.508,12:15:49.718,524.927,0.240,126.199,0.000,0.000,0.000,0.057,0.040,0.061,0.000,1.000,0.000,5.000,5.000,0.105,32.539,5.000,99.0,47.0,0.0,0.0
171.620,12:15:49.830,524.935,0.235,123.310,0.000,0.000,0.000,0.062,0.037,0.061,0.000,1.000,0.000,5.000,5.000,0.105,32.534,5.000,99.0,47.0,0.0,0.0
171.731,12:15:49.940,524.935,0.235,123.310,0.000,0.000,0.000,0.062,0.037,0.061,0.000,1.000,0.000,5.000,5.000,0.105,32.534,5.000,99.0,47.0,0.0,0.0
171.844,12:15:50.053,524.935,0.235,123.310,0.000,0.000,0.000,0.062,0.037,0.061,0.000,1.000,0.000,5.000,5.000,0.105,32.534,5.000,99.0,47.0,0.0,0.0
171.956,12:15:50.165,524.926,0.238,124.850,0.000,0.000,0.000,0.061,0.037,0.062,0.000,1.000,0.000,5.000,5.000,0.105,32.537,5.000,99.0,47.0,0.0,0.0
172.067,12:15:50.277,524.926,0.238,124.850,0.000,0.000,0.000,0.061,0.037,0.062,0.000,1.000,0.000,5.000,5.000,0.105,32.537,5.000,99.0,47.0,0.0,0.0
172.180,12:15:50.389,524.926,0.238,124.850,0.000,0.000,0.000,0.061,0.037,0.062,0.000,1.000,0.000,5.000,5.000,0.105,32.537,5.000,99.0,47.0,0.0,0.0
172.292,12:15:50.692,524.926,0.238,124.850,0.000,0.000,0.000,0.061,0.037,0.062,0.000,1.000,0.000,5.000,5.000,0.105,32.537,5.000,99.0,47.0,0.0,0.0
172.594,12:15:50.804,524.918,0.239,125.203,0.000,0.000,0.000,0.060,0.039,0.062,0.000,1.000,0.000,5.000,5.000,0.105,32.521,5.000,99.0,47.0,0.0,0.0
172.707,12:15:50.917,524.918,0.239,125.203,0.000,0.000,0.000,0.060,0.039,0.062,0.000,1.000,0.000,5.000,5.000,0.105,32.521,5.000,99.0,47.0,0.0,0.0
172.818,12:15:51.027,524.936,0.240,126.058,0.000,0.000,0.000,0.061,0.037,0.058,0.000,1.000,0.000,5.000,5.000,0.105,32.517,5.000,99.0,47.0,0.0,0.0
172.930,12:15:51.140,524.936,0.240,126.058,0.000,0.000,0.000,0.061,0.037,0.058,0.000,1.000,0.000,5.000,5.000,0.105,32.517,5.000,99.0,47.0,0.0,0.0
173.043,12:15:51.253,524.936,0.240,126.058,0.000,0.000,0.000,0.061,0.037,0.058,0.000,1.000,0.000,5.000,5.000,0.105,32.517,5.000,99.0,47.0,0.0,0.0
173.155,12:15:51.364,524.939,0.243,127.702,0.000,0.000,0.000,0.060,0.045,0.070,0.000,1.000,0.000,5.000,5.000,0.105,32.514,5.000,99.0,47.0,0.0,0.0
173.266,12:15:51.475,524.939,0.243,127.702,0.000,0.000,0.000,0.060,0.045,0.070,0.000,1.000,0.000,5.000,5.000,0.105,32.514,5.000,99.0,47.0,0.0,0.0
173.378,12:15:51.796,524.939,0.243,127.702,0.000,0.000,0.000,0.060,0.045,0.070,0.000,1.000,0.000,5.000,5.000,0.105,32.514,5.000,99.0,47.0,0.0,0.0
173.698,12:15:51.907,524.882,0.234,123.000,0.000,0.000,0.000,0.058,0.041,0.062,0.000,1.000,0.000,5.000,5.000,0.105,32.509,5.000,99.0,47.0,0.0,0.0
173.809,12:15:52.019,524.882,0.234,123.000,0.000,0.000,0.000,0.058,0.041,0.062,0.000,1.000,0.000,5.000,5.000,0.105,32.509,5.000,99.0,47.0,0.0,0.0
173.922,12:15:52.132,524.882,0.234,123.000,0.000,0.000,0.000,0.058,0.041,0.062,0.000,1.000,0.000,5.000,5.000,0.105,32.509,5.000,99.0,47.0,0.0,0.0
174.033,12:15:52.243,524.878,0.240,126.151,0.000,0.000,0.000,0.058,0.040,0.063,0.000,1.000,0.000,5.000,5.000,0.105,32.498,5.000,99.0,47.0,0.0,0.0
174.146,12:15:52.355,524.878,0.240,126.151,0.000,0.000,0.000,0.058,0.040,0.063,0.000,1.000,0.000,5.000,5.000,0.105,32.498,5.000,99.0,47.0,0.0,0.0
174.257,12:15:52.467,524.878,0.240,126.151,0.000,0.000,0.000,0.058,0.040,0.063,0.000,1.000,0.000,5.000,5.000,0.105,32.498,5.000,99.0,47.0,0.0,0.0
174.369,12:15:52.579,524.910,0.243,127.356,0.000,0.000,0.000,0.064,0.039,0.068,0.000,1.000,0.000,5.000,5.000,0.105,32.494,5.000,99.0,47.0,0.0,0.0
174.481,12:15:52.882,524.910,0.243,127.356,0.000,0.000,0.000,0.064,0.039,0.068,0.000,1.000,0.000,5.000,5.000,0.105,32.494,5.000,99.0,47.0,-0.05128205195069313,0.0
174.785,12:15:52.995,524.904,0.237,124.661,0.000,0.000,0.000,0.060,0.041,0.062,0.000,1.000,0.000,5.000,5.000,0.105,32.495,5.000,99.0,47.0,-0.05128205195069313,0.0
174.897,12:15:53.107,524.904,0.237,124.661,0.000,0.000,0.000,0.060,0.041,0.062,0.000,1.000,0.000,5.000,5.000,0.105,32.495,5.000,99.0,47.0,-0.05128205195069313,0.0
175.009,12:15:53.219,524.904,0.237,124.661,0.000,0.000,0.000,0.060,0.041,0.062,0.000,1.000,0.000,5.000,5.000,0.105,32.495,5.000,99.0,47.0,-0.05128205195069313,0.0
175.121,12:15:53.331,524.904,0.237,124.661,0.000,0.000,0.000,0.060,0.041,0.062,0.000,1.000,0.000,5.000,5.000,0.105,32.495,5.000,99.0,47.0,-0.05128205195069313,0.0
175.233,12:15:53.443,524.896,0.239,125.652,0.000,0.000,0.000,0.063,0.040,0.068,0.000,1.000,0.000,5.000,5.000,0.105,32.488,5.000,99.0,47.0,-0.05128205195069313,0.0
175.345,12:15:53.555,524.896,0.239,125.652,0.000,0.000,0.000,0.063,0.040,0.068,0.000,1.000,0.000,5.000,5.000,0.105,32.488,5.000,99.0,47.0,-0.05128205195069313,0.0
175.456,12:15:53.666,524.896,0.239,125.652,0.000,0.000,0.000,0.063,0.040,0.068,0.000,1.000,0.000,5.000,5.000,0.105,32.488,5.000,99.0,47.0,-0.05128205195069313,0.0
175.585,12:15:53.986,524.887,0.243,127.613,0.000,0.000,0.000,0.059,0.040,0.063,0.000,1.000,0.000,5.000,5.000,0.105,32.478,5.000,99.0,47.0,0.0,0.0
175.889,12:15:54.098,524.887,0.243,127.613,0.000,0.000,0.000,0.059,0.040,0.063,0.000,1.000,0.000,5.000,5.000,0.105,32.478,5.000,99.0,47.0,0.0,0.0
176.001,12:15:54.211,524.892,0.237,124.552,0.000,0.000,0.000,0.061,0.041,0.066,0.000,1.000,0.000,5.000,5.000,0.105,32.477,5.000,99.0,47.0,0.0,0.0
176.112,12:15:54.322,524.892,0.237,124.552,0.000,0.000,0.000,0.061,0.041,0.066,0.000,1.000,0.000,5.000,5.000,0.105,32.477,5.000,99.0,47.0,0.0,0.0
176.225,12:15:54.435,524.892,0.237,124.552,0.000,0.000,0.000,0.061,0.041,0.066,0.000,1.000,0.000,5.000,5.000,0.105,32.477,5.000,99.0,47.0,0.0,0.0
176.337,12:15:54.546,524.892,0.237,124.552,0.000,0.000,0.000,0.061,0.041,0.066,0.000,1.000,0.000,5.000,5.000,0.105,32.477,5.000,99.0,47.0,0.0,0.0
176.449,12:15:54.659,524.881,0.239,125.396,0.000,0.000,0.000,0.060,0.037,0.062,0.000,1.000,0.000,5.000,5.000,0.105,32.468,5.000,99.0,47.0,0.0,0.0
176.561,12:15:54.770,524.881,0.239,125.396,0.000,0.000,0.000,0.060,0.037,0.062,0.000,1.000,0.000,5.000,5.000,0.105,32.468,5.000,99.0,47.0,0.0,0.0
176.673,12:15:55.073,524.881,0.239,125.396,0.000,0.000,0.000,0.060,0.037,0.062,0.000,1.000,0.000,5.000,5.000,0.105,32.468,5.000,99.0,47.0,0.0,0.0
176.977,12:15:55.186,524.893,0.242,126.995,0.000,0.000,0.000,0.058,0.037,0.060,0.000,1.000,0.000,5.000,5.000,0.105,32.460,5.000,99.0,47.0,0.0,0.0
177.087,12:15:55.297,524.893,0.242,126.995,0.000,0.000,0.000,0.058,0.037,0.060,0.000,1.000,0.000,5.000,5.000,0.105,32.460,5.000,99.0,47.0,0.0,0.0
177.200,12:15:55.409,524.892,0.243,127.306,0.000,0.000,0.000,0.057,0.034,0.060,0.000,1.000,0.000,5.000,5.000,0.105,32.463,5.000,99.0,47.0,0.0,0.0
177.311,12:15:55.521,524.892,0.243,127.306,0.000,0.000,0.000,0.057,0.034,0.060,0.000,1.000,0.000,5.000,5.000,0.105,32.463,5.000,99.0,47.0,0.0,0.0
177.424,12:15:55.634,524.892,0.243,127.306,0.000,0.000,0.000,0.057,0.034,0.060,0.000,1.000,0.000,5.000,5.000,0.105,32.463,5.000,99.0,47.0,0.0,0.0
177.535,12:15:55.745,524.892,0.243,127.306,0.000,0.000,0.000,0.057,0.034,0.060,0.000,1.000,0.000,5.000,5.000,0.105,32.463,5.000,99.0,47.0,0.0,0.0
177.648,12:15:55.858,524.885,0.242,126.975,0.000,0.000,0.000,0.054,0.035,0.055,0.000,1.000,0.000,5.000,5.000,0.105,32.454,5.000,99.0,47.0,0.0,0.0
177.760,12:15:56.161,524.885,0.242,126.975,0.000,0.000,0.000,0.054,0.035,0.055,0.000,1.000,0.000,5.000,5.000,0.105,32.454,5.000,99.0,47.0,-0.05128205195069313,-0.05128205195069313
178.063,12:15:56.272,524.910,0.241,126.410,0.000,0.000,0.000,0.056,0.040,0.063,0.000,1.000,0.000,5.000,5.000,0.105,32.451,5.000,99.0,47.0,-0.05128205195069313,-0.05128205195069313
178.175,12:15:56.384,524.910,0.241,126.410,0.000,0.000,0.000,0.056,0.040,0.063,0.000,1.000,0.000,5.000,5.000,0.105,32.451,5.000,99.0,47.0,-0.05128205195069313,-0.05128205195069313
178.288,12:15:56.498,524.910,0.241,126.410,0.000,0.000,0.000,0.056,0.040,0.063,0.000,1.000,0.000,5.000,5.000,0.105,32.451,5.000,99.0,47.0,-0.05128205195069313,-0.05128205195069313
178.399,12:15:56.608,524.910,0.241,126.410,0.000,0.000,0.000,0.056,0.040,0.063,0.000,1.000,0.000,5.000,5.000,0.105,32.451,5.000,99.0,47.0,-0.05128205195069313,-0.05128205195069313
178.511,12:15:56.720,524.885,0.243,127.354,0.000,0.000,0.000,0.055,0.037,0.061,0.000,1.000,0.000,5.000,5.000,0.105,32.443,5.000,99.0,47.0,-0.05128205195069313,-0.05128205195069313
178.623,12:15:56.833,524.885,0.243,127.354,0.000,0.000,0.000,0.055,0.037,0.061,0.000,1.000,0.000,5.000,5.000,0.105,32.443,5.000,99.0,47.0,-0.05128205195069313,-0.05128205195069313
178.734,12:15:56.944,524.885,0.243,127.354,0.000,0.000,0.000,0.055,0.037,0.061,0.000,1.000,0.000,5.000,5.000,0.105,32.443,5.000,99.0,47.0,-0.05128205195069313,-0.05128205195069313
178.846,12:15:57.249,524.881,0.241,126.722,0.000,0.000,0.000,0.058,0.037,0.064,0.000,1.000,0.000,5.000,5.000,0.105,32.442,5.000,99.0,47.0,0.0,-0.05128205195069313
179.150,12:15:57.360,524.881,0.241,126.722,0.000,0.000,0.000,0.058,0.037,0.064,0.000,1.000,0.000,5.000,5.000,0.105,32.442,5.000,99.0,47.0,0.0,-0.05128205195069313
179.262,12:15:57.472,524.864,0.235,123.567,0.000,0.000,0.000,0.054,0.036,0.058,0.000,1.000,0.000,5.000,5.000,0.105,32.432,5.000,99.0,47.0,0.0,-0.05128205195069313
179.375,12:15:57.585,524.864,0.235,123.567,0.000,0.000,0.000,0.054,0.036,0.058,0.000,1.000,0.000,5.000,5.000,0.105,32.432,5.000,99.0,47.0,0.0,-0.05128205195069313
179.486,12:15:57.695,524.864,0.235,123.567,0.000,0.000,0.000,0.054,0.036,0.058,0.000,1.000,0.000,5.000,5.000,0.105,32.432,5.000,99.0,47.0,0.0,-0.05128205195069313
179.598,12:15:57.808,524.864,0.235,123.567,0.000,0.000,0.000,0.054,0.036,0.058,0.000,1.000,0.000,5.000,5.000,0.105,32.432,5.000,99.0,47.0,0.0,-0.05128205195069313
179.710,12:15:57.920,524.860,0.240,125.830,0.000,0.000,0.000,0.050,0.038,0.058,0.000,1.000,0.000,5.000,5.000,0.105,32.427,5.000,99.0,47.0,0.0,-0.05128205195069313
179.822,12:15:58.031,524.860,0.240,125.830,0.000,0.000,0.000,0.050,0.038,0.058,0.000,1.000,0.000,5.000,5.000,0.105,32.427,5.000,99.0,47.0,0.0,-0.05128205195069313
179.934,12:15:58.336,524.860,0.240,125.830,0.000,0.000,0.000,0.050,0.038,0.058,0.000,1.000,0.000,5.000,5.000,0.105,32.427,5.000,99.0,47.0,-0.05128205195069313,0.0
180.238,12:15:58.448,524.866,0.237,124.595,0.000,0.000,0.000,0.056,0.037,0.060,0.000,1.000,0.000,5.000,5.000,0.105,32.420,5.000,99.0,47.0,-0.05128205195069313,0.0
180.351,12:15:58.560,524.866,0.237,124.595,0.000,0.000,0.000,0.056,0.037,0.060,0.000,1.000,0.000,5.000,5.000,0.105,32.420,5.000,99.0,47.0,-0.05128205195069313,0.0
180.461,12:15:58.671,524.863,0.242,126.869,0.000,0.000,0.000,0.059,0.038,0.060,0.000,1.000,0.000,5.000,5.000,0.105,32.423,5.000,99.0,47.0,-0.05128205195069313,0.0
180.574,12:15:58.784,524.863,0.242,126.869,0.000,0.000,0.000,0.059,0.038,0.060,0.000,1.000,0.000,5.000,5.000,0.105,32.423,5.000,99.0,47.0,-0.05128205195069313,0.0
180.686,12:15:58.896,524.863,0.242,126.869,0.000,0.000,0.000,0.059,0.038,0.060,0.000,1.000,0.000,5.000,5.000,0.105,32.423,5.000,99.0,47.0,-0.05128205195069313,0.0
180.797,12:15:59.007,524.863,0.242,126.869,0.000,0.000,0.000,0.059,0.038,0.060,0.000,1.000,0.000,5.000,5.000,0.105,32.423,5.000,99.0,47.0,-0.05128205195069313,0.0
180.909,12:15:59.119,524.860,0.241,126.471,0.000,0.000,0.000,0.064,0.034,0.066,0.000,1.000,0.000,5.000,5.000,0.105,32.416,5.000,99.0,47.0,-0.05128205195069313,0.0
181.022,12:15:59.423,524.860,0.241,126.471,0.000,0.000,0.000,0.064,0.034,0.066,0.000,1.000,0.000,5.000,5.000,0.105,32.416,5.000,99.0,47.0,-0.05128205195069313,0.0
181.326,12:15:59.535,524.869,0.238,124.934,0.000,0.000,0.000,0.055,0.036,0.060,0.000,1.000,0.000,5.000,5.000,0.105,32.410,5.000,99.0,47.0,-0.05128205195069313,0.0
181.438,12:15:59.647,524.869,0.238,124.934,0.000,0.000,0.000,0.055,0.036,0.060,0.000,1.000,0.000,5.000,5.000,0.105,32.410,5.000,99.0,47.0,-0.05128205195069313,0.0
181.550,12:15:59.759,524.869,0.238,124.934,0.000,0.000,0.000,0.055,0.036,0.060,0.000,1.000,0.000,5.000,5.000,0.105,32.410,5.000,99.0,47.0,-0.05128205195069313,0.0
181.661,12:15:59.871,524.859,0.239,125.186,0.000,0.000,0.000,0.066,0.040,0.075,0.000,1.000,0.000,5.000,5.000,0.105,32.401,5.000,99.0,47.0,-0.05128205195069313,0.0
181.773,12:15:59.982,524.859,0.239,125.186,0.000,0.000,0.000,0.066,0.040,0.075,0.000,1.000,0.000,5.000,5.000,0.105,32.401,5.000,99.0,47.0,-0.05128205195069313,0.0
181.884,12:16:00.094,524.859,0.239,125.186,0.000,0.000,0.000,0.066,0.040,0.075,0.000,1.000,0.000,5.000,5.000,0.105,32.401,5.000,99.0,47.0,-0.05128205195069313,0.0
181.997,12:16:00.207,524.859,0.239,125.186,0.000,0.000,0.000,0.066,0.040,0.075,0.000,1.000,0.000,5.000,5.000,0.105,32.401,5.000,99.0,47.0,-0.05128205195069313,0.0
182.109,12:16:00.510,524.860,0.239,125.684,0.000,0.000,0.000,0.061,0.038,0.064,0.000,1.000,0.000,5.000,5.000,0.105,32.422,5.000,99.0,47.0,0.0,0.05128205195069313
182.412,12:16:00.622,524.860,0.239,125.684,0.000,0.000,0.000,0.061,0.038,0.064,0.000,1.000,0.000,5.000,5.000,0.105,32.422,5.000,99.0,47.0,0.0,0.05128205195069313
182.524,12:16:00.734,524.862,0.239,125.638,0.000,0.000,0.000,0.060,0.034,0.062,0.000,1.000,0.000,5.000,5.000,0.105,32.397,5.000,99.0,47.0,0.0,0.05128205195069313
182.637,12:16:00.846,524.862,0.239,125.638,0.000,0.000,0.000,0.060,0.034,0.062,0.000,1.000,0.000,5.000,5.000,0.105,32.397,5.000,99.0,47.0,0.0,0.05128205195069313
182.748,12:16:00.957,524.862,0.239,125.638,0.000,0.000,0.000,0.060,0.034,0.062,0.000,1.000,0.000,5.000,5.000,0.105,32.397,5.000,99.0,47.0,0.0,0.05128205195069313
182.860,12:16:01.070,524.862,0.239,125.638,0.000,0.000,0.000,0.060,0.034,0.062,0.000,1.000,0.000,5.000,5.000,0.105,32.397,5.000,99.0,47.0,0.0,0.05128205195069313
182.973,12:16:01.183,524.858,0.242,126.891,0.000,0.000,0.000,0.059,0.039,0.064,0.000,1.000,0.000,5.000,5.000,0.105,32.393,5.000,99.0,47.0,0.0,0.05128205195069313
183.084,12:16:01.293,524.858,0.242,126.891,0.000,0.000,0.000,0.059,0.039,0.064,0.000,1.000,0.000,5.000,5.000,0.105,32.393,5.000,99.0,47.0,0.0,0.05128205195069313
183.196,12:16:01.597,524.858,0.242,126.891,0.000,0.000,0.000,0.059,0.039,0.064,0.000,1.000,0.000,5.000,5.000,0.105,32.393,5.000,99.0,47.0,-0.10256410390138626,0.05128205195069313
183.501,12:16:01.711,524.851,0.242,127.031,0.000,0.000,0.000,0.054,0.039,0.057,0.000,1.000,0.000,5.000,5.000,0.105,32.382,5.000,99.0,47.0,-0.10256410390138626,0.05128205195069313
183.612,12:16:01.821,524.851,0.242,127.031,0.000,0.000,0.000,0.054,0.039,0.057,0.000,1.000,0.000,5.000,5.000,0.105,32.382,5.000,99.0,47.0,-0.10256410390138626,0.05128205195069313
183.723,12:16:01.933,524.859,0.243,127.547,0.000,0.000,0.000,0.061,0.034,0.064,0.000,1.000,0.000,5.000,5.000,0.105,32.385,5.000,99.0,47.0,-0.10256410390138626,0.05128205195069313
183.835,12:16:02.045,524.859,0.243,127.547,0.000,0.000,0.000,0.061,0.034,0.064,0.000,1.000,0.000,5.000,5.000,0.105,32.385,5.000,99.0,47.0,-0.10256410390138626,0.05128205195069313
183.948,12:16:02.158,524.859,0.243,127.547,0.000,0.000,0.000,0.061,0.034,0.064,0.000,1.000,0.000,5.000,5.000,0.105,32.385,5.000,99.0,47.0,-0.10256410390138626,0.05128205195069313
184.059,12:16:02.269,524.859,0.243,127.547,0.000,0.000,0.000,0.061,0.034,0.064,0.000,1.000,0.000,5.000,5.000,0.105,32.385,5.000,99.0,47.0,-0.10256410390138626,0.05128205195069313
184.172,12:16:02.381,524.858,0.236,124.044,0.000,0.000,0.000,0.059,0.035,0.060,0.000,1.000,0.000,5.000,5.000,0.105,32.383,5.000,99.0,47.0,-0.10256410390138626,0.05128205195069313
184.283,12:16:02.684,524.858,0.236,124.044,0.000,0.000,0.000,0.059,0.035,0.060,0.000,1.000,0.000,5.000,5.000,0.105,32.383,5.000,99.0,47.0,-0.05128205195069313,0.0
184.587,12:16:02.796,524.852,0.235,123.544,0.000,0.000,0.000,0.058,0.039,0.060,0.000,1.000,0.000,5.000,5.000,0.105,32.373,5.000,99.0,47.0,-0.05128205195069313,0.0
184.699,12:16:02.908,524.852,0.235,123.544,0.000,0.000,0.000,0.058,0.039,0.060,0.000,1.000,0.000,5.000,5.000,0.105,32.373,5.000,99.0,47.0,-0.05128205195069313,0.0
184.810,12:16:03.020,524.852,0.235,123.544,0.000,0.000,0.000,0.058,0.039,0.060,0.000,1.000,0.000,5.000,5.000,0.105,32.373,5.000,99.0,47.0,-0.05128205195069313,0.0
184.924,12:16:03.133,524.850,0.236,124.076,0.000,0.000,0.000,0.055,0.036,0.057,0.000,1.000,0.000,5.000,5.000,0.105,32.360,5.000,99.0,47.0,-0.05128205195069313,0.0
185.035,12:16:03.245,524.850,0.236,124.076,0.000,0.000,0.000,0.055,0.036,0.057,0.000,1.000,0.000,5.000,5.000,0.105,32.360,5.000,99.0,47.0,-0.05128205195069313,0.0
185.147,12:16:03.356,524.850,0.236,124.076,0.000,0.000,0.000,0.055,0.036,0.057,0.000,1.000,0.000,5.000,5.000,0.105,32.360,5.000,99.0,47.0,-0.05128205195069313,0.0
185.259,12:16:03.468,524.850,0.236,124.076,0.000,0.000,0.000,0.055,0.036,0.057,0.000,1.000,0.000,5.000,5.000,0.105,32.360,5.000,99.0,47.0,-0.05128205195069313,0.0
185.371,12:16:03.772,524.860,0.238,124.927,0.000,0.000,0.000,0.055,0.038,0.063,0.000,1.000,0.000,5.000,5.000,0.105,32.361,5.000,99.0,47.0,-0.05128205195069313,-0.05128205195069313
185.674,12:16:03.884,524.860,0.238,124.927,0.000,0.000,0.000,0.055,0.038,0.063,0.000,1.000,0.000,5.000,5.000,0.105,32.361,5.000,99.0,47.0,-0.05128205195069313,-0.05128205195069313
185.786,12:16:03.996,524.843,0.232,121.740,0.000,0.000,0.000,0.064,0.047,0.074,0.000,1.000,0.000,5.000,5.000,0.105,32.352,5.000,99.0,47.0,-0.05128205195069313,-0.05128205195069313
185.898,12:16:04.108,524.843,0.232,121.740,0.000,0.000,0.000,0.064,0.047,0.074,0.000,1.000,0.000,5.000,5.000,0.105,32.352,5.000,99.0,47.0,-0.05128205195069313,-0.05128205195069313
186.010,12:16:04.220,524.843,0.232,121.740,0.000,0.000,0.000,0.064,0.047,0.074,0.000,1.000,0.000,5.000,5.000,0.105,32.352,5.000,99.0,47.0,-0.05128205195069313,-0.05128205195069313
186.123,12:16:04.332,524.854,0.237,124.370,0.000,0.000,0.000,0.058,0.045,0.068,0.000,1.000,0.000,5.000,5.000,0.105,32.356,5.000,99.0,47.0,-0.05128205195069313,-0.05128205195069313
186.235,12:16:04.445,524.854,0.237,124.370,0.000,0.000,0.000,0.058,0.045,0.068,0.000,1.000,0.000,5.000,5.000,0.105,32.356,5.000,99.0,47.0,-0.05128205195069313,-0.05128205195069313
186.346,12:16:04.556,524.854,0.237,124.370,0.000,0.000,0.000,0.058,0.045,0.068,0.000,1.000,0.000,5.000,5.000,0.105,32.356,5.000,99.0,47.0,-0.05128205195069313,-0.05128205195069313
186.458,12:16:04.860,524.854,0.237,124.370,0.000,0.000,0.000,0.058,0.045,0.068,0.000,1.000,0.000,5.000,5.000,0.105,32.356,5.000,99.0,47.0,-0.10256410390138626,0.0
186.761,12:16:04.971,524.803,0.238,124.881,0.000,0.000,0.000,0.069,0.044,0.073,0.000,1.000,0.000,5.000,5.000,0.105,32.374,5.000,99.0,47.0,-0.10256410390138626,0.0
186.873,12:16:05.083,524.803,0.238,124.881,0.000,0.000,0.000,0.069,0.044,0.073,0.000,1.000,0.000,5.000,5.000,0.105,32.374,5.000,99.0,47.0,-0.10256410390138626,0.0
186.987,12:16:05.196,524.846,0.237,124.157,0.000,0.000,0.000,0.061,0.037,0.061,0.000,1.000,0.000,5.000,5.000,0.105,32.336,5.000,99.0,47.0,-0.10256410390138626,0.0
187.097,12:16:05.307,524.846,0.237,124.157,0.000,0.000,0.000,0.061,0.037,0.061,0.000,1.000,0.000,5.000,5.000,0.105,32.336,5.000,99.0,47.0,-0.10256410390138626,0.0
187.210,12:16:05.420,524.846,0.237,124.157,0.000,0.000,0.000,0.061,0.037,0.061,0.000,1.000,0.000,5.000,5.000,0.105,32.336,5.000,99.0,47.0,-0.10256410390138626,0.0
187.322,12:16:05.532,524.846,0.237,124.157,0.000,0.000,0.000,0.061,0.037,0.061,0.000,1.000,0.000,5.000,5.000,0.105,32.336,5.000,99.0,47.0,-0.10256410390138626,0.0
187.434,12:16:05.644,524.846,0.241,126.690,0.000,0.000,0.000,0.061,0.044,0.067,0.000,1.000,0.000,5.000,5.000,0.105,32.328,5.000,99.0,47.0,-0.10256410390138626,0.0
187.546,12:16:05.947,524.846,0.241,126.690,0.000,0.000,0.000,0.061,0.044,0.067,0.000,1.000,0.000,5.000,5.000,0.105,32.328,5.000,99.0,47.0,-0.05128205195069313,0.0
187.849,12:16:06.059,524.831,0.235,123.279,0.000,0.000,0.000,0.060,0.039,0.063,0.000,1.000,0.000,5.000,5.000,0.105,32.345,5.000,99.0,47.0,-0.05128205195069313,0.0
187.962,12:16:06.171,524.831,0.235,123.279,0.000,0.000,0.000,0.060,0.039,0.063,0.000,1.000,0.000,5.000,5.000,0.105,32.345,5.000,99.0,47.0,-0.05128205195069313,0.0
188.073,12:16:06.282,524.831,0.235,123.279,0.000,0.000,0.000,0.060,0.039,0.063,0.000,1.000,0.000,5.000,5.000,0.105,32.345,5.000,99.0,47.0,-0.05128205195069313,0.0
188.186,12:16:06.395,524.837,0.238,125.065,0.000,0.000,0.000,0.070,0.041,0.078,0.000,1.000,0.000,5.000,5.000,0.105,32.319,5.000,99.0,47.0,-0.05128205195069313,0.0
188.297,12:16:06.506,524.837,0.238,125.065,0.000,0.000,0.000,0.070,0.041,0.078,0.000,1.000,0.000,5.000,5.000,0.105,32.319,5.000,99.0,47.0,-0.05128205195069313,0.0
188.409,12:16:06.619,524.837,0.238,125.065,0.000,0.000,0.000,0.070,0.041,0.078,0.000,1.000,0.000,5.000,5.000,0.105,32.319,5.000,99.0,47.0,-0.05128205195069313,0.0
188.520,12:16:06.730,524.837,0.238,125.065,0.000,0.000,0.000,0.070,0.041,0.078,0.000,1.000,0.000,5.000,5.000,0.105,32.319,5.000,99.0,47.0,-0.05128205195069313,0.0
188.632,12:16:07.034,524.826,0.239,125.407,0.000,0.000,0.000,0.060,0.041,0.065,0.000,1.000,0.000,5.000,5.000,0.105,32.327,5.000,99.0,47.0,0.0,0.0
188.936,12:16:07.146,524.826,0.239,125.407,0.000,0.000,0.000,0.060,0.041,0.065,0.000,1.000,0.000,5.000,5.000,0.105,32.327,5.000,99.0,47.0,0.0,0.0
189.049,12:16:07.258,524.826,0.237,124.280,0.000,0.000,0.000,0.061,0.039,0.065,0.000,1.000,0.000,5.000,5.000,0.105,32.327,5.000,99.0,47.0,0.0,0.0
189.161,12:16:07.371,524.826,0.237,124.280,0.000,0.000,0.000,0.061,0.039,0.065,0.000,1.000,0.000,5.000,5.000,0.105,32.327,5.000,99.0,47.0,0.0,0.0
189.272,12:16:07.482,524.826,0.237,124.280,0.000,0.000,0.000,0.061,0.039,0.065,0.000,1.000,0.000,5.000,5.000,0.105,32.327,5.000,99.0,47.0,0.0,0.0
189.385,12:16:07.594,524.825,0.235,123.270,0.000,0.000,0.000,0.063,0.038,0.066,0.000,1.000,0.000,5.000,5.000,0.105,32.303,5.000,99.0,47.0,0.0,0.0
189.497,12:16:07.707,524.825,0.235,123.270,0.000,0.000,0.000,0.063,0.038,0.066,0.000,1.000,0.000,5.000,5.000,0.105,32.303,5.000,99.0,47.0,0.0,0.0
189.608,12:16:07.818,524.825,0.235,123.270,0.000,0.000,0.000,0.063,0.038,0.066,0.000,1.000,0.000,5.000,5.000,0.105,32.303,5.000,99.0,47.0,0.0,0.0
189.720,12:16:08.121,524.825,0.235,123.270,0.000,0.000,0.000,0.063,0.038,0.066,0.000,1.000,0.000,5.000,5.000,0.105,32.303,5.000,99.0,47.0,0.05128205195069313,0.0
190.024,12:16:08.233,524.775,0.239,125.347,0.000,0.000,0.000,0.063,0.037,0.063,0.000,1.000,0.000,5.000,5.000,0.105,32.309,5.000,99.0,47.0,0.05128205195069313,0.0
190.135,12:16:08.345,524.775,0.239,125.347,0.000,0.000,0.000,0.063,0.037,0.063,0.000,1.000,0.000,5.000,5.000,0.105,32.309,5.000,99.0,47.0,0.05128205195069313,0.0
190.248,12:16:08.457,524.743,0.239,125.234,0.000,0.000,0.000,0.058,0.038,0.060,0.000,1.000,0.000,5.000,5.000,0.105,32.302,5.000,99.0,47.0,0.05128205195069313,0.0
190.359,12:16:08.569,524.743,0.239,125.234,0.000,0.000,0.000,0.058,0.038,0.060,0.000,1.000,0.000,5.000,5.000,0.105,32.302,5.000,99.0,47.0,0.05128205195069313,0.0
190.471,12:16:08.681,524.743,0.239,125.234,0.000,0.000,0.000,0.058,0.038,0.060,0.000,1.000,0.000,5.000,5.000,0.105,32.302,5.000,99.0,47.0,0.05128205195069313,0.0
190.584,12:16:08.793,524.750,0.239,125.284,0.000,0.000,0.000,0.061,0.041,0.064,0.000,1.000,0.000,5.000,5.000,0.105,32.299,5.000,99.0,47.0,0.05128205195069313,0.0
190.695,12:16:08.904,524.750,0.239,125.284,0.000,0.000,0.000,0.061,0.041,0.064,0.000,1.000,0.000,5.000,5.000,0.105,32.299,5.000,99.0,47.0,0.05128205195069313,0.0
190.807,12:16:09.209,524.750,0.239,125.284,0.000,0.000,0.000,0.061,0.041,0.064,0.000,1.000,0.000,5.000,5.000,0.105,32.299,5.000,99.0,47.0,-0.05128205195069313,-0.05128205195069313
191.111,12:16:09.321,524.806,0.237,124.388,0.000,0.000,0.000,0.063,0.039,0.066,0.000,1.000,0.000,5.000,5.000,0.105,32.291,5.000,99.0,47.0,-0.05128205195069313,-0.05128205195069313
191.223,12:16:09.432,524.806,0.237,124.388,0.000,0.000,0.000,0.063,0.039,0.066,0.000,1.000,0.000,5.000,5.000,0.105,32.291,5.000,99.0,47.0,-0.05128205195069313,-0.05128205195069313
191.334,12:16:09.544,524.806,0.237,124.388,0.000,0.000,0.000,0.063,0.039,0.066,0.000,1.000,0.000,5.000,5.000,0.105,32.291,5.000,99.0,47.0,-0.05128205195069313,-0.05128205195069313
191.448,12:16:09.657,524.807,0.234,122.843,0.000,0.000,0.000,0.067,0.041,0.069,0.000,1.000,0.000,5.000,5.000,0.105,32.284,5.000,99.0,47.0,-0.05128205195069313,-0.05128205195069313
191.560,12:16:09.769,524.807,0.234,122.843,0.000,0.000,0.000,0.067,0.041,0.069,0.000,1.000,0.000,5.000,5.000,0.105,32.284,5.000,99.0,47.0,-0.05128205195069313,-0.05128205195069313
191.671,12:16:09.880,524.807,0.234,122.843,0.000,0.000,0.000,0.067,0.041,0.069,0.000,1.000,0.000,5.000,5.000,0.105,32.284,5.000,99.0,47.0,-0.05128205195069313,-0.05128205195069313
191.783,12:16:09.993,524.807,0.234,122.843,0.000,0.000,0.000,0.067,0.041,0.069,0.000,1.000,0.000,5.000,5.000,0.105,32.284,5.000,99.0,47.0,-0.05128205195069313,-0.05128205195069313
191.895,12:16:10.295,524.723,0.234,122.611,0.000,0.000,0.000,0.064,0.039,0.069,0.000,1.000,0.000,5.000,5.000,0.105,32.279,5.000,99.0,47.0,-0.10256410390138626,0.0
192.199,12:16:10.408,524.753,0.229,120.215,0.000,0.000,0.000,0.061,0.038,0.064,0.000,1.000,0.000,5.000,5.000,0.105,32.282,5.000,99.0,47.0,-0.10256410390138626,0.0
192.310,12:16:10.520,524.753,0.229,120.215,0.000,0.000,0.000,0.061,0.038,0.064,0.000,1.000,0.000,5.000,5.000,0.105,32.282,5.000,99.0,47.0,-0.10256410390138626,0.0
192.422,12:16:10.631,524.753,0.229,120.215,0.000,0.000,0.000,0.061,0.038,0.064,0.000,1.000,0.000,5.000,5.000,0.105,32.282,5.000,99.0,47.0,-0.10256410390138626,0.0
192.535,12:16:10.744,524.753,0.229,120.215,0.000,0.000,0.000,0.061,0.038,0.064,0.000,1.000,0.000,5.000,5.000,0.105,32.282,5.000,99.0,47.0,-0.10256410390138626,0.0
192.647,12:16:10.856,524.764,0.236,123.810,0.000,0.000,0.000,0.060,0.039,0.060,0.000,1.000,0.000,5.000,5.000,0.105,32.266,5.000,99.0,47.0,-0.10256410390138626,0.0
192.758,12:16:10.968,524.764,0.236,123.810,0.000,0.000,0.000,0.060,0.039,0.060,0.000,1.000,0.000,5.000,5.000,0.105,32.266,5.000,99.0,47.0,-0.10256410390138626,0.0
192.869,12:16:11.079,524.764,0.236,123.810,0.000,0.000,0.000,0.060,0.039,0.060,0.000,1.000,0.000,5.000,5.000,0.105,32.266,5.000,99.0,47.0,-0.10256410390138626,0.0
192.982,12:16:11.383,524.764,0.236,123.810,0.000,0.000,0.000,0.060,0.039,0.060,0.000,1.000,0.000,5.000,5.000,0.105,32.266,5.000,99.0,47.0,-0.05128205195069313,0.05128205195069313
193.286,12:16:11.496,524.811,0.236,124.005,0.000,0.000,0.000,0.069,0.038,0.075,0.000,1.000,0.000,5.000,5.000,0.105,32.272,5.000,99.0,47.0,-0.05128205195069313,0.05128205195069313
193.398,12:16:11.608,524.811,0.236,124.005,0.000,0.000,0.000,0.069,0.038,0.075,0.000,1.000,0.000,5.000,5.000,0.105,32.272,5.000,99.0,47.0,-0.05128205195069313,0.05128205195069313
193.510,12:16:11.720,524.773,0.234,122.595,0.000,0.000,0.000,0.056,0.039,0.060,0.000,1.000,0.000,5.000,5.000,0.105,32.263,5.000,99.0,47.0,-0.05128205195069313,0.05128205195069313
193.621,12:16:11.831,524.773,0.234,122.595,0.000,0.000,0.000,0.056,0.039,0.060,0.000,1.000,0.000,5.000,5.000,0.105,32.263,5.000,99.0,47.0,-0.05128205195069313,0.05128205195069313
193.734,12:16:11.943,524.773,0.234,122.595,0.000,0.000,0.000,0.056,0.039,0.060,0.000,1.000,0.000,5.000,5.000,0.105,32.263,5.000,99.0,47.0,-0.05128205195069313,0.05128205195069313
193.845,12:16:12.054,524.814,0.241,126.297,0.000,0.000,0.000,0.059,0.039,0.062,0.000,1.000,0.000,5.000,5.000,0.105,32.259,5.000,99.0,47.0,-0.05128205195069313,0.05128205195069313
193.958,12:16:12.167,524.814,0.241,126.297,0.000,0.000,0.000,0.059,0.039,0.062,0.000,1.000,0.000,5.000,5.000,0.105,32.259,5.000,99.0,47.0,-0.05128205195069313,0.05128205195069313
194.069,12:16:12.471,524.814,0.241,126.297,0.000,0.000,0.000,0.059,0.039,0.062,0.000,1.000,0.000,5.000,5.000,0.105,32.259,5.000,99.0,47.0,0.0,0.05128205195069313
194.373,12:16:12.583,524.741,0.235,123.311,0.000,0.000,0.000,0.060,0.039,0.063,0.000,1.000,0.000,5.000,5.000,0.105,32.254,5.000,99.0,47.0,0.0,0.05128205195069313
194.485,12:16:12.695,524.741,0.235,123.311,0.000,0.000,0.000,0.060,0.039,0.063,0.000,1.000,0.000,5.000,5.000,0.105,32.254,5.000,99.0,47.0,0.0,0.05128205195069313
194.597,12:16:12.806,524.741,0.235,123.311,0.000,0.000,0.000,0.060,0.039,0.063,0.000,1.000,0.000,5.000,5.000,0.105,32.254,5.000,99.0,47.0,0.0,0.05128205195069313
194.710,12:16:12.919,524.780,0.236,124.031,0.000,0.000,0.000,0.071,0.041,0.077,0.000,1.000,0.000,5.000,5.000,0.105,32.252,5.000,99.0,47.0,0.0,0.05128205195069313
194.820,12:16:13.030,524.780,0.236,124.031,0.000,0.000,0.000,0.071,0.041,0.077,0.000,1.000,0.000,5.000,5.000,0.105,32.252,5.000,99.0,47.0,0.0,0.05128205195069313
194.932,12:16:13.142,524.780,0.236,124.031,0.000,0.000,0.000,0.071,0.041,0.077,0.000,1.000,0.000,5.000,5.000,0.105,32.252,5.000,99.0,47.0,0.0,0.05128205195069313
195.045,12:16:13.255,524.754,0.237,124.311,0.000,0.000,0.000,0.060,0.038,0.064,0.000,1.000,0.000,5.000,5.000,0.105,32.239,5.000,99.0,47.0,0.0,0.05128205195069313
195.156,12:16:13.558,524.754,0.237,124.311,0.000,0.000,0.000,0.060,0.038,0.064,0.000,1.000,0.000,5.000,5.000,0.105,32.239,5.000,99.0,47.0,0.0,0.0
195.461,12:16:13.670,524.779,0.234,122.662,0.000,0.000,0.000,0.059,0.039,0.061,0.000,1.000,0.000,5.000,5.000,0.105,32.233,5.000,99.0,47.0,0.0,0.0
195.573,12:16:13.783,524.779,0.234,122.662,0.000,0.000,0.000,0.059,0.039,0.061,0.000,1.000,0.000,5.000,5.000,0.105,32.233,5.000,99.0,47.0,0.0,0.0
195.685,12:16:13.894,524.779,0.234,122.662,0.000,0.000,0.000,0.059,0.039,0.061,0.000,1.000,0.000,5.000,5.000,0.105,32.233,5.000,99.0,47.0,0.0,0.0
195.796,12:16:14.005,524.779,0.234,122.662,0.000,0.000,0.000,0.059,0.039,0.061,0.000,1.000,0.000,5.000,5.000,0.105,32.233,5.000,99.0,47.0,0.0,0.0
195.908,12:16:14.117,524.754,0.237,124.447,0.000,0.000,0.000,0.059,0.039,0.064,0.000,1.000,0.000,5.000,5.000,0.105,32.242,5.000,99.0,47.0,0.0,0.0
196.020,12:16:14.229,524.754,0.237,124.447,0.000,0.000,0.000,0.059,0.039,0.064,0.000,1.000,0.000,5.000,5.000,0.105,32.242,5.000,99.0,47.0,0.0,0.0
196.132,12:16:14.342,524.754,0.237,124.447,0.000,0.000,0.000,0.059,0.039,0.064,0.000,1.000,0.000,5.000,5.000,0.105,32.242,5.000,99.0,47.0,0.0,0.0
196.244,12:16:14.645,524.754,0.237,124.447,0.000,0.000,0.000,0.059,0.039,0.064,0.000,1.000,0.000,5.000,5.000,0.105,32.242,5.000,99.0,47.0,0.0,0.05128205195069313
196.548,12:16:14.758,524.760,0.235,123.172,0.000,0.000,0.000,0.060,0.037,0.062,0.000,1.000,0.000,5.000,5.000,0.105,32.234,5.000,99.0,47.0,0.0,0.05128205195069313
196.660,12:16:14.870,524.778,0.238,125.071,0.000,0.000,0.000,0.054,0.035,0.054,0.000,1.000,0.000,5.000,5.000,0.105,32.227,5.000,99.0,47.0,0.0,0.05128205195069313
196.771,12:16:14.981,524.778,0.238,125.071,0.000,0.000,0.000,0.054,0.035,0.054,0.000,1.000,0.000,5.000,5.000,0.105,32.227,5.000,99.0,47.0,0.0,0.05128205195069313
196.883,12:16:15.092,524.778,0.238,125.071,0.000,0.000,0.000,0.054,0.035,0.054,0.000,1.000,0.000,5.000,5.000,0.105,32.227,5.000,99.0,47.0,0.0,0.05128205195069313
196.996,12:16:15.205,524.778,0.238,125.071,0.000,0.000,0.000,0.054,0.035,0.054,0.000,1.000,0.000,5.000,5.000,0.105,32.227,5.000,99.0,47.0,0.0,0.05128205195069313
197.108,12:16:15.317,524.775,0.237,124.138,0.000,0.000,0.000,0.060,0.036,0.059,0.000,1.000,0.000,5.000,5.000,0.105,32.216,5.000,99.0,47.0,0.0,0.05128205195069313
197.219,12:16:15.428,524.775,0.237,124.138,0.000,0.000,0.000,0.060,0.036,0.059,0.000,1.000,0.000,5.000,5.000,0.105,32.216,5.000,99.0,47.0,0.0,0.05128205195069313
197.332,12:16:15.732,524.775,0.237,124.138,0.000,0.000,0.000,0.060,0.036,0.059,0.000,1.000,0.000,5.000,5.000,0.105,32.216,5.000,99.0,47.0,0.0,0.05128205195069313
197.635,12:16:15.845,524.829,0.237,124.613,0.000,0.000,0.000,0.062,0.037,0.065,0.000,1.000,0.000,5.000,5.000,0.105,32.228,5.000,99.0,47.0,0.0,0.05128205195069313
197.747,12:16:15.956,524.829,0.237,124.613,0.000,0.000,0.000,0.062,0.037,0.065,0.000,1.000,0.000,5.000,5.000,0.105,32.228,5.000,99.0,47.0,0.0,0.05128205195069313
197.859,12:16:16.068,524.829,0.237,124.613,0.000,0.000,0.000,0.062,0.037,0.065,0.000,1.000,0.000,5.000,5.000,0.105,32.228,5.000,99.0,47.0,0.0,0.05128205195069313
197.971,12:16:16.180,524.784,0.238,125.039,0.000,0.000,0.000,0.055,0.038,0.061,0.000,1.000,0.000,5.000,5.000,0.105,32.219,5.000,99.0,47.0,0.0,0.05128205195069313
198.083,12:16:16.293,524.784,0.238,125.039,0.000,0.000,0.000,0.055,0.038,0.061,0.000,1.000,0.000,5.000,5.000,0.105,32.219,5.000,99.0,47.0,0.0,0.05128205195069313
198.194,12:16:16.404,524.784,0.238,125.039,0.000,0.000,0.000,0.055,0.038,0.061,0.000,1.000,0.000,5.000,5.000,0.105,32.219,5.000,99.0,47.0,0.0,0.05128205195069313
198.308,12:16:16.517,524.809,0.235,123.342,0.000,0.000,0.000,0.058,0.038,0.060,0.000,1.000,0.000,5.000,5.000,0.105,32.186,5.000,99.0,47.0,0.0,0.05128205195069313
198.418,12:16:16.820,524.809,0.235,123.342,0.000,0.000,0.000,0.058,0.038,0.060,0.000,1.000,0.000,5.000,5.000,0.105,32.186,5.000,99.0,47.0,-0.05128205195069313,0.0
198.723,12:16:16.933,524.808,0.236,123.729,0.000,0.000,0.000,0.060,0.037,0.063,0.000,1.000,0.000,5.000,5.000,0.105,32.201,5.000,99.0,47.0,-0.05128205195069313,0.0
198.834,12:16:17.043,524.808,0.236,123.729,0.000,0.000,0.000,0.060,0.037,0.063,0.000,1.000,0.000,5.000,5.000,0.105,32.201,5.000,99.0,47.0,-0.05128205195069313,0.0
198.947,12:16:17.157,524.808,0.236,123.729,0.000,0.000,0.000,0.060,0.037,0.063,0.000,1.000,0.000,5.000,5.000,0.105,32.201,5.000,99.0,47.0,-0.05128205195069313,0.0
199.058,12:16:17.268,524.808,0.236,123.729,0.000,0.000,0.000,0.060,0.037,0.063,0.000,1.000,0.000,5.000,5.000,0.105,32.201,5.000,99.0,47.0,-0.05128205195069313,0.0
199.170,12:16:17.379,524.768,0.238,124.902,0.000,0.000,0.000,0.058,0.035,0.057,0.000,1.000,0.000,5.000,5.000,0.105,32.205,5.000,99.0,47.0,-0.05128205195069313,0.0
199.283,12:16:17.492,524.768,0.238,124.902,0.000,0.000,0.000,0.058,0.035,0.057,0.000,1.000,0.000,5.000,5.000,0.105,32.205,5.000,99.0,47.0,-0.05128205195069313,0.0
199.395,12:16:17.604,524.768,0.238,124.902,0.000,0.000,0.000,0.058,0.035,0.057,0.000,1.000,0.000,5.000,5.000,0.105,32.205,5.000,99.0,47.0,-0.05128205195069313,0.0
199.506,12:16:17.908,524.770,0.238,124.919,0.000,0.000,0.000,0.056,0.039,0.061,0.000,1.000,0.000,5.000,5.000,0.105,32.200,5.000,99.0,47.0,0.0,0.0
199.809,12:16:18.019,524.770,0.238,124.919,0.000,0.000,0.000,0.056,0.039,0.061,0.000,1.000,0.000,5.000,5.000,0.105,32.200,5.000,99.0,47.0,0.0,0.0
199.922,12:16:18.131,524.748,0.238,124.673,0.000,0.000,0.000,0.053,0.036,0.059,0.000,1.000,0.000,5.000,5.000,0.105,32.183,5.000,99.0,47.0,0.0,0.0
200.034,12:16:18.243,524.748,0.238,124.673,0.000,0.000,0.000,0.053,0.036,0.059,0.000,1.000,0.000,5.000,5.000,0.105,32.183,5.000,99.0,47.0,0.0,0.0
200.146,12:16:18.356,524.748,0.238,124.673,0.000,0.000,0.000,0.053,0.036,0.059,0.000,1.000,0.000,5.000,5.000,0.105,32.183,5.000,99.0,47.0,0.0,0.0
200.258,12:16:18.467,524.748,0.238,124.673,0.000,0.000,0.000,0.053,0.036,0.059,0.000,1.000,0.000,5.000,5.000,0.105,32.183,5.000,99.0,47.0,0.0,0.0
200.369,12:16:18.579,524.747,0.238,124.880,0.000,0.000,0.000,0.058,0.035,0.057,0.000,1.000,0.000,5.000,5.000,0.105,32.187,5.000,99.0,47.0,0.0,0.0
200.482,12:16:18.691,524.747,0.238,124.880,0.000,0.000,0.000,0.058,0.035,0.057,0.000,1.000,0.000,5.000,5.000,0.105,32.187,5.000,99.0,47.0,0.0,0.0
200.593,12:16:18.994,524.747,0.238,124.880,0.000,0.000,0.000,0.058,0.035,0.057,0.000,1.000,0.000,5.000,5.000,0.105,32.187,5.000,99.0,47.0,-0.05128205195069313,0.05128205195069313
200.897,12:16:19.106,524.713,0.238,124.738,0.000,0.000,0.000,0.058,0.038,0.061,0.000,1.000,0.000,5.000,5.000,0.105,32.173,5.000,99.0,47.0,-0.05128205195069313,0.05128205195069313
201.009,12:16:19.219,524.713,0.238,124.738,0.000,0.000,0.000,0.058,0.038,0.061,0.000,1.000,0.000,5.000,5.000,0.105,32.173,5.000,99.0,47.0,-0.05128205195069313,0.05128205195069313
201.120,12:16:19.330,524.706,0.236,123.861,0.000,0.000,0.000,0.056,0.035,0.061,0.000,1.000,0.000,5.000,5.000,0.105,32.182,5.000,99.0,47.0,-0.05128205195069313,0.05128205195069313
201.232,12:16:19.442,524.706,0.236,123.861,0.000,0.000,0.000,0.056,0.035,0.061,0.000,1.000,0.000,5.000,5.000,0.105,32.182,5.000,99.0,47.0,-0.05128205195069313,0.05128205195069313
201.345,12:16:19.555,524.706,0.236,123.861,0.000,0.000,0.000,0.056,0.035,0.061,0.000,1.000,0.000,5.000,5.000,0.105,32.182,5.000,99.0,47.0,-0.05128205195069313,0.05128205195069313
201.457,12:16:19.667,524.706,0.236,123.861,0.000,0.000,0.000,0.056,0.035,0.061,0.000,1.000,0.000,5.000,5.000,0.105,32.182,5.000,99.0,47.0,-0.05128205195069313,0.05128205195069313
201.569,12:16:19.778,524.641,0.238,124.760,0.000,0.000,0.000,0.063,0.035,0.062,0.000,1.000,0.000,5.000,5.000,0.105,32.163,5.000,99.0,47.0,-0.05128205195069313,0.05128205195069313
201.681,12:16:20.081,524.641,0.238,124.760,0.000,0.000,0.000,0.063,0.035,0.062,0.000,1.000,0.000,5.000,5.000,0.105,32.163,5.000,99.0,47.0,-0.05128205195069313,0.0
201.984,12:16:20.194,524.681,0.235,123.047,0.000,0.000,0.000,0.064,0.039,0.070,0.000,1.000,0.000,5.000,5.000,0.105,32.162,5.000,99.0,47.0,-0.05128205195069313,0.0
202.097,12:16:20.307,524.681,0.235,123.047,0.000,0.000,0.000,0.064,0.039,0.070,0.000,1.000,0.000,5.000,5.000,0.105,32.162,5.000,99.0,47.0,-0.05128205195069313,0.0
202.209,12:16:20.419,524.681,0.235,123.047,0.000,0.000,0.000,0.064,0.039,0.070,0.000,1.000,0.000,5.000,5.000,0.105,32.162,5.000,99.0,47.0,-0.05128205195069313,0.0
202.321,12:16:20.531,524.681,0.235,123.047,0.000,0.000,0.000,0.064,0.039,0.070,0.000,1.000,0.000,5.000,5.000,0.105,32.162,5.000,99.0,47.0,-0.05128205195069313,0.0
202.432,12:16:20.642,524.654,0.240,125.702,0.000,0.000,0.000,0.066,0.036,0.064,0.000,1.000,0.000,5.000,5.000,0.105,32.088,5.000,99.0,47.0,-0.05128205195069313,0.0
202.545,12:16:20.754,524.654,0.240,125.702,0.000,0.000,0.000,0.066,0.036,0.064,0.000,1.000,0.000,5.000,5.000,0.105,32.088,5.000,99.0,47.0,-0.05128205195069313,0.0
202.657,12:16:20.866,524.654,0.240,125.702,0.000,0.000,0.000,0.066,0.036,0.064,0.000,1.000,0.000,5.000,5.000,0.105,32.088,5.000,99.0,47.0,-0.05128205195069313,0.0
202.768,12:16:21.169,524.635,0.239,125.592,0.000,0.000,0.000,0.065,0.039,0.065,0.000,1.000,0.000,5.000,5.000,0.105,32.179,5.000,99.0,47.0,-0.05128205195069313,0.0
203.072,12:16:21.282,524.635,0.239,125.592,0.000,0.000,0.000,0.065,0.039,0.065,0.000,1.000,0.000,5.000,5.000,0.105,32.179,5.000,99.0,47.0,-0.05128205195069313,0.0
203.183,12:16:21.393,524.620,0.233,122.426,0.000,0.000,0.000,0.065,0.040,0.065,0.000,1.000,0.000,5.000,5.000,0.105,32.110,5.000,99.0,47.0,-0.05128205195069313,0.0
203.295,12:16:21.505,524.620,0.233,122.426,0.000,0.000,0.000,0.065,0.040,0.065,0.000,1.000,0.000,5.000,5.000,0.105,32.110,5.000,99.0,47.0,-0.05128205195069313,0.0
203.408,12:16:21.617,524.620,0.233,122.426,0.000,0.000,0.000,0.065,0.040,0.065,0.000,1.000,0.000,5.000,5.000,0.105,32.110,5.000,99.0,47.0,-0.05128205195069313,0.0
203.520,12:16:21.729,524.620,0.233,122.426,0.000,0.000,0.000,0.065,0.040,0.065,0.000,1.000,0.000,5.000,5.000,0.105,32.110,5.000,99.0,47.0,-0.05128205195069313,0.0
203.631,12:16:21.840,524.623,0.238,124.664,0.000,0.000,0.000,0.073,0.036,0.076,0.000,1.000,0.000,5.000,5.000,0.105,32.167,5.000,99.0,47.0,-0.05128205195069313,0.0
203.743,12:16:21.953,524.623,0.238,124.664,0.000,0.000,0.000,0.073,0.036,0.076,0.000,1.000,0.000,5.000,5.000,0.105,32.167,5.000,99.0,47.0,-0.05128205195069313,0.0
203.855,12:16:22.256,524.623,0.238,124.664,0.000,0.000,0.000,0.073,0.036,0.076,0.000,1.000,0.000,5.000,5.000,0.105,32.167,5.000,99.0,47.0,0.0,-0.05128205195069313
204.160,12:16:22.369,524.618,0.235,123.189,0.000,0.000,0.000,0.062,0.036,0.063,0.000,1.000,0.000,5.000,5.000,0.105,32.345,5.000,99.0,47.0,0.0,-0.05128205195069313
204.271,12:16:22.481,524.618,0.235,123.189,0.000,0.000,0.000,0.062,0.036,0.063,0.000,1.000,0.000,5.000,5.000,0.105,32.345,5.000,99.0,47.0,0.0,-0.05128205195069313
204.382,12:16:22.592,524.614,0.238,125.083,0.000,0.000,0.000,0.067,0.038,0.067,0.000,1.000,0.000,5.000,5.000,0.105,32.194,5.000,99.0,47.0,0.0,-0.05128205195069313
204.495,12:16:22.705,524.614,0.238,125.083,0.000,0.000,0.000,0.067,0.038,0.067,0.000,1.000,0.000,5.000,5.000,0.105,32.194,5.000,99.0,47.0,0.0,-0.05128205195069313
204.606,12:16:22.816,524.614,0.238,125.083,0.000,0.000,0.000,0.067,0.038,0.067,0.000,1.000,0.000,5.000,5.000,0.105,32.194,5.000,99.0,47.0,0.0,-0.05128205195069313
204.718,12:16:22.928,524.614,0.238,125.083,0.000,0.000,0.000,0.067,0.038,0.067,0.000,1.000,0.000,5.000,5.000,0.105,32.194,5.000,99.0,47.0,0.0,-0.05128205195069313
204.830,12:16:23.040,524.614,0.236,123.764,0.000,0.000,0.000,0.060,0.038,0.061,0.000,1.000,0.000,5.000,5.000,0.105,32.141,5.000,99.0,47.0,0.0,-0.05128205195069313
204.943,12:16:23.343,524.614,0.236,123.764,0.000,0.000,0.000,0.060,0.038,0.061,0.000,1.000,0.000,5.000,5.000,0.105,32.141,5.000,99.0,47.0,-0.05128205195069313,0.05128205195069313
205.247,12:16:23.457,524.617,0.235,123.453,0.000,0.000,0.000,0.069,0.042,0.075,0.000,1.000,0.000,5.000,5.000,0.105,32.123,5.000,99.0,47.0,-0.05128205195069313,0.05128205195069313
205.359,12:16:23.569,524.617,0.235,123.453,0.000,0.000,0.000,0.069,0.042,0.075,0.000,1.000,0.000,5.000,5.000,0.105,32.123,5.000,99.0,47.0,-0.05128205195069313,0.05128205195069313
205.470,12:16:23.679,524.617,0.235,123.453,0.000,0.000,0.000,0.069,0.042,0.075,0.000,1.000,0.000,5.000,5.000,0.105,32.123,5.000,99.0,47.0,-0.05128205195069313,0.05128205195069313
205.597,12:16:23.807,524.618,0.236,124.016,0.000,0.000,0.000,0.060,0.039,0.065,0.000,1.000,0.000,5.000,5.000,0.105,32.103,5.000,99.0,47.0,-0.05128205195069313,0.05128205195069313
205.710,12:16:23.920,524.618,0.236,124.016,0.000,0.000,0.000,0.060,0.039,0.065,0.000,1.000,0.000,5.000,5.000,0.105,32.103,5.000,99.0,47.0,-0.05128205195069313,0.05128205195069313
205.821,12:16:24.031,524.618,0.236,124.016,0.000,0.000,0.000,0.060,0.039,0.065,0.000,1.000,0.000,5.000,5.000,0.105,32.103,5.000,99.0,47.0,-0.05128205195069313,0.05128205195069313
205.933,12:16:24.143,524.618,0.236,124.016,0.000,0.000,0.000,0.060,0.039,0.065,0.000,1.000,0.000,5.000,5.000,0.105,32.103,5.000,99.0,47.0,-0.05128205195069313,0.05128205195069313
206.046,12:16:24.447,524.613,0.232,121.559,0.000,0.000,0.000,0.062,0.039,0.065,0.000,1.000,0.000,5.000,5.000,0.105,32.177,5.000,99.0,47.0,-0.05128205195069313,0.0
206.349,12:16:24.559,524.613,0.232,121.559,0.000,0.000,0.000,0.062,0.039,0.065,0.000,1.000,0.000,5.000,5.000,0.105,32.177,5.000,99.0,47.0,-0.05128205195069313,0.0
206.462,12:16:24.672,524.611,0.230,120.721,0.000,0.000,0.000,0.068,0.037,0.072,0.000,1.000,0.000,5.000,5.000,0.105,32.121,5.000,99.0,47.0,-0.05128205195069313,0.0
206.574,12:16:24.784,524.611,0.230,120.721,0.000,0.000,0.000,0.068,0.037,0.072,0.000,1.000,0.000,5.000,5.000,0.105,32.121,5.000,99.0,47.0,-0.05128205195069313,0.0
206.685,12:16:24.894,524.611,0.230,120.721,0.000,0.000,0.000,0.068,0.037,0.072,0.000,1.000,0.000,5.000,5.000,0.105,32.121,5.000,99.0,47.0,-0.05128205195069313,0.0
206.814,12:16:25.023,524.610,0.234,122.846,0.000,0.000,0.000,0.063,0.035,0.064,0.000,1.000,0.000,5.000,5.000,0.105,32.117,5.000,99.0,47.0,-0.05128205195069313,0.0
206.942,12:16:25.151,524.610,0.234,122.846,0.000,0.000,0.000,0.063,0.035,0.064,0.000,1.000,0.000,5.000,5.000,0.105,32.117,5.000,99.0,47.0,-0.05128205195069313,0.0
207.053,12:16:25.455,524.610,0.234,122.846,0.000,0.000,0.000,0.063,0.035,0.064,0.000,1.000,0.000,5.000,5.000,0.105,32.117,5.000,99.0,47.0,-0.05128205195069313,0.0
207.358,12:16:25.568,524.620,0.230,120.682,0.000,0.000,0.000,0.069,0.037,0.075,0.000,1.000,0.000,5.000,5.000,0.105,32.095,5.000,99.0,47.0,-0.05128205195069313,0.0
207.469,12:16:25.679,524.620,0.230,120.682,0.000,0.000,0.000,0.069,0.037,0.075,0.000,1.000,0.000,5.000,5.000,0.105,32.095,5.000,99.0,47.0,-0.05128205195069313,0.0
207.581,12:16:25.791,524.620,0.230,120.682,0.000,0.000,0.000,0.069,0.037,0.075,0.000,1.000,0.000,5.000,5.000,0.105,32.095,5.000,99.0,47.0,-0.05128205195069313,0.0
207.693,12:16:25.903,524.610,0.231,121.364,0.000,0.000,0.000,0.066,0.039,0.067,0.000,1.000,0.000,5.000,5.000,0.105,32.085,5.000,99.0,47.0,-0.05128205195069313,0.0
207.805,12:16:26.015,524.610,0.231,121.364,0.000,0.000,0.000,0.066,0.039,0.067,0.000,1.000,0.000,5.000,5.000,0.105,32.085,5.000,99.0,47.0,-0.05128205195069313,0.0
207.917,12:16:26.126,524.610,0.231,121.364,0.000,0.000,0.000,0.066,0.039,0.067,0.000,1.000,0.000,5.000,5.000,0.105,32.085,5.000,99.0,47.0,-0.05128205195069313,0.0
208.029,12:16:26.238,524.608,0.238,124.660,0.000,0.000,0.000,0.060,0.038,0.060,0.000,1.000,0.000,5.000,5.000,0.105,32.080,5.000,99.0,47.0,-0.05128205195069313,0.0
208.141,12:16:26.542,524.608,0.238,124.660,0.000,0.000,0.000,0.060,0.038,0.060,0.000,1.000,0.000,5.000,5.000,0.105,32.080,5.000,99.0,47.0,-0.05128205195069313,0.0
208.444,12:16:26.653,524.610,0.229,120.381,0.000,0.000,0.000,0.062,0.038,0.063,0.000,1.000,0.000,5.000,5.000,0.105,32.068,5.000,99.0,47.0,-0.05128205195069313,0.0
208.557,12:16:26.766,524.610,0.229,120.381,0.000,0.000,0.000,0.062,0.038,0.063,0.000,1.000,0.000,5.000,5.000,0.105,32.068,5.000,99.0,47.0,-0.05128205195069313,0.0
208.668,12:16:26.878,524.610,0.229,120.381,0.000,0.000,0.000,0.062,0.038,0.063,0.000,1.000,0.000,5.000,5.000,0.105,32.068,5.000,99.0,47.0,-0.05128205195069313,0.0
208.780,12:16:26.990,524.610,0.229,120.381,0.000,0.000,0.000,0.062,0.038,0.063,0.000,1.000,0.000,5.000,5.000,0.105,32.068,5.000,99.0,47.0,-0.05128205195069313,0.0
208.891,12:16:27.101,524.608,0.233,122.314,0.000,0.000,0.000,0.057,0.037,0.059,0.000,1.000,0.000,5.000,5.000,0.105,32.078,5.000,99.0,47.0,-0.05128205195069313,0.0
209.003,12:16:27.213,524.608,0.233,122.314,0.000,0.000,0.000,0.057,0.037,0.059,0.000,1.000,0.000,5.000,5.000,0.105,32.078,5.000,99.0,47.0,-0.05128205195069313,0.0
209.115,12:16:27.325,524.608,0.233,122.314,0.000,0.000,0.000,0.057,0.037,0.059,0.000,1.000,0.000,5.000,5.000,0.105,32.078,5.000,99.0,47.0,-0.05128205195069313,0.0
209.227,12:16:27.630,524.608,0.233,122.314,0.000,0.000,0.000,0.057,0.037,0.059,0.000,1.000,0.000,5.000,5.000,0.105,32.078,5.000,99.0,47.0,-0.05128205195069313,0.0
209.532,12:16:27.741,524.611,0.238,124.699,0.000,0.000,0.000,0.062,0.038,0.064,0.000,1.000,0.000,5.000,5.000,0.105,32.080,5.000,99.0,47.0,-0.05128205195069313,0.0
209.644,12:16:27.854,524.608,0.236,123.576,0.000,0.000,0.000,0.062,0.039,0.065,0.000,1.000,0.000,5.000,5.000,0.105,32.067,5.000,99.0,47.0,-0.05128205195069313,0.0
209.755,12:16:27.965,524.608,0.236,123.576,0.000,0.000,0.000,0.062,0.039,0.065,0.000,1.000,0.000,5.000,5.000,0.105,32.067,5.000,99.0,47.0,-0.05128205195069313,0.0
209.867,12:16:28.076,524.608,0.236,123.576,0.000,0.000,0.000,0.062,0.039,0.065,0.000,1.000,0.000,5.000,5.000,0.105,32.067,5.000,99.0,47.0,-0.05128205195069313,0.0
209.996,12:16:28.205,524.608,0.236,123.576,0.000,0.000,0.000,0.062,0.039,0.065,0.000,1.000,0.000,5.000,5.000,0.105,32.067,5.000,99.0,47.0,-0.05128205195069313,0.0
210.108,12:16:28.317,524.596,0.230,120.564,0.000,0.000,0.000,0.065,0.037,0.065,0.000,1.000,0.000,5.000,5.000,0.105,32.075,5.000,99.0,47.0,-0.05128205195069313,0.0
210.219,12:16:28.428,524.596,0.230,120.564,0.000,0.000,0.000,0.065,0.037,0.065,0.000,1.000,0.000,5.000,5.000,0.105,32.075,5.000,99.0,47.0,-0.05128205195069313,0.0
210.331,12:16:28.732,524.596,0.230,120.564,0.000,0.000,0.000,0.065,0.037,0.065,0.000,1.000,0.000,5.000,5.000,0.105,32.075,5.000,99.0,47.0,0.0,0.0
210.635,12:16:28.844,524.616,0.238,124.780,0.000,0.000,0.000,0.057,0.036,0.062,0.000,1.000,0.000,5.000,5.000,0.105,32.063,5.000,99.0,47.0,0.0,0.0
210.746,12:16:28.956,524.616,0.238,124.780,0.000,0.000,0.000,0.057,0.036,0.062,0.000,1.000,0.000,5.000,5.000,0.105,32.063,5.000,99.0,47.0,0.0,0.0
210.874,12:16:29.084,524.605,0.234,122.673,0.000,0.000,0.000,0.055,0.036,0.057,0.000,1.000,0.000,5.000,5.000,0.105,32.062,5.000,99.0,47.0,0.0,0.0
210.987,12:16:29.197,524.605,0.234,122.673,0.000,0.000,0.000,0.055,0.036,0.057,0.000,1.000,0.000,5.000,5.000,0.105,32.062,5.000,99.0,47.0,0.0,0.0
211.098,12:16:29.308,524.605,0.234,122.673,0.000,0.000,0.000,0.055,0.036,0.057,0.000,1.000,0.000,5.000,5.000,0.105,32.062,5.000,99.0,47.0,0.0,0.0
211.211,12:16:29.421,524.605,0.234,122.673,0.000,0.000,0.000,0.055,0.036,0.057,0.000,1.000,0.000,5.000,5.000,0.105,32.062,5.000,99.0,47.0,0.0,0.0
211.323,12:16:29.533,524.599,0.232,121.781,0.000,0.000,0.000,0.059,0.041,0.064,0.000,1.000,0.000,5.000,5.000,0.105,32.044,5.000,99.0,47.0,0.0,0.0
211.434,12:16:29.836,524.599,0.232,121.781,0.000,0.000,0.000,0.059,0.041,0.064,0.000,1.000,0.000,5.000,5.000,0.105,32.044,5.000,99.0,47.0,0.0,0.0
211.738,12:16:29.948,524.590,0.229,120.359,0.000,0.000,0.000,0.059,0.036,0.058,0.000,1.000,0.000,5.000,5.000,0.105,32.050,5.000,99.0,47.0,0.0,0.0
211.851,12:16:30.061,524.590,0.229,120.359,0.000,0.000,0.000,0.059,0.036,0.058,0.000,1.000,0.000,5.000,5.000,0.105,32.050,5.000,99.0,47.0,0.0,0.0
211.962,12:16:30.172,524.590,0.229,120.359,0.000,0.000,0.000,0.059,0.036,0.058,0.000,1.000,0.000,5.000,5.000,0.105,32.050,5.000,99.0,47.0,0.0,0.0
212.075,12:16:30.285,524.597,0.236,123.790,0.000,0.000,0.000,0.058,0.036,0.061,0.000,1.000,0.000,5.000,5.000,0.105,32.060,5.000,99.0,47.0,0.0,0.0
212.186,12:16:30.396,524.597,0.236,123.790,0.000,0.000,0.000,0.058,0.036,0.061,0.000,1.000,0.000,5.000,5.000,0.105,32.060,5.000,99.0,47.0,0.0,0.0
212.297,12:16:30.507,524.597,0.236,123.790,0.000,0.000,0.000,0.058,0.036,0.061,0.000,1.000,0.000,5.000,5.000,0.105,32.060,5.000,99.0,47.0,0.0,0.0
212.410,12:16:30.619,524.597,0.236,123.790,0.000,0.000,0.000,0.058,0.036,0.061,0.000,1.000,0.000,5.000,5.000,0.105,32.060,5.000,99.0,47.0,0.0,0.0
212.523,12:16:30.923,524.603,0.235,123.137,0.000,0.000,0.000,0.061,0.038,0.064,0.000,1.000,0.000,5.000,5.000,0.105,32.035,5.000,99.0,47.0,-0.05128205195069313,0.0
212.826,12:16:31.036,524.603,0.235,123.137,0.000,0.000,0.000,0.061,0.038,0.064,0.000,1.000,0.000,5.000,5.000,0.105,32.035,5.000,99.0,47.0,-0.05128205195069313,0.0
212.938,12:16:31.148,524.600,0.230,120.696,0.000,0.000,0.000,0.051,0.040,0.063,0.000,1.000,0.000,5.000,5.000,0.105,32.036,5.000,99.0,47.0,-0.05128205195069313,0.0
213.050,12:16:31.260,524.600,0.230,120.696,0.000,0.000,0.000,0.051,0.040,0.063,0.000,1.000,0.000,5.000,5.000,0.105,32.036,5.000,99.0,47.0,-0.05128205195069313,0.0
213.161,12:16:31.370,524.600,0.230,120.696,0.000,0.000,0.000,0.051,0.040,0.063,0.000,1.000,0.000,5.000,5.000,0.105,32.036,5.000,99.0,47.0,-0.05128205195069313,0.0
213.274,12:16:31.483,524.600,0.230,120.696,0.000,0.000,0.000,0.051,0.040,0.063,0.000,1.000,0.000,5.000,5.000,0.105,32.036,5.000,99.0,47.0,-0.05128205195069313,0.0
213.385,12:16:31.594,524.603,0.234,122.631,0.000,0.000,0.000,0.054,0.037,0.060,0.000,1.000,0.000,5.000,5.000,0.105,32.025,5.000,99.0,47.0,-0.05128205195069313,0.0
213.498,12:16:31.707,524.603,0.234,122.631,0.000,0.000,0.000,0.054,0.037,0.060,0.000,1.000,0.000,5.000,5.000,0.105,32.025,5.000,99.0,47.0,-0.05128205195069313,0.0
213.609,12:16:32.011,524.603,0.234,122.631,0.000,0.000,0.000,0.054,0.037,0.060,0.000,1.000,0.000,5.000,5.000,0.105,32.025,5.000,99.0,47.0,0.0,-0.05128205195069313
213.913,12:16:32.122,524.573,0.230,120.470,0.000,0.000,0.000,0.059,0.037,0.061,0.000,1.000,0.000,5.000,5.000,0.105,32.026,5.000,99.0,47.0,0.0,-0.05128205195069313
214.025,12:16:32.235,524.573,0.230,120.470,0.000,0.000,0.000,0.059,0.037,0.061,0.000,1.000,0.000,5.000,5.000,0.105,32.026,5.000,99.0,47.0,0.0,-0.05128205195069313
214.136,12:16:32.346,524.576,0.230,120.914,0.000,0.000,0.000,0.061,0.034,0.062,0.000,1.000,0.000,5.000,5.000,0.105,32.022,5.000,99.0,47.0,0.0,-0.05128205195069313
214.249,12:16:32.458,524.576,0.230,120.914,0.000,0.000,0.000,0.061,0.034,0.062,0.000,1.000,0.000,5.000,5.000,0.105,32.022,5.000,99.0,47.0,0.0,-0.05128205195069313
214.361,12:16:32.570,524.576,0.230,120.914,0.000,0.000,0.000,0.061,0.034,0.062,0.000,1.000,0.000,5.000,5.000,0.105,32.022,5.000,99.0,47.0,0.0,-0.05128205195069313
214.473,12:16:32.682,524.576,0.230,120.914,0.000,0.000,0.000,0.061,0.034,0.062,0.000,1.000,0.000,5.000,5.000,0.105,32.022,5.000,99.0,47.0,0.0,-0.05128205195069313
214.585,12:16:32.795,524.576,0.234,122.618,0.000,0.000,0.000,0.056,0.038,0.062,0.000,1.000,0.000,5.000,5.000,0.105,32.014,5.000,99.0,47.0,0.0,-0.05128205195069313
214.696,12:16:33.097,524.576,0.234,122.618,0.000,0.000,0.000,0.056,0.038,0.062,0.000,1.000,0.000,5.000,5.000,0.105,32.014,5.000,99.0,47.0,-0.05128205195069313,0.0
215.000,12:16:33.210,524.592,0.230,120.845,0.000,0.000,0.000,0.058,0.037,0.062,0.000,1.000,0.000,5.000,5.000,0.105,32.012,5.000,99.0,47.0,-0.05128205195069313,0.0
215.112,12:16:33.321,524.592,0.230,120.845,0.000,0.000,0.000,0.058,0.037,0.062,0.000,1.000,0.000,5.000,5.000,0.105,32.012,5.000,99.0,47.0,-0.05128205195069313,0.0
215.224,12:16:33.434,524.592,0.230,120.845,0.000,0.000,0.000,0.058,0.037,0.062,0.000,1.000,0.000,5.000,5.000,0.105,32.012,5.000,99.0,47.0,-0.05128205195069313,0.0
215.335,12:16:33.545,524.569,0.232,121.488,0.000,0.000,0.000,0.057,0.036,0.059,0.000,1.000,0.000,5.000,5.000,0.105,32.003,5.000,99.0,47.0,-0.05128205195069313,0.0
215.448,12:16:33.658,524.569,0.232,121.488,0.000,0.000,0.000,0.057,0.036,0.059,0.000,1.000,0.000,5.000,5.000,0.105,32.003,5.000,99.0,47.0,-0.05128205195069313,0.0
215.560,12:16:33.769,524.569,0.232,121.488,0.000,0.000,0.000,0.057,0.036,0.059,0.000,1.000,0.000,5.000,5.000,0.105,32.003,5.000,99.0,47.0,-0.05128205195069313,0.0
215.672,12:16:33.882,524.569,0.232,121.488,0.000,0.000,0.000,0.057,0.036,0.059,0.000,1.000,0.000,5.000,5.000,0.105,32.003,5.000,99.0,47.0,-0.05128205195069313,0.0
215.784,12:16:34.186,524.579,0.236,123.973,0.000,0.000,0.000,0.061,0.036,0.064,0.000,1.000,0.000,5.000,5.000,0.105,32.004,5.000,99.0,47.0,0.05128205195069313,0.0
216.089,12:16:34.298,524.579,0.236,123.973,0.000,0.000,0.000,0.061,0.036,0.064,0.000,1.000,0.000,5.000,5.000,0.105,32.004,5.000,99.0,47.0,0.05128205195069313,0.0
216.200,12:16:34.410,524.554,0.231,121.367,0.000,0.000,0.000,0.061,0.035,0.064,0.000,1.000,0.000,5.000,5.000,0.105,31.999,5.000,99.0,47.0,0.05128205195069313,0.0
216.311,12:16:34.520,524.554,0.231,121.367,0.000,0.000,0.000,0.061,0.035,0.064,0.000,1.000,0.000,5.000,5.000,0.105,31.999,5.000,99.0,47.0,0.05128205195069313,0.0
216.423,12:16:34.633,524.554,0.231,121.367,0.000,0.000,0.000,0.061,0.035,0.064,0.000,1.000,0.000,5.000,5.000,0.105,31.999,5.000,99.0,47.0,0.05128205195069313,0.0
216.536,12:16:34.745,524.531,0.232,121.734,0.000,0.000,0.000,0.057,0.036,0.064,0.000,1.000,0.000,5.000,5.000,0.105,31.986,5.000,99.0,47.0,0.05128205195069313,0.0
216.647,12:16:34.857,524.531,0.232,121.734,0.000,0.000,0.000,0.057,0.036,0.064,0.000,1.000,0.000,5.000,5.000,0.105,31.986,5.000,99.0,47.0,0.05128205195069313,0.0
216.759,12:16:34.969,524.531,0.232,121.734,0.000,0.000,0.000,0.057,0.036,0.064,0.000,1.000,0.000,5.000,5.000,0.105,31.986,5.000,99.0,47.0,0.05128205195069313,0.0
216.871,12:16:35.272,524.531,0.232,121.734,0.000,0.000,0.000,0.057,0.036,0.064,0.000,1.000,0.000,5.000,5.000,0.105,31.986,5.000,99.0,47.0,0.0,0.0
217.174,12:16:35.384,524.539,0.236,123.833,0.000,0.000,0.000,0.056,0.035,0.061,0.000,1.000,0.000,5.000,5.000,0.105,31.981,5.000,99.0,47.0,0.0,0.0
217.287,12:16:35.497,524.539,0.236,123.833,0.000,0.000,0.000,0.056,0.035,0.061,0.000,1.000,0.000,5.000,5.000,0.105,31.981,5.000,99.0,47.0,0.0,0.0
217.400,12:16:35.609,524.479,0.234,122.586,0.000,0.000,0.000,0.056,0.035,0.056,0.000,1.000,0.000,5.000,5.000,0.105,31.983,5.000,99.0,47.0,0.0,0.0
217.510,12:16:35.720,524.479,0.234,122.586,0.000,0.000,0.000,0.056,0.035,0.056,0.000,1.000,0.000,5.000,5.000,0.105,31.983,5.000,99.0,47.0,0.0,0.0
217.623,12:16:35.833,524.479,0.234,122.586,0.000,0.000,0.000,0.056,0.035,0.056,0.000,1.000,0.000,5.000,5.000,0.105,31.983,5.000,99.0,47.0,0.0,0.0
217.735,12:16:35.944,524.479,0.234,122.586,0.000,0.000,0.000,0.056,0.035,0.056,0.000,1.000,0.000,5.000,5.000,0.105,31.983,5.000,99.0,47.0,0.0,0.0
217.847,12:16:36.056,524.480,0.231,121.262,0.000,0.000,0.000,0.058,0.038,0.062,0.000,1.000,0.000,5.000,5.000,0.105,31.977,5.000,99.0,47.0,0.0,0.0
217.958,12:16:36.359,524.480,0.231,121.262,0.000,0.000,0.000,0.058,0.038,0.062,0.000,1.000,0.000,5.000,5.000,0.105,31.977,5.000,99.0,47.0,0.0,0.05128205195069313
218.262,12:16:36.471,524.472,0.228,119.707,0.000,0.000,0.000,0.055,0.033,0.056,0.000,1.000,0.000,5.000,5.000,0.105,31.973,5.000,99.0,47.0,0.0,0.05128205195069313
218.374,12:16:36.584,524.472,0.228,119.707,0.000,0.000,0.000,0.055,0.033,0.056,0.000,1.000,0.000,5.000,5.000,0.105,31.973,5.000,99.0,47.0,0.0,0.05128205195069313
218.487,12:16:36.696,524.472,0.228,119.707,0.000,0.000,0.000,0.055,0.033,0.056,0.000,1.000,0.000,5.000,5.000,0.105,31.973,5.000,99.0,47.0,0.0,0.05128205195069313
218.598,12:16:36.807,524.442,0.235,123.194,0.000,0.000,0.000,0.066,0.039,0.068,0.000,1.000,0.000,5.000,5.000,0.105,31.966,5.000,99.0,47.0,0.0,0.05128205195069313
218.709,12:16:36.919,524.442,0.235,123.194,0.000,0.000,0.000,0.066,0.039,0.068,0.000,1.000,0.000,5.000,5.000,0.105,31.966,5.000,99.0,47.0,0.0,0.05128205195069313
218.822,12:16:37.031,524.442,0.235,123.194,0.000,0.000,0.000,0.066,0.039,0.068,0.000,1.000,0.000,5.000,5.000,0.105,31.966,5.000,99.0,47.0,0.0,0.05128205195069313
218.934,12:16:37.144,524.442,0.235,123.194,0.000,0.000,0.000,0.066,0.039,0.068,0.000,1.000,0.000,5.000,5.000,0.105,31.966,5.000,99.0,47.0,0.0,0.05128205195069313
219.046,12:16:37.447,524.490,0.233,122.301,0.000,0.000,0.000,0.058,0.036,0.058,0.000,1.000,0.000,5.000,5.000,0.105,31.972,5.000,99.0,47.0,0.0,-0.05128205195069313
219.350,12:16:37.560,524.490,0.233,122.301,0.000,0.000,0.000,0.058,0.036,0.058,0.000,1.000,0.000,5.000,5.000,0.105,31.972,5.000,99.0,47.0,0.0,-0.05128205195069313
219.461,12:16:37.670,524.410,0.230,120.715,0.000,0.000,0.000,0.062,0.036,0.061,0.000,1.000,0.000,5.000,5.000,0.105,31.962,5.000,99.0,47.0,0.0,-0.05128205195069313
219.574,12:16:37.784,524.410,0.230,120.715,0.000,0.000,0.000,0.062,0.036,0.061,0.000,1.000,0.000,5.000,5.000,0.105,31.962,5.000,99.0,47.0,0.0,-0.05128205195069313
219.686,12:16:37.896,524.410,0.230,120.715,0.000,0.000,0.000,0.062,0.036,0.061,0.000,1.000,0.000,5.000,5.000,0.105,31.962,5.000,99.0,47.0,0.0,-0.05128205195069313
219.798,12:16:38.007,524.409,0.235,123.038,0.000,0.000,0.000,0.064,0.045,0.071,0.000,1.000,0.000,5.000,5.000,0.105,31.961,5.000,99.0,47.0,0.0,-0.05128205195069313
219.909,12:16:38.118,524.409,0.235,123.038,0.000,0.000,0.000,0.064,0.045,0.071,0.000,1.000,0.000,5.000,5.000,0.105,31.961,5.000,99.0,47.0,0.0,-0.05128205195069313
220.020,12:16:38.230,524.409,0.235,123.038,0.000,0.000,0.000,0.064,0.045,0.071,0.000,1.000,0.000,5.000,5.000,0.105,31.961,5.000,99.0,47.0,0.0,-0.05128205195069313
220.133,12:16:38.534,524.409,0.235,123.038,0.000,0.000,0.000,0.064,0.045,0.071,0.000,1.000,0.000,5.000,5.000,0.105,31.961,5.000,99.0,47.0,-0.05128205195069313,-0.05128205195069313
220.437,12:16:38.647,524.418,0.233,122.328,0.000,0.000,0.000,0.060,0.037,0.061,0.000,1.000,0.000,5.000,5.000,0.105,31.960,5.000,99.0,47.0,-0.05128205195069313,-0.05128205195069313
220.549,12:16:38.759,524.418,0.233,122.328,0.000,0.000,0.000,0.060,0.037,0.061,0.000,1.000,0.000,5.000,5.000,0.105,31.960,5.000,99.0,47.0,-0.05128205195069313,-0.05128205195069313
220.660,12:16:38.870,524.391,0.234,122.522,0.000,0.000,0.000,0.060,0.038,0.065,0.000,1.000,0.000,5.000,5.000,0.105,31.954,5.000,99.0,47.0,-0.05128205195069313,-0.05128205195069313
220.773,12:16:38.982,524.391,0.234,122.522,0.000,0.000,0.000,0.060,0.038,0.065,0.000,1.000,0.000,5.000,5.000,0.105,31.954,5.000,99.0,47.0,-0.05128205195069313,-0.05128205195069313
220.885,12:16:39.094,524.391,0.234,122.522,0.000,0.000,0.000,0.060,0.038,0.065,0.000,1.000,0.000,5.000,5.000,0.105,31.954,5.000,99.0,47.0,-0.05128205195069313,-0.05128205195069313
220.996,12:16:39.206,524.407,0.235,123.243,0.000,0.000,0.000,0.061,0.044,0.068,0.000,1.000,0.000,5.000,5.000,0.105,31.938,5.000,99.0,47.0,-0.05128205195069313,-0.05128205195069313
221.108,12:16:39.318,524.407,0.235,123.243,0.000,0.000,0.000,0.061,0.044,0.068,0.000,1.000,0.000,5.000,5.000,0.105,31.938,5.000,99.0,47.0,-0.05128205195069313,-0.05128205195069313
221.221,12:16:39.622,524.407,0.235,123.243,0.000,0.000,0.000,0.061,0.044,0.068,0.000,1.000,0.000,5.000,5.000,0.105,31.938,5.000,99.0,47.0,0.05128205195069313,0.0
221.525,12:16:39.734,524.388,0.232,121.731,0.000,0.000,0.000,0.065,0.040,0.069,0.000,1.000,0.000,5.000,5.000,0.105,31.942,5.000,99.0,47.0,0.05128205195069313,0.0
221.637,12:16:39.846,524.388,0.232,121.731,0.000,0.000,0.000,0.065,0.040,0.069,0.000,1.000,0.000,5.000,5.000,0.105,31.942,5.000,99.0,47.0,0.05128205195069313,0.0
221.747,12:16:39.957,524.388,0.232,121.731,0.000,0.000,0.000,0.065,0.040,0.069,0.000,1.000,0.000,5.000,5.000,0.105,31.942,5.000,99.0,47.0,0.05128205195069313,0.0
221.859,12:16:40.069,524.396,0.234,122.932,0.000,0.000,0.000,0.060,0.040,0.065,0.000,1.000,0.000,5.000,5.000,0.105,31.933,5.000,99.0,47.0,0.05128205195069313,0.0
221.972,12:16:40.182,524.396,0.234,122.932,0.000,0.000,0.000,0.060,0.040,0.065,0.000,1.000,0.000,5.000,5.000,0.105,31.933,5.000,99.0,47.0,0.05128205195069313,0.0
222.083,12:16:40.293,524.396,0.234,122.932,0.000,0.000,0.000,0.060,0.040,0.065,0.000,1.000,0.000,5.000,5.000,0.105,31.933,5.000,99.0,47.0,0.05128205195069313,0.0
222.196,12:16:40.405,524.396,0.234,122.932,0.000,0.000,0.000,0.060,0.040,0.065,0.000,1.000,0.000,5.000,5.000,0.105,31.933,5.000,99.0,47.0,0.05128205195069313,0.0
222.307,12:16:40.709,524.412,0.238,124.702,0.000,0.000,0.000,0.062,0.041,0.067,0.000,1.000,0.000,5.000,5.000,0.105,31.928,5.000,99.0,47.0,-0.05128205195069313,-0.05128205195069313
222.612,12:16:40.822,524.412,0.238,124.702,0.000,0.000,0.000,0.062,0.041,0.067,0.000,1.000,0.000,5.000,5.000,0.105,31.928,5.000,99.0,47.0,-0.05128205195069313,-0.05128205195069313
222.724,12:16:40.933,524.392,0.234,122.589,0.000,0.000,0.000,0.059,0.043,0.061,0.000,1.000,0.000,5.000,5.000,0.105,31.916,5.000,99.0,47.0,-0.05128205195069313,-0.05128205195069313
222.836,12:16:41.046,524.392,0.234,122.589,0.000,0.000,0.000,0.059,0.043,0.061,0.000,1.000,0.000,5.000,5.000,0.105,31.916,5.000,99.0,47.0,-0.05128205195069313,-0.05128205195069313
222.947,12:16:41.157,524.392,0.234,122.589,0.000,0.000,0.000,0.059,0.043,0.061,0.000,1.000,0.000,5.000,5.000,0.105,31.916,5.000,99.0,47.0,-0.05128205195069313,-0.05128205195069313
223.059,12:16:41.269,524.398,0.234,122.910,0.000,0.000,0.000,0.058,0.042,0.064,0.000,1.000,0.000,5.000,5.000,0.105,31.922,5.000,99.0,47.0,-0.05128205195069313,-0.05128205195069313
223.171,12:16:41.381,524.398,0.234,122.910,0.000,0.000,0.000,0.058,0.042,0.064,0.000,1.000,0.000,5.000,5.000,0.105,31.922,5.000,99.0,47.0,-0.05128205195069313,-0.05128205195069313
223.283,12:16:41.493,524.398,0.234,122.910,0.000,0.000,0.000,0.058,0.042,0.064,0.000,1.000,0.000,5.000,5.000,0.105,31.922,5.000,99.0,47.0,-0.05128205195069313,-0.05128205195069313
223.396,12:16:41.797,524.398,0.234,122.910,0.000,0.000,0.000,0.058,0.042,0.064,0.000,1.000,0.000,5.000,5.000,0.105,31.922,5.000,99.0,47.0,-0.05128205195069313,0.0
223.699,12:16:41.908,524.384,0.235,123.291,0.000,0.000,0.000,0.059,0.038,0.062,0.000,1.000,0.000,5.000,5.000,0.105,31.907,5.000,99.0,47.0,-0.05128205195069313,0.0
223.811,12:16:42.021,524.384,0.235,123.291,0.000,0.000,0.000,0.059,0.038,0.062,0.000,1.000,0.000,5.000,5.000,0.105,31.907,5.000,99.0,47.0,-0.05128205195069313,0.0
223.922,12:16:42.132,524.381,0.239,125.116,0.000,0.000,0.000,0.057,0.041,0.062,0.000,1.000,0.000,5.000,5.000,0.105,31.909,5.000,99.0,47.0,-0.05128205195069313,0.0
224.035,12:16:42.244,524.381,0.239,125.116,0.000,0.000,0.000,0.057,0.041,0.062,0.000,1.000,0.000,5.000,5.000,0.105,31.909,5.000,99.0,47.0,-0.05128205195069313,0.0
224.147,12:16:42.356,524.381,0.239,125.116,0.000,0.000,0.000,0.057,0.041,0.062,0.000,1.000,0.000,5.000,5.000,0.105,31.909,5.000,99.0,47.0,-0.05128205195069313,0.0
224.258,12:16:42.468,524.377,0.235,123.228,0.000,0.000,0.000,0.057,0.039,0.062,0.000,1.000,0.000,5.000,5.000,0.105,31.907,5.000,99.0,47.0,-0.05128205195069313,0.0
224.371,12:16:42.581,524.377,0.235,123.228,0.000,0.000,0.000,0.057,0.039,0.062,0.000,1.000,0.000,5.000,5.000,0.105,31.907,5.000,99.0,47.0,-0.05128205195069313,0.0
224.483,12:16:42.899,524.377,0.235,123.228,0.000,0.000,0.000,0.057,0.039,0.062,0.000,1.000,0.000,5.000,5.000,0.105,31.907,5.000,99.0,47.0,-0.05128205195069313,0.0
224.802,12:16:43.012,524.372,0.234,122.760,0.000,0.000,0.000,0.058,0.038,0.061,0.000,1.000,0.000,5.000,5.000,0.105,31.904,5.000,99.0,47.0,-0.05128205195069313,0.0
224.915,12:16:43.124,524.372,0.234,122.760,0.000,0.000,0.000,0.058,0.038,0.061,0.000,1.000,0.000,5.000,5.000,0.105,31.904,5.000,99.0,47.0,-0.05128205195069313,0.0
225.026,12:16:43.236,524.372,0.234,122.760,0.000,0.000,0.000,0.058,0.038,0.061,0.000,1.000,0.000,5.000,5.000,0.105,31.904,5.000,99.0,47.0,-0.05128205195069313,0.0
225.138,12:16:43.348,524.371,0.236,123.880,0.000,0.000,0.000,0.059,0.039,0.062,0.000,1.000,0.000,5.000,5.000,0.105,31.897,5.000,99.0,47.0,-0.05128205195069313,0.0
225.250,12:16:43.460,524.371,0.236,123.880,0.000,0.000,0.000,0.059,0.039,0.062,0.000,1.000,0.000,5.000,5.000,0.105,31.897,5.000,99.0,47.0,-0.05128205195069313,0.0
225.362,12:16:43.572,524.371,0.236,123.880,0.000,0.000,0.000,0.059,0.039,0.062,0.000,1.000,0.000,5.000,5.000,0.105,31.897,5.000,99.0,47.0,-0.05128205195069313,0.0
225.474,12:16:43.683,524.367,0.234,122.729,0.000,0.000,0.000,0.056,0.039,0.061,0.000,1.000,0.000,5.000,5.000,0.105,31.892,5.000,99.0,47.0,-0.05128205195069313,0.0
225.585,12:16:43.987,524.367,0.234,122.729,0.000,0.000,0.000,0.056,0.039,0.061,0.000,1.000,0.000,5.000,5.000,0.105,31.892,5.000,99.0,47.0,-0.05128205195069313,0.0
225.889,12:16:44.099,524.375,0.232,121.841,0.000,0.000,0.000,0.064,0.038,0.069,0.000,1.000,0.000,5.000,5.000,0.105,31.888,5.000,99.0,47.0,-0.05128205195069313,0.0
226.001,12:16:44.211,524.375,0.232,121.841,0.000,0.000,0.000,0.064,0.038,0.069,0.000,1.000,0.000,5.000,5.000,0.105,31.888,5.000,99.0,47.0,-0.05128205195069313,0.0
226.114,12:16:44.323,524.375,0.232,121.841,0.000,0.000,0.000,0.064,0.038,0.069,0.000,1.000,0.000,5.000,5.000,0.105,31.888,5.000,99.0,47.0,-0.05128205195069313,0.0
226.225,12:16:44.434,524.375,0.232,121.841,0.000,0.000,0.000,0.064,0.038,0.069,0.000,1.000,0.000,5.000,5.000,0.105,31.888,5.000,99.0,47.0,-0.05128205195069313,0.0
226.337,12:16:44.546,524.371,0.238,124.710,0.000,0.000,0.000,0.059,0.037,0.062,0.000,1.000,0.000,5.000,5.000,0.105,31.892,5.000,99.0,47.0,-0.05128205195069313,0.0
226.450,12:16:44.659,524.371,0.238,124.710,0.000,0.000,0.000,0.059,0.037,0.062,0.000,1.000,0.000,5.000,5.000,0.105,31.892,5.000,99.0,47.0,-0.05128205195069313,0.0
226.561,12:16:44.770,524.371,0.238,124.710,0.000,0.000,0.000,0.059,0.037,0.062,0.000,1.000,0.000,5.000,5.000,0.105,31.892,5.000,99.0,47.0,-0.05128205195069313,0.0
226.689,12:16:45.090,524.367,0.233,122.430,0.000,0.000,0.000,0.059,0.036,0.061,0.000,1.000,0.000,5.000,5.000,0.105,31.885,5.000,99.0,47.0,-0.05128205195069313,0.0
226.993,12:16:45.202,524.367,0.233,122.430,0.000,0.000,0.000,0.059,0.036,0.061,0.000,1.000,0.000,5.000,5.000,0.105,31.885,5.000,99.0,47.0,-0.05128205195069313,0.0
227.104,12:16:45.314,524.357,0.238,124.602,0.000,0.000,0.000,0.059,0.043,0.065,0.000,1.000,0.000,5.000,5.000,0.105,31.873,5.000,99.0,47.0,-0.05128205195069313,0.0
227.217,12:16:45.426,524.357,0.238,124.602,0.000,0.000,0.000,0.059,0.043,0.065,0.000,1.000,0.000,5.000,5.000,0.105,31.873,5.000,99.0,47.0,-0.05128205195069313,0.0
227.329,12:16:45.538,524.357,0.238,124.602,0.000,0.000,0.000,0.059,0.043,0.065,0.000,1.000,0.000,5.000,5.000,0.105,31.873,5.000,99.0,47.0,-0.05128205195069313,0.0
227.440,12:16:45.650,524.357,0.238,124.602,0.000,0.000,0.000,0.059,0.043,0.065,0.000,1.000,0.000,5.000,5.000,0.105,31.873,5.000,99.0,47.0,-0.05128205195069313,0.0
227.552,12:16:45.762,524.366,0.238,124.864,0.000,0.000,0.000,0.057,0.041,0.060,0.000,1.000,0.000,5.000,5.000,0.105,31.871,5.000,99.0,47.0,-0.05128205195069313,0.0
227.664,12:16:45.873,524.366,0.238,124.864,0.000,0.000,0.000,0.057,0.041,0.060,0.000,1.000,0.000,5.000,5.000,0.105,31.871,5.000,99.0,47.0,-0.05128205195069313,0.0
227.776,12:16:46.193,524.366,0.238,124.864,0.000,0.000,0.000,0.057,0.041,0.060,0.000,1.000,0.000,5.000,5.000,0.105,31.871,5.000,99.0,47.0,0.0,0.0
228.095,12:16:46.305,524.367,0.236,123.918,0.000,0.000,0.000,0.067,0.038,0.076,0.000,1.000,0.000,5.000,5.000,0.105,31.862,5.000,99.0,47.0,0.0,0.0
228.209,12:16:46.418,524.367,0.236,123.918,0.000,0.000,0.000,0.067,0.038,0.076,0.000,1.000,0.000,5.000,5.000,0.105,31.862,5.000,99.0,47.0,0.0,0.0
228.319,12:16:46.529,524.371,0.235,123.231,0.000,0.000,0.000,0.058,0.037,0.064,0.000,1.000,0.000,5.000,5.000,0.105,31.852,5.000,99.0,47.0,0.0,0.0
228.431,12:16:46.641,524.371,0.235,123.231,0.000,0.000,0.000,0.058,0.037,0.064,0.000,1.000,0.000,5.000,5.000,0.105,31.852,5.000,99.0,47.0,0.0,0.0
228.543,12:16:46.753,524.371,0.235,123.231,0.000,0.000,0.000,0.058,0.037,0.064,0.000,1.000,0.000,5.000,5.000,0.105,31.852,5.000,99.0,47.0,0.0,0.0
228.656,12:16:46.865,524.371,0.235,123.231,0.000,0.000,0.000,0.058,0.037,0.064,0.000,1.000,0.000,5.000,5.000,0.105,31.852,5.000,99.0,47.0,0.0,0.0
228.767,12:16:46.977,524.366,0.234,122.742,0.000,0.000,0.000,0.061,0.038,0.064,0.000,1.000,0.000,5.000,5.000,0.105,31.859,5.000,99.0,47.0,0.0,0.0
228.879,12:16:47.281,524.366,0.234,122.742,0.000,0.000,0.000,0.061,0.038,0.064,0.000,1.000,0.000,5.000,5.000,0.105,31.859,5.000,99.0,47.0,-0.10256410390138626,-0.05128205195069313
229.184,12:16:47.393,524.367,0.234,122.963,0.000,0.000,0.000,0.058,0.036,0.059,0.000,1.000,0.000,5.000,5.000,0.105,31.849,5.000,99.0,47.0,-0.10256410390138626,-0.05128205195069313
229.296,12:16:47.505,524.367,0.234,122.963,0.000,0.000,0.000,0.058,0.036,0.059,0.000,1.000,0.000,5.000,5.000,0.105,31.849,5.000,99.0,47.0,-0.10256410390138626,-0.05128205195069313
229.408,12:16:47.617,524.367,0.234,122.963,0.000,0.000,0.000,0.058,0.036,0.059,0.000,1.000,0.000,5.000,5.000,0.105,31.849,5.000,99.0,47.0,-0.10256410390138626,-0.05128205195069313
229.520,12:16:47.729,524.372,0.235,123.258,0.000,0.000,0.000,0.058,0.034,0.060,0.000,1.000,0.000,5.000,5.000,0.105,31.852,5.000,99.0,47.0,-0.10256410390138626,-0.05128205195069313
229.631,12:16:47.841,524.372,0.235,123.258,0.000,0.000,0.000,0.058,0.034,0.060,0.000,1.000,0.000,5.000,5.000,0.105,31.852,5.000,99.0,47.0,-0.10256410390138626,-0.05128205195069313
229.744,12:16:47.953,524.372,0.235,123.258,0.000,0.000,0.000,0.058,0.034,0.060,0.000,1.000,0.000,5.000,5.000,0.105,31.852,5.000,99.0,47.0,-0.10256410390138626,-0.05128205195069313
229.854,12:16:48.064,524.372,0.235,123.258,0.000,0.000,0.000,0.058,0.034,0.060,0.000,1.000,0.000,5.000,5.000,0.105,31.852,5.000,99.0,47.0,-0.10256410390138626,-0.05128205195069313
229.968,12:16:48.368,524.371,0.237,124.045,0.000,0.000,0.000,0.060,0.035,0.061,0.000,1.000,0.000,5.000,5.000,0.105,31.841,5.000,99.0,47.0,0.0,0.0
230.270,12:16:48.480,524.371,0.237,124.045,0.000,0.000,0.000,0.060,0.035,0.061,0.000,1.000,0.000,5.000,5.000,0.105,31.841,5.000,99.0,47.0,0.0,0.0
230.382,12:16:48.592,524.365,0.235,123.454,0.000,0.000,0.000,0.059,0.036,0.064,0.000,1.000,0.000,5.000,5.000,0.105,31.844,5.000,99.0,47.0,0.0,0.0
230.495,12:16:48.704,524.365,0.235,123.454,0.000,0.000,0.000,0.059,0.036,0.064,0.000,1.000,0.000,5.000,5.000,0.105,31.844,5.000,99.0,47.0,0.0,0.0
230.606,12:16:48.816,524.365,0.235,123.454,0.000,0.000,0.000,0.059,0.036,0.064,0.000,1.000,0.000,5.000,5.000,0.105,31.844,5.000,99.0,47.0,0.0,0.0
230.719,12:16:48.928,524.365,0.235,123.454,0.000,0.000,0.000,0.059,0.036,0.064,0.000,1.000,0.000,5.000,5.000,0.105,31.844,5.000,99.0,47.0,0.0,0.0
230.831,12:16:49.040,524.372,0.237,124.496,0.000,0.000,0.000,0.053,0.039,0.057,0.000,1.000,0.000,5.000,5.000,0.105,31.841,5.000,99.0,47.0,0.0,0.0
230.943,12:16:49.152,524.372,0.237,124.496,0.000,0.000,0.000,0.053,0.039,0.057,0.000,1.000,0.000,5.000,5.000,0.105,31.841,5.000,99.0,47.0,0.0,0.0
231.054,12:16:49.455,524.372,0.237,124.496,0.000,0.000,0.000,0.053,0.039,0.057,0.000,1.000,0.000,5.000,5.000,0.105,31.841,5.000,99.0,47.0,-0.05128205195069313,0.0
231.358,12:16:49.567,524.365,0.237,124.312,0.000,0.000,0.000,0.053,0.035,0.059,0.000,1.000,0.000,5.000,5.000,0.105,31.828,5.000,99.0,47.0,-0.05128205195069313,0.0
231.469,12:16:49.679,524.365,0.237,124.312,0.000,0.000,0.000,0.053,0.035,0.059,0.000,1.000,0.000,5.000,5.000,0.105,31.828,5.000,99.0,47.0,-0.05128205195069313,0.0
231.581,12:16:49.791,524.369,0.235,123.086,0.000,0.000,0.000,0.059,0.035,0.063,0.000,1.000,0.000,5.000,5.000,0.105,31.835,5.000,99.0,47.0,-0.05128205195069313,0.0
231.693,12:16:49.903,524.369,0.235,123.086,0.000,0.000,0.000,0.059,0.035,0.063,0.000,1.000,0.000,5.000,5.000,0.105,31.835,5.000,99.0,47.0,-0.05128205195069313,0.0
231.805,12:16:50.015,524.369,0.235,123.086,0.000,0.000,0.000,0.059,0.035,0.063,0.000,1.000,0.000,5.000,5.000,0.105,31.835,5.000,99.0,47.0,-0.05128205195069313,0.0
231.917,12:16:50.127,524.369,0.235,123.086,0.000,0.000,0.000,0.059,0.035,0.063,0.000,1.000,0.000,5.000,5.000,0.105,31.835,5.000,99.0,47.0,-0.05128205195069313,0.0
232.029,12:16:50.239,524.365,0.236,123.863,0.000,0.000,0.000,0.057,0.038,0.060,0.000,1.000,0.000,5.000,5.000,0.105,31.828,5.000,99.0,47.0,-0.05128205195069313,0.0
232.141,12:16:50.559,524.365,0.236,123.863,0.000,0.000,0.000,0.057,0.038,0.060,0.000,1.000,0.000,5.000,5.000,0.105,31.828,5.000,99.0,47.0,-0.05128205195069313,0.0
232.461,12:16:50.671,524.368,0.233,122.073,0.000,0.000,0.000,0.063,0.038,0.069,0.000,1.000,0.000,5.000,5.000,0.105,31.824,5.000,99.0,47.0,-0.05128205195069313,0.0
232.574,12:16:50.784,524.368,0.233,122.073,0.000,0.000,0.000,0.063,0.038,0.069,0.000,1.000,0.000,5.000,5.000,0.105,31.824,5.000,99.0,47.0,-0.05128205195069313,0.0
232.685,12:16:50.894,524.368,0.233,122.073,0.000,0.000,0.000,0.063,0.038,0.069,0.000,1.000,0.000,5.000,5.000,0.105,31.824,5.000,99.0,47.0,-0.05128205195069313,0.0
232.796,12:16:51.006,524.366,0.235,123.183,0.000,0.000,0.000,0.058,0.035,0.061,0.000,1.000,0.000,5.000,5.000,0.105,31.815,5.000,99.0,47.0,-0.05128205195069313,0.0
232.910,12:16:51.119,524.366,0.235,123.183,0.000,0.000,0.000,0.058,0.035,0.061,0.000,1.000,0.000,5.000,5.000,0.105,31.815,5.000,99.0,47.0,-0.05128205195069313,0.0
233.020,12:16:51.230,524.366,0.235,123.183,0.000,0.000,0.000,0.058,0.035,0.061,0.000,1.000,0.000,5.000,5.000,0.105,31.815,5.000,99.0,47.0,-0.05128205195069313,0.0
233.133,12:16:51.342,524.366,0.235,123.183,0.000,0.000,0.000,0.058,0.035,0.061,0.000,1.000,0.000,5.000,5.000,0.105,31.815,5.000,99.0,47.0,-0.05128205195069313,0.0
233.246,12:16:51.645,524.339,0.235,122.973,0.000,0.000,0.000,0.061,0.036,0.061,0.000,1.000,0.000,5.000,5.000,0.105,31.813,5.000,99.0,47.0,-0.05128205195069313,0.0
233.549,12:16:51.758,524.339,0.235,122.973,0.000,0.000,0.000,0.061,0.036,0.061,0.000,1.000,0.000,5.000,5.000,0.105,31.813,5.000,99.0,47.0,-0.05128205195069313,0.0
233.661,12:16:51.870,524.344,0.235,123.240,0.000,0.000,0.000,0.055,0.037,0.058,0.000,1.000,0.000,5.000,5.000,0.105,31.806,5.000,99.0,47.0,-0.05128205195069313,0.0
233.773,12:16:51.982,524.344,0.235,123.240,0.000,0.000,0.000,0.055,0.037,0.058,0.000,1.000,0.000,5.000,5.000,0.105,31.806,5.000,99.0,47.0,-0.05128205195069313,0.0
233.885,12:16:52.095,524.344,0.235,123.240,0.000,0.000,0.000,0.055,0.037,0.058,0.000,1.000,0.000,5.000,5.000,0.105,31.806,5.000,99.0,47.0,-0.05128205195069313,0.0
233.997,12:16:52.207,524.356,0.236,123.836,0.000,0.000,0.000,0.061,0.037,0.066,0.000,1.000,0.000,5.000,5.000,0.105,31.817,5.000,99.0,47.0,-0.05128205195069313,0.0
234.108,12:16:52.318,524.356,0.236,123.836,0.000,0.000,0.000,0.061,0.037,0.066,0.000,1.000,0.000,5.000,5.000,0.105,31.817,5.000,99.0,47.0,-0.05128205195069313,0.0
234.219,12:16:52.429,524.356,0.236,123.836,0.000,0.000,0.000,0.061,0.037,0.066,0.000,1.000,0.000,5.000,5.000,0.105,31.817,5.000,99.0,47.0,-0.05128205195069313,0.0
