t_s,clock,VDC,IDC,PDC,VG_A,VG_B,VG_C,IINV_A,IINV_B,IINV_C,STS,MODE,FAULT_FLAGS,FREQ,SET_FREQ,MOD_IDX,TEMP,STOP_REASON,FAULT_UV_CNT,FAULT_OC_CNT,IU_INST,IW_INST
0.110,13:07:16.725,533.759,0.761,406.388,0.000,0.000,0.000,0.000,0.000,0.000,0.000,1.000,0.000,5.000,5.000,0.103,44.992,5.000,102.0,47.0,-0.05128205195069313,-0.05128205195069313
0.447,13:07:16.870,535.644,0.791,423.719,0.000,0.000,0.000,0.000,0.000,0.000,1.000,1.000,0.000,0.100,0.100,0.010,45.418,5.000,102.0,47.0,-0.05128205195069313,-0.05128205195069313
0.591,13:07:16.934,535.644,0.791,423.719,0.000,0.000,0.000,0.000,0.000,0.000,1.000,1.000,0.000,0.100,0.100,0.010,45.418,5.000,102.0,47.0,-0.05128205195069313,-0.05128205195069313
0.654,13:07:16.998,535.644,0.791,423.719,0.000,0.000,0.000,0.000,0.000,0.000,1.000,1.000,0.000,0.100,0.100,0.010,45.418,5.000,102.0,47.0,-0.05128205195069313,-0.05128205195069313
0.718,13:07:17.141,535.644,0.791,423.719,0.000,0.000,0.000,0.000,0.000,0.000,1.000,1.000,0.000,0.300,0.300,0.010,45.502,5.000,102.0,47.0,-0.05128205195069313,-0.05128205195069313
0.861,13:07:17.205,535.531,0.794,425.304,0.000,0.000,0.000,0.000,0.000,0.000,1.000,1.000,0.000,0.300,0.300,0.010,45.502,5.000,102.0,47.0,-0.05128205195069313,-0.05128205195069313
0.925,13:07:17.269,535.531,0.794,425.304,0.000,0.000,0.000,0.000,0.000,0.000,1.000,1.000,0.000,0.300,0.300,0.010,45.502,5.000,102.0,47.0,-0.05128205195069313,-0.05128205195069313
0.990,13:07:17.413,535.531,0.794,425.304,0.000,0.000,0.000,0.000,0.000,0.000,1.000,1.000,0.000,0.300,0.300,0.010,45.502,5.000,102.0,47.0,-0.05128205195069313,-0.05128205195069313
1.134,13:07:17.669,535.531,0.794,425.304,0.000,0.000,0.000,0.000,0.000,0.000,1.000,1.000,0.000,0.300,0.300,0.010,45.502,5.000,102.0,47.0,0.0,-0.05128205195069313
1.389,13:07:17.813,535.494,0.795,425.674,0.000,0.000,0.000,0.000,0.000,0.000,1.000,1.000,0.000,0.500,0.500,0.010,45.452,5.000,102.0,47.0,0.0,-0.05128205195069313
1.534,13:07:17.878,535.494,0.795,425.674,0.000,0.000,0.000,0.000,0.000,0.000,1.000,1.000,0.000,0.500,0.500,0.010,45.452,5.000,102.0,47.0,0.0,-0.05128205195069313
1.598,13:07:17.942,535.472,0.798,427.169,0.000,0.000,0.000,0.000,0.000,0.000,1.000,1.000,0.000,0.500,0.500,0.010,45.452,5.000,102.0,47.0,0.0,-0.05128205195069313
1.662,13:07:18.086,535.472,0.798,427.169,0.000,0.000,0.000,0.000,0.000,0.000,1.000,1.000,0.000,0.519,0.700,0.011,45.386,5.000,102.0,47.0,0.0,-0.05128205195069313
1.807,13:07:18.150,535.472,0.798,427.169,0.000,0.000,0.000,0.000,0.000,0.000,1.000,1.000,0.000,0.519,0.700,0.011,45.386,5.000,102.0,47.0,0.0,-0.05128205195069313
1.870,13:07:18.213,535.472,0.798,427.169,0.000,0.000,0.000,0.000,0.000,0.000,1.000,1.000,0.000,0.519,0.700,0.011,45.386,5.000,102.0,47.0,0.0,-0.05128205195069313
1.934,13:07:18.358,535.472,0.798,427.169,0.000,0.000,0.000,0.000,0.000,0.000,1.000,1.000,0.000,0.700,0.700,0.014,45.339,5.000,102.0,47.0,0.0,-0.05128205195069313
2.078,13:07:18.422,535.483,0.792,424.362,0.000,0.000,0.000,0.000,0.000,0.000,1.000,1.000,0.000,0.700,0.700,0.014,45.339,5.000,102.0,47.0,0.0,-0.05128205195069313
2.142,13:07:18.678,535.483,0.792,424.362,0.000,0.000,0.000,0.000,0.000,0.000,1.000,1.000,0.000,0.700,0.700,0.014,45.339,5.000,102.0,47.0,0.05128205195069313,0.0
2.398,13:07:18.821,535.429,0.792,423.870,0.000,0.000,0.000,0.000,0.000,0.000,1.000,1.000,0.000,0.900,0.900,0.018,45.293,5.000,102.0,47.0,0.05128205195069313,0.0
2.542,13:07:18.886,535.429,0.792,423.870,0.000,0.000,0.000,0.000,0.000,0.000,1.000,1.000,0.000,0.900,0.900,0.018,45.293,5.000,102.0,47.0,0.05128205195069313,0.0
2.606,13:07:18.950,535.429,0.792,423.870,0.000,0.000,0.000,0.000,0.000,0.000,1.000,1.000,0.000,0.900,0.900,0.018,45.293,5.000,102.0,47.0,0.05128205195069313,0.0
2.670,13:07:19.093,535.429,0.792,423.870,0.000,0.000,0.000,0.000,0.000,0.000,1.000,1.000,0.000,0.900,0.900,0.018,45.293,5.000,102.0,47.0,0.05128205195069313,0.0
3.165,13:07:19.781,535.424,0.798,427.146,0.000,0.000,0.000,0.000,0.000,0.000,1.000,1.000,1.000,1.299,1.300,0.027,45.192,5.000,102.0,47.0,1.4871795177459717,-0.20512820780277252
3.501,13:07:19.925,535.405,0.809,433.272,0.000,0.000,0.000,0.000,0.000,0.000,1.000,1.000,1.000,1.299,1.300,0.027,45.192,5.000,102.0,47.0,1.4871795177459717,-0.20512820780277252
3.645,13:07:19.989,535.317,0.841,450.268,0.000,0.000,0.000,0.000,0.000,0.000,1.000,1.000,1.000,1.299,1.300,0.027,45.192,5.000,102.0,47.0,1.4871795177459717,-0.20512820780277252
3.709,13:07:20.052,535.317,0.841,450.268,0.000,0.000,0.000,0.000,0.000,0.000,1.000,1.000,1.000,1.299,1.300,0.027,45.192,5.000,102.0,47.0,1.4871795177459717,-0.20512820780277252
3.773,13:07:20.196,535.317,0.841,450.268,0.000,0.000,0.000,0.000,0.000,0.000,1.000,1.000,1.000,1.318,1.500,0.027,45.133,5.000,102.0,47.0,1.4871795177459717,-0.20512820780277252
3.916,13:07:20.260,535.317,0.841,450.268,0.000,0.000,0.000,0.000,0.000,0.000,1.000,1.000,1.000,1.318,1.500,0.027,45.133,5.000,102.0,47.0,1.4871795177459717,-0.20512820780277252
3.981,13:07:20.324,535.232,0.877,469.262,0.000,0.000,0.000,0.000,0.000,0.000,1.000,1.000,1.000,1.318,1.500,0.027,45.133,5.000,102.0,47.0,1.4871795177459717,-0.20512820780277252
4.045,13:07:20.469,535.232,0.877,469.262,0.000,0.000,0.000,0.000,0.000,0.000,1.000,1.000,1.000,1.499,1.500,0.031,45.072,5.000,102.0,47.0,1.4871795177459717,-0.20512820780277252
4.189,13:07:20.724,535.232,0.877,469.262,0.000,0.000,0.000,0.000,0.000,0.000,1.000,1.000,1.000,1.499,1.500,0.031,45.072,5.000,102.0,47.0,2.8717949390411377,3.538461446762085
4.445,13:07:20.868,535.171,0.899,481.221,0.000,0.000,0.000,0.000,0.000,0.000,1.000,1.000,0.000,1.699,1.700,0.035,45.082,5.000,102.0,47.0,2.8717949390411377,3.538461446762085
4.588,13:07:20.931,535.171,0.899,481.221,0.000,0.000,0.000,0.000,0.000,0.000,1.000,1.000,0.000,1.699,1.700,0.035,45.082,5.000,102.0,47.0,2.8717949390411377,3.538461446762085
4.653,13:07:20.997,535.171,0.899,481.221,0.000,0.000,0.000,0.000,0.000,0.000,1.000,1.000,0.000,1.699,1.700,0.035,45.082,5.000,102.0,47.0,2.8717949390411377,3.538461446762085
4.717,13:07:21.140,535.171,0.899,481.221,0.000,0.000,0.000,0.000,0.000,0.000,1.000,1.000,0.000,1.699,1.700,0.035,45.082,5.000,102.0,47.0,2.8717949390411377,3.538461446762085
4.860,13:07:21.203,535.141,0.913,488.616,0.000,0.000,0.000,0.000,0.000,0.000,1.000,1.000,0.000,1.699,1.700,0.035,45.082,5.000,102.0,47.0,2.8717949390411377,3.538461446762085
4.924,13:07:21.267,535.141,0.913,488.616,0.000,0.000,0.000,0.000,0.000,0.000,1.000,1.000,0.000,1.699,1.700,0.035,45.082,5.000,102.0,47.0,2.8717949390411377,3.538461446762085
4.988,13:07:21.412,535.141,0.913,488.616,0.000,0.000,0.000,0.000,0.000,0.000,1.000,1.000,0.000,1.899,1.900,0.039,45.090,5.000,102.0,47.0,2.8717949390411377,3.538461446762085
5.132,13:07:21.475,535.141,0.913,488.616,0.000,0.000,0.000,0.000,0.000,0.000,1.000,1.000,0.000,1.899,1.900,0.039,45.090,5.000,102.0,47.0,2.8717949390411377,3.538461446762085
5.196,13:07:21.731,535.141,0.913,488.616,0.000,0.000,0.000,0.000,0.000,0.000,1.000,1.000,0.000,1.899,1.900,0.039,45.090,5.000,102.0,47.0,2.0,-4.256410121917725
5.453,13:07:21.875,535.085,0.925,494.835,0.000,0.000,0.000,0.000,0.000,0.000,1.000,1.000,1.000,2.099,2.100,0.043,45.050,5.000,102.0,47.0,2.0,-4.256410121917725
5.596,13:07:21.940,535.085,0.925,494.835,0.000,0.000,0.000,0.000,0.000,0.000,1.000,1.000,1.000,2.099,2.100,0.043,45.050,5.000,102.0,47.0,2.0,-4.256410121917725
5.660,13:07:22.003,535.120,0.927,495.960,0.000,0.000,0.000,0.000,0.000,0.000,1.000,1.000,1.000,2.099,2.100,0.043,45.050,5.000,102.0,47.0,2.0,-4.256410121917725
5.723,13:07:22.148,535.120,0.927,495.960,0.000,0.000,0.000,0.000,0.000,0.000,1.000,1.000,1.000,2.119,2.300,0.044,45.050,5.000,102.0,47.0,2.0,-4.256410121917725
5.867,13:07:22.211,535.120,0.927,495.960,0.000,0.000,0.000,0.000,0.000,0.000,1.000,1.000,1.000,2.119,2.300,0.044,45.050,5.000,102.0,47.0,2.0,-4.256410121917725
5.931,13:07:22.275,535.120,0.927,495.960,0.000,0.000,0.000,0.000,0.000,0.000,1.000,1.000,1.000,2.119,2.300,0.044,45.050,5.000,102.0,47.0,2.0,-4.256410121917725
5.996,13:07:22.420,535.120,0.927,495.960,0.000,0.000,0.000,0.000,0.000,0.000,1.000,1.000,1.000,2.299,2.300,0.047,45.055,5.000,102.0,47.0,2.0,-4.256410121917725
6.139,13:07:22.483,535.050,0.962,514.621,0.000,0.000,0.000,0.000,0.000,0.000,1.000,1.000,1.000,2.299,2.300,0.047,45.055,5.000,102.0,47.0,2.0,-4.256410121917725
6.204,13:07:22.738,535.050,0.962,514.621,0.000,0.000,0.000,0.000,0.000,0.000,1.000,1.000,1.000,2.299,2.300,0.047,45.055,5.000,102.0,47.0,4.205128192901611,-0.8717948794364929
6.459,13:07:22.882,534.966,1.000,534.722,0.000,0.000,0.000,0.000,0.000,0.000,1.000,1.000,0.000,2.499,2.500,0.051,45.059,5.000,102.0,47.0,4.205128192901611,-0.8717948794364929
6.603,13:07:22.947,534.966,1.000,534.722,0.000,0.000,0.000,0.000,0.000,0.000,1.000,1.000,0.000,2.499,2.500,0.051,45.059,5.000,102.0,47.0,4.205128192901611,-0.8717948794364929
6.667,13:07:23.010,534.966,1.000,534.722,0.000,0.000,0.000,0.000,0.000,0.000,1.000,1.000,0.000,2.499,2.500,0.051,45.059,5.000,102.0,47.0,4.205128192901611,-0.8717948794364929
6.731,13:07:23.155,534.966,1.000,534.722,0.000,0.000,0.000,0.000,0.000,0.000,1.000,1.000,0.000,2.499,2.500,0.051,45.059,5.000,102.0,47.0,4.205128192901611,-0.8717948794364929
6.874,13:07:23.218,534.944,1.035,553.838,0.000,0.000,0.000,0.000,0.000,0.000,1.000,1.000,0.000,2.499,2.500,0.051,45.059,5.000,102.0,47.0,4.205128192901611,-0.8717948794364929
6.940,13:07:23.283,534.944,1.035,553.838,0.000,0.000,0.000,0.000,0.000,0.000,1.000,1.000,0.000,2.499,2.500,0.051,45.059,5.000,102.0,47.0,4.205128192901611,-0.8717948794364929
7.003,13:07:23.426,534.944,1.035,553.838,0.000,0.000,0.000,0.000,0.000,0.000,1.000,1.000,1.000,2.700,2.700,0.056,45.079,5.000,102.0,47.0,4.205128192901611,-0.8717948794364929
7.146,13:07:23.490,534.944,1.035,553.838,0.000,0.000,0.000,0.000,0.000,0.000,1.000,1.000,1.000,2.700,2.700,0.056,45.079,5.000,102.0,47.0,4.205128192901611,-0.8717948794364929
7.211,13:07:23.747,534.944,1.035,553.838,0.000,0.000,0.000,0.000,0.000,0.000,1.000,1.000,1.000,2.700,2.700,0.056,45.079,5.000,102.0,47.0,6.205128192901611,-6.615384578704834
7.467,13:07:23.890,534.897,1.039,555.838,0.000,0.000,0.000,0.000,0.000,0.000,1.000,1.000,1.000,2.900,2.900,0.060,45.104,5.000,102.0,47.0,6.205128192901611,-6.615384578704834
7.610,13:07:23.954,534.897,1.039,555.838,0.000,0.000,0.000,0.000,0.000,0.000,1.000,1.000,1.000,2.900,2.900,0.060,45.104,5.000,102.0,47.0,6.205128192901611,-6.615384578704834
7.675,13:07:24.018,534.827,1.057,565.111,0.000,0.000,0.000,0.000,0.000,0.000,1.000,1.000,1.000,2.900,2.900,0.060,45.104,5.000,102.0,47.0,6.205128192901611,-6.615384578704834
7.738,13:07:24.162,534.827,1.057,565.111,0.000,0.000,0.000,0.000,0.000,0.000,1.000,1.000,1.000,2.919,3.100,0.060,45.110,5.000,102.0,47.0,6.205128192901611,-6.615384578704834
7.882,13:07:24.225,534.827,1.057,565.111,0.000,0.000,0.000,0.000,0.000,0.000,1.000,1.000,1.000,2.919,3.100,0.060,45.110,5.000,102.0,47.0,6.205128192901611,-6.615384578704834
7.946,13:07:24.289,534.827,1.057,565.111,0.000,0.000,0.000,0.000,0.000,0.000,1.000,1.000,1.000,2.919,3.100,0.060,45.110,5.000,102.0,47.0,6.205128192901611,-6.615384578704834
8.011,13:07:24.434,534.827,1.057,565.111,0.000,0.000,0.000,0.000,0.000,0.000,1.000,1.000,1.000,3.100,3.100,0.064,45.153,5.000,102.0,47.0,6.205128192901611,-6.615384578704834
8.154,13:07:24.498,534.778,1.095,585.448,0.000,0.000,0.000,0.000,0.000,0.000,1.000,1.000,1.000,3.100,3.100,0.064,45.153,5.000,102.0,47.0,6.205128192901611,-6.615384578704834
8.219,13:07:24.754,534.778,1.095,585.448,0.000,0.000,0.000,0.000,0.000,0.000,1.000,1.000,1.000,3.100,3.100,0.064,45.153,5.000,102.0,47.0,-6.615384578704834,2.7179486751556396
8.474,13:07:24.898,534.742,1.143,611.331,0.000,0.000,0.000,0.000,0.000,0.000,1.000,1.000,0.000,3.300,3.300,0.068,45.209,5.000,102.0,47.0,-6.615384578704834,2.7179486751556396
8.618,13:07:24.962,534.742,1.143,611.331,0.000,0.000,0.000,0.000,0.000,0.000,1.000,1.000,0.000,3.300,3.300,0.068,45.209,5.000,102.0,47.0,-6.615384578704834,2.7179486751556396
8.682,13:07:25.026,534.742,1.143,611.331,0.000,0.000,0.000,0.000,0.000,0.000,1.000,1.000,0.000,3.300,3.300,0.068,45.209,5.000,102.0,47.0,-6.615384578704834,2.7179486751556396
8.745,13:07:25.170,534.742,1.143,611.331,0.000,0.000,0.000,0.000,0.000,0.000,1.000,1.000,0.000,3.300,3.300,0.068,45.209,5.000,102.0,47.0,-6.615384578704834,2.7179486751556396
8.889,13:07:25.233,534.668,1.188,635.353,0.000,0.000,0.000,0.000,0.000,0.000,1.000,1.000,0.000,3.300,3.300,0.068,45.209,5.000,102.0,47.0,-6.615384578704834,2.7179486751556396
8.953,13:07:25.297,534.668,1.188,635.353,0.000,0.000,0.000,0.000,0.000,0.000,1.000,1.000,0.000,3.300,3.300,0.068,45.209,5.000,102.0,47.0,-6.615384578704834,2.7179486751556396
9.018,13:07:25.441,534.668,1.188,635.353,0.000,0.000,0.000,0.000,0.000,0.000,1.000,1.000,1.000,3.500,3.500,0.072,45.254,5.000,102.0,47.0,-6.615384578704834,2.7179486751556396
9.161,13:07:25.505,534.668,1.188,635.353,0.000,0.000,0.000,0.000,0.000,0.000,1.000,1.000,1.000,3.500,3.500,0.072,45.254,5.000,102.0,47.0,-6.615384578704834,2.7179486751556396
9.225,13:07:25.761,534.668,1.188,635.353,0.000,0.000,0.000,0.000,0.000,0.000,1.000,1.000,1.000,3.500,3.500,0.072,45.254,5.000,102.0,47.0,-9.282051086425781,9.179487228393555
9.482,13:07:25.904,534.605,1.218,651.074,0.000,0.000,0.000,0.000,0.000,0.000,1.000,1.000,1.000,3.700,3.700,0.076,45.303,5.000,102.0,47.0,-9.282051086425781,9.179487228393555
9.625,13:07:25.968,534.605,1.218,651.074,0.000,0.000,0.000,0.000,0.000,0.000,1.000,1.000,1.000,3.700,3.700,0.076,45.303,5.000,102.0,47.0,-9.282051086425781,9.179487228393555
9.690,13:07:26.033,534.549,1.261,673.997,0.000,0.000,0.000,0.000,0.000,0.000,1.000,1.000,1.000,3.700,3.700,0.076,45.303,5.000,102.0,47.0,-9.282051086425781,9.179487228393555
9.753,13:07:26.177,534.549,1.261,673.997,0.000,0.000,0.000,0.000,0.000,0.000,1.000,1.000,1.000,3.719,3.900,0.077,45.381,5.000,102.0,47.0,-9.282051086425781,9.179487228393555
9.897,13:07:26.240,534.549,1.261,673.997,0.000,0.000,0.000,0.000,0.000,0.000,1.000,1.000,1.000,3.719,3.900,0.077,45.381,5.000,102.0,47.0,-9.282051086425781,9.179487228393555
9.961,13:07:26.305,534.549,1.261,673.997,0.000,0.000,0.000,0.000,0.000,0.000,1.000,1.000,1.000,3.719,3.900,0.077,45.381,5.000,102.0,47.0,-9.282051086425781,9.179487228393555
10.025,13:07:26.449,534.549,1.261,673.997,0.000,0.000,0.000,0.000,0.000,0.000,1.000,1.000,1.000,3.900,3.900,0.080,45.435,5.000,102.0,47.0,-9.282051086425781,9.179487228393555
10.169,13:07:26.512,534.393,1.324,707.318,0.000,0.000,0.000,0.000,0.000,0.000,1.000,1.000,1.000,3.900,3.900,0.080,45.435,5.000,102.0,47.0,-9.282051086425781,9.179487228393555
10.233,13:07:26.768,534.393,1.324,707.318,0.000,0.000,0.000,0.000,0.000,0.000,1.000,1.000,1.000,3.900,3.900,0.080,45.435,5.000,102.0,47.0,-9.179487228393555,11.230769157409668
10.489,13:07:26.912,534.299,1.397,746.188,0.000,0.000,0.000,0.000,0.000,0.000,1.000,1.000,0.000,4.100,4.100,0.084,45.508,5.000,102.0,47.0,-9.179487228393555,11.230769157409668
10.633,13:07:26.977,534.299,1.397,746.188,0.000,0.000,0.000,0.000,0.000,0.000,1.000,1.000,0.000,4.100,4.100,0.084,45.508,5.000,102.0,47.0,-9.179487228393555,11.230769157409668
10.697,13:07:27.040,534.299,1.397,746.188,0.000,0.000,0.000,0.000,0.000,0.000,1.000,1.000,0.000,4.100,4.100,0.084,45.508,5.000,102.0,47.0,-9.179487228393555,11.230769157409668
10.761,13:07:27.183,534.299,1.397,746.188,0.000,0.000,0.000,0.000,0.000,0.000,1.000,1.000,0.000,4.100,4.100,0.084,45.508,5.000,102.0,47.0,-9.179487228393555,11.230769157409668
10.904,13:07:27.247,534.159,1.496,798.975,0.000,0.000,0.000,0.000,0.000,0.000,1.000,1.000,0.000,4.100,4.100,0.084,45.508,5.000,102.0,47.0,-9.179487228393555,11.230769157409668
11.305,13:07:27.920,534.094,1.506,804.295,0.000,0.000,0.000,0.000,0.000,0.000,1.000,1.000,1.000,4.500,4.500,0.093,45.673,5.000,102.0,47.0,-7.282051086425781,14.15384578704834
11.640,13:07:28.064,534.094,1.506,804.295,0.000,0.000,0.000,0.000,0.000,0.000,1.000,1.000,1.000,4.500,4.500,0.093,45.673,5.000,102.0,47.0,-7.282051086425781,14.15384578704834
11.784,13:07:28.128,533.968,1.584,845.802,0.000,0.000,0.000,0.000,0.000,0.000,1.000,1.000,1.000,4.500,4.500,0.093,45.673,5.000,102.0,47.0,-7.282051086425781,14.15384578704834
11.848,13:07:28.191,533.968,1.584,845.802,0.000,0.000,0.000,0.000,0.000,0.000,1.000,1.000,1.000,4.500,4.500,0.093,45.673,5.000,102.0,47.0,-7.282051086425781,14.15384578704834
11.912,13:07:28.335,533.968,1.584,845.802,0.000,0.000,0.000,0.000,0.000,0.000,1.000,1.000,1.000,4.519,4.700,0.093,45.797,5.000,102.0,47.0,-7.282051086425781,14.15384578704834
12.056,13:07:28.400,533.968,1.584,845.802,0.000,0.000,0.000,0.000,0.000,0.000,1.000,1.000,1.000,4.519,4.700,0.093,45.797,5.000,102.0,47.0,-7.282051086425781,14.15384578704834
12.119,13:07:28.463,533.810,1.694,904.061,0.000,0.000,0.000,0.000,0.000,0.000,1.000,1.000,1.000,4.519,4.700,0.093,45.797,5.000,102.0,47.0,-7.282051086425781,14.15384578704834
12.183,13:07:28.607,533.810,1.694,904.061,0.000,0.000,0.000,0.000,0.000,0.000,1.000,1.000,1.000,4.700,4.700,0.097,45.907,5.000,102.0,47.0,-7.282051086425781,14.15384578704834
12.327,13:07:28.864,533.810,1.694,904.061,0.000,0.000,0.000,0.000,0.000,0.000,1.000,1.000,1.000,4.700,4.700,0.097,45.907,5.000,102.0,47.0,-10.974358558654785,-11.025641441345215
12.584,13:07:29.006,533.696,1.780,949.997,0.000,0.000,0.000,0.000,0.000,0.000,1.000,1.000,0.000,4.900,4.900,0.101,46.026,5.000,102.0,47.0,-10.974358558654785,-11.025641441345215
12.727,13:07:29.070,533.696,1.780,949.997,0.000,0.000,0.000,0.000,0.000,0.000,1.000,1.000,0.000,4.900,4.900,0.101,46.026,5.000,102.0,47.0,-10.974358558654785,-11.025641441345215
12.791,13:07:29.135,533.696,1.780,949.997,0.000,0.000,0.000,0.000,0.000,0.000,1.000,1.000,0.000,4.900,4.900,0.101,46.026,5.000,102.0,47.0,-10.974358558654785,-11.025641441345215
12.855,13:07:29.278,533.696,1.780,949.997,0.000,0.000,0.000,0.000,0.000,0.000,1.000,1.000,0.000,4.900,4.900,0.101,46.026,5.000,102.0,47.0,-10.974358558654785,-11.025641441345215
12.999,13:07:29.342,533.573,1.869,997.192,0.000,0.000,0.000,0.000,0.000,0.000,1.000,1.000,0.000,4.900,4.900,0.101,46.026,5.000,102.0,47.0,-10.974358558654785,-11.025641441345215
13.064,13:07:29.407,533.573,1.869,997.192,0.000,0.000,0.000,0.000,0.000,0.000,1.000,1.000,0.000,4.900,4.900,0.101,46.026,5.000,102.0,47.0,-10.974358558654785,-11.025641441345215
13.127,13:07:29.550,533.573,1.869,997.192,0.000,0.000,0.000,0.000,0.000,0.000,1.000,1.000,1.000,5.100,5.100,0.105,46.139,5.000,102.0,47.0,-10.974358558654785,-11.025641441345215
13.271,13:07:29.615,533.573,1.869,997.192,0.000,0.000,0.000,0.000,0.000,0.000,1.000,1.000,1.000,5.100,5.100,0.105,46.139,5.000,102.0,47.0,-10.974358558654785,-11.025641441345215
13.334,13:07:29.870,534.172,1.469,784.820,0.000,0.000,0.000,0.000,0.000,0.000,1.000,1.000,1.000,5.100,5.100,0.105,46.139,5.000,102.0,47.0,-4.615384578704834,-4.564102649688721
13.590,13:07:30.015,534.172,1.469,784.820,0.000,0.000,0.000,0.000,0.000,0.000,1.000,1.000,1.000,5.300,5.300,0.109,46.296,5.000,102.0,47.0,-4.615384578704834,-4.564102649688721
13.735,13:07:30.078,534.172,1.469,784.820,0.000,0.000,0.000,0.000,0.000,0.000,1.000,1.000,1.000,5.300,5.300,0.109,46.296,5.000,102.0,47.0,-4.615384578704834,-4.564102649688721
13.799,13:07:30.142,534.259,1.402,748.791,0.000,0.000,0.000,0.000,0.000,0.000,1.000,1.000,1.000,5.300,5.300,0.109,46.296,5.000,102.0,47.0,-4.615384578704834,-4.564102649688721
13.862,13:07:30.286,534.259,1.402,748.791,0.000,0.000,0.000,0.000,0.000,0.000,1.000,1.000,0.000,5.319,5.500,0.109,46.366,5.000,102.0,47.0,-4.615384578704834,-4.564102649688721
14.006,13:07:30.350,534.259,1.402,748.791,0.000,0.000,0.000,0.000,0.000,0.000,1.000,1.000,0.000,5.319,5.500,0.109,46.366,5.000,102.0,47.0,-4.615384578704834,-4.564102649688721
14.071,13:07:30.414,534.259,1.402,748.791,0.000,0.000,0.000,0.000,0.000,0.000,1.000,1.000,0.000,5.319,5.500,0.109,46.366,5.000,102.0,47.0,-4.615384578704834,-4.564102649688721
14.134,13:07:30.558,534.259,1.402,748.791,0.000,0.000,0.000,0.000,0.000,0.000,1.000,1.000,0.000,5.500,5.500,0.113,46.364,5.000,102.0,47.0,-4.615384578704834,-4.564102649688721
14.278,13:07:30.622,534.222,1.420,758.646,0.000,0.000,0.000,0.000,0.000,0.000,1.000,1.000,0.000,5.500,5.500,0.113,46.364,5.000,102.0,47.0,-4.615384578704834,-4.564102649688721
14.342,13:07:30.878,534.222,1.420,758.646,0.000,0.000,0.000,0.000,0.000,0.000,1.000,1.000,0.000,5.500,5.500,0.113,46.364,5.000,102.0,47.0,-4.974359035491943,9.692307472229004
14.599,13:07:31.021,534.167,1.445,771.767,0.000,0.000,0.000,0.000,0.000,0.000,1.000,1.000,0.000,5.700,5.700,0.117,46.333,5.000,102.0,47.0,-4.974359035491943,9.692307472229004
14.742,13:07:31.086,534.167,1.445,771.767,0.000,0.000,0.000,0.000,0.000,0.000,1.000,1.000,0.000,5.700,5.700,0.117,46.333,5.000,102.0,47.0,-4.974359035491943,9.692307472229004
14.806,13:07:31.149,534.167,1.445,771.767,0.000,0.000,0.000,0.000,0.000,0.000,1.000,1.000,0.000,5.700,5.700,0.117,46.333,5.000,102.0,47.0,-4.974359035491943,9.692307472229004
14.870,13:07:31.294,534.167,1.445,771.767,0.000,0.000,0.000,0.000,0.000,0.000,1.000,1.000,0.000,5.700,5.700,0.117,46.333,5.000,102.0,47.0,-4.974359035491943,9.692307472229004
15.013,13:07:31.357,534.124,1.478,789.381,0.000,0.000,0.000,0.000,0.000,0.000,1.000,1.000,0.000,5.700,5.700,0.117,46.333,5.000,102.0,47.0,-4.974359035491943,9.692307472229004
15.078,13:07:31.422,534.124,1.478,789.381,0.000,0.000,0.000,0.000,0.000,0.000,1.000,1.000,0.000,5.700,5.700,0.117,46.333,5.000,102.0,47.0,-4.974359035491943,9.692307472229004
15.142,13:07:31.566,534.124,1.478,789.381,0.000,0.000,0.000,0.000,0.000,0.000,1.000,1.000,0.000,5.900,5.900,0.122,46.277,5.000,102.0,47.0,-4.974359035491943,9.692307472229004
15.286,13:07:31.630,534.124,1.478,789.381,0.000,0.000,0.000,0.000,0.000,0.000,1.000,1.000,0.000,5.900,5.900,0.122,46.277,5.000,102.0,47.0,-4.974359035491943,9.692307472229004
15.349,13:07:31.884,534.124,1.478,789.381,0.000,0.000,0.000,0.000,0.000,0.000,1.000,1.000,0.000,5.900,5.900,0.122,46.277,5.000,102.0,47.0,-6.769230842590332,9.84615421295166
15.606,13:07:32.030,534.126,1.450,774.531,0.000,0.000,0.000,0.000,0.000,0.000,1.000,1.000,1.000,6.100,6.100,0.126,46.232,5.000,102.0,47.0,-6.769230842590332,9.84615421295166
15.750,13:07:32.093,534.126,1.450,774.531,0.000,0.000,0.000,0.000,0.000,0.000,1.000,1.000,1.000,6.100,6.100,0.126,46.232,5.000,102.0,47.0,-6.769230842590332,9.84615421295166
15.814,13:07:32.157,534.157,1.469,784.465,0.000,0.000,0.000,0.000,0.000,0.000,1.000,1.000,1.000,6.100,6.100,0.126,46.232,5.000,102.0,47.0,-6.769230842590332,9.84615421295166
15.877,13:07:32.300,534.157,1.469,784.465,0.000,0.000,0.000,0.000,0.000,0.000,1.000,1.000,0.000,6.119,6.300,0.126,46.206,5.000,102.0,47.0,-6.769230842590332,9.84615421295166
16.021,13:07:32.364,534.157,1.469,784.465,0.000,0.000,0.000,0.000,0.000,0.000,1.000,1.000,0.000,6.119,6.300,0.126,46.206,5.000,102.0,47.0,-6.769230842590332,9.84615421295166
16.085,13:07:32.429,534.157,1.469,784.465,0.000,0.000,0.000,0.000,0.000,0.000,1.000,1.000,0.000,6.119,6.300,0.126,46.206,5.000,102.0,47.0,-6.769230842590332,9.84615421295166
16.150,13:07:32.573,534.157,1.469,784.465,0.000,0.000,0.000,0.000,0.000,0.000,1.000,1.000,1.000,6.300,6.300,0.130,46.178,5.000,102.0,47.0,-6.769230842590332,9.84615421295166
16.292,13:07:32.636,534.059,1.497,799.730,0.000,0.000,0.000,0.000,0.000,0.000,1.000,1.000,1.000,6.300,6.300,0.130,46.178,5.000,102.0,47.0,-6.769230842590332,9.84615421295166
16.356,13:07:32.892,534.059,1.497,799.730,0.000,0.000,0.000,0.000,0.000,0.000,1.000,1.000,1.000,6.300,6.300,0.130,46.178,5.000,102.0,47.0,-8.307692527770996,10.051281929016113
16.613,13:07:33.036,534.019,1.517,809.882,0.000,0.000,0.000,0.000,0.000,0.000,1.000,1.000,1.000,6.500,6.500,0.134,46.159,5.000,102.0,47.0,-8.307692527770996,10.051281929016113
16.756,13:07:33.100,534.019,1.517,809.882,0.000,0.000,0.000,0.000,0.000,0.000,1.000,1.000,1.000,6.500,6.500,0.134,46.159,5.000,102.0,47.0,-8.307692527770996,10.051281929016113
16.821,13:07:33.164,534.019,1.517,809.882,0.000,0.000,0.000,0.000,0.000,0.000,1.000,1.000,1.000,6.500,6.500,0.134,46.159,5.000,102.0,47.0,-8.307692527770996,10.051281929016113
16.884,13:07:33.308,534.019,1.517,809.882,0.000,0.000,0.000,0.000,0.000,0.000,1.000,1.000,1.000,6.500,6.500,0.134,46.159,5.000,102.0,47.0,-8.307692527770996,10.051281929016113
17.028,13:07:33.372,534.025,1.533,818.522,0.000,0.000,0.000,0.000,0.000,0.000,1.000,1.000,1.000,6.500,6.500,0.134,46.159,5.000,102.0,47.0,-8.307692527770996,10.051281929016113
17.092,13:07:33.435,534.025,1.533,818.522,0.000,0.000,0.000,0.000,0.000,0.000,1.000,1.000,1.000,6.500,6.500,0.134,46.159,5.000,102.0,47.0,-8.307692527770996,10.051281929016113
17.156,13:07:33.580,534.025,1.533,818.522,0.000,0.000,0.000,0.000,0.000,0.000,1.000,1.000,0.000,6.700,6.700,0.138,46.139,5.000,102.0,47.0,-8.307692527770996,10.051281929016113
17.300,13:07:33.644,534.025,1.533,818.522,0.000,0.000,0.000,0.000,0.000,0.000,1.000,1.000,0.000,6.700,6.700,0.138,46.139,5.000,102.0,47.0,-8.307692527770996,10.051281929016113
17.364,13:07:33.900,534.025,1.533,818.522,0.000,0.000,0.000,0.000,0.000,0.000,1.000,1.000,0.000,6.700,6.700,0.138,46.139,5.000,102.0,47.0,-10.35897445678711,9.79487133026123
17.620,13:07:34.043,533.961,1.556,830.618,0.000,0.000,0.000,0.000,0.000,0.000,1.000,1.000,0.000,6.900,6.900,0.142,46.121,5.000,102.0,47.0,-10.35897445678711,9.79487133026123
17.764,13:07:34.107,533.961,1.556,830.618,0.000,0.000,0.000,0.000,0.000,0.000,1.000,1.000,0.000,6.900,6.900,0.142,46.121,5.000,102.0,47.0,-10.35897445678711,9.79487133026123
17.828,13:07:34.171,533.968,1.549,827.280,0.000,0.000,0.000,0.000,0.000,0.000,1.000,1.000,0.000,6.900,6.900,0.142,46.121,5.000,102.0,47.0,-10.35897445678711,9.79487133026123
17.891,13:07:34.315,533.968,1.549,827.280,0.000,0.000,0.000,0.000,0.000,0.000,1.000,1.000,1.000,6.919,7.100,0.143,46.125,5.000,102.0,47.0,-10.35897445678711,9.79487133026123
18.035,13:07:34.379,533.968,1.549,827.280,0.000,0.000,0.000,0.000,0.000,0.000,1.000,1.000,1.000,6.919,7.100,0.143,46.125,5.000,102.0,47.0,-10.35897445678711,9.79487133026123
18.100,13:07:34.443,533.968,1.549,827.280,0.000,0.000,0.000,0.000,0.000,0.000,1.000,1.000,1.000,6.919,7.100,0.143,46.125,5.000,102.0,47.0,-10.35897445678711,9.79487133026123
18.164,13:07:34.588,533.968,1.549,827.280,0.000,0.000,0.000,0.000,0.000,0.000,1.000,1.000,1.000,7.100,7.100,0.146,46.102,5.000,102.0,47.0,-10.35897445678711,9.79487133026123
18.307,13:07:34.651,533.947,1.561,833.436,0.000,0.000,0.000,0.000,0.000,0.000,1.000,1.000,1.000,7.100,7.100,0.146,46.102,5.000,102.0,47.0,-10.35897445678711,9.79487133026123
18.371,13:07:34.907,533.947,1.561,833.436,0.000,0.000,0.000,0.000,0.000,0.000,1.000,1.000,1.000,7.100,7.100,0.146,46.102,5.000,102.0,47.0,3.1794872283935547,-11.333333015441895
18.628,13:07:35.051,533.938,1.585,846.450,0.000,0.000,0.000,0.000,0.000,0.000,1.000,1.000,0.000,7.300,7.300,0.150,46.111,5.000,102.0,47.0,3.1794872283935547,-11.333333015441895
18.772,13:07:35.115,533.938,1.585,846.450,0.000,0.000,0.000,0.000,0.000,0.000,1.000,1.000,0.000,7.300,7.300,0.150,46.111,5.000,102.0,47.0,3.1794872283935547,-11.333333015441895
18.836,13:07:35.179,533.938,1.585,846.450,0.000,0.000,0.000,0.000,0.000,0.000,1.000,1.000,0.000,7.300,7.300,0.150,46.111,5.000,102.0,47.0,3.1794872283935547,-11.333333015441895
18.899,13:07:35.322,533.938,1.585,846.450,0.000,0.000,0.000,0.000,0.000,0.000,1.000,1.000,0.000,7.300,7.300,0.150,46.111,5.000,102.0,47.0,3.1794872283935547,-11.333333015441895
19.043,13:07:35.387,533.889,1.620,864.931,0.000,0.000,0.000,0.000,0.000,0.000,1.000,1.000,0.000,7.300,7.300,0.150,46.111,5.000,102.0,47.0,3.1794872283935547,-11.333333015441895
19.107,13:07:35.451,533.889,1.620,864.931,0.000,0.000,0.000,0.000,0.000,0.000,1.000,1.000,0.000,7.300,7.300,0.150,46.111,5.000,102.0,47.0,3.1794872283935547,-11.333333015441895
19.171,13:07:35.595,533.889,1.620,864.931,0.000,0.000,0.000,0.000,0.000,0.000,1.000,1.000,1.000,7.500,7.500,0.155,46.101,5.000,102.0,47.0,3.1794872283935547,-11.333333015441895
19.315,13:07:35.659,533.889,1.620,864.931,0.000,0.000,0.000,0.000,0.000,0.000,1.000,1.000,1.000,7.500,7.500,0.155,46.101,5.000,102.0,47.0,3.1794872283935547,-11.333333015441895
19.379,13:07:35.914,533.889,1.620,864.931,0.000,0.000,0.000,0.000,0.000,0.000,1.000,1.000,1.000,7.500,7.500,0.155,46.101,5.000,102.0,47.0,8.615385055541992,-11.48717975616455
19.634,13:07:36.058,533.854,1.640,875.415,0.000,0.000,0.000,0.000,0.000,0.000,1.000,1.000,0.000,7.700,7.700,0.159,46.124,5.000,102.0,47.0,8.615385055541992,-11.48717975616455
19.779,13:07:36.122,533.854,1.640,875.415,0.000,0.000,0.000,0.000,0.000,0.000,1.000,1.000,0.000,7.700,7.700,0.159,46.124,5.000,102.0,47.0,8.615385055541992,-11.48717975616455
19.842,13:07:36.186,533.863,1.624,866.787,0.000,0.000,0.000,0.000,0.000,0.000,1.000,1.000,0.000,7.700,7.700,0.159,46.124,5.000,102.0,47.0,8.615385055541992,-11.48717975616455
19.906,13:07:36.330,533.863,1.624,866.787,0.000,0.000,0.000,0.000,0.000,0.000,1.000,1.000,0.000,7.719,7.900,0.159,46.101,5.000,102.0,47.0,8.615385055541992,-11.48717975616455
20.050,13:07:36.394,533.863,1.624,866.787,0.000,0.000,0.000,0.000,0.000,0.000,1.000,1.000,0.000,7.719,7.900,0.159,46.101,5.000,102.0,47.0,8.615385055541992,-11.48717975616455
20.115,13:07:36.458,533.863,1.624,866.787,0.000,0.000,0.000,0.000,0.000,0.000,1.000,1.000,0.000,7.719,7.900,0.159,46.101,5.000,102.0,47.0,8.615385055541992,-11.48717975616455
20.179,13:07:36.602,533.863,1.624,866.787,0.000,0.000,0.000,0.000,0.000,0.000,1.000,1.000,0.000,7.719,7.900,0.159,46.101,5.000,102.0,47.0,8.615385055541992,-11.48717975616455
20.323,13:07:36.666,533.820,1.653,882.628,0.000,0.000,0.000,0.000,0.000,0.000,1.000,1.000,0.000,7.719,7.900,0.159,46.101,5.000,102.0,47.0,8.615385055541992,-11.48717975616455
20.387,13:07:36.921,533.820,1.653,882.628,0.000,0.000,0.000,0.000,0.000,0.000,1.000,1.000,0.000,7.719,7.900,0.159,46.101,5.000,102.0,47.0,-8.564102172851562,-1.2307692766189575
20.642,13:07:37.066,533.820,1.653,882.628,0.000,0.000,0.000,0.000,0.000,0.000,1.000,1.000,0.000,8.100,8.100,0.167,46.111,5.000,102.0,47.0,-8.564102172851562,-1.2307692766189575
20.786,13:07:37.130,533.805,1.663,887.957,0.000,0.000,0.000,0.000,0.000,0.000,1.000,1.000,0.000,8.100,8.100,0.167,46.111,5.000,102.0,47.0,-8.564102172851562,-1.2307692766189575
20.850,13:07:37.193,533.805,1.663,887.957,0.000,0.000,0.000,0.000,0.000,0.000,1.000,1.000,0.000,8.100,8.100,0.167,46.111,5.000,102.0,47.0,-8.564102172851562,-1.2307692766189575
20.913,13:07:37.337,533.805,1.663,887.957,0.000,0.000,0.000,0.000,0.000,0.000,1.000,1.000,0.000,8.100,8.100,0.167,46.111,5.000,102.0,47.0,-8.564102172851562,-1.2307692766189575
21.057,13:07:37.401,533.742,1.707,911.230,0.000,0.000,0.000,0.000,0.000,0.000,1.000,1.000,0.000,8.100,8.100,0.167,46.111,5.000,102.0,47.0,-8.564102172851562,-1.2307692766189575
21.121,13:07:37.465,533.742,1.707,911.230,0.000,0.000,0.000,0.000,0.000,0.000,1.000,1.000,0.000,8.100,8.100,0.167,46.111,5.000,102.0,47.0,-8.564102172851562,-1.2307692766189575
21.185,13:07:37.610,533.742,1.707,911.230,0.000,0.000,0.000,0.000,0.000,0.000,1.000,1.000,1.000,8.300,8.300,0.171,46.125,5.000,102.0,47.0,-8.564102172851562,-1.2307692766189575
21.330,13:07:37.674,533.742,1.707,911.230,0.000,0.000,0.000,0.000,0.000,0.000,1.000,1.000,1.000,8.300,8.300,0.171,46.125,5.000,102.0,47.0,-8.564102172851562,-1.2307692766189575
21.393,13:07:37.929,533.742,1.707,911.230,0.000,0.000,0.000,0.000,0.000,0.000,1.000,1.000,1.000,8.300,8.300,0.171,46.125,5.000,102.0,47.0,-0.5128205418586731,-10.35897445678711
21.650,13:07:38.073,533.725,1.707,910.846,0.000,0.000,0.000,0.000,0.000,0.000,1.000,1.000,1.000,8.500,8.500,0.175,46.167,5.000,102.0,47.0,-0.5128205418586731,-10.35897445678711
21.794,13:07:38.138,533.725,1.707,910.846,0.000,0.000,0.000,0.000,0.000,0.000,1.000,1.000,1.000,8.500,8.500,0.175,46.167,5.000,102.0,47.0,-0.5128205418586731,-10.35897445678711
21.857,13:07:38.200,533.725,1.707,910.846,0.000,0.000,0.000,0.000,0.000,0.000,1.000,1.000,1.000,8.500,8.500,0.175,46.167,5.000,102.0,47.0,-0.5128205418586731,-10.35897445678711
21.921,13:07:38.345,533.703,1.705,909.994,0.000,0.000,0.000,0.000,0.000,0.000,1.000,1.000,0.000,8.519,8.700,0.176,46.151,5.000,102.0,47.0,-0.5128205418586731,-10.35897445678711
22.065,13:07:38.408,533.703,1.705,909.994,0.000,0.000,0.000,0.000,0.000,0.000,1.000,1.000,0.000,8.519,8.700,0.176,46.151,5.000,102.0,47.0,-0.5128205418586731,-10.35897445678711
22.129,13:07:38.472,533.703,1.705,909.994,0.000,0.000,0.000,0.000,0.000,0.000,1.000,1.000,0.000,8.519,8.700,0.176,46.151,5.000,102.0,47.0,-0.5128205418586731,-10.35897445678711
22.194,13:07:38.616,533.703,1.705,909.994,0.000,0.000,0.000,0.000,0.000,0.000,1.000,1.000,0.000,8.519,8.700,0.176,46.151,5.000,102.0,47.0,-0.5128205418586731,-10.35897445678711
22.337,13:07:38.680,533.678,1.736,926.409,0.000,0.000,0.000,0.000,0.000,0.000,1.000,1.000,0.000,8.519,8.700,0.176,46.151,5.000,102.0,47.0,-0.5128205418586731,-10.35897445678711
22.401,13:07:38.937,533.678,1.736,926.409,0.000,0.000,0.000,0.000,0.000,0.000,1.000,1.000,0.000,8.519,8.700,0.176,46.151,5.000,102.0,47.0,4.615384578704834,-12.923076629638672
22.657,13:07:39.081,533.678,1.736,926.409,0.000,0.000,0.000,0.000,0.000,0.000,1.000,1.000,1.000,8.899,8.900,0.183,46.184,5.000,102.0,47.0,4.615384578704834,-12.923076629638672
22.801,13:07:39.144,533.624,1.749,933.519,0.000,0.000,0.000,0.000,0.000,0.000,1.000,1.000,1.000,8.899,8.900,0.183,46.184,5.000,102.0,47.0,4.615384578704834,-12.923076629638672
22.864,13:07:39.208,533.624,1.749,933.519,0.000,0.000,0.000,0.000,0.000,0.000,1.000,1.000,1.000,8.899,8.900,0.183,46.184,5.000,102.0,47.0,4.615384578704834,-12.923076629638672
22.928,13:07:39.352,533.624,1.749,933.519,0.000,0.000,0.000,0.000,0.000,0.000,1.000,1.000,1.000,8.899,8.900,0.183,46.184,5.000,102.0,47.0,4.615384578704834,-12.923076629638672
23.072,13:07:39.416,533.624,1.749,933.519,0.000,0.000,0.000,0.000,0.000,0.000,1.000,1.000,1.000,8.899,8.900,0.183,46.184,5.000,102.0,47.0,4.615384578704834,-12.923076629638672
23.137,13:07:39.480,533.593,1.782,951.035,0.000,0.000,0.000,0.000,0.000,0.000,1.000,1.000,1.000,8.899,8.900,0.183,46.184,5.000,102.0,47.0,4.615384578704834,-12.923076629638672
23.201,13:07:39.625,533.593,1.782,951.035,0.000,0.000,0.000,0.000,0.000,0.000,1.000,1.000,0.000,9.099,9.100,0.188,46.196,5.000,102.0,47.0,4.615384578704834,-12.923076629638672
23.345,13:07:39.688,533.593,1.782,951.035,0.000,0.000,0.000,0.000,0.000,0.000,1.000,1.000,0.000,9.099,9.100,0.188,46.196,5.000,102.0,47.0,4.615384578704834,-12.923076629638672
23.408,13:07:39.943,533.593,1.782,951.035,0.000,0.000,0.000,0.000,0.000,0.000,1.000,1.000,0.000,9.099,9.100,0.188,46.196,5.000,102.0,47.0,12.051281929016113,-10.15384578704834
23.664,13:07:40.088,533.562,1.787,953.474,0.000,0.000,0.000,0.000,0.000,0.000,1.000,1.000,1.000,9.299,9.300,0.192,46.214,5.000,102.0,47.0,12.051281929016113,-10.15384578704834
23.807,13:07:40.151,533.562,1.787,953.474,0.000,0.000,0.000,0.000,0.000,0.000,1.000,1.000,1.000,9.299,9.300,0.192,46.214,5.000,102.0,47.0,12.051281929016113,-10.15384578704834
23.872,13:07:40.215,533.562,1.787,953.474,0.000,0.000,0.000,0.000,0.000,0.000,1.000,1.000,1.000,9.299,9.300,0.192,46.214,5.000,102.0,47.0,12.051281929016113,-10.15384578704834
23.936,13:07:40.360,533.533,1.796,958.352,0.000,0.000,0.000,0.000,0.000,0.000,1.000,1.000,1.000,9.318,9.500,0.192,46.211,5.000,102.0,47.0,12.051281929016113,-10.15384578704834
24.081,13:07:40.424,533.533,1.796,958.352,0.000,0.000,0.000,0.000,0.000,0.000,1.000,1.000,1.000,9.318,9.500,0.192,46.211,5.000,102.0,47.0,12.051281929016113,-10.15384578704834
24.143,13:07:40.487,533.533,1.796,958.352,0.000,0.000,0.000,0.000,0.000,0.000,1.000,1.000,1.000,9.318,9.500,0.192,46.211,5.000,102.0,47.0,12.051281929016113,-10.15384578704834
24.207,13:07:40.631,533.533,1.796,958.352,0.000,0.000,0.000,0.000,0.000,0.000,1.000,1.000,1.000,9.318,9.500,0.192,46.211,5.000,102.0,47.0,12.051281929016113,-10.15384578704834
24.352,13:07:40.695,533.534,1.806,963.778,0.000,0.000,0.000,0.000,0.000,0.000,1.000,1.000,1.000,9.318,9.500,0.192,46.211,5.000,102.0,47.0,12.051281929016113,-10.15384578704834
24.416,13:07:40.952,533.534,1.806,963.778,0.000,0.000,0.000,0.000,0.000,0.000,1.000,1.000,1.000,9.318,9.500,0.192,46.211,5.000,102.0,47.0,-11.076923370361328,13.282051086425781
24.671,13:07:41.095,533.534,1.806,963.778,0.000,0.000,0.000,0.000,0.000,0.000,1.000,1.000,0.000,9.699,9.700,0.200,46.224,5.000,102.0,47.0,-11.076923370361328,13.282051086425781
24.816,13:07:41.159,533.483,1.844,983.515,0.000,0.000,0.000,0.000,0.000,0.000,1.000,1.000,0.000,9.699,9.700,0.200,46.224,5.000,102.0,47.0,-11.076923370361328,13.282051086425781
24.879,13:07:41.223,533.483,1.844,983.515,0.000,0.000,0.000,0.000,0.000,0.000,1.000,1.000,0.000,9.699,9.700,0.200,46.224,5.000,102.0,47.0,-11.076923370361328,13.282051086425781
24.943,13:07:41.366,533.483,1.844,983.515,0.000,0.000,0.000,0.000,0.000,0.000,1.000,1.000,0.000,9.699,9.700,0.200,46.224,5.000,102.0,47.0,-11.076923370361328,13.282051086425781
25.088,13:07:41.432,533.483,1.844,983.515,0.000,0.000,0.000,0.000,0.000,0.000,1.000,1.000,0.000,9.699,9.700,0.200,46.224,5.000,102.0,47.0,-11.076923370361328,13.282051086425781
25.151,13:07:41.494,533.372,1.896,1011.223,0.000,0.000,0.000,0.000,0.000,0.000,1.000,1.000,0.000,9.699,9.700,0.200,46.224,5.000,102.0,47.0,-11.076923370361328,13.282051086425781
25.215,13:07:41.639,533.372,1.896,1011.223,0.000,0.000,0.000,0.000,0.000,0.000,1.000,1.000,1.000,9.900,9.900,0.204,46.243,5.000,102.0,47.0,-11.076923370361328,13.282051086425781
25.360,13:07:41.703,533.372,1.896,1011.223,0.000,0.000,0.000,0.000,0.000,0.000,1.000,1.000,1.000,9.900,9.900,0.204,46.243,5.000,102.0,47.0,-11.076923370361328,13.282051086425781
25.423,13:07:41.959,533.372,1.896,1011.223,0.000,0.000,0.000,0.000,0.000,0.000,1.000,1.000,1.000,9.900,9.900,0.204,46.243,5.000,102.0,47.0,-12.410256385803223,1.5897436141967773
25.680,13:07:42.102,533.396,1.891,1008.799,0.000,0.000,0.000,0.000,0.000,0.000,1.000,1.000,1.000,10.119,10.300,0.209,46.250,5.000,102.0,47.0,-12.410256385803223,1.5897436141967773
25.823,13:07:42.166,533.396,1.891,1008.799,0.000,0.000,0.000,0.000,0.000,0.000,1.000,1.000,1.000,10.119,10.300,0.209,46.250,5.000,102.0,47.0,-12.410256385803223,1.5897436141967773
25.886,13:07:42.230,533.396,1.891,1008.799,0.000,0.000,0.000,0.000,0.000,0.000,1.000,1.000,1.000,10.119,10.300,0.209,46.250,5.000,102.0,47.0,-12.410256385803223,1.5897436141967773
25.951,13:07:42.374,533.195,1.988,1060.042,0.000,0.000,0.000,0.000,0.000,0.000,1.000,1.000,1.000,10.919,11.100,0.225,46.085,5.000,102.0,47.0,-12.410256385803223,1.5897436141967773
26.095,13:07:42.439,533.195,1.988,1060.042,0.000,0.000,0.000,0.000,0.000,0.000,1.000,1.000,1.000,10.919,11.100,0.225,46.085,5.000,102.0,47.0,-12.410256385803223,1.5897436141967773
26.160,13:07:42.503,533.195,1.988,1060.042,0.000,0.000,0.000,0.000,0.000,0.000,1.000,1.000,1.000,10.919,11.100,0.225,46.085,5.000,102.0,47.0,-12.410256385803223,1.5897436141967773
26.222,13:07:42.646,533.195,1.988,1060.042,0.000,0.000,0.000,0.000,0.000,0.000,1.000,1.000,1.000,10.919,11.100,0.225,46.085,5.000,102.0,47.0,-12.410256385803223,1.5897436141967773
26.366,13:07:42.710,533.027,2.077,1107.286,0.000,0.000,0.000,0.000,0.000,0.000,1.000,1.000,1.000,10.919,11.100,0.225,46.085,5.000,102.0,47.0,-12.410256385803223,1.5897436141967773
26.431,13:07:42.966,533.027,2.077,1107.286,0.000,0.000,0.000,0.000,0.000,0.000,1.000,1.000,1.000,10.919,11.100,0.225,46.085,5.000,102.0,47.0,2.307692289352417,-13.64102554321289
26.687,13:07:43.126,533.027,2.077,1107.286,0.000,0.000,0.000,0.000,0.000,0.000,1.000,1.000,0.000,12.519,12.700,0.258,45.887,5.000,102.0,47.0,2.307692289352417,-13.64102554321289
26.847,13:07:43.190,532.817,2.181,1162.303,0.000,0.000,0.000,0.000,0.000,0.000,1.000,1.000,0.000,12.519,12.700,0.258,45.887,5.000,102.0,47.0,2.307692289352417,-13.64102554321289
26.910,13:07:43.253,532.817,2.181,1162.303,0.000,0.000,0.000,0.000,0.000,0.000,1.000,1.000,0.000,12.519,12.700,0.258,45.887,5.000,102.0,47.0,2.307692289352417,-13.64102554321289
26.974,13:07:43.397,532.817,2.181,1162.303,0.000,0.000,0.000,0.000,0.000,0.000,1.000,1.000,0.000,12.519,12.700,0.258,45.887,5.000,102.0,47.0,2.307692289352417,-13.64102554321289
27.118,13:07:43.462,532.817,2.181,1162.303,0.000,0.000,0.000,0.000,0.000,0.000,1.000,1.000,0.000,12.519,12.700,0.258,45.887,5.000,102.0,47.0,2.307692289352417,-13.64102554321289
27.182,13:07:43.526,532.606,2.290,1219.652,0.000,0.000,0.000,0.000,0.000,0.000,1.000,1.000,0.000,12.519,12.700,0.258,45.887,5.000,102.0,47.0,2.307692289352417,-13.64102554321289
27.247,13:07:43.669,532.606,2.290,1219.652,0.000,0.000,0.000,0.000,0.000,0.000,1.000,1.000,1.000,13.319,13.500,0.275,45.813,5.000,102.0,47.0,2.307692289352417,-13.64102554321289
27.390,13:07:43.734,532.606,2.290,1219.652,0.000,0.000,0.000,0.000,0.000,0.000,1.000,1.000,1.000,13.319,13.500,0.275,45.813,5.000,102.0,47.0,2.307692289352417,-13.64102554321289
27.454,13:07:43.990,532.606,2.290,1219.652,0.000,0.000,0.000,0.000,0.000,0.000,1.000,1.000,1.000,13.319,13.500,0.275,45.813,5.000,102.0,47.0,0.41025641560554504,13.076923370361328
27.710,13:07:44.133,532.565,2.295,1222.150,0.000,0.000,0.000,0.000,0.000,0.000,1.000,1.000,0.000,13.319,13.500,0.275,45.832,5.000,102.0,47.0,0.41025641560554504,13.076923370361328
27.853,13:07:44.197,532.565,2.295,1222.150,0.000,0.000,0.000,0.000,0.000,0.000,1.000,1.000,0.000,13.319,13.500,0.275,45.832,5.000,102.0,47.0,0.41025641560554504,13.076923370361328
27.917,13:07:44.260,532.565,2.295,1222.150,0.000,0.000,0.000,0.000,0.000,0.000,1.000,1.000,0.000,13.319,13.500,0.275,45.832,5.000,102.0,47.0,0.41025641560554504,13.076923370361328
27.982,13:07:44.405,532.320,2.410,1282.749,0.000,0.000,0.000,0.000,0.000,0.000,1.000,1.000,0.000,14.118,14.300,0.292,45.855,5.000,102.0,47.0,0.41025641560554504,13.076923370361328
28.125,13:07:44.469,532.320,2.410,1282.749,0.000,0.000,0.000,0.000,0.000,0.000,1.000,1.000,0.000,14.118,14.300,0.292,45.855,5.000,102.0,47.0,0.41025641560554504,13.076923370361328
28.189,13:07:44.533,532.320,2.410,1282.749,0.000,0.000,0.000,0.000,0.000,0.000,1.000,1.000,0.000,14.118,14.300,0.292,45.855,5.000,102.0,47.0,0.41025641560554504,13.076923370361328
28.253,13:07:44.677,532.320,2.410,1282.749,0.000,0.000,0.000,0.000,0.000,0.000,1.000,1.000,0.000,14.118,14.300,0.292,45.855,5.000,102.0,47.0,0.41025641560554504,13.076923370361328
28.398,13:07:44.741,532.057,2.547,1355.372,0.000,0.000,0.000,0.000,0.000,0.000,1.000,1.000,0.000,14.118,14.300,0.292,45.855,5.000,102.0,47.0,0.41025641560554504,13.076923370361328
28.462,13:07:44.997,532.057,2.547,1355.372,0.000,0.000,0.000,0.000,0.000,0.000,1.000,1.000,0.000,14.118,14.300,0.292,45.855,5.000,102.0,47.0,8.461538314819336,-15.435897827148438
28.717,13:07:45.140,532.057,2.547,1355.372,0.000,0.000,0.000,0.000,0.000,0.000,1.000,1.000,1.000,14.920,15.100,0.308,45.867,5.000,102.0,47.0,8.461538314819336,-15.435897827148438
28.861,13:07:45.205,531.820,2.697,1434.252,0.000,0.000,0.000,0.000,0.000,0.000,1.000,1.000,1.000,14.920,15.100,0.308,45.867,5.000,102.0,47.0,8.461538314819336,-15.435897827148438
28.924,13:07:45.268,531.820,2.697,1434.252,0.000,0.000,0.000,0.000,0.000,0.000,1.000,1.000,1.000,14.920,15.100,0.308,45.867,5.000,102.0,47.0,8.461538314819336,-15.435897827148438
28.988,13:07:45.412,531.820,2.697,1434.252,0.000,0.000,0.000,0.000,0.000,0.000,1.000,1.000,0.000,15.720,15.900,0.325,45.812,5.000,102.0,47.0,8.461538314819336,-15.435897827148438
29.133,13:07:45.477,531.820,2.697,1434.252,0.000,0.000,0.000,0.000,0.000,0.000,1.000,1.000,0.000,15.720,15.900,0.325,45.812,5.000,102.0,47.0,8.461538314819336,-15.435897827148438
29.197,13:07:45.540,531.773,2.725,1449.321,0.000,0.000,0.000,0.000,0.000,0.000,1.000,1.000,0.000,15.720,15.900,0.325,45.812,5.000,102.0,47.0,8.461538314819336,-15.435897827148438
29.261,13:07:45.684,531.773,2.725,1449.321,0.000,0.000,0.000,0.000,0.000,0.000,1.000,1.000,1.000,16.120,16.300,0.333,45.851,5.000,102.0,47.0,8.461538314819336,-15.435897827148438
29.404,13:07:45.748,531.773,2.725,1449.321,0.000,0.000,0.000,0.000,0.000,0.000,1.000,1.000,1.000,16.120,16.300,0.333,45.851,5.000,102.0,47.0,8.461538314819336,-15.435897827148438
29.468,13:07:46.004,531.773,2.725,1449.321,0.000,0.000,0.000,0.000,0.000,0.000,1.000,1.000,1.000,16.120,16.300,0.333,45.851,5.000,102.0,47.0,-8.35897445678711,-8.15384578704834
29.724,13:07:46.147,531.644,2.815,1496.647,0.000,0.000,0.000,0.000,0.000,0.000,1.000,1.000,0.000,16.519,16.700,0.342,45.872,5.000,102.0,47.0,-8.35897445678711,-8.15384578704834
29.868,13:07:46.211,531.644,2.815,1496.647,0.000,0.000,0.000,0.000,0.000,0.000,1.000,1.000,0.000,16.519,16.700,0.342,45.872,5.000,102.0,47.0,-8.35897445678711,-8.15384578704834
29.932,13:07:46.275,531.644,2.815,1496.647,0.000,0.000,0.000,0.000,0.000,0.000,1.000,1.000,0.000,16.519,16.700,0.342,45.872,5.000,102.0,47.0,-8.35897445678711,-8.15384578704834
29.996,13:07:46.420,531.644,2.815,1496.647,0.000,0.000,0.000,0.000,0.000,0.000,1.000,1.000,0.000,16.919,17.100,0.350,45.670,5.000,102.0,47.0,-8.35897445678711,-8.15384578704834
30.140,13:07:46.483,531.505,2.865,1523.023,0.000,0.000,0.000,0.000,0.000,0.000,1.000,1.000,0.000,16.919,17.100,0.350,45.670,5.000,102.0,47.0,-8.35897445678711,-8.15384578704834
30.204,13:07:46.547,531.505,2.865,1523.023,0.000,0.000,0.000,0.000,0.000,0.000,1.000,1.000,0.000,16.919,17.100,0.350,45.670,5.000,102.0,47.0,-8.35897445678711,-8.15384578704834
30.269,13:07:46.691,531.505,2.865,1523.023,0.000,0.000,0.000,0.000,0.000,0.000,1.000,1.000,0.000,16.919,17.100,0.350,45.670,5.000,102.0,47.0,-8.35897445678711,-8.15384578704834
30.412,13:07:46.755,531.036,3.076,1633.270,0.000,0.000,0.000,0.000,0.000,0.000,1.000,1.000,0.000,16.919,17.100,0.350,45.670,5.000,102.0,47.0,-8.35897445678711,-8.15384578704834
30.476,13:07:47.012,531.036,3.076,1633.270,0.000,0.000,0.000,0.000,0.000,0.000,1.000,1.000,0.000,16.919,17.100,0.350,45.670,5.000,102.0,47.0,13.48717975616455,-17.538461685180664
30.732,13:07:47.156,531.036,3.076,1633.270,0.000,0.000,0.000,0.000,0.000,0.000,1.000,1.000,0.000,17.718,17.900,0.367,45.469,5.000,102.0,47.0,13.48717975616455,-17.538461685180664
30.875,13:07:47.219,531.156,3.049,1619.443,0.000,0.000,0.000,0.000,0.000,0.000,1.000,1.000,0.000,17.718,17.900,0.367,45.469,5.000,102.0,47.0,13.48717975616455,-17.538461685180664
30.939,13:07:47.283,531.156,3.049,1619.443,0.000,0.000,0.000,0.000,0.000,0.000,1.000,1.000,0.000,17.718,17.900,0.367,45.469,5.000,102.0,47.0,13.48717975616455,-17.538461685180664
31.003,13:07:47.427,531.156,3.049,1619.443,0.000,0.000,0.000,0.000,0.000,0.000,1.000,1.000,0.000,17.718,17.900,0.367,45.429,5.000,102.0,47.0,13.48717975616455,-17.538461685180664
31.147,13:07:47.491,531.156,3.049,1619.443,0.000,0.000,0.000,0.000,0.000,0.000,1.000,1.000,0.000,17.718,17.900,0.367,45.429,5.000,102.0,47.0,13.48717975616455,-17.538461685180664
31.212,13:07:47.555,531.156,3.049,1619.443,0.000,0.000,0.000,0.000,0.000,0.000,1.000,1.000,0.000,17.718,17.900,0.367,45.429,5.000,102.0,47.0,13.48717975616455,-17.538461685180664
31.276,13:07:47.700,530.844,3.198,1697.409,0.000,0.000,0.000,0.000,0.000,0.000,1.000,1.000,0.000,18.519,18.700,0.384,45.364,5.000,102.0,47.0,13.48717975616455,-17.538461685180664
31.419,13:07:47.763,530.844,3.198,1697.409,0.000,0.000,0.000,0.000,0.000,0.000,1.000,1.000,0.000,18.519,18.700,0.384,45.364,5.000,102.0,47.0,13.48717975616455,-17.538461685180664
31.483,13:07:48.019,530.844,3.198,1697.409,0.000,0.000,0.000,0.000,0.000,0.000,1.000,1.000,0.000,18.519,18.700,0.384,45.364,5.000,102.0,47.0,8.461538314819336,-17.743589401245117
31.739,13:07:48.162,530.593,3.370,1788.194,0.000,0.000,0.000,0.000,0.000,0.000,1.000,1.000,0.000,19.318,19.500,0.400,45.335,5.000,102.0,47.0,8.461538314819336,-17.743589401245117
31.882,13:07:48.226,530.593,3.370,1788.194,0.000,0.000,0.000,0.000,0.000,0.000,1.000,1.000,0.000,19.318,19.500,0.400,45.335,5.000,102.0,47.0,8.461538314819336,-17.743589401245117
31.947,13:07:48.291,530.593,3.370,1788.194,0.000,0.000,0.000,0.000,0.000,0.000,1.000,1.000,0.000,19.318,19.500,0.400,45.335,5.000,102.0,47.0,8.461538314819336,-17.743589401245117
32.011,13:07:48.435,530.593,3.370,1788.194,0.000,0.000,0.000,0.000,0.000,0.000,1.000,1.000,0.000,20.119,20.300,0.417,45.356,5.000,102.0,47.0,8.461538314819336,-17.743589401245117
32.155,13:07:48.498,530.209,3.556,1885.251,0.000,0.000,0.000,0.000,0.000,0.000,1.000,1.000,0.000,20.119,20.300,0.417,45.356,5.000,102.0,47.0,8.461538314819336,-17.743589401245117
32.218,13:07:48.562,530.209,3.556,1885.251,0.000,0.000,0.000,0.000,0.000,0.000,1.000,1.000,0.000,20.119,20.300,0.417,45.356,5.000,102.0,47.0,8.461538314819336,-17.743589401245117
32.283,13:07:48.706,530.209,3.556,1885.251,0.000,0.000,0.000,0.000,0.000,0.000,1.000,1.000,0.000,20.119,20.300,0.417,45.356,5.000,102.0,47.0,8.461538314819336,-17.743589401245117
32.427,13:07:48.771,530.209,3.556,1885.251,0.000,0.000,0.000,0.000,0.000,0.000,1.000,1.000,0.000,20.119,20.300,0.417,45.356,5.000,102.0,47.0,8.461538314819336,-17.743589401245117
32.491,13:07:49.026,529.818,3.762,1993.413,0.000,0.000,0.000,0.000,0.000,0.000,1.000,1.000,0.000,20.119,20.300,0.417,45.356,5.000,102.0,47.0,-12.461538314819336,-1.1282051801681519
32.746,13:07:49.170,529.818,3.762,1993.413,0.000,0.000,0.000,0.000,0.000,0.000,1.000,1.000,0.000,20.918,21.100,0.434,45.351,5.000,102.0,47.0,-12.461538314819336,-1.1282051801681519
32.890,13:07:49.233,529.424,3.975,2104.641,0.000,0.000,0.000,0.000,0.000,0.000,1.000,1.000,0.000,20.918,21.100,0.434,45.351,5.000,102.0,47.0,-12.461538314819336,-1.1282051801681519
32.954,13:07:49.297,529.424,3.975,2104.641,0.000,0.000,0.000,0.000,0.000,0.000,1.000,1.000,0.000,20.918,21.100,0.434,45.351,5.000,102.0,47.0,-12.461538314819336,-1.1282051801681519
33.018,13:07:49.442,529.424,3.975,2104.641,0.000,0.000,0.000,0.000,0.000,0.000,1.000,1.000,0.000,21.719,21.900,0.451,45.413,5.000,102.0,47.0,-12.461538314819336,-1.1282051801681519
33.162,13:07:49.506,529.424,3.975,2104.641,0.000,0.000,0.000,0.000,0.000,0.000,1.000,1.000,0.000,21.719,21.900,0.451,45.413,5.000,102.0,47.0,-12.461538314819336,-1.1282051801681519
33.227,13:07:49.570,529.424,3.975,2104.641,0.000,0.000,0.000,0.000,0.000,0.000,1.000,1.000,0.000,21.719,21.900,0.451,45.413,5.000,102.0,47.0,-12.461538314819336,-1.1282051801681519
33.291,13:07:49.714,529.004,4.186,2214.398,0.000,0.000,0.000,0.000,0.000,0.000,1.000,1.000,0.000,22.518,22.700,0.468,45.632,5.000,102.0,47.0,-12.461538314819336,-1.1282051801681519
33.434,13:07:49.778,529.004,4.186,2214.398,0.000,0.000,0.000,0.000,0.000,0.000,1.000,1.000,0.000,22.518,22.700,0.468,45.632,5.000,102.0,47.0,-12.461538314819336,-1.1282051801681519
33.497,13:07:50.034,529.004,4.186,2214.398,0.000,0.000,0.000,0.000,0.000,0.000,1.000,1.000,0.000,22.518,22.700,0.468,45.632,5.000,102.0,47.0,15.79487133026123,-17.94871711730957
33.754,13:07:50.177,528.590,4.421,2336.858,0.000,0.000,0.000,0.000,0.000,0.000,1.000,1.000,0.000,23.319,23.500,0.485,45.801,5.000,102.0,47.0,15.79487133026123,-17.94871711730957
33.897,13:07:50.241,528.590,4.421,2336.858,0.000,0.000,0.000,0.000,0.000,0.000,1.000,1.000,0.000,23.319,23.500,0.485,45.801,5.000,102.0,47.0,15.79487133026123,-17.94871711730957
33.962,13:07:50.305,528.590,4.421,2336.858,0.000,0.000,0.000,0.000,0.000,0.000,1.000,1.000,0.000,23.319,23.500,0.485,45.801,5.000,102.0,47.0,15.79487133026123,-17.94871711730957
34.026,13:07:50.449,528.590,4.421,2336.858,0.000,0.000,0.000,0.000,0.000,0.000,1.000,1.000,0.000,24.119,24.300,0.502,45.997,5.000,102.0,47.0,15.79487133026123,-17.94871711730957
34.169,13:07:50.513,528.083,4.685,2474.329,0.000,0.000,0.000,0.000,0.000,0.000,1.000,1.000,0.000,24.119,24.300,0.502,45.997,5.000,102.0,47.0,15.79487133026123,-17.94871711730957
34.233,13:07:50.577,528.083,4.685,2474.329,0.000,0.000,0.000,0.000,0.000,0.000,1.000,1.000,0.000,24.119,24.300,0.502,45.997,5.000,102.0,47.0,15.79487133026123,-17.94871711730957
34.298,13:07:50.720,528.083,4.685,2474.329,0.000,0.000,0.000,0.000,0.000,0.000,1.000,1.000,0.000,24.119,24.300,0.502,45.997,5.000,102.0,47.0,15.79487133026123,-17.94871711730957
34.441,13:07:50.785,528.083,4.685,2474.329,0.000,0.000,0.000,0.000,0.000,0.000,1.000,1.000,0.000,24.119,24.300,0.502,45.997,5.000,102.0,47.0,15.79487133026123,-17.94871711730957
34.505,13:07:51.041,527.527,4.993,2634.188,0.000,0.000,0.000,0.000,0.000,0.000,1.000,1.000,0.000,24.119,24.300,0.502,45.997,5.000,102.0,47.0,-14.20512866973877,17.487178802490234
34.761,13:07:51.185,527.527,4.993,2634.188,0.000,0.000,0.000,0.000,0.000,0.000,1.000,1.000,0.000,24.918,25.100,0.520,46.169,5.000,102.0,47.0,-14.20512866973877,17.487178802490234
34.905,13:07:51.248,527.031,5.289,2787.682,0.000,0.000,0.000,0.000,0.000,0.000,1.000,1.000,0.000,24.918,25.100,0.520,46.169,5.000,102.0,47.0,-14.20512866973877,17.487178802490234
34.969,13:07:51.312,527.031,5.289,2787.682,0.000,0.000,0.000,0.000,0.000,0.000,1.000,1.000,0.000,24.918,25.100,0.520,46.169,5.000,102.0,47.0,-14.20512866973877,17.487178802490234
35.033,13:07:51.457,527.031,5.289,2787.682,0.000,0.000,0.000,0.000,0.000,0.000,1.000,1.000,0.000,25.719,25.900,0.537,46.263,5.000,102.0,47.0,-14.20512866973877,17.487178802490234
35.176,13:07:51.520,527.031,5.289,2787.682,0.000,0.000,0.000,0.000,0.000,0.000,1.000,1.000,0.000,25.719,25.900,0.537,46.263,5.000,102.0,47.0,-14.20512866973877,17.487178802490234
35.241,13:07:51.584,527.031,5.289,2787.682,0.000,0.000,0.000,0.000,0.000,0.000,1.000,1.000,0.000,25.719,25.900,0.537,46.263,5.000,102.0,47.0,-14.20512866973877,17.487178802490234
35.305,13:07:51.728,526.514,5.593,2944.880,0.000,0.000,0.000,0.000,0.000,0.000,1.000,1.000,0.000,26.518,26.700,0.554,46.430,5.000,102.0,47.0,-14.20512866973877,17.487178802490234
35.449,13:07:51.793,526.514,5.593,2944.880,0.000,0.000,0.000,0.000,0.000,0.000,1.000,1.000,0.000,26.518,26.700,0.554,46.430,5.000,102.0,47.0,-14.20512866973877,17.487178802490234
35.513,13:07:52.048,526.514,5.593,2944.880,0.000,0.000,0.000,0.000,0.000,0.000,1.000,1.000,0.000,26.518,26.700,0.554,46.430,5.000,102.0,47.0,-12.769230842590332,-17.743589401245117
35.768,13:07:52.192,525.916,5.939,3123.364,0.000,0.000,0.000,0.000,0.000,0.000,1.000,1.000,0.000,27.319,27.500,0.571,46.511,5.000,102.0,47.0,-12.769230842590332,-17.743589401245117
35.912,13:07:52.255,525.916,5.939,3123.364,0.000,0.000,0.000,0.000,0.000,0.000,1.000,1.000,0.000,27.319,27.500,0.571,46.511,5.000,102.0,47.0,-12.769230842590332,-17.743589401245117
35.976,13:07:52.320,525.916,5.939,3123.364,0.000,0.000,0.000,0.000,0.000,0.000,1.000,1.000,0.000,27.319,27.500,0.571,46.511,5.000,102.0,47.0,-12.769230842590332,-17.743589401245117
36.041,13:07:52.464,525.916,5.939,3123.364,0.000,0.000,0.000,0.000,0.000,0.000,1.000,1.000,0.000,27.719,27.900,0.580,46.617,5.000,102.0,47.0,-12.769230842590332,-17.743589401245117
36.184,13:07:52.527,525.441,6.214,3265.114,0.000,0.000,0.000,0.000,0.000,0.000,1.000,1.000,0.000,27.719,27.900,0.580,46.617,5.000,102.0,47.0,-12.769230842590332,-17.743589401245117
36.248,13:07:52.591,525.441,6.214,3265.114,0.000,0.000,0.000,0.000,0.000,0.000,1.000,1.000,0.000,27.719,27.900,0.580,46.617,5.000,102.0,47.0,-12.769230842590332,-17.743589401245117
36.313,13:07:52.737,525.441,6.214,3265.114,0.000,0.000,0.000,0.000,0.000,0.000,1.000,1.000,0.000,27.719,27.900,0.580,46.617,5.000,102.0,47.0,-12.769230842590332,-17.743589401245117
36.456,13:07:52.800,525.441,6.214,3265.114,0.000,0.000,0.000,0.000,0.000,0.000,1.000,1.000,0.000,27.719,27.900,0.580,46.617,5.000,102.0,47.0,-12.769230842590332,-17.743589401245117
36.520,13:07:53.055,524.892,6.572,3449.728,0.000,0.000,0.000,0.000,0.000,0.000,1.000,1.000,0.000,27.719,27.900,0.580,46.617,5.000,102.0,47.0,-7.025640964508057,19.0256404876709
36.776,13:07:53.199,524.892,6.572,3449.728,0.000,0.000,0.000,0.000,0.000,0.000,1.000,1.000,0.000,28.518,28.700,0.598,46.672,5.000,102.0,47.0,-7.025640964508057,19.0256404876709
36.919,13:07:53.263,523.522,7.406,3877.295,0.000,0.000,0.000,0.000,0.000,0.000,1.000,1.000,0.000,28.518,28.700,0.598,46.672,5.000,102.0,47.0,-7.025640964508057,19.0256404876709
36.983,13:07:53.327,523.522,7.406,3877.295,0.000,0.000,0.000,0.000,0.000,0.000,1.000,1.000,0.000,28.518,28.700,0.598,46.672,5.000,102.0,47.0,-7.025640964508057,19.0256404876709
37.048,13:07:53.472,523.522,7.406,3877.295,0.000,0.000,0.000,0.000,0.000,0.000,1.000,1.000,0.000,29.319,29.500,0.616,46.774,5.000,102.0,47.0,-7.025640964508057,19.0256404876709
37.192,13:07:53.536,523.522,7.406,3877.295,0.000,0.000,0.000,0.000,0.000,0.000,1.000,1.000,0.000,29.319,29.500,0.616,46.774,5.000,102.0,47.0,-7.025640964508057,19.0256404876709
37.256,13:07:53.599,523.522,7.406,3877.295,0.000,0.000,0.000,0.000,0.000,0.000,1.000,1.000,0.000,29.319,29.500,0.616,46.774,5.000,102.0,47.0,-7.025640964508057,19.0256404876709
37.319,13:07:53.742,523.522,7.406,3877.295,0.000,0.000,0.000,0.000,0.000,0.000,1.000,1.000,0.000,30.118,30.300,0.636,46.880,5.000,102.0,47.0,-7.025640964508057,19.0256404876709
37.464,13:07:53.808,521.220,8.816,4594.853,0.000,0.000,0.000,0.000,0.000,0.000,1.000,1.000,0.000,30.118,30.300,0.636,46.880,5.000,102.0,47.0,-7.025640964508057,19.0256404876709
37.527,13:07:54.064,521.220,8.816,4594.853,0.000,0.000,0.000,0.000,0.000,0.000,1.000,1.000,0.000,30.118,30.300,0.636,46.880,5.000,102.0,47.0,-5.794871807098389,22.820512771606445
37.783,13:07:54.207,519.634,9.772,5078.045,0.000,0.000,0.000,0.000,0.000,0.000,1.000,1.000,0.000,30.919,31.100,0.654,47.002,5.000,102.0,47.0,-5.794871807098389,22.820512771606445
37.927,13:07:54.270,519.634,9.772,5078.045,0.000,0.000,0.000,0.000,0.000,0.000,1.000,1.000,0.000,30.919,31.100,0.654,47.002,5.000,102.0,47.0,-5.794871807098389,22.820512771606445
37.991,13:07:54.335,519.634,9.772,5078.045,0.000,0.000,0.000,0.000,0.000,0.000,1.000,1.000,0.000,30.919,31.100,0.654,47.002,5.000,102.0,47.0,-5.794871807098389,22.820512771606445
38.056,13:07:54.479,519.634,9.772,5078.045,0.000,0.000,0.000,0.000,0.000,0.000,1.000,1.000,0.000,30.919,31.100,0.654,47.002,5.000,102.0,47.0,-5.794871807098389,22.820512771606445
38.198,13:07:54.542,518.771,10.324,5355.606,0.000,0.000,0.000,0.000,0.000,0.000,1.000,1.000,0.000,30.919,31.100,0.654,47.002,5.000,102.0,47.0,-5.794871807098389,22.820512771606445
38.263,13:07:54.607,518.771,10.324,5355.606,0.000,0.000,0.000,0.000,0.000,0.000,1.000,1.000,0.000,30.919,31.100,0.654,47.002,5.000,102.0,47.0,-5.794871807098389,22.820512771606445
38.327,13:07:54.750,518.771,10.324,5355.606,0.000,0.000,0.000,0.000,0.000,0.000,1.000,1.000,0.000,31.319,31.500,0.664,47.153,5.000,102.0,47.0,-5.794871807098389,22.820512771606445
38.471,13:07:54.815,518.771,10.324,5355.606,0.000,0.000,0.000,0.000,0.000,0.000,1.000,1.000,0.000,31.319,31.500,0.664,47.153,5.000,102.0,47.0,-5.794871807098389,22.820512771606445
38.535,13:07:55.070,518.771,10.324,5355.606,0.000,0.000,0.000,0.000,0.000,0.000,1.000,1.000,0.000,31.319,31.500,0.664,47.153,5.000,102.0,47.0,21.94871711730957,-5.897435665130615
38.791,13:07:55.214,518.208,10.643,5515.331,0.000,0.000,0.000,0.000,0.000,0.000,1.000,1.000,0.000,31.718,31.900,0.673,47.297,5.000,102.0,47.0,21.94871711730957,-5.897435665130615
38.934,13:07:55.278,518.208,10.643,5515.331,0.000,0.000,0.000,0.000,0.000,0.000,1.000,1.000,0.000,31.718,31.900,0.673,47.297,5.000,102.0,47.0,21.94871711730957,-5.897435665130615
38.998,13:07:55.341,517.418,11.133,5760.423,0.000,0.000,0.000,0.000,0.000,0.000,1.000,1.000,0.000,31.718,31.900,0.673,47.297,5.000,102.0,47.0,21.94871711730957,-5.897435665130615
39.063,13:07:55.486,517.418,11.133,5760.423,0.000,0.000,0.000,0.000,0.000,0.000,1.000,1.000,0.000,32.520,32.700,0.691,47.422,5.000,102.0,47.0,21.94871711730957,-5.897435665130615
39.207,13:07:55.550,517.418,11.133,5760.423,0.000,0.000,0.000,0.000,0.000,0.000,1.000,1.000,0.000,32.520,32.700,0.691,47.422,5.000,102.0,47.0,21.94871711730957,-5.897435665130615
39.270,13:07:55.614,517.418,11.133,5760.423,0.000,0.000,0.000,0.000,0.000,0.000,1.000,1.000,0.000,32.520,32.700,0.691,47.422,5.000,102.0,47.0,21.94871711730957,-5.897435665130615
39.334,13:07:55.757,517.418,11.133,5760.423,0.000,0.000,0.000,0.000,0.000,0.000,1.000,1.000,0.000,33.318,33.500,0.710,47.604,5.000,102.0,47.0,21.94871711730957,-5.897435665130615
39.478,13:07:55.822,516.454,11.704,6044.459,0.000,0.000,0.000,0.000,0.000,0.000,1.000,1.000,0.000,33.318,33.500,0.710,47.604,5.000,102.0,47.0,21.94871711730957,-5.897435665130615
39.542,13:07:56.078,516.454,11.704,6044.459,0.000,0.000,0.000,0.000,0.000,0.000,1.000,1.000,0.000,33.318,33.500,0.710,47.604,5.000,102.0,47.0,14.0,-26.41025733947754
39.798,13:07:56.222,514.923,12.602,6488.899,0.000,0.000,0.000,0.000,0.000,0.000,1.000,1.000,0.000,34.119,34.300,0.729,47.710,5.000,102.0,47.0,14.0,-26.41025733947754
39.942,13:07:56.285,514.923,12.602,6488.899,0.000,0.000,0.000,0.000,0.000,0.000,1.000,1.000,0.000,34.119,34.300,0.729,47.710,5.000,102.0,47.0,14.0,-26.41025733947754
40.006,13:07:56.350,514.923,12.602,6488.899,0.000,0.000,0.000,0.000,0.000,0.000,1.000,1.000,0.000,34.119,34.300,0.729,47.710,5.000,102.0,47.0,14.0,-26.41025733947754
40.071,13:07:56.493,514.923,12.602,6488.899,0.000,0.000,0.000,0.000,0.000,0.000,1.000,1.000,0.000,34.119,34.300,0.729,47.710,5.000,102.0,47.0,14.0,-26.41025733947754
40.214,13:07:56.558,513.603,13.386,6875.208,0.000,0.000,0.000,0.000,0.000,0.000,1.000,1.000,0.000,34.119,34.300,0.729,47.710,5.000,102.0,47.0,14.0,-26.41025733947754
40.278,13:07:56.621,513.603,13.386,6875.208,0.000,0.000,0.000,0.000,0.000,0.000,1.000,1.000,0.000,34.119,34.300,0.729,47.710,5.000,102.0,47.0,14.0,-26.41025733947754
40.342,13:07:56.766,513.603,13.386,6875.208,0.000,0.000,0.000,0.000,0.000,0.000,1.000,1.000,0.000,34.920,35.100,0.748,47.864,5.000,102.0,47.0,14.0,-26.41025733947754
40.486,13:07:56.829,513.603,13.386,6875.208,0.000,0.000,0.000,0.000,0.000,0.000,1.000,1.000,0.000,34.920,35.100,0.748,47.864,5.000,102.0,47.0,14.0,-26.41025733947754
40.549,13:07:57.085,513.603,13.386,6875.208,0.000,0.000,0.000,0.000,0.000,0.000,1.000,1.000,0.000,34.920,35.100,0.748,47.864,5.000,102.0,47.0,24.66666603088379,-1.5384615659713745
40.805,13:07:57.229,512.210,14.230,7288.922,0.000,0.000,0.000,0.000,0.000,0.000,1.000,1.000,0.000,35.718,35.900,0.767,48.056,5.000,102.0,47.0,24.66666603088379,-1.5384615659713745
40.949,13:07:57.292,512.210,14.230,7288.922,0.000,0.000,0.000,0.000,0.000,0.000,1.000,1.000,0.000,35.718,35.900,0.767,48.056,5.000,102.0,47.0,24.66666603088379,-1.5384615659713745
41.013,13:07:57.357,510.554,15.156,7738.123,0.000,0.000,0.000,0.000,0.000,0.000,1.000,1.000,0.000,35.718,35.900,0.767,48.056,5.000,102.0,47.0,24.66666603088379,-1.5384615659713745
41.078,13:07:57.500,510.554,15.156,7738.123,0.000,0.000,0.000,0.000,0.000,0.000,1.000,1.000,0.000,36.519,36.700,0.787,48.200,5.000,102.0,47.0,24.66666603088379,-1.5384615659713745
41.221,13:07:57.565,510.554,15.156,7738.123,0.000,0.000,0.000,0.000,0.000,0.000,1.000,1.000,0.000,36.519,36.700,0.787,48.200,5.000,102.0,47.0,24.66666603088379,-1.5384615659713745
41.286,13:07:57.629,510.554,15.156,7738.123,0.000,0.000,0.000,0.000,0.000,0.000,1.000,1.000,0.000,36.519,36.700,0.787,48.200,5.000,102.0,47.0,24.66666603088379,-1.5384615659713745
41.349,13:07:57.773,510.554,15.156,7738.123,0.000,0.000,0.000,0.000,0.000,0.000,1.000,1.000,0.000,37.318,37.500,0.807,48.363,5.000,102.0,47.0,24.66666603088379,-1.5384615659713745
41.493,13:07:57.836,508.762,16.144,8213.646,0.000,0.000,0.000,0.000,0.000,0.000,1.000,1.000,0.000,37.318,37.500,0.807,48.363,5.000,102.0,47.0,24.66666603088379,-1.5384615659713745
41.558,13:07:58.092,508.762,16.144,8213.646,0.000,0.000,0.000,0.000,0.000,0.000,1.000,1.000,0.000,37.318,37.500,0.807,48.363,5.000,102.0,47.0,-15.076923370361328,-15.025641441345215
41.813,13:07:58.236,506.792,17.219,8726.636,0.000,0.000,0.000,0.000,0.000,0.000,1.000,1.000,0.000,38.119,38.300,0.827,48.405,5.000,102.0,47.0,-15.076923370361328,-15.025641441345215
41.957,13:07:58.300,506.792,17.219,8726.636,0.000,0.000,0.000,0.000,0.000,0.000,1.000,1.000,0.000,38.119,38.300,0.827,48.405,5.000,102.0,47.0,-15.076923370361328,-15.025641441345215
42.020,13:07:58.364,506.792,17.219,8726.636,0.000,0.000,0.000,0.000,0.000,0.000,1.000,1.000,0.000,38.119,38.300,0.827,48.405,5.000,102.0,47.0,-15.076923370361328,-15.025641441345215
42.084,13:07:58.508,506.792,17.219,8726.636,0.000,0.000,0.000,0.000,0.000,0.000,1.000,1.000,0.000,38.119,38.300,0.827,48.405,5.000,102.0,47.0,-15.076923370361328,-15.025641441345215
42.228,13:07:58.571,504.699,18.311,9241.354,0.000,0.000,0.000,0.000,0.000,0.000,1.000,1.000,0.000,38.119,38.300,0.827,48.405,5.000,102.0,47.0,-15.076923370361328,-15.025641441345215
42.293,13:07:58.636,504.699,18.311,9241.354,0.000,0.000,0.000,0.000,0.000,0.000,1.000,1.000,0.000,38.119,38.300,0.827,48.405,5.000,102.0,47.0,-15.076923370361328,-15.025641441345215
42.357,13:07:58.780,504.699,18.311,9241.354,0.000,0.000,0.000,0.000,0.000,0.000,1.000,1.000,0.000,38.918,39.100,0.848,48.376,5.000,102.0,47.0,-15.076923370361328,-15.025641441345215
42.501,13:07:58.844,504.699,18.311,9241.354,0.000,0.000,0.000,0.000,0.000,0.000,1.000,1.000,0.000,38.918,39.100,0.848,48.376,5.000,102.0,47.0,-15.076923370361328,-15.025641441345215
42.564,13:07:59.100,504.699,18.311,9241.354,0.000,0.000,0.000,0.000,0.000,0.000,1.000,1.000,0.000,38.918,39.100,0.848,48.376,5.000,102.0,47.0,29.897436141967773,-2.923076868057251
42.821,13:07:59.243,502.394,19.523,9808.244,0.000,0.000,0.000,0.000,0.000,0.000,1.000,1.000,0.000,39.719,39.900,0.870,48.453,5.000,102.0,47.0,29.897436141967773,-2.923076868057251
42.964,13:07:59.307,502.394,19.523,9808.244,0.000,0.000,0.000,0.000,0.000,0.000,1.000,1.000,0.000,39.719,39.900,0.870,48.453,5.000,102.0,47.0,29.897436141967773,-2.923076868057251
43.028,13:07:59.372,500.015,20.733,10366.628,0.000,0.000,0.000,0.000,0.000,0.000,1.000,1.000,0.000,39.719,39.900,0.870,48.453,5.000,102.0,47.0,29.897436141967773,-2.923076868057251
43.092,13:07:59.516,500.015,20.733,10366.628,0.000,0.000,0.000,0.000,0.000,0.000,1.000,1.000,0.000,40.519,40.700,0.891,48.492,5.000,102.0,47.0,29.897436141967773,-2.923076868057251
43.236,13:07:59.579,500.015,20.733,10366.628,0.000,0.000,0.000,0.000,0.000,0.000,1.000,1.000,0.000,40.519,40.700,0.891,48.492,5.000,102.0,47.0,29.897436141967773,-2.923076868057251
43.300,13:07:59.644,500.015,20.733,10366.628,0.000,0.000,0.000,0.000,0.000,0.000,1.000,1.000,0.000,40.519,40.700,0.891,48.492,5.000,102.0,47.0,29.897436141967773,-2.923076868057251
43.363,13:07:59.787,500.015,20.733,10366.628,0.000,0.000,0.000,0.000,0.000,0.000,1.000,1.000,0.000,41.318,41.500,0.914,48.529,5.000,102.0,47.0,29.897436141967773,-2.923076868057251
43.508,13:07:59.852,497.475,21.976,10932.551,0.000,0.000,0.000,0.000,0.000,0.000,1.000,1.000,0.000,41.318,41.500,0.914,48.529,5.000,102.0,47.0,29.897436141967773,-2.923076868057251
43.572,13:08:00.107,497.475,21.976,10932.551,0.000,0.000,0.000,0.000,0.000,0.000,1.000,1.000,0.000,41.318,41.500,0.914,48.529,5.000,102.0,47.0,-26.615385055541992,31.538461685180664
43.828,13:08:00.250,494.850,23.206,11483.656,0.000,0.000,0.000,0.000,0.000,0.000,1.000,1.000,0.000,42.119,42.300,0.936,48.657,5.000,102.0,47.0,-26.615385055541992,31.538461685180664
43.971,13:08:00.314,494.850,23.206,11483.656,0.000,0.000,0.000,0.000,0.000,0.000,1.000,1.000,0.000,42.119,42.300,0.936,48.657,5.000,102.0,47.0,-26.615385055541992,31.538461685180664
44.035,13:08:00.378,494.850,23.206,11483.656,0.000,0.000,0.000,0.000,0.000,0.000,1.000,1.000,0.000,42.119,42.300,0.936,48.657,5.000,102.0,47.0,-26.615385055541992,31.538461685180664
44.099,13:08:00.522,494.850,23.206,11483.656,0.000,0.000,0.000,0.000,0.000,0.000,1.000,1.000,0.000,42.119,42.300,0.936,48.657,5.000,102.0,47.0,-26.615385055541992,31.538461685180664
44.243,13:08:00.586,492.196,24.424,12021.315,0.000,0.000,0.000,0.000,0.000,0.000,1.000,1.000,0.000,42.119,42.300,0.936,48.657,5.000,102.0,47.0,-26.615385055541992,31.538461685180664
44.308,13:08:00.651,492.196,24.424,12021.315,0.000,0.000,0.000,0.000,0.000,0.000,1.000,1.000,0.000,42.119,42.300,0.936,48.657,5.000,102.0,47.0,-26.615385055541992,31.538461685180664
44.371,13:08:00.795,492.196,24.424,12021.315,0.000,0.000,0.000,0.000,0.000,0.000,1.000,1.000,0.000,42.918,43.100,0.940,48.814,5.000,102.0,47.0,-26.615385055541992,31.538461685180664
44.515,13:08:00.858,492.196,24.424,12021.315,0.000,0.000,0.000,0.000,0.000,0.000,1.000,1.000,0.000,42.918,43.100,0.940,48.814,5.000,102.0,47.0,-26.615385055541992,31.538461685180664
44.579,13:08:01.115,492.196,24.424,12021.315,0.000,0.000,0.000,0.000,0.000,0.000,1.000,1.000,0.000,42.918,43.100,0.940,48.814,5.000,102.0,47.0,36.10256576538086,-16.564102172851562
44.836,13:08:01.258,489.289,25.717,12583.225,0.000,0.000,0.000,0.000,0.000,0.000,1.000,1.000,0.000,43.719,43.900,0.940,49.113,5.000,102.0,47.0,36.10256576538086,-16.564102172851562
44.979,13:08:01.322,489.289,25.717,12583.225,0.000,0.000,0.000,0.000,0.000,0.000,1.000,1.000,0.000,43.719,43.900,0.940,49.113,5.000,102.0,47.0,36.10256576538086,-16.564102172851562
45.043,13:08:01.387,489.289,25.717,12583.225,0.000,0.000,0.000,0.000,0.000,0.000,1.000,1.000,0.000,43.719,43.900,0.940,49.113,5.000,102.0,47.0,36.10256576538086,-16.564102172851562
45.107,13:08:01.531,486.180,27.047,13149.639,0.000,0.000,0.000,0.000,0.000,0.000,1.000,1.000,0.000,44.518,44.700,0.940,49.333,5.000,102.0,47.0,36.10256576538086,-16.564102172851562
45.250,13:08:01.594,486.180,27.047,13149.639,0.000,0.000,0.000,0.000,0.000,0.000,1.000,1.000,0.000,44.518,44.700,0.940,49.333,5.000,102.0,47.0,36.10256576538086,-16.564102172851562
45.314,13:08:01.657,486.180,27.047,13149.639,0.000,0.000,0.000,0.000,0.000,0.000,1.000,1.000,0.000,44.518,44.700,0.940,49.333,5.000,102.0,47.0,36.10256576538086,-16.564102172851562
45.378,13:08:01.802,486.180,27.047,13149.639,0.000,0.000,0.000,0.000,0.000,0.000,1.000,1.000,0.000,44.518,44.700,0.940,49.333,5.000,102.0,47.0,36.10256576538086,-16.564102172851562
45.522,13:08:01.865,482.666,28.453,13733.402,0.000,0.000,0.000,0.000,0.000,0.000,1.000,1.000,0.000,44.518,44.700,0.940,49.333,5.000,102.0,47.0,36.10256576538086,-16.564102172851562
45.586,13:08:02.409,482.666,28.453,13733.402,0.000,0.000,0.000,0.000,0.000,0.000,1.000,1.000,0.000,44.518,44.700,0.940,49.333,5.000,102.0,,-14.35897445678711,-31.179487228393555
46.129,13:08:02.553,478.851,29.896,14315.779,0.000,0.000,0.000,0.000,0.000,0.000,1.000,1.000,0.000,46.118,46.300,0.940,49.882,5.000,102.0,,-14.35897445678711,-31.179487228393555
46.274,13:08:02.617,474.357,31.473,14929.251,0.000,0.000,0.000,0.000,0.000,0.000,1.000,1.000,0.000,46.118,46.300,0.940,49.882,5.000,102.0,,-14.35897445678711,-31.179487228393555
46.337,13:08:02.681,474.357,31.473,14929.251,0.000,0.000,0.000,0.000,0.000,0.000,1.000,1.000,0.000,46.118,46.300,0.940,49.882,5.000,102.0,,-14.35897445678711,-31.179487228393555
46.401,13:08:02.825,474.357,31.473,14929.251,0.000,0.000,0.000,0.000,0.000,0.000,1.000,1.000,0.000,46.919,47.100,0.940,50.215,5.000,102.0,,-14.35897445678711,-31.179487228393555
46.545,13:08:02.889,474.357,31.473,14929.251,0.000,0.000,0.000,0.000,0.000,0.000,1.000,1.000,0.000,46.919,47.100,0.940,50.215,5.000,102.0,,-14.35897445678711,-31.179487228393555
46.609,13:08:03.161,474.357,31.473,14929.251,0.000,0.000,0.000,0.000,0.000,0.000,1.000,1.000,0.000,46.919,47.100,0.940,50.215,5.000,102.0,47.0,39.33333206176758,-46.56410217285156
46.881,13:08:03.305,469.205,33.098,15529.851,0.000,0.000,0.000,0.000,0.000,0.000,1.000,1.000,0.000,47.719,47.900,0.940,50.564,5.000,102.0,47.0,39.33333206176758,-46.56410217285156
47.025,13:08:03.369,469.205,33.098,15529.851,0.000,0.000,0.000,0.000,0.000,0.000,1.000,1.000,0.000,47.719,47.900,0.940,50.564,5.000,102.0,47.0,39.33333206176758,-46.56410217285156
47.089,13:08:03.432,463.090,34.817,16123.429,0.000,0.000,0.000,0.000,0.000,0.000,1.000,1.000,0.000,47.719,47.900,0.940,50.564,5.000,102.0,47.0,39.33333206176758,-46.56410217285156
47.153,13:08:03.576,463.090,34.817,16123.429,0.000,0.000,0.000,0.000,0.000,0.000,1.000,1.000,0.000,48.518,48.700,0.940,50.946,5.000,102.0,47.0,39.33333206176758,-46.56410217285156
47.297,13:08:03.640,463.090,34.817,16123.429,0.000,0.000,0.000,0.000,0.000,0.000,1.000,1.000,0.000,48.518,48.700,0.940,50.946,5.000,102.0,47.0,39.33333206176758,-46.56410217285156
47.361,13:08:03.704,463.090,34.817,16123.429,0.000,0.000,0.000,0.000,0.000,0.000,1.000,1.000,0.000,48.518,48.700,0.940,50.946,5.000,102.0,47.0,39.33333206176758,-46.56410217285156
47.425,13:08:03.848,463.090,34.817,16123.429,0.000,0.000,0.000,0.000,0.000,0.000,1.000,1.000,0.000,48.881,48.700,0.940,51.362,5.000,102.0,47.0,39.33333206176758,-46.56410217285156
47.569,13:08:03.912,456.032,36.512,16650.707,0.000,0.000,0.000,0.000,0.000,0.000,1.000,1.000,0.000,48.881,48.700,0.940,51.362,5.000,102.0,47.0,39.33333206176758,-46.56410217285156
47.633,13:08:04.168,456.032,36.512,16650.707,0.000,0.000,0.000,0.000,0.000,0.000,1.000,1.000,0.000,48.881,48.700,0.940,51.362,5.000,102.0,47.0,28.102563858032227,-55.28205108642578
47.889,13:08:04.312,456.032,36.512,16650.707,0.000,0.000,0.000,0.000,0.000,0.000,1.000,1.000,0.000,48.518,48.700,0.940,51.831,5.000,102.0,47.0,28.102563858032227,-55.28205108642578
48.032,13:08:04.376,463.155,34.845,16138.873,0.000,0.000,0.000,0.000,0.000,0.000,1.000,1.000,0.000,48.518,48.700,0.940,51.831,5.000,102.0,47.0,28.102563858032227,-55.28205108642578
48.096,13:08:04.440,463.155,34.845,16138.873,0.000,0.000,0.000,0.000,0.000,0.000,1.000,1.000,0.000,48.518,48.700,0.940,51.831,5.000,102.0,47.0,28.102563858032227,-55.28205108642578
48.160,13:08:04.584,463.155,34.845,16138.873,0.000,0.000,0.000,0.000,0.000,0.000,1.000,1.000,0.000,48.518,48.700,0.940,51.831,5.000,102.0,47.0,28.102563858032227,-55.28205108642578
48.304,13:08:04.648,456.020,36.519,16653.480,0.000,0.000,0.000,0.000,0.000,0.000,1.000,1.000,0.000,48.518,48.700,0.940,51.831,5.000,102.0,47.0,28.102563858032227,-55.28205108642578
48.368,13:08:04.711,456.020,36.519,16653.480,0.000,0.000,0.000,0.000,0.000,0.000,1.000,1.000,0.000,48.518,48.700,0.940,51.831,5.000,102.0,47.0,28.102563858032227,-55.28205108642578
48.432,13:08:04.856,456.020,36.519,16653.480,0.000,0.000,0.000,0.000,0.000,0.000,1.000,1.000,0.000,48.881,48.700,0.940,52.279,5.000,102.0,47.0,28.102563858032227,-55.28205108642578
48.576,13:08:04.919,456.020,36.519,16653.480,0.000,0.000,0.000,0.000,0.000,0.000,1.000,1.000,0.000,48.881,48.700,0.940,52.279,5.000,102.0,47.0,28.102563858032227,-55.28205108642578
48.640,13:08:05.175,456.020,36.519,16653.480,0.000,0.000,0.000,0.000,0.000,0.000,1.000,1.000,0.000,48.881,48.700,0.940,52.279,5.000,102.0,47.0,48.56410217285156,-10.102563858032227
48.896,13:08:05.319,463.421,34.789,16121.742,0.000,0.000,0.000,0.000,0.000,0.000,1.000,1.000,0.000,48.518,48.700,0.940,52.658,5.000,102.0,47.0,48.56410217285156,-10.102563858032227
49.040,13:08:05.383,463.421,34.789,16121.742,0.000,0.000,0.000,0.000,0.000,0.000,1.000,1.000,0.000,48.518,48.700,0.940,52.658,5.000,102.0,47.0,48.56410217285156,-10.102563858032227
49.104,13:08:05.447,463.421,34.789,16121.742,0.000,0.000,0.000,0.000,0.000,0.000,1.000,1.000,0.000,48.518,48.700,0.940,52.658,5.000,102.0,47.0,48.56410217285156,-10.102563858032227
49.168,13:08:05.591,455.971,36.533,16657.961,0.000,0.000,0.000,0.000,0.000,0.000,1.000,1.000,0.000,48.881,48.700,0.940,53.020,5.000,102.0,47.0,48.56410217285156,-10.102563858032227
49.312,13:08:05.655,455.971,36.533,16657.961,0.000,0.000,0.000,0.000,0.000,0.000,1.000,1.000,0.000,48.881,48.700,0.940,53.020,5.000,102.0,47.0,48.56410217285156,-10.102563858032227
49.375,13:08:05.719,455.971,36.533,16657.961,0.000,0.000,0.000,0.000,0.000,0.000,1.000,1.000,0.000,48.881,48.700,0.940,53.020,5.000,102.0,47.0,48.56410217285156,-10.102563858032227
49.439,13:08:05.863,455.971,36.533,16657.961,0.000,0.000,0.000,0.000,0.000,0.000,1.000,1.000,0.000,48.881,48.700,0.940,53.020,5.000,102.0,47.0,48.56410217285156,-10.102563858032227
49.583,13:08:05.927,463.447,34.804,16129.725,0.000,0.000,0.000,0.000,0.000,0.000,1.000,1.000,0.000,48.881,48.700,0.940,53.020,5.000,102.0,47.0,48.56410217285156,-10.102563858032227
49.647,13:08:06.183,463.447,34.804,16129.725,0.000,0.000,0.000,0.000,0.000,0.000,1.000,1.000,0.000,48.881,48.700,0.940,53.020,5.000,102.0,47.0,24.35897445678711,-53.02564239501953
49.903,13:08:06.327,463.447,34.804,16129.725,0.000,0.000,0.000,0.000,0.000,0.000,1.000,1.000,0.000,48.518,48.700,0.940,53.669,5.000,102.0,47.0,24.35897445678711,-53.02564239501953
50.047,13:08:06.390,463.413,34.813,16132.905,0.000,0.000,0.000,0.000,0.000,0.000,1.000,1.000,0.000,48.518,48.700,0.940,53.669,5.000,102.0,47.0,24.35897445678711,-53.02564239501953
50.111,13:08:06.455,463.413,34.813,16132.905,0.000,0.000,0.000,0.000,0.000,0.000,1.000,1.000,0.000,48.518,48.700,0.940,53.669,5.000,102.0,47.0,24.35897445678711,-53.02564239501953
50.175,13:08:06.599,463.413,34.813,16132.905,0.000,0.000,0.000,0.000,0.000,0.000,1.000,1.000,0.000,48.518,48.700,0.940,53.669,5.000,102.0,47.0,24.35897445678711,-53.02564239501953
50.319,13:08:06.663,463.413,34.813,16132.905,0.000,0.000,0.000,0.000,0.000,0.000,1.000,1.000,0.000,48.518,48.700,0.940,53.669,5.000,102.0,47.0,24.35897445678711,-53.02564239501953
50.384,13:08:06.727,459.918,35.659,16400.217,0.000,0.000,0.000,0.000,0.000,0.000,1.000,1.000,0.000,48.518,48.700,0.940,53.669,5.000,102.0,47.0,24.35897445678711,-53.02564239501953
50.447,13:08:06.870,459.918,35.659,16400.217,0.000,0.000,0.000,0.000,0.000,0.000,1.000,1.000,0.000,48.919,49.100,0.940,53.908,5.000,102.0,47.0,24.35897445678711,-53.02564239501953
50.591,13:08:06.934,459.918,35.659,16400.217,0.000,0.000,0.000,0.000,0.000,0.000,1.000,1.000,0.000,48.919,49.100,0.940,53.908,5.000,102.0,47.0,24.35897445678711,-53.02564239501953
50.655,13:08:07.190,459.918,35.659,16400.217,0.000,0.000,0.000,0.000,0.000,0.000,1.000,1.000,0.000,48.919,49.100,0.940,53.908,5.000,102.0,47.0,46.769229888916016,-39.128204345703125
50.910,13:08:07.334,455.990,36.552,16667.186,0.000,0.000,0.000,0.000,0.000,0.000,1.000,1.000,0.000,48.881,48.700,0.940,54.210,5.000,102.0,47.0,46.769229888916016,-39.128204345703125
51.054,13:08:07.398,455.990,36.552,16667.186,0.000,0.000,0.000,0.000,0.000,0.000,1.000,1.000,0.000,48.881,48.700,0.940,54.210,5.000,102.0,47.0,46.769229888916016,-39.128204345703125
51.118,13:08:07.462,455.990,36.552,16667.186,0.000,0.000,0.000,0.000,0.000,0.000,1.000,1.000,0.000,48.881,48.700,0.940,54.210,5.000,102.0,47.0,46.769229888916016,-39.128204345703125
51.182,13:08:07.606,457.159,36.303,16596.186,0.000,0.000,0.000,0.000,0.000,0.000,1.000,1.000,0.000,48.881,48.700,0.940,54.557,5.000,102.0,47.0,46.769229888916016,-39.128204345703125
51.326,13:08:07.670,457.159,36.303,16596.186,0.000,0.000,0.000,0.000,0.000,0.000,1.000,1.000,0.000,48.881,48.700,0.940,54.557,5.000,102.0,47.0,46.769229888916016,-39.128204345703125
51.391,13:08:07.734,457.159,36.303,16596.186,0.000,0.000,0.000,0.000,0.000,0.000,1.000,1.000,0.000,48.881,48.700,0.940,54.557,5.000,102.0,47.0,46.769229888916016,-39.128204345703125
51.454,13:08:07.878,457.159,36.303,16596.186,0.000,0.000,0.000,0.000,0.000,0.000,1.000,1.000,0.000,48.881,48.700,0.940,54.557,5.000,102.0,47.0,46.769229888916016,-39.128204345703125
51.598,13:08:07.942,461.300,35.326,16296.033,0.000,0.000,0.000,0.000,0.000,0.000,1.000,1.000,0.000,48.881,48.700,0.940,54.557,5.000,102.0,47.0,46.769229888916016,-39.128204345703125
51.662,13:08:08.197,461.300,35.326,16296.033,0.000,0.000,0.000,0.000,0.000,0.000,1.000,1.000,0.000,48.881,48.700,0.940,54.557,5.000,102.0,47.0,-39.89743423461914,-7.179487228393555
51.918,13:08:08.341,461.300,35.326,16296.033,0.000,0.000,0.000,0.000,0.000,0.000,1.000,1.000,0.000,48.519,48.700,0.940,54.975,5.000,102.0,47.0,-39.89743423461914,-7.179487228393555
52.062,13:08:08.405,462.218,35.106,16226.854,0.000,0.000,0.000,0.000,0.000,0.000,1.000,1.000,0.000,48.519,48.700,0.940,54.975,5.000,102.0,47.0,-39.89743423461914,-7.179487228393555
52.126,13:08:08.469,462.218,35.106,16226.854,0.000,0.000,0.000,0.000,0.000,0.000,1.000,1.000,0.000,48.519,48.700,0.940,54.975,5.000,102.0,47.0,-39.89743423461914,-7.179487228393555
52.190,13:08:08.613,462.218,35.106,16226.854,0.000,0.000,0.000,0.000,0.000,0.000,1.000,1.000,0.000,48.519,48.700,0.940,54.975,5.000,102.0,47.0,-39.89743423461914,-7.179487228393555
52.334,13:08:08.677,462.218,35.106,16226.854,0.000,0.000,0.000,0.000,0.000,0.000,1.000,1.000,0.000,48.519,48.700,0.940,54.975,5.000,102.0,47.0,-39.89743423461914,-7.179487228393555
52.398,13:08:08.741,458.607,35.966,16494.455,0.000,0.000,0.000,0.000,0.000,0.000,1.000,1.000,0.000,48.519,48.700,0.940,54.975,5.000,102.0,47.0,-39.89743423461914,-7.179487228393555
52.461,13:08:08.885,458.607,35.966,16494.455,0.000,0.000,0.000,0.000,0.000,0.000,1.000,1.000,0.000,48.880,48.700,0.940,55.137,5.000,102.0,47.0,-39.89743423461914,-7.179487228393555
52.605,13:08:08.949,458.607,35.966,16494.455,0.000,0.000,0.000,0.000,0.000,0.000,1.000,1.000,0.000,48.880,48.700,0.940,55.137,5.000,102.0,47.0,-39.89743423461914,-7.179487228393555
52.669,13:08:09.205,458.607,35.966,16494.455,0.000,0.000,0.000,0.000,0.000,0.000,1.000,1.000,0.000,48.880,48.700,0.940,55.137,5.000,102.0,47.0,42.82051467895508,-17.846153259277344
52.925,13:08:09.349,462.370,35.081,16220.262,0.000,0.000,0.000,0.000,0.000,0.000,1.000,1.000,0.000,48.480,48.300,0.940,55.308,5.000,102.0,47.0,42.82051467895508,-17.846153259277344
53.069,13:08:09.413,462.370,35.081,16220.262,0.000,0.000,0.000,0.000,0.000,0.000,1.000,1.000,0.000,48.480,48.300,0.940,55.308,5.000,102.0,47.0,42.82051467895508,-17.846153259277344
53.133,13:08:09.477,462.370,35.081,16220.262,0.000,0.000,0.000,0.000,0.000,0.000,1.000,1.000,0.000,48.480,48.300,0.940,55.308,5.000,102.0,47.0,42.82051467895508,-17.846153259277344
53.197,13:08:09.620,462.602,35.015,16197.884,0.000,0.000,0.000,0.000,0.000,0.000,1.000,1.000,0.000,48.518,48.700,0.940,55.434,5.000,102.0,47.0,42.82051467895508,-17.846153259277344
53.341,13:08:09.684,462.602,35.015,16197.884,0.000,0.000,0.000,0.000,0.000,0.000,1.000,1.000,0.000,48.518,48.700,0.940,55.434,5.000,102.0,47.0,42.82051467895508,-17.846153259277344
53.405,13:08:09.748,462.602,35.015,16197.884,0.000,0.000,0.000,0.000,0.000,0.000,1.000,1.000,0.000,48.518,48.700,0.940,55.434,5.000,102.0,47.0,42.82051467895508,-17.846153259277344
53.469,13:08:09.892,462.602,35.015,16197.884,0.000,0.000,0.000,0.000,0.000,0.000,1.000,1.000,0.000,48.518,48.700,0.940,55.434,5.000,102.0,47.0,42.82051467895508,-17.846153259277344
53.613,13:08:09.956,458.973,35.884,16469.584,0.000,0.000,0.000,0.000,0.000,0.000,1.000,1.000,0.000,48.518,48.700,0.940,55.434,5.000,102.0,47.0,42.82051467895508,-17.846153259277344
53.677,13:08:10.212,458.973,35.884,16469.584,0.000,0.000,0.000,0.000,0.000,0.000,1.000,1.000,0.000,48.518,48.700,0.940,55.434,5.000,102.0,47.0,36.66666793823242,-47.79487228393555
53.933,13:08:10.356,458.973,35.884,16469.584,0.000,0.000,0.000,0.000,0.000,0.000,1.000,1.000,0.000,48.881,48.700,0.940,55.721,5.000,102.0,47.0,36.66666793823242,-47.79487228393555
54.076,13:08:10.420,456.919,36.352,16610.059,0.000,0.000,0.000,0.000,0.000,0.000,1.000,1.000,0.000,48.881,48.700,0.940,55.721,5.000,102.0,47.0,36.66666793823242,-47.79487228393555
54.141,13:08:10.484,456.919,36.352,16610.059,0.000,0.000,0.000,0.000,0.000,0.000,1.000,1.000,0.000,48.881,48.700,0.940,55.721,5.000,102.0,47.0,36.66666793823242,-47.79487228393555
54.204,13:08:10.628,456.919,36.352,16610.059,0.000,0.000,0.000,0.000,0.000,0.000,1.000,1.000,0.000,48.881,48.700,0.940,55.721,5.000,102.0,47.0,36.66666793823242,-47.79487228393555
54.348,13:08:10.692,456.919,36.352,16610.059,0.000,0.000,0.000,0.000,0.000,0.000,1.000,1.000,0.000,48.881,48.700,0.940,55.721,5.000,102.0,47.0,36.66666793823242,-47.79487228393555
54.412,13:08:10.756,461.065,35.412,16327.035,0.000,0.000,0.000,0.000,0.000,0.000,1.000,1.000,0.000,48.881,48.700,0.940,55.721,5.000,102.0,47.0,36.66666793823242,-47.79487228393555
54.476,13:08:10.900,461.065,35.412,16327.035,0.000,0.000,0.000,0.000,0.000,0.000,1.000,1.000,0.000,48.480,48.300,0.940,55.881,5.000,102.0,47.0,36.66666793823242,-47.79487228393555
54.620,13:08:10.964,461.065,35.412,16327.035,0.000,0.000,0.000,0.000,0.000,0.000,1.000,1.000,0.000,48.480,48.300,0.940,55.881,5.000,102.0,47.0,36.66666793823242,-47.79487228393555
54.684,13:08:11.220,461.065,35.412,16327.035,0.000,0.000,0.000,0.000,0.000,0.000,1.000,1.000,0.000,48.480,48.300,0.940,55.881,5.000,102.0,47.0,50.410255432128906,-21.487178802490234
54.940,13:08:11.363,462.918,34.935,16172.153,0.000,0.000,0.000,0.000,0.000,0.000,1.000,1.000,0.000,48.518,48.700,0.940,56.019,5.000,102.0,47.0,50.410255432128906,-21.487178802490234
55.084,13:08:11.427,462.918,34.935,16172.153,0.000,0.000,0.000,0.000,0.000,0.000,1.000,1.000,0.000,48.518,48.700,0.940,56.019,5.000,102.0,47.0,50.410255432128906,-21.487178802490234
55.148,13:08:11.491,462.918,34.935,16172.153,0.000,0.000,0.000,0.000,0.000,0.000,1.000,1.000,0.000,48.518,48.700,0.940,56.019,5.000,102.0,47.0,50.410255432128906,-21.487178802490234
55.212,13:08:11.635,462.918,34.935,16172.153,0.000,0.000,0.000,0.000,0.000,0.000,1.000,1.000,0.000,48.919,49.100,0.940,56.136,5.000,102.0,47.0,50.410255432128906,-21.487178802490234
55.356,13:08:11.699,459.283,35.826,16454.484,0.000,0.000,0.000,0.000,0.000,0.000,1.000,1.000,0.000,48.919,49.100,0.940,56.136,5.000,102.0,47.0,50.410255432128906,-21.487178802490234
55.420,13:08:11.763,459.283,35.826,16454.484,0.000,0.000,0.000,0.000,0.000,0.000,1.000,1.000,0.000,48.919,49.100,0.940,56.136,5.000,102.0,47.0,50.410255432128906,-21.487178802490234
55.484,13:08:11.907,459.283,35.826,16454.484,0.000,0.000,0.000,0.000,0.000,0.000,1.000,1.000,0.000,48.919,49.100,0.940,56.136,5.000,102.0,47.0,50.410255432128906,-21.487178802490234
55.628,13:08:11.971,456.844,36.369,16615.072,0.000,0.000,0.000,0.000,0.000,0.000,1.000,1.000,0.000,48.919,49.100,0.940,56.136,5.000,102.0,47.0,50.410255432128906,-21.487178802490234
55.692,13:08:12.227,456.844,36.369,16615.072,0.000,0.000,0.000,0.000,0.000,0.000,1.000,1.000,0.000,48.919,49.100,0.940,56.136,5.000,102.0,47.0,-22.923076629638672,-30.923076629638672
55.947,13:08:12.371,456.844,36.369,16615.072,0.000,0.000,0.000,0.000,0.000,0.000,1.000,1.000,0.000,48.881,48.700,0.940,56.261,5.000,102.0,47.0,-22.923076629638672,-30.923076629638672
56.092,13:08:12.435,459.368,35.809,16449.617,0.000,0.000,0.000,0.000,0.000,0.000,1.000,1.000,0.000,48.881,48.700,0.940,56.261,5.000,102.0,47.0,-22.923076629638672,-30.923076629638672
56.155,13:08:12.499,459.368,35.809,16449.617,0.000,0.000,0.000,0.000,0.000,0.000,1.000,1.000,0.000,48.881,48.700,0.940,56.261,5.000,102.0,47.0,-22.923076629638672,-30.923076629638672
56.219,13:08:12.643,459.368,35.809,16449.617,0.000,0.000,0.000,0.000,0.000,0.000,1.000,1.000,0.000,48.919,49.100,0.940,56.397,5.000,102.0,47.0,-22.923076629638672,-30.923076629638672
56.363,13:08:12.707,459.368,35.809,16449.617,0.000,0.000,0.000,0.000,0.000,0.000,1.000,1.000,0.000,48.919,49.100,0.940,56.397,5.000,102.0,47.0,-22.923076629638672,-30.923076629638672
56.427,13:08:12.771,459.368,35.809,16449.617,0.000,0.000,0.000,0.000,0.000,0.000,1.000,1.000,0.000,48.919,49.100,0.940,56.397,5.000,102.0,47.0,-22.923076629638672,-30.923076629638672
56.491,13:08:12.914,456.489,36.447,16637.715,0.000,0.000,0.000,0.000,0.000,0.000,1.000,1.000,0.000,48.881,48.700,0.940,56.544,5.000,102.0,47.0,-22.923076629638672,-30.923076629638672
56.635,13:08:12.978,456.489,36.447,16637.715,0.000,0.000,0.000,0.000,0.000,0.000,1.000,1.000,0.000,48.881,48.700,0.940,56.544,5.000,102.0,47.0,-22.923076629638672,-30.923076629638672
56.699,13:08:13.234,456.489,36.447,16637.715,0.000,0.000,0.000,0.000,0.000,0.000,1.000,1.000,0.000,48.881,48.700,0.940,56.544,5.000,102.0,47.0,-29.28205108642578,-24.35897445678711
56.955,13:08:13.378,460.812,35.482,16350.301,0.000,0.000,0.000,0.000,0.000,0.000,1.000,1.000,0.000,48.480,48.300,0.940,56.640,5.000,102.0,47.0,-29.28205108642578,-24.35897445678711
57.099,13:08:13.442,460.812,35.482,16350.301,0.000,0.000,0.000,0.000,0.000,0.000,1.000,1.000,0.000,48.480,48.300,0.940,56.640,5.000,102.0,47.0,-29.28205108642578,-24.35897445678711
57.163,13:08:13.506,460.812,35.482,16350.301,0.000,0.000,0.000,0.000,0.000,0.000,1.000,1.000,0.000,48.480,48.300,0.940,56.640,5.000,102.0,47.0,-29.28205108642578,-24.35897445678711
57.227,13:08:13.650,460.812,35.482,16350.301,0.000,0.000,0.000,0.000,0.000,0.000,1.000,1.000,0.000,48.518,48.700,0.940,56.762,5.000,102.0,47.0,-29.28205108642578,-24.35897445678711
57.370,13:08:13.714,463.390,34.826,16138.083,0.000,0.000,0.000,0.000,0.000,0.000,1.000,1.000,0.000,48.518,48.700,0.940,56.762,5.000,102.0,47.0,-29.28205108642578,-24.35897445678711
57.435,13:08:13.778,463.390,34.826,16138.083,0.000,0.000,0.000,0.000,0.000,0.000,1.000,1.000,0.000,48.518,48.700,0.940,56.762,5.000,102.0,47.0,-29.28205108642578,-24.35897445678711
57.498,13:08:13.922,463.390,34.826,16138.083,0.000,0.000,0.000,0.000,0.000,0.000,1.000,1.000,0.000,48.518,48.700,0.940,56.762,5.000,102.0,47.0,-29.28205108642578,-24.35897445678711
57.642,13:08:13.986,463.390,34.826,16138.083,0.000,0.000,0.000,0.000,0.000,0.000,1.000,1.000,0.000,48.518,48.700,0.940,56.762,5.000,102.0,47.0,-29.28205108642578,-24.35897445678711
57.706,13:08:14.242,459.611,35.731,16422.277,0.000,0.000,0.000,0.000,0.000,0.000,1.000,1.000,0.000,48.518,48.700,0.940,56.762,5.000,102.0,47.0,-49.64102554321289,6.717948913574219
57.962,13:08:14.386,459.611,35.731,16422.277,0.000,0.000,0.000,0.000,0.000,0.000,1.000,1.000,0.000,48.919,49.100,0.940,56.852,5.000,102.0,47.0,-49.64102554321289,6.717948913574219
58.106,13:08:14.449,455.326,36.378,16563.672,0.000,0.000,0.000,0.000,0.000,0.000,1.000,1.000,0.000,48.919,49.100,0.940,56.852,5.000,102.0,47.0,-49.64102554321289,6.717948913574219
58.170,13:08:14.513,455.326,36.378,16563.672,0.000,0.000,0.000,0.000,0.000,0.000,1.000,1.000,0.000,48.919,49.100,0.940,56.852,5.000,102.0,47.0,-49.64102554321289,6.717948913574219
58.234,13:08:14.657,455.326,36.378,16563.672,0.000,0.000,0.000,0.000,0.000,0.000,1.000,1.000,0.000,48.881,48.700,0.940,56.913,5.000,102.0,47.0,-49.64102554321289,6.717948913574219
58.378,13:08:14.721,455.326,36.378,16563.672,0.000,0.000,0.000,0.000,0.000,0.000,1.000,1.000,0.000,48.881,48.700,0.940,56.913,5.000,102.0,47.0,-49.64102554321289,6.717948913574219
58.442,13:08:14.785,455.326,36.378,16563.672,0.000,0.000,0.000,0.000,0.000,0.000,1.000,1.000,0.000,48.881,48.700,0.940,56.913,5.000,102.0,47.0,-49.64102554321289,6.717948913574219
58.506,13:08:14.929,463.554,34.791,16127.607,0.000,0.000,0.000,0.000,0.000,0.000,1.000,1.000,0.000,48.518,48.700,0.940,57.037,5.000,102.0,47.0,-49.64102554321289,6.717948913574219
58.650,13:08:14.993,463.554,34.791,16127.607,0.000,0.000,0.000,0.000,0.000,0.000,1.000,1.000,0.000,48.518,48.700,0.940,57.037,5.000,102.0,47.0,-49.64102554321289,6.717948913574219
58.714,13:08:15.249,463.554,34.791,16127.607,0.000,0.000,0.000,0.000,0.000,0.000,1.000,1.000,0.000,48.518,48.700,0.940,57.037,5.000,102.0,47.0,-16.153846740722656,-35.128204345703125
58.969,13:08:15.393,460.739,35.484,16348.663,0.000,0.000,0.000,0.000,0.000,0.000,1.000,1.000,0.000,48.518,48.700,0.940,57.114,5.000,102.0,47.0,-16.153846740722656,-35.128204345703125
59.113,13:08:15.457,460.739,35.484,16348.663,0.000,0.000,0.000,0.000,0.000,0.000,1.000,1.000,0.000,48.518,48.700,0.940,57.114,5.000,102.0,47.0,-16.153846740722656,-35.128204345703125
59.177,13:08:15.521,460.739,35.484,16348.663,0.000,0.000,0.000,0.000,0.000,0.000,1.000,1.000,0.000,48.518,48.700,0.940,57.114,5.000,102.0,47.0,-16.153846740722656,-35.128204345703125
59.241,13:08:15.665,460.739,35.484,16348.663,0.000,0.000,0.000,0.000,0.000,0.000,1.000,1.000,0.000,48.881,48.700,0.940,57.201,5.000,102.0,47.0,-16.153846740722656,-35.128204345703125
59.385,13:08:15.729,456.440,36.460,16641.955,0.000,0.000,0.000,0.000,0.000,0.000,1.000,1.000,0.000,48.881,48.700,0.940,57.201,5.000,102.0,47.0,-16.153846740722656,-35.128204345703125
59.449,13:08:15.793,456.440,36.460,16641.955,0.000,0.000,0.000,0.000,0.000,0.000,1.000,1.000,0.000,48.881,48.700,0.940,57.201,5.000,102.0,47.0,-16.153846740722656,-35.128204345703125
59.513,13:08:15.937,456.440,36.460,16641.955,0.000,0.000,0.000,0.000,0.000,0.000,1.000,1.000,0.000,48.881,48.700,0.940,57.201,5.000,102.0,47.0,-16.153846740722656,-35.128204345703125
59.657,13:08:16.001,456.440,36.460,16641.955,0.000,0.000,0.000,0.000,0.000,0.000,1.000,1.000,0.000,48.881,48.700,0.940,57.201,5.000,102.0,47.0,-16.153846740722656,-35.128204345703125
59.721,13:08:16.256,460.492,35.539,16365.510,0.000,0.000,0.000,0.000,0.000,0.000,1.000,1.000,0.000,48.881,48.700,0.940,57.201,5.000,102.0,47.0,-37.28205108642578,49.89743423461914
59.977,13:08:16.401,460.492,35.539,16365.510,0.000,0.000,0.000,0.000,0.000,0.000,1.000,1.000,0.000,48.518,48.700,0.940,57.264,5.000,102.0,47.0,-37.28205108642578,49.89743423461914
60.121,13:08:16.464,456.465,36.444,16635.617,0.000,0.000,0.000,0.000,0.000,0.000,1.000,1.000,0.000,48.518,48.700,0.940,57.264,5.000,102.0,47.0,-37.28205108642578,49.89743423461914
60.185,13:08:16.528,456.465,36.444,16635.617,0.000,0.000,0.000,0.000,0.000,0.000,1.000,1.000,0.000,48.518,48.700,0.940,57.264,5.000,102.0,47.0,-37.28205108642578,49.89743423461914
60.249,13:08:16.672,456.465,36.444,16635.617,0.000,0.000,0.000,0.000,0.000,0.000,1.000,1.000,0.000,48.881,48.700,0.940,57.378,5.000,102.0,47.0,-37.28205108642578,49.89743423461914
60.393,13:08:16.736,456.465,36.444,16635.617,0.000,0.000,0.000,0.000,0.000,0.000,1.000,1.000,0.000,48.881,48.700,0.940,57.378,5.000,102.0,47.0,-37.28205108642578,49.89743423461914
60.456,13:08:16.800,456.465,36.444,16635.617,0.000,0.000,0.000,0.000,0.000,0.000,1.000,1.000,0.000,48.881,48.700,0.940,57.378,5.000,102.0,47.0,-37.28205108642578,49.89743423461914
60.520,13:08:16.944,460.266,35.595,16382.956,0.000,0.000,0.000,0.000,0.000,0.000,1.000,1.000,0.000,48.480,48.300,0.940,57.454,5.000,102.0,47.0,-37.28205108642578,49.89743423461914
60.664,13:08:17.008,460.266,35.595,16382.956,0.000,0.000,0.000,0.000,0.000,0.000,1.000,1.000,0.000,48.480,48.300,0.940,57.454,5.000,102.0,47.0,-37.28205108642578,49.89743423461914
60.728,13:08:17.264,460.266,35.595,16382.956,0.000,0.000,0.000,0.000,0.000,0.000,1.000,1.000,0.000,48.480,48.300,0.940,57.454,5.000,102.0,47.0,43.487178802490234,-0.1538461595773697
60.984,13:08:17.408,463.744,34.741,16110.870,0.000,0.000,0.000,0.000,0.000,0.000,1.000,1.000,0.000,48.518,48.700,0.940,57.547,5.000,102.0,47.0,43.487178802490234,-0.1538461595773697
61.128,13:08:17.472,463.744,34.741,16110.870,0.000,0.000,0.000,0.000,0.000,0.000,1.000,1.000,0.000,48.518,48.700,0.940,57.547,5.000,102.0,47.0,43.487178802490234,-0.1538461595773697
61.192,13:08:17.536,463.744,34.741,16110.870,0.000,0.000,0.000,0.000,0.000,0.000,1.000,1.000,0.000,48.518,48.700,0.940,57.547,5.000,102.0,47.0,43.487178802490234,-0.1538461595773697
61.256,13:08:17.679,463.744,34.741,16110.870,0.000,0.000,0.000,0.000,0.000,0.000,1.000,1.000,0.000,48.919,49.100,0.940,57.584,5.000,102.0,47.0,43.487178802490234,-0.1538461595773697
61.400,13:08:17.743,460.391,35.559,16371.151,0.000,0.000,0.000,0.000,0.000,0.000,1.000,1.000,0.000,48.919,49.100,0.940,57.584,5.000,102.0,47.0,43.487178802490234,-0.1538461595773697
61.464,13:08:17.807,460.391,35.559,16371.151,0.000,0.000,0.000,0.000,0.000,0.000,1.000,1.000,0.000,48.919,49.100,0.940,57.584,5.000,102.0,47.0,43.487178802490234,-0.1538461595773697
61.528,13:08:17.951,460.391,35.559,16371.151,0.000,0.000,0.000,0.000,0.000,0.000,1.000,1.000,0.000,48.919,49.100,0.940,57.584,5.000,102.0,47.0,43.487178802490234,-0.1538461595773697
61.672,13:08:18.015,460.391,35.559,16371.151,0.000,0.000,0.000,0.000,0.000,0.000,1.000,1.000,0.000,48.919,49.100,0.940,57.584,5.000,102.0,47.0,43.487178802490234,-0.1538461595773697
61.736,13:08:18.271,460.177,35.616,16389.736,0.000,0.000,0.000,0.000,0.000,0.000,1.000,1.000,0.000,48.919,49.100,0.940,57.584,5.000,102.0,47.0,-21.0256404876709,49.64102554321289
61.992,13:08:18.415,460.177,35.616,16389.736,0.000,0.000,0.000,0.000,0.000,0.000,1.000,1.000,0.000,48.518,48.700,0.940,57.667,5.000,102.0,47.0,-21.0256404876709,49.64102554321289
62.136,13:08:18.479,456.372,36.464,16641.189,0.000,0.000,0.000,0.000,0.000,0.000,1.000,1.000,0.000,48.518,48.700,0.940,57.667,5.000,102.0,47.0,-21.0256404876709,49.64102554321289
62.200,13:08:18.543,456.372,36.464,16641.189,0.000,0.000,0.000,0.000,0.000,0.000,1.000,1.000,0.000,48.518,48.700,0.940,57.667,5.000,102.0,47.0,-21.0256404876709,49.64102554321289
62.263,13:08:18.687,456.372,36.464,16641.189,0.000,0.000,0.000,0.000,0.000,0.000,1.000,1.000,0.000,48.881,48.700,0.940,57.780,5.000,102.0,47.0,-21.0256404876709,49.64102554321289
62.407,13:08:18.751,456.372,36.464,16641.189,0.000,0.000,0.000,0.000,0.000,0.000,1.000,1.000,0.000,48.881,48.700,0.940,57.780,5.000,102.0,47.0,-21.0256404876709,49.64102554321289
62.471,13:08:18.815,456.372,36.464,16641.189,0.000,0.000,0.000,0.000,0.000,0.000,1.000,1.000,0.000,48.881,48.700,0.940,57.780,5.000,102.0,47.0,-21.0256404876709,49.64102554321289
62.535,13:08:18.959,460.340,35.577,16377.408,0.000,0.000,0.000,0.000,0.000,0.000,1.000,1.000,0.000,48.919,49.100,0.940,57.823,5.000,102.0,47.0,-21.0256404876709,49.64102554321289
62.679,13:08:19.023,460.340,35.577,16377.408,0.000,0.000,0.000,0.000,0.000,0.000,1.000,1.000,0.000,48.919,49.100,0.940,57.823,5.000,102.0,47.0,-21.0256404876709,49.64102554321289
62.743,13:08:19.279,460.340,35.577,16377.408,0.000,0.000,0.000,0.000,0.000,0.000,1.000,1.000,0.000,48.919,49.100,0.940,57.823,5.000,102.0,47.0,51.64102554321289,52.512821197509766
62.999,13:08:19.423,460.267,35.601,16385.785,0.000,0.000,0.000,0.000,0.000,0.000,1.000,1.000,0.000,48.480,48.300,0.940,57.915,5.000,102.0,47.0,51.64102554321289,52.512821197509766
63.143,13:08:19.486,460.267,35.601,16385.785,0.000,0.000,0.000,0.000,0.000,0.000,1.000,1.000,0.000,48.480,48.300,0.940,57.915,5.000,102.0,47.0,51.64102554321289,52.512821197509766
63.207,13:08:19.550,460.267,35.601,16385.785,0.000,0.000,0.000,0.000,0.000,0.000,1.000,1.000,0.000,48.480,48.300,0.940,57.915,5.000,102.0,47.0,51.64102554321289,52.512821197509766
63.271,13:08:19.694,460.267,35.601,16385.785,0.000,0.000,0.000,0.000,0.000,0.000,1.000,1.000,0.000,48.480,48.300,0.940,57.915,5.000,102.0,47.0,51.64102554321289,52.512821197509766
63.415,13:08:19.758,459.035,35.801,16434.035,0.000,0.000,0.000,0.000,0.000,0.000,1.000,1.000,0.000,48.480,48.300,0.940,57.915,5.000,102.0,47.0,51.64102554321289,52.512821197509766
63.479,13:08:19.822,459.035,35.801,16434.035,0.000,0.000,0.000,0.000,0.000,0.000,1.000,1.000,0.000,48.480,48.300,0.940,57.915,5.000,102.0,47.0,51.64102554321289,52.512821197509766
63.543,13:08:19.966,459.035,35.801,16434.035,0.000,0.000,0.000,0.000,0.000,0.000,1.000,1.000,0.000,48.881,48.700,0.940,57.964,5.000,102.0,47.0,51.64102554321289,52.512821197509766
63.687,13:08:20.030,459.035,35.801,16434.035,0.000,0.000,0.000,0.000,0.000,0.000,1.000,1.000,0.000,48.881,48.700,0.940,57.964,5.000,102.0,47.0,51.64102554321289,52.512821197509766
63.751,13:08:20.286,459.035,35.801,16434.035,0.000,0.000,0.000,0.000,0.000,0.000,1.000,1.000,0.000,48.881,48.700,0.940,57.964,5.000,102.0,47.0,10.256410598754883,39.846153259277344
64.006,13:08:20.430,462.761,34.920,16159.388,0.000,0.000,0.000,0.000,0.000,0.000,1.000,1.000,0.000,48.519,48.700,0.940,58.045,5.000,102.0,47.0,10.256410598754883,39.846153259277344
64.150,13:08:20.494,462.761,34.920,16159.388,0.000,0.000,0.000,0.000,0.000,0.000,1.000,1.000,0.000,48.519,48.700,0.940,58.045,5.000,102.0,47.0,10.256410598754883,39.846153259277344
64.214,13:08:20.558,457.826,36.081,16519.029,0.000,0.000,0.000,0.000,0.000,0.000,1.000,1.000,0.000,48.519,48.700,0.940,58.045,5.000,102.0,47.0,10.256410598754883,39.846153259277344
64.278,13:08:20.702,457.826,36.081,16519.029,0.000,0.000,0.000,0.000,0.000,0.000,1.000,1.000,0.000,48.880,48.700,0.940,58.082,5.000,102.0,47.0,10.256410598754883,39.846153259277344
64.422,13:08:20.766,457.826,36.081,16519.029,0.000,0.000,0.000,0.000,0.000,0.000,1.000,1.000,0.000,48.880,48.700,0.940,58.082,5.000,102.0,47.0,10.256410598754883,39.846153259277344
64.486,13:08:20.830,457.826,36.081,16519.029,0.000,0.000,0.000,0.000,0.000,0.000,1.000,1.000,0.000,48.880,48.700,0.940,58.082,5.000,102.0,47.0,10.256410598754883,39.846153259277344
64.550,13:08:20.974,457.826,36.081,16519.029,0.000,0.000,0.000,0.000,0.000,0.000,1.000,1.000,0.000,48.518,48.700,0.940,58.152,5.000,102.0,47.0,10.256410598754883,39.846153259277344
64.694,13:08:21.037,462.799,34.905,16154.012,0.000,0.000,0.000,0.000,0.000,0.000,1.000,1.000,0.000,48.518,48.700,0.940,58.152,5.000,102.0,47.0,10.256410598754883,39.846153259277344
64.758,13:08:21.293,462.799,34.905,16154.012,0.000,0.000,0.000,0.000,0.000,0.000,1.000,1.000,0.000,48.518,48.700,0.940,58.152,5.000,102.0,47.0,46.30769348144531,-19.538461685180664
65.014,13:08:21.437,457.560,36.146,16539.010,0.000,0.000,0.000,0.000,0.000,0.000,1.000,1.000,0.000,48.881,48.700,0.940,58.222,5.000,102.0,47.0,46.30769348144531,-19.538461685180664
65.158,13:08:21.501,457.560,36.146,16539.010,0.000,0.000,0.000,0.000,0.000,0.000,1.000,1.000,0.000,48.881,48.700,0.940,58.222,5.000,102.0,47.0,46.30769348144531,-19.538461685180664
65.222,13:08:21.565,457.560,36.146,16539.010,0.000,0.000,0.000,0.000,0.000,0.000,1.000,1.000,0.000,48.881,48.700,0.940,58.222,5.000,102.0,47.0,46.30769348144531,-19.538461685180664
65.286,13:08:21.709,457.560,36.146,16539.010,0.000,0.000,0.000,0.000,0.000,0.000,1.000,1.000,0.000,48.881,48.700,0.940,58.222,5.000,102.0,47.0,46.30769348144531,-19.538461685180664
65.430,13:08:21.773,459.302,35.733,16412.209,0.000,0.000,0.000,0.000,0.000,0.000,1.000,1.000,0.000,48.881,48.700,0.940,58.222,5.000,102.0,47.0,46.30769348144531,-19.538461685180664
65.494,13:08:21.837,459.302,35.733,16412.209,0.000,0.000,0.000,0.000,0.000,0.000,1.000,1.000,0.000,48.881,48.700,0.940,58.222,5.000,102.0,47.0,46.30769348144531,-19.538461685180664
65.557,13:08:21.981,459.302,35.733,16412.209,0.000,0.000,0.000,0.000,0.000,0.000,1.000,1.000,0.000,48.881,48.700,0.940,58.270,5.000,102.0,47.0,46.30769348144531,-19.538461685180664
65.701,13:08:22.045,459.302,35.733,16412.209,0.000,0.000,0.000,0.000,0.000,0.000,1.000,1.000,0.000,48.881,48.700,0.940,58.270,5.000,102.0,47.0,46.30769348144531,-19.538461685180664
65.765,13:08:22.301,459.302,35.733,16412.209,0.000,0.000,0.000,0.000,0.000,0.000,1.000,1.000,0.000,48.881,48.700,0.940,58.270,5.000,102.0,47.0,45.53845977783203,-3.7435896396636963
66.021,13:08:22.445,461.531,35.221,16255.677,0.000,0.000,0.000,0.000,0.000,0.000,1.000,1.000,0.000,48.518,48.700,0.940,58.368,5.000,102.0,47.0,45.53845977783203,-3.7435896396636963
66.165,13:08:22.508,461.531,35.221,16255.677,0.000,0.000,0.000,0.000,0.000,0.000,1.000,1.000,0.000,48.518,48.700,0.940,58.368,5.000,102.0,47.0,45.53845977783203,-3.7435896396636963
66.229,13:08:22.572,463.288,34.782,16113.913,0.000,0.000,0.000,0.000,0.000,0.000,1.000,1.000,0.000,48.518,48.700,0.940,58.368,5.000,102.0,47.0,45.53845977783203,-3.7435896396636963
66.293,13:08:22.716,463.288,34.782,16113.913,0.000,0.000,0.000,0.000,0.000,0.000,1.000,1.000,0.000,48.518,48.700,0.940,58.408,5.000,102.0,47.0,45.53845977783203,-3.7435896396636963
66.437,13:08:22.780,463.288,34.782,16113.913,0.000,0.000,0.000,0.000,0.000,0.000,1.000,1.000,0.000,48.518,48.700,0.940,58.408,5.000,102.0,47.0,45.53845977783203,-3.7435896396636963
66.501,13:08:22.844,463.288,34.782,16113.913,0.000,0.000,0.000,0.000,0.000,0.000,1.000,1.000,0.000,48.518,48.700,0.940,58.408,5.000,102.0,47.0,45.53845977783203,-3.7435896396636963
66.565,13:08:22.988,463.288,34.782,16113.913,0.000,0.000,0.000,0.000,0.000,0.000,1.000,1.000,0.000,48.881,48.700,0.940,58.461,5.000,102.0,47.0,45.53845977783203,-3.7435896396636963
66.709,13:08:23.052,457.504,36.150,16538.564,0.000,0.000,0.000,0.000,0.000,0.000,1.000,1.000,0.000,48.881,48.700,0.940,58.461,5.000,102.0,47.0,45.53845977783203,-3.7435896396636963
66.773,13:08:23.308,457.504,36.150,16538.564,0.000,0.000,0.000,0.000,0.000,0.000,1.000,1.000,0.000,48.881,48.700,0.940,58.461,5.000,102.0,47.0,31.58974266052246,-53.53845977783203
67.029,13:08:23.452,459.527,35.686,16398.840,0.000,0.000,0.000,0.000,0.000,0.000,1.000,1.000,0.000,48.881,48.700,0.940,58.512,5.000,102.0,47.0,31.58974266052246,-53.53845977783203
67.172,13:08:23.516,459.527,35.686,16398.840,0.000,0.000,0.000,0.000,0.000,0.000,1.000,1.000,0.000,48.881,48.700,0.940,58.512,5.000,102.0,47.0,31.58974266052246,-53.53845977783203
67.236,13:08:23.580,459.527,35.686,16398.840,0.000,0.000,0.000,0.000,0.000,0.000,1.000,1.000,0.000,48.881,48.700,0.940,58.512,5.000,102.0,47.0,31.58974266052246,-53.53845977783203
67.300,13:08:23.724,459.527,35.686,16398.840,0.000,0.000,0.000,0.000,0.000,0.000,1.000,1.000,0.000,48.881,48.700,0.940,58.512,5.000,102.0,47.0,31.58974266052246,-53.53845977783203
67.444,13:08:23.788,457.402,36.179,16548.291,0.000,0.000,0.000,0.000,0.000,0.000,1.000,1.000,0.000,48.881,48.700,0.940,58.512,5.000,102.0,47.0,31.58974266052246,-53.53845977783203
67.508,13:08:23.852,457.402,36.179,16548.291,0.000,0.000,0.000,0.000,0.000,0.000,1.000,1.000,0.000,48.881,48.700,0.940,58.512,5.000,102.0,47.0,31.58974266052246,-53.53845977783203
67.572,13:08:23.996,457.402,36.179,16548.291,0.000,0.000,0.000,0.000,0.000,0.000,1.000,1.000,0.000,48.919,49.100,0.940,58.592,5.000,102.0,47.0,31.58974266052246,-53.53845977783203
67.716,13:08:24.060,457.402,36.179,16548.291,0.000,0.000,0.000,0.000,0.000,0.000,1.000,1.000,0.000,48.919,49.100,0.940,58.592,5.000,102.0,47.0,31.58974266052246,-53.53845977783203
67.780,13:08:24.315,457.402,36.179,16548.291,0.000,0.000,0.000,0.000,0.000,0.000,1.000,1.000,0.000,48.919,49.100,0.940,58.592,5.000,102.0,47.0,33.128204345703125,-52.82051467895508
68.036,13:08:24.459,461.286,35.286,16276.993,0.000,0.000,0.000,0.000,0.000,0.000,1.000,1.000,0.000,48.518,48.700,0.940,58.653,5.000,102.0,47.0,33.128204345703125,-52.82051467895508
68.180,13:08:24.523,461.286,35.286,16276.993,0.000,0.000,0.000,0.000,0.000,0.000,1.000,1.000,0.000,48.518,48.700,0.940,58.653,5.000,102.0,47.0,33.128204345703125,-52.82051467895508
68.244,13:08:24.587,460.175,35.540,16354.605,0.000,0.000,0.000,0.000,0.000,0.000,1.000,1.000,0.000,48.518,48.700,0.940,58.653,5.000,102.0,47.0,33.128204345703125,-52.82051467895508
68.644,13:08:25.067,461.366,35.272,16273.306,0.000,0.000,0.000,0.000,0.000,0.000,1.000,1.000,0.000,48.518,48.700,0.940,58.780,5.000,102.0,47.0,33.128204345703125,-52.82051467895508
68.787,13:08:25.323,461.366,35.272,16273.306,0.000,0.000,0.000,0.000,0.000,0.000,1.000,1.000,0.000,48.518,48.700,0.940,58.780,5.000,102.0,47.0,-31.794872283935547,-18.564102172851562
69.043,13:08:25.467,459.840,35.613,16376.207,0.000,0.000,0.000,0.000,0.000,0.000,1.000,1.000,0.000,48.881,48.700,0.940,58.808,5.000,102.0,47.0,-31.794872283935547,-18.564102172851562
69.187,13:08:25.531,459.840,35.613,16376.207,0.000,0.000,0.000,0.000,0.000,0.000,1.000,1.000,0.000,48.881,48.700,0.940,58.808,5.000,102.0,47.0,-31.794872283935547,-18.564102172851562
69.251,13:08:25.595,459.840,35.613,16376.207,0.000,0.000,0.000,0.000,0.000,0.000,1.000,1.000,0.000,48.881,48.700,0.940,58.808,5.000,102.0,47.0,-31.794872283935547,-18.564102172851562
69.315,13:08:25.739,459.840,35.613,16376.207,0.000,0.000,0.000,0.000,0.000,0.000,1.000,1.000,0.000,48.881,48.700,0.940,58.808,5.000,102.0,47.0,-31.794872283935547,-18.564102172851562
69.459,13:08:25.803,460.937,35.355,16296.590,0.000,0.000,0.000,0.000,0.000,0.000,1.000,1.000,0.000,48.881,48.700,0.940,58.808,5.000,102.0,47.0,-31.794872283935547,-18.564102172851562
69.523,13:08:25.866,460.937,35.355,16296.590,0.000,0.000,0.000,0.000,0.000,0.000,1.000,1.000,0.000,48.881,48.700,0.940,58.808,5.000,102.0,47.0,-31.794872283935547,-18.564102172851562
69.587,13:08:26.010,460.937,35.355,16296.590,0.000,0.000,0.000,0.000,0.000,0.000,1.000,1.000,0.000,48.518,48.700,0.940,58.877,5.000,102.0,47.0,-31.794872283935547,-18.564102172851562
69.731,13:08:26.074,460.937,35.355,16296.590,0.000,0.000,0.000,0.000,0.000,0.000,1.000,1.000,0.000,48.518,48.700,0.940,58.877,5.000,102.0,47.0,-31.794872283935547,-18.564102172851562
69.795,13:08:26.330,460.937,35.355,16296.590,0.000,0.000,0.000,0.000,0.000,0.000,1.000,1.000,0.000,48.518,48.700,0.940,58.877,5.000,102.0,47.0,22.820512771606445,-53.74359130859375
70.051,13:08:26.474,460.062,35.559,16359.316,0.000,0.000,0.000,0.000,0.000,0.000,1.000,1.000,0.000,48.881,48.700,0.940,58.915,5.000,102.0,47.0,22.820512771606445,-53.74359130859375
70.195,13:08:26.538,460.062,35.559,16359.316,0.000,0.000,0.000,0.000,0.000,0.000,1.000,1.000,0.000,48.881,48.700,0.940,58.915,5.000,102.0,47.0,22.820512771606445,-53.74359130859375
70.259,13:08:26.602,456.928,36.269,16572.168,0.000,0.000,0.000,0.000,0.000,0.000,1.000,1.000,0.000,48.881,48.700,0.940,58.915,5.000,102.0,47.0,22.820512771606445,-53.74359130859375
70.323,13:08:26.746,456.928,36.269,16572.168,0.000,0.000,0.000,0.000,0.000,0.000,1.000,1.000,0.000,48.881,48.700,0.940,58.969,5.000,102.0,47.0,22.820512771606445,-53.74359130859375
70.467,13:08:26.810,456.928,36.269,16572.168,0.000,0.000,0.000,0.000,0.000,0.000,1.000,1.000,0.000,48.881,48.700,0.940,58.969,5.000,102.0,47.0,22.820512771606445,-53.74359130859375
70.530,13:08:26.874,456.928,36.269,16572.168,0.000,0.000,0.000,0.000,0.000,0.000,1.000,1.000,0.000,48.881,48.700,0.940,58.969,5.000,102.0,47.0,22.820512771606445,-53.74359130859375
70.594,13:08:27.018,456.928,36.269,16572.168,0.000,0.000,0.000,0.000,0.000,0.000,1.000,1.000,0.000,48.881,48.700,0.940,58.969,5.000,102.0,47.0,22.820512771606445,-53.74359130859375
70.738,13:08:27.082,460.951,35.362,16300.371,0.000,0.000,0.000,0.000,0.000,0.000,1.000,1.000,0.000,48.881,48.700,0.940,58.969,5.000,102.0,47.0,22.820512771606445,-53.74359130859375
70.802,13:08:27.338,460.951,35.362,16300.371,0.000,0.000,0.000,0.000,0.000,0.000,1.000,1.000,0.000,48.881,48.700,0.940,58.969,5.000,102.0,47.0,-54.153846740722656,20.0
71.058,13:08:27.482,460.951,35.362,16300.371,0.000,0.000,0.000,0.000,0.000,0.000,1.000,1.000,0.000,48.480,48.300,0.940,59.066,5.000,102.0,47.0,-54.153846740722656,20.0
71.202,13:08:27.545,463.836,34.647,16070.481,0.000,0.000,0.000,0.000,0.000,0.000,1.000,1.000,0.000,48.480,48.300,0.940,59.066,5.000,102.0,47.0,-54.153846740722656,20.0
71.266,13:08:27.609,463.836,34.647,16070.481,0.000,0.000,0.000,0.000,0.000,0.000,1.000,1.000,0.000,48.480,48.300,0.940,59.066,5.000,102.0,47.0,-54.153846740722656,20.0
71.330,13:08:27.753,463.836,34.647,16070.481,0.000,0.000,0.000,0.000,0.000,0.000,1.000,1.000,0.000,48.480,48.300,0.940,59.066,5.000,102.0,47.0,-54.153846740722656,20.0
71.474,13:08:27.817,463.836,34.647,16070.481,0.000,0.000,0.000,0.000,0.000,0.000,1.000,1.000,0.000,48.480,48.300,0.940,59.066,5.000,102.0,47.0,-54.153846740722656,20.0
71.538,13:08:27.881,460.428,35.476,16334.104,0.000,0.000,0.000,0.000,0.000,0.000,1.000,1.000,0.000,48.480,48.300,0.940,59.066,5.000,102.0,47.0,-54.153846740722656,20.0
71.602,13:08:28.025,460.428,35.476,16334.104,0.000,0.000,0.000,0.000,0.000,0.000,1.000,1.000,0.000,48.881,48.700,0.940,59.088,5.000,102.0,47.0,-54.153846740722656,20.0
71.746,13:08:28.089,460.428,35.476,16334.104,0.000,0.000,0.000,0.000,0.000,0.000,1.000,1.000,0.000,48.881,48.700,0.940,59.088,5.000,102.0,47.0,-54.153846740722656,20.0
71.810,13:08:28.345,460.428,35.476,16334.104,0.000,0.000,0.000,0.000,0.000,0.000,1.000,1.000,0.000,48.881,48.700,0.940,59.088,5.000,102.0,47.0,19.487178802490234,-52.20512771606445
72.065,13:08:28.489,456.835,36.291,16579.100,0.000,0.000,0.000,0.000,0.000,0.000,1.000,1.000,0.000,48.881,48.700,0.940,59.132,5.000,102.0,47.0,19.487178802490234,-52.20512771606445
72.209,13:08:28.553,456.835,36.291,16579.100,0.000,0.000,0.000,0.000,0.000,0.000,1.000,1.000,0.000,48.881,48.700,0.940,59.132,5.000,102.0,47.0,19.487178802490234,-52.20512771606445
72.273,13:08:28.617,456.835,36.291,16579.100,0.000,0.000,0.000,0.000,0.000,0.000,1.000,1.000,0.000,48.881,48.700,0.940,59.132,5.000,102.0,47.0,19.487178802490234,-52.20512771606445
72.337,13:08:28.761,460.583,35.449,16327.061,0.000,0.000,0.000,0.000,0.000,0.000,1.000,1.000,0.000,48.881,48.700,0.940,59.163,5.000,102.0,47.0,19.487178802490234,-52.20512771606445
72.481,13:08:28.825,460.583,35.449,16327.061,0.000,0.000,0.000,0.000,0.000,0.000,1.000,1.000,0.000,48.881,48.700,0.940,59.163,5.000,102.0,47.0,19.487178802490234,-52.20512771606445
72.545,13:08:28.889,460.583,35.449,16327.061,0.000,0.000,0.000,0.000,0.000,0.000,1.000,1.000,0.000,48.881,48.700,0.940,59.163,5.000,102.0,47.0,19.487178802490234,-52.20512771606445
72.609,13:08:29.033,460.583,35.449,16327.061,0.000,0.000,0.000,0.000,0.000,0.000,1.000,1.000,0.000,48.881,48.700,0.940,59.163,5.000,102.0,47.0,19.487178802490234,-52.20512771606445
72.753,13:08:29.096,460.860,35.379,16304.847,0.000,0.000,0.000,0.000,0.000,0.000,1.000,1.000,0.000,48.881,48.700,0.940,59.163,5.000,102.0,47.0,19.487178802490234,-52.20512771606445
72.817,13:08:29.352,460.860,35.379,16304.847,0.000,0.000,0.000,0.000,0.000,0.000,1.000,1.000,0.000,48.881,48.700,0.940,59.163,5.000,102.0,47.0,-46.30769348144531,7.846153736114502
73.073,13:08:29.496,460.860,35.379,16304.847,0.000,0.000,0.000,0.000,0.000,0.000,1.000,1.000,0.000,48.881,48.700,0.940,59.271,5.000,102.0,47.0,-46.30769348144531,7.846153736114502
73.217,13:08:29.560,460.618,35.445,16326.537,0.000,0.000,0.000,0.000,0.000,0.000,1.000,1.000,0.000,48.881,48.700,0.940,59.271,5.000,102.0,47.0,-46.30769348144531,7.846153736114502
73.281,13:08:29.624,460.618,35.445,16326.537,0.000,0.000,0.000,0.000,0.000,0.000,1.000,1.000,0.000,48.881,48.700,0.940,59.271,5.000,102.0,47.0,-46.30769348144531,7.846153736114502
73.345,13:08:29.768,460.618,35.445,16326.537,0.000,0.000,0.000,0.000,0.000,0.000,1.000,1.000,0.000,48.881,48.700,0.940,59.271,5.000,102.0,47.0,-46.30769348144531,7.846153736114502
73.488,13:08:29.832,460.618,35.445,16326.537,0.000,0.000,0.000,0.000,0.000,0.000,1.000,1.000,0.000,48.881,48.700,0.940,59.271,5.000,102.0,47.0,-46.30769348144531,7.846153736114502
73.552,13:08:29.896,460.637,35.438,16324.123,0.000,0.000,0.000,0.000,0.000,0.000,1.000,1.000,0.000,48.881,48.700,0.940,59.271,5.000,102.0,47.0,-46.30769348144531,7.846153736114502
73.617,13:08:30.040,460.637,35.438,16324.123,0.000,0.000,0.000,0.000,0.000,0.000,1.000,1.000,0.000,48.518,48.700,0.940,59.289,5.000,102.0,47.0,-46.30769348144531,7.846153736114502
73.760,13:08:30.104,460.637,35.438,16324.123,0.000,0.000,0.000,0.000,0.000,0.000,1.000,1.000,0.000,48.518,48.700,0.940,59.289,5.000,102.0,47.0,-46.30769348144531,7.846153736114502
73.824,13:08:30.360,460.637,35.438,16324.123,0.000,0.000,0.000,0.000,0.000,0.000,1.000,1.000,0.000,48.518,48.700,0.940,59.289,5.000,102.0,47.0,15.64102554321289,-50.153846740722656
74.080,13:08:30.504,464.218,34.560,16043.200,0.000,0.000,0.000,0.000,0.000,0.000,1.000,1.000,0.000,48.518,48.700,0.940,59.351,5.000,102.0,47.0,15.64102554321289,-50.153846740722656
74.224,13:08:30.568,464.218,34.560,16043.200,0.000,0.000,0.000,0.000,0.000,0.000,1.000,1.000,0.000,48.518,48.700,0.940,59.351,5.000,102.0,47.0,15.64102554321289,-50.153846740722656
74.288,13:08:30.631,464.218,34.560,16043.200,0.000,0.000,0.000,0.000,0.000,0.000,1.000,1.000,0.000,48.518,48.700,0.940,59.351,5.000,102.0,47.0,15.64102554321289,-50.153846740722656
74.352,13:08:30.775,456.876,36.278,16574.768,0.000,0.000,0.000,0.000,0.000,0.000,1.000,1.000,0.000,48.881,48.700,0.940,59.381,5.000,102.0,47.0,15.64102554321289,-50.153846740722656
74.496,13:08:30.839,456.876,36.278,16574.768,0.000,0.000,0.000,0.000,0.000,0.000,1.000,1.000,0.000,48.881,48.700,0.940,59.381,5.000,102.0,47.0,15.64102554321289,-50.153846740722656
74.560,13:08:30.904,456.876,36.278,16574.768,0.000,0.000,0.000,0.000,0.000,0.000,1.000,1.000,0.000,48.881,48.700,0.940,59.381,5.000,102.0,47.0,15.64102554321289,-50.153846740722656
74.624,13:08:31.047,456.876,36.278,16574.768,0.000,0.000,0.000,0.000,0.000,0.000,1.000,1.000,0.000,48.881,48.700,0.940,59.381,5.000,102.0,47.0,15.64102554321289,-50.153846740722656
74.768,13:08:31.111,459.076,35.873,16468.344,0.000,0.000,0.000,0.000,0.000,0.000,1.000,1.000,0.000,48.881,48.700,0.940,59.381,5.000,102.0,47.0,15.64102554321289,-50.153846740722656
74.832,13:08:31.367,459.076,35.873,16468.344,0.000,0.000,0.000,0.000,0.000,0.000,1.000,1.000,0.000,48.881,48.700,0.940,59.381,5.000,102.0,47.0,-50.71794891357422,31.28205108642578
75.087,13:08:31.511,459.076,35.873,16468.344,0.000,0.000,0.000,0.000,0.000,0.000,1.000,1.000,0.000,48.519,48.700,0.940,59.487,5.000,102.0,47.0,-50.71794891357422,31.28205108642578
75.231,13:08:31.575,462.011,35.188,16257.473,0.000,0.000,0.000,0.000,0.000,0.000,1.000,1.000,0.000,48.519,48.700,0.940,59.487,5.000,102.0,47.0,-50.71794891357422,31.28205108642578
75.295,13:08:31.639,462.011,35.188,16257.473,0.000,0.000,0.000,0.000,0.000,0.000,1.000,1.000,0.000,48.519,48.700,0.940,59.487,5.000,102.0,47.0,-50.71794891357422,31.28205108642578
75.359,13:08:31.783,462.011,35.188,16257.473,0.000,0.000,0.000,0.000,0.000,0.000,1.000,1.000,0.000,48.519,48.700,0.940,59.487,5.000,102.0,47.0,-50.71794891357422,31.28205108642578
75.503,13:08:31.847,462.011,35.188,16257.473,0.000,0.000,0.000,0.000,0.000,0.000,1.000,1.000,0.000,48.519,48.700,0.940,59.487,5.000,102.0,47.0,-50.71794891357422,31.28205108642578
75.567,13:08:31.911,459.521,35.777,16440.197,0.000,0.000,0.000,0.000,0.000,0.000,1.000,1.000,0.000,48.519,48.700,0.940,59.487,5.000,102.0,47.0,-50.71794891357422,31.28205108642578
75.631,13:08:32.055,459.521,35.777,16440.197,0.000,0.000,0.000,0.000,0.000,0.000,1.000,1.000,0.000,48.919,49.100,0.940,59.523,5.000,102.0,47.0,-50.71794891357422,31.28205108642578
75.775,13:08:32.118,459.521,35.777,16440.197,0.000,0.000,0.000,0.000,0.000,0.000,1.000,1.000,0.000,48.919,49.100,0.940,59.523,5.000,102.0,47.0,-50.71794891357422,31.28205108642578
75.839,13:08:32.390,459.521,35.777,16440.197,0.000,0.000,0.000,0.000,0.000,0.000,1.000,1.000,0.000,48.919,49.100,0.940,59.523,5.000,102.0,47.0,-34.769229888916016,-7.846153736114502
76.111,13:08:32.534,461.999,35.176,16251.151,0.000,0.000,0.000,0.000,0.000,0.000,1.000,1.000,0.000,48.518,48.700,0.940,59.554,5.000,102.0,47.0,-34.769229888916016,-7.846153736114502
76.255,13:08:32.598,461.999,35.176,16251.151,0.000,0.000,0.000,0.000,0.000,0.000,1.000,1.000,0.000,48.518,48.700,0.940,59.554,5.000,102.0,47.0,-34.769229888916016,-7.846153736114502
76.319,13:08:32.662,461.999,35.176,16251.151,0.000,0.000,0.000,0.000,0.000,0.000,1.000,1.000,0.000,48.518,48.700,0.940,59.554,5.000,102.0,47.0,-34.769229888916016,-7.846153736114502
76.383,13:08:32.806,459.531,35.769,16437.125,0.000,0.000,0.000,0.000,0.000,0.000,1.000,1.000,0.000,48.919,49.100,0.940,59.599,5.000,102.0,47.0,-34.769229888916016,-7.846153736114502
76.527,13:08:32.870,459.531,35.769,16437.125,0.000,0.000,0.000,0.000,0.000,0.000,1.000,1.000,0.000,48.919,49.100,0.940,59.599,5.000,102.0,47.0,-34.769229888916016,-7.846153736114502
76.591,13:08:32.934,459.531,35.769,16437.125,0.000,0.000,0.000,0.000,0.000,0.000,1.000,1.000,0.000,48.919,49.100,0.940,59.599,5.000,102.0,47.0,-34.769229888916016,-7.846153736114502
76.654,13:08:33.078,459.531,35.769,16437.125,0.000,0.000,0.000,0.000,0.000,0.000,1.000,1.000,0.000,48.919,49.100,0.940,59.599,5.000,102.0,47.0,-34.769229888916016,-7.846153736114502
76.798,13:08:33.142,461.684,35.261,16279.342,0.000,0.000,0.000,0.000,0.000,0.000,1.000,1.000,0.000,48.919,49.100,0.940,59.599,5.000,102.0,47.0,-34.769229888916016,-7.846153736114502
76.862,13:08:33.398,461.684,35.261,16279.342,0.000,0.000,0.000,0.000,0.000,0.000,1.000,1.000,0.000,48.919,49.100,0.940,59.599,5.000,102.0,47.0,-22.564102172851562,48.92307662963867
77.118,13:08:33.542,461.684,35.261,16279.342,0.000,0.000,0.000,0.000,0.000,0.000,1.000,1.000,0.000,48.919,49.100,0.940,59.706,5.000,102.0,47.0,-22.564102172851562,48.92307662963867
77.262,13:08:33.606,457.536,36.226,16574.721,0.000,0.000,0.000,0.000,0.000,0.000,1.000,1.000,0.000,48.919,49.100,0.940,59.706,5.000,102.0,47.0,-22.564102172851562,48.92307662963867
77.326,13:08:33.670,457.536,36.226,16574.721,0.000,0.000,0.000,0.000,0.000,0.000,1.000,1.000,0.000,48.919,49.100,0.940,59.706,5.000,102.0,47.0,-22.564102172851562,48.92307662963867
77.390,13:08:33.813,457.536,36.226,16574.721,0.000,0.000,0.000,0.000,0.000,0.000,1.000,1.000,0.000,48.919,49.100,0.940,59.706,5.000,102.0,47.0,-22.564102172851562,48.92307662963867
77.534,13:08:33.877,457.536,36.226,16574.721,0.000,0.000,0.000,0.000,0.000,0.000,1.000,1.000,0.000,48.919,49.100,0.940,59.706,5.000,102.0,47.0,-22.564102172851562,48.92307662963867
77.598,13:08:33.941,457.474,36.235,16576.562,0.000,0.000,0.000,0.000,0.000,0.000,1.000,1.000,0.000,48.919,49.100,0.940,59.706,5.000,102.0,47.0,-22.564102172851562,48.92307662963867
77.662,13:08:34.085,457.474,36.235,16576.562,0.000,0.000,0.000,0.000,0.000,0.000,1.000,1.000,0.000,48.881,48.700,0.940,59.764,5.000,102.0,47.0,-22.564102172851562,48.92307662963867
77.806,13:08:34.149,457.474,36.235,16576.562,0.000,0.000,0.000,0.000,0.000,0.000,1.000,1.000,0.000,48.881,48.700,0.940,59.764,5.000,102.0,47.0,-22.564102172851562,48.92307662963867
77.870,13:08:34.405,457.474,36.235,16576.562,0.000,0.000,0.000,0.000,0.000,0.000,1.000,1.000,0.000,48.881,48.700,0.940,59.764,5.000,102.0,47.0,6.0,43.69230651855469
78.126,13:08:34.549,459.594,35.747,16429.271,0.000,0.000,0.000,0.000,0.000,0.000,1.000,1.000,0.000,48.881,48.700,0.940,59.796,5.000,102.0,47.0,6.0,43.69230651855469
78.269,13:08:34.613,459.594,35.747,16429.271,0.000,0.000,0.000,0.000,0.000,0.000,1.000,1.000,0.000,48.881,48.700,0.940,59.796,5.000,102.0,47.0,6.0,43.69230651855469
78.333,13:08:34.677,459.594,35.747,16429.271,0.000,0.000,0.000,0.000,0.000,0.000,1.000,1.000,0.000,48.881,48.700,0.940,59.796,5.000,102.0,47.0,6.0,43.69230651855469
78.397,13:08:34.821,461.474,35.320,16299.309,0.000,0.000,0.000,0.000,0.000,0.000,1.000,1.000,0.000,48.480,48.300,0.940,59.872,5.000,102.0,47.0,6.0,43.69230651855469
78.541,13:08:34.885,461.474,35.320,16299.309,0.000,0.000,0.000,0.000,0.000,0.000,1.000,1.000,0.000,48.480,48.300,0.940,59.872,5.000,102.0,47.0,6.0,43.69230651855469
78.605,13:08:34.949,461.474,35.320,16299.309,0.000,0.000,0.000,0.000,0.000,0.000,1.000,1.000,0.000,48.480,48.300,0.940,59.872,5.000,102.0,47.0,6.0,43.69230651855469
78.669,13:08:35.093,461.474,35.320,16299.309,0.000,0.000,0.000,0.000,0.000,0.000,1.000,1.000,0.000,48.480,48.300,0.940,59.872,5.000,102.0,47.0,6.0,43.69230651855469
78.813,13:08:35.157,459.728,35.714,16418.516,0.000,0.000,0.000,0.000,0.000,0.000,1.000,1.000,0.000,48.480,48.300,0.940,59.872,5.000,102.0,47.0,6.0,43.69230651855469
78.877,13:08:35.412,459.728,35.714,16418.516,0.000,0.000,0.000,0.000,0.000,0.000,1.000,1.000,0.000,48.480,48.300,0.940,59.872,5.000,102.0,47.0,47.230770111083984,-11.435897827148438
79.133,13:08:35.556,459.728,35.714,16418.516,0.000,0.000,0.000,0.000,0.000,0.000,1.000,1.000,0.000,48.919,49.100,0.940,59.878,5.000,102.0,47.0,47.230770111083984,-11.435897827148438
79.277,13:08:35.620,457.214,36.293,16593.787,0.000,0.000,0.000,0.000,0.000,0.000,1.000,1.000,0.000,48.919,49.100,0.940,59.878,5.000,102.0,47.0,47.230770111083984,-11.435897827148438
79.341,13:08:35.684,457.214,36.293,16593.787,0.000,0.000,0.000,0.000,0.000,0.000,1.000,1.000,0.000,48.919,49.100,0.940,59.878,5.000,102.0,47.0,47.230770111083984,-11.435897827148438
79.405,13:08:35.828,457.214,36.293,16593.787,0.000,0.000,0.000,0.000,0.000,0.000,1.000,1.000,0.000,48.881,48.700,0.940,59.939,5.000,102.0,47.0,47.230770111083984,-11.435897827148438
79.549,13:08:35.892,457.214,36.293,16593.787,0.000,0.000,0.000,0.000,0.000,0.000,1.000,1.000,0.000,48.881,48.700,0.940,59.939,5.000,102.0,47.0,47.230770111083984,-11.435897827148438
79.613,13:08:35.956,463.608,34.796,16131.577,0.000,0.000,0.000,0.000,0.000,0.000,1.000,1.000,0.000,48.881,48.700,0.940,59.939,5.000,102.0,47.0,47.230770111083984,-11.435897827148438
79.677,13:08:36.100,463.608,34.796,16131.577,0.000,0.000,0.000,0.000,0.000,0.000,1.000,1.000,0.000,48.518,48.700,0.940,60.015,5.000,102.0,47.0,47.230770111083984,-11.435897827148438
79.820,13:08:36.164,463.608,34.796,16131.577,0.000,0.000,0.000,0.000,0.000,0.000,1.000,1.000,0.000,48.518,48.700,0.940,60.015,5.000,102.0,47.0,47.230770111083984,-11.435897827148438
79.884,13:08:36.420,463.608,34.796,16131.577,0.000,0.000,0.000,0.000,0.000,0.000,1.000,1.000,0.000,48.518,48.700,0.940,60.015,5.000,102.0,47.0,49.64102554321289,-15.589743614196777
80.140,13:08:36.564,457.198,36.303,16597.533,0.000,0.000,0.000,0.000,0.000,0.000,1.000,1.000,0.000,48.919,49.100,0.940,60.029,5.000,102.0,47.0,49.64102554321289,-15.589743614196777
80.284,13:08:36.628,457.198,36.303,16597.533,0.000,0.000,0.000,0.000,0.000,0.000,1.000,1.000,0.000,48.919,49.100,0.940,60.029,5.000,102.0,47.0,49.64102554321289,-15.589743614196777
80.348,13:08:36.692,457.198,36.303,16597.533,0.000,0.000,0.000,0.000,0.000,0.000,1.000,1.000,0.000,48.919,49.100,0.940,60.029,5.000,102.0,47.0,49.64102554321289,-15.589743614196777
80.412,13:08:36.836,457.198,36.303,16597.533,0.000,0.000,0.000,0.000,0.000,0.000,1.000,1.000,0.000,48.881,48.700,0.940,60.057,5.000,102.0,47.0,49.64102554321289,-15.589743614196777
80.556,13:08:36.900,460.283,35.608,16389.818,0.000,0.000,0.000,0.000,0.000,0.000,1.000,1.000,0.000,48.881,48.700,0.940,60.057,5.000,102.0,47.0,49.64102554321289,-15.589743614196777
80.620,13:08:36.963,460.283,35.608,16389.818,0.000,0.000,0.000,0.000,0.000,0.000,1.000,1.000,0.000,48.881,48.700,0.940,60.057,5.000,102.0,47.0,49.64102554321289,-15.589743614196777
80.684,13:08:37.107,460.283,35.608,16389.818,0.000,0.000,0.000,0.000,0.000,0.000,1.000,1.000,0.000,48.881,48.700,0.940,60.057,5.000,102.0,47.0,49.64102554321289,-15.589743614196777
80.828,13:08:37.171,460.283,35.608,16389.818,0.000,0.000,0.000,0.000,0.000,0.000,1.000,1.000,0.000,48.881,48.700,0.940,60.057,5.000,102.0,47.0,49.64102554321289,-15.589743614196777
80.892,13:08:37.427,463.881,34.716,16104.042,0.000,0.000,0.000,0.000,0.000,0.000,1.000,1.000,0.000,48.881,48.700,0.940,60.057,5.000,102.0,47.0,15.897436141967773,-50.769229888916016
81.148,13:08:37.571,463.881,34.716,16104.042,0.000,0.000,0.000,0.000,0.000,0.000,1.000,1.000,0.000,48.479,48.300,0.940,60.086,5.000,102.0,47.0,15.897436141967773,-50.769229888916016
81.292,13:08:37.635,461.149,35.406,16327.420,0.000,0.000,0.000,0.000,0.000,0.000,1.000,1.000,0.000,48.479,48.300,0.940,60.086,5.000,102.0,47.0,15.897436141967773,-50.769229888916016
81.355,13:08:37.699,461.149,35.406,16327.420,0.000,0.000,0.000,0.000,0.000,0.000,1.000,1.000,0.000,48.479,48.300,0.940,60.086,5.000,102.0,47.0,15.897436141967773,-50.769229888916016
81.419,13:08:37.843,461.149,35.406,16327.420,0.000,0.000,0.000,0.000,0.000,0.000,1.000,1.000,0.000,48.519,48.700,0.940,60.108,5.000,102.0,47.0,15.897436141967773,-50.769229888916016
81.564,13:08:37.907,461.149,35.406,16327.420,0.000,0.000,0.000,0.000,0.000,0.000,1.000,1.000,0.000,48.519,48.700,0.940,60.108,5.000,102.0,47.0,15.897436141967773,-50.769229888916016
81.627,13:08:37.971,461.149,35.406,16327.420,0.000,0.000,0.000,0.000,0.000,0.000,1.000,1.000,0.000,48.519,48.700,0.940,60.108,5.000,102.0,47.0,15.897436141967773,-50.769229888916016
81.691,13:08:38.115,456.959,36.344,16607.848,0.000,0.000,0.000,0.000,0.000,0.000,1.000,1.000,0.000,48.920,49.100,0.940,60.125,5.000,102.0,47.0,15.897436141967773,-50.769229888916016
81.835,13:08:38.179,456.959,36.344,16607.848,0.000,0.000,0.000,0.000,0.000,0.000,1.000,1.000,0.000,48.920,49.100,0.940,60.125,5.000,102.0,47.0,15.897436141967773,-50.769229888916016
81.899,13:08:38.435,456.959,36.344,16607.848,0.000,0.000,0.000,0.000,0.000,0.000,1.000,1.000,0.000,48.920,49.100,0.940,60.125,5.000,102.0,47.0,41.02564239501953,-51.69230651855469
82.155,13:08:38.578,460.256,35.627,16397.465,0.000,0.000,0.000,0.000,0.000,0.000,1.000,1.000,0.000,48.881,48.700,0.940,60.213,5.000,102.0,47.0,41.02564239501953,-51.69230651855469
82.299,13:08:38.642,460.256,35.627,16397.465,0.000,0.000,0.000,0.000,0.000,0.000,1.000,1.000,0.000,48.881,48.700,0.940,60.213,5.000,102.0,47.0,41.02564239501953,-51.69230651855469
82.363,13:08:38.707,460.256,35.627,16397.465,0.000,0.000,0.000,0.000,0.000,0.000,1.000,1.000,0.000,48.881,48.700,0.940,60.213,5.000,102.0,47.0,41.02564239501953,-51.69230651855469
82.427,13:08:38.850,460.256,35.627,16397.465,0.000,0.000,0.000,0.000,0.000,0.000,1.000,1.000,0.000,48.919,49.100,0.940,60.241,5.000,102.0,47.0,41.02564239501953,-51.69230651855469
82.571,13:08:38.914,460.380,35.587,16383.715,0.000,0.000,0.000,0.000,0.000,0.000,1.000,1.000,0.000,48.919,49.100,0.940,60.241,5.000,102.0,47.0,41.02564239501953,-51.69230651855469
82.635,13:08:38.979,460.380,35.587,16383.715,0.000,0.000,0.000,0.000,0.000,0.000,1.000,1.000,0.000,48.919,49.100,0.940,60.241,5.000,102.0,47.0,41.02564239501953,-51.69230651855469
82.699,13:08:39.122,460.380,35.587,16383.715,0.000,0.000,0.000,0.000,0.000,0.000,1.000,1.000,0.000,48.919,49.100,0.940,60.241,5.000,102.0,47.0,41.02564239501953,-51.69230651855469
82.843,13:08:39.186,460.380,35.587,16383.715,0.000,0.000,0.000,0.000,0.000,0.000,1.000,1.000,0.000,48.919,49.100,0.940,60.241,5.000,102.0,47.0,41.02564239501953,-51.69230651855469
82.907,13:08:39.442,460.560,35.547,16371.337,0.000,0.000,0.000,0.000,0.000,0.000,1.000,1.000,0.000,48.919,49.100,0.940,60.241,5.000,102.0,47.0,-48.512821197509766,3.076923131942749
83.162,13:08:39.586,460.560,35.547,16371.337,0.000,0.000,0.000,0.000,0.000,0.000,1.000,1.000,0.000,48.881,48.700,0.940,60.276,5.000,102.0,47.0,-48.512821197509766,3.076923131942749
83.306,13:08:39.650,460.596,35.531,16365.584,0.000,0.000,0.000,0.000,0.000,0.000,1.000,1.000,0.000,48.881,48.700,0.940,60.276,5.000,102.0,47.0,-48.512821197509766,3.076923131942749
83.370,13:08:39.714,460.596,35.531,16365.584,0.000,0.000,0.000,0.000,0.000,0.000,1.000,1.000,0.000,48.881,48.700,0.940,60.276,5.000,102.0,47.0,-48.512821197509766,3.076923131942749
83.434,13:08:39.858,460.596,35.531,16365.584,0.000,0.000,0.000,0.000,0.000,0.000,1.000,1.000,0.000,48.919,49.100,0.940,60.301,5.000,102.0,47.0,-48.512821197509766,3.076923131942749
83.578,13:08:39.922,460.596,35.531,16365.584,0.000,0.000,0.000,0.000,0.000,0.000,1.000,1.000,0.000,48.919,49.100,0.940,60.301,5.000,102.0,47.0,-48.512821197509766,3.076923131942749
83.642,13:08:39.986,460.596,35.531,16365.584,0.000,0.000,0.000,0.000,0.000,0.000,1.000,1.000,0.000,48.919,49.100,0.940,60.301,5.000,102.0,47.0,-48.512821197509766,3.076923131942749
83.706,13:08:40.130,460.463,35.573,16379.984,0.000,0.000,0.000,0.000,0.000,0.000,1.000,1.000,0.000,48.881,48.700,0.940,60.352,5.000,102.0,47.0,-48.512821197509766,3.076923131942749
83.850,13:08:40.194,460.463,35.573,16379.984,0.000,0.000,0.000,0.000,0.000,0.000,1.000,1.000,0.000,48.881,48.700,0.940,60.352,5.000,102.0,47.0,-48.512821197509766,3.076923131942749
83.914,13:08:40.450,460.463,35.573,16379.984,0.000,0.000,0.000,0.000,0.000,0.000,1.000,1.000,0.000,48.881,48.700,0.940,60.352,5.000,102.0,47.0,46.512821197509766,-21.846153259277344
84.170,13:08:40.593,460.694,35.515,16361.334,0.000,0.000,0.000,0.000,0.000,0.000,1.000,1.000,0.000,48.919,49.100,0.940,60.407,5.000,102.0,47.0,46.512821197509766,-21.846153259277344
84.314,13:08:40.657,460.694,35.515,16361.334,0.000,0.000,0.000,0.000,0.000,0.000,1.000,1.000,0.000,48.919,49.100,0.940,60.407,5.000,102.0,47.0,46.512821197509766,-21.846153259277344
84.378,13:08:40.721,460.694,35.515,16361.334,0.000,0.000,0.000,0.000,0.000,0.000,1.000,1.000,0.000,48.919,49.100,0.940,60.407,5.000,102.0,47.0,46.512821197509766,-21.846153259277344
84.442,13:08:40.865,460.694,35.515,16361.334,0.000,0.000,0.000,0.000,0.000,0.000,1.000,1.000,0.000,48.881,48.700,0.940,60.434,5.000,102.0,47.0,46.512821197509766,-21.846153259277344
84.586,13:08:40.929,460.510,35.557,16374.563,0.000,0.000,0.000,0.000,0.000,0.000,1.000,1.000,0.000,48.881,48.700,0.940,60.434,5.000,102.0,47.0,46.512821197509766,-21.846153259277344
84.650,13:08:40.993,460.510,35.557,16374.563,0.000,0.000,0.000,0.000,0.000,0.000,1.000,1.000,0.000,48.881,48.700,0.940,60.434,5.000,102.0,47.0,46.512821197509766,-21.846153259277344
84.714,13:08:41.137,460.510,35.557,16374.563,0.000,0.000,0.000,0.000,0.000,0.000,1.000,1.000,0.000,48.881,48.700,0.940,60.434,5.000,102.0,47.0,46.512821197509766,-21.846153259277344
84.857,13:08:41.201,460.510,35.557,16374.563,0.000,0.000,0.000,0.000,0.000,0.000,1.000,1.000,0.000,48.881,48.700,0.940,60.434,5.000,102.0,47.0,46.512821197509766,-21.846153259277344
84.921,13:08:41.457,460.722,35.499,16355.208,0.000,0.000,0.000,0.000,0.000,0.000,1.000,1.000,0.000,48.881,48.700,0.940,60.434,5.000,102.0,47.0,-25.58974266052246,53.53845977783203
85.177,13:08:41.601,460.722,35.499,16355.208,0.000,0.000,0.000,0.000,0.000,0.000,1.000,1.000,0.000,48.919,49.100,0.940,60.464,5.000,102.0,47.0,-25.58974266052246,53.53845977783203
85.321,13:08:41.665,456.318,36.474,16643.842,0.000,0.000,0.000,0.000,0.000,0.000,1.000,1.000,0.000,48.919,49.100,0.940,60.464,5.000,102.0,47.0,-25.58974266052246,53.53845977783203
85.385,13:08:41.729,456.318,36.474,16643.842,0.000,0.000,0.000,0.000,0.000,0.000,1.000,1.000,0.000,48.919,49.100,0.940,60.464,5.000,102.0,47.0,-25.58974266052246,53.53845977783203
85.449,13:08:41.873,456.318,36.474,16643.842,0.000,0.000,0.000,0.000,0.000,0.000,1.000,1.000,0.000,49.319,49.500,0.940,60.542,5.000,102.0,47.0,-25.58974266052246,53.53845977783203
85.593,13:08:41.937,456.318,36.474,16643.842,0.000,0.000,0.000,0.000,0.000,0.000,1.000,1.000,0.000,49.319,49.500,0.940,60.542,5.000,102.0,47.0,-25.58974266052246,53.53845977783203
85.657,13:08:42.001,456.318,36.474,16643.842,0.000,0.000,0.000,0.000,0.000,0.000,1.000,1.000,0.000,49.319,49.500,0.940,60.542,5.000,102.0,47.0,-25.58974266052246,53.53845977783203
85.721,13:08:42.144,456.230,36.508,16656.109,0.000,0.000,0.000,0.000,0.000,0.000,1.000,1.000,0.000,48.881,48.700,0.940,60.608,5.000,102.0,47.0,-25.58974266052246,53.53845977783203
85.865,13:08:42.208,456.230,36.508,16656.109,0.000,0.000,0.000,0.000,0.000,0.000,1.000,1.000,0.000,48.881,48.700,0.940,60.608,5.000,102.0,47.0,-25.58974266052246,53.53845977783203
85.929,13:08:42.464,456.230,36.508,16656.109,0.000,0.000,0.000,0.000,0.000,0.000,1.000,1.000,0.000,48.881,48.700,0.940,60.608,5.000,102.0,47.0,-4.615384578704834,15.333333015441895
86.185,13:08:42.608,460.772,35.492,16353.930,0.000,0.000,0.000,0.000,0.000,0.000,1.000,1.000,0.000,48.919,49.100,0.940,60.645,5.000,102.0,47.0,-4.615384578704834,15.333333015441895
86.329,13:08:42.672,460.772,35.492,16353.930,0.000,0.000,0.000,0.000,0.000,0.000,1.000,1.000,0.000,48.919,49.100,0.940,60.645,5.000,102.0,47.0,-4.615384578704834,15.333333015441895
86.393,13:08:42.736,460.772,35.492,16353.930,0.000,0.000,0.000,0.000,0.000,0.000,1.000,1.000,0.000,48.919,49.100,0.940,60.645,5.000,102.0,47.0,-4.615384578704834,15.333333015441895
86.456,13:08:42.880,460.772,35.492,16353.930,0.000,0.000,0.000,0.000,0.000,0.000,1.000,1.000,0.000,48.919,49.100,0.940,60.645,5.000,102.0,47.0,-4.615384578704834,15.333333015441895
86.601,13:08:42.944,455.086,36.723,16711.932,0.000,0.000,0.000,0.000,0.000,0.000,1.000,1.000,0.000,48.919,49.100,0.940,60.645,5.000,102.0,47.0,-4.615384578704834,15.333333015441895
86.664,13:08:43.008,455.086,36.723,16711.932,0.000,0.000,0.000,0.000,0.000,0.000,1.000,1.000,0.000,48.919,49.100,0.940,60.645,5.000,102.0,47.0,-4.615384578704834,15.333333015441895
86.728,13:08:43.152,455.086,36.723,16711.932,0.000,0.000,0.000,0.000,0.000,0.000,1.000,1.000,0.000,49.320,49.500,0.940,60.720,5.000,102.0,47.0,-4.615384578704834,15.333333015441895
86.872,13:08:43.216,455.086,36.723,16711.932,0.000,0.000,0.000,0.000,0.000,0.000,1.000,1.000,0.000,49.320,49.500,0.940,60.720,5.000,102.0,47.0,-4.615384578704834,15.333333015441895
86.936,13:08:43.472,457.916,36.137,16547.908,0.000,0.000,0.000,0.000,0.000,0.000,1.000,1.000,0.000,49.320,49.500,0.940,60.720,5.000,102.0,47.0,-51.64102554321289,18.35897445678711
87.192,13:08:43.616,457.916,36.137,16547.908,0.000,0.000,0.000,0.000,0.000,0.000,1.000,1.000,0.000,48.880,48.700,0.940,60.759,5.000,102.0,47.0,-51.64102554321289,18.35897445678711
87.336,13:08:43.680,457.916,36.137,16547.908,0.000,0.000,0.000,0.000,0.000,0.000,1.000,1.000,0.000,48.880,48.700,0.940,60.759,5.000,102.0,47.0,-51.64102554321289,18.35897445678711
87.400,13:08:43.743,459.409,35.784,16439.521,0.000,0.000,0.000,0.000,0.000,0.000,1.000,1.000,0.000,48.880,48.700,0.940,60.759,5.000,102.0,47.0,-51.64102554321289,18.35897445678711
87.464,13:08:43.888,459.409,35.784,16439.521,0.000,0.000,0.000,0.000,0.000,0.000,1.000,1.000,0.000,48.920,49.100,0.940,60.809,5.000,102.0,47.0,-51.64102554321289,18.35897445678711
87.608,13:08:43.951,459.409,35.784,16439.521,0.000,0.000,0.000,0.000,0.000,0.000,1.000,1.000,0.000,48.920,49.100,0.940,60.809,5.000,102.0,47.0,-51.64102554321289,18.35897445678711
87.672,13:08:44.015,459.409,35.784,16439.521,0.000,0.000,0.000,0.000,0.000,0.000,1.000,1.000,0.000,48.920,49.100,0.940,60.809,5.000,102.0,47.0,-51.64102554321289,18.35897445678711
87.736,13:08:44.159,459.409,35.784,16439.521,0.000,0.000,0.000,0.000,0.000,0.000,1.000,1.000,0.000,49.281,49.100,0.940,60.836,5.000,102.0,47.0,-51.64102554321289,18.35897445678711
87.880,13:08:44.223,455.146,36.710,16708.451,0.000,0.000,0.000,0.000,0.000,0.000,1.000,1.000,0.000,49.281,49.100,0.940,60.836,5.000,102.0,47.0,-51.64102554321289,18.35897445678711
87.944,13:08:44.479,455.146,36.710,16708.451,0.000,0.000,0.000,0.000,0.000,0.000,1.000,1.000,0.000,49.281,49.100,0.940,60.836,5.000,102.0,47.0,25.846153259277344,35.38461685180664
88.200,13:08:44.623,459.485,35.777,16438.785,0.000,0.000,0.000,0.000,0.000,0.000,1.000,1.000,0.000,48.881,48.700,0.940,60.898,5.000,102.0,47.0,25.846153259277344,35.38461685180664
88.344,13:08:44.687,459.485,35.777,16438.785,0.000,0.000,0.000,0.000,0.000,0.000,1.000,1.000,0.000,48.881,48.700,0.940,60.898,5.000,102.0,47.0,25.846153259277344,35.38461685180664
88.407,13:08:44.751,459.485,35.777,16438.785,0.000,0.000,0.000,0.000,0.000,0.000,1.000,1.000,0.000,48.881,48.700,0.940,60.898,5.000,102.0,47.0,25.846153259277344,35.38461685180664
88.471,13:08:44.895,459.485,35.777,16438.785,0.000,0.000,0.000,0.000,0.000,0.000,1.000,1.000,0.000,48.881,48.700,0.940,60.898,5.000,102.0,47.0,25.846153259277344,35.38461685180664
88.615,13:08:44.959,457.701,36.179,16559.277,0.000,0.000,0.000,0.000,0.000,0.000,1.000,1.000,0.000,48.881,48.700,0.940,60.898,5.000,102.0,47.0,25.846153259277344,35.38461685180664
88.680,13:08:45.023,457.701,36.179,16559.277,0.000,0.000,0.000,0.000,0.000,0.000,1.000,1.000,0.000,48.881,48.700,0.940,60.898,5.000,102.0,47.0,25.846153259277344,35.38461685180664
88.743,13:08:45.167,457.701,36.179,16559.277,0.000,0.000,0.000,0.000,0.000,0.000,1.000,1.000,0.000,48.919,49.100,0.940,60.945,5.000,102.0,47.0,25.846153259277344,35.38461685180664
88.887,13:08:45.230,457.701,36.179,16559.277,0.000,0.000,0.000,0.000,0.000,0.000,1.000,1.000,0.000,48.919,49.100,0.940,60.945,5.000,102.0,47.0,25.846153259277344,35.38461685180664
88.951,13:08:45.486,457.701,36.179,16559.277,0.000,0.000,0.000,0.000,0.000,0.000,1.000,1.000,0.000,48.919,49.100,0.940,60.945,5.000,102.0,47.0,48.30769348144531,-33.28205108642578
89.207,13:08:45.630,457.627,36.204,16567.740,0.000,0.000,0.000,0.000,0.000,0.000,1.000,1.000,0.000,48.881,48.700,0.940,60.950,5.000,102.0,47.0,48.30769348144531,-33.28205108642578
89.351,13:08:45.694,457.627,36.204,16567.740,0.000,0.000,0.000,0.000,0.000,0.000,1.000,1.000,0.000,48.881,48.700,0.940,60.950,5.000,102.0,47.0,48.30769348144531,-33.28205108642578
89.415,13:08:45.758,463.362,34.853,16149.473,0.000,0.000,0.000,0.000,0.000,0.000,1.000,1.000,0.000,48.881,48.700,0.940,60.950,5.000,102.0,47.0,48.30769348144531,-33.28205108642578
89.479,13:08:45.902,463.362,34.853,16149.473,0.000,0.000,0.000,0.000,0.000,0.000,1.000,1.000,0.000,48.480,48.300,0.940,60.993,5.000,102.0,47.0,48.30769348144531,-33.28205108642578
89.622,13:08:45.966,463.362,34.853,16149.473,0.000,0.000,0.000,0.000,0.000,0.000,1.000,1.000,0.000,48.480,48.300,0.940,60.993,5.000,102.0,47.0,48.30769348144531,-33.28205108642578
89.686,13:08:46.030,463.362,34.853,16149.473,0.000,0.000,0.000,0.000,0.000,0.000,1.000,1.000,0.000,48.480,48.300,0.940,60.993,5.000,102.0,47.0,48.30769348144531,-33.28205108642578
89.750,13:08:46.174,463.362,34.853,16149.473,0.000,0.000,0.000,0.000,0.000,0.000,1.000,1.000,0.000,48.518,48.700,0.940,61.020,5.000,102.0,47.0,48.30769348144531,-33.28205108642578
89.894,13:08:46.238,461.706,35.261,16280.167,0.000,0.000,0.000,0.000,0.000,0.000,1.000,1.000,0.000,48.518,48.700,0.940,61.020,5.000,102.0,47.0,48.30769348144531,-33.28205108642578
89.958,13:08:46.494,461.706,35.261,16280.167,0.000,0.000,0.000,0.000,0.000,0.000,1.000,1.000,0.000,48.518,48.700,0.940,61.020,5.000,102.0,47.0,34.25640869140625,-49.9487190246582
90.214,13:08:46.638,457.426,36.254,16583.543,0.000,0.000,0.000,0.000,0.000,0.000,1.000,1.000,0.000,48.919,49.100,0.940,61.006,5.000,102.0,47.0,34.25640869140625,-49.9487190246582
90.358,13:08:46.702,457.426,36.254,16583.543,0.000,0.000,0.000,0.000,0.000,0.000,1.000,1.000,0.000,48.919,49.100,0.940,61.006,5.000,102.0,47.0,34.25640869140625,-49.9487190246582
90.422,13:08:46.765,457.426,36.254,16583.543,0.000,0.000,0.000,0.000,0.000,0.000,1.000,1.000,0.000,48.919,49.100,0.940,61.006,5.000,102.0,47.0,34.25640869140625,-49.9487190246582
90.486,13:08:46.909,457.426,36.254,16583.543,0.000,0.000,0.000,0.000,0.000,0.000,1.000,1.000,0.000,48.919,49.100,0.940,61.006,5.000,102.0,47.0,34.25640869140625,-49.9487190246582
90.630,13:08:46.973,457.342,36.251,16579.027,0.000,0.000,0.000,0.000,0.000,0.000,1.000,1.000,0.000,48.919,49.100,0.940,61.006,5.000,102.0,47.0,34.25640869140625,-49.9487190246582
90.694,13:08:47.038,457.342,36.251,16579.027,0.000,0.000,0.000,0.000,0.000,0.000,1.000,1.000,0.000,48.919,49.100,0.940,61.006,5.000,102.0,47.0,34.25640869140625,-49.9487190246582
90.758,13:08:47.181,457.342,36.251,16579.027,0.000,0.000,0.000,0.000,0.000,0.000,1.000,1.000,0.000,48.881,48.700,0.940,61.050,5.000,102.0,47.0,34.25640869140625,-49.9487190246582
90.902,13:08:47.245,457.342,36.251,16579.027,0.000,0.000,0.000,0.000,0.000,0.000,1.000,1.000,0.000,48.881,48.700,0.940,61.050,5.000,102.0,47.0,34.25640869140625,-49.9487190246582
90.966,13:08:47.501,457.342,36.251,16579.027,0.000,0.000,0.000,0.000,0.000,0.000,1.000,1.000,0.000,48.881,48.700,0.940,61.050,5.000,102.0,47.0,18.41025733947754,-53.07692337036133
91.221,13:08:47.645,459.934,35.677,16408.982,0.000,0.000,0.000,0.000,0.000,0.000,1.000,1.000,0.000,48.919,49.100,0.940,61.098,5.000,102.0,47.0,18.41025733947754,-53.07692337036133
91.365,13:08:47.709,459.934,35.677,16408.982,0.000,0.000,0.000,0.000,0.000,0.000,1.000,1.000,0.000,48.919,49.100,0.940,61.098,5.000,102.0,47.0,18.41025733947754,-53.07692337036133
91.429,13:08:47.773,461.317,35.365,16314.592,0.000,0.000,0.000,0.000,0.000,0.000,1.000,1.000,0.000,48.919,49.100,0.940,61.098,5.000,102.0,47.0,18.41025733947754,-53.07692337036133
91.493,13:08:47.917,461.317,35.365,16314.592,0.000,0.000,0.000,0.000,0.000,0.000,1.000,1.000,0.000,48.518,48.700,0.940,61.077,5.000,102.0,47.0,18.41025733947754,-53.07692337036133
91.637,13:08:47.981,461.317,35.365,16314.592,0.000,0.000,0.000,0.000,0.000,0.000,1.000,1.000,0.000,48.518,48.700,0.940,61.077,5.000,102.0,47.0,18.41025733947754,-53.07692337036133
91.701,13:08:48.045,461.317,35.365,16314.592,0.000,0.000,0.000,0.000,0.000,0.000,1.000,1.000,0.000,48.518,48.700,0.940,61.077,5.000,102.0,47.0,18.41025733947754,-53.07692337036133
91.765,13:08:48.216,461.317,35.365,16314.592,0.000,0.000,0.000,0.000,0.000,0.000,1.000,1.000,0.000,48.881,48.700,0.940,61.160,5.000,102.0,47.0,18.41025733947754,-53.07692337036133
91.925,13:08:48.269,457.181,36.290,16590.990,0.000,0.000,0.000,0.000,0.000,0.000,1.000,1.000,0.000,48.881,48.700,0.940,61.160,5.000,102.0,47.0,18.41025733947754,-53.07692337036133
91.989,13:08:48.524,457.181,36.290,16590.990,0.000,0.000,0.000,0.000,0.000,0.000,1.000,1.000,0.000,48.881,48.700,0.940,61.160,5.000,102.0,47.0,32.512821197509766,17.846153259277344
92.245,13:08:48.668,463.916,34.724,16108.959,0.000,0.000,0.000,0.000,0.000,0.000,1.000,1.000,0.000,48.518,48.700,0.940,61.137,5.000,102.0,47.0,32.512821197509766,17.846153259277344
92.389,13:08:48.732,463.916,34.724,16108.959,0.000,0.000,0.000,0.000,0.000,0.000,1.000,1.000,0.000,48.518,48.700,0.940,61.137,5.000,102.0,47.0,32.512821197509766,17.846153259277344
92.453,13:08:48.796,463.916,34.724,16108.959,0.000,0.000,0.000,0.000,0.000,0.000,1.000,1.000,0.000,48.518,48.700,0.940,61.137,5.000,102.0,47.0,32.512821197509766,17.846153259277344
92.517,13:08:48.940,463.916,34.724,16108.959,0.000,0.000,0.000,0.000,0.000,0.000,1.000,1.000,0.000,48.518,48.700,0.940,61.137,5.000,102.0,47.0,32.512821197509766,17.846153259277344
92.661,13:08:49.004,457.185,36.301,16596.166,0.000,0.000,0.000,0.000,0.000,0.000,1.000,1.000,0.000,48.518,48.700,0.940,61.137,5.000,102.0,47.0,32.512821197509766,17.846153259277344
92.725,13:08:49.068,457.185,36.301,16596.166,0.000,0.000,0.000,0.000,0.000,0.000,1.000,1.000,0.000,48.518,48.700,0.940,61.137,5.000,102.0,47.0,32.512821197509766,17.846153259277344
92.789,13:08:49.212,457.185,36.301,16596.166,0.000,0.000,0.000,0.000,0.000,0.000,1.000,1.000,0.000,48.881,48.700,0.940,61.186,5.000,102.0,47.0,32.512821197509766,17.846153259277344
92.932,13:08:49.276,457.185,36.301,16596.166,0.000,0.000,0.000,0.000,0.000,0.000,1.000,1.000,0.000,48.881,48.700,0.940,61.186,5.000,102.0,47.0,32.512821197509766,17.846153259277344
92.996,13:08:49.532,457.185,36.301,16596.166,0.000,0.000,0.000,0.000,0.000,0.000,1.000,1.000,0.000,48.881,48.700,0.940,61.186,5.000,102.0,47.0,-26.512821197509766,-27.0256404876709
93.252,13:08:49.676,464.003,34.707,16104.011,0.000,0.000,0.000,0.000,0.000,0.000,1.000,1.000,0.000,48.518,48.700,0.940,61.186,5.000,102.0,47.0,-26.512821197509766,-27.0256404876709
93.396,13:08:49.740,464.003,34.707,16104.011,0.000,0.000,0.000,0.000,0.000,0.000,1.000,1.000,0.000,48.518,48.700,0.940,61.186,5.000,102.0,47.0,-26.512821197509766,-27.0256404876709
93.461,13:08:49.804,457.021,36.325,16601.195,0.000,0.000,0.000,0.000,0.000,0.000,1.000,1.000,0.000,48.518,48.700,0.940,61.186,5.000,102.0,47.0,-26.512821197509766,-27.0256404876709
93.524,13:08:49.948,457.021,36.325,16601.195,0.000,0.000,0.000,0.000,0.000,0.000,1.000,1.000,0.000,48.881,48.700,0.940,61.176,5.000,102.0,47.0,-26.512821197509766,-27.0256404876709
93.668,13:08:50.012,457.021,36.325,16601.195,0.000,0.000,0.000,0.000,0.000,0.000,1.000,1.000,0.000,48.881,48.700,0.940,61.176,5.000,102.0,47.0,-26.512821197509766,-27.0256404876709
93.732,13:08:50.075,457.021,36.325,16601.195,0.000,0.000,0.000,0.000,0.000,0.000,1.000,1.000,0.000,48.881,48.700,0.940,61.176,5.000,102.0,47.0,-26.512821197509766,-27.0256404876709
93.796,13:08:50.219,457.021,36.325,16601.195,0.000,0.000,0.000,0.000,0.000,0.000,1.000,1.000,0.000,48.919,49.100,0.940,61.231,5.000,102.0,47.0,-26.512821197509766,-27.0256404876709
93.940,13:08:50.283,460.401,35.569,16375.861,0.000,0.000,0.000,0.000,0.000,0.000,1.000,1.000,0.000,48.919,49.100,0.940,61.231,5.000,102.0,47.0,-26.512821197509766,-27.0256404876709
94.004,13:08:50.539,460.401,35.569,16375.861,0.000,0.000,0.000,0.000,0.000,0.000,1.000,1.000,0.000,48.919,49.100,0.940,61.231,5.000,102.0,47.0,-32.410255432128906,51.69230651855469
94.260,13:08:50.683,461.023,35.435,16336.289,0.000,0.000,0.000,0.000,0.000,0.000,1.000,1.000,0.000,48.518,48.700,0.940,61.251,5.000,102.0,47.0,-32.410255432128906,51.69230651855469
94.404,13:08:50.747,461.023,35.435,16336.289,0.000,0.000,0.000,0.000,0.000,0.000,1.000,1.000,0.000,48.518,48.700,0.940,61.251,5.000,102.0,47.0,-32.410255432128906,51.69230651855469
94.468,13:08:50.811,461.023,35.435,16336.289,0.000,0.000,0.000,0.000,0.000,0.000,1.000,1.000,0.000,48.518,48.700,0.940,61.251,5.000,102.0,47.0,-32.410255432128906,51.69230651855469
94.531,13:08:50.955,461.023,35.435,16336.289,0.000,0.000,0.000,0.000,0.000,0.000,1.000,1.000,0.000,48.518,48.700,0.940,61.251,5.000,102.0,47.0,-32.410255432128906,51.69230651855469
94.675,13:08:51.019,460.358,35.583,16381.053,0.000,0.000,0.000,0.000,0.000,0.000,1.000,1.000,0.000,48.518,48.700,0.940,61.251,5.000,102.0,47.0,-32.410255432128906,51.69230651855469
94.739,13:08:51.083,460.358,35.583,16381.053,0.000,0.000,0.000,0.000,0.000,0.000,1.000,1.000,0.000,48.518,48.700,0.940,61.251,5.000,102.0,47.0,-32.410255432128906,51.69230651855469
94.803,13:08:51.227,460.358,35.583,16381.053,0.000,0.000,0.000,0.000,0.000,0.000,1.000,1.000,0.000,48.881,48.700,0.940,61.283,5.000,102.0,47.0,-32.410255432128906,51.69230651855469
94.947,13:08:51.291,460.358,35.583,16381.053,0.000,0.000,0.000,0.000,0.000,0.000,1.000,1.000,0.000,48.881,48.700,0.940,61.283,5.000,102.0,47.0,-32.410255432128906,51.69230651855469
95.011,13:08:51.546,460.358,35.583,16381.053,0.000,0.000,0.000,0.000,0.000,0.000,1.000,1.000,0.000,48.881,48.700,0.940,61.283,5.000,102.0,47.0,-48.871795654296875,29.64102554321289
95.267,13:08:51.690,461.049,35.422,16331.347,0.000,0.000,0.000,0.000,0.000,0.000,1.000,1.000,0.000,48.518,48.700,0.940,61.304,5.000,102.0,47.0,-48.871795654296875,29.64102554321289
95.411,13:08:51.754,461.049,35.422,16331.347,0.000,0.000,0.000,0.000,0.000,0.000,1.000,1.000,0.000,48.518,48.700,0.940,61.304,5.000,102.0,47.0,-48.871795654296875,29.64102554321289
95.475,13:08:51.818,460.490,35.546,16368.689,0.000,0.000,0.000,0.000,0.000,0.000,1.000,1.000,0.000,48.518,48.700,0.940,61.304,5.000,102.0,47.0,-48.871795654296875,29.64102554321289
95.539,13:08:51.962,460.490,35.546,16368.689,0.000,0.000,0.000,0.000,0.000,0.000,1.000,1.000,0.000,48.919,49.100,0.940,61.309,5.000,102.0,47.0,-48.871795654296875,29.64102554321289
95.683,13:08:52.026,460.490,35.546,16368.689,0.000,0.000,0.000,0.000,0.000,0.000,1.000,1.000,0.000,48.919,49.100,0.940,61.309,5.000,102.0,47.0,-48.871795654296875,29.64102554321289
95.747,13:08:52.090,460.490,35.546,16368.689,0.000,0.000,0.000,0.000,0.000,0.000,1.000,1.000,0.000,48.919,49.100,0.940,61.309,5.000,102.0,47.0,-48.871795654296875,29.64102554321289
95.811,13:08:52.234,460.490,35.546,16368.689,0.000,0.000,0.000,0.000,0.000,0.000,1.000,1.000,0.000,48.919,49.100,0.940,61.309,5.000,102.0,47.0,-48.871795654296875,29.64102554321289
95.955,13:08:52.298,460.784,35.479,16348.019,0.000,0.000,0.000,0.000,0.000,0.000,1.000,1.000,0.000,48.919,49.100,0.940,61.309,5.000,102.0,47.0,-48.871795654296875,29.64102554321289
96.019,13:08:52.554,460.784,35.479,16348.019,0.000,0.000,0.000,0.000,0.000,0.000,1.000,1.000,0.000,48.919,49.100,0.940,61.309,5.000,102.0,47.0,26.820512771606445,-53.17948532104492
96.274,13:08:52.698,460.784,35.479,16348.019,0.000,0.000,0.000,0.000,0.000,0.000,1.000,1.000,0.000,48.919,49.100,0.940,61.347,5.000,102.0,47.0,26.820512771606445,-53.17948532104492
96.419,13:08:52.762,460.709,35.494,16352.604,0.000,0.000,0.000,0.000,0.000,0.000,1.000,1.000,0.000,48.919,49.100,0.940,61.347,5.000,102.0,47.0,26.820512771606445,-53.17948532104492
96.483,13:08:52.826,460.709,35.494,16352.604,0.000,0.000,0.000,0.000,0.000,0.000,1.000,1.000,0.000,48.919,49.100,0.940,61.347,5.000,102.0,47.0,26.820512771606445,-53.17948532104492
96.547,13:08:52.970,460.709,35.494,16352.604,0.000,0.000,0.000,0.000,0.000,0.000,1.000,1.000,0.000,48.919,49.100,0.940,61.347,5.000,102.0,47.0,26.820512771606445,-53.17948532104492
96.691,13:08:53.034,456.964,36.328,16600.695,0.000,0.000,0.000,0.000,0.000,0.000,1.000,1.000,0.000,48.919,49.100,0.940,61.347,5.000,102.0,47.0,26.820512771606445,-53.17948532104492
96.754,13:08:53.098,456.964,36.328,16600.695,0.000,0.000,0.000,0.000,0.000,0.000,1.000,1.000,0.000,48.919,49.100,0.940,61.347,5.000,102.0,47.0,26.820512771606445,-53.17948532104492
96.818,13:08:53.242,456.964,36.328,16600.695,0.000,0.000,0.000,0.000,0.000,0.000,1.000,1.000,0.000,48.881,48.700,0.940,61.390,5.000,102.0,47.0,26.820512771606445,-53.17948532104492
96.962,13:08:53.306,456.964,36.328,16600.695,0.000,0.000,0.000,0.000,0.000,0.000,1.000,1.000,0.000,48.881,48.700,0.940,61.390,5.000,102.0,47.0,26.820512771606445,-53.17948532104492
97.026,13:08:53.562,456.964,36.328,16600.695,0.000,0.000,0.000,0.000,0.000,0.000,1.000,1.000,0.000,48.881,48.700,0.940,61.390,5.000,102.0,47.0,-4.358974456787109,46.0512809753418
97.282,13:08:53.706,461.039,35.419,16329.503,0.000,0.000,0.000,0.000,0.000,0.000,1.000,1.000,0.000,48.518,48.700,0.940,61.397,5.000,102.0,47.0,-4.358974456787109,46.0512809753418
97.746,13:08:54.170,460.963,35.432,16332.983,0.000,0.000,0.000,0.000,0.000,0.000,1.000,1.000,0.000,48.518,48.700,0.940,61.437,5.000,102.0,47.0,-4.358974456787109,46.0512809753418
97.890,13:08:54.234,460.963,35.432,16332.983,0.000,0.000,0.000,0.000,0.000,0.000,1.000,1.000,0.000,48.518,48.700,0.940,61.437,5.000,102.0,47.0,-4.358974456787109,46.0512809753418
97.954,13:08:54.297,464.406,34.592,16064.608,0.000,0.000,0.000,0.000,0.000,0.000,1.000,1.000,0.000,48.518,48.700,0.940,61.437,5.000,102.0,47.0,-4.358974456787109,46.0512809753418
98.018,13:08:54.441,464.406,34.592,16064.608,0.000,0.000,0.000,0.000,0.000,0.000,1.000,1.000,0.000,48.118,48.300,0.940,61.439,5.000,102.0,47.0,-4.358974456787109,46.0512809753418
98.162,13:08:54.697,464.406,34.592,16064.608,0.000,0.000,0.000,0.000,0.000,0.000,1.000,1.000,0.000,48.118,48.300,0.940,61.439,5.000,102.0,47.0,-21.128204345703125,-31.743589401245117
98.418,13:08:54.841,463.231,34.891,16162.488,0.000,0.000,0.000,0.000,0.000,0.000,1.000,1.000,0.000,48.519,48.700,0.940,61.422,5.000,102.0,47.0,-21.128204345703125,-31.743589401245117
98.562,13:08:54.905,463.231,34.891,16162.488,0.000,0.000,0.000,0.000,0.000,0.000,1.000,1.000,0.000,48.519,48.700,0.940,61.422,5.000,102.0,47.0,-21.128204345703125,-31.743589401245117
98.626,13:08:54.969,463.231,34.891,16162.488,0.000,0.000,0.000,0.000,0.000,0.000,1.000,1.000,0.000,48.519,48.700,0.940,61.422,5.000,102.0,47.0,-21.128204345703125,-31.743589401245117
98.690,13:08:55.113,463.231,34.891,16162.488,0.000,0.000,0.000,0.000,0.000,0.000,1.000,1.000,0.000,48.880,48.700,0.940,61.445,5.000,102.0,47.0,-21.128204345703125,-31.743589401245117
98.834,13:08:55.177,459.466,35.779,16439.254,0.000,0.000,0.000,0.000,0.000,0.000,1.000,1.000,0.000,48.880,48.700,0.940,61.445,5.000,102.0,47.0,-21.128204345703125,-31.743589401245117
98.897,13:08:55.241,459.466,35.779,16439.254,0.000,0.000,0.000,0.000,0.000,0.000,1.000,1.000,0.000,48.880,48.700,0.940,61.445,5.000,102.0,47.0,-21.128204345703125,-31.743589401245117
98.961,13:08:55.385,459.466,35.779,16439.254,0.000,0.000,0.000,0.000,0.000,0.000,1.000,1.000,0.000,48.880,48.700,0.940,61.445,5.000,102.0,47.0,-21.128204345703125,-31.743589401245117
99.105,13:08:55.449,459.466,35.779,16439.254,0.000,0.000,0.000,0.000,0.000,0.000,1.000,1.000,0.000,48.880,48.700,0.940,61.445,5.000,102.0,47.0,-21.128204345703125,-31.743589401245117
99.169,13:08:55.992,462.164,35.151,16245.352,0.000,0.000,0.000,0.000,0.000,0.000,1.000,1.000,0.000,48.880,48.700,0.940,61.445,5.000,102.0,47.0,,-43.43589782714844
99.713,13:08:56.136,459.577,35.750,16429.979,0.000,0.000,0.000,0.000,0.000,0.000,1.000,1.000,0.000,48.919,49.100,0.940,61.453,5.000,102.0,47.0,,-43.43589782714844
99.857,13:08:56.200,459.577,35.750,16429.979,0.000,0.000,0.000,0.000,0.000,0.000,1.000,1.000,0.000,48.919,49.100,0.940,61.453,5.000,102.0,47.0,,-43.43589782714844
99.921,13:08:56.264,459.577,35.750,16429.979,0.000,0.000,0.000,0.000,0.000,0.000,1.000,1.000,0.000,48.919,49.100,0.940,61.453,5.000,102.0,47.0,,-43.43589782714844
99.985,13:08:56.408,461.931,35.215,16267.038,0.000,0.000,0.000,0.000,0.000,0.000,1.000,1.000,0.000,48.518,48.700,0.940,61.509,5.000,102.0,47.0,,-43.43589782714844
100.129,13:08:56.472,461.931,35.215,16267.038,0.000,0.000,0.000,0.000,0.000,0.000,1.000,1.000,0.000,48.518,48.700,0.940,61.509,5.000,102.0,47.0,,-43.43589782714844
100.193,13:08:56.728,461.931,35.215,16267.038,0.000,0.000,0.000,0.000,0.000,0.000,1.000,1.000,0.000,48.518,48.700,0.940,61.509,5.000,102.0,47.0,-40.25640869140625,-4.871794700622559
100.448,13:08:56.872,459.634,35.740,16427.486,0.000,0.000,0.000,0.000,0.000,0.000,1.000,1.000,0.000,48.919,49.100,0.940,61.518,5.000,102.0,47.0,-40.25640869140625,-4.871794700622559
100.592,13:08:56.936,459.634,35.740,16427.486,0.000,0.000,0.000,0.000,0.000,0.000,1.000,1.000,0.000,48.919,49.100,0.940,61.518,5.000,102.0,47.0,-40.25640869140625,-4.871794700622559
100.656,13:08:57.000,459.634,35.740,16427.486,0.000,0.000,0.000,0.000,0.000,0.000,1.000,1.000,0.000,48.919,49.100,0.940,61.518,5.000,102.0,47.0,-40.25640869140625,-4.871794700622559
100.720,13:08:57.144,459.634,35.740,16427.486,0.000,0.000,0.000,0.000,0.000,0.000,1.000,1.000,0.000,48.480,48.300,0.940,61.549,5.000,102.0,47.0,-40.25640869140625,-4.871794700622559
100.864,13:08:57.208,461.836,35.244,16276.898,0.000,0.000,0.000,0.000,0.000,0.000,1.000,1.000,0.000,48.480,48.300,0.940,61.549,5.000,102.0,47.0,-40.25640869140625,-4.871794700622559
100.928,13:08:57.272,461.836,35.244,16276.898,0.000,0.000,0.000,0.000,0.000,0.000,1.000,1.000,0.000,48.480,48.300,0.940,61.549,5.000,102.0,47.0,-40.25640869140625,-4.871794700622559
100.992,13:08:57.416,461.836,35.244,16276.898,0.000,0.000,0.000,0.000,0.000,0.000,1.000,1.000,0.000,48.480,48.300,0.940,61.549,5.000,102.0,47.0,-40.25640869140625,-4.871794700622559
101.136,13:08:57.480,461.836,35.244,16276.898,0.000,0.000,0.000,0.000,0.000,0.000,1.000,1.000,0.000,48.480,48.300,0.940,61.549,5.000,102.0,47.0,-40.25640869140625,-4.871794700622559
101.200,13:08:57.735,459.765,35.696,16411.865,0.000,0.000,0.000,0.000,0.000,0.000,1.000,1.000,0.000,48.480,48.300,0.940,61.549,5.000,102.0,47.0,-31.58974266052246,51.846153259277344
101.456,13:08:57.879,459.765,35.696,16411.865,0.000,0.000,0.000,0.000,0.000,0.000,1.000,1.000,0.000,48.919,49.100,0.940,61.588,5.000,102.0,47.0,-31.58974266052246,51.846153259277344
101.600,13:08:57.943,461.759,35.238,16271.674,0.000,0.000,0.000,0.000,0.000,0.000,1.000,1.000,0.000,48.919,49.100,0.940,61.588,5.000,102.0,47.0,-31.58974266052246,51.846153259277344
101.664,13:08:58.007,461.759,35.238,16271.674,0.000,0.000,0.000,0.000,0.000,0.000,1.000,1.000,0.000,48.919,49.100,0.940,61.588,5.000,102.0,47.0,-31.58974266052246,51.846153259277344
101.728,13:08:58.151,461.759,35.238,16271.674,0.000,0.000,0.000,0.000,0.000,0.000,1.000,1.000,0.000,48.518,48.700,0.940,61.620,5.000,102.0,47.0,-31.58974266052246,51.846153259277344
101.872,13:08:58.215,461.759,35.238,16271.674,0.000,0.000,0.000,0.000,0.000,0.000,1.000,1.000,0.000,48.518,48.700,0.940,61.620,5.000,102.0,47.0,-31.58974266052246,51.846153259277344
101.936,13:08:58.279,461.759,35.238,16271.674,0.000,0.000,0.000,0.000,0.000,0.000,1.000,1.000,0.000,48.518,48.700,0.940,61.620,5.000,102.0,47.0,-31.58974266052246,51.846153259277344
101.999,13:08:58.423,465.278,34.373,15993.101,0.000,0.000,0.000,0.000,0.000,0.000,1.000,1.000,0.000,48.118,48.300,0.940,61.637,5.000,102.0,47.0,-31.58974266052246,51.846153259277344
102.143,13:08:58.487,465.278,34.373,15993.101,0.000,0.000,0.000,0.000,0.000,0.000,1.000,1.000,0.000,48.118,48.300,0.940,61.637,5.000,102.0,47.0,-31.58974266052246,51.846153259277344
102.207,13:08:58.743,465.278,34.373,15993.101,0.000,0.000,0.000,0.000,0.000,0.000,1.000,1.000,0.000,48.118,48.300,0.940,61.637,5.000,102.0,47.0,18.9743595123291,-33.89743423461914
102.463,13:08:58.887,463.714,34.766,16121.414,0.000,0.000,0.000,0.000,0.000,0.000,1.000,1.000,0.000,48.480,48.300,0.940,61.611,5.000,102.0,47.0,18.9743595123291,-33.89743423461914
102.607,13:08:58.951,463.714,34.766,16121.414,0.000,0.000,0.000,0.000,0.000,0.000,1.000,1.000,0.000,48.480,48.300,0.940,61.611,5.000,102.0,47.0,18.9743595123291,-33.89743423461914
102.671,13:08:59.015,463.714,34.766,16121.414,0.000,0.000,0.000,0.000,0.000,0.000,1.000,1.000,0.000,48.480,48.300,0.940,61.611,5.000,102.0,47.0,18.9743595123291,-33.89743423461914
102.735,13:08:59.159,463.714,34.766,16121.414,0.000,0.000,0.000,0.000,0.000,0.000,1.000,1.000,0.000,48.881,48.700,0.940,61.646,5.000,102.0,47.0,18.9743595123291,-33.89743423461914
102.879,13:08:59.222,460.169,35.612,16387.744,0.000,0.000,0.000,0.000,0.000,0.000,1.000,1.000,0.000,48.881,48.700,0.940,61.646,5.000,102.0,47.0,18.9743595123291,-33.89743423461914
102.943,13:08:59.286,460.169,35.612,16387.744,0.000,0.000,0.000,0.000,0.000,0.000,1.000,1.000,0.000,48.881,48.700,0.940,61.646,5.000,102.0,47.0,18.9743595123291,-33.89743423461914
103.007,13:08:59.431,460.169,35.612,16387.744,0.000,0.000,0.000,0.000,0.000,0.000,1.000,1.000,0.000,48.881,48.700,0.940,61.646,5.000,102.0,47.0,18.9743595123291,-33.89743423461914
103.151,13:08:59.494,460.169,35.612,16387.744,0.000,0.000,0.000,0.000,0.000,0.000,1.000,1.000,0.000,48.881,48.700,0.940,61.646,5.000,102.0,47.0,18.9743595123291,-33.89743423461914
103.215,13:08:59.750,455.933,36.531,16655.518,0.000,0.000,0.000,0.000,0.000,0.000,1.000,1.000,0.000,48.881,48.700,0.940,61.646,5.000,102.0,47.0,-43.33333206176758,46.66666793823242
103.471,13:08:59.894,455.933,36.531,16655.518,0.000,0.000,0.000,0.000,0.000,0.000,1.000,1.000,0.000,49.281,49.100,0.940,61.674,5.000,102.0,47.0,-43.33333206176758,46.66666793823242
103.614,13:08:59.958,461.319,35.347,16306.428,0.000,0.000,0.000,0.000,0.000,0.000,1.000,1.000,0.000,49.281,49.100,0.940,61.674,5.000,102.0,47.0,-43.33333206176758,46.66666793823242
103.678,13:09:00.022,461.319,35.347,16306.428,0.000,0.000,0.000,0.000,0.000,0.000,1.000,1.000,0.000,49.281,49.100,0.940,61.674,5.000,102.0,47.0,-43.33333206176758,46.66666793823242
103.742,13:09:00.166,461.319,35.347,16306.428,0.000,0.000,0.000,0.000,0.000,0.000,1.000,1.000,0.000,48.518,48.700,0.940,61.696,5.000,102.0,47.0,-43.33333206176758,46.66666793823242
103.886,13:09:00.230,461.319,35.347,16306.428,0.000,0.000,0.000,0.000,0.000,0.000,1.000,1.000,0.000,48.518,48.700,0.940,61.696,5.000,102.0,47.0,-43.33333206176758,46.66666793823242
103.950,13:09:00.294,461.319,35.347,16306.428,0.000,0.000,0.000,0.000,0.000,0.000,1.000,1.000,0.000,48.518,48.700,0.940,61.696,5.000,102.0,47.0,-43.33333206176758,46.66666793823242
104.014,13:09:00.438,460.284,35.590,16381.330,0.000,0.000,0.000,0.000,0.000,0.000,1.000,1.000,0.000,48.881,48.700,0.940,61.736,5.000,102.0,47.0,-43.33333206176758,46.66666793823242
104.158,13:09:00.502,460.284,35.590,16381.330,0.000,0.000,0.000,0.000,0.000,0.000,1.000,1.000,0.000,48.881,48.700,0.940,61.736,5.000,102.0,47.0,-43.33333206176758,46.66666793823242
104.222,13:09:00.757,460.284,35.590,16381.330,0.000,0.000,0.000,0.000,0.000,0.000,1.000,1.000,0.000,48.881,48.700,0.940,61.736,5.000,102.0,47.0,9.128205299377441,53.17948532104492
104.478,13:09:00.901,456.075,36.515,16653.592,0.000,0.000,0.000,0.000,0.000,0.000,1.000,1.000,0.000,49.281,49.100,0.940,61.788,5.000,102.0,47.0,9.128205299377441,53.17948532104492
104.622,13:09:00.966,456.075,36.515,16653.592,0.000,0.000,0.000,0.000,0.000,0.000,1.000,1.000,0.000,49.281,49.100,0.940,61.788,5.000,102.0,47.0,9.128205299377441,53.17948532104492
104.686,13:09:01.029,456.075,36.515,16653.592,0.000,0.000,0.000,0.000,0.000,0.000,1.000,1.000,0.000,49.281,49.100,0.940,61.788,5.000,102.0,47.0,9.128205299377441,53.17948532104492
104.750,13:09:01.173,456.075,36.515,16653.592,0.000,0.000,0.000,0.000,0.000,0.000,1.000,1.000,0.000,49.281,49.100,0.940,61.788,5.000,102.0,47.0,9.128205299377441,53.17948532104492
104.894,13:09:01.237,457.152,36.296,16592.877,0.000,0.000,0.000,0.000,0.000,0.000,1.000,1.000,0.000,49.281,49.100,0.940,61.788,5.000,102.0,47.0,9.128205299377441,53.17948532104492
104.958,13:09:01.301,457.152,36.296,16592.877,0.000,0.000,0.000,0.000,0.000,0.000,1.000,1.000,0.000,49.281,49.100,0.940,61.788,5.000,102.0,47.0,9.128205299377441,53.17948532104492
105.022,13:09:01.445,457.152,36.296,16592.877,0.000,0.000,0.000,0.000,0.000,0.000,1.000,1.000,0.000,48.919,49.100,0.940,61.818,5.000,102.0,47.0,9.128205299377441,53.17948532104492
105.165,13:09:01.509,457.152,36.296,16592.877,0.000,0.000,0.000,0.000,0.000,0.000,1.000,1.000,0.000,48.919,49.100,0.940,61.818,5.000,102.0,47.0,9.128205299377441,53.17948532104492
105.229,13:09:01.765,461.236,35.371,16314.165,0.000,0.000,0.000,0.000,0.000,0.000,1.000,1.000,0.000,48.919,49.100,0.940,61.818,5.000,102.0,47.0,47.589744567871094,-37.128204345703125
105.485,13:09:01.909,461.236,35.371,16314.165,0.000,0.000,0.000,0.000,0.000,0.000,1.000,1.000,0.000,48.480,48.300,0.940,61.894,5.000,102.0,47.0,47.589744567871094,-37.128204345703125
105.629,13:09:01.973,461.236,35.371,16314.165,0.000,0.000,0.000,0.000,0.000,0.000,1.000,1.000,0.000,48.480,48.300,0.940,61.894,5.000,102.0,47.0,47.589744567871094,-37.128204345703125
105.693,13:09:02.037,460.670,35.498,16352.861,0.000,0.000,0.000,0.000,0.000,0.000,1.000,1.000,0.000,48.480,48.300,0.940,61.894,5.000,102.0,47.0,47.589744567871094,-37.128204345703125
105.757,13:09:02.181,460.670,35.498,16352.861,0.000,0.000,0.000,0.000,0.000,0.000,1.000,1.000,0.000,48.919,49.100,0.940,61.908,5.000,102.0,47.0,47.589744567871094,-37.128204345703125
105.901,13:09:02.244,460.670,35.498,16352.861,0.000,0.000,0.000,0.000,0.000,0.000,1.000,1.000,0.000,48.919,49.100,0.940,61.908,5.000,102.0,47.0,47.589744567871094,-37.128204345703125
105.965,13:09:02.308,460.670,35.498,16352.861,0.000,0.000,0.000,0.000,0.000,0.000,1.000,1.000,0.000,48.919,49.100,0.940,61.908,5.000,102.0,47.0,47.589744567871094,-37.128204345703125
106.029,13:09:02.452,460.670,35.498,16352.861,0.000,0.000,0.000,0.000,0.000,0.000,1.000,1.000,0.000,48.480,48.300,0.940,61.954,5.000,102.0,47.0,47.589744567871094,-37.128204345703125
106.173,13:09:02.516,461.165,35.383,16317.556,0.000,0.000,0.000,0.000,0.000,0.000,1.000,1.000,0.000,48.480,48.300,0.940,61.954,5.000,102.0,47.0,47.589744567871094,-37.128204345703125
106.237,13:09:02.804,461.165,35.383,16317.556,0.000,0.000,0.000,0.000,0.000,0.000,1.000,1.000,0.000,48.480,48.300,0.940,61.954,5.000,102.0,47.0,-15.282051086425781,27.435897827148438
106.525,13:09:02.948,460.741,35.484,16348.906,0.000,0.000,0.000,0.000,0.000,0.000,1.000,1.000,0.000,48.919,49.100,0.940,61.936,5.000,102.0,47.0,-15.282051086425781,27.435897827148438
106.668,13:09:03.012,460.741,35.484,16348.906,0.000,0.000,0.000,0.000,0.000,0.000,1.000,1.000,0.000,48.919,49.100,0.940,61.936,5.000,102.0,47.0,-15.282051086425781,27.435897827148438
106.732,13:09:03.076,460.741,35.484,16348.906,0.000,0.000,0.000,0.000,0.000,0.000,1.000,1.000,0.000,48.919,49.100,0.940,61.936,5.000,102.0,47.0,-15.282051086425781,27.435897827148438
106.796,13:09:03.220,460.741,35.484,16348.906,0.000,0.000,0.000,0.000,0.000,0.000,1.000,1.000,0.000,48.480,48.300,0.940,62.003,5.000,102.0,47.0,-15.282051086425781,27.435897827148438
106.940,13:09:03.284,461.011,35.419,16328.518,0.000,0.000,0.000,0.000,0.000,0.000,1.000,1.000,0.000,48.480,48.300,0.940,62.003,5.000,102.0,47.0,-15.282051086425781,27.435897827148438
107.004,13:09:03.348,461.011,35.419,16328.518,0.000,0.000,0.000,0.000,0.000,0.000,1.000,1.000,0.000,48.480,48.300,0.940,62.003,5.000,102.0,47.0,-15.282051086425781,27.435897827148438
107.068,13:09:03.492,461.011,35.419,16328.518,0.000,0.000,0.000,0.000,0.000,0.000,1.000,1.000,0.000,48.480,48.300,0.940,62.003,5.000,102.0,47.0,-15.282051086425781,27.435897827148438
107.212,13:09:03.556,461.011,35.419,16328.518,0.000,0.000,0.000,0.000,0.000,0.000,1.000,1.000,0.000,48.480,48.300,0.940,62.003,5.000,102.0,47.0,-15.282051086425781,27.435897827148438
107.276,13:09:03.811,460.745,35.470,16342.634,0.000,0.000,0.000,0.000,0.000,0.000,1.000,1.000,0.000,48.480,48.300,0.940,62.003,5.000,102.0,47.0,44.410255432128906,-45.17948532104492
107.532,13:09:03.956,460.745,35.470,16342.634,0.000,0.000,0.000,0.000,0.000,0.000,1.000,1.000,0.000,48.919,49.100,0.940,61.986,5.000,102.0,47.0,44.410255432128906,-45.17948532104492
107.676,13:09:04.019,460.895,35.447,16337.515,0.000,0.000,0.000,0.000,0.000,0.000,1.000,1.000,0.000,48.919,49.100,0.940,61.986,5.000,102.0,47.0,44.410255432128906,-45.17948532104492
107.740,13:09:04.083,460.895,35.447,16337.515,0.000,0.000,0.000,0.000,0.000,0.000,1.000,1.000,0.000,48.919,49.100,0.940,61.986,5.000,102.0,47.0,44.410255432128906,-45.17948532104492
107.804,13:09:04.227,460.895,35.447,16337.515,0.000,0.000,0.000,0.000,0.000,0.000,1.000,1.000,0.000,48.480,48.300,0.940,62.011,5.000,102.0,47.0,44.410255432128906,-45.17948532104492
107.948,13:09:04.291,460.895,35.447,16337.515,0.000,0.000,0.000,0.000,0.000,0.000,1.000,1.000,0.000,48.480,48.300,0.940,62.011,5.000,102.0,47.0,44.410255432128906,-45.17948532104492
108.012,13:09:04.355,460.895,35.447,16337.515,0.000,0.000,0.000,0.000,0.000,0.000,1.000,1.000,0.000,48.480,48.300,0.940,62.011,5.000,102.0,47.0,44.410255432128906,-45.17948532104492
108.076,13:09:04.499,460.850,35.445,16334.614,0.000,0.000,0.000,0.000,0.000,0.000,1.000,1.000,0.000,48.919,49.100,0.940,62.004,5.000,102.0,47.0,44.410255432128906,-45.17948532104492
108.220,13:09:04.563,460.850,35.445,16334.614,0.000,0.000,0.000,0.000,0.000,0.000,1.000,1.000,0.000,48.919,49.100,0.940,62.004,5.000,102.0,47.0,44.410255432128906,-45.17948532104492
108.283,13:09:04.819,460.850,35.445,16334.614,0.000,0.000,0.000,0.000,0.000,0.000,1.000,1.000,0.000,48.919,49.100,0.940,62.004,5.000,102.0,47.0,-31.384614944458008,-36.10256576538086
108.539,13:09:04.963,456.866,36.330,16598.072,0.000,0.000,0.000,0.000,0.000,0.000,1.000,1.000,0.000,48.881,48.700,0.940,62.017,5.000,102.0,47.0,-31.384614944458008,-36.10256576538086
108.683,13:09:05.027,456.866,36.330,16598.072,0.000,0.000,0.000,0.000,0.000,0.000,1.000,1.000,0.000,48.881,48.700,0.940,62.017,5.000,102.0,47.0,-31.384614944458008,-36.10256576538086
108.747,13:09:05.091,456.866,36.330,16598.072,0.000,0.000,0.000,0.000,0.000,0.000,1.000,1.000,0.000,48.881,48.700,0.940,62.017,5.000,102.0,47.0,-31.384614944458008,-36.10256576538086
108.811,13:09:05.235,456.866,36.330,16598.072,0.000,0.000,0.000,0.000,0.000,0.000,1.000,1.000,0.000,48.881,48.700,0.940,62.017,5.000,102.0,47.0,-31.384614944458008,-36.10256576538086
108.955,13:09:05.298,456.908,36.322,16596.002,0.000,0.000,0.000,0.000,0.000,0.000,1.000,1.000,0.000,48.881,48.700,0.940,62.017,5.000,102.0,47.0,-31.384614944458008,-36.10256576538086
109.019,13:09:05.362,456.908,36.322,16596.002,0.000,0.000,0.000,0.000,0.000,0.000,1.000,1.000,0.000,48.881,48.700,0.940,62.017,5.000,102.0,47.0,-31.384614944458008,-36.10256576538086
109.083,13:09:05.506,456.908,36.322,16596.002,0.000,0.000,0.000,0.000,0.000,0.000,1.000,1.000,0.000,48.881,48.700,0.940,62.079,5.000,102.0,47.0,-31.384614944458008,-36.10256576538086
109.227,13:09:05.570,456.908,36.322,16596.002,0.000,0.000,0.000,0.000,0.000,0.000,1.000,1.000,0.000,48.881,48.700,0.940,62.079,5.000,102.0,47.0,-31.384614944458008,-36.10256576538086
109.291,13:09:05.826,456.908,36.322,16596.002,0.000,0.000,0.000,0.000,0.000,0.000,1.000,1.000,0.000,48.881,48.700,0.940,62.079,5.000,102.0,47.0,-33.43589782714844,-15.025641441345215
109.547,13:09:05.970,460.739,35.478,16346.070,0.000,0.000,0.000,0.000,0.000,0.000,1.000,1.000,0.000,48.518,48.700,0.940,62.109,5.000,102.0,47.0,-33.43589782714844,-15.025641441345215
109.691,13:09:06.035,460.739,35.478,16346.070,0.000,0.000,0.000,0.000,0.000,0.000,1.000,1.000,0.000,48.518,48.700,0.940,62.109,5.000,102.0,47.0,-33.43589782714844,-15.025641441345215
109.754,13:09:06.098,458.142,36.062,16521.625,0.000,0.000,0.000,0.000,0.000,0.000,1.000,1.000,0.000,48.518,48.700,0.940,62.109,5.000,102.0,47.0,-33.43589782714844,-15.025641441345215
109.819,13:09:06.242,458.142,36.062,16521.625,0.000,0.000,0.000,0.000,0.000,0.000,1.000,1.000,0.000,48.880,48.700,0.940,62.170,5.000,102.0,47.0,-33.43589782714844,-15.025641441345215
109.962,13:09:06.306,458.142,36.062,16521.625,0.000,0.000,0.000,0.000,0.000,0.000,1.000,1.000,0.000,48.880,48.700,0.940,62.170,5.000,102.0,47.0,-33.43589782714844,-15.025641441345215
110.026,13:09:06.370,458.142,36.062,16521.625,0.000,0.000,0.000,0.000,0.000,0.000,1.000,1.000,0.000,48.880,48.700,0.940,62.170,5.000,102.0,47.0,-33.43589782714844,-15.025641441345215
110.090,13:09:06.514,458.142,36.062,16521.625,0.000,0.000,0.000,0.000,0.000,0.000,1.000,1.000,0.000,48.479,48.300,0.940,62.179,5.000,102.0,47.0,-33.43589782714844,-15.025641441345215
110.234,13:09:06.578,462.215,35.136,16240.408,0.000,0.000,0.000,0.000,0.000,0.000,1.000,1.000,0.000,48.479,48.300,0.940,62.179,5.000,102.0,47.0,-33.43589782714844,-15.025641441345215
110.298,13:09:06.833,462.215,35.136,16240.408,0.000,0.000,0.000,0.000,0.000,0.000,1.000,1.000,0.000,48.479,48.300,0.940,62.179,5.000,102.0,47.0,-24.871795654296875,50.97435760498047
110.554,13:09:06.977,463.125,34.900,16162.914,0.000,0.000,0.000,0.000,0.000,0.000,1.000,1.000,0.000,48.519,48.700,0.940,62.199,5.000,102.0,47.0,-24.871795654296875,50.97435760498047
110.698,13:09:07.041,463.125,34.900,16162.914,0.000,0.000,0.000,0.000,0.000,0.000,1.000,1.000,0.000,48.519,48.700,0.940,62.199,5.000,102.0,47.0,-24.871795654296875,50.97435760498047
110.762,13:09:07.105,463.125,34.900,16162.914,0.000,0.000,0.000,0.000,0.000,0.000,1.000,1.000,0.000,48.519,48.700,0.940,62.199,5.000,102.0,47.0,-24.871795654296875,50.97435760498047
110.826,13:09:07.249,463.125,34.900,16162.914,0.000,0.000,0.000,0.000,0.000,0.000,1.000,1.000,0.000,48.519,48.700,0.940,62.199,5.000,102.0,47.0,-24.871795654296875,50.97435760498047
110.969,13:09:07.313,462.178,35.130,16236.545,0.000,0.000,0.000,0.000,0.000,0.000,1.000,1.000,0.000,48.519,48.700,0.940,62.199,5.000,102.0,47.0,-24.871795654296875,50.97435760498047
111.033,13:09:07.377,462.178,35.130,16236.545,0.000,0.000,0.000,0.000,0.000,0.000,1.000,1.000,0.000,48.519,48.700,0.940,62.199,5.000,102.0,47.0,-24.871795654296875,50.97435760498047
111.097,13:09:07.521,462.178,35.130,16236.545,0.000,0.000,0.000,0.000,0.000,0.000,1.000,1.000,0.000,48.480,48.300,0.940,62.173,5.000,102.0,47.0,-24.871795654296875,50.97435760498047
111.241,13:09:07.585,462.178,35.130,16236.545,0.000,0.000,0.000,0.000,0.000,0.000,1.000,1.000,0.000,48.480,48.300,0.940,62.173,5.000,102.0,47.0,-24.871795654296875,50.97435760498047
111.305,13:09:07.841,462.178,35.130,16236.545,0.000,0.000,0.000,0.000,0.000,0.000,1.000,1.000,0.000,48.480,48.300,0.940,62.173,5.000,102.0,47.0,10.871794700622559,-42.92307662963867
111.561,13:09:07.985,463.304,34.839,16140.828,0.000,0.000,0.000,0.000,0.000,0.000,1.000,1.000,0.000,48.518,48.700,0.940,62.202,5.000,102.0,47.0,10.871794700622559,-42.92307662963867
111.705,13:09:08.049,463.304,34.839,16140.828,0.000,0.000,0.000,0.000,0.000,0.000,1.000,1.000,0.000,48.518,48.700,0.940,62.202,5.000,102.0,47.0,10.871794700622559,-42.92307662963867
111.769,13:09:08.112,459.902,35.653,16397.035,0.000,0.000,0.000,0.000,0.000,0.000,1.000,1.000,0.000,48.518,48.700,0.940,62.202,5.000,102.0,47.0,10.871794700622559,-42.92307662963867
111.833,13:09:08.256,459.902,35.653,16397.035,0.000,0.000,0.000,0.000,0.000,0.000,1.000,1.000,0.000,48.881,48.700,0.940,62.172,5.000,102.0,47.0,10.871794700622559,-42.92307662963867
111.977,13:09:08.320,459.902,35.653,16397.035,0.000,0.000,0.000,0.000,0.000,0.000,1.000,1.000,0.000,48.881,48.700,0.940,62.172,5.000,102.0,47.0,10.871794700622559,-42.92307662963867
112.041,13:09:08.384,459.902,35.653,16397.035,0.000,0.000,0.000,0.000,0.000,0.000,1.000,1.000,0.000,48.881,48.700,0.940,62.172,5.000,102.0,47.0,10.871794700622559,-42.92307662963867
112.105,13:09:08.528,459.902,35.653,16397.035,0.000,0.000,0.000,0.000,0.000,0.000,1.000,1.000,0.000,48.518,48.700,0.940,62.191,5.000,102.0,47.0,10.871794700622559,-42.92307662963867
112.249,13:09:08.592,461.822,35.204,16257.749,0.000,0.000,0.000,0.000,0.000,0.000,1.000,1.000,0.000,48.518,48.700,0.940,62.191,5.000,102.0,47.0,10.871794700622559,-42.92307662963867
112.313,13:09:08.848,461.822,35.204,16257.749,0.000,0.000,0.000,0.000,0.000,0.000,1.000,1.000,0.000,48.518,48.700,0.940,62.191,5.000,102.0,47.0,19.179487228393555,35.07692337036133
112.569,13:09:08.992,457.736,36.138,16541.479,0.000,0.000,0.000,0.000,0.000,0.000,1.000,1.000,0.000,48.881,48.700,0.940,62.226,5.000,102.0,47.0,19.179487228393555,35.07692337036133
112.712,13:09:09.056,457.736,36.138,16541.479,0.000,0.000,0.000,0.000,0.000,0.000,1.000,1.000,0.000,48.881,48.700,0.940,62.226,5.000,102.0,47.0,19.179487228393555,35.07692337036133
112.776,13:09:09.120,457.736,36.138,16541.479,0.000,0.000,0.000,0.000,0.000,0.000,1.000,1.000,0.000,48.881,48.700,0.940,62.226,5.000,102.0,47.0,19.179487228393555,35.07692337036133
112.840,13:09:09.264,457.736,36.138,16541.479,0.000,0.000,0.000,0.000,0.000,0.000,1.000,1.000,0.000,48.881,48.700,0.940,62.226,5.000,102.0,47.0,19.179487228393555,35.07692337036133
112.985,13:09:09.328,461.654,35.256,16275.956,0.000,0.000,0.000,0.000,0.000,0.000,1.000,1.000,0.000,48.881,48.700,0.940,62.226,5.000,102.0,47.0,19.179487228393555,35.07692337036133
113.048,13:09:09.392,461.654,35.256,16275.956,0.000,0.000,0.000,0.000,0.000,0.000,1.000,1.000,0.000,48.881,48.700,0.940,62.226,5.000,102.0,47.0,19.179487228393555,35.07692337036133
113.113,13:09:09.537,461.654,35.256,16275.956,0.000,0.000,0.000,0.000,0.000,0.000,1.000,1.000,0.000,48.480,48.300,0.940,62.251,5.000,102.0,47.0,19.179487228393555,35.07692337036133
113.257,13:09:09.600,461.654,35.256,16275.956,0.000,0.000,0.000,0.000,0.000,0.000,1.000,1.000,0.000,48.480,48.300,0.940,62.251,5.000,102.0,47.0,19.179487228393555,35.07692337036133
113.320,13:09:09.856,461.654,35.256,16275.956,0.000,0.000,0.000,0.000,0.000,0.000,1.000,1.000,0.000,48.480,48.300,0.940,62.251,5.000,102.0,47.0,-17.230770111083984,-35.69230651855469
113.577,13:09:10.000,463.677,34.756,16115.769,0.000,0.000,0.000,0.000,0.000,0.000,1.000,1.000,0.000,48.518,48.700,0.940,62.284,5.000,102.0,47.0,-17.230770111083984,-35.69230651855469
113.721,13:09:10.065,463.677,34.756,16115.769,0.000,0.000,0.000,0.000,0.000,0.000,1.000,1.000,0.000,48.518,48.700,0.940,62.284,5.000,102.0,47.0,-17.230770111083984,-35.69230651855469
113.784,13:09:10.128,460.034,35.620,16386.277,0.000,0.000,0.000,0.000,0.000,0.000,1.000,1.000,0.000,48.518,48.700,0.940,62.284,5.000,102.0,47.0,-17.230770111083984,-35.69230651855469
113.848,13:09:10.272,460.034,35.620,16386.277,0.000,0.000,0.000,0.000,0.000,0.000,1.000,1.000,0.000,48.881,48.700,0.940,62.325,5.000,102.0,47.0,-17.230770111083984,-35.69230651855469
113.993,13:09:10.336,460.034,35.620,16386.277,0.000,0.000,0.000,0.000,0.000,0.000,1.000,1.000,0.000,48.881,48.700,0.940,62.325,5.000,102.0,47.0,-17.230770111083984,-35.69230651855469
114.056,13:09:10.400,460.034,35.620,16386.277,0.000,0.000,0.000,0.000,0.000,0.000,1.000,1.000,0.000,48.881,48.700,0.940,62.325,5.000,102.0,47.0,-17.230770111083984,-35.69230651855469
114.120,13:09:10.544,460.034,35.620,16386.277,0.000,0.000,0.000,0.000,0.000,0.000,1.000,1.000,0.000,48.480,48.300,0.940,62.349,5.000,102.0,47.0,-17.230770111083984,-35.69230651855469
114.264,13:09:10.607,463.820,34.721,16104.447,0.000,0.000,0.000,0.000,0.000,0.000,1.000,1.000,0.000,48.480,48.300,0.940,62.349,5.000,102.0,47.0,-17.230770111083984,-35.69230651855469
114.329,13:09:10.864,463.820,34.721,16104.447,0.000,0.000,0.000,0.000,0.000,0.000,1.000,1.000,0.000,48.480,48.300,0.940,62.349,5.000,102.0,47.0,-47.487178802490234,10.35897445678711
114.584,13:09:11.007,467.362,33.808,15800.671,0.000,0.000,0.000,0.000,0.000,0.000,1.000,1.000,0.000,48.118,48.300,0.940,62.307,5.000,102.0,47.0,-47.487178802490234,10.35897445678711
114.727,13:09:11.071,467.362,33.808,15800.671,0.000,0.000,0.000,0.000,0.000,0.000,1.000,1.000,0.000,48.118,48.300,0.940,62.307,5.000,102.0,47.0,-47.487178802490234,10.35897445678711
114.791,13:09:11.135,467.362,33.808,15800.671,0.000,0.000,0.000,0.000,0.000,0.000,1.000,1.000,0.000,48.118,48.300,0.940,62.307,5.000,102.0,47.0,-47.487178802490234,10.35897445678711
114.856,13:09:11.279,467.362,33.808,15800.671,0.000,0.000,0.000,0.000,0.000,0.000,1.000,1.000,0.000,48.118,48.300,0.940,62.307,5.000,102.0,47.0,-47.487178802490234,10.35897445678711
114.999,13:09:11.343,463.848,34.708,16099.305,0.000,0.000,0.000,0.000,0.000,0.000,1.000,1.000,0.000,48.118,48.300,0.940,62.307,5.000,102.0,47.0,-47.487178802490234,10.35897445678711
