t_s,clock,VDC,IDC,PDC,VG_A,VG_B,VG_C,IINV_A,IINV_B,IINV_C,STS,MODE,FAULT_FLAGS,FREQ,SET_FREQ,MOD_IDX,TEMP,STOP_REASON,FAULT_UV_CNT,FAULT_OC_CNT,IU_INST,IW_INST
0.399,13:00:17.555,536.844,0.824,442.444,0.000,0.000,0.000,0.000,0.000,0.000,1.000,1.000,0.000,0.100,0.100,0.010,46.847,5.000,101.0,47.0,0.05128205195069313,0.0
0.734,13:00:17.700,536.776,0.826,443.478,0.000,0.000,0.000,0.000,0.000,0.000,1.000,1.000,0.000,0.300,0.300,0.010,46.886,5.000,101.0,47.0,0.05128205195069313,0.0
1.233,13:00:18.197,536.726,0.823,441.963,0.000,0.000,0.000,0.000,0.000,0.000,1.000,1.000,0.000,0.500,0.500,0.010,46.823,5.000,101.0,47.0,0.05128205195069313,0.0
1.376,13:00:18.260,536.726,0.823,441.963,0.000,0.000,0.000,0.000,0.000,0.000,1.000,1.000,0.000,0.500,0.500,0.010,46.823,5.000,101.0,47.0,0.05128205195069313,0.0
1.441,13:00:18.516,536.726,0.823,441.963,0.000,0.000,0.000,0.000,0.000,0.000,1.000,1.000,0.000,0.500,0.500,0.010,46.823,5.000,101.0,47.0,-0.10256410390138626,0.0
1.697,13:00:18.659,536.703,0.825,442.920,0.000,0.000,0.000,0.000,0.000,0.000,1.000,1.000,0.000,0.519,0.700,0.011,46.752,5.000,101.0,47.0,-0.10256410390138626,0.0
1.840,13:00:18.724,536.703,0.825,442.920,0.000,0.000,0.000,0.000,0.000,0.000,1.000,1.000,0.000,0.519,0.700,0.011,46.752,5.000,101.0,47.0,-0.10256410390138626,0.0
1.904,13:00:18.788,536.703,0.825,442.920,0.000,0.000,0.000,0.000,0.000,0.000,1.000,1.000,0.000,0.519,0.700,0.011,46.752,5.000,101.0,47.0,-0.10256410390138626,0.0
1.968,13:00:18.932,536.683,0.827,443.854,0.000,0.000,0.000,0.000,0.000,0.000,1.000,1.000,0.000,0.700,0.700,0.014,46.701,5.000,101.0,47.0,-0.10256410390138626,0.0
2.112,13:00:18.996,536.683,0.827,443.854,0.000,0.000,0.000,0.000,0.000,0.000,1.000,1.000,0.000,0.700,0.700,0.014,46.701,5.000,101.0,47.0,-0.10256410390138626,0.0
2.175,13:00:19.059,536.683,0.827,443.854,0.000,0.000,0.000,0.000,0.000,0.000,1.000,1.000,0.000,0.700,0.700,0.014,46.701,5.000,101.0,47.0,-0.10256410390138626,0.0
2.240,13:00:19.204,536.683,0.827,443.854,0.000,0.000,0.000,0.000,0.000,0.000,1.000,1.000,0.000,0.700,0.700,0.014,46.701,5.000,101.0,47.0,-0.10256410390138626,0.0
2.384,13:00:19.268,536.656,0.829,444.748,0.000,0.000,0.000,0.000,0.000,0.000,1.000,1.000,0.000,0.700,0.700,0.014,46.701,5.000,101.0,47.0,-0.10256410390138626,0.0
2.447,13:00:19.524,536.656,0.829,444.748,0.000,0.000,0.000,0.000,0.000,0.000,1.000,1.000,0.000,0.700,0.700,0.014,46.701,5.000,101.0,47.0,0.1538461595773697,-0.10256410390138626
2.704,13:00:19.665,536.656,0.829,444.748,0.000,0.000,0.000,0.000,0.000,0.000,1.000,1.000,1.000,1.100,1.100,0.023,46.565,5.000,101.0,47.0,0.1538461595773697,-0.10256410390138626
2.845,13:00:19.729,536.630,0.828,444.485,0.000,0.000,0.000,0.000,0.000,0.000,1.000,1.000,1.000,1.100,1.100,0.023,46.565,5.000,101.0,47.0,0.1538461595773697,-0.10256410390138626
2.909,13:00:19.793,536.630,0.828,444.485,0.000,0.000,0.000,0.000,0.000,0.000,1.000,1.000,1.000,1.100,1.100,0.023,46.565,5.000,101.0,47.0,0.1538461595773697,-0.10256410390138626
2.974,13:00:19.937,536.630,0.828,444.485,0.000,0.000,0.000,0.000,0.000,0.000,1.000,1.000,1.000,1.100,1.100,0.023,46.565,5.000,101.0,47.0,0.1538461595773697,-0.10256410390138626
3.117,13:00:20.001,536.630,0.828,444.485,0.000,0.000,0.000,0.000,0.000,0.000,1.000,1.000,1.000,1.100,1.100,0.023,46.565,5.000,101.0,47.0,0.1538461595773697,-0.10256410390138626
3.181,13:00:20.065,536.655,0.849,455.407,0.000,0.000,0.000,0.000,0.000,0.000,1.000,1.000,1.000,1.100,1.100,0.023,46.565,5.000,101.0,47.0,0.1538461595773697,-0.10256410390138626
3.246,13:00:20.209,536.655,0.849,455.407,0.000,0.000,0.000,0.000,0.000,0.000,1.000,1.000,1.000,1.299,1.300,0.027,46.500,5.000,101.0,47.0,0.1538461595773697,-0.10256410390138626
3.389,13:00:20.273,536.655,0.849,455.407,0.000,0.000,0.000,0.000,0.000,0.000,1.000,1.000,1.000,1.299,1.300,0.027,46.500,5.000,101.0,47.0,0.1538461595773697,-0.10256410390138626
3.453,13:00:20.528,536.655,0.849,455.407,0.000,0.000,0.000,0.000,0.000,0.000,1.000,1.000,1.000,1.299,1.300,0.027,46.500,5.000,101.0,47.0,-1.4871795177459717,-0.05128205195069313
3.708,13:00:20.672,536.535,0.875,469.361,0.000,0.000,0.000,0.000,0.000,0.000,1.000,1.000,1.000,1.318,1.500,0.027,46.445,5.000,101.0,47.0,-1.4871795177459717,-0.05128205195069313
3.853,13:00:20.737,536.535,0.875,469.361,0.000,0.000,0.000,0.000,0.000,0.000,1.000,1.000,1.000,1.318,1.500,0.027,46.445,5.000,101.0,47.0,-1.4871795177459717,-0.05128205195069313
3.916,13:00:20.800,536.535,0.875,469.361,0.000,0.000,0.000,0.000,0.000,0.000,1.000,1.000,1.000,1.318,1.500,0.027,46.445,5.000,101.0,47.0,-1.4871795177459717,-0.05128205195069313
3.981,13:00:20.944,536.535,0.875,469.361,0.000,0.000,0.000,0.000,0.000,0.000,1.000,1.000,1.000,1.499,1.500,0.031,46.346,5.000,101.0,47.0,-1.4871795177459717,-0.05128205195069313
4.125,13:00:21.009,536.471,0.908,486.932,0.000,0.000,0.000,0.000,0.000,0.000,1.000,1.000,1.000,1.499,1.500,0.031,46.346,5.000,101.0,47.0,-1.4871795177459717,-0.05128205195069313
4.188,13:00:21.072,536.471,0.908,486.932,0.000,0.000,0.000,0.000,0.000,0.000,1.000,1.000,1.000,1.499,1.500,0.031,46.346,5.000,101.0,47.0,-1.4871795177459717,-0.05128205195069313
4.253,13:00:21.216,536.471,0.908,486.932,0.000,0.000,0.000,0.000,0.000,0.000,1.000,1.000,1.000,1.499,1.500,0.031,46.346,5.000,101.0,47.0,-1.4871795177459717,-0.05128205195069313
4.397,13:00:21.281,536.396,0.933,500.611,0.000,0.000,0.000,0.000,0.000,0.000,1.000,1.000,1.000,1.499,1.500,0.031,46.346,5.000,101.0,47.0,-1.4871795177459717,-0.05128205195069313
4.461,13:00:21.536,536.396,0.933,500.611,0.000,0.000,0.000,0.000,0.000,0.000,1.000,1.000,1.000,1.499,1.500,0.031,46.346,5.000,101.0,47.0,-1.6410256624221802,3.846153736114502
4.716,13:00:21.680,536.396,0.933,500.611,0.000,0.000,0.000,0.000,0.000,0.000,1.000,1.000,0.000,1.699,1.700,0.035,46.365,5.000,101.0,47.0,-1.6410256624221802,3.846153736114502
4.860,13:00:21.744,536.342,0.947,507.753,0.000,0.000,0.000,0.000,0.000,0.000,1.000,1.000,0.000,1.699,1.700,0.035,46.365,5.000,101.0,47.0,-1.6410256624221802,3.846153736114502
4.924,13:00:21.808,536.342,0.947,507.753,0.000,0.000,0.000,0.000,0.000,0.000,1.000,1.000,0.000,1.699,1.700,0.035,46.365,5.000,101.0,47.0,-1.6410256624221802,3.846153736114502
4.989,13:00:21.952,536.342,0.947,507.753,0.000,0.000,0.000,0.000,0.000,0.000,1.000,1.000,0.000,1.899,1.900,0.039,46.346,5.000,101.0,47.0,-1.6410256624221802,3.846153736114502
5.132,13:00:22.016,536.342,0.947,507.753,0.000,0.000,0.000,0.000,0.000,0.000,1.000,1.000,0.000,1.899,1.900,0.039,46.346,5.000,101.0,47.0,-1.6410256624221802,3.846153736114502
5.197,13:00:22.080,536.342,0.947,507.753,0.000,0.000,0.000,0.000,0.000,0.000,1.000,1.000,0.000,1.899,1.900,0.039,46.346,5.000,101.0,47.0,-1.6410256624221802,3.846153736114502
5.260,13:00:22.224,536.379,0.943,505.764,0.000,0.000,0.000,0.000,0.000,0.000,1.000,1.000,1.000,2.099,2.100,0.043,46.307,5.000,101.0,47.0,-1.6410256624221802,3.846153736114502
5.403,13:00:22.287,536.379,0.943,505.764,0.000,0.000,0.000,0.000,0.000,0.000,1.000,1.000,1.000,2.099,2.100,0.043,46.307,5.000,101.0,47.0,-1.6410256624221802,3.846153736114502
5.468,13:00:22.544,536.379,0.943,505.764,0.000,0.000,0.000,0.000,0.000,0.000,1.000,1.000,1.000,2.099,2.100,0.043,46.307,5.000,101.0,47.0,3.8974359035491943,-2.4102563858032227
5.724,13:00:22.688,536.333,0.957,513.056,0.000,0.000,0.000,0.000,0.000,0.000,1.000,1.000,0.000,2.118,2.300,0.043,46.290,5.000,101.0,47.0,3.8974359035491943,-2.4102563858032227
5.867,13:00:22.751,536.333,0.957,513.056,0.000,0.000,0.000,0.000,0.000,0.000,1.000,1.000,0.000,2.118,2.300,0.043,46.290,5.000,101.0,47.0,3.8974359035491943,-2.4102563858032227
5.931,13:00:22.815,536.333,0.957,513.056,0.000,0.000,0.000,0.000,0.000,0.000,1.000,1.000,0.000,2.118,2.300,0.043,46.290,5.000,101.0,47.0,3.8974359035491943,-2.4102563858032227
5.996,13:00:22.959,536.333,0.957,513.056,0.000,0.000,0.000,0.000,0.000,0.000,1.000,1.000,0.000,2.299,2.300,0.047,46.289,5.000,101.0,47.0,3.8974359035491943,-2.4102563858032227
6.140,13:00:23.024,536.280,0.993,532.371,0.000,0.000,0.000,0.000,0.000,0.000,1.000,1.000,0.000,2.299,2.300,0.047,46.289,5.000,101.0,47.0,3.8974359035491943,-2.4102563858032227
6.204,13:00:23.088,536.280,0.993,532.371,0.000,0.000,0.000,0.000,0.000,0.000,1.000,1.000,0.000,2.299,2.300,0.047,46.289,5.000,101.0,47.0,3.8974359035491943,-2.4102563858032227
6.268,13:00:23.231,536.280,0.993,532.371,0.000,0.000,0.000,0.000,0.000,0.000,1.000,1.000,0.000,2.299,2.300,0.047,46.289,5.000,101.0,47.0,3.8974359035491943,-2.4102563858032227
6.411,13:00:23.295,536.280,0.993,532.371,0.000,0.000,0.000,0.000,0.000,0.000,1.000,1.000,0.000,2.299,2.300,0.047,46.289,5.000,101.0,47.0,3.8974359035491943,-2.4102563858032227
6.475,13:00:23.551,536.201,1.041,558.073,0.000,0.000,0.000,0.000,0.000,0.000,1.000,1.000,0.000,2.299,2.300,0.047,46.289,5.000,101.0,47.0,4.820512771606445,-0.6666666865348816
6.730,13:00:23.695,536.201,1.041,558.073,0.000,0.000,0.000,0.000,0.000,0.000,1.000,1.000,1.000,2.499,2.500,0.051,46.286,5.000,101.0,47.0,4.820512771606445,-0.6666666865348816
6.875,13:00:23.759,536.179,1.066,571.372,0.000,0.000,0.000,0.000,0.000,0.000,1.000,1.000,1.000,2.499,2.500,0.051,46.286,5.000,101.0,47.0,4.820512771606445,-0.6666666865348816
6.939,13:00:23.823,536.179,1.066,571.372,0.000,0.000,0.000,0.000,0.000,0.000,1.000,1.000,1.000,2.499,2.500,0.051,46.286,5.000,101.0,47.0,4.820512771606445,-0.6666666865348816
7.003,13:00:23.967,536.179,1.066,571.372,0.000,0.000,0.000,0.000,0.000,0.000,1.000,1.000,1.000,2.700,2.700,0.055,46.292,5.000,101.0,47.0,4.820512771606445,-0.6666666865348816
7.147,13:00:24.031,536.179,1.066,571.372,0.000,0.000,0.000,0.000,0.000,0.000,1.000,1.000,1.000,2.700,2.700,0.055,46.292,5.000,101.0,47.0,4.820512771606445,-0.6666666865348816
7.211,13:00:24.095,536.179,1.066,571.372,0.000,0.000,0.000,0.000,0.000,0.000,1.000,1.000,1.000,2.700,2.700,0.055,46.292,5.000,101.0,47.0,4.820512771606445,-0.6666666865348816
7.275,13:00:24.239,536.122,1.075,576.481,0.000,0.000,0.000,0.000,0.000,0.000,1.000,1.000,1.000,2.900,2.900,0.060,46.301,5.000,101.0,47.0,4.820512771606445,-0.6666666865348816
7.418,13:00:24.302,536.122,1.075,576.481,0.000,0.000,0.000,0.000,0.000,0.000,1.000,1.000,1.000,2.900,2.900,0.060,46.301,5.000,101.0,47.0,4.820512771606445,-0.6666666865348816
7.483,13:00:24.558,536.122,1.075,576.481,0.000,0.000,0.000,0.000,0.000,0.000,1.000,1.000,1.000,2.900,2.900,0.060,46.301,5.000,101.0,47.0,1.384615421295166,-6.820512771606445
7.739,13:00:24.702,536.053,1.087,582.838,0.000,0.000,0.000,0.000,0.000,0.000,1.000,1.000,1.000,2.919,3.100,0.060,46.312,5.000,101.0,47.0,1.384615421295166,-6.820512771606445
7.882,13:00:24.766,536.053,1.087,582.838,0.000,0.000,0.000,0.000,0.000,0.000,1.000,1.000,1.000,2.919,3.100,0.060,46.312,5.000,101.0,47.0,1.384615421295166,-6.820512771606445
7.946,13:00:24.829,536.053,1.087,582.838,0.000,0.000,0.000,0.000,0.000,0.000,1.000,1.000,1.000,2.919,3.100,0.060,46.312,5.000,101.0,47.0,1.384615421295166,-6.820512771606445
8.010,13:00:24.974,536.053,1.087,582.838,0.000,0.000,0.000,0.000,0.000,0.000,1.000,1.000,1.000,3.100,3.100,0.064,46.335,5.000,101.0,47.0,1.384615421295166,-6.820512771606445
8.155,13:00:25.038,536.017,1.129,605.278,0.000,0.000,0.000,0.000,0.000,0.000,1.000,1.000,1.000,3.100,3.100,0.064,46.335,5.000,101.0,47.0,1.384615421295166,-6.820512771606445
8.219,13:00:25.103,536.017,1.129,605.278,0.000,0.000,0.000,0.000,0.000,0.000,1.000,1.000,1.000,3.100,3.100,0.064,46.335,5.000,101.0,47.0,1.384615421295166,-6.820512771606445
8.283,13:00:25.247,536.017,1.129,605.278,0.000,0.000,0.000,0.000,0.000,0.000,1.000,1.000,1.000,3.100,3.100,0.064,46.335,5.000,101.0,47.0,1.384615421295166,-6.820512771606445
8.425,13:00:25.309,536.017,1.129,605.278,0.000,0.000,0.000,0.000,0.000,0.000,1.000,1.000,1.000,3.100,3.100,0.064,46.335,5.000,101.0,47.0,1.384615421295166,-6.820512771606445
8.490,13:00:25.565,535.934,1.179,631.787,0.000,0.000,0.000,0.000,0.000,0.000,1.000,1.000,1.000,3.100,3.100,0.064,46.335,5.000,101.0,47.0,1.2307692766189575,7.384615421295166
8.745,13:00:25.710,535.934,1.179,631.787,0.000,0.000,0.000,0.000,0.000,0.000,1.000,1.000,0.000,3.300,3.300,0.068,46.382,5.000,101.0,47.0,1.2307692766189575,7.384615421295166
8.890,13:00:25.774,535.889,1.220,654.034,0.000,0.000,0.000,0.000,0.000,0.000,1.000,1.000,0.000,3.300,3.300,0.068,46.382,5.000,101.0,47.0,1.2307692766189575,7.384615421295166
8.954,13:00:25.838,535.889,1.220,654.034,0.000,0.000,0.000,0.000,0.000,0.000,1.000,1.000,0.000,3.300,3.300,0.068,46.382,5.000,101.0,47.0,1.2307692766189575,7.384615421295166
9.017,13:00:25.981,535.889,1.220,654.034,0.000,0.000,0.000,0.000,0.000,0.000,1.000,1.000,1.000,3.500,3.500,0.072,46.415,5.000,101.0,47.0,1.2307692766189575,7.384615421295166
9.162,13:00:26.046,535.889,1.220,654.034,0.000,0.000,0.000,0.000,0.000,0.000,1.000,1.000,1.000,3.500,3.500,0.072,46.415,5.000,101.0,47.0,1.2307692766189575,7.384615421295166
9.225,13:00:26.109,535.889,1.220,654.034,0.000,0.000,0.000,0.000,0.000,0.000,1.000,1.000,1.000,3.500,3.500,0.072,46.415,5.000,101.0,47.0,1.2307692766189575,7.384615421295166
9.289,13:00:26.254,535.789,1.256,673.124,0.000,0.000,0.000,0.000,0.000,0.000,1.000,1.000,1.000,3.700,3.700,0.076,46.458,5.000,101.0,47.0,1.2307692766189575,7.384615421295166
9.433,13:00:26.317,535.789,1.256,673.124,0.000,0.000,0.000,0.000,0.000,0.000,1.000,1.000,1.000,3.700,3.700,0.076,46.458,5.000,101.0,47.0,1.2307692766189575,7.384615421295166
9.497,13:00:26.573,535.789,1.256,673.124,0.000,0.000,0.000,0.000,0.000,0.000,1.000,1.000,1.000,3.700,3.700,0.076,46.458,5.000,101.0,47.0,-9.384614944458008,-7.692307472229004
9.753,13:00:26.717,535.766,1.291,691.773,0.000,0.000,0.000,0.000,0.000,0.000,1.000,1.000,1.000,3.719,3.900,0.076,46.523,5.000,101.0,47.0,-9.384614944458008,-7.692307472229004
9.897,13:00:26.781,535.766,1.291,691.773,0.000,0.000,0.000,0.000,0.000,0.000,1.000,1.000,1.000,3.719,3.900,0.076,46.523,5.000,101.0,47.0,-9.384614944458008,-7.692307472229004
9.960,13:00:26.844,535.766,1.291,691.773,0.000,0.000,0.000,0.000,0.000,0.000,1.000,1.000,1.000,3.719,3.900,0.076,46.523,5.000,101.0,47.0,-9.384614944458008,-7.692307472229004
10.025,13:00:26.989,535.766,1.291,691.773,0.000,0.000,0.000,0.000,0.000,0.000,1.000,1.000,1.000,3.900,3.900,0.080,46.579,5.000,101.0,47.0,-9.384614944458008,-7.692307472229004
10.169,13:00:27.053,535.606,1.353,724.529,0.000,0.000,0.000,0.000,0.000,0.000,1.000,1.000,1.000,3.900,3.900,0.080,46.579,5.000,101.0,47.0,-9.384614944458008,-7.692307472229004
10.233,13:00:27.117,535.606,1.353,724.529,0.000,0.000,0.000,0.000,0.000,0.000,1.000,1.000,1.000,3.900,3.900,0.080,46.579,5.000,101.0,47.0,-9.384614944458008,-7.692307472229004
10.297,13:00:27.261,535.606,1.353,724.529,0.000,0.000,0.000,0.000,0.000,0.000,1.000,1.000,1.000,3.900,3.900,0.080,46.579,5.000,101.0,47.0,-9.384614944458008,-7.692307472229004
10.440,13:00:27.324,535.606,1.353,724.529,0.000,0.000,0.000,0.000,0.000,0.000,1.000,1.000,1.000,3.900,3.900,0.080,46.579,5.000,101.0,47.0,-9.384614944458008,-7.692307472229004
10.505,13:00:27.580,535.524,1.427,764.319,0.000,0.000,0.000,0.000,0.000,0.000,1.000,1.000,1.000,3.900,3.900,0.080,46.579,5.000,101.0,47.0,0.20512820780277252,-11.230769157409668
10.760,13:00:27.724,535.524,1.427,764.319,0.000,0.000,0.000,0.000,0.000,0.000,1.000,1.000,0.000,4.100,4.100,0.084,46.659,5.000,101.0,47.0,0.20512820780277252,-11.230769157409668
10.905,13:00:27.789,535.419,1.525,816.502,0.000,0.000,0.000,0.000,0.000,0.000,1.000,1.000,0.000,4.100,4.100,0.084,46.659,5.000,101.0,47.0,0.20512820780277252,-11.230769157409668
10.969,13:00:27.853,535.419,1.525,816.502,0.000,0.000,0.000,0.000,0.000,0.000,1.000,1.000,0.000,4.100,4.100,0.084,46.659,5.000,101.0,47.0,0.20512820780277252,-11.230769157409668
11.033,13:00:27.996,535.419,1.525,816.502,0.000,0.000,0.000,0.000,0.000,0.000,1.000,1.000,1.000,4.300,4.300,0.088,46.727,5.000,101.0,47.0,0.20512820780277252,-11.230769157409668
11.176,13:00:28.060,535.419,1.525,816.502,0.000,0.000,0.000,0.000,0.000,0.000,1.000,1.000,1.000,4.300,4.300,0.088,46.727,5.000,101.0,47.0,0.20512820780277252,-11.230769157409668
11.241,13:00:28.125,535.419,1.525,816.502,0.000,0.000,0.000,0.000,0.000,0.000,1.000,1.000,1.000,4.300,4.300,0.088,46.727,5.000,101.0,47.0,0.20512820780277252,-11.230769157409668
11.304,13:00:28.268,535.327,1.547,828.309,0.000,0.000,0.000,0.000,0.000,0.000,1.000,1.000,1.000,4.500,4.500,0.092,46.810,5.000,101.0,47.0,0.20512820780277252,-11.230769157409668
11.448,13:00:28.332,535.327,1.547,828.309,0.000,0.000,0.000,0.000,0.000,0.000,1.000,1.000,1.000,4.500,4.500,0.092,46.810,5.000,101.0,47.0,0.20512820780277252,-11.230769157409668
11.512,13:00:28.875,535.327,1.547,828.309,0.000,0.000,0.000,0.000,0.000,0.000,1.000,1.000,1.000,4.500,4.500,0.092,46.810,5.000,101.0,,-13.230769157409668,4.512820720672607
12.055,13:00:29.019,535.221,1.613,863.242,0.000,0.000,0.000,0.000,0.000,0.000,1.000,1.000,1.000,4.700,4.700,0.097,46.987,5.000,101.0,,-13.230769157409668,4.512820720672607
12.200,13:00:29.084,535.063,1.711,915.542,0.000,0.000,0.000,0.000,0.000,0.000,1.000,1.000,1.000,4.700,4.700,0.097,46.987,5.000,101.0,,-13.230769157409668,4.512820720672607
12.263,13:00:29.147,535.063,1.711,915.542,0.000,0.000,0.000,0.000,0.000,0.000,1.000,1.000,1.000,4.700,4.700,0.097,46.987,5.000,101.0,,-13.230769157409668,4.512820720672607
12.327,13:00:29.292,535.063,1.711,915.542,0.000,0.000,0.000,0.000,0.000,0.000,1.000,1.000,1.000,4.700,4.700,0.097,46.987,5.000,101.0,,-13.230769157409668,4.512820720672607
12.471,13:00:29.355,535.063,1.711,915.542,0.000,0.000,0.000,0.000,0.000,0.000,1.000,1.000,1.000,4.700,4.700,0.097,46.987,5.000,101.0,,-13.230769157409668,4.512820720672607
12.535,13:00:29.611,534.951,1.790,957.799,0.000,0.000,0.000,0.000,0.000,0.000,1.000,1.000,1.000,4.700,4.700,0.097,46.987,5.000,101.0,47.0,-3.7435896396636963,-11.384614944458008
12.791,13:00:29.755,534.951,1.790,957.799,0.000,0.000,0.000,0.000,0.000,0.000,1.000,1.000,0.000,4.900,4.900,0.101,47.125,5.000,101.0,47.0,-3.7435896396636963,-11.384614944458008
12.936,13:00:29.820,535.396,1.518,812.561,0.000,0.000,0.000,0.000,0.000,0.000,1.000,1.000,0.000,4.900,4.900,0.101,47.125,5.000,101.0,47.0,-3.7435896396636963,-11.384614944458008
13.000,13:00:29.884,535.396,1.518,812.561,0.000,0.000,0.000,0.000,0.000,0.000,1.000,1.000,0.000,4.900,4.900,0.101,47.125,5.000,101.0,47.0,-3.7435896396636963,-11.384614944458008
13.063,13:00:30.028,535.396,1.518,812.561,0.000,0.000,0.000,0.000,0.000,0.000,1.000,1.000,1.000,5.100,5.100,0.105,47.242,5.000,101.0,47.0,-3.7435896396636963,-11.384614944458008
13.208,13:00:30.091,535.396,1.518,812.561,0.000,0.000,0.000,0.000,0.000,0.000,1.000,1.000,1.000,5.100,5.100,0.105,47.242,5.000,101.0,47.0,-3.7435896396636963,-11.384614944458008
13.271,13:00:30.155,535.396,1.518,812.561,0.000,0.000,0.000,0.000,0.000,0.000,1.000,1.000,1.000,5.100,5.100,0.105,47.242,5.000,101.0,47.0,-3.7435896396636963,-11.384614944458008
13.336,13:00:30.299,535.528,1.409,754.636,0.000,0.000,0.000,0.000,0.000,0.000,1.000,1.000,1.000,5.300,5.300,0.109,47.329,5.000,101.0,47.0,-3.7435896396636963,-11.384614944458008
13.478,13:00:30.362,535.528,1.409,754.636,0.000,0.000,0.000,0.000,0.000,0.000,1.000,1.000,1.000,5.300,5.300,0.109,47.329,5.000,101.0,47.0,-3.7435896396636963,-11.384614944458008
13.544,13:00:30.619,535.528,1.409,754.636,0.000,0.000,0.000,0.000,0.000,0.000,1.000,1.000,1.000,5.300,5.300,0.109,47.329,5.000,101.0,47.0,-3.230769157409668,2.307692289352417
13.798,13:00:30.762,535.472,1.422,761.342,0.000,0.000,0.000,0.000,0.000,0.000,1.000,1.000,1.000,5.319,5.500,0.109,47.317,5.000,101.0,47.0,-3.230769157409668,2.307692289352417
13.942,13:00:30.826,535.472,1.422,761.342,0.000,0.000,0.000,0.000,0.000,0.000,1.000,1.000,1.000,5.319,5.500,0.109,47.317,5.000,101.0,47.0,-3.230769157409668,2.307692289352417
14.006,13:00:30.890,535.472,1.422,761.342,0.000,0.000,0.000,0.000,0.000,0.000,1.000,1.000,1.000,5.319,5.500,0.109,47.317,5.000,101.0,47.0,-3.230769157409668,2.307692289352417
14.071,13:00:31.034,535.472,1.422,761.342,0.000,0.000,0.000,0.000,0.000,0.000,1.000,1.000,1.000,5.319,5.500,0.109,47.317,5.000,101.0,47.0,-3.230769157409668,2.307692289352417
14.214,13:00:31.098,535.444,1.438,769.916,0.000,0.000,0.000,0.000,0.000,0.000,1.000,1.000,1.000,5.319,5.500,0.109,47.317,5.000,101.0,47.0,-3.230769157409668,2.307692289352417
14.278,13:00:31.162,535.444,1.438,769.916,0.000,0.000,0.000,0.000,0.000,0.000,1.000,1.000,1.000,5.319,5.500,0.109,47.317,5.000,101.0,47.0,-3.230769157409668,2.307692289352417
14.343,13:00:31.307,535.444,1.438,769.916,0.000,0.000,0.000,0.000,0.000,0.000,1.000,1.000,1.000,5.500,5.500,0.113,47.283,5.000,101.0,47.0,-3.230769157409668,2.307692289352417
14.486,13:00:31.370,535.444,1.438,769.916,0.000,0.000,0.000,0.000,0.000,0.000,1.000,1.000,1.000,5.500,5.500,0.113,47.283,5.000,101.0,47.0,-3.230769157409668,2.307692289352417
14.551,13:00:31.626,535.444,1.438,769.916,0.000,0.000,0.000,0.000,0.000,0.000,1.000,1.000,1.000,5.500,5.500,0.113,47.283,5.000,101.0,47.0,9.230769157409668,-1.2307692766189575
14.805,13:00:31.770,535.400,1.465,784.193,0.000,0.000,0.000,0.000,0.000,0.000,1.000,1.000,0.000,5.700,5.700,0.117,47.242,5.000,101.0,47.0,9.230769157409668,-1.2307692766189575
14.949,13:00:31.833,535.400,1.465,784.193,0.000,0.000,0.000,0.000,0.000,0.000,1.000,1.000,0.000,5.700,5.700,0.117,47.242,5.000,101.0,47.0,9.230769157409668,-1.2307692766189575
15.015,13:00:31.899,535.374,1.500,803.106,0.000,0.000,0.000,0.000,0.000,0.000,1.000,1.000,0.000,5.700,5.700,0.117,47.242,5.000,101.0,47.0,9.230769157409668,-1.2307692766189575
15.078,13:00:32.042,535.374,1.500,803.106,0.000,0.000,0.000,0.000,0.000,0.000,1.000,1.000,0.000,5.900,5.900,0.121,47.197,5.000,101.0,47.0,9.230769157409668,-1.2307692766189575
15.222,13:00:32.106,535.374,1.500,803.106,0.000,0.000,0.000,0.000,0.000,0.000,1.000,1.000,0.000,5.900,5.900,0.121,47.197,5.000,101.0,47.0,9.230769157409668,-1.2307692766189575
15.286,13:00:32.170,535.374,1.500,803.106,0.000,0.000,0.000,0.000,0.000,0.000,1.000,1.000,0.000,5.900,5.900,0.121,47.197,5.000,101.0,47.0,9.230769157409668,-1.2307692766189575
15.350,13:00:32.314,535.374,1.500,803.106,0.000,0.000,0.000,0.000,0.000,0.000,1.000,1.000,0.000,6.100,6.100,0.125,47.167,5.000,101.0,47.0,9.230769157409668,-1.2307692766189575
15.493,13:00:32.377,535.348,1.488,796.353,0.000,0.000,0.000,0.000,0.000,0.000,1.000,1.000,0.000,6.100,6.100,0.125,47.167,5.000,101.0,47.0,9.230769157409668,-1.2307692766189575
15.558,13:00:32.634,535.348,1.488,796.353,0.000,0.000,0.000,0.000,0.000,0.000,1.000,1.000,0.000,6.100,6.100,0.125,47.167,5.000,101.0,47.0,-7.384615421295166,9.84615421295166
15.814,13:00:32.777,535.381,1.499,802.770,0.000,0.000,0.000,0.000,0.000,0.000,1.000,1.000,0.000,6.119,6.300,0.126,47.146,5.000,101.0,47.0,-7.384615421295166,9.84615421295166
15.958,13:00:32.842,535.381,1.499,802.770,0.000,0.000,0.000,0.000,0.000,0.000,1.000,1.000,0.000,6.119,6.300,0.126,47.146,5.000,101.0,47.0,-7.384615421295166,9.84615421295166
16.022,13:00:32.906,535.381,1.499,802.770,0.000,0.000,0.000,0.000,0.000,0.000,1.000,1.000,0.000,6.119,6.300,0.126,47.146,5.000,101.0,47.0,-7.384615421295166,9.84615421295166
16.085,13:00:33.049,535.381,1.499,802.770,0.000,0.000,0.000,0.000,0.000,0.000,1.000,1.000,0.000,6.119,6.300,0.126,47.146,5.000,101.0,47.0,-7.384615421295166,9.84615421295166
16.229,13:00:33.113,535.304,1.524,815.769,0.000,0.000,0.000,0.000,0.000,0.000,1.000,1.000,0.000,6.119,6.300,0.126,47.146,5.000,101.0,47.0,-7.384615421295166,9.84615421295166
16.293,13:00:33.177,535.304,1.524,815.769,0.000,0.000,0.000,0.000,0.000,0.000,1.000,1.000,0.000,6.119,6.300,0.126,47.146,5.000,101.0,47.0,-7.384615421295166,9.84615421295166
16.358,13:00:33.321,535.304,1.524,815.769,0.000,0.000,0.000,0.000,0.000,0.000,1.000,1.000,0.000,6.300,6.300,0.129,47.103,5.000,101.0,47.0,-7.384615421295166,9.84615421295166
16.500,13:00:33.384,535.304,1.524,815.769,0.000,0.000,0.000,0.000,0.000,0.000,1.000,1.000,0.000,6.300,6.300,0.129,47.103,5.000,101.0,47.0,-7.384615421295166,9.84615421295166
16.566,13:00:33.640,535.304,1.524,815.769,0.000,0.000,0.000,0.000,0.000,0.000,1.000,1.000,0.000,6.300,6.300,0.129,47.103,5.000,101.0,47.0,3.384615421295166,-10.564102172851562
16.821,13:00:33.785,535.268,1.549,828.915,0.000,0.000,0.000,0.000,0.000,0.000,1.000,1.000,0.000,6.500,6.500,0.134,47.102,5.000,101.0,47.0,3.384615421295166,-10.564102172851562
16.965,13:00:33.849,535.268,1.549,828.915,0.000,0.000,0.000,0.000,0.000,0.000,1.000,1.000,0.000,6.500,6.500,0.134,47.102,5.000,101.0,47.0,3.384615421295166,-10.564102172851562
17.028,13:00:33.912,535.214,1.575,842.710,0.000,0.000,0.000,0.000,0.000,0.000,1.000,1.000,0.000,6.500,6.500,0.134,47.102,5.000,101.0,47.0,3.384615421295166,-10.564102172851562
17.092,13:00:34.056,535.214,1.575,842.710,0.000,0.000,0.000,0.000,0.000,0.000,1.000,1.000,0.000,6.700,6.700,0.138,47.076,5.000,101.0,47.0,3.384615421295166,-10.564102172851562
17.237,13:00:34.121,535.214,1.575,842.710,0.000,0.000,0.000,0.000,0.000,0.000,1.000,1.000,0.000,6.700,6.700,0.138,47.076,5.000,101.0,47.0,3.384615421295166,-10.564102172851562
17.301,13:00:34.185,535.214,1.575,842.710,0.000,0.000,0.000,0.000,0.000,0.000,1.000,1.000,0.000,6.700,6.700,0.138,47.076,5.000,101.0,47.0,3.384615421295166,-10.564102172851562
17.365,13:00:34.328,535.214,1.575,842.710,0.000,0.000,0.000,0.000,0.000,0.000,1.000,1.000,0.000,6.900,6.900,0.142,47.068,5.000,101.0,47.0,3.384615421295166,-10.564102172851562
17.508,13:00:34.392,535.155,1.595,853.795,0.000,0.000,0.000,0.000,0.000,0.000,1.000,1.000,0.000,6.900,6.900,0.142,47.068,5.000,101.0,47.0,3.384615421295166,-10.564102172851562
17.573,13:00:34.648,535.155,1.595,853.795,0.000,0.000,0.000,0.000,0.000,0.000,1.000,1.000,0.000,6.900,6.900,0.142,47.068,5.000,101.0,47.0,-10.769230842590332,9.589743614196777
17.828,13:00:34.792,535.163,1.583,847.175,0.000,0.000,0.000,0.000,0.000,0.000,1.000,1.000,0.000,6.920,7.100,0.142,47.067,5.000,101.0,47.0,-10.769230842590332,9.589743614196777
17.971,13:00:34.855,535.163,1.583,847.175,0.000,0.000,0.000,0.000,0.000,0.000,1.000,1.000,0.000,6.920,7.100,0.142,47.067,5.000,101.0,47.0,-10.769230842590332,9.589743614196777
18.036,13:00:34.920,535.163,1.583,847.175,0.000,0.000,0.000,0.000,0.000,0.000,1.000,1.000,0.000,6.920,7.100,0.142,47.067,5.000,101.0,47.0,-10.769230842590332,9.589743614196777
18.100,13:00:35.063,535.163,1.583,847.175,0.000,0.000,0.000,0.000,0.000,0.000,1.000,1.000,0.000,6.920,7.100,0.142,47.067,5.000,101.0,47.0,-10.769230842590332,9.589743614196777
18.243,13:00:35.127,535.117,1.608,860.292,0.000,0.000,0.000,0.000,0.000,0.000,1.000,1.000,0.000,6.920,7.100,0.142,47.067,5.000,101.0,47.0,-10.769230842590332,9.589743614196777
18.307,13:00:35.191,535.117,1.608,860.292,0.000,0.000,0.000,0.000,0.000,0.000,1.000,1.000,0.000,6.920,7.100,0.142,47.067,5.000,101.0,47.0,-10.769230842590332,9.589743614196777
18.372,13:00:35.336,535.117,1.608,860.292,0.000,0.000,0.000,0.000,0.000,0.000,1.000,1.000,1.000,7.100,7.100,0.146,47.055,5.000,101.0,47.0,-10.769230842590332,9.589743614196777
18.515,13:00:35.399,535.117,1.608,860.292,0.000,0.000,0.000,0.000,0.000,0.000,1.000,1.000,1.000,7.100,7.100,0.146,47.055,5.000,101.0,47.0,-10.769230842590332,9.589743614196777
18.580,13:00:35.655,535.117,1.608,860.292,0.000,0.000,0.000,0.000,0.000,0.000,1.000,1.000,1.000,7.100,7.100,0.146,47.055,5.000,101.0,47.0,6.358974456787109,-11.230769157409668
18.836,13:00:35.799,535.112,1.626,869.961,0.000,0.000,0.000,0.000,0.000,0.000,1.000,1.000,0.000,7.300,7.300,0.150,47.047,5.000,101.0,47.0,6.358974456787109,-11.230769157409668
18.980,13:00:35.864,535.112,1.626,869.961,0.000,0.000,0.000,0.000,0.000,0.000,1.000,1.000,0.000,7.300,7.300,0.150,47.047,5.000,101.0,47.0,6.358974456787109,-11.230769157409668
19.043,13:00:35.927,535.058,1.658,887.124,0.000,0.000,0.000,0.000,0.000,0.000,1.000,1.000,0.000,7.300,7.300,0.150,47.047,5.000,101.0,47.0,6.358974456787109,-11.230769157409668
19.108,13:00:36.071,535.058,1.658,887.124,0.000,0.000,0.000,0.000,0.000,0.000,1.000,1.000,1.000,7.500,7.500,0.154,47.056,5.000,101.0,47.0,6.358974456787109,-11.230769157409668
19.251,13:00:36.135,535.058,1.658,887.124,0.000,0.000,0.000,0.000,0.000,0.000,1.000,1.000,1.000,7.500,7.500,0.154,47.056,5.000,101.0,47.0,6.358974456787109,-11.230769157409668
19.315,13:00:36.199,535.058,1.658,887.124,0.000,0.000,0.000,0.000,0.000,0.000,1.000,1.000,1.000,7.500,7.500,0.154,47.056,5.000,101.0,47.0,6.358974456787109,-11.230769157409668
19.379,13:00:36.343,535.058,1.658,887.124,0.000,0.000,0.000,0.000,0.000,0.000,1.000,1.000,1.000,7.700,7.700,0.158,47.059,5.000,101.0,47.0,6.358974456787109,-11.230769157409668
19.524,13:00:36.407,535.001,1.678,897.977,0.000,0.000,0.000,0.000,0.000,0.000,1.000,1.000,1.000,7.700,7.700,0.158,47.059,5.000,101.0,47.0,6.358974456787109,-11.230769157409668
19.587,13:00:36.662,535.001,1.678,897.977,0.000,0.000,0.000,0.000,0.000,0.000,1.000,1.000,1.000,7.700,7.700,0.158,47.059,5.000,101.0,47.0,9.48717975616455,-11.897436141967773
19.843,13:00:36.807,535.028,1.662,889.089,0.000,0.000,0.000,0.000,0.000,0.000,1.000,1.000,1.000,7.719,7.900,0.159,47.057,5.000,101.0,47.0,9.48717975616455,-11.897436141967773
19.987,13:00:36.871,535.028,1.662,889.089,0.000,0.000,0.000,0.000,0.000,0.000,1.000,1.000,1.000,7.719,7.900,0.159,47.057,5.000,101.0,47.0,9.48717975616455,-11.897436141967773
20.051,13:00:36.935,535.028,1.662,889.089,0.000,0.000,0.000,0.000,0.000,0.000,1.000,1.000,1.000,7.719,7.900,0.159,47.057,5.000,101.0,47.0,9.48717975616455,-11.897436141967773
20.115,13:00:37.079,535.028,1.662,889.089,0.000,0.000,0.000,0.000,0.000,0.000,1.000,1.000,1.000,7.719,7.900,0.159,47.057,5.000,101.0,47.0,9.48717975616455,-11.897436141967773
20.258,13:00:37.142,534.958,1.695,906.590,0.000,0.000,0.000,0.000,0.000,0.000,1.000,1.000,1.000,7.719,7.900,0.159,47.057,5.000,101.0,47.0,9.48717975616455,-11.897436141967773
20.323,13:00:37.207,534.958,1.695,906.590,0.000,0.000,0.000,0.000,0.000,0.000,1.000,1.000,1.000,7.719,7.900,0.159,47.057,5.000,101.0,47.0,9.48717975616455,-11.897436141967773
20.386,13:00:37.351,534.958,1.695,906.590,0.000,0.000,0.000,0.000,0.000,0.000,1.000,1.000,1.000,7.900,7.900,0.162,47.063,5.000,101.0,47.0,9.48717975616455,-11.897436141967773
20.530,13:00:37.414,534.958,1.695,906.590,0.000,0.000,0.000,0.000,0.000,0.000,1.000,1.000,1.000,7.900,7.900,0.162,47.063,5.000,101.0,47.0,9.48717975616455,-11.897436141967773
20.595,13:00:37.670,534.958,1.695,906.590,0.000,0.000,0.000,0.000,0.000,0.000,1.000,1.000,1.000,7.900,7.900,0.162,47.063,5.000,101.0,47.0,-9.692307472229004,11.79487133026123
20.850,13:00:37.814,534.912,1.700,909.355,0.000,0.000,0.000,0.000,0.000,0.000,1.000,1.000,0.000,8.100,8.100,0.167,47.061,5.000,101.0,47.0,-9.692307472229004,11.79487133026123
20.994,13:00:37.878,534.912,1.700,909.355,0.000,0.000,0.000,0.000,0.000,0.000,1.000,1.000,0.000,8.100,8.100,0.167,47.061,5.000,101.0,47.0,-9.692307472229004,11.79487133026123
21.058,13:00:37.942,534.912,1.700,909.355,0.000,0.000,0.000,0.000,0.000,0.000,1.000,1.000,0.000,8.100,8.100,0.167,47.061,5.000,101.0,47.0,-9.692307472229004,11.79487133026123
21.122,13:00:38.086,534.867,1.745,933.471,0.000,0.000,0.000,0.000,0.000,0.000,1.000,1.000,0.000,8.300,8.300,0.171,47.079,5.000,101.0,47.0,-9.692307472229004,11.79487133026123
21.266,13:00:38.150,534.867,1.745,933.471,0.000,0.000,0.000,0.000,0.000,0.000,1.000,1.000,0.000,8.300,8.300,0.171,47.079,5.000,101.0,47.0,-9.692307472229004,11.79487133026123
21.331,13:00:38.214,534.867,1.745,933.471,0.000,0.000,0.000,0.000,0.000,0.000,1.000,1.000,0.000,8.300,8.300,0.171,47.079,5.000,101.0,47.0,-9.692307472229004,11.79487133026123
21.395,13:00:38.358,534.867,1.745,933.471,0.000,0.000,0.000,0.000,0.000,0.000,1.000,1.000,0.000,8.300,8.300,0.171,47.079,5.000,101.0,47.0,-9.692307472229004,11.79487133026123
21.537,13:00:38.421,534.854,1.747,934.277,0.000,0.000,0.000,0.000,0.000,0.000,1.000,1.000,0.000,8.300,8.300,0.171,47.079,5.000,101.0,47.0,-9.692307472229004,11.79487133026123
21.602,13:00:38.677,534.854,1.747,934.277,0.000,0.000,0.000,0.000,0.000,0.000,1.000,1.000,0.000,8.300,8.300,0.171,47.079,5.000,101.0,47.0,-0.10256410390138626,-11.282051086425781
21.857,13:00:38.821,534.854,1.747,934.277,0.000,0.000,0.000,0.000,0.000,0.000,1.000,1.000,0.000,8.519,8.700,0.175,47.083,5.000,101.0,47.0,-0.10256410390138626,-11.282051086425781
22.002,13:00:38.886,534.838,1.741,931.353,0.000,0.000,0.000,0.000,0.000,0.000,1.000,1.000,0.000,8.519,8.700,0.175,47.083,5.000,101.0,47.0,-0.10256410390138626,-11.282051086425781
22.065,13:00:38.949,534.838,1.741,931.353,0.000,0.000,0.000,0.000,0.000,0.000,1.000,1.000,0.000,8.519,8.700,0.175,47.083,5.000,101.0,47.0,-0.10256410390138626,-11.282051086425781
22.130,13:00:39.093,534.838,1.741,931.353,0.000,0.000,0.000,0.000,0.000,0.000,1.000,1.000,0.000,8.519,8.700,0.175,47.083,5.000,101.0,47.0,-0.10256410390138626,-11.282051086425781
22.273,13:00:39.157,534.838,1.741,931.353,0.000,0.000,0.000,0.000,0.000,0.000,1.000,1.000,0.000,8.519,8.700,0.175,47.083,5.000,101.0,47.0,-0.10256410390138626,-11.282051086425781
22.337,13:00:39.221,534.808,1.776,949.976,0.000,0.000,0.000,0.000,0.000,0.000,1.000,1.000,0.000,8.519,8.700,0.175,47.083,5.000,101.0,47.0,-0.10256410390138626,-11.282051086425781
22.402,13:00:39.365,534.808,1.776,949.976,0.000,0.000,0.000,0.000,0.000,0.000,1.000,1.000,0.000,8.699,8.700,0.179,47.107,5.000,101.0,47.0,-0.10256410390138626,-11.282051086425781
22.546,13:00:39.430,534.808,1.776,949.976,0.000,0.000,0.000,0.000,0.000,0.000,1.000,1.000,0.000,8.699,8.700,0.179,47.107,5.000,101.0,47.0,-0.10256410390138626,-11.282051086425781
22.610,13:00:39.684,534.808,1.776,949.976,0.000,0.000,0.000,0.000,0.000,0.000,1.000,1.000,0.000,8.699,8.700,0.179,47.107,5.000,101.0,47.0,4.256410121917725,9.128205299377441
22.865,13:00:39.829,534.756,1.783,953.311,0.000,0.000,0.000,0.000,0.000,0.000,1.000,1.000,0.000,8.899,8.900,0.183,47.106,5.000,101.0,47.0,4.256410121917725,9.128205299377441
23.008,13:00:39.892,534.756,1.783,953.311,0.000,0.000,0.000,0.000,0.000,0.000,1.000,1.000,0.000,8.899,8.900,0.183,47.106,5.000,101.0,47.0,4.256410121917725,9.128205299377441
23.073,13:00:39.957,534.756,1.783,953.311,0.000,0.000,0.000,0.000,0.000,0.000,1.000,1.000,0.000,8.899,8.900,0.183,47.106,5.000,101.0,47.0,4.256410121917725,9.128205299377441
23.137,13:00:40.100,534.714,1.817,971.648,0.000,0.000,0.000,0.000,0.000,0.000,1.000,1.000,0.000,9.099,9.100,0.187,47.121,5.000,101.0,47.0,4.256410121917725,9.128205299377441
23.281,13:00:40.165,534.714,1.817,971.648,0.000,0.000,0.000,0.000,0.000,0.000,1.000,1.000,0.000,9.099,9.100,0.187,47.121,5.000,101.0,47.0,4.256410121917725,9.128205299377441
23.345,13:00:40.229,534.714,1.817,971.648,0.000,0.000,0.000,0.000,0.000,0.000,1.000,1.000,0.000,9.099,9.100,0.187,47.121,5.000,101.0,47.0,4.256410121917725,9.128205299377441
23.409,13:00:40.373,534.714,1.817,971.648,0.000,0.000,0.000,0.000,0.000,0.000,1.000,1.000,0.000,9.099,9.100,0.187,47.121,5.000,101.0,47.0,4.256410121917725,9.128205299377441
23.553,13:00:40.437,534.664,1.827,976.609,0.000,0.000,0.000,0.000,0.000,0.000,1.000,1.000,0.000,9.099,9.100,0.187,47.121,5.000,101.0,47.0,4.256410121917725,9.128205299377441
23.617,13:00:40.692,534.664,1.827,976.609,0.000,0.000,0.000,0.000,0.000,0.000,1.000,1.000,0.000,9.099,9.100,0.187,47.121,5.000,101.0,47.0,11.333333015441895,-9.128205299377441
23.872,13:00:40.836,534.664,1.827,976.609,0.000,0.000,0.000,0.000,0.000,0.000,1.000,1.000,1.000,9.318,9.500,0.192,47.130,5.000,101.0,47.0,11.333333015441895,-9.128205299377441
24.016,13:00:40.900,534.651,1.833,980.026,0.000,0.000,0.000,0.000,0.000,0.000,1.000,1.000,1.000,9.318,9.500,0.192,47.130,5.000,101.0,47.0,11.333333015441895,-9.128205299377441
24.081,13:00:40.965,534.651,1.833,980.026,0.000,0.000,0.000,0.000,0.000,0.000,1.000,1.000,1.000,9.318,9.500,0.192,47.130,5.000,101.0,47.0,11.333333015441895,-9.128205299377441
24.145,13:00:41.108,534.651,1.833,980.026,0.000,0.000,0.000,0.000,0.000,0.000,1.000,1.000,1.000,9.318,9.500,0.192,47.130,5.000,101.0,47.0,11.333333015441895,-9.128205299377441
24.289,13:00:41.173,534.651,1.833,980.026,0.000,0.000,0.000,0.000,0.000,0.000,1.000,1.000,1.000,9.318,9.500,0.192,47.130,5.000,101.0,47.0,11.333333015441895,-9.128205299377441
24.352,13:00:41.236,534.608,1.865,997.047,0.000,0.000,0.000,0.000,0.000,0.000,1.000,1.000,1.000,9.318,9.500,0.192,47.130,5.000,101.0,47.0,11.333333015441895,-9.128205299377441
24.416,13:00:41.380,534.608,1.865,997.047,0.000,0.000,0.000,0.000,0.000,0.000,1.000,1.000,1.000,9.499,9.500,0.195,47.157,5.000,101.0,47.0,11.333333015441895,-9.128205299377441
24.559,13:00:41.443,534.608,1.865,997.047,0.000,0.000,0.000,0.000,0.000,0.000,1.000,1.000,1.000,9.499,9.500,0.195,47.157,5.000,101.0,47.0,11.333333015441895,-9.128205299377441
24.624,13:00:41.699,534.608,1.865,997.047,0.000,0.000,0.000,0.000,0.000,0.000,1.000,1.000,1.000,9.499,9.500,0.195,47.157,5.000,101.0,47.0,-13.282051086425781,5.07692289352417
24.880,13:00:41.843,534.547,1.881,1005.317,0.000,0.000,0.000,0.000,0.000,0.000,1.000,1.000,0.000,9.699,9.700,0.200,47.146,5.000,101.0,47.0,-13.282051086425781,5.07692289352417
25.023,13:00:41.907,534.547,1.881,1005.317,0.000,0.000,0.000,0.000,0.000,0.000,1.000,1.000,0.000,9.699,9.700,0.200,47.146,5.000,101.0,47.0,-13.282051086425781,5.07692289352417
25.087,13:00:41.971,534.547,1.881,1005.317,0.000,0.000,0.000,0.000,0.000,0.000,1.000,1.000,0.000,9.699,9.700,0.200,47.146,5.000,101.0,47.0,-13.282051086425781,5.07692289352417
25.151,13:00:42.116,534.482,1.925,1028.759,0.000,0.000,0.000,0.000,0.000,0.000,1.000,1.000,1.000,9.900,9.900,0.204,47.134,5.000,101.0,47.0,-13.282051086425781,5.07692289352417
25.296,13:00:42.180,534.482,1.925,1028.759,0.000,0.000,0.000,0.000,0.000,0.000,1.000,1.000,1.000,9.900,9.900,0.204,47.134,5.000,101.0,47.0,-13.282051086425781,5.07692289352417
25.360,13:00:42.244,534.482,1.925,1028.759,0.000,0.000,0.000,0.000,0.000,0.000,1.000,1.000,1.000,9.900,9.900,0.204,47.134,5.000,101.0,47.0,-13.282051086425781,5.07692289352417
25.423,13:00:42.388,534.482,1.925,1028.759,0.000,0.000,0.000,0.000,0.000,0.000,1.000,1.000,1.000,9.900,9.900,0.204,47.134,5.000,101.0,47.0,-13.282051086425781,5.07692289352417
25.568,13:00:42.452,534.459,1.929,1031.215,0.000,0.000,0.000,0.000,0.000,0.000,1.000,1.000,1.000,9.900,9.900,0.204,47.134,5.000,101.0,47.0,-13.282051086425781,5.07692289352417
25.632,13:00:42.707,534.459,1.929,1031.215,0.000,0.000,0.000,0.000,0.000,0.000,1.000,1.000,1.000,9.900,9.900,0.204,47.134,5.000,101.0,47.0,-12.410256385803223,0.9230769276618958
25.887,13:00:42.851,534.459,1.929,1031.215,0.000,0.000,0.000,0.000,0.000,0.000,1.000,1.000,1.000,10.919,11.100,0.225,46.974,5.000,101.0,47.0,-12.410256385803223,0.9230769276618958
26.031,13:00:42.915,534.303,2.016,1077.401,0.000,0.000,0.000,0.000,0.000,0.000,1.000,1.000,1.000,10.919,11.100,0.225,46.974,5.000,101.0,47.0,-12.410256385803223,0.9230769276618958
26.095,13:00:42.979,534.303,2.016,1077.401,0.000,0.000,0.000,0.000,0.000,0.000,1.000,1.000,1.000,10.919,11.100,0.225,46.974,5.000,101.0,47.0,-12.410256385803223,0.9230769276618958
26.159,13:00:43.122,534.303,2.016,1077.401,0.000,0.000,0.000,0.000,0.000,0.000,1.000,1.000,1.000,10.919,11.100,0.225,46.974,5.000,101.0,47.0,-12.410256385803223,0.9230769276618958
26.303,13:00:43.187,534.303,2.016,1077.401,0.000,0.000,0.000,0.000,0.000,0.000,1.000,1.000,1.000,10.919,11.100,0.225,46.974,5.000,101.0,47.0,-12.410256385803223,0.9230769276618958
26.366,13:00:43.250,534.100,2.106,1124.955,0.000,0.000,0.000,0.000,0.000,0.000,1.000,1.000,1.000,10.919,11.100,0.225,46.974,5.000,101.0,47.0,-12.410256385803223,0.9230769276618958
26.431,13:00:43.394,534.100,2.106,1124.955,0.000,0.000,0.000,0.000,0.000,0.000,1.000,1.000,1.000,11.318,11.500,0.233,46.809,5.000,101.0,47.0,-12.410256385803223,0.9230769276618958
26.574,13:00:43.458,534.100,2.106,1124.955,0.000,0.000,0.000,0.000,0.000,0.000,1.000,1.000,1.000,11.318,11.500,0.233,46.809,5.000,101.0,47.0,-12.410256385803223,0.9230769276618958
26.638,13:00:43.714,534.100,2.106,1124.955,0.000,0.000,0.000,0.000,0.000,0.000,1.000,1.000,1.000,11.318,11.500,0.233,46.809,5.000,101.0,47.0,12.974358558654785,-5.589743614196777
26.894,13:00:43.859,534.011,2.167,1157.107,0.000,0.000,0.000,0.000,0.000,0.000,1.000,1.000,0.000,12.080,11.900,0.249,46.760,5.000,101.0,47.0,12.974358558654785,-5.589743614196777
27.038,13:00:43.922,534.011,2.167,1157.107,0.000,0.000,0.000,0.000,0.000,0.000,1.000,1.000,0.000,12.080,11.900,0.249,46.760,5.000,101.0,47.0,12.974358558654785,-5.589743614196777
27.103,13:00:43.987,534.011,2.167,1157.107,0.000,0.000,0.000,0.000,0.000,0.000,1.000,1.000,0.000,12.080,11.900,0.249,46.760,5.000,101.0,47.0,12.974358558654785,-5.589743614196777
27.166,13:00:44.131,533.857,2.222,1186.375,0.000,0.000,0.000,0.000,0.000,0.000,1.000,1.000,1.000,12.519,12.700,0.258,46.805,5.000,101.0,47.0,12.974358558654785,-5.589743614196777
27.311,13:00:44.195,533.857,2.222,1186.375,0.000,0.000,0.000,0.000,0.000,0.000,1.000,1.000,1.000,12.519,12.700,0.258,46.805,5.000,101.0,47.0,12.974358558654785,-5.589743614196777
27.374,13:00:44.258,533.857,2.222,1186.375,0.000,0.000,0.000,0.000,0.000,0.000,1.000,1.000,1.000,12.519,12.700,0.258,46.805,5.000,101.0,47.0,12.974358558654785,-5.589743614196777
27.438,13:00:44.403,533.857,2.222,1186.375,0.000,0.000,0.000,0.000,0.000,0.000,1.000,1.000,1.000,12.519,12.700,0.258,46.805,5.000,101.0,47.0,12.974358558654785,-5.589743614196777
27.582,13:00:44.466,533.677,2.328,1242.157,0.000,0.000,0.000,0.000,0.000,0.000,1.000,1.000,1.000,12.519,12.700,0.258,46.805,5.000,101.0,47.0,12.974358558654785,-5.589743614196777
27.647,13:00:44.722,533.677,2.328,1242.157,0.000,0.000,0.000,0.000,0.000,0.000,1.000,1.000,1.000,12.519,12.700,0.258,46.805,5.000,101.0,47.0,12.564102172851562,-9.179487228393555
27.902,13:00:44.865,533.677,2.328,1242.157,0.000,0.000,0.000,0.000,0.000,0.000,1.000,1.000,1.000,13.319,13.500,0.275,46.705,5.000,101.0,47.0,12.564102172851562,-9.179487228393555
28.046,13:00:44.930,533.481,2.442,1302.984,0.000,0.000,0.000,0.000,0.000,0.000,1.000,1.000,1.000,13.319,13.500,0.275,46.705,5.000,101.0,47.0,12.564102172851562,-9.179487228393555
28.110,13:00:44.994,533.481,2.442,1302.984,0.000,0.000,0.000,0.000,0.000,0.000,1.000,1.000,1.000,13.319,13.500,0.275,46.705,5.000,101.0,47.0,12.564102172851562,-9.179487228393555
28.173,13:00:45.137,533.481,2.442,1302.984,0.000,0.000,0.000,0.000,0.000,0.000,1.000,1.000,0.000,13.718,13.900,0.283,46.685,5.000,101.0,47.0,12.564102172851562,-9.179487228393555
28.318,13:00:45.202,533.481,2.442,1302.984,0.000,0.000,0.000,0.000,0.000,0.000,1.000,1.000,0.000,13.718,13.900,0.283,46.685,5.000,101.0,47.0,12.564102172851562,-9.179487228393555
28.382,13:00:45.266,533.440,2.440,1301.835,0.000,0.000,0.000,0.000,0.000,0.000,1.000,1.000,0.000,13.718,13.900,0.283,46.685,5.000,101.0,47.0,12.564102172851562,-9.179487228393555
28.446,13:00:45.410,533.440,2.440,1301.835,0.000,0.000,0.000,0.000,0.000,0.000,1.000,1.000,0.000,14.118,14.300,0.291,46.709,5.000,101.0,47.0,12.564102172851562,-9.179487228393555
28.589,13:00:45.473,533.440,2.440,1301.835,0.000,0.000,0.000,0.000,0.000,0.000,1.000,1.000,0.000,14.118,14.300,0.291,46.709,5.000,101.0,47.0,12.564102172851562,-9.179487228393555
28.653,13:00:45.729,533.440,2.440,1301.835,0.000,0.000,0.000,0.000,0.000,0.000,1.000,1.000,0.000,14.118,14.300,0.291,46.709,5.000,101.0,47.0,12.15384578704834,-0.10256410390138626
28.910,13:00:45.874,533.249,2.533,1350.544,0.000,0.000,0.000,0.000,0.000,0.000,1.000,1.000,0.000,14.519,14.700,0.299,46.686,5.000,101.0,47.0,12.15384578704834,-0.10256410390138626
29.053,13:00:45.937,533.249,2.533,1350.544,0.000,0.000,0.000,0.000,0.000,0.000,1.000,1.000,0.000,14.519,14.700,0.299,46.686,5.000,101.0,47.0,12.15384578704834,-0.10256410390138626
29.117,13:00:46.001,533.249,2.533,1350.544,0.000,0.000,0.000,0.000,0.000,0.000,1.000,1.000,0.000,14.519,14.700,0.299,46.686,5.000,101.0,47.0,12.15384578704834,-0.10256410390138626
29.181,13:00:46.144,533.249,2.533,1350.544,0.000,0.000,0.000,0.000,0.000,0.000,1.000,1.000,1.000,14.920,15.100,0.308,46.734,5.000,101.0,47.0,12.15384578704834,-0.10256410390138626
29.325,13:00:46.209,533.206,2.554,1361.565,0.000,0.000,0.000,0.000,0.000,0.000,1.000,1.000,1.000,14.920,15.100,0.308,46.734,5.000,101.0,47.0,12.15384578704834,-0.10256410390138626
29.389,13:00:46.273,533.206,2.554,1361.565,0.000,0.000,0.000,0.000,0.000,0.000,1.000,1.000,1.000,14.920,15.100,0.308,46.734,5.000,101.0,47.0,12.15384578704834,-0.10256410390138626
29.453,13:00:46.418,533.206,2.554,1361.565,0.000,0.000,0.000,0.000,0.000,0.000,1.000,1.000,1.000,14.920,15.100,0.308,46.734,5.000,101.0,47.0,12.15384578704834,-0.10256410390138626
29.596,13:00:46.480,533.206,2.554,1361.565,0.000,0.000,0.000,0.000,0.000,0.000,1.000,1.000,1.000,14.920,15.100,0.308,46.734,5.000,101.0,47.0,12.15384578704834,-0.10256410390138626
29.661,13:00:46.736,533.074,2.616,1394.472,0.000,0.000,0.000,0.000,0.000,0.000,1.000,1.000,1.000,14.920,15.100,0.308,46.734,5.000,101.0,47.0,15.076923370361328,-10.923076629638672
29.917,13:00:46.880,533.074,2.616,1394.472,0.000,0.000,0.000,0.000,0.000,0.000,1.000,1.000,1.000,15.320,15.500,0.316,46.720,5.000,101.0,47.0,15.076923370361328,-10.923076629638672
30.061,13:00:46.945,532.921,2.716,1447.527,0.000,0.000,0.000,0.000,0.000,0.000,1.000,1.000,1.000,15.320,15.500,0.316,46.720,5.000,101.0,47.0,15.076923370361328,-10.923076629638672
30.125,13:00:47.009,532.921,2.716,1447.527,0.000,0.000,0.000,0.000,0.000,0.000,1.000,1.000,1.000,15.320,15.500,0.316,46.720,5.000,101.0,47.0,15.076923370361328,-10.923076629638672
30.188,13:00:47.152,532.921,2.716,1447.527,0.000,0.000,0.000,0.000,0.000,0.000,1.000,1.000,0.000,15.681,15.500,0.324,46.681,5.000,101.0,47.0,15.076923370361328,-10.923076629638672
30.333,13:00:47.217,532.921,2.716,1447.527,0.000,0.000,0.000,0.000,0.000,0.000,1.000,1.000,0.000,15.681,15.500,0.324,46.681,5.000,101.0,47.0,15.076923370361328,-10.923076629638672
30.397,13:00:47.280,532.921,2.716,1447.527,0.000,0.000,0.000,0.000,0.000,0.000,1.000,1.000,0.000,15.681,15.500,0.324,46.681,5.000,101.0,47.0,15.076923370361328,-10.923076629638672
30.460,13:00:47.424,532.791,2.777,1479.816,0.000,0.000,0.000,0.000,0.000,0.000,1.000,1.000,0.000,16.119,16.300,0.333,46.757,5.000,101.0,47.0,15.076923370361328,-10.923076629638672
30.604,13:00:47.488,532.791,2.777,1479.816,0.000,0.000,0.000,0.000,0.000,0.000,1.000,1.000,0.000,16.119,16.300,0.333,46.757,5.000,101.0,47.0,15.076923370361328,-10.923076629638672
30.669,13:00:47.744,532.791,2.777,1479.816,0.000,0.000,0.000,0.000,0.000,0.000,1.000,1.000,0.000,16.119,16.300,0.333,46.757,5.000,101.0,47.0,-15.538461685180664,1.5897436141967773
30.924,13:00:47.888,532.599,2.915,1552.777,0.000,0.000,0.000,0.000,0.000,0.000,1.000,1.000,0.000,16.881,16.700,0.349,46.727,5.000,101.0,47.0,-15.538461685180664,1.5897436141967773
31.068,13:00:47.952,532.599,2.915,1552.777,0.000,0.000,0.000,0.000,0.000,0.000,1.000,1.000,0.000,16.881,16.700,0.349,46.727,5.000,101.0,47.0,-15.538461685180664,1.5897436141967773
31.132,13:00:48.016,532.599,2.915,1552.777,0.000,0.000,0.000,0.000,0.000,0.000,1.000,1.000,0.000,16.881,16.700,0.349,46.727,5.000,101.0,47.0,-15.538461685180664,1.5897436141967773
31.196,13:00:48.159,532.599,2.915,1552.777,0.000,0.000,0.000,0.000,0.000,0.000,1.000,1.000,0.000,16.919,17.100,0.350,46.756,5.000,101.0,47.0,-15.538461685180664,1.5897436141967773
31.340,13:00:48.224,532.468,2.937,1563.908,0.000,0.000,0.000,0.000,0.000,0.000,1.000,1.000,0.000,16.919,17.100,0.350,46.756,5.000,101.0,47.0,-15.538461685180664,1.5897436141967773
31.403,13:00:48.287,532.468,2.937,1563.908,0.000,0.000,0.000,0.000,0.000,0.000,1.000,1.000,0.000,16.919,17.100,0.350,46.756,5.000,101.0,47.0,-15.538461685180664,1.5897436141967773
31.468,13:00:48.432,532.468,2.937,1563.908,0.000,0.000,0.000,0.000,0.000,0.000,1.000,1.000,0.000,16.919,17.100,0.350,46.756,5.000,101.0,47.0,-15.538461685180664,1.5897436141967773
31.612,13:00:48.496,532.468,2.937,1563.908,0.000,0.000,0.000,0.000,0.000,0.000,1.000,1.000,0.000,16.919,17.100,0.350,46.756,5.000,101.0,47.0,-15.538461685180664,1.5897436141967773
31.676,13:00:48.751,532.449,2.934,1562.377,0.000,0.000,0.000,0.000,0.000,0.000,1.000,1.000,0.000,16.919,17.100,0.350,46.756,5.000,101.0,47.0,9.48717975616455,7.538461685180664
31.932,13:00:48.896,532.449,2.934,1562.377,0.000,0.000,0.000,0.000,0.000,0.000,1.000,1.000,0.000,16.919,17.100,0.350,46.653,5.000,101.0,47.0,9.48717975616455,7.538461685180664
32.076,13:00:48.960,532.384,2.993,1593.512,0.000,0.000,0.000,0.000,0.000,0.000,1.000,1.000,0.000,16.919,17.100,0.350,46.653,5.000,101.0,47.0,9.48717975616455,7.538461685180664
32.139,13:00:49.023,532.384,2.993,1593.512,0.000,0.000,0.000,0.000,0.000,0.000,1.000,1.000,0.000,16.919,17.100,0.350,46.653,5.000,101.0,47.0,9.48717975616455,7.538461685180664
32.203,13:00:49.167,532.384,2.993,1593.512,0.000,0.000,0.000,0.000,0.000,0.000,1.000,1.000,0.000,17.318,17.500,0.358,46.569,5.000,101.0,47.0,9.48717975616455,7.538461685180664
32.347,13:00:49.231,532.384,2.993,1593.512,0.000,0.000,0.000,0.000,0.000,0.000,1.000,1.000,0.000,17.318,17.500,0.358,46.569,5.000,101.0,47.0,9.48717975616455,7.538461685180664
32.411,13:00:49.295,532.384,2.993,1593.512,0.000,0.000,0.000,0.000,0.000,0.000,1.000,1.000,0.000,17.318,17.500,0.358,46.569,5.000,101.0,47.0,9.48717975616455,7.538461685180664
32.476,13:00:49.438,532.075,3.154,1678.225,0.000,0.000,0.000,0.000,0.000,0.000,1.000,1.000,0.000,18.119,18.300,0.375,46.225,5.000,101.0,47.0,9.48717975616455,7.538461685180664
32.619,13:00:49.503,532.075,3.154,1678.225,0.000,0.000,0.000,0.000,0.000,0.000,1.000,1.000,0.000,18.119,18.300,0.375,46.225,5.000,101.0,47.0,9.48717975616455,7.538461685180664
32.684,13:00:49.759,532.075,3.154,1678.225,0.000,0.000,0.000,0.000,0.000,0.000,1.000,1.000,0.000,18.119,18.300,0.375,46.225,5.000,101.0,47.0,9.179487228393555,-9.743589401245117
32.939,13:00:49.902,531.737,3.314,1761.969,0.000,0.000,0.000,0.000,0.000,0.000,1.000,1.000,0.000,18.918,19.100,0.391,46.199,5.000,101.0,47.0,9.179487228393555,-9.743589401245117
33.082,13:00:49.966,531.737,3.314,1761.969,0.000,0.000,0.000,0.000,0.000,0.000,1.000,1.000,0.000,18.918,19.100,0.391,46.199,5.000,101.0,47.0,9.179487228393555,-9.743589401245117
33.147,13:00:50.031,531.737,3.314,1761.969,0.000,0.000,0.000,0.000,0.000,0.000,1.000,1.000,0.000,18.918,19.100,0.391,46.199,5.000,101.0,47.0,9.179487228393555,-9.743589401245117
33.211,13:00:50.174,531.737,3.314,1761.969,0.000,0.000,0.000,0.000,0.000,0.000,1.000,1.000,0.000,19.719,19.900,0.408,46.214,5.000,101.0,47.0,9.179487228393555,-9.743589401245117
33.355,13:00:50.239,531.388,3.492,1855.447,0.000,0.000,0.000,0.000,0.000,0.000,1.000,1.000,0.000,19.719,19.900,0.408,46.214,5.000,101.0,47.0,9.179487228393555,-9.743589401245117
33.418,13:00:50.302,531.388,3.492,1855.447,0.000,0.000,0.000,0.000,0.000,0.000,1.000,1.000,0.000,19.719,19.900,0.408,46.214,5.000,101.0,47.0,9.179487228393555,-9.743589401245117
33.482,13:00:50.447,531.388,3.492,1855.447,0.000,0.000,0.000,0.000,0.000,0.000,1.000,1.000,0.000,19.719,19.900,0.408,46.214,5.000,101.0,47.0,9.179487228393555,-9.743589401245117
33.626,13:00:50.510,531.388,3.492,1855.447,0.000,0.000,0.000,0.000,0.000,0.000,1.000,1.000,0.000,19.719,19.900,0.408,46.214,5.000,101.0,47.0,9.179487228393555,-9.743589401245117
33.691,13:00:50.767,531.080,3.671,1949.409,0.000,0.000,0.000,0.000,0.000,0.000,1.000,1.000,0.000,19.719,19.900,0.408,46.214,5.000,101.0,47.0,3.076923131942749,-16.769229888916016
33.946,13:00:50.910,531.080,3.671,1949.409,0.000,0.000,0.000,0.000,0.000,0.000,1.000,1.000,0.000,20.519,20.700,0.425,46.191,5.000,101.0,47.0,3.076923131942749,-16.769229888916016
34.090,13:00:50.973,530.703,3.879,2058.852,0.000,0.000,0.000,0.000,0.000,0.000,1.000,1.000,0.000,20.519,20.700,0.425,46.191,5.000,101.0,47.0,3.076923131942749,-16.769229888916016
34.154,13:00:51.038,530.703,3.879,2058.852,0.000,0.000,0.000,0.000,0.000,0.000,1.000,1.000,0.000,20.519,20.700,0.425,46.191,5.000,101.0,47.0,3.076923131942749,-16.769229888916016
34.218,13:00:51.182,530.703,3.879,2058.852,0.000,0.000,0.000,0.000,0.000,0.000,1.000,1.000,0.000,21.318,21.500,0.442,46.189,5.000,101.0,47.0,3.076923131942749,-16.769229888916016
34.361,13:00:51.245,530.703,3.879,2058.852,0.000,0.000,0.000,0.000,0.000,0.000,1.000,1.000,0.000,21.318,21.500,0.442,46.189,5.000,101.0,47.0,3.076923131942749,-16.769229888916016
34.426,13:00:51.310,530.703,3.879,2058.852,0.000,0.000,0.000,0.000,0.000,0.000,1.000,1.000,0.000,21.318,21.500,0.442,46.189,5.000,101.0,47.0,3.076923131942749,-16.769229888916016
34.490,13:00:51.453,530.298,4.084,2165.709,0.000,0.000,0.000,0.000,0.000,0.000,1.000,1.000,0.000,22.119,22.300,0.459,46.320,5.000,101.0,47.0,3.076923131942749,-16.769229888916016
34.633,13:00:51.517,530.298,4.084,2165.709,0.000,0.000,0.000,0.000,0.000,0.000,1.000,1.000,0.000,22.119,22.300,0.459,46.320,5.000,101.0,47.0,3.076923131942749,-16.769229888916016
34.698,13:00:51.773,530.298,4.084,2165.709,0.000,0.000,0.000,0.000,0.000,0.000,1.000,1.000,0.000,22.119,22.300,0.459,46.320,5.000,101.0,47.0,-16.256410598754883,16.769229888916016
34.953,13:00:51.918,529.852,4.321,2289.677,0.000,0.000,0.000,0.000,0.000,0.000,1.000,1.000,0.000,22.918,23.100,0.476,46.493,5.000,101.0,47.0,-16.256410598754883,16.769229888916016
35.098,13:00:51.982,529.852,4.321,2289.677,0.000,0.000,0.000,0.000,0.000,0.000,1.000,1.000,0.000,22.918,23.100,0.476,46.493,5.000,101.0,47.0,-16.256410598754883,16.769229888916016
35.162,13:00:52.046,529.852,4.321,2289.677,0.000,0.000,0.000,0.000,0.000,0.000,1.000,1.000,0.000,22.918,23.100,0.476,46.493,5.000,101.0,47.0,-16.256410598754883,16.769229888916016
35.225,13:00:52.190,529.852,4.321,2289.677,0.000,0.000,0.000,0.000,0.000,0.000,1.000,1.000,0.000,22.918,23.100,0.476,46.493,5.000,101.0,47.0,-16.256410598754883,16.769229888916016
35.369,13:00:52.253,529.387,4.573,2420.885,0.000,0.000,0.000,0.000,0.000,0.000,1.000,1.000,0.000,22.918,23.100,0.476,46.493,5.000,101.0,47.0,-16.256410598754883,16.769229888916016
35.433,13:00:52.316,529.387,4.573,2420.885,0.000,0.000,0.000,0.000,0.000,0.000,1.000,1.000,0.000,22.918,23.100,0.476,46.493,5.000,101.0,47.0,-16.256410598754883,16.769229888916016
35.497,13:00:52.461,529.387,4.573,2420.885,0.000,0.000,0.000,0.000,0.000,0.000,1.000,1.000,0.000,23.719,23.900,0.493,46.693,5.000,101.0,47.0,-16.256410598754883,16.769229888916016
35.641,13:00:52.525,529.387,4.573,2420.885,0.000,0.000,0.000,0.000,0.000,0.000,1.000,1.000,0.000,23.719,23.900,0.493,46.693,5.000,101.0,47.0,-16.256410598754883,16.769229888916016
35.704,13:00:52.781,529.028,4.750,2513.038,0.000,0.000,0.000,0.000,0.000,0.000,1.000,1.000,0.000,23.719,23.900,0.493,46.693,5.000,101.0,47.0,-13.692307472229004,16.256410598754883
35.961,13:00:52.924,529.028,4.750,2513.038,0.000,0.000,0.000,0.000,0.000,0.000,1.000,1.000,0.000,24.119,24.300,0.501,46.915,5.000,101.0,47.0,-13.692307472229004,16.256410598754883
36.104,13:00:52.988,529.028,4.750,2513.038,0.000,0.000,0.000,0.000,0.000,0.000,1.000,1.000,0.000,24.119,24.300,0.501,46.915,5.000,101.0,47.0,-13.692307472229004,16.256410598754883
36.169,13:00:53.052,528.537,5.015,2650.752,0.000,0.000,0.000,0.000,0.000,0.000,1.000,1.000,0.000,24.119,24.300,0.501,46.915,5.000,101.0,47.0,-13.692307472229004,16.256410598754883
36.233,13:00:53.196,528.537,5.015,2650.752,0.000,0.000,0.000,0.000,0.000,0.000,1.000,1.000,0.000,24.918,25.100,0.519,46.961,5.000,101.0,47.0,-13.692307472229004,16.256410598754883
36.377,13:00:53.261,528.537,5.015,2650.752,0.000,0.000,0.000,0.000,0.000,0.000,1.000,1.000,0.000,24.918,25.100,0.519,46.961,5.000,101.0,47.0,-13.692307472229004,16.256410598754883
36.441,13:00:53.325,528.537,5.015,2650.752,0.000,0.000,0.000,0.000,0.000,0.000,1.000,1.000,0.000,24.918,25.100,0.519,46.961,5.000,101.0,47.0,-13.692307472229004,16.256410598754883
36.504,13:00:53.468,528.537,5.015,2650.752,0.000,0.000,0.000,0.000,0.000,0.000,1.000,1.000,0.000,25.319,25.500,0.527,47.111,5.000,101.0,47.0,-13.692307472229004,16.256410598754883
36.648,13:00:53.532,528.236,5.199,2746.217,0.000,0.000,0.000,0.000,0.000,0.000,1.000,1.000,0.000,25.319,25.500,0.527,47.111,5.000,101.0,47.0,-13.692307472229004,16.256410598754883
36.713,13:00:54.077,528.236,5.199,2746.217,0.000,0.000,0.000,0.000,0.000,0.000,1.000,1.000,0.000,25.319,25.500,0.527,47.111,5.000,101.0,,15.897436141967773,-13.384614944458008
37.256,13:00:54.219,527.846,5.433,2867.678,0.000,0.000,0.000,0.000,0.000,0.000,1.000,1.000,0.000,26.118,26.300,0.544,47.202,5.000,101.0,,15.897436141967773,-13.384614944458008
37.400,13:00:54.283,527.330,5.743,3028.601,0.000,0.000,0.000,0.000,0.000,0.000,1.000,1.000,0.000,26.118,26.300,0.544,47.202,5.000,101.0,,15.897436141967773,-13.384614944458008
37.464,13:00:54.347,527.330,5.743,3028.601,0.000,0.000,0.000,0.000,0.000,0.000,1.000,1.000,0.000,26.118,26.300,0.544,47.202,5.000,101.0,,15.897436141967773,-13.384614944458008
37.528,13:00:54.492,527.330,5.743,3028.601,0.000,0.000,0.000,0.000,0.000,0.000,1.000,1.000,0.000,26.919,27.100,0.562,47.318,5.000,101.0,,15.897436141967773,-13.384614944458008
37.672,13:00:54.556,527.330,5.743,3028.601,0.000,0.000,0.000,0.000,0.000,0.000,1.000,1.000,0.000,26.919,27.100,0.562,47.318,5.000,101.0,,15.897436141967773,-13.384614944458008
37.735,13:00:54.812,526.738,6.074,3199.455,0.000,0.000,0.000,0.000,0.000,0.000,1.000,1.000,0.000,26.919,27.100,0.562,47.318,5.000,101.0,47.0,-0.5128205418586731,18.41025733947754
37.991,13:00:54.955,526.738,6.074,3199.455,0.000,0.000,0.000,0.000,0.000,0.000,1.000,1.000,0.000,27.719,27.900,0.579,47.388,5.000,101.0,47.0,-0.5128205418586731,18.41025733947754
38.135,13:00:55.019,526.738,6.074,3199.455,0.000,0.000,0.000,0.000,0.000,0.000,1.000,1.000,0.000,27.719,27.900,0.579,47.388,5.000,101.0,47.0,-0.5128205418586731,18.41025733947754
38.199,13:00:55.083,526.031,6.524,3431.805,0.000,0.000,0.000,0.000,0.000,0.000,1.000,1.000,0.000,27.719,27.900,0.579,47.388,5.000,101.0,47.0,-0.5128205418586731,18.41025733947754
38.264,13:00:55.227,526.031,6.524,3431.805,0.000,0.000,0.000,0.000,0.000,0.000,1.000,1.000,0.000,28.518,28.700,0.596,47.508,5.000,101.0,47.0,-0.5128205418586731,18.41025733947754
38.407,13:00:55.291,526.031,6.524,3431.805,0.000,0.000,0.000,0.000,0.000,0.000,1.000,1.000,0.000,28.518,28.700,0.596,47.508,5.000,101.0,47.0,-0.5128205418586731,18.41025733947754
38.472,13:00:55.356,526.031,6.524,3431.805,0.000,0.000,0.000,0.000,0.000,0.000,1.000,1.000,0.000,28.518,28.700,0.596,47.508,5.000,101.0,47.0,-0.5128205418586731,18.41025733947754
38.536,13:00:55.499,526.031,6.524,3431.805,0.000,0.000,0.000,0.000,0.000,0.000,1.000,1.000,0.000,29.319,29.500,0.615,47.583,5.000,101.0,47.0,-0.5128205418586731,18.41025733947754
38.679,13:00:55.563,524.715,7.328,3844.996,0.000,0.000,0.000,0.000,0.000,0.000,1.000,1.000,0.000,29.319,29.500,0.615,47.583,5.000,101.0,47.0,-0.5128205418586731,18.41025733947754
38.744,13:00:55.818,524.715,7.328,3844.996,0.000,0.000,0.000,0.000,0.000,0.000,1.000,1.000,0.000,29.319,29.500,0.615,47.583,5.000,101.0,47.0,-5.692307472229004,21.28205108642578
38.998,13:00:55.963,522.315,8.829,4611.470,0.000,0.000,0.000,0.000,0.000,0.000,1.000,1.000,0.000,30.118,30.300,0.634,47.641,5.000,101.0,47.0,-5.692307472229004,21.28205108642578
39.144,13:00:56.027,522.315,8.829,4611.470,0.000,0.000,0.000,0.000,0.000,0.000,1.000,1.000,0.000,30.118,30.300,0.634,47.641,5.000,101.0,47.0,-5.692307472229004,21.28205108642578
39.206,13:00:56.090,522.315,8.829,4611.470,0.000,0.000,0.000,0.000,0.000,0.000,1.000,1.000,0.000,30.118,30.300,0.634,47.641,5.000,101.0,47.0,-5.692307472229004,21.28205108642578
39.271,13:00:56.235,522.315,8.829,4611.470,0.000,0.000,0.000,0.000,0.000,0.000,1.000,1.000,0.000,30.118,30.300,0.634,47.641,5.000,101.0,47.0,-5.692307472229004,21.28205108642578
39.415,13:00:56.299,520.788,9.766,5086.130,0.000,0.000,0.000,0.000,0.000,0.000,1.000,1.000,0.000,30.118,30.300,0.634,47.641,5.000,101.0,47.0,-5.692307472229004,21.28205108642578
39.479,13:00:56.363,520.788,9.766,5086.130,0.000,0.000,0.000,0.000,0.000,0.000,1.000,1.000,0.000,30.118,30.300,0.634,47.641,5.000,101.0,47.0,-5.692307472229004,21.28205108642578
39.542,13:00:56.507,520.788,9.766,5086.130,0.000,0.000,0.000,0.000,0.000,0.000,1.000,1.000,0.000,30.919,31.100,0.653,47.772,5.000,101.0,47.0,-5.692307472229004,21.28205108642578
39.686,13:00:56.570,520.788,9.766,5086.130,0.000,0.000,0.000,0.000,0.000,0.000,1.000,1.000,0.000,30.919,31.100,0.653,47.772,5.000,101.0,47.0,-5.692307472229004,21.28205108642578
39.751,13:00:56.826,520.788,9.766,5086.130,0.000,0.000,0.000,0.000,0.000,0.000,1.000,1.000,0.000,30.919,31.100,0.653,47.772,5.000,101.0,47.0,-18.615385055541992,22.0
40.007,13:00:56.970,519.866,10.312,5360.829,0.000,0.000,0.000,0.000,0.000,0.000,1.000,1.000,0.000,31.319,31.500,0.663,47.900,5.000,101.0,47.0,-18.615385055541992,22.0
40.150,13:00:57.034,519.866,10.312,5360.829,0.000,0.000,0.000,0.000,0.000,0.000,1.000,1.000,0.000,31.319,31.500,0.663,47.900,5.000,101.0,47.0,-18.615385055541992,22.0
40.214,13:00:57.098,519.351,10.637,5524.143,0.000,0.000,0.000,0.000,0.000,0.000,1.000,1.000,0.000,31.319,31.500,0.663,47.900,5.000,101.0,47.0,-18.615385055541992,22.0
40.278,13:00:57.242,519.351,10.637,5524.143,0.000,0.000,0.000,0.000,0.000,0.000,1.000,1.000,0.000,31.718,31.900,0.672,48.057,5.000,101.0,47.0,-18.615385055541992,22.0
40.422,13:00:57.306,519.351,10.637,5524.143,0.000,0.000,0.000,0.000,0.000,0.000,1.000,1.000,0.000,31.718,31.900,0.672,48.057,5.000,101.0,47.0,-18.615385055541992,22.0
40.486,13:00:57.370,519.351,10.637,5524.143,0.000,0.000,0.000,0.000,0.000,0.000,1.000,1.000,0.000,31.718,31.900,0.672,48.057,5.000,101.0,47.0,-18.615385055541992,22.0
40.550,13:00:57.514,519.351,10.637,5524.143,0.000,0.000,0.000,0.000,0.000,0.000,1.000,1.000,0.000,32.520,32.700,0.690,48.194,5.000,101.0,47.0,-18.615385055541992,22.0
40.694,13:00:57.578,518.527,11.114,5762.804,0.000,0.000,0.000,0.000,0.000,0.000,1.000,1.000,0.000,32.520,32.700,0.690,48.194,5.000,101.0,47.0,-18.615385055541992,22.0
40.758,13:00:57.833,518.527,11.114,5762.804,0.000,0.000,0.000,0.000,0.000,0.000,1.000,1.000,0.000,32.520,32.700,0.690,48.194,5.000,101.0,47.0,-9.333333015441895,-18.820512771606445
41.013,13:00:57.978,517.399,11.808,6109.396,0.000,0.000,0.000,0.000,0.000,0.000,1.000,1.000,0.000,33.319,33.500,0.708,48.321,5.000,101.0,47.0,-9.333333015441895,-18.820512771606445
41.158,13:00:58.042,517.399,11.808,6109.396,0.000,0.000,0.000,0.000,0.000,0.000,1.000,1.000,0.000,33.319,33.500,0.708,48.321,5.000,101.0,47.0,-9.333333015441895,-18.820512771606445
41.222,13:00:58.106,517.399,11.808,6109.396,0.000,0.000,0.000,0.000,0.000,0.000,1.000,1.000,0.000,33.319,33.500,0.708,48.321,5.000,101.0,47.0,-9.333333015441895,-18.820512771606445
41.286,13:00:58.249,517.399,11.808,6109.396,0.000,0.000,0.000,0.000,0.000,0.000,1.000,1.000,0.000,33.319,33.500,0.708,48.321,5.000,101.0,47.0,-9.333333015441895,-18.820512771606445
41.430,13:00:58.314,516.169,12.548,6476.639,0.000,0.000,0.000,0.000,0.000,0.000,1.000,1.000,0.000,33.319,33.500,0.708,48.321,5.000,101.0,47.0,-9.333333015441895,-18.820512771606445
41.494,13:00:58.378,516.169,12.548,6476.639,0.000,0.000,0.000,0.000,0.000,0.000,1.000,1.000,0.000,33.319,33.500,0.708,48.321,5.000,101.0,47.0,-9.333333015441895,-18.820512771606445
41.558,13:00:58.521,516.169,12.548,6476.639,0.000,0.000,0.000,0.000,0.000,0.000,1.000,1.000,0.000,34.118,34.300,0.727,48.469,5.000,101.0,47.0,-9.333333015441895,-18.820512771606445
41.702,13:00:58.586,516.169,12.548,6476.639,0.000,0.000,0.000,0.000,0.000,0.000,1.000,1.000,0.000,34.118,34.300,0.727,48.469,5.000,101.0,47.0,-9.333333015441895,-18.820512771606445
41.765,13:00:58.840,516.169,12.548,6476.639,0.000,0.000,0.000,0.000,0.000,0.000,1.000,1.000,0.000,34.118,34.300,0.727,48.469,5.000,101.0,47.0,23.846153259277344,-22.71794891357422
42.022,13:00:58.986,514.845,13.338,6866.874,0.000,0.000,0.000,0.000,0.000,0.000,1.000,1.000,0.000,34.919,35.100,0.746,48.650,5.000,101.0,47.0,23.846153259277344,-22.71794891357422
42.165,13:00:59.049,514.845,13.338,6866.874,0.000,0.000,0.000,0.000,0.000,0.000,1.000,1.000,0.000,34.919,35.100,0.746,48.650,5.000,101.0,47.0,23.846153259277344,-22.71794891357422
42.230,13:00:59.113,513.337,14.194,7286.115,0.000,0.000,0.000,0.000,0.000,0.000,1.000,1.000,0.000,34.919,35.100,0.746,48.650,5.000,101.0,47.0,23.846153259277344,-22.71794891357422
42.292,13:00:59.257,513.337,14.194,7286.115,0.000,0.000,0.000,0.000,0.000,0.000,1.000,1.000,0.000,35.718,35.900,0.765,48.775,5.000,101.0,47.0,23.846153259277344,-22.71794891357422
42.437,13:00:59.320,513.337,14.194,7286.115,0.000,0.000,0.000,0.000,0.000,0.000,1.000,1.000,0.000,35.718,35.900,0.765,48.775,5.000,101.0,47.0,23.846153259277344,-22.71794891357422
42.501,13:00:59.385,513.337,14.194,7286.115,0.000,0.000,0.000,0.000,0.000,0.000,1.000,1.000,0.000,35.718,35.900,0.765,48.775,5.000,101.0,47.0,23.846153259277344,-22.71794891357422
42.564,13:00:59.528,513.337,14.194,7286.115,0.000,0.000,0.000,0.000,0.000,0.000,1.000,1.000,0.000,36.519,36.700,0.785,48.929,5.000,101.0,47.0,23.846153259277344,-22.71794891357422
42.709,13:00:59.593,511.797,15.101,7728.676,0.000,0.000,0.000,0.000,0.000,0.000,1.000,1.000,0.000,36.519,36.700,0.785,48.929,5.000,101.0,47.0,23.846153259277344,-22.71794891357422
42.772,13:00:59.848,511.797,15.101,7728.676,0.000,0.000,0.000,0.000,0.000,0.000,1.000,1.000,0.000,36.519,36.700,0.785,48.929,5.000,101.0,47.0,20.923076629638672,7.230769157409668
43.029,13:00:59.993,510.059,16.096,8209.822,0.000,0.000,0.000,0.000,0.000,0.000,1.000,1.000,0.000,37.318,37.500,0.805,49.112,5.000,101.0,47.0,20.923076629638672,7.230769157409668
43.172,13:01:00.056,510.059,16.096,8209.822,0.000,0.000,0.000,0.000,0.000,0.000,1.000,1.000,0.000,37.318,37.500,0.805,49.112,5.000,101.0,47.0,20.923076629638672,7.230769157409668
43.236,13:01:00.120,510.059,16.096,8209.822,0.000,0.000,0.000,0.000,0.000,0.000,1.000,1.000,0.000,37.318,37.500,0.805,49.112,5.000,101.0,47.0,20.923076629638672,7.230769157409668
43.300,13:01:00.264,510.059,16.096,8209.822,0.000,0.000,0.000,0.000,0.000,0.000,1.000,1.000,0.000,37.318,37.500,0.805,49.112,5.000,101.0,47.0,20.923076629638672,7.230769157409668
43.445,13:01:00.328,508.138,17.117,8697.898,0.000,0.000,0.000,0.000,0.000,0.000,1.000,1.000,0.000,37.318,37.500,0.805,49.112,5.000,101.0,47.0,20.923076629638672,7.230769157409668
43.508,13:01:00.392,508.138,17.117,8697.898,0.000,0.000,0.000,0.000,0.000,0.000,1.000,1.000,0.000,37.318,37.500,0.805,49.112,5.000,101.0,47.0,20.923076629638672,7.230769157409668
43.572,13:01:00.535,508.138,17.117,8697.898,0.000,0.000,0.000,0.000,0.000,0.000,1.000,1.000,0.000,38.119,38.300,0.825,49.155,5.000,101.0,47.0,20.923076629638672,7.230769157409668
43.716,13:01:00.600,508.138,17.117,8697.898,0.000,0.000,0.000,0.000,0.000,0.000,1.000,1.000,0.000,38.119,38.300,0.825,49.155,5.000,101.0,47.0,20.923076629638672,7.230769157409668
43.780,13:01:00.856,508.138,17.117,8697.898,0.000,0.000,0.000,0.000,0.000,0.000,1.000,1.000,0.000,38.119,38.300,0.825,49.155,5.000,101.0,47.0,-30.871795654296875,11.384614944458008
44.036,13:01:00.999,505.960,18.269,9243.267,0.000,0.000,0.000,0.000,0.000,0.000,1.000,1.000,0.000,38.918,39.100,0.846,49.107,5.000,101.0,47.0,-30.871795654296875,11.384614944458008
44.180,13:01:01.064,505.960,18.269,9243.267,0.000,0.000,0.000,0.000,0.000,0.000,1.000,1.000,0.000,38.918,39.100,0.846,49.107,5.000,101.0,47.0,-30.871795654296875,11.384614944458008
44.244,13:01:01.128,503.696,19.444,9793.676,0.000,0.000,0.000,0.000,0.000,0.000,1.000,1.000,0.000,38.918,39.100,0.846,49.107,5.000,101.0,47.0,-30.871795654296875,11.384614944458008
44.307,13:01:01.271,503.696,19.444,9793.676,0.000,0.000,0.000,0.000,0.000,0.000,1.000,1.000,0.000,39.719,39.900,0.867,49.220,5.000,101.0,47.0,-30.871795654296875,11.384614944458008
44.451,13:01:01.335,503.696,19.444,9793.676,0.000,0.000,0.000,0.000,0.000,0.000,1.000,1.000,0.000,39.719,39.900,0.867,49.220,5.000,101.0,47.0,-30.871795654296875,11.384614944458008
44.515,13:01:01.399,503.696,19.444,9793.676,0.000,0.000,0.000,0.000,0.000,0.000,1.000,1.000,0.000,39.719,39.900,0.867,49.220,5.000,101.0,47.0,-30.871795654296875,11.384614944458008
44.580,13:01:01.544,503.696,19.444,9793.676,0.000,0.000,0.000,0.000,0.000,0.000,1.000,1.000,0.000,39.719,39.900,0.867,49.220,5.000,101.0,47.0,-30.871795654296875,11.384614944458008
44.723,13:01:01.607,501.407,20.650,10354.006,0.000,0.000,0.000,0.000,0.000,0.000,1.000,1.000,0.000,39.719,39.900,0.867,49.220,5.000,101.0,47.0,-30.871795654296875,11.384614944458008
44.788,13:01:01.863,501.407,20.650,10354.006,0.000,0.000,0.000,0.000,0.000,0.000,1.000,1.000,0.000,39.719,39.900,0.867,49.220,5.000,101.0,47.0,-31.846153259277344,15.64102554321289
45.042,13:01:02.007,501.407,20.650,10354.006,0.000,0.000,0.000,0.000,0.000,0.000,1.000,1.000,0.000,41.318,41.500,0.911,49.274,5.000,101.0,47.0,-31.846153259277344,15.64102554321289
45.187,13:01:02.071,498.898,21.892,10921.943,0.000,0.000,0.000,0.000,0.000,0.000,1.000,1.000,0.000,41.318,41.500,0.911,49.274,5.000,101.0,47.0,-31.846153259277344,15.64102554321289
45.251,13:01:02.135,498.898,21.892,10921.943,0.000,0.000,0.000,0.000,0.000,0.000,1.000,1.000,0.000,41.318,41.500,0.911,49.274,5.000,101.0,47.0,-31.846153259277344,15.64102554321289
45.315,13:01:02.279,498.898,21.892,10921.943,0.000,0.000,0.000,0.000,0.000,0.000,1.000,1.000,0.000,41.318,41.500,0.911,49.274,5.000,101.0,47.0,-31.846153259277344,15.64102554321289
45.459,13:01:02.343,496.307,23.129,11479.229,0.000,0.000,0.000,0.000,0.000,0.000,1.000,1.000,0.000,41.318,41.500,0.911,49.274,5.000,101.0,47.0,-31.846153259277344,15.64102554321289
45.523,13:01:02.407,496.307,23.129,11479.229,0.000,0.000,0.000,0.000,0.000,0.000,1.000,1.000,0.000,41.318,41.500,0.911,49.274,5.000,101.0,47.0,-31.846153259277344,15.64102554321289
45.586,13:01:02.551,496.307,23.129,11479.229,0.000,0.000,0.000,0.000,0.000,0.000,1.000,1.000,0.000,42.119,42.300,0.933,49.407,5.000,101.0,47.0,-31.846153259277344,15.64102554321289
45.731,13:01:02.615,496.307,23.129,11479.229,0.000,0.000,0.000,0.000,0.000,0.000,1.000,1.000,0.000,42.119,42.300,0.933,49.407,5.000,101.0,47.0,-31.846153259277344,15.64102554321289
45.795,13:01:02.871,496.307,23.129,11479.229,0.000,0.000,0.000,0.000,0.000,0.000,1.000,1.000,0.000,42.119,42.300,0.933,49.407,5.000,101.0,47.0,33.846153259277344,-7.282051086425781
46.051,13:01:03.014,493.722,24.326,12010.223,0.000,0.000,0.000,0.000,0.000,0.000,1.000,1.000,0.000,42.918,43.100,0.940,49.595,5.000,101.0,47.0,33.846153259277344,-7.282051086425781
46.194,13:01:03.078,493.722,24.326,12010.223,0.000,0.000,0.000,0.000,0.000,0.000,1.000,1.000,0.000,42.918,43.100,0.940,49.595,5.000,101.0,47.0,33.846153259277344,-7.282051086425781
46.258,13:01:03.142,493.722,24.326,12010.223,0.000,0.000,0.000,0.000,0.000,0.000,1.000,1.000,0.000,42.918,43.100,0.940,49.595,5.000,101.0,47.0,33.846153259277344,-7.282051086425781
46.323,13:01:03.286,490.824,25.618,12573.695,0.000,0.000,0.000,0.000,0.000,0.000,1.000,1.000,0.000,43.719,43.900,0.940,49.807,5.000,101.0,47.0,33.846153259277344,-7.282051086425781
46.467,13:01:03.350,490.824,25.618,12573.695,0.000,0.000,0.000,0.000,0.000,0.000,1.000,1.000,0.000,43.719,43.900,0.940,49.807,5.000,101.0,47.0,33.846153259277344,-7.282051086425781
46.530,13:01:03.413,490.824,25.618,12573.695,0.000,0.000,0.000,0.000,0.000,0.000,1.000,1.000,0.000,43.719,43.900,0.940,49.807,5.000,101.0,47.0,33.846153259277344,-7.282051086425781
46.595,13:01:03.558,490.824,25.618,12573.695,0.000,0.000,0.000,0.000,0.000,0.000,1.000,1.000,0.000,43.719,43.900,0.940,49.807,5.000,101.0,47.0,33.846153259277344,-7.282051086425781
46.737,13:01:03.621,487.834,26.912,13128.425,0.000,0.000,0.000,0.000,0.000,0.000,1.000,1.000,0.000,43.719,43.900,0.940,49.807,5.000,101.0,47.0,33.846153259277344,-7.282051086425781
46.801,13:01:03.877,487.834,26.912,13128.425,0.000,0.000,0.000,0.000,0.000,0.000,1.000,1.000,0.000,43.719,43.900,0.940,49.807,5.000,101.0,47.0,24.461538314819336,-42.56410217285156
47.057,13:01:04.021,487.834,26.912,13128.425,0.000,0.000,0.000,0.000,0.000,0.000,1.000,1.000,0.000,45.319,45.500,0.940,50.308,5.000,101.0,47.0,24.461538314819336,-42.56410217285156
47.201,13:01:04.085,484.502,28.282,13702.564,0.000,0.000,0.000,0.000,0.000,0.000,1.000,1.000,0.000,45.319,45.500,0.940,50.308,5.000,101.0,47.0,24.461538314819336,-42.56410217285156
47.265,13:01:04.149,484.502,28.282,13702.564,0.000,0.000,0.000,0.000,0.000,0.000,1.000,1.000,0.000,45.319,45.500,0.940,50.308,5.000,101.0,47.0,24.461538314819336,-42.56410217285156
47.329,13:01:04.293,484.502,28.282,13702.564,0.000,0.000,0.000,0.000,0.000,0.000,1.000,1.000,0.000,45.319,45.500,0.940,50.308,5.000,101.0,47.0,24.461538314819336,-42.56410217285156
47.474,13:01:04.358,484.502,28.282,13702.564,0.000,0.000,0.000,0.000,0.000,0.000,1.000,1.000,0.000,45.319,45.500,0.940,50.308,5.000,101.0,47.0,24.461538314819336,-42.56410217285156
47.538,13:01:04.422,480.694,29.750,14300.735,0.000,0.000,0.000,0.000,0.000,0.000,1.000,1.000,0.000,45.319,45.500,0.940,50.308,5.000,101.0,47.0,24.461538314819336,-42.56410217285156
47.602,13:01:04.565,480.694,29.750,14300.735,0.000,0.000,0.000,0.000,0.000,0.000,1.000,1.000,0.000,46.118,46.300,0.940,50.578,5.000,101.0,47.0,24.461538314819336,-42.56410217285156
47.745,13:01:04.629,480.694,29.750,14300.735,0.000,0.000,0.000,0.000,0.000,0.000,1.000,1.000,0.000,46.118,46.300,0.940,50.578,5.000,101.0,47.0,24.461538314819336,-42.56410217285156
47.809,13:01:04.885,480.694,29.750,14300.735,0.000,0.000,0.000,0.000,0.000,0.000,1.000,1.000,0.000,46.118,46.300,0.940,50.578,5.000,101.0,47.0,-43.64102554321289,5.333333492279053
48.065,13:01:05.028,476.491,31.249,14889.850,0.000,0.000,0.000,0.000,0.000,0.000,1.000,1.000,0.000,46.919,47.100,0.940,50.959,5.000,101.0,47.0,-43.64102554321289,5.333333492279053
48.209,13:01:05.093,476.491,31.249,14889.850,0.000,0.000,0.000,0.000,0.000,0.000,1.000,1.000,0.000,46.919,47.100,0.940,50.959,5.000,101.0,47.0,-43.64102554321289,5.333333492279053
48.274,13:01:05.158,476.491,31.249,14889.850,0.000,0.000,0.000,0.000,0.000,0.000,1.000,1.000,0.000,46.919,47.100,0.940,50.959,5.000,101.0,47.0,-43.64102554321289,5.333333492279053
48.337,13:01:05.301,471.496,32.898,15511.420,0.000,0.000,0.000,0.000,0.000,0.000,1.000,1.000,0.000,47.719,47.900,0.940,51.259,5.000,101.0,47.0,-43.64102554321289,5.333333492279053
48.481,13:01:05.365,471.496,32.898,15511.420,0.000,0.000,0.000,0.000,0.000,0.000,1.000,1.000,0.000,47.719,47.900,0.940,51.259,5.000,101.0,47.0,-43.64102554321289,5.333333492279053
48.545,13:01:05.428,471.496,32.898,15511.420,0.000,0.000,0.000,0.000,0.000,0.000,1.000,1.000,0.000,47.719,47.900,0.940,51.259,5.000,101.0,47.0,-43.64102554321289,5.333333492279053
48.609,13:01:05.573,471.496,32.898,15511.420,0.000,0.000,0.000,0.000,0.000,0.000,1.000,1.000,0.000,47.719,47.900,0.940,51.259,5.000,101.0,47.0,-43.64102554321289,5.333333492279053
48.753,13:01:05.636,465.660,34.599,16111.566,0.000,0.000,0.000,0.000,0.000,0.000,1.000,1.000,0.000,47.719,47.900,0.940,51.259,5.000,101.0,47.0,-43.64102554321289,5.333333492279053
48.816,13:01:05.892,465.660,34.599,16111.566,0.000,0.000,0.000,0.000,0.000,0.000,1.000,1.000,0.000,47.719,47.900,0.940,51.259,5.000,101.0,47.0,37.64102554321289,12.974358558654785
49.072,13:01:06.292,465.660,34.599,16111.566,0.000,0.000,0.000,0.000,0.000,0.000,1.000,1.000,0.000,47.719,47.900,0.940,51.259,5.000,101.0,47.0,37.64102554321289,12.974358558654785
49.472,13:01:06.436,458.488,36.402,16689.967,0.000,0.000,0.000,0.000,0.000,0.000,1.000,1.000,0.000,48.919,49.100,0.940,52.496,5.000,101.0,47.0,37.64102554321289,12.974358558654785
49.617,13:01:06.501,462.373,35.519,16422.930,0.000,0.000,0.000,0.000,0.000,0.000,1.000,1.000,0.000,48.919,49.100,0.940,52.496,5.000,101.0,47.0,37.64102554321289,12.974358558654785
49.680,13:01:06.564,462.373,35.519,16422.930,0.000,0.000,0.000,0.000,0.000,0.000,1.000,1.000,0.000,48.919,49.100,0.940,52.496,5.000,101.0,47.0,37.64102554321289,12.974358558654785
49.744,13:01:06.709,462.373,35.519,16422.930,0.000,0.000,0.000,0.000,0.000,0.000,1.000,1.000,0.000,48.919,49.100,0.940,52.496,5.000,101.0,47.0,37.64102554321289,12.974358558654785
49.888,13:01:06.963,462.373,35.519,16422.930,0.000,0.000,0.000,0.000,0.000,0.000,1.000,1.000,0.000,48.919,49.100,0.940,52.496,5.000,101.0,47.0,47.33333206176758,-35.07692337036133
50.144,13:01:07.108,459.080,36.296,16662.842,0.000,0.000,0.000,0.000,0.000,0.000,1.000,1.000,0.000,48.881,48.700,0.940,52.979,5.000,101.0,47.0,47.33333206176758,-35.07692337036133
50.288,13:01:07.172,459.080,36.296,16662.842,0.000,0.000,0.000,0.000,0.000,0.000,1.000,1.000,0.000,48.881,48.700,0.940,52.979,5.000,101.0,47.0,47.33333206176758,-35.07692337036133
50.352,13:01:07.236,462.583,35.458,16402.066,0.000,0.000,0.000,0.000,0.000,0.000,1.000,1.000,0.000,48.881,48.700,0.940,52.979,5.000,101.0,47.0,47.33333206176758,-35.07692337036133
50.416,13:01:07.379,462.583,35.458,16402.066,0.000,0.000,0.000,0.000,0.000,0.000,1.000,1.000,0.000,48.919,49.100,0.940,53.349,5.000,101.0,47.0,47.33333206176758,-35.07692337036133
50.559,13:01:07.443,462.583,35.458,16402.066,0.000,0.000,0.000,0.000,0.000,0.000,1.000,1.000,0.000,48.919,49.100,0.940,53.349,5.000,101.0,47.0,47.33333206176758,-35.07692337036133
50.623,13:01:07.507,462.583,35.458,16402.066,0.000,0.000,0.000,0.000,0.000,0.000,1.000,1.000,0.000,48.919,49.100,0.940,53.349,5.000,101.0,47.0,47.33333206176758,-35.07692337036133
50.687,13:01:07.651,462.583,35.458,16402.066,0.000,0.000,0.000,0.000,0.000,0.000,1.000,1.000,0.000,49.281,49.100,0.940,53.759,5.000,101.0,47.0,47.33333206176758,-35.07692337036133
50.832,13:01:07.716,458.997,36.327,16673.963,0.000,0.000,0.000,0.000,0.000,0.000,1.000,1.000,0.000,49.281,49.100,0.940,53.759,5.000,101.0,47.0,47.33333206176758,-35.07692337036133
50.895,13:01:07.971,458.997,36.327,16673.963,0.000,0.000,0.000,0.000,0.000,0.000,1.000,1.000,0.000,49.281,49.100,0.940,53.759,5.000,101.0,47.0,-46.61538314819336,4.051281929016113
51.151,13:01:08.115,458.997,36.327,16673.963,0.000,0.000,0.000,0.000,0.000,0.000,1.000,1.000,0.000,48.920,49.100,0.940,54.242,5.000,101.0,47.0,-46.61538314819336,4.051281929016113
51.295,13:01:08.179,461.283,35.801,16514.256,0.000,0.000,0.000,0.000,0.000,0.000,1.000,1.000,0.000,48.920,49.100,0.940,54.242,5.000,101.0,47.0,-46.61538314819336,4.051281929016113
51.359,13:01:08.243,461.283,35.801,16514.256,0.000,0.000,0.000,0.000,0.000,0.000,1.000,1.000,0.000,48.920,49.100,0.940,54.242,5.000,101.0,47.0,-46.61538314819336,4.051281929016113
51.423,13:01:08.386,461.283,35.801,16514.256,0.000,0.000,0.000,0.000,0.000,0.000,1.000,1.000,0.000,48.920,49.100,0.940,54.242,5.000,101.0,47.0,-46.61538314819336,4.051281929016113
51.567,13:01:08.451,459.228,36.287,16664.113,0.000,0.000,0.000,0.000,0.000,0.000,1.000,1.000,0.000,48.920,49.100,0.940,54.242,5.000,101.0,47.0,-46.61538314819336,4.051281929016113
51.631,13:01:08.515,459.228,36.287,16664.113,0.000,0.000,0.000,0.000,0.000,0.000,1.000,1.000,0.000,48.920,49.100,0.940,54.242,5.000,101.0,47.0,-46.61538314819336,4.051281929016113
51.694,13:01:08.658,459.228,36.287,16664.113,0.000,0.000,0.000,0.000,0.000,0.000,1.000,1.000,0.000,48.919,49.100,0.940,54.400,5.000,101.0,47.0,-46.61538314819336,4.051281929016113
51.839,13:01:08.723,459.228,36.287,16664.113,0.000,0.000,0.000,0.000,0.000,0.000,1.000,1.000,0.000,48.919,49.100,0.940,54.400,5.000,101.0,47.0,-46.61538314819336,4.051281929016113
51.902,13:01:08.994,459.228,36.287,16664.113,0.000,0.000,0.000,0.000,0.000,0.000,1.000,1.000,0.000,48.919,49.100,0.940,54.400,5.000,101.0,47.0,-6.717948913574219,50.66666793823242
52.175,13:01:09.139,456.076,36.983,16867.102,0.000,0.000,0.000,0.000,0.000,0.000,1.000,1.000,0.000,49.281,49.100,0.940,54.836,5.000,101.0,47.0,-6.717948913574219,50.66666793823242
52.318,13:01:09.202,456.076,36.983,16867.102,0.000,0.000,0.000,0.000,0.000,0.000,1.000,1.000,0.000,49.281,49.100,0.940,54.836,5.000,101.0,47.0,-6.717948913574219,50.66666793823242
52.382,13:01:09.266,461.490,35.743,16495.076,0.000,0.000,0.000,0.000,0.000,0.000,1.000,1.000,0.000,49.281,49.100,0.940,54.836,5.000,101.0,47.0,-6.717948913574219,50.66666793823242
52.446,13:01:09.410,461.490,35.743,16495.076,0.000,0.000,0.000,0.000,0.000,0.000,1.000,1.000,0.000,48.919,49.100,0.940,55.122,5.000,101.0,47.0,-6.717948913574219,50.66666793823242
52.590,13:01:09.474,461.490,35.743,16495.076,0.000,0.000,0.000,0.000,0.000,0.000,1.000,1.000,0.000,48.919,49.100,0.940,55.122,5.000,101.0,47.0,-6.717948913574219,50.66666793823242
52.655,13:01:09.539,461.490,35.743,16495.076,0.000,0.000,0.000,0.000,0.000,0.000,1.000,1.000,0.000,48.919,49.100,0.940,55.122,5.000,101.0,47.0,-6.717948913574219,50.66666793823242
52.719,13:01:09.682,461.490,35.743,16495.076,0.000,0.000,0.000,0.000,0.000,0.000,1.000,1.000,0.000,49.319,49.500,0.940,55.367,5.000,101.0,47.0,-6.717948913574219,50.66666793823242
52.862,13:01:09.746,457.544,36.663,16774.857,0.000,0.000,0.000,0.000,0.000,0.000,1.000,1.000,0.000,49.319,49.500,0.940,55.367,5.000,101.0,47.0,-6.717948913574219,50.66666793823242
52.925,13:01:10.001,457.544,36.663,16774.857,0.000,0.000,0.000,0.000,0.000,0.000,1.000,1.000,0.000,49.319,49.500,0.940,55.367,5.000,101.0,47.0,26.769229888916016,-49.17948532104492
53.182,13:01:10.146,457.544,36.663,16774.857,0.000,0.000,0.000,0.000,0.000,0.000,1.000,1.000,0.000,49.281,49.100,0.940,55.598,5.000,101.0,47.0,26.769229888916016,-49.17948532104492
53.326,13:01:10.210,455.870,37.027,16879.711,0.000,0.000,0.000,0.000,0.000,0.000,1.000,1.000,0.000,49.281,49.100,0.940,55.598,5.000,101.0,47.0,26.769229888916016,-49.17948532104492
53.390,13:01:10.274,455.870,37.027,16879.711,0.000,0.000,0.000,0.000,0.000,0.000,1.000,1.000,0.000,49.281,49.100,0.940,55.598,5.000,101.0,47.0,26.769229888916016,-49.17948532104492
53.454,13:01:10.418,455.870,37.027,16879.711,0.000,0.000,0.000,0.000,0.000,0.000,1.000,1.000,0.000,49.281,49.100,0.940,55.598,5.000,101.0,47.0,26.769229888916016,-49.17948532104492
53.598,13:01:10.482,460.241,36.068,16599.908,0.000,0.000,0.000,0.000,0.000,0.000,1.000,1.000,0.000,49.281,49.100,0.940,55.598,5.000,101.0,47.0,26.769229888916016,-49.17948532104492
53.662,13:01:10.546,460.241,36.068,16599.908,0.000,0.000,0.000,0.000,0.000,0.000,1.000,1.000,0.000,49.281,49.100,0.940,55.598,5.000,101.0,47.0,26.769229888916016,-49.17948532104492
53.725,13:01:10.689,460.241,36.068,16599.908,0.000,0.000,0.000,0.000,0.000,0.000,1.000,1.000,0.000,48.881,48.700,0.940,55.850,5.000,101.0,47.0,26.769229888916016,-49.17948532104492
53.869,13:01:10.753,460.241,36.068,16599.908,0.000,0.000,0.000,0.000,0.000,0.000,1.000,1.000,0.000,48.881,48.700,0.940,55.850,5.000,101.0,47.0,26.769229888916016,-49.17948532104492
53.934,13:01:11.009,460.241,36.068,16599.908,0.000,0.000,0.000,0.000,0.000,0.000,1.000,1.000,0.000,48.881,48.700,0.940,55.850,5.000,101.0,47.0,-47.17948532104492,24.461538314819336
54.189,13:01:11.153,461.860,35.665,16472.061,0.000,0.000,0.000,0.000,0.000,0.000,1.000,1.000,0.000,48.919,49.100,0.940,56.041,5.000,101.0,47.0,-47.17948532104492,24.461538314819336
54.334,13:01:11.217,461.860,35.665,16472.061,0.000,0.000,0.000,0.000,0.000,0.000,1.000,1.000,0.000,48.919,49.100,0.940,56.041,5.000,101.0,47.0,-47.17948532104492,24.461538314819336
54.397,13:01:11.281,461.860,35.665,16472.061,0.000,0.000,0.000,0.000,0.000,0.000,1.000,1.000,0.000,48.919,49.100,0.940,56.041,5.000,101.0,47.0,-47.17948532104492,24.461538314819336
54.462,13:01:11.426,460.191,36.060,16594.643,0.000,0.000,0.000,0.000,0.000,0.000,1.000,1.000,0.000,48.881,48.700,0.940,56.225,5.000,101.0,47.0,-47.17948532104492,24.461538314819336
54.606,13:01:11.489,460.191,36.060,16594.643,0.000,0.000,0.000,0.000,0.000,0.000,1.000,1.000,0.000,48.881,48.700,0.940,56.225,5.000,101.0,47.0,-47.17948532104492,24.461538314819336
54.669,13:01:11.553,460.191,36.060,16594.643,0.000,0.000,0.000,0.000,0.000,0.000,1.000,1.000,0.000,48.881,48.700,0.940,56.225,5.000,101.0,47.0,-47.17948532104492,24.461538314819336
54.732,13:01:11.697,460.191,36.060,16594.643,0.000,0.000,0.000,0.000,0.000,0.000,1.000,1.000,0.000,48.881,48.700,0.940,56.225,5.000,101.0,47.0,-47.17948532104492,24.461538314819336
54.877,13:01:11.760,461.986,35.632,16461.553,0.000,0.000,0.000,0.000,0.000,0.000,1.000,1.000,0.000,48.881,48.700,0.940,56.225,5.000,101.0,47.0,-47.17948532104492,24.461538314819336
54.941,13:01:12.016,461.986,35.632,16461.553,0.000,0.000,0.000,0.000,0.000,0.000,1.000,1.000,0.000,48.881,48.700,0.940,56.225,5.000,101.0,47.0,44.35897445678711,-0.6666666865348816
55.197,13:01:12.160,461.986,35.632,16461.553,0.000,0.000,0.000,0.000,0.000,0.000,1.000,1.000,0.000,48.919,49.100,0.940,56.513,5.000,101.0,47.0,44.35897445678711,-0.6666666865348816
55.341,13:01:12.225,459.971,36.127,16617.525,0.000,0.000,0.000,0.000,0.000,0.000,1.000,1.000,0.000,48.919,49.100,0.940,56.513,5.000,101.0,47.0,44.35897445678711,-0.6666666865348816
55.404,13:01:12.288,459.971,36.127,16617.525,0.000,0.000,0.000,0.000,0.000,0.000,1.000,1.000,0.000,48.919,49.100,0.940,56.513,5.000,101.0,47.0,44.35897445678711,-0.6666666865348816
55.468,13:01:12.433,459.971,36.127,16617.525,0.000,0.000,0.000,0.000,0.000,0.000,1.000,1.000,0.000,48.919,49.100,0.940,56.513,5.000,101.0,47.0,44.35897445678711,-0.6666666865348816
55.612,13:01:12.496,459.971,36.127,16617.525,0.000,0.000,0.000,0.000,0.000,0.000,1.000,1.000,0.000,48.919,49.100,0.940,56.513,5.000,101.0,47.0,44.35897445678711,-0.6666666865348816
55.676,13:01:12.560,455.323,37.136,16908.660,0.000,0.000,0.000,0.000,0.000,0.000,1.000,1.000,0.000,48.919,49.100,0.940,56.513,5.000,101.0,47.0,44.35897445678711,-0.6666666865348816
55.740,13:01:12.705,455.323,37.136,16908.660,0.000,0.000,0.000,0.000,0.000,0.000,1.000,1.000,0.000,49.281,49.100,0.940,56.649,5.000,101.0,47.0,44.35897445678711,-0.6666666865348816
55.884,13:01:12.768,455.323,37.136,16908.660,0.000,0.000,0.000,0.000,0.000,0.000,1.000,1.000,0.000,49.281,49.100,0.940,56.649,5.000,101.0,47.0,44.35897445678711,-0.6666666865348816
55.949,13:01:13.023,455.323,37.136,16908.660,0.000,0.000,0.000,0.000,0.000,0.000,1.000,1.000,0.000,49.281,49.100,0.940,56.649,5.000,101.0,47.0,-17.846153259277344,-36.56410217285156
56.204,13:01:13.167,459.894,36.150,16625.340,0.000,0.000,0.000,0.000,0.000,0.000,1.000,1.000,0.000,48.881,48.700,0.940,56.809,5.000,101.0,47.0,-17.846153259277344,-36.56410217285156
56.349,13:01:13.232,459.894,36.150,16625.340,0.000,0.000,0.000,0.000,0.000,0.000,1.000,1.000,0.000,48.881,48.700,0.940,56.809,5.000,101.0,47.0,-17.846153259277344,-36.56410217285156
56.412,13:01:13.296,459.894,36.150,16625.340,0.000,0.000,0.000,0.000,0.000,0.000,1.000,1.000,0.000,48.881,48.700,0.940,56.809,5.000,101.0,47.0,-17.846153259277344,-36.56410217285156
56.476,13:01:13.440,462.166,35.607,16456.457,0.000,0.000,0.000,0.000,0.000,0.000,1.000,1.000,0.000,48.881,48.700,0.940,56.938,5.000,101.0,47.0,-17.846153259277344,-36.56410217285156
56.620,13:01:13.504,462.166,35.607,16456.457,0.000,0.000,0.000,0.000,0.000,0.000,1.000,1.000,0.000,48.881,48.700,0.940,56.938,5.000,101.0,47.0,-17.846153259277344,-36.56410217285156
56.684,13:01:13.568,462.166,35.607,16456.457,0.000,0.000,0.000,0.000,0.000,0.000,1.000,1.000,0.000,48.881,48.700,0.940,56.938,5.000,101.0,47.0,-17.846153259277344,-36.56410217285156
56.748,13:01:13.711,462.166,35.607,16456.457,0.000,0.000,0.000,0.000,0.000,0.000,1.000,1.000,0.000,48.881,48.700,0.940,56.938,5.000,101.0,47.0,-17.846153259277344,-36.56410217285156
56.891,13:01:13.775,465.759,34.688,16156.229,0.000,0.000,0.000,0.000,0.000,0.000,1.000,1.000,0.000,48.881,48.700,0.940,56.938,5.000,101.0,47.0,-17.846153259277344,-36.56410217285156
56.956,13:01:14.032,465.759,34.688,16156.229,0.000,0.000,0.000,0.000,0.000,0.000,1.000,1.000,0.000,48.881,48.700,0.940,56.938,5.000,101.0,47.0,-52.153846740722656,25.64102554321289
57.212,13:01:14.175,465.759,34.688,16156.229,0.000,0.000,0.000,0.000,0.000,0.000,1.000,1.000,0.000,48.919,49.100,0.940,57.128,5.000,101.0,47.0,-52.153846740722656,25.64102554321289
57.355,13:01:14.239,462.343,35.564,16442.604,0.000,0.000,0.000,0.000,0.000,0.000,1.000,1.000,0.000,48.919,49.100,0.940,57.128,5.000,101.0,47.0,-52.153846740722656,25.64102554321289
57.419,13:01:14.303,462.343,35.564,16442.604,0.000,0.000,0.000,0.000,0.000,0.000,1.000,1.000,0.000,48.919,49.100,0.940,57.128,5.000,101.0,47.0,-52.153846740722656,25.64102554321289
57.483,13:01:14.447,462.343,35.564,16442.604,0.000,0.000,0.000,0.000,0.000,0.000,1.000,1.000,0.000,48.919,49.100,0.940,57.128,5.000,101.0,47.0,-52.153846740722656,25.64102554321289
57.627,13:01:14.510,462.343,35.564,16442.604,0.000,0.000,0.000,0.000,0.000,0.000,1.000,1.000,0.000,48.919,49.100,0.940,57.128,5.000,101.0,47.0,-52.153846740722656,25.64102554321289
57.690,13:01:14.574,458.548,36.457,16717.410,0.000,0.000,0.000,0.000,0.000,0.000,1.000,1.000,0.000,48.919,49.100,0.940,57.128,5.000,101.0,47.0,-52.153846740722656,25.64102554321289
57.755,13:01:14.719,458.548,36.457,16717.410,0.000,0.000,0.000,0.000,0.000,0.000,1.000,1.000,0.000,49.281,49.100,0.940,57.214,5.000,101.0,47.0,-52.153846740722656,25.64102554321289
57.899,13:01:14.783,458.548,36.457,16717.410,0.000,0.000,0.000,0.000,0.000,0.000,1.000,1.000,0.000,49.281,49.100,0.940,57.214,5.000,101.0,47.0,-52.153846740722656,25.64102554321289
57.963,13:01:15.039,458.548,36.457,16717.410,0.000,0.000,0.000,0.000,0.000,0.000,1.000,1.000,0.000,49.281,49.100,0.940,57.214,5.000,101.0,47.0,-46.410255432128906,43.589744567871094
58.218,13:01:15.182,462.442,35.552,16440.770,0.000,0.000,0.000,0.000,0.000,0.000,1.000,1.000,0.000,48.919,49.100,0.940,57.335,5.000,101.0,47.0,-46.410255432128906,43.589744567871094
58.363,13:01:15.247,462.442,35.552,16440.770,0.000,0.000,0.000,0.000,0.000,0.000,1.000,1.000,0.000,48.919,49.100,0.940,57.335,5.000,101.0,47.0,-46.410255432128906,43.589744567871094
58.426,13:01:15.310,462.442,35.552,16440.770,0.000,0.000,0.000,0.000,0.000,0.000,1.000,1.000,0.000,48.919,49.100,0.940,57.335,5.000,101.0,47.0,-46.410255432128906,43.589744567871094
58.490,13:01:15.455,458.750,36.426,16710.377,0.000,0.000,0.000,0.000,0.000,0.000,1.000,1.000,0.000,49.281,49.100,0.940,57.438,5.000,101.0,47.0,-46.410255432128906,43.589744567871094
58.635,13:01:15.519,458.750,36.426,16710.377,0.000,0.000,0.000,0.000,0.000,0.000,1.000,1.000,0.000,49.281,49.100,0.940,57.438,5.000,101.0,47.0,-46.410255432128906,43.589744567871094
58.698,13:01:15.582,458.750,36.426,16710.377,0.000,0.000,0.000,0.000,0.000,0.000,1.000,1.000,0.000,49.281,49.100,0.940,57.438,5.000,101.0,47.0,-46.410255432128906,43.589744567871094
58.762,13:01:15.726,458.750,36.426,16710.377,0.000,0.000,0.000,0.000,0.000,0.000,1.000,1.000,0.000,49.281,49.100,0.940,57.438,5.000,101.0,47.0,-46.410255432128906,43.589744567871094
58.906,13:01:15.790,462.621,35.515,16430.004,0.000,0.000,0.000,0.000,0.000,0.000,1.000,1.000,0.000,49.281,49.100,0.940,57.438,5.000,101.0,47.0,-46.410255432128906,43.589744567871094
58.970,13:01:16.046,462.621,35.515,16430.004,0.000,0.000,0.000,0.000,0.000,0.000,1.000,1.000,0.000,49.281,49.100,0.940,57.438,5.000,101.0,47.0,50.61538314819336,-35.9487190246582
59.226,13:01:16.206,462.621,35.515,16430.004,0.000,0.000,0.000,0.000,0.000,0.000,1.000,1.000,0.000,48.881,48.700,0.940,57.658,5.000,101.0,47.0,50.61538314819336,-35.9487190246582
59.386,13:01:16.270,459.750,36.203,16644.248,0.000,0.000,0.000,0.000,0.000,0.000,1.000,1.000,0.000,48.881,48.700,0.940,57.658,5.000,101.0,47.0,50.61538314819336,-35.9487190246582
59.450,13:01:16.334,459.750,36.203,16644.248,0.000,0.000,0.000,0.000,0.000,0.000,1.000,1.000,0.000,48.881,48.700,0.940,57.658,5.000,101.0,47.0,50.61538314819336,-35.9487190246582
59.514,13:01:16.478,459.750,36.203,16644.248,0.000,0.000,0.000,0.000,0.000,0.000,1.000,1.000,0.000,48.881,48.700,0.940,57.658,5.000,101.0,47.0,50.61538314819336,-35.9487190246582
59.658,13:01:16.542,459.750,36.203,16644.248,0.000,0.000,0.000,0.000,0.000,0.000,1.000,1.000,0.000,48.881,48.700,0.940,57.658,5.000,101.0,47.0,50.61538314819336,-35.9487190246582
59.722,13:01:16.605,459.034,36.368,16694.139,0.000,0.000,0.000,0.000,0.000,0.000,1.000,1.000,0.000,48.881,48.700,0.940,57.658,5.000,101.0,47.0,50.61538314819336,-35.9487190246582
59.785,13:01:16.749,459.034,36.368,16694.139,0.000,0.000,0.000,0.000,0.000,0.000,1.000,1.000,0.000,49.281,49.100,0.940,57.750,5.000,101.0,47.0,50.61538314819336,-35.9487190246582
59.930,13:01:16.814,459.034,36.368,16694.139,0.000,0.000,0.000,0.000,0.000,0.000,1.000,1.000,0.000,49.281,49.100,0.940,57.750,5.000,101.0,47.0,50.61538314819336,-35.9487190246582
59.994,13:01:17.070,459.034,36.368,16694.139,0.000,0.000,0.000,0.000,0.000,0.000,1.000,1.000,0.000,49.281,49.100,0.940,57.750,5.000,101.0,47.0,17.128204345703125,-50.66666793823242
60.249,13:01:17.214,462.658,35.504,16426.240,0.000,0.000,0.000,0.000,0.000,0.000,1.000,1.000,0.000,48.919,49.100,0.940,57.858,5.000,101.0,47.0,17.128204345703125,-50.66666793823242
60.393,13:01:17.277,462.658,35.504,16426.240,0.000,0.000,0.000,0.000,0.000,0.000,1.000,1.000,0.000,48.919,49.100,0.940,57.858,5.000,101.0,47.0,17.128204345703125,-50.66666793823242
60.457,13:01:17.341,462.658,35.504,16426.240,0.000,0.000,0.000,0.000,0.000,0.000,1.000,1.000,0.000,48.919,49.100,0.940,57.858,5.000,101.0,47.0,17.128204345703125,-50.66666793823242
60.521,13:01:17.485,459.032,36.367,16693.527,0.000,0.000,0.000,0.000,0.000,0.000,1.000,1.000,0.000,49.319,49.500,0.940,57.956,5.000,101.0,47.0,17.128204345703125,-50.66666793823242
60.666,13:01:17.550,459.032,36.367,16693.527,0.000,0.000,0.000,0.000,0.000,0.000,1.000,1.000,0.000,49.319,49.500,0.940,57.956,5.000,101.0,47.0,17.128204345703125,-50.66666793823242
60.729,13:01:17.613,459.032,36.367,16693.527,0.000,0.000,0.000,0.000,0.000,0.000,1.000,1.000,0.000,49.319,49.500,0.940,57.956,5.000,101.0,47.0,17.128204345703125,-50.66666793823242
60.793,13:01:17.757,459.032,36.367,16693.527,0.000,0.000,0.000,0.000,0.000,0.000,1.000,1.000,0.000,49.319,49.500,0.940,57.956,5.000,101.0,47.0,17.128204345703125,-50.66666793823242
60.937,13:01:17.821,455.037,37.234,16942.689,0.000,0.000,0.000,0.000,0.000,0.000,1.000,1.000,0.000,49.319,49.500,0.940,57.956,5.000,101.0,47.0,17.128204345703125,-50.66666793823242
61.001,13:01:18.076,455.037,37.234,16942.689,0.000,0.000,0.000,0.000,0.000,0.000,1.000,1.000,0.000,49.319,49.500,0.940,57.956,5.000,101.0,47.0,36.25640869140625,19.897436141967773
61.257,13:01:18.220,455.037,37.234,16942.689,0.000,0.000,0.000,0.000,0.000,0.000,1.000,1.000,0.000,49.281,49.100,0.940,58.183,5.000,101.0,47.0,36.25640869140625,19.897436141967773
61.400,13:01:18.284,458.955,36.399,16705.713,0.000,0.000,0.000,0.000,0.000,0.000,1.000,1.000,0.000,49.281,49.100,0.940,58.183,5.000,101.0,47.0,36.25640869140625,19.897436141967773
61.465,13:01:18.349,458.955,36.399,16705.713,0.000,0.000,0.000,0.000,0.000,0.000,1.000,1.000,0.000,49.281,49.100,0.940,58.183,5.000,101.0,47.0,36.25640869140625,19.897436141967773
61.529,13:01:18.493,458.955,36.399,16705.713,0.000,0.000,0.000,0.000,0.000,0.000,1.000,1.000,0.000,49.281,49.100,0.940,58.183,5.000,101.0,47.0,36.25640869140625,19.897436141967773
61.672,13:01:18.556,458.955,36.399,16705.713,0.000,0.000,0.000,0.000,0.000,0.000,1.000,1.000,0.000,49.281,49.100,0.940,58.183,5.000,101.0,47.0,36.25640869140625,19.897436141967773
61.736,13:01:18.620,462.866,35.460,16413.191,0.000,0.000,0.000,0.000,0.000,0.000,1.000,1.000,0.000,49.281,49.100,0.940,58.183,5.000,101.0,47.0,36.25640869140625,19.897436141967773
61.800,13:01:18.765,462.866,35.460,16413.191,0.000,0.000,0.000,0.000,0.000,0.000,1.000,1.000,0.000,48.919,49.100,0.940,58.295,5.000,101.0,47.0,36.25640869140625,19.897436141967773
61.945,13:01:18.829,462.866,35.460,16413.191,0.000,0.000,0.000,0.000,0.000,0.000,1.000,1.000,0.000,48.919,49.100,0.940,58.295,5.000,101.0,47.0,36.25640869140625,19.897436141967773
62.009,13:01:19.084,462.866,35.460,16413.191,0.000,0.000,0.000,0.000,0.000,0.000,1.000,1.000,0.000,48.919,49.100,0.940,58.295,5.000,101.0,47.0,25.435897827148438,-54.56410217285156
62.265,13:01:19.228,459.249,36.320,16679.822,0.000,0.000,0.000,0.000,0.000,0.000,1.000,1.000,0.000,48.881,48.700,0.940,58.367,5.000,101.0,47.0,25.435897827148438,-54.56410217285156
62.408,13:01:19.292,459.249,36.320,16679.822,0.000,0.000,0.000,0.000,0.000,0.000,1.000,1.000,0.000,48.881,48.700,0.940,58.367,5.000,101.0,47.0,25.435897827148438,-54.56410217285156
62.472,13:01:19.356,459.249,36.320,16679.822,0.000,0.000,0.000,0.000,0.000,0.000,1.000,1.000,0.000,48.881,48.700,0.940,58.367,5.000,101.0,47.0,25.435897827148438,-54.56410217285156
62.536,13:01:19.500,459.249,36.320,16679.822,0.000,0.000,0.000,0.000,0.000,0.000,1.000,1.000,0.000,49.281,49.100,0.940,58.461,5.000,101.0,47.0,25.435897827148438,-54.56410217285156
62.680,13:01:19.564,459.413,36.288,16671.053,0.000,0.000,0.000,0.000,0.000,0.000,1.000,1.000,0.000,49.281,49.100,0.940,58.461,5.000,101.0,47.0,25.435897827148438,-54.56410217285156
62.744,13:01:19.628,459.413,36.288,16671.053,0.000,0.000,0.000,0.000,0.000,0.000,1.000,1.000,0.000,49.281,49.100,0.940,58.461,5.000,101.0,47.0,25.435897827148438,-54.56410217285156
62.808,13:01:19.771,459.413,36.288,16671.053,0.000,0.000,0.000,0.000,0.000,0.000,1.000,1.000,0.000,49.281,49.100,0.940,58.461,5.000,101.0,47.0,25.435897827148438,-54.56410217285156
62.952,13:01:19.836,463.033,35.426,16403.176,0.000,0.000,0.000,0.000,0.000,0.000,1.000,1.000,0.000,49.281,49.100,0.940,58.461,5.000,101.0,47.0,25.435897827148438,-54.56410217285156
63.015,13:01:20.091,463.033,35.426,16403.176,0.000,0.000,0.000,0.000,0.000,0.000,1.000,1.000,0.000,49.281,49.100,0.940,58.461,5.000,101.0,47.0,-35.33333206176758,49.846153259277344
63.271,13:01:20.236,463.033,35.426,16403.176,0.000,0.000,0.000,0.000,0.000,0.000,1.000,1.000,0.000,48.919,49.100,0.940,58.510,5.000,101.0,47.0,-35.33333206176758,49.846153259277344
63.415,13:01:20.299,461.042,35.838,16522.916,0.000,0.000,0.000,0.000,0.000,0.000,1.000,1.000,0.000,48.919,49.100,0.940,58.510,5.000,101.0,47.0,-35.33333206176758,49.846153259277344
63.479,13:01:20.363,461.042,35.838,16522.916,0.000,0.000,0.000,0.000,0.000,0.000,1.000,1.000,0.000,48.919,49.100,0.940,58.510,5.000,101.0,47.0,-35.33333206176758,49.846153259277344
63.543,13:01:20.508,461.042,35.838,16522.916,0.000,0.000,0.000,0.000,0.000,0.000,1.000,1.000,0.000,48.880,48.700,0.940,58.598,5.000,101.0,47.0,-35.33333206176758,49.846153259277344
63.687,13:01:20.571,461.042,35.838,16522.916,0.000,0.000,0.000,0.000,0.000,0.000,1.000,1.000,0.000,48.880,48.700,0.940,58.598,5.000,101.0,47.0,-35.33333206176758,49.846153259277344
63.751,13:01:20.635,461.042,35.838,16522.916,0.000,0.000,0.000,0.000,0.000,0.000,1.000,1.000,0.000,48.880,48.700,0.940,58.598,5.000,101.0,47.0,-35.33333206176758,49.846153259277344
63.816,13:01:20.779,458.059,36.521,16728.570,0.000,0.000,0.000,0.000,0.000,0.000,1.000,1.000,0.000,49.280,49.100,0.940,58.675,5.000,101.0,47.0,-35.33333206176758,49.846153259277344
63.960,13:01:20.844,458.059,36.521,16728.570,0.000,0.000,0.000,0.000,0.000,0.000,1.000,1.000,0.000,49.280,49.100,0.940,58.675,5.000,101.0,47.0,-35.33333206176758,49.846153259277344
64.024,13:01:21.099,458.059,36.521,16728.570,0.000,0.000,0.000,0.000,0.000,0.000,1.000,1.000,0.000,49.280,49.100,0.940,58.675,5.000,101.0,47.0,48.97435760498047,-19.230770111083984
64.279,13:01:21.244,457.008,36.775,16806.609,0.000,0.000,0.000,0.000,0.000,0.000,1.000,1.000,0.000,49.280,49.100,0.940,58.736,5.000,101.0,47.0,48.97435760498047,-19.230770111083984
64.423,13:01:21.307,457.008,36.775,16806.609,0.000,0.000,0.000,0.000,0.000,0.000,1.000,1.000,0.000,49.280,49.100,0.940,58.736,5.000,101.0,47.0,48.97435760498047,-19.230770111083984
64.487,13:01:21.371,457.008,36.775,16806.609,0.000,0.000,0.000,0.000,0.000,0.000,1.000,1.000,0.000,49.280,49.100,0.940,58.736,5.000,101.0,47.0,48.97435760498047,-19.230770111083984
64.551,13:01:21.515,457.008,36.775,16806.609,0.000,0.000,0.000,0.000,0.000,0.000,1.000,1.000,0.000,48.920,49.100,0.940,58.835,5.000,101.0,47.0,48.97435760498047,-19.230770111083984
64.695,13:01:21.579,462.273,35.549,16433.291,0.000,0.000,0.000,0.000,0.000,0.000,1.000,1.000,0.000,48.920,49.100,0.940,58.835,5.000,101.0,47.0,48.97435760498047,-19.230770111083984
64.758,13:01:21.642,462.273,35.549,16433.291,0.000,0.000,0.000,0.000,0.000,0.000,1.000,1.000,0.000,48.920,49.100,0.940,58.835,5.000,101.0,47.0,48.97435760498047,-19.230770111083984
64.823,13:01:21.787,462.273,35.549,16433.291,0.000,0.000,0.000,0.000,0.000,0.000,1.000,1.000,0.000,48.920,49.100,0.940,58.835,5.000,101.0,47.0,48.97435760498047,-19.230770111083984
64.967,13:01:21.851,462.273,35.549,16433.291,0.000,0.000,0.000,0.000,0.000,0.000,1.000,1.000,0.000,48.920,49.100,0.940,58.835,5.000,101.0,47.0,48.97435760498047,-19.230770111083984
65.031,13:01:22.106,456.773,36.823,16819.686,0.000,0.000,0.000,0.000,0.000,0.000,1.000,1.000,0.000,48.920,49.100,0.940,58.835,5.000,101.0,47.0,-51.69230651855469,25.33333396911621
65.287,13:01:22.251,456.773,36.823,16819.686,0.000,0.000,0.000,0.000,0.000,0.000,1.000,1.000,0.000,49.281,49.100,0.940,58.913,5.000,101.0,47.0,-51.69230651855469,25.33333396911621
65.430,13:01:22.314,462.051,35.591,16444.990,0.000,0.000,0.000,0.000,0.000,0.000,1.000,1.000,0.000,49.281,49.100,0.940,58.913,5.000,101.0,47.0,-51.69230651855469,25.33333396911621
65.494,13:01:22.378,462.051,35.591,16444.990,0.000,0.000,0.000,0.000,0.000,0.000,1.000,1.000,0.000,49.281,49.100,0.940,58.913,5.000,101.0,47.0,-51.69230651855469,25.33333396911621
65.559,13:01:22.522,462.051,35.591,16444.990,0.000,0.000,0.000,0.000,0.000,0.000,1.000,1.000,0.000,48.919,49.100,0.940,58.974,5.000,101.0,47.0,-51.69230651855469,25.33333396911621
65.702,13:01:22.585,462.051,35.591,16444.990,0.000,0.000,0.000,0.000,0.000,0.000,1.000,1.000,0.000,48.919,49.100,0.940,58.974,5.000,101.0,47.0,-51.69230651855469,25.33333396911621
65.766,13:01:22.650,462.051,35.591,16444.990,0.000,0.000,0.000,0.000,0.000,0.000,1.000,1.000,0.000,48.919,49.100,0.940,58.974,5.000,101.0,47.0,-51.69230651855469,25.33333396911621
65.829,13:01:22.795,456.754,36.832,16823.367,0.000,0.000,0.000,0.000,0.000,0.000,1.000,1.000,0.000,49.281,49.100,0.940,59.051,5.000,101.0,47.0,-51.69230651855469,25.33333396911621
65.974,13:01:22.858,456.754,36.832,16823.367,0.000,0.000,0.000,0.000,0.000,0.000,1.000,1.000,0.000,49.281,49.100,0.940,59.051,5.000,101.0,47.0,-51.69230651855469,25.33333396911621
66.037,13:01:23.113,456.754,36.832,16823.367,0.000,0.000,0.000,0.000,0.000,0.000,1.000,1.000,0.000,49.281,49.100,0.940,59.051,5.000,101.0,47.0,42.71794891357422,38.66666793823242
66.293,13:01:23.258,462.461,35.513,16423.191,0.000,0.000,0.000,0.000,0.000,0.000,1.000,1.000,0.000,48.919,49.100,0.940,59.121,5.000,101.0,47.0,42.71794891357422,38.66666793823242
66.437,13:01:23.321,462.461,35.513,16423.191,0.000,0.000,0.000,0.000,0.000,0.000,1.000,1.000,0.000,48.919,49.100,0.940,59.121,5.000,101.0,47.0,42.71794891357422,38.66666793823242
66.501,13:01:23.385,462.461,35.513,16423.191,0.000,0.000,0.000,0.000,0.000,0.000,1.000,1.000,0.000,48.919,49.100,0.940,59.121,5.000,101.0,47.0,42.71794891357422,38.66666793823242
66.565,13:01:23.530,462.461,35.513,16423.191,0.000,0.000,0.000,0.000,0.000,0.000,1.000,1.000,0.000,48.919,49.100,0.940,59.182,5.000,101.0,47.0,42.71794891357422,38.66666793823242
66.709,13:01:23.593,461.053,35.879,16541.957,0.000,0.000,0.000,0.000,0.000,0.000,1.000,1.000,0.000,48.919,49.100,0.940,59.182,5.000,101.0,47.0,42.71794891357422,38.66666793823242
66.774,13:01:23.658,461.053,35.879,16541.957,0.000,0.000,0.000,0.000,0.000,0.000,1.000,1.000,0.000,48.919,49.100,0.940,59.182,5.000,101.0,47.0,42.71794891357422,38.66666793823242
66.837,13:01:23.801,461.053,35.879,16541.957,0.000,0.000,0.000,0.000,0.000,0.000,1.000,1.000,0.000,48.919,49.100,0.940,59.182,5.000,101.0,47.0,42.71794891357422,38.66666793823242
66.982,13:01:23.866,461.053,35.879,16541.957,0.000,0.000,0.000,0.000,0.000,0.000,1.000,1.000,0.000,48.919,49.100,0.940,59.182,5.000,101.0,47.0,42.71794891357422,38.66666793823242
67.046,13:01:24.121,460.727,35.940,16558.482,0.000,0.000,0.000,0.000,0.000,0.000,1.000,1.000,0.000,48.919,49.100,0.940,59.182,5.000,101.0,47.0,-30.820512771606445,-23.846153259277344
67.301,13:01:24.266,460.727,35.940,16558.482,0.000,0.000,0.000,0.000,0.000,0.000,1.000,1.000,0.000,48.919,49.100,0.940,59.244,5.000,101.0,47.0,-30.820512771606445,-23.846153259277344
67.445,13:01:24.329,458.884,36.359,16684.441,0.000,0.000,0.000,0.000,0.000,0.000,1.000,1.000,0.000,48.919,49.100,0.940,59.244,5.000,101.0,47.0,-30.820512771606445,-23.846153259277344
67.509,13:01:24.393,458.884,36.359,16684.441,0.000,0.000,0.000,0.000,0.000,0.000,1.000,1.000,0.000,48.919,49.100,0.940,59.244,5.000,101.0,47.0,-30.820512771606445,-23.846153259277344
67.573,13:01:24.536,458.884,36.359,16684.441,0.000,0.000,0.000,0.000,0.000,0.000,1.000,1.000,0.000,49.281,49.100,0.940,59.320,5.000,101.0,47.0,-30.820512771606445,-23.846153259277344
67.717,13:01:24.601,458.884,36.359,16684.441,0.000,0.000,0.000,0.000,0.000,0.000,1.000,1.000,0.000,49.281,49.100,0.940,59.320,5.000,101.0,47.0,-30.820512771606445,-23.846153259277344
67.782,13:01:24.665,458.884,36.359,16684.441,0.000,0.000,0.000,0.000,0.000,0.000,1.000,1.000,0.000,49.281,49.100,0.940,59.320,5.000,101.0,47.0,-30.820512771606445,-23.846153259277344
67.845,13:01:24.809,460.489,36.001,16577.949,0.000,0.000,0.000,0.000,0.000,0.000,1.000,1.000,0.000,48.919,49.100,0.940,59.369,5.000,101.0,47.0,-30.820512771606445,-23.846153259277344
67.989,13:01:24.873,460.489,36.001,16577.949,0.000,0.000,0.000,0.000,0.000,0.000,1.000,1.000,0.000,48.919,49.100,0.940,59.369,5.000,101.0,47.0,-30.820512771606445,-23.846153259277344
68.052,13:01:25.128,460.489,36.001,16577.949,0.000,0.000,0.000,0.000,0.000,0.000,1.000,1.000,0.000,48.919,49.100,0.940,59.369,5.000,101.0,47.0,39.846153259277344,49.846153259277344
68.309,13:01:25.272,463.094,35.378,16383.454,0.000,0.000,0.000,0.000,0.000,0.000,1.000,1.000,0.000,48.919,49.100,0.940,59.442,5.000,101.0,47.0,39.846153259277344,49.846153259277344
68.452,13:01:25.336,463.094,35.378,16383.454,0.000,0.000,0.000,0.000,0.000,0.000,1.000,1.000,0.000,48.919,49.100,0.940,59.442,5.000,101.0,47.0,39.846153259277344,49.846153259277344
68.517,13:01:25.401,463.094,35.378,16383.454,0.000,0.000,0.000,0.000,0.000,0.000,1.000,1.000,0.000,48.919,49.100,0.940,59.442,5.000,101.0,47.0,39.846153259277344,49.846153259277344
68.580,13:01:25.545,463.094,35.378,16383.454,0.000,0.000,0.000,0.000,0.000,0.000,1.000,1.000,0.000,48.919,49.100,0.940,59.484,5.000,101.0,47.0,39.846153259277344,49.846153259277344
68.725,13:01:25.609,460.537,35.998,16578.262,0.000,0.000,0.000,0.000,0.000,0.000,1.000,1.000,0.000,48.919,49.100,0.940,59.484,5.000,101.0,47.0,39.846153259277344,49.846153259277344
68.788,13:01:25.672,460.537,35.998,16578.262,0.000,0.000,0.000,0.000,0.000,0.000,1.000,1.000,0.000,48.919,49.100,0.940,59.484,5.000,101.0,47.0,39.846153259277344,49.846153259277344
68.852,13:01:25.816,460.537,35.998,16578.262,0.000,0.000,0.000,0.000,0.000,0.000,1.000,1.000,0.000,48.919,49.100,0.940,59.484,5.000,101.0,47.0,39.846153259277344,49.846153259277344
68.996,13:01:25.880,460.537,35.998,16578.262,0.000,0.000,0.000,0.000,0.000,0.000,1.000,1.000,0.000,48.919,49.100,0.940,59.484,5.000,101.0,47.0,39.846153259277344,49.846153259277344
69.060,13:01:26.135,460.654,35.968,16568.605,0.000,0.000,0.000,0.000,0.000,0.000,1.000,1.000,0.000,48.919,49.100,0.940,59.484,5.000,101.0,47.0,39.128204345703125,-51.17948532104492
69.316,13:01:26.280,460.654,35.968,16568.605,0.000,0.000,0.000,0.000,0.000,0.000,1.000,1.000,0.000,48.919,49.100,0.940,59.515,5.000,101.0,47.0,39.128204345703125,-51.17948532104492
69.460,13:01:26.344,463.089,35.368,16378.672,0.000,0.000,0.000,0.000,0.000,0.000,1.000,1.000,0.000,48.919,49.100,0.940,59.515,5.000,101.0,47.0,39.128204345703125,-51.17948532104492
69.524,13:01:26.408,463.089,35.368,16378.672,0.000,0.000,0.000,0.000,0.000,0.000,1.000,1.000,0.000,48.919,49.100,0.940,59.515,5.000,101.0,47.0,39.128204345703125,-51.17948532104492
69.587,13:01:26.552,463.089,35.368,16378.672,0.000,0.000,0.000,0.000,0.000,0.000,1.000,1.000,0.000,48.919,49.100,0.940,59.584,5.000,101.0,47.0,39.128204345703125,-51.17948532104492
69.732,13:01:26.616,463.089,35.368,16378.672,0.000,0.000,0.000,0.000,0.000,0.000,1.000,1.000,0.000,48.919,49.100,0.940,59.584,5.000,101.0,47.0,39.128204345703125,-51.17948532104492
69.796,13:01:26.680,463.089,35.368,16378.672,0.000,0.000,0.000,0.000,0.000,0.000,1.000,1.000,0.000,48.919,49.100,0.940,59.584,5.000,101.0,47.0,39.128204345703125,-51.17948532104492
69.860,13:01:26.823,456.146,36.990,16872.656,0.000,0.000,0.000,0.000,0.000,0.000,1.000,1.000,0.000,49.281,49.100,0.940,59.632,5.000,101.0,47.0,39.128204345703125,-51.17948532104492
70.004,13:01:26.888,456.146,36.990,16872.656,0.000,0.000,0.000,0.000,0.000,0.000,1.000,1.000,0.000,49.281,49.100,0.940,59.632,5.000,101.0,47.0,39.128204345703125,-51.17948532104492
70.068,13:01:27.143,456.146,36.990,16872.656,0.000,0.000,0.000,0.000,0.000,0.000,1.000,1.000,0.000,49.281,49.100,0.940,59.632,5.000,101.0,47.0,-32.66666793823242,-20.41025733947754
70.324,13:01:27.287,462.886,35.427,16398.639,0.000,0.000,0.000,0.000,0.000,0.000,1.000,1.000,0.000,48.919,49.100,0.940,59.685,5.000,101.0,47.0,-32.66666793823242,-20.41025733947754
70.467,13:01:27.351,462.886,35.427,16398.639,0.000,0.000,0.000,0.000,0.000,0.000,1.000,1.000,0.000,48.919,49.100,0.940,59.685,5.000,101.0,47.0,-32.66666793823242,-20.41025733947754
70.531,13:01:27.415,462.886,35.427,16398.639,0.000,0.000,0.000,0.000,0.000,0.000,1.000,1.000,0.000,48.919,49.100,0.940,59.685,5.000,101.0,47.0,-32.66666793823242,-20.41025733947754
70.595,13:01:27.559,462.886,35.427,16398.639,0.000,0.000,0.000,0.000,0.000,0.000,1.000,1.000,0.000,48.919,49.100,0.940,59.685,5.000,101.0,47.0,-32.66666793823242,-20.41025733947754
70.739,13:01:27.623,459.955,36.137,16621.473,0.000,0.000,0.000,0.000,0.000,0.000,1.000,1.000,0.000,48.919,49.100,0.940,59.685,5.000,101.0,47.0,-32.66666793823242,-20.41025733947754
70.803,13:01:27.687,459.955,36.137,16621.473,0.000,0.000,0.000,0.000,0.000,0.000,1.000,1.000,0.000,48.919,49.100,0.940,59.685,5.000,101.0,47.0,-32.66666793823242,-20.41025733947754
70.868,13:01:27.831,459.955,36.137,16621.473,0.000,0.000,0.000,0.000,0.000,0.000,1.000,1.000,0.000,48.919,49.100,0.940,59.758,5.000,101.0,47.0,-32.66666793823242,-20.41025733947754
71.011,13:01:27.895,459.955,36.137,16621.473,0.000,0.000,0.000,0.000,0.000,0.000,1.000,1.000,0.000,48.919,49.100,0.940,59.758,5.000,101.0,47.0,-32.66666793823242,-20.41025733947754
71.075,13:01:28.151,459.955,36.137,16621.473,0.000,0.000,0.000,0.000,0.000,0.000,1.000,1.000,0.000,48.919,49.100,0.940,59.758,5.000,101.0,47.0,40.71794891357422,7.897435665130615
71.331,13:01:28.295,459.509,36.239,16651.986,0.000,0.000,0.000,0.000,0.000,0.000,1.000,1.000,0.000,49.281,49.100,0.940,59.792,5.000,101.0,47.0,40.71794891357422,7.897435665130615
71.474,13:01:28.358,459.509,36.239,16651.986,0.000,0.000,0.000,0.000,0.000,0.000,1.000,1.000,0.000,49.281,49.100,0.940,59.792,5.000,101.0,47.0,40.71794891357422,7.897435665130615
71.539,13:01:28.423,459.457,36.268,16663.393,0.000,0.000,0.000,0.000,0.000,0.000,1.000,1.000,0.000,49.281,49.100,0.940,59.792,5.000,101.0,47.0,40.71794891357422,7.897435665130615
71.603,13:01:28.567,459.457,36.268,16663.393,0.000,0.000,0.000,0.000,0.000,0.000,1.000,1.000,0.000,49.319,49.500,0.940,59.860,5.000,101.0,47.0,40.71794891357422,7.897435665130615
71.746,13:01:28.630,459.457,36.268,16663.393,0.000,0.000,0.000,0.000,0.000,0.000,1.000,1.000,0.000,49.319,49.500,0.940,59.860,5.000,101.0,47.0,40.71794891357422,7.897435665130615
71.811,13:01:28.695,459.457,36.268,16663.393,0.000,0.000,0.000,0.000,0.000,0.000,1.000,1.000,0.000,49.319,49.500,0.940,59.860,5.000,101.0,47.0,40.71794891357422,7.897435665130615
71.875,13:01:28.839,459.457,36.268,16663.393,0.000,0.000,0.000,0.000,0.000,0.000,1.000,1.000,0.000,49.319,49.500,0.940,59.905,5.000,101.0,47.0,40.71794891357422,7.897435665130615
72.018,13:01:28.901,455.575,37.116,16909.158,0.000,0.000,0.000,0.000,0.000,0.000,1.000,1.000,0.000,49.319,49.500,0.940,59.905,5.000,101.0,47.0,40.71794891357422,7.897435665130615
72.082,13:01:29.157,455.575,37.116,16909.158,0.000,0.000,0.000,0.000,0.000,0.000,1.000,1.000,0.000,49.319,49.500,0.940,59.905,5.000,101.0,47.0,-28.30769157409668,54.20512771606445
72.338,13:01:29.301,459.755,36.222,16653.031,0.000,0.000,0.000,0.000,0.000,0.000,1.000,1.000,0.000,48.919,49.100,0.940,59.982,5.000,101.0,47.0,-28.30769157409668,54.20512771606445
72.482,13:01:29.366,459.755,36.222,16653.031,0.000,0.000,0.000,0.000,0.000,0.000,1.000,1.000,0.000,48.919,49.100,0.940,59.982,5.000,101.0,47.0,-28.30769157409668,54.20512771606445
72.546,13:01:29.430,459.755,36.222,16653.031,0.000,0.000,0.000,0.000,0.000,0.000,1.000,1.000,0.000,48.919,49.100,0.940,59.982,5.000,101.0,47.0,-28.30769157409668,54.20512771606445
72.610,13:01:29.574,459.755,36.222,16653.031,0.000,0.000,0.000,0.000,0.000,0.000,1.000,1.000,0.000,48.919,49.100,0.940,59.982,5.000,101.0,47.0,-28.30769157409668,54.20512771606445
72.753,13:01:29.637,463.391,35.331,16372.146,0.000,0.000,0.000,0.000,0.000,0.000,1.000,1.000,0.000,48.919,49.100,0.940,59.982,5.000,101.0,47.0,-28.30769157409668,54.20512771606445
72.817,13:01:29.701,463.391,35.331,16372.146,0.000,0.000,0.000,0.000,0.000,0.000,1.000,1.000,0.000,48.919,49.100,0.940,59.982,5.000,101.0,47.0,-28.30769157409668,54.20512771606445
72.882,13:01:29.846,463.391,35.331,16372.146,0.000,0.000,0.000,0.000,0.000,0.000,1.000,1.000,0.000,48.919,49.100,0.940,60.060,5.000,101.0,47.0,-28.30769157409668,54.20512771606445
73.026,13:01:29.910,463.391,35.331,16372.146,0.000,0.000,0.000,0.000,0.000,0.000,1.000,1.000,0.000,48.919,49.100,0.940,60.060,5.000,101.0,47.0,-28.30769157409668,54.20512771606445
73.090,13:01:30.165,463.391,35.331,16372.146,0.000,0.000,0.000,0.000,0.000,0.000,1.000,1.000,0.000,48.919,49.100,0.940,60.060,5.000,101.0,47.0,51.28205108642578,-14.717948913574219
73.345,13:01:30.310,460.076,36.135,16624.918,0.000,0.000,0.000,0.000,0.000,0.000,1.000,1.000,0.000,48.919,49.100,0.940,60.142,5.000,101.0,47.0,51.28205108642578,-14.717948913574219
73.489,13:01:30.373,460.076,36.135,16624.918,0.000,0.000,0.000,0.000,0.000,0.000,1.000,1.000,0.000,48.919,49.100,0.940,60.142,5.000,101.0,47.0,51.28205108642578,-14.717948913574219
73.553,13:01:30.437,459.859,36.178,16636.939,0.000,0.000,0.000,0.000,0.000,0.000,1.000,1.000,0.000,48.919,49.100,0.940,60.142,5.000,101.0,47.0,51.28205108642578,-14.717948913574219
73.617,13:01:30.580,459.859,36.178,16636.939,0.000,0.000,0.000,0.000,0.000,0.000,1.000,1.000,0.000,49.281,49.100,0.940,60.170,5.000,101.0,47.0,51.28205108642578,-14.717948913574219
73.761,13:01:30.645,459.859,36.178,16636.939,0.000,0.000,0.000,0.000,0.000,0.000,1.000,1.000,0.000,49.281,49.100,0.940,60.170,5.000,101.0,47.0,51.28205108642578,-14.717948913574219
73.825,13:01:30.709,459.859,36.178,16636.939,0.000,0.000,0.000,0.000,0.000,0.000,1.000,1.000,0.000,49.281,49.100,0.940,60.170,5.000,101.0,47.0,51.28205108642578,-14.717948913574219
73.889,13:01:30.852,459.859,36.178,16636.939,0.000,0.000,0.000,0.000,0.000,0.000,1.000,1.000,0.000,48.919,49.100,0.940,60.185,5.000,101.0,47.0,51.28205108642578,-14.717948913574219
74.033,13:01:30.916,459.870,36.191,16642.969,0.000,0.000,0.000,0.000,0.000,0.000,1.000,1.000,0.000,48.919,49.100,0.940,60.185,5.000,101.0,47.0,51.28205108642578,-14.717948913574219
74.096,13:01:31.173,459.870,36.191,16642.969,0.000,0.000,0.000,0.000,0.000,0.000,1.000,1.000,0.000,48.919,49.100,0.940,60.185,5.000,101.0,47.0,-50.82051467895508,27.435897827148438
74.353,13:01:31.316,463.281,35.358,16380.564,0.000,0.000,0.000,0.000,0.000,0.000,1.000,1.000,0.000,48.919,49.100,0.940,60.250,5.000,101.0,47.0,-50.82051467895508,27.435897827148438
74.496,13:01:31.380,463.281,35.358,16380.564,0.000,0.000,0.000,0.000,0.000,0.000,1.000,1.000,0.000,48.919,49.100,0.940,60.250,5.000,101.0,47.0,-50.82051467895508,27.435897827148438
74.561,13:01:31.445,463.281,35.358,16380.564,0.000,0.000,0.000,0.000,0.000,0.000,1.000,1.000,0.000,48.919,49.100,0.940,60.250,5.000,101.0,47.0,-50.82051467895508,27.435897827148438
74.624,13:01:31.589,463.281,35.358,16380.564,0.000,0.000,0.000,0.000,0.000,0.000,1.000,1.000,0.000,48.919,49.100,0.940,60.250,5.000,101.0,47.0,-50.82051467895508,27.435897827148438
74.768,13:01:31.652,460.054,36.146,16629.016,0.000,0.000,0.000,0.000,0.000,0.000,1.000,1.000,0.000,48.919,49.100,0.940,60.250,5.000,101.0,47.0,-50.82051467895508,27.435897827148438
74.832,13:01:31.716,460.054,36.146,16629.016,0.000,0.000,0.000,0.000,0.000,0.000,1.000,1.000,0.000,48.919,49.100,0.940,60.250,5.000,101.0,47.0,-50.82051467895508,27.435897827148438
74.896,13:01:31.860,460.054,36.146,16629.016,0.000,0.000,0.000,0.000,0.000,0.000,1.000,1.000,0.000,48.919,49.100,0.940,60.287,5.000,101.0,47.0,-50.82051467895508,27.435897827148438
75.041,13:01:31.925,460.054,36.146,16629.016,0.000,0.000,0.000,0.000,0.000,0.000,1.000,1.000,0.000,48.919,49.100,0.940,60.287,5.000,101.0,47.0,-50.82051467895508,27.435897827148438
75.105,13:01:32.179,460.054,36.146,16629.016,0.000,0.000,0.000,0.000,0.000,0.000,1.000,1.000,0.000,48.919,49.100,0.940,60.287,5.000,101.0,47.0,-21.179487228393555,52.35897445678711
75.360,13:01:32.324,463.529,35.296,16360.596,0.000,0.000,0.000,0.000,0.000,0.000,1.000,1.000,0.000,48.919,49.100,0.940,60.301,5.000,101.0,47.0,-21.179487228393555,52.35897445678711
75.505,13:01:32.389,463.529,35.296,16360.596,0.000,0.000,0.000,0.000,0.000,0.000,1.000,1.000,0.000,48.919,49.100,0.940,60.301,5.000,101.0,47.0,-21.179487228393555,52.35897445678711
75.568,13:01:32.452,456.922,36.917,16868.428,0.000,0.000,0.000,0.000,0.000,0.000,1.000,1.000,0.000,48.919,49.100,0.940,60.301,5.000,101.0,47.0,-21.179487228393555,52.35897445678711
75.632,13:01:32.595,456.922,36.917,16868.428,0.000,0.000,0.000,0.000,0.000,0.000,1.000,1.000,0.000,49.281,49.100,0.940,60.383,5.000,101.0,47.0,-21.179487228393555,52.35897445678711
75.776,13:01:32.660,456.922,36.917,16868.428,0.000,0.000,0.000,0.000,0.000,0.000,1.000,1.000,0.000,49.281,49.100,0.940,60.383,5.000,101.0,47.0,-21.179487228393555,52.35897445678711
75.839,13:01:32.723,456.922,36.917,16868.428,0.000,0.000,0.000,0.000,0.000,0.000,1.000,1.000,0.000,49.281,49.100,0.940,60.383,5.000,101.0,47.0,-21.179487228393555,52.35897445678711
75.903,13:01:32.867,456.922,36.917,16868.428,0.000,0.000,0.000,0.000,0.000,0.000,1.000,1.000,0.000,48.880,48.700,0.940,60.383,5.000,101.0,47.0,-21.179487228393555,52.35897445678711
76.048,13:01:32.931,461.070,35.974,16586.346,0.000,0.000,0.000,0.000,0.000,0.000,1.000,1.000,0.000,48.880,48.700,0.940,60.383,5.000,101.0,47.0,-21.179487228393555,52.35897445678711
76.112,13:01:33.187,461.070,35.974,16586.346,0.000,0.000,0.000,0.000,0.000,0.000,1.000,1.000,0.000,48.880,48.700,0.940,60.383,5.000,101.0,47.0,-14.51282024383545,-35.487178802490234
76.367,13:01:33.331,462.149,35.702,16499.740,0.000,0.000,0.000,0.000,0.000,0.000,1.000,1.000,0.000,48.919,49.100,0.940,60.437,5.000,101.0,47.0,-14.51282024383545,-35.487178802490234
76.511,13:01:33.395,462.149,35.702,16499.740,0.000,0.000,0.000,0.000,0.000,0.000,1.000,1.000,0.000,48.919,49.100,0.940,60.437,5.000,101.0,47.0,-14.51282024383545,-35.487178802490234
76.575,13:01:33.459,462.149,35.702,16499.740,0.000,0.000,0.000,0.000,0.000,0.000,1.000,1.000,0.000,48.919,49.100,0.940,60.437,5.000,101.0,47.0,-14.51282024383545,-35.487178802490234
76.639,13:01:33.604,462.149,35.702,16499.740,0.000,0.000,0.000,0.000,0.000,0.000,1.000,1.000,0.000,48.919,49.100,0.940,60.437,5.000,101.0,47.0,-14.51282024383545,-35.487178802490234
76.783,13:01:33.667,460.854,36.006,16593.312,0.000,0.000,0.000,0.000,0.000,0.000,1.000,1.000,0.000,48.919,49.100,0.940,60.437,5.000,101.0,47.0,-14.51282024383545,-35.487178802490234
76.847,13:01:33.731,460.854,36.006,16593.312,0.000,0.000,0.000,0.000,0.000,0.000,1.000,1.000,0.000,48.919,49.100,0.940,60.437,5.000,101.0,47.0,-14.51282024383545,-35.487178802490234
76.912,13:01:33.875,460.854,36.006,16593.312,0.000,0.000,0.000,0.000,0.000,0.000,1.000,1.000,0.000,48.881,48.700,0.940,60.456,5.000,101.0,47.0,-14.51282024383545,-35.487178802490234
77.056,13:01:33.939,460.854,36.006,16593.312,0.000,0.000,0.000,0.000,0.000,0.000,1.000,1.000,0.000,48.881,48.700,0.940,60.456,5.000,101.0,47.0,-14.51282024383545,-35.487178802490234
77.118,13:01:34.195,460.854,36.006,16593.312,0.000,0.000,0.000,0.000,0.000,0.000,1.000,1.000,0.000,48.881,48.700,0.940,60.456,5.000,101.0,47.0,-37.28205108642578,-9.282051086425781
77.375,13:01:34.338,458.461,36.562,16762.029,0.000,0.000,0.000,0.000,0.000,0.000,1.000,1.000,0.000,49.319,49.500,0.940,60.510,5.000,101.0,47.0,-37.28205108642578,-9.282051086425781
77.519,13:01:34.403,458.461,36.562,16762.029,0.000,0.000,0.000,0.000,0.000,0.000,1.000,1.000,0.000,49.319,49.500,0.940,60.510,5.000,101.0,47.0,-37.28205108642578,-9.282051086425781
77.582,13:01:34.466,458.461,36.562,16762.029,0.000,0.000,0.000,0.000,0.000,0.000,1.000,1.000,0.000,49.319,49.500,0.940,60.510,5.000,101.0,47.0,-37.28205108642578,-9.282051086425781
77.646,13:01:34.610,460.757,36.042,16606.588,0.000,0.000,0.000,0.000,0.000,0.000,1.000,1.000,0.000,48.881,48.700,0.940,60.524,5.000,101.0,47.0,-37.28205108642578,-9.282051086425781
77.791,13:01:34.675,460.757,36.042,16606.588,0.000,0.000,0.000,0.000,0.000,0.000,1.000,1.000,0.000,48.881,48.700,0.940,60.524,5.000,101.0,47.0,-37.28205108642578,-9.282051086425781
77.854,13:01:34.738,460.757,36.042,16606.588,0.000,0.000,0.000,0.000,0.000,0.000,1.000,1.000,0.000,48.881,48.700,0.940,60.524,5.000,101.0,47.0,-37.28205108642578,-9.282051086425781
77.918,13:01:34.882,460.757,36.042,16606.588,0.000,0.000,0.000,0.000,0.000,0.000,1.000,1.000,0.000,48.881,48.700,0.940,60.524,5.000,101.0,47.0,-37.28205108642578,-9.282051086425781
78.063,13:01:34.947,458.730,36.508,16747.389,0.000,0.000,0.000,0.000,0.000,0.000,1.000,1.000,0.000,48.881,48.700,0.940,60.524,5.000,101.0,47.0,-37.28205108642578,-9.282051086425781
78.127,13:01:35.202,458.730,36.508,16747.389,0.000,0.000,0.000,0.000,0.000,0.000,1.000,1.000,0.000,48.881,48.700,0.940,60.524,5.000,101.0,47.0,52.35897445678711,-13.589743614196777
78.382,13:01:35.345,458.730,36.508,16747.389,0.000,0.000,0.000,0.000,0.000,0.000,1.000,1.000,0.000,48.881,48.700,0.940,60.669,5.000,101.0,47.0,52.35897445678711,-13.589743614196777
78.526,13:01:35.410,460.532,36.088,16619.793,0.000,0.000,0.000,0.000,0.000,0.000,1.000,1.000,0.000,48.881,48.700,0.940,60.669,5.000,101.0,47.0,52.35897445678711,-13.589743614196777
78.590,13:01:35.474,460.532,36.088,16619.793,0.000,0.000,0.000,0.000,0.000,0.000,1.000,1.000,0.000,48.881,48.700,0.940,60.669,5.000,101.0,47.0,52.35897445678711,-13.589743614196777
78.654,13:01:35.618,460.532,36.088,16619.793,0.000,0.000,0.000,0.000,0.000,0.000,1.000,1.000,0.000,48.881,48.700,0.940,60.669,5.000,101.0,47.0,52.35897445678711,-13.589743614196777
78.797,13:01:35.681,460.532,36.088,16619.793,0.000,0.000,0.000,0.000,0.000,0.000,1.000,1.000,0.000,48.881,48.700,0.940,60.669,5.000,101.0,47.0,52.35897445678711,-13.589743614196777
78.862,13:01:35.746,458.694,36.505,16744.498,0.000,0.000,0.000,0.000,0.000,0.000,1.000,1.000,0.000,48.881,48.700,0.940,60.669,5.000,101.0,47.0,52.35897445678711,-13.589743614196777
78.926,13:01:35.889,458.694,36.505,16744.498,0.000,0.000,0.000,0.000,0.000,0.000,1.000,1.000,0.000,49.319,49.500,0.940,60.704,5.000,101.0,47.0,52.35897445678711,-13.589743614196777
79.070,13:01:35.954,458.694,36.505,16744.498,0.000,0.000,0.000,0.000,0.000,0.000,1.000,1.000,0.000,49.319,49.500,0.940,60.704,5.000,101.0,47.0,52.35897445678711,-13.589743614196777
79.133,13:01:36.210,458.694,36.505,16744.498,0.000,0.000,0.000,0.000,0.000,0.000,1.000,1.000,0.000,49.319,49.500,0.940,60.704,5.000,101.0,47.0,-28.41025733947754,-25.94871711730957
79.390,13:01:36.353,460.335,36.128,16631.191,0.000,0.000,0.000,0.000,0.000,0.000,1.000,1.000,0.000,48.881,48.700,0.940,60.757,5.000,101.0,47.0,-28.41025733947754,-25.94871711730957
79.533,13:01:36.417,460.335,36.128,16631.191,0.000,0.000,0.000,0.000,0.000,0.000,1.000,1.000,0.000,48.881,48.700,0.940,60.757,5.000,101.0,47.0,-28.41025733947754,-25.94871711730957
79.597,13:01:36.481,460.335,36.128,16631.191,0.000,0.000,0.000,0.000,0.000,0.000,1.000,1.000,0.000,48.881,48.700,0.940,60.757,5.000,101.0,47.0,-28.41025733947754,-25.94871711730957
79.661,13:01:36.626,460.198,36.157,16639.377,0.000,0.000,0.000,0.000,0.000,0.000,1.000,1.000,0.000,48.919,49.100,0.940,60.760,5.000,101.0,47.0,-28.41025733947754,-25.94871711730957
79.806,13:01:36.690,460.198,36.157,16639.377,0.000,0.000,0.000,0.000,0.000,0.000,1.000,1.000,0.000,48.919,49.100,0.940,60.760,5.000,101.0,47.0,-28.41025733947754,-25.94871711730957
79.870,13:01:36.754,460.198,36.157,16639.377,0.000,0.000,0.000,0.000,0.000,0.000,1.000,1.000,0.000,48.919,49.100,0.940,60.760,5.000,101.0,47.0,-28.41025733947754,-25.94871711730957
79.933,13:01:36.897,460.198,36.157,16639.377,0.000,0.000,0.000,0.000,0.000,0.000,1.000,1.000,0.000,48.919,49.100,0.940,60.760,5.000,101.0,47.0,-28.41025733947754,-25.94871711730957
80.078,13:01:36.962,460.441,36.115,16628.762,0.000,0.000,0.000,0.000,0.000,0.000,1.000,1.000,0.000,48.919,49.100,0.940,60.760,5.000,101.0,47.0,-28.41025733947754,-25.94871711730957
80.141,13:01:37.217,460.441,36.115,16628.762,0.000,0.000,0.000,0.000,0.000,0.000,1.000,1.000,0.000,48.919,49.100,0.940,60.760,5.000,101.0,47.0,18.205127716064453,35.69230651855469
80.397,13:01:37.360,460.441,36.115,16628.762,0.000,0.000,0.000,0.000,0.000,0.000,1.000,1.000,0.000,48.919,49.100,0.940,60.842,5.000,101.0,47.0,18.205127716064453,35.69230651855469
80.541,13:01:37.425,460.414,36.126,16632.705,0.000,0.000,0.000,0.000,0.000,0.000,1.000,1.000,0.000,48.919,49.100,0.940,60.842,5.000,101.0,47.0,18.205127716064453,35.69230651855469
80.605,13:01:37.489,460.414,36.126,16632.705,0.000,0.000,0.000,0.000,0.000,0.000,1.000,1.000,0.000,48.919,49.100,0.940,60.842,5.000,101.0,47.0,18.205127716064453,35.69230651855469
80.668,13:01:37.633,460.414,36.126,16632.705,0.000,0.000,0.000,0.000,0.000,0.000,1.000,1.000,0.000,48.919,49.100,0.940,60.842,5.000,101.0,47.0,18.205127716064453,35.69230651855469
80.813,13:01:37.696,460.414,36.126,16632.705,0.000,0.000,0.000,0.000,0.000,0.000,1.000,1.000,0.000,48.919,49.100,0.940,60.842,5.000,101.0,47.0,18.205127716064453,35.69230651855469
81.213,13:01:38.367,460.429,36.113,16627.566,0.000,0.000,0.000,0.000,0.000,0.000,1.000,1.000,0.000,48.919,49.100,0.940,60.921,5.000,101.0,47.0,53.43589782714844,-23.33333396911621
81.548,13:01:38.512,460.383,36.122,16629.938,0.000,0.000,0.000,0.000,0.000,0.000,1.000,1.000,0.000,48.919,49.100,0.940,60.921,5.000,101.0,47.0,53.43589782714844,-23.33333396911621
81.691,13:01:38.575,455.978,37.103,16918.086,0.000,0.000,0.000,0.000,0.000,0.000,1.000,1.000,0.000,48.919,49.100,0.940,60.921,5.000,101.0,47.0,53.43589782714844,-23.33333396911621
81.756,13:01:38.640,455.978,37.103,16918.086,0.000,0.000,0.000,0.000,0.000,0.000,1.000,1.000,0.000,48.919,49.100,0.940,60.921,5.000,101.0,47.0,53.43589782714844,-23.33333396911621
81.819,13:01:38.783,455.978,37.103,16918.086,0.000,0.000,0.000,0.000,0.000,0.000,1.000,1.000,0.000,49.319,49.500,0.940,60.937,5.000,101.0,47.0,53.43589782714844,-23.33333396911621
81.964,13:01:38.848,455.978,37.103,16918.086,0.000,0.000,0.000,0.000,0.000,0.000,1.000,1.000,0.000,49.319,49.500,0.940,60.937,5.000,101.0,47.0,53.43589782714844,-23.33333396911621
82.027,13:01:38.911,455.978,37.103,16918.086,0.000,0.000,0.000,0.000,0.000,0.000,1.000,1.000,0.000,49.319,49.500,0.940,60.937,5.000,101.0,47.0,53.43589782714844,-23.33333396911621
82.092,13:01:39.056,460.031,36.206,16656.066,0.000,0.000,0.000,0.000,0.000,0.000,1.000,1.000,0.000,48.881,48.700,0.940,61.016,5.000,101.0,47.0,53.43589782714844,-23.33333396911621
82.235,13:01:39.312,460.031,36.206,16656.066,0.000,0.000,0.000,0.000,0.000,0.000,1.000,1.000,0.000,48.881,48.700,0.940,61.016,5.000,101.0,47.0,-26.769229888916016,53.17948532104492
82.492,13:01:39.455,460.330,36.141,16636.986,0.000,0.000,0.000,0.000,0.000,0.000,1.000,1.000,0.000,48.919,49.100,0.940,61.059,5.000,101.0,47.0,-26.769229888916016,53.17948532104492
82.636,13:01:39.520,460.330,36.141,16636.986,0.000,0.000,0.000,0.000,0.000,0.000,1.000,1.000,0.000,48.919,49.100,0.940,61.059,5.000,101.0,47.0,-26.769229888916016,53.17948532104492
82.699,13:01:39.583,460.330,36.141,16636.986,0.000,0.000,0.000,0.000,0.000,0.000,1.000,1.000,0.000,48.919,49.100,0.940,61.059,5.000,101.0,47.0,-26.769229888916016,53.17948532104492
82.763,13:01:39.728,460.330,36.141,16636.986,0.000,0.000,0.000,0.000,0.000,0.000,1.000,1.000,0.000,48.919,49.100,0.940,61.059,5.000,101.0,47.0,-26.769229888916016,53.17948532104492
82.907,13:01:39.791,459.576,36.322,16692.633,0.000,0.000,0.000,0.000,0.000,0.000,1.000,1.000,0.000,48.919,49.100,0.940,61.059,5.000,101.0,47.0,-26.769229888916016,53.17948532104492
82.971,13:01:39.855,459.576,36.322,16692.633,0.000,0.000,0.000,0.000,0.000,0.000,1.000,1.000,0.000,48.919,49.100,0.940,61.059,5.000,101.0,47.0,-26.769229888916016,53.17948532104492
83.035,13:01:39.999,459.576,36.322,16692.633,0.000,0.000,0.000,0.000,0.000,0.000,1.000,1.000,0.000,49.281,49.100,0.940,61.071,5.000,101.0,47.0,-26.769229888916016,53.17948532104492
83.179,13:01:40.062,459.576,36.322,16692.633,0.000,0.000,0.000,0.000,0.000,0.000,1.000,1.000,0.000,49.281,49.100,0.940,61.071,5.000,101.0,47.0,-26.769229888916016,53.17948532104492
83.242,13:01:40.320,459.576,36.322,16692.633,0.000,0.000,0.000,0.000,0.000,0.000,1.000,1.000,0.000,49.281,49.100,0.940,61.071,5.000,101.0,47.0,29.58974266052246,22.512821197509766
83.498,13:01:40.462,463.317,35.400,16401.469,0.000,0.000,0.000,0.000,0.000,0.000,1.000,1.000,0.000,48.881,48.700,0.940,61.125,5.000,101.0,47.0,29.58974266052246,22.512821197509766
83.643,13:01:40.527,463.317,35.400,16401.469,0.000,0.000,0.000,0.000,0.000,0.000,1.000,1.000,0.000,48.881,48.700,0.940,61.125,5.000,101.0,47.0,29.58974266052246,22.512821197509766
83.707,13:01:40.591,460.140,36.176,16646.090,0.000,0.000,0.000,0.000,0.000,0.000,1.000,1.000,0.000,48.881,48.700,0.940,61.125,5.000,101.0,47.0,29.58974266052246,22.512821197509766
83.771,13:01:40.734,460.140,36.176,16646.090,0.000,0.000,0.000,0.000,0.000,0.000,1.000,1.000,0.000,48.919,49.100,0.940,61.162,5.000,101.0,47.0,29.58974266052246,22.512821197509766
83.914,13:01:40.798,460.140,36.176,16646.090,0.000,0.000,0.000,0.000,0.000,0.000,1.000,1.000,0.000,48.919,49.100,0.940,61.162,5.000,101.0,47.0,29.58974266052246,22.512821197509766
83.978,13:01:40.862,460.140,36.176,16646.090,0.000,0.000,0.000,0.000,0.000,0.000,1.000,1.000,0.000,48.919,49.100,0.940,61.162,5.000,101.0,47.0,29.58974266052246,22.512821197509766
84.042,13:01:41.007,460.140,36.176,16646.090,0.000,0.000,0.000,0.000,0.000,0.000,1.000,1.000,0.000,49.319,49.500,0.940,61.196,5.000,101.0,47.0,29.58974266052246,22.512821197509766
84.187,13:01:41.071,455.846,37.133,16927.008,0.000,0.000,0.000,0.000,0.000,0.000,1.000,1.000,0.000,49.319,49.500,0.940,61.196,5.000,101.0,47.0,29.58974266052246,22.512821197509766
84.250,13:01:41.327,455.846,37.133,16927.008,0.000,0.000,0.000,0.000,0.000,0.000,1.000,1.000,0.000,49.319,49.500,0.940,61.196,5.000,101.0,47.0,-44.61538314819336,-5.641025543212891
84.506,13:01:41.470,459.601,36.306,16686.250,0.000,0.000,0.000,0.000,0.000,0.000,1.000,1.000,0.000,49.281,49.100,0.940,61.251,5.000,101.0,47.0,-44.61538314819336,-5.641025543212891
84.650,13:01:41.534,459.601,36.306,16686.250,0.000,0.000,0.000,0.000,0.000,0.000,1.000,1.000,0.000,49.281,49.100,0.940,61.251,5.000,101.0,47.0,-44.61538314819336,-5.641025543212891
84.714,13:01:41.598,459.601,36.306,16686.250,0.000,0.000,0.000,0.000,0.000,0.000,1.000,1.000,0.000,49.281,49.100,0.940,61.251,5.000,101.0,47.0,-44.61538314819336,-5.641025543212891
84.778,13:01:41.743,459.601,36.306,16686.250,0.000,0.000,0.000,0.000,0.000,0.000,1.000,1.000,0.000,49.281,49.100,0.940,61.251,5.000,101.0,47.0,-44.61538314819336,-5.641025543212891
84.922,13:01:41.806,463.231,35.422,16408.510,0.000,0.000,0.000,0.000,0.000,0.000,1.000,1.000,0.000,49.281,49.100,0.940,61.251,5.000,101.0,47.0,-44.61538314819336,-5.641025543212891
84.987,13:01:41.871,463.231,35.422,16408.510,0.000,0.000,0.000,0.000,0.000,0.000,1.000,1.000,0.000,49.281,49.100,0.940,61.251,5.000,101.0,47.0,-44.61538314819336,-5.641025543212891
85.050,13:01:42.014,463.231,35.422,16408.510,0.000,0.000,0.000,0.000,0.000,0.000,1.000,1.000,0.000,48.881,48.700,0.940,61.256,5.000,101.0,47.0,-44.61538314819336,-5.641025543212891
85.194,13:01:42.078,463.231,35.422,16408.510,0.000,0.000,0.000,0.000,0.000,0.000,1.000,1.000,0.000,48.881,48.700,0.940,61.256,5.000,101.0,47.0,-44.61538314819336,-5.641025543212891
85.258,13:01:42.334,463.231,35.422,16408.510,0.000,0.000,0.000,0.000,0.000,0.000,1.000,1.000,0.000,48.881,48.700,0.940,61.256,5.000,101.0,47.0,-38.35897445678711,46.0512809753418
85.513,13:01:42.478,463.775,35.288,16365.867,0.000,0.000,0.000,0.000,0.000,0.000,1.000,1.000,0.000,48.480,48.300,0.940,61.297,5.000,101.0,47.0,-38.35897445678711,46.0512809753418
85.658,13:01:42.542,463.775,35.288,16365.867,0.000,0.000,0.000,0.000,0.000,0.000,1.000,1.000,0.000,48.480,48.300,0.940,61.297,5.000,101.0,47.0,-38.35897445678711,46.0512809753418
85.721,13:01:42.605,466.963,34.432,16078.650,0.000,0.000,0.000,0.000,0.000,0.000,1.000,1.000,0.000,48.480,48.300,0.940,61.297,5.000,101.0,47.0,-38.35897445678711,46.0512809753418
85.786,13:01:42.750,466.963,34.432,16078.650,0.000,0.000,0.000,0.000,0.000,0.000,1.000,1.000,0.000,48.080,47.900,0.940,61.273,5.000,101.0,47.0,-38.35897445678711,46.0512809753418
85.929,13:01:42.813,466.963,34.432,16078.650,0.000,0.000,0.000,0.000,0.000,0.000,1.000,1.000,0.000,48.080,47.900,0.940,61.273,5.000,101.0,47.0,-38.35897445678711,46.0512809753418
85.994,13:01:42.878,466.963,34.432,16078.650,0.000,0.000,0.000,0.000,0.000,0.000,1.000,1.000,0.000,48.080,47.900,0.940,61.273,5.000,101.0,47.0,-38.35897445678711,46.0512809753418
86.058,13:01:43.022,466.963,34.432,16078.650,0.000,0.000,0.000,0.000,0.000,0.000,1.000,1.000,0.000,48.080,47.900,0.940,61.273,5.000,101.0,47.0,-38.35897445678711,46.0512809753418
86.202,13:01:43.086,466.865,34.459,16087.533,0.000,0.000,0.000,0.000,0.000,0.000,1.000,1.000,0.000,48.080,47.900,0.940,61.273,5.000,101.0,47.0,-38.35897445678711,46.0512809753418
86.265,13:01:43.342,466.865,34.459,16087.533,0.000,0.000,0.000,0.000,0.000,0.000,1.000,1.000,0.000,48.080,47.900,0.940,61.273,5.000,101.0,47.0,-49.589744567871094,17.0256404876709
86.520,13:01:43.485,466.865,34.459,16087.533,0.000,0.000,0.000,0.000,0.000,0.000,1.000,1.000,0.000,48.919,49.100,0.940,61.209,5.000,101.0,47.0,-49.589744567871094,17.0256404876709
86.665,13:01:43.549,460.159,36.159,16639.039,0.000,0.000,0.000,0.000,0.000,0.000,1.000,1.000,0.000,48.919,49.100,0.940,61.209,5.000,101.0,47.0,-49.589744567871094,17.0256404876709
86.729,13:01:43.612,460.159,36.159,16639.039,0.000,0.000,0.000,0.000,0.000,0.000,1.000,1.000,0.000,48.919,49.100,0.940,61.209,5.000,101.0,47.0,-49.589744567871094,17.0256404876709
86.793,13:01:43.757,460.159,36.159,16639.039,0.000,0.000,0.000,0.000,0.000,0.000,1.000,1.000,0.000,48.919,49.100,0.940,61.209,5.000,101.0,47.0,-49.589744567871094,17.0256404876709
86.936,13:01:43.820,458.543,36.527,16749.320,0.000,0.000,0.000,0.000,0.000,0.000,1.000,1.000,0.000,48.919,49.100,0.940,61.209,5.000,101.0,47.0,-49.589744567871094,17.0256404876709
87.001,13:01:43.885,458.543,36.527,16749.320,0.000,0.000,0.000,0.000,0.000,0.000,1.000,1.000,0.000,48.919,49.100,0.940,61.209,5.000,101.0,47.0,-49.589744567871094,17.0256404876709
87.065,13:01:44.028,458.543,36.527,16749.320,0.000,0.000,0.000,0.000,0.000,0.000,1.000,1.000,0.000,49.320,49.500,0.940,61.234,5.000,101.0,47.0,-49.589744567871094,17.0256404876709
87.209,13:01:44.093,458.543,36.527,16749.320,0.000,0.000,0.000,0.000,0.000,0.000,1.000,1.000,0.000,49.320,49.500,0.940,61.234,5.000,101.0,47.0,-49.589744567871094,17.0256404876709
87.272,13:01:44.349,458.543,36.527,16749.320,0.000,0.000,0.000,0.000,0.000,0.000,1.000,1.000,0.000,49.320,49.500,0.940,61.234,5.000,101.0,47.0,11.128205299377441,42.10256576538086
87.528,13:01:44.492,458.517,36.544,16755.908,0.000,0.000,0.000,0.000,0.000,0.000,1.000,1.000,0.000,49.280,49.100,0.940,61.281,5.000,101.0,47.0,11.128205299377441,42.10256576538086
87.673,13:01:44.557,458.517,36.544,16755.908,0.000,0.000,0.000,0.000,0.000,0.000,1.000,1.000,0.000,49.280,49.100,0.940,61.281,5.000,101.0,47.0,11.128205299377441,42.10256576538086
87.737,13:01:44.621,458.517,36.544,16755.908,0.000,0.000,0.000,0.000,0.000,0.000,1.000,1.000,0.000,49.280,49.100,0.940,61.281,5.000,101.0,47.0,11.128205299377441,42.10256576538086
87.801,13:01:44.764,458.765,36.484,16737.760,0.000,0.000,0.000,0.000,0.000,0.000,1.000,1.000,0.000,49.319,49.500,0.940,61.335,5.000,101.0,47.0,11.128205299377441,42.10256576538086
87.944,13:01:44.828,458.765,36.484,16737.760,0.000,0.000,0.000,0.000,0.000,0.000,1.000,1.000,0.000,49.319,49.500,0.940,61.335,5.000,101.0,47.0,11.128205299377441,42.10256576538086
88.008,13:01:44.892,458.765,36.484,16737.760,0.000,0.000,0.000,0.000,0.000,0.000,1.000,1.000,0.000,49.319,49.500,0.940,61.335,5.000,101.0,47.0,11.128205299377441,42.10256576538086
88.072,13:01:45.036,458.765,36.484,16737.760,0.000,0.000,0.000,0.000,0.000,0.000,1.000,1.000,0.000,49.319,49.500,0.940,61.335,5.000,101.0,47.0,11.128205299377441,42.10256576538086
88.215,13:01:45.099,458.660,36.504,16743.086,0.000,0.000,0.000,0.000,0.000,0.000,1.000,1.000,0.000,49.319,49.500,0.940,61.335,5.000,101.0,47.0,11.128205299377441,42.10256576538086
88.279,13:01:45.356,458.660,36.504,16743.086,0.000,0.000,0.000,0.000,0.000,0.000,1.000,1.000,0.000,49.319,49.500,0.940,61.335,5.000,101.0,47.0,-38.0,-9.435897827148438
88.535,13:01:45.500,458.660,36.504,16743.086,0.000,0.000,0.000,0.000,0.000,0.000,1.000,1.000,0.000,48.881,48.700,0.940,61.439,5.000,101.0,47.0,-38.0,-9.435897827148438
88.680,13:01:45.564,462.385,35.621,16470.574,0.000,0.000,0.000,0.000,0.000,0.000,1.000,1.000,0.000,48.881,48.700,0.940,61.439,5.000,101.0,47.0,-38.0,-9.435897827148438
88.743,13:01:45.627,462.385,35.621,16470.574,0.000,0.000,0.000,0.000,0.000,0.000,1.000,1.000,0.000,48.881,48.700,0.940,61.439,5.000,101.0,47.0,-38.0,-9.435897827148438
88.807,13:01:45.772,462.385,35.621,16470.574,0.000,0.000,0.000,0.000,0.000,0.000,1.000,1.000,0.000,48.881,48.700,0.940,61.439,5.000,101.0,47.0,-38.0,-9.435897827148438
88.951,13:01:45.835,462.385,35.621,16470.574,0.000,0.000,0.000,0.000,0.000,0.000,1.000,1.000,0.000,48.881,48.700,0.940,61.439,5.000,101.0,47.0,-38.0,-9.435897827148438
89.015,13:01:45.899,461.140,35.928,16567.672,0.000,0.000,0.000,0.000,0.000,0.000,1.000,1.000,0.000,48.881,48.700,0.940,61.439,5.000,101.0,47.0,-38.0,-9.435897827148438
89.079,13:01:46.043,461.140,35.928,16567.672,0.000,0.000,0.000,0.000,0.000,0.000,1.000,1.000,0.000,48.919,49.100,0.940,61.484,5.000,101.0,47.0,-38.0,-9.435897827148438
89.223,13:01:46.107,461.140,35.928,16567.672,0.000,0.000,0.000,0.000,0.000,0.000,1.000,1.000,0.000,48.919,49.100,0.940,61.484,5.000,101.0,47.0,-38.0,-9.435897827148438
89.288,13:01:46.363,461.140,35.928,16567.672,0.000,0.000,0.000,0.000,0.000,0.000,1.000,1.000,0.000,48.919,49.100,0.940,61.484,5.000,101.0,47.0,-29.58974266052246,53.43589782714844
89.543,13:01:46.506,456.960,36.891,16857.744,0.000,0.000,0.000,0.000,0.000,0.000,1.000,1.000,0.000,49.319,49.500,0.940,61.542,5.000,101.0,47.0,-29.58974266052246,53.43589782714844
89.687,13:01:46.571,456.960,36.891,16857.744,0.000,0.000,0.000,0.000,0.000,0.000,1.000,1.000,0.000,49.319,49.500,0.940,61.542,5.000,101.0,47.0,-29.58974266052246,53.43589782714844
89.751,13:01:46.635,456.960,36.891,16857.744,0.000,0.000,0.000,0.000,0.000,0.000,1.000,1.000,0.000,49.319,49.500,0.940,61.542,5.000,101.0,47.0,-29.58974266052246,53.43589782714844
89.815,13:01:46.779,459.074,36.416,16717.438,0.000,0.000,0.000,0.000,0.000,0.000,1.000,1.000,0.000,49.281,49.100,0.940,61.592,5.000,101.0,47.0,-29.58974266052246,53.43589782714844
89.959,13:01:46.843,459.074,36.416,16717.438,0.000,0.000,0.000,0.000,0.000,0.000,1.000,1.000,0.000,49.281,49.100,0.940,61.592,5.000,101.0,47.0,-29.58974266052246,53.43589782714844
90.023,13:01:46.906,459.074,36.416,16717.438,0.000,0.000,0.000,0.000,0.000,0.000,1.000,1.000,0.000,49.281,49.100,0.940,61.592,5.000,101.0,47.0,-29.58974266052246,53.43589782714844
90.087,13:01:47.052,459.074,36.416,16717.438,0.000,0.000,0.000,0.000,0.000,0.000,1.000,1.000,0.000,49.281,49.100,0.940,61.592,5.000,101.0,47.0,-29.58974266052246,53.43589782714844
90.231,13:01:47.115,460.844,36.000,16590.285,0.000,0.000,0.000,0.000,0.000,0.000,1.000,1.000,0.000,49.281,49.100,0.940,61.592,5.000,101.0,47.0,-29.58974266052246,53.43589782714844
90.294,13:01:47.370,460.844,36.000,16590.285,0.000,0.000,0.000,0.000,0.000,0.000,1.000,1.000,0.000,49.281,49.100,0.940,61.592,5.000,101.0,47.0,-22.66666603088379,-32.153846740722656
90.550,13:01:47.515,460.844,36.000,16590.285,0.000,0.000,0.000,0.000,0.000,0.000,1.000,1.000,0.000,48.919,49.100,0.940,61.701,5.000,101.0,47.0,-22.66666603088379,-32.153846740722656
90.695,13:01:47.578,460.642,36.023,16593.893,0.000,0.000,0.000,0.000,0.000,0.000,1.000,1.000,0.000,48.919,49.100,0.940,61.701,5.000,101.0,47.0,-22.66666603088379,-32.153846740722656
90.758,13:01:47.642,460.642,36.023,16593.893,0.000,0.000,0.000,0.000,0.000,0.000,1.000,1.000,0.000,48.919,49.100,0.940,61.701,5.000,101.0,47.0,-22.66666603088379,-32.153846740722656
90.823,13:01:47.786,460.642,36.023,16593.893,0.000,0.000,0.000,0.000,0.000,0.000,1.000,1.000,0.000,48.919,49.100,0.940,61.701,5.000,101.0,47.0,-22.66666603088379,-32.153846740722656
90.966,13:01:47.850,460.642,36.023,16593.893,0.000,0.000,0.000,0.000,0.000,0.000,1.000,1.000,0.000,48.919,49.100,0.940,61.701,5.000,101.0,47.0,-22.66666603088379,-32.153846740722656
91.030,13:01:47.914,459.090,36.388,16705.535,0.000,0.000,0.000,0.000,0.000,0.000,1.000,1.000,0.000,48.919,49.100,0.940,61.701,5.000,101.0,47.0,-22.66666603088379,-32.153846740722656
91.094,13:01:48.059,459.090,36.388,16705.535,0.000,0.000,0.000,0.000,0.000,0.000,1.000,1.000,0.000,49.281,49.100,0.940,61.704,5.000,101.0,47.0,-22.66666603088379,-32.153846740722656
91.239,13:01:48.123,459.090,36.388,16705.535,0.000,0.000,0.000,0.000,0.000,0.000,1.000,1.000,0.000,49.281,49.100,0.940,61.704,5.000,101.0,47.0,-22.66666603088379,-32.153846740722656
91.302,13:01:48.675,459.090,36.388,16705.535,0.000,0.000,0.000,0.000,0.000,0.000,1.000,1.000,0.000,49.281,49.100,0.940,61.704,5.000,101.0,47.0,-55.28205108642578,
91.845,13:01:48.809,459.173,36.385,16707.088,0.000,0.000,0.000,0.000,0.000,0.000,1.000,1.000,0.000,49.319,49.500,0.940,61.777,5.000,101.0,47.0,-55.28205108642578,
91.990,13:01:48.874,459.173,36.385,16707.088,0.000,0.000,0.000,0.000,0.000,0.000,1.000,1.000,0.000,49.319,49.500,0.940,61.777,5.000,101.0,47.0,-55.28205108642578,
92.053,13:01:48.937,459.173,36.385,16707.088,0.000,0.000,0.000,0.000,0.000,0.000,1.000,1.000,0.000,49.319,49.500,0.940,61.777,5.000,101.0,47.0,-55.28205108642578,
92.117,13:01:49.082,459.173,36.385,16707.088,0.000,0.000,0.000,0.000,0.000,0.000,1.000,1.000,0.000,49.319,49.500,0.940,61.777,5.000,101.0,47.0,-55.28205108642578,
92.262,13:01:49.146,460.596,36.046,16602.730,0.000,0.000,0.000,0.000,0.000,0.000,1.000,1.000,0.000,49.319,49.500,0.940,61.777,5.000,101.0,47.0,-55.28205108642578,
92.325,13:01:49.401,460.596,36.046,16602.730,0.000,0.000,0.000,0.000,0.000,0.000,1.000,1.000,0.000,49.319,49.500,0.940,61.777,5.000,101.0,47.0,38.92307662963867,-49.846153259277344
92.581,13:01:49.545,460.596,36.046,16602.730,0.000,0.000,0.000,0.000,0.000,0.000,1.000,1.000,0.000,49.319,49.500,0.940,61.808,5.000,101.0,47.0,38.92307662963867,-49.846153259277344
92.725,13:01:49.609,459.317,36.340,16691.387,0.000,0.000,0.000,0.000,0.000,0.000,1.000,1.000,0.000,49.319,49.500,0.940,61.808,5.000,101.0,47.0,38.92307662963867,-49.846153259277344
92.790,13:01:49.674,459.317,36.340,16691.387,0.000,0.000,0.000,0.000,0.000,0.000,1.000,1.000,0.000,49.319,49.500,0.940,61.808,5.000,101.0,47.0,38.92307662963867,-49.846153259277344
92.854,13:01:49.816,459.317,36.340,16691.387,0.000,0.000,0.000,0.000,0.000,0.000,1.000,1.000,0.000,49.319,49.500,0.940,61.808,5.000,101.0,47.0,38.92307662963867,-49.846153259277344
92.998,13:01:49.881,459.317,36.340,16691.387,0.000,0.000,0.000,0.000,0.000,0.000,1.000,1.000,0.000,49.319,49.500,0.940,61.808,5.000,101.0,47.0,38.92307662963867,-49.846153259277344
93.061,13:01:49.945,460.239,36.117,16622.279,0.000,0.000,0.000,0.000,0.000,0.000,1.000,1.000,0.000,49.319,49.500,0.940,61.808,5.000,101.0,47.0,38.92307662963867,-49.846153259277344
93.124,13:01:50.089,460.239,36.117,16622.279,0.000,0.000,0.000,0.000,0.000,0.000,1.000,1.000,0.000,48.919,49.100,0.940,61.889,5.000,101.0,47.0,38.92307662963867,-49.846153259277344
93.269,13:01:50.153,460.239,36.117,16622.279,0.000,0.000,0.000,0.000,0.000,0.000,1.000,1.000,0.000,48.919,49.100,0.940,61.889,5.000,101.0,47.0,38.92307662963867,-49.846153259277344
93.333,13:01:50.408,460.239,36.117,16622.279,0.000,0.000,0.000,0.000,0.000,0.000,1.000,1.000,0.000,48.919,49.100,0.940,61.889,5.000,101.0,47.0,-45.589744567871094,2.9743590354919434
93.589,13:01:50.552,459.369,36.323,16685.803,0.000,0.000,0.000,0.000,0.000,0.000,1.000,1.000,0.000,49.319,49.500,0.940,61.891,5.000,101.0,47.0,-45.589744567871094,2.9743590354919434
93.732,13:01:50.616,459.369,36.323,16685.803,0.000,0.000,0.000,0.000,0.000,0.000,1.000,1.000,0.000,49.319,49.500,0.940,61.891,5.000,101.0,47.0,-45.589744567871094,2.9743590354919434
93.797,13:01:50.681,459.369,36.323,16685.803,0.000,0.000,0.000,0.000,0.000,0.000,1.000,1.000,0.000,49.319,49.500,0.940,61.891,5.000,101.0,47.0,-45.589744567871094,2.9743590354919434
93.861,13:01:50.824,460.310,36.104,16619.031,0.000,0.000,0.000,0.000,0.000,0.000,1.000,1.000,0.000,48.881,48.700,0.940,61.945,5.000,101.0,47.0,-45.589744567871094,2.9743590354919434
94.005,13:01:50.889,460.310,36.104,16619.031,0.000,0.000,0.000,0.000,0.000,0.000,1.000,1.000,0.000,48.881,48.700,0.940,61.945,5.000,101.0,47.0,-45.589744567871094,2.9743590354919434
94.069,13:01:50.953,460.310,36.104,16619.031,0.000,0.000,0.000,0.000,0.000,0.000,1.000,1.000,0.000,48.881,48.700,0.940,61.945,5.000,101.0,47.0,-45.589744567871094,2.9743590354919434
94.132,13:01:51.096,460.310,36.104,16619.031,0.000,0.000,0.000,0.000,0.000,0.000,1.000,1.000,0.000,48.881,48.700,0.940,61.945,5.000,101.0,47.0,-45.589744567871094,2.9743590354919434
94.276,13:01:51.160,459.707,36.240,16659.941,0.000,0.000,0.000,0.000,0.000,0.000,1.000,1.000,0.000,48.881,48.700,0.940,61.945,5.000,101.0,47.0,-45.589744567871094,2.9743590354919434
94.340,13:01:51.415,459.707,36.240,16659.941,0.000,0.000,0.000,0.000,0.000,0.000,1.000,1.000,0.000,48.881,48.700,0.940,61.945,5.000,101.0,47.0,52.71794891357422,-19.64102554321289
94.596,13:01:51.560,459.707,36.240,16659.941,0.000,0.000,0.000,0.000,0.000,0.000,1.000,1.000,0.000,49.281,49.100,0.940,61.995,5.000,101.0,47.0,52.71794891357422,-19.64102554321289
94.740,13:01:51.624,459.443,36.284,16670.287,0.000,0.000,0.000,0.000,0.000,0.000,1.000,1.000,0.000,49.281,49.100,0.940,61.995,5.000,101.0,47.0,52.71794891357422,-19.64102554321289
94.804,13:01:51.688,459.443,36.284,16670.287,0.000,0.000,0.000,0.000,0.000,0.000,1.000,1.000,0.000,49.281,49.100,0.940,61.995,5.000,101.0,47.0,52.71794891357422,-19.64102554321289
94.869,13:01:51.833,459.443,36.284,16670.287,0.000,0.000,0.000,0.000,0.000,0.000,1.000,1.000,0.000,49.319,49.500,0.940,62.014,5.000,101.0,47.0,52.71794891357422,-19.64102554321289
95.011,13:01:51.895,459.443,36.284,16670.287,0.000,0.000,0.000,0.000,0.000,0.000,1.000,1.000,0.000,49.319,49.500,0.940,62.014,5.000,101.0,47.0,52.71794891357422,-19.64102554321289
95.075,13:01:51.959,460.152,36.130,16625.113,0.000,0.000,0.000,0.000,0.000,0.000,1.000,1.000,0.000,49.319,49.500,0.940,62.014,5.000,101.0,47.0,52.71794891357422,-19.64102554321289
95.140,13:01:52.103,460.152,36.130,16625.113,0.000,0.000,0.000,0.000,0.000,0.000,1.000,1.000,0.000,48.881,48.700,0.940,62.050,5.000,101.0,47.0,52.71794891357422,-19.64102554321289
95.284,13:01:52.168,460.152,36.130,16625.113,0.000,0.000,0.000,0.000,0.000,0.000,1.000,1.000,0.000,48.881,48.700,0.940,62.050,5.000,101.0,47.0,52.71794891357422,-19.64102554321289
95.347,13:01:52.423,460.152,36.130,16625.113,0.000,0.000,0.000,0.000,0.000,0.000,1.000,1.000,0.000,48.881,48.700,0.940,62.050,5.000,101.0,47.0,-19.076923370361328,-33.07692337036133
95.603,13:01:52.568,459.638,36.241,16657.609,0.000,0.000,0.000,0.000,0.000,0.000,1.000,1.000,0.000,49.281,49.100,0.940,62.100,5.000,101.0,47.0,-19.076923370361328,-33.07692337036133
95.748,13:01:52.631,459.638,36.241,16657.609,0.000,0.000,0.000,0.000,0.000,0.000,1.000,1.000,0.000,49.281,49.100,0.940,62.100,5.000,101.0,47.0,-19.076923370361328,-33.07692337036133
95.811,13:01:52.695,459.638,36.241,16657.609,0.000,0.000,0.000,0.000,0.000,0.000,1.000,1.000,0.000,49.281,49.100,0.940,62.100,5.000,101.0,47.0,-19.076923370361328,-33.07692337036133
95.875,13:01:52.840,459.638,36.241,16657.609,0.000,0.000,0.000,0.000,0.000,0.000,1.000,1.000,0.000,48.881,48.700,0.940,62.107,5.000,101.0,47.0,-19.076923370361328,-33.07692337036133
96.020,13:01:52.904,460.116,36.125,16621.758,0.000,0.000,0.000,0.000,0.000,0.000,1.000,1.000,0.000,48.881,48.700,0.940,62.107,5.000,101.0,47.0,-19.076923370361328,-33.07692337036133
96.084,13:01:52.967,460.116,36.125,16621.758,0.000,0.000,0.000,0.000,0.000,0.000,1.000,1.000,0.000,48.881,48.700,0.940,62.107,5.000,101.0,47.0,-19.076923370361328,-33.07692337036133
96.147,13:01:53.111,460.116,36.125,16621.758,0.000,0.000,0.000,0.000,0.000,0.000,1.000,1.000,0.000,48.881,48.700,0.940,62.107,5.000,101.0,47.0,-19.076923370361328,-33.07692337036133
96.291,13:01:53.175,459.800,36.196,16642.721,0.000,0.000,0.000,0.000,0.000,0.000,1.000,1.000,0.000,48.881,48.700,0.940,62.107,5.000,101.0,47.0,-19.076923370361328,-33.07692337036133
96.354,13:01:53.430,459.800,36.196,16642.721,0.000,0.000,0.000,0.000,0.000,0.000,1.000,1.000,0.000,48.881,48.700,0.940,62.107,5.000,101.0,47.0,13.538461685180664,41.53845977783203
96.611,13:01:53.574,459.800,36.196,16642.721,0.000,0.000,0.000,0.000,0.000,0.000,1.000,1.000,0.000,49.319,49.500,0.940,62.117,5.000,101.0,47.0,13.538461685180664,41.53845977783203
96.756,13:01:53.640,459.801,36.201,16645.168,0.000,0.000,0.000,0.000,0.000,0.000,1.000,1.000,0.000,49.319,49.500,0.940,62.117,5.000,101.0,47.0,13.538461685180664,41.53845977783203
96.819,13:01:53.703,459.801,36.201,16645.168,0.000,0.000,0.000,0.000,0.000,0.000,1.000,1.000,0.000,49.319,49.500,0.940,62.117,5.000,101.0,47.0,13.538461685180664,41.53845977783203
96.884,13:01:53.846,459.801,36.201,16645.168,0.000,0.000,0.000,0.000,0.000,0.000,1.000,1.000,0.000,48.881,48.700,0.940,62.168,5.000,101.0,47.0,13.538461685180664,41.53845977783203
97.027,13:01:53.911,459.801,36.201,16645.168,0.000,0.000,0.000,0.000,0.000,0.000,1.000,1.000,0.000,48.881,48.700,0.940,62.168,5.000,101.0,47.0,13.538461685180664,41.53845977783203
97.092,13:01:53.975,459.801,36.201,16645.168,0.000,0.000,0.000,0.000,0.000,0.000,1.000,1.000,0.000,48.881,48.700,0.940,62.168,5.000,101.0,47.0,13.538461685180664,41.53845977783203
97.156,13:01:54.118,459.810,36.187,16638.990,0.000,0.000,0.000,0.000,0.000,0.000,1.000,1.000,0.000,49.281,49.100,0.940,62.175,5.000,101.0,47.0,13.538461685180664,41.53845977783203
97.299,13:01:54.182,459.810,36.187,16638.990,0.000,0.000,0.000,0.000,0.000,0.000,1.000,1.000,0.000,49.281,49.100,0.940,62.175,5.000,101.0,47.0,13.538461685180664,41.53845977783203
97.362,13:01:54.439,459.810,36.187,16638.990,0.000,0.000,0.000,0.000,0.000,0.000,1.000,1.000,0.000,49.281,49.100,0.940,62.175,5.000,101.0,47.0,6.666666507720947,-51.43589782714844
97.618,13:01:54.582,455.553,37.131,16915.068,0.000,0.000,0.000,0.000,0.000,0.000,1.000,1.000,0.000,49.681,49.500,0.940,62.208,5.000,101.0,47.0,6.666666507720947,-51.43589782714844
97.762,13:01:54.646,455.553,37.131,16915.068,0.000,0.000,0.000,0.000,0.000,0.000,1.000,1.000,0.000,49.681,49.500,0.940,62.208,5.000,101.0,47.0,6.666666507720947,-51.43589782714844
97.827,13:01:54.711,455.553,37.131,16915.068,0.000,0.000,0.000,0.000,0.000,0.000,1.000,1.000,0.000,49.681,49.500,0.940,62.208,5.000,101.0,47.0,6.666666507720947,-51.43589782714844
97.890,13:01:54.855,455.553,37.131,16915.068,0.000,0.000,0.000,0.000,0.000,0.000,1.000,1.000,0.000,49.281,49.100,0.940,62.237,5.000,101.0,47.0,6.666666507720947,-51.43589782714844
98.033,13:01:54.917,455.919,37.052,16892.605,0.000,0.000,0.000,0.000,0.000,0.000,1.000,1.000,0.000,49.281,49.100,0.940,62.237,5.000,101.0,47.0,6.666666507720947,-51.43589782714844
98.098,13:01:54.982,455.919,37.052,16892.605,0.000,0.000,0.000,0.000,0.000,0.000,1.000,1.000,0.000,49.281,49.100,0.940,62.237,5.000,101.0,47.0,6.666666507720947,-51.43589782714844
98.163,13:01:55.126,455.919,37.052,16892.605,0.000,0.000,0.000,0.000,0.000,0.000,1.000,1.000,0.000,49.281,49.100,0.940,62.237,5.000,101.0,47.0,6.666666507720947,-51.43589782714844
98.305,13:01:55.189,455.919,37.052,16892.605,0.000,0.000,0.000,0.000,0.000,0.000,1.000,1.000,0.000,49.281,49.100,0.940,62.237,5.000,101.0,47.0,6.666666507720947,-51.43589782714844
98.371,13:01:55.445,459.989,36.145,16626.096,0.000,0.000,0.000,0.000,0.000,0.000,1.000,1.000,0.000,49.281,49.100,0.940,62.237,5.000,101.0,47.0,35.128204345703125,12.307692527770996
98.626,13:01:55.589,459.989,36.145,16626.096,0.000,0.000,0.000,0.000,0.000,0.000,1.000,1.000,0.000,48.881,48.700,0.940,62.323,5.000,101.0,47.0,35.128204345703125,12.307692527770996
98.770,13:01:55.654,458.430,36.507,16735.855,0.000,0.000,0.000,0.000,0.000,0.000,1.000,1.000,0.000,48.881,48.700,0.940,62.323,5.000,101.0,47.0,35.128204345703125,12.307692527770996
98.833,13:01:55.717,458.430,36.507,16735.855,0.000,0.000,0.000,0.000,0.000,0.000,1.000,1.000,0.000,48.881,48.700,0.940,62.323,5.000,101.0,47.0,35.128204345703125,12.307692527770996
98.899,13:01:55.861,458.430,36.507,16735.855,0.000,0.000,0.000,0.000,0.000,0.000,1.000,1.000,0.000,49.280,49.100,0.940,62.316,5.000,101.0,47.0,35.128204345703125,12.307692527770996
99.043,13:01:55.926,458.430,36.507,16735.855,0.000,0.000,0.000,0.000,0.000,0.000,1.000,1.000,0.000,49.280,49.100,0.940,62.316,5.000,101.0,47.0,35.128204345703125,12.307692527770996
99.105,13:01:55.989,458.430,36.507,16735.855,0.000,0.000,0.000,0.000,0.000,0.000,1.000,1.000,0.000,49.280,49.100,0.940,62.316,5.000,101.0,47.0,35.128204345703125,12.307692527770996
99.169,13:01:56.133,453.990,37.456,17004.771,0.000,0.000,0.000,0.000,0.000,0.000,1.000,1.000,0.000,49.680,49.500,0.940,62.363,5.000,101.0,47.0,35.128204345703125,12.307692527770996
99.313,13:01:56.197,453.990,37.456,17004.771,0.000,0.000,0.000,0.000,0.000,0.000,1.000,1.000,0.000,49.680,49.500,0.940,62.363,5.000,101.0,47.0,35.128204345703125,12.307692527770996
99.377,13:01:56.453,453.990,37.456,17004.771,0.000,0.000,0.000,0.000,0.000,0.000,1.000,1.000,0.000,49.680,49.500,0.940,62.363,5.000,101.0,47.0,-53.589744567871094,-21.846153259277344
99.633,13:01:56.597,461.208,35.881,16548.459,0.000,0.000,0.000,0.000,0.000,0.000,1.000,1.000,0.000,48.880,48.700,0.940,62.401,5.000,101.0,47.0,-53.589744567871094,-21.846153259277344
99.777,13:01:56.661,461.208,35.881,16548.459,0.000,0.000,0.000,0.000,0.000,0.000,1.000,1.000,0.000,48.880,48.700,0.940,62.401,5.000,101.0,47.0,-53.589744567871094,-21.846153259277344
99.840,13:01:56.724,461.208,35.881,16548.459,0.000,0.000,0.000,0.000,0.000,0.000,1.000,1.000,0.000,48.880,48.700,0.940,62.401,5.000,101.0,47.0,-53.589744567871094,-21.846153259277344
99.904,13:01:56.869,461.208,35.881,16548.459,0.000,0.000,0.000,0.000,0.000,0.000,1.000,1.000,0.000,49.281,49.100,0.940,62.421,5.000,101.0,47.0,-53.589744567871094,-21.846153259277344
100.049,13:01:56.933,458.623,36.465,16723.738,0.000,0.000,0.000,0.000,0.000,0.000,1.000,1.000,0.000,49.281,49.100,0.940,62.421,5.000,101.0,47.0,-53.589744567871094,-21.846153259277344
100.113,13:01:56.997,458.623,36.465,16723.738,0.000,0.000,0.000,0.000,0.000,0.000,1.000,1.000,0.000,49.281,49.100,0.940,62.421,5.000,101.0,47.0,-53.589744567871094,-21.846153259277344
100.177,13:01:57.141,458.623,36.465,16723.738,0.000,0.000,0.000,0.000,0.000,0.000,1.000,1.000,0.000,49.281,49.100,0.940,62.421,5.000,101.0,47.0,-53.589744567871094,-21.846153259277344
100.321,13:01:57.205,458.623,36.465,16723.738,0.000,0.000,0.000,0.000,0.000,0.000,1.000,1.000,0.000,49.281,49.100,0.940,62.421,5.000,101.0,47.0,-53.589744567871094,-21.846153259277344
100.384,13:01:57.461,460.936,35.937,16564.635,0.000,0.000,0.000,0.000,0.000,0.000,1.000,1.000,0.000,49.281,49.100,0.940,62.421,5.000,101.0,47.0,16.05128288269043,35.07692337036133
100.640,13:01:57.604,460.936,35.937,16564.635,0.000,0.000,0.000,0.000,0.000,0.000,1.000,1.000,0.000,48.881,48.700,0.940,62.472,5.000,101.0,47.0,16.05128288269043,35.07692337036133
100.784,13:01:57.668,458.852,36.413,16708.391,0.000,0.000,0.000,0.000,0.000,0.000,1.000,1.000,0.000,48.881,48.700,0.940,62.472,5.000,101.0,47.0,16.05128288269043,35.07692337036133
100.848,13:01:57.732,458.852,36.413,16708.391,0.000,0.000,0.000,0.000,0.000,0.000,1.000,1.000,0.000,48.881,48.700,0.940,62.472,5.000,101.0,47.0,16.05128288269043,35.07692337036133
100.912,13:01:57.877,458.852,36.413,16708.391,0.000,0.000,0.000,0.000,0.000,0.000,1.000,1.000,0.000,49.281,49.100,0.940,62.479,5.000,101.0,47.0,16.05128288269043,35.07692337036133
101.056,13:01:57.940,458.852,36.413,16708.391,0.000,0.000,0.000,0.000,0.000,0.000,1.000,1.000,0.000,49.281,49.100,0.940,62.479,5.000,101.0,47.0,16.05128288269043,35.07692337036133
101.120,13:01:58.004,458.852,36.413,16708.391,0.000,0.000,0.000,0.000,0.000,0.000,1.000,1.000,0.000,49.281,49.100,0.940,62.479,5.000,101.0,47.0,16.05128288269043,35.07692337036133
101.184,13:01:58.148,454.560,37.342,16974.096,0.000,0.000,0.000,0.000,0.000,0.000,1.000,1.000,0.000,49.681,49.500,0.940,62.471,5.000,101.0,47.0,16.05128288269043,35.07692337036133
101.328,13:01:58.212,454.560,37.342,16974.096,0.000,0.000,0.000,0.000,0.000,0.000,1.000,1.000,0.000,49.681,49.500,0.940,62.471,5.000,101.0,47.0,16.05128288269043,35.07692337036133
101.392,13:01:58.468,454.560,37.342,16974.096,0.000,0.000,0.000,0.000,0.000,0.000,1.000,1.000,0.000,49.681,49.500,0.940,62.471,5.000,101.0,47.0,-49.79487228393555,-28.461538314819336
101.648,13:01:58.612,456.636,36.923,16860.207,0.000,0.000,0.000,0.000,0.000,0.000,1.000,1.000,0.000,49.281,49.100,0.940,62.537,5.000,101.0,47.0,-49.79487228393555,-28.461538314819336
101.793,13:01:58.677,456.636,36.923,16860.207,0.000,0.000,0.000,0.000,0.000,0.000,1.000,1.000,0.000,49.281,49.100,0.940,62.537,5.000,101.0,47.0,-49.79487228393555,-28.461538314819336
101.855,13:01:58.739,456.636,36.923,16860.207,0.000,0.000,0.000,0.000,0.000,0.000,1.000,1.000,0.000,49.281,49.100,0.940,62.537,5.000,101.0,47.0,-49.79487228393555,-28.461538314819336
101.919,13:01:58.884,456.636,36.923,16860.207,0.000,0.000,0.000,0.000,0.000,0.000,1.000,1.000,0.000,48.919,49.100,0.940,62.570,5.000,101.0,47.0,-49.79487228393555,-28.461538314819336
102.063,13:01:58.947,460.815,35.977,16578.656,0.000,0.000,0.000,0.000,0.000,0.000,1.000,1.000,0.000,48.919,49.100,0.940,62.570,5.000,101.0,47.0,-49.79487228393555,-28.461538314819336
102.127,13:01:59.011,460.815,35.977,16578.656,0.000,0.000,0.000,0.000,0.000,0.000,1.000,1.000,0.000,48.919,49.100,0.940,62.570,5.000,101.0,47.0,-49.79487228393555,-28.461538314819336
102.527,13:01:59.682,459.153,36.368,16698.656,0.000,0.000,0.000,0.000,0.000,0.000,1.000,1.000,0.000,49.281,49.100,0.940,62.590,5.000,101.0,47.0,40.30769348144531,51.846153259277344
102.862,13:01:59.827,460.899,35.960,16573.947,0.000,0.000,0.000,0.000,0.000,0.000,1.000,1.000,0.000,48.881,48.700,0.940,62.597,5.000,101.0,47.0,40.30769348144531,51.846153259277344
103.007,13:01:59.891,460.899,35.960,16573.947,0.000,0.000,0.000,0.000,0.000,0.000,1.000,1.000,0.000,48.881,48.700,0.940,62.597,5.000,101.0,47.0,40.30769348144531,51.846153259277344
103.070,13:01:59.954,460.899,35.960,16573.947,0.000,0.000,0.000,0.000,0.000,0.000,1.000,1.000,0.000,48.881,48.700,0.940,62.597,5.000,101.0,47.0,40.30769348144531,51.846153259277344
103.134,13:02:00.099,460.899,35.960,16573.947,0.000,0.000,0.000,0.000,0.000,0.000,1.000,1.000,0.000,48.881,48.700,0.940,62.597,5.000,101.0,47.0,40.30769348144531,51.846153259277344
103.279,13:02:00.163,459.299,36.318,16680.686,0.000,0.000,0.000,0.000,0.000,0.000,1.000,1.000,0.000,48.881,48.700,0.940,62.597,5.000,101.0,47.0,40.30769348144531,51.846153259277344
103.343,13:02:00.227,459.299,36.318,16680.686,0.000,0.000,0.000,0.000,0.000,0.000,1.000,1.000,0.000,48.881,48.700,0.940,62.597,5.000,101.0,47.0,40.30769348144531,51.846153259277344
103.406,13:02:00.370,459.299,36.318,16680.686,0.000,0.000,0.000,0.000,0.000,0.000,1.000,1.000,0.000,49.281,49.100,0.940,62.617,5.000,101.0,47.0,40.30769348144531,51.846153259277344
103.550,13:02:00.626,459.299,36.318,16680.686,0.000,0.000,0.000,0.000,0.000,0.000,1.000,1.000,0.000,49.281,49.100,0.940,62.617,5.000,101.0,47.0,38.25640869140625,-51.79487228393555
103.806,13:02:00.770,460.637,36.004,16584.641,0.000,0.000,0.000,0.000,0.000,0.000,1.000,1.000,0.000,48.919,49.100,0.940,62.635,5.000,101.0,47.0,38.25640869140625,-51.79487228393555
103.951,13:02:00.835,460.637,36.004,16584.641,0.000,0.000,0.000,0.000,0.000,0.000,1.000,1.000,0.000,48.919,49.100,0.940,62.635,5.000,101.0,47.0,38.25640869140625,-51.79487228393555
104.015,13:02:00.899,464.074,35.147,16310.630,0.000,0.000,0.000,0.000,0.000,0.000,1.000,1.000,0.000,48.919,49.100,0.940,62.635,5.000,101.0,47.0,38.25640869140625,-51.79487228393555
104.078,13:02:01.042,464.074,35.147,16310.630,0.000,0.000,0.000,0.000,0.000,0.000,1.000,1.000,0.000,48.518,48.700,0.940,62.636,5.000,101.0,47.0,38.25640869140625,-51.79487228393555
104.223,13:02:01.107,464.074,35.147,16310.630,0.000,0.000,0.000,0.000,0.000,0.000,1.000,1.000,0.000,48.518,48.700,0.940,62.636,5.000,101.0,47.0,38.25640869140625,-51.79487228393555
104.287,13:02:01.170,464.074,35.147,16310.630,0.000,0.000,0.000,0.000,0.000,0.000,1.000,1.000,0.000,48.518,48.700,0.940,62.636,5.000,101.0,47.0,38.25640869140625,-51.79487228393555
104.351,13:02:01.315,464.074,35.147,16310.630,0.000,0.000,0.000,0.000,0.000,0.000,1.000,1.000,0.000,48.518,48.700,0.940,62.636,5.000,101.0,47.0,38.25640869140625,-51.79487228393555
104.495,13:02:01.378,463.132,35.383,16386.797,0.000,0.000,0.000,0.000,0.000,0.000,1.000,1.000,0.000,48.518,48.700,0.940,62.636,5.000,101.0,47.0,38.25640869140625,-51.79487228393555
104.558,13:02:01.634,463.132,35.383,16386.797,0.000,0.000,0.000,0.000,0.000,0.000,1.000,1.000,0.000,48.518,48.700,0.940,62.636,5.000,101.0,47.0,-45.38461685180664,4.666666507720947
104.815,13:02:01.778,463.132,35.383,16386.797,0.000,0.000,0.000,0.000,0.000,0.000,1.000,1.000,0.000,49.319,49.500,0.940,62.636,5.000,101.0,47.0,-45.38461685180664,4.666666507720947
104.959,13:02:01.843,459.254,36.319,16679.752,0.000,0.000,0.000,0.000,0.000,0.000,1.000,1.000,0.000,49.319,49.500,0.940,62.636,5.000,101.0,47.0,-45.38461685180664,4.666666507720947
105.022,13:02:01.906,459.254,36.319,16679.752,0.000,0.000,0.000,0.000,0.000,0.000,1.000,1.000,0.000,49.319,49.500,0.940,62.636,5.000,101.0,47.0,-45.38461685180664,4.666666507720947
105.086,13:02:02.050,459.254,36.319,16679.752,0.000,0.000,0.000,0.000,0.000,0.000,1.000,1.000,0.000,49.319,49.500,0.940,62.636,5.000,101.0,47.0,-45.38461685180664,4.666666507720947
105.230,13:02:02.114,459.254,36.319,16679.752,0.000,0.000,0.000,0.000,0.000,0.000,1.000,1.000,0.000,49.319,49.500,0.940,62.636,5.000,101.0,47.0,-45.38461685180664,4.666666507720947
105.295,13:02:02.178,460.269,36.079,16605.973,0.000,0.000,0.000,0.000,0.000,0.000,1.000,1.000,0.000,49.319,49.500,0.940,62.636,5.000,101.0,47.0,-45.38461685180664,4.666666507720947
105.358,13:02:02.322,460.269,36.079,16605.973,0.000,0.000,0.000,0.000,0.000,0.000,1.000,1.000,0.000,48.919,49.100,0.940,62.667,5.000,101.0,47.0,-45.38461685180664,4.666666507720947
105.502,13:02:02.385,460.269,36.079,16605.973,0.000,0.000,0.000,0.000,0.000,0.000,1.000,1.000,0.000,48.919,49.100,0.940,62.667,5.000,101.0,47.0,-45.38461685180664,4.666666507720947
105.565,13:02:02.641,460.269,36.079,16605.973,0.000,0.000,0.000,0.000,0.000,0.000,1.000,1.000,0.000,48.919,49.100,0.940,62.667,5.000,101.0,47.0,16.41025733947754,38.97435760498047
105.821,13:02:02.785,460.426,36.051,16598.715,0.000,0.000,0.000,0.000,0.000,0.000,1.000,1.000,0.000,48.919,49.100,0.940,62.678,5.000,101.0,47.0,16.41025733947754,38.97435760498047
105.966,13:02:02.850,460.426,36.051,16598.715,0.000,0.000,0.000,0.000,0.000,0.000,1.000,1.000,0.000,48.919,49.100,0.940,62.678,5.000,101.0,47.0,16.41025733947754,38.97435760498047
106.029,13:02:02.913,460.426,36.051,16598.715,0.000,0.000,0.000,0.000,0.000,0.000,1.000,1.000,0.000,48.919,49.100,0.940,62.678,5.000,101.0,47.0,16.41025733947754,38.97435760498047
106.093,13:02:03.058,459.471,36.258,16659.486,0.000,0.000,0.000,0.000,0.000,0.000,1.000,1.000,0.000,49.281,49.100,0.940,62.704,5.000,101.0,47.0,16.41025733947754,38.97435760498047
106.237,13:02:03.121,459.471,36.258,16659.486,0.000,0.000,0.000,0.000,0.000,0.000,1.000,1.000,0.000,49.281,49.100,0.940,62.704,5.000,101.0,47.0,16.41025733947754,38.97435760498047
106.301,13:02:03.185,459.471,36.258,16659.486,0.000,0.000,0.000,0.000,0.000,0.000,1.000,1.000,0.000,49.281,49.100,0.940,62.704,5.000,101.0,47.0,16.41025733947754,38.97435760498047
106.366,13:02:03.330,459.471,36.258,16659.486,0.000,0.000,0.000,0.000,0.000,0.000,1.000,1.000,0.000,49.281,49.100,0.940,62.704,5.000,101.0,47.0,16.41025733947754,38.97435760498047
106.509,13:02:03.393,463.150,35.370,16381.725,0.000,0.000,0.000,0.000,0.000,0.000,1.000,1.000,0.000,49.281,49.100,0.940,62.704,5.000,101.0,47.0,16.41025733947754,38.97435760498047
106.573,13:02:03.649,463.150,35.370,16381.725,0.000,0.000,0.000,0.000,0.000,0.000,1.000,1.000,0.000,49.281,49.100,0.940,62.704,5.000,101.0,47.0,-17.384614944458008,-33.02564239501953
106.829,13:02:03.794,463.150,35.370,16381.725,0.000,0.000,0.000,0.000,0.000,0.000,1.000,1.000,0.000,48.919,49.100,0.940,62.737,5.000,101.0,47.0,-17.384614944458008,-33.02564239501953
106.974,13:02:03.858,459.776,36.176,16633.098,0.000,0.000,0.000,0.000,0.000,0.000,1.000,1.000,0.000,48.919,49.100,0.940,62.737,5.000,101.0,47.0,-17.384614944458008,-33.02564239501953
107.037,13:02:03.921,459.776,36.176,16633.098,0.000,0.000,0.000,0.000,0.000,0.000,1.000,1.000,0.000,48.919,49.100,0.940,62.737,5.000,101.0,47.0,-17.384614944458008,-33.02564239501953
107.100,13:02:04.064,459.776,36.176,16633.098,0.000,0.000,0.000,0.000,0.000,0.000,1.000,1.000,0.000,48.919,49.100,0.940,62.737,5.000,101.0,47.0,-17.384614944458008,-33.02564239501953
107.245,13:02:04.129,459.776,36.176,16633.098,0.000,0.000,0.000,0.000,0.000,0.000,1.000,1.000,0.000,48.919,49.100,0.940,62.737,5.000,101.0,47.0,-17.384614944458008,-33.02564239501953
107.308,13:02:04.192,463.125,35.368,16379.642,0.000,0.000,0.000,0.000,0.000,0.000,1.000,1.000,0.000,48.919,49.100,0.940,62.737,5.000,101.0,47.0,-17.384614944458008,-33.02564239501953
107.372,13:02:04.337,463.125,35.368,16379.642,0.000,0.000,0.000,0.000,0.000,0.000,1.000,1.000,0.000,48.919,49.100,0.940,62.783,5.000,101.0,47.0,-17.384614944458008,-33.02564239501953
107.516,13:02:04.400,463.125,35.368,16379.642,0.000,0.000,0.000,0.000,0.000,0.000,1.000,1.000,0.000,48.919,49.100,0.940,62.783,5.000,101.0,47.0,-17.384614944458008,-33.02564239501953
107.580,13:02:04.656,463.125,35.368,16379.642,0.000,0.000,0.000,0.000,0.000,0.000,1.000,1.000,0.000,48.919,49.100,0.940,62.783,5.000,101.0,47.0,-44.20512771606445,46.97435760498047
107.837,13:02:04.800,459.551,36.241,16654.416,0.000,0.000,0.000,0.000,0.000,0.000,1.000,1.000,0.000,49.281,49.100,0.940,62.791,5.000,101.0,47.0,-44.20512771606445,46.97435760498047
107.981,13:02:04.864,459.551,36.241,16654.416,0.000,0.000,0.000,0.000,0.000,0.000,1.000,1.000,0.000,49.281,49.100,0.940,62.791,5.000,101.0,47.0,-44.20512771606445,46.97435760498047
108.044,13:02:04.928,459.551,36.241,16654.416,0.000,0.000,0.000,0.000,0.000,0.000,1.000,1.000,0.000,49.281,49.100,0.940,62.791,5.000,101.0,47.0,-44.20512771606445,46.97435760498047
108.108,13:02:05.072,463.339,35.325,16367.574,0.000,0.000,0.000,0.000,0.000,0.000,1.000,1.000,0.000,48.919,49.100,0.940,62.801,5.000,101.0,47.0,-44.20512771606445,46.97435760498047
108.252,13:02:05.136,463.339,35.325,16367.574,0.000,0.000,0.000,0.000,0.000,0.000,1.000,1.000,0.000,48.919,49.100,0.940,62.801,5.000,101.0,47.0,-44.20512771606445,46.97435760498047
108.316,13:02:05.200,463.339,35.325,16367.574,0.000,0.000,0.000,0.000,0.000,0.000,1.000,1.000,0.000,48.919,49.100,0.940,62.801,5.000,101.0,47.0,-44.20512771606445,46.97435760498047
108.381,13:02:05.344,463.339,35.325,16367.574,0.000,0.000,0.000,0.000,0.000,0.000,1.000,1.000,0.000,48.919,49.100,0.940,62.801,5.000,101.0,47.0,-44.20512771606445,46.97435760498047
108.524,13:02:05.407,459.526,36.241,16653.551,0.000,0.000,0.000,0.000,0.000,0.000,1.000,1.000,0.000,48.919,49.100,0.940,62.801,5.000,101.0,47.0,-44.20512771606445,46.97435760498047
108.588,13:02:05.664,459.526,36.241,16653.551,0.000,0.000,0.000,0.000,0.000,0.000,1.000,1.000,0.000,48.919,49.100,0.940,62.801,5.000,101.0,47.0,41.89743423461914,-48.46154022216797
108.843,13:02:05.808,459.526,36.241,16653.551,0.000,0.000,0.000,0.000,0.000,0.000,1.000,1.000,0.000,48.919,49.100,0.940,62.853,5.000,101.0,47.0,41.89743423461914,-48.46154022216797
108.988,13:02:05.872,463.326,35.332,16370.102,0.000,0.000,0.000,0.000,0.000,0.000,1.000,1.000,0.000,48.919,49.100,0.940,62.853,5.000,101.0,47.0,41.89743423461914,-48.46154022216797
109.052,13:02:05.936,463.326,35.332,16370.102,0.000,0.000,0.000,0.000,0.000,0.000,1.000,1.000,0.000,48.919,49.100,0.940,62.853,5.000,101.0,47.0,41.89743423461914,-48.46154022216797
109.116,13:02:06.080,463.326,35.332,16370.102,0.000,0.000,0.000,0.000,0.000,0.000,1.000,1.000,0.000,48.919,49.100,0.940,62.853,5.000,101.0,47.0,41.89743423461914,-48.46154022216797
109.260,13:02:06.144,463.326,35.332,16370.102,0.000,0.000,0.000,0.000,0.000,0.000,1.000,1.000,0.000,48.919,49.100,0.940,62.853,5.000,101.0,47.0,41.89743423461914,-48.46154022216797
109.324,13:02:06.208,459.798,36.185,16637.582,0.000,0.000,0.000,0.000,0.000,0.000,1.000,1.000,0.000,48.919,49.100,0.940,62.853,5.000,101.0,47.0,41.89743423461914,-48.46154022216797
109.388,13:02:06.351,459.798,36.185,16637.582,0.000,0.000,0.000,0.000,0.000,0.000,1.000,1.000,0.000,49.319,49.500,0.940,62.899,5.000,101.0,47.0,41.89743423461914,-48.46154022216797
109.531,13:02:06.415,459.798,36.185,16637.582,0.000,0.000,0.000,0.000,0.000,0.000,1.000,1.000,0.000,49.319,49.500,0.940,62.899,5.000,101.0,47.0,41.89743423461914,-48.46154022216797
109.595,13:02:06.671,459.798,36.185,16637.582,0.000,0.000,0.000,0.000,0.000,0.000,1.000,1.000,0.000,49.319,49.500,0.940,62.899,5.000,101.0,47.0,-53.69230651855469,16.769229888916016
109.851,13:02:06.816,455.815,37.061,16893.057,0.000,0.000,0.000,0.000,0.000,0.000,1.000,1.000,0.000,49.281,49.100,0.940,62.884,5.000,101.0,47.0,-53.69230651855469,16.769229888916016
109.996,13:02:06.880,455.815,37.061,16893.057,0.000,0.000,0.000,0.000,0.000,0.000,1.000,1.000,0.000,49.281,49.100,0.940,62.884,5.000,101.0,47.0,-53.69230651855469,16.769229888916016
110.060,13:02:06.944,455.815,37.061,16893.057,0.000,0.000,0.000,0.000,0.000,0.000,1.000,1.000,0.000,49.281,49.100,0.940,62.884,5.000,101.0,47.0,-53.69230651855469,16.769229888916016
110.123,13:02:07.088,462.233,35.607,16458.850,0.000,0.000,0.000,0.000,0.000,0.000,1.000,1.000,0.000,48.919,49.100,0.940,62.927,5.000,101.0,47.0,-53.69230651855469,16.769229888916016
110.267,13:02:07.150,462.233,35.607,16458.850,0.000,0.000,0.000,0.000,0.000,0.000,1.000,1.000,0.000,48.919,49.100,0.940,62.927,5.000,101.0,47.0,-53.69230651855469,16.769229888916016
110.332,13:02:07.215,462.233,35.607,16458.850,0.000,0.000,0.000,0.000,0.000,0.000,1.000,1.000,0.000,48.919,49.100,0.940,62.927,5.000,101.0,47.0,-53.69230651855469,16.769229888916016
110.395,13:02:07.360,462.233,35.607,16458.850,0.000,0.000,0.000,0.000,0.000,0.000,1.000,1.000,0.000,48.919,49.100,0.940,62.927,5.000,101.0,47.0,-53.69230651855469,16.769229888916016
110.539,13:02:07.422,458.559,36.467,16722.096,0.000,0.000,0.000,0.000,0.000,0.000,1.000,1.000,0.000,48.919,49.100,0.940,62.927,5.000,101.0,47.0,-53.69230651855469,16.769229888916016
110.602,13:02:07.678,458.559,36.467,16722.096,0.000,0.000,0.000,0.000,0.000,0.000,1.000,1.000,0.000,48.919,49.100,0.940,62.927,5.000,101.0,47.0,47.74359130859375,-7.794871807098389
110.859,13:02:07.822,458.559,36.467,16722.096,0.000,0.000,0.000,0.000,0.000,0.000,1.000,1.000,0.000,49.319,49.500,0.940,62.945,5.000,101.0,47.0,47.74359130859375,-7.794871807098389
111.003,13:02:07.887,456.799,36.857,16836.420,0.000,0.000,0.000,0.000,0.000,0.000,1.000,1.000,0.000,49.319,49.500,0.940,62.945,5.000,101.0,47.0,47.74359130859375,-7.794871807098389
111.066,13:02:07.950,456.799,36.857,16836.420,0.000,0.000,0.000,0.000,0.000,0.000,1.000,1.000,0.000,49.319,49.500,0.940,62.945,5.000,101.0,47.0,47.74359130859375,-7.794871807098389
111.130,13:02:08.094,456.799,36.857,16836.420,0.000,0.000,0.000,0.000,0.000,0.000,1.000,1.000,0.000,49.281,49.100,0.940,63.004,5.000,101.0,47.0,47.74359130859375,-7.794871807098389
111.274,13:02:08.158,456.799,36.857,16836.420,0.000,0.000,0.000,0.000,0.000,0.000,1.000,1.000,0.000,49.281,49.100,0.940,63.004,5.000,101.0,47.0,47.74359130859375,-7.794871807098389
111.339,13:02:08.223,462.263,35.587,16450.488,0.000,0.000,0.000,0.000,0.000,0.000,1.000,1.000,0.000,49.281,49.100,0.940,63.004,5.000,101.0,47.0,47.74359130859375,-7.794871807098389
111.403,13:02:08.366,462.263,35.587,16450.488,0.000,0.000,0.000,0.000,0.000,0.000,1.000,1.000,0.000,48.919,49.100,0.940,63.028,5.000,101.0,47.0,47.74359130859375,-7.794871807098389
111.546,13:02:08.430,462.263,35.587,16450.488,0.000,0.000,0.000,0.000,0.000,0.000,1.000,1.000,0.000,48.919,49.100,0.940,63.028,5.000,101.0,47.0,47.74359130859375,-7.794871807098389
111.611,13:02:08.686,462.263,35.587,16450.488,0.000,0.000,0.000,0.000,0.000,0.000,1.000,1.000,0.000,48.919,49.100,0.940,63.028,5.000,101.0,47.0,-13.384614944458008,-33.89743423461914
111.866,13:02:08.831,458.630,36.453,16718.273,0.000,0.000,0.000,0.000,0.000,0.000,1.000,1.000,0.000,49.319,49.500,0.940,63.014,5.000,101.0,47.0,-13.384614944458008,-33.89743423461914
112.010,13:02:08.894,458.630,36.453,16718.273,0.000,0.000,0.000,0.000,0.000,0.000,1.000,1.000,0.000,49.319,49.500,0.940,63.014,5.000,101.0,47.0,-13.384614944458008,-33.89743423461914
112.074,13:02:08.958,458.630,36.453,16718.273,0.000,0.000,0.000,0.000,0.000,0.000,1.000,1.000,0.000,49.319,49.500,0.940,63.014,5.000,101.0,47.0,-13.384614944458008,-33.89743423461914
112.138,13:02:09.101,458.630,36.453,16718.273,0.000,0.000,0.000,0.000,0.000,0.000,1.000,1.000,0.000,49.281,49.100,0.940,63.088,5.000,101.0,47.0,-13.384614944458008,-33.89743423461914
112.281,13:02:09.165,456.745,36.875,16842.281,0.000,0.000,0.000,0.000,0.000,0.000,1.000,1.000,0.000,49.281,49.100,0.940,63.088,5.000,101.0,47.0,-13.384614944458008,-33.89743423461914
112.346,13:02:09.230,456.745,36.875,16842.281,0.000,0.000,0.000,0.000,0.000,0.000,1.000,1.000,0.000,49.281,49.100,0.940,63.088,5.000,101.0,47.0,-13.384614944458008,-33.89743423461914
112.410,13:02:09.373,456.745,36.875,16842.281,0.000,0.000,0.000,0.000,0.000,0.000,1.000,1.000,0.000,49.281,49.100,0.940,63.088,5.000,101.0,47.0,-13.384614944458008,-33.89743423461914
112.553,13:02:09.437,460.781,35.951,16565.475,0.000,0.000,0.000,0.000,0.000,0.000,1.000,1.000,0.000,49.281,49.100,0.940,63.088,5.000,101.0,47.0,-13.384614944458008,-33.89743423461914
112.617,13:02:09.693,460.781,35.951,16565.475,0.000,0.000,0.000,0.000,0.000,0.000,1.000,1.000,0.000,49.281,49.100,0.940,63.088,5.000,101.0,47.0,47.128204345703125,-20.71794891357422
112.874,13:02:09.837,460.781,35.951,16565.475,0.000,0.000,0.000,0.000,0.000,0.000,1.000,1.000,0.000,48.881,48.700,0.940,63.157,5.000,101.0,47.0,47.128204345703125,-20.71794891357422
113.017,13:02:09.901,462.453,35.542,16436.664,0.000,0.000,0.000,0.000,0.000,0.000,1.000,1.000,0.000,48.881,48.700,0.940,63.157,5.000,101.0,47.0,47.128204345703125,-20.71794891357422
113.081,13:02:09.965,462.453,35.542,16436.664,0.000,0.000,0.000,0.000,0.000,0.000,1.000,1.000,0.000,48.881,48.700,0.940,63.157,5.000,101.0,47.0,47.128204345703125,-20.71794891357422
113.145,13:02:10.109,462.453,35.542,16436.664,0.000,0.000,0.000,0.000,0.000,0.000,1.000,1.000,0.000,48.919,49.100,0.940,63.155,5.000,101.0,47.0,47.128204345703125,-20.71794891357422
113.290,13:02:10.174,462.453,35.542,16436.664,0.000,0.000,0.000,0.000,0.000,0.000,1.000,1.000,0.000,48.919,49.100,0.940,63.155,5.000,101.0,47.0,47.128204345703125,-20.71794891357422
113.354,13:02:10.238,462.453,35.542,16436.664,0.000,0.000,0.000,0.000,0.000,0.000,1.000,1.000,0.000,48.919,49.100,0.940,63.155,5.000,101.0,47.0,47.128204345703125,-20.71794891357422
113.417,13:02:10.380,460.756,35.952,16564.982,0.000,0.000,0.000,0.000,0.000,0.000,1.000,1.000,0.000,48.881,48.700,0.940,63.170,5.000,101.0,47.0,47.128204345703125,-20.71794891357422
113.560,13:02:10.444,460.756,35.952,16564.982,0.000,0.000,0.000,0.000,0.000,0.000,1.000,1.000,0.000,48.881,48.700,0.940,63.170,5.000,101.0,47.0,47.128204345703125,-20.71794891357422
113.625,13:02:10.701,460.756,35.952,16564.982,0.000,0.000,0.000,0.000,0.000,0.000,1.000,1.000,0.000,48.881,48.700,0.940,63.170,5.000,101.0,47.0,46.82051467895508,-38.512821197509766
113.881,13:02:10.845,462.671,35.495,16422.639,0.000,0.000,0.000,0.000,0.000,0.000,1.000,1.000,0.000,48.919,49.100,0.940,63.149,5.000,101.0,47.0,46.82051467895508,-38.512821197509766
114.025,13:02:10.909,462.671,35.495,16422.639,0.000,0.000,0.000,0.000,0.000,0.000,1.000,1.000,0.000,48.919,49.100,0.940,63.149,5.000,101.0,47.0,46.82051467895508,-38.512821197509766
114.088,13:02:10.972,462.671,35.495,16422.639,0.000,0.000,0.000,0.000,0.000,0.000,1.000,1.000,0.000,48.919,49.100,0.940,63.149,5.000,101.0,47.0,46.82051467895508,-38.512821197509766
114.152,13:02:11.116,462.671,35.495,16422.639,0.000,0.000,0.000,0.000,0.000,0.000,1.000,1.000,0.000,48.919,49.100,0.940,63.155,5.000,101.0,47.0,46.82051467895508,-38.512821197509766
114.297,13:02:11.181,460.704,35.975,16573.768,0.000,0.000,0.000,0.000,0.000,0.000,1.000,1.000,0.000,48.919,49.100,0.940,63.155,5.000,101.0,47.0,46.82051467895508,-38.512821197509766
114.360,13:02:11.244,460.704,35.975,16573.768,0.000,0.000,0.000,0.000,0.000,0.000,1.000,1.000,0.000,48.919,49.100,0.940,63.155,5.000,101.0,47.0,46.82051467895508,-38.512821197509766
114.425,13:02:11.388,460.704,35.975,16573.768,0.000,0.000,0.000,0.000,0.000,0.000,1.000,1.000,0.000,48.919,49.100,0.940,63.155,5.000,101.0,47.0,46.82051467895508,-38.512821197509766
114.569,13:02:11.453,460.704,35.975,16573.768,0.000,0.000,0.000,0.000,0.000,0.000,1.000,1.000,0.000,48.919,49.100,0.940,63.155,5.000,101.0,47.0,46.82051467895508,-38.512821197509766
114.632,13:02:11.708,456.714,36.884,16845.242,0.000,0.000,0.000,0.000,0.000,0.000,1.000,1.000,0.000,48.919,49.100,0.940,63.155,5.000,101.0,47.0,-34.66666793823242,54.56410217285156
114.888,13:02:11.852,456.714,36.884,16845.242,0.000,0.000,0.000,0.000,0.000,0.000,1.000,1.000,0.000,49.281,49.100,0.940,63.157,5.000,101.0,47.0,-34.66666793823242,54.56410217285156
115.032,13:02:11.916,460.586,36.009,16585.291,0.000,0.000,0.000,0.000,0.000,0.000,1.000,1.000,0.000,49.281,49.100,0.940,63.157,5.000,101.0,47.0,-34.66666793823242,54.56410217285156
115.097,13:02:11.981,460.586,36.009,16585.291,0.000,0.000,0.000,0.000,0.000,0.000,1.000,1.000,0.000,49.281,49.100,0.940,63.157,5.000,101.0,47.0,-34.66666793823242,54.56410217285156
115.159,13:02:12.125,460.586,36.009,16585.291,0.000,0.000,0.000,0.000,0.000,0.000,1.000,1.000,0.000,48.919,49.100,0.940,63.216,5.000,101.0,47.0,-34.66666793823242,54.56410217285156
115.305,13:02:12.188,460.586,36.009,16585.291,0.000,0.000,0.000,0.000,0.000,0.000,1.000,1.000,0.000,48.919,49.100,0.940,63.216,5.000,101.0,47.0,-34.66666793823242,54.56410217285156
115.369,13:02:12.252,460.586,36.009,16585.291,0.000,0.000,0.000,0.000,0.000,0.000,1.000,1.000,0.000,48.919,49.100,0.940,63.216,5.000,101.0,47.0,-34.66666793823242,54.56410217285156
115.432,13:02:12.395,456.478,36.942,16862.998,0.000,0.000,0.000,0.000,0.000,0.000,1.000,1.000,0.000,49.319,49.500,0.940,63.214,5.000,101.0,47.0,-34.66666793823242,54.56410217285156
115.575,13:02:12.459,456.478,36.942,16862.998,0.000,0.000,0.000,0.000,0.000,0.000,1.000,1.000,0.000,49.319,49.500,0.940,63.214,5.000,101.0,47.0,-34.66666793823242,54.56410217285156
115.639,13:02:12.715,456.478,36.942,16862.998,0.000,0.000,0.000,0.000,0.000,0.000,1.000,1.000,0.000,49.319,49.500,0.940,63.214,5.000,101.0,47.0,-5.846153736114502,-45.43589782714844
115.896,13:02:12.860,451.469,37.944,17130.441,0.000,0.000,0.000,0.000,0.000,0.000,1.000,1.000,0.000,49.681,49.500,0.940,63.260,5.000,101.0,47.0,-5.846153736114502,-45.43589782714844
116.039,13:02:12.923,451.469,37.944,17130.441,0.000,0.000,0.000,0.000,0.000,0.000,1.000,1.000,0.000,49.681,49.500,0.940,63.260,5.000,101.0,47.0,-5.846153736114502,-45.43589782714844
116.104,13:02:12.988,451.469,37.944,17130.441,0.000,0.000,0.000,0.000,0.000,0.000,1.000,1.000,0.000,49.681,49.500,0.940,63.260,5.000,101.0,47.0,-5.846153736114502,-45.43589782714844
116.168,13:02:13.131,451.469,37.944,17130.441,0.000,0.000,0.000,0.000,0.000,0.000,1.000,1.000,0.000,48.919,49.100,0.940,63.330,5.000,101.0,47.0,-5.846153736114502,-45.43589782714844
116.312,13:02:13.196,460.274,36.081,16607.111,0.000,0.000,0.000,0.000,0.000,0.000,1.000,1.000,0.000,48.919,49.100,0.940,63.330,5.000,101.0,47.0,-5.846153736114502,-45.43589782714844
116.376,13:02:13.260,460.274,36.081,16607.111,0.000,0.000,0.000,0.000,0.000,0.000,1.000,1.000,0.000,48.919,49.100,0.940,63.330,5.000,101.0,47.0,-5.846153736114502,-45.43589782714844
116.439,13:02:13.402,460.274,36.081,16607.111,0.000,0.000,0.000,0.000,0.000,0.000,1.000,1.000,0.000,48.919,49.100,0.940,63.330,5.000,101.0,47.0,-5.846153736114502,-45.43589782714844
116.583,13:02:13.466,460.274,36.081,16607.111,0.000,0.000,0.000,0.000,0.000,0.000,1.000,1.000,0.000,48.919,49.100,0.940,63.330,5.000,101.0,47.0,-5.846153736114502,-45.43589782714844
116.647,13:02:13.723,456.274,36.975,16870.865,0.000,0.000,0.000,0.000,0.000,0.000,1.000,1.000,0.000,48.919,49.100,0.940,63.330,5.000,101.0,47.0,50.871795654296875,-14.410256385803223
116.903,13:02:13.866,456.274,36.975,16870.865,0.000,0.000,0.000,0.000,0.000,0.000,1.000,1.000,0.000,49.281,49.100,0.940,63.351,5.000,101.0,47.0,50.871795654296875,-14.410256385803223
117.047,13:02:13.930,460.437,36.039,16593.516,0.000,0.000,0.000,0.000,0.000,0.000,1.000,1.000,0.000,49.281,49.100,0.940,63.351,5.000,101.0,47.0,50.871795654296875,-14.410256385803223
117.111,13:02:13.994,460.437,36.039,16593.516,0.000,0.000,0.000,0.000,0.000,0.000,1.000,1.000,0.000,49.281,49.100,0.940,63.351,5.000,101.0,47.0,50.871795654296875,-14.410256385803223
117.175,13:02:14.139,460.437,36.039,16593.516,0.000,0.000,0.000,0.000,0.000,0.000,1.000,1.000,0.000,48.919,49.100,0.940,63.366,5.000,101.0,47.0,50.871795654296875,-14.410256385803223
117.318,13:02:14.202,460.437,36.039,16593.516,0.000,0.000,0.000,0.000,0.000,0.000,1.000,1.000,0.000,48.919,49.100,0.940,63.366,5.000,101.0,47.0,50.871795654296875,-14.410256385803223
117.382,13:02:14.266,460.437,36.039,16593.516,0.000,0.000,0.000,0.000,0.000,0.000,1.000,1.000,0.000,48.919,49.100,0.940,63.366,5.000,101.0,47.0,50.871795654296875,-14.410256385803223
117.446,13:02:14.410,456.130,37.005,16879.238,0.000,0.000,0.000,0.000,0.000,0.000,1.000,1.000,0.000,49.281,49.100,0.940,63.444,5.000,101.0,47.0,50.871795654296875,-14.410256385803223
117.591,13:02:14.475,456.130,37.005,16879.238,0.000,0.000,0.000,0.000,0.000,0.000,1.000,1.000,0.000,49.281,49.100,0.940,63.444,5.000,101.0,47.0,50.871795654296875,-14.410256385803223
117.655,13:02:14.730,456.130,37.005,16879.238,0.000,0.000,0.000,0.000,0.000,0.000,1.000,1.000,0.000,49.281,49.100,0.940,63.444,5.000,101.0,47.0,-46.30769348144531,-16.35897445678711
117.910,13:02:14.875,460.263,36.083,16607.717,0.000,0.000,0.000,0.000,0.000,0.000,1.000,1.000,0.000,48.919,49.100,0.940,63.421,5.000,101.0,47.0,-46.30769348144531,-16.35897445678711
118.054,13:02:14.937,460.263,36.083,16607.717,0.000,0.000,0.000,0.000,0.000,0.000,1.000,1.000,0.000,48.919,49.100,0.940,63.421,5.000,101.0,47.0,-46.30769348144531,-16.35897445678711
118.118,13:02:15.002,460.263,36.083,16607.717,0.000,0.000,0.000,0.000,0.000,0.000,1.000,1.000,0.000,48.919,49.100,0.940,63.421,5.000,101.0,47.0,-46.30769348144531,-16.35897445678711
118.183,13:02:15.146,460.263,36.083,16607.717,0.000,0.000,0.000,0.000,0.000,0.000,1.000,1.000,0.000,49.281,49.100,0.940,63.470,5.000,101.0,47.0,-46.30769348144531,-16.35897445678711
118.326,13:02:15.210,456.141,37.009,16881.330,0.000,0.000,0.000,0.000,0.000,0.000,1.000,1.000,0.000,49.281,49.100,0.940,63.470,5.000,101.0,47.0,-46.30769348144531,-16.35897445678711
118.390,13:02:15.274,456.141,37.009,16881.330,0.000,0.000,0.000,0.000,0.000,0.000,1.000,1.000,0.000,49.281,49.100,0.940,63.470,5.000,101.0,47.0,-46.30769348144531,-16.35897445678711
118.454,13:02:15.417,456.141,37.009,16881.330,0.000,0.000,0.000,0.000,0.000,0.000,1.000,1.000,0.000,49.281,49.100,0.940,63.470,5.000,101.0,47.0,-46.30769348144531,-16.35897445678711
118.597,13:02:15.481,456.141,37.009,16881.330,0.000,0.000,0.000,0.000,0.000,0.000,1.000,1.000,0.000,49.281,49.100,0.940,63.470,5.000,101.0,47.0,-46.30769348144531,-16.35897445678711
118.663,13:02:15.737,460.027,36.133,16622.285,0.000,0.000,0.000,0.000,0.000,0.000,1.000,1.000,0.000,49.281,49.100,0.940,63.470,5.000,101.0,47.0,52.0,-25.0256404876709
118.918,13:02:15.881,460.027,36.133,16622.285,0.000,0.000,0.000,0.000,0.000,0.000,1.000,1.000,0.000,48.881,48.700,0.940,63.495,5.000,101.0,47.0,52.0,-25.0256404876709
119.062,13:02:15.946,463.271,35.335,16369.808,0.000,0.000,0.000,0.000,0.000,0.000,1.000,1.000,0.000,48.881,48.700,0.940,63.495,5.000,101.0,47.0,52.0,-25.0256404876709
119.126,13:02:16.010,463.271,35.335,16369.808,0.000,0.000,0.000,0.000,0.000,0.000,1.000,1.000,0.000,48.881,48.700,0.940,63.495,5.000,101.0,47.0,52.0,-25.0256404876709
119.190,13:02:16.154,463.271,35.335,16369.808,0.000,0.000,0.000,0.000,0.000,0.000,1.000,1.000,0.000,48.919,49.100,0.940,63.510,5.000,101.0,47.0,52.0,-25.0256404876709
119.334,13:02:16.218,463.271,35.335,16369.808,0.000,0.000,0.000,0.000,0.000,0.000,1.000,1.000,0.000,48.919,49.100,0.940,63.510,5.000,101.0,47.0,52.0,-25.0256404876709
119.397,13:02:16.281,463.271,35.335,16369.808,0.000,0.000,0.000,0.000,0.000,0.000,1.000,1.000,0.000,48.919,49.100,0.940,63.510,5.000,101.0,47.0,52.0,-25.0256404876709
119.462,13:02:16.425,463.271,35.335,16369.808,0.000,0.000,0.000,0.000,0.000,0.000,1.000,1.000,0.000,49.281,49.100,0.940,63.497,5.000,101.0,47.0,52.0,-25.0256404876709
119.605,13:02:16.489,459.955,36.148,16626.631,0.000,0.000,0.000,0.000,0.000,0.000,1.000,1.000,0.000,49.281,49.100,0.940,63.497,5.000,101.0,47.0,52.0,-25.0256404876709
119.669,13:02:16.745,459.955,36.148,16626.631,0.000,0.000,0.000,0.000,0.000,0.000,1.000,1.000,0.000,49.281,49.100,0.940,63.497,5.000,101.0,47.0,-48.512821197509766,-53.53845977783203
119.925,13:02:16.889,463.585,35.271,16351.019,0.000,0.000,0.000,0.000,0.000,0.000,1.000,1.000,0.000,48.919,49.100,0.940,63.481,5.000,101.0,47.0,-48.512821197509766,-53.53845977783203
120.070,13:02:16.953,463.585,35.271,16351.019,0.000,0.000,0.000,0.000,0.000,0.000,1.000,1.000,0.000,48.919,49.100,0.940,63.481,5.000,101.0,47.0,-48.512821197509766,-53.53845977783203
120.134,13:02:17.017,463.585,35.271,16351.019,0.000,0.000,0.000,0.000,0.000,0.000,1.000,1.000,0.000,48.919,49.100,0.940,63.481,5.000,101.0,47.0,-48.512821197509766,-53.53845977783203
120.196,13:02:17.161,463.585,35.271,16351.019,0.000,0.000,0.000,0.000,0.000,0.000,1.000,1.000,0.000,48.919,49.100,0.940,63.481,5.000,101.0,47.0,-48.512821197509766,-53.53845977783203
120.341,13:02:17.225,459.819,36.181,16636.887,0.000,0.000,0.000,0.000,0.000,0.000,1.000,1.000,0.000,48.919,49.100,0.940,63.481,5.000,101.0,47.0,-48.512821197509766,-53.53845977783203
120.405,13:02:17.289,459.819,36.181,16636.887,0.000,0.000,0.000,0.000,0.000,0.000,1.000,1.000,0.000,48.919,49.100,0.940,63.481,5.000,101.0,47.0,-48.512821197509766,-53.53845977783203
120.469,13:02:17.432,459.819,36.181,16636.887,0.000,0.000,0.000,0.000,0.000,0.000,1.000,1.000,0.000,49.281,49.100,0.940,63.537,5.000,101.0,47.0,-48.512821197509766,-53.53845977783203
120.612,13:02:17.496,459.819,36.181,16636.887,0.000,0.000,0.000,0.000,0.000,0.000,1.000,1.000,0.000,49.281,49.100,0.940,63.537,5.000,101.0,47.0,-48.512821197509766,-53.53845977783203
120.676,13:02:17.752,459.819,36.181,16636.887,0.000,0.000,0.000,0.000,0.000,0.000,1.000,1.000,0.000,49.281,49.100,0.940,63.537,5.000,101.0,47.0,-28.256410598754883,52.66666793823242
120.932,13:02:17.896,463.480,35.283,16352.751,0.000,0.000,0.000,0.000,0.000,0.000,1.000,1.000,0.000,48.919,49.100,0.940,63.498,5.000,101.0,47.0,-28.256410598754883,52.66666793823242
121.077,13:02:17.961,463.480,35.283,16352.751,0.000,0.000,0.000,0.000,0.000,0.000,1.000,1.000,0.000,48.919,49.100,0.940,63.498,5.000,101.0,47.0,-28.256410598754883,52.66666793823242
121.140,13:02:18.024,459.678,36.204,16642.127,0.000,0.000,0.000,0.000,0.000,0.000,1.000,1.000,0.000,48.919,49.100,0.940,63.498,5.000,101.0,47.0,-28.256410598754883,52.66666793823242
121.204,13:02:18.168,459.678,36.204,16642.127,0.000,0.000,0.000,0.000,0.000,0.000,1.000,1.000,0.000,49.281,49.100,0.940,63.531,5.000,101.0,47.0,-28.256410598754883,52.66666793823242
121.348,13:02:18.232,459.678,36.204,16642.127,0.000,0.000,0.000,0.000,0.000,0.000,1.000,1.000,0.000,49.281,49.100,0.940,63.531,5.000,101.0,47.0,-28.256410598754883,52.66666793823242
121.412,13:02:18.296,459.678,36.204,16642.127,0.000,0.000,0.000,0.000,0.000,0.000,1.000,1.000,0.000,49.281,49.100,0.940,63.531,5.000,101.0,47.0,-28.256410598754883,52.66666793823242
121.476,13:02:18.439,459.678,36.204,16642.127,0.000,0.000,0.000,0.000,0.000,0.000,1.000,1.000,0.000,49.281,49.100,0.940,63.568,5.000,101.0,47.0,-28.256410598754883,52.66666793823242
121.620,13:02:18.504,456.064,37.001,16874.682,0.000,0.000,0.000,0.000,0.000,0.000,1.000,1.000,0.000,49.281,49.100,0.940,63.568,5.000,101.0,47.0,-28.256410598754883,52.66666793823242
121.684,13:02:18.760,456.064,37.001,16874.682,0.000,0.000,0.000,0.000,0.000,0.000,1.000,1.000,0.000,49.281,49.100,0.940,63.568,5.000,101.0,47.0,-23.384614944458008,-31.076923370361328
121.940,13:02:18.903,461.942,35.610,16449.875,0.000,0.000,0.000,0.000,0.000,0.000,1.000,1.000,0.000,48.920,49.100,0.940,63.585,5.000,101.0,47.0,-23.384614944458008,-31.076923370361328
122.084,13:02:18.968,461.942,35.610,16449.875,0.000,0.000,0.000,0.000,0.000,0.000,1.000,1.000,0.000,48.920,49.100,0.940,63.585,5.000,101.0,47.0,-23.384614944458008,-31.076923370361328
122.148,13:02:19.032,461.942,35.610,16449.875,0.000,0.000,0.000,0.000,0.000,0.000,1.000,1.000,0.000,48.920,49.100,0.940,63.585,5.000,101.0,47.0,-23.384614944458008,-31.076923370361328
122.211,13:02:19.176,461.942,35.610,16449.875,0.000,0.000,0.000,0.000,0.000,0.000,1.000,1.000,0.000,48.920,49.100,0.940,63.585,5.000,101.0,47.0,-23.384614944458008,-31.076923370361328
122.355,13:02:19.239,461.553,35.688,16472.031,0.000,0.000,0.000,0.000,0.000,0.000,1.000,1.000,0.000,48.920,49.100,0.940,63.585,5.000,101.0,47.0,-23.384614944458008,-31.076923370361328
122.419,13:02:19.303,461.553,35.688,16472.031,0.000,0.000,0.000,0.000,0.000,0.000,1.000,1.000,0.000,48.920,49.100,0.940,63.585,5.000,101.0,47.0,-23.384614944458008,-31.076923370361328
122.484,13:02:19.447,461.553,35.688,16472.031,0.000,0.000,0.000,0.000,0.000,0.000,1.000,1.000,0.000,48.880,48.700,0.940,63.587,5.000,101.0,47.0,-23.384614944458008,-31.076923370361328
122.627,13:02:19.511,461.553,35.688,16472.031,0.000,0.000,0.000,0.000,0.000,0.000,1.000,1.000,0.000,48.880,48.700,0.940,63.587,5.000,101.0,47.0,-23.384614944458008,-31.076923370361328
122.691,13:02:19.767,461.553,35.688,16472.031,0.000,0.000,0.000,0.000,0.000,0.000,1.000,1.000,0.000,48.880,48.700,0.940,63.587,5.000,101.0,47.0,-39.89743423461914,43.128204345703125
122.947,13:02:19.911,458.866,36.318,16664.996,0.000,0.000,0.000,0.000,0.000,0.000,1.000,1.000,0.000,49.319,49.500,0.940,63.548,5.000,101.0,47.0,-39.89743423461914,43.128204345703125
123.092,13:02:19.976,458.866,36.318,16664.996,0.000,0.000,0.000,0.000,0.000,0.000,1.000,1.000,0.000,49.319,49.500,0.940,63.548,5.000,101.0,47.0,-39.89743423461914,43.128204345703125
123.155,13:02:20.039,461.324,35.747,16490.736,0.000,0.000,0.000,0.000,0.000,0.000,1.000,1.000,0.000,49.319,49.500,0.940,63.548,5.000,101.0,47.0,-39.89743423461914,43.128204345703125
123.219,13:02:20.183,461.324,35.747,16490.736,0.000,0.000,0.000,0.000,0.000,0.000,1.000,1.000,0.000,48.919,49.100,0.940,63.600,5.000,101.0,47.0,-39.89743423461914,43.128204345703125
123.363,13:02:20.247,461.324,35.747,16490.736,0.000,0.000,0.000,0.000,0.000,0.000,1.000,1.000,0.000,48.919,49.100,0.940,63.600,5.000,101.0,47.0,-39.89743423461914,43.128204345703125
123.426,13:02:20.310,461.324,35.747,16490.736,0.000,0.000,0.000,0.000,0.000,0.000,1.000,1.000,0.000,48.919,49.100,0.940,63.600,5.000,101.0,47.0,-39.89743423461914,43.128204345703125
123.491,13:02:20.454,461.324,35.747,16490.736,0.000,0.000,0.000,0.000,0.000,0.000,1.000,1.000,0.000,48.919,49.100,0.940,63.615,5.000,101.0,47.0,-39.89743423461914,43.128204345703125
123.635,13:02:20.519,461.201,35.758,16491.600,0.000,0.000,0.000,0.000,0.000,0.000,1.000,1.000,0.000,48.919,49.100,0.940,63.615,5.000,101.0,47.0,-39.89743423461914,43.128204345703125
123.699,13:02:20.774,461.201,35.758,16491.600,0.000,0.000,0.000,0.000,0.000,0.000,1.000,1.000,0.000,48.919,49.100,0.940,63.615,5.000,101.0,47.0,28.41025733947754,-52.0
123.955,13:02:20.919,457.214,36.683,16771.893,0.000,0.000,0.000,0.000,0.000,0.000,1.000,1.000,0.000,49.281,49.100,0.940,63.661,5.000,101.0,47.0,28.41025733947754,-52.0
124.098,13:02:20.982,457.214,36.683,16771.893,0.000,0.000,0.000,0.000,0.000,0.000,1.000,1.000,0.000,49.281,49.100,0.940,63.661,5.000,101.0,47.0,28.41025733947754,-52.0
124.162,13:02:21.046,457.214,36.683,16771.893,0.000,0.000,0.000,0.000,0.000,0.000,1.000,1.000,0.000,49.281,49.100,0.940,63.661,5.000,101.0,47.0,28.41025733947754,-52.0
124.226,13:02:21.191,457.214,36.683,16771.893,0.000,0.000,0.000,0.000,0.000,0.000,1.000,1.000,0.000,49.281,49.100,0.940,63.661,5.000,101.0,47.0,28.41025733947754,-52.0
124.371,13:02:21.255,461.212,35.764,16494.971,0.000,0.000,0.000,0.000,0.000,0.000,1.000,1.000,0.000,49.281,49.100,0.940,63.661,5.000,101.0,47.0,28.41025733947754,-52.0
124.434,13:02:21.318,461.212,35.764,16494.971,0.000,0.000,0.000,0.000,0.000,0.000,1.000,1.000,0.000,49.281,49.100,0.940,63.661,5.000,101.0,47.0,28.41025733947754,-52.0
124.499,13:02:21.462,461.212,35.764,16494.971,0.000,0.000,0.000,0.000,0.000,0.000,1.000,1.000,0.000,48.881,48.700,0.940,63.639,5.000,101.0,47.0,28.41025733947754,-52.0
124.642,13:02:21.526,461.212,35.764,16494.971,0.000,0.000,0.000,0.000,0.000,0.000,1.000,1.000,0.000,48.881,48.700,0.940,63.639,5.000,101.0,47.0,28.41025733947754,-52.0
124.706,13:02:21.781,461.212,35.764,16494.971,0.000,0.000,0.000,0.000,0.000,0.000,1.000,1.000,0.000,48.881,48.700,0.940,63.639,5.000,101.0,47.0,-36.30769348144531,-9.84615421295166
124.961,13:02:21.925,462.743,35.376,16370.112,0.000,0.000,0.000,0.000,0.000,0.000,1.000,1.000,0.000,48.881,48.700,0.940,63.663,5.000,101.0,47.0,-36.30769348144531,-9.84615421295166
125.106,13:02:21.989,462.743,35.376,16370.112,0.000,0.000,0.000,0.000,0.000,0.000,1.000,1.000,0.000,48.881,48.700,0.940,63.663,5.000,101.0,47.0,-36.30769348144531,-9.84615421295166
125.169,13:02:22.053,459.216,36.225,16634.975,0.000,0.000,0.000,0.000,0.000,0.000,1.000,1.000,0.000,48.881,48.700,0.940,63.663,5.000,101.0,47.0,-36.30769348144531,-9.84615421295166
125.233,13:02:22.197,459.216,36.225,16634.975,0.000,0.000,0.000,0.000,0.000,0.000,1.000,1.000,0.000,49.281,49.100,0.940,63.676,5.000,101.0,47.0,-36.30769348144531,-9.84615421295166
125.377,13:02:22.261,459.216,36.225,16634.975,0.000,0.000,0.000,0.000,0.000,0.000,1.000,1.000,0.000,49.281,49.100,0.940,63.676,5.000,101.0,47.0,-36.30769348144531,-9.84615421295166
125.443,13:02:22.326,459.216,36.225,16634.975,0.000,0.000,0.000,0.000,0.000,0.000,1.000,1.000,0.000,49.281,49.100,0.940,63.676,5.000,101.0,47.0,-36.30769348144531,-9.84615421295166
125.505,13:02:22.469,459.216,36.225,16634.975,0.000,0.000,0.000,0.000,0.000,0.000,1.000,1.000,0.000,48.919,49.100,0.940,63.681,5.000,101.0,47.0,-36.30769348144531,-9.84615421295166
125.650,13:02:22.534,460.661,35.884,16530.578,0.000,0.000,0.000,0.000,0.000,0.000,1.000,1.000,0.000,48.919,49.100,0.940,63.681,5.000,101.0,47.0,-36.30769348144531,-9.84615421295166
125.714,13:02:22.789,460.661,35.884,16530.578,0.000,0.000,0.000,0.000,0.000,0.000,1.000,1.000,0.000,48.919,49.100,0.940,63.681,5.000,101.0,47.0,43.846153259277344,4.615384578704834
125.969,13:02:22.934,460.661,35.884,16530.578,0.000,0.000,0.000,0.000,0.000,0.000,1.000,1.000,0.000,49.281,49.100,0.940,63.721,5.000,101.0,47.0,43.846153259277344,4.615384578704834
126.114,13:02:22.998,458.999,36.262,16644.387,0.000,0.000,0.000,0.000,0.000,0.000,1.000,1.000,0.000,49.281,49.100,0.940,63.721,5.000,101.0,47.0,43.846153259277344,4.615384578704834
126.177,13:02:23.061,458.999,36.262,16644.387,0.000,0.000,0.000,0.000,0.000,0.000,1.000,1.000,0.000,49.281,49.100,0.940,63.721,5.000,101.0,47.0,43.846153259277344,4.615384578704834
126.242,13:02:23.205,458.999,36.262,16644.387,0.000,0.000,0.000,0.000,0.000,0.000,1.000,1.000,0.000,49.281,49.100,0.940,63.721,5.000,101.0,47.0,43.846153259277344,4.615384578704834
126.386,13:02:23.270,459.280,36.201,16626.334,0.000,0.000,0.000,0.000,0.000,0.000,1.000,1.000,0.000,49.281,49.100,0.940,63.721,5.000,101.0,47.0,43.846153259277344,4.615384578704834
126.450,13:02:23.334,459.280,36.201,16626.334,0.000,0.000,0.000,0.000,0.000,0.000,1.000,1.000,0.000,49.281,49.100,0.940,63.721,5.000,101.0,47.0,43.846153259277344,4.615384578704834
126.513,13:02:23.476,459.280,36.201,16626.334,0.000,0.000,0.000,0.000,0.000,0.000,1.000,1.000,0.000,49.319,49.500,0.940,63.721,5.000,101.0,47.0,43.846153259277344,4.615384578704834
126.657,13:02:23.540,459.280,36.201,16626.334,0.000,0.000,0.000,0.000,0.000,0.000,1.000,1.000,0.000,49.319,49.500,0.940,63.721,5.000,101.0,47.0,43.846153259277344,4.615384578704834
126.721,13:02:23.796,459.280,36.201,16626.334,0.000,0.000,0.000,0.000,0.000,0.000,1.000,1.000,0.000,49.319,49.500,0.940,63.721,5.000,101.0,47.0,-49.230770111083984,2.4102563858032227
126.976,13:02:23.941,456.358,36.856,16819.322,0.000,0.000,0.000,0.000,0.000,0.000,1.000,1.000,0.000,49.319,49.500,0.940,63.736,5.000,101.0,47.0,-49.230770111083984,2.4102563858032227
127.121,13:02:24.005,456.358,36.856,16819.322,0.000,0.000,0.000,0.000,0.000,0.000,1.000,1.000,0.000,49.319,49.500,0.940,63.736,5.000,101.0,47.0,-49.230770111083984,2.4102563858032227
127.185,13:02:24.068,456.358,36.856,16819.322,0.000,0.000,0.000,0.000,0.000,0.000,1.000,1.000,0.000,49.319,49.500,0.940,63.736,5.000,101.0,47.0,-49.230770111083984,2.4102563858032227
127.249,13:02:24.229,460.620,35.891,16532.107,0.000,0.000,0.000,0.000,0.000,0.000,1.000,1.000,0.000,48.919,49.100,0.940,63.807,5.000,101.0,47.0,-49.230770111083984,2.4102563858032227
127.408,13:02:24.292,460.620,35.891,16532.107,0.000,0.000,0.000,0.000,0.000,0.000,1.000,1.000,0.000,48.919,49.100,0.940,63.807,5.000,101.0,47.0,-49.230770111083984,2.4102563858032227
127.472,13:02:24.356,460.620,35.891,16532.107,0.000,0.000,0.000,0.000,0.000,0.000,1.000,1.000,0.000,48.919,49.100,0.940,63.807,5.000,101.0,47.0,-49.230770111083984,2.4102563858032227
127.872,13:02:25.028,463.084,35.288,16341.313,0.000,0.000,0.000,0.000,0.000,0.000,1.000,1.000,0.000,48.919,49.100,0.940,63.825,5.000,101.0,47.0,-2.9743590354919434,47.69230651855469
128.208,13:02:25.172,460.542,35.901,16533.775,0.000,0.000,0.000,0.000,0.000,0.000,1.000,1.000,0.000,48.919,49.100,0.940,63.863,5.000,101.0,47.0,-2.9743590354919434,47.69230651855469
128.352,13:02:25.236,460.542,35.901,16533.775,0.000,0.000,0.000,0.000,0.000,0.000,1.000,1.000,0.000,48.919,49.100,0.940,63.863,5.000,101.0,47.0,-2.9743590354919434,47.69230651855469
128.416,13:02:25.300,463.181,35.253,16328.325,0.000,0.000,0.000,0.000,0.000,0.000,1.000,1.000,0.000,48.919,49.100,0.940,63.863,5.000,101.0,47.0,-2.9743590354919434,47.69230651855469
128.479,13:02:25.443,463.181,35.253,16328.325,0.000,0.000,0.000,0.000,0.000,0.000,1.000,1.000,0.000,48.919,49.100,0.940,63.835,5.000,101.0,47.0,-2.9743590354919434,47.69230651855469
128.624,13:02:25.508,463.181,35.253,16328.325,0.000,0.000,0.000,0.000,0.000,0.000,1.000,1.000,0.000,48.919,49.100,0.940,63.835,5.000,101.0,47.0,-2.9743590354919434,47.69230651855469
128.688,13:02:25.572,463.181,35.253,16328.325,0.000,0.000,0.000,0.000,0.000,0.000,1.000,1.000,0.000,48.919,49.100,0.940,63.835,5.000,101.0,47.0,-2.9743590354919434,47.69230651855469
128.752,13:02:25.715,463.181,35.253,16328.325,0.000,0.000,0.000,0.000,0.000,0.000,1.000,1.000,0.000,48.919,49.100,0.940,63.835,5.000,101.0,47.0,-2.9743590354919434,47.69230651855469
128.896,13:02:25.971,456.529,36.805,16802.480,0.000,0.000,0.000,0.000,0.000,0.000,1.000,1.000,0.000,48.919,49.100,0.940,63.835,5.000,101.0,47.0,-5.025640964508057,-44.56410217285156
129.151,13:02:26.115,456.529,36.805,16802.480,0.000,0.000,0.000,0.000,0.000,0.000,1.000,1.000,0.000,49.281,49.100,0.940,63.877,5.000,101.0,47.0,-5.025640964508057,-44.56410217285156
129.295,13:02:26.179,463.151,35.261,16331.302,0.000,0.000,0.000,0.000,0.000,0.000,1.000,1.000,0.000,49.281,49.100,0.940,63.877,5.000,101.0,47.0,-5.025640964508057,-44.56410217285156
129.360,13:02:26.243,463.151,35.261,16331.302,0.000,0.000,0.000,0.000,0.000,0.000,1.000,1.000,0.000,49.281,49.100,0.940,63.877,5.000,101.0,47.0,-5.025640964508057,-44.56410217285156
129.423,13:02:26.387,463.151,35.261,16331.302,0.000,0.000,0.000,0.000,0.000,0.000,1.000,1.000,0.000,48.919,49.100,0.940,63.862,5.000,101.0,47.0,-5.025640964508057,-44.56410217285156
129.567,13:02:26.450,463.151,35.261,16331.302,0.000,0.000,0.000,0.000,0.000,0.000,1.000,1.000,0.000,48.919,49.100,0.940,63.862,5.000,101.0,47.0,-5.025640964508057,-44.56410217285156
129.631,13:02:26.515,456.273,36.849,16813.264,0.000,0.000,0.000,0.000,0.000,0.000,1.000,1.000,0.000,48.919,49.100,0.940,63.862,5.000,101.0,47.0,-5.025640964508057,-44.56410217285156
129.695,13:02:26.658,456.273,36.849,16813.264,0.000,0.000,0.000,0.000,0.000,0.000,1.000,1.000,0.000,49.281,49.100,0.940,63.886,5.000,101.0,47.0,-5.025640964508057,-44.56410217285156
129.839,13:02:26.723,456.273,36.849,16813.264,0.000,0.000,0.000,0.000,0.000,0.000,1.000,1.000,0.000,49.281,49.100,0.940,63.886,5.000,101.0,47.0,-5.025640964508057,-44.56410217285156
129.903,13:02:26.979,456.273,36.849,16813.264,0.000,0.000,0.000,0.000,0.000,0.000,1.000,1.000,0.000,49.281,49.100,0.940,63.886,5.000,101.0,47.0,-50.512821197509766,29.743589401245117
130.158,13:02:27.123,463.455,35.181,16304.933,0.000,0.000,0.000,0.000,0.000,0.000,1.000,1.000,0.000,48.919,49.100,0.940,63.871,5.000,101.0,47.0,-50.512821197509766,29.743589401245117
130.303,13:02:27.187,463.455,35.181,16304.933,0.000,0.000,0.000,0.000,0.000,0.000,1.000,1.000,0.000,48.919,49.100,0.940,63.871,5.000,101.0,47.0,-50.512821197509766,29.743589401245117
130.367,13:02:27.251,463.455,35.181,16304.933,0.000,0.000,0.000,0.000,0.000,0.000,1.000,1.000,0.000,48.919,49.100,0.940,63.871,5.000,101.0,47.0,-50.512821197509766,29.743589401245117
130.431,13:02:27.394,463.455,35.181,16304.933,0.000,0.000,0.000,0.000,0.000,0.000,1.000,1.000,0.000,49.319,49.500,0.940,63.884,5.000,101.0,47.0,-50.512821197509766,29.743589401245117
130.574,13:02:27.458,459.787,36.064,16581.750,0.000,0.000,0.000,0.000,0.000,0.000,1.000,1.000,0.000,49.319,49.500,0.940,63.884,5.000,101.0,47.0,-50.512821197509766,29.743589401245117
130.638,13:02:27.522,459.787,36.064,16581.750,0.000,0.000,0.000,0.000,0.000,0.000,1.000,1.000,0.000,49.319,49.500,0.940,63.884,5.000,101.0,47.0,-50.512821197509766,29.743589401245117
130.703,13:02:27.667,459.787,36.064,16581.750,0.000,0.000,0.000,0.000,0.000,0.000,1.000,1.000,0.000,49.319,49.500,0.940,63.884,5.000,101.0,47.0,-50.512821197509766,29.743589401245117
130.846,13:02:27.730,459.787,36.064,16581.750,0.000,0.000,0.000,0.000,0.000,0.000,1.000,1.000,0.000,49.319,49.500,0.940,63.884,5.000,101.0,47.0,-50.512821197509766,29.743589401245117
131.247,13:02:28.401,455.796,36.947,16840.199,0.000,0.000,0.000,0.000,0.000,0.000,1.000,1.000,0.000,48.919,49.100,0.940,63.961,5.000,101.0,47.0,50.82051467895508,-20.71794891357422
131.581,13:02:28.546,463.440,35.187,16306.927,0.000,0.000,0.000,0.000,0.000,0.000,1.000,1.000,0.000,48.919,49.100,0.940,63.961,5.000,101.0,47.0,50.82051467895508,-20.71794891357422
131.726,13:02:28.610,459.823,36.065,16583.287,0.000,0.000,0.000,0.000,0.000,0.000,1.000,1.000,0.000,48.919,49.100,0.940,63.961,5.000,101.0,47.0,50.82051467895508,-20.71794891357422
131.790,13:02:28.674,459.823,36.065,16583.287,0.000,0.000,0.000,0.000,0.000,0.000,1.000,1.000,0.000,48.919,49.100,0.940,63.961,5.000,101.0,47.0,50.82051467895508,-20.71794891357422
131.854,13:02:28.818,459.823,36.065,16583.287,0.000,0.000,0.000,0.000,0.000,0.000,1.000,1.000,0.000,49.319,49.500,0.940,64.024,5.000,101.0,47.0,50.82051467895508,-20.71794891357422
131.997,13:02:28.881,459.823,36.065,16583.287,0.000,0.000,0.000,0.000,0.000,0.000,1.000,1.000,0.000,49.319,49.500,0.940,64.024,5.000,101.0,47.0,50.82051467895508,-20.71794891357422
132.061,13:02:28.945,459.823,36.065,16583.287,0.000,0.000,0.000,0.000,0.000,0.000,1.000,1.000,0.000,49.319,49.500,0.940,64.024,5.000,101.0,47.0,50.82051467895508,-20.71794891357422
132.125,13:02:29.089,455.602,36.986,16851.102,0.000,0.000,0.000,0.000,0.000,0.000,1.000,1.000,0.000,49.281,49.100,0.940,64.044,5.000,101.0,47.0,50.82051467895508,-20.71794891357422
132.270,13:02:29.361,455.602,36.986,16851.102,0.000,0.000,0.000,0.000,0.000,0.000,1.000,1.000,0.000,49.281,49.100,0.940,64.044,5.000,101.0,47.0,-8.974358558654785,25.94871711730957
132.541,13:02:29.504,458.159,36.511,16727.752,0.000,0.000,0.000,0.000,0.000,0.000,1.000,1.000,0.000,49.280,49.100,0.940,64.045,5.000,101.0,47.0,-8.974358558654785,25.94871711730957
132.685,13:02:29.569,458.159,36.511,16727.752,0.000,0.000,0.000,0.000,0.000,0.000,1.000,1.000,0.000,49.280,49.100,0.940,64.045,5.000,101.0,47.0,-8.974358558654785,25.94871711730957
132.748,13:02:29.632,458.159,36.511,16727.752,0.000,0.000,0.000,0.000,0.000,0.000,1.000,1.000,0.000,49.280,49.100,0.940,64.045,5.000,101.0,47.0,-8.974358558654785,25.94871711730957
132.814,13:02:29.776,458.159,36.511,16727.752,0.000,0.000,0.000,0.000,0.000,0.000,1.000,1.000,0.000,49.280,49.100,0.940,64.045,5.000,101.0,47.0,-8.974358558654785,25.94871711730957
132.957,13:02:29.840,456.065,36.885,16821.898,0.000,0.000,0.000,0.000,0.000,0.000,1.000,1.000,0.000,49.280,49.100,0.940,64.045,5.000,101.0,47.0,-8.974358558654785,25.94871711730957
133.021,13:02:29.905,456.065,36.885,16821.898,0.000,0.000,0.000,0.000,0.000,0.000,1.000,1.000,0.000,49.280,49.100,0.940,64.045,5.000,101.0,47.0,-8.974358558654785,25.94871711730957
133.084,13:02:30.048,456.065,36.885,16821.898,0.000,0.000,0.000,0.000,0.000,0.000,1.000,1.000,0.000,49.281,49.100,0.940,64.065,5.000,101.0,47.0,-8.974358558654785,25.94871711730957
133.229,13:02:30.113,456.065,36.885,16821.898,0.000,0.000,0.000,0.000,0.000,0.000,1.000,1.000,0.000,49.281,49.100,0.940,64.065,5.000,101.0,47.0,-8.974358558654785,25.94871711730957
133.293,13:02:30.369,463.332,35.212,16314.631,0.000,0.000,0.000,0.000,0.000,0.000,1.000,1.000,0.000,49.281,49.100,0.940,64.065,5.000,101.0,47.0,44.97435760498047,-43.02564239501953
133.548,13:02:30.512,463.332,35.212,16314.631,0.000,0.000,0.000,0.000,0.000,0.000,1.000,1.000,0.000,48.919,49.100,0.940,64.095,5.000,101.0,47.0,44.97435760498047,-43.02564239501953
133.692,13:02:30.576,463.332,35.212,16314.631,0.000,0.000,0.000,0.000,0.000,0.000,1.000,1.000,0.000,48.919,49.100,0.940,64.095,5.000,101.0,47.0,44.97435760498047,-43.02564239501953
133.756,13:02:30.640,461.218,35.794,16508.678,0.000,0.000,0.000,0.000,0.000,0.000,1.000,1.000,0.000,48.919,49.100,0.940,64.095,5.000,101.0,47.0,44.97435760498047,-43.02564239501953
133.820,13:02:30.785,461.218,35.794,16508.678,0.000,0.000,0.000,0.000,0.000,0.000,1.000,1.000,0.000,48.920,49.100,0.940,64.136,5.000,101.0,47.0,44.97435760498047,-43.02564239501953
133.965,13:02:30.849,461.218,35.794,16508.678,0.000,0.000,0.000,0.000,0.000,0.000,1.000,1.000,0.000,48.920,49.100,0.940,64.136,5.000,101.0,47.0,44.97435760498047,-43.02564239501953
134.029,13:02:30.912,461.218,35.794,16508.678,0.000,0.000,0.000,0.000,0.000,0.000,1.000,1.000,0.000,48.920,49.100,0.940,64.136,5.000,101.0,47.0,44.97435760498047,-43.02564239501953
134.092,13:02:31.056,461.218,35.794,16508.678,0.000,0.000,0.000,0.000,0.000,0.000,1.000,1.000,0.000,49.280,49.100,0.940,64.109,5.000,101.0,47.0,44.97435760498047,-43.02564239501953
134.237,13:02:31.121,458.237,36.480,16716.541,0.000,0.000,0.000,0.000,0.000,0.000,1.000,1.000,0.000,49.280,49.100,0.940,64.109,5.000,101.0,47.0,44.97435760498047,-43.02564239501953
134.300,13:02:31.376,458.237,36.480,16716.541,0.000,0.000,0.000,0.000,0.000,0.000,1.000,1.000,0.000,49.280,49.100,0.940,64.109,5.000,101.0,47.0,-34.97435760498047,49.07692337036133
134.555,13:02:31.520,456.738,36.819,16816.707,0.000,0.000,0.000,0.000,0.000,0.000,1.000,1.000,0.000,49.280,49.100,0.940,64.130,5.000,101.0,47.0,-34.97435760498047,49.07692337036133
134.700,13:02:31.584,456.738,36.819,16816.707,0.000,0.000,0.000,0.000,0.000,0.000,1.000,1.000,0.000,49.280,49.100,0.940,64.130,5.000,101.0,47.0,-34.97435760498047,49.07692337036133
134.763,13:02:31.647,456.738,36.819,16816.707,0.000,0.000,0.000,0.000,0.000,0.000,1.000,1.000,0.000,49.280,49.100,0.940,64.130,5.000,101.0,47.0,-34.97435760498047,49.07692337036133
134.827,13:02:31.791,456.738,36.819,16816.707,0.000,0.000,0.000,0.000,0.000,0.000,1.000,1.000,0.000,49.280,49.100,0.940,64.130,5.000,101.0,47.0,-34.97435760498047,49.07692337036133
134.971,13:02:31.855,462.267,35.525,16421.955,0.000,0.000,0.000,0.000,0.000,0.000,1.000,1.000,0.000,49.280,49.100,0.940,64.130,5.000,101.0,47.0,-34.97435760498047,49.07692337036133
135.036,13:02:31.920,462.267,35.525,16421.955,0.000,0.000,0.000,0.000,0.000,0.000,1.000,1.000,0.000,49.280,49.100,0.940,64.130,5.000,101.0,47.0,-34.97435760498047,49.07692337036133
135.099,13:02:32.063,462.267,35.525,16421.955,0.000,0.000,0.000,0.000,0.000,0.000,1.000,1.000,0.000,48.919,49.100,0.940,64.113,5.000,101.0,47.0,-34.97435760498047,49.07692337036133
135.244,13:02:32.128,462.267,35.525,16421.955,0.000,0.000,0.000,0.000,0.000,0.000,1.000,1.000,0.000,48.919,49.100,0.940,64.113,5.000,101.0,47.0,-34.97435760498047,49.07692337036133
135.308,13:02:32.384,462.267,35.525,16421.955,0.000,0.000,0.000,0.000,0.000,0.000,1.000,1.000,0.000,48.919,49.100,0.940,64.113,5.000,101.0,47.0,49.64102554321289,-27.076923370361328
135.563,13:02:32.527,456.570,36.845,16822.447,0.000,0.000,0.000,0.000,0.000,0.000,1.000,1.000,0.000,49.281,49.100,0.940,64.184,5.000,101.0,47.0,49.64102554321289,-27.076923370361328
135.707,13:02:32.591,456.570,36.845,16822.447,0.000,0.000,0.000,0.000,0.000,0.000,1.000,1.000,0.000,49.281,49.100,0.940,64.184,5.000,101.0,47.0,49.64102554321289,-27.076923370361328
135.771,13:02:32.655,462.071,35.570,16435.686,0.000,0.000,0.000,0.000,0.000,0.000,1.000,1.000,0.000,49.281,49.100,0.940,64.184,5.000,101.0,47.0,49.64102554321289,-27.076923370361328
135.835,13:02:32.799,462.071,35.570,16435.686,0.000,0.000,0.000,0.000,0.000,0.000,1.000,1.000,0.000,48.919,49.100,0.940,64.165,5.000,101.0,47.0,49.64102554321289,-27.076923370361328
135.980,13:02:32.864,462.071,35.570,16435.686,0.000,0.000,0.000,0.000,0.000,0.000,1.000,1.000,0.000,48.919,49.100,0.940,64.165,5.000,101.0,47.0,49.64102554321289,-27.076923370361328
136.043,13:02:32.927,462.071,35.570,16435.686,0.000,0.000,0.000,0.000,0.000,0.000,1.000,1.000,0.000,48.919,49.100,0.940,64.165,5.000,101.0,47.0,49.64102554321289,-27.076923370361328
136.107,13:02:33.071,462.071,35.570,16435.686,0.000,0.000,0.000,0.000,0.000,0.000,1.000,1.000,0.000,49.281,49.100,0.940,64.159,5.000,101.0,47.0,49.64102554321289,-27.076923370361328
136.251,13:02:33.135,456.505,36.852,16823.242,0.000,0.000,0.000,0.000,0.000,0.000,1.000,1.000,0.000,49.281,49.100,0.940,64.159,5.000,101.0,47.0,49.64102554321289,-27.076923370361328
136.315,13:02:33.390,456.505,36.852,16823.242,0.000,0.000,0.000,0.000,0.000,0.000,1.000,1.000,0.000,49.281,49.100,0.940,64.159,5.000,101.0,47.0,-43.53845977783203,42.20512771606445
136.570,13:02:33.535,462.361,35.498,16412.900,0.000,0.000,0.000,0.000,0.000,0.000,1.000,1.000,0.000,48.919,49.100,0.940,64.173,5.000,101.0,47.0,-43.53845977783203,42.20512771606445
136.715,13:02:33.599,462.361,35.498,16412.900,0.000,0.000,0.000,0.000,0.000,0.000,1.000,1.000,0.000,48.919,49.100,0.940,64.173,5.000,101.0,47.0,-43.53845977783203,42.20512771606445
136.779,13:02:33.663,462.361,35.498,16412.900,0.000,0.000,0.000,0.000,0.000,0.000,1.000,1.000,0.000,48.919,49.100,0.940,64.173,5.000,101.0,47.0,-43.53845977783203,42.20512771606445
136.843,13:02:33.806,462.361,35.498,16412.900,0.000,0.000,0.000,0.000,0.000,0.000,1.000,1.000,0.000,48.919,49.100,0.940,64.173,5.000,101.0,47.0,-43.53845977783203,42.20512771606445
136.986,13:02:33.870,460.536,35.939,16551.395,0.000,0.000,0.000,0.000,0.000,0.000,1.000,1.000,0.000,48.919,49.100,0.940,64.173,5.000,101.0,47.0,-43.53845977783203,42.20512771606445
137.050,13:02:33.934,460.536,35.939,16551.395,0.000,0.000,0.000,0.000,0.000,0.000,1.000,1.000,0.000,48.919,49.100,0.940,64.173,5.000,101.0,47.0,-43.53845977783203,42.20512771606445
137.114,13:02:34.078,460.536,35.939,16551.395,0.000,0.000,0.000,0.000,0.000,0.000,1.000,1.000,0.000,48.881,48.700,0.940,64.196,5.000,101.0,47.0,-43.53845977783203,42.20512771606445
137.259,13:02:34.143,460.536,35.939,16551.395,0.000,0.000,0.000,0.000,0.000,0.000,1.000,1.000,0.000,48.881,48.700,0.940,64.196,5.000,101.0,47.0,-43.53845977783203,42.20512771606445
137.322,13:02:34.398,460.536,35.939,16551.395,0.000,0.000,0.000,0.000,0.000,0.000,1.000,1.000,0.000,48.881,48.700,0.940,64.196,5.000,101.0,47.0,13.84615421295166,39.89743423461914
137.578,13:02:34.541,458.719,36.355,16676.498,0.000,0.000,0.000,0.000,0.000,0.000,1.000,1.000,0.000,49.281,49.100,0.940,64.187,5.000,101.0,47.0,13.84615421295166,39.89743423461914
137.722,13:02:34.606,458.719,36.355,16676.498,0.000,0.000,0.000,0.000,0.000,0.000,1.000,1.000,0.000,49.281,49.100,0.940,64.187,5.000,101.0,47.0,13.84615421295166,39.89743423461914
137.786,13:02:34.670,462.464,35.460,16398.754,0.000,0.000,0.000,0.000,0.000,0.000,1.000,1.000,0.000,49.281,49.100,0.940,64.187,5.000,101.0,47.0,13.84615421295166,39.89743423461914
137.849,13:02:34.814,462.464,35.460,16398.754,0.000,0.000,0.000,0.000,0.000,0.000,1.000,1.000,0.000,48.919,49.100,0.940,64.206,5.000,101.0,47.0,13.84615421295166,39.89743423461914
137.993,13:02:34.877,462.464,35.460,16398.754,0.000,0.000,0.000,0.000,0.000,0.000,1.000,1.000,0.000,48.919,49.100,0.940,64.206,5.000,101.0,47.0,13.84615421295166,39.89743423461914
138.058,13:02:34.942,462.464,35.460,16398.754,0.000,0.000,0.000,0.000,0.000,0.000,1.000,1.000,0.000,48.919,49.100,0.940,64.206,5.000,101.0,47.0,13.84615421295166,39.89743423461914
138.121,13:02:35.086,462.464,35.460,16398.754,0.000,0.000,0.000,0.000,0.000,0.000,1.000,1.000,0.000,49.319,49.500,0.940,64.226,5.000,101.0,47.0,13.84615421295166,39.89743423461914
138.266,13:02:35.150,455.892,36.966,16852.391,0.000,0.000,0.000,0.000,0.000,0.000,1.000,1.000,0.000,49.319,49.500,0.940,64.226,5.000,101.0,47.0,13.84615421295166,39.89743423461914
138.330,13:02:35.405,455.892,36.966,16852.391,0.000,0.000,0.000,0.000,0.000,0.000,1.000,1.000,0.000,49.319,49.500,0.940,64.226,5.000,101.0,47.0,-29.487178802490234,-26.615385055541992
138.585,13:02:35.549,460.325,35.983,16563.830,0.000,0.000,0.000,0.000,0.000,0.000,1.000,1.000,0.000,48.881,48.700,0.940,64.250,5.000,101.0,47.0,-29.487178802490234,-26.615385055541992
138.729,13:02:35.613,460.325,35.983,16563.830,0.000,0.000,0.000,0.000,0.000,0.000,1.000,1.000,0.000,48.881,48.700,0.940,64.250,5.000,101.0,47.0,-29.487178802490234,-26.615385055541992
138.793,13:02:35.677,460.325,35.983,16563.830,0.000,0.000,0.000,0.000,0.000,0.000,1.000,1.000,0.000,48.881,48.700,0.940,64.250,5.000,101.0,47.0,-29.487178802490234,-26.615385055541992
138.857,13:02:35.820,460.325,35.983,16563.830,0.000,0.000,0.000,0.000,0.000,0.000,1.000,1.000,0.000,48.881,48.700,0.940,64.250,5.000,101.0,47.0,-29.487178802490234,-26.615385055541992
139.001,13:02:35.885,460.137,36.024,16576.174,0.000,0.000,0.000,0.000,0.000,0.000,1.000,1.000,0.000,48.881,48.700,0.940,64.250,5.000,101.0,47.0,-29.487178802490234,-26.615385055541992
139.065,13:02:35.949,460.137,36.024,16576.174,0.000,0.000,0.000,0.000,0.000,0.000,1.000,1.000,0.000,48.881,48.700,0.940,64.250,5.000,101.0,47.0,-29.487178802490234,-26.615385055541992
139.130,13:02:36.094,460.137,36.024,16576.174,0.000,0.000,0.000,0.000,0.000,0.000,1.000,1.000,0.000,48.919,49.100,0.940,64.239,5.000,101.0,47.0,-29.487178802490234,-26.615385055541992
139.273,13:02:36.156,460.137,36.024,16576.174,0.000,0.000,0.000,0.000,0.000,0.000,1.000,1.000,0.000,48.919,49.100,0.940,64.239,5.000,101.0,47.0,-29.487178802490234,-26.615385055541992
139.336,13:02:36.412,460.137,36.024,16576.174,0.000,0.000,0.000,0.000,0.000,0.000,1.000,1.000,0.000,48.919,49.100,0.940,64.239,5.000,101.0,47.0,-29.128204345703125,53.487178802490234
139.592,13:02:36.556,459.879,36.075,16590.088,0.000,0.000,0.000,0.000,0.000,0.000,1.000,1.000,0.000,48.881,48.700,0.940,64.244,5.000,101.0,47.0,-29.128204345703125,53.487178802490234
139.737,13:02:36.620,459.879,36.075,16590.088,0.000,0.000,0.000,0.000,0.000,0.000,1.000,1.000,0.000,48.881,48.700,0.940,64.244,5.000,101.0,47.0,-29.128204345703125,53.487178802490234
139.800,13:02:36.684,462.560,35.412,16380.401,0.000,0.000,0.000,0.000,0.000,0.000,1.000,1.000,0.000,48.881,48.700,0.940,64.244,5.000,101.0,47.0,-29.128204345703125,53.487178802490234
139.865,13:02:36.829,462.560,35.412,16380.401,0.000,0.000,0.000,0.000,0.000,0.000,1.000,1.000,0.000,48.919,49.100,0.940,64.217,5.000,101.0,47.0,-29.128204345703125,53.487178802490234
140.009,13:02:36.893,462.560,35.412,16380.401,0.000,0.000,0.000,0.000,0.000,0.000,1.000,1.000,0.000,48.919,49.100,0.940,64.217,5.000,101.0,47.0,-29.128204345703125,53.487178802490234
140.072,13:02:36.956,462.560,35.412,16380.401,0.000,0.000,0.000,0.000,0.000,0.000,1.000,1.000,0.000,48.919,49.100,0.940,64.217,5.000,101.0,47.0,-29.128204345703125,53.487178802490234
140.136,13:02:37.101,462.560,35.412,16380.401,0.000,0.000,0.000,0.000,0.000,0.000,1.000,1.000,0.000,48.919,49.100,0.940,64.217,5.000,101.0,47.0,-29.128204345703125,53.487178802490234
140.280,13:02:37.164,459.856,36.066,16585.176,0.000,0.000,0.000,0.000,0.000,0.000,1.000,1.000,0.000,48.919,49.100,0.940,64.217,5.000,101.0,47.0,-29.128204345703125,53.487178802490234
140.345,13:02:37.420,459.856,36.066,16585.176,0.000,0.000,0.000,0.000,0.000,0.000,1.000,1.000,0.000,48.919,49.100,0.940,64.217,5.000,101.0,47.0,49.74359130859375,-35.9487190246582
140.600,13:02:37.564,459.856,36.066,16585.176,0.000,0.000,0.000,0.000,0.000,0.000,1.000,1.000,0.000,48.919,49.100,0.940,64.236,5.000,101.0,47.0,49.74359130859375,-35.9487190246582
140.745,13:02:37.628,460.029,36.021,16570.516,0.000,0.000,0.000,0.000,0.000,0.000,1.000,1.000,0.000,48.919,49.100,0.940,64.236,5.000,101.0,47.0,49.74359130859375,-35.9487190246582
140.808,13:02:37.692,460.029,36.021,16570.516,0.000,0.000,0.000,0.000,0.000,0.000,1.000,1.000,0.000,48.919,49.100,0.940,64.236,5.000,101.0,47.0,49.74359130859375,-35.9487190246582
140.872,13:02:37.836,460.029,36.021,16570.516,0.000,0.000,0.000,0.000,0.000,0.000,1.000,1.000,0.000,48.919,49.100,0.940,64.236,5.000,101.0,47.0,49.74359130859375,-35.9487190246582
141.017,13:02:37.901,459.090,36.238,16636.328,0.000,0.000,0.000,0.000,0.000,0.000,1.000,1.000,0.000,48.919,49.100,0.940,64.236,5.000,101.0,47.0,49.74359130859375,-35.9487190246582
141.081,13:02:37.964,459.090,36.238,16636.328,0.000,0.000,0.000,0.000,0.000,0.000,1.000,1.000,0.000,48.919,49.100,0.940,64.236,5.000,101.0,47.0,49.74359130859375,-35.9487190246582
141.143,13:02:38.108,459.090,36.238,16636.328,0.000,0.000,0.000,0.000,0.000,0.000,1.000,1.000,0.000,49.281,49.100,0.940,64.245,5.000,101.0,47.0,49.74359130859375,-35.9487190246582
141.287,13:02:38.171,459.090,36.238,16636.328,0.000,0.000,0.000,0.000,0.000,0.000,1.000,1.000,0.000,49.281,49.100,0.940,64.245,5.000,101.0,47.0,49.74359130859375,-35.9487190246582
141.352,13:02:38.427,459.090,36.238,16636.328,0.000,0.000,0.000,0.000,0.000,0.000,1.000,1.000,0.000,49.281,49.100,0.940,64.245,5.000,101.0,47.0,-0.1538461595773697,-46.61538314819336
141.607,13:02:38.571,462.779,35.352,16360.338,0.000,0.000,0.000,0.000,0.000,0.000,1.000,1.000,0.000,48.881,48.700,0.940,64.290,5.000,101.0,47.0,-0.1538461595773697,-46.61538314819336
141.752,13:02:38.636,462.779,35.352,16360.338,0.000,0.000,0.000,0.000,0.000,0.000,1.000,1.000,0.000,48.881,48.700,0.940,64.290,5.000,101.0,47.0,-0.1538461595773697,-46.61538314819336
141.815,13:02:38.699,462.779,35.352,16360.338,0.000,0.000,0.000,0.000,0.000,0.000,1.000,1.000,0.000,48.881,48.700,0.940,64.290,5.000,101.0,47.0,-0.1538461595773697,-46.61538314819336
141.880,13:02:38.844,459.811,36.067,16584.170,0.000,0.000,0.000,0.000,0.000,0.000,1.000,1.000,0.000,48.919,49.100,0.940,64.290,5.000,101.0,47.0,-0.1538461595773697,-46.61538314819336
142.024,13:02:38.908,459.811,36.067,16584.170,0.000,0.000,0.000,0.000,0.000,0.000,1.000,1.000,0.000,48.919,49.100,0.940,64.290,5.000,101.0,47.0,-0.1538461595773697,-46.61538314819336
142.087,13:02:38.971,459.811,36.067,16584.170,0.000,0.000,0.000,0.000,0.000,0.000,1.000,1.000,0.000,48.919,49.100,0.940,64.290,5.000,101.0,47.0,-0.1538461595773697,-46.61538314819336
142.151,13:02:39.115,459.811,36.067,16584.170,0.000,0.000,0.000,0.000,0.000,0.000,1.000,1.000,0.000,48.919,49.100,0.940,64.290,5.000,101.0,47.0,-0.1538461595773697,-46.61538314819336
142.295,13:02:39.179,462.848,35.337,16355.761,0.000,0.000,0.000,0.000,0.000,0.000,1.000,1.000,0.000,48.919,49.100,0.940,64.290,5.000,101.0,47.0,-0.1538461595773697,-46.61538314819336
142.359,13:02:39.450,462.848,35.337,16355.761,0.000,0.000,0.000,0.000,0.000,0.000,1.000,1.000,0.000,48.919,49.100,0.940,64.290,5.000,101.0,47.0,-31.64102554321289,51.79487228393555
142.631,13:02:39.595,462.848,35.337,16355.761,0.000,0.000,0.000,0.000,0.000,0.000,1.000,1.000,0.000,48.919,49.100,0.940,64.308,5.000,101.0,47.0,-31.64102554321289,51.79487228393555
142.774,13:02:39.658,459.611,36.100,16591.924,0.000,0.000,0.000,0.000,0.000,0.000,1.000,1.000,0.000,48.919,49.100,0.940,64.308,5.000,101.0,47.0,-31.64102554321289,51.79487228393555
142.839,13:02:39.723,459.611,36.100,16591.924,0.000,0.000,0.000,0.000,0.000,0.000,1.000,1.000,0.000,48.919,49.100,0.940,64.308,5.000,101.0,47.0,-31.64102554321289,51.79487228393555
142.902,13:02:39.867,459.611,36.100,16591.924,0.000,0.000,0.000,0.000,0.000,0.000,1.000,1.000,0.000,48.919,49.100,0.940,64.308,5.000,101.0,47.0,-31.64102554321289,51.79487228393555
143.046,13:02:39.930,462.884,35.319,16348.765,0.000,0.000,0.000,0.000,0.000,0.000,1.000,1.000,0.000,48.919,49.100,0.940,64.308,5.000,101.0,47.0,-31.64102554321289,51.79487228393555
143.111,13:02:39.995,462.884,35.319,16348.765,0.000,0.000,0.000,0.000,0.000,0.000,1.000,1.000,0.000,48.919,49.100,0.940,64.308,5.000,101.0,47.0,-31.64102554321289,51.79487228393555
143.174,13:02:40.139,462.884,35.319,16348.765,0.000,0.000,0.000,0.000,0.000,0.000,1.000,1.000,0.000,48.881,48.700,0.940,64.246,5.000,101.0,47.0,-31.64102554321289,51.79487228393555
143.318,13:02:40.202,462.884,35.319,16348.765,0.000,0.000,0.000,0.000,0.000,0.000,1.000,1.000,0.000,48.881,48.700,0.940,64.246,5.000,101.0,47.0,-31.64102554321289,51.79487228393555
143.382,13:02:40.458,462.884,35.319,16348.765,0.000,0.000,0.000,0.000,0.000,0.000,1.000,1.000,0.000,48.881,48.700,0.940,64.246,5.000,101.0,47.0,-25.846153259277344,51.64102554321289
143.638,13:02:40.602,463.130,35.257,16328.562,0.000,0.000,0.000,0.000,0.000,0.000,1.000,1.000,0.000,48.480,48.300,0.940,64.278,5.000,101.0,47.0,-25.846153259277344,51.64102554321289
143.782,13:02:40.665,463.130,35.257,16328.562,0.000,0.000,0.000,0.000,0.000,0.000,1.000,1.000,0.000,48.480,48.300,0.940,64.278,5.000,101.0,47.0,-25.846153259277344,51.64102554321289
143.846,13:02:40.729,463.130,35.257,16328.562,0.000,0.000,0.000,0.000,0.000,0.000,1.000,1.000,0.000,48.480,48.300,0.940,64.278,5.000,101.0,47.0,-25.846153259277344,51.64102554321289
143.911,13:02:40.875,466.230,34.424,16049.561,0.000,0.000,0.000,0.000,0.000,0.000,1.000,1.000,0.000,48.080,47.900,0.940,64.231,5.000,101.0,47.0,-25.846153259277344,51.64102554321289
144.054,13:02:40.938,466.230,34.424,16049.561,0.000,0.000,0.000,0.000,0.000,0.000,1.000,1.000,0.000,48.080,47.900,0.940,64.231,5.000,101.0,47.0,-25.846153259277344,51.64102554321289
144.117,13:02:41.001,466.230,34.424,16049.561,0.000,0.000,0.000,0.000,0.000,0.000,1.000,1.000,0.000,48.080,47.900,0.940,64.231,5.000,101.0,47.0,-25.846153259277344,51.64102554321289
144.182,13:02:41.145,466.230,34.424,16049.561,0.000,0.000,0.000,0.000,0.000,0.000,1.000,1.000,0.000,48.080,47.900,0.940,64.231,5.000,101.0,47.0,-25.846153259277344,51.64102554321289
144.325,13:02:41.209,466.396,34.384,16036.534,0.000,0.000,0.000,0.000,0.000,0.000,1.000,1.000,0.000,48.080,47.900,0.940,64.231,5.000,101.0,47.0,-25.846153259277344,51.64102554321289
144.390,13:02:41.465,466.396,34.384,16036.534,0.000,0.000,0.000,0.000,0.000,0.000,1.000,1.000,0.000,48.080,47.900,0.940,64.231,5.000,101.0,47.0,-47.74359130859375,28.35897445678711
144.646,13:02:41.609,466.396,34.384,16036.534,0.000,0.000,0.000,0.000,0.000,0.000,1.000,1.000,0.000,48.920,49.100,0.940,64.179,5.000,101.0,47.0,-47.74359130859375,28.35897445678711
144.790,13:02:41.674,461.161,35.744,16483.699,0.000,0.000,0.000,0.000,0.000,0.000,1.000,1.000,0.000,48.920,49.100,0.940,64.179,5.000,101.0,47.0,-47.74359130859375,28.35897445678711
144.853,13:02:41.737,461.161,35.744,16483.699,0.000,0.000,0.000,0.000,0.000,0.000,1.000,1.000,0.000,48.920,49.100,0.940,64.179,5.000,101.0,47.0,-47.74359130859375,28.35897445678711
144.917,13:02:41.882,461.161,35.744,16483.699,0.000,0.000,0.000,0.000,0.000,0.000,1.000,1.000,0.000,48.920,49.100,0.940,64.179,5.000,101.0,47.0,-47.74359130859375,28.35897445678711
145.061,13:02:41.945,461.161,35.744,16483.699,0.000,0.000,0.000,0.000,0.000,0.000,1.000,1.000,0.000,48.920,49.100,0.940,64.179,5.000,101.0,47.0,-47.74359130859375,28.35897445678711
145.126,13:02:42.009,460.880,35.803,16500.949,0.000,0.000,0.000,0.000,0.000,0.000,1.000,1.000,0.000,48.920,49.100,0.940,64.179,5.000,101.0,47.0,-47.74359130859375,28.35897445678711
145.189,13:02:42.154,460.880,35.803,16500.949,0.000,0.000,0.000,0.000,0.000,0.000,1.000,1.000,0.000,48.880,48.700,0.940,64.208,5.000,101.0,47.0,-47.74359130859375,28.35897445678711
145.334,13:02:42.218,460.880,35.803,16500.949,0.000,0.000,0.000,0.000,0.000,0.000,1.000,1.000,0.000,48.880,48.700,0.940,64.208,5.000,101.0,47.0,-47.74359130859375,28.35897445678711
145.397,13:02:42.473,460.880,35.803,16500.949,0.000,0.000,0.000,0.000,0.000,0.000,1.000,1.000,0.000,48.880,48.700,0.940,64.208,5.000,101.0,47.0,-19.128204345703125,51.487178802490234
145.653,13:02:42.616,460.846,35.817,16506.020,0.000,0.000,0.000,0.000,0.000,0.000,1.000,1.000,0.000,48.920,49.100,0.940,64.219,5.000,101.0,47.0,-19.128204345703125,51.487178802490234
145.796,13:02:42.680,460.846,35.817,16506.020,0.000,0.000,0.000,0.000,0.000,0.000,1.000,1.000,0.000,48.920,49.100,0.940,64.219,5.000,101.0,47.0,-19.128204345703125,51.487178802490234
145.860,13:02:42.744,460.846,35.817,16506.020,0.000,0.000,0.000,0.000,0.000,0.000,1.000,1.000,0.000,48.920,49.100,0.940,64.219,5.000,101.0,47.0,-19.128204345703125,51.487178802490234
145.924,13:02:42.889,458.042,36.461,16700.611,0.000,0.000,0.000,0.000,0.000,0.000,1.000,1.000,0.000,49.319,49.500,0.940,64.251,5.000,101.0,47.0,-19.128204345703125,51.487178802490234
146.068,13:02:42.952,458.042,36.461,16700.611,0.000,0.000,0.000,0.000,0.000,0.000,1.000,1.000,0.000,49.319,49.500,0.940,64.251,5.000,101.0,47.0,-19.128204345703125,51.487178802490234
146.132,13:02:43.016,458.042,36.461,16700.611,0.000,0.000,0.000,0.000,0.000,0.000,1.000,1.000,0.000,49.319,49.500,0.940,64.251,5.000,101.0,47.0,-19.128204345703125,51.487178802490234
146.197,13:02:43.160,458.042,36.461,16700.611,0.000,0.000,0.000,0.000,0.000,0.000,1.000,1.000,0.000,49.319,49.500,0.940,64.251,5.000,101.0,47.0,-19.128204345703125,51.487178802490234
146.340,13:02:43.224,458.196,36.435,16694.479,0.000,0.000,0.000,0.000,0.000,0.000,1.000,1.000,0.000,49.319,49.500,0.940,64.251,5.000,101.0,47.0,-19.128204345703125,51.487178802490234
146.404,13:02:43.480,458.196,36.435,16694.479,0.000,0.000,0.000,0.000,0.000,0.000,1.000,1.000,0.000,49.319,49.500,0.940,64.251,5.000,101.0,47.0,-16.256410598754883,-35.128204345703125
146.661,13:02:43.624,458.196,36.435,16694.479,0.000,0.000,0.000,0.000,0.000,0.000,1.000,1.000,0.000,48.881,48.700,0.940,64.263,5.000,101.0,47.0,-16.256410598754883,-35.128204345703125
146.805,13:02:43.689,462.167,35.502,16407.807,0.000,0.000,0.000,0.000,0.000,0.000,1.000,1.000,0.000,48.881,48.700,0.940,64.263,5.000,101.0,47.0,-16.256410598754883,-35.128204345703125
146.868,13:02:43.752,462.167,35.502,16407.807,0.000,0.000,0.000,0.000,0.000,0.000,1.000,1.000,0.000,48.881,48.700,0.940,64.263,5.000,101.0,47.0,-16.256410598754883,-35.128204345703125
146.933,13:02:43.897,462.167,35.502,16407.807,0.000,0.000,0.000,0.000,0.000,0.000,1.000,1.000,0.000,48.881,48.700,0.940,64.263,5.000,101.0,47.0,-16.256410598754883,-35.128204345703125
147.076,13:02:43.959,462.167,35.502,16407.807,0.000,0.000,0.000,0.000,0.000,0.000,1.000,1.000,0.000,48.881,48.700,0.940,64.263,5.000,101.0,47.0,-16.256410598754883,-35.128204345703125
147.140,13:02:44.024,462.169,35.490,16402.418,0.000,0.000,0.000,0.000,0.000,0.000,1.000,1.000,0.000,48.881,48.700,0.940,64.263,5.000,101.0,47.0,-16.256410598754883,-35.128204345703125
147.204,13:02:44.167,462.169,35.490,16402.418,0.000,0.000,0.000,0.000,0.000,0.000,1.000,1.000,0.000,48.919,49.100,0.940,64.316,5.000,101.0,47.0,-16.256410598754883,-35.128204345703125
147.348,13:02:44.232,462.169,35.490,16402.418,0.000,0.000,0.000,0.000,0.000,0.000,1.000,1.000,0.000,48.919,49.100,0.940,64.316,5.000,101.0,47.0,-16.256410598754883,-35.128204345703125
147.412,13:02:44.488,462.169,35.490,16402.418,0.000,0.000,0.000,0.000,0.000,0.000,1.000,1.000,0.000,48.919,49.100,0.940,64.316,5.000,101.0,47.0,-42.61538314819336,-3.7435896396636963
147.667,13:02:44.631,460.506,35.914,16538.732,0.000,0.000,0.000,0.000,0.000,0.000,1.000,1.000,0.000,48.881,48.700,0.940,64.354,5.000,101.0,47.0,-42.61538314819336,-3.7435896396636963
147.812,13:02:44.696,460.506,35.914,16538.732,0.000,0.000,0.000,0.000,0.000,0.000,1.000,1.000,0.000,48.881,48.700,0.940,64.354,5.000,101.0,47.0,-42.61538314819336,-3.7435896396636963
147.875,13:02:44.759,460.506,35.914,16538.732,0.000,0.000,0.000,0.000,0.000,0.000,1.000,1.000,0.000,48.881,48.700,0.940,64.354,5.000,101.0,47.0,-42.61538314819336,-3.7435896396636963
147.940,13:02:44.904,460.443,35.930,16543.756,0.000,0.000,0.000,0.000,0.000,0.000,1.000,1.000,0.000,48.919,49.100,0.940,64.336,5.000,101.0,47.0,-42.61538314819336,-3.7435896396636963
148.083,13:02:44.967,460.443,35.930,16543.756,0.000,0.000,0.000,0.000,0.000,0.000,1.000,1.000,0.000,48.919,49.100,0.940,64.336,5.000,101.0,47.0,-42.61538314819336,-3.7435896396636963
148.147,13:02:45.031,460.443,35.930,16543.756,0.000,0.000,0.000,0.000,0.000,0.000,1.000,1.000,0.000,48.919,49.100,0.940,64.336,5.000,101.0,47.0,-42.61538314819336,-3.7435896396636963
148.211,13:02:45.175,460.443,35.930,16543.756,0.000,0.000,0.000,0.000,0.000,0.000,1.000,1.000,0.000,48.919,49.100,0.940,64.336,5.000,101.0,47.0,-42.61538314819336,-3.7435896396636963
148.356,13:02:45.240,456.343,36.849,16815.791,0.000,0.000,0.000,0.000,0.000,0.000,1.000,1.000,0.000,48.919,49.100,0.940,64.336,5.000,101.0,47.0,-42.61538314819336,-3.7435896396636963
148.419,13:02:45.495,456.343,36.849,16815.791,0.000,0.000,0.000,0.000,0.000,0.000,1.000,1.000,0.000,48.919,49.100,0.940,64.336,5.000,101.0,47.0,48.46154022216797,-12.20512866973877
148.675,13:02:45.639,456.343,36.849,16815.791,0.000,0.000,0.000,0.000,0.000,0.000,1.000,1.000,0.000,49.319,49.500,0.940,64.380,5.000,101.0,47.0,48.46154022216797,-12.20512866973877
148.819,13:02:45.703,458.548,36.373,16678.691,0.000,0.000,0.000,0.000,0.000,0.000,1.000,1.000,0.000,49.319,49.500,0.940,64.380,5.000,101.0,47.0,48.46154022216797,-12.20512866973877
148.882,13:02:45.766,458.548,36.373,16678.691,0.000,0.000,0.000,0.000,0.000,0.000,1.000,1.000,0.000,49.319,49.500,0.940,64.380,5.000,101.0,47.0,48.46154022216797,-12.20512866973877
148.947,13:02:45.911,458.548,36.373,16678.691,0.000,0.000,0.000,0.000,0.000,0.000,1.000,1.000,0.000,49.281,49.100,0.940,64.372,5.000,101.0,47.0,48.46154022216797,-12.20512866973877
149.091,13:02:45.975,458.548,36.373,16678.691,0.000,0.000,0.000,0.000,0.000,0.000,1.000,1.000,0.000,49.281,49.100,0.940,64.372,5.000,101.0,47.0,48.46154022216797,-12.20512866973877
149.155,13:02:46.039,462.555,35.419,16383.073,0.000,0.000,0.000,0.000,0.000,0.000,1.000,1.000,0.000,49.281,49.100,0.940,64.372,5.000,101.0,47.0,48.46154022216797,-12.20512866973877
149.219,13:02:46.182,462.555,35.419,16383.073,0.000,0.000,0.000,0.000,0.000,0.000,1.000,1.000,0.000,48.881,48.700,0.940,64.460,5.000,101.0,47.0,48.46154022216797,-12.20512866973877
149.363,13:02:46.247,462.555,35.419,16383.073,0.000,0.000,0.000,0.000,0.000,0.000,1.000,1.000,0.000,48.881,48.700,0.940,64.460,5.000,101.0,47.0,48.46154022216797,-12.20512866973877
149.426,13:02:46.790,462.555,35.419,16383.073,0.000,0.000,0.000,0.000,0.000,0.000,1.000,1.000,0.000,48.881,48.700,0.940,64.460,5.000,101.0,47.0,,-46.35897445678711
149.970,13:02:46.934,460.117,36.027,16576.537,0.000,0.000,0.000,0.000,0.000,0.000,1.000,1.000,0.000,48.881,48.700,0.940,64.540,5.000,101.0,47.0,,-46.35897445678711
150.114,13:02:46.998,460.117,36.027,16576.537,0.000,0.000,0.000,0.000,0.000,0.000,1.000,1.000,0.000,48.881,48.700,0.940,64.540,5.000,101.0,47.0,,-46.35897445678711
150.178,13:02:47.062,460.117,36.027,16576.537,0.000,0.000,0.000,0.000,0.000,0.000,1.000,1.000,0.000,48.881,48.700,0.940,64.540,5.000,101.0,47.0,,-46.35897445678711
150.242,13:02:47.206,460.117,36.027,16576.537,0.000,0.000,0.000,0.000,0.000,0.000,1.000,1.000,0.000,48.881,48.700,0.940,64.540,5.000,101.0,47.0,,-46.35897445678711
150.387,13:02:47.270,458.933,36.288,16653.811,0.000,0.000,0.000,0.000,0.000,0.000,1.000,1.000,0.000,48.881,48.700,0.940,64.540,5.000,101.0,47.0,,-46.35897445678711
150.449,13:02:47.526,458.933,36.288,16653.811,0.000,0.000,0.000,0.000,0.000,0.000,1.000,1.000,0.000,48.881,48.700,0.940,64.540,5.000,101.0,47.0,3.0256409645080566,45.17948532104492
150.705,13:02:47.669,458.933,36.288,16653.811,0.000,0.000,0.000,0.000,0.000,0.000,1.000,1.000,0.000,49.281,49.100,0.940,64.507,5.000,101.0,47.0,3.0256409645080566,45.17948532104492
150.849,13:02:47.733,462.790,35.361,16364.860,0.000,0.000,0.000,0.000,0.000,0.000,1.000,1.000,0.000,49.281,49.100,0.940,64.507,5.000,101.0,47.0,3.0256409645080566,45.17948532104492
150.913,13:02:47.797,462.790,35.361,16364.860,0.000,0.000,0.000,0.000,0.000,0.000,1.000,1.000,0.000,49.281,49.100,0.940,64.507,5.000,101.0,47.0,3.0256409645080566,45.17948532104492
150.977,13:02:47.941,462.790,35.361,16364.860,0.000,0.000,0.000,0.000,0.000,0.000,1.000,1.000,0.000,48.919,49.100,0.940,64.495,5.000,101.0,47.0,3.0256409645080566,45.17948532104492
151.122,13:02:48.005,462.790,35.361,16364.860,0.000,0.000,0.000,0.000,0.000,0.000,1.000,1.000,0.000,48.919,49.100,0.940,64.495,5.000,101.0,47.0,3.0256409645080566,45.17948532104492
151.185,13:02:48.069,456.090,36.921,16839.062,0.000,0.000,0.000,0.000,0.000,0.000,1.000,1.000,0.000,48.919,49.100,0.940,64.495,5.000,101.0,47.0,3.0256409645080566,45.17948532104492
151.249,13:02:48.214,456.090,36.921,16839.062,0.000,0.000,0.000,0.000,0.000,0.000,1.000,1.000,0.000,49.281,49.100,0.940,64.533,5.000,101.0,47.0,3.0256409645080566,45.17948532104492
151.394,13:02:48.278,456.090,36.921,16839.062,0.000,0.000,0.000,0.000,0.000,0.000,1.000,1.000,0.000,49.281,49.100,0.940,64.533,5.000,101.0,47.0,3.0256409645080566,45.17948532104492
151.457,13:02:48.533,456.090,36.921,16839.062,0.000,0.000,0.000,0.000,0.000,0.000,1.000,1.000,0.000,49.281,49.100,0.940,64.533,5.000,101.0,47.0,50.97435760498047,-30.0
151.714,13:02:48.677,462.874,35.345,16360.291,0.000,0.000,0.000,0.000,0.000,0.000,1.000,1.000,0.000,48.919,49.100,0.940,64.538,5.000,101.0,47.0,50.97435760498047,-30.0
151.857,13:02:48.741,462.874,35.345,16360.291,0.000,0.000,0.000,0.000,0.000,0.000,1.000,1.000,0.000,48.919,49.100,0.940,64.538,5.000,101.0,47.0,50.97435760498047,-30.0
151.921,13:02:48.805,462.874,35.345,16360.291,0.000,0.000,0.000,0.000,0.000,0.000,1.000,1.000,0.000,48.919,49.100,0.940,64.538,5.000,101.0,47.0,50.97435760498047,-30.0
151.985,13:02:48.948,462.874,35.345,16360.291,0.000,0.000,0.000,0.000,0.000,0.000,1.000,1.000,0.000,48.881,48.700,0.940,64.560,5.000,101.0,47.0,50.97435760498047,-30.0
152.129,13:02:49.013,460.057,36.027,16574.555,0.000,0.000,0.000,0.000,0.000,0.000,1.000,1.000,0.000,48.881,48.700,0.940,64.560,5.000,101.0,47.0,50.97435760498047,-30.0
152.193,13:02:49.077,460.057,36.027,16574.555,0.000,0.000,0.000,0.000,0.000,0.000,1.000,1.000,0.000,48.881,48.700,0.940,64.560,5.000,101.0,47.0,50.97435760498047,-30.0
152.257,13:02:49.220,460.057,36.027,16574.555,0.000,0.000,0.000,0.000,0.000,0.000,1.000,1.000,0.000,48.881,48.700,0.940,64.560,5.000,101.0,47.0,50.97435760498047,-30.0
152.400,13:02:49.284,459.246,36.213,16630.703,0.000,0.000,0.000,0.000,0.000,0.000,1.000,1.000,0.000,48.881,48.700,0.940,64.560,5.000,101.0,47.0,50.97435760498047,-30.0
152.464,13:02:49.540,459.246,36.213,16630.703,0.000,0.000,0.000,0.000,0.000,0.000,1.000,1.000,0.000,48.881,48.700,0.940,64.560,5.000,101.0,47.0,-53.846153259277344,29.33333396911621
152.721,13:02:49.684,459.246,36.213,16630.703,0.000,0.000,0.000,0.000,0.000,0.000,1.000,1.000,0.000,49.281,49.100,0.940,64.590,5.000,101.0,47.0,-53.846153259277344,29.33333396911621
152.864,13:02:49.748,459.383,36.193,16626.297,0.000,0.000,0.000,0.000,0.000,0.000,1.000,1.000,0.000,49.281,49.100,0.940,64.590,5.000,101.0,47.0,-53.846153259277344,29.33333396911621
152.928,13:02:49.812,459.383,36.193,16626.297,0.000,0.000,0.000,0.000,0.000,0.000,1.000,1.000,0.000,49.281,49.100,0.940,64.590,5.000,101.0,47.0,-53.846153259277344,29.33333396911621
152.992,13:02:49.956,459.383,36.193,16626.297,0.000,0.000,0.000,0.000,0.000,0.000,1.000,1.000,0.000,49.319,49.500,0.940,64.563,5.000,101.0,47.0,-53.846153259277344,29.33333396911621
153.136,13:02:50.020,459.383,36.193,16626.297,0.000,0.000,0.000,0.000,0.000,0.000,1.000,1.000,0.000,49.319,49.500,0.940,64.563,5.000,101.0,47.0,-53.846153259277344,29.33333396911621
153.201,13:02:50.085,459.383,36.193,16626.297,0.000,0.000,0.000,0.000,0.000,0.000,1.000,1.000,0.000,49.319,49.500,0.940,64.563,5.000,101.0,47.0,-53.846153259277344,29.33333396911621
153.264,13:02:50.228,459.952,36.056,16583.963,0.000,0.000,0.000,0.000,0.000,0.000,1.000,1.000,0.000,48.881,48.700,0.940,64.593,5.000,101.0,47.0,-53.846153259277344,29.33333396911621
153.408,13:02:50.292,459.952,36.056,16583.963,0.000,0.000,0.000,0.000,0.000,0.000,1.000,1.000,0.000,48.881,48.700,0.940,64.593,5.000,101.0,47.0,-53.846153259277344,29.33333396911621
153.471,13:02:50.547,459.952,36.056,16583.963,0.000,0.000,0.000,0.000,0.000,0.000,1.000,1.000,0.000,48.881,48.700,0.940,64.593,5.000,101.0,47.0,30.71794891357422,26.512821197509766
153.728,13:02:50.693,459.293,36.206,16629.018,0.000,0.000,0.000,0.000,0.000,0.000,1.000,1.000,0.000,49.319,49.500,0.940,64.662,5.000,101.0,47.0,30.71794891357422,26.512821197509766
153.872,13:02:50.756,459.293,36.206,16629.018,0.000,0.000,0.000,0.000,0.000,0.000,1.000,1.000,0.000,49.319,49.500,0.940,64.662,5.000,101.0,47.0,30.71794891357422,26.512821197509766
153.935,13:02:50.819,459.293,36.206,16629.018,0.000,0.000,0.000,0.000,0.000,0.000,1.000,1.000,0.000,49.319,49.500,0.940,64.662,5.000,101.0,47.0,30.71794891357422,26.512821197509766
154.000,13:02:50.963,459.293,36.206,16629.018,0.000,0.000,0.000,0.000,0.000,0.000,1.000,1.000,0.000,48.881,48.700,0.940,64.662,5.000,101.0,47.0,30.71794891357422,26.512821197509766
154.144,13:02:51.028,459.832,36.091,16595.809,0.000,0.000,0.000,0.000,0.000,0.000,1.000,1.000,0.000,48.881,48.700,0.940,64.662,5.000,101.0,47.0,30.71794891357422,26.512821197509766
154.208,13:02:51.092,459.832,36.091,16595.809,0.000,0.000,0.000,0.000,0.000,0.000,1.000,1.000,0.000,48.881,48.700,0.940,64.662,5.000,101.0,47.0,30.71794891357422,26.512821197509766
154.272,13:02:51.235,459.832,36.091,16595.809,0.000,0.000,0.000,0.000,0.000,0.000,1.000,1.000,0.000,48.881,48.700,0.940,64.662,5.000,101.0,47.0,30.71794891357422,26.512821197509766
154.415,13:02:51.299,459.832,36.091,16595.809,0.000,0.000,0.000,0.000,0.000,0.000,1.000,1.000,0.000,48.881,48.700,0.940,64.662,5.000,101.0,47.0,30.71794891357422,26.512821197509766
154.479,13:02:51.555,459.464,36.166,16616.869,0.000,0.000,0.000,0.000,0.000,0.000,1.000,1.000,0.000,48.881,48.700,0.940,64.662,5.000,101.0,47.0,-41.89743423461914,-4.307692527770996
154.735,13:02:51.698,459.464,36.166,16616.869,0.000,0.000,0.000,0.000,0.000,0.000,1.000,1.000,0.000,49.319,49.500,0.940,64.622,5.000,101.0,47.0,-41.89743423461914,-4.307692527770996
154.879,13:02:51.763,459.681,36.122,16604.818,0.000,0.000,0.000,0.000,0.000,0.000,1.000,1.000,0.000,49.319,49.500,0.940,64.622,5.000,101.0,47.0,-41.89743423461914,-4.307692527770996
154.944,13:02:51.827,459.681,36.122,16604.818,0.000,0.000,0.000,0.000,0.000,0.000,1.000,1.000,0.000,49.319,49.500,0.940,64.622,5.000,101.0,47.0,-41.89743423461914,-4.307692527770996
155.007,13:02:51.971,459.681,36.122,16604.818,0.000,0.000,0.000,0.000,0.000,0.000,1.000,1.000,0.000,48.881,48.700,0.940,64.669,5.000,101.0,47.0,-41.89743423461914,-4.307692527770996
155.150,13:02:52.034,459.681,36.122,16604.818,0.000,0.000,0.000,0.000,0.000,0.000,1.000,1.000,0.000,48.881,48.700,0.940,64.669,5.000,101.0,47.0,-41.89743423461914,-4.307692527770996
155.215,13:02:52.099,459.681,36.122,16604.818,0.000,0.000,0.000,0.000,0.000,0.000,1.000,1.000,0.000,48.881,48.700,0.940,64.669,5.000,101.0,47.0,-41.89743423461914,-4.307692527770996
155.279,13:02:52.243,463.050,35.301,16346.284,0.000,0.000,0.000,0.000,0.000,0.000,1.000,1.000,0.000,48.919,49.100,0.940,64.696,5.000,101.0,47.0,-41.89743423461914,-4.307692527770996
155.423,13:02:52.307,463.050,35.301,16346.284,0.000,0.000,0.000,0.000,0.000,0.000,1.000,1.000,0.000,48.919,49.100,0.940,64.696,5.000,101.0,47.0,-41.89743423461914,-4.307692527770996
155.486,13:02:52.563,463.050,35.301,16346.284,0.000,0.000,0.000,0.000,0.000,0.000,1.000,1.000,0.000,48.919,49.100,0.940,64.696,5.000,101.0,47.0,36.20512771606445,51.69230651855469
155.743,13:02:52.706,459.294,36.217,16634.098,0.000,0.000,0.000,0.000,0.000,0.000,1.000,1.000,0.000,49.281,49.100,0.940,64.747,5.000,101.0,47.0,36.20512771606445,51.69230651855469
155.887,13:02:52.770,459.294,36.217,16634.098,0.000,0.000,0.000,0.000,0.000,0.000,1.000,1.000,0.000,49.281,49.100,0.940,64.747,5.000,101.0,47.0,36.20512771606445,51.69230651855469
155.950,13:02:52.834,459.294,36.217,16634.098,0.000,0.000,0.000,0.000,0.000,0.000,1.000,1.000,0.000,49.281,49.100,0.940,64.747,5.000,101.0,47.0,36.20512771606445,51.69230651855469
156.015,13:02:52.978,459.294,36.217,16634.098,0.000,0.000,0.000,0.000,0.000,0.000,1.000,1.000,0.000,48.881,48.700,0.940,64.705,5.000,101.0,47.0,36.20512771606445,51.69230651855469
156.158,13:02:53.042,459.747,36.102,16597.584,0.000,0.000,0.000,0.000,0.000,0.000,1.000,1.000,0.000,48.881,48.700,0.940,64.705,5.000,101.0,47.0,36.20512771606445,51.69230651855469
156.222,13:02:53.106,459.747,36.102,16597.584,0.000,0.000,0.000,0.000,0.000,0.000,1.000,1.000,0.000,48.881,48.700,0.940,64.705,5.000,101.0,47.0,36.20512771606445,51.69230651855469
156.287,13:02:53.251,459.747,36.102,16597.584,0.000,0.000,0.000,0.000,0.000,0.000,1.000,1.000,0.000,48.881,48.700,0.940,64.705,5.000,101.0,47.0,36.20512771606445,51.69230651855469
156.430,13:02:53.314,459.747,36.102,16597.584,0.000,0.000,0.000,0.000,0.000,0.000,1.000,1.000,0.000,48.881,48.700,0.940,64.705,5.000,101.0,47.0,36.20512771606445,51.69230651855469
156.493,13:02:53.570,459.655,36.110,16598.248,0.000,0.000,0.000,0.000,0.000,0.000,1.000,1.000,0.000,48.881,48.700,0.940,64.705,5.000,101.0,47.0,29.487178802490234,-56.25640869140625
156.750,13:02:53.714,459.655,36.110,16598.248,0.000,0.000,0.000,0.000,0.000,0.000,1.000,1.000,0.000,49.281,49.100,0.940,64.701,5.000,101.0,47.0,29.487178802490234,-56.25640869140625
156.894,13:02:53.778,453.770,37.396,16969.277,0.000,0.000,0.000,0.000,0.000,0.000,1.000,1.000,0.000,49.281,49.100,0.940,64.701,5.000,101.0,47.0,29.487178802490234,-56.25640869140625
156.958,13:02:53.842,453.770,37.396,16969.277,0.000,0.000,0.000,0.000,0.000,0.000,1.000,1.000,0.000,49.281,49.100,0.940,64.701,5.000,101.0,47.0,29.487178802490234,-56.25640869140625
157.022,13:02:53.985,453.770,37.396,16969.277,0.000,0.000,0.000,0.000,0.000,0.000,1.000,1.000,0.000,49.681,49.500,0.940,64.717,5.000,101.0,47.0,29.487178802490234,-56.25640869140625
157.166,13:02:54.049,453.770,37.396,16969.277,0.000,0.000,0.000,0.000,0.000,0.000,1.000,1.000,0.000,49.681,49.500,0.940,64.717,5.000,101.0,47.0,29.487178802490234,-56.25640869140625
157.229,13:02:54.113,453.770,37.396,16969.277,0.000,0.000,0.000,0.000,0.000,0.000,1.000,1.000,0.000,49.681,49.500,0.940,64.717,5.000,101.0,47.0,29.487178802490234,-56.25640869140625
157.294,13:02:54.257,460.867,35.842,16518.555,0.000,0.000,0.000,0.000,0.000,0.000,1.000,1.000,0.000,48.880,48.700,0.940,64.750,5.000,101.0,47.0,29.487178802490234,-56.25640869140625
157.438,13:02:54.322,460.867,35.842,16518.555,0.000,0.000,0.000,0.000,0.000,0.000,1.000,1.000,0.000,48.880,48.700,0.940,64.750,5.000,101.0,47.0,29.487178802490234,-56.25640869140625
157.502,13:02:54.577,460.867,35.842,16518.555,0.000,0.000,0.000,0.000,0.000,0.000,1.000,1.000,0.000,48.880,48.700,0.940,64.750,5.000,101.0,47.0,44.56410217285156,50.61538314819336
157.758,13:02:54.721,458.199,36.456,16704.199,0.000,0.000,0.000,0.000,0.000,0.000,1.000,1.000,0.000,49.320,49.500,0.940,64.811,5.000,101.0,47.0,44.56410217285156,50.61538314819336
157.902,13:02:54.786,458.199,36.456,16704.199,0.000,0.000,0.000,0.000,0.000,0.000,1.000,1.000,0.000,49.320,49.500,0.940,64.811,5.000,101.0,47.0,44.56410217285156,50.61538314819336
157.965,13:02:54.849,458.199,36.456,16704.199,0.000,0.000,0.000,0.000,0.000,0.000,1.000,1.000,0.000,49.320,49.500,0.940,64.811,5.000,101.0,47.0,44.56410217285156,50.61538314819336
158.028,13:02:54.992,458.199,36.456,16704.199,0.000,0.000,0.000,0.000,0.000,0.000,1.000,1.000,0.000,48.881,48.700,0.940,64.837,5.000,101.0,47.0,44.56410217285156,50.61538314819336
158.172,13:02:55.056,460.852,35.850,16521.424,0.000,0.000,0.000,0.000,0.000,0.000,1.000,1.000,0.000,48.881,48.700,0.940,64.837,5.000,101.0,47.0,44.56410217285156,50.61538314819336
158.237,13:02:55.121,460.852,35.850,16521.424,0.000,0.000,0.000,0.000,0.000,0.000,1.000,1.000,0.000,48.881,48.700,0.940,64.837,5.000,101.0,47.0,44.56410217285156,50.61538314819336
158.301,13:02:55.265,460.852,35.850,16521.424,0.000,0.000,0.000,0.000,0.000,0.000,1.000,1.000,0.000,48.881,48.700,0.940,64.837,5.000,101.0,47.0,44.56410217285156,50.61538314819336
158.444,13:02:55.328,460.852,35.850,16521.424,0.000,0.000,0.000,0.000,0.000,0.000,1.000,1.000,0.000,48.881,48.700,0.940,64.837,5.000,101.0,47.0,44.56410217285156,50.61538314819336
158.508,13:02:55.585,458.561,36.379,16682.055,0.000,0.000,0.000,0.000,0.000,0.000,1.000,1.000,0.000,48.881,48.700,0.940,64.837,5.000,101.0,47.0,27.435897827148438,-52.769229888916016
158.764,13:02:55.728,458.561,36.379,16682.055,0.000,0.000,0.000,0.000,0.000,0.000,1.000,1.000,0.000,49.281,49.100,0.940,64.826,5.000,101.0,47.0,27.435897827148438,-52.769229888916016
158.909,13:02:55.793,460.739,35.875,16528.816,0.000,0.000,0.000,0.000,0.000,0.000,1.000,1.000,0.000,49.281,49.100,0.940,64.826,5.000,101.0,47.0,27.435897827148438,-52.769229888916016
158.972,13:02:55.856,460.739,35.875,16528.816,0.000,0.000,0.000,0.000,0.000,0.000,1.000,1.000,0.000,49.281,49.100,0.940,64.826,5.000,101.0,47.0,27.435897827148438,-52.769229888916016
159.037,13:02:56.001,460.739,35.875,16528.816,0.000,0.000,0.000,0.000,0.000,0.000,1.000,1.000,0.000,48.881,48.700,0.940,64.815,5.000,101.0,47.0,27.435897827148438,-52.769229888916016
159.180,13:02:56.064,460.739,35.875,16528.816,0.000,0.000,0.000,0.000,0.000,0.000,1.000,1.000,0.000,48.881,48.700,0.940,64.815,5.000,101.0,47.0,27.435897827148438,-52.769229888916016
159.244,13:02:56.128,460.739,35.875,16528.816,0.000,0.000,0.000,0.000,0.000,0.000,1.000,1.000,0.000,48.881,48.700,0.940,64.815,5.000,101.0,47.0,27.435897827148438,-52.769229888916016
159.308,13:02:56.273,460.739,35.875,16528.816,0.000,0.000,0.000,0.000,0.000,0.000,1.000,1.000,0.000,49.281,49.100,0.940,64.851,5.000,101.0,47.0,27.435897827148438,-52.769229888916016
159.453,13:02:56.337,458.445,36.396,16685.584,0.000,0.000,0.000,0.000,0.000,0.000,1.000,1.000,0.000,49.281,49.100,0.940,64.851,5.000,101.0,47.0,27.435897827148438,-52.769229888916016
159.516,13:02:56.593,458.445,36.396,16685.584,0.000,0.000,0.000,0.000,0.000,0.000,1.000,1.000,0.000,49.281,49.100,0.940,64.851,5.000,101.0,47.0,-28.35897445678711,33.28205108642578
159.772,13:02:56.736,454.309,37.294,16942.967,0.000,0.000,0.000,0.000,0.000,0.000,1.000,1.000,0.000,49.681,49.500,0.940,64.862,5.000,101.0,47.0,-28.35897445678711,33.28205108642578
159.916,13:02:56.799,454.309,37.294,16942.967,0.000,0.000,0.000,0.000,0.000,0.000,1.000,1.000,0.000,49.681,49.500,0.940,64.862,5.000,101.0,47.0,-28.35897445678711,33.28205108642578
159.979,13:02:56.863,454.309,37.294,16942.967,0.000,0.000,0.000,0.000,0.000,0.000,1.000,1.000,0.000,49.681,49.500,0.940,64.862,5.000,101.0,47.0,-28.35897445678711,33.28205108642578
160.043,13:02:57.008,454.309,37.294,16942.967,0.000,0.000,0.000,0.000,0.000,0.000,1.000,1.000,0.000,49.681,49.500,0.940,64.862,5.000,101.0,47.0,-28.35897445678711,33.28205108642578
160.187,13:02:57.071,460.622,35.913,16542.459,0.000,0.000,0.000,0.000,0.000,0.000,1.000,1.000,0.000,49.681,49.500,0.940,64.862,5.000,101.0,47.0,-28.35897445678711,33.28205108642578
160.252,13:02:57.136,460.622,35.913,16542.459,0.000,0.000,0.000,0.000,0.000,0.000,1.000,1.000,0.000,49.681,49.500,0.940,64.862,5.000,101.0,47.0,-28.35897445678711,33.28205108642578
160.316,13:02:57.279,460.622,35.913,16542.459,0.000,0.000,0.000,0.000,0.000,0.000,1.000,1.000,0.000,48.881,48.700,0.940,64.887,5.000,101.0,47.0,-28.35897445678711,33.28205108642578
160.460,13:02:57.344,460.622,35.913,16542.459,0.000,0.000,0.000,0.000,0.000,0.000,1.000,1.000,0.000,48.881,48.700,0.940,64.887,5.000,101.0,47.0,-28.35897445678711,33.28205108642578
160.524,13:02:57.600,460.622,35.913,16542.459,0.000,0.000,0.000,0.000,0.000,0.000,1.000,1.000,0.000,48.881,48.700,0.940,64.887,5.000,101.0,47.0,40.56410217285156,-50.71794891357422
160.779,13:02:57.743,458.843,36.310,16660.496,0.000,0.000,0.000,0.000,0.000,0.000,1.000,1.000,0.000,49.281,49.100,0.940,64.911,5.000,101.0,47.0,40.56410217285156,-50.71794891357422
160.924,13:02:57.808,458.843,36.310,16660.496,0.000,0.000,0.000,0.000,0.000,0.000,1.000,1.000,0.000,49.281,49.100,0.940,64.911,5.000,101.0,47.0,40.56410217285156,-50.71794891357422
160.988,13:02:57.872,454.585,37.233,16925.340,0.000,0.000,0.000,0.000,0.000,0.000,1.000,1.000,0.000,49.281,49.100,0.940,64.911,5.000,101.0,47.0,40.56410217285156,-50.71794891357422
161.052,13:02:58.016,454.585,37.233,16925.340,0.000,0.000,0.000,0.000,0.000,0.000,1.000,1.000,0.000,49.681,49.500,0.940,64.915,5.000,101.0,47.0,40.56410217285156,-50.71794891357422
161.195,13:02:58.079,454.585,37.233,16925.340,0.000,0.000,0.000,0.000,0.000,0.000,1.000,1.000,0.000,49.681,49.500,0.940,64.915,5.000,101.0,47.0,40.56410217285156,-50.71794891357422
161.259,13:02:58.143,454.585,37.233,16925.340,0.000,0.000,0.000,0.000,0.000,0.000,1.000,1.000,0.000,49.681,49.500,0.940,64.915,5.000,101.0,47.0,40.56410217285156,-50.71794891357422
161.324,13:02:58.287,454.585,37.233,16925.340,0.000,0.000,0.000,0.000,0.000,0.000,1.000,1.000,0.000,48.919,49.100,0.940,64.971,5.000,101.0,47.0,40.56410217285156,-50.71794891357422
161.467,13:02:58.351,460.369,35.976,16562.375,0.000,0.000,0.000,0.000,0.000,0.000,1.000,1.000,0.000,48.919,49.100,0.940,64.971,5.000,101.0,47.0,40.56410217285156,-50.71794891357422
161.530,13:02:58.607,460.369,35.976,16562.375,0.000,0.000,0.000,0.000,0.000,0.000,1.000,1.000,0.000,48.919,49.100,0.940,64.971,5.000,101.0,47.0,25.076923370361328,30.564102172851562
161.787,13:02:58.751,459.079,36.275,16653.297,0.000,0.000,0.000,0.000,0.000,0.000,1.000,1.000,0.000,49.319,49.500,0.940,64.985,5.000,101.0,47.0,25.076923370361328,30.564102172851562
161.931,13:02:58.815,459.079,36.275,16653.297,0.000,0.000,0.000,0.000,0.000,0.000,1.000,1.000,0.000,49.319,49.500,0.940,64.985,5.000,101.0,47.0,25.076923370361328,30.564102172851562
161.994,13:02:58.878,459.079,36.275,16653.297,0.000,0.000,0.000,0.000,0.000,0.000,1.000,1.000,0.000,49.319,49.500,0.940,64.985,5.000,101.0,47.0,25.076923370361328,30.564102172851562
162.059,13:02:59.022,459.079,36.275,16653.297,0.000,0.000,0.000,0.000,0.000,0.000,1.000,1.000,0.000,49.319,49.500,0.940,64.985,5.000,101.0,47.0,25.076923370361328,30.564102172851562
162.202,13:02:59.086,460.339,35.987,16566.311,0.000,0.000,0.000,0.000,0.000,0.000,1.000,1.000,0.000,49.319,49.500,0.940,64.985,5.000,101.0,47.0,25.076923370361328,30.564102172851562
162.267,13:02:59.151,460.339,35.987,16566.311,0.000,0.000,0.000,0.000,0.000,0.000,1.000,1.000,0.000,49.319,49.500,0.940,64.985,5.000,101.0,47.0,25.076923370361328,30.564102172851562
162.330,13:02:59.294,460.339,35.987,16566.311,0.000,0.000,0.000,0.000,0.000,0.000,1.000,1.000,0.000,48.919,49.100,0.940,65.039,5.000,101.0,47.0,25.076923370361328,30.564102172851562
162.474,13:02:59.358,460.339,35.987,16566.311,0.000,0.000,0.000,0.000,0.000,0.000,1.000,1.000,0.000,48.919,49.100,0.940,65.039,5.000,101.0,47.0,25.076923370361328,30.564102172851562
162.538,13:02:59.614,460.339,35.987,16566.311,0.000,0.000,0.000,0.000,0.000,0.000,1.000,1.000,0.000,48.919,49.100,0.940,65.039,5.000,101.0,47.0,-10.564102172851562,-41.846153259277344
162.794,13:02:59.757,459.110,36.264,16649.195,0.000,0.000,0.000,0.000,0.000,0.000,1.000,1.000,0.000,49.281,49.100,0.940,65.055,5.000,101.0,47.0,-10.564102172851562,-41.846153259277344
162.938,13:02:59.822,459.110,36.264,16649.195,0.000,0.000,0.000,0.000,0.000,0.000,1.000,1.000,0.000,49.281,49.100,0.940,65.055,5.000,101.0,47.0,-10.564102172851562,-41.846153259277344
163.002,13:02:59.886,460.292,35.986,16564.236,0.000,0.000,0.000,0.000,0.000,0.000,1.000,1.000,0.000,49.281,49.100,0.940,65.055,5.000,101.0,47.0,-10.564102172851562,-41.846153259277344
163.067,13:03:00.029,460.292,35.986,16564.236,0.000,0.000,0.000,0.000,0.000,0.000,1.000,1.000,0.000,48.881,48.700,0.940,65.040,5.000,101.0,47.0,-10.564102172851562,-41.846153259277344
163.210,13:03:00.094,460.292,35.986,16564.236,0.000,0.000,0.000,0.000,0.000,0.000,1.000,1.000,0.000,48.881,48.700,0.940,65.040,5.000,101.0,47.0,-10.564102172851562,-41.846153259277344
163.274,13:03:00.158,460.292,35.986,16564.236,0.000,0.000,0.000,0.000,0.000,0.000,1.000,1.000,0.000,48.881,48.700,0.940,65.040,5.000,101.0,47.0,-10.564102172851562,-41.846153259277344
163.338,13:03:00.302,460.292,35.986,16564.236,0.000,0.000,0.000,0.000,0.000,0.000,1.000,1.000,0.000,49.319,49.500,0.940,65.032,5.000,101.0,47.0,-10.564102172851562,-41.846153259277344
163.482,13:03:00.366,459.284,36.224,16636.967,0.000,0.000,0.000,0.000,0.000,0.000,1.000,1.000,0.000,49.319,49.500,0.940,65.032,5.000,101.0,47.0,-10.564102172851562,-41.846153259277344
163.545,13:03:00.621,459.284,36.224,16636.967,0.000,0.000,0.000,0.000,0.000,0.000,1.000,1.000,0.000,49.319,49.500,0.940,65.032,5.000,101.0,47.0,4.615384578704834,46.512821197509766
163.802,13:03:00.765,460.114,36.039,16582.213,0.000,0.000,0.000,0.000,0.000,0.000,1.000,1.000,0.000,48.881,48.700,0.940,65.056,5.000,101.0,47.0,4.615384578704834,46.512821197509766
163.946,13:03:00.830,460.114,36.039,16582.213,0.000,0.000,0.000,0.000,0.000,0.000,1.000,1.000,0.000,48.881,48.700,0.940,65.056,5.000,101.0,47.0,4.615384578704834,46.512821197509766
164.009,13:03:00.893,460.114,36.039,16582.213,0.000,0.000,0.000,0.000,0.000,0.000,1.000,1.000,0.000,48.881,48.700,0.940,65.056,5.000,101.0,47.0,4.615384578704834,46.512821197509766
164.074,13:03:01.037,460.114,36.039,16582.213,0.000,0.000,0.000,0.000,0.000,0.000,1.000,1.000,0.000,48.881,48.700,0.940,65.056,5.000,101.0,47.0,4.615384578704834,46.512821197509766
164.217,13:03:01.101,459.513,36.157,16614.803,0.000,0.000,0.000,0.000,0.000,0.000,1.000,1.000,0.000,48.881,48.700,0.940,65.056,5.000,101.0,47.0,4.615384578704834,46.512821197509766
164.281,13:03:01.165,459.513,36.157,16614.803,0.000,0.000,0.000,0.000,0.000,0.000,1.000,1.000,0.000,48.881,48.700,0.940,65.056,5.000,101.0,47.0,4.615384578704834,46.512821197509766
164.345,13:03:01.309,459.513,36.157,16614.803,0.000,0.000,0.000,0.000,0.000,0.000,1.000,1.000,0.000,49.281,49.100,0.940,65.038,5.000,101.0,47.0,4.615384578704834,46.512821197509766
164.489,13:03:01.372,459.513,36.157,16614.803,0.000,0.000,0.000,0.000,0.000,0.000,1.000,1.000,0.000,49.281,49.100,0.940,65.038,5.000,101.0,47.0,4.615384578704834,46.512821197509766
164.552,13:03:01.629,459.513,36.157,16614.803,0.000,0.000,0.000,0.000,0.000,0.000,1.000,1.000,0.000,49.281,49.100,0.940,65.038,5.000,101.0,47.0,52.0512809753418,-26.871795654296875
164.808,13:03:01.773,463.154,35.287,16343.181,0.000,0.000,0.000,0.000,0.000,0.000,1.000,1.000,0.000,48.919,49.100,0.940,65.024,5.000,101.0,47.0,52.0512809753418,-26.871795654296875
164.953,13:03:01.837,463.154,35.287,16343.181,0.000,0.000,0.000,0.000,0.000,0.000,1.000,1.000,0.000,48.919,49.100,0.940,65.024,5.000,101.0,47.0,52.0512809753418,-26.871795654296875
165.017,13:03:01.901,455.805,36.975,16853.312,0.000,0.000,0.000,0.000,0.000,0.000,1.000,1.000,0.000,48.919,49.100,0.940,65.024,5.000,101.0,47.0,52.0512809753418,-26.871795654296875
165.080,13:03:02.044,455.805,36.975,16853.312,0.000,0.000,0.000,0.000,0.000,0.000,1.000,1.000,0.000,49.281,49.100,0.940,65.049,5.000,101.0,47.0,52.0512809753418,-26.871795654296875
165.224,13:03:02.108,455.805,36.975,16853.312,0.000,0.000,0.000,0.000,0.000,0.000,1.000,1.000,0.000,49.281,49.100,0.940,65.049,5.000,101.0,47.0,52.0512809753418,-26.871795654296875
165.288,13:03:02.172,455.805,36.975,16853.312,0.000,0.000,0.000,0.000,0.000,0.000,1.000,1.000,0.000,49.281,49.100,0.940,65.049,5.000,101.0,47.0,52.0512809753418,-26.871795654296875
165.352,13:03:02.316,455.805,36.975,16853.312,0.000,0.000,0.000,0.000,0.000,0.000,1.000,1.000,0.000,48.919,49.100,0.940,65.042,5.000,101.0,47.0,52.0512809753418,-26.871795654296875
165.496,13:03:02.380,463.029,35.318,16353.146,0.000,0.000,0.000,0.000,0.000,0.000,1.000,1.000,0.000,48.919,49.100,0.940,65.042,5.000,101.0,47.0,52.0512809753418,-26.871795654296875
165.560,13:03:02.636,463.029,35.318,16353.146,0.000,0.000,0.000,0.000,0.000,0.000,1.000,1.000,0.000,48.919,49.100,0.940,65.042,5.000,101.0,47.0,-46.153846740722656,39.69230651855469
165.816,13:03:02.779,463.029,35.318,16353.146,0.000,0.000,0.000,0.000,0.000,0.000,1.000,1.000,0.000,49.281,49.100,0.940,65.060,5.000,101.0,47.0,-46.153846740722656,39.69230651855469
165.960,13:03:02.844,455.888,36.970,16854.277,0.000,0.000,0.000,0.000,0.000,0.000,1.000,1.000,0.000,49.281,49.100,0.940,65.060,5.000,101.0,47.0,-46.153846740722656,39.69230651855469
166.024,13:03:02.908,455.888,36.970,16854.277,0.000,0.000,0.000,0.000,0.000,0.000,1.000,1.000,0.000,49.281,49.100,0.940,65.060,5.000,101.0,47.0,-46.153846740722656,39.69230651855469
166.088,13:03:03.052,455.888,36.970,16854.277,0.000,0.000,0.000,0.000,0.000,0.000,1.000,1.000,0.000,49.281,49.100,0.940,65.060,5.000,101.0,47.0,-46.153846740722656,39.69230651855469
166.232,13:03:03.116,463.264,35.268,16338.456,0.000,0.000,0.000,0.000,0.000,0.000,1.000,1.000,0.000,49.281,49.100,0.940,65.060,5.000,101.0,47.0,-46.153846740722656,39.69230651855469
166.296,13:03:03.180,463.264,35.268,16338.456,0.000,0.000,0.000,0.000,0.000,0.000,1.000,1.000,0.000,49.281,49.100,0.940,65.060,5.000,101.0,47.0,-46.153846740722656,39.69230651855469
166.360,13:03:03.324,463.264,35.268,16338.456,0.000,0.000,0.000,0.000,0.000,0.000,1.000,1.000,0.000,48.919,49.100,0.940,65.051,5.000,101.0,47.0,-46.153846740722656,39.69230651855469
166.505,13:03:03.388,463.264,35.268,16338.456,0.000,0.000,0.000,0.000,0.000,0.000,1.000,1.000,0.000,48.919,49.100,0.940,65.051,5.000,101.0,47.0,-46.153846740722656,39.69230651855469
166.568,13:03:03.659,463.264,35.268,16338.456,0.000,0.000,0.000,0.000,0.000,0.000,1.000,1.000,0.000,48.919,49.100,0.940,65.051,5.000,101.0,47.0,45.487178802490234,-2.2564103603363037
166.840,13:03:03.804,459.707,36.147,16617.029,0.000,0.000,0.000,0.000,0.000,0.000,1.000,1.000,0.000,49.281,49.100,0.940,65.008,5.000,101.0,47.0,45.487178802490234,-2.2564103603363037
166.984,13:03:03.868,459.707,36.147,16617.029,0.000,0.000,0.000,0.000,0.000,0.000,1.000,1.000,0.000,49.281,49.100,0.940,65.008,5.000,101.0,47.0,45.487178802490234,-2.2564103603363037
167.048,13:03:03.932,463.375,35.250,16334.126,0.000,0.000,0.000,0.000,0.000,0.000,1.000,1.000,0.000,49.281,49.100,0.940,65.008,5.000,101.0,47.0,45.487178802490234,-2.2564103603363037
167.112,13:03:04.075,463.375,35.250,16334.126,0.000,0.000,0.000,0.000,0.000,0.000,1.000,1.000,0.000,48.919,49.100,0.940,65.077,5.000,101.0,47.0,45.487178802490234,-2.2564103603363037
167.255,13:03:04.139,463.375,35.250,16334.126,0.000,0.000,0.000,0.000,0.000,0.000,1.000,1.000,0.000,48.919,49.100,0.940,65.077,5.000,101.0,47.0,45.487178802490234,-2.2564103603363037
167.319,13:03:04.203,463.375,35.250,16334.126,0.000,0.000,0.000,0.000,0.000,0.000,1.000,1.000,0.000,48.919,49.100,0.940,65.077,5.000,101.0,47.0,45.487178802490234,-2.2564103603363037
167.384,13:03:04.347,463.375,35.250,16334.126,0.000,0.000,0.000,0.000,0.000,0.000,1.000,1.000,0.000,49.281,49.100,0.940,65.110,5.000,101.0,47.0,45.487178802490234,-2.2564103603363037
167.527,13:03:04.411,459.862,36.089,16596.080,0.000,0.000,0.000,0.000,0.000,0.000,1.000,1.000,0.000,49.281,49.100,0.940,65.110,5.000,101.0,47.0,45.487178802490234,-2.2564103603363037
167.590,13:03:04.666,459.862,36.089,16596.080,0.000,0.000,0.000,0.000,0.000,0.000,1.000,1.000,0.000,49.281,49.100,0.940,65.110,5.000,101.0,47.0,-41.128204345703125,-6.666666507720947
167.846,13:03:04.810,459.862,36.089,16596.080,0.000,0.000,0.000,0.000,0.000,0.000,1.000,1.000,0.000,48.919,49.100,0.940,65.078,5.000,101.0,47.0,-41.128204345703125,-6.666666507720947
167.991,13:03:04.874,463.469,35.233,16329.413,0.000,0.000,0.000,0.000,0.000,0.000,1.000,1.000,0.000,48.919,49.100,0.940,65.078,5.000,101.0,47.0,-41.128204345703125,-6.666666507720947
168.055,13:03:04.939,463.469,35.233,16329.413,0.000,0.000,0.000,0.000,0.000,0.000,1.000,1.000,0.000,48.919,49.100,0.940,65.078,5.000,101.0,47.0,-41.128204345703125,-6.666666507720947
168.118,13:03:05.083,463.469,35.233,16329.413,0.000,0.000,0.000,0.000,0.000,0.000,1.000,1.000,0.000,48.919,49.100,0.940,65.078,5.000,101.0,47.0,-41.128204345703125,-6.666666507720947
168.262,13:03:05.146,460.222,36.021,16577.721,0.000,0.000,0.000,0.000,0.000,0.000,1.000,1.000,0.000,48.919,49.100,0.940,65.078,5.000,101.0,47.0,-41.128204345703125,-6.666666507720947
168.327,13:03:05.211,460.222,36.021,16577.721,0.000,0.000,0.000,0.000,0.000,0.000,1.000,1.000,0.000,48.919,49.100,0.940,65.078,5.000,101.0,47.0,-41.128204345703125,-6.666666507720947
168.390,13:03:05.355,460.222,36.021,16577.721,0.000,0.000,0.000,0.000,0.000,0.000,1.000,1.000,0.000,48.881,48.700,0.940,65.071,5.000,101.0,47.0,-41.128204345703125,-6.666666507720947
168.535,13:03:05.419,460.222,36.021,16577.721,0.000,0.000,0.000,0.000,0.000,0.000,1.000,1.000,0.000,48.881,48.700,0.940,65.071,5.000,101.0,47.0,-41.128204345703125,-6.666666507720947
168.598,13:03:05.972,460.222,36.021,16577.721,0.000,0.000,0.000,0.000,0.000,0.000,1.000,1.000,0.000,48.881,48.700,0.940,65.071,5.000,101.0,47.0,-55.28205108642578,
169.142,13:03:06.105,458.744,36.376,16687.143,0.000,0.000,0.000,0.000,0.000,0.000,1.000,1.000,0.000,49.281,49.100,0.940,65.099,5.000,101.0,47.0,-55.28205108642578,
169.285,13:03:06.169,458.744,36.376,16687.143,0.000,0.000,0.000,0.000,0.000,0.000,1.000,1.000,0.000,49.281,49.100,0.940,65.099,5.000,101.0,47.0,-55.28205108642578,
169.350,13:03:06.234,458.744,36.376,16687.143,0.000,0.000,0.000,0.000,0.000,0.000,1.000,1.000,0.000,49.281,49.100,0.940,65.099,5.000,101.0,47.0,-55.28205108642578,
169.413,13:03:06.377,458.744,36.376,16687.143,0.000,0.000,0.000,0.000,0.000,0.000,1.000,1.000,0.000,49.281,49.100,0.940,65.099,5.000,101.0,47.0,-55.28205108642578,
169.557,13:03:06.441,461.200,35.799,16510.576,0.000,0.000,0.000,0.000,0.000,0.000,1.000,1.000,0.000,49.281,49.100,0.940,65.099,5.000,101.0,47.0,-55.28205108642578,
169.621,13:03:06.697,461.200,35.799,16510.576,0.000,0.000,0.000,0.000,0.000,0.000,1.000,1.000,0.000,49.281,49.100,0.940,65.099,5.000,101.0,47.0,41.589744567871094,-30.35897445678711
169.878,13:03:06.841,461.200,35.799,16510.576,0.000,0.000,0.000,0.000,0.000,0.000,1.000,1.000,0.000,48.919,49.100,0.940,65.071,5.000,101.0,47.0,41.589744567871094,-30.35897445678711
170.021,13:03:06.905,462.587,35.465,16405.523,0.000,0.000,0.000,0.000,0.000,0.000,1.000,1.000,0.000,48.919,49.100,0.940,65.071,5.000,101.0,47.0,41.589744567871094,-30.35897445678711
170.085,13:03:06.969,462.587,35.465,16405.523,0.000,0.000,0.000,0.000,0.000,0.000,1.000,1.000,0.000,48.919,49.100,0.940,65.071,5.000,101.0,47.0,41.589744567871094,-30.35897445678711
170.150,13:03:07.114,462.587,35.465,16405.523,0.000,0.000,0.000,0.000,0.000,0.000,1.000,1.000,0.000,48.919,49.100,0.940,65.071,5.000,101.0,47.0,41.589744567871094,-30.35897445678711
170.293,13:03:07.177,461.172,35.810,16514.551,0.000,0.000,0.000,0.000,0.000,0.000,1.000,1.000,0.000,48.919,49.100,0.940,65.071,5.000,101.0,47.0,41.589744567871094,-30.35897445678711
170.357,13:03:07.241,461.172,35.810,16514.551,0.000,0.000,0.000,0.000,0.000,0.000,1.000,1.000,0.000,48.919,49.100,0.940,65.071,5.000,101.0,47.0,41.589744567871094,-30.35897445678711
170.422,13:03:07.385,461.172,35.810,16514.551,0.000,0.000,0.000,0.000,0.000,0.000,1.000,1.000,0.000,48.881,48.700,0.940,65.095,5.000,101.0,47.0,41.589744567871094,-30.35897445678711
170.565,13:03:07.449,461.172,35.810,16514.551,0.000,0.000,0.000,0.000,0.000,0.000,1.000,1.000,0.000,48.881,48.700,0.940,65.095,5.000,101.0,47.0,41.589744567871094,-30.35897445678711
170.629,13:03:07.705,461.172,35.810,16514.551,0.000,0.000,0.000,0.000,0.000,0.000,1.000,1.000,0.000,48.881,48.700,0.940,65.095,5.000,101.0,47.0,37.9487190246582,-43.128204345703125
170.885,13:03:07.849,462.680,35.443,16398.809,0.000,0.000,0.000,0.000,0.000,0.000,1.000,1.000,0.000,48.919,49.100,0.940,65.072,5.000,101.0,47.0,37.9487190246582,-43.128204345703125
171.029,13:03:07.913,462.680,35.443,16398.809,0.000,0.000,0.000,0.000,0.000,0.000,1.000,1.000,0.000,48.919,49.100,0.940,65.072,5.000,101.0,47.0,37.9487190246582,-43.128204345703125
171.092,13:03:07.976,462.680,35.443,16398.809,0.000,0.000,0.000,0.000,0.000,0.000,1.000,1.000,0.000,48.919,49.100,0.940,65.072,5.000,101.0,47.0,37.9487190246582,-43.128204345703125
171.157,13:03:08.121,461.102,35.833,16522.531,0.000,0.000,0.000,0.000,0.000,0.000,1.000,1.000,0.000,48.919,49.100,0.940,65.109,5.000,101.0,47.0,37.9487190246582,-43.128204345703125
171.301,13:03:08.185,461.102,35.833,16522.531,0.000,0.000,0.000,0.000,0.000,0.000,1.000,1.000,0.000,48.919,49.100,0.940,65.109,5.000,101.0,47.0,37.9487190246582,-43.128204345703125
171.365,13:03:08.249,461.102,35.833,16522.531,0.000,0.000,0.000,0.000,0.000,0.000,1.000,1.000,0.000,48.919,49.100,0.940,65.109,5.000,101.0,47.0,37.9487190246582,-43.128204345703125
171.429,13:03:08.392,461.102,35.833,16522.531,0.000,0.000,0.000,0.000,0.000,0.000,1.000,1.000,0.000,48.919,49.100,0.940,65.109,5.000,101.0,47.0,37.9487190246582,-43.128204345703125
171.572,13:03:08.456,456.784,36.821,16819.025,0.000,0.000,0.000,0.000,0.000,0.000,1.000,1.000,0.000,48.919,49.100,0.940,65.109,5.000,101.0,47.0,37.9487190246582,-43.128204345703125
171.636,13:03:08.712,456.784,36.821,16819.025,0.000,0.000,0.000,0.000,0.000,0.000,1.000,1.000,0.000,48.919,49.100,0.940,65.109,5.000,101.0,47.0,-23.179487228393555,52.66666793823242
171.893,13:03:08.856,456.784,36.821,16819.025,0.000,0.000,0.000,0.000,0.000,0.000,1.000,1.000,0.000,48.881,48.700,0.940,65.155,5.000,101.0,47.0,-23.179487228393555,52.66666793823242
172.036,13:03:08.920,460.940,35.886,16541.410,0.000,0.000,0.000,0.000,0.000,0.000,1.000,1.000,0.000,48.881,48.700,0.940,65.155,5.000,101.0,47.0,-23.179487228393555,52.66666793823242
172.100,13:03:08.983,460.940,35.886,16541.410,0.000,0.000,0.000,0.000,0.000,0.000,1.000,1.000,0.000,48.881,48.700,0.940,65.155,5.000,101.0,47.0,-23.179487228393555,52.66666793823242
172.165,13:03:09.128,460.940,35.886,16541.410,0.000,0.000,0.000,0.000,0.000,0.000,1.000,1.000,0.000,48.881,48.700,0.940,65.155,5.000,101.0,47.0,-23.179487228393555,52.66666793823242
172.308,13:03:09.192,460.940,35.886,16541.410,0.000,0.000,0.000,0.000,0.000,0.000,1.000,1.000,0.000,48.881,48.700,0.940,65.155,5.000,101.0,47.0,-23.179487228393555,52.66666793823242
172.372,13:03:09.255,462.955,35.392,16385.020,0.000,0.000,0.000,0.000,0.000,0.000,1.000,1.000,0.000,48.881,48.700,0.940,65.155,5.000,101.0,47.0,-23.179487228393555,52.66666793823242
172.437,13:03:09.399,462.955,35.392,16385.020,0.000,0.000,0.000,0.000,0.000,0.000,1.000,1.000,0.000,48.919,49.100,0.940,65.140,5.000,101.0,47.0,-23.179487228393555,52.66666793823242
172.579,13:03:09.463,462.955,35.392,16385.020,0.000,0.000,0.000,0.000,0.000,0.000,1.000,1.000,0.000,48.919,49.100,0.940,65.140,5.000,101.0,47.0,-23.179487228393555,52.66666793823242
172.643,13:03:09.720,462.955,35.392,16385.020,0.000,0.000,0.000,0.000,0.000,0.000,1.000,1.000,0.000,48.919,49.100,0.940,65.140,5.000,101.0,47.0,38.66666793823242,10.410256385803223
172.900,13:03:09.864,459.200,36.284,16661.496,0.000,0.000,0.000,0.000,0.000,0.000,1.000,1.000,0.000,49.281,49.100,0.940,65.128,5.000,101.0,47.0,38.66666793823242,10.410256385803223
173.044,13:03:09.927,459.200,36.284,16661.496,0.000,0.000,0.000,0.000,0.000,0.000,1.000,1.000,0.000,49.281,49.100,0.940,65.128,5.000,101.0,47.0,38.66666793823242,10.410256385803223
173.108,13:03:09.991,459.200,36.284,16661.496,0.000,0.000,0.000,0.000,0.000,0.000,1.000,1.000,0.000,49.281,49.100,0.940,65.128,5.000,101.0,47.0,38.66666793823242,10.410256385803223
173.171,13:03:10.136,463.073,35.369,16378.462,0.000,0.000,0.000,0.000,0.000,0.000,1.000,1.000,0.000,48.919,49.100,0.940,65.116,5.000,101.0,47.0,38.66666793823242,10.410256385803223
173.316,13:03:10.200,463.073,35.369,16378.462,0.000,0.000,0.000,0.000,0.000,0.000,1.000,1.000,0.000,48.919,49.100,0.940,65.116,5.000,101.0,47.0,38.66666793823242,10.410256385803223
173.380,13:03:10.264,463.073,35.369,16378.462,0.000,0.000,0.000,0.000,0.000,0.000,1.000,1.000,0.000,48.919,49.100,0.940,65.116,5.000,101.0,47.0,38.66666793823242,10.410256385803223
173.443,13:03:10.407,463.073,35.369,16378.462,0.000,0.000,0.000,0.000,0.000,0.000,1.000,1.000,0.000,48.919,49.100,0.940,65.116,5.000,101.0,47.0,38.66666793823242,10.410256385803223
173.587,13:03:10.471,459.368,36.239,16647.252,0.000,0.000,0.000,0.000,0.000,0.000,1.000,1.000,0.000,48.919,49.100,0.940,65.116,5.000,101.0,47.0,38.66666793823242,10.410256385803223
173.651,13:03:10.727,459.368,36.239,16647.252,0.000,0.000,0.000,0.000,0.000,0.000,1.000,1.000,0.000,48.919,49.100,0.940,65.116,5.000,101.0,47.0,-34.66666793823242,-19.384614944458008
173.907,13:03:10.871,459.368,36.239,16647.252,0.000,0.000,0.000,0.000,0.000,0.000,1.000,1.000,0.000,48.881,48.700,0.940,65.178,5.000,101.0,47.0,-34.66666793823242,-19.384614944458008
174.052,13:03:10.935,463.124,35.357,16374.824,0.000,0.000,0.000,0.000,0.000,0.000,1.000,1.000,0.000,48.881,48.700,0.940,65.178,5.000,101.0,47.0,-34.66666793823242,-19.384614944458008
174.114,13:03:10.998,463.124,35.357,16374.824,0.000,0.000,0.000,0.000,0.000,0.000,1.000,1.000,0.000,48.881,48.700,0.940,65.178,5.000,101.0,47.0,-34.66666793823242,-19.384614944458008
174.179,13:03:11.143,463.124,35.357,16374.824,0.000,0.000,0.000,0.000,0.000,0.000,1.000,1.000,0.000,48.881,48.700,0.940,65.178,5.000,101.0,47.0,-34.66666793823242,-19.384614944458008
174.322,13:03:11.206,463.124,35.357,16374.824,0.000,0.000,0.000,0.000,0.000,0.000,1.000,1.000,0.000,48.881,48.700,0.940,65.178,5.000,101.0,47.0,-34.66666793823242,-19.384614944458008
174.386,13:03:11.270,466.585,34.447,16072.525,0.000,0.000,0.000,0.000,0.000,0.000,1.000,1.000,0.000,48.881,48.700,0.940,65.178,5.000,101.0,47.0,-34.66666793823242,-19.384614944458008
174.451,13:03:11.415,466.585,34.447,16072.525,0.000,0.000,0.000,0.000,0.000,0.000,1.000,1.000,0.000,48.518,48.700,0.940,65.127,5.000,101.0,47.0,-34.66666793823242,-19.384614944458008
174.594,13:03:11.478,466.585,34.447,16072.525,0.000,0.000,0.000,0.000,0.000,0.000,1.000,1.000,0.000,48.518,48.700,0.940,65.127,5.000,101.0,47.0,-34.66666793823242,-19.384614944458008
174.658,13:03:11.735,466.585,34.447,16072.525,0.000,0.000,0.000,0.000,0.000,0.000,1.000,1.000,0.000,48.518,48.700,0.940,65.127,5.000,101.0,47.0,13.230769157409668,-50.512821197509766
174.915,13:03:11.878,463.309,35.306,16357.527,0.000,0.000,0.000,0.000,0.000,0.000,1.000,1.000,0.000,48.919,49.100,0.940,65.110,5.000,101.0,47.0,13.230769157409668,-50.512821197509766
175.059,13:03:11.943,463.309,35.306,16357.527,0.000,0.000,0.000,0.000,0.000,0.000,1.000,1.000,0.000,48.919,49.100,0.940,65.110,5.000,101.0,47.0,13.230769157409668,-50.512821197509766
175.122,13:03:12.006,463.309,35.306,16357.527,0.000,0.000,0.000,0.000,0.000,0.000,1.000,1.000,0.000,48.919,49.100,0.940,65.110,5.000,101.0,47.0,13.230769157409668,-50.512821197509766
175.186,13:03:12.150,459.692,36.181,16632.064,0.000,0.000,0.000,0.000,0.000,0.000,1.000,1.000,0.000,49.319,49.500,0.940,65.135,5.000,101.0,47.0,13.230769157409668,-50.512821197509766
175.330,13:03:12.214,459.692,36.181,16632.064,0.000,0.000,0.000,0.000,0.000,0.000,1.000,1.000,0.000,49.319,49.500,0.940,65.135,5.000,101.0,47.0,13.230769157409668,-50.512821197509766
175.394,13:03:12.278,459.692,36.181,16632.064,0.000,0.000,0.000,0.000,0.000,0.000,1.000,1.000,0.000,49.319,49.500,0.940,65.135,5.000,101.0,47.0,13.230769157409668,-50.512821197509766
175.459,13:03:12.422,459.692,36.181,16632.064,0.000,0.000,0.000,0.000,0.000,0.000,1.000,1.000,0.000,49.319,49.500,0.940,65.135,5.000,101.0,47.0,13.230769157409668,-50.512821197509766
175.601,13:03:12.485,456.381,36.909,16844.496,0.000,0.000,0.000,0.000,0.000,0.000,1.000,1.000,0.000,49.319,49.500,0.940,65.135,5.000,101.0,47.0,13.230769157409668,-50.512821197509766
175.666,13:03:12.742,456.381,36.909,16844.496,0.000,0.000,0.000,0.000,0.000,0.000,1.000,1.000,0.000,49.319,49.500,0.940,65.135,5.000,101.0,47.0,37.64102554321289,16.256410598754883
175.922,13:03:12.886,456.381,36.909,16844.496,0.000,0.000,0.000,0.000,0.000,0.000,1.000,1.000,0.000,48.881,48.700,0.940,65.193,5.000,101.0,47.0,37.64102554321289,16.256410598754883
176.066,13:03:12.950,460.322,36.039,16589.475,0.000,0.000,0.000,0.000,0.000,0.000,1.000,1.000,0.000,48.881,48.700,0.940,65.193,5.000,101.0,47.0,37.64102554321289,16.256410598754883
176.129,13:03:13.013,460.322,36.039,16589.475,0.000,0.000,0.000,0.000,0.000,0.000,1.000,1.000,0.000,48.881,48.700,0.940,65.193,5.000,101.0,47.0,37.64102554321289,16.256410598754883
176.194,13:03:13.158,460.322,36.039,16589.475,0.000,0.000,0.000,0.000,0.000,0.000,1.000,1.000,0.000,48.881,48.700,0.940,65.193,5.000,101.0,47.0,37.64102554321289,16.256410598754883
176.337,13:03:13.221,460.322,36.039,16589.475,0.000,0.000,0.000,0.000,0.000,0.000,1.000,1.000,0.000,48.881,48.700,0.940,65.193,5.000,101.0,47.0,37.64102554321289,16.256410598754883
176.401,13:03:13.285,463.467,35.275,16348.856,0.000,0.000,0.000,0.000,0.000,0.000,1.000,1.000,0.000,48.881,48.700,0.940,65.193,5.000,101.0,47.0,37.64102554321289,16.256410598754883
176.465,13:03:13.429,463.467,35.275,16348.856,0.000,0.000,0.000,0.000,0.000,0.000,1.000,1.000,0.000,48.919,49.100,0.940,65.209,5.000,101.0,47.0,37.64102554321289,16.256410598754883
176.609,13:03:13.493,463.467,35.275,16348.856,0.000,0.000,0.000,0.000,0.000,0.000,1.000,1.000,0.000,48.919,49.100,0.940,65.209,5.000,101.0,47.0,37.64102554321289,16.256410598754883
176.673,13:03:13.750,463.467,35.275,16348.856,0.000,0.000,0.000,0.000,0.000,0.000,1.000,1.000,0.000,48.919,49.100,0.940,65.209,5.000,101.0,47.0,43.79487228393555,-48.512821197509766
176.930,13:03:13.893,459.871,36.135,16617.629,0.000,0.000,0.000,0.000,0.000,0.000,1.000,1.000,0.000,49.281,49.100,0.940,65.210,5.000,101.0,47.0,43.79487228393555,-48.512821197509766
177.073,13:03:13.957,459.871,36.135,16617.629,0.000,0.000,0.000,0.000,0.000,0.000,1.000,1.000,0.000,49.281,49.100,0.940,65.210,5.000,101.0,47.0,43.79487228393555,-48.512821197509766
177.137,13:03:14.021,459.871,36.135,16617.629,0.000,0.000,0.000,0.000,0.000,0.000,1.000,1.000,0.000,49.281,49.100,0.940,65.210,5.000,101.0,47.0,43.79487228393555,-48.512821197509766
177.202,13:03:14.164,459.871,36.135,16617.629,0.000,0.000,0.000,0.000,0.000,0.000,1.000,1.000,0.000,48.919,49.100,0.940,65.238,5.000,101.0,47.0,43.79487228393555,-48.512821197509766
177.344,13:03:14.228,463.606,35.250,16342.077,0.000,0.000,0.000,0.000,0.000,0.000,1.000,1.000,0.000,48.919,49.100,0.940,65.238,5.000,101.0,47.0,43.79487228393555,-48.512821197509766
177.410,13:03:14.293,463.606,35.250,16342.077,0.000,0.000,0.000,0.000,0.000,0.000,1.000,1.000,0.000,48.919,49.100,0.940,65.238,5.000,101.0,47.0,43.79487228393555,-48.512821197509766
177.473,13:03:14.436,463.606,35.250,16342.077,0.000,0.000,0.000,0.000,0.000,0.000,1.000,1.000,0.000,48.919,49.100,0.940,65.238,5.000,101.0,47.0,43.79487228393555,-48.512821197509766
177.616,13:03:14.500,460.119,36.090,16605.695,0.000,0.000,0.000,0.000,0.000,0.000,1.000,1.000,0.000,48.919,49.100,0.940,65.238,5.000,101.0,47.0,43.79487228393555,-48.512821197509766
177.680,13:03:14.757,460.119,36.090,16605.695,0.000,0.000,0.000,0.000,0.000,0.000,1.000,1.000,0.000,48.919,49.100,0.940,65.238,5.000,101.0,47.0,-46.46154022216797,39.07692337036133
177.936,13:03:14.901,460.119,36.090,16605.695,0.000,0.000,0.000,0.000,0.000,0.000,1.000,1.000,0.000,49.281,49.100,0.940,65.226,5.000,101.0,47.0,-46.46154022216797,39.07692337036133
178.081,13:03:14.965,463.532,35.269,16348.518,0.000,0.000,0.000,0.000,0.000,0.000,1.000,1.000,0.000,49.281,49.100,0.940,65.226,5.000,101.0,47.0,-46.46154022216797,39.07692337036133
178.145,13:03:15.029,463.532,35.269,16348.518,0.000,0.000,0.000,0.000,0.000,0.000,1.000,1.000,0.000,49.281,49.100,0.940,65.226,5.000,101.0,47.0,-46.46154022216797,39.07692337036133
178.209,13:03:15.173,463.532,35.269,16348.518,0.000,0.000,0.000,0.000,0.000,0.000,1.000,1.000,0.000,48.919,49.100,0.940,65.233,5.000,101.0,47.0,-46.46154022216797,39.07692337036133
178.352,13:03:15.236,463.532,35.269,16348.518,0.000,0.000,0.000,0.000,0.000,0.000,1.000,1.000,0.000,48.919,49.100,0.940,65.233,5.000,101.0,47.0,-46.46154022216797,39.07692337036133
178.416,13:03:15.300,463.532,35.269,16348.518,0.000,0.000,0.000,0.000,0.000,0.000,1.000,1.000,0.000,48.919,49.100,0.940,65.233,5.000,101.0,47.0,-46.46154022216797,39.07692337036133
178.480,13:03:15.443,459.989,36.117,16613.332,0.000,0.000,0.000,0.000,0.000,0.000,1.000,1.000,0.000,49.281,49.100,0.940,65.267,5.000,101.0,47.0,-46.46154022216797,39.07692337036133
178.625,13:03:15.508,459.989,36.117,16613.332,0.000,0.000,0.000,0.000,0.000,0.000,1.000,1.000,0.000,49.281,49.100,0.940,65.267,5.000,101.0,47.0,-46.46154022216797,39.07692337036133
178.688,13:03:15.764,459.989,36.117,16613.332,0.000,0.000,0.000,0.000,0.000,0.000,1.000,1.000,0.000,49.281,49.100,0.940,65.267,5.000,101.0,47.0,37.53845977783203,10.20512866973877
178.944,13:03:15.908,456.238,36.952,16858.906,0.000,0.000,0.000,0.000,0.000,0.000,1.000,1.000,0.000,49.281,49.100,0.940,65.258,5.000,101.0,47.0,37.53845977783203,10.20512866973877
179.088,13:03:15.972,456.238,36.952,16858.906,0.000,0.000,0.000,0.000,0.000,0.000,1.000,1.000,0.000,49.281,49.100,0.940,65.258,5.000,101.0,47.0,37.53845977783203,10.20512866973877
179.152,13:03:16.036,456.238,36.952,16858.906,0.000,0.000,0.000,0.000,0.000,0.000,1.000,1.000,0.000,49.281,49.100,0.940,65.258,5.000,101.0,47.0,37.53845977783203,10.20512866973877
179.215,13:03:16.180,456.238,36.952,16858.906,0.000,0.000,0.000,0.000,0.000,0.000,1.000,1.000,0.000,48.919,49.100,0.940,65.287,5.000,101.0,47.0,37.53845977783203,10.20512866973877
179.360,13:03:16.244,463.587,35.275,16352.862,0.000,0.000,0.000,0.000,0.000,0.000,1.000,1.000,0.000,48.919,49.100,0.940,65.287,5.000,101.0,47.0,37.53845977783203,10.20512866973877
179.424,13:03:16.308,463.587,35.275,16352.862,0.000,0.000,0.000,0.000,0.000,0.000,1.000,1.000,0.000,48.919,49.100,0.940,65.287,5.000,101.0,47.0,37.53845977783203,10.20512866973877
179.487,13:03:16.452,463.587,35.275,16352.862,0.000,0.000,0.000,0.000,0.000,0.000,1.000,1.000,0.000,48.919,49.100,0.940,65.287,5.000,101.0,47.0,37.53845977783203,10.20512866973877
179.631,13:03:16.515,463.587,35.275,16352.862,0.000,0.000,0.000,0.000,0.000,0.000,1.000,1.000,0.000,48.919,49.100,0.940,65.287,5.000,101.0,47.0,37.53845977783203,10.20512866973877
179.696,13:03:16.771,460.018,36.135,16622.721,0.000,0.000,0.000,0.000,0.000,0.000,1.000,1.000,0.000,48.919,49.100,0.940,65.287,5.000,101.0,47.0,-36.25640869140625,-12.666666984558105
179.951,13:03:16.915,460.018,36.135,16622.721,0.000,0.000,0.000,0.000,0.000,0.000,1.000,1.000,0.000,48.881,48.700,0.940,65.336,5.000,101.0,47.0,-36.25640869140625,-12.666666984558105
180.095,13:03:16.979,458.914,36.307,16661.586,0.000,0.000,0.000,0.000,0.000,0.000,1.000,1.000,0.000,48.881,48.700,0.940,65.336,5.000,101.0,47.0,-36.25640869140625,-12.666666984558105
180.159,13:03:17.042,458.914,36.307,16661.586,0.000,0.000,0.000,0.000,0.000,0.000,1.000,1.000,0.000,48.881,48.700,0.940,65.336,5.000,101.0,47.0,-36.25640869140625,-12.666666984558105
180.224,13:03:17.187,458.914,36.307,16661.586,0.000,0.000,0.000,0.000,0.000,0.000,1.000,1.000,0.000,49.280,49.100,0.940,65.342,5.000,101.0,47.0,-36.25640869140625,-12.666666984558105
180.367,13:03:17.251,458.914,36.307,16661.586,0.000,0.000,0.000,0.000,0.000,0.000,1.000,1.000,0.000,49.280,49.100,0.940,65.342,5.000,101.0,47.0,-36.25640869140625,-12.666666984558105
180.432,13:03:17.316,458.914,36.307,16661.586,0.000,0.000,0.000,0.000,0.000,0.000,1.000,1.000,0.000,49.280,49.100,0.940,65.342,5.000,101.0,47.0,-36.25640869140625,-12.666666984558105
180.495,13:03:17.458,461.894,35.632,16458.332,0.000,0.000,0.000,0.000,0.000,0.000,1.000,1.000,0.000,48.880,48.700,0.940,65.336,5.000,101.0,47.0,-36.25640869140625,-12.666666984558105
180.638,13:03:17.522,461.894,35.632,16458.332,0.000,0.000,0.000,0.000,0.000,0.000,1.000,1.000,0.000,48.880,48.700,0.940,65.336,5.000,101.0,47.0,-36.25640869140625,-12.666666984558105
180.702,13:03:17.778,461.894,35.632,16458.332,0.000,0.000,0.000,0.000,0.000,0.000,1.000,1.000,0.000,48.880,48.700,0.940,65.336,5.000,101.0,47.0,43.89743423461914,49.128204345703125
180.959,13:03:17.923,458.925,36.314,16665.254,0.000,0.000,0.000,0.000,0.000,0.000,1.000,1.000,0.000,49.280,49.100,0.940,65.327,5.000,101.0,47.0,43.89743423461914,49.128204345703125
181.102,13:03:17.986,458.925,36.314,16665.254,0.000,0.000,0.000,0.000,0.000,0.000,1.000,1.000,0.000,49.280,49.100,0.940,65.327,5.000,101.0,47.0,43.89743423461914,49.128204345703125
181.166,13:03:18.050,458.925,36.314,16665.254,0.000,0.000,0.000,0.000,0.000,0.000,1.000,1.000,0.000,49.280,49.100,0.940,65.327,5.000,101.0,47.0,43.89743423461914,49.128204345703125
181.231,13:03:18.195,458.925,36.314,16665.254,0.000,0.000,0.000,0.000,0.000,0.000,1.000,1.000,0.000,48.919,49.100,0.940,65.341,5.000,101.0,47.0,43.89743423461914,49.128204345703125
181.375,13:03:18.259,462.806,35.404,16385.387,0.000,0.000,0.000,0.000,0.000,0.000,1.000,1.000,0.000,48.919,49.100,0.940,65.341,5.000,101.0,47.0,43.89743423461914,49.128204345703125
181.439,13:03:18.323,462.806,35.404,16385.387,0.000,0.000,0.000,0.000,0.000,0.000,1.000,1.000,0.000,48.919,49.100,0.940,65.341,5.000,101.0,47.0,43.89743423461914,49.128204345703125
181.502,13:03:18.466,462.806,35.404,16385.387,0.000,0.000,0.000,0.000,0.000,0.000,1.000,1.000,0.000,48.919,49.100,0.940,65.341,5.000,101.0,47.0,43.89743423461914,49.128204345703125
181.647,13:03:18.531,462.806,35.404,16385.387,0.000,0.000,0.000,0.000,0.000,0.000,1.000,1.000,0.000,48.919,49.100,0.940,65.341,5.000,101.0,47.0,43.89743423461914,49.128204345703125
181.711,13:03:18.786,461.644,35.697,16479.283,0.000,0.000,0.000,0.000,0.000,0.000,1.000,1.000,0.000,48.919,49.100,0.940,65.341,5.000,101.0,47.0,38.66666793823242,-44.20512771606445
181.966,13:03:18.930,461.644,35.697,16479.283,0.000,0.000,0.000,0.000,0.000,0.000,1.000,1.000,0.000,48.919,49.100,0.940,65.380,5.000,101.0,47.0,38.66666793823242,-44.20512771606445
182.110,13:03:18.994,461.698,35.683,16474.715,0.000,0.000,0.000,0.000,0.000,0.000,1.000,1.000,0.000,48.919,49.100,0.940,65.380,5.000,101.0,47.0,38.66666793823242,-44.20512771606445
182.174,13:03:19.058,461.698,35.683,16474.715,0.000,0.000,0.000,0.000,0.000,0.000,1.000,1.000,0.000,48.919,49.100,0.940,65.380,5.000,101.0,47.0,38.66666793823242,-44.20512771606445
182.238,13:03:19.201,461.698,35.683,16474.715,0.000,0.000,0.000,0.000,0.000,0.000,1.000,1.000,0.000,48.919,49.100,0.940,65.358,5.000,101.0,47.0,38.66666793823242,-44.20512771606445
182.381,13:03:19.265,461.698,35.683,16474.715,0.000,0.000,0.000,0.000,0.000,0.000,1.000,1.000,0.000,48.919,49.100,0.940,65.358,5.000,101.0,47.0,38.66666793823242,-44.20512771606445
182.446,13:03:19.330,461.698,35.683,16474.715,0.000,0.000,0.000,0.000,0.000,0.000,1.000,1.000,0.000,48.919,49.100,0.940,65.358,5.000,101.0,47.0,38.66666793823242,-44.20512771606445
182.510,13:03:19.473,457.499,36.646,16765.686,0.000,0.000,0.000,0.000,0.000,0.000,1.000,1.000,0.000,49.281,49.100,0.940,65.410,5.000,101.0,47.0,38.66666793823242,-44.20512771606445
182.653,13:03:19.537,457.499,36.646,16765.686,0.000,0.000,0.000,0.000,0.000,0.000,1.000,1.000,0.000,49.281,49.100,0.940,65.410,5.000,101.0,47.0,38.66666793823242,-44.20512771606445
182.717,13:03:19.794,457.499,36.646,16765.686,0.000,0.000,0.000,0.000,0.000,0.000,1.000,1.000,0.000,49.281,49.100,0.940,65.410,5.000,101.0,47.0,-10.35897445678711,19.435897827148438
182.974,13:03:19.937,461.770,35.689,16480.139,0.000,0.000,0.000,0.000,0.000,0.000,1.000,1.000,0.000,48.881,48.700,0.940,65.386,5.000,101.0,47.0,-10.35897445678711,19.435897827148438
183.117,13:03:20.001,461.770,35.689,16480.139,0.000,0.000,0.000,0.000,0.000,0.000,1.000,1.000,0.000,48.881,48.700,0.940,65.386,5.000,101.0,47.0,-10.35897445678711,19.435897827148438
183.182,13:03:20.066,461.770,35.689,16480.139,0.000,0.000,0.000,0.000,0.000,0.000,1.000,1.000,0.000,48.881,48.700,0.940,65.386,5.000,101.0,47.0,-10.35897445678711,19.435897827148438
183.245,13:03:20.210,461.770,35.689,16480.139,0.000,0.000,0.000,0.000,0.000,0.000,1.000,1.000,0.000,48.881,48.700,0.940,65.414,5.000,101.0,47.0,-10.35897445678711,19.435897827148438
183.389,13:03:20.273,463.517,35.248,16338.051,0.000,0.000,0.000,0.000,0.000,0.000,1.000,1.000,0.000,48.881,48.700,0.940,65.414,5.000,101.0,47.0,-10.35897445678711,19.435897827148438
183.454,13:03:20.338,463.517,35.248,16338.051,0.000,0.000,0.000,0.000,0.000,0.000,1.000,1.000,0.000,48.881,48.700,0.940,65.414,5.000,101.0,47.0,-10.35897445678711,19.435897827148438
183.516,13:03:20.480,463.517,35.248,16338.051,0.000,0.000,0.000,0.000,0.000,0.000,1.000,1.000,0.000,48.881,48.700,0.940,65.414,5.000,101.0,47.0,-10.35897445678711,19.435897827148438
183.660,13:03:20.544,463.517,35.248,16338.051,0.000,0.000,0.000,0.000,0.000,0.000,1.000,1.000,0.000,48.881,48.700,0.940,65.414,5.000,101.0,47.0,-10.35897445678711,19.435897827148438
183.725,13:03:20.800,459.526,36.200,16634.879,0.000,0.000,0.000,0.000,0.000,0.000,1.000,1.000,0.000,48.881,48.700,0.940,65.414,5.000,101.0,47.0,20.71794891357422,33.69230651855469
183.981,13:03:20.945,459.526,36.200,16634.879,0.000,0.000,0.000,0.000,0.000,0.000,1.000,1.000,0.000,49.281,49.100,0.940,65.417,5.000,101.0,47.0,20.71794891357422,33.69230651855469
184.125,13:03:21.009,457.522,36.652,16769.299,0.000,0.000,0.000,0.000,0.000,0.000,1.000,1.000,0.000,49.281,49.100,0.940,65.417,5.000,101.0,47.0,20.71794891357422,33.69230651855469
184.188,13:03:21.072,457.522,36.652,16769.299,0.000,0.000,0.000,0.000,0.000,0.000,1.000,1.000,0.000,49.281,49.100,0.940,65.417,5.000,101.0,47.0,20.71794891357422,33.69230651855469
184.252,13:03:21.216,457.522,36.652,16769.299,0.000,0.000,0.000,0.000,0.000,0.000,1.000,1.000,0.000,49.281,49.100,0.940,65.443,5.000,101.0,47.0,20.71794891357422,33.69230651855469
184.396,13:03:21.280,457.522,36.652,16769.299,0.000,0.000,0.000,0.000,0.000,0.000,1.000,1.000,0.000,49.281,49.100,0.940,65.443,5.000,101.0,47.0,20.71794891357422,33.69230651855469
184.461,13:03:21.345,457.522,36.652,16769.299,0.000,0.000,0.000,0.000,0.000,0.000,1.000,1.000,0.000,49.281,49.100,0.940,65.443,5.000,101.0,47.0,20.71794891357422,33.69230651855469
184.525,13:03:21.488,463.487,35.259,16341.869,0.000,0.000,0.000,0.000,0.000,0.000,1.000,1.000,0.000,48.919,49.100,0.940,65.383,5.000,101.0,47.0,20.71794891357422,33.69230651855469
184.668,13:03:21.552,463.487,35.259,16341.869,0.000,0.000,0.000,0.000,0.000,0.000,1.000,1.000,0.000,48.919,49.100,0.940,65.383,5.000,101.0,47.0,20.71794891357422,33.69230651855469
184.732,13:03:21.809,463.487,35.259,16341.869,0.000,0.000,0.000,0.000,0.000,0.000,1.000,1.000,0.000,48.919,49.100,0.940,65.383,5.000,101.0,47.0,-38.35897445678711,-55.487178802490234
184.989,13:03:21.952,459.654,36.167,16624.219,0.000,0.000,0.000,0.000,0.000,0.000,1.000,1.000,0.000,49.319,49.500,0.940,65.470,5.000,101.0,47.0,-38.35897445678711,-55.487178802490234
185.131,13:03:22.015,459.654,36.167,16624.219,0.000,0.000,0.000,0.000,0.000,0.000,1.000,1.000,0.000,49.319,49.500,0.940,65.470,5.000,101.0,47.0,-38.35897445678711,-55.487178802490234
185.196,13:03:22.080,459.654,36.167,16624.219,0.000,0.000,0.000,0.000,0.000,0.000,1.000,1.000,0.000,49.319,49.500,0.940,65.470,5.000,101.0,47.0,-38.35897445678711,-55.487178802490234
185.260,13:03:22.224,459.654,36.167,16624.219,0.000,0.000,0.000,0.000,0.000,0.000,1.000,1.000,0.000,49.319,49.500,0.940,65.470,5.000,101.0,47.0,-38.35897445678711,-55.487178802490234
185.404,13:03:22.288,457.139,36.751,16800.430,0.000,0.000,0.000,0.000,0.000,0.000,1.000,1.000,0.000,49.319,49.500,0.940,65.470,5.000,101.0,47.0,-38.35897445678711,-55.487178802490234
185.467,13:03:22.351,457.139,36.751,16800.430,0.000,0.000,0.000,0.000,0.000,0.000,1.000,1.000,0.000,49.319,49.500,0.940,65.470,5.000,101.0,47.0,-38.35897445678711,-55.487178802490234
185.532,13:03:22.495,457.139,36.751,16800.430,0.000,0.000,0.000,0.000,0.000,0.000,1.000,1.000,0.000,49.281,49.100,0.940,65.469,5.000,101.0,47.0,-38.35897445678711,-55.487178802490234
185.676,13:03:22.559,457.139,36.751,16800.430,0.000,0.000,0.000,0.000,0.000,0.000,1.000,1.000,0.000,49.281,49.100,0.940,65.469,5.000,101.0,47.0,-38.35897445678711,-55.487178802490234
185.739,13:03:22.815,457.139,36.751,16800.430,0.000,0.000,0.000,0.000,0.000,0.000,1.000,1.000,0.000,49.281,49.100,0.940,65.469,5.000,101.0,47.0,25.743589401245117,28.871795654296875
185.995,13:03:22.959,463.701,35.211,16327.338,0.000,0.000,0.000,0.000,0.000,0.000,1.000,1.000,0.000,48.919,49.100,0.940,65.477,5.000,101.0,47.0,25.743589401245117,28.871795654296875
186.140,13:03:23.024,463.701,35.211,16327.338,0.000,0.000,0.000,0.000,0.000,0.000,1.000,1.000,0.000,48.919,49.100,0.940,65.477,5.000,101.0,47.0,25.743589401245117,28.871795654296875
186.204,13:03:23.088,461.145,35.837,16526.006,0.000,0.000,0.000,0.000,0.000,0.000,1.000,1.000,0.000,48.919,49.100,0.940,65.477,5.000,101.0,47.0,25.743589401245117,28.871795654296875
186.268,13:03:23.232,461.145,35.837,16526.006,0.000,0.000,0.000,0.000,0.000,0.000,1.000,1.000,0.000,48.919,49.100,0.940,65.494,5.000,101.0,47.0,25.743589401245117,28.871795654296875
186.412,13:03:23.296,461.145,35.837,16526.006,0.000,0.000,0.000,0.000,0.000,0.000,1.000,1.000,0.000,48.919,49.100,0.940,65.494,5.000,101.0,47.0,25.743589401245117,28.871795654296875
186.476,13:03:23.359,461.145,35.837,16526.006,0.000,0.000,0.000,0.000,0.000,0.000,1.000,1.000,0.000,48.919,49.100,0.940,65.494,5.000,101.0,47.0,25.743589401245117,28.871795654296875
186.540,13:03:23.502,461.145,35.837,16526.006,0.000,0.000,0.000,0.000,0.000,0.000,1.000,1.000,0.000,49.281,49.100,0.940,65.510,5.000,101.0,47.0,25.743589401245117,28.871795654296875
186.683,13:03:23.567,460.052,36.096,16606.105,0.000,0.000,0.000,0.000,0.000,0.000,1.000,1.000,0.000,49.281,49.100,0.940,65.510,5.000,101.0,47.0,25.743589401245117,28.871795654296875
186.747,13:03:23.822,460.052,36.096,16606.105,0.000,0.000,0.000,0.000,0.000,0.000,1.000,1.000,0.000,49.281,49.100,0.940,65.510,5.000,101.0,47.0,-38.10256576538086,-14.820512771606445
187.003,13:03:23.966,460.143,36.081,16602.498,0.000,0.000,0.000,0.000,0.000,0.000,1.000,1.000,0.000,49.319,49.500,0.940,65.515,5.000,101.0,47.0,-38.10256576538086,-14.820512771606445
187.147,13:03:24.031,460.143,36.081,16602.498,0.000,0.000,0.000,0.000,0.000,0.000,1.000,1.000,0.000,49.319,49.500,0.940,65.515,5.000,101.0,47.0,-38.10256576538086,-14.820512771606445
187.211,13:03:24.095,460.143,36.081,16602.498,0.000,0.000,0.000,0.000,0.000,0.000,1.000,1.000,0.000,49.319,49.500,0.940,65.515,5.000,101.0,47.0,-38.10256576538086,-14.820512771606445
187.274,13:03:24.239,460.143,36.081,16602.498,0.000,0.000,0.000,0.000,0.000,0.000,1.000,1.000,0.000,49.319,49.500,0.940,65.515,5.000,101.0,47.0,-38.10256576538086,-14.820512771606445
187.419,13:03:24.303,455.845,37.017,16874.156,0.000,0.000,0.000,0.000,0.000,0.000,1.000,1.000,0.000,49.319,49.500,0.940,65.515,5.000,101.0,47.0,-38.10256576538086,-14.820512771606445
187.482,13:03:24.366,455.845,37.017,16874.156,0.000,0.000,0.000,0.000,0.000,0.000,1.000,1.000,0.000,49.319,49.500,0.940,65.515,5.000,101.0,47.0,-38.10256576538086,-14.820512771606445
187.547,13:03:24.510,455.845,37.017,16874.156,0.000,0.000,0.000,0.000,0.000,0.000,1.000,1.000,0.000,49.718,49.900,0.940,65.545,5.000,101.0,47.0,-38.10256576538086,-14.820512771606445
187.690,13:03:24.574,455.845,37.017,16874.156,0.000,0.000,0.000,0.000,0.000,0.000,1.000,1.000,0.000,49.718,49.900,0.940,65.545,5.000,101.0,47.0,-38.10256576538086,-14.820512771606445
187.754,13:03:25.117,455.845,37.017,16874.156,0.000,0.000,0.000,0.000,0.000,0.000,1.000,1.000,0.000,49.718,49.900,0.940,65.545,5.000,101.0,,30.205127716064453,23.0256404876709
188.298,13:03:25.263,463.983,35.157,16312.423,0.000,0.000,0.000,0.000,0.000,0.000,1.000,1.000,0.000,48.919,49.100,0.940,65.665,5.000,101.0,,30.205127716064453,23.0256404876709
188.442,13:03:25.326,463.983,35.157,16312.423,0.000,0.000,0.000,0.000,0.000,0.000,1.000,1.000,0.000,48.919,49.100,0.940,65.665,5.000,101.0,,30.205127716064453,23.0256404876709
188.507,13:03:25.391,463.983,35.157,16312.423,0.000,0.000,0.000,0.000,0.000,0.000,1.000,1.000,0.000,48.919,49.100,0.940,65.665,5.000,101.0,,30.205127716064453,23.0256404876709
188.570,13:03:25.533,463.983,35.157,16312.423,0.000,0.000,0.000,0.000,0.000,0.000,1.000,1.000,0.000,49.319,49.500,0.940,65.677,5.000,101.0,,30.205127716064453,23.0256404876709
188.714,13:03:25.598,460.350,36.031,16587.010,0.000,0.000,0.000,0.000,0.000,0.000,1.000,1.000,0.000,49.319,49.500,0.940,65.677,5.000,101.0,,30.205127716064453,23.0256404876709
188.778,13:03:25.854,460.350,36.031,16587.010,0.000,0.000,0.000,0.000,0.000,0.000,1.000,1.000,0.000,49.319,49.500,0.940,65.677,5.000,101.0,47.0,-26.820512771606445,55.128204345703125
189.034,13:03:25.997,456.556,36.881,16838.207,0.000,0.000,0.000,0.000,0.000,0.000,1.000,1.000,0.000,49.281,49.100,0.940,65.696,5.000,101.0,47.0,-26.820512771606445,55.128204345703125
189.177,13:03:26.061,456.556,36.881,16838.207,0.000,0.000,0.000,0.000,0.000,0.000,1.000,1.000,0.000,49.281,49.100,0.940,65.696,5.000,101.0,47.0,-26.820512771606445,55.128204345703125
189.242,13:03:26.126,456.556,36.881,16838.207,0.000,0.000,0.000,0.000,0.000,0.000,1.000,1.000,0.000,49.281,49.100,0.940,65.696,5.000,101.0,47.0,-26.820512771606445,55.128204345703125
189.305,13:03:26.269,456.556,36.881,16838.207,0.000,0.000,0.000,0.000,0.000,0.000,1.000,1.000,0.000,49.281,49.100,0.940,65.696,5.000,101.0,47.0,-26.820512771606445,55.128204345703125
189.449,13:03:26.333,464.154,35.112,16297.264,0.000,0.000,0.000,0.000,0.000,0.000,1.000,1.000,0.000,49.281,49.100,0.940,65.696,5.000,101.0,47.0,-26.820512771606445,55.128204345703125
189.513,13:03:26.397,464.154,35.112,16297.264,0.000,0.000,0.000,0.000,0.000,0.000,1.000,1.000,0.000,49.281,49.100,0.940,65.696,5.000,101.0,47.0,-26.820512771606445,55.128204345703125
189.577,13:03:26.541,464.154,35.112,16297.264,0.000,0.000,0.000,0.000,0.000,0.000,1.000,1.000,0.000,48.919,49.100,0.940,65.702,5.000,101.0,47.0,-26.820512771606445,55.128204345703125
189.721,13:03:26.605,464.154,35.112,16297.264,0.000,0.000,0.000,0.000,0.000,0.000,1.000,1.000,0.000,48.919,49.100,0.940,65.702,5.000,101.0,47.0,-26.820512771606445,55.128204345703125
189.785,13:03:26.861,464.154,35.112,16297.264,0.000,0.000,0.000,0.000,0.000,0.000,1.000,1.000,0.000,48.919,49.100,0.940,65.702,5.000,101.0,47.0,30.153846740722656,-56.61538314819336
190.041,13:03:27.005,456.823,36.794,16808.229,0.000,0.000,0.000,0.000,0.000,0.000,1.000,1.000,0.000,49.281,49.100,0.940,65.737,5.000,101.0,47.0,30.153846740722656,-56.61538314819336
190.186,13:03:27.069,456.823,36.794,16808.229,0.000,0.000,0.000,0.000,0.000,0.000,1.000,1.000,0.000,49.281,49.100,0.940,65.737,5.000,101.0,47.0,30.153846740722656,-56.61538314819336
190.248,13:03:27.132,464.055,35.126,16300.608,0.000,0.000,0.000,0.000,0.000,0.000,1.000,1.000,0.000,49.281,49.100,0.940,65.737,5.000,101.0,47.0,30.153846740722656,-56.61538314819336
190.312,13:03:27.277,464.055,35.126,16300.608,0.000,0.000,0.000,0.000,0.000,0.000,1.000,1.000,0.000,48.919,49.100,0.940,65.729,5.000,101.0,47.0,30.153846740722656,-56.61538314819336
190.457,13:03:27.341,464.055,35.126,16300.608,0.000,0.000,0.000,0.000,0.000,0.000,1.000,1.000,0.000,48.919,49.100,0.940,65.729,5.000,101.0,47.0,30.153846740722656,-56.61538314819336
190.521,13:03:27.405,464.055,35.126,16300.608,0.000,0.000,0.000,0.000,0.000,0.000,1.000,1.000,0.000,48.919,49.100,0.940,65.729,5.000,101.0,47.0,30.153846740722656,-56.61538314819336
190.584,13:03:27.548,464.055,35.126,16300.608,0.000,0.000,0.000,0.000,0.000,0.000,1.000,1.000,0.000,48.919,49.100,0.940,65.757,5.000,101.0,47.0,30.153846740722656,-56.61538314819336
190.728,13:03:27.612,460.759,35.934,16556.906,0.000,0.000,0.000,0.000,0.000,0.000,1.000,1.000,0.000,48.919,49.100,0.940,65.757,5.000,101.0,47.0,30.153846740722656,-56.61538314819336
190.793,13:03:27.868,460.759,35.934,16556.906,0.000,0.000,0.000,0.000,0.000,0.000,1.000,1.000,0.000,48.919,49.100,0.940,65.757,5.000,101.0,47.0,-31.179487228393555,52.871795654296875
191.048,13:03:28.012,460.649,35.955,16562.785,0.000,0.000,0.000,0.000,0.000,0.000,1.000,1.000,0.000,49.281,49.100,0.940,65.678,5.000,101.0,47.0,-31.179487228393555,52.871795654296875
191.193,13:03:28.077,460.649,35.955,16562.785,0.000,0.000,0.000,0.000,0.000,0.000,1.000,1.000,0.000,49.281,49.100,0.940,65.678,5.000,101.0,47.0,-31.179487228393555,52.871795654296875
191.256,13:03:28.140,460.649,35.955,16562.785,0.000,0.000,0.000,0.000,0.000,0.000,1.000,1.000,0.000,49.281,49.100,0.940,65.678,5.000,101.0,47.0,-31.179487228393555,52.871795654296875
191.320,13:03:28.285,460.649,35.955,16562.785,0.000,0.000,0.000,0.000,0.000,0.000,1.000,1.000,0.000,49.281,49.100,0.940,65.678,5.000,101.0,47.0,-31.179487228393555,52.871795654296875
191.464,13:03:28.348,457.322,36.714,16789.939,0.000,0.000,0.000,0.000,0.000,0.000,1.000,1.000,0.000,49.281,49.100,0.940,65.678,5.000,101.0,47.0,-31.179487228393555,52.871795654296875
191.527,13:03:28.411,457.322,36.714,16789.939,0.000,0.000,0.000,0.000,0.000,0.000,1.000,1.000,0.000,49.281,49.100,0.940,65.678,5.000,101.0,47.0,-31.179487228393555,52.871795654296875
191.591,13:03:28.556,457.322,36.714,16789.939,0.000,0.000,0.000,0.000,0.000,0.000,1.000,1.000,0.000,49.281,49.100,0.940,65.735,5.000,101.0,47.0,-31.179487228393555,52.871795654296875
191.736,13:03:28.620,457.322,36.714,16789.939,0.000,0.000,0.000,0.000,0.000,0.000,1.000,1.000,0.000,49.281,49.100,0.940,65.735,5.000,101.0,47.0,-31.179487228393555,52.871795654296875
191.800,13:03:28.875,457.322,36.714,16789.939,0.000,0.000,0.000,0.000,0.000,0.000,1.000,1.000,0.000,49.281,49.100,0.940,65.735,5.000,101.0,47.0,51.230770111083984,-33.79487228393555
192.056,13:03:29.020,461.638,35.797,16525.121,0.000,0.000,0.000,0.000,0.000,0.000,1.000,1.000,0.000,48.880,48.700,0.940,65.705,5.000,101.0,47.0,51.230770111083984,-33.79487228393555
192.200,13:03:29.084,461.638,35.797,16525.121,0.000,0.000,0.000,0.000,0.000,0.000,1.000,1.000,0.000,48.880,48.700,0.940,65.705,5.000,101.0,47.0,51.230770111083984,-33.79487228393555
192.263,13:03:29.147,462.802,35.502,16430.184,0.000,0.000,0.000,0.000,0.000,0.000,1.000,1.000,0.000,48.880,48.700,0.940,65.705,5.000,101.0,47.0,51.230770111083984,-33.79487228393555
192.327,13:03:29.291,462.802,35.502,16430.184,0.000,0.000,0.000,0.000,0.000,0.000,1.000,1.000,0.000,48.880,48.700,0.940,65.677,5.000,101.0,47.0,51.230770111083984,-33.79487228393555
192.471,13:03:29.355,462.802,35.502,16430.184,0.000,0.000,0.000,0.000,0.000,0.000,1.000,1.000,0.000,48.880,48.700,0.940,65.677,5.000,101.0,47.0,51.230770111083984,-33.79487228393555
192.535,13:03:29.419,462.802,35.502,16430.184,0.000,0.000,0.000,0.000,0.000,0.000,1.000,1.000,0.000,48.880,48.700,0.940,65.677,5.000,101.0,47.0,51.230770111083984,-33.79487228393555
192.599,13:03:29.563,462.802,35.502,16430.184,0.000,0.000,0.000,0.000,0.000,0.000,1.000,1.000,0.000,49.280,49.100,0.940,65.692,5.000,101.0,47.0,51.230770111083984,-33.79487228393555
192.743,13:03:29.627,458.988,36.398,16706.393,0.000,0.000,0.000,0.000,0.000,0.000,1.000,1.000,0.000,49.280,49.100,0.940,65.692,5.000,101.0,47.0,51.230770111083984,-33.79487228393555
192.807,13:03:29.882,458.988,36.398,16706.393,0.000,0.000,0.000,0.000,0.000,0.000,1.000,1.000,0.000,49.280,49.100,0.940,65.692,5.000,101.0,47.0,-33.487178802490234,-18.35897445678711
193.063,13:03:30.027,461.414,35.836,16535.141,0.000,0.000,0.000,0.000,0.000,0.000,1.000,1.000,0.000,48.881,48.700,0.940,65.679,5.000,101.0,47.0,-33.487178802490234,-18.35897445678711
193.207,13:03:30.091,461.414,35.836,16535.141,0.000,0.000,0.000,0.000,0.000,0.000,1.000,1.000,0.000,48.881,48.700,0.940,65.679,5.000,101.0,47.0,-33.487178802490234,-18.35897445678711
193.271,13:03:30.155,461.414,35.836,16535.141,0.000,0.000,0.000,0.000,0.000,0.000,1.000,1.000,0.000,48.881,48.700,0.940,65.679,5.000,101.0,47.0,-33.487178802490234,-18.35897445678711
193.335,13:03:30.299,461.414,35.836,16535.141,0.000,0.000,0.000,0.000,0.000,0.000,1.000,1.000,0.000,48.881,48.700,0.940,65.679,5.000,101.0,47.0,-33.487178802490234,-18.35897445678711
193.478,13:03:30.362,459.074,36.367,16695.000,0.000,0.000,0.000,0.000,0.000,0.000,1.000,1.000,0.000,48.881,48.700,0.940,65.679,5.000,101.0,47.0,-33.487178802490234,-18.35897445678711
193.543,13:03:30.427,459.074,36.367,16695.000,0.000,0.000,0.000,0.000,0.000,0.000,1.000,1.000,0.000,48.881,48.700,0.940,65.679,5.000,101.0,47.0,-33.487178802490234,-18.35897445678711
193.606,13:03:30.570,459.074,36.367,16695.000,0.000,0.000,0.000,0.000,0.000,0.000,1.000,1.000,0.000,49.281,49.100,0.940,65.686,5.000,101.0,47.0,-33.487178802490234,-18.35897445678711
193.750,13:03:30.634,459.074,36.367,16695.000,0.000,0.000,0.000,0.000,0.000,0.000,1.000,1.000,0.000,49.281,49.100,0.940,65.686,5.000,101.0,47.0,-33.487178802490234,-18.35897445678711
193.814,13:03:30.890,459.074,36.367,16695.000,0.000,0.000,0.000,0.000,0.000,0.000,1.000,1.000,0.000,49.281,49.100,0.940,65.686,5.000,101.0,47.0,-41.69230651855469,40.56410217285156
194.071,13:03:31.035,463.014,35.446,16412.186,0.000,0.000,0.000,0.000,0.000,0.000,1.000,1.000,0.000,48.919,49.100,0.940,65.712,5.000,101.0,47.0,-41.69230651855469,40.56410217285156
194.214,13:03:31.098,463.014,35.446,16412.186,0.000,0.000,0.000,0.000,0.000,0.000,1.000,1.000,0.000,48.919,49.100,0.940,65.712,5.000,101.0,47.0,-41.69230651855469,40.56410217285156
194.278,13:03:31.162,463.014,35.446,16412.186,0.000,0.000,0.000,0.000,0.000,0.000,1.000,1.000,0.000,48.919,49.100,0.940,65.712,5.000,101.0,47.0,-41.69230651855469,40.56410217285156
194.342,13:03:31.307,457.222,36.798,16824.920,0.000,0.000,0.000,0.000,0.000,0.000,1.000,1.000,0.000,49.281,49.100,0.940,65.711,5.000,101.0,47.0,-41.69230651855469,40.56410217285156
194.486,13:03:31.370,457.222,36.798,16824.920,0.000,0.000,0.000,0.000,0.000,0.000,1.000,1.000,0.000,49.281,49.100,0.940,65.711,5.000,101.0,47.0,-41.69230651855469,40.56410217285156
194.551,13:03:31.435,457.222,36.798,16824.920,0.000,0.000,0.000,0.000,0.000,0.000,1.000,1.000,0.000,49.281,49.100,0.940,65.711,5.000,101.0,47.0,-41.69230651855469,40.56410217285156
194.614,13:03:31.578,457.222,36.798,16824.920,0.000,0.000,0.000,0.000,0.000,0.000,1.000,1.000,0.000,49.281,49.100,0.940,65.711,5.000,101.0,47.0,-41.69230651855469,40.56410217285156
194.757,13:03:31.641,459.251,36.337,16687.643,0.000,0.000,0.000,0.000,0.000,0.000,1.000,1.000,0.000,49.281,49.100,0.940,65.711,5.000,101.0,47.0,-41.69230651855469,40.56410217285156
194.823,13:03:31.897,459.251,36.337,16687.643,0.000,0.000,0.000,0.000,0.000,0.000,1.000,1.000,0.000,49.281,49.100,0.940,65.711,5.000,101.0,47.0,19.743589401245117,-52.871795654296875
195.077,13:03:32.041,459.251,36.337,16687.643,0.000,0.000,0.000,0.000,0.000,0.000,1.000,1.000,0.000,48.919,49.100,0.940,65.724,5.000,101.0,47.0,19.743589401245117,-52.871795654296875
195.222,13:03:32.106,463.127,35.434,16410.262,0.000,0.000,0.000,0.000,0.000,0.000,1.000,1.000,0.000,48.919,49.100,0.940,65.724,5.000,101.0,47.0,19.743589401245117,-52.871795654296875
195.286,13:03:32.170,463.127,35.434,16410.262,0.000,0.000,0.000,0.000,0.000,0.000,1.000,1.000,0.000,48.919,49.100,0.940,65.724,5.000,101.0,47.0,19.743589401245117,-52.871795654296875
195.349,13:03:32.314,463.127,35.434,16410.262,0.000,0.000,0.000,0.000,0.000,0.000,1.000,1.000,0.000,48.919,49.100,0.940,65.724,5.000,101.0,47.0,19.743589401245117,-52.871795654296875
195.494,13:03:32.378,463.127,35.434,16410.262,0.000,0.000,0.000,0.000,0.000,0.000,1.000,1.000,0.000,48.919,49.100,0.940,65.724,5.000,101.0,47.0,19.743589401245117,-52.871795654296875
195.558,13:03:32.442,456.971,36.843,16836.258,0.000,0.000,0.000,0.000,0.000,0.000,1.000,1.000,0.000,48.919,49.100,0.940,65.724,5.000,101.0,47.0,19.743589401245117,-52.871795654296875
195.621,13:03:32.586,456.971,36.843,16836.258,0.000,0.000,0.000,0.000,0.000,0.000,1.000,1.000,0.000,49.281,49.100,0.940,65.720,5.000,101.0,47.0,19.743589401245117,-52.871795654296875
195.766,13:03:32.650,456.971,36.843,16836.258,0.000,0.000,0.000,0.000,0.000,0.000,1.000,1.000,0.000,49.281,49.100,0.940,65.720,5.000,101.0,47.0,19.743589401245117,-52.871795654296875
195.829,13:03:32.905,456.971,36.843,16836.258,0.000,0.000,0.000,0.000,0.000,0.000,1.000,1.000,0.000,49.281,49.100,0.940,65.720,5.000,101.0,47.0,-48.66666793823242,15.48717975616455
196.086,13:03:33.049,463.312,35.381,16392.461,0.000,0.000,0.000,0.000,0.000,0.000,1.000,1.000,0.000,48.919,49.100,0.940,65.724,5.000,101.0,47.0,-48.66666793823242,15.48717975616455
196.229,13:03:33.113,463.312,35.381,16392.461,0.000,0.000,0.000,0.000,0.000,0.000,1.000,1.000,0.000,48.919,49.100,0.940,65.724,5.000,101.0,47.0,-48.66666793823242,15.48717975616455
196.292,13:03:33.176,463.312,35.381,16392.461,0.000,0.000,0.000,0.000,0.000,0.000,1.000,1.000,0.000,48.919,49.100,0.940,65.724,5.000,101.0,47.0,-48.66666793823242,15.48717975616455
196.358,13:03:33.321,456.939,36.864,16844.762,0.000,0.000,0.000,0.000,0.000,0.000,1.000,1.000,0.000,49.319,49.500,0.940,65.747,5.000,101.0,47.0,-48.66666793823242,15.48717975616455
196.501,13:03:33.385,456.939,36.864,16844.762,0.000,0.000,0.000,0.000,0.000,0.000,1.000,1.000,0.000,49.319,49.500,0.940,65.747,5.000,101.0,47.0,-48.66666793823242,15.48717975616455
196.565,13:03:33.449,456.939,36.864,16844.762,0.000,0.000,0.000,0.000,0.000,0.000,1.000,1.000,0.000,49.319,49.500,0.940,65.747,5.000,101.0,47.0,-48.66666793823242,15.48717975616455
196.629,13:03:33.592,456.939,36.864,16844.762,0.000,0.000,0.000,0.000,0.000,0.000,1.000,1.000,0.000,49.319,49.500,0.940,65.747,5.000,101.0,47.0,-48.66666793823242,15.48717975616455
196.773,13:03:33.657,461.137,35.931,16569.016,0.000,0.000,0.000,0.000,0.000,0.000,1.000,1.000,0.000,49.319,49.500,0.940,65.747,5.000,101.0,47.0,-48.66666793823242,15.48717975616455
196.837,13:03:33.912,461.137,35.931,16569.016,0.000,0.000,0.000,0.000,0.000,0.000,1.000,1.000,0.000,49.319,49.500,0.940,65.747,5.000,101.0,47.0,35.589744567871094,-54.20512771606445
197.093,13:03:34.056,461.137,35.931,16569.016,0.000,0.000,0.000,0.000,0.000,0.000,1.000,1.000,0.000,48.919,49.100,0.940,65.796,5.000,101.0,47.0,35.589744567871094,-54.20512771606445
197.236,13:03:34.120,461.103,35.936,16570.119,0.000,0.000,0.000,0.000,0.000,0.000,1.000,1.000,0.000,48.919,49.100,0.940,65.796,5.000,101.0,47.0,35.589744567871094,-54.20512771606445
197.301,13:03:34.185,461.103,35.936,16570.119,0.000,0.000,0.000,0.000,0.000,0.000,1.000,1.000,0.000,48.919,49.100,0.940,65.796,5.000,101.0,47.0,35.589744567871094,-54.20512771606445
197.364,13:03:34.328,461.103,35.936,16570.119,0.000,0.000,0.000,0.000,0.000,0.000,1.000,1.000,0.000,48.919,49.100,0.940,65.796,5.000,101.0,47.0,35.589744567871094,-54.20512771606445
197.508,13:03:34.392,461.103,35.936,16570.119,0.000,0.000,0.000,0.000,0.000,0.000,1.000,1.000,0.000,48.919,49.100,0.940,65.796,5.000,101.0,47.0,35.589744567871094,-54.20512771606445
197.573,13:03:34.457,456.910,36.875,16848.643,0.000,0.000,0.000,0.000,0.000,0.000,1.000,1.000,0.000,48.919,49.100,0.940,65.796,5.000,101.0,47.0,35.589744567871094,-54.20512771606445
197.636,13:03:34.600,456.910,36.875,16848.643,0.000,0.000,0.000,0.000,0.000,0.000,1.000,1.000,0.000,49.320,49.500,0.940,65.768,5.000,101.0,47.0,35.589744567871094,-54.20512771606445
197.780,13:03:34.664,456.910,36.875,16848.643,0.000,0.000,0.000,0.000,0.000,0.000,1.000,1.000,0.000,49.320,49.500,0.940,65.768,5.000,101.0,47.0,35.589744567871094,-54.20512771606445
197.844,13:03:34.919,456.910,36.875,16848.643,0.000,0.000,0.000,0.000,0.000,0.000,1.000,1.000,0.000,49.320,49.500,0.940,65.768,5.000,101.0,47.0,-48.0512809753418,35.33333206176758
198.100,13:03:35.063,459.884,36.208,16651.391,0.000,0.000,0.000,0.000,0.000,0.000,1.000,1.000,0.000,49.281,49.100,0.940,65.812,5.000,101.0,47.0,-48.0512809753418,35.33333206176758
198.243,13:03:35.127,459.884,36.208,16651.391,0.000,0.000,0.000,0.000,0.000,0.000,1.000,1.000,0.000,49.281,49.100,0.940,65.812,5.000,101.0,47.0,-48.0512809753418,35.33333206176758
198.308,13:03:35.192,459.884,36.208,16651.391,0.000,0.000,0.000,0.000,0.000,0.000,1.000,1.000,0.000,49.281,49.100,0.940,65.812,5.000,101.0,47.0,-48.0512809753418,35.33333206176758
198.372,13:03:35.336,463.708,35.298,16368.078,0.000,0.000,0.000,0.000,0.000,0.000,1.000,1.000,0.000,48.881,48.700,0.940,65.832,5.000,101.0,47.0,-48.0512809753418,35.33333206176758
198.515,13:03:35.399,463.708,35.298,16368.078,0.000,0.000,0.000,0.000,0.000,0.000,1.000,1.000,0.000,48.881,48.700,0.940,65.832,5.000,101.0,47.0,-48.0512809753418,35.33333206176758
198.580,13:03:35.464,463.708,35.298,16368.078,0.000,0.000,0.000,0.000,0.000,0.000,1.000,1.000,0.000,48.881,48.700,0.940,65.832,5.000,101.0,47.0,-48.0512809753418,35.33333206176758
198.643,13:03:35.608,463.708,35.298,16368.078,0.000,0.000,0.000,0.000,0.000,0.000,1.000,1.000,0.000,48.881,48.700,0.940,65.832,5.000,101.0,47.0,-48.0512809753418,35.33333206176758
198.788,13:03:35.672,460.910,35.977,16581.951,0.000,0.000,0.000,0.000,0.000,0.000,1.000,1.000,0.000,48.881,48.700,0.940,65.832,5.000,101.0,47.0,-48.0512809753418,35.33333206176758
198.851,13:03:35.927,460.910,35.977,16581.951,0.000,0.000,0.000,0.000,0.000,0.000,1.000,1.000,0.000,48.881,48.700,0.940,65.832,5.000,101.0,47.0,51.38461685180664,-10.769230842590332
199.108,13:03:36.071,460.910,35.977,16581.951,0.000,0.000,0.000,0.000,0.000,0.000,1.000,1.000,0.000,49.319,49.500,0.940,65.846,5.000,101.0,47.0,51.38461685180664,-10.769230842590332
199.252,13:03:36.135,456.763,36.918,16862.922,0.000,0.000,0.000,0.000,0.000,0.000,1.000,1.000,0.000,49.319,49.500,0.940,65.846,5.000,101.0,47.0,51.38461685180664,-10.769230842590332
199.315,13:03:36.199,456.763,36.918,16862.922,0.000,0.000,0.000,0.000,0.000,0.000,1.000,1.000,0.000,49.319,49.500,0.940,65.846,5.000,101.0,47.0,51.38461685180664,-10.769230842590332
199.380,13:03:36.343,456.763,36.918,16862.922,0.000,0.000,0.000,0.000,0.000,0.000,1.000,1.000,0.000,49.319,49.500,0.940,65.846,5.000,101.0,47.0,51.38461685180664,-10.769230842590332
199.524,13:03:36.408,456.763,36.918,16862.922,0.000,0.000,0.000,0.000,0.000,0.000,1.000,1.000,0.000,49.319,49.500,0.940,65.846,5.000,101.0,47.0,51.38461685180664,-10.769230842590332
199.587,13:03:36.471,460.037,36.178,16643.207,0.000,0.000,0.000,0.000,0.000,0.000,1.000,1.000,0.000,49.319,49.500,0.940,65.846,5.000,101.0,47.0,51.38461685180664,-10.769230842590332
199.650,13:03:36.615,460.037,36.178,16643.207,0.000,0.000,0.000,0.000,0.000,0.000,1.000,1.000,0.000,49.281,49.100,0.940,65.811,5.000,101.0,47.0,51.38461685180664,-10.769230842590332
199.795,13:03:36.679,460.037,36.178,16643.207,0.000,0.000,0.000,0.000,0.000,0.000,1.000,1.000,0.000,49.281,49.100,0.940,65.811,5.000,101.0,47.0,51.38461685180664,-10.769230842590332
199.858,13:03:36.934,460.037,36.178,16643.207,0.000,0.000,0.000,0.000,0.000,0.000,1.000,1.000,0.000,49.281,49.100,0.940,65.811,5.000,101.0,47.0,-29.58974266052246,-22.923076629638672
200.114,13:03:37.079,463.773,35.288,16365.643,0.000,0.000,0.000,0.000,0.000,0.000,1.000,1.000,0.000,48.881,48.700,0.940,65.834,5.000,101.0,47.0,-29.58974266052246,-22.923076629638672
200.258,13:03:37.142,463.773,35.288,16365.643,0.000,0.000,0.000,0.000,0.000,0.000,1.000,1.000,0.000,48.881,48.700,0.940,65.834,5.000,101.0,47.0,-29.58974266052246,-22.923076629638672
200.323,13:03:37.207,463.773,35.288,16365.643,0.000,0.000,0.000,0.000,0.000,0.000,1.000,1.000,0.000,48.881,48.700,0.940,65.834,5.000,101.0,47.0,-29.58974266052246,-22.923076629638672
200.386,13:03:37.351,460.879,35.983,16584.008,0.000,0.000,0.000,0.000,0.000,0.000,1.000,1.000,0.000,48.919,49.100,0.940,65.838,5.000,101.0,47.0,-29.58974266052246,-22.923076629638672
200.531,13:03:37.415,460.879,35.983,16584.008,0.000,0.000,0.000,0.000,0.000,0.000,1.000,1.000,0.000,48.919,49.100,0.940,65.838,5.000,101.0,47.0,-29.58974266052246,-22.923076629638672
200.594,13:03:37.478,460.879,35.983,16584.008,0.000,0.000,0.000,0.000,0.000,0.000,1.000,1.000,0.000,48.919,49.100,0.940,65.838,5.000,101.0,47.0,-29.58974266052246,-22.923076629638672
200.658,13:03:37.622,460.879,35.983,16584.008,0.000,0.000,0.000,0.000,0.000,0.000,1.000,1.000,0.000,48.919,49.100,0.940,65.838,5.000,101.0,47.0,-29.58974266052246,-22.923076629638672
200.802,13:03:37.686,460.373,36.111,16624.586,0.000,0.000,0.000,0.000,0.000,0.000,1.000,1.000,0.000,48.919,49.100,0.940,65.838,5.000,101.0,47.0,-29.58974266052246,-22.923076629638672
200.867,13:03:37.941,460.373,36.111,16624.586,0.000,0.000,0.000,0.000,0.000,0.000,1.000,1.000,0.000,48.919,49.100,0.940,65.838,5.000,101.0,47.0,19.384614944458008,35.64102554321289
201.122,13:03:38.086,460.373,36.111,16624.586,0.000,0.000,0.000,0.000,0.000,0.000,1.000,1.000,0.000,49.319,49.500,0.940,65.817,5.000,101.0,47.0,19.384614944458008,35.64102554321289
201.265,13:03:38.149,460.261,36.143,16635.332,0.000,0.000,0.000,0.000,0.000,0.000,1.000,1.000,0.000,49.319,49.500,0.940,65.817,5.000,101.0,47.0,19.384614944458008,35.64102554321289
201.330,13:03:38.214,460.261,36.143,16635.332,0.000,0.000,0.000,0.000,0.000,0.000,1.000,1.000,0.000,49.319,49.500,0.940,65.817,5.000,101.0,47.0,19.384614944458008,35.64102554321289
201.394,13:03:38.357,460.261,36.143,16635.332,0.000,0.000,0.000,0.000,0.000,0.000,1.000,1.000,0.000,49.281,49.100,0.940,65.827,5.000,101.0,47.0,19.384614944458008,35.64102554321289
201.538,13:03:38.422,460.261,36.143,16635.332,0.000,0.000,0.000,0.000,0.000,0.000,1.000,1.000,0.000,49.281,49.100,0.940,65.827,5.000,101.0,47.0,19.384614944458008,35.64102554321289
201.602,13:03:38.485,464.029,35.232,16348.556,0.000,0.000,0.000,0.000,0.000,0.000,1.000,1.000,0.000,49.281,49.100,0.940,65.827,5.000,101.0,47.0,19.384614944458008,35.64102554321289
201.665,13:03:38.630,464.029,35.232,16348.556,0.000,0.000,0.000,0.000,0.000,0.000,1.000,1.000,0.000,48.881,48.700,0.940,65.832,5.000,101.0,47.0,19.384614944458008,35.64102554321289
201.809,13:03:38.693,464.029,35.232,16348.556,0.000,0.000,0.000,0.000,0.000,0.000,1.000,1.000,0.000,48.881,48.700,0.940,65.832,5.000,101.0,47.0,19.384614944458008,35.64102554321289
201.873,13:03:38.950,464.029,35.232,16348.556,0.000,0.000,0.000,0.000,0.000,0.000,1.000,1.000,0.000,48.881,48.700,0.940,65.832,5.000,101.0,47.0,47.89743423461914,-25.69230842590332
202.130,13:03:39.093,464.115,35.199,16336.416,0.000,0.000,0.000,0.000,0.000,0.000,1.000,1.000,0.000,48.480,48.300,0.940,65.847,5.000,101.0,47.0,47.89743423461914,-25.69230842590332
202.274,13:03:39.158,464.115,35.199,16336.416,0.000,0.000,0.000,0.000,0.000,0.000,1.000,1.000,0.000,48.480,48.300,0.940,65.847,5.000,101.0,47.0,47.89743423461914,-25.69230842590332
202.338,13:03:39.222,464.115,35.199,16336.416,0.000,0.000,0.000,0.000,0.000,0.000,1.000,1.000,0.000,48.480,48.300,0.940,65.847,5.000,101.0,47.0,47.89743423461914,-25.69230842590332
202.401,13:03:39.365,464.115,35.199,16336.416,0.000,0.000,0.000,0.000,0.000,0.000,1.000,1.000,0.000,48.518,48.700,0.940,65.800,5.000,101.0,47.0,47.89743423461914,-25.69230842590332
202.546,13:03:39.429,464.285,35.157,16322.754,0.000,0.000,0.000,0.000,0.000,0.000,1.000,1.000,0.000,48.518,48.700,0.940,65.800,5.000,101.0,47.0,47.89743423461914,-25.69230842590332
202.609,13:03:39.492,464.285,35.157,16322.754,0.000,0.000,0.000,0.000,0.000,0.000,1.000,1.000,0.000,48.518,48.700,0.940,65.800,5.000,101.0,47.0,47.89743423461914,-25.69230842590332
202.673,13:03:39.637,464.285,35.157,16322.754,0.000,0.000,0.000,0.000,0.000,0.000,1.000,1.000,0.000,48.518,48.700,0.940,65.800,5.000,101.0,47.0,47.89743423461914,-25.69230842590332
202.817,13:03:39.701,464.285,35.157,16322.754,0.000,0.000,0.000,0.000,0.000,0.000,1.000,1.000,0.000,48.518,48.700,0.940,65.800,5.000,101.0,47.0,47.89743423461914,-25.69230842590332
202.881,13:03:39.956,460.830,36.008,16593.766,0.000,0.000,0.000,0.000,0.000,0.000,1.000,1.000,0.000,48.518,48.700,0.940,65.800,5.000,101.0,47.0,6.410256385803223,-47.69230651855469
203.137,13:03:40.100,460.830,36.008,16593.766,0.000,0.000,0.000,0.000,0.000,0.000,1.000,1.000,0.000,48.919,49.100,0.940,65.788,5.000,101.0,47.0,6.410256385803223,-47.69230651855469
203.281,13:03:40.165,460.685,36.050,16607.480,0.000,0.000,0.000,0.000,0.000,0.000,1.000,1.000,0.000,48.919,49.100,0.940,65.788,5.000,101.0,47.0,6.410256385803223,-47.69230651855469
203.345,13:03:40.229,460.685,36.050,16607.480,0.000,0.000,0.000,0.000,0.000,0.000,1.000,1.000,0.000,48.919,49.100,0.940,65.788,5.000,101.0,47.0,6.410256385803223,-47.69230651855469
203.408,13:03:40.372,460.685,36.050,16607.480,0.000,0.000,0.000,0.000,0.000,0.000,1.000,1.000,0.000,49.319,49.500,0.940,65.796,5.000,101.0,47.0,6.410256385803223,-47.69230651855469
203.553,13:03:40.437,460.685,36.050,16607.480,0.000,0.000,0.000,0.000,0.000,0.000,1.000,1.000,0.000,49.319,49.500,0.940,65.796,5.000,101.0,47.0,6.410256385803223,-47.69230651855469
203.616,13:03:40.500,460.685,36.050,16607.480,0.000,0.000,0.000,0.000,0.000,0.000,1.000,1.000,0.000,49.319,49.500,0.940,65.796,5.000,101.0,47.0,6.410256385803223,-47.69230651855469
203.680,13:03:40.644,459.103,36.408,16715.234,0.000,0.000,0.000,0.000,0.000,0.000,1.000,1.000,0.000,49.280,49.100,0.940,65.797,5.000,101.0,47.0,6.410256385803223,-47.69230651855469
203.824,13:03:40.708,459.103,36.408,16715.234,0.000,0.000,0.000,0.000,0.000,0.000,1.000,1.000,0.000,49.280,49.100,0.940,65.797,5.000,101.0,47.0,6.410256385803223,-47.69230651855469
203.889,13:03:40.964,459.103,36.408,16715.234,0.000,0.000,0.000,0.000,0.000,0.000,1.000,1.000,0.000,49.280,49.100,0.940,65.797,5.000,101.0,47.0,-33.02564239501953,50.0
204.144,13:03:41.108,459.296,36.378,16708.453,0.000,0.000,0.000,0.000,0.000,0.000,1.000,1.000,0.000,49.320,49.500,0.940,65.794,5.000,101.0,47.0,-33.02564239501953,50.0
204.288,13:03:41.172,459.296,36.378,16708.453,0.000,0.000,0.000,0.000,0.000,0.000,1.000,1.000,0.000,49.320,49.500,0.940,65.794,5.000,101.0,47.0,-33.02564239501953,50.0
204.352,13:03:41.235,459.296,36.378,16708.453,0.000,0.000,0.000,0.000,0.000,0.000,1.000,1.000,0.000,49.320,49.500,0.940,65.794,5.000,101.0,47.0,-33.02564239501953,50.0
204.417,13:03:41.381,459.296,36.378,16708.453,0.000,0.000,0.000,0.000,0.000,0.000,1.000,1.000,0.000,49.281,49.100,0.940,65.846,5.000,101.0,47.0,-33.02564239501953,50.0
204.560,13:03:41.444,459.215,36.388,16710.109,0.000,0.000,0.000,0.000,0.000,0.000,1.000,1.000,0.000,49.281,49.100,0.940,65.846,5.000,101.0,47.0,-33.02564239501953,50.0
204.623,13:03:41.507,459.215,36.388,16710.109,0.000,0.000,0.000,0.000,0.000,0.000,1.000,1.000,0.000,49.281,49.100,0.940,65.846,5.000,101.0,47.0,-33.02564239501953,50.0
204.687,13:03:41.652,459.215,36.388,16710.109,0.000,0.000,0.000,0.000,0.000,0.000,1.000,1.000,0.000,49.281,49.100,0.940,65.846,5.000,101.0,47.0,-33.02564239501953,50.0
204.832,13:03:41.716,459.215,36.388,16710.109,0.000,0.000,0.000,0.000,0.000,0.000,1.000,1.000,0.000,49.281,49.100,0.940,65.846,5.000,101.0,47.0,-33.02564239501953,50.0
204.896,13:03:41.971,461.686,35.810,16532.936,0.000,0.000,0.000,0.000,0.000,0.000,1.000,1.000,0.000,49.281,49.100,0.940,65.846,5.000,101.0,47.0,-10.769230842590332,-38.410255432128906
205.152,13:03:42.115,461.686,35.810,16532.936,0.000,0.000,0.000,0.000,0.000,0.000,1.000,1.000,0.000,48.881,48.700,0.940,65.834,5.000,101.0,47.0,-10.769230842590332,-38.410255432128906
205.295,13:03:42.179,461.723,35.813,16535.568,0.000,0.000,0.000,0.000,0.000,0.000,1.000,1.000,0.000,48.881,48.700,0.940,65.834,5.000,101.0,47.0,-10.769230842590332,-38.410255432128906
205.360,13:03:42.244,461.723,35.813,16535.568,0.000,0.000,0.000,0.000,0.000,0.000,1.000,1.000,0.000,48.881,48.700,0.940,65.834,5.000,101.0,47.0,-10.769230842590332,-38.410255432128906
205.423,13:03:42.388,461.723,35.813,16535.568,0.000,0.000,0.000,0.000,0.000,0.000,1.000,1.000,0.000,48.919,49.100,0.940,65.866,5.000,101.0,47.0,-10.769230842590332,-38.410255432128906
205.568,13:03:42.451,461.723,35.813,16535.568,0.000,0.000,0.000,0.000,0.000,0.000,1.000,1.000,0.000,48.919,49.100,0.940,65.866,5.000,101.0,47.0,-10.769230842590332,-38.410255432128906
205.631,13:03:42.515,461.723,35.813,16535.568,0.000,0.000,0.000,0.000,0.000,0.000,1.000,1.000,0.000,48.919,49.100,0.940,65.866,5.000,101.0,47.0,-10.769230842590332,-38.410255432128906
205.695,13:03:42.659,461.594,35.838,16542.734,0.000,0.000,0.000,0.000,0.000,0.000,1.000,1.000,0.000,48.881,48.700,0.940,65.865,5.000,101.0,47.0,-10.769230842590332,-38.410255432128906
205.839,13:03:42.723,461.594,35.838,16542.734,0.000,0.000,0.000,0.000,0.000,0.000,1.000,1.000,0.000,48.881,48.700,0.940,65.865,5.000,101.0,47.0,-10.769230842590332,-38.410255432128906
205.904,13:03:42.979,461.594,35.838,16542.734,0.000,0.000,0.000,0.000,0.000,0.000,1.000,1.000,0.000,48.881,48.700,0.940,65.865,5.000,101.0,47.0,43.846153259277344,10.20512866973877
206.159,13:03:43.123,461.668,35.809,16531.865,0.000,0.000,0.000,0.000,0.000,0.000,1.000,1.000,0.000,48.919,49.100,0.940,65.867,5.000,101.0,47.0,43.846153259277344,10.20512866973877
206.303,13:03:43.187,461.668,35.809,16531.865,0.000,0.000,0.000,0.000,0.000,0.000,1.000,1.000,0.000,48.919,49.100,0.940,65.867,5.000,101.0,47.0,43.846153259277344,10.20512866973877
206.368,13:03:43.252,461.668,35.809,16531.865,0.000,0.000,0.000,0.000,0.000,0.000,1.000,1.000,0.000,48.919,49.100,0.940,65.867,5.000,101.0,47.0,43.846153259277344,10.20512866973877
206.431,13:03:43.395,461.668,35.809,16531.865,0.000,0.000,0.000,0.000,0.000,0.000,1.000,1.000,0.000,49.319,49.500,0.940,65.897,5.000,101.0,47.0,43.846153259277344,10.20512866973877
206.575,13:03:43.459,457.442,36.775,16822.301,0.000,0.000,0.000,0.000,0.000,0.000,1.000,1.000,0.000,49.319,49.500,0.940,65.897,5.000,101.0,47.0,43.846153259277344,10.20512866973877
206.638,13:03:43.522,457.442,36.775,16822.301,0.000,0.000,0.000,0.000,0.000,0.000,1.000,1.000,0.000,49.319,49.500,0.940,65.897,5.000,101.0,47.0,43.846153259277344,10.20512866973877
206.703,13:03:43.666,457.442,36.775,16822.301,0.000,0.000,0.000,0.000,0.000,0.000,1.000,1.000,0.000,49.319,49.500,0.940,65.897,5.000,101.0,47.0,43.846153259277344,10.20512866973877
206.846,13:03:43.730,457.442,36.775,16822.301,0.000,0.000,0.000,0.000,0.000,0.000,1.000,1.000,0.000,49.319,49.500,0.940,65.897,5.000,101.0,47.0,43.846153259277344,10.20512866973877
206.911,13:03:43.987,459.635,36.284,16677.232,0.000,0.000,0.000,0.000,0.000,0.000,1.000,1.000,0.000,49.319,49.500,0.940,65.897,5.000,101.0,47.0,30.35897445678711,-56.153846740722656
207.167,13:03:44.130,459.635,36.284,16677.232,0.000,0.000,0.000,0.000,0.000,0.000,1.000,1.000,0.000,49.281,49.100,0.940,65.876,5.000,101.0,47.0,30.35897445678711,-56.153846740722656
207.310,13:03:44.193,461.448,35.870,16551.984,0.000,0.000,0.000,0.000,0.000,0.000,1.000,1.000,0.000,49.281,49.100,0.940,65.876,5.000,101.0,47.0,30.35897445678711,-56.153846740722656
207.374,13:03:44.257,461.448,35.870,16551.984,0.000,0.000,0.000,0.000,0.000,0.000,1.000,1.000,0.000,49.281,49.100,0.940,65.876,5.000,101.0,47.0,30.35897445678711,-56.153846740722656
207.438,13:03:44.401,461.448,35.870,16551.984,0.000,0.000,0.000,0.000,0.000,0.000,1.000,1.000,0.000,48.881,48.700,0.940,65.920,5.000,101.0,47.0,30.35897445678711,-56.153846740722656
207.582,13:03:44.466,461.448,35.870,16551.984,0.000,0.000,0.000,0.000,0.000,0.000,1.000,1.000,0.000,48.881,48.700,0.940,65.920,5.000,101.0,47.0,30.35897445678711,-56.153846740722656
207.647,13:03:44.530,461.448,35.870,16551.984,0.000,0.000,0.000,0.000,0.000,0.000,1.000,1.000,0.000,48.881,48.700,0.940,65.920,5.000,101.0,47.0,30.35897445678711,-56.153846740722656
207.711,13:03:44.673,459.752,36.251,16666.516,0.000,0.000,0.000,0.000,0.000,0.000,1.000,1.000,0.000,49.319,49.500,0.940,65.884,5.000,101.0,47.0,30.35897445678711,-56.153846740722656
207.853,13:03:44.737,459.752,36.251,16666.516,0.000,0.000,0.000,0.000,0.000,0.000,1.000,1.000,0.000,49.319,49.500,0.940,65.884,5.000,101.0,47.0,30.35897445678711,-56.153846740722656
207.919,13:03:44.993,459.752,36.251,16666.516,0.000,0.000,0.000,0.000,0.000,0.000,1.000,1.000,0.000,49.319,49.500,0.940,65.884,5.000,101.0,47.0,-27.128204345703125,24.769229888916016
208.174,13:03:45.138,461.200,35.918,16565.566,0.000,0.000,0.000,0.000,0.000,0.000,1.000,1.000,0.000,48.881,48.700,0.940,65.954,5.000,101.0,47.0,-27.128204345703125,24.769229888916016
208.318,13:03:45.202,461.200,35.918,16565.566,0.000,0.000,0.000,0.000,0.000,0.000,1.000,1.000,0.000,48.881,48.700,0.940,65.954,5.000,101.0,47.0,-27.128204345703125,24.769229888916016
208.382,13:03:45.266,461.200,35.918,16565.566,0.000,0.000,0.000,0.000,0.000,0.000,1.000,1.000,0.000,48.881,48.700,0.940,65.954,5.000,101.0,47.0,-27.128204345703125,24.769229888916016
208.446,13:03:45.410,461.200,35.918,16565.566,0.000,0.000,0.000,0.000,0.000,0.000,1.000,1.000,0.000,48.881,48.700,0.940,65.954,5.000,101.0,47.0,-27.128204345703125,24.769229888916016
208.589,13:03:45.473,459.858,36.221,16656.717,0.000,0.000,0.000,0.000,0.000,0.000,1.000,1.000,0.000,48.881,48.700,0.940,65.954,5.000,101.0,47.0,-27.128204345703125,24.769229888916016
208.653,13:03:45.537,459.858,36.221,16656.717,0.000,0.000,0.000,0.000,0.000,0.000,1.000,1.000,0.000,48.881,48.700,0.940,65.954,5.000,101.0,47.0,-27.128204345703125,24.769229888916016
208.717,13:03:45.681,459.858,36.221,16656.717,0.000,0.000,0.000,0.000,0.000,0.000,1.000,1.000,0.000,49.281,49.100,0.940,65.945,5.000,101.0,47.0,-27.128204345703125,24.769229888916016
208.862,13:03:45.746,459.858,36.221,16656.717,0.000,0.000,0.000,0.000,0.000,0.000,1.000,1.000,0.000,49.281,49.100,0.940,65.945,5.000,101.0,47.0,-27.128204345703125,24.769229888916016
208.926,13:03:46.002,463.659,35.313,16373.366,0.000,0.000,0.000,0.000,0.000,0.000,1.000,1.000,0.000,49.281,49.100,0.940,65.945,5.000,101.0,47.0,46.56410217285156,-5.794871807098389
209.181,13:03:46.145,463.659,35.313,16373.366,0.000,0.000,0.000,0.000,0.000,0.000,1.000,1.000,0.000,48.919,49.100,0.940,65.939,5.000,101.0,47.0,46.56410217285156,-5.794871807098389
209.325,13:03:46.209,463.659,35.313,16373.366,0.000,0.000,0.000,0.000,0.000,0.000,1.000,1.000,0.000,48.919,49.100,0.940,65.939,5.000,101.0,47.0,46.56410217285156,-5.794871807098389
209.388,13:03:46.272,459.872,36.219,16655.885,0.000,0.000,0.000,0.000,0.000,0.000,1.000,1.000,0.000,48.919,49.100,0.940,65.939,5.000,101.0,47.0,46.56410217285156,-5.794871807098389
209.454,13:03:46.417,459.872,36.219,16655.885,0.000,0.000,0.000,0.000,0.000,0.000,1.000,1.000,0.000,49.319,49.500,0.940,65.939,5.000,101.0,47.0,46.56410217285156,-5.794871807098389
209.596,13:03:46.480,459.872,36.219,16655.885,0.000,0.000,0.000,0.000,0.000,0.000,1.000,1.000,0.000,49.319,49.500,0.940,65.939,5.000,101.0,47.0,46.56410217285156,-5.794871807098389
209.661,13:03:46.544,459.872,36.219,16655.885,0.000,0.000,0.000,0.000,0.000,0.000,1.000,1.000,0.000,49.319,49.500,0.940,65.939,5.000,101.0,47.0,46.56410217285156,-5.794871807098389
209.725,13:03:46.688,459.872,36.219,16655.885,0.000,0.000,0.000,0.000,0.000,0.000,1.000,1.000,0.000,48.881,48.700,0.940,65.946,5.000,101.0,47.0,46.56410217285156,-5.794871807098389
209.869,13:03:46.753,460.972,35.970,16581.080,0.000,0.000,0.000,0.000,0.000,0.000,1.000,1.000,0.000,48.881,48.700,0.940,65.946,5.000,101.0,47.0,46.56410217285156,-5.794871807098389
209.933,13:03:47.024,460.972,35.970,16581.080,0.000,0.000,0.000,0.000,0.000,0.000,1.000,1.000,0.000,48.881,48.700,0.940,65.946,5.000,101.0,47.0,38.10256576538086,-37.487178802490234
210.204,13:03:47.168,460.051,36.179,16644.377,0.000,0.000,0.000,0.000,0.000,0.000,1.000,1.000,0.000,49.319,49.500,0.940,66.009,5.000,101.0,47.0,38.10256576538086,-37.487178802490234
210.349,13:03:47.233,460.051,36.179,16644.377,0.000,0.000,0.000,0.000,0.000,0.000,1.000,1.000,0.000,49.319,49.500,0.940,66.009,5.000,101.0,47.0,38.10256576538086,-37.487178802490234
210.413,13:03:47.297,460.051,36.179,16644.377,0.000,0.000,0.000,0.000,0.000,0.000,1.000,1.000,0.000,49.319,49.500,0.940,66.009,5.000,101.0,47.0,38.10256576538086,-37.487178802490234
210.476,13:03:47.440,460.051,36.179,16644.377,0.000,0.000,0.000,0.000,0.000,0.000,1.000,1.000,0.000,49.319,49.500,0.940,66.009,5.000,101.0,47.0,38.10256576538086,-37.487178802490234
210.620,13:03:47.504,460.777,36.012,16593.289,0.000,0.000,0.000,0.000,0.000,0.000,1.000,1.000,0.000,49.319,49.500,0.940,66.009,5.000,101.0,47.0,38.10256576538086,-37.487178802490234
210.684,13:03:47.567,460.777,36.012,16593.289,0.000,0.000,0.000,0.000,0.000,0.000,1.000,1.000,0.000,49.319,49.500,0.940,66.009,5.000,101.0,47.0,38.10256576538086,-37.487178802490234
210.749,13:03:47.713,460.777,36.012,16593.289,0.000,0.000,0.000,0.000,0.000,0.000,1.000,1.000,0.000,48.881,48.700,0.940,66.009,5.000,101.0,47.0,38.10256576538086,-37.487178802490234
210.893,13:03:47.777,460.777,36.012,16593.289,0.000,0.000,0.000,0.000,0.000,0.000,1.000,1.000,0.000,48.881,48.700,0.940,66.009,5.000,101.0,47.0,38.10256576538086,-37.487178802490234
210.956,13:03:48.031,460.139,36.151,16634.459,0.000,0.000,0.000,0.000,0.000,0.000,1.000,1.000,0.000,48.881,48.700,0.940,66.009,5.000,101.0,47.0,29.94871711730957,28.41025733947754
211.212,13:03:48.175,460.139,36.151,16634.459,0.000,0.000,0.000,0.000,0.000,0.000,1.000,1.000,0.000,49.319,49.500,0.940,66.004,5.000,101.0,47.0,29.94871711730957,28.41025733947754
211.356,13:03:48.240,460.139,36.151,16634.459,0.000,0.000,0.000,0.000,0.000,0.000,1.000,1.000,0.000,49.319,49.500,0.940,66.004,5.000,101.0,47.0,29.94871711730957,28.41025733947754
211.420,13:03:48.304,460.740,36.017,16594.691,0.000,0.000,0.000,0.000,0.000,0.000,1.000,1.000,0.000,49.319,49.500,0.940,66.004,5.000,101.0,47.0,29.94871711730957,28.41025733947754
211.483,13:03:48.704,460.740,36.017,16594.691,0.000,0.000,0.000,0.000,0.000,0.000,1.000,1.000,0.000,49.319,49.500,0.940,66.004,5.000,101.0,47.0,29.94871711730957,28.41025733947754
211.884,13:03:48.847,460.254,36.124,16626.412,0.000,0.000,0.000,0.000,0.000,0.000,1.000,1.000,0.000,49.319,49.500,0.940,66.029,5.000,101.0,47.0,29.94871711730957,28.41025733947754
212.028,13:03:49.102,460.254,36.124,16626.412,0.000,0.000,0.000,0.000,0.000,0.000,1.000,1.000,0.000,49.319,49.500,0.940,66.029,5.000,101.0,47.0,7.07692289352417,-49.28205108642578
212.284,13:03:49.247,460.602,36.044,16602.021,0.000,0.000,0.000,0.000,0.000,0.000,1.000,1.000,0.000,48.881,48.700,0.940,66.029,5.000,101.0,47.0,7.07692289352417,-49.28205108642578
212.427,13:03:49.311,460.602,36.044,16602.021,0.000,0.000,0.000,0.000,0.000,0.000,1.000,1.000,0.000,48.881,48.700,0.940,66.029,5.000,101.0,47.0,7.07692289352417,-49.28205108642578
212.491,13:03:49.375,460.602,36.044,16602.021,0.000,0.000,0.000,0.000,0.000,0.000,1.000,1.000,0.000,48.881,48.700,0.940,66.029,5.000,101.0,47.0,7.07692289352417,-49.28205108642578
212.555,13:03:49.518,460.602,36.044,16602.021,0.000,0.000,0.000,0.000,0.000,0.000,1.000,1.000,0.000,49.319,49.500,0.940,66.045,5.000,101.0,47.0,7.07692289352417,-49.28205108642578
212.699,13:03:49.583,460.406,36.086,16613.994,0.000,0.000,0.000,0.000,0.000,0.000,1.000,1.000,0.000,49.319,49.500,0.940,66.045,5.000,101.0,47.0,7.07692289352417,-49.28205108642578
212.763,13:03:49.647,460.406,36.086,16613.994,0.000,0.000,0.000,0.000,0.000,0.000,1.000,1.000,0.000,49.319,49.500,0.940,66.045,5.000,101.0,47.0,7.07692289352417,-49.28205108642578
212.827,13:03:49.792,460.406,36.086,16613.994,0.000,0.000,0.000,0.000,0.000,0.000,1.000,1.000,0.000,49.319,49.500,0.940,66.045,5.000,101.0,47.0,7.07692289352417,-49.28205108642578
212.970,13:03:49.854,460.406,36.086,16613.994,0.000,0.000,0.000,0.000,0.000,0.000,1.000,1.000,0.000,49.319,49.500,0.940,66.045,5.000,101.0,47.0,7.07692289352417,-49.28205108642578
213.034,13:03:50.111,460.486,36.071,16610.174,0.000,0.000,0.000,0.000,0.000,0.000,1.000,1.000,0.000,49.319,49.500,0.940,66.045,5.000,101.0,47.0,9.743589401245117,40.92307662963867
213.291,13:03:50.254,460.486,36.071,16610.174,0.000,0.000,0.000,0.000,0.000,0.000,1.000,1.000,0.000,48.881,48.700,0.940,66.075,5.000,101.0,47.0,9.743589401245117,40.92307662963867
213.434,13:03:50.318,460.442,36.066,16606.148,0.000,0.000,0.000,0.000,0.000,0.000,1.000,1.000,0.000,48.881,48.700,0.940,66.075,5.000,101.0,47.0,9.743589401245117,40.92307662963867
213.499,13:03:50.382,460.442,36.066,16606.148,0.000,0.000,0.000,0.000,0.000,0.000,1.000,1.000,0.000,48.881,48.700,0.940,66.075,5.000,101.0,47.0,9.743589401245117,40.92307662963867
213.563,13:03:50.526,460.442,36.066,16606.148,0.000,0.000,0.000,0.000,0.000,0.000,1.000,1.000,0.000,49.281,49.100,0.940,66.071,5.000,101.0,47.0,9.743589401245117,40.92307662963867
213.706,13:03:50.590,460.442,36.066,16606.148,0.000,0.000,0.000,0.000,0.000,0.000,1.000,1.000,0.000,49.281,49.100,0.940,66.071,5.000,101.0,47.0,9.743589401245117,40.92307662963867
213.770,13:03:50.654,460.442,36.066,16606.148,0.000,0.000,0.000,0.000,0.000,0.000,1.000,1.000,0.000,49.281,49.100,0.940,66.071,5.000,101.0,47.0,9.743589401245117,40.92307662963867
213.835,13:03:50.798,456.246,36.990,16876.590,0.000,0.000,0.000,0.000,0.000,0.000,1.000,1.000,0.000,49.681,49.500,0.940,66.050,5.000,101.0,47.0,9.743589401245117,40.92307662963867
213.979,13:03:50.863,456.246,36.990,16876.590,0.000,0.000,0.000,0.000,0.000,0.000,1.000,1.000,0.000,49.681,49.500,0.940,66.050,5.000,101.0,47.0,9.743589401245117,40.92307662963867
214.042,13:03:51.117,456.246,36.990,16876.590,0.000,0.000,0.000,0.000,0.000,0.000,1.000,1.000,0.000,49.681,49.500,0.940,66.050,5.000,101.0,47.0,-11.64102554321289,-46.10256576538086
214.297,13:03:51.262,460.423,36.087,16615.213,0.000,0.000,0.000,0.000,0.000,0.000,1.000,1.000,0.000,48.881,48.700,0.940,66.086,5.000,101.0,47.0,-11.64102554321289,-46.10256576538086
214.442,13:03:51.326,460.423,36.087,16615.213,0.000,0.000,0.000,0.000,0.000,0.000,1.000,1.000,0.000,48.881,48.700,0.940,66.086,5.000,101.0,47.0,-11.64102554321289,-46.10256576538086
214.505,13:03:51.389,460.423,36.087,16615.213,0.000,0.000,0.000,0.000,0.000,0.000,1.000,1.000,0.000,48.881,48.700,0.940,66.086,5.000,101.0,47.0,-11.64102554321289,-46.10256576538086
214.569,13:03:51.533,460.423,36.087,16615.213,0.000,0.000,0.000,0.000,0.000,0.000,1.000,1.000,0.000,48.919,49.100,0.940,66.097,5.000,101.0,47.0,-11.64102554321289,-46.10256576538086
214.714,13:03:51.598,464.025,35.212,16339.465,0.000,0.000,0.000,0.000,0.000,0.000,1.000,1.000,0.000,48.919,49.100,0.940,66.097,5.000,101.0,47.0,-11.64102554321289,-46.10256576538086
214.778,13:03:51.662,464.025,35.212,16339.465,0.000,0.000,0.000,0.000,0.000,0.000,1.000,1.000,0.000,48.919,49.100,0.940,66.097,5.000,101.0,47.0,-11.64102554321289,-46.10256576538086
214.842,13:03:51.806,464.025,35.212,16339.465,0.000,0.000,0.000,0.000,0.000,0.000,1.000,1.000,0.000,48.919,49.100,0.940,66.097,5.000,101.0,47.0,-11.64102554321289,-46.10256576538086
214.985,13:03:51.869,464.025,35.212,16339.465,0.000,0.000,0.000,0.000,0.000,0.000,1.000,1.000,0.000,48.919,49.100,0.940,66.097,5.000,101.0,47.0,-11.64102554321289,-46.10256576538086
215.050,13:03:52.125,458.954,36.413,16711.707,0.000,0.000,0.000,0.000,0.000,0.000,1.000,1.000,0.000,48.919,49.100,0.940,66.097,5.000,101.0,47.0,-9.384614944458008,51.07692337036133
215.305,13:03:52.269,458.954,36.413,16711.707,0.000,0.000,0.000,0.000,0.000,0.000,1.000,1.000,0.000,49.280,49.100,0.940,66.086,5.000,101.0,47.0,-9.384614944458008,51.07692337036133
215.785,13:03:52.749,454.653,37.317,16966.232,0.000,0.000,0.000,0.000,0.000,0.000,1.000,1.000,0.000,48.880,48.700,0.940,66.137,5.000,101.0,47.0,-9.384614944458008,51.07692337036133
215.929,13:03:52.813,461.909,35.739,16508.002,0.000,0.000,0.000,0.000,0.000,0.000,1.000,1.000,0.000,48.880,48.700,0.940,66.137,5.000,101.0,47.0,-9.384614944458008,51.07692337036133
215.993,13:03:52.877,461.909,35.739,16508.002,0.000,0.000,0.000,0.000,0.000,0.000,1.000,1.000,0.000,48.880,48.700,0.940,66.137,5.000,101.0,47.0,-9.384614944458008,51.07692337036133
216.058,13:03:53.229,461.909,35.739,16508.002,0.000,0.000,0.000,0.000,0.000,0.000,1.000,1.000,0.000,48.880,48.700,0.940,66.137,5.000,101.0,47.0,36.61538314819336,-51.487178802490234
216.408,13:03:53.372,459.154,36.371,16699.797,0.000,0.000,0.000,0.000,0.000,0.000,1.000,1.000,0.000,49.281,49.100,0.940,66.125,5.000,101.0,47.0,36.61538314819336,-51.487178802490234
216.552,13:03:53.436,459.154,36.371,16699.797,0.000,0.000,0.000,0.000,0.000,0.000,1.000,1.000,0.000,49.281,49.100,0.940,66.125,5.000,101.0,47.0,36.61538314819336,-51.487178802490234
216.616,13:03:53.500,459.154,36.371,16699.797,0.000,0.000,0.000,0.000,0.000,0.000,1.000,1.000,0.000,49.281,49.100,0.940,66.125,5.000,101.0,47.0,36.61538314819336,-51.487178802490234
216.680,13:03:53.644,461.707,35.782,16520.898,0.000,0.000,0.000,0.000,0.000,0.000,1.000,1.000,0.000,48.881,48.700,0.940,66.133,5.000,101.0,47.0,36.61538314819336,-51.487178802490234
216.825,13:03:53.709,461.707,35.782,16520.898,0.000,0.000,0.000,0.000,0.000,0.000,1.000,1.000,0.000,48.881,48.700,0.940,66.133,5.000,101.0,47.0,36.61538314819336,-51.487178802490234
216.889,13:03:53.773,461.707,35.782,16520.898,0.000,0.000,0.000,0.000,0.000,0.000,1.000,1.000,0.000,48.881,48.700,0.940,66.133,5.000,101.0,47.0,36.61538314819336,-51.487178802490234
216.952,13:03:53.916,461.707,35.782,16520.898,0.000,0.000,0.000,0.000,0.000,0.000,1.000,1.000,0.000,48.881,48.700,0.940,66.133,5.000,101.0,47.0,36.61538314819336,-51.487178802490234
217.096,13:03:54.172,459.333,36.330,16687.340,0.000,0.000,0.000,0.000,0.000,0.000,1.000,1.000,0.000,48.881,48.700,0.940,66.133,5.000,101.0,47.0,-35.07692337036133,48.410255432128906
217.352,13:03:54.316,459.333,36.330,16687.340,0.000,0.000,0.000,0.000,0.000,0.000,1.000,1.000,0.000,49.281,49.100,0.940,66.146,5.000,101.0,47.0,-35.07692337036133,48.410255432128906
217.495,13:03:54.379,455.166,37.230,16945.902,0.000,0.000,0.000,0.000,0.000,0.000,1.000,1.000,0.000,49.281,49.100,0.940,66.146,5.000,101.0,47.0,-35.07692337036133,48.410255432128906
217.560,13:03:54.444,455.166,37.230,16945.902,0.000,0.000,0.000,0.000,0.000,0.000,1.000,1.000,0.000,49.281,49.100,0.940,66.146,5.000,101.0,47.0,-35.07692337036133,48.410255432128906
217.623,13:03:54.587,455.166,37.230,16945.902,0.000,0.000,0.000,0.000,0.000,0.000,1.000,1.000,0.000,49.681,49.500,0.940,66.121,5.000,101.0,47.0,-35.07692337036133,48.410255432128906
217.767,13:03:54.651,455.166,37.230,16945.902,0.000,0.000,0.000,0.000,0.000,0.000,1.000,1.000,0.000,49.681,49.500,0.940,66.121,5.000,101.0,47.0,-35.07692337036133,48.410255432128906
217.832,13:03:54.716,455.166,37.230,16945.902,0.000,0.000,0.000,0.000,0.000,0.000,1.000,1.000,0.000,49.681,49.500,0.940,66.121,5.000,101.0,47.0,-35.07692337036133,48.410255432128906
217.895,13:03:54.860,461.579,35.832,16539.340,0.000,0.000,0.000,0.000,0.000,0.000,1.000,1.000,0.000,48.881,48.700,0.940,66.145,5.000,101.0,47.0,-35.07692337036133,48.410255432128906
218.040,13:03:54.924,461.579,35.832,16539.340,0.000,0.000,0.000,0.000,0.000,0.000,1.000,1.000,0.000,48.881,48.700,0.940,66.145,5.000,101.0,47.0,-35.07692337036133,48.410255432128906
218.103,13:03:55.180,461.579,35.832,16539.340,0.000,0.000,0.000,0.000,0.000,0.000,1.000,1.000,0.000,48.881,48.700,0.940,66.145,5.000,101.0,47.0,-24.615385055541992,-44.71794891357422
218.360,13:03:55.324,459.597,36.268,16668.758,0.000,0.000,0.000,0.000,0.000,0.000,1.000,1.000,0.000,49.281,49.100,0.940,66.205,5.000,101.0,47.0,-24.615385055541992,-44.71794891357422
218.504,13:03:55.388,459.597,36.268,16668.758,0.000,0.000,0.000,0.000,0.000,0.000,1.000,1.000,0.000,49.281,49.100,0.940,66.205,5.000,101.0,47.0,-24.615385055541992,-44.71794891357422
218.567,13:03:55.451,459.597,36.268,16668.758,0.000,0.000,0.000,0.000,0.000,0.000,1.000,1.000,0.000,49.281,49.100,0.940,66.205,5.000,101.0,47.0,-24.615385055541992,-44.71794891357422
218.631,13:03:55.595,459.597,36.268,16668.758,0.000,0.000,0.000,0.000,0.000,0.000,1.000,1.000,0.000,49.681,49.500,0.940,66.201,5.000,101.0,47.0,-24.615385055541992,-44.71794891357422
218.775,13:03:55.658,455.459,37.174,16931.434,0.000,0.000,0.000,0.000,0.000,0.000,1.000,1.000,0.000,49.681,49.500,0.940,66.201,5.000,101.0,47.0,-24.615385055541992,-44.71794891357422
218.840,13:03:55.724,455.459,37.174,16931.434,0.000,0.000,0.000,0.000,0.000,0.000,1.000,1.000,0.000,49.681,49.500,0.940,66.201,5.000,101.0,47.0,-24.615385055541992,-44.71794891357422
218.903,13:03:55.866,455.459,37.174,16931.434,0.000,0.000,0.000,0.000,0.000,0.000,1.000,1.000,0.000,49.681,49.500,0.940,66.201,5.000,101.0,47.0,-24.615385055541992,-44.71794891357422
219.047,13:03:55.931,455.459,37.174,16931.434,0.000,0.000,0.000,0.000,0.000,0.000,1.000,1.000,0.000,49.681,49.500,0.940,66.201,5.000,101.0,47.0,-24.615385055541992,-44.71794891357422
219.112,13:03:56.186,461.378,35.863,16546.596,0.000,0.000,0.000,0.000,0.000,0.000,1.000,1.000,0.000,49.681,49.500,0.940,66.201,5.000,101.0,47.0,16.820512771606445,36.56410217285156
219.367,13:03:56.332,461.378,35.863,16546.596,0.000,0.000,0.000,0.000,0.000,0.000,1.000,1.000,0.000,48.881,48.700,0.940,66.230,5.000,101.0,47.0,16.820512771606445,36.56410217285156
219.511,13:03:56.395,465.144,34.929,16246.849,0.000,0.000,0.000,0.000,0.000,0.000,1.000,1.000,0.000,48.881,48.700,0.940,66.230,5.000,101.0,47.0,16.820512771606445,36.56410217285156
219.574,13:03:56.458,465.144,34.929,16246.849,0.000,0.000,0.000,0.000,0.000,0.000,1.000,1.000,0.000,48.881,48.700,0.940,66.230,5.000,101.0,47.0,16.820512771606445,36.56410217285156
219.638,13:03:56.602,465.144,34.929,16246.849,0.000,0.000,0.000,0.000,0.000,0.000,1.000,1.000,0.000,48.518,48.700,0.940,66.182,5.000,101.0,47.0,16.820512771606445,36.56410217285156
219.782,13:03:56.666,465.144,34.929,16246.849,0.000,0.000,0.000,0.000,0.000,0.000,1.000,1.000,0.000,48.518,48.700,0.940,66.182,5.000,101.0,47.0,16.820512771606445,36.56410217285156
219.847,13:03:56.730,465.144,34.929,16246.849,0.000,0.000,0.000,0.000,0.000,0.000,1.000,1.000,0.000,48.518,48.700,0.940,66.182,5.000,101.0,47.0,16.820512771606445,36.56410217285156
219.910,13:03:56.874,463.690,35.293,16364.811,0.000,0.000,0.000,0.000,0.000,0.000,1.000,1.000,0.000,48.919,49.100,0.940,66.156,5.000,101.0,47.0,16.820512771606445,36.56410217285156
220.055,13:03:56.939,463.690,35.293,16364.811,0.000,0.000,0.000,0.000,0.000,0.000,1.000,1.000,0.000,48.919,49.100,0.940,66.156,5.000,101.0,47.0,16.820512771606445,36.56410217285156
220.118,13:03:57.194,463.690,35.293,16364.811,0.000,0.000,0.000,0.000,0.000,0.000,1.000,1.000,0.000,48.919,49.100,0.940,66.156,5.000,101.0,47.0,50.10256576538086,29.0256404876709
220.375,13:03:57.338,459.943,36.198,16649.146,0.000,0.000,0.000,0.000,0.000,0.000,1.000,1.000,0.000,49.281,49.100,0.940,66.155,5.000,101.0,47.0,50.10256576538086,29.0256404876709
220.518,13:03:57.402,459.943,36.198,16649.146,0.000,0.000,0.000,0.000,0.000,0.000,1.000,1.000,0.000,49.281,49.100,0.940,66.155,5.000,101.0,47.0,50.10256576538086,29.0256404876709
220.583,13:03:57.466,459.943,36.198,16649.146,0.000,0.000,0.000,0.000,0.000,0.000,1.000,1.000,0.000,49.281,49.100,0.940,66.155,5.000,101.0,47.0,50.10256576538086,29.0256404876709
220.645,13:03:57.609,459.943,36.198,16649.146,0.000,0.000,0.000,0.000,0.000,0.000,1.000,1.000,0.000,49.281,49.100,0.940,66.155,5.000,101.0,47.0,50.10256576538086,29.0256404876709
220.789,13:03:57.673,461.023,35.945,16571.373,0.000,0.000,0.000,0.000,0.000,0.000,1.000,1.000,0.000,49.281,49.100,0.940,66.155,5.000,101.0,47.0,50.10256576538086,29.0256404876709
220.853,13:03:57.737,461.023,35.945,16571.373,0.000,0.000,0.000,0.000,0.000,0.000,1.000,1.000,0.000,49.281,49.100,0.940,66.155,5.000,101.0,47.0,50.10256576538086,29.0256404876709
220.918,13:03:57.881,461.023,35.945,16571.373,0.000,0.000,0.000,0.000,0.000,0.000,1.000,1.000,0.000,48.919,49.100,0.940,66.163,5.000,101.0,47.0,50.10256576538086,29.0256404876709
221.062,13:03:57.946,461.023,35.945,16571.373,0.000,0.000,0.000,0.000,0.000,0.000,1.000,1.000,0.000,48.919,49.100,0.940,66.163,5.000,101.0,47.0,50.10256576538086,29.0256404876709
221.125,13:03:58.202,460.015,36.177,16641.777,0.000,0.000,0.000,0.000,0.000,0.000,1.000,1.000,0.000,48.919,49.100,0.940,66.163,5.000,101.0,47.0,-40.0512809753418,-7.948718070983887
221.382,13:03:58.346,460.015,36.177,16641.777,0.000,0.000,0.000,0.000,0.000,0.000,1.000,1.000,0.000,49.281,49.100,0.940,66.160,5.000,101.0,47.0,-40.0512809753418,-7.948718070983887
221.526,13:03:58.410,460.931,35.945,16568.164,0.000,0.000,0.000,0.000,0.000,0.000,1.000,1.000,0.000,49.281,49.100,0.940,66.160,5.000,101.0,47.0,-40.0512809753418,-7.948718070983887
221.590,13:03:58.474,460.931,35.945,16568.164,0.000,0.000,0.000,0.000,0.000,0.000,1.000,1.000,0.000,49.281,49.100,0.940,66.160,5.000,101.0,47.0,-40.0512809753418,-7.948718070983887
221.653,13:03:58.617,460.931,35.945,16568.164,0.000,0.000,0.000,0.000,0.000,0.000,1.000,1.000,0.000,48.919,49.100,0.940,66.180,5.000,101.0,47.0,-40.0512809753418,-7.948718070983887
221.798,13:03:58.682,460.931,35.945,16568.164,0.000,0.000,0.000,0.000,0.000,0.000,1.000,1.000,0.000,48.919,49.100,0.940,66.180,5.000,101.0,47.0,-40.0512809753418,-7.948718070983887
221.861,13:03:58.745,460.931,35.945,16568.164,0.000,0.000,0.000,0.000,0.000,0.000,1.000,1.000,0.000,48.919,49.100,0.940,66.180,5.000,101.0,47.0,-40.0512809753418,-7.948718070983887
221.925,13:03:58.890,460.931,35.945,16568.164,0.000,0.000,0.000,0.000,0.000,0.000,1.000,1.000,0.000,48.518,48.700,0.940,66.162,5.000,101.0,47.0,-40.0512809753418,-7.948718070983887
222.069,13:03:58.953,464.625,35.040,16280.697,0.000,0.000,0.000,0.000,0.000,0.000,1.000,1.000,0.000,48.518,48.700,0.940,66.162,5.000,101.0,47.0,-40.0512809753418,-7.948718070983887
222.133,13:03:59.209,464.625,35.040,16280.697,0.000,0.000,0.000,0.000,0.000,0.000,1.000,1.000,0.000,48.518,48.700,0.940,66.162,5.000,101.0,47.0,35.43589782714844,29.128204345703125
222.389,13:03:59.352,459.976,36.155,16630.520,0.000,0.000,0.000,0.000,0.000,0.000,1.000,1.000,0.000,49.319,49.500,0.940,66.127,5.000,101.0,47.0,35.43589782714844,29.128204345703125
222.533,13:03:59.416,459.976,36.155,16630.520,0.000,0.000,0.000,0.000,0.000,0.000,1.000,1.000,0.000,49.319,49.500,0.940,66.127,5.000,101.0,47.0,35.43589782714844,29.128204345703125
222.597,13:03:59.481,459.976,36.155,16630.520,0.000,0.000,0.000,0.000,0.000,0.000,1.000,1.000,0.000,49.319,49.500,0.940,66.127,5.000,101.0,47.0,35.43589782714844,29.128204345703125
222.660,13:03:59.625,459.976,36.155,16630.520,0.000,0.000,0.000,0.000,0.000,0.000,1.000,1.000,0.000,49.319,49.500,0.940,66.127,5.000,101.0,47.0,35.43589782714844,29.128204345703125
222.805,13:03:59.688,460.547,36.024,16590.785,0.000,0.000,0.000,0.000,0.000,0.000,1.000,1.000,0.000,49.319,49.500,0.940,66.127,5.000,101.0,47.0,35.43589782714844,29.128204345703125
222.869,13:03:59.753,460.547,36.024,16590.785,0.000,0.000,0.000,0.000,0.000,0.000,1.000,1.000,0.000,49.319,49.500,0.940,66.127,5.000,101.0,47.0,35.43589782714844,29.128204345703125
222.932,13:03:59.896,460.547,36.024,16590.785,0.000,0.000,0.000,0.000,0.000,0.000,1.000,1.000,0.000,48.919,49.100,0.940,66.155,5.000,101.0,47.0,35.43589782714844,29.128204345703125
223.077,13:03:59.961,460.547,36.024,16590.785,0.000,0.000,0.000,0.000,0.000,0.000,1.000,1.000,0.000,48.919,49.100,0.940,66.155,5.000,101.0,47.0,35.43589782714844,29.128204345703125
223.140,13:04:00.216,460.547,36.024,16590.785,0.000,0.000,0.000,0.000,0.000,0.000,1.000,1.000,0.000,48.919,49.100,0.940,66.155,5.000,101.0,47.0,31.230770111083984,-55.230770111083984
223.396,13:04:00.360,460.114,36.128,16623.090,0.000,0.000,0.000,0.000,0.000,0.000,1.000,1.000,0.000,49.281,49.100,0.940,66.133,5.000,101.0,47.0,31.230770111083984,-55.230770111083984
223.540,13:04:00.424,460.114,36.128,16623.090,0.000,0.000,0.000,0.000,0.000,0.000,1.000,1.000,0.000,49.281,49.100,0.940,66.133,5.000,101.0,47.0,31.230770111083984,-55.230770111083984
223.605,13:04:00.489,463.938,35.210,16335.148,0.000,0.000,0.000,0.000,0.000,0.000,1.000,1.000,0.000,49.281,49.100,0.940,66.133,5.000,101.0,47.0,31.230770111083984,-55.230770111083984
223.668,13:04:00.632,463.938,35.210,16335.148,0.000,0.000,0.000,0.000,0.000,0.000,1.000,1.000,0.000,48.919,49.100,0.940,66.203,5.000,101.0,47.0,31.230770111083984,-55.230770111083984
223.812,13:04:00.696,463.938,35.210,16335.148,0.000,0.000,0.000,0.000,0.000,0.000,1.000,1.000,0.000,48.919,49.100,0.940,66.203,5.000,101.0,47.0,31.230770111083984,-55.230770111083984
223.876,13:04:00.760,463.938,35.210,16335.148,0.000,0.000,0.000,0.000,0.000,0.000,1.000,1.000,0.000,48.919,49.100,0.940,66.203,5.000,101.0,47.0,31.230770111083984,-55.230770111083984
223.941,13:04:00.903,463.938,35.210,16335.148,0.000,0.000,0.000,0.000,0.000,0.000,1.000,1.000,0.000,48.881,48.700,0.940,66.185,5.000,101.0,47.0,31.230770111083984,-55.230770111083984
224.084,13:04:00.967,460.634,36.013,16588.941,0.000,0.000,0.000,0.000,0.000,0.000,1.000,1.000,0.000,48.881,48.700,0.940,66.185,5.000,101.0,47.0,31.230770111083984,-55.230770111083984
224.147,13:04:01.223,460.634,36.013,16588.941,0.000,0.000,0.000,0.000,0.000,0.000,1.000,1.000,0.000,48.881,48.700,0.940,66.185,5.000,101.0,47.0,-30.153846740722656,50.82051467895508
224.404,13:04:01.367,460.350,36.081,16609.740,0.000,0.000,0.000,0.000,0.000,0.000,1.000,1.000,0.000,49.319,49.500,0.940,66.166,5.000,101.0,47.0,-30.153846740722656,50.82051467895508
224.547,13:04:01.431,460.350,36.081,16609.740,0.000,0.000,0.000,0.000,0.000,0.000,1.000,1.000,0.000,49.319,49.500,0.940,66.166,5.000,101.0,47.0,-30.153846740722656,50.82051467895508
224.611,13:04:01.495,460.350,36.081,16609.740,0.000,0.000,0.000,0.000,0.000,0.000,1.000,1.000,0.000,49.319,49.500,0.940,66.166,5.000,101.0,47.0,-30.153846740722656,50.82051467895508
224.675,13:04:01.639,460.350,36.081,16609.740,0.000,0.000,0.000,0.000,0.000,0.000,1.000,1.000,0.000,49.319,49.500,0.940,66.166,5.000,101.0,47.0,-30.153846740722656,50.82051467895508
224.819,13:04:01.703,460.497,36.049,16600.236,0.000,0.000,0.000,0.000,0.000,0.000,1.000,1.000,0.000,49.319,49.500,0.940,66.166,5.000,101.0,47.0,-30.153846740722656,50.82051467895508
224.884,13:04:01.768,460.497,36.049,16600.236,0.000,0.000,0.000,0.000,0.000,0.000,1.000,1.000,0.000,49.319,49.500,0.940,66.166,5.000,101.0,47.0,-30.153846740722656,50.82051467895508
224.947,13:04:01.911,460.497,36.049,16600.236,0.000,0.000,0.000,0.000,0.000,0.000,1.000,1.000,0.000,48.881,48.700,0.940,66.157,5.000,101.0,47.0,-30.153846740722656,50.82051467895508
225.091,13:04:01.975,460.497,36.049,16600.236,0.000,0.000,0.000,0.000,0.000,0.000,1.000,1.000,0.000,48.881,48.700,0.940,66.157,5.000,101.0,47.0,-30.153846740722656,50.82051467895508
225.155,13:04:02.230,460.497,36.049,16600.236,0.000,0.000,0.000,0.000,0.000,0.000,1.000,1.000,0.000,48.881,48.700,0.940,66.157,5.000,101.0,47.0,45.230770111083984,-1.692307710647583
225.410,13:04:02.375,460.567,36.033,16595.607,0.000,0.000,0.000,0.000,0.000,0.000,1.000,1.000,0.000,49.319,49.500,0.940,66.168,5.000,101.0,47.0,45.230770111083984,-1.692307710647583
225.556,13:04:02.439,460.567,36.033,16595.607,0.000,0.000,0.000,0.000,0.000,0.000,1.000,1.000,0.000,49.319,49.500,0.940,66.168,5.000,101.0,47.0,45.230770111083984,-1.692307710647583
225.618,13:04:02.502,456.631,36.906,16852.504,0.000,0.000,0.000,0.000,0.000,0.000,1.000,1.000,0.000,49.319,49.500,0.940,66.168,5.000,101.0,47.0,45.230770111083984,-1.692307710647583
225.682,13:04:02.647,456.631,36.906,16852.504,0.000,0.000,0.000,0.000,0.000,0.000,1.000,1.000,0.000,49.281,49.100,0.940,66.183,5.000,101.0,47.0,45.230770111083984,-1.692307710647583
225.827,13:04:02.711,456.631,36.906,16852.504,0.000,0.000,0.000,0.000,0.000,0.000,1.000,1.000,0.000,49.281,49.100,0.940,66.183,5.000,101.0,47.0,45.230770111083984,-1.692307710647583
225.891,13:04:02.775,456.631,36.906,16852.504,0.000,0.000,0.000,0.000,0.000,0.000,1.000,1.000,0.000,49.281,49.100,0.940,66.183,5.000,101.0,47.0,45.230770111083984,-1.692307710647583
225.955,13:04:02.919,456.631,36.906,16852.504,0.000,0.000,0.000,0.000,0.000,0.000,1.000,1.000,0.000,48.920,49.100,0.940,66.216,5.000,101.0,47.0,45.230770111083984,-1.692307710647583
226.098,13:04:02.982,462.769,35.515,16435.412,0.000,0.000,0.000,0.000,0.000,0.000,1.000,1.000,0.000,48.920,49.100,0.940,66.216,5.000,101.0,47.0,45.230770111083984,-1.692307710647583
226.162,13:04:03.239,462.769,35.515,16435.412,0.000,0.000,0.000,0.000,0.000,0.000,1.000,1.000,0.000,48.920,49.100,0.940,66.216,5.000,101.0,47.0,28.0,27.076923370361328
226.419,13:04:03.382,460.629,36.025,16594.143,0.000,0.000,0.000,0.000,0.000,0.000,1.000,1.000,0.000,49.281,49.100,0.940,66.180,5.000,101.0,47.0,28.0,27.076923370361328
226.563,13:04:03.447,460.629,36.025,16594.143,0.000,0.000,0.000,0.000,0.000,0.000,1.000,1.000,0.000,49.281,49.100,0.940,66.180,5.000,101.0,47.0,28.0,27.076923370361328
226.626,13:04:03.510,460.629,36.025,16594.143,0.000,0.000,0.000,0.000,0.000,0.000,1.000,1.000,0.000,49.281,49.100,0.940,66.180,5.000,101.0,47.0,28.0,27.076923370361328
226.691,13:04:03.654,460.629,36.025,16594.143,0.000,0.000,0.000,0.000,0.000,0.000,1.000,1.000,0.000,49.281,49.100,0.940,66.180,5.000,101.0,47.0,28.0,27.076923370361328
226.834,13:04:03.718,462.850,35.489,16426.223,0.000,0.000,0.000,0.000,0.000,0.000,1.000,1.000,0.000,49.281,49.100,0.940,66.180,5.000,101.0,47.0,28.0,27.076923370361328
226.898,13:04:03.782,462.850,35.489,16426.223,0.000,0.000,0.000,0.000,0.000,0.000,1.000,1.000,0.000,49.281,49.100,0.940,66.180,5.000,101.0,47.0,28.0,27.076923370361328
226.962,13:04:03.927,462.850,35.489,16426.223,0.000,0.000,0.000,0.000,0.000,0.000,1.000,1.000,0.000,48.919,49.100,0.940,66.197,5.000,101.0,47.0,28.0,27.076923370361328
227.106,13:04:03.990,462.850,35.489,16426.223,0.000,0.000,0.000,0.000,0.000,0.000,1.000,1.000,0.000,48.919,49.100,0.940,66.197,5.000,101.0,47.0,28.0,27.076923370361328
227.170,13:04:04.246,462.850,35.489,16426.223,0.000,0.000,0.000,0.000,0.000,0.000,1.000,1.000,0.000,48.919,49.100,0.940,66.197,5.000,101.0,47.0,-0.8205128312110901,45.53845977783203
227.426,13:04:04.389,459.009,36.388,16702.219,0.000,0.000,0.000,0.000,0.000,0.000,1.000,1.000,0.000,49.319,49.500,0.940,66.228,5.000,101.0,47.0,-0.8205128312110901,45.53845977783203
227.570,13:04:04.454,459.009,36.388,16702.219,0.000,0.000,0.000,0.000,0.000,0.000,1.000,1.000,0.000,49.319,49.500,0.940,66.228,5.000,101.0,47.0,-0.8205128312110901,45.53845977783203
227.633,13:04:04.517,457.652,36.700,16795.916,0.000,0.000,0.000,0.000,0.000,0.000,1.000,1.000,0.000,49.319,49.500,0.940,66.228,5.000,101.0,47.0,-0.8205128312110901,45.53845977783203
227.697,13:04:04.662,457.652,36.700,16795.916,0.000,0.000,0.000,0.000,0.000,0.000,1.000,1.000,0.000,49.281,49.100,0.940,66.257,5.000,101.0,47.0,-0.8205128312110901,45.53845977783203
227.842,13:04:04.726,457.652,36.700,16795.916,0.000,0.000,0.000,0.000,0.000,0.000,1.000,1.000,0.000,49.281,49.100,0.940,66.257,5.000,101.0,47.0,-0.8205128312110901,45.53845977783203
227.906,13:04:04.790,457.652,36.700,16795.916,0.000,0.000,0.000,0.000,0.000,0.000,1.000,1.000,0.000,49.281,49.100,0.940,66.257,5.000,101.0,47.0,-0.8205128312110901,45.53845977783203
227.970,13:04:04.933,457.652,36.700,16795.916,0.000,0.000,0.000,0.000,0.000,0.000,1.000,1.000,0.000,48.919,49.100,0.940,66.243,5.000,101.0,47.0,-0.8205128312110901,45.53845977783203
228.113,13:04:04.997,463.032,35.438,16409.150,0.000,0.000,0.000,0.000,0.000,0.000,1.000,1.000,0.000,48.919,49.100,0.940,66.243,5.000,101.0,47.0,-0.8205128312110901,45.53845977783203
228.177,13:04:05.253,463.032,35.438,16409.150,0.000,0.000,0.000,0.000,0.000,0.000,1.000,1.000,0.000,48.919,49.100,0.940,66.243,5.000,101.0,47.0,-22.41025733947754,-24.05128288269043
228.433,13:04:05.396,463.032,35.438,16409.150,0.000,0.000,0.000,0.000,0.000,0.000,1.000,1.000,0.000,49.281,49.100,0.940,66.238,5.000,101.0,47.0,-22.41025733947754,-24.05128288269043
228.578,13:04:05.462,459.289,36.334,16687.594,0.000,0.000,0.000,0.000,0.000,0.000,1.000,1.000,0.000,49.281,49.100,0.940,66.238,5.000,101.0,47.0,-22.41025733947754,-24.05128288269043
228.641,13:04:05.524,459.289,36.334,16687.594,0.000,0.000,0.000,0.000,0.000,0.000,1.000,1.000,0.000,49.281,49.100,0.940,66.238,5.000,101.0,47.0,-22.41025733947754,-24.05128288269043
228.705,13:04:05.669,459.289,36.334,16687.594,0.000,0.000,0.000,0.000,0.000,0.000,1.000,1.000,0.000,49.281,49.100,0.940,66.238,5.000,101.0,47.0,-22.41025733947754,-24.05128288269043
228.848,13:04:05.732,461.415,35.836,16535.180,0.000,0.000,0.000,0.000,0.000,0.000,1.000,1.000,0.000,49.281,49.100,0.940,66.238,5.000,101.0,47.0,-22.41025733947754,-24.05128288269043
228.913,13:04:05.796,461.415,35.836,16535.180,0.000,0.000,0.000,0.000,0.000,0.000,1.000,1.000,0.000,49.281,49.100,0.940,66.238,5.000,101.0,47.0,-22.41025733947754,-24.05128288269043
228.977,13:04:05.940,461.415,35.836,16535.180,0.000,0.000,0.000,0.000,0.000,0.000,1.000,1.000,0.000,48.881,48.700,0.940,66.277,5.000,101.0,47.0,-22.41025733947754,-24.05128288269043
229.120,13:04:06.004,461.415,35.836,16535.180,0.000,0.000,0.000,0.000,0.000,0.000,1.000,1.000,0.000,48.881,48.700,0.940,66.277,5.000,101.0,47.0,-22.41025733947754,-24.05128288269043
229.184,13:04:06.260,461.415,35.836,16535.180,0.000,0.000,0.000,0.000,0.000,0.000,1.000,1.000,0.000,48.881,48.700,0.940,66.277,5.000,101.0,47.0,-41.43589782714844,39.53845977783203
229.441,13:04:06.404,463.240,35.402,16399.613,0.000,0.000,0.000,0.000,0.000,0.000,1.000,1.000,0.000,48.881,48.700,0.940,66.235,5.000,101.0,47.0,-41.43589782714844,39.53845977783203
229.584,13:04:06.468,463.240,35.402,16399.613,0.000,0.000,0.000,0.000,0.000,0.000,1.000,1.000,0.000,48.881,48.700,0.940,66.235,5.000,101.0,47.0,-41.43589782714844,39.53845977783203
229.648,13:04:06.532,463.240,35.402,16399.613,0.000,0.000,0.000,0.000,0.000,0.000,1.000,1.000,0.000,48.881,48.700,0.940,66.235,5.000,101.0,47.0,-41.43589782714844,39.53845977783203
229.712,13:04:06.677,466.545,34.541,16114.721,0.000,0.000,0.000,0.000,0.000,0.000,1.000,1.000,0.000,48.518,48.700,0.940,66.172,5.000,101.0,47.0,-41.43589782714844,39.53845977783203
229.857,13:04:06.740,466.545,34.541,16114.721,0.000,0.000,0.000,0.000,0.000,0.000,1.000,1.000,0.000,48.518,48.700,0.940,66.172,5.000,101.0,47.0,-41.43589782714844,39.53845977783203
229.920,13:04:06.804,466.545,34.541,16114.721,0.000,0.000,0.000,0.000,0.000,0.000,1.000,1.000,0.000,48.518,48.700,0.940,66.172,5.000,101.0,47.0,-41.43589782714844,39.53845977783203
229.984,13:04:06.948,466.545,34.541,16114.721,0.000,0.000,0.000,0.000,0.000,0.000,1.000,1.000,0.000,48.518,48.700,0.940,66.172,5.000,101.0,47.0,-41.43589782714844,39.53845977783203
230.128,13:04:07.012,463.198,35.397,16395.689,0.000,0.000,0.000,0.000,0.000,0.000,1.000,1.000,0.000,48.518,48.700,0.940,66.172,5.000,101.0,47.0,-41.43589782714844,39.53845977783203
230.192,13:04:07.268,463.198,35.397,16395.689,0.000,0.000,0.000,0.000,0.000,0.000,1.000,1.000,0.000,48.518,48.700,0.940,66.172,5.000,101.0,47.0,45.230770111083984,-42.769229888916016
230.448,13:04:07.412,463.198,35.397,16395.689,0.000,0.000,0.000,0.000,0.000,0.000,1.000,1.000,0.000,48.919,49.100,0.940,66.179,5.000,101.0,47.0,45.230770111083984,-42.769229888916016
230.592,13:04:07.476,461.311,35.861,16542.973,0.000,0.000,0.000,0.000,0.000,0.000,1.000,1.000,0.000,48.919,49.100,0.940,66.179,5.000,101.0,47.0,45.230770111083984,-42.769229888916016
230.655,13:04:07.539,461.311,35.861,16542.973,0.000,0.000,0.000,0.000,0.000,0.000,1.000,1.000,0.000,48.919,49.100,0.940,66.179,5.000,101.0,47.0,45.230770111083984,-42.769229888916016
230.720,13:04:07.684,461.311,35.861,16542.973,0.000,0.000,0.000,0.000,0.000,0.000,1.000,1.000,0.000,48.919,49.100,0.940,66.179,5.000,101.0,47.0,45.230770111083984,-42.769229888916016
230.864,13:04:07.747,461.311,35.861,16542.973,0.000,0.000,0.000,0.000,0.000,0.000,1.000,1.000,0.000,48.919,49.100,0.940,66.179,5.000,101.0,47.0,45.230770111083984,-42.769229888916016
230.928,13:04:07.812,457.128,36.790,16817.916,0.000,0.000,0.000,0.000,0.000,0.000,1.000,1.000,0.000,48.919,49.100,0.940,66.179,5.000,101.0,47.0,45.230770111083984,-42.769229888916016
230.992,13:04:07.956,457.128,36.790,16817.916,0.000,0.000,0.000,0.000,0.000,0.000,1.000,1.000,0.000,49.281,49.100,0.940,66.188,5.000,101.0,47.0,45.230770111083984,-42.769229888916016
231.136,13:04:08.020,457.128,36.790,16817.916,0.000,0.000,0.000,0.000,0.000,0.000,1.000,1.000,0.000,49.281,49.100,0.940,66.188,5.000,101.0,47.0,45.230770111083984,-42.769229888916016
231.199,13:04:08.276,457.128,36.790,16817.916,0.000,0.000,0.000,0.000,0.000,0.000,1.000,1.000,0.000,49.281,49.100,0.940,66.188,5.000,101.0,47.0,40.20512771606445,-49.33333206176758
231.456,13:04:08.419,461.172,35.896,16554.373,0.000,0.000,0.000,0.000,0.000,0.000,1.000,1.000,0.000,48.881,48.700,0.940,66.212,5.000,101.0,47.0,40.20512771606445,-49.33333206176758
231.600,13:04:08.484,461.172,35.896,16554.373,0.000,0.000,0.000,0.000,0.000,0.000,1.000,1.000,0.000,48.881,48.700,0.940,66.212,5.000,101.0,47.0,40.20512771606445,-49.33333206176758
231.663,13:04:08.547,461.172,35.896,16554.373,0.000,0.000,0.000,0.000,0.000,0.000,1.000,1.000,0.000,48.881,48.700,0.940,66.212,5.000,101.0,47.0,40.20512771606445,-49.33333206176758
231.727,13:04:08.691,463.358,35.347,16378.439,0.000,0.000,0.000,0.000,0.000,0.000,1.000,1.000,0.000,48.881,48.700,0.940,66.211,5.000,101.0,47.0,40.20512771606445,-49.33333206176758
231.871,13:04:08.755,463.358,35.347,16378.439,0.000,0.000,0.000,0.000,0.000,0.000,1.000,1.000,0.000,48.881,48.700,0.940,66.211,5.000,101.0,47.0,40.20512771606445,-49.33333206176758
231.936,13:04:08.820,463.358,35.347,16378.439,0.000,0.000,0.000,0.000,0.000,0.000,1.000,1.000,0.000,48.881,48.700,0.940,66.211,5.000,101.0,47.0,40.20512771606445,-49.33333206176758
231.999,13:04:08.963,463.358,35.347,16378.439,0.000,0.000,0.000,0.000,0.000,0.000,1.000,1.000,0.000,48.881,48.700,0.940,66.211,5.000,101.0,47.0,40.20512771606445,-49.33333206176758
232.143,13:04:09.027,466.811,34.467,16089.682,0.000,0.000,0.000,0.000,0.000,0.000,1.000,1.000,0.000,48.881,48.700,0.940,66.211,5.000,101.0,47.0,40.20512771606445,-49.33333206176758
232.207,13:04:09.283,466.811,34.467,16089.682,0.000,0.000,0.000,0.000,0.000,0.000,1.000,1.000,0.000,48.881,48.700,0.940,66.211,5.000,101.0,47.0,-17.64102554321289,-30.564102172851562
232.462,13:04:09.426,466.811,34.467,16089.682,0.000,0.000,0.000,0.000,0.000,0.000,1.000,1.000,0.000,48.919,49.100,0.940,66.162,5.000,101.0,47.0,-17.64102554321289,-30.564102172851562
232.607,13:04:09.491,463.625,35.278,16355.695,0.000,0.000,0.000,0.000,0.000,0.000,1.000,1.000,0.000,48.919,49.100,0.940,66.162,5.000,101.0,47.0,-17.64102554321289,-30.564102172851562
232.670,13:04:09.554,463.625,35.278,16355.695,0.000,0.000,0.000,0.000,0.000,0.000,1.000,1.000,0.000,48.919,49.100,0.940,66.162,5.000,101.0,47.0,-17.64102554321289,-30.564102172851562
232.735,13:04:09.698,463.625,35.278,16355.695,0.000,0.000,0.000,0.000,0.000,0.000,1.000,1.000,0.000,48.919,49.100,0.940,66.162,5.000,101.0,47.0,-17.64102554321289,-30.564102172851562
232.878,13:04:09.762,463.625,35.278,16355.695,0.000,0.000,0.000,0.000,0.000,0.000,1.000,1.000,0.000,48.919,49.100,0.940,66.162,5.000,101.0,47.0,-17.64102554321289,-30.564102172851562
232.942,13:04:09.826,459.897,36.170,16634.535,0.000,0.000,0.000,0.000,0.000,0.000,1.000,1.000,0.000,48.919,49.100,0.940,66.162,5.000,101.0,47.0,-17.64102554321289,-30.564102172851562
233.007,13:04:09.971,459.897,36.170,16634.535,0.000,0.000,0.000,0.000,0.000,0.000,1.000,1.000,0.000,49.281,49.100,0.940,66.163,5.000,101.0,47.0,-17.64102554321289,-30.564102172851562
233.150,13:04:10.034,459.897,36.170,16634.535,0.000,0.000,0.000,0.000,0.000,0.000,1.000,1.000,0.000,49.281,49.100,0.940,66.163,5.000,101.0,47.0,-17.64102554321289,-30.564102172851562
233.214,13:04:10.290,459.897,36.170,16634.535,0.000,0.000,0.000,0.000,0.000,0.000,1.000,1.000,0.000,49.281,49.100,0.940,66.163,5.000,101.0,47.0,-34.769229888916016,-14.461538314819336
233.471,13:04:10.434,463.630,35.290,16361.336,0.000,0.000,0.000,0.000,0.000,0.000,1.000,1.000,0.000,48.919,49.100,0.940,66.172,5.000,101.0,47.0,-34.769229888916016,-14.461538314819336
233.614,13:04:10.498,463.630,35.290,16361.336,0.000,0.000,0.000,0.000,0.000,0.000,1.000,1.000,0.000,48.919,49.100,0.940,66.172,5.000,101.0,47.0,-34.769229888916016,-14.461538314819336
233.678,13:04:10.561,463.630,35.290,16361.336,0.000,0.000,0.000,0.000,0.000,0.000,1.000,1.000,0.000,48.919,49.100,0.940,66.172,5.000,101.0,47.0,-34.769229888916016,-14.461538314819336
233.742,13:04:10.706,459.930,36.163,16632.355,0.000,0.000,0.000,0.000,0.000,0.000,1.000,1.000,0.000,49.281,49.100,0.940,66.147,5.000,101.0,47.0,-34.769229888916016,-14.461538314819336
233.886,13:04:10.770,459.930,36.163,16632.355,0.000,0.000,0.000,0.000,0.000,0.000,1.000,1.000,0.000,49.281,49.100,0.940,66.147,5.000,101.0,47.0,-34.769229888916016,-14.461538314819336
233.950,13:04:10.834,459.930,36.163,16632.355,0.000,0.000,0.000,0.000,0.000,0.000,1.000,1.000,0.000,49.281,49.100,0.940,66.147,5.000,101.0,47.0,-34.769229888916016,-14.461538314819336
234.014,13:04:10.977,459.930,36.163,16632.355,0.000,0.000,0.000,0.000,0.000,0.000,1.000,1.000,0.000,49.281,49.100,0.940,66.147,5.000,101.0,47.0,-34.769229888916016,-14.461538314819336
234.157,13:04:11.041,463.909,35.227,16341.990,0.000,0.000,0.000,0.000,0.000,0.000,1.000,1.000,0.000,49.281,49.100,0.940,66.147,5.000,101.0,47.0,-34.769229888916016,-14.461538314819336
234.221,13:04:11.297,463.909,35.227,16341.990,0.000,0.000,0.000,0.000,0.000,0.000,1.000,1.000,0.000,49.281,49.100,0.940,66.147,5.000,101.0,47.0,27.69230842590332,-54.66666793823242
234.477,13:04:11.441,463.909,35.227,16341.990,0.000,0.000,0.000,0.000,0.000,0.000,1.000,1.000,0.000,49.319,49.500,0.940,66.212,5.000,101.0,47.0,27.69230842590332,-54.66666793823242
234.621,13:04:11.505,460.223,36.107,16617.047,0.000,0.000,0.000,0.000,0.000,0.000,1.000,1.000,0.000,49.319,49.500,0.940,66.212,5.000,101.0,47.0,27.69230842590332,-54.66666793823242
234.685,13:04:11.569,460.223,36.107,16617.047,0.000,0.000,0.000,0.000,0.000,0.000,1.000,1.000,0.000,49.319,49.500,0.940,66.212,5.000,101.0,47.0,27.69230842590332,-54.66666793823242
234.750,13:04:11.714,460.223,36.107,16617.047,0.000,0.000,0.000,0.000,0.000,0.000,1.000,1.000,0.000,49.319,49.500,0.940,66.212,5.000,101.0,47.0,27.69230842590332,-54.66666793823242
234.893,13:04:11.777,460.223,36.107,16617.047,0.000,0.000,0.000,0.000,0.000,0.000,1.000,1.000,0.000,49.319,49.500,0.940,66.212,5.000,101.0,47.0,27.69230842590332,-54.66666793823242
234.958,13:04:11.842,456.553,36.909,16851.104,0.000,0.000,0.000,0.000,0.000,0.000,1.000,1.000,0.000,49.319,49.500,0.940,66.212,5.000,101.0,47.0,27.69230842590332,-54.66666793823242
235.022,13:04:11.986,456.553,36.909,16851.104,0.000,0.000,0.000,0.000,0.000,0.000,1.000,1.000,0.000,49.281,49.100,0.940,66.178,5.000,101.0,47.0,27.69230842590332,-54.66666793823242
235.165,13:04:12.049,456.553,36.909,16851.104,0.000,0.000,0.000,0.000,0.000,0.000,1.000,1.000,0.000,49.281,49.100,0.940,66.178,5.000,101.0,47.0,27.69230842590332,-54.66666793823242
235.229,13:04:12.305,456.553,36.909,16851.104,0.000,0.000,0.000,0.000,0.000,0.000,1.000,1.000,0.000,49.281,49.100,0.940,66.178,5.000,101.0,47.0,-26.564102172851562,-30.41025733947754
235.485,13:04:12.449,460.100,36.141,16628.242,0.000,0.000,0.000,0.000,0.000,0.000,1.000,1.000,0.000,49.281,49.100,0.940,66.253,5.000,101.0,47.0,-26.564102172851562,-30.41025733947754
235.628,13:04:12.512,460.100,36.141,16628.242,0.000,0.000,0.000,0.000,0.000,0.000,1.000,1.000,0.000,49.281,49.100,0.940,66.253,5.000,101.0,47.0,-26.564102172851562,-30.41025733947754
235.692,13:04:12.576,460.100,36.141,16628.242,0.000,0.000,0.000,0.000,0.000,0.000,1.000,1.000,0.000,49.281,49.100,0.940,66.253,5.000,101.0,47.0,-26.564102172851562,-30.41025733947754
235.757,13:04:12.721,464.000,35.219,16341.402,0.000,0.000,0.000,0.000,0.000,0.000,1.000,1.000,0.000,48.919,49.100,0.940,66.242,5.000,101.0,47.0,-26.564102172851562,-30.41025733947754
235.900,13:04:12.784,464.000,35.219,16341.402,0.000,0.000,0.000,0.000,0.000,0.000,1.000,1.000,0.000,48.919,49.100,0.940,66.242,5.000,101.0,47.0,-26.564102172851562,-30.41025733947754
235.965,13:04:12.849,464.000,35.219,16341.402,0.000,0.000,0.000,0.000,0.000,0.000,1.000,1.000,0.000,48.919,49.100,0.940,66.242,5.000,101.0,47.0,-26.564102172851562,-30.41025733947754
236.028,13:04:13.249,464.000,35.219,16341.402,0.000,0.000,0.000,0.000,0.000,0.000,1.000,1.000,0.000,48.919,49.100,0.940,66.242,5.000,101.0,47.0,-26.564102172851562,-30.41025733947754
236.428,13:04:13.585,460.384,36.069,16605.568,0.000,0.000,0.000,0.000,0.000,0.000,1.000,1.000,0.000,49.319,49.500,0.940,66.299,5.000,101.0,47.0,-16.71794891357422,52.71794891357422
236.764,13:04:13.728,456.435,36.930,16856.262,0.000,0.000,0.000,0.000,0.000,0.000,1.000,1.000,0.000,49.281,49.100,0.940,66.314,5.000,101.0,47.0,-16.71794891357422,52.71794891357422
236.908,13:04:13.792,456.435,36.930,16856.262,0.000,0.000,0.000,0.000,0.000,0.000,1.000,1.000,0.000,49.281,49.100,0.940,66.314,5.000,101.0,47.0,-16.71794891357422,52.71794891357422
236.972,13:04:13.856,456.435,36.930,16856.262,0.000,0.000,0.000,0.000,0.000,0.000,1.000,1.000,0.000,49.281,49.100,0.940,66.314,5.000,101.0,47.0,-16.71794891357422,52.71794891357422
237.037,13:04:14.000,463.945,35.214,16337.414,0.000,0.000,0.000,0.000,0.000,0.000,1.000,1.000,0.000,48.919,49.100,0.940,66.295,5.000,101.0,47.0,-16.71794891357422,52.71794891357422
237.180,13:04:14.064,463.945,35.214,16337.414,0.000,0.000,0.000,0.000,0.000,0.000,1.000,1.000,0.000,48.919,49.100,0.940,66.295,5.000,101.0,47.0,-16.71794891357422,52.71794891357422
237.244,13:04:14.128,463.945,35.214,16337.414,0.000,0.000,0.000,0.000,0.000,0.000,1.000,1.000,0.000,48.919,49.100,0.940,66.295,5.000,101.0,47.0,-16.71794891357422,52.71794891357422
237.308,13:04:14.272,463.945,35.214,16337.414,0.000,0.000,0.000,0.000,0.000,0.000,1.000,1.000,0.000,48.919,49.100,0.940,66.295,5.000,101.0,47.0,-16.71794891357422,52.71794891357422
237.452,13:04:14.527,460.359,36.081,16610.197,0.000,0.000,0.000,0.000,0.000,0.000,1.000,1.000,0.000,48.919,49.100,0.940,66.295,5.000,101.0,47.0,15.538461685180664,-51.28205108642578
237.708,13:04:14.672,460.359,36.081,16610.197,0.000,0.000,0.000,0.000,0.000,0.000,1.000,1.000,0.000,49.281,49.100,0.940,66.351,5.000,101.0,47.0,15.538461685180664,-51.28205108642578
237.852,13:04:14.736,463.857,35.233,16342.943,0.000,0.000,0.000,0.000,0.000,0.000,1.000,1.000,0.000,49.281,49.100,0.940,66.351,5.000,101.0,47.0,15.538461685180664,-51.28205108642578
237.915,13:04:14.799,463.857,35.233,16342.943,0.000,0.000,0.000,0.000,0.000,0.000,1.000,1.000,0.000,49.281,49.100,0.940,66.351,5.000,101.0,47.0,15.538461685180664,-51.28205108642578
237.980,13:04:14.943,463.857,35.233,16342.943,0.000,0.000,0.000,0.000,0.000,0.000,1.000,1.000,0.000,48.919,49.100,0.940,66.317,5.000,101.0,47.0,15.538461685180664,-51.28205108642578
238.123,13:04:15.007,463.857,35.233,16342.943,0.000,0.000,0.000,0.000,0.000,0.000,1.000,1.000,0.000,48.919,49.100,0.940,66.317,5.000,101.0,47.0,15.538461685180664,-51.28205108642578
238.188,13:04:15.072,463.857,35.233,16342.943,0.000,0.000,0.000,0.000,0.000,0.000,1.000,1.000,0.000,48.919,49.100,0.940,66.317,5.000,101.0,47.0,15.538461685180664,-51.28205108642578
238.252,13:04:15.215,462.148,35.592,16448.689,0.000,0.000,0.000,0.000,0.000,0.000,1.000,1.000,0.000,48.880,48.700,0.940,66.344,5.000,101.0,47.0,15.538461685180664,-51.28205108642578
238.395,13:04:15.279,462.148,35.592,16448.689,0.000,0.000,0.000,0.000,0.000,0.000,1.000,1.000,0.000,48.880,48.700,0.940,66.344,5.000,101.0,47.0,15.538461685180664,-51.28205108642578
238.459,13:04:15.534,462.148,35.592,16448.689,0.000,0.000,0.000,0.000,0.000,0.000,1.000,1.000,0.000,48.880,48.700,0.940,66.344,5.000,101.0,47.0,-47.02564239501953,6.307692527770996
238.715,13:04:15.679,459.134,36.276,16655.445,0.000,0.000,0.000,0.000,0.000,0.000,1.000,1.000,0.000,49.280,49.100,0.940,66.309,5.000,101.0,47.0,-47.02564239501953,6.307692527770996
238.858,13:04:15.742,459.134,36.276,16655.445,0.000,0.000,0.000,0.000,0.000,0.000,1.000,1.000,0.000,49.280,49.100,0.940,66.309,5.000,101.0,47.0,-47.02564239501953,6.307692527770996
238.922,13:04:15.806,459.134,36.276,16655.445,0.000,0.000,0.000,0.000,0.000,0.000,1.000,1.000,0.000,49.280,49.100,0.940,66.309,5.000,101.0,47.0,-47.02564239501953,6.307692527770996
238.987,13:04:15.950,459.134,36.276,16655.445,0.000,0.000,0.000,0.000,0.000,0.000,1.000,1.000,0.000,48.920,49.100,0.940,66.342,5.000,101.0,47.0,-47.02564239501953,6.307692527770996
239.131,13:04:16.015,462.886,35.402,16387.105,0.000,0.000,0.000,0.000,0.000,0.000,1.000,1.000,0.000,48.920,49.100,0.940,66.342,5.000,101.0,47.0,-47.02564239501953,6.307692527770996
239.195,13:04:16.079,462.886,35.402,16387.105,0.000,0.000,0.000,0.000,0.000,0.000,1.000,1.000,0.000,48.920,49.100,0.940,66.342,5.000,101.0,47.0,-47.02564239501953,6.307692527770996
239.258,13:04:16.223,462.886,35.402,16387.105,0.000,0.000,0.000,0.000,0.000,0.000,1.000,1.000,0.000,48.920,49.100,0.940,66.342,5.000,101.0,47.0,-47.02564239501953,6.307692527770996
239.403,13:04:16.287,462.886,35.402,16387.105,0.000,0.000,0.000,0.000,0.000,0.000,1.000,1.000,0.000,48.920,49.100,0.940,66.342,5.000,101.0,47.0,-47.02564239501953,6.307692527770996
239.467,13:04:16.542,462.008,35.622,16457.545,0.000,0.000,0.000,0.000,0.000,0.000,1.000,1.000,0.000,48.920,49.100,0.940,66.342,5.000,101.0,47.0,43.33333206176758,-2.307692289352417
239.723,13:04:16.687,462.008,35.622,16457.545,0.000,0.000,0.000,0.000,0.000,0.000,1.000,1.000,0.000,48.919,49.100,0.940,66.366,5.000,101.0,47.0,43.33333206176758,-2.307692289352417
239.867,13:04:16.751,462.087,35.601,16450.797,0.000,0.000,0.000,0.000,0.000,0.000,1.000,1.000,0.000,48.919,49.100,0.940,66.366,5.000,101.0,47.0,43.33333206176758,-2.307692289352417
239.930,13:04:16.814,462.087,35.601,16450.797,0.000,0.000,0.000,0.000,0.000,0.000,1.000,1.000,0.000,48.919,49.100,0.940,66.366,5.000,101.0,47.0,43.33333206176758,-2.307692289352417
239.994,13:04:16.958,462.087,35.601,16450.797,0.000,0.000,0.000,0.000,0.000,0.000,1.000,1.000,0.000,48.919,49.100,0.940,66.314,5.000,101.0,47.0,43.33333206176758,-2.307692289352417
240.139,13:04:17.023,462.087,35.601,16450.797,0.000,0.000,0.000,0.000,0.000,0.000,1.000,1.000,0.000,48.919,49.100,0.940,66.314,5.000,101.0,47.0,43.33333206176758,-2.307692289352417
240.202,13:04:17.086,462.087,35.601,16450.797,0.000,0.000,0.000,0.000,0.000,0.000,1.000,1.000,0.000,48.919,49.100,0.940,66.314,5.000,101.0,47.0,43.33333206176758,-2.307692289352417
240.266,13:04:17.231,461.871,35.651,16466.385,0.000,0.000,0.000,0.000,0.000,0.000,1.000,1.000,0.000,48.919,49.100,0.940,66.392,5.000,101.0,47.0,43.33333206176758,-2.307692289352417
240.410,13:04:17.293,461.871,35.651,16466.385,0.000,0.000,0.000,0.000,0.000,0.000,1.000,1.000,0.000,48.919,49.100,0.940,66.392,5.000,101.0,47.0,43.33333206176758,-2.307692289352417
240.473,13:04:17.549,461.871,35.651,16466.385,0.000,0.000,0.000,0.000,0.000,0.000,1.000,1.000,0.000,48.919,49.100,0.940,66.392,5.000,101.0,47.0,-51.28205108642578,-32.30769348144531
240.730,13:04:17.693,457.650,36.614,16756.291,0.000,0.000,0.000,0.000,0.000,0.000,1.000,1.000,0.000,49.281,49.100,0.940,66.363,5.000,101.0,47.0,-51.28205108642578,-32.30769348144531
240.873,13:04:17.757,457.650,36.614,16756.291,0.000,0.000,0.000,0.000,0.000,0.000,1.000,1.000,0.000,49.281,49.100,0.940,66.363,5.000,101.0,47.0,-51.28205108642578,-32.30769348144531
240.937,13:04:17.821,457.650,36.614,16756.291,0.000,0.000,0.000,0.000,0.000,0.000,1.000,1.000,0.000,49.281,49.100,0.940,66.363,5.000,101.0,47.0,-51.28205108642578,-32.30769348144531
241.002,13:04:17.966,457.650,36.614,16756.291,0.000,0.000,0.000,0.000,0.000,0.000,1.000,1.000,0.000,48.919,49.100,0.940,66.387,5.000,101.0,47.0,-51.28205108642578,-32.30769348144531
241.146,13:04:18.030,463.269,35.297,16351.922,0.000,0.000,0.000,0.000,0.000,0.000,1.000,1.000,0.000,48.919,49.100,0.940,66.387,5.000,101.0,47.0,-51.28205108642578,-32.30769348144531
241.210,13:04:18.094,463.269,35.297,16351.922,0.000,0.000,0.000,0.000,0.000,0.000,1.000,1.000,0.000,48.919,49.100,0.940,66.387,5.000,101.0,47.0,-51.28205108642578,-32.30769348144531
241.273,13:04:18.237,463.269,35.297,16351.922,0.000,0.000,0.000,0.000,0.000,0.000,1.000,1.000,0.000,48.919,49.100,0.940,66.387,5.000,101.0,47.0,-51.28205108642578,-32.30769348144531
241.418,13:04:18.302,463.269,35.297,16351.922,0.000,0.000,0.000,0.000,0.000,0.000,1.000,1.000,0.000,48.919,49.100,0.940,66.387,5.000,101.0,47.0,-51.28205108642578,-32.30769348144531
241.481,13:04:18.556,457.589,36.621,16757.543,0.000,0.000,0.000,0.000,0.000,0.000,1.000,1.000,0.000,48.919,49.100,0.940,66.387,5.000,101.0,47.0,33.64102554321289,21.69230842590332
241.737,13:04:18.701,457.589,36.621,16757.543,0.000,0.000,0.000,0.000,0.000,0.000,1.000,1.000,0.000,49.281,49.100,0.940,66.407,5.000,101.0,47.0,33.64102554321289,21.69230842590332
241.881,13:04:18.765,463.382,35.268,16342.541,0.000,0.000,0.000,0.000,0.000,0.000,1.000,1.000,0.000,49.281,49.100,0.940,66.407,5.000,101.0,47.0,33.64102554321289,21.69230842590332
241.945,13:04:18.829,463.382,35.268,16342.541,0.000,0.000,0.000,0.000,0.000,0.000,1.000,1.000,0.000,49.281,49.100,0.940,66.407,5.000,101.0,47.0,33.64102554321289,21.69230842590332
242.009,13:04:18.973,463.382,35.268,16342.541,0.000,0.000,0.000,0.000,0.000,0.000,1.000,1.000,0.000,48.919,49.100,0.940,66.369,5.000,101.0,47.0,33.64102554321289,21.69230842590332
242.153,13:04:19.037,463.382,35.268,16342.541,0.000,0.000,0.000,0.000,0.000,0.000,1.000,1.000,0.000,48.919,49.100,0.940,66.369,5.000,101.0,47.0,33.64102554321289,21.69230842590332
242.217,13:04:19.101,463.382,35.268,16342.541,0.000,0.000,0.000,0.000,0.000,0.000,1.000,1.000,0.000,48.919,49.100,0.940,66.369,5.000,101.0,47.0,33.64102554321289,21.69230842590332
242.281,13:04:19.245,457.242,36.685,16773.945,0.000,0.000,0.000,0.000,0.000,0.000,1.000,1.000,0.000,49.281,49.100,0.940,66.400,5.000,101.0,47.0,33.64102554321289,21.69230842590332
242.424,13:04:19.308,457.242,36.685,16773.945,0.000,0.000,0.000,0.000,0.000,0.000,1.000,1.000,0.000,49.281,49.100,0.940,66.400,5.000,101.0,47.0,33.64102554321289,21.69230842590332
242.488,13:04:19.565,457.242,36.685,16773.945,0.000,0.000,0.000,0.000,0.000,0.000,1.000,1.000,0.000,49.281,49.100,0.940,66.400,5.000,101.0,47.0,0.5641025900840759,-54.30769348144531
242.744,13:04:19.708,463.329,35.287,16349.578,0.000,0.000,0.000,0.000,0.000,0.000,1.000,1.000,0.000,48.881,48.700,0.940,66.369,5.000,101.0,47.0,0.5641025900840759,-54.30769348144531
242.888,13:04:19.772,463.329,35.287,16349.578,0.000,0.000,0.000,0.000,0.000,0.000,1.000,1.000,0.000,48.881,48.700,0.940,66.369,5.000,101.0,47.0,0.5641025900840759,-54.30769348144531
242.952,13:04:19.836,463.329,35.287,16349.578,0.000,0.000,0.000,0.000,0.000,0.000,1.000,1.000,0.000,48.881,48.700,0.940,66.369,5.000,101.0,47.0,0.5641025900840759,-54.30769348144531
243.016,13:04:19.981,463.329,35.287,16349.578,0.000,0.000,0.000,0.000,0.000,0.000,1.000,1.000,0.000,49.281,49.100,0.940,66.410,5.000,101.0,47.0,0.5641025900840759,-54.30769348144531
243.160,13:04:20.044,459.900,36.094,16599.705,0.000,0.000,0.000,0.000,0.000,0.000,1.000,1.000,0.000,49.281,49.100,0.940,66.410,5.000,101.0,47.0,0.5641025900840759,-54.30769348144531
243.224,13:04:20.108,459.900,36.094,16599.705,0.000,0.000,0.000,0.000,0.000,0.000,1.000,1.000,0.000,49.281,49.100,0.940,66.410,5.000,101.0,47.0,0.5641025900840759,-54.30769348144531
243.288,13:04:20.252,459.900,36.094,16599.705,0.000,0.000,0.000,0.000,0.000,0.000,1.000,1.000,0.000,49.281,49.100,0.940,66.410,5.000,101.0,47.0,0.5641025900840759,-54.30769348144531
243.432,13:04:20.316,459.900,36.094,16599.705,0.000,0.000,0.000,0.000,0.000,0.000,1.000,1.000,0.000,49.281,49.100,0.940,66.410,5.000,101.0,47.0,0.5641025900840759,-54.30769348144531
243.497,13:04:20.571,461.329,35.772,16502.869,0.000,0.000,0.000,0.000,0.000,0.000,1.000,1.000,0.000,49.281,49.100,0.940,66.410,5.000,101.0,47.0,-28.9743595123291,53.589744567871094
243.752,13:04:20.715,461.329,35.772,16502.869,0.000,0.000,0.000,0.000,0.000,0.000,1.000,1.000,0.000,48.919,49.100,0.940,66.389,5.000,101.0,47.0,-28.9743595123291,53.589744567871094
243.896,13:04:20.780,459.819,36.118,16607.854,0.000,0.000,0.000,0.000,0.000,0.000,1.000,1.000,0.000,48.919,49.100,0.940,66.389,5.000,101.0,47.0,-28.9743595123291,53.589744567871094
243.959,13:04:20.843,459.819,36.118,16607.854,0.000,0.000,0.000,0.000,0.000,0.000,1.000,1.000,0.000,48.919,49.100,0.940,66.389,5.000,101.0,47.0,-28.9743595123291,53.589744567871094
244.024,13:04:20.987,459.819,36.118,16607.854,0.000,0.000,0.000,0.000,0.000,0.000,1.000,1.000,0.000,49.281,49.100,0.940,66.417,5.000,101.0,47.0,-28.9743595123291,53.589744567871094
244.168,13:04:21.052,459.819,36.118,16607.854,0.000,0.000,0.000,0.000,0.000,0.000,1.000,1.000,0.000,49.281,49.100,0.940,66.417,5.000,101.0,47.0,-28.9743595123291,53.589744567871094
244.231,13:04:21.115,459.819,36.118,16607.854,0.000,0.000,0.000,0.000,0.000,0.000,1.000,1.000,0.000,49.281,49.100,0.940,66.417,5.000,101.0,47.0,-28.9743595123291,53.589744567871094
244.295,13:04:21.259,461.226,35.803,16513.127,0.000,0.000,0.000,0.000,0.000,0.000,1.000,1.000,0.000,48.919,49.100,0.940,66.426,5.000,101.0,47.0,-28.9743595123291,53.589744567871094
244.439,13:04:21.323,461.226,35.803,16513.127,0.000,0.000,0.000,0.000,0.000,0.000,1.000,1.000,0.000,48.919,49.100,0.940,66.426,5.000,101.0,47.0,-28.9743595123291,53.589744567871094
244.503,13:04:21.578,461.226,35.803,16513.127,0.000,0.000,0.000,0.000,0.000,0.000,1.000,1.000,0.000,48.919,49.100,0.940,66.426,5.000,101.0,47.0,21.64102554321289,19.94871711730957
244.759,13:04:21.723,464.730,34.951,16242.890,0.000,0.000,0.000,0.000,0.000,0.000,1.000,1.000,0.000,48.518,48.700,0.940,66.401,5.000,101.0,47.0,21.64102554321289,19.94871711730957
244.904,13:04:21.787,464.730,34.951,16242.890,0.000,0.000,0.000,0.000,0.000,0.000,1.000,1.000,0.000,48.518,48.700,0.940,66.401,5.000,101.0,47.0,21.64102554321289,19.94871711730957
244.967,13:04:21.851,464.730,34.951,16242.890,0.000,0.000,0.000,0.000,0.000,0.000,1.000,1.000,0.000,48.518,48.700,0.940,66.401,5.000,101.0,47.0,21.64102554321289,19.94871711730957
245.031,13:04:21.995,464.730,34.951,16242.890,0.000,0.000,0.000,0.000,0.000,0.000,1.000,1.000,0.000,48.518,48.700,0.940,66.401,5.000,101.0,47.0,21.64102554321289,19.94871711730957
245.175,13:04:22.059,464.042,35.115,16295.006,0.000,0.000,0.000,0.000,0.000,0.000,1.000,1.000,0.000,48.518,48.700,0.940,66.401,5.000,101.0,47.0,21.64102554321289,19.94871711730957
245.238,13:04:22.122,464.042,35.115,16295.006,0.000,0.000,0.000,0.000,0.000,0.000,1.000,1.000,0.000,48.518,48.700,0.940,66.401,5.000,101.0,47.0,21.64102554321289,19.94871711730957
245.303,13:04:22.267,464.042,35.115,16295.006,0.000,0.000,0.000,0.000,0.000,0.000,1.000,1.000,0.000,48.881,48.700,0.940,66.418,5.000,101.0,47.0,21.64102554321289,19.94871711730957
245.446,13:04:22.330,464.042,35.115,16295.006,0.000,0.000,0.000,0.000,0.000,0.000,1.000,1.000,0.000,48.881,48.700,0.940,66.418,5.000,101.0,47.0,21.64102554321289,19.94871711730957
245.511,13:04:22.586,464.042,35.115,16295.006,0.000,0.000,0.000,0.000,0.000,0.000,1.000,1.000,0.000,48.881,48.700,0.940,66.418,5.000,101.0,47.0,24.30769157409668,-55.02564239501953
245.766,13:04:22.731,460.191,36.024,16577.941,0.000,0.000,0.000,0.000,0.000,0.000,1.000,1.000,0.000,49.281,49.100,0.940,66.388,5.000,101.0,47.0,24.30769157409668,-55.02564239501953
245.911,13:04:22.795,460.191,36.024,16577.941,0.000,0.000,0.000,0.000,0.000,0.000,1.000,1.000,0.000,49.281,49.100,0.940,66.388,5.000,101.0,47.0,24.30769157409668,-55.02564239501953
245.974,13:04:22.858,460.968,35.852,16526.508,0.000,0.000,0.000,0.000,0.000,0.000,1.000,1.000,0.000,49.281,49.100,0.940,66.388,5.000,101.0,47.0,24.30769157409668,-55.02564239501953
246.038,13:04:23.003,460.968,35.852,16526.508,0.000,0.000,0.000,0.000,0.000,0.000,1.000,1.000,0.000,48.919,49.100,0.940,66.374,5.000,101.0,47.0,24.30769157409668,-55.02564239501953
246.182,13:04:23.066,460.968,35.852,16526.508,0.000,0.000,0.000,0.000,0.000,0.000,1.000,1.000,0.000,48.919,49.100,0.940,66.374,5.000,101.0,47.0,24.30769157409668,-55.02564239501953
246.246,13:04:23.130,460.968,35.852,16526.508,0.000,0.000,0.000,0.000,0.000,0.000,1.000,1.000,0.000,48.919,49.100,0.940,66.374,5.000,101.0,47.0,24.30769157409668,-55.02564239501953
246.310,13:04:23.274,460.968,35.852,16526.508,0.000,0.000,0.000,0.000,0.000,0.000,1.000,1.000,0.000,49.281,49.100,0.940,66.407,5.000,101.0,47.0,24.30769157409668,-55.02564239501953
246.454,13:04:23.338,460.742,35.912,16546.023,0.000,0.000,0.000,0.000,0.000,0.000,1.000,1.000,0.000,49.281,49.100,0.940,66.407,5.000,101.0,47.0,24.30769157409668,-55.02564239501953
246.518,13:04:23.594,460.742,35.912,16546.023,0.000,0.000,0.000,0.000,0.000,0.000,1.000,1.000,0.000,49.281,49.100,0.940,66.407,5.000,101.0,47.0,45.07692337036133,-43.69230651855469
246.774,13:04:23.738,461.073,35.838,16523.912,0.000,0.000,0.000,0.000,0.000,0.000,1.000,1.000,0.000,48.919,49.100,0.940,66.402,5.000,101.0,47.0,45.07692337036133,-43.69230651855469
246.918,13:04:23.802,461.073,35.838,16523.912,0.000,0.000,0.000,0.000,0.000,0.000,1.000,1.000,0.000,48.919,49.100,0.940,66.402,5.000,101.0,47.0,45.07692337036133,-43.69230651855469
246.983,13:04:23.866,461.073,35.838,16523.912,0.000,0.000,0.000,0.000,0.000,0.000,1.000,1.000,0.000,48.919,49.100,0.940,66.402,5.000,101.0,47.0,45.07692337036133,-43.69230651855469
247.046,13:04:24.010,461.073,35.838,16523.912,0.000,0.000,0.000,0.000,0.000,0.000,1.000,1.000,0.000,48.919,49.100,0.940,66.402,5.000,101.0,47.0,45.07692337036133,-43.69230651855469
247.189,13:04:24.073,463.979,35.129,16299.301,0.000,0.000,0.000,0.000,0.000,0.000,1.000,1.000,0.000,48.919,49.100,0.940,66.402,5.000,101.0,47.0,45.07692337036133,-43.69230651855469
247.254,13:04:24.138,463.979,35.129,16299.301,0.000,0.000,0.000,0.000,0.000,0.000,1.000,1.000,0.000,48.919,49.100,0.940,66.402,5.000,101.0,47.0,45.07692337036133,-43.69230651855469
247.318,13:04:24.281,463.979,35.129,16299.301,0.000,0.000,0.000,0.000,0.000,0.000,1.000,1.000,0.000,48.919,49.100,0.940,66.419,5.000,101.0,47.0,45.07692337036133,-43.69230651855469
247.462,13:04:24.346,463.979,35.129,16299.301,0.000,0.000,0.000,0.000,0.000,0.000,1.000,1.000,0.000,48.919,49.100,0.940,66.419,5.000,101.0,47.0,45.07692337036133,-43.69230651855469
247.525,13:04:24.601,463.979,35.129,16299.301,0.000,0.000,0.000,0.000,0.000,0.000,1.000,1.000,0.000,48.919,49.100,0.940,66.419,5.000,101.0,47.0,49.89743423461914,-26.564102172851562
247.782,13:04:24.745,460.727,35.903,16541.297,0.000,0.000,0.000,0.000,0.000,0.000,1.000,1.000,0.000,48.919,49.100,0.940,66.408,5.000,101.0,47.0,49.89743423461914,-26.564102172851562
247.925,13:04:24.809,460.727,35.903,16541.297,0.000,0.000,0.000,0.000,0.000,0.000,1.000,1.000,0.000,48.919,49.100,0.940,66.408,5.000,101.0,47.0,49.89743423461914,-26.564102172851562
247.989,13:04:24.873,460.556,35.951,16557.363,0.000,0.000,0.000,0.000,0.000,0.000,1.000,1.000,0.000,48.919,49.100,0.940,66.408,5.000,101.0,47.0,49.89743423461914,-26.564102172851562
248.053,13:04:25.017,460.556,35.951,16557.363,0.000,0.000,0.000,0.000,0.000,0.000,1.000,1.000,0.000,49.281,49.100,0.940,66.441,5.000,101.0,47.0,49.89743423461914,-26.564102172851562
248.197,13:04:25.081,460.556,35.951,16557.363,0.000,0.000,0.000,0.000,0.000,0.000,1.000,1.000,0.000,49.281,49.100,0.940,66.441,5.000,101.0,47.0,49.89743423461914,-26.564102172851562
248.261,13:04:25.145,460.556,35.951,16557.363,0.000,0.000,0.000,0.000,0.000,0.000,1.000,1.000,0.000,49.281,49.100,0.940,66.441,5.000,101.0,47.0,49.89743423461914,-26.564102172851562
248.326,13:04:25.547,460.556,35.951,16557.363,0.000,0.000,0.000,0.000,0.000,0.000,1.000,1.000,0.000,49.281,49.100,0.940,66.441,5.000,101.0,47.0,49.89743423461914,-26.564102172851562
248.725,13:04:25.881,460.546,35.951,16557.162,0.000,0.000,0.000,0.000,0.000,0.000,1.000,1.000,0.000,48.881,48.700,0.940,66.413,5.000,101.0,47.0,-21.743589401245117,-33.07692337036133
249.061,13:04:26.025,460.604,35.938,16553.105,0.000,0.000,0.000,0.000,0.000,0.000,1.000,1.000,0.000,48.881,48.700,0.940,66.413,5.000,101.0,47.0,-21.743589401245117,-33.07692337036133
249.204,13:04:26.088,464.146,35.086,16284.833,0.000,0.000,0.000,0.000,0.000,0.000,1.000,1.000,0.000,48.881,48.700,0.940,66.413,5.000,101.0,47.0,-21.743589401245117,-33.07692337036133
249.269,13:04:26.152,464.146,35.086,16284.833,0.000,0.000,0.000,0.000,0.000,0.000,1.000,1.000,0.000,48.881,48.700,0.940,66.413,5.000,101.0,47.0,-21.743589401245117,-33.07692337036133
249.332,13:04:26.297,464.146,35.086,16284.833,0.000,0.000,0.000,0.000,0.000,0.000,1.000,1.000,0.000,48.881,48.700,0.940,66.439,5.000,101.0,47.0,-21.743589401245117,-33.07692337036133
249.477,13:04:26.361,464.146,35.086,16284.833,0.000,0.000,0.000,0.000,0.000,0.000,1.000,1.000,0.000,48.881,48.700,0.940,66.439,5.000,101.0,47.0,-21.743589401245117,-33.07692337036133
249.540,13:04:26.424,464.146,35.086,16284.833,0.000,0.000,0.000,0.000,0.000,0.000,1.000,1.000,0.000,48.881,48.700,0.940,66.439,5.000,101.0,47.0,-21.743589401245117,-33.07692337036133
249.604,13:04:26.567,464.081,35.114,16295.684,0.000,0.000,0.000,0.000,0.000,0.000,1.000,1.000,0.000,48.919,49.100,0.940,66.440,5.000,101.0,47.0,-21.743589401245117,-33.07692337036133
249.748,13:04:26.824,464.081,35.114,16295.684,0.000,0.000,0.000,0.000,0.000,0.000,1.000,1.000,0.000,48.919,49.100,0.940,66.440,5.000,101.0,47.0,-42.0512809753418,43.02564239501953
250.004,13:04:26.968,461.651,35.768,16512.312,0.000,0.000,0.000,0.000,0.000,0.000,1.000,1.000,0.000,48.920,49.100,0.940,66.399,5.000,101.0,47.0,-42.0512809753418,43.02564239501953
250.148,13:04:27.032,461.651,35.768,16512.312,0.000,0.000,0.000,0.000,0.000,0.000,1.000,1.000,0.000,48.920,49.100,0.940,66.399,5.000,101.0,47.0,-42.0512809753418,43.02564239501953
250.212,13:04:27.095,461.651,35.768,16512.312,0.000,0.000,0.000,0.000,0.000,0.000,1.000,1.000,0.000,48.920,49.100,0.940,66.399,5.000,101.0,47.0,-42.0512809753418,43.02564239501953
250.275,13:04:27.239,461.651,35.768,16512.312,0.000,0.000,0.000,0.000,0.000,0.000,1.000,1.000,0.000,48.920,49.100,0.940,66.399,5.000,101.0,47.0,-42.0512809753418,43.02564239501953
250.419,13:04:27.303,458.842,36.400,16701.932,0.000,0.000,0.000,0.000,0.000,0.000,1.000,1.000,0.000,48.920,49.100,0.940,66.399,5.000,101.0,47.0,-42.0512809753418,43.02564239501953
250.484,13:04:27.368,458.842,36.400,16701.932,0.000,0.000,0.000,0.000,0.000,0.000,1.000,1.000,0.000,48.920,49.100,0.940,66.399,5.000,101.0,47.0,-42.0512809753418,43.02564239501953
250.547,13:04:27.511,458.842,36.400,16701.932,0.000,0.000,0.000,0.000,0.000,0.000,1.000,1.000,0.000,49.280,49.100,0.940,66.380,5.000,101.0,47.0,-42.0512809753418,43.02564239501953
250.691,13:04:27.575,458.842,36.400,16701.932,0.000,0.000,0.000,0.000,0.000,0.000,1.000,1.000,0.000,49.280,49.100,0.940,66.380,5.000,101.0,47.0,-42.0512809753418,43.02564239501953
250.755,13:04:27.831,458.842,36.400,16701.932,0.000,0.000,0.000,0.000,0.000,0.000,1.000,1.000,0.000,49.280,49.100,0.940,66.380,5.000,101.0,47.0,21.128204345703125,28.102563858032227
251.012,13:04:27.976,462.918,35.464,16416.984,0.000,0.000,0.000,0.000,0.000,0.000,1.000,1.000,0.000,48.920,49.100,0.940,66.432,5.000,101.0,47.0,21.128204345703125,28.102563858032227
251.155,13:04:28.039,462.918,35.464,16416.984,0.000,0.000,0.000,0.000,0.000,0.000,1.000,1.000,0.000,48.920,49.100,0.940,66.432,5.000,101.0,47.0,21.128204345703125,28.102563858032227
251.219,13:04:28.103,457.402,36.723,16797.186,0.000,0.000,0.000,0.000,0.000,0.000,1.000,1.000,0.000,48.920,49.100,0.940,66.432,5.000,101.0,47.0,21.128204345703125,28.102563858032227
251.284,13:04:28.246,457.402,36.723,16797.186,0.000,0.000,0.000,0.000,0.000,0.000,1.000,1.000,0.000,49.281,49.100,0.940,66.438,5.000,101.0,47.0,21.128204345703125,28.102563858032227
251.428,13:04:28.312,457.402,36.723,16797.186,0.000,0.000,0.000,0.000,0.000,0.000,1.000,1.000,0.000,49.281,49.100,0.940,66.438,5.000,101.0,47.0,21.128204345703125,28.102563858032227
251.492,13:04:28.375,457.402,36.723,16797.186,0.000,0.000,0.000,0.000,0.000,0.000,1.000,1.000,0.000,49.281,49.100,0.940,66.438,5.000,101.0,47.0,21.128204345703125,28.102563858032227
251.556,13:04:28.518,457.402,36.723,16797.186,0.000,0.000,0.000,0.000,0.000,0.000,1.000,1.000,0.000,48.919,49.100,0.940,66.463,5.000,101.0,47.0,21.128204345703125,28.102563858032227
251.699,13:04:28.583,462.826,35.486,16423.719,0.000,0.000,0.000,0.000,0.000,0.000,1.000,1.000,0.000,48.919,49.100,0.940,66.463,5.000,101.0,47.0,21.128204345703125,28.102563858032227
251.762,13:04:28.838,462.826,35.486,16423.719,0.000,0.000,0.000,0.000,0.000,0.000,1.000,1.000,0.000,48.919,49.100,0.940,66.463,5.000,101.0,47.0,-30.0,-15.64102554321289
252.018,13:04:28.983,462.826,35.486,16423.719,0.000,0.000,0.000,0.000,0.000,0.000,1.000,1.000,0.000,49.281,49.100,0.940,66.439,5.000,101.0,47.0,-30.0,-15.64102554321289
252.163,13:04:29.047,459.131,36.341,16685.473,0.000,0.000,0.000,0.000,0.000,0.000,1.000,1.000,0.000,49.281,49.100,0.940,66.439,5.000,101.0,47.0,-30.0,-15.64102554321289
252.227,13:04:29.111,459.131,36.341,16685.473,0.000,0.000,0.000,0.000,0.000,0.000,1.000,1.000,0.000,49.281,49.100,0.940,66.439,5.000,101.0,47.0,-30.0,-15.64102554321289
252.291,13:04:29.254,459.131,36.341,16685.473,0.000,0.000,0.000,0.000,0.000,0.000,1.000,1.000,0.000,49.281,49.100,0.940,66.439,5.000,101.0,47.0,-30.0,-15.64102554321289
252.435,13:04:29.319,465.144,34.906,16236.439,0.000,0.000,0.000,0.000,0.000,0.000,1.000,1.000,0.000,49.281,49.100,0.940,66.439,5.000,101.0,47.0,-30.0,-15.64102554321289
252.499,13:04:29.382,465.144,34.906,16236.439,0.000,0.000,0.000,0.000,0.000,0.000,1.000,1.000,0.000,49.281,49.100,0.940,66.439,5.000,101.0,47.0,-30.0,-15.64102554321289
252.563,13:04:29.526,465.144,34.906,16236.439,0.000,0.000,0.000,0.000,0.000,0.000,1.000,1.000,0.000,48.518,48.700,0.940,66.488,5.000,101.0,47.0,-30.0,-15.64102554321289
252.706,13:04:29.590,465.144,34.906,16236.439,0.000,0.000,0.000,0.000,0.000,0.000,1.000,1.000,0.000,48.518,48.700,0.940,66.488,5.000,101.0,47.0,-30.0,-15.64102554321289
252.770,13:04:29.861,465.144,34.906,16236.439,0.000,0.000,0.000,0.000,0.000,0.000,1.000,1.000,0.000,48.518,48.700,0.940,66.488,5.000,101.0,47.0,-46.82051467895508,4.717948913574219
253.042,13:04:30.007,463.196,35.398,16396.305,0.000,0.000,0.000,0.000,0.000,0.000,1.000,1.000,0.000,48.919,49.100,0.940,66.443,5.000,101.0,47.0,-46.82051467895508,4.717948913574219
253.185,13:04:30.069,463.196,35.398,16396.305,0.000,0.000,0.000,0.000,0.000,0.000,1.000,1.000,0.000,48.919,49.100,0.940,66.443,5.000,101.0,47.0,-46.82051467895508,4.717948913574219
253.250,13:04:30.134,461.252,35.871,16545.592,0.000,0.000,0.000,0.000,0.000,0.000,1.000,1.000,0.000,48.919,49.100,0.940,66.443,5.000,101.0,47.0,-46.82051467895508,4.717948913574219
253.314,13:04:30.277,461.252,35.871,16545.592,0.000,0.000,0.000,0.000,0.000,0.000,1.000,1.000,0.000,48.881,48.700,0.940,66.424,5.000,101.0,47.0,-46.82051467895508,4.717948913574219
253.458,13:04:30.342,461.252,35.871,16545.592,0.000,0.000,0.000,0.000,0.000,0.000,1.000,1.000,0.000,48.881,48.700,0.940,66.424,5.000,101.0,47.0,-46.82051467895508,4.717948913574219
253.522,13:04:30.406,461.252,35.871,16545.592,0.000,0.000,0.000,0.000,0.000,0.000,1.000,1.000,0.000,48.881,48.700,0.940,66.424,5.000,101.0,47.0,-46.82051467895508,4.717948913574219
253.585,13:04:30.549,461.252,35.871,16545.592,0.000,0.000,0.000,0.000,0.000,0.000,1.000,1.000,0.000,49.319,49.500,0.940,66.442,5.000,101.0,47.0,-46.82051467895508,4.717948913574219
253.730,13:04:30.614,459.402,36.298,16675.156,0.000,0.000,0.000,0.000,0.000,0.000,1.000,1.000,0.000,49.319,49.500,0.940,66.442,5.000,101.0,47.0,-46.82051467895508,4.717948913574219
253.794,13:04:30.869,459.402,36.298,16675.156,0.000,0.000,0.000,0.000,0.000,0.000,1.000,1.000,0.000,49.319,49.500,0.940,66.442,5.000,101.0,47.0,50.871795654296875,-7.743589878082275
254.050,13:04:31.014,459.402,36.298,16675.156,0.000,0.000,0.000,0.000,0.000,0.000,1.000,1.000,0.000,48.881,48.700,0.940,66.423,5.000,101.0,47.0,50.871795654296875,-7.743589878082275
254.193,13:04:31.077,461.167,35.894,16553.346,0.000,0.000,0.000,0.000,0.000,0.000,1.000,1.000,0.000,48.881,48.700,0.940,66.423,5.000,101.0,47.0,50.871795654296875,-7.743589878082275
254.258,13:04:31.142,461.167,35.894,16553.346,0.000,0.000,0.000,0.000,0.000,0.000,1.000,1.000,0.000,48.881,48.700,0.940,66.423,5.000,101.0,47.0,50.871795654296875,-7.743589878082275
254.321,13:04:31.285,461.167,35.894,16553.346,0.000,0.000,0.000,0.000,0.000,0.000,1.000,1.000,0.000,48.881,48.700,0.940,66.423,5.000,101.0,47.0,50.871795654296875,-7.743589878082275
254.465,13:04:31.349,461.193,35.891,16552.547,0.000,0.000,0.000,0.000,0.000,0.000,1.000,1.000,0.000,48.881,48.700,0.940,66.423,5.000,101.0,47.0,50.871795654296875,-7.743589878082275
254.530,13:04:31.414,461.193,35.891,16552.547,0.000,0.000,0.000,0.000,0.000,0.000,1.000,1.000,0.000,48.881,48.700,0.940,66.423,5.000,101.0,47.0,50.871795654296875,-7.743589878082275
254.593,13:04:31.556,461.193,35.891,16552.547,0.000,0.000,0.000,0.000,0.000,0.000,1.000,1.000,0.000,48.919,49.100,0.940,66.466,5.000,101.0,47.0,50.871795654296875,-7.743589878082275
254.736,13:04:31.620,461.193,35.891,16552.547,0.000,0.000,0.000,0.000,0.000,0.000,1.000,1.000,0.000,48.919,49.100,0.940,66.466,5.000,101.0,47.0,50.871795654296875,-7.743589878082275
254.801,13:04:31.877,461.193,35.891,16552.547,0.000,0.000,0.000,0.000,0.000,0.000,1.000,1.000,0.000,48.919,49.100,0.940,66.466,5.000,101.0,47.0,29.794872283935547,-54.25640869140625
255.057,13:04:32.020,463.460,35.350,16383.372,0.000,0.000,0.000,0.000,0.000,0.000,1.000,1.000,0.000,48.919,49.100,0.940,66.473,5.000,101.0,47.0,29.794872283935547,-54.25640869140625
255.200,13:04:32.084,463.460,35.350,16383.372,0.000,0.000,0.000,0.000,0.000,0.000,1.000,1.000,0.000,48.919,49.100,0.940,66.473,5.000,101.0,47.0,29.794872283935547,-54.25640869140625
255.264,13:04:32.148,463.460,35.350,16383.372,0.000,0.000,0.000,0.000,0.000,0.000,1.000,1.000,0.000,48.919,49.100,0.940,66.473,5.000,101.0,47.0,29.794872283935547,-54.25640869140625
255.328,13:04:32.292,461.244,35.903,16560.213,0.000,0.000,0.000,0.000,0.000,0.000,1.000,1.000,0.000,48.881,48.700,0.940,66.443,5.000,101.0,47.0,29.794872283935547,-54.25640869140625
255.472,13:04:32.356,461.244,35.903,16560.213,0.000,0.000,0.000,0.000,0.000,0.000,1.000,1.000,0.000,48.881,48.700,0.940,66.443,5.000,101.0,47.0,29.794872283935547,-54.25640869140625
255.536,13:04:32.420,461.244,35.903,16560.213,0.000,0.000,0.000,0.000,0.000,0.000,1.000,1.000,0.000,48.881,48.700,0.940,66.443,5.000,101.0,47.0,29.794872283935547,-54.25640869140625
255.600,13:04:32.564,461.244,35.903,16560.213,0.000,0.000,0.000,0.000,0.000,0.000,1.000,1.000,0.000,48.881,48.700,0.940,66.443,5.000,101.0,47.0,29.794872283935547,-54.25640869140625
255.744,13:04:32.628,461.138,35.922,16565.152,0.000,0.000,0.000,0.000,0.000,0.000,1.000,1.000,0.000,48.881,48.700,0.940,66.443,5.000,101.0,47.0,29.794872283935547,-54.25640869140625
255.809,13:04:32.884,461.138,35.922,16565.152,0.000,0.000,0.000,0.000,0.000,0.000,1.000,1.000,0.000,48.881,48.700,0.940,66.443,5.000,101.0,47.0,-32.769229888916016,50.92307662963867
256.064,13:04:33.029,461.138,35.922,16565.152,0.000,0.000,0.000,0.000,0.000,0.000,1.000,1.000,0.000,49.319,49.500,0.940,66.448,5.000,101.0,47.0,-32.769229888916016,50.92307662963867
256.208,13:04:33.091,456.766,36.878,16844.762,0.000,0.000,0.000,0.000,0.000,0.000,1.000,1.000,0.000,49.319,49.500,0.940,66.448,5.000,101.0,47.0,-32.769229888916016,50.92307662963867
256.272,13:04:33.156,456.766,36.878,16844.762,0.000,0.000,0.000,0.000,0.000,0.000,1.000,1.000,0.000,49.319,49.500,0.940,66.448,5.000,101.0,47.0,-32.769229888916016,50.92307662963867
256.337,13:04:33.300,456.766,36.878,16844.762,0.000,0.000,0.000,0.000,0.000,0.000,1.000,1.000,0.000,49.319,49.500,0.940,66.448,5.000,101.0,47.0,-32.769229888916016,50.92307662963867
256.481,13:04:33.365,456.766,36.878,16844.762,0.000,0.000,0.000,0.000,0.000,0.000,1.000,1.000,0.000,49.319,49.500,0.940,66.448,5.000,101.0,47.0,-32.769229888916016,50.92307662963867
256.544,13:04:33.428,460.964,35.960,16576.137,0.000,0.000,0.000,0.000,0.000,0.000,1.000,1.000,0.000,49.319,49.500,0.940,66.448,5.000,101.0,47.0,-32.769229888916016,50.92307662963867
256.609,13:04:33.571,460.964,35.960,16576.137,0.000,0.000,0.000,0.000,0.000,0.000,1.000,1.000,0.000,48.881,48.700,0.940,66.488,5.000,101.0,47.0,-32.769229888916016,50.92307662963867
256.752,13:04:33.635,460.964,35.960,16576.137,0.000,0.000,0.000,0.000,0.000,0.000,1.000,1.000,0.000,48.881,48.700,0.940,66.488,5.000,101.0,47.0,-32.769229888916016,50.92307662963867
257.167,13:04:34.324,460.897,35.994,16589.529,0.000,0.000,0.000,0.000,0.000,0.000,1.000,1.000,0.000,48.919,49.100,0.940,66.471,5.000,101.0,47.0,17.743589401245117,38.61538314819336
257.504,13:04:34.467,460.106,36.166,16640.316,0.000,0.000,0.000,0.000,0.000,0.000,1.000,1.000,0.000,49.281,49.100,0.940,66.506,5.000,101.0,47.0,17.743589401245117,38.61538314819336
257.647,13:04:34.531,460.106,36.166,16640.316,0.000,0.000,0.000,0.000,0.000,0.000,1.000,1.000,0.000,49.281,49.100,0.940,66.506,5.000,101.0,47.0,17.743589401245117,38.61538314819336
257.711,13:04:34.595,460.106,36.166,16640.316,0.000,0.000,0.000,0.000,0.000,0.000,1.000,1.000,0.000,49.281,49.100,0.940,66.506,5.000,101.0,47.0,17.743589401245117,38.61538314819336
257.775,13:04:34.739,463.943,35.254,16355.786,0.000,0.000,0.000,0.000,0.000,0.000,1.000,1.000,0.000,48.881,48.700,0.940,66.510,5.000,101.0,47.0,17.743589401245117,38.61538314819336
257.920,13:04:34.804,463.943,35.254,16355.786,0.000,0.000,0.000,0.000,0.000,0.000,1.000,1.000,0.000,48.881,48.700,0.940,66.510,5.000,101.0,47.0,17.743589401245117,38.61538314819336
257.983,13:04:34.866,463.943,35.254,16355.786,0.000,0.000,0.000,0.000,0.000,0.000,1.000,1.000,0.000,48.881,48.700,0.940,66.510,5.000,101.0,47.0,17.743589401245117,38.61538314819336
258.047,13:04:35.012,463.943,35.254,16355.786,0.000,0.000,0.000,0.000,0.000,0.000,1.000,1.000,0.000,48.881,48.700,0.940,66.510,5.000,101.0,47.0,17.743589401245117,38.61538314819336
258.190,13:04:35.266,461.017,35.971,16583.080,0.000,0.000,0.000,0.000,0.000,0.000,1.000,1.000,0.000,48.881,48.700,0.940,66.510,5.000,101.0,47.0,17.487178802490234,-50.97435760498047
258.446,13:04:35.410,461.017,35.971,16583.080,0.000,0.000,0.000,0.000,0.000,0.000,1.000,1.000,0.000,48.919,49.100,0.940,66.517,5.000,101.0,47.0,17.487178802490234,-50.97435760498047
258.590,13:04:35.474,204.478,29.084,5947.009,0.000,0.000,0.000,0.000,0.000,0.000,1.000,1.000,0.000,48.919,49.100,0.940,66.517,5.000,101.0,47.0,17.487178802490234,-50.97435760498047
258.654,13:04:35.538,204.478,29.084,5947.009,0.000,0.000,0.000,0.000,0.000,0.000,1.000,1.000,0.000,48.919,49.100,0.940,66.517,5.000,101.0,47.0,17.487178802490234,-50.97435760498047
258.718,13:04:35.827,204.478,29.084,5947.009,0.000,0.000,0.000,0.000,0.000,0.000,1.000,1.000,0.000,48.361,22.493,0.940,67.209,5.000,101.0,47.0,17.487178802490234,-50.97435760498047
259.006,13:04:35.970,204.478,29.084,5947.009,0.000,0.000,0.000,0.000,0.000,0.000,1.000,1.000,1.000,0.100,0.100,0.010,67.443,5.000,101.0,47.0,17.487178802490234,-50.97435760498047
259.150,13:04:36.034,494.042,0.578,285.648,0.000,0.000,0.000,0.000,0.000,0.000,1.000,1.000,1.000,0.100,0.100,0.010,67.443,5.000,101.0,47.0,17.487178802490234,-50.97435760498047
259.214,13:04:36.290,494.042,0.578,285.648,0.000,0.000,0.000,0.000,0.000,0.000,1.000,1.000,1.000,0.100,0.100,0.010,67.443,5.000,101.0,47.0,0.0,0.10256410390138626
259.470,13:04:36.434,494.098,0.576,284.733,0.000,0.000,0.000,0.000,0.000,0.000,1.000,1.000,0.000,0.300,0.300,0.010,66.642,5.000,101.0,47.0,0.0,0.10256410390138626
259.614,13:04:36.497,494.098,0.576,284.733,0.000,0.000,0.000,0.000,0.000,0.000,1.000,1.000,0.000,0.300,0.300,0.010,66.642,5.000,101.0,47.0,0.0,0.10256410390138626
259.677,13:04:36.561,494.098,0.576,284.733,0.000,0.000,0.000,0.000,0.000,0.000,1.000,1.000,0.000,0.300,0.300,0.010,66.642,5.000,101.0,47.0,0.0,0.10256410390138626
259.742,13:04:36.707,494.098,0.576,284.733,0.000,0.000,0.000,0.000,0.000,0.000,1.000,1.000,0.000,0.300,0.300,0.010,66.642,5.000,101.0,47.0,0.0,0.10256410390138626
259.886,13:04:36.770,494.136,0.576,284.756,0.000,0.000,0.000,0.000,0.000,0.000,1.000,1.000,0.000,0.300,0.300,0.010,66.642,5.000,101.0,47.0,0.0,0.10256410390138626
259.950,13:04:36.833,494.136,0.576,284.756,0.000,0.000,0.000,0.000,0.000,0.000,1.000,1.000,0.000,0.300,0.300,0.010,66.642,5.000,101.0,47.0,0.0,0.10256410390138626
260.014,13:04:36.977,494.136,0.576,284.756,0.000,0.000,0.000,0.000,0.000,0.000,1.000,1.000,0.000,0.319,0.500,0.010,65.432,5.000,101.0,47.0,0.0,0.10256410390138626
260.158,13:04:37.042,494.136,0.576,284.756,0.000,0.000,0.000,0.000,0.000,0.000,1.000,1.000,0.000,0.319,0.500,0.010,65.432,5.000,101.0,47.0,0.0,0.10256410390138626
260.222,13:04:37.298,494.136,0.576,284.756,0.000,0.000,0.000,0.000,0.000,0.000,1.000,1.000,0.000,0.319,0.500,0.010,65.432,5.000,101.0,47.0,-0.05128205195069313,0.05128205195069313
260.478,13:04:37.441,494.172,0.571,282.375,0.000,0.000,0.000,0.000,0.000,0.000,1.000,1.000,1.000,0.500,0.500,0.011,64.278,5.000,101.0,47.0,-0.05128205195069313,0.05128205195069313
260.621,13:04:37.505,494.172,0.571,282.375,0.000,0.000,0.000,0.000,0.000,0.000,1.000,1.000,1.000,0.500,0.500,0.011,64.278,5.000,101.0,47.0,-0.05128205195069313,0.05128205195069313
260.685,13:04:37.569,494.257,0.571,282.126,0.000,0.000,0.000,0.000,0.000,0.000,1.000,1.000,1.000,0.500,0.500,0.011,64.278,5.000,101.0,47.0,-0.05128205195069313,0.05128205195069313
260.749,13:04:37.714,494.257,0.571,282.126,0.000,0.000,0.000,0.000,0.000,0.000,1.000,1.000,0.000,0.700,0.700,0.016,63.170,5.000,101.0,47.0,-0.05128205195069313,0.05128205195069313
260.893,13:04:37.777,494.257,0.571,282.126,0.000,0.000,0.000,0.000,0.000,0.000,1.000,1.000,0.000,0.700,0.700,0.016,63.170,5.000,101.0,47.0,-0.05128205195069313,0.05128205195069313
260.958,13:04:37.842,494.257,0.571,282.126,0.000,0.000,0.000,0.000,0.000,0.000,1.000,1.000,0.000,0.700,0.700,0.016,63.170,5.000,101.0,47.0,-0.05128205195069313,0.05128205195069313
261.021,13:04:38.233,494.257,0.571,282.126,0.000,0.000,0.000,0.000,0.000,0.000,1.000,1.000,0.000,0.700,0.700,0.016,63.170,5.000,101.0,47.0,-0.05128205195069313,0.05128205195069313
261.405,13:04:38.560,494.340,0.569,281.395,0.000,0.000,0.000,0.000,0.000,0.000,1.000,1.000,1.000,0.900,0.900,0.020,62.190,5.000,101.0,47.0,0.7692307829856873,-0.8205128312110901
261.741,13:04:38.704,494.242,0.580,286.734,0.000,0.000,0.000,0.000,0.000,0.000,1.000,1.000,0.000,1.100,1.100,0.024,61.281,5.000,101.0,47.0,0.7692307829856873,-0.8205128312110901
261.884,13:04:38.768,494.298,0.588,290.754,0.000,0.000,0.000,0.000,0.000,0.000,1.000,1.000,0.000,1.100,1.100,0.024,61.281,5.000,101.0,47.0,0.7692307829856873,-0.8205128312110901
261.948,13:04:38.832,494.298,0.588,290.754,0.000,0.000,0.000,0.000,0.000,0.000,1.000,1.000,0.000,1.100,1.100,0.024,61.281,5.000,101.0,47.0,0.7692307829856873,-0.8205128312110901
262.013,13:04:38.977,494.298,0.588,290.754,0.000,0.000,0.000,0.000,0.000,0.000,1.000,1.000,1.000,1.119,1.300,0.025,60.461,5.000,101.0,47.0,0.7692307829856873,-0.8205128312110901
262.157,13:04:39.040,494.298,0.588,290.754,0.000,0.000,0.000,0.000,0.000,0.000,1.000,1.000,1.000,1.119,1.300,0.025,60.461,5.000,101.0,47.0,0.7692307829856873,-0.8205128312110901
262.220,13:04:39.104,494.298,0.588,290.754,0.000,0.000,0.000,0.000,0.000,0.000,1.000,1.000,1.000,1.119,1.300,0.025,60.461,5.000,101.0,47.0,0.7692307829856873,-0.8205128312110901
262.285,13:04:39.248,494.298,0.588,290.754,0.000,0.000,0.000,0.000,0.000,0.000,1.000,1.000,0.000,1.299,1.300,0.029,59.743,5.000,101.0,47.0,0.7692307829856873,-0.8205128312110901
262.429,13:04:39.505,494.144,0.627,309.897,0.000,0.000,0.000,0.000,0.000,0.000,1.000,1.000,0.000,1.299,1.300,0.029,59.743,5.000,101.0,47.0,2.307692289352417,-2.2564103603363037
262.684,13:04:39.647,494.144,0.627,309.897,0.000,0.000,0.000,0.000,0.000,0.000,1.000,1.000,0.000,1.499,1.500,0.033,59.177,5.000,101.0,47.0,2.307692289352417,-2.2564103603363037
262.829,13:04:39.713,494.096,0.657,324.754,0.000,0.000,0.000,0.000,0.000,0.000,1.000,1.000,0.000,1.499,1.500,0.033,59.177,5.000,101.0,47.0,2.307692289352417,-2.2564103603363037
262.892,13:04:39.776,494.096,0.657,324.754,0.000,0.000,0.000,0.000,0.000,0.000,1.000,1.000,0.000,1.499,1.500,0.033,59.177,5.000,101.0,47.0,2.307692289352417,-2.2564103603363037
262.955,13:04:39.919,494.096,0.657,324.754,0.000,0.000,0.000,0.000,0.000,0.000,1.000,1.000,0.000,1.499,1.500,0.033,59.177,5.000,101.0,47.0,2.307692289352417,-2.2564103603363037
263.100,13:04:39.984,494.096,0.657,324.754,0.000,0.000,0.000,0.000,0.000,0.000,1.000,1.000,0.000,1.499,1.500,0.033,59.177,5.000,101.0,47.0,2.307692289352417,-2.2564103603363037
263.163,13:04:40.047,494.069,0.675,333.629,0.000,0.000,0.000,0.000,0.000,0.000,1.000,1.000,0.000,1.499,1.500,0.033,59.177,5.000,101.0,47.0,2.307692289352417,-2.2564103603363037
263.228,13:04:40.192,494.069,0.675,333.629,0.000,0.000,0.000,0.000,0.000,0.000,1.000,1.000,0.000,1.699,1.700,0.038,58.608,5.000,101.0,47.0,2.307692289352417,-2.2564103603363037
263.372,13:04:40.256,494.069,0.675,333.629,0.000,0.000,0.000,0.000,0.000,0.000,1.000,1.000,0.000,1.699,1.700,0.038,58.608,5.000,101.0,47.0,2.307692289352417,-2.2564103603363037
263.437,13:04:40.512,494.069,0.675,333.629,0.000,0.000,0.000,0.000,0.000,0.000,1.000,1.000,0.000,1.699,1.700,0.038,58.608,5.000,101.0,47.0,3.4871795177459717,-2.0512821674346924
263.691,13:04:40.656,494.065,0.671,331.558,0.000,0.000,0.000,0.000,0.000,0.000,1.000,1.000,1.000,1.899,1.900,0.042,58.130,5.000,101.0,47.0,3.4871795177459717,-2.0512821674346924
263.836,13:04:40.720,494.065,0.671,331.558,0.000,0.000,0.000,0.000,0.000,0.000,1.000,1.000,1.000,1.899,1.900,0.042,58.130,5.000,101.0,47.0,3.4871795177459717,-2.0512821674346924
263.899,13:04:40.783,494.065,0.671,331.558,0.000,0.000,0.000,0.000,0.000,0.000,1.000,1.000,1.000,1.899,1.900,0.042,58.130,5.000,101.0,47.0,3.4871795177459717,-2.0512821674346924
263.963,13:04:40.928,494.081,0.685,338.460,0.000,0.000,0.000,0.000,0.000,0.000,1.000,1.000,1.000,1.918,2.100,0.043,57.740,5.000,101.0,47.0,3.4871795177459717,-2.0512821674346924
264.108,13:04:40.992,494.081,0.685,338.460,0.000,0.000,0.000,0.000,0.000,0.000,1.000,1.000,1.000,1.918,2.100,0.043,57.740,5.000,101.0,47.0,3.4871795177459717,-2.0512821674346924
264.172,13:04:41.056,494.081,0.685,338.460,0.000,0.000,0.000,0.000,0.000,0.000,1.000,1.000,1.000,1.918,2.100,0.043,57.740,5.000,101.0,47.0,3.4871795177459717,-2.0512821674346924
264.235,13:04:41.200,494.081,0.685,338.460,0.000,0.000,0.000,0.000,0.000,0.000,1.000,1.000,1.000,1.918,2.100,0.043,57.740,5.000,101.0,47.0,3.4871795177459717,-2.0512821674346924
264.379,13:04:41.263,494.050,0.706,348.560,0.000,0.000,0.000,0.000,0.000,0.000,1.000,1.000,1.000,1.918,2.100,0.043,57.740,5.000,101.0,47.0,3.4871795177459717,-2.0512821674346924
264.443,13:04:41.519,494.050,0.706,348.560,0.000,0.000,0.000,0.000,0.000,0.000,1.000,1.000,1.000,1.918,2.100,0.043,57.740,5.000,101.0,47.0,-3.538461446762085,4.564102649688721
264.699,13:04:41.663,494.050,0.706,348.560,0.000,0.000,0.000,0.000,0.000,0.000,1.000,1.000,0.000,2.299,2.300,0.051,56.976,5.000,101.0,47.0,-3.538461446762085,4.564102649688721
264.843,13:04:41.726,493.921,0.747,368.903,0.000,0.000,0.000,0.000,0.000,0.000,1.000,1.000,0.000,2.299,2.300,0.051,56.976,5.000,101.0,47.0,-3.538461446762085,4.564102649688721
264.906,13:04:41.790,493.921,0.747,368.903,0.000,0.000,0.000,0.000,0.000,0.000,1.000,1.000,0.000,2.299,2.300,0.051,56.976,5.000,101.0,47.0,-3.538461446762085,4.564102649688721
264.971,13:04:41.935,493.921,0.747,368.903,0.000,0.000,0.000,0.000,0.000,0.000,1.000,1.000,0.000,2.299,2.300,0.051,56.976,5.000,101.0,47.0,-3.538461446762085,4.564102649688721
265.114,13:04:41.998,493.921,0.747,368.903,0.000,0.000,0.000,0.000,0.000,0.000,1.000,1.000,0.000,2.299,2.300,0.051,56.976,5.000,101.0,47.0,-3.538461446762085,4.564102649688721
265.178,13:04:42.062,493.846,0.778,384.323,0.000,0.000,0.000,0.000,0.000,0.000,1.000,1.000,0.000,2.299,2.300,0.051,56.976,5.000,101.0,47.0,-3.538461446762085,4.564102649688721
265.243,13:04:42.207,493.846,0.778,384.323,0.000,0.000,0.000,0.000,0.000,0.000,1.000,1.000,0.000,2.499,2.500,0.056,56.649,5.000,101.0,47.0,-3.538461446762085,4.564102649688721
265.387,13:04:42.271,493.846,0.778,384.323,0.000,0.000,0.000,0.000,0.000,0.000,1.000,1.000,0.000,2.499,2.500,0.056,56.649,5.000,101.0,47.0,-3.538461446762085,4.564102649688721
265.451,13:04:42.526,493.846,0.778,384.323,0.000,0.000,0.000,0.000,0.000,0.000,1.000,1.000,0.000,2.499,2.500,0.056,56.649,5.000,101.0,47.0,-6.205128192901611,2.8717949390411377
265.706,13:04:42.670,493.826,0.783,386.608,0.000,0.000,0.000,0.000,0.000,0.000,1.000,1.000,1.000,2.700,2.700,0.060,56.364,5.000,101.0,47.0,-6.205128192901611,2.8717949390411377
265.850,13:04:42.734,493.826,0.783,386.608,0.000,0.000,0.000,0.000,0.000,0.000,1.000,1.000,1.000,2.700,2.700,0.060,56.364,5.000,101.0,47.0,-6.205128192901611,2.8717949390411377
265.914,13:04:42.798,493.826,0.783,386.608,0.000,0.000,0.000,0.000,0.000,0.000,1.000,1.000,1.000,2.700,2.700,0.060,56.364,5.000,101.0,47.0,-6.205128192901611,2.8717949390411377
265.978,13:04:42.942,493.802,0.805,397.504,0.000,0.000,0.000,0.000,0.000,0.000,1.000,1.000,1.000,2.719,2.900,0.061,56.121,5.000,101.0,47.0,-6.205128192901611,2.8717949390411377
266.122,13:04:43.006,493.802,0.805,397.504,0.000,0.000,0.000,0.000,0.000,0.000,1.000,1.000,1.000,2.719,2.900,0.061,56.121,5.000,101.0,47.0,-6.205128192901611,2.8717949390411377
266.187,13:04:43.070,493.802,0.805,397.504,0.000,0.000,0.000,0.000,0.000,0.000,1.000,1.000,1.000,2.719,2.900,0.061,56.121,5.000,101.0,47.0,-6.205128192901611,2.8717949390411377
266.250,13:04:43.213,493.802,0.805,397.504,0.000,0.000,0.000,0.000,0.000,0.000,1.000,1.000,1.000,2.719,2.900,0.061,56.121,5.000,101.0,47.0,-6.205128192901611,2.8717949390411377
266.394,13:04:43.278,493.701,0.845,417.122,0.000,0.000,0.000,0.000,0.000,0.000,1.000,1.000,1.000,2.719,2.900,0.061,56.121,5.000,101.0,47.0,-6.205128192901611,2.8717949390411377
266.458,13:04:43.533,493.701,0.845,417.122,0.000,0.000,0.000,0.000,0.000,0.000,1.000,1.000,1.000,2.719,2.900,0.061,56.121,5.000,101.0,47.0,0.1538461595773697,7.07692289352417
266.713,13:04:43.677,493.701,0.845,417.122,0.000,0.000,0.000,0.000,0.000,0.000,1.000,1.000,0.000,3.100,3.100,0.069,55.743,5.000,101.0,47.0,0.1538461595773697,7.07692289352417
266.858,13:04:43.742,493.529,0.915,451.790,0.000,0.000,0.000,0.000,0.000,0.000,1.000,1.000,0.000,3.100,3.100,0.069,55.743,5.000,101.0,47.0,0.1538461595773697,7.07692289352417
266.921,13:04:43.805,493.529,0.915,451.790,0.000,0.000,0.000,0.000,0.000,0.000,1.000,1.000,0.000,3.100,3.100,0.069,55.743,5.000,101.0,47.0,0.1538461595773697,7.07692289352417
266.986,13:04:43.949,493.529,0.915,451.790,0.000,0.000,0.000,0.000,0.000,0.000,1.000,1.000,0.000,3.100,3.100,0.069,55.743,5.000,101.0,47.0,0.1538461595773697,7.07692289352417
267.129,13:04:44.013,493.529,0.915,451.790,0.000,0.000,0.000,0.000,0.000,0.000,1.000,1.000,0.000,3.100,3.100,0.069,55.743,5.000,101.0,47.0,0.1538461595773697,7.07692289352417
267.194,13:04:44.078,493.424,0.943,465.060,0.000,0.000,0.000,0.000,0.000,0.000,1.000,1.000,0.000,3.100,3.100,0.069,55.743,5.000,101.0,47.0,0.1538461595773697,7.07692289352417
267.257,13:04:44.221,493.424,0.943,465.060,0.000,0.000,0.000,0.000,0.000,0.000,1.000,1.000,0.000,3.300,3.300,0.074,55.579,5.000,101.0,47.0,0.1538461595773697,7.07692289352417
267.402,13:04:44.286,493.424,0.943,465.060,0.000,0.000,0.000,0.000,0.000,0.000,1.000,1.000,0.000,3.300,3.300,0.074,55.579,5.000,101.0,47.0,0.1538461595773697,7.07692289352417
267.466,13:04:44.540,493.424,0.943,465.060,0.000,0.000,0.000,0.000,0.000,0.000,1.000,1.000,0.000,3.300,3.300,0.074,55.579,5.000,101.0,47.0,-8.461538314819336,9.384614944458008
267.720,13:04:44.686,493.366,0.958,472.578,0.000,0.000,0.000,0.000,0.000,0.000,1.000,1.000,0.000,3.500,3.500,0.078,55.413,5.000,101.0,47.0,-8.461538314819336,9.384614944458008
267.865,13:04:44.749,493.366,0.958,472.578,0.000,0.000,0.000,0.000,0.000,0.000,1.000,1.000,0.000,3.500,3.500,0.078,55.413,5.000,101.0,47.0,-8.461538314819336,9.384614944458008
267.929,13:04:44.813,493.366,0.958,472.578,0.000,0.000,0.000,0.000,0.000,0.000,1.000,1.000,0.000,3.500,3.500,0.078,55.413,5.000,101.0,47.0,-8.461538314819336,9.384614944458008
267.993,13:04:44.957,493.183,1.022,504.053,0.000,0.000,0.000,0.000,0.000,0.000,1.000,1.000,0.000,3.519,3.700,0.078,55.277,5.000,101.0,47.0,-8.461538314819336,9.384614944458008
268.137,13:04:45.020,493.183,1.022,504.053,0.000,0.000,0.000,0.000,0.000,0.000,1.000,1.000,0.000,3.519,3.700,0.078,55.277,5.000,101.0,47.0,-8.461538314819336,9.384614944458008
268.200,13:04:45.084,493.183,1.022,504.053,0.000,0.000,0.000,0.000,0.000,0.000,1.000,1.000,0.000,3.519,3.700,0.078,55.277,5.000,101.0,47.0,-8.461538314819336,9.384614944458008
268.264,13:04:45.228,493.183,1.022,504.053,0.000,0.000,0.000,0.000,0.000,0.000,1.000,1.000,0.000,3.519,3.700,0.078,55.277,5.000,101.0,47.0,-8.461538314819336,9.384614944458008
268.409,13:04:45.293,492.942,1.089,536.722,0.000,0.000,0.000,0.000,0.000,0.000,1.000,1.000,0.000,3.519,3.700,0.078,55.277,5.000,101.0,47.0,-8.461538314819336,9.384614944458008
268.472,13:04:45.548,492.942,1.089,536.722,0.000,0.000,0.000,0.000,0.000,0.000,1.000,1.000,0.000,3.519,3.700,0.078,55.277,5.000,101.0,47.0,-10.461538314819336,3.7435896396636963
268.728,13:04:45.693,492.942,1.089,536.722,0.000,0.000,0.000,0.000,0.000,0.000,1.000,1.000,1.000,3.700,3.700,0.083,55.185,5.000,101.0,47.0,-10.461538314819336,3.7435896396636963
268.873,13:04:45.757,492.744,1.174,578.542,0.000,0.000,0.000,0.000,0.000,0.000,1.000,1.000,1.000,3.700,3.700,0.083,55.185,5.000,101.0,47.0,-10.461538314819336,3.7435896396636963
268.936,13:04:45.820,492.744,1.174,578.542,0.000,0.000,0.000,0.000,0.000,0.000,1.000,1.000,1.000,3.700,3.700,0.083,55.185,5.000,101.0,47.0,-10.461538314819336,3.7435896396636963
269.000,13:04:45.964,492.744,1.174,578.542,0.000,0.000,0.000,0.000,0.000,0.000,1.000,1.000,0.000,3.900,3.900,0.087,55.081,5.000,101.0,47.0,-10.461538314819336,3.7435896396636963
269.144,13:04:46.028,492.744,1.174,578.542,0.000,0.000,0.000,0.000,0.000,0.000,1.000,1.000,0.000,3.900,3.900,0.087,55.081,5.000,101.0,47.0,-10.461538314819336,3.7435896396636963
269.208,13:04:46.092,492.445,1.261,621.181,0.000,0.000,0.000,0.000,0.000,0.000,1.000,1.000,0.000,3.900,3.900,0.087,55.081,5.000,101.0,47.0,-10.461538314819336,3.7435896396636963
269.272,13:04:46.236,492.445,1.261,621.181,0.000,0.000,0.000,0.000,0.000,0.000,1.000,1.000,0.000,4.100,4.100,0.092,55.005,5.000,101.0,47.0,-10.461538314819336,3.7435896396636963
269.416,13:04:46.300,492.445,1.261,621.181,0.000,0.000,0.000,0.000,0.000,0.000,1.000,1.000,0.000,4.100,4.100,0.092,55.005,5.000,101.0,47.0,-10.461538314819336,3.7435896396636963
269.481,13:04:46.555,492.445,1.261,621.181,0.000,0.000,0.000,0.000,0.000,0.000,1.000,1.000,0.000,4.100,4.100,0.092,55.005,5.000,101.0,47.0,-2.7179486751556396,-11.076923370361328
269.735,13:04:46.699,492.460,1.275,627.805,0.000,0.000,0.000,0.000,0.000,0.000,1.000,1.000,0.000,4.300,4.300,0.096,54.958,5.000,101.0,47.0,-2.7179486751556396,-11.076923370361328
269.880,13:04:46.763,492.460,1.275,627.805,0.000,0.000,0.000,0.000,0.000,0.000,1.000,1.000,0.000,4.300,4.300,0.096,54.958,5.000,101.0,47.0,-2.7179486751556396,-11.076923370361328
269.944,13:04:46.827,492.460,1.275,627.805,0.000,0.000,0.000,0.000,0.000,0.000,1.000,1.000,0.000,4.300,4.300,0.096,54.958,5.000,101.0,47.0,-2.7179486751556396,-11.076923370361328
270.007,13:04:46.971,492.460,1.275,627.805,0.000,0.000,0.000,0.000,0.000,0.000,1.000,1.000,0.000,4.319,4.500,0.097,54.890,5.000,101.0,47.0,-2.7179486751556396,-11.076923370361328
270.152,13:04:47.036,492.158,1.369,673.838,0.000,0.000,0.000,0.000,0.000,0.000,1.000,1.000,0.000,4.319,4.500,0.097,54.890,5.000,101.0,47.0,-2.7179486751556396,-11.076923370361328
270.216,13:04:47.100,492.158,1.369,673.838,0.000,0.000,0.000,0.000,0.000,0.000,1.000,1.000,0.000,4.319,4.500,0.097,54.890,5.000,101.0,47.0,-2.7179486751556396,-11.076923370361328
270.279,13:04:47.243,492.158,1.369,673.838,0.000,0.000,0.000,0.000,0.000,0.000,1.000,1.000,0.000,4.319,4.500,0.097,54.890,5.000,101.0,47.0,-2.7179486751556396,-11.076923370361328
270.424,13:04:47.308,491.831,1.485,730.399,0.000,0.000,0.000,0.000,0.000,0.000,1.000,1.000,0.000,4.319,4.500,0.097,54.890,5.000,101.0,47.0,-2.7179486751556396,-11.076923370361328
270.488,13:04:47.563,491.831,1.485,730.399,0.000,0.000,0.000,0.000,0.000,0.000,1.000,1.000,0.000,4.319,4.500,0.097,54.890,5.000,101.0,47.0,6.820512771606445,8.51282024383545
270.743,13:04:47.707,491.831,1.485,730.399,0.000,0.000,0.000,0.000,0.000,0.000,1.000,1.000,0.000,4.500,4.500,0.101,54.867,5.000,101.0,47.0,6.820512771606445,8.51282024383545
270.887,13:04:47.771,491.487,1.585,779.105,0.000,0.000,0.000,0.000,0.000,0.000,1.000,1.000,0.000,4.500,4.500,0.101,54.867,5.000,101.0,47.0,6.820512771606445,8.51282024383545
270.951,13:04:47.834,491.487,1.585,779.105,0.000,0.000,0.000,0.000,0.000,0.000,1.000,1.000,0.000,4.500,4.500,0.101,54.867,5.000,101.0,47.0,6.820512771606445,8.51282024383545
271.015,13:04:47.979,491.487,1.585,779.105,0.000,0.000,0.000,0.000,0.000,0.000,1.000,1.000,0.000,4.700,4.700,0.105,54.861,5.000,101.0,47.0,6.820512771606445,8.51282024383545
271.159,13:04:48.042,491.487,1.585,779.105,0.000,0.000,0.000,0.000,0.000,0.000,1.000,1.000,0.000,4.700,4.700,0.105,54.861,5.000,101.0,47.0,6.820512771606445,8.51282024383545
271.223,13:04:48.107,491.487,1.585,779.105,0.000,0.000,0.000,0.000,0.000,0.000,1.000,1.000,0.000,4.700,4.700,0.105,54.861,5.000,101.0,47.0,6.820512771606445,8.51282024383545
271.286,13:04:48.252,491.813,1.491,733.128,0.000,0.000,0.000,0.000,0.000,0.000,1.000,1.000,0.000,4.900,4.900,0.110,54.857,5.000,101.0,47.0,6.820512771606445,8.51282024383545
271.431,13:04:48.315,491.813,1.491,733.128,0.000,0.000,0.000,0.000,0.000,0.000,1.000,1.000,0.000,4.900,4.900,0.110,54.857,5.000,101.0,47.0,6.820512771606445,8.51282024383545
271.495,13:04:48.570,491.813,1.491,733.128,0.000,0.000,0.000,0.000,0.000,0.000,1.000,1.000,0.000,4.900,4.900,0.110,54.857,5.000,101.0,47.0,-9.179487228393555,8.256410598754883
271.750,13:04:48.714,492.784,1.208,595.443,0.000,0.000,0.000,0.000,0.000,0.000,1.000,1.000,0.000,5.100,5.100,0.114,54.864,5.000,101.0,47.0,-9.179487228393555,8.256410598754883
271.894,13:04:48.778,492.784,1.208,595.443,0.000,0.000,0.000,0.000,0.000,0.000,1.000,1.000,0.000,5.100,5.100,0.114,54.864,5.000,101.0,47.0,-9.179487228393555,8.256410598754883
271.958,13:04:48.842,492.784,1.208,595.443,0.000,0.000,0.000,0.000,0.000,0.000,1.000,1.000,0.000,5.100,5.100,0.114,54.864,5.000,101.0,47.0,-9.179487228393555,8.256410598754883
272.022,13:04:48.987,492.784,1.208,595.443,0.000,0.000,0.000,0.000,0.000,0.000,1.000,1.000,0.000,5.119,5.300,0.114,54.771,5.000,101.0,47.0,-9.179487228393555,8.256410598754883
272.167,13:04:49.051,492.938,1.174,578.909,0.000,0.000,0.000,0.000,0.000,0.000,1.000,1.000,0.000,5.119,5.300,0.114,54.771,5.000,101.0,47.0,-9.179487228393555,8.256410598754883
272.230,13:04:49.114,492.938,1.174,578.909,0.000,0.000,0.000,0.000,0.000,0.000,1.000,1.000,0.000,5.119,5.300,0.114,54.771,5.000,101.0,47.0,-9.179487228393555,8.256410598754883
272.294,13:04:49.259,492.938,1.174,578.909,0.000,0.000,0.000,0.000,0.000,0.000,1.000,1.000,0.000,5.119,5.300,0.114,54.771,5.000,101.0,47.0,-9.179487228393555,8.256410598754883
272.438,13:04:49.322,492.938,1.174,578.909,0.000,0.000,0.000,0.000,0.000,0.000,1.000,1.000,0.000,5.119,5.300,0.114,54.771,5.000,101.0,47.0,-9.179487228393555,8.256410598754883
272.502,13:04:49.577,492.908,1.199,591.139,0.000,0.000,0.000,0.000,0.000,0.000,1.000,1.000,0.000,5.119,5.300,0.114,54.771,5.000,101.0,47.0,-1.1282051801681519,9.435897827148438
272.758,13:04:49.723,492.908,1.199,591.139,0.000,0.000,0.000,0.000,0.000,0.000,1.000,1.000,0.000,5.300,5.300,0.118,54.644,5.000,101.0,47.0,-1.1282051801681519,9.435897827148438
272.902,13:04:49.786,492.792,1.240,610.819,0.000,0.000,0.000,0.000,0.000,0.000,1.000,1.000,0.000,5.300,5.300,0.118,54.644,5.000,101.0,47.0,-1.1282051801681519,9.435897827148438
272.965,13:04:49.849,492.792,1.240,610.819,0.000,0.000,0.000,0.000,0.000,0.000,1.000,1.000,0.000,5.300,5.300,0.118,54.644,5.000,101.0,47.0,-1.1282051801681519,9.435897827148438
273.031,13:04:49.993,492.792,1.240,610.819,0.000,0.000,0.000,0.000,0.000,0.000,1.000,1.000,0.000,5.500,5.500,0.123,54.512,5.000,101.0,47.0,-1.1282051801681519,9.435897827148438
273.174,13:04:50.058,492.792,1.240,610.819,0.000,0.000,0.000,0.000,0.000,0.000,1.000,1.000,0.000,5.500,5.500,0.123,54.512,5.000,101.0,47.0,-1.1282051801681519,9.435897827148438
273.238,13:04:50.122,492.792,1.240,610.819,0.000,0.000,0.000,0.000,0.000,0.000,1.000,1.000,0.000,5.500,5.500,0.123,54.512,5.000,101.0,47.0,-1.1282051801681519,9.435897827148438
273.301,13:04:50.266,492.722,1.253,617.440,0.000,0.000,0.000,0.000,0.000,0.000,1.000,1.000,0.000,5.700,5.700,0.127,54.380,5.000,101.0,47.0,-1.1282051801681519,9.435897827148438
273.445,13:04:50.329,492.722,1.253,617.440,0.000,0.000,0.000,0.000,0.000,0.000,1.000,1.000,0.000,5.700,5.700,0.127,54.380,5.000,101.0,47.0,-1.1282051801681519,9.435897827148438
273.509,13:04:50.585,492.722,1.253,617.440,0.000,0.000,0.000,0.000,0.000,0.000,1.000,1.000,0.000,5.700,5.700,0.127,54.380,5.000,101.0,47.0,6.256410121917725,2.8717949390411377
273.765,13:04:50.730,492.662,1.273,627.263,0.000,0.000,0.000,0.000,0.000,0.000,1.000,1.000,0.000,5.900,5.900,0.132,54.250,5.000,101.0,47.0,6.256410121917725,2.8717949390411377
273.909,13:04:50.792,492.662,1.273,627.263,0.000,0.000,0.000,0.000,0.000,0.000,1.000,1.000,0.000,5.900,5.900,0.132,54.250,5.000,101.0,47.0,6.256410121917725,2.8717949390411377
273.973,13:04:50.857,492.662,1.273,627.263,0.000,0.000,0.000,0.000,0.000,0.000,1.000,1.000,0.000,5.900,5.900,0.132,54.250,5.000,101.0,47.0,6.256410121917725,2.8717949390411377
274.037,13:04:51.002,492.662,1.273,627.263,0.000,0.000,0.000,0.000,0.000,0.000,1.000,1.000,0.000,5.919,6.100,0.132,54.140,5.000,101.0,47.0,6.256410121917725,2.8717949390411377
274.182,13:04:51.066,492.746,1.265,623.385,0.000,0.000,0.000,0.000,0.000,0.000,1.000,1.000,0.000,5.919,6.100,0.132,54.140,5.000,101.0,47.0,6.256410121917725,2.8717949390411377
274.245,13:04:51.129,492.746,1.265,623.385,0.000,0.000,0.000,0.000,0.000,0.000,1.000,1.000,0.000,5.919,6.100,0.132,54.140,5.000,101.0,47.0,6.256410121917725,2.8717949390411377
274.308,13:04:51.273,492.746,1.265,623.385,0.000,0.000,0.000,0.000,0.000,0.000,1.000,1.000,0.000,5.919,6.100,0.132,54.140,5.000,101.0,47.0,6.256410121917725,2.8717949390411377
274.454,13:04:51.337,492.746,1.265,623.385,0.000,0.000,0.000,0.000,0.000,0.000,1.000,1.000,0.000,5.919,6.100,0.132,54.140,5.000,101.0,47.0,6.256410121917725,2.8717949390411377
274.518,13:04:51.592,492.657,1.276,628.471,0.000,0.000,0.000,0.000,0.000,0.000,1.000,1.000,0.000,5.919,6.100,0.132,54.140,5.000,101.0,47.0,-0.6666666865348816,-9.128205299377441
274.773,13:04:51.736,492.657,1.276,628.471,0.000,0.000,0.000,0.000,0.000,0.000,1.000,1.000,1.000,6.100,6.100,0.136,54.061,5.000,101.0,47.0,-0.6666666865348816,-9.128205299377441
274.917,13:04:51.801,492.524,1.328,654.215,0.000,0.000,0.000,0.000,0.000,0.000,1.000,1.000,1.000,6.100,6.100,0.136,54.061,5.000,101.0,47.0,-0.6666666865348816,-9.128205299377441
274.980,13:04:51.864,492.524,1.328,654.215,0.000,0.000,0.000,0.000,0.000,0.000,1.000,1.000,1.000,6.100,6.100,0.136,54.061,5.000,101.0,47.0,-0.6666666865348816,-9.128205299377441
275.044,13:04:52.008,492.524,1.328,654.215,0.000,0.000,0.000,0.000,0.000,0.000,1.000,1.000,0.000,6.300,6.300,0.141,53.979,5.000,101.0,47.0,-0.6666666865348816,-9.128205299377441
275.188,13:04:52.072,492.524,1.328,654.215,0.000,0.000,0.000,0.000,0.000,0.000,1.000,1.000,0.000,6.300,6.300,0.141,53.979,5.000,101.0,47.0,-0.6666666865348816,-9.128205299377441
275.252,13:04:52.136,492.524,1.328,654.215,0.000,0.000,0.000,0.000,0.000,0.000,1.000,1.000,0.000,6.300,6.300,0.141,53.979,5.000,101.0,47.0,-0.6666666865348816,-9.128205299377441
275.316,13:04:52.281,492.521,1.336,657.948,0.000,0.000,0.000,0.000,0.000,0.000,1.000,1.000,0.000,6.500,6.500,0.145,53.875,5.000,101.0,47.0,-0.6666666865348816,-9.128205299377441
275.460,13:04:52.344,492.521,1.336,657.948,0.000,0.000,0.000,0.000,0.000,0.000,1.000,1.000,0.000,6.500,6.500,0.145,53.875,5.000,101.0,47.0,-0.6666666865348816,-9.128205299377441
275.524,13:04:52.600,492.521,1.336,657.948,0.000,0.000,0.000,0.000,0.000,0.000,1.000,1.000,0.000,6.500,6.500,0.145,53.875,5.000,101.0,47.0,-6.564102649688721,-3.0256409645080566
275.781,13:04:52.745,492.482,1.350,665.032,0.000,0.000,0.000,0.000,0.000,0.000,1.000,1.000,1.000,6.700,6.700,0.150,53.802,5.000,101.0,47.0,-6.564102649688721,-3.0256409645080566
275.924,13:04:52.808,492.482,1.350,665.032,0.000,0.000,0.000,0.000,0.000,0.000,1.000,1.000,1.000,6.700,6.700,0.150,53.802,5.000,101.0,47.0,-6.564102649688721,-3.0256409645080566
275.989,13:04:52.873,492.482,1.350,665.032,0.000,0.000,0.000,0.000,0.000,0.000,1.000,1.000,1.000,6.700,6.700,0.150,53.802,5.000,101.0,47.0,-6.564102649688721,-3.0256409645080566
276.052,13:04:53.016,492.482,1.350,665.032,0.000,0.000,0.000,0.000,0.000,0.000,1.000,1.000,1.000,6.719,6.900,0.150,53.719,5.000,101.0,47.0,-6.564102649688721,-3.0256409645080566
276.195,13:04:53.079,492.506,1.342,660.995,0.000,0.000,0.000,0.000,0.000,0.000,1.000,1.000,1.000,6.719,6.900,0.150,53.719,5.000,101.0,47.0,-6.564102649688721,-3.0256409645080566
276.260,13:04:53.144,492.506,1.342,660.995,0.000,0.000,0.000,0.000,0.000,0.000,1.000,1.000,1.000,6.719,6.900,0.150,53.719,5.000,101.0,47.0,-6.564102649688721,-3.0256409645080566
276.324,13:04:53.288,492.506,1.342,660.995,0.000,0.000,0.000,0.000,0.000,0.000,1.000,1.000,1.000,6.719,6.900,0.150,53.719,5.000,101.0,47.0,-6.564102649688721,-3.0256409645080566
276.468,13:04:53.352,492.506,1.342,660.995,0.000,0.000,0.000,0.000,0.000,0.000,1.000,1.000,1.000,6.719,6.900,0.150,53.719,5.000,101.0,47.0,-6.564102649688721,-3.0256409645080566
276.532,13:04:53.607,492.413,1.377,677.837,0.000,0.000,0.000,0.000,0.000,0.000,1.000,1.000,1.000,6.719,6.900,0.150,53.719,5.000,101.0,47.0,-11.025641441345215,2.2051281929016113
276.787,13:04:53.751,492.413,1.377,677.837,0.000,0.000,0.000,0.000,0.000,0.000,1.000,1.000,0.000,6.900,6.900,0.154,53.653,5.000,101.0,47.0,-11.025641441345215,2.2051281929016113
276.932,13:04:53.815,492.306,1.414,695.995,0.000,0.000,0.000,0.000,0.000,0.000,1.000,1.000,0.000,6.900,6.900,0.154,53.653,5.000,101.0,47.0,-11.025641441345215,2.2051281929016113
276.996,13:04:53.880,492.306,1.414,695.995,0.000,0.000,0.000,0.000,0.000,0.000,1.000,1.000,0.000,6.900,6.900,0.154,53.653,5.000,101.0,47.0,-11.025641441345215,2.2051281929016113
277.059,13:04:54.023,492.306,1.414,695.995,0.000,0.000,0.000,0.000,0.000,0.000,1.000,1.000,0.000,7.100,7.100,0.159,53.582,5.000,101.0,47.0,-11.025641441345215,2.2051281929016113
277.203,13:04:54.087,492.306,1.414,695.995,0.000,0.000,0.000,0.000,0.000,0.000,1.000,1.000,0.000,7.100,7.100,0.159,53.582,5.000,101.0,47.0,-11.025641441345215,2.2051281929016113
277.267,13:04:54.151,492.306,1.414,695.995,0.000,0.000,0.000,0.000,0.000,0.000,1.000,1.000,0.000,7.100,7.100,0.159,53.582,5.000,101.0,47.0,-11.025641441345215,2.2051281929016113
277.331,13:04:54.296,492.306,1.414,695.995,0.000,0.000,0.000,0.000,0.000,0.000,1.000,1.000,0.000,7.300,7.300,0.163,53.521,5.000,101.0,47.0,-11.025641441345215,2.2051281929016113
277.475,13:04:54.359,492.285,1.431,704.645,0.000,0.000,0.000,0.000,0.000,0.000,1.000,1.000,0.000,7.300,7.300,0.163,53.521,5.000,101.0,47.0,-11.025641441345215,2.2051281929016113
277.538,13:04:54.614,492.285,1.431,704.645,0.000,0.000,0.000,0.000,0.000,0.000,1.000,1.000,0.000,7.300,7.300,0.163,53.521,5.000,101.0,47.0,5.897435665130615,-11.64102554321289
277.794,13:04:54.758,492.321,1.422,700.012,0.000,0.000,0.000,0.000,0.000,0.000,1.000,1.000,0.000,7.500,7.500,0.168,53.457,5.000,101.0,47.0,5.897435665130615,-11.64102554321289
277.939,13:04:54.822,492.321,1.422,700.012,0.000,0.000,0.000,0.000,0.000,0.000,1.000,1.000,0.000,7.500,7.500,0.168,53.457,5.000,101.0,47.0,5.897435665130615,-11.64102554321289
278.003,13:04:54.887,492.321,1.422,700.012,0.000,0.000,0.000,0.000,0.000,0.000,1.000,1.000,0.000,7.500,7.500,0.168,53.457,5.000,101.0,47.0,5.897435665130615,-11.64102554321289
278.067,13:04:55.030,492.321,1.422,700.012,0.000,0.000,0.000,0.000,0.000,0.000,1.000,1.000,0.000,7.500,7.500,0.168,53.457,5.000,101.0,47.0,5.897435665130615,-11.64102554321289
278.211,13:04:55.095,492.306,1.440,708.919,0.000,0.000,0.000,0.000,0.000,0.000,1.000,1.000,0.000,7.500,7.500,0.168,53.457,5.000,101.0,47.0,5.897435665130615,-11.64102554321289
278.274,13:04:55.158,492.306,1.440,708.919,0.000,0.000,0.000,0.000,0.000,0.000,1.000,1.000,0.000,7.500,7.500,0.168,53.457,5.000,101.0,47.0,5.897435665130615,-11.64102554321289
278.338,13:04:55.303,492.306,1.440,708.919,0.000,0.000,0.000,0.000,0.000,0.000,1.000,1.000,0.000,7.519,7.700,0.168,53.402,5.000,101.0,47.0,5.897435665130615,-11.64102554321289
278.482,13:04:55.366,492.306,1.440,708.919,0.000,0.000,0.000,0.000,0.000,0.000,1.000,1.000,0.000,7.519,7.700,0.168,53.402,5.000,101.0,47.0,5.897435665130615,-11.64102554321289
278.547,13:04:55.622,492.306,1.440,708.919,0.000,0.000,0.000,0.000,0.000,0.000,1.000,1.000,0.000,7.519,7.700,0.168,53.402,5.000,101.0,47.0,1.1282051801681519,-11.538461685180664
278.802,13:04:55.766,492.200,1.469,722.937,0.000,0.000,0.000,0.000,0.000,0.000,1.000,1.000,0.000,7.700,7.700,0.172,53.353,5.000,101.0,47.0,1.1282051801681519,-11.538461685180664
278.947,13:04:55.831,492.200,1.469,722.937,0.000,0.000,0.000,0.000,0.000,0.000,1.000,1.000,0.000,7.700,7.700,0.172,53.353,5.000,101.0,47.0,1.1282051801681519,-11.538461685180664
279.011,13:04:55.895,492.185,1.491,733.941,0.000,0.000,0.000,0.000,0.000,0.000,1.000,1.000,0.000,7.700,7.700,0.172,53.353,5.000,101.0,47.0,1.1282051801681519,-11.538461685180664
279.074,13:04:56.038,492.185,1.491,733.941,0.000,0.000,0.000,0.000,0.000,0.000,1.000,1.000,0.000,7.900,7.900,0.177,53.312,5.000,101.0,47.0,1.1282051801681519,-11.538461685180664
279.218,13:04:56.101,492.185,1.491,733.941,0.000,0.000,0.000,0.000,0.000,0.000,1.000,1.000,0.000,7.900,7.900,0.177,53.312,5.000,101.0,47.0,1.1282051801681519,-11.538461685180664
279.282,13:04:56.166,492.185,1.491,733.941,0.000,0.000,0.000,0.000,0.000,0.000,1.000,1.000,0.000,7.900,7.900,0.177,53.312,5.000,101.0,47.0,1.1282051801681519,-11.538461685180664
279.345,13:04:56.310,492.185,1.491,733.941,0.000,0.000,0.000,0.000,0.000,0.000,1.000,1.000,0.000,8.100,8.100,0.181,53.255,5.000,101.0,47.0,1.1282051801681519,-11.538461685180664
279.489,13:04:56.373,492.083,1.524,750.066,0.000,0.000,0.000,0.000,0.000,0.000,1.000,1.000,0.000,8.100,8.100,0.181,53.255,5.000,101.0,47.0,1.1282051801681519,-11.538461685180664
279.554,13:04:56.629,492.083,1.524,750.066,0.000,0.000,0.000,0.000,0.000,0.000,1.000,1.000,0.000,8.100,8.100,0.181,53.255,5.000,101.0,47.0,-10.615385055541992,12.20512866973877
279.809,13:04:56.773,492.067,1.522,749.117,0.000,0.000,0.000,0.000,0.000,0.000,1.000,1.000,0.000,8.300,8.300,0.186,53.194,5.000,101.0,47.0,-10.615385055541992,12.20512866973877
279.954,13:04:56.838,492.067,1.522,749.117,0.000,0.000,0.000,0.000,0.000,0.000,1.000,1.000,0.000,8.300,8.300,0.186,53.194,5.000,101.0,47.0,-10.615385055541992,12.20512866973877
280.017,13:04:56.901,492.067,1.522,749.117,0.000,0.000,0.000,0.000,0.000,0.000,1.000,1.000,0.000,8.300,8.300,0.186,53.194,5.000,101.0,47.0,-10.615385055541992,12.20512866973877
280.081,13:04:57.046,492.067,1.522,749.117,0.000,0.000,0.000,0.000,0.000,0.000,1.000,1.000,0.000,8.300,8.300,0.186,53.194,5.000,101.0,47.0,-10.615385055541992,12.20512866973877
280.226,13:04:57.110,492.019,1.547,761.097,0.000,0.000,0.000,0.000,0.000,0.000,1.000,1.000,0.000,8.300,8.300,0.186,53.194,5.000,101.0,47.0,-10.615385055541992,12.20512866973877
280.289,13:04:57.173,492.019,1.547,761.097,0.000,0.000,0.000,0.000,0.000,0.000,1.000,1.000,0.000,8.300,8.300,0.186,53.194,5.000,101.0,47.0,-10.615385055541992,12.20512866973877
280.353,13:04:57.318,492.019,1.547,761.097,0.000,0.000,0.000,0.000,0.000,0.000,1.000,1.000,0.000,8.319,8.500,0.186,53.163,5.000,101.0,47.0,-10.615385055541992,12.20512866973877
280.498,13:04:57.382,492.019,1.547,761.097,0.000,0.000,0.000,0.000,0.000,0.000,1.000,1.000,0.000,8.319,8.500,0.186,53.163,5.000,101.0,47.0,-10.615385055541992,12.20512866973877
280.562,13:04:57.636,492.019,1.547,761.097,0.000,0.000,0.000,0.000,0.000,0.000,1.000,1.000,0.000,8.319,8.500,0.186,53.163,5.000,101.0,47.0,-8.666666984558105,12.666666984558105
280.816,13:04:57.781,492.007,1.556,765.538,0.000,0.000,0.000,0.000,0.000,0.000,1.000,1.000,1.000,8.500,8.500,0.190,53.112,5.000,101.0,47.0,-8.666666984558105,12.666666984558105
280.962,13:04:57.845,492.007,1.556,765.538,0.000,0.000,0.000,0.000,0.000,0.000,1.000,1.000,1.000,8.500,8.500,0.190,53.112,5.000,101.0,47.0,-8.666666984558105,12.666666984558105
281.025,13:04:57.909,491.903,1.581,777.674,0.000,0.000,0.000,0.000,0.000,0.000,1.000,1.000,1.000,8.500,8.500,0.190,53.112,5.000,101.0,47.0,-8.666666984558105,12.666666984558105
281.089,13:04:58.053,491.903,1.581,777.674,0.000,0.000,0.000,0.000,0.000,0.000,1.000,1.000,0.000,8.699,8.700,0.195,53.067,5.000,101.0,47.0,-8.666666984558105,12.666666984558105
281.232,13:04:58.116,491.903,1.581,777.674,0.000,0.000,0.000,0.000,0.000,0.000,1.000,1.000,0.000,8.699,8.700,0.195,53.067,5.000,101.0,47.0,-8.666666984558105,12.666666984558105
281.297,13:04:58.181,491.903,1.581,777.674,0.000,0.000,0.000,0.000,0.000,0.000,1.000,1.000,0.000,8.699,8.700,0.195,53.067,5.000,101.0,47.0,-8.666666984558105,12.666666984558105
281.360,13:04:58.325,491.903,1.581,777.674,0.000,0.000,0.000,0.000,0.000,0.000,1.000,1.000,0.000,8.899,8.900,0.199,53.033,5.000,101.0,47.0,-8.666666984558105,12.666666984558105
281.505,13:04:58.389,491.814,1.614,793.773,0.000,0.000,0.000,0.000,0.000,0.000,1.000,1.000,0.000,8.899,8.900,0.199,53.033,5.000,101.0,47.0,-8.666666984558105,12.666666984558105
281.569,13:04:58.644,491.814,1.614,793.773,0.000,0.000,0.000,0.000,0.000,0.000,1.000,1.000,0.000,8.899,8.900,0.199,53.033,5.000,101.0,47.0,-8.307692527770996,12.461538314819336
281.824,13:04:58.789,491.901,1.592,783.306,0.000,0.000,0.000,0.000,0.000,0.000,1.000,1.000,0.000,9.099,9.100,0.203,52.984,5.000,101.0,47.0,-8.307692527770996,12.461538314819336
281.968,13:04:58.851,491.901,1.592,783.306,0.000,0.000,0.000,0.000,0.000,0.000,1.000,1.000,0.000,9.099,9.100,0.203,52.984,5.000,101.0,47.0,-8.307692527770996,12.461538314819336
282.032,13:04:58.915,491.901,1.592,783.306,0.000,0.000,0.000,0.000,0.000,0.000,1.000,1.000,0.000,9.099,9.100,0.203,52.984,5.000,101.0,47.0,-8.307692527770996,12.461538314819336
282.096,13:04:59.060,491.901,1.592,783.306,0.000,0.000,0.000,0.000,0.000,0.000,1.000,1.000,0.000,9.099,9.100,0.203,52.984,5.000,101.0,47.0,-8.307692527770996,12.461538314819336
282.240,13:04:59.124,491.796,1.634,803.722,0.000,0.000,0.000,0.000,0.000,0.000,1.000,1.000,0.000,9.099,9.100,0.203,52.984,5.000,101.0,47.0,-8.307692527770996,12.461538314819336
282.304,13:04:59.188,491.796,1.634,803.722,0.000,0.000,0.000,0.000,0.000,0.000,1.000,1.000,0.000,9.099,9.100,0.203,52.984,5.000,101.0,47.0,-8.307692527770996,12.461538314819336
282.369,13:04:59.332,491.796,1.634,803.722,0.000,0.000,0.000,0.000,0.000,0.000,1.000,1.000,0.000,9.118,9.300,0.204,52.923,5.000,101.0,47.0,-8.307692527770996,12.461538314819336
282.512,13:04:59.396,491.796,1.634,803.722,0.000,0.000,0.000,0.000,0.000,0.000,1.000,1.000,0.000,9.118,9.300,0.204,52.923,5.000,101.0,47.0,-8.307692527770996,12.461538314819336
282.576,13:04:59.651,491.796,1.634,803.722,0.000,0.000,0.000,0.000,0.000,0.000,1.000,1.000,0.000,9.118,9.300,0.204,52.923,5.000,101.0,47.0,-8.051281929016113,13.589743614196777
282.831,13:04:59.796,491.736,1.649,810.734,0.000,0.000,0.000,0.000,0.000,0.000,1.000,1.000,0.000,9.299,9.300,0.208,52.846,5.000,101.0,47.0,-8.051281929016113,13.589743614196777
282.976,13:04:59.860,491.736,1.649,810.734,0.000,0.000,0.000,0.000,0.000,0.000,1.000,1.000,0.000,9.299,9.300,0.208,52.846,5.000,101.0,47.0,-8.051281929016113,13.589743614196777
283.039,13:04:59.923,491.687,1.676,824.176,0.000,0.000,0.000,0.000,0.000,0.000,1.000,1.000,0.000,9.299,9.300,0.208,52.846,5.000,101.0,47.0,-8.051281929016113,13.589743614196777
283.104,13:05:00.067,491.687,1.676,824.176,0.000,0.000,0.000,0.000,0.000,0.000,1.000,1.000,1.000,9.499,9.500,0.213,52.760,5.000,101.0,47.0,-8.051281929016113,13.589743614196777
283.248,13:05:00.132,491.687,1.676,824.176,0.000,0.000,0.000,0.000,0.000,0.000,1.000,1.000,1.000,9.499,9.500,0.213,52.760,5.000,101.0,47.0,-8.051281929016113,13.589743614196777
283.312,13:05:00.195,491.687,1.676,824.176,0.000,0.000,0.000,0.000,0.000,0.000,1.000,1.000,1.000,9.499,9.500,0.213,52.760,5.000,101.0,47.0,-8.051281929016113,13.589743614196777
283.375,13:05:00.339,491.687,1.676,824.176,0.000,0.000,0.000,0.000,0.000,0.000,1.000,1.000,1.000,9.699,9.700,0.217,52.702,5.000,101.0,47.0,-8.051281929016113,13.589743614196777
283.519,13:05:00.403,491.547,1.719,844.763,0.000,0.000,0.000,0.000,0.000,0.000,1.000,1.000,1.000,9.699,9.700,0.217,52.702,5.000,101.0,47.0,-8.051281929016113,13.589743614196777
283.583,13:05:00.658,491.547,1.719,844.763,0.000,0.000,0.000,0.000,0.000,0.000,1.000,1.000,1.000,9.699,9.700,0.217,52.702,5.000,101.0,47.0,-2.461538553237915,-9.282051086425781
283.838,13:05:00.804,491.495,1.734,852.050,0.000,0.000,0.000,0.000,0.000,0.000,1.000,1.000,0.000,9.900,9.900,0.222,52.635,5.000,101.0,47.0,-2.461538553237915,-9.282051086425781
283.982,13:05:00.866,491.495,1.734,852.050,0.000,0.000,0.000,0.000,0.000,0.000,1.000,1.000,0.000,9.900,9.900,0.222,52.635,5.000,101.0,47.0,-2.461538553237915,-9.282051086425781
284.048,13:05:00.932,491.495,1.734,852.050,0.000,0.000,0.000,0.000,0.000,0.000,1.000,1.000,0.000,9.900,9.900,0.222,52.635,5.000,101.0,47.0,-2.461538553237915,-9.282051086425781
284.111,13:05:01.074,491.495,1.734,852.050,0.000,0.000,0.000,0.000,0.000,0.000,1.000,1.000,0.000,9.900,9.900,0.222,52.635,5.000,101.0,47.0,-2.461538553237915,-9.282051086425781
284.255,13:05:01.138,491.579,1.719,845.071,0.000,0.000,0.000,0.000,0.000,0.000,1.000,1.000,0.000,9.900,9.900,0.222,52.635,5.000,101.0,47.0,-2.461538553237915,-9.282051086425781
284.318,13:05:01.202,491.579,1.719,845.071,0.000,0.000,0.000,0.000,0.000,0.000,1.000,1.000,0.000,9.900,9.900,0.222,52.635,5.000,101.0,47.0,-2.461538553237915,-9.282051086425781
284.383,13:05:01.347,491.579,1.719,845.071,0.000,0.000,0.000,0.000,0.000,0.000,1.000,1.000,0.000,9.919,10.100,0.222,52.523,5.000,101.0,47.0,-2.461538553237915,-9.282051086425781
284.526,13:05:01.410,491.579,1.719,845.071,0.000,0.000,0.000,0.000,0.000,0.000,1.000,1.000,0.000,9.919,10.100,0.222,52.523,5.000,101.0,47.0,-2.461538553237915,-9.282051086425781
284.590,13:05:01.666,491.579,1.719,845.071,0.000,0.000,0.000,0.000,0.000,0.000,1.000,1.000,0.000,9.919,10.100,0.222,52.523,5.000,101.0,47.0,-8.564102172851562,-3.076923131942749
284.846,13:05:01.810,491.121,1.843,904.901,0.000,0.000,0.000,0.000,0.000,0.000,1.000,1.000,0.000,10.719,10.900,0.240,52.411,5.000,101.0,47.0,-8.564102172851562,-3.076923131942749
284.990,13:05:01.874,491.121,1.843,904.901,0.000,0.000,0.000,0.000,0.000,0.000,1.000,1.000,0.000,10.719,10.900,0.240,52.411,5.000,101.0,47.0,-8.564102172851562,-3.076923131942749
285.054,13:05:01.938,491.121,1.843,904.901,0.000,0.000,0.000,0.000,0.000,0.000,1.000,1.000,0.000,10.719,10.900,0.240,52.411,5.000,101.0,47.0,-8.564102172851562,-3.076923131942749
285.119,13:05:02.082,490.671,1.970,966.750,0.000,0.000,0.000,0.000,0.000,0.000,1.000,1.000,0.000,11.518,11.700,0.258,52.224,5.000,101.0,47.0,-8.564102172851562,-3.076923131942749
285.263,13:05:02.147,490.671,1.970,966.750,0.000,0.000,0.000,0.000,0.000,0.000,1.000,1.000,0.000,11.518,11.700,0.258,52.224,5.000,101.0,47.0,-8.564102172851562,-3.076923131942749
285.326,13:05:02.209,490.671,1.970,966.750,0.000,0.000,0.000,0.000,0.000,0.000,1.000,1.000,0.000,11.518,11.700,0.258,52.224,5.000,101.0,47.0,-8.564102172851562,-3.076923131942749
285.390,13:05:02.354,490.671,1.970,966.750,0.000,0.000,0.000,0.000,0.000,0.000,1.000,1.000,0.000,11.518,11.700,0.258,52.224,5.000,101.0,47.0,-8.564102172851562,-3.076923131942749
285.535,13:05:02.418,490.530,2.018,989.806,0.000,0.000,0.000,0.000,0.000,0.000,1.000,1.000,0.000,11.518,11.700,0.258,52.224,5.000,101.0,47.0,-8.564102172851562,-3.076923131942749
285.598,13:05:02.673,490.530,2.018,989.806,0.000,0.000,0.000,0.000,0.000,0.000,1.000,1.000,0.000,11.518,11.700,0.258,52.224,5.000,101.0,47.0,-13.79487133026123,11.435897827148438
285.853,13:05:02.818,490.530,2.018,989.806,0.000,0.000,0.000,0.000,0.000,0.000,1.000,1.000,0.000,12.719,12.900,0.285,52.112,5.000,101.0,47.0,-13.79487133026123,11.435897827148438
285.998,13:05:02.882,490.096,2.123,1040.439,0.000,0.000,0.000,0.000,0.000,0.000,1.000,1.000,0.000,12.719,12.900,0.285,52.112,5.000,101.0,47.0,-13.79487133026123,11.435897827148438
286.061,13:05:02.945,490.096,2.123,1040.439,0.000,0.000,0.000,0.000,0.000,0.000,1.000,1.000,0.000,12.719,12.900,0.285,52.112,5.000,101.0,47.0,-13.79487133026123,11.435897827148438
286.126,13:05:03.089,490.096,2.123,1040.439,0.000,0.000,0.000,0.000,0.000,0.000,1.000,1.000,0.000,12.719,12.900,0.285,52.112,5.000,101.0,47.0,-13.79487133026123,11.435897827148438
286.269,13:05:03.153,490.096,2.123,1040.439,0.000,0.000,0.000,0.000,0.000,0.000,1.000,1.000,0.000,12.719,12.900,0.285,52.112,5.000,101.0,47.0,-13.79487133026123,11.435897827148438
286.334,13:05:03.218,489.659,2.244,1098.688,0.000,0.000,0.000,0.000,0.000,0.000,1.000,1.000,0.000,12.719,12.900,0.285,52.112,5.000,101.0,47.0,-13.79487133026123,11.435897827148438
286.398,13:05:03.362,489.659,2.244,1098.688,0.000,0.000,0.000,0.000,0.000,0.000,1.000,1.000,0.000,13.518,13.700,0.304,52.061,5.000,101.0,47.0,-13.79487133026123,11.435897827148438
286.541,13:05:03.425,489.659,2.244,1098.688,0.000,0.000,0.000,0.000,0.000,0.000,1.000,1.000,0.000,13.518,13.700,0.304,52.061,5.000,101.0,47.0,-13.79487133026123,11.435897827148438
286.605,13:05:03.680,489.659,2.244,1098.688,0.000,0.000,0.000,0.000,0.000,0.000,1.000,1.000,0.000,13.518,13.700,0.304,52.061,5.000,101.0,47.0,-14.871794700622559,1.4871795177459717
286.861,13:05:03.826,489.212,2.368,1158.217,0.000,0.000,0.000,0.000,0.000,0.000,1.000,1.000,0.000,14.318,14.500,0.322,51.972,5.000,101.0,47.0,-14.871794700622559,1.4871795177459717
287.005,13:05:03.889,489.212,2.368,1158.217,0.000,0.000,0.000,0.000,0.000,0.000,1.000,1.000,0.000,14.318,14.500,0.322,51.972,5.000,101.0,47.0,-14.871794700622559,1.4871795177459717
287.069,13:05:03.953,489.212,2.368,1158.217,0.000,0.000,0.000,0.000,0.000,0.000,1.000,1.000,0.000,14.318,14.500,0.322,51.972,5.000,101.0,47.0,-14.871794700622559,1.4871795177459717
287.134,13:05:04.097,488.687,2.515,1228.822,0.000,0.000,0.000,0.000,0.000,0.000,1.000,1.000,0.000,15.119,15.300,0.340,51.922,5.000,101.0,47.0,-14.871794700622559,1.4871795177459717
287.277,13:05:04.161,488.687,2.515,1228.822,0.000,0.000,0.000,0.000,0.000,0.000,1.000,1.000,0.000,15.119,15.300,0.340,51.922,5.000,101.0,47.0,-14.871794700622559,1.4871795177459717
287.341,13:05:04.225,488.687,2.515,1228.822,0.000,0.000,0.000,0.000,0.000,0.000,1.000,1.000,0.000,15.119,15.300,0.340,51.922,5.000,101.0,47.0,-14.871794700622559,1.4871795177459717
287.405,13:05:04.369,488.687,2.515,1228.822,0.000,0.000,0.000,0.000,0.000,0.000,1.000,1.000,0.000,15.119,15.300,0.340,51.922,5.000,101.0,47.0,-14.871794700622559,1.4871795177459717
287.549,13:05:04.432,488.430,2.576,1258.173,0.000,0.000,0.000,0.000,0.000,0.000,1.000,1.000,0.000,15.119,15.300,0.340,51.922,5.000,101.0,47.0,-14.871794700622559,1.4871795177459717
287.613,13:05:04.689,488.430,2.576,1258.173,0.000,0.000,0.000,0.000,0.000,0.000,1.000,1.000,0.000,15.119,15.300,0.340,51.922,5.000,101.0,47.0,-15.79487133026123,7.435897350311279
287.868,13:05:04.833,488.430,2.576,1258.173,0.000,0.000,0.000,0.000,0.000,0.000,1.000,1.000,0.000,16.319,16.500,0.368,51.454,5.000,101.0,47.0,-15.79487133026123,7.435897350311279
288.013,13:05:04.897,487.893,2.720,1327.220,0.000,0.000,0.000,0.000,0.000,0.000,1.000,1.000,0.000,16.319,16.500,0.368,51.454,5.000,101.0,47.0,-15.79487133026123,7.435897350311279
288.076,13:05:04.960,487.893,2.720,1327.220,0.000,0.000,0.000,0.000,0.000,0.000,1.000,1.000,0.000,16.319,16.500,0.368,51.454,5.000,101.0,47.0,-15.79487133026123,7.435897350311279
288.140,13:05:05.104,487.893,2.720,1327.220,0.000,0.000,0.000,0.000,0.000,0.000,1.000,1.000,0.000,16.319,16.500,0.368,51.454,5.000,101.0,47.0,-15.79487133026123,7.435897350311279
288.284,13:05:05.168,487.893,2.720,1327.220,0.000,0.000,0.000,0.000,0.000,0.000,1.000,1.000,0.000,16.319,16.500,0.368,51.454,5.000,101.0,47.0,-15.79487133026123,7.435897350311279
288.349,13:05:05.233,487.245,2.891,1408.427,0.000,0.000,0.000,0.000,0.000,0.000,1.000,1.000,0.000,16.319,16.500,0.368,51.454,5.000,101.0,47.0,-15.79487133026123,7.435897350311279
288.412,13:05:05.377,487.245,2.891,1408.427,0.000,0.000,0.000,0.000,0.000,0.000,1.000,1.000,0.000,17.118,17.300,0.386,51.219,5.000,101.0,47.0,-15.79487133026123,7.435897350311279
288.556,13:05:05.440,487.245,2.891,1408.427,0.000,0.000,0.000,0.000,0.000,0.000,1.000,1.000,0.000,17.118,17.300,0.386,51.219,5.000,101.0,47.0,-15.79487133026123,7.435897350311279
288.619,13:05:05.695,487.245,2.891,1408.427,0.000,0.000,0.000,0.000,0.000,0.000,1.000,1.000,0.000,17.118,17.300,0.386,51.219,5.000,101.0,47.0,-2.0512821674346924,16.769229888916016
288.875,13:05:05.839,486.606,3.056,1486.989,0.000,0.000,0.000,0.000,0.000,0.000,1.000,1.000,0.000,17.919,18.100,0.405,51.260,5.000,101.0,47.0,-2.0512821674346924,16.769229888916016
289.019,13:05:05.903,486.606,3.056,1486.989,0.000,0.000,0.000,0.000,0.000,0.000,1.000,1.000,0.000,17.919,18.100,0.405,51.260,5.000,101.0,47.0,-2.0512821674346924,16.769229888916016
289.083,13:05:05.967,486.606,3.056,1486.989,0.000,0.000,0.000,0.000,0.000,0.000,1.000,1.000,0.000,17.919,18.100,0.405,51.260,5.000,101.0,47.0,-2.0512821674346924,16.769229888916016
289.148,13:05:06.111,485.907,3.240,1574.268,0.000,0.000,0.000,0.000,0.000,0.000,1.000,1.000,0.000,18.719,18.900,0.424,51.191,5.000,101.0,47.0,-2.0512821674346924,16.769229888916016
289.292,13:05:06.176,485.907,3.240,1574.268,0.000,0.000,0.000,0.000,0.000,0.000,1.000,1.000,0.000,18.719,18.900,0.424,51.191,5.000,101.0,47.0,-2.0512821674346924,16.769229888916016
289.356,13:05:06.240,485.907,3.240,1574.268,0.000,0.000,0.000,0.000,0.000,0.000,1.000,1.000,0.000,18.719,18.900,0.424,51.191,5.000,101.0,47.0,-2.0512821674346924,16.769229888916016
289.419,13:05:06.384,485.907,3.240,1574.268,0.000,0.000,0.000,0.000,0.000,0.000,1.000,1.000,0.000,18.719,18.900,0.424,51.191,5.000,101.0,47.0,-2.0512821674346924,16.769229888916016
289.563,13:05:06.447,485.131,3.444,1670.599,0.000,0.000,0.000,0.000,0.000,0.000,1.000,1.000,0.000,18.719,18.900,0.424,51.191,5.000,101.0,47.0,-2.0512821674346924,16.769229888916016
289.628,13:05:06.703,485.131,3.444,1670.599,0.000,0.000,0.000,0.000,0.000,0.000,1.000,1.000,0.000,18.719,18.900,0.424,51.191,5.000,101.0,47.0,4.512820720672607,10.923076629638672
289.883,13:05:06.848,485.131,3.444,1670.599,0.000,0.000,0.000,0.000,0.000,0.000,1.000,1.000,0.000,20.319,20.500,0.461,51.335,5.000,101.0,47.0,4.512820720672607,10.923076629638672
290.027,13:05:06.911,484.317,3.655,1770.193,0.000,0.000,0.000,0.000,0.000,0.000,1.000,1.000,0.000,20.319,20.500,0.461,51.335,5.000,101.0,47.0,4.512820720672607,10.923076629638672
290.092,13:05:06.976,484.317,3.655,1770.193,0.000,0.000,0.000,0.000,0.000,0.000,1.000,1.000,0.000,20.319,20.500,0.461,51.335,5.000,101.0,47.0,4.512820720672607,10.923076629638672
290.155,13:05:07.118,484.317,3.655,1770.193,0.000,0.000,0.000,0.000,0.000,0.000,1.000,1.000,0.000,20.319,20.500,0.461,51.335,5.000,101.0,47.0,4.512820720672607,10.923076629638672
290.299,13:05:07.183,484.317,3.655,1770.193,0.000,0.000,0.000,0.000,0.000,0.000,1.000,1.000,0.000,20.319,20.500,0.461,51.335,5.000,101.0,47.0,4.512820720672607,10.923076629638672
290.364,13:05:07.248,483.368,3.882,1876.654,0.000,0.000,0.000,0.000,0.000,0.000,1.000,1.000,0.000,20.319,20.500,0.461,51.335,5.000,101.0,47.0,4.512820720672607,10.923076629638672
290.428,13:05:07.391,483.368,3.882,1876.654,0.000,0.000,0.000,0.000,0.000,0.000,1.000,1.000,0.000,21.118,21.300,0.481,51.524,5.000,101.0,47.0,4.512820720672607,10.923076629638672
290.570,13:05:07.454,483.368,3.882,1876.654,0.000,0.000,0.000,0.000,0.000,0.000,1.000,1.000,0.000,21.118,21.300,0.481,51.524,5.000,101.0,47.0,4.512820720672607,10.923076629638672
290.634,13:05:07.710,483.368,3.882,1876.654,0.000,0.000,0.000,0.000,0.000,0.000,1.000,1.000,0.000,21.118,21.300,0.481,51.524,5.000,101.0,47.0,9.64102554321289,3.230769157409668
290.890,13:05:07.854,482.379,4.124,1989.341,0.000,0.000,0.000,0.000,0.000,0.000,1.000,1.000,0.000,21.919,22.100,0.500,51.695,5.000,101.0,47.0,9.64102554321289,3.230769157409668
291.034,13:05:07.918,482.379,4.124,1989.341,0.000,0.000,0.000,0.000,0.000,0.000,1.000,1.000,0.000,21.919,22.100,0.500,51.695,5.000,101.0,47.0,9.64102554321289,3.230769157409668
291.099,13:05:07.983,482.379,4.124,1989.341,0.000,0.000,0.000,0.000,0.000,0.000,1.000,1.000,0.000,21.919,22.100,0.500,51.695,5.000,101.0,47.0,9.64102554321289,3.230769157409668
291.163,13:05:08.127,481.194,4.401,2117.542,0.000,0.000,0.000,0.000,0.000,0.000,1.000,1.000,0.000,22.718,22.900,0.519,51.831,5.000,101.0,47.0,9.64102554321289,3.230769157409668
291.306,13:05:08.190,481.194,4.401,2117.542,0.000,0.000,0.000,0.000,0.000,0.000,1.000,1.000,0.000,22.718,22.900,0.519,51.831,5.000,101.0,47.0,9.64102554321289,3.230769157409668
291.371,13:05:08.254,481.194,4.401,2117.542,0.000,0.000,0.000,0.000,0.000,0.000,1.000,1.000,0.000,22.718,22.900,0.519,51.831,5.000,101.0,47.0,9.64102554321289,3.230769157409668
291.434,13:05:08.398,481.194,4.401,2117.542,0.000,0.000,0.000,0.000,0.000,0.000,1.000,1.000,0.000,22.718,22.900,0.519,51.831,5.000,101.0,47.0,9.64102554321289,3.230769157409668
291.578,13:05:08.462,480.026,4.679,2246.115,0.000,0.000,0.000,0.000,0.000,0.000,1.000,1.000,0.000,22.718,22.900,0.519,51.831,5.000,101.0,47.0,9.64102554321289,3.230769157409668
291.643,13:05:08.717,480.026,4.679,2246.115,0.000,0.000,0.000,0.000,0.000,0.000,1.000,1.000,0.000,22.718,22.900,0.519,51.831,5.000,101.0,47.0,4.307692527770996,-17.230770111083984
291.897,13:05:08.862,480.026,4.679,2246.115,0.000,0.000,0.000,0.000,0.000,0.000,1.000,1.000,0.000,23.519,23.700,0.539,51.991,5.000,101.0,47.0,4.307692527770996,-17.230770111083984
292.042,13:05:08.925,478.781,4.978,2383.538,0.000,0.000,0.000,0.000,0.000,0.000,1.000,1.000,0.000,23.519,23.700,0.539,51.991,5.000,101.0,47.0,4.307692527770996,-17.230770111083984
292.107,13:05:08.991,478.781,4.978,2383.538,0.000,0.000,0.000,0.000,0.000,0.000,1.000,1.000,0.000,23.519,23.700,0.539,51.991,5.000,101.0,47.0,4.307692527770996,-17.230770111083984
292.170,13:05:09.134,478.781,4.978,2383.538,0.000,0.000,0.000,0.000,0.000,0.000,1.000,1.000,0.000,24.318,24.500,0.559,52.072,5.000,101.0,47.0,4.307692527770996,-17.230770111083984
292.314,13:05:09.198,478.781,4.978,2383.538,0.000,0.000,0.000,0.000,0.000,0.000,1.000,1.000,0.000,24.318,24.500,0.559,52.072,5.000,101.0,47.0,4.307692527770996,-17.230770111083984
292.378,13:05:09.262,477.335,5.314,2536.450,0.000,0.000,0.000,0.000,0.000,0.000,1.000,1.000,0.000,24.318,24.500,0.559,52.072,5.000,101.0,47.0,4.307692527770996,-17.230770111083984
292.442,13:05:09.406,477.335,5.314,2536.450,0.000,0.000,0.000,0.000,0.000,0.000,1.000,1.000,0.000,25.119,25.300,0.579,52.134,5.000,101.0,47.0,4.307692527770996,-17.230770111083984
292.585,13:05:09.469,477.335,5.314,2536.450,0.000,0.000,0.000,0.000,0.000,0.000,1.000,1.000,0.000,25.119,25.300,0.579,52.134,5.000,101.0,47.0,4.307692527770996,-17.230770111083984
292.650,13:05:09.726,477.335,5.314,2536.450,0.000,0.000,0.000,0.000,0.000,0.000,1.000,1.000,0.000,25.119,25.300,0.579,52.134,5.000,101.0,47.0,16.35897445678711,-17.179487228393555
292.906,13:05:09.870,475.978,5.629,2679.448,0.000,0.000,0.000,0.000,0.000,0.000,1.000,1.000,0.000,25.919,26.100,0.599,52.209,5.000,101.0,47.0,16.35897445678711,-17.179487228393555
293.049,13:05:09.933,475.978,5.629,2679.448,0.000,0.000,0.000,0.000,0.000,0.000,1.000,1.000,0.000,25.919,26.100,0.599,52.209,5.000,101.0,47.0,16.35897445678711,-17.179487228393555
293.113,13:05:09.997,475.978,5.629,2679.448,0.000,0.000,0.000,0.000,0.000,0.000,1.000,1.000,0.000,25.919,26.100,0.599,52.209,5.000,101.0,47.0,16.35897445678711,-17.179487228393555
293.178,13:05:10.141,475.978,5.629,2679.448,0.000,0.000,0.000,0.000,0.000,0.000,1.000,1.000,0.000,26.718,26.900,0.620,52.265,5.000,101.0,47.0,16.35897445678711,-17.179487228393555
293.321,13:05:10.205,474.273,6.014,2852.200,0.000,0.000,0.000,0.000,0.000,0.000,1.000,1.000,0.000,26.718,26.900,0.620,52.265,5.000,101.0,47.0,16.35897445678711,-17.179487228393555
293.385,13:05:10.269,474.273,6.014,2852.200,0.000,0.000,0.000,0.000,0.000,0.000,1.000,1.000,0.000,26.718,26.900,0.620,52.265,5.000,101.0,47.0,16.35897445678711,-17.179487228393555
293.450,13:05:10.414,474.273,6.014,2852.200,0.000,0.000,0.000,0.000,0.000,0.000,1.000,1.000,0.000,26.718,26.900,0.620,52.265,5.000,101.0,47.0,16.35897445678711,-17.179487228393555
293.593,13:05:10.477,474.273,6.014,2852.200,0.000,0.000,0.000,0.000,0.000,0.000,1.000,1.000,0.000,26.718,26.900,0.620,52.265,5.000,101.0,47.0,16.35897445678711,-17.179487228393555
293.657,13:05:10.733,472.611,6.383,3016.612,0.000,0.000,0.000,0.000,0.000,0.000,1.000,1.000,0.000,26.718,26.900,0.620,52.265,5.000,101.0,47.0,-15.64102554321289,20.769229888916016
293.912,13:05:10.877,472.611,6.383,3016.612,0.000,0.000,0.000,0.000,0.000,0.000,1.000,1.000,0.000,27.519,27.700,0.640,52.325,5.000,101.0,47.0,-15.64102554321289,20.769229888916016
294.057,13:05:10.941,470.604,6.810,3204.990,0.000,0.000,0.000,0.000,0.000,0.000,1.000,1.000,0.000,27.519,27.700,0.640,52.325,5.000,101.0,47.0,-15.64102554321289,20.769229888916016
294.120,13:05:11.004,470.604,6.810,3204.990,0.000,0.000,0.000,0.000,0.000,0.000,1.000,1.000,0.000,27.519,27.700,0.640,52.325,5.000,101.0,47.0,-15.64102554321289,20.769229888916016
294.184,13:05:11.148,470.604,6.810,3204.990,0.000,0.000,0.000,0.000,0.000,0.000,1.000,1.000,0.000,28.319,28.500,0.662,52.361,5.000,101.0,47.0,-15.64102554321289,20.769229888916016
294.329,13:05:11.213,470.604,6.810,3204.990,0.000,0.000,0.000,0.000,0.000,0.000,1.000,1.000,0.000,28.319,28.500,0.662,52.361,5.000,101.0,47.0,-15.64102554321289,20.769229888916016
294.392,13:05:11.276,470.604,6.810,3204.990,0.000,0.000,0.000,0.000,0.000,0.000,1.000,1.000,0.000,28.319,28.500,0.662,52.361,5.000,101.0,47.0,-15.64102554321289,20.769229888916016
294.457,13:05:11.421,467.581,7.415,3467.297,0.000,0.000,0.000,0.000,0.000,0.000,1.000,1.000,1.000,29.120,29.300,0.685,52.418,5.000,101.0,47.0,-15.64102554321289,20.769229888916016
294.600,13:05:11.484,467.581,7.415,3467.297,0.000,0.000,0.000,0.000,0.000,0.000,1.000,1.000,1.000,29.120,29.300,0.685,52.418,5.000,101.0,47.0,-15.64102554321289,20.769229888916016
294.665,13:05:11.740,467.581,7.415,3467.297,0.000,0.000,0.000,0.000,0.000,0.000,1.000,1.000,1.000,29.120,29.300,0.685,52.418,5.000,101.0,47.0,-11.743589401245117,-14.307692527770996
294.920,13:05:11.883,460.991,8.601,3964.912,0.000,0.000,0.000,0.000,0.000,0.000,1.000,1.000,0.000,29.918,30.100,0.714,52.464,5.000,101.0,47.0,-11.743589401245117,-14.307692527770996
295.064,13:05:11.948,460.991,8.601,3964.912,0.000,0.000,0.000,0.000,0.000,0.000,1.000,1.000,0.000,29.918,30.100,0.714,52.464,5.000,101.0,47.0,-11.743589401245117,-14.307692527770996
295.127,13:05:12.011,460.991,8.601,3964.912,0.000,0.000,0.000,0.000,0.000,0.000,1.000,1.000,0.000,29.918,30.100,0.714,52.464,5.000,101.0,47.0,-11.743589401245117,-14.307692527770996
295.192,13:05:12.156,460.991,8.601,3964.912,0.000,0.000,0.000,0.000,0.000,0.000,1.000,1.000,0.000,30.719,30.900,0.755,52.549,5.000,101.0,47.0,-11.743589401245117,-14.307692527770996
295.336,13:05:12.220,447.733,10.520,4710.356,0.000,0.000,0.000,0.000,0.000,0.000,1.000,1.000,0.000,30.719,30.900,0.755,52.549,5.000,101.0,47.0,-11.743589401245117,-14.307692527770996
295.399,13:05:12.283,447.733,10.520,4710.356,0.000,0.000,0.000,0.000,0.000,0.000,1.000,1.000,0.000,30.719,30.900,0.755,52.549,5.000,101.0,47.0,-11.743589401245117,-14.307692527770996
295.464,13:05:12.427,447.733,10.520,4710.356,0.000,0.000,0.000,0.000,0.000,0.000,1.000,1.000,0.000,30.719,30.900,0.755,52.549,5.000,101.0,47.0,-11.743589401245117,-14.307692527770996
295.608,13:05:12.492,447.733,10.520,4710.356,0.000,0.000,0.000,0.000,0.000,0.000,1.000,1.000,0.000,30.719,30.900,0.755,52.549,5.000,101.0,47.0,-11.743589401245117,-14.307692527770996
295.672,13:05:12.747,444.409,10.934,4859.362,0.000,0.000,0.000,0.000,0.000,0.000,1.000,1.000,0.000,30.719,30.900,0.755,52.549,5.000,101.0,47.0,22.564102172851562,-13.79487133026123
295.927,13:05:12.892,444.409,10.934,4859.362,0.000,0.000,0.000,0.000,0.000,0.000,1.000,1.000,0.000,30.681,30.500,0.759,52.671,5.000,101.0,47.0,22.564102172851562,-13.79487133026123
296.071,13:05:12.955,447.672,10.563,4728.950,0.000,0.000,0.000,0.000,0.000,0.000,1.000,1.000,0.000,30.681,30.500,0.759,52.671,5.000,101.0,47.0,22.564102172851562,-13.79487133026123
296.135,13:05:13.019,447.672,10.563,4728.950,0.000,0.000,0.000,0.000,0.000,0.000,1.000,1.000,0.000,30.681,30.500,0.759,52.671,5.000,101.0,47.0,22.564102172851562,-13.79487133026123
296.199,13:05:13.164,447.672,10.563,4728.950,0.000,0.000,0.000,0.000,0.000,0.000,1.000,1.000,0.000,30.318,30.500,0.745,52.697,5.000,101.0,47.0,22.564102172851562,-13.79487133026123
296.344,13:05:13.228,447.672,10.563,4728.950,0.000,0.000,0.000,0.000,0.000,0.000,1.000,1.000,0.000,30.318,30.500,0.745,52.697,5.000,101.0,47.0,22.564102172851562,-13.79487133026123
296.408,13:05:13.292,447.672,10.563,4728.950,0.000,0.000,0.000,0.000,0.000,0.000,1.000,1.000,0.000,30.318,30.500,0.745,52.697,5.000,101.0,47.0,22.564102172851562,-13.79487133026123
296.472,13:05:13.435,444.258,10.956,4867.080,0.000,0.000,0.000,0.000,0.000,0.000,1.000,1.000,0.000,30.681,30.500,0.760,52.777,5.000,101.0,47.0,22.564102172851562,-13.79487133026123
296.615,13:05:13.499,444.258,10.956,4867.080,0.000,0.000,0.000,0.000,0.000,0.000,1.000,1.000,0.000,30.681,30.500,0.760,52.777,5.000,101.0,47.0,22.564102172851562,-13.79487133026123
296.680,13:05:13.755,444.258,10.956,4867.080,0.000,0.000,0.000,0.000,0.000,0.000,1.000,1.000,0.000,30.681,30.500,0.760,52.777,5.000,101.0,47.0,-16.820512771606445,10.666666984558105
296.935,13:05:13.899,448.891,10.418,4676.351,0.000,0.000,0.000,0.000,0.000,0.000,1.000,1.000,0.000,30.318,30.500,0.743,52.843,5.000,101.0,47.0,-16.820512771606445,10.666666984558105
297.079,13:05:13.963,448.891,10.418,4676.351,0.000,0.000,0.000,0.000,0.000,0.000,1.000,1.000,0.000,30.318,30.500,0.743,52.843,5.000,101.0,47.0,-16.820512771606445,10.666666984558105
297.144,13:05:14.028,448.891,10.418,4676.351,0.000,0.000,0.000,0.000,0.000,0.000,1.000,1.000,0.000,30.318,30.500,0.743,52.843,5.000,101.0,47.0,-16.820512771606445,10.666666984558105
297.207,13:05:14.170,448.891,10.418,4676.351,0.000,0.000,0.000,0.000,0.000,0.000,1.000,1.000,0.000,30.681,30.500,0.757,52.897,5.000,101.0,47.0,-16.820512771606445,10.666666984558105
297.350,13:05:14.234,445.888,10.781,4807.013,0.000,0.000,0.000,0.000,0.000,0.000,1.000,1.000,0.000,30.681,30.500,0.757,52.897,5.000,101.0,47.0,-16.820512771606445,10.666666984558105
297.414,13:05:14.298,445.888,10.781,4807.013,0.000,0.000,0.000,0.000,0.000,0.000,1.000,1.000,0.000,30.681,30.500,0.757,52.897,5.000,101.0,47.0,-16.820512771606445,10.666666984558105
297.479,13:05:14.442,445.888,10.781,4807.013,0.000,0.000,0.000,0.000,0.000,0.000,1.000,1.000,0.000,30.681,30.500,0.757,52.897,5.000,101.0,47.0,-16.820512771606445,10.666666984558105
297.622,13:05:14.506,445.888,10.781,4807.013,0.000,0.000,0.000,0.000,0.000,0.000,1.000,1.000,0.000,30.681,30.500,0.757,52.897,5.000,101.0,47.0,-16.820512771606445,10.666666984558105
297.687,13:05:14.762,447.913,10.548,4724.628,0.000,0.000,0.000,0.000,0.000,0.000,1.000,1.000,0.000,30.681,30.500,0.757,52.897,5.000,101.0,47.0,-22.820512771606445,7.282051086425781
297.943,13:05:14.906,447.913,10.548,4724.628,0.000,0.000,0.000,0.000,0.000,0.000,1.000,1.000,0.000,30.318,30.500,0.745,52.971,5.000,101.0,47.0,-22.820512771606445,7.282051086425781
298.087,13:05:14.970,447.706,10.578,4735.740,0.000,0.000,0.000,0.000,0.000,0.000,1.000,1.000,0.000,30.318,30.500,0.745,52.971,5.000,101.0,47.0,-22.820512771606445,7.282051086425781
298.150,13:05:15.033,447.706,10.578,4735.740,0.000,0.000,0.000,0.000,0.000,0.000,1.000,1.000,0.000,30.318,30.500,0.745,52.971,5.000,101.0,47.0,-22.820512771606445,7.282051086425781
298.214,13:05:15.178,447.706,10.578,4735.740,0.000,0.000,0.000,0.000,0.000,0.000,1.000,1.000,0.000,30.280,30.100,0.744,52.970,5.000,101.0,47.0,-22.820512771606445,7.282051086425781
298.358,13:05:15.242,447.706,10.578,4735.740,0.000,0.000,0.000,0.000,0.000,0.000,1.000,1.000,0.000,30.280,30.100,0.744,52.970,5.000,101.0,47.0,-22.820512771606445,7.282051086425781
298.422,13:05:15.306,447.706,10.578,4735.740,0.000,0.000,0.000,0.000,0.000,0.000,1.000,1.000,0.000,30.280,30.100,0.744,52.970,5.000,101.0,47.0,-22.820512771606445,7.282051086425781
298.486,13:05:15.450,445.752,10.807,4817.120,0.000,0.000,0.000,0.000,0.000,0.000,1.000,1.000,0.000,30.719,30.900,0.758,53.009,5.000,101.0,47.0,-22.820512771606445,7.282051086425781
298.631,13:05:15.514,445.752,10.807,4817.120,0.000,0.000,0.000,0.000,0.000,0.000,1.000,1.000,0.000,30.719,30.900,0.758,53.009,5.000,101.0,47.0,-22.820512771606445,7.282051086425781
298.694,13:05:15.770,445.752,10.807,4817.120,0.000,0.000,0.000,0.000,0.000,0.000,1.000,1.000,0.000,30.719,30.900,0.758,53.009,5.000,101.0,47.0,21.69230842590332,-15.79487133026123
298.949,13:05:15.914,447.770,10.569,4732.467,0.000,0.000,0.000,0.000,0.000,0.000,1.000,1.000,0.000,30.280,30.100,0.744,53.030,5.000,101.0,47.0,21.69230842590332,-15.79487133026123
299.093,13:05:15.977,447.770,10.569,4732.467,0.000,0.000,0.000,0.000,0.000,0.000,1.000,1.000,0.000,30.280,30.100,0.744,53.030,5.000,101.0,47.0,21.69230842590332,-15.79487133026123
299.158,13:05:16.041,447.770,10.569,4732.467,0.000,0.000,0.000,0.000,0.000,0.000,1.000,1.000,0.000,30.280,30.100,0.744,53.030,5.000,101.0,47.0,21.69230842590332,-15.79487133026123
299.222,13:05:16.186,447.770,10.569,4732.467,0.000,0.000,0.000,0.000,0.000,0.000,1.000,1.000,0.000,30.280,30.100,0.744,53.030,5.000,101.0,47.0,21.69230842590332,-15.79487133026123
299.366,13:05:16.250,446.144,10.766,4803.271,0.000,0.000,0.000,0.000,0.000,0.000,1.000,1.000,0.000,30.280,30.100,0.744,53.030,5.000,101.0,47.0,21.69230842590332,-15.79487133026123
299.429,13:05:16.313,446.144,10.766,4803.271,0.000,0.000,0.000,0.000,0.000,0.000,1.000,1.000,0.000,30.280,30.100,0.744,53.030,5.000,101.0,47.0,21.69230842590332,-15.79487133026123
299.494,13:05:16.457,446.144,10.766,4803.271,0.000,0.000,0.000,0.000,0.000,0.000,1.000,1.000,0.000,30.720,30.900,0.757,53.041,5.000,101.0,47.0,21.69230842590332,-15.79487133026123
299.638,13:05:16.522,446.144,10.766,4803.271,0.000,0.000,0.000,0.000,0.000,0.000,1.000,1.000,0.000,30.720,30.900,0.757,53.041,5.000,101.0,47.0,21.69230842590332,-15.79487133026123
299.702,13:05:16.778,447.585,10.598,4743.435,0.000,0.000,0.000,0.000,0.000,0.000,1.000,1.000,0.000,30.720,30.900,0.757,53.041,5.000,101.0,47.0,16.71794891357422,3.5897436141967773
299.957,13:05:16.921,447.585,10.598,4743.435,0.000,0.000,0.000,0.000,0.000,0.000,1.000,1.000,0.000,30.280,30.100,0.744,53.081,5.000,101.0,47.0,16.71794891357422,3.5897436141967773
300.101,13:05:16.985,447.585,10.598,4743.435,0.000,0.000,0.000,0.000,0.000,0.000,1.000,1.000,0.000,30.280,30.100,0.744,53.081,5.000,101.0,47.0,16.71794891357422,3.5897436141967773
300.164,13:05:17.048,446.391,10.747,4797.240,0.000,0.000,0.000,0.000,0.000,0.000,1.000,1.000,0.000,30.280,30.100,0.744,53.081,5.000,101.0,47.0,16.71794891357422,3.5897436141967773
300.228,13:05:17.193,446.391,10.747,4797.240,0.000,0.000,0.000,0.000,0.000,0.000,1.000,1.000,0.000,30.719,30.900,0.757,53.095,5.000,101.0,47.0,16.71794891357422,3.5897436141967773
300.372,13:05:17.256,446.391,10.747,4797.240,0.000,0.000,0.000,0.000,0.000,0.000,1.000,1.000,0.000,30.719,30.900,0.757,53.095,5.000,101.0,47.0,16.71794891357422,3.5897436141967773
300.437,13:05:17.321,446.391,10.747,4797.240,0.000,0.000,0.000,0.000,0.000,0.000,1.000,1.000,0.000,30.719,30.900,0.757,53.095,5.000,101.0,47.0,16.71794891357422,3.5897436141967773
300.501,13:05:17.464,446.391,10.747,4797.240,0.000,0.000,0.000,0.000,0.000,0.000,1.000,1.000,0.000,30.681,30.500,0.760,53.111,5.000,101.0,47.0,16.71794891357422,3.5897436141967773
300.644,13:05:17.528,444.280,10.991,4883.246,0.000,0.000,0.000,0.000,0.000,0.000,1.000,1.000,0.000,30.681,30.500,0.760,53.111,5.000,101.0,47.0,16.71794891357422,3.5897436141967773
300.709,13:05:17.801,444.280,10.991,4883.246,0.000,0.000,0.000,0.000,0.000,0.000,1.000,1.000,0.000,30.681,30.500,0.760,53.111,5.000,101.0,47.0,-19.230770111083984,15.743589401245117
300.980,13:05:17.944,447.462,10.629,4756.031,0.000,0.000,0.000,0.000,0.000,0.000,1.000,1.000,0.000,30.280,30.100,0.744,53.099,5.000,101.0,47.0,-19.230770111083984,15.743589401245117
301.125,13:05:18.009,447.462,10.629,4756.031,0.000,0.000,0.000,0.000,0.000,0.000,1.000,1.000,0.000,30.280,30.100,0.744,53.099,5.000,101.0,47.0,-19.230770111083984,15.743589401245117
301.188,13:05:18.071,447.462,10.629,4756.031,0.000,0.000,0.000,0.000,0.000,0.000,1.000,1.000,0.000,30.280,30.100,0.744,53.099,5.000,101.0,47.0,-19.230770111083984,15.743589401245117
301.253,13:05:18.216,447.462,10.629,4756.031,0.000,0.000,0.000,0.000,0.000,0.000,1.000,1.000,0.000,30.280,30.100,0.744,53.099,5.000,101.0,47.0,-19.230770111083984,15.743589401245117
301.396,13:05:18.280,450.466,10.255,4619.634,0.000,0.000,0.000,0.000,0.000,0.000,1.000,1.000,0.000,30.280,30.100,0.744,53.099,5.000,101.0,47.0,-19.230770111083984,15.743589401245117
301.461,13:05:18.345,450.466,10.255,4619.634,0.000,0.000,0.000,0.000,0.000,0.000,1.000,1.000,0.000,30.280,30.100,0.744,53.099,5.000,101.0,47.0,-19.230770111083984,15.743589401245117
301.523,13:05:18.487,450.466,10.255,4619.634,0.000,0.000,0.000,0.000,0.000,0.000,1.000,1.000,0.000,29.918,30.100,0.731,53.088,5.000,101.0,47.0,-19.230770111083984,15.743589401245117
301.669,13:05:18.552,450.466,10.255,4619.634,0.000,0.000,0.000,0.000,0.000,0.000,1.000,1.000,0.000,29.918,30.100,0.731,53.088,5.000,101.0,47.0,-19.230770111083984,15.743589401245117
301.732,13:05:18.808,446.452,10.752,4800.399,0.000,0.000,0.000,0.000,0.000,0.000,1.000,1.000,0.000,29.918,30.100,0.731,53.088,5.000,101.0,47.0,12.871794700622559,-22.66666603088379
301.987,13:05:18.952,446.452,10.752,4800.399,0.000,0.000,0.000,0.000,0.000,0.000,1.000,1.000,0.000,30.719,30.900,0.757,53.093,5.000,101.0,47.0,12.871794700622559,-22.66666603088379
302.132,13:05:19.016,446.452,10.752,4800.399,0.000,0.000,0.000,0.000,0.000,0.000,1.000,1.000,0.000,30.719,30.900,0.757,53.093,5.000,101.0,47.0,12.871794700622559,-22.66666603088379
302.195,13:05:19.079,444.006,11.025,4895.385,0.000,0.000,0.000,0.000,0.000,0.000,1.000,1.000,0.000,30.719,30.900,0.757,53.093,5.000,101.0,47.0,12.871794700622559,-22.66666603088379
302.260,13:05:19.224,444.006,11.025,4895.385,0.000,0.000,0.000,0.000,0.000,0.000,1.000,1.000,0.000,30.719,30.900,0.761,53.141,5.000,101.0,47.0,12.871794700622559,-22.66666603088379
302.403,13:05:19.287,444.006,11.025,4895.385,0.000,0.000,0.000,0.000,0.000,0.000,1.000,1.000,0.000,30.719,30.900,0.761,53.141,5.000,101.0,47.0,12.871794700622559,-22.66666603088379
302.467,13:05:19.351,444.006,11.025,4895.385,0.000,0.000,0.000,0.000,0.000,0.000,1.000,1.000,0.000,30.719,30.900,0.761,53.141,5.000,101.0,47.0,12.871794700622559,-22.66666603088379
302.532,13:05:19.496,444.006,11.025,4895.385,0.000,0.000,0.000,0.000,0.000,0.000,1.000,1.000,0.000,30.719,30.900,0.761,53.129,5.000,101.0,47.0,12.871794700622559,-22.66666603088379
302.676,13:05:19.559,444.207,11.014,4892.322,0.000,0.000,0.000,0.000,0.000,0.000,1.000,1.000,0.000,30.719,30.900,0.761,53.129,5.000,101.0,47.0,12.871794700622559,-22.66666603088379
302.740,13:05:19.815,444.207,11.014,4892.322,0.000,0.000,0.000,0.000,0.000,0.000,1.000,1.000,0.000,30.719,30.900,0.761,53.129,5.000,101.0,47.0,22.256410598754883,-7.230769157409668
302.995,13:05:19.959,444.221,11.015,4892.878,0.000,0.000,0.000,0.000,0.000,0.000,1.000,1.000,0.000,30.719,30.900,0.761,53.104,5.000,101.0,47.0,22.256410598754883,-7.230769157409668
303.139,13:05:20.023,444.221,11.015,4892.878,0.000,0.000,0.000,0.000,0.000,0.000,1.000,1.000,0.000,30.719,30.900,0.761,53.104,5.000,101.0,47.0,22.256410598754883,-7.230769157409668
303.204,13:05:20.088,444.221,11.015,4892.878,0.000,0.000,0.000,0.000,0.000,0.000,1.000,1.000,0.000,30.719,30.900,0.761,53.104,5.000,101.0,47.0,22.256410598754883,-7.230769157409668
303.267,13:05:20.231,444.221,11.015,4892.878,0.000,0.000,0.000,0.000,0.000,0.000,1.000,1.000,0.000,30.719,30.900,0.761,53.104,5.000,101.0,47.0,22.256410598754883,-7.230769157409668
303.411,13:05:20.295,447.296,10.672,4773.545,0.000,0.000,0.000,0.000,0.000,0.000,1.000,1.000,0.000,30.719,30.900,0.761,53.104,5.000,101.0,47.0,22.256410598754883,-7.230769157409668
303.475,13:05:20.359,447.296,10.672,4773.545,0.000,0.000,0.000,0.000,0.000,0.000,1.000,1.000,0.000,30.719,30.900,0.761,53.104,5.000,101.0,47.0,22.256410598754883,-7.230769157409668
303.539,13:05:20.503,447.296,10.672,4773.545,0.000,0.000,0.000,0.000,0.000,0.000,1.000,1.000,0.000,30.681,30.500,0.755,53.106,5.000,101.0,47.0,22.256410598754883,-7.230769157409668
303.683,13:05:20.567,447.296,10.672,4773.545,0.000,0.000,0.000,0.000,0.000,0.000,1.000,1.000,0.000,30.681,30.500,0.755,53.106,5.000,101.0,47.0,22.256410598754883,-7.230769157409668
303.746,13:05:20.823,447.296,10.672,4773.545,0.000,0.000,0.000,0.000,0.000,0.000,1.000,1.000,0.000,30.681,30.500,0.755,53.106,5.000,101.0,47.0,19.28205108642578,-22.769229888916016
304.003,13:05:20.967,444.028,11.048,4905.726,0.000,0.000,0.000,0.000,0.000,0.000,1.000,1.000,0.000,30.719,30.900,0.761,53.133,5.000,101.0,47.0,19.28205108642578,-22.769229888916016
304.146,13:05:21.030,444.028,11.048,4905.726,0.000,0.000,0.000,0.000,0.000,0.000,1.000,1.000,0.000,30.719,30.900,0.761,53.133,5.000,101.0,47.0,19.28205108642578,-22.769229888916016
304.210,13:05:21.094,447.542,10.649,4765.791,0.000,0.000,0.000,0.000,0.000,0.000,1.000,1.000,0.000,30.719,30.900,0.761,53.133,5.000,101.0,47.0,19.28205108642578,-22.769229888916016
304.275,13:05:21.239,447.542,10.649,4765.791,0.000,0.000,0.000,0.000,0.000,0.000,1.000,1.000,0.000,30.681,30.500,0.754,53.107,5.000,101.0,47.0,19.28205108642578,-22.769229888916016
304.419,13:05:21.303,447.542,10.649,4765.791,0.000,0.000,0.000,0.000,0.000,0.000,1.000,1.000,0.000,30.681,30.500,0.754,53.107,5.000,101.0,47.0,19.28205108642578,-22.769229888916016
304.483,13:05:21.366,447.542,10.649,4765.791,0.000,0.000,0.000,0.000,0.000,0.000,1.000,1.000,0.000,30.681,30.500,0.754,53.107,5.000,101.0,47.0,19.28205108642578,-22.769229888916016
304.546,13:05:21.509,447.542,10.649,4765.791,0.000,0.000,0.000,0.000,0.000,0.000,1.000,1.000,0.000,30.318,30.500,0.745,53.096,5.000,101.0,47.0,19.28205108642578,-22.769229888916016
304.691,13:05:21.575,447.508,10.653,4767.401,0.000,0.000,0.000,0.000,0.000,0.000,1.000,1.000,0.000,30.318,30.500,0.745,53.096,5.000,101.0,47.0,19.28205108642578,-22.769229888916016
304.754,13:05:21.829,447.508,10.653,4767.401,0.000,0.000,0.000,0.000,0.000,0.000,1.000,1.000,0.000,30.318,30.500,0.745,53.096,5.000,101.0,47.0,-2.8717949390411377,22.205127716064453
305.010,13:05:21.975,450.474,10.285,4633.327,0.000,0.000,0.000,0.000,0.000,0.000,1.000,1.000,0.000,30.318,30.500,0.740,53.077,5.000,101.0,47.0,-2.8717949390411377,22.205127716064453
305.154,13:05:22.038,450.474,10.285,4633.327,0.000,0.000,0.000,0.000,0.000,0.000,1.000,1.000,0.000,30.318,30.500,0.740,53.077,5.000,101.0,47.0,-2.8717949390411377,22.205127716064453
305.218,13:05:22.102,450.474,10.285,4633.327,0.000,0.000,0.000,0.000,0.000,0.000,1.000,1.000,0.000,30.318,30.500,0.740,53.077,5.000,101.0,47.0,-2.8717949390411377,22.205127716064453
305.282,13:05:22.245,450.474,10.285,4633.327,0.000,0.000,0.000,0.000,0.000,0.000,1.000,1.000,0.000,30.318,30.500,0.740,53.077,5.000,101.0,47.0,-2.8717949390411377,22.205127716064453
305.425,13:05:22.309,449.095,10.462,4698.273,0.000,0.000,0.000,0.000,0.000,0.000,1.000,1.000,0.000,30.318,30.500,0.740,53.077,5.000,101.0,47.0,-2.8717949390411377,22.205127716064453
305.489,13:05:22.373,449.095,10.462,4698.273,0.000,0.000,0.000,0.000,0.000,0.000,1.000,1.000,0.000,30.318,30.500,0.740,53.077,5.000,101.0,47.0,-2.8717949390411377,22.205127716064453
305.554,13:05:22.518,449.095,10.462,4698.273,0.000,0.000,0.000,0.000,0.000,0.000,1.000,1.000,0.000,30.279,30.100,0.742,53.062,5.000,101.0,47.0,-2.8717949390411377,22.205127716064453
305.698,13:05:22.581,449.095,10.462,4698.273,0.000,0.000,0.000,0.000,0.000,0.000,1.000,1.000,0.000,30.279,30.100,0.742,53.062,5.000,101.0,47.0,-2.8717949390411377,22.205127716064453
305.761,13:05:22.838,449.095,10.462,4698.273,0.000,0.000,0.000,0.000,0.000,0.000,1.000,1.000,0.000,30.279,30.100,0.742,53.062,5.000,101.0,47.0,-24.9743595123291,3.538461446762085
306.017,13:05:22.982,446.251,10.807,4822.469,0.000,0.000,0.000,0.000,0.000,0.000,1.000,1.000,0.000,30.719,30.900,0.757,53.057,5.000,101.0,47.0,-24.9743595123291,3.538461446762085
306.161,13:05:23.044,446.251,10.807,4822.469,0.000,0.000,0.000,0.000,0.000,0.000,1.000,1.000,0.000,30.719,30.900,0.757,53.057,5.000,101.0,47.0,-24.9743595123291,3.538461446762085
306.225,13:05:23.108,442.888,11.179,4951.235,0.000,0.000,0.000,0.000,0.000,0.000,1.000,1.000,0.000,30.719,30.900,0.757,53.057,5.000,101.0,47.0,-24.9743595123291,3.538461446762085
306.289,13:05:23.253,442.888,11.179,4951.235,0.000,0.000,0.000,0.000,0.000,0.000,1.000,1.000,0.000,31.081,30.900,0.772,53.081,5.000,101.0,47.0,-24.9743595123291,3.538461446762085
306.432,13:05:23.316,442.888,11.179,4951.235,0.000,0.000,0.000,0.000,0.000,0.000,1.000,1.000,0.000,31.081,30.900,0.772,53.081,5.000,101.0,47.0,-24.9743595123291,3.538461446762085
306.497,13:05:23.381,442.888,11.179,4951.235,0.000,0.000,0.000,0.000,0.000,0.000,1.000,1.000,0.000,31.081,30.900,0.772,53.081,5.000,101.0,47.0,-24.9743595123291,3.538461446762085
306.560,13:05:23.526,442.888,11.179,4951.235,0.000,0.000,0.000,0.000,0.000,0.000,1.000,1.000,0.000,30.681,30.500,0.756,53.041,5.000,101.0,47.0,-24.9743595123291,3.538461446762085
306.705,13:05:23.589,446.422,10.792,4817.707,0.000,0.000,0.000,0.000,0.000,0.000,1.000,1.000,0.000,30.681,30.500,0.756,53.041,5.000,101.0,47.0,-24.9743595123291,3.538461446762085
306.768,13:05:23.844,446.422,10.792,4817.707,0.000,0.000,0.000,0.000,0.000,0.000,1.000,1.000,0.000,30.681,30.500,0.756,53.041,5.000,101.0,47.0,4.615384578704834,-23.33333396911621
307.024,13:05:23.989,448.975,10.481,4705.816,0.000,0.000,0.000,0.000,0.000,0.000,1.000,1.000,0.000,30.318,30.500,0.743,53.046,5.000,101.0,47.0,4.615384578704834,-23.33333396911621
307.169,13:05:24.053,448.975,10.481,4705.816,0.000,0.000,0.000,0.000,0.000,0.000,1.000,1.000,0.000,30.318,30.500,0.743,53.046,5.000,101.0,47.0,4.615384578704834,-23.33333396911621
307.232,13:05:24.116,448.975,10.481,4705.816,0.000,0.000,0.000,0.000,0.000,0.000,1.000,1.000,0.000,30.318,30.500,0.743,53.046,5.000,101.0,47.0,4.615384578704834,-23.33333396911621
307.296,13:05:24.260,448.975,10.481,4705.816,0.000,0.000,0.000,0.000,0.000,0.000,1.000,1.000,0.000,30.318,30.500,0.743,53.046,5.000,101.0,47.0,4.615384578704834,-23.33333396911621
307.441,13:05:24.325,445.452,10.899,4854.785,0.000,0.000,0.000,0.000,0.000,0.000,1.000,1.000,0.000,30.318,30.500,0.743,53.046,5.000,101.0,47.0,4.615384578704834,-23.33333396911621
307.505,13:05:24.389,445.452,10.899,4854.785,0.000,0.000,0.000,0.000,0.000,0.000,1.000,1.000,0.000,30.318,30.500,0.743,53.046,5.000,101.0,47.0,4.615384578704834,-23.33333396911621
307.568,13:05:24.532,445.452,10.899,4854.785,0.000,0.000,0.000,0.000,0.000,0.000,1.000,1.000,0.000,30.681,30.500,0.758,53.027,5.000,101.0,47.0,4.615384578704834,-23.33333396911621
307.712,13:05:24.596,445.452,10.899,4854.785,0.000,0.000,0.000,0.000,0.000,0.000,1.000,1.000,0.000,30.681,30.500,0.758,53.027,5.000,101.0,47.0,4.615384578704834,-23.33333396911621
307.776,13:05:24.852,445.452,10.899,4854.785,0.000,0.000,0.000,0.000,0.000,0.000,1.000,1.000,0.000,30.681,30.500,0.758,53.027,5.000,101.0,47.0,13.384614944458008,-24.820512771606445
308.032,13:05:24.996,446.462,10.781,4813.283,0.000,0.000,0.000,0.000,0.000,0.000,1.000,1.000,0.000,30.719,30.900,0.757,53.002,5.000,101.0,47.0,13.384614944458008,-24.820512771606445
308.176,13:05:25.060,446.462,10.781,4813.283,0.000,0.000,0.000,0.000,0.000,0.000,1.000,1.000,0.000,30.719,30.900,0.757,53.002,5.000,101.0,47.0,13.384614944458008,-24.820512771606445
308.240,13:05:25.124,449.025,10.479,4705.315,0.000,0.000,0.000,0.000,0.000,0.000,1.000,1.000,0.000,30.719,30.900,0.757,53.002,5.000,101.0,47.0,13.384614944458008,-24.820512771606445
308.304,13:05:25.267,449.025,10.479,4705.315,0.000,0.000,0.000,0.000,0.000,0.000,1.000,1.000,0.000,30.318,30.500,0.743,53.025,5.000,101.0,47.0,13.384614944458008,-24.820512771606445
308.447,13:05:25.331,449.025,10.479,4705.315,0.000,0.000,0.000,0.000,0.000,0.000,1.000,1.000,0.000,30.318,30.500,0.743,53.025,5.000,101.0,47.0,13.384614944458008,-24.820512771606445
308.511,13:05:25.395,449.025,10.479,4705.315,0.000,0.000,0.000,0.000,0.000,0.000,1.000,1.000,0.000,30.318,30.500,0.743,53.025,5.000,101.0,47.0,13.384614944458008,-24.820512771606445
308.576,13:05:25.540,449.025,10.479,4705.315,0.000,0.000,0.000,0.000,0.000,0.000,1.000,1.000,0.000,30.318,30.500,0.743,53.025,5.000,101.0,47.0,13.384614944458008,-24.820512771606445
308.720,13:05:25.604,445.383,10.913,4860.590,0.000,0.000,0.000,0.000,0.000,0.000,1.000,1.000,0.000,30.318,30.500,0.743,53.025,5.000,101.0,47.0,13.384614944458008,-24.820512771606445
308.784,13:05:26.163,445.383,10.913,4860.590,0.000,0.000,0.000,0.000,0.000,0.000,1.000,1.000,0.000,30.318,30.500,0.743,53.025,5.000,101.0,47.0,,-20.9743595123291
309.343,13:05:26.308,447.105,10.721,4793.594,0.000,0.000,0.000,0.000,0.000,0.000,1.000,1.000,0.000,30.681,30.500,0.755,52.985,5.000,101.0,47.0,,-20.9743595123291
309.487,13:05:26.371,446.894,10.744,4801.498,0.000,0.000,0.000,0.000,0.000,0.000,1.000,1.000,0.000,30.681,30.500,0.755,52.985,5.000,101.0,47.0,,-20.9743595123291
309.552,13:05:26.436,446.894,10.744,4801.498,0.000,0.000,0.000,0.000,0.000,0.000,1.000,1.000,0.000,30.681,30.500,0.755,52.985,5.000,101.0,47.0,,-20.9743595123291
309.615,13:05:26.579,446.894,10.744,4801.498,0.000,0.000,0.000,0.000,0.000,0.000,1.000,1.000,0.000,30.681,30.500,0.755,52.979,5.000,101.0,47.0,,-20.9743595123291
309.759,13:05:26.643,446.894,10.744,4801.498,0.000,0.000,0.000,0.000,0.000,0.000,1.000,1.000,0.000,30.681,30.500,0.755,52.979,5.000,101.0,47.0,,-20.9743595123291
309.822,13:05:26.899,446.894,10.744,4801.498,0.000,0.000,0.000,0.000,0.000,0.000,1.000,1.000,0.000,30.681,30.500,0.755,52.979,5.000,101.0,47.0,18.512821197509766,1.076923131942749
310.078,13:05:27.042,445.344,10.926,4865.637,0.000,0.000,0.000,0.000,0.000,0.000,1.000,1.000,0.000,30.681,30.500,0.758,52.986,5.000,101.0,47.0,18.512821197509766,1.076923131942749
310.222,13:05:27.106,445.344,10.926,4865.637,0.000,0.000,0.000,0.000,0.000,0.000,1.000,1.000,0.000,30.681,30.500,0.758,52.986,5.000,101.0,47.0,18.512821197509766,1.076923131942749
310.287,13:05:27.171,446.853,10.756,4806.378,0.000,0.000,0.000,0.000,0.000,0.000,1.000,1.000,0.000,30.681,30.500,0.758,52.986,5.000,101.0,47.0,18.512821197509766,1.076923131942749
310.351,13:05:27.314,446.853,10.756,4806.378,0.000,0.000,0.000,0.000,0.000,0.000,1.000,1.000,0.000,30.719,30.900,0.756,52.943,5.000,101.0,47.0,18.512821197509766,1.076923131942749
310.494,13:05:27.378,446.853,10.756,4806.378,0.000,0.000,0.000,0.000,0.000,0.000,1.000,1.000,0.000,30.719,30.900,0.756,52.943,5.000,101.0,47.0,18.512821197509766,1.076923131942749
310.558,13:05:27.442,446.853,10.756,4806.378,0.000,0.000,0.000,0.000,0.000,0.000,1.000,1.000,0.000,30.719,30.900,0.756,52.943,5.000,101.0,47.0,18.512821197509766,1.076923131942749
310.622,13:05:27.586,446.853,10.756,4806.378,0.000,0.000,0.000,0.000,0.000,0.000,1.000,1.000,0.000,30.318,30.500,0.743,52.942,5.000,101.0,47.0,18.512821197509766,1.076923131942749
310.766,13:05:27.650,448.672,10.529,4724.022,0.000,0.000,0.000,0.000,0.000,0.000,1.000,1.000,0.000,30.318,30.500,0.743,52.942,5.000,101.0,47.0,18.512821197509766,1.076923131942749
310.830,13:05:27.907,448.672,10.529,4724.022,0.000,0.000,0.000,0.000,0.000,0.000,1.000,1.000,0.000,30.318,30.500,0.743,52.942,5.000,101.0,47.0,-20.769229888916016,15.179487228393555
311.086,13:05:28.050,445.038,10.953,4874.452,0.000,0.000,0.000,0.000,0.000,0.000,1.000,1.000,0.000,30.681,30.500,0.758,52.936,5.000,101.0,47.0,-20.769229888916016,15.179487228393555
311.230,13:05:28.114,445.038,10.953,4874.452,0.000,0.000,0.000,0.000,0.000,0.000,1.000,1.000,0.000,30.681,30.500,0.758,52.936,5.000,101.0,47.0,-20.769229888916016,15.179487228393555
311.294,13:05:28.178,445.038,10.953,4874.452,0.000,0.000,0.000,0.000,0.000,0.000,1.000,1.000,0.000,30.681,30.500,0.758,52.936,5.000,101.0,47.0,-20.769229888916016,15.179487228393555
311.358,13:05:28.322,445.038,10.953,4874.452,0.000,0.000,0.000,0.000,0.000,0.000,1.000,1.000,0.000,30.681,30.500,0.758,52.936,5.000,101.0,47.0,-20.769229888916016,15.179487228393555
311.502,13:05:28.386,447.100,10.712,4789.193,0.000,0.000,0.000,0.000,0.000,0.000,1.000,1.000,0.000,30.681,30.500,0.758,52.936,5.000,101.0,47.0,-20.769229888916016,15.179487228393555
311.566,13:05:28.450,447.100,10.712,4789.193,0.000,0.000,0.000,0.000,0.000,0.000,1.000,1.000,0.000,30.681,30.500,0.758,52.936,5.000,101.0,47.0,-20.769229888916016,15.179487228393555
311.630,13:05:28.593,447.100,10.712,4789.193,0.000,0.000,0.000,0.000,0.000,0.000,1.000,1.000,0.000,30.719,30.900,0.756,52.901,5.000,101.0,47.0,-20.769229888916016,15.179487228393555
311.774,13:05:28.658,447.100,10.712,4789.193,0.000,0.000,0.000,0.000,0.000,0.000,1.000,1.000,0.000,30.719,30.900,0.756,52.901,5.000,101.0,47.0,-20.769229888916016,15.179487228393555
311.837,13:05:28.914,447.100,10.712,4789.193,0.000,0.000,0.000,0.000,0.000,0.000,1.000,1.000,0.000,30.719,30.900,0.756,52.901,5.000,101.0,47.0,-15.79487133026123,20.461538314819336
312.093,13:05:29.057,445.252,10.940,4871.124,0.000,0.000,0.000,0.000,0.000,0.000,1.000,1.000,0.000,30.681,30.500,0.758,52.927,5.000,101.0,47.0,-15.79487133026123,20.461538314819336
312.238,13:05:29.121,445.252,10.940,4871.124,0.000,0.000,0.000,0.000,0.000,0.000,1.000,1.000,0.000,30.681,30.500,0.758,52.927,5.000,101.0,47.0,-15.79487133026123,20.461538314819336
312.302,13:05:29.185,445.016,10.965,4879.805,0.000,0.000,0.000,0.000,0.000,0.000,1.000,1.000,0.000,30.681,30.500,0.758,52.927,5.000,101.0,47.0,-15.79487133026123,20.461538314819336
312.366,13:05:29.329,445.016,10.965,4879.805,0.000,0.000,0.000,0.000,0.000,0.000,1.000,1.000,0.000,30.681,30.500,0.758,52.911,5.000,101.0,47.0,-15.79487133026123,20.461538314819336
312.509,13:05:29.393,445.016,10.965,4879.805,0.000,0.000,0.000,0.000,0.000,0.000,1.000,1.000,0.000,30.681,30.500,0.758,52.911,5.000,101.0,47.0,-15.79487133026123,20.461538314819336
312.573,13:05:29.457,445.016,10.965,4879.805,0.000,0.000,0.000,0.000,0.000,0.000,1.000,1.000,0.000,30.681,30.500,0.758,52.911,5.000,101.0,47.0,-15.79487133026123,20.461538314819336
312.637,13:05:29.600,445.016,10.965,4879.805,0.000,0.000,0.000,0.000,0.000,0.000,1.000,1.000,0.000,30.681,30.500,0.758,52.911,5.000,101.0,47.0,-15.79487133026123,20.461538314819336
312.781,13:05:29.665,447.372,10.695,4784.650,0.000,0.000,0.000,0.000,0.000,0.000,1.000,1.000,0.000,30.681,30.500,0.758,52.911,5.000,101.0,47.0,-15.79487133026123,20.461538314819336
312.845,13:05:29.921,447.372,10.695,4784.650,0.000,0.000,0.000,0.000,0.000,0.000,1.000,1.000,0.000,30.681,30.500,0.758,52.911,5.000,101.0,47.0,-2.2051281929016113,-17.897436141967773
313.101,13:05:30.065,447.372,10.695,4784.650,0.000,0.000,0.000,0.000,0.000,0.000,1.000,1.000,0.000,30.318,30.500,0.744,52.860,5.000,101.0,47.0,-2.2051281929016113,-17.897436141967773
313.245,13:05:30.129,448.474,10.567,4739.131,0.000,0.000,0.000,0.000,0.000,0.000,1.000,1.000,0.000,30.318,30.500,0.744,52.860,5.000,101.0,47.0,-2.2051281929016113,-17.897436141967773
313.308,13:05:30.192,448.474,10.567,4739.131,0.000,0.000,0.000,0.000,0.000,0.000,1.000,1.000,0.000,30.318,30.500,0.744,52.860,5.000,101.0,47.0,-2.2051281929016113,-17.897436141967773
313.373,13:05:30.337,448.474,10.567,4739.131,0.000,0.000,0.000,0.000,0.000,0.000,1.000,1.000,0.000,30.318,30.500,0.744,52.860,5.000,101.0,47.0,-2.2051281929016113,-17.897436141967773
313.516,13:05:30.400,448.474,10.567,4739.131,0.000,0.000,0.000,0.000,0.000,0.000,1.000,1.000,0.000,30.318,30.500,0.744,52.860,5.000,101.0,47.0,-2.2051281929016113,-17.897436141967773
313.581,13:05:30.465,443.958,11.086,4921.537,0.000,0.000,0.000,0.000,0.000,0.000,1.000,1.000,0.000,30.318,30.500,0.744,52.860,5.000,101.0,47.0,-2.2051281929016113,-17.897436141967773
313.645,13:05:30.608,443.958,11.086,4921.537,0.000,0.000,0.000,0.000,0.000,0.000,1.000,1.000,0.000,31.081,30.900,0.770,52.844,5.000,101.0,47.0,-2.2051281929016113,-17.897436141967773
313.789,13:05:30.673,443.958,11.086,4921.537,0.000,0.000,0.000,0.000,0.000,0.000,1.000,1.000,0.000,31.081,30.900,0.770,52.844,5.000,101.0,47.0,-2.2051281929016113,-17.897436141967773
313.853,13:05:30.929,443.958,11.086,4921.537,0.000,0.000,0.000,0.000,0.000,0.000,1.000,1.000,0.000,31.081,30.900,0.770,52.844,5.000,101.0,47.0,-9.84615421295166,-10.615385055541992
314.108,13:05:31.073,448.516,10.566,4738.874,0.000,0.000,0.000,0.000,0.000,0.000,1.000,1.000,0.000,30.318,30.500,0.744,52.831,5.000,101.0,47.0,-9.84615421295166,-10.615385055541992
314.252,13:05:31.136,448.516,10.566,4738.874,0.000,0.000,0.000,0.000,0.000,0.000,1.000,1.000,0.000,30.318,30.500,0.744,52.831,5.000,101.0,47.0,-9.84615421295166,-10.615385055541992
314.316,13:05:31.199,448.516,10.566,4738.874,0.000,0.000,0.000,0.000,0.000,0.000,1.000,1.000,0.000,30.318,30.500,0.744,52.831,5.000,101.0,47.0,-9.84615421295166,-10.615385055541992
314.380,13:05:31.344,444.759,10.997,4891.140,0.000,0.000,0.000,0.000,0.000,0.000,1.000,1.000,0.000,30.681,30.500,0.759,52.832,5.000,101.0,47.0,-9.84615421295166,-10.615385055541992
314.523,13:05:31.407,444.759,10.997,4891.140,0.000,0.000,0.000,0.000,0.000,0.000,1.000,1.000,0.000,30.681,30.500,0.759,52.832,5.000,101.0,47.0,-9.84615421295166,-10.615385055541992
314.588,13:05:31.472,444.759,10.997,4891.140,0.000,0.000,0.000,0.000,0.000,0.000,1.000,1.000,0.000,30.681,30.500,0.759,52.832,5.000,101.0,47.0,-9.84615421295166,-10.615385055541992
314.651,13:05:31.616,444.759,10.997,4891.140,0.000,0.000,0.000,0.000,0.000,0.000,1.000,1.000,0.000,30.681,30.500,0.759,52.832,5.000,101.0,47.0,-9.84615421295166,-10.615385055541992
314.796,13:05:31.680,448.176,10.599,4750.283,0.000,0.000,0.000,0.000,0.000,0.000,1.000,1.000,0.000,30.681,30.500,0.759,52.832,5.000,101.0,47.0,-9.84615421295166,-10.615385055541992
314.860,13:05:31.936,448.176,10.599,4750.283,0.000,0.000,0.000,0.000,0.000,0.000,1.000,1.000,0.000,30.681,30.500,0.759,52.832,5.000,101.0,47.0,21.69230842590332,-3.6410255432128906
315.116,13:05:32.079,448.176,10.599,4750.283,0.000,0.000,0.000,0.000,0.000,0.000,1.000,1.000,0.000,30.318,30.500,0.744,52.791,5.000,101.0,47.0,21.69230842590332,-3.6410255432128906
315.260,13:05:32.144,448.168,10.605,4752.723,0.000,0.000,0.000,0.000,0.000,0.000,1.000,1.000,0.000,30.318,30.500,0.744,52.791,5.000,101.0,47.0,21.69230842590332,-3.6410255432128906
315.323,13:05:32.207,448.168,10.605,4752.723,0.000,0.000,0.000,0.000,0.000,0.000,1.000,1.000,0.000,30.318,30.500,0.744,52.791,5.000,101.0,47.0,21.69230842590332,-3.6410255432128906
315.388,13:05:32.352,448.168,10.605,4752.723,0.000,0.000,0.000,0.000,0.000,0.000,1.000,1.000,0.000,30.318,30.500,0.744,52.791,5.000,101.0,47.0,21.69230842590332,-3.6410255432128906
315.532,13:05:32.416,448.168,10.605,4752.723,0.000,0.000,0.000,0.000,0.000,0.000,1.000,1.000,0.000,30.318,30.500,0.744,52.791,5.000,101.0,47.0,21.69230842590332,-3.6410255432128906
315.596,13:05:32.480,447.853,10.638,4764.309,0.000,0.000,0.000,0.000,0.000,0.000,1.000,1.000,0.000,30.318,30.500,0.744,52.791,5.000,101.0,47.0,21.69230842590332,-3.6410255432128906
315.659,13:05:32.623,447.853,10.638,4764.309,0.000,0.000,0.000,0.000,0.000,0.000,1.000,1.000,0.000,30.681,30.500,0.754,52.791,5.000,101.0,47.0,21.69230842590332,-3.6410255432128906
315.804,13:05:32.688,447.853,10.638,4764.309,0.000,0.000,0.000,0.000,0.000,0.000,1.000,1.000,0.000,30.681,30.500,0.754,52.791,5.000,101.0,47.0,21.69230842590332,-3.6410255432128906
315.868,13:05:32.943,447.853,10.638,4764.309,0.000,0.000,0.000,0.000,0.000,0.000,1.000,1.000,0.000,30.681,30.500,0.754,52.791,5.000,101.0,47.0,9.025641441345215,15.179487228393555
316.122,13:05:33.087,447.965,10.619,4757.009,0.000,0.000,0.000,0.000,0.000,0.000,1.000,1.000,0.000,30.719,30.900,0.754,52.768,5.000,101.0,47.0,9.025641441345215,15.179487228393555
316.267,13:05:33.151,447.965,10.619,4757.009,0.000,0.000,0.000,0.000,0.000,0.000,1.000,1.000,0.000,30.719,30.900,0.754,52.768,5.000,101.0,47.0,9.025641441345215,15.179487228393555
316.331,13:05:33.215,447.965,10.619,4757.009,0.000,0.000,0.000,0.000,0.000,0.000,1.000,1.000,0.000,30.719,30.900,0.754,52.768,5.000,101.0,47.0,9.025641441345215,15.179487228393555
316.395,13:05:33.358,444.558,11.015,4896.852,0.000,0.000,0.000,0.000,0.000,0.000,1.000,1.000,0.000,31.081,30.900,0.769,52.765,5.000,101.0,47.0,9.025641441345215,15.179487228393555
316.539,13:05:33.423,444.558,11.015,4896.852,0.000,0.000,0.000,0.000,0.000,0.000,1.000,1.000,0.000,31.081,30.900,0.769,52.765,5.000,101.0,47.0,9.025641441345215,15.179487228393555
316.603,13:05:33.487,444.558,11.015,4896.852,0.000,0.000,0.000,0.000,0.000,0.000,1.000,1.000,0.000,31.081,30.900,0.769,52.765,5.000,101.0,47.0,9.025641441345215,15.179487228393555
316.667,13:05:33.631,444.558,11.015,4896.852,0.000,0.000,0.000,0.000,0.000,0.000,1.000,1.000,0.000,31.081,30.900,0.769,52.765,5.000,101.0,47.0,9.025641441345215,15.179487228393555
316.810,13:05:33.694,444.866,10.976,4882.821,0.000,0.000,0.000,0.000,0.000,0.000,1.000,1.000,0.000,31.081,30.900,0.769,52.765,5.000,101.0,47.0,9.025641441345215,15.179487228393555
316.874,13:05:33.951,444.866,10.976,4882.821,0.000,0.000,0.000,0.000,0.000,0.000,1.000,1.000,0.000,31.081,30.900,0.769,52.765,5.000,101.0,47.0,-6.0,23.384614944458008
317.131,13:05:34.094,444.866,10.976,4882.821,0.000,0.000,0.000,0.000,0.000,0.000,1.000,1.000,0.000,30.720,30.900,0.757,52.724,5.000,101.0,47.0,-6.0,23.384614944458008
317.274,13:05:34.158,446.324,10.815,4826.888,0.000,0.000,0.000,0.000,0.000,0.000,1.000,1.000,0.000,30.720,30.900,0.757,52.724,5.000,101.0,47.0,-6.0,23.384614944458008
317.338,13:05:34.222,446.324,10.815,4826.888,0.000,0.000,0.000,0.000,0.000,0.000,1.000,1.000,0.000,30.720,30.900,0.757,52.724,5.000,101.0,47.0,-6.0,23.384614944458008
317.402,13:05:34.366,446.324,10.815,4826.888,0.000,0.000,0.000,0.000,0.000,0.000,1.000,1.000,0.000,30.720,30.900,0.757,52.724,5.000,101.0,47.0,-6.0,23.384614944458008
317.546,13:05:34.430,446.324,10.815,4826.888,0.000,0.000,0.000,0.000,0.000,0.000,1.000,1.000,0.000,30.720,30.900,0.757,52.724,5.000,101.0,47.0,-6.0,23.384614944458008
317.610,13:05:34.493,449.287,10.461,4700.117,0.000,0.000,0.000,0.000,0.000,0.000,1.000,1.000,0.000,30.720,30.900,0.757,52.724,5.000,101.0,47.0,-6.0,23.384614944458008
317.674,13:05:34.638,449.287,10.461,4700.117,0.000,0.000,0.000,0.000,0.000,0.000,1.000,1.000,0.000,30.319,30.500,0.742,52.715,5.000,101.0,47.0,-6.0,23.384614944458008
317.818,13:05:34.702,449.287,10.461,4700.117,0.000,0.000,0.000,0.000,0.000,0.000,1.000,1.000,0.000,30.319,30.500,0.742,52.715,5.000,101.0,47.0,-6.0,23.384614944458008
317.883,13:05:34.973,449.287,10.461,4700.117,0.000,0.000,0.000,0.000,0.000,0.000,1.000,1.000,0.000,30.319,30.500,0.742,52.715,5.000,101.0,47.0,-17.28205108642578,25.94871711730957
318.154,13:05:35.117,446.794,10.762,4808.483,0.000,0.000,0.000,0.000,0.000,0.000,1.000,1.000,0.000,30.680,30.500,0.755,52.703,5.000,101.0,47.0,-17.28205108642578,25.94871711730957
318.298,13:05:35.182,446.794,10.762,4808.483,0.000,0.000,0.000,0.000,0.000,0.000,1.000,1.000,0.000,30.680,30.500,0.755,52.703,5.000,101.0,47.0,-17.28205108642578,25.94871711730957
318.362,13:05:35.246,446.794,10.762,4808.483,0.000,0.000,0.000,0.000,0.000,0.000,1.000,1.000,0.000,30.680,30.500,0.755,52.703,5.000,101.0,47.0,-17.28205108642578,25.94871711730957
318.426,13:05:35.389,446.659,10.781,4815.365,0.000,0.000,0.000,0.000,0.000,0.000,1.000,1.000,0.000,30.681,30.500,0.756,52.684,5.000,101.0,47.0,-17.28205108642578,25.94871711730957
318.570,13:05:35.453,446.659,10.781,4815.365,0.000,0.000,0.000,0.000,0.000,0.000,1.000,1.000,0.000,30.681,30.500,0.756,52.684,5.000,101.0,47.0,-17.28205108642578,25.94871711730957
318.633,13:05:35.517,446.659,10.781,4815.365,0.000,0.000,0.000,0.000,0.000,0.000,1.000,1.000,0.000,30.681,30.500,0.756,52.684,5.000,101.0,47.0,-17.28205108642578,25.94871711730957
318.698,13:05:35.661,446.659,10.781,4815.365,0.000,0.000,0.000,0.000,0.000,0.000,1.000,1.000,0.000,30.681,30.500,0.756,52.684,5.000,101.0,47.0,-17.28205108642578,25.94871711730957
318.842,13:05:35.726,446.775,10.771,4812.401,0.000,0.000,0.000,0.000,0.000,0.000,1.000,1.000,0.000,30.681,30.500,0.756,52.684,5.000,101.0,47.0,-17.28205108642578,25.94871711730957
318.905,13:05:35.981,446.775,10.771,4812.401,0.000,0.000,0.000,0.000,0.000,0.000,1.000,1.000,0.000,30.681,30.500,0.756,52.684,5.000,101.0,47.0,-1.4871795177459717,-20.820512771606445
319.162,13:05:36.125,446.775,10.771,4812.401,0.000,0.000,0.000,0.000,0.000,0.000,1.000,1.000,0.000,30.681,30.500,0.756,52.664,5.000,101.0,47.0,-1.4871795177459717,-20.820512771606445
319.304,13:05:36.188,446.640,10.785,4817.197,0.000,0.000,0.000,0.000,0.000,0.000,1.000,1.000,0.000,30.681,30.500,0.756,52.664,5.000,101.0,47.0,-1.4871795177459717,-20.820512771606445
319.369,13:05:36.253,446.640,10.785,4817.197,0.000,0.000,0.000,0.000,0.000,0.000,1.000,1.000,0.000,30.681,30.500,0.756,52.664,5.000,101.0,47.0,-1.4871795177459717,-20.820512771606445
319.433,13:05:36.398,446.640,10.785,4817.197,0.000,0.000,0.000,0.000,0.000,0.000,1.000,1.000,0.000,30.681,30.500,0.756,52.664,5.000,101.0,47.0,-1.4871795177459717,-20.820512771606445
319.577,13:05:36.461,446.640,10.785,4817.197,0.000,0.000,0.000,0.000,0.000,0.000,1.000,1.000,0.000,30.681,30.500,0.756,52.664,5.000,101.0,47.0,-1.4871795177459717,-20.820512771606445
319.641,13:05:36.525,449.030,10.509,4718.695,0.000,0.000,0.000,0.000,0.000,0.000,1.000,1.000,0.000,30.681,30.500,0.756,52.664,5.000,101.0,47.0,-1.4871795177459717,-20.820512771606445
319.704,13:05:36.669,449.030,10.509,4718.695,0.000,0.000,0.000,0.000,0.000,0.000,1.000,1.000,0.000,30.318,30.500,0.743,52.627,5.000,101.0,47.0,-1.4871795177459717,-20.820512771606445
319.848,13:05:36.732,449.030,10.509,4718.695,0.000,0.000,0.000,0.000,0.000,0.000,1.000,1.000,0.000,30.318,30.500,0.743,52.627,5.000,101.0,47.0,-1.4871795177459717,-20.820512771606445
319.913,13:05:36.988,449.030,10.509,4718.695,0.000,0.000,0.000,0.000,0.000,0.000,1.000,1.000,0.000,30.318,30.500,0.743,52.627,5.000,101.0,47.0,19.0256404876709,-19.94871711730957
320.169,13:05:37.133,449.981,10.384,4672.799,0.000,0.000,0.000,0.000,0.000,0.000,1.000,1.000,0.000,30.318,30.500,0.741,52.625,5.000,101.0,47.0,19.0256404876709,-19.94871711730957
320.313,13:05:37.197,449.981,10.384,4672.799,0.000,0.000,0.000,0.000,0.000,0.000,1.000,1.000,0.000,30.318,30.500,0.741,52.625,5.000,101.0,47.0,19.0256404876709,-19.94871711730957
320.376,13:05:37.260,449.981,10.384,4672.799,0.000,0.000,0.000,0.000,0.000,0.000,1.000,1.000,0.000,30.318,30.500,0.741,52.625,5.000,101.0,47.0,19.0256404876709,-19.94871711730957
320.440,13:05:37.404,447.160,10.734,4799.876,0.000,0.000,0.000,0.000,0.000,0.000,1.000,1.000,0.000,30.681,30.500,0.755,52.612,5.000,101.0,47.0,19.0256404876709,-19.94871711730957
320.584,13:05:37.468,447.160,10.734,4799.876,0.000,0.000,0.000,0.000,0.000,0.000,1.000,1.000,0.000,30.681,30.500,0.755,52.612,5.000,101.0,47.0,19.0256404876709,-19.94871711730957
320.649,13:05:37.533,447.160,10.734,4799.876,0.000,0.000,0.000,0.000,0.000,0.000,1.000,1.000,0.000,30.681,30.500,0.755,52.612,5.000,101.0,47.0,19.0256404876709,-19.94871711730957
320.712,13:05:37.677,447.160,10.734,4799.876,0.000,0.000,0.000,0.000,0.000,0.000,1.000,1.000,0.000,30.681,30.500,0.755,52.612,5.000,101.0,47.0,19.0256404876709,-19.94871711730957
320.856,13:05:37.740,443.595,11.133,4938.437,0.000,0.000,0.000,0.000,0.000,0.000,1.000,1.000,0.000,30.681,30.500,0.755,52.612,5.000,101.0,47.0,19.0256404876709,-19.94871711730957
320.920,13:05:37.996,443.595,11.133,4938.437,0.000,0.000,0.000,0.000,0.000,0.000,1.000,1.000,0.000,30.681,30.500,0.755,52.612,5.000,101.0,47.0,3.076923131942749,20.256410598754883
321.176,13:05:38.139,443.595,11.133,4938.437,0.000,0.000,0.000,0.000,0.000,0.000,1.000,1.000,0.000,31.081,30.900,0.771,52.583,5.000,101.0,47.0,3.076923131942749,20.256410598754883
321.320,13:05:38.204,441.909,11.317,5001.080,0.000,0.000,0.000,0.000,0.000,0.000,1.000,1.000,0.000,31.081,30.900,0.771,52.583,5.000,101.0,47.0,3.076923131942749,20.256410598754883
321.384,13:05:38.268,441.909,11.317,5001.080,0.000,0.000,0.000,0.000,0.000,0.000,1.000,1.000,0.000,31.081,30.900,0.771,52.583,5.000,101.0,47.0,3.076923131942749,20.256410598754883
321.448,13:05:38.412,441.909,11.317,5001.080,0.000,0.000,0.000,0.000,0.000,0.000,1.000,1.000,0.000,31.081,30.900,0.774,52.585,5.000,101.0,47.0,3.076923131942749,20.256410598754883
321.592,13:05:38.476,441.909,11.317,5001.080,0.000,0.000,0.000,0.000,0.000,0.000,1.000,1.000,0.000,31.081,30.900,0.774,52.585,5.000,101.0,47.0,3.076923131942749,20.256410598754883
321.655,13:05:38.539,445.546,10.922,4866.424,0.000,0.000,0.000,0.000,0.000,0.000,1.000,1.000,0.000,31.081,30.900,0.774,52.585,5.000,101.0,47.0,3.076923131942749,20.256410598754883
321.719,13:05:38.684,445.546,10.922,4866.424,0.000,0.000,0.000,0.000,0.000,0.000,1.000,1.000,0.000,30.681,30.500,0.758,52.565,5.000,101.0,47.0,3.076923131942749,20.256410598754883
321.864,13:05:38.748,445.546,10.922,4866.424,0.000,0.000,0.000,0.000,0.000,0.000,1.000,1.000,0.000,30.681,30.500,0.758,52.565,5.000,101.0,47.0,3.076923131942749,20.256410598754883
321.928,13:05:39.002,445.546,10.922,4866.424,0.000,0.000,0.000,0.000,0.000,0.000,1.000,1.000,0.000,30.681,30.500,0.758,52.565,5.000,101.0,47.0,20.9743595123291,-10.923076629638672
322.184,13:05:39.147,448.694,10.548,4732.886,0.000,0.000,0.000,0.000,0.000,0.000,1.000,1.000,0.000,30.318,30.500,0.743,52.549,5.000,101.0,47.0,20.9743595123291,-10.923076629638672
322.328,13:05:39.211,448.694,10.548,4732.886,0.000,0.000,0.000,0.000,0.000,0.000,1.000,1.000,0.000,30.318,30.500,0.743,52.549,5.000,101.0,47.0,20.9743595123291,-10.923076629638672
322.390,13:05:39.274,448.694,10.548,4732.886,0.000,0.000,0.000,0.000,0.000,0.000,1.000,1.000,0.000,30.318,30.500,0.743,52.549,5.000,101.0,47.0,20.9743595123291,-10.923076629638672
322.455,13:05:39.419,448.694,10.548,4732.886,0.000,0.000,0.000,0.000,0.000,0.000,1.000,1.000,0.000,30.318,30.500,0.743,52.545,5.000,101.0,47.0,20.9743595123291,-10.923076629638672
322.599,13:05:39.483,448.925,10.524,4724.621,0.000,0.000,0.000,0.000,0.000,0.000,1.000,1.000,0.000,30.318,30.500,0.743,52.545,5.000,101.0,47.0,20.9743595123291,-10.923076629638672
322.663,13:05:39.547,448.925,10.524,4724.621,0.000,0.000,0.000,0.000,0.000,0.000,1.000,1.000,0.000,30.318,30.500,0.743,52.545,5.000,101.0,47.0,20.9743595123291,-10.923076629638672
322.727,13:05:39.690,448.925,10.524,4724.621,0.000,0.000,0.000,0.000,0.000,0.000,1.000,1.000,0.000,30.318,30.500,0.743,52.545,5.000,101.0,47.0,20.9743595123291,-10.923076629638672
322.870,13:05:39.754,448.925,10.524,4724.621,0.000,0.000,0.000,0.000,0.000,0.000,1.000,1.000,0.000,30.318,30.500,0.743,52.545,5.000,101.0,47.0,20.9743595123291,-10.923076629638672
322.935,13:05:40.011,443.847,11.113,4932.307,0.000,0.000,0.000,0.000,0.000,0.000,1.000,1.000,0.000,30.318,30.500,0.743,52.545,5.000,101.0,47.0,-10.461538314819336,22.66666603088379
323.190,13:05:40.154,443.847,11.113,4932.307,0.000,0.000,0.000,0.000,0.000,0.000,1.000,1.000,0.000,31.081,30.900,0.770,52.519,5.000,101.0,47.0,-10.461538314819336,22.66666603088379
323.335,13:05:40.219,448.748,10.548,4733.319,0.000,0.000,0.000,0.000,0.000,0.000,1.000,1.000,0.000,31.081,30.900,0.770,52.519,5.000,101.0,47.0,-10.461538314819336,22.66666603088379
323.399,13:05:40.283,448.748,10.548,4733.319,0.000,0.000,0.000,0.000,0.000,0.000,1.000,1.000,0.000,31.081,30.900,0.770,52.519,5.000,101.0,47.0,-10.461538314819336,22.66666603088379
323.463,13:05:40.427,448.748,10.548,4733.319,0.000,0.000,0.000,0.000,0.000,0.000,1.000,1.000,0.000,30.318,30.500,0.743,52.506,5.000,101.0,47.0,-10.461538314819336,22.66666603088379
323.607,13:05:40.490,448.748,10.548,4733.319,0.000,0.000,0.000,0.000,0.000,0.000,1.000,1.000,0.000,30.318,30.500,0.743,52.506,5.000,101.0,47.0,-10.461538314819336,22.66666603088379
323.670,13:05:40.554,448.748,10.548,4733.319,0.000,0.000,0.000,0.000,0.000,0.000,1.000,1.000,0.000,30.318,30.500,0.743,52.506,5.000,101.0,47.0,-10.461538314819336,22.66666603088379
323.734,13:05:40.698,444.022,11.093,4925.483,0.000,0.000,0.000,0.000,0.000,0.000,1.000,1.000,0.000,31.081,30.900,0.770,52.482,5.000,101.0,47.0,-10.461538314819336,22.66666603088379
323.878,13:05:40.762,444.022,11.093,4925.483,0.000,0.000,0.000,0.000,0.000,0.000,1.000,1.000,0.000,31.081,30.900,0.770,52.482,5.000,101.0,47.0,-10.461538314819336,22.66666603088379
323.942,13:05:41.017,444.022,11.093,4925.483,0.000,0.000,0.000,0.000,0.000,0.000,1.000,1.000,0.000,31.081,30.900,0.770,52.482,5.000,101.0,47.0,9.333333015441895,13.948718070983887
324.198,13:05:41.162,445.193,10.969,4883.343,0.000,0.000,0.000,0.000,0.000,0.000,1.000,1.000,0.000,30.681,30.500,0.758,52.475,5.000,101.0,47.0,9.333333015441895,13.948718070983887
324.342,13:05:41.226,445.193,10.969,4883.343,0.000,0.000,0.000,0.000,0.000,0.000,1.000,1.000,0.000,30.681,30.500,0.758,52.475,5.000,101.0,47.0,9.333333015441895,13.948718070983887
324.405,13:05:41.289,445.193,10.969,4883.343,0.000,0.000,0.000,0.000,0.000,0.000,1.000,1.000,0.000,30.681,30.500,0.758,52.475,5.000,101.0,47.0,9.333333015441895,13.948718070983887
324.469,13:05:41.434,445.193,10.969,4883.343,0.000,0.000,0.000,0.000,0.000,0.000,1.000,1.000,0.000,30.719,30.900,0.755,52.464,5.000,101.0,47.0,9.333333015441895,13.948718070983887
324.614,13:05:41.498,447.640,10.689,4784.744,0.000,0.000,0.000,0.000,0.000,0.000,1.000,1.000,0.000,30.719,30.900,0.755,52.464,5.000,101.0,47.0,9.333333015441895,13.948718070983887
324.677,13:05:41.561,447.640,10.689,4784.744,0.000,0.000,0.000,0.000,0.000,0.000,1.000,1.000,0.000,30.719,30.900,0.755,52.464,5.000,101.0,47.0,9.333333015441895,13.948718070983887
324.742,13:05:41.706,447.640,10.689,4784.744,0.000,0.000,0.000,0.000,0.000,0.000,1.000,1.000,0.000,30.719,30.900,0.755,52.464,5.000,101.0,47.0,9.333333015441895,13.948718070983887
324.885,13:05:41.769,447.640,10.689,4784.744,0.000,0.000,0.000,0.000,0.000,0.000,1.000,1.000,0.000,30.719,30.900,0.755,52.464,5.000,101.0,47.0,9.333333015441895,13.948718070983887
324.949,13:05:42.026,448.596,10.571,4741.937,0.000,0.000,0.000,0.000,0.000,0.000,1.000,1.000,0.000,30.719,30.900,0.755,52.464,5.000,101.0,47.0,-18.9743595123291,3.1282050609588623
325.206,13:05:42.169,448.596,10.571,4741.937,0.000,0.000,0.000,0.000,0.000,0.000,1.000,1.000,0.000,30.318,30.500,0.743,52.461,5.000,101.0,47.0,-18.9743595123291,3.1282050609588623
325.349,13:05:42.233,444.351,11.064,4916.191,0.000,0.000,0.000,0.000,0.000,0.000,1.000,1.000,0.000,30.318,30.500,0.743,52.461,5.000,101.0,47.0,-18.9743595123291,3.1282050609588623
325.413,13:05:42.297,444.351,11.064,4916.191,0.000,0.000,0.000,0.000,0.000,0.000,1.000,1.000,0.000,30.318,30.500,0.743,52.461,5.000,101.0,47.0,-18.9743595123291,3.1282050609588623
325.477,13:05:42.441,444.351,11.064,4916.191,0.000,0.000,0.000,0.000,0.000,0.000,1.000,1.000,0.000,31.081,30.900,0.769,52.428,5.000,101.0,47.0,-18.9743595123291,3.1282050609588623
325.621,13:05:42.505,444.351,11.064,4916.191,0.000,0.000,0.000,0.000,0.000,0.000,1.000,1.000,0.000,31.081,30.900,0.769,52.428,5.000,101.0,47.0,-18.9743595123291,3.1282050609588623
325.685,13:05:42.568,444.351,11.064,4916.191,0.000,0.000,0.000,0.000,0.000,0.000,1.000,1.000,0.000,31.081,30.900,0.769,52.428,5.000,101.0,47.0,-18.9743595123291,3.1282050609588623
325.749,13:05:42.713,448.774,10.556,4737.251,0.000,0.000,0.000,0.000,0.000,0.000,1.000,1.000,0.000,30.318,30.500,0.743,52.419,5.000,101.0,47.0,-18.9743595123291,3.1282050609588623
325.893,13:05:42.776,448.774,10.556,4737.251,0.000,0.000,0.000,0.000,0.000,0.000,1.000,1.000,0.000,30.318,30.500,0.743,52.419,5.000,101.0,47.0,-18.9743595123291,3.1282050609588623
325.957,13:05:43.033,448.774,10.556,4737.251,0.000,0.000,0.000,0.000,0.000,0.000,1.000,1.000,0.000,30.318,30.500,0.743,52.419,5.000,101.0,47.0,10.769230842590332,14.307692527770996
326.213,13:05:43.177,444.948,11.007,4897.630,0.000,0.000,0.000,0.000,0.000,0.000,1.000,1.000,0.000,30.681,30.500,0.759,52.410,5.000,101.0,47.0,10.769230842590332,14.307692527770996
326.357,13:05:43.241,444.948,11.007,4897.630,0.000,0.000,0.000,0.000,0.000,0.000,1.000,1.000,0.000,30.681,30.500,0.759,52.410,5.000,101.0,47.0,10.769230842590332,14.307692527770996
326.420,13:05:43.304,444.948,11.007,4897.630,0.000,0.000,0.000,0.000,0.000,0.000,1.000,1.000,0.000,30.681,30.500,0.759,52.410,5.000,101.0,47.0,10.769230842590332,14.307692527770996
326.485,13:05:43.448,444.948,11.007,4897.630,0.000,0.000,0.000,0.000,0.000,0.000,1.000,1.000,0.000,30.719,30.900,0.754,52.434,5.000,101.0,47.0,10.769230842590332,14.307692527770996
326.629,13:05:43.513,447.911,10.663,4776.025,0.000,0.000,0.000,0.000,0.000,0.000,1.000,1.000,0.000,30.719,30.900,0.754,52.434,5.000,101.0,47.0,10.769230842590332,14.307692527770996
326.693,13:05:43.577,447.911,10.663,4776.025,0.000,0.000,0.000,0.000,0.000,0.000,1.000,1.000,0.000,30.719,30.900,0.754,52.434,5.000,101.0,47.0,10.769230842590332,14.307692527770996
326.756,13:05:43.720,447.911,10.663,4776.025,0.000,0.000,0.000,0.000,0.000,0.000,1.000,1.000,0.000,30.719,30.900,0.754,52.434,5.000,101.0,47.0,10.769230842590332,14.307692527770996
326.901,13:05:43.785,447.911,10.663,4776.025,0.000,0.000,0.000,0.000,0.000,0.000,1.000,1.000,0.000,30.719,30.900,0.754,52.434,5.000,101.0,47.0,10.769230842590332,14.307692527770996
326.964,13:05:44.040,445.300,10.971,4885.406,0.000,0.000,0.000,0.000,0.000,0.000,1.000,1.000,0.000,30.719,30.900,0.754,52.434,5.000,101.0,47.0,0.7179487347602844,-20.564102172851562
327.221,13:05:44.184,445.300,10.971,4885.406,0.000,0.000,0.000,0.000,0.000,0.000,1.000,1.000,0.000,30.681,30.500,0.758,52.417,5.000,101.0,47.0,0.7179487347602844,-20.564102172851562
327.364,13:05:44.248,445.022,11.002,4896.072,0.000,0.000,0.000,0.000,0.000,0.000,1.000,1.000,0.000,30.681,30.500,0.758,52.417,5.000,101.0,47.0,0.7179487347602844,-20.564102172851562
327.428,13:05:44.312,445.022,11.002,4896.072,0.000,0.000,0.000,0.000,0.000,0.000,1.000,1.000,0.000,30.681,30.500,0.758,52.417,5.000,101.0,47.0,0.7179487347602844,-20.564102172851562
327.492,13:05:44.456,445.022,11.002,4896.072,0.000,0.000,0.000,0.000,0.000,0.000,1.000,1.000,0.000,30.681,30.500,0.758,52.356,5.000,101.0,47.0,0.7179487347602844,-20.564102172851562
327.636,13:05:44.520,445.022,11.002,4896.072,0.000,0.000,0.000,0.000,0.000,0.000,1.000,1.000,0.000,30.681,30.500,0.758,52.356,5.000,101.0,47.0,0.7179487347602844,-20.564102172851562
327.700,13:05:44.584,445.022,11.002,4896.072,0.000,0.000,0.000,0.000,0.000,0.000,1.000,1.000,0.000,30.681,30.500,0.758,52.356,5.000,101.0,47.0,0.7179487347602844,-20.564102172851562
327.763,13:05:44.728,446.526,10.830,4836.033,0.000,0.000,0.000,0.000,0.000,0.000,1.000,1.000,0.000,30.680,30.500,0.756,52.346,5.000,101.0,47.0,0.7179487347602844,-20.564102172851562
327.908,13:05:44.792,446.526,10.830,4836.033,0.000,0.000,0.000,0.000,0.000,0.000,1.000,1.000,0.000,30.680,30.500,0.756,52.346,5.000,101.0,47.0,0.7179487347602844,-20.564102172851562
327.972,13:05:45.047,446.526,10.830,4836.033,0.000,0.000,0.000,0.000,0.000,0.000,1.000,1.000,0.000,30.680,30.500,0.756,52.346,5.000,101.0,47.0,10.256410598754883,-17.076923370361328
328.227,13:05:45.191,448.363,10.613,4758.465,0.000,0.000,0.000,0.000,0.000,0.000,1.000,1.000,0.000,30.719,30.900,0.754,52.349,5.000,101.0,47.0,10.256410598754883,-17.076923370361328
328.371,13:05:45.255,448.363,10.613,4758.465,0.000,0.000,0.000,0.000,0.000,0.000,1.000,1.000,0.000,30.719,30.900,0.754,52.349,5.000,101.0,47.0,10.256410598754883,-17.076923370361328
328.435,13:05:45.319,448.363,10.613,4758.465,0.000,0.000,0.000,0.000,0.000,0.000,1.000,1.000,0.000,30.719,30.900,0.754,52.349,5.000,101.0,47.0,10.256410598754883,-17.076923370361328
328.500,13:05:45.463,448.363,10.613,4758.465,0.000,0.000,0.000,0.000,0.000,0.000,1.000,1.000,0.000,30.719,30.900,0.754,52.349,5.000,101.0,47.0,10.256410598754883,-17.076923370361328
328.643,13:05:45.527,448.434,10.603,4754.903,0.000,0.000,0.000,0.000,0.000,0.000,1.000,1.000,0.000,30.719,30.900,0.754,52.349,5.000,101.0,47.0,10.256410598754883,-17.076923370361328
328.708,13:05:45.592,448.434,10.603,4754.903,0.000,0.000,0.000,0.000,0.000,0.000,1.000,1.000,0.000,30.719,30.900,0.754,52.349,5.000,101.0,47.0,10.256410598754883,-17.076923370361328
328.772,13:05:45.735,448.434,10.603,4754.903,0.000,0.000,0.000,0.000,0.000,0.000,1.000,1.000,0.000,30.719,30.900,0.754,52.354,5.000,101.0,47.0,10.256410598754883,-17.076923370361328
328.915,13:05:45.799,448.434,10.603,4754.903,0.000,0.000,0.000,0.000,0.000,0.000,1.000,1.000,0.000,30.719,30.900,0.754,52.354,5.000,101.0,47.0,10.256410598754883,-17.076923370361328
328.980,13:05:46.054,449.910,10.426,4690.763,0.000,0.000,0.000,0.000,0.000,0.000,1.000,1.000,0.000,30.719,30.900,0.754,52.354,5.000,101.0,47.0,26.71794891357422,-11.589743614196777
329.235,13:05:46.198,449.910,10.426,4690.763,0.000,0.000,0.000,0.000,0.000,0.000,1.000,1.000,0.000,30.318,30.500,0.741,52.294,5.000,101.0,47.0,26.71794891357422,-11.589743614196777
329.378,13:05:46.262,449.910,10.426,4690.763,0.000,0.000,0.000,0.000,0.000,0.000,1.000,1.000,0.000,30.318,30.500,0.741,52.294,5.000,101.0,47.0,26.71794891357422,-11.589743614196777
329.442,13:05:46.326,449.844,10.426,4690.104,0.000,0.000,0.000,0.000,0.000,0.000,1.000,1.000,0.000,30.318,30.500,0.741,52.294,5.000,101.0,47.0,26.71794891357422,-11.589743614196777
329.507,13:05:46.470,449.844,10.426,4690.104,0.000,0.000,0.000,0.000,0.000,0.000,1.000,1.000,0.000,30.318,30.500,0.741,52.259,5.000,101.0,47.0,26.71794891357422,-11.589743614196777
329.650,13:05:46.534,449.844,10.426,4690.104,0.000,0.000,0.000,0.000,0.000,0.000,1.000,1.000,0.000,30.318,30.500,0.741,52.259,5.000,101.0,47.0,26.71794891357422,-11.589743614196777
329.715,13:05:46.598,449.844,10.426,4690.104,0.000,0.000,0.000,0.000,0.000,0.000,1.000,1.000,0.000,30.318,30.500,0.741,52.259,5.000,101.0,47.0,26.71794891357422,-11.589743614196777
329.779,13:05:46.743,449.844,10.426,4690.104,0.000,0.000,0.000,0.000,0.000,0.000,1.000,1.000,0.000,30.719,30.900,0.757,52.264,5.000,101.0,47.0,26.71794891357422,-11.589743614196777
329.923,13:05:46.807,446.171,10.872,4850.565,0.000,0.000,0.000,0.000,0.000,0.000,1.000,1.000,0.000,30.719,30.900,0.757,52.264,5.000,101.0,47.0,26.71794891357422,-11.589743614196777
329.986,13:05:47.077,446.171,10.872,4850.565,0.000,0.000,0.000,0.000,0.000,0.000,1.000,1.000,0.000,30.719,30.900,0.757,52.264,5.000,101.0,47.0,-25.69230842590332,11.333333015441895
330.258,13:05:47.222,449.458,10.474,4707.718,0.000,0.000,0.000,0.000,0.000,0.000,1.000,1.000,0.000,30.318,30.500,0.742,52.222,5.000,101.0,47.0,-25.69230842590332,11.333333015441895
330.401,13:05:47.285,449.458,10.474,4707.718,0.000,0.000,0.000,0.000,0.000,0.000,1.000,1.000,0.000,30.318,30.500,0.742,52.222,5.000,101.0,47.0,-25.69230842590332,11.333333015441895
330.465,13:05:47.349,449.458,10.474,4707.718,0.000,0.000,0.000,0.000,0.000,0.000,1.000,1.000,0.000,30.318,30.500,0.742,52.222,5.000,101.0,47.0,-25.69230842590332,11.333333015441895
330.529,13:05:47.493,449.458,10.474,4707.718,0.000,0.000,0.000,0.000,0.000,0.000,1.000,1.000,0.000,30.318,30.500,0.742,52.222,5.000,101.0,47.0,-25.69230842590332,11.333333015441895
330.673,13:05:47.557,446.881,10.783,4818.882,0.000,0.000,0.000,0.000,0.000,0.000,1.000,1.000,0.000,30.318,30.500,0.742,52.222,5.000,101.0,47.0,-25.69230842590332,11.333333015441895
330.738,13:05:47.622,446.881,10.783,4818.882,0.000,0.000,0.000,0.000,0.000,0.000,1.000,1.000,0.000,30.318,30.500,0.742,52.222,5.000,101.0,47.0,-25.69230842590332,11.333333015441895
330.801,13:05:47.766,446.881,10.783,4818.882,0.000,0.000,0.000,0.000,0.000,0.000,1.000,1.000,0.000,30.719,30.900,0.756,52.231,5.000,101.0,47.0,-25.69230842590332,11.333333015441895
330.946,13:05:47.830,446.881,10.783,4818.882,0.000,0.000,0.000,0.000,0.000,0.000,1.000,1.000,0.000,30.719,30.900,0.756,52.231,5.000,101.0,47.0,-25.69230842590332,11.333333015441895
331.010,13:05:48.085,444.115,10.730,4765.525,0.000,0.000,0.000,0.000,0.000,0.000,1.000,1.000,0.000,30.719,30.900,0.756,52.231,5.000,101.0,47.0,-20.205127716064453,17.128204345703125
331.265,13:05:48.230,444.115,10.730,4765.525,0.000,0.000,0.000,0.000,0.000,0.000,1.000,1.000,0.000,30.681,30.500,0.760,52.213,5.000,101.0,47.0,-20.205127716064453,17.128204345703125
331.409,13:05:48.293,444.115,10.730,4765.525,0.000,0.000,0.000,0.000,0.000,0.000,1.000,1.000,0.000,30.681,30.500,0.760,52.213,5.000,101.0,47.0,-20.205127716064453,17.128204345703125
331.474,13:05:48.358,446.333,10.191,4548.704,0.000,0.000,0.000,0.000,0.000,0.000,1.000,1.000,0.000,30.681,30.500,0.760,52.213,5.000,101.0,47.0,-20.205127716064453,17.128204345703125
331.537,13:05:48.501,446.333,10.191,4548.704,0.000,0.000,0.000,0.000,0.000,0.000,1.000,1.000,0.000,29.880,29.700,0.736,52.193,5.000,101.0,47.0,-20.205127716064453,17.128204345703125
331.682,13:05:48.566,446.333,10.191,4548.704,0.000,0.000,0.000,0.000,0.000,0.000,1.000,1.000,0.000,29.880,29.700,0.736,52.193,5.000,101.0,47.0,-20.205127716064453,17.128204345703125
331.745,13:05:48.629,446.333,10.191,4548.704,0.000,0.000,0.000,0.000,0.000,0.000,1.000,1.000,0.000,29.880,29.700,0.736,52.193,5.000,101.0,47.0,-20.205127716064453,17.128204345703125
331.810,13:05:48.773,446.333,10.191,4548.704,0.000,0.000,0.000,0.000,0.000,0.000,1.000,1.000,0.000,29.519,29.700,0.713,52.168,5.000,101.0,47.0,-20.205127716064453,17.128204345703125
331.954,13:05:48.838,455.331,9.688,4411.120,0.000,0.000,0.000,0.000,0.000,0.000,1.000,1.000,0.000,29.519,29.700,0.713,52.168,5.000,101.0,47.0,-20.205127716064453,17.128204345703125
332.017,13:05:49.093,455.331,9.688,4411.120,0.000,0.000,0.000,0.000,0.000,0.000,1.000,1.000,0.000,29.519,29.700,0.713,52.168,5.000,101.0,47.0,13.230769157409668,8.564102172851562
332.273,13:05:49.237,450.041,10.399,4679.963,0.000,0.000,0.000,0.000,0.000,0.000,1.000,1.000,0.000,30.318,30.500,0.741,52.149,5.000,101.0,47.0,13.230769157409668,8.564102172851562
332.416,13:05:49.300,450.041,10.399,4679.963,0.000,0.000,0.000,0.000,0.000,0.000,1.000,1.000,0.000,30.318,30.500,0.741,52.149,5.000,101.0,47.0,13.230769157409668,8.564102172851562
332.481,13:05:49.365,450.041,10.399,4679.963,0.000,0.000,0.000,0.000,0.000,0.000,1.000,1.000,0.000,30.318,30.500,0.741,52.149,5.000,101.0,47.0,13.230769157409668,8.564102172851562
332.545,13:05:49.509,450.041,10.399,4679.963,0.000,0.000,0.000,0.000,0.000,0.000,1.000,1.000,0.000,30.318,30.500,0.741,52.149,5.000,101.0,47.0,13.230769157409668,8.564102172851562
332.688,13:05:49.572,443.776,11.135,4941.644,0.000,0.000,0.000,0.000,0.000,0.000,1.000,1.000,0.000,30.318,30.500,0.741,52.149,5.000,101.0,47.0,13.230769157409668,8.564102172851562
332.752,13:05:49.636,443.776,11.135,4941.644,0.000,0.000,0.000,0.000,0.000,0.000,1.000,1.000,0.000,30.318,30.500,0.741,52.149,5.000,101.0,47.0,13.230769157409668,8.564102172851562
332.816,13:05:49.780,443.776,11.135,4941.644,0.000,0.000,0.000,0.000,0.000,0.000,1.000,1.000,0.000,31.081,30.900,0.770,52.141,5.000,101.0,47.0,13.230769157409668,8.564102172851562
332.961,13:05:49.845,443.776,11.135,4941.644,0.000,0.000,0.000,0.000,0.000,0.000,1.000,1.000,0.000,31.081,30.900,0.770,52.141,5.000,101.0,47.0,13.230769157409668,8.564102172851562
333.024,13:05:50.100,443.776,11.135,4941.644,0.000,0.000,0.000,0.000,0.000,0.000,1.000,1.000,0.000,31.081,30.900,0.770,52.141,5.000,101.0,47.0,-21.230770111083984,4.564102649688721
333.280,13:05:50.245,446.891,10.440,4665.349,0.000,0.000,0.000,0.000,0.000,0.000,1.000,1.000,0.000,30.280,30.100,0.745,52.128,5.000,101.0,47.0,-21.230770111083984,4.564102649688721
333.424,13:05:50.308,446.891,10.440,4665.349,0.000,0.000,0.000,0.000,0.000,0.000,1.000,1.000,0.000,30.280,30.100,0.745,52.128,5.000,101.0,47.0,-21.230770111083984,4.564102649688721
333.489,13:05:50.373,452.541,10.081,4561.970,0.000,0.000,0.000,0.000,0.000,0.000,1.000,1.000,0.000,30.280,30.100,0.745,52.128,5.000,101.0,47.0,-21.230770111083984,4.564102649688721
333.552,13:05:50.515,452.541,10.081,4561.970,0.000,0.000,0.000,0.000,0.000,0.000,1.000,1.000,0.000,29.880,29.700,0.726,52.100,5.000,101.0,47.0,-21.230770111083984,4.564102649688721
333.685,13:05:50.569,452.541,10.081,4561.970,0.000,0.000,0.000,0.000,0.000,0.000,1.000,1.000,0.000,29.880,29.700,0.726,52.100,5.000,101.0,47.0,-21.230770111083984,4.564102649688721
333.748,13:05:50.632,452.541,10.081,4561.970,0.000,0.000,0.000,0.000,0.000,0.000,1.000,1.000,0.000,29.880,29.700,0.726,52.100,5.000,101.0,47.0,-21.230770111083984,4.564102649688721
333.811,13:05:50.775,452.541,10.081,4561.970,0.000,0.000,0.000,0.000,0.000,0.000,1.000,1.000,0.000,30.318,30.500,0.740,52.072,5.000,101.0,47.0,-21.230770111083984,4.564102649688721
333.956,13:05:50.840,450.406,10.357,4664.896,0.000,0.000,0.000,0.000,0.000,0.000,1.000,1.000,0.000,30.318,30.500,0.740,52.072,5.000,101.0,47.0,-21.230770111083984,4.564102649688721
334.019,13:05:50.903,450.406,10.357,4664.896,0.000,0.000,0.000,0.000,0.000,0.000,1.000,1.000,0.000,30.318,30.500,0.740,52.072,5.000,101.0,47.0,-21.230770111083984,4.564102649688721
334.084,13:05:51.239,450.406,10.357,4664.896,0.000,0.000,0.000,0.000,0.000,0.000,1.000,1.000,0.000,30.318,30.500,0.740,52.072,5.000,101.0,47.0,21.179487228393555,-3.9487178325653076
334.420,13:05:51.383,445.496,10.954,4879.861,0.000,0.000,0.000,0.000,0.000,0.000,1.000,1.000,0.000,30.681,30.500,0.758,52.067,5.000,101.0,47.0,21.179487228393555,-3.9487178325653076
334.563,13:05:51.447,445.496,10.954,4879.861,0.000,0.000,0.000,0.000,0.000,0.000,1.000,1.000,0.000,30.681,30.500,0.758,52.067,5.000,101.0,47.0,21.179487228393555,-3.9487178325653076
334.628,13:05:51.512,445.496,10.954,4879.861,0.000,0.000,0.000,0.000,0.000,0.000,1.000,1.000,0.000,30.681,30.500,0.758,52.067,5.000,101.0,47.0,21.179487228393555,-3.9487178325653076
334.692,13:05:51.656,447.574,10.712,4794.578,0.000,0.000,0.000,0.000,0.000,0.000,1.000,1.000,0.000,30.681,30.500,0.754,52.095,5.000,101.0,47.0,21.179487228393555,-3.9487178325653076
334.836,13:05:51.720,447.574,10.712,4794.578,0.000,0.000,0.000,0.000,0.000,0.000,1.000,1.000,0.000,30.681,30.500,0.754,52.095,5.000,101.0,47.0,21.179487228393555,-3.9487178325653076
334.899,13:05:51.783,447.574,10.712,4794.578,0.000,0.000,0.000,0.000,0.000,0.000,1.000,1.000,0.000,30.681,30.500,0.754,52.095,5.000,101.0,47.0,21.179487228393555,-3.9487178325653076
334.963,13:05:51.928,447.574,10.712,4794.578,0.000,0.000,0.000,0.000,0.000,0.000,1.000,1.000,0.000,30.681,30.500,0.754,52.095,5.000,101.0,47.0,21.179487228393555,-3.9487178325653076
335.107,13:05:52.183,450.624,10.340,4659.676,0.000,0.000,0.000,0.000,0.000,0.000,1.000,1.000,0.000,30.681,30.500,0.754,52.095,5.000,101.0,47.0,-20.35897445678711,10.20512866973877
335.363,13:05:52.328,450.624,10.340,4659.676,0.000,0.000,0.000,0.000,0.000,0.000,1.000,1.000,0.000,30.318,30.500,0.740,52.052,5.000,101.0,47.0,-20.35897445678711,10.20512866973877
335.508,13:05:52.391,445.530,10.956,4881.055,0.000,0.000,0.000,0.000,0.000,0.000,1.000,1.000,0.000,30.318,30.500,0.740,52.052,5.000,101.0,47.0,-20.35897445678711,10.20512866973877
335.571,13:05:52.455,445.530,10.956,4881.055,0.000,0.000,0.000,0.000,0.000,0.000,1.000,1.000,0.000,30.318,30.500,0.740,52.052,5.000,101.0,47.0,-20.35897445678711,10.20512866973877
335.634,13:05:52.598,445.530,10.956,4881.055,0.000,0.000,0.000,0.000,0.000,0.000,1.000,1.000,0.000,30.681,30.500,0.758,52.057,5.000,101.0,47.0,-20.35897445678711,10.20512866973877
335.779,13:05:52.663,445.530,10.956,4881.055,0.000,0.000,0.000,0.000,0.000,0.000,1.000,1.000,0.000,30.681,30.500,0.758,52.057,5.000,101.0,47.0,-20.35897445678711,10.20512866973877
335.842,13:05:52.726,445.530,10.956,4881.055,0.000,0.000,0.000,0.000,0.000,0.000,1.000,1.000,0.000,30.681,30.500,0.758,52.057,5.000,101.0,47.0,-20.35897445678711,10.20512866973877
335.906,13:05:52.871,448.959,10.551,4737.074,0.000,0.000,0.000,0.000,0.000,0.000,1.000,1.000,0.000,30.318,30.500,0.743,52.018,5.000,101.0,47.0,-20.35897445678711,10.20512866973877
336.050,13:05:52.934,448.959,10.551,4737.074,0.000,0.000,0.000,0.000,0.000,0.000,1.000,1.000,0.000,30.318,30.500,0.743,52.018,5.000,101.0,47.0,-20.35897445678711,10.20512866973877
336.114,13:05:53.190,448.959,10.551,4737.074,0.000,0.000,0.000,0.000,0.000,0.000,1.000,1.000,0.000,30.318,30.500,0.743,52.018,5.000,101.0,47.0,-10.256410598754883,10.15384578704834
336.370,13:05:53.335,445.377,10.972,4886.670,0.000,0.000,0.000,0.000,0.000,0.000,1.000,1.000,0.000,30.681,30.500,0.758,52.022,5.000,101.0,47.0,-10.256410598754883,10.15384578704834
336.514,13:05:53.398,445.377,10.972,4886.670,0.000,0.000,0.000,0.000,0.000,0.000,1.000,1.000,0.000,30.681,30.500,0.758,52.022,5.000,101.0,47.0,-10.256410598754883,10.15384578704834
336.579,13:05:53.463,445.377,10.972,4886.670,0.000,0.000,0.000,0.000,0.000,0.000,1.000,1.000,0.000,30.681,30.500,0.758,52.022,5.000,101.0,47.0,-10.256410598754883,10.15384578704834
336.642,13:05:53.606,445.377,10.972,4886.670,0.000,0.000,0.000,0.000,0.000,0.000,1.000,1.000,0.000,30.318,30.500,0.743,52.012,5.000,101.0,47.0,-10.256410598754883,10.15384578704834
336.786,13:05:53.670,448.778,10.578,4747.256,0.000,0.000,0.000,0.000,0.000,0.000,1.000,1.000,0.000,30.318,30.500,0.743,52.012,5.000,101.0,47.0,-10.256410598754883,10.15384578704834
336.850,13:05:53.734,448.778,10.578,4747.256,0.000,0.000,0.000,0.000,0.000,0.000,1.000,1.000,0.000,30.318,30.500,0.743,52.012,5.000,101.0,47.0,-10.256410598754883,10.15384578704834
336.914,13:05:53.878,448.778,10.578,4747.256,0.000,0.000,0.000,0.000,0.000,0.000,1.000,1.000,0.000,30.318,30.500,0.743,52.012,5.000,101.0,47.0,-10.256410598754883,10.15384578704834
337.058,13:05:53.942,448.778,10.578,4747.256,0.000,0.000,0.000,0.000,0.000,0.000,1.000,1.000,0.000,30.318,30.500,0.743,52.012,5.000,101.0,47.0,-10.256410598754883,10.15384578704834
337.123,13:05:54.197,445.098,11.000,4896.066,0.000,0.000,0.000,0.000,0.000,0.000,1.000,1.000,0.000,30.318,30.500,0.743,52.012,5.000,101.0,47.0,15.128205299377441,-22.615385055541992
337.378,13:05:54.606,445.098,11.000,4896.066,0.000,0.000,0.000,0.000,0.000,0.000,1.000,1.000,0.000,30.318,30.500,0.743,52.012,5.000,101.0,47.0,15.128205299377441,-22.615385055541992
337.778,13:05:54.742,448.628,10.590,4750.798,0.000,0.000,0.000,0.000,0.000,0.000,1.000,1.000,0.000,30.318,30.500,0.743,51.971,5.000,101.0,47.0,15.128205299377441,-22.615385055541992
337.922,13:05:54.806,444.909,11.023,4904.338,0.000,0.000,0.000,0.000,0.000,0.000,1.000,1.000,0.000,30.318,30.500,0.743,51.971,5.000,101.0,47.0,15.128205299377441,-22.615385055541992
337.986,13:05:54.870,444.909,11.023,4904.338,0.000,0.000,0.000,0.000,0.000,0.000,1.000,1.000,0.000,30.318,30.500,0.743,51.971,5.000,101.0,47.0,15.128205299377441,-22.615385055541992
338.049,13:05:55.013,444.909,11.023,4904.338,0.000,0.000,0.000,0.000,0.000,0.000,1.000,1.000,0.000,30.681,30.500,0.759,51.992,5.000,101.0,47.0,15.128205299377441,-22.615385055541992
338.194,13:05:55.269,444.909,11.023,4904.338,0.000,0.000,0.000,0.000,0.000,0.000,1.000,1.000,0.000,30.681,30.500,0.759,51.992,5.000,101.0,47.0,18.871795654296875,-20.41025733947754
338.450,13:05:55.413,448.555,10.602,4755.568,0.000,0.000,0.000,0.000,0.000,0.000,1.000,1.000,0.000,30.318,30.500,0.743,51.969,5.000,101.0,47.0,18.871795654296875,-20.41025733947754
338.593,13:05:55.477,448.555,10.602,4755.568,0.000,0.000,0.000,0.000,0.000,0.000,1.000,1.000,0.000,30.318,30.500,0.743,51.969,5.000,101.0,47.0,18.871795654296875,-20.41025733947754
338.657,13:05:55.541,448.555,10.602,4755.568,0.000,0.000,0.000,0.000,0.000,0.000,1.000,1.000,0.000,30.318,30.500,0.743,51.969,5.000,101.0,47.0,18.871795654296875,-20.41025733947754
338.720,13:05:55.685,448.555,10.602,4755.568,0.000,0.000,0.000,0.000,0.000,0.000,1.000,1.000,0.000,30.681,30.500,0.758,51.972,5.000,101.0,47.0,18.871795654296875,-20.41025733947754
338.865,13:05:55.749,445.059,11.006,4898.493,0.000,0.000,0.000,0.000,0.000,0.000,1.000,1.000,0.000,30.681,30.500,0.758,51.972,5.000,101.0,47.0,18.871795654296875,-20.41025733947754
338.929,13:05:55.813,445.059,11.006,4898.493,0.000,0.000,0.000,0.000,0.000,0.000,1.000,1.000,0.000,30.681,30.500,0.758,51.972,5.000,101.0,47.0,18.871795654296875,-20.41025733947754
338.993,13:05:55.957,445.059,11.006,4898.493,0.000,0.000,0.000,0.000,0.000,0.000,1.000,1.000,0.000,30.681,30.500,0.758,51.972,5.000,101.0,47.0,18.871795654296875,-20.41025733947754
339.136,13:05:56.020,445.059,11.006,4898.493,0.000,0.000,0.000,0.000,0.000,0.000,1.000,1.000,0.000,30.681,30.500,0.758,51.972,5.000,101.0,47.0,18.871795654296875,-20.41025733947754
339.201,13:05:56.564,448.141,10.650,4772.559,0.000,0.000,0.000,0.000,0.000,0.000,1.000,1.000,0.000,30.681,30.500,0.758,51.972,5.000,101.0,47.0,,-16.71794891357422
339.745,13:05:56.708,448.552,10.596,4753.026,0.000,0.000,0.000,0.000,0.000,0.000,1.000,1.000,0.000,30.318,30.500,0.743,51.921,5.000,101.0,47.0,,-16.71794891357422
339.888,13:05:56.772,448.552,10.596,4753.026,0.000,0.000,0.000,0.000,0.000,0.000,1.000,1.000,0.000,30.318,30.500,0.743,51.921,5.000,101.0,47.0,,-16.71794891357422
339.952,13:05:56.836,448.552,10.596,4753.026,0.000,0.000,0.000,0.000,0.000,0.000,1.000,1.000,0.000,30.318,30.500,0.743,51.921,5.000,101.0,47.0,,-16.71794891357422
340.017,13:05:56.980,442.736,11.249,4980.305,0.000,0.000,0.000,0.000,0.000,0.000,1.000,1.000,0.000,31.080,30.900,0.772,51.886,5.000,101.0,47.0,,-16.71794891357422
340.160,13:05:57.044,442.736,11.249,4980.305,0.000,0.000,0.000,0.000,0.000,0.000,1.000,1.000,0.000,31.080,30.900,0.772,51.886,5.000,101.0,47.0,,-16.71794891357422
340.224,13:05:57.300,442.736,11.249,4980.305,0.000,0.000,0.000,0.000,0.000,0.000,1.000,1.000,0.000,31.080,30.900,0.772,51.886,5.000,101.0,47.0,7.282051086425781,18.205127716064453
340.480,13:05:57.444,446.330,10.852,4843.441,0.000,0.000,0.000,0.000,0.000,0.000,1.000,1.000,0.000,30.681,30.500,0.756,51.917,5.000,101.0,47.0,7.282051086425781,18.205127716064453
340.624,13:05:57.508,446.330,10.852,4843.441,0.000,0.000,0.000,0.000,0.000,0.000,1.000,1.000,0.000,30.681,30.500,0.756,51.917,5.000,101.0,47.0,7.282051086425781,18.205127716064453
340.687,13:05:57.571,446.330,10.852,4843.441,0.000,0.000,0.000,0.000,0.000,0.000,1.000,1.000,0.000,30.681,30.500,0.756,51.917,5.000,101.0,47.0,7.282051086425781,18.205127716064453
340.752,13:05:57.716,446.330,10.852,4843.441,0.000,0.000,0.000,0.000,0.000,0.000,1.000,1.000,0.000,30.719,30.900,0.757,51.890,5.000,101.0,47.0,7.282051086425781,18.205127716064453
340.895,13:05:57.779,446.233,10.868,4849.610,0.000,0.000,0.000,0.000,0.000,0.000,1.000,1.000,0.000,30.719,30.900,0.757,51.890,5.000,101.0,47.0,7.282051086425781,18.205127716064453
340.960,13:05:57.844,446.233,10.868,4849.610,0.000,0.000,0.000,0.000,0.000,0.000,1.000,1.000,0.000,30.719,30.900,0.757,51.890,5.000,101.0,47.0,7.282051086425781,18.205127716064453
341.023,13:05:57.987,446.233,10.868,4849.610,0.000,0.000,0.000,0.000,0.000,0.000,1.000,1.000,0.000,30.719,30.900,0.757,51.890,5.000,101.0,47.0,7.282051086425781,18.205127716064453
341.168,13:05:58.052,446.233,10.868,4849.610,0.000,0.000,0.000,0.000,0.000,0.000,1.000,1.000,0.000,30.719,30.900,0.757,51.890,5.000,101.0,47.0,7.282051086425781,18.205127716064453
341.232,13:05:58.307,449.289,10.509,4721.627,0.000,0.000,0.000,0.000,0.000,0.000,1.000,1.000,0.000,30.719,30.900,0.757,51.890,5.000,101.0,47.0,-22.769229888916016,-1.384615421295166
341.487,13:05:58.451,449.289,10.509,4721.627,0.000,0.000,0.000,0.000,0.000,0.000,1.000,1.000,0.000,30.319,30.500,0.742,51.883,5.000,101.0,47.0,-22.769229888916016,-1.384615421295166
341.631,13:05:58.515,443.060,11.227,4974.398,0.000,0.000,0.000,0.000,0.000,0.000,1.000,1.000,0.000,30.319,30.500,0.742,51.883,5.000,101.0,47.0,-22.769229888916016,-1.384615421295166
341.695,13:05:58.579,443.060,11.227,4974.398,0.000,0.000,0.000,0.000,0.000,0.000,1.000,1.000,0.000,30.319,30.500,0.742,51.883,5.000,101.0,47.0,-22.769229888916016,-1.384615421295166
341.760,13:05:58.722,443.060,11.227,4974.398,0.000,0.000,0.000,0.000,0.000,0.000,1.000,1.000,0.000,31.081,30.900,0.772,51.867,5.000,101.0,47.0,-22.769229888916016,-1.384615421295166
341.903,13:05:58.787,443.060,11.227,4974.398,0.000,0.000,0.000,0.000,0.000,0.000,1.000,1.000,0.000,31.081,30.900,0.772,51.867,5.000,101.0,47.0,-22.769229888916016,-1.384615421295166
341.967,13:05:58.850,443.060,11.227,4974.398,0.000,0.000,0.000,0.000,0.000,0.000,1.000,1.000,0.000,31.081,30.900,0.772,51.867,5.000,101.0,47.0,-22.769229888916016,-1.384615421295166
342.030,13:05:58.995,446.776,10.818,4833.391,0.000,0.000,0.000,0.000,0.000,0.000,1.000,1.000,0.000,30.681,30.500,0.755,51.864,5.000,101.0,47.0,-22.769229888916016,-1.384615421295166
342.175,13:05:59.059,446.776,10.818,4833.391,0.000,0.000,0.000,0.000,0.000,0.000,1.000,1.000,0.000,30.681,30.500,0.755,51.864,5.000,101.0,47.0,-22.769229888916016,-1.384615421295166
342.575,13:05:59.731,446.669,10.829,4836.758,0.000,0.000,0.000,0.000,0.000,0.000,1.000,1.000,0.000,30.719,30.900,0.757,51.811,5.000,101.0,47.0,18.615385055541992,2.615384578704834
342.910,13:05:59.874,445.978,10.911,4866.262,0.000,0.000,0.000,0.000,0.000,0.000,1.000,1.000,0.000,30.681,30.500,0.757,51.843,5.000,101.0,47.0,18.615385055541992,2.615384578704834
343.054,13:05:59.938,445.978,10.911,4866.262,0.000,0.000,0.000,0.000,0.000,0.000,1.000,1.000,0.000,30.681,30.500,0.757,51.843,5.000,101.0,47.0,18.615385055541992,2.615384578704834
343.118,13:06:00.001,445.978,10.911,4866.262,0.000,0.000,0.000,0.000,0.000,0.000,1.000,1.000,0.000,30.681,30.500,0.757,51.843,5.000,101.0,47.0,18.615385055541992,2.615384578704834
343.533,13:06:00.499,446.551,10.845,4842.857,0.000,0.000,0.000,0.000,0.000,0.000,1.000,1.000,0.000,30.719,30.900,0.757,51.818,5.000,101.0,47.0,18.615385055541992,2.615384578704834
343.677,13:06:00.754,445.681,10.939,4875.139,0.000,0.000,0.000,0.000,0.000,0.000,1.000,1.000,0.000,30.719,30.900,0.757,51.818,5.000,101.0,47.0,-15.48717975616455,23.538461685180664
343.934,13:06:00.898,445.681,10.939,4875.139,0.000,0.000,0.000,0.000,0.000,0.000,1.000,1.000,0.000,30.681,30.500,0.757,51.809,5.000,101.0,47.0,-15.48717975616455,23.538461685180664
344.077,13:06:00.961,446.642,10.832,4838.012,0.000,0.000,0.000,0.000,0.000,0.000,1.000,1.000,0.000,30.681,30.500,0.757,51.809,5.000,101.0,47.0,-15.48717975616455,23.538461685180664
344.141,13:06:01.025,446.642,10.832,4838.012,0.000,0.000,0.000,0.000,0.000,0.000,1.000,1.000,0.000,30.681,30.500,0.757,51.809,5.000,101.0,47.0,-15.48717975616455,23.538461685180664
344.206,13:06:01.169,446.642,10.832,4838.012,0.000,0.000,0.000,0.000,0.000,0.000,1.000,1.000,0.000,30.681,30.500,0.756,51.786,5.000,101.0,47.0,-15.48717975616455,23.538461685180664
344.349,13:06:01.233,446.642,10.832,4838.012,0.000,0.000,0.000,0.000,0.000,0.000,1.000,1.000,0.000,30.681,30.500,0.756,51.786,5.000,101.0,47.0,-15.48717975616455,23.538461685180664
344.414,13:06:01.298,446.642,10.832,4838.012,0.000,0.000,0.000,0.000,0.000,0.000,1.000,1.000,0.000,30.681,30.500,0.756,51.786,5.000,101.0,47.0,-15.48717975616455,23.538461685180664
344.477,13:06:01.442,446.774,10.820,4833.910,0.000,0.000,0.000,0.000,0.000,0.000,1.000,1.000,0.000,30.681,30.500,0.755,51.780,5.000,101.0,47.0,-15.48717975616455,23.538461685180664
344.622,13:06:01.506,446.774,10.820,4833.910,0.000,0.000,0.000,0.000,0.000,0.000,1.000,1.000,0.000,30.681,30.500,0.755,51.780,5.000,101.0,47.0,-15.48717975616455,23.538461685180664
344.686,13:06:01.760,446.774,10.820,4833.910,0.000,0.000,0.000,0.000,0.000,0.000,1.000,1.000,0.000,30.681,30.500,0.755,51.780,5.000,101.0,47.0,-21.794872283935547,7.538461685180664
344.942,13:06:01.905,448.712,10.587,4750.506,0.000,0.000,0.000,0.000,0.000,0.000,1.000,1.000,0.000,30.280,30.100,0.742,51.759,5.000,101.0,47.0,-21.794872283935547,7.538461685180664
345.085,13:06:01.969,448.712,10.587,4750.506,0.000,0.000,0.000,0.000,0.000,0.000,1.000,1.000,0.000,30.280,30.100,0.742,51.759,5.000,101.0,47.0,-21.794872283935547,7.538461685180664
345.149,13:06:02.033,448.712,10.587,4750.506,0.000,0.000,0.000,0.000,0.000,0.000,1.000,1.000,0.000,30.280,30.100,0.742,51.759,5.000,101.0,47.0,-21.794872283935547,7.538461685180664
345.213,13:06:02.177,448.712,10.587,4750.506,0.000,0.000,0.000,0.000,0.000,0.000,1.000,1.000,0.000,30.719,30.900,0.756,51.739,5.000,101.0,47.0,-21.794872283935547,7.538461685180664
345.356,13:06:02.240,446.760,10.823,4835.117,0.000,0.000,0.000,0.000,0.000,0.000,1.000,1.000,0.000,30.719,30.900,0.756,51.739,5.000,101.0,47.0,-21.794872283935547,7.538461685180664
345.420,13:06:02.304,446.760,10.823,4835.117,0.000,0.000,0.000,0.000,0.000,0.000,1.000,1.000,0.000,30.719,30.900,0.756,51.739,5.000,101.0,47.0,-21.794872283935547,7.538461685180664
345.485,13:06:02.449,446.760,10.823,4835.117,0.000,0.000,0.000,0.000,0.000,0.000,1.000,1.000,0.000,30.719,30.900,0.756,51.739,5.000,101.0,47.0,-21.794872283935547,7.538461685180664
345.629,13:06:02.512,446.760,10.823,4835.117,0.000,0.000,0.000,0.000,0.000,0.000,1.000,1.000,0.000,30.719,30.900,0.756,51.739,5.000,101.0,47.0,-21.794872283935547,7.538461685180664
345.693,13:06:02.769,441.600,11.389,5029.261,0.000,0.000,0.000,0.000,0.000,0.000,1.000,1.000,0.000,30.719,30.900,0.756,51.739,5.000,101.0,47.0,2.923076868057251,-20.820512771606445
345.949,13:06:02.913,441.600,11.389,5029.261,0.000,0.000,0.000,0.000,0.000,0.000,1.000,1.000,0.000,31.081,30.900,0.774,51.757,5.000,101.0,47.0,2.923076868057251,-20.820512771606445
346.092,13:06:02.976,447.487,10.738,4805.077,0.000,0.000,0.000,0.000,0.000,0.000,1.000,1.000,0.000,31.081,30.900,0.774,51.757,5.000,101.0,47.0,2.923076868057251,-20.820512771606445
346.156,13:06:03.040,447.487,10.738,4805.077,0.000,0.000,0.000,0.000,0.000,0.000,1.000,1.000,0.000,31.081,30.900,0.774,51.757,5.000,101.0,47.0,2.923076868057251,-20.820512771606445
346.220,13:06:03.184,447.487,10.738,4805.077,0.000,0.000,0.000,0.000,0.000,0.000,1.000,1.000,0.000,30.681,30.500,0.754,51.731,5.000,101.0,47.0,2.923076868057251,-20.820512771606445
346.364,13:06:03.248,447.487,10.738,4805.077,0.000,0.000,0.000,0.000,0.000,0.000,1.000,1.000,0.000,30.681,30.500,0.754,51.731,5.000,101.0,47.0,2.923076868057251,-20.820512771606445
346.429,13:06:03.313,447.487,10.738,4805.077,0.000,0.000,0.000,0.000,0.000,0.000,1.000,1.000,0.000,30.681,30.500,0.754,51.731,5.000,101.0,47.0,2.923076868057251,-20.820512771606445
346.492,13:06:03.455,443.819,11.156,4951.347,0.000,0.000,0.000,0.000,0.000,0.000,1.000,1.000,0.000,31.081,30.900,0.770,51.731,5.000,101.0,47.0,2.923076868057251,-20.820512771606445
346.636,13:06:03.520,443.819,11.156,4951.347,0.000,0.000,0.000,0.000,0.000,0.000,1.000,1.000,0.000,31.081,30.900,0.770,51.731,5.000,101.0,47.0,2.923076868057251,-20.820512771606445
346.701,13:06:03.775,443.819,11.156,4951.347,0.000,0.000,0.000,0.000,0.000,0.000,1.000,1.000,0.000,31.081,30.900,0.770,51.731,5.000,101.0,47.0,21.58974266052246,6.410256385803223
346.956,13:06:03.920,445.328,10.986,4892.162,0.000,0.000,0.000,0.000,0.000,0.000,1.000,1.000,0.000,30.719,30.900,0.759,51.735,5.000,101.0,47.0,21.58974266052246,6.410256385803223
347.101,13:06:03.984,445.328,10.986,4892.162,0.000,0.000,0.000,0.000,0.000,0.000,1.000,1.000,0.000,30.719,30.900,0.759,51.735,5.000,101.0,47.0,21.58974266052246,6.410256385803223
347.164,13:06:04.048,445.328,10.986,4892.162,0.000,0.000,0.000,0.000,0.000,0.000,1.000,1.000,0.000,30.719,30.900,0.759,51.735,5.000,101.0,47.0,21.58974266052246,6.410256385803223
347.227,13:06:04.192,445.328,10.986,4892.162,0.000,0.000,0.000,0.000,0.000,0.000,1.000,1.000,0.000,30.681,30.500,0.758,51.726,5.000,101.0,47.0,21.58974266052246,6.410256385803223
347.372,13:06:04.256,445.061,11.013,4901.401,0.000,0.000,0.000,0.000,0.000,0.000,1.000,1.000,0.000,30.681,30.500,0.758,51.726,5.000,101.0,47.0,21.58974266052246,6.410256385803223
347.436,13:06:04.320,445.061,11.013,4901.401,0.000,0.000,0.000,0.000,0.000,0.000,1.000,1.000,0.000,30.681,30.500,0.758,51.726,5.000,101.0,47.0,21.58974266052246,6.410256385803223
347.500,13:06:04.464,445.061,11.013,4901.401,0.000,0.000,0.000,0.000,0.000,0.000,1.000,1.000,0.000,30.681,30.500,0.758,51.726,5.000,101.0,47.0,21.58974266052246,6.410256385803223
347.643,13:06:04.527,445.061,11.013,4901.401,0.000,0.000,0.000,0.000,0.000,0.000,1.000,1.000,0.000,30.681,30.500,0.758,51.726,5.000,101.0,47.0,21.58974266052246,6.410256385803223
347.708,13:06:04.783,448.343,10.636,4768.522,0.000,0.000,0.000,0.000,0.000,0.000,1.000,1.000,0.000,30.681,30.500,0.758,51.726,5.000,101.0,47.0,16.41025733947754,-22.102563858032227
347.964,13:06:04.927,448.343,10.636,4768.522,0.000,0.000,0.000,0.000,0.000,0.000,1.000,1.000,0.000,30.318,30.500,0.744,51.675,5.000,101.0,47.0,16.41025733947754,-22.102563858032227
348.108,13:06:04.992,444.859,11.039,4911.009,0.000,0.000,0.000,0.000,0.000,0.000,1.000,1.000,0.000,30.318,30.500,0.744,51.675,5.000,101.0,47.0,16.41025733947754,-22.102563858032227
348.171,13:06:05.055,444.859,11.039,4911.009,0.000,0.000,0.000,0.000,0.000,0.000,1.000,1.000,0.000,30.318,30.500,0.744,51.675,5.000,101.0,47.0,16.41025733947754,-22.102563858032227
348.235,13:06:05.198,444.859,11.039,4911.009,0.000,0.000,0.000,0.000,0.000,0.000,1.000,1.000,0.000,30.681,30.500,0.759,51.682,5.000,101.0,47.0,16.41025733947754,-22.102563858032227
348.379,13:06:05.263,444.859,11.039,4911.009,0.000,0.000,0.000,0.000,0.000,0.000,1.000,1.000,0.000,30.681,30.500,0.759,51.682,5.000,101.0,47.0,16.41025733947754,-22.102563858032227
348.443,13:06:05.327,444.859,11.039,4911.009,0.000,0.000,0.000,0.000,0.000,0.000,1.000,1.000,0.000,30.681,30.500,0.759,51.682,5.000,101.0,47.0,16.41025733947754,-22.102563858032227
348.507,13:06:05.471,447.409,10.749,4809.135,0.000,0.000,0.000,0.000,0.000,0.000,1.000,1.000,0.000,30.681,30.500,0.754,51.647,5.000,101.0,47.0,16.41025733947754,-22.102563858032227
348.651,13:06:05.535,447.409,10.749,4809.135,0.000,0.000,0.000,0.000,0.000,0.000,1.000,1.000,0.000,30.681,30.500,0.754,51.647,5.000,101.0,47.0,16.41025733947754,-22.102563858032227
348.715,13:06:05.791,447.409,10.749,4809.135,0.000,0.000,0.000,0.000,0.000,0.000,1.000,1.000,0.000,30.681,30.500,0.754,51.647,5.000,101.0,47.0,2.9743590354919434,-19.230770111083984
348.971,13:06:05.935,515.063,10.084,5194.014,0.000,0.000,0.000,0.000,0.000,0.000,1.000,1.000,0.000,30.318,30.500,0.647,51.683,5.000,101.0,47.0,2.9743590354919434,-19.230770111083984
349.115,13:06:05.999,515.063,10.084,5194.014,0.000,0.000,0.000,0.000,0.000,0.000,1.000,1.000,0.000,30.318,30.500,0.647,51.683,5.000,101.0,47.0,2.9743590354919434,-19.230770111083984
349.179,13:06:06.063,515.063,10.084,5194.014,0.000,0.000,0.000,0.000,0.000,0.000,1.000,1.000,0.000,30.318,30.500,0.647,51.683,5.000,101.0,47.0,2.9743590354919434,-19.230770111083984
349.242,13:06:06.207,515.063,10.084,5194.014,0.000,0.000,0.000,0.000,0.000,0.000,1.000,1.000,0.000,30.318,30.500,0.647,51.683,5.000,101.0,47.0,2.9743590354919434,-19.230770111083984
349.386,13:06:06.270,514.258,10.106,5197.106,0.000,0.000,0.000,0.000,0.000,0.000,1.000,1.000,0.000,30.318,30.500,0.647,51.683,5.000,101.0,47.0,2.9743590354919434,-19.230770111083984
349.451,13:06:06.335,514.258,10.106,5197.106,0.000,0.000,0.000,0.000,0.000,0.000,1.000,1.000,0.000,30.318,30.500,0.647,51.683,5.000,101.0,47.0,2.9743590354919434,-19.230770111083984
349.514,13:06:06.477,514.258,10.106,5197.106,0.000,0.000,0.000,0.000,0.000,0.000,1.000,1.000,0.000,31.119,31.300,0.666,51.547,5.000,101.0,47.0,2.9743590354919434,-19.230770111083984
349.658,13:06:06.541,514.258,10.106,5197.106,0.000,0.000,0.000,0.000,0.000,0.000,1.000,1.000,0.000,31.119,31.300,0.666,51.547,5.000,101.0,47.0,2.9743590354919434,-19.230770111083984
349.722,13:06:06.797,512.613,10.719,5494.489,0.000,0.000,0.000,0.000,0.000,0.000,1.000,1.000,0.000,31.119,31.300,0.666,51.547,5.000,101.0,47.0,18.512821197509766,-26.05128288269043
349.979,13:06:06.941,512.613,10.719,5494.489,0.000,0.000,0.000,0.000,0.000,0.000,1.000,1.000,0.000,31.918,32.100,0.685,51.598,5.000,101.0,47.0,18.512821197509766,-26.05128288269043
350.122,13:06:07.006,510.924,11.360,5804.145,0.000,0.000,0.000,0.000,0.000,0.000,1.000,1.000,0.000,31.918,32.100,0.685,51.598,5.000,101.0,47.0,18.512821197509766,-26.05128288269043
350.186,13:06:07.070,510.924,11.360,5804.145,0.000,0.000,0.000,0.000,0.000,0.000,1.000,1.000,0.000,31.918,32.100,0.685,51.598,5.000,101.0,47.0,18.512821197509766,-26.05128288269043
350.249,13:06:07.213,510.924,11.360,5804.145,0.000,0.000,0.000,0.000,0.000,0.000,1.000,1.000,0.000,32.719,32.900,0.704,51.652,5.000,101.0,47.0,18.512821197509766,-26.05128288269043
350.394,13:06:07.278,510.924,11.360,5804.145,0.000,0.000,0.000,0.000,0.000,0.000,1.000,1.000,0.000,32.719,32.900,0.704,51.652,5.000,101.0,47.0,18.512821197509766,-26.05128288269043
350.457,13:06:07.341,510.924,11.360,5804.145,0.000,0.000,0.000,0.000,0.000,0.000,1.000,1.000,0.000,32.719,32.900,0.704,51.652,5.000,101.0,47.0,18.512821197509766,-26.05128288269043
350.522,13:06:07.486,510.924,11.360,5804.145,0.000,0.000,0.000,0.000,0.000,0.000,1.000,1.000,0.000,33.518,33.700,0.724,51.751,5.000,101.0,47.0,18.512821197509766,-26.05128288269043
350.665,13:06:07.549,509.134,12.036,6128.178,0.000,0.000,0.000,0.000,0.000,0.000,1.000,1.000,0.000,33.518,33.700,0.724,51.751,5.000,101.0,47.0,18.512821197509766,-26.05128288269043
350.729,13:06:07.805,509.134,12.036,6128.178,0.000,0.000,0.000,0.000,0.000,0.000,1.000,1.000,0.000,33.518,33.700,0.724,51.751,5.000,101.0,47.0,-24.30769157409668,-27.743589401245117
350.985,13:06:07.949,507.045,12.806,6493.468,0.000,0.000,0.000,0.000,0.000,0.000,1.000,1.000,0.000,34.319,34.500,0.745,51.820,5.000,101.0,47.0,-24.30769157409668,-27.743589401245117
351.129,13:06:08.012,507.045,12.806,6493.468,0.000,0.000,0.000,0.000,0.000,0.000,1.000,1.000,0.000,34.319,34.500,0.745,51.820,5.000,101.0,47.0,-24.30769157409668,-27.743589401245117
351.193,13:06:08.077,507.045,12.806,6493.468,0.000,0.000,0.000,0.000,0.000,0.000,1.000,1.000,0.000,34.319,34.500,0.745,51.820,5.000,101.0,47.0,-24.30769157409668,-27.743589401245117
351.256,13:06:08.222,507.045,12.806,6493.468,0.000,0.000,0.000,0.000,0.000,0.000,1.000,1.000,0.000,34.319,34.500,0.745,51.820,5.000,101.0,47.0,-24.30769157409668,-27.743589401245117
351.400,13:06:08.284,504.730,13.634,6881.661,0.000,0.000,0.000,0.000,0.000,0.000,1.000,1.000,0.000,34.319,34.500,0.745,51.820,5.000,101.0,47.0,-24.30769157409668,-27.743589401245117
351.465,13:06:08.349,504.730,13.634,6881.661,0.000,0.000,0.000,0.000,0.000,0.000,1.000,1.000,0.000,34.319,34.500,0.745,51.820,5.000,101.0,47.0,-24.30769157409668,-27.743589401245117
351.529,13:06:08.493,504.730,13.634,6881.661,0.000,0.000,0.000,0.000,0.000,0.000,1.000,1.000,0.000,35.119,35.300,0.765,51.879,5.000,101.0,47.0,-24.30769157409668,-27.743589401245117
351.673,13:06:08.557,504.730,13.634,6881.661,0.000,0.000,0.000,0.000,0.000,0.000,1.000,1.000,0.000,35.119,35.300,0.765,51.879,5.000,101.0,47.0,-24.30769157409668,-27.743589401245117
351.737,13:06:08.812,504.730,13.634,6881.661,0.000,0.000,0.000,0.000,0.000,0.000,1.000,1.000,0.000,35.119,35.300,0.765,51.879,5.000,101.0,47.0,-24.871795654296875,9.589743614196777
351.994,13:06:08.957,502.330,14.485,7276.369,0.000,0.000,0.000,0.000,0.000,0.000,1.000,1.000,0.000,35.918,36.100,0.787,51.969,5.000,101.0,47.0,-24.871795654296875,9.589743614196777
352.137,13:06:09.021,502.330,14.485,7276.369,0.000,0.000,0.000,0.000,0.000,0.000,1.000,1.000,0.000,35.918,36.100,0.787,51.969,5.000,101.0,47.0,-24.871795654296875,9.589743614196777
352.201,13:06:09.085,498.909,15.601,7783.625,0.000,0.000,0.000,0.000,0.000,0.000,1.000,1.000,0.000,35.918,36.100,0.787,51.969,5.000,101.0,47.0,-24.871795654296875,9.589743614196777
352.264,13:06:09.229,498.909,15.601,7783.625,0.000,0.000,0.000,0.000,0.000,0.000,1.000,1.000,0.000,36.719,36.900,0.810,52.076,5.000,101.0,47.0,-24.871795654296875,9.589743614196777
352.408,13:06:09.292,498.909,15.601,7783.625,0.000,0.000,0.000,0.000,0.000,0.000,1.000,1.000,0.000,36.719,36.900,0.810,52.076,5.000,101.0,47.0,-24.871795654296875,9.589743614196777
352.473,13:06:09.357,498.909,15.601,7783.625,0.000,0.000,0.000,0.000,0.000,0.000,1.000,1.000,0.000,36.719,36.900,0.810,52.076,5.000,101.0,47.0,-24.871795654296875,9.589743614196777
352.536,13:06:09.500,498.909,15.601,7783.625,0.000,0.000,0.000,0.000,0.000,0.000,1.000,1.000,0.000,37.519,37.700,0.833,51.989,5.000,101.0,47.0,-24.871795654296875,9.589743614196777
352.681,13:06:09.565,495.601,16.640,8247.022,0.000,0.000,0.000,0.000,0.000,0.000,1.000,1.000,0.000,37.519,37.700,0.833,51.989,5.000,101.0,47.0,-24.871795654296875,9.589743614196777
352.745,13:06:09.821,495.601,16.640,8247.022,0.000,0.000,0.000,0.000,0.000,0.000,1.000,1.000,0.000,37.519,37.700,0.833,51.989,5.000,101.0,47.0,28.153846740722656,-27.58974266052246
353.000,13:06:09.963,491.838,17.755,8732.792,0.000,0.000,0.000,0.000,0.000,0.000,1.000,1.000,0.000,38.320,38.500,0.857,51.927,5.000,101.0,47.0,28.153846740722656,-27.58974266052246
353.144,13:06:10.028,491.838,17.755,8732.792,0.000,0.000,0.000,0.000,0.000,0.000,1.000,1.000,0.000,38.320,38.500,0.857,51.927,5.000,101.0,47.0,28.153846740722656,-27.58974266052246
353.208,13:06:10.092,491.838,17.755,8732.792,0.000,0.000,0.000,0.000,0.000,0.000,1.000,1.000,0.000,38.320,38.500,0.857,51.927,5.000,101.0,47.0,28.153846740722656,-27.58974266052246
353.272,13:06:10.236,491.838,17.755,8732.792,0.000,0.000,0.000,0.000,0.000,0.000,1.000,1.000,0.000,38.320,38.500,0.857,51.927,5.000,101.0,47.0,28.153846740722656,-27.58974266052246
353.416,13:06:10.300,487.287,19.013,9264.794,0.000,0.000,0.000,0.000,0.000,0.000,1.000,1.000,0.000,38.320,38.500,0.857,51.927,5.000,101.0,47.0,28.153846740722656,-27.58974266052246
353.480,13:06:10.364,487.287,19.013,9264.794,0.000,0.000,0.000,0.000,0.000,0.000,1.000,1.000,0.000,38.320,38.500,0.857,51.927,5.000,101.0,47.0,28.153846740722656,-27.58974266052246
353.544,13:06:10.507,487.287,19.013,9264.794,0.000,0.000,0.000,0.000,0.000,0.000,1.000,1.000,0.000,39.118,39.300,0.883,51.937,5.000,101.0,47.0,28.153846740722656,-27.58974266052246
353.688,13:06:10.572,487.287,19.013,9264.794,0.000,0.000,0.000,0.000,0.000,0.000,1.000,1.000,0.000,39.118,39.300,0.883,51.937,5.000,101.0,47.0,28.153846740722656,-27.58974266052246
353.752,13:06:10.827,487.287,19.013,9264.794,0.000,0.000,0.000,0.000,0.000,0.000,1.000,1.000,0.000,39.118,39.300,0.883,51.937,5.000,101.0,47.0,21.538461685180664,7.435897350311279
354.007,13:06:10.972,482.196,20.344,9809.743,0.000,0.000,0.000,0.000,0.000,0.000,1.000,1.000,0.000,39.919,40.100,0.911,51.839,5.000,101.0,47.0,21.538461685180664,7.435897350311279
354.152,13:06:11.036,482.196,20.344,9809.743,0.000,0.000,0.000,0.000,0.000,0.000,1.000,1.000,0.000,39.919,40.100,0.911,51.839,5.000,101.0,47.0,21.538461685180664,7.435897350311279
354.215,13:06:11.098,476.026,21.776,10366.000,0.000,0.000,0.000,0.000,0.000,0.000,1.000,1.000,0.000,39.919,40.100,0.911,51.839,5.000,101.0,47.0,21.538461685180664,7.435897350311279
354.279,13:06:11.244,476.026,21.776,10366.000,0.000,0.000,0.000,0.000,0.000,0.000,1.000,1.000,0.000,40.718,40.900,0.940,51.851,5.000,101.0,47.0,21.538461685180664,7.435897350311279
354.423,13:06:11.307,476.026,21.776,10366.000,0.000,0.000,0.000,0.000,0.000,0.000,1.000,1.000,0.000,40.718,40.900,0.940,51.851,5.000,101.0,47.0,21.538461685180664,7.435897350311279
354.487,13:06:11.371,476.026,21.776,10366.000,0.000,0.000,0.000,0.000,0.000,0.000,1.000,1.000,0.000,40.718,40.900,0.940,51.851,5.000,101.0,47.0,21.538461685180664,7.435897350311279
354.552,13:06:11.515,476.026,21.776,10366.000,0.000,0.000,0.000,0.000,0.000,0.000,1.000,1.000,0.000,41.519,41.700,0.940,51.968,5.000,101.0,47.0,21.538461685180664,7.435897350311279
354.695,13:06:11.579,469.570,23.096,10845.120,0.000,0.000,0.000,0.000,0.000,0.000,1.000,1.000,0.000,41.519,41.700,0.940,51.968,5.000,101.0,47.0,21.538461685180664,7.435897350311279
354.759,13:06:11.836,469.570,23.096,10845.120,0.000,0.000,0.000,0.000,0.000,0.000,1.000,1.000,0.000,41.519,41.700,0.940,51.968,5.000,101.0,47.0,-5.128205299377441,32.35897445678711
355.015,13:06:11.979,463.870,24.118,11187.618,0.000,0.000,0.000,0.000,0.000,0.000,1.000,1.000,0.000,41.919,42.100,0.940,52.180,5.000,101.0,47.0,-5.128205299377441,32.35897445678711
355.159,13:06:12.043,463.870,24.118,11187.618,0.000,0.000,0.000,0.000,0.000,0.000,1.000,1.000,0.000,41.919,42.100,0.940,52.180,5.000,101.0,47.0,-5.128205299377441,32.35897445678711
355.222,13:06:12.106,463.870,24.118,11187.618,0.000,0.000,0.000,0.000,0.000,0.000,1.000,1.000,0.000,41.919,42.100,0.940,52.180,5.000,101.0,47.0,-5.128205299377441,32.35897445678711
355.286,13:06:12.250,463.870,24.118,11187.618,0.000,0.000,0.000,0.000,0.000,0.000,1.000,1.000,0.000,41.919,42.100,0.940,52.180,5.000,101.0,47.0,-5.128205299377441,32.35897445678711
355.431,13:06:12.315,463.612,24.167,11203.895,0.000,0.000,0.000,0.000,0.000,0.000,1.000,1.000,0.000,41.919,42.100,0.940,52.180,5.000,101.0,47.0,-5.128205299377441,32.35897445678711
355.495,13:06:12.379,463.612,24.167,11203.895,0.000,0.000,0.000,0.000,0.000,0.000,1.000,1.000,0.000,41.919,42.100,0.940,52.180,5.000,101.0,47.0,-5.128205299377441,32.35897445678711
355.558,13:06:12.522,463.612,24.167,11203.895,0.000,0.000,0.000,0.000,0.000,0.000,1.000,1.000,0.000,41.881,41.700,0.940,52.358,5.000,101.0,47.0,-5.128205299377441,32.35897445678711
355.703,13:06:12.587,463.612,24.167,11203.895,0.000,0.000,0.000,0.000,0.000,0.000,1.000,1.000,0.000,41.881,41.700,0.940,52.358,5.000,101.0,47.0,-5.128205299377441,32.35897445678711
355.766,13:06:12.842,463.612,24.167,11203.895,0.000,0.000,0.000,0.000,0.000,0.000,1.000,1.000,0.000,41.881,41.700,0.940,52.358,5.000,101.0,47.0,-8.307692527770996,-26.461538314819336
356.022,13:06:12.986,469.421,23.152,10868.013,0.000,0.000,0.000,0.000,0.000,0.000,1.000,1.000,0.000,41.519,41.700,0.940,52.551,5.000,101.0,47.0,-8.307692527770996,-26.461538314819336
356.167,13:06:13.051,469.421,23.152,10868.013,0.000,0.000,0.000,0.000,0.000,0.000,1.000,1.000,0.000,41.519,41.700,0.940,52.551,5.000,101.0,47.0,-8.307692527770996,-26.461538314819336
356.230,13:06:13.114,467.842,23.448,10969.891,0.000,0.000,0.000,0.000,0.000,0.000,1.000,1.000,0.000,41.519,41.700,0.940,52.551,5.000,101.0,47.0,-8.307692527770996,-26.461538314819336
356.294,13:06:13.258,467.842,23.448,10969.891,0.000,0.000,0.000,0.000,0.000,0.000,1.000,1.000,0.000,41.481,41.300,0.940,52.707,5.000,101.0,47.0,-8.307692527770996,-26.461538314819336
356.437,13:06:13.321,467.842,23.448,10969.891,0.000,0.000,0.000,0.000,0.000,0.000,1.000,1.000,0.000,41.481,41.300,0.940,52.707,5.000,101.0,47.0,-8.307692527770996,-26.461538314819336
356.502,13:06:13.386,467.842,23.448,10969.891,0.000,0.000,0.000,0.000,0.000,0.000,1.000,1.000,0.000,41.481,41.300,0.940,52.707,5.000,101.0,47.0,-8.307692527770996,-26.461538314819336
356.565,13:06:13.529,467.842,23.448,10969.891,0.000,0.000,0.000,0.000,0.000,0.000,1.000,1.000,0.000,41.481,41.300,0.940,52.810,5.000,101.0,47.0,-8.307692527770996,-26.461538314819336
356.710,13:06:13.594,467.636,23.488,10983.616,0.000,0.000,0.000,0.000,0.000,0.000,1.000,1.000,0.000,41.481,41.300,0.940,52.810,5.000,101.0,47.0,-8.307692527770996,-26.461538314819336
356.773,13:06:13.849,467.636,23.488,10983.616,0.000,0.000,0.000,0.000,0.000,0.000,1.000,1.000,0.000,41.481,41.300,0.940,52.810,5.000,101.0,47.0,7.025640964508057,27.179487228393555
357.030,13:06:13.994,467.636,23.488,10983.616,0.000,0.000,0.000,0.000,0.000,0.000,1.000,1.000,0.000,41.481,41.300,0.940,52.955,5.000,101.0,47.0,7.025640964508057,27.179487228393555
357.173,13:06:14.057,467.509,23.509,10990.667,0.000,0.000,0.000,0.000,0.000,0.000,1.000,1.000,0.000,41.481,41.300,0.940,52.955,5.000,101.0,47.0,7.025640964508057,27.179487228393555
357.237,13:06:14.121,467.509,23.509,10990.667,0.000,0.000,0.000,0.000,0.000,0.000,1.000,1.000,0.000,41.481,41.300,0.940,52.955,5.000,101.0,47.0,7.025640964508057,27.179487228393555
357.301,13:06:14.266,467.509,23.509,10990.667,0.000,0.000,0.000,0.000,0.000,0.000,1.000,1.000,0.000,41.481,41.300,0.940,52.955,5.000,101.0,47.0,7.025640964508057,27.179487228393555
357.446,13:06:14.330,467.564,23.504,10989.595,0.000,0.000,0.000,0.000,0.000,0.000,1.000,1.000,0.000,41.481,41.300,0.940,52.955,5.000,101.0,47.0,7.025640964508057,27.179487228393555
357.510,13:06:14.394,467.564,23.504,10989.595,0.000,0.000,0.000,0.000,0.000,0.000,1.000,1.000,0.000,41.481,41.300,0.940,52.955,5.000,101.0,47.0,7.025640964508057,27.179487228393555
357.573,13:06:14.538,467.564,23.504,10989.595,0.000,0.000,0.000,0.000,0.000,0.000,1.000,1.000,0.000,41.481,41.300,0.940,53.060,5.000,101.0,47.0,7.025640964508057,27.179487228393555
357.717,13:06:14.601,467.564,23.504,10989.595,0.000,0.000,0.000,0.000,0.000,0.000,1.000,1.000,0.000,41.481,41.300,0.940,53.060,5.000,101.0,47.0,7.025640964508057,27.179487228393555
357.782,13:06:14.873,467.564,23.504,10989.595,0.000,0.000,0.000,0.000,0.000,0.000,1.000,1.000,0.000,41.481,41.300,0.940,53.060,5.000,101.0,47.0,34.0512809753418,-8.20512866973877
358.053,13:06:15.017,467.411,23.536,11000.800,0.000,0.000,0.000,0.000,0.000,0.000,1.000,1.000,0.000,41.481,41.300,0.940,53.206,5.000,101.0,47.0,34.0512809753418,-8.20512866973877
358.197,13:06:15.081,467.411,23.536,11000.800,0.000,0.000,0.000,0.000,0.000,0.000,1.000,1.000,0.000,41.481,41.300,0.940,53.206,5.000,101.0,47.0,34.0512809753418,-8.20512866973877
358.261,13:06:15.145,467.358,23.537,11000.153,0.000,0.000,0.000,0.000,0.000,0.000,1.000,1.000,0.000,41.481,41.300,0.940,53.206,5.000,101.0,47.0,34.0512809753418,-8.20512866973877
358.324,13:06:15.289,467.358,23.537,11000.153,0.000,0.000,0.000,0.000,0.000,0.000,1.000,1.000,0.000,41.481,41.300,0.940,53.295,5.000,101.0,47.0,34.0512809753418,-8.20512866973877
358.468,13:06:15.352,467.358,23.537,11000.153,0.000,0.000,0.000,0.000,0.000,0.000,1.000,1.000,0.000,41.481,41.300,0.940,53.295,5.000,101.0,47.0,34.0512809753418,-8.20512866973877
358.532,13:06:15.416,467.358,23.537,11000.153,0.000,0.000,0.000,0.000,0.000,0.000,1.000,1.000,0.000,41.481,41.300,0.940,53.295,5.000,101.0,47.0,34.0512809753418,-8.20512866973877
358.597,13:06:15.561,467.358,23.537,11000.153,0.000,0.000,0.000,0.000,0.000,0.000,1.000,1.000,0.000,41.481,41.300,0.940,53.377,5.000,101.0,47.0,34.0512809753418,-8.20512866973877
358.741,13:06:15.625,467.280,23.554,11006.473,0.000,0.000,0.000,0.000,0.000,0.000,1.000,1.000,0.000,41.481,41.300,0.940,53.377,5.000,101.0,47.0,34.0512809753418,-8.20512866973877
358.804,13:06:15.880,467.280,23.554,11006.473,0.000,0.000,0.000,0.000,0.000,0.000,1.000,1.000,0.000,41.481,41.300,0.940,53.377,5.000,101.0,47.0,-22.820512771606445,-8.102563858032227
359.060,13:06:16.024,467.280,23.554,11006.473,0.000,0.000,0.000,0.000,0.000,0.000,1.000,1.000,0.000,41.481,41.300,0.940,53.442,5.000,101.0,47.0,-22.820512771606445,-8.102563858032227
359.204,13:06:16.088,467.224,23.565,11010.052,0.000,0.000,0.000,0.000,0.000,0.000,1.000,1.000,0.000,41.481,41.300,0.940,53.442,5.000,101.0,47.0,-22.820512771606445,-8.102563858032227
359.268,13:06:16.152,467.224,23.565,11010.052,0.000,0.000,0.000,0.000,0.000,0.000,1.000,1.000,0.000,41.481,41.300,0.940,53.442,5.000,101.0,47.0,-22.820512771606445,-8.102563858032227
359.332,13:06:16.297,467.224,23.565,11010.052,0.000,0.000,0.000,0.000,0.000,0.000,1.000,1.000,0.000,41.481,41.300,0.940,53.442,5.000,101.0,47.0,-22.820512771606445,-8.102563858032227
359.477,13:06:16.360,467.315,23.543,11002.061,0.000,0.000,0.000,0.000,0.000,0.000,1.000,1.000,0.000,41.481,41.300,0.940,53.442,5.000,101.0,47.0,-22.820512771606445,-8.102563858032227
359.540,13:06:16.424,467.315,23.543,11002.061,0.000,0.000,0.000,0.000,0.000,0.000,1.000,1.000,0.000,41.481,41.300,0.940,53.442,5.000,101.0,47.0,-22.820512771606445,-8.102563858032227
359.604,13:06:16.568,467.315,23.543,11002.061,0.000,0.000,0.000,0.000,0.000,0.000,1.000,1.000,0.000,41.481,41.300,0.940,53.509,5.000,101.0,47.0,-22.820512771606445,-8.102563858032227
359.748,13:06:16.632,467.315,23.543,11002.061,0.000,0.000,0.000,0.000,0.000,0.000,1.000,1.000,0.000,41.481,41.300,0.940,53.509,5.000,101.0,47.0,-22.820512771606445,-8.102563858032227
359.813,13:06:16.887,467.315,23.543,11002.061,0.000,0.000,0.000,0.000,0.000,0.000,1.000,1.000,0.000,41.481,41.300,0.940,53.509,5.000,101.0,47.0,-33.846153259277344,16.564102172851562
360.068,13:06:17.032,467.079,23.584,11015.573,0.000,0.000,0.000,0.000,0.000,0.000,1.000,1.000,0.000,41.519,41.700,0.940,53.550,5.000,101.0,47.0,-33.846153259277344,16.564102172851562
360.212,13:06:17.096,467.079,23.584,11015.573,0.000,0.000,0.000,0.000,0.000,0.000,1.000,1.000,0.000,41.519,41.700,0.940,53.550,5.000,101.0,47.0,-33.846153259277344,16.564102172851562
360.276,13:06:17.160,467.079,23.584,11015.573,0.000,0.000,0.000,0.000,0.000,0.000,1.000,1.000,0.000,41.519,41.700,0.940,53.550,5.000,101.0,47.0,-33.846153259277344,16.564102172851562
360.340,13:06:17.303,467.009,23.589,11016.499,0.000,0.000,0.000,0.000,0.000,0.000,1.000,1.000,0.000,41.519,41.700,0.940,53.607,5.000,101.0,47.0,-33.846153259277344,16.564102172851562
360.484,13:06:17.368,467.009,23.589,11016.499,0.000,0.000,0.000,0.000,0.000,0.000,1.000,1.000,0.000,41.519,41.700,0.940,53.607,5.000,101.0,47.0,-33.846153259277344,16.564102172851562
360.547,13:06:17.431,467.009,23.589,11016.499,0.000,0.000,0.000,0.000,0.000,0.000,1.000,1.000,0.000,41.519,41.700,0.940,53.607,5.000,101.0,47.0,-33.846153259277344,16.564102172851562
360.612,13:06:17.575,467.009,23.589,11016.499,0.000,0.000,0.000,0.000,0.000,0.000,1.000,1.000,0.000,41.519,41.700,0.940,53.607,5.000,101.0,47.0,-33.846153259277344,16.564102172851562
360.756,13:06:17.639,470.278,23.003,10817.783,0.000,0.000,0.000,0.000,0.000,0.000,1.000,1.000,0.000,41.519,41.700,0.940,53.607,5.000,101.0,47.0,-33.846153259277344,16.564102172851562
360.819,13:06:17.895,470.278,23.003,10817.783,0.000,0.000,0.000,0.000,0.000,0.000,1.000,1.000,0.000,41.519,41.700,0.940,53.607,5.000,101.0,47.0,34.97435760498047,-12.769230842590332
361.075,13:06:18.039,470.278,23.003,10817.783,0.000,0.000,0.000,0.000,0.000,0.000,1.000,1.000,0.000,41.080,40.900,0.940,53.721,5.000,101.0,47.0,34.97435760498047,-12.769230842590332
361.219,13:06:18.103,470.941,22.888,10778.787,0.000,0.000,0.000,0.000,0.000,0.000,1.000,1.000,0.000,41.080,40.900,0.940,53.721,5.000,101.0,47.0,34.97435760498047,-12.769230842590332
361.283,13:06:18.166,470.941,22.888,10778.787,0.000,0.000,0.000,0.000,0.000,0.000,1.000,1.000,0.000,41.080,40.900,0.940,53.721,5.000,101.0,47.0,34.97435760498047,-12.769230842590332
361.346,13:06:18.311,470.941,22.888,10778.787,0.000,0.000,0.000,0.000,0.000,0.000,1.000,1.000,0.000,41.080,40.900,0.940,53.721,5.000,101.0,47.0,34.97435760498047,-12.769230842590332
361.491,13:06:18.375,470.941,22.888,10778.787,0.000,0.000,0.000,0.000,0.000,0.000,1.000,1.000,0.000,41.080,40.900,0.940,53.721,5.000,101.0,47.0,34.97435760498047,-12.769230842590332
361.555,13:06:18.439,470.692,22.924,10790.226,0.000,0.000,0.000,0.000,0.000,0.000,1.000,1.000,0.000,41.080,40.900,0.940,53.721,5.000,101.0,47.0,34.97435760498047,-12.769230842590332
361.619,13:06:18.583,470.692,22.924,10790.226,0.000,0.000,0.000,0.000,0.000,0.000,1.000,1.000,0.000,41.118,41.300,0.940,53.737,5.000,101.0,47.0,34.97435760498047,-12.769230842590332
361.763,13:06:18.647,470.692,22.924,10790.226,0.000,0.000,0.000,0.000,0.000,0.000,1.000,1.000,0.000,41.118,41.300,0.940,53.737,5.000,101.0,47.0,34.97435760498047,-12.769230842590332
361.827,13:06:18.902,470.692,22.924,10790.226,0.000,0.000,0.000,0.000,0.000,0.000,1.000,1.000,0.000,41.118,41.300,0.940,53.737,5.000,101.0,47.0,25.435897827148438,9.435897827148438
362.083,13:06:19.046,467.046,23.594,11019.476,0.000,0.000,0.000,0.000,0.000,0.000,1.000,1.000,0.000,41.519,41.700,0.940,53.767,5.000,101.0,47.0,25.435897827148438,9.435897827148438
362.227,13:06:19.111,467.046,23.594,11019.476,0.000,0.000,0.000,0.000,0.000,0.000,1.000,1.000,0.000,41.519,41.700,0.940,53.767,5.000,101.0,47.0,25.435897827148438,9.435897827148438
362.291,13:06:19.175,467.046,23.594,11019.476,0.000,0.000,0.000,0.000,0.000,0.000,1.000,1.000,0.000,41.519,41.700,0.940,53.767,5.000,101.0,47.0,25.435897827148438,9.435897827148438
362.354,13:06:19.318,470.580,22.956,10802.487,0.000,0.000,0.000,0.000,0.000,0.000,1.000,1.000,0.000,41.481,41.300,0.940,53.792,5.000,101.0,47.0,25.435897827148438,9.435897827148438
362.498,13:06:19.382,470.580,22.956,10802.487,0.000,0.000,0.000,0.000,0.000,0.000,1.000,1.000,0.000,41.481,41.300,0.940,53.792,5.000,101.0,47.0,25.435897827148438,9.435897827148438
362.563,13:06:19.447,470.580,22.956,10802.487,0.000,0.000,0.000,0.000,0.000,0.000,1.000,1.000,0.000,41.481,41.300,0.940,53.792,5.000,101.0,47.0,25.435897827148438,9.435897827148438
362.643,13:06:19.605,470.580,22.956,10802.487,0.000,0.000,0.000,0.000,0.000,0.000,1.000,1.000,0.000,41.481,41.300,0.940,53.792,5.000,101.0,47.0,25.435897827148438,9.435897827148438
362.786,13:06:19.670,470.778,22.923,10791.620,0.000,0.000,0.000,0.000,0.000,0.000,1.000,1.000,0.000,41.481,41.300,0.940,53.792,5.000,101.0,47.0,25.435897827148438,9.435897827148438
362.850,13:06:19.926,470.778,22.923,10791.620,0.000,0.000,0.000,0.000,0.000,0.000,1.000,1.000,0.000,41.481,41.300,0.940,53.792,5.000,101.0,47.0,-0.10256410390138626,-29.179487228393555
363.106,13:06:20.069,470.778,22.923,10791.620,0.000,0.000,0.000,0.000,0.000,0.000,1.000,1.000,0.000,41.118,41.300,0.940,53.871,5.000,101.0,47.0,-0.10256410390138626,-29.179487228393555
363.249,13:06:20.133,470.591,22.941,10795.984,0.000,0.000,0.000,0.000,0.000,0.000,1.000,1.000,0.000,41.118,41.300,0.940,53.871,5.000,101.0,47.0,-0.10256410390138626,-29.179487228393555
363.314,13:06:20.198,470.591,22.941,10795.984,0.000,0.000,0.000,0.000,0.000,0.000,1.000,1.000,0.000,41.118,41.300,0.940,53.871,5.000,101.0,47.0,-0.10256410390138626,-29.179487228393555
363.378,13:06:20.341,470.591,22.941,10795.984,0.000,0.000,0.000,0.000,0.000,0.000,1.000,1.000,0.000,41.118,41.300,0.940,53.871,5.000,101.0,47.0,-0.10256410390138626,-29.179487228393555
363.522,13:06:20.405,470.591,22.941,10795.984,0.000,0.000,0.000,0.000,0.000,0.000,1.000,1.000,0.000,41.118,41.300,0.940,53.871,5.000,101.0,47.0,-0.10256410390138626,-29.179487228393555
363.585,13:06:20.469,466.786,23.631,11030.568,0.000,0.000,0.000,0.000,0.000,0.000,1.000,1.000,0.000,41.118,41.300,0.940,53.871,5.000,101.0,47.0,-0.10256410390138626,-29.179487228393555
363.649,13:06:20.613,466.786,23.631,11030.568,0.000,0.000,0.000,0.000,0.000,0.000,1.000,1.000,0.000,41.519,41.700,0.940,53.900,5.000,101.0,47.0,-0.10256410390138626,-29.179487228393555
363.793,13:06:20.676,466.786,23.631,11030.568,0.000,0.000,0.000,0.000,0.000,0.000,1.000,1.000,0.000,41.519,41.700,0.940,53.900,5.000,101.0,47.0,-0.10256410390138626,-29.179487228393555
363.857,13:06:20.932,466.786,23.631,11030.568,0.000,0.000,0.000,0.000,0.000,0.000,1.000,1.000,0.000,41.519,41.700,0.940,53.900,5.000,101.0,47.0,-10.20512866973877,-26.05128288269043
364.113,13:06:21.077,465.349,23.881,11113.203,0.000,0.000,0.000,0.000,0.000,0.000,1.000,1.000,0.000,41.920,42.100,0.940,53.925,5.000,101.0,47.0,-10.20512866973877,-26.05128288269043
364.257,13:06:21.141,465.349,23.881,11113.203,0.000,0.000,0.000,0.000,0.000,0.000,1.000,1.000,0.000,41.920,42.100,0.940,53.925,5.000,101.0,47.0,-10.20512866973877,-26.05128288269043
364.320,13:06:21.204,465.349,23.881,11113.203,0.000,0.000,0.000,0.000,0.000,0.000,1.000,1.000,0.000,41.920,42.100,0.940,53.925,5.000,101.0,47.0,-10.20512866973877,-26.05128288269043
364.384,13:06:21.348,460.911,24.586,11331.880,0.000,0.000,0.000,0.000,0.000,0.000,1.000,1.000,0.000,42.281,42.100,0.940,53.971,5.000,101.0,47.0,-10.20512866973877,-26.05128288269043
364.528,13:06:21.412,460.911,24.586,11331.880,0.000,0.000,0.000,0.000,0.000,0.000,1.000,1.000,0.000,42.281,42.100,0.940,53.971,5.000,101.0,47.0,-10.20512866973877,-26.05128288269043
364.592,13:06:21.476,460.911,24.586,11331.880,0.000,0.000,0.000,0.000,0.000,0.000,1.000,1.000,0.000,42.281,42.100,0.940,53.971,5.000,101.0,47.0,-10.20512866973877,-26.05128288269043
364.656,13:06:21.620,460.911,24.586,11331.880,0.000,0.000,0.000,0.000,0.000,0.000,1.000,1.000,0.000,42.281,42.100,0.940,53.971,5.000,101.0,47.0,-10.20512866973877,-26.05128288269043
364.800,13:06:21.684,465.296,23.900,11120.720,0.000,0.000,0.000,0.000,0.000,0.000,1.000,1.000,0.000,42.281,42.100,0.940,53.971,5.000,101.0,47.0,-10.20512866973877,-26.05128288269043
364.864,13:06:21.940,465.296,23.900,11120.720,0.000,0.000,0.000,0.000,0.000,0.000,1.000,1.000,0.000,42.281,42.100,0.940,53.971,5.000,101.0,47.0,28.71794891357422,-35.128204345703125
365.120,13:06:22.084,465.296,23.900,11120.720,0.000,0.000,0.000,0.000,0.000,0.000,1.000,1.000,0.000,41.481,41.300,0.940,54.010,5.000,101.0,47.0,28.71794891357422,-35.128204345703125
365.264,13:06:22.148,469.136,23.225,10895.648,0.000,0.000,0.000,0.000,0.000,0.000,1.000,1.000,0.000,41.481,41.300,0.940,54.010,5.000,101.0,47.0,28.71794891357422,-35.128204345703125
365.328,13:06:22.212,469.136,23.225,10895.648,0.000,0.000,0.000,0.000,0.000,0.000,1.000,1.000,0.000,41.481,41.300,0.940,54.010,5.000,101.0,47.0,28.71794891357422,-35.128204345703125
365.392,13:06:22.356,469.136,23.225,10895.648,0.000,0.000,0.000,0.000,0.000,0.000,1.000,1.000,0.000,41.481,41.300,0.940,54.010,5.000,101.0,47.0,28.71794891357422,-35.128204345703125
365.535,13:06:22.419,469.136,23.225,10895.648,0.000,0.000,0.000,0.000,0.000,0.000,1.000,1.000,0.000,41.481,41.300,0.940,54.010,5.000,101.0,47.0,28.71794891357422,-35.128204345703125
365.599,13:06:22.483,469.385,23.173,10876.856,0.000,0.000,0.000,0.000,0.000,0.000,1.000,1.000,0.000,41.481,41.300,0.940,54.010,5.000,101.0,47.0,28.71794891357422,-35.128204345703125
365.664,13:06:22.627,469.385,23.173,10876.856,0.000,0.000,0.000,0.000,0.000,0.000,1.000,1.000,0.000,41.519,41.700,0.940,54.068,5.000,101.0,47.0,28.71794891357422,-35.128204345703125
365.807,13:06:22.691,469.385,23.173,10876.856,0.000,0.000,0.000,0.000,0.000,0.000,1.000,1.000,0.000,41.519,41.700,0.940,54.068,5.000,101.0,47.0,28.71794891357422,-35.128204345703125
365.871,13:06:22.947,469.385,23.173,10876.856,0.000,0.000,0.000,0.000,0.000,0.000,1.000,1.000,0.000,41.519,41.700,0.940,54.068,5.000,101.0,47.0,-18.05128288269043,-14.717948913574219
366.127,13:06:23.091,464.309,24.068,11174.965,0.000,0.000,0.000,0.000,0.000,0.000,1.000,1.000,0.000,41.919,42.100,0.940,54.092,5.000,101.0,47.0,-18.05128288269043,-14.717948913574219
366.271,13:06:23.155,464.309,24.068,11174.965,0.000,0.000,0.000,0.000,0.000,0.000,1.000,1.000,0.000,41.919,42.100,0.940,54.092,5.000,101.0,47.0,-18.05128288269043,-14.717948913574219
366.335,13:06:23.219,464.309,24.068,11174.965,0.000,0.000,0.000,0.000,0.000,0.000,1.000,1.000,0.000,41.919,42.100,0.940,54.092,5.000,101.0,47.0,-18.05128288269043,-14.717948913574219
366.399,13:06:23.363,465.648,23.837,11099.604,0.000,0.000,0.000,0.000,0.000,0.000,1.000,1.000,0.000,41.881,41.700,0.940,54.108,5.000,101.0,47.0,-18.05128288269043,-14.717948913574219
366.543,13:06:23.427,465.648,23.837,11099.604,0.000,0.000,0.000,0.000,0.000,0.000,1.000,1.000,0.000,41.881,41.700,0.940,54.108,5.000,101.0,47.0,-18.05128288269043,-14.717948913574219
366.607,13:06:23.491,465.648,23.837,11099.604,0.000,0.000,0.000,0.000,0.000,0.000,1.000,1.000,0.000,41.881,41.700,0.940,54.108,5.000,101.0,47.0,-18.05128288269043,-14.717948913574219
366.671,13:06:23.651,465.648,23.837,11099.604,0.000,0.000,0.000,0.000,0.000,0.000,1.000,1.000,0.000,41.881,41.700,0.940,54.108,5.000,101.0,47.0,-18.05128288269043,-14.717948913574219
366.831,13:06:23.715,468.139,23.412,10960.019,0.000,0.000,0.000,0.000,0.000,0.000,1.000,1.000,0.000,41.881,41.700,0.940,54.108,5.000,101.0,47.0,-18.05128288269043,-14.717948913574219
366.895,13:06:23.970,468.139,23.412,10960.019,0.000,0.000,0.000,0.000,0.000,0.000,1.000,1.000,0.000,41.881,41.700,0.940,54.108,5.000,101.0,47.0,30.35897445678711,-26.102563858032227
367.150,13:06:24.114,468.139,23.412,10960.019,0.000,0.000,0.000,0.000,0.000,0.000,1.000,1.000,0.000,41.519,41.700,0.940,54.184,5.000,101.0,47.0,30.35897445678711,-26.102563858032227
367.295,13:06:24.178,468.150,23.402,10955.746,0.000,0.000,0.000,0.000,0.000,0.000,1.000,1.000,0.000,41.519,41.700,0.940,54.184,5.000,101.0,47.0,30.35897445678711,-26.102563858032227
367.359,13:06:24.242,468.150,23.402,10955.746,0.000,0.000,0.000,0.000,0.000,0.000,1.000,1.000,0.000,41.519,41.700,0.940,54.184,5.000,101.0,47.0,30.35897445678711,-26.102563858032227
367.422,13:06:24.386,468.150,23.402,10955.746,0.000,0.000,0.000,0.000,0.000,0.000,1.000,1.000,0.000,41.519,41.700,0.940,54.184,5.000,101.0,47.0,30.35897445678711,-26.102563858032227
367.566,13:06:24.450,468.150,23.402,10955.746,0.000,0.000,0.000,0.000,0.000,0.000,1.000,1.000,0.000,41.519,41.700,0.940,54.184,5.000,101.0,47.0,30.35897445678711,-26.102563858032227
367.630,13:06:24.514,465.824,23.794,11084.012,0.000,0.000,0.000,0.000,0.000,0.000,1.000,1.000,0.000,41.519,41.700,0.940,54.184,5.000,101.0,47.0,30.35897445678711,-26.102563858032227
367.694,13:06:24.658,465.824,23.794,11084.012,0.000,0.000,0.000,0.000,0.000,0.000,1.000,1.000,0.000,41.919,42.100,0.940,54.186,5.000,101.0,47.0,30.35897445678711,-26.102563858032227
367.838,13:06:24.722,465.824,23.794,11084.012,0.000,0.000,0.000,0.000,0.000,0.000,1.000,1.000,0.000,41.919,42.100,0.940,54.186,5.000,101.0,47.0,30.35897445678711,-26.102563858032227
367.902,13:06:24.978,465.824,23.794,11084.012,0.000,0.000,0.000,0.000,0.000,0.000,1.000,1.000,0.000,41.919,42.100,0.940,54.186,5.000,101.0,47.0,-31.230770111083984,-0.1538461595773697
368.158,13:06:25.122,468.030,23.423,10962.752,0.000,0.000,0.000,0.000,0.000,0.000,1.000,1.000,0.000,41.481,41.300,0.940,54.228,5.000,101.0,47.0,-31.230770111083984,-0.1538461595773697
368.302,13:06:25.186,468.030,23.423,10962.752,0.000,0.000,0.000,0.000,0.000,0.000,1.000,1.000,0.000,41.481,41.300,0.940,54.228,5.000,101.0,47.0,-31.230770111083984,-0.1538461595773697
368.366,13:06:25.250,468.030,23.423,10962.752,0.000,0.000,0.000,0.000,0.000,0.000,1.000,1.000,0.000,41.481,41.300,0.940,54.228,5.000,101.0,47.0,-31.230770111083984,-0.1538461595773697
368.430,13:06:25.394,467.926,23.435,10965.975,0.000,0.000,0.000,0.000,0.000,0.000,1.000,1.000,0.000,41.481,41.300,0.940,54.255,5.000,101.0,47.0,-31.230770111083984,-0.1538461595773697
368.574,13:06:25.458,467.926,23.435,10965.975,0.000,0.000,0.000,0.000,0.000,0.000,1.000,1.000,0.000,41.481,41.300,0.940,54.255,5.000,101.0,47.0,-31.230770111083984,-0.1538461595773697
368.638,13:06:25.522,467.926,23.435,10965.975,0.000,0.000,0.000,0.000,0.000,0.000,1.000,1.000,0.000,41.481,41.300,0.940,54.255,5.000,101.0,47.0,-31.230770111083984,-0.1538461595773697
368.702,13:06:25.666,467.926,23.435,10965.975,0.000,0.000,0.000,0.000,0.000,0.000,1.000,1.000,0.000,41.481,41.300,0.940,54.255,5.000,101.0,47.0,-31.230770111083984,-0.1538461595773697
368.846,13:06:25.730,466.199,23.732,11063.657,0.000,0.000,0.000,0.000,0.000,0.000,1.000,1.000,0.000,41.481,41.300,0.940,54.255,5.000,101.0,47.0,-31.230770111083984,-0.1538461595773697
368.910,13:06:25.985,466.199,23.732,11063.657,0.000,0.000,0.000,0.000,0.000,0.000,1.000,1.000,0.000,41.481,41.300,0.940,54.255,5.000,101.0,47.0,20.0,13.538461685180664
369.165,13:06:26.129,466.199,23.732,11063.657,0.000,0.000,0.000,0.000,0.000,0.000,1.000,1.000,0.000,41.881,41.700,0.940,54.257,5.000,101.0,47.0,20.0,13.538461685180664
369.309,13:06:26.193,469.908,23.055,10833.838,0.000,0.000,0.000,0.000,0.000,0.000,1.000,1.000,0.000,41.881,41.700,0.940,54.257,5.000,101.0,47.0,20.0,13.538461685180664
369.373,13:06:26.257,469.908,23.055,10833.838,0.000,0.000,0.000,0.000,0.000,0.000,1.000,1.000,0.000,41.881,41.700,0.940,54.257,5.000,101.0,47.0,20.0,13.538461685180664
369.437,13:06:26.401,469.908,23.055,10833.838,0.000,0.000,0.000,0.000,0.000,0.000,1.000,1.000,0.000,41.519,41.700,0.940,54.283,5.000,101.0,47.0,20.0,13.538461685180664
369.581,13:06:26.465,469.908,23.055,10833.838,0.000,0.000,0.000,0.000,0.000,0.000,1.000,1.000,0.000,41.519,41.700,0.940,54.283,5.000,101.0,47.0,20.0,13.538461685180664
369.645,13:06:26.529,463.630,24.154,11198.413,0.000,0.000,0.000,0.000,0.000,0.000,1.000,1.000,0.000,41.519,41.700,0.940,54.283,5.000,101.0,47.0,20.0,13.538461685180664
369.709,13:06:26.673,463.630,24.154,11198.413,0.000,0.000,0.000,0.000,0.000,0.000,1.000,1.000,0.000,41.881,41.700,0.940,54.308,5.000,101.0,47.0,20.0,13.538461685180664
369.853,13:06:26.737,463.630,24.154,11198.413,0.000,0.000,0.000,0.000,0.000,0.000,1.000,1.000,0.000,41.881,41.700,0.940,54.308,5.000,101.0,47.0,20.0,13.538461685180664
369.917,13:06:26.993,463.630,24.154,11198.413,0.000,0.000,0.000,0.000,0.000,0.000,1.000,1.000,0.000,41.881,41.700,0.940,54.308,5.000,101.0,47.0,6.410256385803223,-32.20512771606445
370.173,13:06:27.137,467.373,23.505,10985.398,0.000,0.000,0.000,0.000,0.000,0.000,1.000,1.000,0.000,41.481,41.300,0.940,54.299,5.000,101.0,47.0,6.410256385803223,-32.20512771606445
370.317,13:06:27.201,467.373,23.505,10985.398,0.000,0.000,0.000,0.000,0.000,0.000,1.000,1.000,0.000,41.481,41.300,0.940,54.299,5.000,101.0,47.0,6.410256385803223,-32.20512771606445
370.381,13:06:27.265,467.373,23.505,10985.398,0.000,0.000,0.000,0.000,0.000,0.000,1.000,1.000,0.000,41.481,41.300,0.940,54.299,5.000,101.0,47.0,6.410256385803223,-32.20512771606445
370.445,13:06:27.409,467.373,23.505,10985.398,0.000,0.000,0.000,0.000,0.000,0.000,1.000,1.000,0.000,41.519,41.700,0.940,54.351,5.000,101.0,47.0,6.410256385803223,-32.20512771606445
370.589,13:06:27.472,470.069,23.051,10835.682,0.000,0.000,0.000,0.000,0.000,0.000,1.000,1.000,0.000,41.519,41.700,0.940,54.351,5.000,101.0,47.0,6.410256385803223,-32.20512771606445
370.653,13:06:27.536,470.069,23.051,10835.682,0.000,0.000,0.000,0.000,0.000,0.000,1.000,1.000,0.000,41.519,41.700,0.940,54.351,5.000,101.0,47.0,6.410256385803223,-32.20512771606445
370.716,13:06:27.680,470.069,23.051,10835.682,0.000,0.000,0.000,0.000,0.000,0.000,1.000,1.000,0.000,41.519,41.700,0.940,54.351,5.000,101.0,47.0,6.410256385803223,-32.20512771606445
370.860,13:06:27.744,467.673,23.480,10981.105,0.000,0.000,0.000,0.000,0.000,0.000,1.000,1.000,0.000,41.519,41.700,0.940,54.351,5.000,101.0,47.0,6.410256385803223,-32.20512771606445
370.924,13:06:28.000,467.673,23.480,10981.105,0.000,0.000,0.000,0.000,0.000,0.000,1.000,1.000,0.000,41.519,41.700,0.940,54.351,5.000,101.0,47.0,-20.615385055541992,34.871795654296875
371.180,13:06:28.144,467.673,23.480,10981.105,0.000,0.000,0.000,0.000,0.000,0.000,1.000,1.000,0.000,41.481,41.300,0.940,54.353,5.000,101.0,47.0,-20.615385055541992,34.871795654296875
371.324,13:06:28.208,471.240,22.821,10753.986,0.000,0.000,0.000,0.000,0.000,0.000,1.000,1.000,0.000,41.481,41.300,0.940,54.353,5.000,101.0,47.0,-20.615385055541992,34.871795654296875
371.388,13:06:28.272,471.240,22.821,10753.986,0.000,0.000,0.000,0.000,0.000,0.000,1.000,1.000,0.000,41.481,41.300,0.940,54.353,5.000,101.0,47.0,-20.615385055541992,34.871795654296875
371.452,13:06:28.416,471.240,22.821,10753.986,0.000,0.000,0.000,0.000,0.000,0.000,1.000,1.000,0.000,41.118,41.300,0.940,54.353,5.000,101.0,47.0,-20.615385055541992,34.871795654296875
371.596,13:06:28.480,471.240,22.821,10753.986,0.000,0.000,0.000,0.000,0.000,0.000,1.000,1.000,0.000,41.118,41.300,0.940,54.353,5.000,101.0,47.0,-20.615385055541992,34.871795654296875
371.660,13:06:28.544,471.240,22.821,10753.986,0.000,0.000,0.000,0.000,0.000,0.000,1.000,1.000,0.000,41.118,41.300,0.940,54.353,5.000,101.0,47.0,-20.615385055541992,34.871795654296875
371.724,13:06:28.688,471.070,22.852,10764.657,0.000,0.000,0.000,0.000,0.000,0.000,1.000,1.000,0.000,41.118,41.300,0.940,54.359,5.000,101.0,47.0,-20.615385055541992,34.871795654296875
371.868,13:06:28.752,471.070,22.852,10764.657,0.000,0.000,0.000,0.000,0.000,0.000,1.000,1.000,0.000,41.118,41.300,0.940,54.359,5.000,101.0,47.0,-20.615385055541992,34.871795654296875
371.932,13:06:29.008,471.070,22.852,10764.657,0.000,0.000,0.000,0.000,0.000,0.000,1.000,1.000,0.000,41.118,41.300,0.940,54.359,5.000,101.0,47.0,-29.384614944458008,28.35897445678711
372.188,13:06:29.152,471.156,22.841,10761.724,0.000,0.000,0.000,0.000,0.000,0.000,1.000,1.000,0.000,41.118,41.300,0.940,54.382,5.000,101.0,47.0,-29.384614944458008,28.35897445678711
372.331,13:06:29.215,471.156,22.841,10761.724,0.000,0.000,0.000,0.000,0.000,0.000,1.000,1.000,0.000,41.118,41.300,0.940,54.382,5.000,101.0,47.0,-29.384614944458008,28.35897445678711
372.396,13:06:29.279,471.156,22.841,10761.724,0.000,0.000,0.000,0.000,0.000,0.000,1.000,1.000,0.000,41.118,41.300,0.940,54.382,5.000,101.0,47.0,-29.384614944458008,28.35897445678711
372.459,13:06:29.423,471.156,22.841,10761.724,0.000,0.000,0.000,0.000,0.000,0.000,1.000,1.000,0.000,41.118,41.300,0.940,54.385,5.000,101.0,47.0,-29.384614944458008,28.35897445678711
372.603,13:06:29.487,470.971,22.862,10767.400,0.000,0.000,0.000,0.000,0.000,0.000,1.000,1.000,0.000,41.118,41.300,0.940,54.385,5.000,101.0,47.0,-29.384614944458008,28.35897445678711
372.667,13:06:29.551,470.971,22.862,10767.400,0.000,0.000,0.000,0.000,0.000,0.000,1.000,1.000,0.000,41.118,41.300,0.940,54.385,5.000,101.0,47.0,-29.384614944458008,28.35897445678711
372.731,13:06:29.695,470.971,22.862,10767.400,0.000,0.000,0.000,0.000,0.000,0.000,1.000,1.000,0.000,41.118,41.300,0.940,54.385,5.000,101.0,47.0,-29.384614944458008,28.35897445678711
372.875,13:06:29.759,470.971,22.862,10767.400,0.000,0.000,0.000,0.000,0.000,0.000,1.000,1.000,0.000,41.118,41.300,0.940,54.385,5.000,101.0,47.0,-29.384614944458008,28.35897445678711
372.939,13:06:30.015,471.005,22.853,10763.691,0.000,0.000,0.000,0.000,0.000,0.000,1.000,1.000,0.000,41.118,41.300,0.940,54.385,5.000,101.0,47.0,15.128205299377441,21.743589401245117
373.195,13:06:30.159,471.005,22.853,10763.691,0.000,0.000,0.000,0.000,0.000,0.000,1.000,1.000,0.000,41.118,41.300,0.940,54.379,5.000,101.0,47.0,15.128205299377441,21.743589401245117
373.339,13:06:30.223,470.937,22.867,10768.925,0.000,0.000,0.000,0.000,0.000,0.000,1.000,1.000,0.000,41.118,41.300,0.940,54.379,5.000,101.0,47.0,15.128205299377441,21.743589401245117
373.403,13:06:30.287,470.937,22.867,10768.925,0.000,0.000,0.000,0.000,0.000,0.000,1.000,1.000,0.000,41.118,41.300,0.940,54.379,5.000,101.0,47.0,15.128205299377441,21.743589401245117
373.467,13:06:30.431,470.937,22.867,10768.925,0.000,0.000,0.000,0.000,0.000,0.000,1.000,1.000,0.000,41.118,41.300,0.940,54.389,5.000,101.0,47.0,15.128205299377441,21.743589401245117
373.611,13:06:30.495,470.937,22.867,10768.925,0.000,0.000,0.000,0.000,0.000,0.000,1.000,1.000,0.000,41.118,41.300,0.940,54.389,5.000,101.0,47.0,15.128205299377441,21.743589401245117
373.675,13:06:30.559,470.937,22.867,10768.925,0.000,0.000,0.000,0.000,0.000,0.000,1.000,1.000,0.000,41.118,41.300,0.940,54.389,5.000,101.0,47.0,15.128205299377441,21.743589401245117
373.739,13:06:30.703,470.927,22.867,10768.872,0.000,0.000,0.000,0.000,0.000,0.000,1.000,1.000,0.000,41.118,41.300,0.940,54.401,5.000,101.0,47.0,15.128205299377441,21.743589401245117
373.883,13:06:30.767,470.927,22.867,10768.872,0.000,0.000,0.000,0.000,0.000,0.000,1.000,1.000,0.000,41.118,41.300,0.940,54.401,5.000,101.0,47.0,15.128205299377441,21.743589401245117
373.947,13:06:31.022,470.927,22.867,10768.872,0.000,0.000,0.000,0.000,0.000,0.000,1.000,1.000,0.000,41.118,41.300,0.940,54.401,5.000,101.0,47.0,26.102563858032227,30.923076629638672
374.202,13:06:31.167,470.944,22.859,10765.362,0.000,0.000,0.000,0.000,0.000,0.000,1.000,1.000,0.000,41.118,41.300,0.940,54.384,5.000,101.0,47.0,26.102563858032227,30.923076629638672
374.346,13:06:31.230,470.944,22.859,10765.362,0.000,0.000,0.000,0.000,0.000,0.000,1.000,1.000,0.000,41.118,41.300,0.940,54.384,5.000,101.0,47.0,26.102563858032227,30.923076629638672
374.410,13:06:31.294,470.944,22.859,10765.362,0.000,0.000,0.000,0.000,0.000,0.000,1.000,1.000,0.000,41.118,41.300,0.940,54.384,5.000,101.0,47.0,26.102563858032227,30.923076629638672
374.474,13:06:31.438,470.944,22.859,10765.362,0.000,0.000,0.000,0.000,0.000,0.000,1.000,1.000,0.000,41.519,41.700,0.940,54.381,5.000,101.0,47.0,26.102563858032227,30.923076629638672
374.618,13:06:31.502,470.811,22.888,10775.949,0.000,0.000,0.000,0.000,0.000,0.000,1.000,1.000,0.000,41.519,41.700,0.940,54.381,5.000,101.0,47.0,26.102563858032227,30.923076629638672
374.682,13:06:31.566,470.811,22.888,10775.949,0.000,0.000,0.000,0.000,0.000,0.000,1.000,1.000,0.000,41.519,41.700,0.940,54.381,5.000,101.0,47.0,26.102563858032227,30.923076629638672
374.746,13:06:31.710,470.811,22.888,10775.949,0.000,0.000,0.000,0.000,0.000,0.000,1.000,1.000,0.000,41.519,41.700,0.940,54.381,5.000,101.0,47.0,26.102563858032227,30.923076629638672
374.890,13:06:31.774,470.811,22.888,10775.949,0.000,0.000,0.000,0.000,0.000,0.000,1.000,1.000,0.000,41.519,41.700,0.940,54.381,5.000,101.0,47.0,26.102563858032227,30.923076629638672
374.954,13:06:32.030,467.026,23.573,11009.074,0.000,0.000,0.000,0.000,0.000,0.000,1.000,1.000,0.000,41.519,41.700,0.940,54.381,5.000,101.0,47.0,3.538461446762085,-32.410255432128906
375.210,13:06:32.174,467.026,23.573,11009.074,0.000,0.000,0.000,0.000,0.000,0.000,1.000,1.000,0.000,41.881,41.700,0.940,54.409,5.000,101.0,47.0,3.538461446762085,-32.410255432128906
375.354,13:06:32.238,465.161,23.877,11106.746,0.000,0.000,0.000,0.000,0.000,0.000,1.000,1.000,0.000,41.881,41.700,0.940,54.409,5.000,101.0,47.0,3.538461446762085,-32.410255432128906
375.418,13:06:32.302,465.161,23.877,11106.746,0.000,0.000,0.000,0.000,0.000,0.000,1.000,1.000,0.000,41.881,41.700,0.940,54.409,5.000,101.0,47.0,3.538461446762085,-32.410255432128906
375.482,13:06:32.446,465.161,23.877,11106.746,0.000,0.000,0.000,0.000,0.000,0.000,1.000,1.000,0.000,41.880,41.700,0.940,54.429,5.000,101.0,47.0,3.538461446762085,-32.410255432128906
375.626,13:06:32.509,465.161,23.877,11106.746,0.000,0.000,0.000,0.000,0.000,0.000,1.000,1.000,0.000,41.880,41.700,0.940,54.429,5.000,101.0,47.0,3.538461446762085,-32.410255432128906
375.708,13:06:32.592,465.161,23.877,11106.746,0.000,0.000,0.000,0.000,0.000,0.000,1.000,1.000,0.000,41.880,41.700,0.940,54.429,5.000,101.0,47.0,3.538461446762085,-32.410255432128906
375.769,13:06:32.734,465.384,23.840,11094.711,0.000,0.000,0.000,0.000,0.000,0.000,1.000,1.000,0.000,41.880,41.700,0.940,54.464,5.000,101.0,47.0,3.538461446762085,-32.410255432128906
375.914,13:06:32.798,465.384,23.840,11094.711,0.000,0.000,0.000,0.000,0.000,0.000,1.000,1.000,0.000,41.880,41.700,0.940,54.464,5.000,101.0,47.0,3.538461446762085,-32.410255432128906
375.977,13:06:33.053,465.384,23.840,11094.711,0.000,0.000,0.000,0.000,0.000,0.000,1.000,1.000,0.000,41.880,41.700,0.940,54.464,5.000,101.0,47.0,30.30769157409668,34.30769348144531
376.233,13:06:33.197,468.402,23.321,10923.691,0.000,0.000,0.000,0.000,0.000,0.000,1.000,1.000,0.000,41.480,41.300,0.940,54.490,5.000,101.0,47.0,30.30769157409668,34.30769348144531
376.377,13:06:33.261,468.402,23.321,10923.691,0.000,0.000,0.000,0.000,0.000,0.000,1.000,1.000,0.000,41.480,41.300,0.940,54.490,5.000,101.0,47.0,30.30769157409668,34.30769348144531
376.441,13:06:33.325,468.402,23.321,10923.691,0.000,0.000,0.000,0.000,0.000,0.000,1.000,1.000,0.000,41.480,41.300,0.940,54.490,5.000,101.0,47.0,30.30769157409668,34.30769348144531
376.505,13:06:33.469,468.402,23.321,10923.691,0.000,0.000,0.000,0.000,0.000,0.000,1.000,1.000,0.000,41.481,41.300,0.940,54.483,5.000,101.0,47.0,30.30769157409668,34.30769348144531
376.649,13:06:33.533,469.106,23.193,10879.833,0.000,0.000,0.000,0.000,0.000,0.000,1.000,1.000,0.000,41.481,41.300,0.940,54.483,5.000,101.0,47.0,30.30769157409668,34.30769348144531
376.713,13:06:33.597,469.106,23.193,10879.833,0.000,0.000,0.000,0.000,0.000,0.000,1.000,1.000,0.000,41.481,41.300,0.940,54.483,5.000,101.0,47.0,30.30769157409668,34.30769348144531
376.777,13:06:33.741,469.106,23.193,10879.833,0.000,0.000,0.000,0.000,0.000,0.000,1.000,1.000,0.000,41.481,41.300,0.940,54.483,5.000,101.0,47.0,30.30769157409668,34.30769348144531
376.921,13:06:33.805,469.106,23.193,10879.833,0.000,0.000,0.000,0.000,0.000,0.000,1.000,1.000,0.000,41.481,41.300,0.940,54.483,5.000,101.0,47.0,30.30769157409668,34.30769348144531
376.985,13:06:34.060,469.290,23.155,10866.452,0.000,0.000,0.000,0.000,0.000,0.000,1.000,1.000,0.000,41.481,41.300,0.940,54.483,5.000,101.0,47.0,32.56410217285156,-15.743589401245117
377.241,13:06:34.205,469.290,23.155,10866.452,0.000,0.000,0.000,0.000,0.000,0.000,1.000,1.000,0.000,41.481,41.300,0.940,54.498,5.000,101.0,47.0,32.56410217285156,-15.743589401245117
377.385,13:06:34.268,471.831,22.667,10694.767,0.000,0.000,0.000,0.000,0.000,0.000,1.000,1.000,0.000,41.481,41.300,0.940,54.498,5.000,101.0,47.0,32.56410217285156,-15.743589401245117
377.448,13:06:34.332,471.831,22.667,10694.767,0.000,0.000,0.000,0.000,0.000,0.000,1.000,1.000,0.000,41.481,41.300,0.940,54.498,5.000,101.0,47.0,32.56410217285156,-15.743589401245117
377.513,13:06:34.476,471.831,22.667,10694.767,0.000,0.000,0.000,0.000,0.000,0.000,1.000,1.000,0.000,41.118,41.300,0.940,54.495,5.000,101.0,47.0,32.56410217285156,-15.743589401245117
377.656,13:06:34.540,471.831,22.667,10694.767,0.000,0.000,0.000,0.000,0.000,0.000,1.000,1.000,0.000,41.118,41.300,0.940,54.495,5.000,101.0,47.0,32.56410217285156,-15.743589401245117
377.720,13:06:34.604,471.831,22.667,10694.767,0.000,0.000,0.000,0.000,0.000,0.000,1.000,1.000,0.000,41.118,41.300,0.940,54.495,5.000,101.0,47.0,32.56410217285156,-15.743589401245117
377.784,13:06:34.748,469.430,23.116,10851.228,0.000,0.000,0.000,0.000,0.000,0.000,1.000,1.000,0.000,41.519,41.700,0.940,54.529,5.000,101.0,47.0,32.56410217285156,-15.743589401245117
377.928,13:06:34.812,469.430,23.116,10851.228,0.000,0.000,0.000,0.000,0.000,0.000,1.000,1.000,0.000,41.519,41.700,0.940,54.529,5.000,101.0,47.0,32.56410217285156,-15.743589401245117
377.992,13:06:35.361,469.430,23.116,10851.228,0.000,0.000,0.000,0.000,0.000,0.000,1.000,1.000,0.000,41.519,41.700,0.940,54.529,5.000,101.0,47.0,-7.692307472229004,
378.536,13:06:35.500,465.761,23.766,11069.388,0.000,0.000,0.000,0.000,0.000,0.000,1.000,1.000,0.000,42.281,42.100,0.940,54.528,5.000,101.0,47.0,-7.692307472229004,
378.680,13:06:35.564,461.158,24.473,11286.139,0.000,0.000,0.000,0.000,0.000,0.000,1.000,1.000,0.000,42.281,42.100,0.940,54.528,5.000,101.0,47.0,-7.692307472229004,
378.744,13:06:35.628,461.158,24.473,11286.139,0.000,0.000,0.000,0.000,0.000,0.000,1.000,1.000,0.000,42.281,42.100,0.940,54.528,5.000,101.0,47.0,-7.692307472229004,
378.808,13:06:35.772,461.158,24.473,11286.139,0.000,0.000,0.000,0.000,0.000,0.000,1.000,1.000,0.000,42.281,42.100,0.940,54.528,5.000,101.0,47.0,-7.692307472229004,
378.951,13:06:35.835,461.158,24.473,11286.139,0.000,0.000,0.000,0.000,0.000,0.000,1.000,1.000,0.000,42.281,42.100,0.940,54.528,5.000,101.0,47.0,-7.692307472229004,
379.016,13:06:36.091,455.639,25.247,11503.316,0.000,0.000,0.000,0.000,0.000,0.000,1.000,1.000,0.000,42.281,42.100,0.940,54.528,5.000,101.0,47.0,29.58974266052246,-33.589744567871094
379.271,13:06:36.235,455.639,25.247,11503.316,0.000,0.000,0.000,0.000,0.000,0.000,1.000,1.000,0.000,42.680,42.500,0.940,54.582,5.000,101.0,47.0,29.58974266052246,-33.589744567871094
379.415,13:06:36.299,463.296,24.176,11200.477,0.000,0.000,0.000,0.000,0.000,0.000,1.000,1.000,0.000,42.680,42.500,0.940,54.582,5.000,101.0,47.0,29.58974266052246,-33.589744567871094
379.479,13:06:36.363,463.296,24.176,11200.477,0.000,0.000,0.000,0.000,0.000,0.000,1.000,1.000,0.000,42.680,42.500,0.940,54.582,5.000,101.0,47.0,29.58974266052246,-33.589744567871094
379.543,13:06:36.507,463.296,24.176,11200.477,0.000,0.000,0.000,0.000,0.000,0.000,1.000,1.000,0.000,41.881,41.700,0.940,54.625,5.000,101.0,47.0,29.58974266052246,-33.589744567871094
379.687,13:06:36.571,463.296,24.176,11200.477,0.000,0.000,0.000,0.000,0.000,0.000,1.000,1.000,0.000,41.881,41.700,0.940,54.625,5.000,101.0,47.0,29.58974266052246,-33.589744567871094
379.751,13:06:36.635,463.296,24.176,11200.477,0.000,0.000,0.000,0.000,0.000,0.000,1.000,1.000,0.000,41.881,41.700,0.940,54.625,5.000,101.0,47.0,29.58974266052246,-33.589744567871094
379.815,13:06:36.779,467.461,23.472,10972.457,0.000,0.000,0.000,0.000,0.000,0.000,1.000,1.000,0.000,41.481,41.300,0.940,54.639,5.000,101.0,47.0,29.58974266052246,-33.589744567871094
379.959,13:06:36.843,467.461,23.472,10972.457,0.000,0.000,0.000,0.000,0.000,0.000,1.000,1.000,0.000,41.481,41.300,0.940,54.639,5.000,101.0,47.0,29.58974266052246,-33.589744567871094
380.023,13:06:37.099,467.461,23.472,10972.457,0.000,0.000,0.000,0.000,0.000,0.000,1.000,1.000,0.000,41.481,41.300,0.940,54.639,5.000,101.0,47.0,23.94871711730957,34.46154022216797
380.279,13:06:37.243,465.842,23.739,11058.761,0.000,0.000,0.000,0.000,0.000,0.000,1.000,1.000,0.000,41.881,41.700,0.940,54.672,5.000,101.0,47.0,23.94871711730957,34.46154022216797
380.423,13:06:37.306,465.842,23.739,11058.761,0.000,0.000,0.000,0.000,0.000,0.000,1.000,1.000,0.000,41.881,41.700,0.940,54.672,5.000,101.0,47.0,23.94871711730957,34.46154022216797
380.487,13:06:37.370,465.842,23.739,11058.761,0.000,0.000,0.000,0.000,0.000,0.000,1.000,1.000,0.000,41.881,41.700,0.940,54.672,5.000,101.0,47.0,23.94871711730957,34.46154022216797
380.551,13:06:37.514,465.842,23.739,11058.761,0.000,0.000,0.000,0.000,0.000,0.000,1.000,1.000,0.000,41.881,41.700,0.940,54.672,5.000,101.0,47.0,23.94871711730957,34.46154022216797
380.695,13:06:37.578,467.538,23.454,10965.769,0.000,0.000,0.000,0.000,0.000,0.000,1.000,1.000,0.000,41.881,41.700,0.940,54.672,5.000,101.0,47.0,23.94871711730957,34.46154022216797
380.758,13:06:37.642,467.538,23.454,10965.769,0.000,0.000,0.000,0.000,0.000,0.000,1.000,1.000,0.000,41.881,41.700,0.940,54.672,5.000,101.0,47.0,23.94871711730957,34.46154022216797
380.823,13:06:37.786,467.538,23.454,10965.769,0.000,0.000,0.000,0.000,0.000,0.000,1.000,1.000,0.000,41.481,41.300,0.940,54.659,5.000,101.0,47.0,23.94871711730957,34.46154022216797
380.966,13:06:37.850,467.538,23.454,10965.769,0.000,0.000,0.000,0.000,0.000,0.000,1.000,1.000,0.000,41.481,41.300,0.940,54.659,5.000,101.0,47.0,23.94871711730957,34.46154022216797
381.030,13:06:38.106,465.869,23.716,11048.399,0.000,0.000,0.000,0.000,0.000,0.000,1.000,1.000,0.000,41.481,41.300,0.940,54.659,5.000,101.0,47.0,22.923076629638672,-36.512821197509766
381.286,13:06:38.250,465.869,23.716,11048.399,0.000,0.000,0.000,0.000,0.000,0.000,1.000,1.000,0.000,41.919,42.100,0.940,54.672,5.000,101.0,47.0,22.923076629638672,-36.512821197509766
381.430,13:06:38.314,465.869,23.716,11048.399,0.000,0.000,0.000,0.000,0.000,0.000,1.000,1.000,0.000,41.919,42.100,0.940,54.672,5.000,101.0,47.0,22.923076629638672,-36.512821197509766
381.494,13:06:38.378,467.341,23.451,10959.578,0.000,0.000,0.000,0.000,0.000,0.000,1.000,1.000,0.000,41.919,42.100,0.940,54.672,5.000,101.0,47.0,22.923076629638672,-36.512821197509766
381.558,13:06:38.522,467.341,23.451,10959.578,0.000,0.000,0.000,0.000,0.000,0.000,1.000,1.000,0.000,41.481,41.300,0.940,54.701,5.000,101.0,47.0,22.923076629638672,-36.512821197509766
381.702,13:06:38.586,467.341,23.451,10959.578,0.000,0.000,0.000,0.000,0.000,0.000,1.000,1.000,0.000,41.481,41.300,0.940,54.701,5.000,101.0,47.0,22.923076629638672,-36.512821197509766
381.766,13:06:38.650,467.341,23.451,10959.578,0.000,0.000,0.000,0.000,0.000,0.000,1.000,1.000,0.000,41.481,41.300,0.940,54.701,5.000,101.0,47.0,22.923076629638672,-36.512821197509766
381.830,13:06:38.794,467.341,23.451,10959.578,0.000,0.000,0.000,0.000,0.000,0.000,1.000,1.000,0.000,41.919,42.100,0.940,54.682,5.000,101.0,47.0,22.923076629638672,-36.512821197509766
381.974,13:06:38.857,465.844,23.683,11032.497,0.000,0.000,0.000,0.000,0.000,0.000,1.000,1.000,0.000,41.919,42.100,0.940,54.682,5.000,101.0,47.0,22.923076629638672,-36.512821197509766
382.038,13:06:39.113,465.844,23.683,11032.497,0.000,0.000,0.000,0.000,0.000,0.000,1.000,1.000,0.000,41.919,42.100,0.940,54.682,5.000,101.0,47.0,1.4871795177459717,32.0
382.293,13:06:39.257,466.834,23.509,10974.641,0.000,0.000,0.000,0.000,0.000,0.000,1.000,1.000,0.000,41.481,41.300,0.940,54.679,5.000,101.0,47.0,1.4871795177459717,32.0
382.437,13:06:39.321,466.834,23.509,10974.641,0.000,0.000,0.000,0.000,0.000,0.000,1.000,1.000,0.000,41.481,41.300,0.940,54.679,5.000,101.0,47.0,1.4871795177459717,32.0
382.501,13:06:39.385,466.834,23.509,10974.641,0.000,0.000,0.000,0.000,0.000,0.000,1.000,1.000,0.000,41.481,41.300,0.940,54.679,5.000,101.0,47.0,1.4871795177459717,32.0
382.565,13:06:39.530,466.834,23.509,10974.641,0.000,0.000,0.000,0.000,0.000,0.000,1.000,1.000,0.000,41.481,41.300,0.940,54.679,5.000,101.0,47.0,1.4871795177459717,32.0
382.709,13:06:39.593,470.500,22.821,10737.174,0.000,0.000,0.000,0.000,0.000,0.000,1.000,1.000,0.000,41.481,41.300,0.940,54.679,5.000,101.0,47.0,1.4871795177459717,32.0
382.773,13:06:39.657,470.500,22.821,10737.174,0.000,0.000,0.000,0.000,0.000,0.000,1.000,1.000,0.000,41.481,41.300,0.940,54.679,5.000,101.0,47.0,1.4871795177459717,32.0
382.837,13:06:39.801,470.500,22.821,10737.174,0.000,0.000,0.000,0.000,0.000,0.000,1.000,1.000,0.000,41.118,41.300,0.940,54.711,5.000,101.0,47.0,1.4871795177459717,32.0
382.981,13:06:39.865,470.500,22.821,10737.174,0.000,0.000,0.000,0.000,0.000,0.000,1.000,1.000,0.000,41.118,41.300,0.940,54.711,5.000,101.0,47.0,1.4871795177459717,32.0
383.045,13:06:40.121,470.500,22.821,10737.174,0.000,0.000,0.000,0.000,0.000,0.000,1.000,1.000,0.000,41.118,41.300,0.940,54.711,5.000,101.0,47.0,35.43589782714844,-10.820512771606445
383.301,13:06:40.265,465.814,23.630,11007.350,0.000,0.000,0.000,0.000,0.000,0.000,1.000,1.000,0.000,41.881,41.700,0.940,54.711,5.000,101.0,47.0,35.43589782714844,-10.820512771606445
383.445,13:06:40.329,465.814,23.630,11007.350,0.000,0.000,0.000,0.000,0.000,0.000,1.000,1.000,0.000,41.881,41.700,0.940,54.711,5.000,101.0,47.0,35.43589782714844,-10.820512771606445
383.509,13:06:40.393,469.497,22.985,10791.330,0.000,0.000,0.000,0.000,0.000,0.000,1.000,1.000,0.000,41.881,41.700,0.940,54.711,5.000,101.0,47.0,35.43589782714844,-10.820512771606445
383.573,13:06:40.537,469.497,22.985,10791.330,0.000,0.000,0.000,0.000,0.000,0.000,1.000,1.000,0.000,41.519,41.700,0.940,54.724,5.000,101.0,47.0,35.43589782714844,-10.820512771606445
383.717,13:06:40.600,469.497,22.985,10791.330,0.000,0.000,0.000,0.000,0.000,0.000,1.000,1.000,0.000,41.519,41.700,0.940,54.724,5.000,101.0,47.0,35.43589782714844,-10.820512771606445
383.781,13:06:40.665,469.497,22.985,10791.330,0.000,0.000,0.000,0.000,0.000,0.000,1.000,1.000,0.000,41.519,41.700,0.940,54.724,5.000,101.0,47.0,35.43589782714844,-10.820512771606445
383.844,13:06:40.808,469.497,22.985,10791.330,0.000,0.000,0.000,0.000,0.000,0.000,1.000,1.000,0.000,41.481,41.300,0.940,54.706,5.000,101.0,47.0,35.43589782714844,-10.820512771606445
383.988,13:06:40.872,466.780,23.477,10958.804,0.000,0.000,0.000,0.000,0.000,0.000,1.000,1.000,0.000,41.481,41.300,0.940,54.706,5.000,101.0,47.0,35.43589782714844,-10.820512771606445
384.052,13:06:41.128,466.780,23.477,10958.804,0.000,0.000,0.000,0.000,0.000,0.000,1.000,1.000,0.000,41.481,41.300,0.940,54.706,5.000,101.0,47.0,-34.92307662963867,11.230769157409668
384.308,13:06:41.272,469.179,23.058,10818.461,0.000,0.000,0.000,0.000,0.000,0.000,1.000,1.000,0.000,41.519,41.700,0.940,54.695,5.000,101.0,47.0,-34.92307662963867,11.230769157409668
384.452,13:06:41.336,469.179,23.058,10818.461,0.000,0.000,0.000,0.000,0.000,0.000,1.000,1.000,0.000,41.519,41.700,0.940,54.695,5.000,101.0,47.0,-34.92307662963867,11.230769157409668
384.516,13:06:41.400,469.179,23.058,10818.461,0.000,0.000,0.000,0.000,0.000,0.000,1.000,1.000,0.000,41.519,41.700,0.940,54.695,5.000,101.0,47.0,-34.92307662963867,11.230769157409668
384.580,13:06:41.544,469.179,23.058,10818.461,0.000,0.000,0.000,0.000,0.000,0.000,1.000,1.000,0.000,41.519,41.700,0.940,54.695,5.000,101.0,47.0,-34.92307662963867,11.230769157409668
384.724,13:06:41.608,466.345,23.568,10990.938,0.000,0.000,0.000,0.000,0.000,0.000,1.000,1.000,0.000,41.519,41.700,0.940,54.695,5.000,101.0,47.0,-34.92307662963867,11.230769157409668
384.788,13:06:41.672,466.345,23.568,10990.938,0.000,0.000,0.000,0.000,0.000,0.000,1.000,1.000,0.000,41.519,41.700,0.940,54.695,5.000,101.0,47.0,-34.92307662963867,11.230769157409668
384.852,13:06:41.816,466.345,23.568,10990.938,0.000,0.000,0.000,0.000,0.000,0.000,1.000,1.000,0.000,41.481,41.300,0.940,54.697,5.000,101.0,47.0,-34.92307662963867,11.230769157409668
384.996,13:06:41.880,466.345,23.568,10990.938,0.000,0.000,0.000,0.000,0.000,0.000,1.000,1.000,0.000,41.481,41.300,0.940,54.697,5.000,101.0,47.0,-34.92307662963867,11.230769157409668
385.060,13:06:42.136,466.345,23.568,10990.938,0.000,0.000,0.000,0.000,0.000,0.000,1.000,1.000,0.000,41.481,41.300,0.940,54.697,5.000,101.0,47.0,-32.20512771606445,24.35897445678711
385.316,13:06:42.280,469.885,22.935,10776.926,0.000,0.000,0.000,0.000,0.000,0.000,1.000,1.000,0.000,41.519,41.700,0.940,54.690,5.000,101.0,47.0,-32.20512771606445,24.35897445678711
385.460,13:06:42.343,469.885,22.935,10776.926,0.000,0.000,0.000,0.000,0.000,0.000,1.000,1.000,0.000,41.519,41.700,0.940,54.690,5.000,101.0,47.0,-32.20512771606445,24.35897445678711
385.524,13:06:42.408,470.294,22.878,10759.601,0.000,0.000,0.000,0.000,0.000,0.000,1.000,1.000,0.000,41.519,41.700,0.940,54.690,5.000,101.0,47.0,-32.20512771606445,24.35897445678711
385.587,13:06:42.551,470.294,22.878,10759.601,0.000,0.000,0.000,0.000,0.000,0.000,1.000,1.000,0.000,41.519,41.700,0.940,54.738,5.000,101.0,47.0,-32.20512771606445,24.35897445678711
385.731,13:06:42.615,470.294,22.878,10759.601,0.000,0.000,0.000,0.000,0.000,0.000,1.000,1.000,0.000,41.519,41.700,0.940,54.738,5.000,101.0,47.0,-32.20512771606445,24.35897445678711
385.795,13:06:42.679,470.294,22.878,10759.601,0.000,0.000,0.000,0.000,0.000,0.000,1.000,1.000,0.000,41.519,41.700,0.940,54.738,5.000,101.0,47.0,-32.20512771606445,24.35897445678711
385.859,13:06:42.823,470.294,22.878,10759.601,0.000,0.000,0.000,0.000,0.000,0.000,1.000,1.000,0.000,41.519,41.700,0.940,54.714,5.000,101.0,47.0,-32.20512771606445,24.35897445678711
386.003,13:06:42.887,470.173,22.907,10770.156,0.000,0.000,0.000,0.000,0.000,0.000,1.000,1.000,0.000,41.519,41.700,0.940,54.714,5.000,101.0,47.0,-32.20512771606445,24.35897445678711
386.067,13:06:43.143,470.173,22.907,10770.156,0.000,0.000,0.000,0.000,0.000,0.000,1.000,1.000,0.000,41.519,41.700,0.940,54.714,5.000,101.0,47.0,31.384614944458008,-11.076923370361328
386.323,13:06:43.287,470.451,22.871,10759.789,0.000,0.000,0.000,0.000,0.000,0.000,1.000,1.000,0.000,41.519,41.700,0.940,54.707,5.000,101.0,47.0,31.384614944458008,-11.076923370361328
386.467,13:06:43.351,470.451,22.871,10759.789,0.000,0.000,0.000,0.000,0.000,0.000,1.000,1.000,0.000,41.519,41.700,0.940,54.707,5.000,101.0,47.0,31.384614944458008,-11.076923370361328
386.531,13:06:43.415,470.451,22.871,10759.789,0.000,0.000,0.000,0.000,0.000,0.000,1.000,1.000,0.000,41.519,41.700,0.940,54.707,5.000,101.0,47.0,31.384614944458008,-11.076923370361328
386.595,13:06:43.559,470.451,22.871,10759.789,0.000,0.000,0.000,0.000,0.000,0.000,1.000,1.000,0.000,41.519,41.700,0.940,54.707,5.000,101.0,47.0,31.384614944458008,-11.076923370361328
386.739,13:06:43.623,470.476,22.871,10760.467,0.000,0.000,0.000,0.000,0.000,0.000,1.000,1.000,0.000,41.519,41.700,0.940,54.707,5.000,101.0,47.0,31.384614944458008,-11.076923370361328
386.803,13:06:43.687,470.476,22.871,10760.467,0.000,0.000,0.000,0.000,0.000,0.000,1.000,1.000,0.000,41.519,41.700,0.940,54.707,5.000,101.0,47.0,31.384614944458008,-11.076923370361328
386.867,13:06:43.831,470.476,22.871,10760.467,0.000,0.000,0.000,0.000,0.000,0.000,1.000,1.000,0.000,41.519,41.700,0.940,54.732,5.000,101.0,47.0,31.384614944458008,-11.076923370361328
387.011,13:06:43.894,470.476,22.871,10760.467,0.000,0.000,0.000,0.000,0.000,0.000,1.000,1.000,0.000,41.519,41.700,0.940,54.732,5.000,101.0,47.0,31.384614944458008,-11.076923370361328
387.075,13:06:44.150,470.476,22.871,10760.467,0.000,0.000,0.000,0.000,0.000,0.000,1.000,1.000,0.000,41.519,41.700,0.940,54.732,5.000,101.0,47.0,28.256410598754883,-39.230770111083984
387.330,13:06:44.294,469.052,23.133,10850.433,0.000,0.000,0.000,0.000,0.000,0.000,1.000,1.000,0.000,41.519,41.700,0.940,54.735,5.000,101.0,47.0,28.256410598754883,-39.230770111083984
387.474,13:06:44.358,469.052,23.133,10850.433,0.000,0.000,0.000,0.000,0.000,0.000,1.000,1.000,0.000,41.519,41.700,0.940,54.735,5.000,101.0,47.0,28.256410598754883,-39.230770111083984
387.538,13:06:44.422,469.148,23.119,10846.430,0.000,0.000,0.000,0.000,0.000,0.000,1.000,1.000,0.000,41.519,41.700,0.940,54.735,5.000,101.0,47.0,28.256410598754883,-39.230770111083984
387.602,13:06:44.566,469.148,23.119,10846.430,0.000,0.000,0.000,0.000,0.000,0.000,1.000,1.000,0.000,41.519,41.700,0.940,54.718,5.000,101.0,47.0,28.256410598754883,-39.230770111083984
387.746,13:06:44.630,469.148,23.119,10846.430,0.000,0.000,0.000,0.000,0.000,0.000,1.000,1.000,0.000,41.519,41.700,0.940,54.718,5.000,101.0,47.0,28.256410598754883,-39.230770111083984
387.810,13:06:44.694,469.148,23.119,10846.430,0.000,0.000,0.000,0.000,0.000,0.000,1.000,1.000,0.000,41.519,41.700,0.940,54.718,5.000,101.0,47.0,28.256410598754883,-39.230770111083984
387.874,13:06:44.838,469.148,23.119,10846.430,0.000,0.000,0.000,0.000,0.000,0.000,1.000,1.000,0.000,41.519,41.700,0.940,54.730,5.000,101.0,47.0,28.256410598754883,-39.230770111083984
388.018,13:06:44.902,469.257,23.100,10839.808,0.000,0.000,0.000,0.000,0.000,0.000,1.000,1.000,0.000,41.519,41.700,0.940,54.730,5.000,101.0,47.0,28.256410598754883,-39.230770111083984
388.418,13:06:45.573,469.325,23.091,10837.064,0.000,0.000,0.000,0.000,0.000,0.000,1.000,1.000,0.000,41.481,41.300,0.940,54.749,5.000,101.0,47.0,4.974359035491943,-31.384614944458008
388.754,13:06:45.717,469.260,23.092,10836.354,0.000,0.000,0.000,0.000,0.000,0.000,1.000,1.000,0.000,41.519,41.700,0.940,54.726,5.000,101.0,47.0,4.974359035491943,-31.384614944458008
388.897,13:06:45.781,469.260,23.092,10836.354,0.000,0.000,0.000,0.000,0.000,0.000,1.000,1.000,0.000,41.519,41.700,0.940,54.726,5.000,101.0,47.0,4.974359035491943,-31.384614944458008
388.961,13:06:45.845,469.260,23.092,10836.354,0.000,0.000,0.000,0.000,0.000,0.000,1.000,1.000,0.000,41.519,41.700,0.940,54.726,5.000,101.0,47.0,4.974359035491943,-31.384614944458008
389.025,13:06:45.989,469.260,23.092,10836.354,0.000,0.000,0.000,0.000,0.000,0.000,1.000,1.000,0.000,41.519,41.700,0.940,54.726,5.000,101.0,47.0,4.974359035491943,-31.384614944458008
389.169,13:06:46.053,468.237,23.279,10900.313,0.000,0.000,0.000,0.000,0.000,0.000,1.000,1.000,0.000,41.519,41.700,0.940,54.726,5.000,101.0,47.0,4.974359035491943,-31.384614944458008
389.233,13:06:46.117,468.237,23.279,10900.313,0.000,0.000,0.000,0.000,0.000,0.000,1.000,1.000,0.000,41.519,41.700,0.940,54.726,5.000,101.0,47.0,4.974359035491943,-31.384614944458008
389.297,13:06:46.261,468.237,23.279,10900.313,0.000,0.000,0.000,0.000,0.000,0.000,1.000,1.000,0.000,41.481,41.300,0.940,54.717,5.000,101.0,47.0,4.974359035491943,-31.384614944458008
389.441,13:06:46.517,468.237,23.279,10900.313,0.000,0.000,0.000,0.000,0.000,0.000,1.000,1.000,0.000,41.481,41.300,0.940,54.717,5.000,101.0,47.0,-19.076923370361328,-12.51282024383545
389.697,13:06:46.661,469.359,23.079,10832.112,0.000,0.000,0.000,0.000,0.000,0.000,1.000,1.000,0.000,41.519,41.700,0.940,54.739,5.000,101.0,47.0,-19.076923370361328,-12.51282024383545
389.841,13:06:46.725,469.359,23.079,10832.112,0.000,0.000,0.000,0.000,0.000,0.000,1.000,1.000,0.000,41.519,41.700,0.940,54.739,5.000,101.0,47.0,-19.076923370361328,-12.51282024383545
389.905,13:06:46.789,469.359,23.079,10832.112,0.000,0.000,0.000,0.000,0.000,0.000,1.000,1.000,0.000,41.519,41.700,0.940,54.739,5.000,101.0,47.0,-19.076923370361328,-12.51282024383545
389.969,13:06:46.933,469.359,23.079,10832.112,0.000,0.000,0.000,0.000,0.000,0.000,1.000,1.000,0.000,41.519,41.700,0.940,54.738,5.000,101.0,47.0,-19.076923370361328,-12.51282024383545
390.113,13:06:46.997,468.249,23.288,10904.494,0.000,0.000,0.000,0.000,0.000,0.000,1.000,1.000,0.000,41.519,41.700,0.940,54.738,5.000,101.0,47.0,-19.076923370361328,-12.51282024383545
390.177,13:06:47.061,468.249,23.288,10904.494,0.000,0.000,0.000,0.000,0.000,0.000,1.000,1.000,0.000,41.519,41.700,0.940,54.738,5.000,101.0,47.0,-19.076923370361328,-12.51282024383545
390.241,13:06:47.205,468.249,23.288,10904.494,0.000,0.000,0.000,0.000,0.000,0.000,1.000,1.000,0.000,41.519,41.700,0.940,54.738,5.000,101.0,47.0,-19.076923370361328,-12.51282024383545
390.384,13:06:47.268,467.980,23.337,10921.375,0.000,0.000,0.000,0.000,0.000,0.000,1.000,1.000,0.000,41.519,41.700,0.940,54.738,5.000,101.0,47.0,-19.076923370361328,-12.51282024383545
390.448,13:06:47.524,467.980,23.337,10921.375,0.000,0.000,0.000,0.000,0.000,0.000,1.000,1.000,0.000,41.519,41.700,0.940,54.738,5.000,101.0,47.0,25.487178802490234,6.051281929016113
390.704,13:06:47.668,467.980,23.337,10921.375,0.000,0.000,0.000,0.000,0.000,0.000,1.000,1.000,0.000,41.519,41.700,0.940,54.744,5.000,101.0,47.0,25.487178802490234,6.051281929016113
390.848,13:06:47.732,465.916,23.691,11038.040,0.000,0.000,0.000,0.000,0.000,0.000,1.000,1.000,0.000,41.519,41.700,0.940,54.744,5.000,101.0,47.0,25.487178802490234,6.051281929016113
390.912,13:06:47.796,465.916,23.691,11038.040,0.000,0.000,0.000,0.000,0.000,0.000,1.000,1.000,0.000,41.519,41.700,0.940,54.744,5.000,101.0,47.0,25.487178802490234,6.051281929016113
390.976,13:06:47.940,465.916,23.691,11038.040,0.000,0.000,0.000,0.000,0.000,0.000,1.000,1.000,0.000,41.881,41.700,0.940,54.781,5.000,101.0,47.0,25.487178802490234,6.051281929016113
391.120,13:06:48.004,465.916,23.691,11038.040,0.000,0.000,0.000,0.000,0.000,0.000,1.000,1.000,0.000,41.881,41.700,0.940,54.781,5.000,101.0,47.0,25.487178802490234,6.051281929016113
391.184,13:06:48.068,465.916,23.691,11038.040,0.000,0.000,0.000,0.000,0.000,0.000,1.000,1.000,0.000,41.881,41.700,0.940,54.781,5.000,101.0,47.0,25.487178802490234,6.051281929016113
391.248,13:06:48.212,469.672,23.031,10817.177,0.000,0.000,0.000,0.000,0.000,0.000,1.000,1.000,0.000,41.481,41.300,0.940,54.766,5.000,101.0,47.0,25.487178802490234,6.051281929016113
391.392,13:06:48.276,469.672,23.031,10817.177,0.000,0.000,0.000,0.000,0.000,0.000,1.000,1.000,0.000,41.481,41.300,0.940,54.766,5.000,101.0,47.0,25.487178802490234,6.051281929016113
391.464,13:06:48.548,469.672,23.031,10817.177,0.000,0.000,0.000,0.000,0.000,0.000,1.000,1.000,0.000,41.481,41.300,0.940,54.766,5.000,101.0,47.0,32.82051467895508,-12.717948913574219
391.728,13:06:48.691,473.093,22.383,10589.236,0.000,0.000,0.000,0.000,0.000,0.000,1.000,1.000,0.000,41.118,41.300,0.940,54.773,5.000,101.0,47.0,32.82051467895508,-12.717948913574219
391.872,13:06:48.756,473.093,22.383,10589.236,0.000,0.000,0.000,0.000,0.000,0.000,1.000,1.000,0.000,41.118,41.300,0.940,54.773,5.000,101.0,47.0,32.82051467895508,-12.717948913574219
391.935,13:06:48.819,473.093,22.383,10589.236,0.000,0.000,0.000,0.000,0.000,0.000,1.000,1.000,0.000,41.118,41.300,0.940,54.773,5.000,101.0,47.0,32.82051467895508,-12.717948913574219
391.999,13:06:48.963,473.093,22.383,10589.236,0.000,0.000,0.000,0.000,0.000,0.000,1.000,1.000,0.000,41.519,41.700,0.940,54.748,5.000,101.0,47.0,32.82051467895508,-12.717948913574219
392.143,13:06:49.027,470.032,22.969,10796.025,0.000,0.000,0.000,0.000,0.000,0.000,1.000,1.000,0.000,41.519,41.700,0.940,54.748,5.000,101.0,47.0,32.82051467895508,-12.717948913574219
