t_s,clock,VDC,IDC,PDC,VG_A,VG_B,VG_C,IINV_A,IINV_B,IINV_C,STS,MODE,FAULT_FLAGS,FREQ,SET_FREQ,MOD_IDX,TEMP,STOP_REASON,ADC_B_RAW,ADC_B_OFS,XSPARE5,FAULT_UV_CNT
0.063,13:14:44.490,446.994,10.461,4676.200,0.000,0.000,0.000,0.000,0.000,0.000,1.000,1.000,0.000,30.018,29.837,0.739,52.991,5.000,0.10000000149011612,371.8241882324219,399.0,103.0
0.399,13:14:44.634,450.100,10.103,4547.546,0.000,0.000,0.000,0.000,0.000,0.000,1.000,1.000,0.000,29.656,29.837,0.725,52.994,5.000,0.10000000149011612,371.8241882324219,399.0,103.0
0.543,13:14:44.699,450.100,10.103,4547.546,0.000,0.000,0.000,0.000,0.000,0.000,1.000,1.000,0.000,29.656,29.837,0.725,52.994,5.000,0.10000000149011612,371.8241882324219,399.0,103.0
0.607,13:14:44.763,450.100,10.103,4547.546,0.000,0.000,0.000,0.000,0.000,0.000,1.000,1.000,0.000,29.656,29.837,0.725,52.994,5.000,0.10000000149011612,371.8241882324219,399.0,103.0
0.671,13:14:44.906,450.100,10.103,4547.546,0.000,0.000,0.000,0.000,0.000,0.000,1.000,1.000,1.000,30.017,29.837,0.741,53.002,5.000,0.10000000149011612,371.8241882324219,399.0,103.0
0.814,13:14:44.970,445.390,10.642,4739.919,0.000,0.000,0.000,0.000,0.000,0.000,1.000,1.000,1.000,30.017,29.837,0.741,53.002,5.000,0.10000000149011612,371.8241882324219,399.0,103.0
0.879,13:14:45.034,445.390,10.642,4739.919,0.000,0.000,0.000,0.000,0.000,0.000,1.000,1.000,1.000,30.017,29.837,0.741,53.002,5.000,0.10000000149011612,371.8241882324219,399.0,103.0
0.943,13:14:45.178,445.390,10.642,4739.919,0.000,0.000,0.000,0.000,0.000,0.000,1.000,1.000,1.000,30.017,29.837,0.741,53.002,5.000,0.10000000149011612,371.8241882324219,399.0,103.0
1.086,13:14:45.434,445.390,10.642,4739.919,0.000,0.000,0.000,0.000,0.000,0.000,1.000,1.000,1.000,30.017,29.837,0.741,53.002,5.000,0.10000000149011612,371.8241882324219,399.0,103.0
1.343,13:14:45.579,448.710,10.271,4608.786,0.000,0.000,0.000,0.000,0.000,0.000,1.000,1.000,0.000,29.618,29.437,0.726,52.945,5.000,0.10000000149011612,371.8241882324219,399.0,103.0
1.486,13:14:45.641,448.710,10.271,4608.786,0.000,0.000,0.000,0.000,0.000,0.000,1.000,1.000,0.000,29.618,29.437,0.726,52.945,5.000,0.10000000149011612,371.8241882324219,399.0,103.0
1.550,13:14:45.705,447.135,10.449,4672.288,0.000,0.000,0.000,0.000,0.000,0.000,1.000,1.000,0.000,29.618,29.437,0.726,52.945,5.000,0.10000000149011612,371.8241882324219,399.0,103.0
1.614,13:14:45.850,447.135,10.449,4672.288,0.000,0.000,0.000,0.000,0.000,0.000,1.000,1.000,0.000,30.018,29.837,0.738,52.908,5.000,0.10000000149011612,371.8241882324219,399.0,103.0
1.758,13:14:45.913,447.135,10.449,4672.288,0.000,0.000,0.000,0.000,0.000,0.000,1.000,1.000,0.000,30.018,29.837,0.738,52.908,5.000,0.10000000149011612,371.8241882324219,399.0,103.0
1.822,13:14:45.977,447.135,10.449,4672.288,0.000,0.000,0.000,0.000,0.000,0.000,1.000,1.000,0.000,30.018,29.837,0.738,52.908,5.000,0.10000000149011612,371.8241882324219,399.0,103.0
1.885,13:14:46.122,447.135,10.449,4672.288,0.000,0.000,0.000,0.000,0.000,0.000,1.000,1.000,0.000,30.018,29.837,0.738,52.923,5.000,0.10000000149011612,371.8241882324219,399.0,103.0
2.031,13:14:46.186,447.571,10.405,4657.149,0.000,0.000,0.000,0.000,0.000,0.000,1.000,1.000,0.000,30.018,29.837,0.738,52.923,5.000,0.10000000149011612,371.8241882324219,399.0,103.0
2.093,13:14:46.441,447.571,10.405,4657.149,0.000,0.000,0.000,0.000,0.000,0.000,1.000,1.000,0.000,30.018,29.837,0.738,52.923,5.000,0.10000000149011612,371.8241882324219,399.0,103.0
2.349,13:14:46.585,448.896,10.254,4602.885,0.000,0.000,0.000,0.000,0.000,0.000,1.000,1.000,0.000,29.656,29.837,0.727,52.884,5.000,0.10000000149011612,371.8241882324219,399.0,103.0
2.494,13:14:46.649,448.896,10.254,4602.885,0.000,0.000,0.000,0.000,0.000,0.000,1.000,1.000,0.000,29.656,29.837,0.727,52.884,5.000,0.10000000149011612,371.8241882324219,399.0,103.0
2.558,13:14:46.714,448.896,10.254,4602.885,0.000,0.000,0.000,0.000,0.000,0.000,1.000,1.000,0.000,29.656,29.837,0.727,52.884,5.000,0.10000000149011612,371.8241882324219,399.0,103.0
2.622,13:14:46.857,448.896,10.254,4602.885,0.000,0.000,0.000,0.000,0.000,0.000,1.000,1.000,0.000,29.656,29.837,0.727,52.884,5.000,0.10000000149011612,371.8241882324219,399.0,103.0
2.765,13:14:46.920,448.503,10.306,4622.283,0.000,0.000,0.000,0.000,0.000,0.000,1.000,1.000,0.000,29.656,29.837,0.727,52.884,5.000,0.10000000149011612,371.8241882324219,399.0,103.0
2.830,13:14:46.985,448.503,10.306,4622.283,0.000,0.000,0.000,0.000,0.000,0.000,1.000,1.000,0.000,29.656,29.837,0.727,52.884,5.000,0.10000000149011612,371.8241882324219,399.0,103.0
2.893,13:14:47.129,448.503,10.306,4622.283,0.000,0.000,0.000,0.000,0.000,0.000,1.000,1.000,0.000,29.657,29.837,0.727,52.860,5.000,0.10000000149011612,371.8241882324219,399.0,103.0
3.037,13:14:47.192,448.503,10.306,4622.283,0.000,0.000,0.000,0.000,0.000,0.000,1.000,1.000,0.000,29.657,29.837,0.727,52.860,5.000,0.10000000149011612,371.8241882324219,399.0,103.0
3.101,13:14:47.449,448.503,10.306,4622.283,0.000,0.000,0.000,0.000,0.000,0.000,1.000,1.000,0.000,29.657,29.837,0.727,52.860,5.000,0.10000000149011612,371.8241882324219,399.0,103.0
3.357,13:14:47.592,445.084,10.687,4756.396,0.000,0.000,0.000,0.000,0.000,0.000,1.000,1.000,0.000,30.018,29.837,0.742,52.863,5.000,0.10000000149011612,371.8241882324219,399.0,103.0
3.501,13:14:47.657,445.084,10.687,4756.396,0.000,0.000,0.000,0.000,0.000,0.000,1.000,1.000,0.000,30.018,29.837,0.742,52.863,5.000,0.10000000149011612,371.8241882324219,399.0,103.0
3.565,13:14:47.721,447.395,10.431,4666.790,0.000,0.000,0.000,0.000,0.000,0.000,1.000,1.000,0.000,30.018,29.837,0.742,52.863,5.000,0.10000000149011612,371.8241882324219,399.0,103.0
3.629,13:14:47.865,447.395,10.431,4666.790,0.000,0.000,0.000,0.000,0.000,0.000,1.000,1.000,0.000,30.018,29.837,0.738,52.826,5.000,0.10000000149011612,371.8241882324219,399.0,103.0
3.773,13:14:47.928,447.395,10.431,4666.790,0.000,0.000,0.000,0.000,0.000,0.000,1.000,1.000,0.000,30.018,29.837,0.738,52.826,5.000,0.10000000149011612,371.8241882324219,399.0,103.0
3.837,13:14:47.993,447.395,10.431,4666.790,0.000,0.000,0.000,0.000,0.000,0.000,1.000,1.000,0.000,30.018,29.837,0.738,52.826,5.000,0.10000000149011612,371.8241882324219,399.0,103.0
3.901,13:14:48.137,447.395,10.431,4666.790,0.000,0.000,0.000,0.000,0.000,0.000,1.000,1.000,0.000,29.656,29.837,0.727,52.821,5.000,0.10000000149011612,371.8241882324219,399.0,103.0
4.045,13:14:48.200,448.581,10.298,4619.417,0.000,0.000,0.000,0.000,0.000,0.000,1.000,1.000,0.000,29.656,29.837,0.727,52.821,5.000,0.10000000149011612,371.8241882324219,399.0,103.0
4.108,13:14:48.456,448.581,10.298,4619.417,0.000,0.000,0.000,0.000,0.000,0.000,1.000,1.000,0.000,29.656,29.837,0.727,52.821,5.000,0.10000000149011612,371.8241882324219,399.0,103.0
4.365,13:14:48.600,444.243,10.774,4786.229,0.000,0.000,0.000,0.000,0.000,0.000,1.000,1.000,0.000,30.417,30.237,0.753,52.791,5.000,0.10000000149011612,371.8241882324219,399.0,103.0
4.509,13:14:48.664,444.243,10.774,4786.229,0.000,0.000,0.000,0.000,0.000,0.000,1.000,1.000,0.000,30.417,30.237,0.753,52.791,5.000,0.10000000149011612,371.8241882324219,399.0,103.0
4.573,13:14:48.728,444.243,10.774,4786.229,0.000,0.000,0.000,0.000,0.000,0.000,1.000,1.000,0.000,30.417,30.237,0.753,52.791,5.000,0.10000000149011612,371.8241882324219,399.0,103.0
4.636,13:14:48.871,444.243,10.774,4786.229,0.000,0.000,0.000,0.000,0.000,0.000,1.000,1.000,0.000,30.417,30.237,0.753,52.791,5.000,0.10000000149011612,371.8241882324219,399.0,103.0
4.780,13:14:48.935,448.463,10.310,4623.815,0.000,0.000,0.000,0.000,0.000,0.000,1.000,1.000,0.000,30.417,30.237,0.753,52.791,5.000,0.10000000149011612,371.8241882324219,399.0,103.0
4.844,13:14:49.000,448.463,10.310,4623.815,0.000,0.000,0.000,0.000,0.000,0.000,1.000,1.000,0.000,30.417,30.237,0.753,52.791,5.000,0.10000000149011612,371.8241882324219,399.0,103.0
4.908,13:14:49.143,448.463,10.310,4623.815,0.000,0.000,0.000,0.000,0.000,0.000,1.000,1.000,0.000,29.656,29.837,0.727,52.780,5.000,0.10000000149011612,371.8241882324219,399.0,103.0
5.052,13:14:49.208,448.463,10.310,4623.815,0.000,0.000,0.000,0.000,0.000,0.000,1.000,1.000,0.000,29.656,29.837,0.727,52.780,5.000,0.10000000149011612,371.8241882324219,399.0,103.0
5.115,13:14:49.463,448.463,10.310,4623.815,0.000,0.000,0.000,0.000,0.000,0.000,1.000,1.000,0.000,29.656,29.837,0.727,52.780,5.000,0.10000000149011612,371.8241882324219,399.0,103.0
5.372,13:14:49.607,447.855,10.385,4650.803,0.000,0.000,0.000,0.000,0.000,0.000,1.000,1.000,0.000,30.056,30.237,0.738,52.760,5.000,0.10000000149011612,371.8241882324219,399.0,103.0
5.515,13:14:49.671,447.855,10.385,4650.803,0.000,0.000,0.000,0.000,0.000,0.000,1.000,1.000,0.000,30.056,30.237,0.738,52.760,5.000,0.10000000149011612,371.8241882324219,399.0,103.0
5.579,13:14:49.735,444.375,10.770,4785.782,0.000,0.000,0.000,0.000,0.000,0.000,1.000,1.000,0.000,30.056,30.237,0.738,52.760,5.000,0.10000000149011612,371.8241882324219,399.0,103.0
5.643,13:14:49.878,444.375,10.770,4785.782,0.000,0.000,0.000,0.000,0.000,0.000,1.000,1.000,0.000,30.417,30.237,0.753,52.748,5.000,0.10000000149011612,371.8241882324219,399.0,103.0
5.787,13:14:49.942,444.375,10.770,4785.782,0.000,0.000,0.000,0.000,0.000,0.000,1.000,1.000,0.000,30.417,30.237,0.753,52.748,5.000,0.10000000149011612,371.8241882324219,399.0,103.0
5.851,13:14:50.006,444.375,10.770,4785.782,0.000,0.000,0.000,0.000,0.000,0.000,1.000,1.000,0.000,30.417,30.237,0.753,52.748,5.000,0.10000000149011612,371.8241882324219,399.0,103.0
5.915,13:14:50.150,444.375,10.770,4785.782,0.000,0.000,0.000,0.000,0.000,0.000,1.000,1.000,0.000,29.656,29.837,0.728,52.709,5.000,0.10000000149011612,371.8241882324219,399.0,103.0
6.060,13:14:50.215,448.260,10.346,4637.597,0.000,0.000,0.000,0.000,0.000,0.000,1.000,1.000,0.000,29.656,29.837,0.728,52.709,5.000,0.10000000149011612,371.8241882324219,399.0,103.0
6.123,13:14:50.487,448.260,10.346,4637.597,0.000,0.000,0.000,0.000,0.000,0.000,1.000,1.000,0.000,29.656,29.837,0.728,52.709,5.000,0.10000000149011612,371.8241882324219,399.0,103.0
6.396,13:14:50.631,450.709,10.054,4531.440,0.000,0.000,0.000,0.000,0.000,0.000,1.000,1.000,0.000,29.656,29.837,0.724,52.686,5.000,0.10000000149011612,371.8241882324219,399.0,103.0
6.540,13:14:50.695,450.709,10.054,4531.440,0.000,0.000,0.000,0.000,0.000,0.000,1.000,1.000,0.000,29.656,29.837,0.724,52.686,5.000,0.10000000149011612,371.8241882324219,399.0,103.0
6.602,13:14:50.758,450.709,10.054,4531.440,0.000,0.000,0.000,0.000,0.000,0.000,1.000,1.000,0.000,29.656,29.837,0.724,52.686,5.000,0.10000000149011612,371.8241882324219,399.0,103.0
6.667,13:14:50.902,450.709,10.054,4531.440,0.000,0.000,0.000,0.000,0.000,0.000,1.000,1.000,0.000,29.656,29.837,0.724,52.686,5.000,0.10000000149011612,371.8241882324219,399.0,103.0
6.810,13:14:50.966,448.136,10.356,4640.919,0.000,0.000,0.000,0.000,0.000,0.000,1.000,1.000,0.000,29.656,29.837,0.724,52.686,5.000,0.10000000149011612,371.8241882324219,399.0,103.0
6.875,13:14:51.031,448.136,10.356,4640.919,0.000,0.000,0.000,0.000,0.000,0.000,1.000,1.000,0.000,29.656,29.837,0.724,52.686,5.000,0.10000000149011612,371.8241882324219,399.0,103.0
6.940,13:14:51.175,448.136,10.356,4640.919,0.000,0.000,0.000,0.000,0.000,0.000,1.000,1.000,0.000,29.656,29.837,0.728,52.682,5.000,0.10000000149011612,371.8241882324219,399.0,103.0
7.083,13:14:51.238,448.136,10.356,4640.919,0.000,0.000,0.000,0.000,0.000,0.000,1.000,1.000,0.000,29.656,29.837,0.728,52.682,5.000,0.10000000149011612,371.8241882324219,399.0,103.0
7.147,13:14:51.493,448.136,10.356,4640.919,0.000,0.000,0.000,0.000,0.000,0.000,1.000,1.000,0.000,29.656,29.837,0.728,52.682,5.000,0.10000000149011612,371.8241882324219,399.0,103.0
7.403,13:14:51.638,450.888,10.030,4522.504,0.000,0.000,0.000,0.000,0.000,0.000,1.000,1.000,0.000,29.656,29.837,0.723,52.637,5.000,0.10000000149011612,371.8241882324219,399.0,103.0
7.547,13:14:51.702,450.888,10.030,4522.504,0.000,0.000,0.000,0.000,0.000,0.000,1.000,1.000,0.000,29.656,29.837,0.723,52.637,5.000,0.10000000149011612,371.8241882324219,399.0,103.0
7.611,13:14:51.766,449.871,10.159,4570.082,0.000,0.000,0.000,0.000,0.000,0.000,1.000,1.000,0.000,29.656,29.837,0.723,52.637,5.000,0.10000000149011612,371.8241882324219,399.0,103.0
7.675,13:14:51.911,449.871,10.159,4570.082,0.000,0.000,0.000,0.000,0.000,0.000,1.000,1.000,0.000,29.657,29.837,0.725,52.621,5.000,0.10000000149011612,371.8241882324219,399.0,103.0
7.818,13:14:51.974,449.871,10.159,4570.082,0.000,0.000,0.000,0.000,0.000,0.000,1.000,1.000,0.000,29.657,29.837,0.725,52.621,5.000,0.10000000149011612,371.8241882324219,399.0,103.0
7.882,13:14:52.037,449.871,10.159,4570.082,0.000,0.000,0.000,0.000,0.000,0.000,1.000,1.000,0.000,29.657,29.837,0.725,52.621,5.000,0.10000000149011612,371.8241882324219,399.0,103.0
7.946,13:14:52.181,449.871,10.159,4570.082,0.000,0.000,0.000,0.000,0.000,0.000,1.000,1.000,0.000,29.657,29.837,0.725,52.626,5.000,0.10000000149011612,371.8241882324219,399.0,103.0
8.090,13:14:52.246,450.015,10.140,4563.035,0.000,0.000,0.000,0.000,0.000,0.000,1.000,1.000,0.000,29.657,29.837,0.725,52.626,5.000,0.10000000149011612,371.8241882324219,399.0,103.0
8.155,13:14:52.502,450.015,10.140,4563.035,0.000,0.000,0.000,0.000,0.000,0.000,1.000,1.000,0.000,29.657,29.837,0.725,52.626,5.000,0.10000000149011612,371.8241882324219,399.0,103.0
8.411,13:14:52.645,446.259,10.578,4720.375,0.000,0.000,0.000,0.000,0.000,0.000,1.000,1.000,0.000,30.017,29.837,0.740,52.581,5.000,0.10000000149011612,371.8241882324219,399.0,103.0
8.553,13:14:52.709,446.259,10.578,4720.375,0.000,0.000,0.000,0.000,0.000,0.000,1.000,1.000,0.000,30.017,29.837,0.740,52.581,5.000,0.10000000149011612,371.8241882324219,399.0,103.0
8.618,13:14:52.773,446.259,10.578,4720.375,0.000,0.000,0.000,0.000,0.000,0.000,1.000,1.000,0.000,30.017,29.837,0.740,52.581,5.000,0.10000000149011612,371.8241882324219,399.0,103.0
8.682,13:14:52.918,446.259,10.578,4720.375,0.000,0.000,0.000,0.000,0.000,0.000,1.000,1.000,0.000,30.017,29.837,0.740,52.581,5.000,0.10000000149011612,371.8241882324219,399.0,103.0
8.826,13:14:52.982,450.060,10.138,4562.826,0.000,0.000,0.000,0.000,0.000,0.000,1.000,1.000,0.000,30.017,29.837,0.740,52.581,5.000,0.10000000149011612,371.8241882324219,399.0,103.0
8.890,13:14:53.046,450.060,10.138,4562.826,0.000,0.000,0.000,0.000,0.000,0.000,1.000,1.000,0.000,30.017,29.837,0.740,52.581,5.000,0.10000000149011612,371.8241882324219,399.0,103.0
8.954,13:14:53.189,450.060,10.138,4562.826,0.000,0.000,0.000,0.000,0.000,0.000,1.000,1.000,0.000,29.618,29.437,0.724,52.574,5.000,0.10000000149011612,371.8241882324219,399.0,103.0
9.097,13:14:53.253,450.060,10.138,4562.826,0.000,0.000,0.000,0.000,0.000,0.000,1.000,1.000,0.000,29.618,29.437,0.724,52.574,5.000,0.10000000149011612,371.8241882324219,399.0,103.0
9.162,13:14:53.509,450.060,10.138,4562.826,0.000,0.000,0.000,0.000,0.000,0.000,1.000,1.000,0.000,29.618,29.437,0.724,52.574,5.000,0.10000000149011612,371.8241882324219,399.0,103.0
9.417,13:14:53.653,447.024,10.485,4687.270,0.000,0.000,0.000,0.000,0.000,0.000,1.000,1.000,0.000,30.056,30.237,0.740,52.554,5.000,0.10000000149011612,371.8241882324219,399.0,103.0
9.562,13:14:53.717,447.024,10.485,4687.270,0.000,0.000,0.000,0.000,0.000,0.000,1.000,1.000,0.000,30.056,30.237,0.740,52.554,5.000,0.10000000149011612,371.8241882324219,399.0,103.0
9.625,13:14:53.780,446.411,10.556,4712.342,0.000,0.000,0.000,0.000,0.000,0.000,1.000,1.000,0.000,30.056,30.237,0.740,52.554,5.000,0.10000000149011612,371.8241882324219,399.0,103.0
9.690,13:14:53.925,446.411,10.556,4712.342,0.000,0.000,0.000,0.000,0.000,0.000,1.000,1.000,0.000,30.018,29.837,0.740,52.555,5.000,0.10000000149011612,371.8241882324219,399.0,103.0
9.834,13:14:53.989,446.411,10.556,4712.342,0.000,0.000,0.000,0.000,0.000,0.000,1.000,1.000,0.000,30.018,29.837,0.740,52.555,5.000,0.10000000149011612,371.8241882324219,399.0,103.0
9.897,13:14:54.052,446.411,10.556,4712.342,0.000,0.000,0.000,0.000,0.000,0.000,1.000,1.000,0.000,30.018,29.837,0.740,52.555,5.000,0.10000000149011612,371.8241882324219,399.0,103.0
9.962,13:14:54.196,446.411,10.556,4712.342,0.000,0.000,0.000,0.000,0.000,0.000,1.000,1.000,0.000,30.018,29.837,0.740,52.555,5.000,0.10000000149011612,371.8241882324219,399.0,103.0
10.106,13:14:54.261,447.092,10.486,4688.230,0.000,0.000,0.000,0.000,0.000,0.000,1.000,1.000,0.000,30.018,29.837,0.740,52.555,5.000,0.10000000149011612,371.8241882324219,399.0,103.0
10.169,13:14:54.516,447.092,10.486,4688.230,0.000,0.000,0.000,0.000,0.000,0.000,1.000,1.000,0.000,30.018,29.837,0.740,52.555,5.000,0.10000000149011612,371.8241882324219,399.0,103.0
10.425,13:14:54.660,447.092,10.486,4688.230,0.000,0.000,0.000,0.000,0.000,0.000,1.000,1.000,0.000,29.656,29.837,0.725,52.518,5.000,0.10000000149011612,371.8241882324219,399.0,103.0
10.568,13:14:54.724,449.641,10.191,4582.477,0.000,0.000,0.000,0.000,0.000,0.000,1.000,1.000,0.000,29.656,29.837,0.725,52.518,5.000,0.10000000149011612,371.8241882324219,399.0,103.0
10.633,13:14:54.788,449.641,10.191,4582.477,0.000,0.000,0.000,0.000,0.000,0.000,1.000,1.000,0.000,29.656,29.837,0.725,52.518,5.000,0.10000000149011612,371.8241882324219,399.0,103.0
10.696,13:14:54.932,449.641,10.191,4582.477,0.000,0.000,0.000,0.000,0.000,0.000,1.000,1.000,0.000,29.656,29.837,0.725,52.518,5.000,0.10000000149011612,371.8241882324219,399.0,103.0
10.841,13:14:54.996,449.641,10.191,4582.477,0.000,0.000,0.000,0.000,0.000,0.000,1.000,1.000,0.000,29.656,29.837,0.725,52.518,5.000,0.10000000149011612,371.8241882324219,399.0,103.0
10.905,13:14:55.060,447.130,10.476,4684.175,0.000,0.000,0.000,0.000,0.000,0.000,1.000,1.000,0.000,29.656,29.837,0.725,52.518,5.000,0.10000000149011612,371.8241882324219,399.0,103.0
10.969,13:14:55.204,447.130,10.476,4684.175,0.000,0.000,0.000,0.000,0.000,0.000,1.000,1.000,0.000,30.056,30.237,0.739,52.481,5.000,0.10000000149011612,371.8241882324219,399.0,103.0
11.112,13:14:55.268,447.130,10.476,4684.175,0.000,0.000,0.000,0.000,0.000,0.000,1.000,1.000,0.000,30.056,30.237,0.739,52.481,5.000,0.10000000149011612,371.8241882324219,399.0,103.0
11.176,13:14:55.524,447.130,10.476,4684.175,0.000,0.000,0.000,0.000,0.000,0.000,1.000,1.000,0.000,30.056,30.237,0.739,52.481,5.000,0.10000000149011612,371.8241882324219,399.0,103.0
11.432,13:14:55.667,449.222,10.240,4600.053,0.000,0.000,0.000,0.000,0.000,0.000,1.000,1.000,0.000,29.656,29.837,0.726,52.490,5.000,0.10000000149011612,371.8241882324219,399.0,103.0
11.576,13:14:55.731,449.222,10.240,4600.053,0.000,0.000,0.000,0.000,0.000,0.000,1.000,1.000,0.000,29.656,29.837,0.726,52.490,5.000,0.10000000149011612,371.8241882324219,399.0,103.0
11.640,13:14:55.796,449.222,10.240,4600.053,0.000,0.000,0.000,0.000,0.000,0.000,1.000,1.000,0.000,29.656,29.837,0.726,52.490,5.000,0.10000000149011612,371.8241882324219,399.0,103.0
11.705,13:14:55.939,445.848,10.621,4735.343,0.000,0.000,0.000,0.000,0.000,0.000,1.000,1.000,0.000,30.018,29.837,0.741,52.449,5.000,0.10000000149011612,371.8241882324219,399.0,103.0
11.848,13:14:56.003,445.848,10.621,4735.343,0.000,0.000,0.000,0.000,0.000,0.000,1.000,1.000,0.000,30.018,29.837,0.741,52.449,5.000,0.10000000149011612,371.8241882324219,399.0,103.0
11.912,13:14:56.067,445.848,10.621,4735.343,0.000,0.000,0.000,0.000,0.000,0.000,1.000,1.000,0.000,30.018,29.837,0.741,52.449,5.000,0.10000000149011612,371.8241882324219,399.0,103.0
11.976,13:14:56.211,445.848,10.621,4735.343,0.000,0.000,0.000,0.000,0.000,0.000,1.000,1.000,0.000,30.018,29.837,0.741,52.449,5.000,0.10000000149011612,371.8241882324219,399.0,103.0
12.120,13:14:56.275,449.143,10.252,4604.798,0.000,0.000,0.000,0.000,0.000,0.000,1.000,1.000,0.000,30.018,29.837,0.741,52.449,5.000,0.10000000149011612,371.8241882324219,399.0,103.0
12.184,13:14:56.531,449.143,10.252,4604.798,0.000,0.000,0.000,0.000,0.000,0.000,1.000,1.000,0.000,30.018,29.837,0.741,52.449,5.000,0.10000000149011612,371.8241882324219,399.0,103.0
12.440,13:14:56.675,449.143,10.252,4604.798,0.000,0.000,0.000,0.000,0.000,0.000,1.000,1.000,0.000,30.056,30.237,0.739,52.401,5.000,0.10000000149011612,371.8241882324219,399.0,103.0
12.583,13:14:56.739,447.432,10.445,4673.391,0.000,0.000,0.000,0.000,0.000,0.000,1.000,1.000,0.000,30.056,30.237,0.739,52.401,5.000,0.10000000149011612,371.8241882324219,399.0,103.0
12.647,13:14:56.802,447.432,10.445,4673.391,0.000,0.000,0.000,0.000,0.000,0.000,1.000,1.000,0.000,30.056,30.237,0.739,52.401,5.000,0.10000000149011612,371.8241882324219,399.0,103.0
12.711,13:14:56.947,447.432,10.445,4673.391,0.000,0.000,0.000,0.000,0.000,0.000,1.000,1.000,0.000,30.056,30.237,0.739,52.401,5.000,0.10000000149011612,371.8241882324219,399.0,103.0
12.856,13:14:57.011,447.432,10.445,4673.391,0.000,0.000,0.000,0.000,0.000,0.000,1.000,1.000,0.000,30.056,30.237,0.739,52.401,5.000,0.10000000149011612,371.8241882324219,399.0,103.0
12.919,13:14:57.075,449.276,10.236,4598.803,0.000,0.000,0.000,0.000,0.000,0.000,1.000,1.000,0.000,30.056,30.237,0.739,52.401,5.000,0.10000000149011612,371.8241882324219,399.0,103.0
12.983,13:14:57.218,449.276,10.236,4598.803,0.000,0.000,0.000,0.000,0.000,0.000,1.000,1.000,0.000,29.618,29.437,0.725,52.421,5.000,0.10000000149011612,371.8241882324219,399.0,103.0
13.126,13:14:57.282,449.276,10.236,4598.803,0.000,0.000,0.000,0.000,0.000,0.000,1.000,1.000,0.000,29.618,29.437,0.725,52.421,5.000,0.10000000149011612,371.8241882324219,399.0,103.0
13.191,13:14:57.539,449.276,10.236,4598.803,0.000,0.000,0.000,0.000,0.000,0.000,1.000,1.000,0.000,29.618,29.437,0.725,52.421,5.000,0.10000000149011612,371.8241882324219,399.0,103.0
13.447,13:14:57.682,447.721,10.416,4663.611,0.000,0.000,0.000,0.000,0.000,0.000,1.000,1.000,0.000,30.056,30.237,0.738,52.363,5.000,0.10000000149011612,371.8241882324219,399.0,103.0
13.591,13:14:57.746,447.721,10.416,4663.611,0.000,0.000,0.000,0.000,0.000,0.000,1.000,1.000,0.000,30.056,30.237,0.738,52.363,5.000,0.10000000149011612,371.8241882324219,399.0,103.0
13.654,13:14:57.810,447.721,10.416,4663.611,0.000,0.000,0.000,0.000,0.000,0.000,1.000,1.000,0.000,30.056,30.237,0.738,52.363,5.000,0.10000000149011612,371.8241882324219,399.0,103.0
13.719,13:14:57.954,449.407,10.224,4594.604,0.000,0.000,0.000,0.000,0.000,0.000,1.000,1.000,0.000,29.656,29.837,0.726,52.354,5.000,0.10000000149011612,371.8241882324219,399.0,103.0
13.862,13:14:58.018,449.407,10.224,4594.604,0.000,0.000,0.000,0.000,0.000,0.000,1.000,1.000,0.000,29.656,29.837,0.726,52.354,5.000,0.10000000149011612,371.8241882324219,399.0,103.0
13.927,13:14:58.082,449.407,10.224,4594.604,0.000,0.000,0.000,0.000,0.000,0.000,1.000,1.000,0.000,29.656,29.837,0.726,52.354,5.000,0.10000000149011612,371.8241882324219,399.0,103.0
13.990,13:14:58.227,449.407,10.224,4594.604,0.000,0.000,0.000,0.000,0.000,0.000,1.000,1.000,0.000,29.656,29.837,0.726,52.354,5.000,0.10000000149011612,371.8241882324219,399.0,103.0
14.134,13:14:58.289,445.674,10.645,4744.291,0.000,0.000,0.000,0.000,0.000,0.000,1.000,1.000,0.000,29.656,29.837,0.726,52.354,5.000,0.10000000149011612,371.8241882324219,399.0,103.0
14.198,13:14:58.546,445.674,10.645,4744.291,0.000,0.000,0.000,0.000,0.000,0.000,1.000,1.000,0.000,29.656,29.837,0.726,52.354,5.000,0.10000000149011612,371.8241882324219,399.0,103.0
14.455,13:14:58.690,445.674,10.645,4744.291,0.000,0.000,0.000,0.000,0.000,0.000,1.000,1.000,0.000,29.618,29.437,0.722,52.320,5.000,0.10000000149011612,371.8241882324219,399.0,103.0
14.599,13:14:58.754,450.970,10.035,4525.614,0.000,0.000,0.000,0.000,0.000,0.000,1.000,1.000,0.000,29.618,29.437,0.722,52.320,5.000,0.10000000149011612,371.8241882324219,399.0,103.0
14.662,13:14:58.817,450.970,10.035,4525.614,0.000,0.000,0.000,0.000,0.000,0.000,1.000,1.000,0.000,29.618,29.437,0.722,52.320,5.000,0.10000000149011612,371.8241882324219,399.0,103.0
14.727,13:14:58.961,450.970,10.035,4525.614,0.000,0.000,0.000,0.000,0.000,0.000,1.000,1.000,0.000,29.618,29.437,0.722,52.320,5.000,0.10000000149011612,371.8241882324219,399.0,103.0
14.869,13:14:59.025,450.970,10.035,4525.614,0.000,0.000,0.000,0.000,0.000,0.000,1.000,1.000,0.000,29.618,29.437,0.722,52.320,5.000,0.10000000149011612,371.8241882324219,399.0,103.0
14.934,13:14:59.090,451.095,10.016,4518.062,0.000,0.000,0.000,0.000,0.000,0.000,1.000,1.000,0.000,29.618,29.437,0.722,52.320,5.000,0.10000000149011612,371.8241882324219,399.0,103.0
14.998,13:14:59.233,451.095,10.016,4518.062,0.000,0.000,0.000,0.000,0.000,0.000,1.000,1.000,0.000,29.656,29.837,0.723,52.294,5.000,0.10000000149011612,371.8241882324219,399.0,103.0
15.142,13:14:59.298,451.095,10.016,4518.062,0.000,0.000,0.000,0.000,0.000,0.000,1.000,1.000,0.000,29.656,29.837,0.723,52.294,5.000,0.10000000149011612,371.8241882324219,399.0,103.0
15.206,13:14:59.569,451.095,10.016,4518.062,0.000,0.000,0.000,0.000,0.000,0.000,1.000,1.000,0.000,29.656,29.837,0.723,52.294,5.000,0.10000000149011612,371.8241882324219,399.0,103.0
15.477,13:14:59.712,445.499,10.665,4751.437,0.000,0.000,0.000,0.000,0.000,0.000,1.000,1.000,0.000,30.056,30.237,0.742,52.294,5.000,0.10000000149011612,371.8241882324219,399.0,103.0
15.622,13:14:59.777,445.499,10.665,4751.437,0.000,0.000,0.000,0.000,0.000,0.000,1.000,1.000,0.000,30.056,30.237,0.742,52.294,5.000,0.10000000149011612,371.8241882324219,399.0,103.0
15.685,13:14:59.840,445.499,10.665,4751.437,0.000,0.000,0.000,0.000,0.000,0.000,1.000,1.000,0.000,30.056,30.237,0.742,52.294,5.000,0.10000000149011612,371.8241882324219,399.0,103.0
15.750,13:14:59.985,445.551,10.662,4750.529,0.000,0.000,0.000,0.000,0.000,0.000,1.000,1.000,0.000,30.056,30.237,0.742,52.276,5.000,0.10000000149011612,371.8241882324219,399.0,103.0
15.893,13:15:00.048,445.551,10.662,4750.529,0.000,0.000,0.000,0.000,0.000,0.000,1.000,1.000,0.000,30.056,30.237,0.742,52.276,5.000,0.10000000149011612,371.8241882324219,399.0,103.0
15.957,13:15:00.112,445.551,10.662,4750.529,0.000,0.000,0.000,0.000,0.000,0.000,1.000,1.000,0.000,30.056,30.237,0.742,52.276,5.000,0.10000000149011612,371.8241882324219,399.0,103.0
16.021,13:15:00.257,445.551,10.662,4750.529,0.000,0.000,0.000,0.000,0.000,0.000,1.000,1.000,0.000,30.056,30.237,0.742,52.276,5.000,0.10000000149011612,371.8241882324219,399.0,103.0
16.166,13:15:00.321,445.590,10.659,4749.685,0.000,0.000,0.000,0.000,0.000,0.000,1.000,1.000,0.000,30.056,30.237,0.742,52.276,5.000,0.10000000149011612,371.8241882324219,399.0,103.0
16.229,13:15:00.576,445.590,10.659,4749.685,0.000,0.000,0.000,0.000,0.000,0.000,1.000,1.000,0.000,30.056,30.237,0.742,52.276,5.000,0.10000000149011612,371.8241882324219,399.0,103.0
16.485,13:15:00.720,445.590,10.659,4749.685,0.000,0.000,0.000,0.000,0.000,0.000,1.000,1.000,0.000,30.056,30.237,0.742,52.253,5.000,0.10000000149011612,371.8241882324219,399.0,103.0
16.629,13:15:00.784,445.462,10.669,4752.509,0.000,0.000,0.000,0.000,0.000,0.000,1.000,1.000,0.000,30.056,30.237,0.742,52.253,5.000,0.10000000149011612,371.8241882324219,399.0,103.0
16.693,13:15:00.848,445.462,10.669,4752.509,0.000,0.000,0.000,0.000,0.000,0.000,1.000,1.000,0.000,30.056,30.237,0.742,52.253,5.000,0.10000000149011612,371.8241882324219,399.0,103.0
16.756,13:15:00.992,445.462,10.669,4752.509,0.000,0.000,0.000,0.000,0.000,0.000,1.000,1.000,0.000,30.056,30.237,0.742,52.253,5.000,0.10000000149011612,371.8241882324219,399.0,103.0
16.900,13:15:01.056,445.462,10.669,4752.509,0.000,0.000,0.000,0.000,0.000,0.000,1.000,1.000,0.000,30.056,30.237,0.742,52.253,5.000,0.10000000149011612,371.8241882324219,399.0,103.0
16.965,13:15:01.120,448.406,10.341,4637.026,0.000,0.000,0.000,0.000,0.000,0.000,1.000,1.000,0.000,30.056,30.237,0.742,52.253,5.000,0.10000000149011612,371.8241882324219,399.0,103.0
17.028,13:15:01.264,448.406,10.341,4637.026,0.000,0.000,0.000,0.000,0.000,0.000,1.000,1.000,0.000,30.018,29.837,0.736,52.238,5.000,0.10000000149011612,371.8241882324219,399.0,103.0
17.173,13:15:01.328,448.406,10.341,4637.026,0.000,0.000,0.000,0.000,0.000,0.000,1.000,1.000,0.000,30.018,29.837,0.736,52.238,5.000,0.10000000149011612,371.8241882324219,399.0,103.0
17.236,13:15:01.599,448.406,10.341,4637.026,0.000,0.000,0.000,0.000,0.000,0.000,1.000,1.000,0.000,30.018,29.837,0.736,52.238,5.000,0.10000000149011612,371.8241882324219,399.0,103.0
17.508,13:15:01.745,448.543,10.325,4631.335,0.000,0.000,0.000,0.000,0.000,0.000,1.000,1.000,0.000,29.656,29.837,0.727,52.209,5.000,0.10000000149011612,371.8241882324219,399.0,103.0
17.653,13:15:01.808,448.543,10.325,4631.335,0.000,0.000,0.000,0.000,0.000,0.000,1.000,1.000,0.000,29.656,29.837,0.727,52.209,5.000,0.10000000149011612,371.8241882324219,399.0,103.0
17.716,13:15:01.871,448.543,10.325,4631.335,0.000,0.000,0.000,0.000,0.000,0.000,1.000,1.000,0.000,29.656,29.837,0.727,52.209,5.000,0.10000000149011612,371.8241882324219,399.0,103.0
17.781,13:15:02.015,445.241,10.702,4764.858,0.000,0.000,0.000,0.000,0.000,0.000,1.000,1.000,0.000,30.056,30.237,0.743,52.198,5.000,0.10000000149011612,371.8241882324219,399.0,103.0
17.924,13:15:02.079,445.241,10.702,4764.858,0.000,0.000,0.000,0.000,0.000,0.000,1.000,1.000,0.000,30.056,30.237,0.743,52.198,5.000,0.10000000149011612,371.8241882324219,399.0,103.0
17.988,13:15:02.143,445.241,10.702,4764.858,0.000,0.000,0.000,0.000,0.000,0.000,1.000,1.000,0.000,30.056,30.237,0.743,52.198,5.000,0.10000000149011612,371.8241882324219,399.0,103.0
18.052,13:15:02.287,445.241,10.702,4764.858,0.000,0.000,0.000,0.000,0.000,0.000,1.000,1.000,0.000,30.056,30.237,0.743,52.198,5.000,0.10000000149011612,371.8241882324219,399.0,103.0
18.197,13:15:02.352,448.551,10.332,4634.479,0.000,0.000,0.000,0.000,0.000,0.000,1.000,1.000,0.000,30.056,30.237,0.743,52.198,5.000,0.10000000149011612,371.8241882324219,399.0,103.0
18.259,13:15:02.606,448.551,10.332,4634.479,0.000,0.000,0.000,0.000,0.000,0.000,1.000,1.000,0.000,30.056,30.237,0.743,52.198,5.000,0.10000000149011612,371.8241882324219,399.0,103.0
18.515,13:15:02.751,448.551,10.332,4634.479,0.000,0.000,0.000,0.000,0.000,0.000,1.000,1.000,0.000,30.057,30.237,0.740,52.182,5.000,0.10000000149011612,371.8241882324219,399.0,103.0
18.659,13:15:02.815,446.893,10.519,4700.830,0.000,0.000,0.000,0.000,0.000,0.000,1.000,1.000,0.000,30.057,30.237,0.740,52.182,5.000,0.10000000149011612,371.8241882324219,399.0,103.0
18.724,13:15:02.879,446.893,10.519,4700.830,0.000,0.000,0.000,0.000,0.000,0.000,1.000,1.000,0.000,30.057,30.237,0.740,52.182,5.000,0.10000000149011612,371.8241882324219,399.0,103.0
18.788,13:15:03.024,446.893,10.519,4700.830,0.000,0.000,0.000,0.000,0.000,0.000,1.000,1.000,0.000,30.057,30.237,0.740,52.182,5.000,0.10000000149011612,371.8241882324219,399.0,103.0
18.933,13:15:03.088,446.893,10.519,4700.830,0.000,0.000,0.000,0.000,0.000,0.000,1.000,1.000,0.000,30.057,30.237,0.740,52.182,5.000,0.10000000149011612,371.8241882324219,399.0,103.0
18.996,13:15:03.151,448.682,10.323,4631.793,0.000,0.000,0.000,0.000,0.000,0.000,1.000,1.000,0.000,30.057,30.237,0.740,52.182,5.000,0.10000000149011612,371.8241882324219,399.0,103.0
19.059,13:15:03.294,448.682,10.323,4631.793,0.000,0.000,0.000,0.000,0.000,0.000,1.000,1.000,0.000,30.018,29.837,0.736,52.171,5.000,0.10000000149011612,371.8241882324219,399.0,103.0
19.203,13:15:03.358,448.682,10.323,4631.793,0.000,0.000,0.000,0.000,0.000,0.000,1.000,1.000,0.000,30.018,29.837,0.736,52.171,5.000,0.10000000149011612,371.8241882324219,399.0,103.0
19.267,13:15:03.614,448.682,10.323,4631.793,0.000,0.000,0.000,0.000,0.000,0.000,1.000,1.000,0.000,30.018,29.837,0.736,52.171,5.000,0.10000000149011612,371.8241882324219,399.0,103.0
19.523,13:15:03.758,450.502,10.101,4550.564,0.000,0.000,0.000,0.000,0.000,0.000,1.000,1.000,0.000,29.657,29.837,0.724,52.110,5.000,0.10000000149011612,371.8241882324219,399.0,103.0
19.668,13:15:03.823,450.502,10.101,4550.564,0.000,0.000,0.000,0.000,0.000,0.000,1.000,1.000,0.000,29.657,29.837,0.724,52.110,5.000,0.10000000149011612,371.8241882324219,399.0,103.0
19.731,13:15:03.887,450.502,10.101,4550.564,0.000,0.000,0.000,0.000,0.000,0.000,1.000,1.000,0.000,29.657,29.837,0.724,52.110,5.000,0.10000000149011612,371.8241882324219,399.0,103.0
19.794,13:15:04.030,446.655,10.545,4710.101,0.000,0.000,0.000,0.000,0.000,0.000,1.000,1.000,0.000,30.057,30.237,0.740,52.122,5.000,0.10000000149011612,371.8241882324219,399.0,103.0
19.938,13:15:04.094,446.655,10.545,4710.101,0.000,0.000,0.000,0.000,0.000,0.000,1.000,1.000,0.000,30.057,30.237,0.740,52.122,5.000,0.10000000149011612,371.8241882324219,399.0,103.0
20.003,13:15:04.158,446.655,10.545,4710.101,0.000,0.000,0.000,0.000,0.000,0.000,1.000,1.000,0.000,30.057,30.237,0.740,52.122,5.000,0.10000000149011612,371.8241882324219,399.0,103.0
20.067,13:15:04.302,446.655,10.545,4710.101,0.000,0.000,0.000,0.000,0.000,0.000,1.000,1.000,0.000,30.057,30.237,0.740,52.122,5.000,0.10000000149011612,371.8241882324219,399.0,103.0
20.211,13:15:04.366,447.507,10.449,4675.916,0.000,0.000,0.000,0.000,0.000,0.000,1.000,1.000,0.000,30.057,30.237,0.740,52.122,5.000,0.10000000149011612,371.8241882324219,399.0,103.0
20.274,13:15:04.622,447.507,10.449,4675.916,0.000,0.000,0.000,0.000,0.000,0.000,1.000,1.000,0.000,30.057,30.237,0.740,52.122,5.000,0.10000000149011612,371.8241882324219,399.0,103.0
20.531,13:15:04.766,447.507,10.449,4675.916,0.000,0.000,0.000,0.000,0.000,0.000,1.000,1.000,0.000,30.017,29.837,0.738,52.085,5.000,0.10000000149011612,371.8241882324219,399.0,103.0
20.674,13:15:04.829,446.449,10.564,4716.452,0.000,0.000,0.000,0.000,0.000,0.000,1.000,1.000,0.000,30.017,29.837,0.738,52.085,5.000,0.10000000149011612,371.8241882324219,399.0,103.0
20.738,13:15:04.894,446.449,10.564,4716.452,0.000,0.000,0.000,0.000,0.000,0.000,1.000,1.000,0.000,30.017,29.837,0.738,52.085,5.000,0.10000000149011612,371.8241882324219,399.0,103.0
20.802,13:15:05.037,446.449,10.564,4716.452,0.000,0.000,0.000,0.000,0.000,0.000,1.000,1.000,0.000,30.018,29.837,0.740,52.082,5.000,0.10000000149011612,371.8241882324219,399.0,103.0
20.946,13:15:05.102,446.449,10.564,4716.452,0.000,0.000,0.000,0.000,0.000,0.000,1.000,1.000,0.000,30.018,29.837,0.740,52.082,5.000,0.10000000149011612,371.8241882324219,399.0,103.0
21.011,13:15:05.166,447.395,10.457,4678.314,0.000,0.000,0.000,0.000,0.000,0.000,1.000,1.000,0.000,30.018,29.837,0.740,52.082,5.000,0.10000000149011612,371.8241882324219,399.0,103.0
21.074,13:15:05.310,447.395,10.457,4678.314,0.000,0.000,0.000,0.000,0.000,0.000,1.000,1.000,0.000,30.056,30.237,0.739,52.076,5.000,0.10000000149011612,371.8241882324219,399.0,103.0
21.219,13:15:05.374,447.395,10.457,4678.314,0.000,0.000,0.000,0.000,0.000,0.000,1.000,1.000,0.000,30.056,30.237,0.739,52.076,5.000,0.10000000149011612,371.8241882324219,399.0,103.0
21.281,13:15:05.630,447.395,10.457,4678.314,0.000,0.000,0.000,0.000,0.000,0.000,1.000,1.000,0.000,30.056,30.237,0.739,52.076,5.000,0.10000000149011612,371.8241882324219,399.0,103.0
21.538,13:15:05.773,447.538,10.441,4672.670,0.000,0.000,0.000,0.000,0.000,0.000,1.000,1.000,0.000,30.018,29.837,0.738,52.035,5.000,0.10000000149011612,371.8241882324219,399.0,103.0
21.682,13:15:05.838,447.538,10.441,4672.670,0.000,0.000,0.000,0.000,0.000,0.000,1.000,1.000,0.000,30.018,29.837,0.738,52.035,5.000,0.10000000149011612,371.8241882324219,399.0,103.0
21.746,13:15:05.902,447.538,10.441,4672.670,0.000,0.000,0.000,0.000,0.000,0.000,1.000,1.000,0.000,30.018,29.837,0.738,52.035,5.000,0.10000000149011612,371.8241882324219,399.0,103.0
21.809,13:15:06.045,447.538,10.441,4672.670,0.000,0.000,0.000,0.000,0.000,0.000,1.000,1.000,0.000,30.056,30.237,0.739,52.046,5.000,0.10000000149011612,371.8241882324219,399.0,103.0
21.954,13:15:06.110,447.645,10.433,4670.394,0.000,0.000,0.000,0.000,0.000,0.000,1.000,1.000,0.000,30.056,30.237,0.739,52.046,5.000,0.10000000149011612,371.8241882324219,399.0,103.0
22.018,13:15:06.174,447.645,10.433,4670.394,0.000,0.000,0.000,0.000,0.000,0.000,1.000,1.000,0.000,30.056,30.237,0.739,52.046,5.000,0.10000000149011612,371.8241882324219,399.0,103.0
22.082,13:15:06.317,447.645,10.433,4670.394,0.000,0.000,0.000,0.000,0.000,0.000,1.000,1.000,0.000,30.056,30.237,0.739,52.046,5.000,0.10000000149011612,371.8241882324219,399.0,103.0
22.225,13:15:06.380,447.645,10.433,4670.394,0.000,0.000,0.000,0.000,0.000,0.000,1.000,1.000,0.000,30.056,30.237,0.739,52.046,5.000,0.10000000149011612,371.8241882324219,399.0,103.0
22.289,13:15:06.637,449.845,10.181,4579.799,0.000,0.000,0.000,0.000,0.000,0.000,1.000,1.000,0.000,30.056,30.237,0.739,52.046,5.000,0.10000000149011612,371.8241882324219,399.0,103.0
22.546,13:15:06.780,449.845,10.181,4579.799,0.000,0.000,0.000,0.000,0.000,0.000,1.000,1.000,0.000,29.618,29.437,0.724,52.031,5.000,0.10000000149011612,371.8241882324219,399.0,103.0
22.689,13:15:06.845,450.784,10.068,4538.363,0.000,0.000,0.000,0.000,0.000,0.000,1.000,1.000,0.000,29.618,29.437,0.724,52.031,5.000,0.10000000149011612,371.8241882324219,399.0,103.0
22.753,13:15:06.909,450.784,10.068,4538.363,0.000,0.000,0.000,0.000,0.000,0.000,1.000,1.000,0.000,29.618,29.437,0.724,52.031,5.000,0.10000000149011612,371.8241882324219,399.0,103.0
22.817,13:15:07.053,450.784,10.068,4538.363,0.000,0.000,0.000,0.000,0.000,0.000,1.000,1.000,0.000,29.656,29.837,0.724,51.973,5.000,0.10000000149011612,371.8241882324219,399.0,103.0
22.961,13:15:07.117,450.784,10.068,4538.363,0.000,0.000,0.000,0.000,0.000,0.000,1.000,1.000,0.000,29.656,29.837,0.724,51.973,5.000,0.10000000149011612,371.8241882324219,399.0,103.0
23.024,13:15:07.180,450.784,10.068,4538.363,0.000,0.000,0.000,0.000,0.000,0.000,1.000,1.000,0.000,29.656,29.837,0.724,51.973,5.000,0.10000000149011612,371.8241882324219,399.0,103.0
23.089,13:15:07.324,446.290,10.589,4725.854,0.000,0.000,0.000,0.000,0.000,0.000,1.000,1.000,0.000,30.057,30.237,0.741,51.990,5.000,0.10000000149011612,371.8241882324219,399.0,103.0
23.233,13:15:07.388,446.290,10.589,4725.854,0.000,0.000,0.000,0.000,0.000,0.000,1.000,1.000,0.000,30.057,30.237,0.741,51.990,5.000,0.10000000149011612,371.8241882324219,399.0,103.0
23.297,13:15:07.644,446.290,10.589,4725.854,0.000,0.000,0.000,0.000,0.000,0.000,1.000,1.000,0.000,30.057,30.237,0.741,51.990,5.000,0.10000000149011612,371.8241882324219,399.0,103.0
23.553,13:15:07.788,449.842,10.189,4583.327,0.000,0.000,0.000,0.000,0.000,0.000,1.000,1.000,0.000,29.656,29.837,0.725,51.982,5.000,0.10000000149011612,371.8241882324219,399.0,103.0
23.697,13:15:07.852,449.842,10.189,4583.327,0.000,0.000,0.000,0.000,0.000,0.000,1.000,1.000,0.000,29.656,29.837,0.725,51.982,5.000,0.10000000149011612,371.8241882324219,399.0,103.0
23.761,13:15:07.916,449.842,10.189,4583.327,0.000,0.000,0.000,0.000,0.000,0.000,1.000,1.000,0.000,29.656,29.837,0.725,51.982,5.000,0.10000000149011612,371.8241882324219,399.0,103.0
23.824,13:15:08.060,449.842,10.189,4583.327,0.000,0.000,0.000,0.000,0.000,0.000,1.000,1.000,0.000,30.018,29.837,0.740,51.976,5.000,0.10000000149011612,371.8241882324219,399.0,103.0
23.969,13:15:08.124,446.212,10.600,4729.719,0.000,0.000,0.000,0.000,0.000,0.000,1.000,1.000,0.000,30.018,29.837,0.740,51.976,5.000,0.10000000149011612,371.8241882324219,399.0,103.0
24.032,13:15:08.187,446.212,10.600,4729.719,0.000,0.000,0.000,0.000,0.000,0.000,1.000,1.000,0.000,30.018,29.837,0.740,51.976,5.000,0.10000000149011612,371.8241882324219,399.0,103.0
24.096,13:15:08.332,446.212,10.600,4729.719,0.000,0.000,0.000,0.000,0.000,0.000,1.000,1.000,0.000,30.018,29.837,0.740,51.976,5.000,0.10000000149011612,371.8241882324219,399.0,103.0
24.239,13:15:08.395,446.212,10.600,4729.719,0.000,0.000,0.000,0.000,0.000,0.000,1.000,1.000,0.000,30.018,29.837,0.740,51.976,5.000,0.10000000149011612,371.8241882324219,399.0,103.0
24.304,13:15:08.652,450.848,10.062,4536.631,0.000,0.000,0.000,0.000,0.000,0.000,1.000,1.000,0.000,30.018,29.837,0.740,51.976,5.000,0.10000000149011612,371.8241882324219,399.0,103.0
24.560,13:15:08.795,450.848,10.062,4536.631,0.000,0.000,0.000,0.000,0.000,0.000,1.000,1.000,0.000,29.656,29.837,0.724,51.951,5.000,0.10000000149011612,371.8241882324219,399.0,103.0
24.704,13:15:08.859,445.947,10.637,4743.666,0.000,0.000,0.000,0.000,0.000,0.000,1.000,1.000,0.000,29.656,29.837,0.724,51.951,5.000,0.10000000149011612,371.8241882324219,399.0,103.0
24.768,13:15:08.924,445.947,10.637,4743.666,0.000,0.000,0.000,0.000,0.000,0.000,1.000,1.000,0.000,29.656,29.837,0.724,51.951,5.000,0.10000000149011612,371.8241882324219,399.0,103.0
24.831,13:15:09.068,445.947,10.637,4743.666,0.000,0.000,0.000,0.000,0.000,0.000,1.000,1.000,0.000,30.018,29.837,0.740,51.946,5.000,0.10000000149011612,371.8241882324219,399.0,103.0
24.975,13:15:09.131,445.947,10.637,4743.666,0.000,0.000,0.000,0.000,0.000,0.000,1.000,1.000,0.000,30.018,29.837,0.740,51.946,5.000,0.10000000149011612,371.8241882324219,399.0,103.0
25.039,13:15:09.195,445.947,10.637,4743.666,0.000,0.000,0.000,0.000,0.000,0.000,1.000,1.000,0.000,30.018,29.837,0.740,51.946,5.000,0.10000000149011612,371.8241882324219,399.0,103.0
25.104,13:15:09.339,448.140,10.386,4654.345,0.000,0.000,0.000,0.000,0.000,0.000,1.000,1.000,0.000,30.056,30.237,0.738,51.907,5.000,0.10000000149011612,371.8241882324219,399.0,103.0
25.248,13:15:09.403,448.140,10.386,4654.345,0.000,0.000,0.000,0.000,0.000,0.000,1.000,1.000,0.000,30.056,30.237,0.738,51.907,5.000,0.10000000149011612,371.8241882324219,399.0,103.0
25.311,13:15:09.658,448.140,10.386,4654.345,0.000,0.000,0.000,0.000,0.000,0.000,1.000,1.000,0.000,30.056,30.237,0.738,51.907,5.000,0.10000000149011612,371.8241882324219,399.0,103.0
25.567,13:15:09.803,446.291,10.601,4731.121,0.000,0.000,0.000,0.000,0.000,0.000,1.000,1.000,0.000,30.018,29.837,0.740,51.911,5.000,0.10000000149011612,371.8241882324219,399.0,103.0
25.711,13:15:09.867,446.291,10.601,4731.121,0.000,0.000,0.000,0.000,0.000,0.000,1.000,1.000,0.000,30.018,29.837,0.740,51.911,5.000,0.10000000149011612,371.8241882324219,399.0,103.0
25.775,13:15:09.930,446.291,10.601,4731.121,0.000,0.000,0.000,0.000,0.000,0.000,1.000,1.000,0.000,30.018,29.837,0.740,51.911,5.000,0.10000000149011612,371.8241882324219,399.0,103.0
25.839,13:15:10.075,446.291,10.601,4731.121,0.000,0.000,0.000,0.000,0.000,0.000,1.000,1.000,0.000,30.056,30.237,0.741,51.892,5.000,0.10000000149011612,371.8241882324219,399.0,103.0
25.983,13:15:10.138,445.910,10.639,4744.188,0.000,0.000,0.000,0.000,0.000,0.000,1.000,1.000,0.000,30.056,30.237,0.741,51.892,5.000,0.10000000149011612,371.8241882324219,399.0,103.0
26.048,13:15:10.203,445.910,10.639,4744.188,0.000,0.000,0.000,0.000,0.000,0.000,1.000,1.000,0.000,30.056,30.237,0.741,51.892,5.000,0.10000000149011612,371.8241882324219,399.0,103.0
26.110,13:15:10.346,445.910,10.639,4744.188,0.000,0.000,0.000,0.000,0.000,0.000,1.000,1.000,0.000,30.056,30.237,0.741,51.892,5.000,0.10000000149011612,371.8241882324219,399.0,103.0
26.255,13:15:10.410,445.910,10.639,4744.188,0.000,0.000,0.000,0.000,0.000,0.000,1.000,1.000,0.000,30.056,30.237,0.741,51.892,5.000,0.10000000149011612,371.8241882324219,399.0,103.0
26.319,13:15:10.666,449.369,10.247,4604.522,0.000,0.000,0.000,0.000,0.000,0.000,1.000,1.000,0.000,30.056,30.237,0.741,51.892,5.000,0.10000000149011612,371.8241882324219,399.0,103.0
26.575,13:15:10.810,449.369,10.247,4604.522,0.000,0.000,0.000,0.000,0.000,0.000,1.000,1.000,0.000,29.656,29.837,0.726,51.876,5.000,0.10000000149011612,371.8241882324219,399.0,103.0
26.718,13:15:10.874,449.232,10.261,4609.714,0.000,0.000,0.000,0.000,0.000,0.000,1.000,1.000,0.000,29.656,29.837,0.726,51.876,5.000,0.10000000149011612,371.8241882324219,399.0,103.0
26.783,13:15:10.938,449.232,10.261,4609.714,0.000,0.000,0.000,0.000,0.000,0.000,1.000,1.000,0.000,29.656,29.837,0.726,51.876,5.000,0.10000000149011612,371.8241882324219,399.0,103.0
26.846,13:15:11.082,449.232,10.261,4609.714,0.000,0.000,0.000,0.000,0.000,0.000,1.000,1.000,0.000,29.656,29.837,0.726,51.859,5.000,0.10000000149011612,371.8241882324219,399.0,103.0
26.990,13:15:11.146,449.232,10.261,4609.714,0.000,0.000,0.000,0.000,0.000,0.000,1.000,1.000,0.000,29.656,29.837,0.726,51.859,5.000,0.10000000149011612,371.8241882324219,399.0,103.0
27.055,13:15:11.210,449.232,10.261,4609.714,0.000,0.000,0.000,0.000,0.000,0.000,1.000,1.000,0.000,29.656,29.837,0.726,51.859,5.000,0.10000000149011612,371.8241882324219,399.0,103.0
27.119,13:15:11.353,449.381,10.245,4603.964,0.000,0.000,0.000,0.000,0.000,0.000,1.000,1.000,0.000,29.656,29.837,0.726,51.856,5.000,0.10000000149011612,371.8241882324219,399.0,103.0
27.263,13:15:11.418,449.381,10.245,4603.964,0.000,0.000,0.000,0.000,0.000,0.000,1.000,1.000,0.000,29.656,29.837,0.726,51.856,5.000,0.10000000149011612,371.8241882324219,399.0,103.0
27.327,13:15:11.674,449.381,10.245,4603.964,0.000,0.000,0.000,0.000,0.000,0.000,1.000,1.000,0.000,29.656,29.837,0.726,51.856,5.000,0.10000000149011612,371.8241882324219,399.0,103.0
27.582,13:15:11.817,445.039,10.739,4779.316,0.000,0.000,0.000,0.000,0.000,0.000,1.000,1.000,0.000,30.417,30.237,0.752,51.828,5.000,0.10000000149011612,371.8241882324219,399.0,103.0
27.726,13:15:11.882,445.039,10.739,4779.316,0.000,0.000,0.000,0.000,0.000,0.000,1.000,1.000,0.000,30.417,30.237,0.752,51.828,5.000,0.10000000149011612,371.8241882324219,399.0,103.0
27.789,13:15:11.945,445.039,10.739,4779.316,0.000,0.000,0.000,0.000,0.000,0.000,1.000,1.000,0.000,30.417,30.237,0.752,51.828,5.000,0.10000000149011612,371.8241882324219,399.0,103.0
27.853,13:15:12.089,445.039,10.739,4779.316,0.000,0.000,0.000,0.000,0.000,0.000,1.000,1.000,0.000,30.417,30.237,0.752,51.828,5.000,0.10000000149011612,371.8241882324219,399.0,103.0
27.998,13:15:12.153,449.446,10.248,4606.048,0.000,0.000,0.000,0.000,0.000,0.000,1.000,1.000,0.000,30.417,30.237,0.752,51.828,5.000,0.10000000149011612,371.8241882324219,399.0,103.0
28.062,13:15:12.218,449.446,10.248,4606.048,0.000,0.000,0.000,0.000,0.000,0.000,1.000,1.000,0.000,30.417,30.237,0.752,51.828,5.000,0.10000000149011612,371.8241882324219,399.0,103.0
28.125,13:15:12.360,449.446,10.248,4606.048,0.000,0.000,0.000,0.000,0.000,0.000,1.000,1.000,0.000,29.618,29.437,0.725,51.816,5.000,0.10000000149011612,371.8241882324219,399.0,103.0
28.269,13:15:12.425,449.446,10.248,4606.048,0.000,0.000,0.000,0.000,0.000,0.000,1.000,1.000,0.000,29.618,29.437,0.725,51.816,5.000,0.10000000149011612,371.8241882324219,399.0,103.0
28.333,13:15:12.680,452.169,9.909,4480.686,0.000,0.000,0.000,0.000,0.000,0.000,1.000,1.000,0.000,29.618,29.437,0.725,51.816,5.000,0.10000000149011612,371.8241882324219,399.0,103.0
28.590,13:15:12.825,452.169,9.909,4480.686,0.000,0.000,0.000,0.000,0.000,0.000,1.000,1.000,0.000,29.256,29.437,0.712,51.759,5.000,0.10000000149011612,371.8241882324219,399.0,103.0
28.733,13:15:12.888,448.748,10.330,4635.512,0.000,0.000,0.000,0.000,0.000,0.000,1.000,1.000,0.000,29.256,29.437,0.712,51.759,5.000,0.10000000149011612,371.8241882324219,399.0,103.0
28.797,13:15:12.953,448.748,10.330,4635.512,0.000,0.000,0.000,0.000,0.000,0.000,1.000,1.000,0.000,29.256,29.437,0.712,51.759,5.000,0.10000000149011612,371.8241882324219,399.0,103.0
28.861,13:15:13.097,448.748,10.330,4635.512,0.000,0.000,0.000,0.000,0.000,0.000,1.000,1.000,0.000,30.056,30.237,0.737,51.782,5.000,0.10000000149011612,371.8241882324219,399.0,103.0
29.004,13:15:13.160,448.748,10.330,4635.512,0.000,0.000,0.000,0.000,0.000,0.000,1.000,1.000,0.000,30.056,30.237,0.737,51.782,5.000,0.10000000149011612,371.8241882324219,399.0,103.0
29.070,13:15:13.225,448.748,10.330,4635.512,0.000,0.000,0.000,0.000,0.000,0.000,1.000,1.000,0.000,30.056,30.237,0.737,51.782,5.000,0.10000000149011612,371.8241882324219,399.0,103.0
29.133,13:15:13.369,448.748,10.330,4635.512,0.000,0.000,0.000,0.000,0.000,0.000,1.000,1.000,0.000,29.657,29.837,0.726,51.775,5.000,0.10000000149011612,371.8241882324219,399.0,103.0
29.278,13:15:13.433,449.306,10.261,4610.376,0.000,0.000,0.000,0.000,0.000,0.000,1.000,1.000,0.000,29.657,29.837,0.726,51.775,5.000,0.10000000149011612,371.8241882324219,399.0,103.0
29.341,13:15:13.687,449.306,10.261,4610.376,0.000,0.000,0.000,0.000,0.000,0.000,1.000,1.000,0.000,29.657,29.837,0.726,51.775,5.000,0.10000000149011612,371.8241882324219,399.0,103.0
29.597,13:15:13.832,449.162,10.276,4615.699,0.000,0.000,0.000,0.000,0.000,0.000,1.000,1.000,0.000,29.656,29.837,0.726,51.756,5.000,0.10000000149011612,371.8241882324219,399.0,103.0
29.741,13:15:13.897,449.162,10.276,4615.699,0.000,0.000,0.000,0.000,0.000,0.000,1.000,1.000,0.000,29.656,29.837,0.726,51.756,5.000,0.10000000149011612,371.8241882324219,399.0,103.0
29.804,13:15:13.960,449.162,10.276,4615.699,0.000,0.000,0.000,0.000,0.000,0.000,1.000,1.000,0.000,29.656,29.837,0.726,51.756,5.000,0.10000000149011612,371.8241882324219,399.0,103.0
29.868,13:15:14.104,449.162,10.276,4615.699,0.000,0.000,0.000,0.000,0.000,0.000,1.000,1.000,0.000,29.656,29.837,0.726,51.756,5.000,0.10000000149011612,371.8241882324219,399.0,103.0
30.013,13:15:14.168,451.926,9.941,4492.418,0.000,0.000,0.000,0.000,0.000,0.000,1.000,1.000,0.000,29.656,29.837,0.726,51.756,5.000,0.10000000149011612,371.8241882324219,399.0,103.0
30.077,13:15:14.232,451.926,9.941,4492.418,0.000,0.000,0.000,0.000,0.000,0.000,1.000,1.000,0.000,29.656,29.837,0.726,51.756,5.000,0.10000000149011612,371.8241882324219,399.0,103.0
30.140,13:15:14.375,451.926,9.941,4492.418,0.000,0.000,0.000,0.000,0.000,0.000,1.000,1.000,0.000,29.656,29.837,0.722,51.721,5.000,0.10000000149011612,371.8241882324219,399.0,103.0
30.285,13:15:14.440,451.926,9.941,4492.418,0.000,0.000,0.000,0.000,0.000,0.000,1.000,1.000,0.000,29.656,29.837,0.722,51.721,5.000,0.10000000149011612,371.8241882324219,399.0,103.0
30.349,13:15:14.696,451.926,9.941,4492.418,0.000,0.000,0.000,0.000,0.000,0.000,1.000,1.000,0.000,29.656,29.837,0.722,51.721,5.000,0.10000000149011612,371.8241882324219,399.0,103.0
30.604,13:15:14.840,448.894,10.309,4627.834,0.000,0.000,0.000,0.000,0.000,0.000,1.000,1.000,0.000,30.056,30.237,0.737,51.725,5.000,0.10000000149011612,371.8241882324219,399.0,103.0
30.748,13:15:14.903,448.894,10.309,4627.834,0.000,0.000,0.000,0.000,0.000,0.000,1.000,1.000,0.000,30.056,30.237,0.737,51.725,5.000,0.10000000149011612,371.8241882324219,399.0,103.0
30.812,13:15:14.968,450.524,10.125,4561.663,0.000,0.000,0.000,0.000,0.000,0.000,1.000,1.000,0.000,30.056,30.237,0.737,51.725,5.000,0.10000000149011612,371.8241882324219,399.0,103.0
30.876,13:15:15.112,450.524,10.125,4561.663,0.000,0.000,0.000,0.000,0.000,0.000,1.000,1.000,0.000,29.657,29.837,0.724,51.707,5.000,0.10000000149011612,371.8241882324219,399.0,103.0
31.019,13:15:15.175,450.524,10.125,4561.663,0.000,0.000,0.000,0.000,0.000,0.000,1.000,1.000,0.000,29.657,29.837,0.724,51.707,5.000,0.10000000149011612,371.8241882324219,399.0,103.0
31.084,13:15:15.240,450.524,10.125,4561.663,0.000,0.000,0.000,0.000,0.000,0.000,1.000,1.000,0.000,29.657,29.837,0.724,51.707,5.000,0.10000000149011612,371.8241882324219,399.0,103.0
31.147,13:15:15.383,450.524,10.125,4561.663,0.000,0.000,0.000,0.000,0.000,0.000,1.000,1.000,0.000,30.416,30.237,0.754,51.711,5.000,0.10000000149011612,371.8241882324219,399.0,103.0
31.292,13:15:15.448,443.972,10.854,4818.772,0.000,0.000,0.000,0.000,0.000,0.000,1.000,1.000,0.000,30.416,30.237,0.754,51.711,5.000,0.10000000149011612,371.8241882324219,399.0,103.0
31.355,13:15:15.703,443.972,10.854,4818.772,0.000,0.000,0.000,0.000,0.000,0.000,1.000,1.000,0.000,30.416,30.237,0.754,51.711,5.000,0.10000000149011612,371.8241882324219,399.0,103.0
31.612,13:15:15.847,516.636,9.474,4894.824,0.000,0.000,0.000,0.000,0.000,0.000,1.000,1.000,0.000,30.057,30.237,0.640,51.560,5.000,0.10000000149011612,371.8241882324219,399.0,103.0
31.756,13:15:15.911,516.636,9.474,4894.824,0.000,0.000,0.000,0.000,0.000,0.000,1.000,1.000,0.000,30.057,30.237,0.640,51.560,5.000,0.10000000149011612,371.8241882324219,399.0,103.0
31.819,13:15:15.975,516.636,9.474,4894.824,0.000,0.000,0.000,0.000,0.000,0.000,1.000,1.000,0.000,30.057,30.237,0.640,51.560,5.000,0.10000000149011612,371.8241882324219,399.0,103.0
31.883,13:15:16.119,516.636,9.474,4894.824,0.000,0.000,0.000,0.000,0.000,0.000,1.000,1.000,0.000,30.057,30.237,0.640,51.560,5.000,0.10000000149011612,371.8241882324219,399.0,103.0
32.028,13:15:16.183,516.023,9.680,4994.850,0.000,0.000,0.000,0.000,0.000,0.000,1.000,1.000,0.000,30.057,30.237,0.640,51.560,5.000,0.10000000149011612,371.8241882324219,399.0,103.0
32.092,13:15:16.247,516.023,9.680,4994.850,0.000,0.000,0.000,0.000,0.000,0.000,1.000,1.000,0.000,30.057,30.237,0.640,51.560,5.000,0.10000000149011612,371.8241882324219,399.0,103.0
32.155,13:15:16.390,516.023,9.680,4994.850,0.000,0.000,0.000,0.000,0.000,0.000,1.000,1.000,0.000,30.455,30.637,0.649,51.585,5.000,0.10000000149011612,371.8241882324219,399.0,103.0
32.299,13:15:16.454,516.023,9.680,4994.850,0.000,0.000,0.000,0.000,0.000,0.000,1.000,1.000,0.000,30.455,30.637,0.649,51.585,5.000,0.10000000149011612,371.8241882324219,399.0,103.0
32.363,13:15:16.710,516.023,9.680,4994.850,0.000,0.000,0.000,0.000,0.000,0.000,1.000,1.000,0.000,30.455,30.637,0.649,51.585,5.000,0.10000000149011612,371.8241882324219,399.0,103.0
32.619,13:15:16.855,514.389,10.304,5300.517,0.000,0.000,0.000,0.000,0.000,0.000,1.000,1.000,0.000,31.256,31.437,0.668,51.637,5.000,0.10000000149011612,371.8241882324219,399.0,103.0
32.763,13:15:16.919,514.389,10.304,5300.517,0.000,0.000,0.000,0.000,0.000,0.000,1.000,1.000,0.000,31.256,31.437,0.668,51.637,5.000,0.10000000149011612,371.8241882324219,399.0,103.0
32.826,13:15:16.981,512.758,10.921,5599.882,0.000,0.000,0.000,0.000,0.000,0.000,1.000,1.000,0.000,31.256,31.437,0.668,51.637,5.000,0.10000000149011612,371.8241882324219,399.0,103.0
32.891,13:15:17.126,512.758,10.921,5599.882,0.000,0.000,0.000,0.000,0.000,0.000,1.000,1.000,0.000,32.056,32.237,0.688,51.711,5.000,0.10000000149011612,371.8241882324219,399.0,103.0
33.035,13:15:17.190,512.758,10.921,5599.882,0.000,0.000,0.000,0.000,0.000,0.000,1.000,1.000,0.000,32.056,32.237,0.688,51.711,5.000,0.10000000149011612,371.8241882324219,399.0,103.0
33.099,13:15:17.254,512.758,10.921,5599.882,0.000,0.000,0.000,0.000,0.000,0.000,1.000,1.000,0.000,32.056,32.237,0.688,51.711,5.000,0.10000000149011612,371.8241882324219,399.0,103.0
33.163,13:15:17.399,512.758,10.921,5599.882,0.000,0.000,0.000,0.000,0.000,0.000,1.000,1.000,0.000,32.856,33.037,0.707,51.760,5.000,0.10000000149011612,371.8241882324219,399.0,103.0
33.307,13:15:17.462,510.922,11.590,5921.446,0.000,0.000,0.000,0.000,0.000,0.000,1.000,1.000,0.000,32.856,33.037,0.707,51.760,5.000,0.10000000149011612,371.8241882324219,399.0,103.0
33.370,13:15:17.717,510.922,11.590,5921.446,0.000,0.000,0.000,0.000,0.000,0.000,1.000,1.000,0.000,32.856,33.037,0.707,51.760,5.000,0.10000000149011612,371.8241882324219,399.0,103.0
33.626,13:15:17.861,508.932,12.332,6276.131,0.000,0.000,0.000,0.000,0.000,0.000,1.000,1.000,0.000,33.656,33.837,0.727,51.829,5.000,0.10000000149011612,371.8241882324219,399.0,103.0
33.770,13:15:17.925,508.932,12.332,6276.131,0.000,0.000,0.000,0.000,0.000,0.000,1.000,1.000,0.000,33.656,33.837,0.727,51.829,5.000,0.10000000149011612,371.8241882324219,399.0,103.0
33.835,13:15:17.990,508.932,12.332,6276.131,0.000,0.000,0.000,0.000,0.000,0.000,1.000,1.000,0.000,33.656,33.837,0.727,51.829,5.000,0.10000000149011612,371.8241882324219,399.0,103.0
33.897,13:15:18.133,508.932,12.332,6276.131,0.000,0.000,0.000,0.000,0.000,0.000,1.000,1.000,0.000,33.656,33.837,0.727,51.829,5.000,0.10000000149011612,371.8241882324219,399.0,103.0
34.041,13:15:18.197,506.759,13.109,6642.878,0.000,0.000,0.000,0.000,0.000,0.000,1.000,1.000,0.000,33.656,33.837,0.727,51.829,5.000,0.10000000149011612,371.8241882324219,399.0,103.0
34.106,13:15:18.261,506.759,13.109,6642.878,0.000,0.000,0.000,0.000,0.000,0.000,1.000,1.000,0.000,33.656,33.837,0.727,51.829,5.000,0.10000000149011612,371.8241882324219,399.0,103.0
34.170,13:15:18.406,506.759,13.109,6642.878,0.000,0.000,0.000,0.000,0.000,0.000,1.000,1.000,0.000,34.456,34.637,0.748,51.946,5.000,0.10000000149011612,371.8241882324219,399.0,103.0
34.314,13:15:18.469,506.759,13.109,6642.878,0.000,0.000,0.000,0.000,0.000,0.000,1.000,1.000,0.000,34.456,34.637,0.748,51.946,5.000,0.10000000149011612,371.8241882324219,399.0,103.0
34.378,13:15:18.725,506.759,13.109,6642.878,0.000,0.000,0.000,0.000,0.000,0.000,1.000,1.000,0.000,34.456,34.637,0.748,51.946,5.000,0.10000000149011612,371.8241882324219,399.0,103.0
34.634,13:15:18.870,504.358,13.963,7042.397,0.000,0.000,0.000,0.000,0.000,0.000,1.000,1.000,0.000,35.256,35.437,0.769,52.032,5.000,0.10000000149011612,371.8241882324219,399.0,103.0
34.777,13:15:18.932,504.358,13.963,7042.397,0.000,0.000,0.000,0.000,0.000,0.000,1.000,1.000,0.000,35.256,35.437,0.769,52.032,5.000,0.10000000149011612,371.8241882324219,399.0,103.0
34.842,13:15:18.997,501.783,14.840,7446.354,0.000,0.000,0.000,0.000,0.000,0.000,1.000,1.000,0.000,35.256,35.437,0.769,52.032,5.000,0.10000000149011612,371.8241882324219,399.0,103.0
34.905,13:15:19.141,501.783,14.840,7446.354,0.000,0.000,0.000,0.000,0.000,0.000,1.000,1.000,0.000,36.055,36.237,0.790,52.145,5.000,0.10000000149011612,371.8241882324219,399.0,103.0
35.050,13:15:19.205,501.783,14.840,7446.354,0.000,0.000,0.000,0.000,0.000,0.000,1.000,1.000,0.000,36.055,36.237,0.790,52.145,5.000,0.10000000149011612,371.8241882324219,399.0,103.0
35.113,13:15:19.268,501.783,14.840,7446.354,0.000,0.000,0.000,0.000,0.000,0.000,1.000,1.000,0.000,36.055,36.237,0.790,52.145,5.000,0.10000000149011612,371.8241882324219,399.0,103.0
35.177,13:15:19.413,501.783,14.840,7446.354,0.000,0.000,0.000,0.000,0.000,0.000,1.000,1.000,0.000,36.856,37.037,0.813,52.241,5.000,0.10000000149011612,371.8241882324219,399.0,103.0
35.322,13:15:19.477,498.715,15.807,7882.973,0.000,0.000,0.000,0.000,0.000,0.000,1.000,1.000,0.000,36.856,37.037,0.813,52.241,5.000,0.10000000149011612,371.8241882324219,399.0,103.0
35.384,13:15:19.733,498.715,15.807,7882.973,0.000,0.000,0.000,0.000,0.000,0.000,1.000,1.000,0.000,36.856,37.037,0.813,52.241,5.000,0.10000000149011612,371.8241882324219,399.0,103.0
35.641,13:15:19.877,495.225,16.866,8352.682,0.000,0.000,0.000,0.000,0.000,0.000,1.000,1.000,0.000,37.655,37.837,0.836,52.079,5.000,0.10000000149011612,371.8241882324219,399.0,103.0
35.784,13:15:19.940,495.225,16.866,8352.682,0.000,0.000,0.000,0.000,0.000,0.000,1.000,1.000,0.000,37.655,37.837,0.836,52.079,5.000,0.10000000149011612,371.8241882324219,399.0,103.0
35.848,13:15:20.004,495.225,16.866,8352.682,0.000,0.000,0.000,0.000,0.000,0.000,1.000,1.000,0.000,37.655,37.837,0.836,52.079,5.000,0.10000000149011612,371.8241882324219,399.0,103.0
35.914,13:15:20.148,495.225,16.866,8352.682,0.000,0.000,0.000,0.000,0.000,0.000,1.000,1.000,0.000,37.655,37.837,0.836,52.079,5.000,0.10000000149011612,371.8241882324219,399.0,103.0
36.056,13:15:20.211,491.193,18.008,8845.199,0.000,0.000,0.000,0.000,0.000,0.000,1.000,1.000,0.000,37.655,37.837,0.836,52.079,5.000,0.10000000149011612,371.8241882324219,399.0,103.0
36.120,13:15:20.275,491.193,18.008,8845.199,0.000,0.000,0.000,0.000,0.000,0.000,1.000,1.000,0.000,37.655,37.837,0.836,52.079,5.000,0.10000000149011612,371.8241882324219,399.0,103.0
36.184,13:15:20.419,491.193,18.008,8845.199,0.000,0.000,0.000,0.000,0.000,0.000,1.000,1.000,0.000,38.456,38.637,0.861,52.080,5.000,0.10000000149011612,371.8241882324219,399.0,103.0
36.328,13:15:20.483,491.193,18.008,8845.199,0.000,0.000,0.000,0.000,0.000,0.000,1.000,1.000,0.000,38.456,38.637,0.861,52.080,5.000,0.10000000149011612,371.8241882324219,399.0,103.0
36.392,13:15:20.739,491.193,18.008,8845.199,0.000,0.000,0.000,0.000,0.000,0.000,1.000,1.000,0.000,38.456,38.637,0.861,52.080,5.000,0.10000000149011612,371.8241882324219,399.0,103.0
36.648,13:15:20.884,486.436,19.288,9382.262,0.000,0.000,0.000,0.000,0.000,0.000,1.000,1.000,0.000,39.256,39.437,0.888,52.057,5.000,0.10000000149011612,371.8241882324219,399.0,103.0
36.793,13:15:20.948,486.436,19.288,9382.262,0.000,0.000,0.000,0.000,0.000,0.000,1.000,1.000,0.000,39.256,39.437,0.888,52.057,5.000,0.10000000149011612,371.8241882324219,399.0,103.0
36.857,13:15:21.012,486.436,19.288,9382.262,0.000,0.000,0.000,0.000,0.000,0.000,1.000,1.000,0.000,39.256,39.437,0.888,52.057,5.000,0.10000000149011612,371.8241882324219,399.0,103.0
36.921,13:15:21.155,480.848,20.654,9931.372,0.000,0.000,0.000,0.000,0.000,0.000,1.000,1.000,0.000,40.056,40.237,0.916,51.973,5.000,0.10000000149011612,371.8241882324219,399.0,103.0
37.064,13:15:21.219,480.848,20.654,9931.372,0.000,0.000,0.000,0.000,0.000,0.000,1.000,1.000,0.000,40.056,40.237,0.916,51.973,5.000,0.10000000149011612,371.8241882324219,399.0,103.0
37.128,13:15:21.284,480.848,20.654,9931.372,0.000,0.000,0.000,0.000,0.000,0.000,1.000,1.000,0.000,40.056,40.237,0.916,51.973,5.000,0.10000000149011612,371.8241882324219,399.0,103.0
37.192,13:15:21.428,480.848,20.654,9931.372,0.000,0.000,0.000,0.000,0.000,0.000,1.000,1.000,0.000,40.056,40.237,0.916,51.973,5.000,0.10000000149011612,371.8241882324219,399.0,103.0
37.336,13:15:21.491,474.320,22.056,10461.558,0.000,0.000,0.000,0.000,0.000,0.000,1.000,1.000,0.000,40.056,40.237,0.916,51.973,5.000,0.10000000149011612,371.8241882324219,399.0,103.0
37.400,13:15:21.748,474.320,22.056,10461.558,0.000,0.000,0.000,0.000,0.000,0.000,1.000,1.000,0.000,40.056,40.237,0.916,51.973,5.000,0.10000000149011612,371.8241882324219,399.0,103.0
37.656,13:15:21.891,474.320,22.056,10461.558,0.000,0.000,0.000,0.000,0.000,0.000,1.000,1.000,0.000,41.255,41.437,0.940,52.178,5.000,0.10000000149011612,371.8241882324219,399.0,103.0
37.800,13:15:21.955,471.011,22.722,10702.294,0.000,0.000,0.000,0.000,0.000,0.000,1.000,1.000,0.000,41.255,41.437,0.940,52.178,5.000,0.10000000149011612,371.8241882324219,399.0,103.0
37.864,13:15:22.019,471.011,22.722,10702.294,0.000,0.000,0.000,0.000,0.000,0.000,1.000,1.000,0.000,41.255,41.437,0.940,52.178,5.000,0.10000000149011612,371.8241882324219,399.0,103.0
37.927,13:15:22.164,471.011,22.722,10702.294,0.000,0.000,0.000,0.000,0.000,0.000,1.000,1.000,0.000,41.255,41.437,0.940,52.178,5.000,0.10000000149011612,371.8241882324219,399.0,103.0
38.072,13:15:22.227,471.011,22.722,10702.294,0.000,0.000,0.000,0.000,0.000,0.000,1.000,1.000,0.000,41.255,41.437,0.940,52.178,5.000,0.10000000149011612,371.8241882324219,399.0,103.0
38.136,13:15:22.291,468.128,23.249,10883.492,0.000,0.000,0.000,0.000,0.000,0.000,1.000,1.000,0.000,41.255,41.437,0.940,52.178,5.000,0.10000000149011612,371.8241882324219,399.0,103.0
38.200,13:15:22.435,468.128,23.249,10883.492,0.000,0.000,0.000,0.000,0.000,0.000,1.000,1.000,0.000,41.217,41.037,0.940,52.366,5.000,0.10000000149011612,371.8241882324219,399.0,103.0
38.344,13:15:22.499,468.128,23.249,10883.492,0.000,0.000,0.000,0.000,0.000,0.000,1.000,1.000,0.000,41.217,41.037,0.940,52.366,5.000,0.10000000149011612,371.8241882324219,399.0,103.0
38.408,13:15:22.755,468.128,23.249,10883.492,0.000,0.000,0.000,0.000,0.000,0.000,1.000,1.000,0.000,41.217,41.037,0.940,52.366,5.000,0.10000000149011612,371.8241882324219,399.0,103.0
38.663,13:15:22.899,467.868,23.293,10898.276,0.000,0.000,0.000,0.000,0.000,0.000,1.000,1.000,0.000,41.255,41.437,0.940,52.500,5.000,0.10000000149011612,371.8241882324219,399.0,103.0
38.807,13:15:22.962,467.868,23.293,10898.276,0.000,0.000,0.000,0.000,0.000,0.000,1.000,1.000,0.000,41.255,41.437,0.940,52.500,5.000,0.10000000149011612,371.8241882324219,399.0,103.0
38.871,13:15:23.026,467.868,23.293,10898.276,0.000,0.000,0.000,0.000,0.000,0.000,1.000,1.000,0.000,41.255,41.437,0.940,52.500,5.000,0.10000000149011612,371.8241882324219,399.0,103.0
38.935,13:15:23.170,470.928,22.763,10719.687,0.000,0.000,0.000,0.000,0.000,0.000,1.000,1.000,0.000,41.255,41.437,0.940,52.677,5.000,0.10000000149011612,371.8241882324219,399.0,103.0
39.079,13:15:23.235,470.928,22.763,10719.687,0.000,0.000,0.000,0.000,0.000,0.000,1.000,1.000,0.000,41.255,41.437,0.940,52.677,5.000,0.10000000149011612,371.8241882324219,399.0,103.0
39.142,13:15:23.297,470.928,22.763,10719.687,0.000,0.000,0.000,0.000,0.000,0.000,1.000,1.000,0.000,41.255,41.437,0.940,52.677,5.000,0.10000000149011612,371.8241882324219,399.0,103.0
39.206,13:15:23.442,470.928,22.763,10719.687,0.000,0.000,0.000,0.000,0.000,0.000,1.000,1.000,0.000,41.255,41.437,0.940,52.677,5.000,0.10000000149011612,371.8241882324219,399.0,103.0
39.350,13:15:23.506,467.278,23.392,10930.385,0.000,0.000,0.000,0.000,0.000,0.000,1.000,1.000,0.000,41.255,41.437,0.940,52.677,5.000,0.10000000149011612,371.8241882324219,399.0,103.0
39.414,13:15:23.762,467.278,23.392,10930.385,0.000,0.000,0.000,0.000,0.000,0.000,1.000,1.000,0.000,41.255,41.437,0.940,52.677,5.000,0.10000000149011612,371.8241882324219,399.0,103.0
39.671,13:15:23.905,467.278,23.392,10930.385,0.000,0.000,0.000,0.000,0.000,0.000,1.000,1.000,0.000,41.255,41.437,0.908,52.933,5.000,0.10000000149011612,371.8241882324219,399.0,103.0
39.814,13:15:23.970,499.770,21.790,10889.974,0.000,0.000,0.000,0.000,0.000,0.000,1.000,1.000,0.000,41.255,41.437,0.908,52.933,5.000,0.10000000149011612,371.8241882324219,399.0,103.0
39.879,13:15:24.034,499.770,21.790,10889.974,0.000,0.000,0.000,0.000,0.000,0.000,1.000,1.000,0.000,41.255,41.437,0.908,52.933,5.000,0.10000000149011612,371.8241882324219,399.0,103.0
39.942,13:15:24.178,499.770,21.790,10889.974,0.000,0.000,0.000,0.000,0.000,0.000,1.000,1.000,0.000,41.255,41.437,0.908,52.933,5.000,0.10000000149011612,371.8241882324219,399.0,103.0
40.086,13:15:24.241,499.770,21.790,10889.974,0.000,0.000,0.000,0.000,0.000,0.000,1.000,1.000,0.000,41.255,41.437,0.908,52.933,5.000,0.10000000149011612,371.8241882324219,399.0,103.0
40.150,13:15:24.305,497.105,23.023,11444.625,0.000,0.000,0.000,0.000,0.000,0.000,1.000,1.000,0.000,41.255,41.437,0.908,52.933,5.000,0.10000000149011612,371.8241882324219,399.0,103.0
40.214,13:15:24.449,497.105,23.023,11444.625,0.000,0.000,0.000,0.000,0.000,0.000,1.000,1.000,0.000,42.056,42.237,0.931,53.054,5.000,0.10000000149011612,371.8241882324219,399.0,103.0
40.358,13:15:24.514,497.105,23.023,11444.625,0.000,0.000,0.000,0.000,0.000,0.000,1.000,1.000,0.000,42.056,42.237,0.931,53.054,5.000,0.10000000149011612,371.8241882324219,399.0,103.0
40.422,13:15:24.769,497.105,23.023,11444.625,0.000,0.000,0.000,0.000,0.000,0.000,1.000,1.000,0.000,42.056,42.237,0.931,53.054,5.000,0.10000000149011612,371.8241882324219,399.0,103.0
40.678,13:15:24.914,494.363,24.219,11972.746,0.000,0.000,0.000,0.000,0.000,0.000,1.000,1.000,0.000,42.856,43.037,0.940,53.119,5.000,0.10000000149011612,371.8241882324219,399.0,103.0
40.822,13:15:24.978,494.363,24.219,11972.746,0.000,0.000,0.000,0.000,0.000,0.000,1.000,1.000,0.000,42.856,43.037,0.940,53.119,5.000,0.10000000149011612,371.8241882324219,399.0,103.0
40.886,13:15:25.041,494.363,24.219,11972.746,0.000,0.000,0.000,0.000,0.000,0.000,1.000,1.000,0.000,42.856,43.037,0.940,53.119,5.000,0.10000000149011612,371.8241882324219,399.0,103.0
40.949,13:15:25.185,491.494,25.460,12513.515,0.000,0.000,0.000,0.000,0.000,0.000,1.000,1.000,0.000,43.656,43.837,0.940,53.265,5.000,0.10000000149011612,371.8241882324219,399.0,103.0
41.094,13:15:25.249,491.494,25.460,12513.515,0.000,0.000,0.000,0.000,0.000,0.000,1.000,1.000,0.000,43.656,43.837,0.940,53.265,5.000,0.10000000149011612,371.8241882324219,399.0,103.0
41.157,13:15:25.312,491.494,25.460,12513.515,0.000,0.000,0.000,0.000,0.000,0.000,1.000,1.000,0.000,43.656,43.837,0.940,53.265,5.000,0.10000000149011612,371.8241882324219,399.0,103.0
41.221,13:15:25.457,491.494,25.460,12513.515,0.000,0.000,0.000,0.000,0.000,0.000,1.000,1.000,0.000,43.656,43.837,0.940,53.265,5.000,0.10000000149011612,371.8241882324219,399.0,103.0
41.365,13:15:25.521,488.286,26.789,13080.494,0.000,0.000,0.000,0.000,0.000,0.000,1.000,1.000,0.000,43.656,43.837,0.940,53.265,5.000,0.10000000149011612,371.8241882324219,399.0,103.0
41.429,13:15:25.777,488.286,26.789,13080.494,0.000,0.000,0.000,0.000,0.000,0.000,1.000,1.000,0.000,43.656,43.837,0.940,53.265,5.000,0.10000000149011612,371.8241882324219,399.0,103.0
41.685,13:15:25.920,488.286,26.789,13080.494,0.000,0.000,0.000,0.000,0.000,0.000,1.000,1.000,0.000,45.256,45.437,0.940,53.562,5.000,0.10000000149011612,371.8241882324219,399.0,103.0
41.829,13:15:25.985,484.741,28.182,13660.806,0.000,0.000,0.000,0.000,0.000,0.000,1.000,1.000,0.000,45.256,45.437,0.940,53.562,5.000,0.10000000149011612,371.8241882324219,399.0,103.0
41.893,13:15:26.049,484.741,28.182,13660.806,0.000,0.000,0.000,0.000,0.000,0.000,1.000,1.000,0.000,45.256,45.437,0.940,53.562,5.000,0.10000000149011612,371.8241882324219,399.0,103.0
41.957,13:15:26.192,484.741,28.182,13660.806,0.000,0.000,0.000,0.000,0.000,0.000,1.000,1.000,0.000,45.256,45.437,0.940,53.562,5.000,0.10000000149011612,371.8241882324219,399.0,103.0
42.100,13:15:26.256,484.741,28.182,13660.806,0.000,0.000,0.000,0.000,0.000,0.000,1.000,1.000,0.000,45.256,45.437,0.940,53.562,5.000,0.10000000149011612,371.8241882324219,399.0,103.0
42.164,13:15:26.320,480.774,29.640,14250.251,0.000,0.000,0.000,0.000,0.000,0.000,1.000,1.000,0.000,45.256,45.437,0.940,53.562,5.000,0.10000000149011612,371.8241882324219,399.0,103.0
42.229,13:15:26.464,480.774,29.640,14250.251,0.000,0.000,0.000,0.000,0.000,0.000,1.000,1.000,0.000,46.056,46.237,0.940,53.800,5.000,0.10000000149011612,371.8241882324219,399.0,103.0
42.373,13:15:26.528,480.774,29.640,14250.251,0.000,0.000,0.000,0.000,0.000,0.000,1.000,1.000,0.000,46.056,46.237,0.940,53.800,5.000,0.10000000149011612,371.8241882324219,399.0,103.0
42.436,13:15:26.785,480.774,29.640,14250.251,0.000,0.000,0.000,0.000,0.000,0.000,1.000,1.000,0.000,46.056,46.237,0.940,53.800,5.000,0.10000000149011612,371.8241882324219,399.0,103.0
42.693,13:15:26.928,475.198,31.521,14978.541,0.000,0.000,0.000,0.000,0.000,0.000,1.000,1.000,0.000,46.855,47.037,0.940,54.177,5.000,0.10000000149011612,371.8241882324219,399.0,103.0
42.837,13:15:26.993,475.198,31.521,14978.541,0.000,0.000,0.000,0.000,0.000,0.000,1.000,1.000,0.000,46.855,47.037,0.940,54.177,5.000,0.10000000149011612,371.8241882324219,399.0,103.0
42.900,13:15:27.055,475.198,31.521,14978.541,0.000,0.000,0.000,0.000,0.000,0.000,1.000,1.000,0.000,46.855,47.037,0.940,54.177,5.000,0.10000000149011612,371.8241882324219,399.0,103.0
42.964,13:15:27.200,469.809,33.141,15569.922,0.000,0.000,0.000,0.000,0.000,0.000,1.000,1.000,0.000,47.656,47.837,0.940,54.495,5.000,0.10000000149011612,371.8241882324219,399.0,103.0
43.108,13:15:27.263,469.809,33.141,15569.922,0.000,0.000,0.000,0.000,0.000,0.000,1.000,1.000,0.000,47.656,47.837,0.940,54.495,5.000,0.10000000149011612,371.8241882324219,399.0,103.0
43.171,13:15:27.327,469.809,33.141,15569.922,0.000,0.000,0.000,0.000,0.000,0.000,1.000,1.000,0.000,47.656,47.837,0.940,54.495,5.000,0.10000000149011612,371.8241882324219,399.0,103.0
43.236,13:15:27.471,469.809,33.141,15569.922,0.000,0.000,0.000,0.000,0.000,0.000,1.000,1.000,0.000,47.656,47.837,0.940,54.495,5.000,0.10000000149011612,371.8241882324219,399.0,103.0
43.380,13:15:27.536,462.986,34.919,16166.994,0.000,0.000,0.000,0.000,0.000,0.000,1.000,1.000,0.000,47.656,47.837,0.940,54.495,5.000,0.10000000149011612,371.8241882324219,399.0,103.0
43.444,13:15:27.791,462.986,34.919,16166.994,0.000,0.000,0.000,0.000,0.000,0.000,1.000,1.000,0.000,47.656,47.837,0.940,54.495,5.000,0.10000000149011612,371.8241882324219,399.0,103.0
43.700,13:15:27.935,462.986,34.919,16166.994,0.000,0.000,0.000,0.000,0.000,0.000,1.000,1.000,0.000,48.457,48.637,0.940,54.863,5.000,0.10000000149011612,371.8241882324219,399.0,103.0
43.844,13:15:27.999,462.069,35.179,16255.339,0.000,0.000,0.000,0.000,0.000,0.000,1.000,1.000,0.000,48.457,48.637,0.940,54.863,5.000,0.10000000149011612,371.8241882324219,399.0,103.0
43.908,13:15:28.064,462.069,35.179,16255.339,0.000,0.000,0.000,0.000,0.000,0.000,1.000,1.000,0.000,48.457,48.637,0.940,54.863,5.000,0.10000000149011612,371.8241882324219,399.0,103.0
43.971,13:15:28.208,462.069,35.179,16255.339,0.000,0.000,0.000,0.000,0.000,0.000,1.000,1.000,0.000,48.456,48.637,0.940,55.241,5.000,0.10000000149011612,371.8241882324219,399.0,103.0
44.115,13:15:28.270,462.069,35.179,16255.339,0.000,0.000,0.000,0.000,0.000,0.000,1.000,1.000,0.000,48.456,48.637,0.940,55.241,5.000,0.10000000149011612,371.8241882324219,399.0,103.0
44.179,13:15:28.334,462.087,35.187,16259.373,0.000,0.000,0.000,0.000,0.000,0.000,1.000,1.000,0.000,48.456,48.637,0.940,55.241,5.000,0.10000000149011612,371.8241882324219,399.0,103.0
44.244,13:15:28.478,462.087,35.187,16259.373,0.000,0.000,0.000,0.000,0.000,0.000,1.000,1.000,0.000,48.456,48.637,0.940,55.620,5.000,0.10000000149011612,371.8241882324219,399.0,103.0
44.388,13:15:28.543,462.087,35.187,16259.373,0.000,0.000,0.000,0.000,0.000,0.000,1.000,1.000,0.000,48.456,48.637,0.940,55.620,5.000,0.10000000149011612,371.8241882324219,399.0,103.0
44.451,13:15:28.798,462.087,35.187,16259.373,0.000,0.000,0.000,0.000,0.000,0.000,1.000,1.000,0.000,48.456,48.637,0.940,55.620,5.000,0.10000000149011612,371.8241882324219,399.0,103.0
44.707,13:15:28.942,459.544,35.756,16431.496,0.000,0.000,0.000,0.000,0.000,0.000,1.000,1.000,0.000,48.818,48.637,0.940,56.022,5.000,0.10000000149011612,371.8241882324219,399.0,103.0
44.851,13:15:29.006,459.544,35.756,16431.496,0.000,0.000,0.000,0.000,0.000,0.000,1.000,1.000,0.000,48.818,48.637,0.940,56.022,5.000,0.10000000149011612,371.8241882324219,399.0,103.0
44.914,13:15:29.070,459.544,35.756,16431.496,0.000,0.000,0.000,0.000,0.000,0.000,1.000,1.000,0.000,48.818,48.637,0.940,56.022,5.000,0.10000000149011612,371.8241882324219,399.0,103.0
44.979,13:15:29.214,459.544,35.756,16431.496,0.000,0.000,0.000,0.000,0.000,0.000,1.000,1.000,0.000,48.418,48.237,0.940,56.291,5.000,0.10000000149011612,371.8241882324219,399.0,103.0
45.122,13:15:29.278,461.895,35.239,16276.695,0.000,0.000,0.000,0.000,0.000,0.000,1.000,1.000,0.000,48.418,48.237,0.940,56.291,5.000,0.10000000149011612,371.8241882324219,399.0,103.0
45.187,13:15:29.342,461.895,35.239,16276.695,0.000,0.000,0.000,0.000,0.000,0.000,1.000,1.000,0.000,48.418,48.237,0.940,56.291,5.000,0.10000000149011612,371.8241882324219,399.0,103.0
45.251,13:15:29.486,461.895,35.239,16276.695,0.000,0.000,0.000,0.000,0.000,0.000,1.000,1.000,0.000,48.418,48.237,0.940,56.291,5.000,0.10000000149011612,371.8241882324219,399.0,103.0
45.395,13:15:29.550,461.895,35.239,16276.695,0.000,0.000,0.000,0.000,0.000,0.000,1.000,1.000,0.000,48.418,48.237,0.940,56.291,5.000,0.10000000149011612,371.8241882324219,399.0,103.0
45.459,13:15:29.806,463.874,34.772,16129.810,0.000,0.000,0.000,0.000,0.000,0.000,1.000,1.000,0.000,48.418,48.237,0.940,56.291,5.000,0.10000000149011612,371.8241882324219,399.0,103.0
45.714,13:15:29.950,463.874,34.772,16129.810,0.000,0.000,0.000,0.000,0.000,0.000,1.000,1.000,0.000,48.456,48.637,0.940,56.630,5.000,0.10000000149011612,371.8241882324219,399.0,103.0
45.858,13:15:30.014,461.925,35.230,16273.740,0.000,0.000,0.000,0.000,0.000,0.000,1.000,1.000,0.000,48.456,48.637,0.940,56.630,5.000,0.10000000149011612,371.8241882324219,399.0,103.0
45.923,13:15:30.078,461.925,35.230,16273.740,0.000,0.000,0.000,0.000,0.000,0.000,1.000,1.000,0.000,48.456,48.637,0.940,56.630,5.000,0.10000000149011612,371.8241882324219,399.0,103.0
45.986,13:15:30.222,461.925,35.230,16273.740,0.000,0.000,0.000,0.000,0.000,0.000,1.000,1.000,0.000,48.456,48.637,0.940,56.942,5.000,0.10000000149011612,371.8241882324219,399.0,103.0
46.130,13:15:30.285,461.925,35.230,16273.740,0.000,0.000,0.000,0.000,0.000,0.000,1.000,1.000,0.000,48.456,48.637,0.940,56.942,5.000,0.10000000149011612,371.8241882324219,399.0,103.0
46.194,13:15:30.349,461.925,35.230,16273.740,0.000,0.000,0.000,0.000,0.000,0.000,1.000,1.000,0.000,48.456,48.637,0.940,56.942,5.000,0.10000000149011612,371.8241882324219,399.0,103.0
46.259,13:15:30.494,457.165,36.262,16577.701,0.000,0.000,0.000,0.000,0.000,0.000,1.000,1.000,0.000,48.818,48.637,0.940,57.179,5.000,0.10000000149011612,371.8241882324219,399.0,103.0
46.402,13:15:30.558,457.165,36.262,16577.701,0.000,0.000,0.000,0.000,0.000,0.000,1.000,1.000,0.000,48.818,48.637,0.940,57.179,5.000,0.10000000149011612,371.8241882324219,399.0,103.0
46.466,13:15:30.813,457.165,36.262,16577.701,0.000,0.000,0.000,0.000,0.000,0.000,1.000,1.000,0.000,48.818,48.637,0.940,57.179,5.000,0.10000000149011612,371.8241882324219,399.0,103.0
46.722,13:15:30.957,460.054,35.659,16405.229,0.000,0.000,0.000,0.000,0.000,0.000,1.000,1.000,0.000,48.818,48.637,0.940,57.424,5.000,0.10000000149011612,371.8241882324219,399.0,103.0
46.866,13:15:31.021,460.054,35.659,16405.229,0.000,0.000,0.000,0.000,0.000,0.000,1.000,1.000,0.000,48.818,48.637,0.940,57.424,5.000,0.10000000149011612,371.8241882324219,399.0,103.0
46.929,13:15:31.085,460.054,35.659,16405.229,0.000,0.000,0.000,0.000,0.000,0.000,1.000,1.000,0.000,48.818,48.637,0.940,57.424,5.000,0.10000000149011612,371.8241882324219,399.0,103.0
46.993,13:15:31.228,460.054,35.659,16405.229,0.000,0.000,0.000,0.000,0.000,0.000,1.000,1.000,0.000,48.456,48.637,0.940,57.625,5.000,0.10000000149011612,371.8241882324219,399.0,103.0
47.137,13:15:31.292,464.053,34.741,16121.632,0.000,0.000,0.000,0.000,0.000,0.000,1.000,1.000,0.000,48.456,48.637,0.940,57.625,5.000,0.10000000149011612,371.8241882324219,399.0,103.0
47.201,13:15:31.356,464.053,34.741,16121.632,0.000,0.000,0.000,0.000,0.000,0.000,1.000,1.000,0.000,48.456,48.637,0.940,57.625,5.000,0.10000000149011612,371.8241882324219,399.0,103.0
47.265,13:15:31.500,464.053,34.741,16121.632,0.000,0.000,0.000,0.000,0.000,0.000,1.000,1.000,0.000,48.456,48.637,0.940,57.625,5.000,0.10000000149011612,371.8241882324219,399.0,103.0
47.409,13:15:31.564,464.053,34.741,16121.632,0.000,0.000,0.000,0.000,0.000,0.000,1.000,1.000,0.000,48.456,48.637,0.940,57.625,5.000,0.10000000149011612,371.8241882324219,399.0,103.0
47.473,13:15:31.820,461.629,35.310,16300.305,0.000,0.000,0.000,0.000,0.000,0.000,1.000,1.000,0.000,48.456,48.637,0.940,57.625,5.000,0.10000000149011612,371.8241882324219,399.0,103.0
47.729,13:15:31.964,461.629,35.310,16300.305,0.000,0.000,0.000,0.000,0.000,0.000,1.000,1.000,0.000,48.418,48.237,0.940,57.797,5.000,0.10000000149011612,371.8241882324219,399.0,103.0
47.873,13:15:32.028,464.127,34.726,16117.489,0.000,0.000,0.000,0.000,0.000,0.000,1.000,1.000,0.000,48.418,48.237,0.940,57.797,5.000,0.10000000149011612,371.8241882324219,399.0,103.0
47.937,13:15:32.092,464.127,34.726,16117.489,0.000,0.000,0.000,0.000,0.000,0.000,1.000,1.000,0.000,48.418,48.237,0.940,57.797,5.000,0.10000000149011612,371.8241882324219,399.0,103.0
48.000,13:15:32.236,464.127,34.726,16117.489,0.000,0.000,0.000,0.000,0.000,0.000,1.000,1.000,0.000,48.456,48.637,0.940,57.980,5.000,0.10000000149011612,371.8241882324219,399.0,103.0
48.144,13:15:32.300,464.127,34.726,16117.489,0.000,0.000,0.000,0.000,0.000,0.000,1.000,1.000,0.000,48.456,48.637,0.940,57.980,5.000,0.10000000149011612,371.8241882324219,399.0,103.0
48.208,13:15:32.364,464.127,34.726,16117.489,0.000,0.000,0.000,0.000,0.000,0.000,1.000,1.000,0.000,48.456,48.637,0.940,57.980,5.000,0.10000000149011612,371.8241882324219,399.0,103.0
48.272,13:15:32.508,461.660,35.306,16299.521,0.000,0.000,0.000,0.000,0.000,0.000,1.000,1.000,0.000,48.456,48.637,0.940,58.145,5.000,0.10000000149011612,371.8241882324219,399.0,103.0
48.416,13:15:32.571,461.660,35.306,16299.521,0.000,0.000,0.000,0.000,0.000,0.000,1.000,1.000,0.000,48.456,48.637,0.940,58.145,5.000,0.10000000149011612,371.8241882324219,399.0,103.0
48.480,13:15:32.827,461.660,35.306,16299.521,0.000,0.000,0.000,0.000,0.000,0.000,1.000,1.000,0.000,48.456,48.637,0.940,58.145,5.000,0.10000000149011612,371.8241882324219,399.0,103.0
48.736,13:15:32.971,457.076,36.287,16586.104,0.000,0.000,0.000,0.000,0.000,0.000,1.000,1.000,0.000,48.818,48.637,0.940,58.305,5.000,0.10000000149011612,371.8241882324219,399.0,103.0
48.880,13:15:33.035,457.076,36.287,16586.104,0.000,0.000,0.000,0.000,0.000,0.000,1.000,1.000,0.000,48.818,48.637,0.940,58.305,5.000,0.10000000149011612,371.8241882324219,399.0,103.0
48.944,13:15:33.099,457.076,36.287,16586.104,0.000,0.000,0.000,0.000,0.000,0.000,1.000,1.000,0.000,48.818,48.637,0.940,58.305,5.000,0.10000000149011612,371.8241882324219,399.0,103.0
49.008,13:15:33.243,457.076,36.287,16586.104,0.000,0.000,0.000,0.000,0.000,0.000,1.000,1.000,0.000,48.418,48.237,0.940,58.457,5.000,0.10000000149011612,371.8241882324219,399.0,103.0
49.152,13:15:33.307,461.485,35.357,16316.623,0.000,0.000,0.000,0.000,0.000,0.000,1.000,1.000,0.000,48.418,48.237,0.940,58.457,5.000,0.10000000149011612,371.8241882324219,399.0,103.0
49.216,13:15:33.371,461.485,35.357,16316.623,0.000,0.000,0.000,0.000,0.000,0.000,1.000,1.000,0.000,48.418,48.237,0.940,58.457,5.000,0.10000000149011612,371.8241882324219,399.0,103.0
49.280,13:15:33.515,461.485,35.357,16316.623,0.000,0.000,0.000,0.000,0.000,0.000,1.000,1.000,0.000,48.418,48.237,0.940,58.457,5.000,0.10000000149011612,371.8241882324219,399.0,103.0
49.424,13:15:33.579,461.485,35.357,16316.623,0.000,0.000,0.000,0.000,0.000,0.000,1.000,1.000,0.000,48.418,48.237,0.940,58.457,5.000,0.10000000149011612,371.8241882324219,399.0,103.0
49.488,13:15:33.835,464.484,34.647,16092.777,0.000,0.000,0.000,0.000,0.000,0.000,1.000,1.000,0.000,48.418,48.237,0.940,58.457,5.000,0.10000000149011612,371.8241882324219,399.0,103.0
49.744,13:15:33.979,464.484,34.647,16092.777,0.000,0.000,0.000,0.000,0.000,0.000,1.000,1.000,0.000,48.456,48.637,0.940,58.596,5.000,0.10000000149011612,371.8241882324219,399.0,103.0
49.887,13:15:34.043,460.752,35.514,16363.198,0.000,0.000,0.000,0.000,0.000,0.000,1.000,1.000,0.000,48.456,48.637,0.940,58.596,5.000,0.10000000149011612,371.8241882324219,399.0,103.0
49.951,13:15:34.107,460.752,35.514,16363.198,0.000,0.000,0.000,0.000,0.000,0.000,1.000,1.000,0.000,48.456,48.637,0.940,58.596,5.000,0.10000000149011612,371.8241882324219,399.0,103.0
50.015,13:15:34.251,460.752,35.514,16363.198,0.000,0.000,0.000,0.000,0.000,0.000,1.000,1.000,0.000,48.818,48.637,0.940,58.710,5.000,0.10000000149011612,371.8241882324219,399.0,103.0
50.159,13:15:34.315,460.752,35.514,16363.198,0.000,0.000,0.000,0.000,0.000,0.000,1.000,1.000,0.000,48.818,48.637,0.940,58.710,5.000,0.10000000149011612,371.8241882324219,399.0,103.0
50.223,13:15:34.378,460.752,35.514,16363.198,0.000,0.000,0.000,0.000,0.000,0.000,1.000,1.000,0.000,48.818,48.637,0.940,58.710,5.000,0.10000000149011612,371.8241882324219,399.0,103.0
50.287,13:15:34.522,464.690,34.608,16082.107,0.000,0.000,0.000,0.000,0.000,0.000,1.000,1.000,0.000,48.456,48.637,0.940,58.806,5.000,0.10000000149011612,371.8241882324219,399.0,103.0
50.431,13:15:34.586,464.690,34.608,16082.107,0.000,0.000,0.000,0.000,0.000,0.000,1.000,1.000,0.000,48.456,48.637,0.940,58.806,5.000,0.10000000149011612,371.8241882324219,399.0,103.0
50.495,13:15:34.842,464.690,34.608,16082.107,0.000,0.000,0.000,0.000,0.000,0.000,1.000,1.000,0.000,48.456,48.637,0.940,58.806,5.000,0.10000000149011612,371.8241882324219,399.0,103.0
50.751,13:15:34.986,461.075,35.453,16346.546,0.000,0.000,0.000,0.000,0.000,0.000,1.000,1.000,0.000,48.856,49.037,0.940,58.954,5.000,0.10000000149011612,371.8241882324219,399.0,103.0
50.895,13:15:35.050,461.075,35.453,16346.546,0.000,0.000,0.000,0.000,0.000,0.000,1.000,1.000,0.000,48.856,49.037,0.940,58.954,5.000,0.10000000149011612,371.8241882324219,399.0,103.0
50.959,13:15:35.114,461.075,35.453,16346.546,0.000,0.000,0.000,0.000,0.000,0.000,1.000,1.000,0.000,48.856,49.037,0.940,58.954,5.000,0.10000000149011612,371.8241882324219,399.0,103.0
51.023,13:15:35.258,461.075,35.453,16346.546,0.000,0.000,0.000,0.000,0.000,0.000,1.000,1.000,0.000,48.856,49.037,0.940,58.954,5.000,0.10000000149011612,371.8241882324219,399.0,103.0
51.166,13:15:35.322,457.197,36.287,16590.518,0.000,0.000,0.000,0.000,0.000,0.000,1.000,1.000,0.000,48.856,49.037,0.940,58.954,5.000,0.10000000149011612,371.8241882324219,399.0,103.0
51.230,13:15:35.386,457.197,36.287,16590.518,0.000,0.000,0.000,0.000,0.000,0.000,1.000,1.000,0.000,48.856,49.037,0.940,58.954,5.000,0.10000000149011612,371.8241882324219,399.0,103.0
51.295,13:15:35.530,457.197,36.287,16590.518,0.000,0.000,0.000,0.000,0.000,0.000,1.000,1.000,0.000,48.818,48.637,0.940,59.033,5.000,0.10000000149011612,371.8241882324219,399.0,103.0
51.438,13:15:35.594,457.197,36.287,16590.518,0.000,0.000,0.000,0.000,0.000,0.000,1.000,1.000,0.000,48.818,48.637,0.940,59.033,5.000,0.10000000149011612,371.8241882324219,399.0,103.0
51.502,13:15:35.849,464.769,34.602,16081.943,0.000,0.000,0.000,0.000,0.000,0.000,1.000,1.000,0.000,48.818,48.637,0.940,59.033,5.000,0.10000000149011612,371.8241882324219,399.0,103.0
51.758,13:15:35.994,464.769,34.602,16081.943,0.000,0.000,0.000,0.000,0.000,0.000,1.000,1.000,0.000,48.456,48.637,0.940,59.161,5.000,0.10000000149011612,371.8241882324219,399.0,103.0
51.902,13:15:36.057,461.709,35.314,16304.836,0.000,0.000,0.000,0.000,0.000,0.000,1.000,1.000,0.000,48.456,48.637,0.940,59.161,5.000,0.10000000149011612,371.8241882324219,399.0,103.0
51.966,13:15:36.121,461.709,35.314,16304.836,0.000,0.000,0.000,0.000,0.000,0.000,1.000,1.000,0.000,48.456,48.637,0.940,59.161,5.000,0.10000000149011612,371.8241882324219,399.0,103.0
52.030,13:15:36.265,461.709,35.314,16304.836,0.000,0.000,0.000,0.000,0.000,0.000,1.000,1.000,0.000,48.418,48.237,0.940,59.236,5.000,0.10000000149011612,371.8241882324219,399.0,103.0
52.174,13:15:36.329,461.709,35.314,16304.836,0.000,0.000,0.000,0.000,0.000,0.000,1.000,1.000,0.000,48.418,48.237,0.940,59.236,5.000,0.10000000149011612,371.8241882324219,399.0,103.0
52.238,13:15:36.393,461.709,35.314,16304.836,0.000,0.000,0.000,0.000,0.000,0.000,1.000,1.000,0.000,48.418,48.237,0.940,59.236,5.000,0.10000000149011612,371.8241882324219,399.0,103.0
52.302,13:15:36.537,461.709,35.314,16304.836,0.000,0.000,0.000,0.000,0.000,0.000,1.000,1.000,0.000,48.056,48.237,0.940,59.354,5.000,0.10000000149011612,371.8241882324219,399.0,103.0
52.446,13:15:36.601,465.177,34.499,16048.263,0.000,0.000,0.000,0.000,0.000,0.000,1.000,1.000,0.000,48.056,48.237,0.940,59.354,5.000,0.10000000149011612,371.8241882324219,399.0,103.0
52.510,13:15:36.857,465.177,34.499,16048.263,0.000,0.000,0.000,0.000,0.000,0.000,1.000,1.000,0.000,48.056,48.237,0.940,59.354,5.000,0.10000000149011612,371.8241882324219,399.0,103.0
52.765,13:15:37.001,461.190,35.437,16343.044,0.000,0.000,0.000,0.000,0.000,0.000,1.000,1.000,0.000,48.818,48.637,0.940,59.425,5.000,0.10000000149011612,371.8241882324219,399.0,103.0
52.909,13:15:37.065,461.190,35.437,16343.044,0.000,0.000,0.000,0.000,0.000,0.000,1.000,1.000,0.000,48.818,48.637,0.940,59.425,5.000,0.10000000149011612,371.8241882324219,399.0,103.0
52.975,13:15:37.130,461.190,35.437,16343.044,0.000,0.000,0.000,0.000,0.000,0.000,1.000,1.000,0.000,48.818,48.637,0.940,59.425,5.000,0.10000000149011612,371.8241882324219,399.0,103.0
53.038,13:15:37.274,461.190,35.437,16343.044,0.000,0.000,0.000,0.000,0.000,0.000,1.000,1.000,0.000,48.818,48.637,0.940,59.425,5.000,0.10000000149011612,371.8241882324219,399.0,103.0
53.181,13:15:37.337,460.943,35.496,16361.500,0.000,0.000,0.000,0.000,0.000,0.000,1.000,1.000,0.000,48.818,48.637,0.940,59.425,5.000,0.10000000149011612,371.8241882324219,399.0,103.0
53.245,13:15:37.401,460.943,35.496,16361.500,0.000,0.000,0.000,0.000,0.000,0.000,1.000,1.000,0.000,48.818,48.637,0.940,59.425,5.000,0.10000000149011612,371.8241882324219,399.0,103.0
53.310,13:15:37.545,460.943,35.496,16361.500,0.000,0.000,0.000,0.000,0.000,0.000,1.000,1.000,0.000,48.818,48.637,0.940,59.522,5.000,0.10000000149011612,371.8241882324219,399.0,103.0
53.454,13:15:37.610,460.943,35.496,16361.500,0.000,0.000,0.000,0.000,0.000,0.000,1.000,1.000,0.000,48.818,48.637,0.940,59.522,5.000,0.10000000149011612,371.8241882324219,399.0,103.0
53.518,13:15:37.864,460.943,35.496,16361.500,0.000,0.000,0.000,0.000,0.000,0.000,1.000,1.000,0.000,48.818,48.637,0.940,59.522,5.000,0.10000000149011612,371.8241882324219,399.0,103.0
53.774,13:15:38.009,464.895,34.575,16073.903,0.000,0.000,0.000,0.000,0.000,0.000,1.000,1.000,0.000,48.456,48.637,0.940,59.610,5.000,0.10000000149011612,371.8241882324219,399.0,103.0
53.918,13:15:38.073,464.895,34.575,16073.903,0.000,0.000,0.000,0.000,0.000,0.000,1.000,1.000,0.000,48.456,48.637,0.940,59.610,5.000,0.10000000149011612,371.8241882324219,399.0,103.0
53.981,13:15:38.137,461.265,35.425,16340.168,0.000,0.000,0.000,0.000,0.000,0.000,1.000,1.000,0.000,48.456,48.637,0.940,59.610,5.000,0.10000000149011612,371.8241882324219,399.0,103.0
54.045,13:15:38.280,461.265,35.425,16340.168,0.000,0.000,0.000,0.000,0.000,0.000,1.000,1.000,0.000,48.418,48.237,0.940,59.666,5.000,0.10000000149011612,371.8241882324219,399.0,103.0
54.189,13:15:38.344,461.265,35.425,16340.168,0.000,0.000,0.000,0.000,0.000,0.000,1.000,1.000,0.000,48.418,48.237,0.940,59.666,5.000,0.10000000149011612,371.8241882324219,399.0,103.0
54.253,13:15:38.409,461.265,35.425,16340.168,0.000,0.000,0.000,0.000,0.000,0.000,1.000,1.000,0.000,48.418,48.237,0.940,59.666,5.000,0.10000000149011612,371.8241882324219,399.0,103.0
54.317,13:15:38.552,461.265,35.425,16340.168,0.000,0.000,0.000,0.000,0.000,0.000,1.000,1.000,0.000,48.817,48.637,0.940,59.755,5.000,0.10000000149011612,371.8241882324219,399.0,103.0
54.461,13:15:38.616,459.751,35.676,16402.045,0.000,0.000,0.000,0.000,0.000,0.000,1.000,1.000,0.000,48.817,48.637,0.940,59.755,5.000,0.10000000149011612,371.8241882324219,399.0,103.0
54.525,13:15:38.872,459.751,35.676,16402.045,0.000,0.000,0.000,0.000,0.000,0.000,1.000,1.000,0.000,48.817,48.637,0.940,59.755,5.000,0.10000000149011612,371.8241882324219,399.0,103.0
54.780,13:15:39.016,462.818,35.009,16202.882,0.000,0.000,0.000,0.000,0.000,0.000,1.000,1.000,0.000,48.417,48.237,0.940,59.843,5.000,0.10000000149011612,371.8241882324219,399.0,103.0
54.925,13:15:39.080,462.818,35.009,16202.882,0.000,0.000,0.000,0.000,0.000,0.000,1.000,1.000,0.000,48.417,48.237,0.940,59.843,5.000,0.10000000149011612,371.8241882324219,399.0,103.0
54.989,13:15:39.144,462.818,35.009,16202.882,0.000,0.000,0.000,0.000,0.000,0.000,1.000,1.000,0.000,48.417,48.237,0.940,59.843,5.000,0.10000000149011612,371.8241882324219,399.0,103.0
55.053,13:15:39.287,462.818,35.009,16202.882,0.000,0.000,0.000,0.000,0.000,0.000,1.000,1.000,0.000,48.417,48.237,0.940,59.843,5.000,0.10000000149011612,371.8241882324219,399.0,103.0
55.197,13:15:39.352,459.907,35.646,16393.789,0.000,0.000,0.000,0.000,0.000,0.000,1.000,1.000,0.000,48.417,48.237,0.940,59.843,5.000,0.10000000149011612,371.8241882324219,399.0,103.0
55.260,13:15:39.416,459.907,35.646,16393.789,0.000,0.000,0.000,0.000,0.000,0.000,1.000,1.000,0.000,48.417,48.237,0.940,59.843,5.000,0.10000000149011612,371.8241882324219,399.0,103.0
55.325,13:15:39.560,459.907,35.646,16393.789,0.000,0.000,0.000,0.000,0.000,0.000,1.000,1.000,0.000,48.818,48.637,0.940,59.921,5.000,0.10000000149011612,371.8241882324219,399.0,103.0
55.468,13:15:39.623,459.907,35.646,16393.789,0.000,0.000,0.000,0.000,0.000,0.000,1.000,1.000,0.000,48.818,48.637,0.940,59.921,5.000,0.10000000149011612,371.8241882324219,399.0,103.0
55.532,13:15:39.880,459.907,35.646,16393.789,0.000,0.000,0.000,0.000,0.000,0.000,1.000,1.000,0.000,48.818,48.637,0.940,59.921,5.000,0.10000000149011612,371.8241882324219,399.0,103.0
55.789,13:15:40.023,462.809,35.007,16201.616,0.000,0.000,0.000,0.000,0.000,0.000,1.000,1.000,0.000,48.457,48.637,0.940,59.992,5.000,0.10000000149011612,371.8241882324219,399.0,103.0
55.932,13:15:40.087,462.809,35.007,16201.616,0.000,0.000,0.000,0.000,0.000,0.000,1.000,1.000,0.000,48.457,48.637,0.940,59.992,5.000,0.10000000149011612,371.8241882324219,399.0,103.0
55.997,13:15:40.152,462.803,35.014,16204.479,0.000,0.000,0.000,0.000,0.000,0.000,1.000,1.000,0.000,48.457,48.637,0.940,59.992,5.000,0.10000000149011612,371.8241882324219,399.0,103.0
56.060,13:15:40.295,462.803,35.014,16204.479,0.000,0.000,0.000,0.000,0.000,0.000,1.000,1.000,0.000,48.456,48.637,0.940,60.062,5.000,0.10000000149011612,371.8241882324219,399.0,103.0
56.204,13:15:40.359,462.803,35.014,16204.479,0.000,0.000,0.000,0.000,0.000,0.000,1.000,1.000,0.000,48.456,48.637,0.940,60.062,5.000,0.10000000149011612,371.8241882324219,399.0,103.0
56.268,13:15:40.423,462.803,35.014,16204.479,0.000,0.000,0.000,0.000,0.000,0.000,1.000,1.000,0.000,48.456,48.637,0.940,60.062,5.000,0.10000000149011612,371.8241882324219,399.0,103.0
56.332,13:15:40.567,462.803,35.014,16204.479,0.000,0.000,0.000,0.000,0.000,0.000,1.000,1.000,0.000,48.456,48.637,0.940,60.129,5.000,0.10000000149011612,371.8241882324219,399.0,103.0
56.475,13:15:40.631,462.722,35.036,16211.811,0.000,0.000,0.000,0.000,0.000,0.000,1.000,1.000,0.000,48.456,48.637,0.940,60.129,5.000,0.10000000149011612,371.8241882324219,399.0,103.0
56.539,13:15:40.887,462.722,35.036,16211.811,0.000,0.000,0.000,0.000,0.000,0.000,1.000,1.000,0.000,48.456,48.637,0.940,60.129,5.000,0.10000000149011612,371.8241882324219,399.0,103.0
56.796,13:15:41.031,458.568,35.957,16488.705,0.000,0.000,0.000,0.000,0.000,0.000,1.000,1.000,0.000,48.818,48.637,0.940,60.250,5.000,0.10000000149011612,371.8241882324219,399.0,103.0
56.940,13:15:41.095,458.568,35.957,16488.705,0.000,0.000,0.000,0.000,0.000,0.000,1.000,1.000,0.000,48.818,48.637,0.940,60.250,5.000,0.10000000149011612,371.8241882324219,399.0,103.0
57.003,13:15:41.158,458.568,35.957,16488.705,0.000,0.000,0.000,0.000,0.000,0.000,1.000,1.000,0.000,48.818,48.637,0.940,60.250,5.000,0.10000000149011612,371.8241882324219,399.0,103.0
57.068,13:15:41.302,458.568,35.957,16488.705,0.000,0.000,0.000,0.000,0.000,0.000,1.000,1.000,0.000,48.818,48.637,0.940,60.250,5.000,0.10000000149011612,371.8241882324219,399.0,103.0
57.211,13:15:41.366,466.365,34.157,15929.441,0.000,0.000,0.000,0.000,0.000,0.000,1.000,1.000,0.000,48.818,48.637,0.940,60.250,5.000,0.10000000149011612,371.8241882324219,399.0,103.0
57.275,13:15:41.430,466.365,34.157,15929.441,0.000,0.000,0.000,0.000,0.000,0.000,1.000,1.000,0.000,48.818,48.637,0.940,60.250,5.000,0.10000000149011612,371.8241882324219,399.0,103.0
57.340,13:15:41.574,466.365,34.157,15929.441,0.000,0.000,0.000,0.000,0.000,0.000,1.000,1.000,0.000,48.056,48.237,0.940,60.271,5.000,0.10000000149011612,371.8241882324219,399.0,103.0
57.483,13:15:41.639,466.365,34.157,15929.441,0.000,0.000,0.000,0.000,0.000,0.000,1.000,1.000,0.000,48.056,48.237,0.940,60.271,5.000,0.10000000149011612,371.8241882324219,399.0,103.0
57.547,13:15:41.895,466.365,34.157,15929.441,0.000,0.000,0.000,0.000,0.000,0.000,1.000,1.000,0.000,48.056,48.237,0.940,60.271,5.000,0.10000000149011612,371.8241882324219,399.0,103.0
57.804,13:15:42.039,464.316,34.646,16086.779,0.000,0.000,0.000,0.000,0.000,0.000,1.000,1.000,0.000,48.417,48.237,0.940,60.336,5.000,0.10000000149011612,371.8241882324219,399.0,103.0
57.947,13:15:42.102,464.316,34.646,16086.779,0.000,0.000,0.000,0.000,0.000,0.000,1.000,1.000,0.000,48.417,48.237,0.940,60.336,5.000,0.10000000149011612,371.8241882324219,399.0,103.0
58.011,13:15:42.166,460.553,35.510,16354.033,0.000,0.000,0.000,0.000,0.000,0.000,1.000,1.000,0.000,48.417,48.237,0.940,60.336,5.000,0.10000000149011612,371.8241882324219,399.0,103.0
58.074,13:15:42.310,460.553,35.510,16354.033,0.000,0.000,0.000,0.000,0.000,0.000,1.000,1.000,0.000,48.818,48.637,0.940,60.363,5.000,0.10000000149011612,371.8241882324219,399.0,103.0
58.218,13:15:42.373,460.553,35.510,16354.033,0.000,0.000,0.000,0.000,0.000,0.000,1.000,1.000,0.000,48.818,48.637,0.940,60.363,5.000,0.10000000149011612,371.8241882324219,399.0,103.0
58.283,13:15:42.439,460.553,35.510,16354.033,0.000,0.000,0.000,0.000,0.000,0.000,1.000,1.000,0.000,48.818,48.637,0.940,60.363,5.000,0.10000000149011612,371.8241882324219,399.0,103.0
58.346,13:15:42.582,460.553,35.510,16354.033,0.000,0.000,0.000,0.000,0.000,0.000,1.000,1.000,0.000,48.456,48.637,0.940,60.414,5.000,0.10000000149011612,371.8241882324219,399.0,103.0
58.490,13:15:42.646,462.392,35.114,16236.349,0.000,0.000,0.000,0.000,0.000,0.000,1.000,1.000,0.000,48.456,48.637,0.940,60.414,5.000,0.10000000149011612,371.8241882324219,399.0,103.0
58.554,13:15:42.903,462.392,35.114,16236.349,0.000,0.000,0.000,0.000,0.000,0.000,1.000,1.000,0.000,48.456,48.637,0.940,60.414,5.000,0.10000000149011612,371.8241882324219,399.0,103.0
58.810,13:15:43.045,460.804,35.459,16339.854,0.000,0.000,0.000,0.000,0.000,0.000,1.000,1.000,0.000,48.818,48.637,0.940,60.496,5.000,0.10000000149011612,371.8241882324219,399.0,103.0
58.955,13:15:43.110,460.804,35.459,16339.854,0.000,0.000,0.000,0.000,0.000,0.000,1.000,1.000,0.000,48.818,48.637,0.940,60.496,5.000,0.10000000149011612,371.8241882324219,399.0,103.0
59.018,13:15:43.174,460.804,35.459,16339.854,0.000,0.000,0.000,0.000,0.000,0.000,1.000,1.000,0.000,48.818,48.637,0.940,60.496,5.000,0.10000000149011612,371.8241882324219,399.0,103.0
59.083,13:15:43.317,460.804,35.459,16339.854,0.000,0.000,0.000,0.000,0.000,0.000,1.000,1.000,0.000,48.818,48.637,0.940,60.496,5.000,0.10000000149011612,371.8241882324219,399.0,103.0
59.226,13:15:43.381,462.166,35.154,16247.060,0.000,0.000,0.000,0.000,0.000,0.000,1.000,1.000,0.000,48.818,48.637,0.940,60.496,5.000,0.10000000149011612,371.8241882324219,399.0,103.0
59.290,13:15:43.445,462.166,35.154,16247.060,0.000,0.000,0.000,0.000,0.000,0.000,1.000,1.000,0.000,48.818,48.637,0.940,60.496,5.000,0.10000000149011612,371.8241882324219,399.0,103.0
59.354,13:15:43.589,462.166,35.154,16247.060,0.000,0.000,0.000,0.000,0.000,0.000,1.000,1.000,0.000,48.456,48.637,0.940,60.549,5.000,0.10000000149011612,371.8241882324219,399.0,103.0
59.497,13:15:43.653,462.166,35.154,16247.060,0.000,0.000,0.000,0.000,0.000,0.000,1.000,1.000,0.000,48.456,48.637,0.940,60.549,5.000,0.10000000149011612,371.8241882324219,399.0,103.0
59.561,13:15:43.925,462.166,35.154,16247.060,0.000,0.000,0.000,0.000,0.000,0.000,1.000,1.000,0.000,48.456,48.637,0.940,60.549,5.000,0.10000000149011612,371.8241882324219,399.0,103.0
59.833,13:15:44.070,464.755,34.540,16052.823,0.000,0.000,0.000,0.000,0.000,0.000,1.000,1.000,0.000,48.457,48.637,0.940,60.570,5.000,0.10000000149011612,371.8241882324219,399.0,103.0
59.978,13:15:44.134,464.755,34.540,16052.823,0.000,0.000,0.000,0.000,0.000,0.000,1.000,1.000,0.000,48.457,48.637,0.940,60.570,5.000,0.10000000149011612,371.8241882324219,399.0,103.0
60.041,13:15:44.196,461.981,35.187,16255.608,0.000,0.000,0.000,0.000,0.000,0.000,1.000,1.000,0.000,48.457,48.637,0.940,60.570,5.000,0.10000000149011612,371.8241882324219,399.0,103.0
60.105,13:15:44.341,461.981,35.187,16255.608,0.000,0.000,0.000,0.000,0.000,0.000,1.000,1.000,0.000,48.456,48.637,0.940,60.622,5.000,0.10000000149011612,371.8241882324219,399.0,103.0
60.249,13:15:44.404,461.981,35.187,16255.608,0.000,0.000,0.000,0.000,0.000,0.000,1.000,1.000,0.000,48.456,48.637,0.940,60.622,5.000,0.10000000149011612,371.8241882324219,399.0,103.0
60.313,13:15:44.468,461.981,35.187,16255.608,0.000,0.000,0.000,0.000,0.000,0.000,1.000,1.000,0.000,48.456,48.637,0.940,60.622,5.000,0.10000000149011612,371.8241882324219,399.0,103.0
60.377,13:15:44.612,461.981,35.187,16255.608,0.000,0.000,0.000,0.000,0.000,0.000,1.000,1.000,0.000,48.456,48.637,0.940,60.682,5.000,0.10000000149011612,371.8241882324219,399.0,103.0
60.521,13:15:44.677,464.693,34.551,16055.550,0.000,0.000,0.000,0.000,0.000,0.000,1.000,1.000,0.000,48.456,48.637,0.940,60.682,5.000,0.10000000149011612,371.8241882324219,399.0,103.0
60.586,13:15:44.933,464.693,34.551,16055.550,0.000,0.000,0.000,0.000,0.000,0.000,1.000,1.000,0.000,48.456,48.637,0.940,60.682,5.000,0.10000000149011612,371.8241882324219,399.0,103.0
60.841,13:15:45.077,464.693,34.551,16055.550,0.000,0.000,0.000,0.000,0.000,0.000,1.000,1.000,0.000,48.818,48.637,0.940,60.730,5.000,0.10000000149011612,371.8241882324219,399.0,103.0
60.986,13:15:45.141,457.769,36.111,16530.508,0.000,0.000,0.000,0.000,0.000,0.000,1.000,1.000,0.000,48.818,48.637,0.940,60.730,5.000,0.10000000149011612,371.8241882324219,399.0,103.0
61.049,13:15:45.204,457.769,36.111,16530.508,0.000,0.000,0.000,0.000,0.000,0.000,1.000,1.000,0.000,48.818,48.637,0.940,60.730,5.000,0.10000000149011612,371.8241882324219,399.0,103.0
61.113,13:15:45.349,457.769,36.111,16530.508,0.000,0.000,0.000,0.000,0.000,0.000,1.000,1.000,0.000,48.818,48.637,0.940,60.730,5.000,0.10000000149011612,371.8241882324219,399.0,103.0
61.256,13:15:45.412,464.924,34.486,16033.536,0.000,0.000,0.000,0.000,0.000,0.000,1.000,1.000,0.000,48.818,48.637,0.940,60.730,5.000,0.10000000149011612,371.8241882324219,399.0,103.0
61.320,13:15:45.476,464.924,34.486,16033.536,0.000,0.000,0.000,0.000,0.000,0.000,1.000,1.000,0.000,48.818,48.637,0.940,60.730,5.000,0.10000000149011612,371.8241882324219,399.0,103.0
61.384,13:15:45.620,464.924,34.486,16033.536,0.000,0.000,0.000,0.000,0.000,0.000,1.000,1.000,0.000,48.456,48.637,0.940,60.773,5.000,0.10000000149011612,371.8241882324219,399.0,103.0
61.528,13:15:45.684,464.924,34.486,16033.536,0.000,0.000,0.000,0.000,0.000,0.000,1.000,1.000,0.000,48.456,48.637,0.940,60.773,5.000,0.10000000149011612,371.8241882324219,399.0,103.0
61.592,13:15:45.941,464.924,34.486,16033.536,0.000,0.000,0.000,0.000,0.000,0.000,1.000,1.000,0.000,48.456,48.637,0.940,60.773,5.000,0.10000000149011612,371.8241882324219,399.0,103.0
61.849,13:15:46.084,461.672,35.259,16278.334,0.000,0.000,0.000,0.000,0.000,0.000,1.000,1.000,0.000,48.457,48.637,0.940,60.863,5.000,0.10000000149011612,371.8241882324219,399.0,103.0
61.993,13:15:46.148,461.672,35.259,16278.334,0.000,0.000,0.000,0.000,0.000,0.000,1.000,1.000,0.000,48.457,48.637,0.940,60.863,5.000,0.10000000149011612,371.8241882324219,399.0,103.0
62.056,13:15:46.211,461.672,35.259,16278.334,0.000,0.000,0.000,0.000,0.000,0.000,1.000,1.000,0.000,48.457,48.637,0.940,60.863,5.000,0.10000000149011612,371.8241882324219,399.0,103.0
62.121,13:15:46.355,461.296,35.341,16302.876,0.000,0.000,0.000,0.000,0.000,0.000,1.000,1.000,0.000,48.818,48.637,0.940,60.890,5.000,0.10000000149011612,371.8241882324219,399.0,103.0
62.265,13:15:46.420,461.296,35.341,16302.876,0.000,0.000,0.000,0.000,0.000,0.000,1.000,1.000,0.000,48.818,48.637,0.940,60.890,5.000,0.10000000149011612,371.8241882324219,399.0,103.0
62.329,13:15:46.484,461.296,35.341,16302.876,0.000,0.000,0.000,0.000,0.000,0.000,1.000,1.000,0.000,48.818,48.637,0.940,60.890,5.000,0.10000000149011612,371.8241882324219,399.0,103.0
62.391,13:15:46.627,461.296,35.341,16302.876,0.000,0.000,0.000,0.000,0.000,0.000,1.000,1.000,0.000,48.818,48.637,0.940,60.890,5.000,0.10000000149011612,371.8241882324219,399.0,103.0
62.536,13:15:46.691,457.596,36.131,16533.627,0.000,0.000,0.000,0.000,0.000,0.000,1.000,1.000,0.000,48.818,48.637,0.940,60.890,5.000,0.10000000149011612,371.8241882324219,399.0,103.0
62.600,13:15:46.947,457.596,36.131,16533.627,0.000,0.000,0.000,0.000,0.000,0.000,1.000,1.000,0.000,48.818,48.637,0.940,60.890,5.000,0.10000000149011612,371.8241882324219,399.0,103.0
62.855,13:15:47.092,457.596,36.131,16533.627,0.000,0.000,0.000,0.000,0.000,0.000,1.000,1.000,0.000,48.456,48.637,0.940,60.989,5.000,0.10000000149011612,371.8241882324219,399.0,103.0
63.000,13:15:47.155,465.153,34.446,16022.835,0.000,0.000,0.000,0.000,0.000,0.000,1.000,1.000,0.000,48.456,48.637,0.940,60.989,5.000,0.10000000149011612,371.8241882324219,399.0,103.0
63.064,13:15:47.219,465.153,34.446,16022.835,0.000,0.000,0.000,0.000,0.000,0.000,1.000,1.000,0.000,48.456,48.637,0.940,60.989,5.000,0.10000000149011612,371.8241882324219,399.0,103.0
63.128,13:15:47.363,465.153,34.446,16022.835,0.000,0.000,0.000,0.000,0.000,0.000,1.000,1.000,0.000,48.456,48.637,0.940,60.989,5.000,0.10000000149011612,371.8241882324219,399.0,103.0
63.271,13:15:47.427,465.153,34.446,16022.835,0.000,0.000,0.000,0.000,0.000,0.000,1.000,1.000,0.000,48.456,48.637,0.940,60.989,5.000,0.10000000149011612,371.8241882324219,399.0,103.0
63.335,13:15:47.491,461.537,35.303,16293.535,0.000,0.000,0.000,0.000,0.000,0.000,1.000,1.000,0.000,48.456,48.637,0.940,60.989,5.000,0.10000000149011612,371.8241882324219,399.0,103.0
63.399,13:15:47.634,461.537,35.303,16293.535,0.000,0.000,0.000,0.000,0.000,0.000,1.000,1.000,0.000,48.856,49.037,0.940,61.041,5.000,0.10000000149011612,371.8241882324219,399.0,103.0
63.544,13:15:47.699,461.537,35.303,16293.535,0.000,0.000,0.000,0.000,0.000,0.000,1.000,1.000,0.000,48.856,49.037,0.940,61.041,5.000,0.10000000149011612,371.8241882324219,399.0,103.0
63.607,13:15:47.955,461.537,35.303,16293.535,0.000,0.000,0.000,0.000,0.000,0.000,1.000,1.000,0.000,48.856,49.037,0.940,61.041,5.000,0.10000000149011612,371.8241882324219,399.0,103.0
63.864,13:15:48.098,457.115,36.247,16569.109,0.000,0.000,0.000,0.000,0.000,0.000,1.000,1.000,0.000,48.818,48.637,0.940,61.108,5.000,0.10000000149011612,371.8241882324219,399.0,103.0
64.007,13:15:48.162,457.115,36.247,16569.109,0.000,0.000,0.000,0.000,0.000,0.000,1.000,1.000,0.000,48.818,48.637,0.940,61.108,5.000,0.10000000149011612,371.8241882324219,399.0,103.0
64.071,13:15:48.226,457.115,36.247,16569.109,0.000,0.000,0.000,0.000,0.000,0.000,1.000,1.000,0.000,48.818,48.637,0.940,61.108,5.000,0.10000000149011612,371.8241882324219,399.0,103.0
64.135,13:15:48.371,465.103,34.468,16031.009,0.000,0.000,0.000,0.000,0.000,0.000,1.000,1.000,0.000,48.456,48.637,0.940,61.175,5.000,0.10000000149011612,371.8241882324219,399.0,103.0
64.279,13:15:48.435,465.103,34.468,16031.009,0.000,0.000,0.000,0.000,0.000,0.000,1.000,1.000,0.000,48.456,48.637,0.940,61.175,5.000,0.10000000149011612,371.8241882324219,399.0,103.0
64.344,13:15:48.499,465.103,34.468,16031.009,0.000,0.000,0.000,0.000,0.000,0.000,1.000,1.000,0.000,48.456,48.637,0.940,61.175,5.000,0.10000000149011612,371.8241882324219,399.0,103.0
64.407,13:15:48.642,465.103,34.468,16031.009,0.000,0.000,0.000,0.000,0.000,0.000,1.000,1.000,0.000,48.456,48.637,0.940,61.175,5.000,0.10000000149011612,371.8241882324219,399.0,103.0
64.551,13:15:48.706,461.860,35.238,16275.180,0.000,0.000,0.000,0.000,0.000,0.000,1.000,1.000,0.000,48.456,48.637,0.940,61.175,5.000,0.10000000149011612,371.8241882324219,399.0,103.0
64.615,13:15:48.962,461.860,35.238,16275.180,0.000,0.000,0.000,0.000,0.000,0.000,1.000,1.000,0.000,48.456,48.637,0.940,61.175,5.000,0.10000000149011612,371.8241882324219,399.0,103.0
64.871,13:15:49.105,461.860,35.238,16275.180,0.000,0.000,0.000,0.000,0.000,0.000,1.000,1.000,0.000,48.818,48.637,0.940,61.278,5.000,0.10000000149011612,371.8241882324219,399.0,103.0
65.015,13:15:49.170,457.045,36.262,16573.387,0.000,0.000,0.000,0.000,0.000,0.000,1.000,1.000,0.000,48.818,48.637,0.940,61.278,5.000,0.10000000149011612,371.8241882324219,399.0,103.0
65.078,13:15:49.233,457.045,36.262,16573.387,0.000,0.000,0.000,0.000,0.000,0.000,1.000,1.000,0.000,48.818,48.637,0.940,61.278,5.000,0.10000000149011612,371.8241882324219,399.0,103.0
65.143,13:15:49.377,457.045,36.262,16573.387,0.000,0.000,0.000,0.000,0.000,0.000,1.000,1.000,0.000,48.818,48.637,0.940,61.278,5.000,0.10000000149011612,371.8241882324219,399.0,103.0
65.286,13:15:49.441,457.045,36.262,16573.387,0.000,0.000,0.000,0.000,0.000,0.000,1.000,1.000,0.000,48.818,48.637,0.940,61.278,5.000,0.10000000149011612,371.8241882324219,399.0,103.0
65.351,13:15:49.506,465.096,34.459,16026.644,0.000,0.000,0.000,0.000,0.000,0.000,1.000,1.000,0.000,48.818,48.637,0.940,61.278,5.000,0.10000000149011612,371.8241882324219,399.0,103.0
65.414,13:15:49.649,465.096,34.459,16026.644,0.000,0.000,0.000,0.000,0.000,0.000,1.000,1.000,0.000,48.456,48.637,0.940,61.315,5.000,0.10000000149011612,371.8241882324219,399.0,103.0
65.559,13:15:49.714,465.096,34.459,16026.644,0.000,0.000,0.000,0.000,0.000,0.000,1.000,1.000,0.000,48.456,48.637,0.940,61.315,5.000,0.10000000149011612,371.8241882324219,399.0,103.0
65.622,13:15:49.970,465.096,34.459,16026.644,0.000,0.000,0.000,0.000,0.000,0.000,1.000,1.000,0.000,48.456,48.637,0.940,61.315,5.000,0.10000000149011612,371.8241882324219,399.0,103.0
65.878,13:15:50.113,461.405,35.333,16302.922,0.000,0.000,0.000,0.000,0.000,0.000,1.000,1.000,0.000,48.456,48.637,0.940,61.374,5.000,0.10000000149011612,371.8241882324219,399.0,103.0
66.021,13:15:50.177,461.405,35.333,16302.922,0.000,0.000,0.000,0.000,0.000,0.000,1.000,1.000,0.000,48.456,48.637,0.940,61.374,5.000,0.10000000149011612,371.8241882324219,399.0,103.0
66.086,13:15:50.242,461.405,35.333,16302.922,0.000,0.000,0.000,0.000,0.000,0.000,1.000,1.000,0.000,48.456,48.637,0.940,61.374,5.000,0.10000000149011612,371.8241882324219,399.0,103.0
66.149,13:15:50.385,459.751,35.774,16447.219,0.000,0.000,0.000,0.000,0.000,0.000,1.000,1.000,0.000,48.817,48.637,0.940,61.363,5.000,0.10000000149011612,371.8241882324219,399.0,103.0
66.294,13:15:50.450,459.751,35.774,16447.219,0.000,0.000,0.000,0.000,0.000,0.000,1.000,1.000,0.000,48.817,48.637,0.940,61.363,5.000,0.10000000149011612,371.8241882324219,399.0,103.0
66.358,13:15:50.514,459.751,35.774,16447.219,0.000,0.000,0.000,0.000,0.000,0.000,1.000,1.000,0.000,48.817,48.637,0.940,61.363,5.000,0.10000000149011612,371.8241882324219,399.0,103.0
66.421,13:15:50.657,459.751,35.774,16447.219,0.000,0.000,0.000,0.000,0.000,0.000,1.000,1.000,0.000,48.817,48.637,0.940,61.363,5.000,0.10000000149011612,371.8241882324219,399.0,103.0
66.565,13:15:50.721,458.673,36.007,16515.383,0.000,0.000,0.000,0.000,0.000,0.000,1.000,1.000,0.000,48.817,48.637,0.940,61.363,5.000,0.10000000149011612,371.8241882324219,399.0,103.0
66.630,13:15:50.976,458.673,36.007,16515.383,0.000,0.000,0.000,0.000,0.000,0.000,1.000,1.000,0.000,48.817,48.637,0.940,61.363,5.000,0.10000000149011612,371.8241882324219,399.0,103.0
66.885,13:15:51.121,458.673,36.007,16515.383,0.000,0.000,0.000,0.000,0.000,0.000,1.000,1.000,0.000,48.457,48.637,0.940,61.465,5.000,0.10000000149011612,371.8241882324219,399.0,103.0
67.030,13:15:51.185,464.034,34.794,16145.812,0.000,0.000,0.000,0.000,0.000,0.000,1.000,1.000,0.000,48.457,48.637,0.940,61.465,5.000,0.10000000149011612,371.8241882324219,399.0,103.0
67.094,13:15:51.249,464.034,34.794,16145.812,0.000,0.000,0.000,0.000,0.000,0.000,1.000,1.000,0.000,48.457,48.637,0.940,61.465,5.000,0.10000000149011612,371.8241882324219,399.0,103.0
67.157,13:15:51.392,464.034,34.794,16145.812,0.000,0.000,0.000,0.000,0.000,0.000,1.000,1.000,0.000,48.457,48.637,0.940,61.465,5.000,0.10000000149011612,371.8241882324219,399.0,103.0
67.302,13:15:51.457,464.034,34.794,16145.812,0.000,0.000,0.000,0.000,0.000,0.000,1.000,1.000,0.000,48.457,48.637,0.940,61.465,5.000,0.10000000149011612,371.8241882324219,399.0,103.0
67.366,13:15:51.521,458.517,36.046,16527.639,0.000,0.000,0.000,0.000,0.000,0.000,1.000,1.000,0.000,48.457,48.637,0.940,61.465,5.000,0.10000000149011612,371.8241882324219,399.0,103.0
67.429,13:15:51.665,458.517,36.046,16527.639,0.000,0.000,0.000,0.000,0.000,0.000,1.000,1.000,0.000,48.818,48.637,0.940,61.507,5.000,0.10000000149011612,371.8241882324219,399.0,103.0
67.574,13:15:51.729,458.517,36.046,16527.639,0.000,0.000,0.000,0.000,0.000,0.000,1.000,1.000,0.000,48.818,48.637,0.940,61.507,5.000,0.10000000149011612,371.8241882324219,399.0,103.0
67.637,13:15:51.984,458.517,36.046,16527.639,0.000,0.000,0.000,0.000,0.000,0.000,1.000,1.000,0.000,48.818,48.637,0.940,61.507,5.000,0.10000000149011612,371.8241882324219,399.0,103.0
67.893,13:15:52.127,462.623,35.136,16254.721,0.000,0.000,0.000,0.000,0.000,0.000,1.000,1.000,0.000,48.456,48.637,0.940,61.539,5.000,0.10000000149011612,371.8241882324219,399.0,103.0
68.036,13:15:52.192,462.623,35.136,16254.721,0.000,0.000,0.000,0.000,0.000,0.000,1.000,1.000,0.000,48.456,48.637,0.940,61.539,5.000,0.10000000149011612,371.8241882324219,399.0,103.0
68.101,13:15:52.257,462.623,35.136,16254.721,0.000,0.000,0.000,0.000,0.000,0.000,1.000,1.000,0.000,48.456,48.637,0.940,61.539,5.000,0.10000000149011612,371.8241882324219,399.0,103.0
68.165,13:15:52.400,462.891,35.081,16238.476,0.000,0.000,0.000,0.000,0.000,0.000,1.000,1.000,0.000,48.418,48.237,0.940,61.558,5.000,0.10000000149011612,371.8241882324219,399.0,103.0
68.309,13:15:52.464,462.891,35.081,16238.476,0.000,0.000,0.000,0.000,0.000,0.000,1.000,1.000,0.000,48.418,48.237,0.940,61.558,5.000,0.10000000149011612,371.8241882324219,399.0,103.0
68.373,13:15:52.528,462.891,35.081,16238.476,0.000,0.000,0.000,0.000,0.000,0.000,1.000,1.000,0.000,48.418,48.237,0.940,61.558,5.000,0.10000000149011612,371.8241882324219,399.0,103.0
68.436,13:15:52.671,462.891,35.081,16238.476,0.000,0.000,0.000,0.000,0.000,0.000,1.000,1.000,0.000,48.418,48.237,0.940,61.558,5.000,0.10000000149011612,371.8241882324219,399.0,103.0
68.581,13:15:52.736,460.449,35.619,16400.768,0.000,0.000,0.000,0.000,0.000,0.000,1.000,1.000,0.000,48.418,48.237,0.940,61.558,5.000,0.10000000149011612,371.8241882324219,399.0,103.0
68.645,13:15:53.279,460.449,35.619,16400.768,0.000,0.000,0.000,0.000,0.000,0.000,1.000,1.000,0.000,48.418,48.237,0.940,61.558,5.000,0.10000000149011612,371.8241882324219,,103.0
69.188,13:15:53.424,462.536,35.163,16263.963,0.000,0.000,0.000,0.000,0.000,0.000,1.000,1.000,0.000,48.418,48.237,0.940,61.630,5.000,0.10000000149011612,371.8241882324219,,103.0
69.332,13:15:53.487,462.536,35.163,16263.963,0.000,0.000,0.000,0.000,0.000,0.000,1.000,1.000,0.000,48.418,48.237,0.940,61.630,5.000,0.10000000149011612,371.8241882324219,,103.0
69.396,13:15:53.551,460.724,35.557,16381.957,0.000,0.000,0.000,0.000,0.000,0.000,1.000,1.000,0.000,48.418,48.237,0.940,61.630,5.000,0.10000000149011612,371.8241882324219,,103.0
69.460,13:15:53.695,460.724,35.557,16381.957,0.000,0.000,0.000,0.000,0.000,0.000,1.000,1.000,0.000,48.818,48.637,0.940,61.645,5.000,0.10000000149011612,371.8241882324219,,103.0
69.603,13:15:53.759,460.724,35.557,16381.957,0.000,0.000,0.000,0.000,0.000,0.000,1.000,1.000,0.000,48.818,48.637,0.940,61.645,5.000,0.10000000149011612,371.8241882324219,,103.0
69.668,13:15:54.015,460.724,35.557,16381.957,0.000,0.000,0.000,0.000,0.000,0.000,1.000,1.000,0.000,48.818,48.637,0.940,61.645,5.000,0.10000000149011612,371.8241882324219,399.0,103.0
69.923,13:15:54.159,464.582,34.670,16106.920,0.000,0.000,0.000,0.000,0.000,0.000,1.000,1.000,0.000,48.456,48.637,0.940,61.693,5.000,0.10000000149011612,371.8241882324219,399.0,103.0
70.068,13:15:54.223,464.582,34.670,16106.920,0.000,0.000,0.000,0.000,0.000,0.000,1.000,1.000,0.000,48.456,48.637,0.940,61.693,5.000,0.10000000149011612,371.8241882324219,399.0,103.0
70.132,13:15:54.287,464.582,34.670,16106.920,0.000,0.000,0.000,0.000,0.000,0.000,1.000,1.000,0.000,48.456,48.637,0.940,61.693,5.000,0.10000000149011612,371.8241882324219,399.0,103.0
70.195,13:15:54.431,458.055,36.140,16553.941,0.000,0.000,0.000,0.000,0.000,0.000,1.000,1.000,0.000,48.856,49.037,0.940,61.712,5.000,0.10000000149011612,371.8241882324219,399.0,103.0
70.339,13:15:54.494,458.055,36.140,16553.941,0.000,0.000,0.000,0.000,0.000,0.000,1.000,1.000,0.000,48.856,49.037,0.940,61.712,5.000,0.10000000149011612,371.8241882324219,399.0,103.0
70.403,13:15:54.558,458.055,36.140,16553.941,0.000,0.000,0.000,0.000,0.000,0.000,1.000,1.000,0.000,48.856,49.037,0.940,61.712,5.000,0.10000000149011612,371.8241882324219,399.0,103.0
70.468,13:15:54.702,458.055,36.140,16553.941,0.000,0.000,0.000,0.000,0.000,0.000,1.000,1.000,0.000,48.856,49.037,0.940,61.712,5.000,0.10000000149011612,371.8241882324219,399.0,103.0
70.612,13:15:54.767,462.395,35.194,16273.577,0.000,0.000,0.000,0.000,0.000,0.000,1.000,1.000,0.000,48.856,49.037,0.940,61.712,5.000,0.10000000149011612,371.8241882324219,399.0,103.0
70.675,13:15:55.022,462.395,35.194,16273.577,0.000,0.000,0.000,0.000,0.000,0.000,1.000,1.000,0.000,48.856,49.037,0.940,61.712,5.000,0.10000000149011612,371.8241882324219,399.0,103.0
70.931,13:15:55.166,462.395,35.194,16273.577,0.000,0.000,0.000,0.000,0.000,0.000,1.000,1.000,0.000,48.418,48.237,0.940,61.748,5.000,0.10000000149011612,371.8241882324219,399.0,103.0
71.075,13:15:55.230,462.390,35.197,16274.746,0.000,0.000,0.000,0.000,0.000,0.000,1.000,1.000,0.000,48.418,48.237,0.940,61.748,5.000,0.10000000149011612,371.8241882324219,399.0,103.0
71.139,13:15:55.294,462.390,35.197,16274.746,0.000,0.000,0.000,0.000,0.000,0.000,1.000,1.000,0.000,48.418,48.237,0.940,61.748,5.000,0.10000000149011612,371.8241882324219,399.0,103.0
71.202,13:15:55.439,462.390,35.197,16274.746,0.000,0.000,0.000,0.000,0.000,0.000,1.000,1.000,0.000,48.456,48.637,0.940,61.795,5.000,0.10000000149011612,371.8241882324219,399.0,103.0
71.347,13:15:55.502,462.390,35.197,16274.746,0.000,0.000,0.000,0.000,0.000,0.000,1.000,1.000,0.000,48.456,48.637,0.940,61.795,5.000,0.10000000149011612,371.8241882324219,399.0,103.0
71.411,13:15:55.566,462.390,35.197,16274.746,0.000,0.000,0.000,0.000,0.000,0.000,1.000,1.000,0.000,48.456,48.637,0.940,61.795,5.000,0.10000000149011612,371.8241882324219,399.0,103.0
71.474,13:15:55.711,457.997,36.156,16559.113,0.000,0.000,0.000,0.000,0.000,0.000,1.000,1.000,0.000,48.857,49.037,0.940,61.839,5.000,0.10000000149011612,371.8241882324219,399.0,103.0
71.618,13:15:55.773,457.997,36.156,16559.113,0.000,0.000,0.000,0.000,0.000,0.000,1.000,1.000,0.000,48.857,49.037,0.940,61.839,5.000,0.10000000149011612,371.8241882324219,399.0,103.0
71.683,13:15:56.029,457.997,36.156,16559.113,0.000,0.000,0.000,0.000,0.000,0.000,1.000,1.000,0.000,48.857,49.037,0.940,61.839,5.000,0.10000000149011612,371.8241882324219,399.0,103.0
71.939,13:15:56.173,462.356,35.201,16275.404,0.000,0.000,0.000,0.000,0.000,0.000,1.000,1.000,0.000,48.418,48.237,0.940,61.856,5.000,0.10000000149011612,371.8241882324219,399.0,103.0
72.082,13:15:56.238,462.356,35.201,16275.404,0.000,0.000,0.000,0.000,0.000,0.000,1.000,1.000,0.000,48.418,48.237,0.940,61.856,5.000,0.10000000149011612,371.8241882324219,399.0,103.0
72.146,13:15:56.302,462.356,35.201,16275.404,0.000,0.000,0.000,0.000,0.000,0.000,1.000,1.000,0.000,48.418,48.237,0.940,61.856,5.000,0.10000000149011612,371.8241882324219,399.0,103.0
72.210,13:15:56.445,462.356,35.201,16275.404,0.000,0.000,0.000,0.000,0.000,0.000,1.000,1.000,0.000,48.456,48.637,0.940,61.900,5.000,0.10000000149011612,371.8241882324219,399.0,103.0
72.354,13:15:56.510,462.226,35.228,16283.339,0.000,0.000,0.000,0.000,0.000,0.000,1.000,1.000,0.000,48.456,48.637,0.940,61.900,5.000,0.10000000149011612,371.8241882324219,399.0,103.0
72.418,13:15:56.573,462.226,35.228,16283.339,0.000,0.000,0.000,0.000,0.000,0.000,1.000,1.000,0.000,48.456,48.637,0.940,61.900,5.000,0.10000000149011612,371.8241882324219,399.0,103.0
72.482,13:15:56.717,462.226,35.228,16283.339,0.000,0.000,0.000,0.000,0.000,0.000,1.000,1.000,0.000,48.456,48.637,0.940,61.900,5.000,0.10000000149011612,371.8241882324219,399.0,103.0
72.626,13:15:56.782,462.226,35.228,16283.339,0.000,0.000,0.000,0.000,0.000,0.000,1.000,1.000,0.000,48.456,48.637,0.940,61.900,5.000,0.10000000149011612,371.8241882324219,399.0,103.0
72.690,13:15:57.037,462.121,35.244,16286.907,0.000,0.000,0.000,0.000,0.000,0.000,1.000,1.000,0.000,48.456,48.637,0.940,61.900,5.000,0.10000000149011612,371.8241882324219,399.0,103.0
72.945,13:15:57.181,462.121,35.244,16286.907,0.000,0.000,0.000,0.000,0.000,0.000,1.000,1.000,0.000,48.418,48.237,0.940,61.924,5.000,0.10000000149011612,371.8241882324219,399.0,103.0
73.090,13:15:57.246,462.077,35.261,16293.249,0.000,0.000,0.000,0.000,0.000,0.000,1.000,1.000,0.000,48.418,48.237,0.940,61.924,5.000,0.10000000149011612,371.8241882324219,399.0,103.0
73.153,13:15:57.309,462.077,35.261,16293.249,0.000,0.000,0.000,0.000,0.000,0.000,1.000,1.000,0.000,48.418,48.237,0.940,61.924,5.000,0.10000000149011612,371.8241882324219,399.0,103.0
73.217,13:15:57.453,462.077,35.261,16293.249,0.000,0.000,0.000,0.000,0.000,0.000,1.000,1.000,0.000,48.456,48.637,0.940,61.937,5.000,0.10000000149011612,371.8241882324219,399.0,103.0
73.362,13:15:57.517,462.077,35.261,16293.249,0.000,0.000,0.000,0.000,0.000,0.000,1.000,1.000,0.000,48.456,48.637,0.940,61.937,5.000,0.10000000149011612,371.8241882324219,399.0,103.0
73.426,13:15:57.581,462.077,35.261,16293.249,0.000,0.000,0.000,0.000,0.000,0.000,1.000,1.000,0.000,48.456,48.637,0.940,61.937,5.000,0.10000000149011612,371.8241882324219,399.0,103.0
73.489,13:15:57.724,461.222,35.453,16351.523,0.000,0.000,0.000,0.000,0.000,0.000,1.000,1.000,0.000,48.818,48.637,0.940,61.979,5.000,0.10000000149011612,371.8241882324219,399.0,103.0
73.633,13:15:57.789,461.222,35.453,16351.523,0.000,0.000,0.000,0.000,0.000,0.000,1.000,1.000,0.000,48.818,48.637,0.940,61.979,5.000,0.10000000149011612,371.8241882324219,399.0,103.0
73.697,13:15:58.045,461.222,35.453,16351.523,0.000,0.000,0.000,0.000,0.000,0.000,1.000,1.000,0.000,48.818,48.637,0.940,61.979,5.000,0.10000000149011612,371.8241882324219,399.0,103.0
73.953,13:15:58.189,465.174,34.529,16062.210,0.000,0.000,0.000,0.000,0.000,0.000,1.000,1.000,0.000,48.418,48.237,0.940,61.973,5.000,0.10000000149011612,371.8241882324219,399.0,103.0
74.096,13:15:58.252,465.174,34.529,16062.210,0.000,0.000,0.000,0.000,0.000,0.000,1.000,1.000,0.000,48.418,48.237,0.940,61.973,5.000,0.10000000149011612,371.8241882324219,399.0,103.0
74.161,13:15:58.317,465.174,34.529,16062.210,0.000,0.000,0.000,0.000,0.000,0.000,1.000,1.000,0.000,48.418,48.237,0.940,61.973,5.000,0.10000000149011612,371.8241882324219,399.0,103.0
74.225,13:15:58.460,465.174,34.529,16062.210,0.000,0.000,0.000,0.000,0.000,0.000,1.000,1.000,0.000,48.456,48.637,0.940,62.027,5.000,0.10000000149011612,371.8241882324219,399.0,103.0
74.368,13:15:58.524,461.984,35.272,16294.900,0.000,0.000,0.000,0.000,0.000,0.000,1.000,1.000,0.000,48.456,48.637,0.940,62.027,5.000,0.10000000149011612,371.8241882324219,399.0,103.0
74.433,13:15:58.588,461.984,35.272,16294.900,0.000,0.000,0.000,0.000,0.000,0.000,1.000,1.000,0.000,48.456,48.637,0.940,62.027,5.000,0.10000000149011612,371.8241882324219,399.0,103.0
74.496,13:15:58.732,461.984,35.272,16294.900,0.000,0.000,0.000,0.000,0.000,0.000,1.000,1.000,0.000,48.456,48.637,0.940,62.027,5.000,0.10000000149011612,371.8241882324219,399.0,103.0
74.641,13:15:58.796,461.984,35.272,16294.900,0.000,0.000,0.000,0.000,0.000,0.000,1.000,1.000,0.000,48.456,48.637,0.940,62.027,5.000,0.10000000149011612,371.8241882324219,399.0,103.0
74.704,13:15:59.052,461.527,35.374,16325.912,0.000,0.000,0.000,0.000,0.000,0.000,1.000,1.000,0.000,48.456,48.637,0.940,62.027,5.000,0.10000000149011612,371.8241882324219,399.0,103.0
74.961,13:15:59.196,461.527,35.374,16325.912,0.000,0.000,0.000,0.000,0.000,0.000,1.000,1.000,0.000,48.856,49.037,0.940,62.026,5.000,0.10000000149011612,371.8241882324219,399.0,103.0
75.105,13:15:59.260,461.269,35.443,16348.859,0.000,0.000,0.000,0.000,0.000,0.000,1.000,1.000,0.000,48.856,49.037,0.940,62.026,5.000,0.10000000149011612,371.8241882324219,399.0,103.0
75.168,13:15:59.323,461.269,35.443,16348.859,0.000,0.000,0.000,0.000,0.000,0.000,1.000,1.000,0.000,48.856,49.037,0.940,62.026,5.000,0.10000000149011612,371.8241882324219,399.0,103.0
75.232,13:15:59.468,461.269,35.443,16348.859,0.000,0.000,0.000,0.000,0.000,0.000,1.000,1.000,0.000,48.818,48.637,0.940,62.036,5.000,0.10000000149011612,371.8241882324219,399.0,103.0
75.377,13:15:59.532,461.269,35.443,16348.859,0.000,0.000,0.000,0.000,0.000,0.000,1.000,1.000,0.000,48.818,48.637,0.940,62.036,5.000,0.10000000149011612,371.8241882324219,399.0,103.0
75.440,13:15:59.596,461.269,35.443,16348.859,0.000,0.000,0.000,0.000,0.000,0.000,1.000,1.000,0.000,48.818,48.637,0.940,62.036,5.000,0.10000000149011612,371.8241882324219,399.0,103.0
75.504,13:15:59.739,465.268,34.489,16046.422,0.000,0.000,0.000,0.000,0.000,0.000,1.000,1.000,0.000,48.418,48.237,0.940,62.090,5.000,0.10000000149011612,371.8241882324219,399.0,103.0
75.648,13:15:59.804,465.268,34.489,16046.422,0.000,0.000,0.000,0.000,0.000,0.000,1.000,1.000,0.000,48.418,48.237,0.940,62.090,5.000,0.10000000149011612,371.8241882324219,399.0,103.0
75.712,13:16:00.058,465.268,34.489,16046.422,0.000,0.000,0.000,0.000,0.000,0.000,1.000,1.000,0.000,48.418,48.237,0.940,62.090,5.000,0.10000000149011612,371.8241882324219,399.0,103.0
75.967,13:16:00.204,461.769,35.321,16310.254,0.000,0.000,0.000,0.000,0.000,0.000,1.000,1.000,0.000,48.456,48.637,0.940,62.078,5.000,0.10000000149011612,371.8241882324219,399.0,103.0
76.112,13:16:00.267,461.769,35.321,16310.254,0.000,0.000,0.000,0.000,0.000,0.000,1.000,1.000,0.000,48.456,48.637,0.940,62.078,5.000,0.10000000149011612,371.8241882324219,399.0,103.0
76.175,13:16:00.331,461.769,35.321,16310.254,0.000,0.000,0.000,0.000,0.000,0.000,1.000,1.000,0.000,48.456,48.637,0.940,62.078,5.000,0.10000000149011612,371.8241882324219,399.0,103.0
76.239,13:16:00.475,461.769,35.321,16310.254,0.000,0.000,0.000,0.000,0.000,0.000,1.000,1.000,0.000,48.418,48.237,0.940,62.134,5.000,0.10000000149011612,371.8241882324219,399.0,103.0
76.383,13:16:00.538,465.289,34.496,16050.522,0.000,0.000,0.000,0.000,0.000,0.000,1.000,1.000,0.000,48.418,48.237,0.940,62.134,5.000,0.10000000149011612,371.8241882324219,399.0,103.0
76.448,13:16:00.603,465.289,34.496,16050.522,0.000,0.000,0.000,0.000,0.000,0.000,1.000,1.000,0.000,48.418,48.237,0.940,62.134,5.000,0.10000000149011612,371.8241882324219,399.0,103.0
76.512,13:16:00.747,465.289,34.496,16050.522,0.000,0.000,0.000,0.000,0.000,0.000,1.000,1.000,0.000,48.418,48.237,0.940,62.134,5.000,0.10000000149011612,371.8241882324219,399.0,103.0
76.655,13:16:00.811,465.289,34.496,16050.522,0.000,0.000,0.000,0.000,0.000,0.000,1.000,1.000,0.000,48.418,48.237,0.940,62.134,5.000,0.10000000149011612,371.8241882324219,399.0,103.0
76.719,13:16:01.066,465.574,34.410,16020.162,0.000,0.000,0.000,0.000,0.000,0.000,1.000,1.000,0.000,48.418,48.237,0.940,62.134,5.000,0.10000000149011612,371.8241882324219,399.0,103.0
76.975,13:16:01.211,465.574,34.410,16020.162,0.000,0.000,0.000,0.000,0.000,0.000,1.000,1.000,0.000,48.456,48.637,0.940,62.145,5.000,0.10000000149011612,371.8241882324219,399.0,103.0
77.120,13:16:01.275,457.716,36.190,16564.953,0.000,0.000,0.000,0.000,0.000,0.000,1.000,1.000,0.000,48.456,48.637,0.940,62.145,5.000,0.10000000149011612,371.8241882324219,399.0,103.0
77.183,13:16:01.338,457.716,36.190,16564.953,0.000,0.000,0.000,0.000,0.000,0.000,1.000,1.000,0.000,48.456,48.637,0.940,62.145,5.000,0.10000000149011612,371.8241882324219,399.0,103.0
77.246,13:16:01.483,457.716,36.190,16564.953,0.000,0.000,0.000,0.000,0.000,0.000,1.000,1.000,0.000,48.856,49.037,0.940,62.134,5.000,0.10000000149011612,371.8241882324219,399.0,103.0
77.391,13:16:01.546,457.716,36.190,16564.953,0.000,0.000,0.000,0.000,0.000,0.000,1.000,1.000,0.000,48.856,49.037,0.940,62.134,5.000,0.10000000149011612,371.8241882324219,399.0,103.0
77.455,13:16:01.611,457.716,36.190,16564.953,0.000,0.000,0.000,0.000,0.000,0.000,1.000,1.000,0.000,48.856,49.037,0.940,62.134,5.000,0.10000000149011612,371.8241882324219,399.0,103.0
77.519,13:16:01.754,460.234,35.667,16415.326,0.000,0.000,0.000,0.000,0.000,0.000,1.000,1.000,0.000,48.817,48.637,0.940,62.147,5.000,0.10000000149011612,371.8241882324219,399.0,103.0
77.663,13:16:01.819,460.234,35.667,16415.326,0.000,0.000,0.000,0.000,0.000,0.000,1.000,1.000,0.000,48.817,48.637,0.940,62.147,5.000,0.10000000149011612,371.8241882324219,399.0,103.0
77.727,13:16:02.074,460.234,35.667,16415.326,0.000,0.000,0.000,0.000,0.000,0.000,1.000,1.000,0.000,48.817,48.637,0.940,62.147,5.000,0.10000000149011612,371.8241882324219,399.0,103.0
77.982,13:16:02.217,464.257,34.730,16123.799,0.000,0.000,0.000,0.000,0.000,0.000,1.000,1.000,0.000,48.417,48.237,0.940,62.183,5.000,0.10000000149011612,371.8241882324219,399.0,103.0
78.126,13:16:02.282,464.257,34.730,16123.799,0.000,0.000,0.000,0.000,0.000,0.000,1.000,1.000,0.000,48.417,48.237,0.940,62.183,5.000,0.10000000149011612,371.8241882324219,399.0,103.0
78.191,13:16:02.346,464.257,34.730,16123.799,0.000,0.000,0.000,0.000,0.000,0.000,1.000,1.000,0.000,48.417,48.237,0.940,62.183,5.000,0.10000000149011612,371.8241882324219,399.0,103.0
78.254,13:16:02.490,464.257,34.730,16123.799,0.000,0.000,0.000,0.000,0.000,0.000,1.000,1.000,0.000,48.417,48.237,0.940,62.183,5.000,0.10000000149011612,371.8241882324219,399.0,103.0
78.398,13:16:02.553,463.152,35.000,16210.165,0.000,0.000,0.000,0.000,0.000,0.000,1.000,1.000,0.000,48.417,48.237,0.940,62.183,5.000,0.10000000149011612,371.8241882324219,399.0,103.0
78.462,13:16:02.617,463.152,35.000,16210.165,0.000,0.000,0.000,0.000,0.000,0.000,1.000,1.000,0.000,48.417,48.237,0.940,62.183,5.000,0.10000000149011612,371.8241882324219,399.0,103.0
78.526,13:16:02.761,463.152,35.000,16210.165,0.000,0.000,0.000,0.000,0.000,0.000,1.000,1.000,0.000,48.457,48.637,0.940,62.255,5.000,0.10000000149011612,371.8241882324219,399.0,103.0
78.671,13:16:02.826,463.152,35.000,16210.165,0.000,0.000,0.000,0.000,0.000,0.000,1.000,1.000,0.000,48.457,48.637,0.940,62.255,5.000,0.10000000149011612,371.8241882324219,399.0,103.0
78.733,13:16:03.080,458.788,35.975,16504.949,0.000,0.000,0.000,0.000,0.000,0.000,1.000,1.000,0.000,48.457,48.637,0.940,62.255,5.000,0.10000000149011612,371.8241882324219,399.0,103.0
78.990,13:16:03.225,458.788,35.975,16504.949,0.000,0.000,0.000,0.000,0.000,0.000,1.000,1.000,0.000,48.856,49.037,0.940,62.279,5.000,0.10000000149011612,371.8241882324219,399.0,103.0
79.134,13:16:03.289,458.788,35.975,16504.949,0.000,0.000,0.000,0.000,0.000,0.000,1.000,1.000,0.000,48.856,49.037,0.940,62.279,5.000,0.10000000149011612,371.8241882324219,399.0,103.0
79.198,13:16:03.353,460.351,35.632,16403.201,0.000,0.000,0.000,0.000,0.000,0.000,1.000,1.000,0.000,48.856,49.037,0.940,62.279,5.000,0.10000000149011612,371.8241882324219,399.0,103.0
79.261,13:16:03.498,460.351,35.632,16403.201,0.000,0.000,0.000,0.000,0.000,0.000,1.000,1.000,0.000,48.818,48.637,0.940,62.299,5.000,0.10000000149011612,371.8241882324219,399.0,103.0
79.406,13:16:03.561,460.351,35.632,16403.201,0.000,0.000,0.000,0.000,0.000,0.000,1.000,1.000,0.000,48.818,48.637,0.940,62.299,5.000,0.10000000149011612,371.8241882324219,399.0,103.0
79.469,13:16:03.624,460.351,35.632,16403.201,0.000,0.000,0.000,0.000,0.000,0.000,1.000,1.000,0.000,48.818,48.637,0.940,62.299,5.000,0.10000000149011612,371.8241882324219,399.0,103.0
79.533,13:16:03.768,460.351,35.632,16403.201,0.000,0.000,0.000,0.000,0.000,0.000,1.000,1.000,0.000,48.418,48.237,0.940,62.329,5.000,0.10000000149011612,371.8241882324219,399.0,103.0
79.677,13:16:03.832,464.335,34.712,16117.805,0.000,0.000,0.000,0.000,0.000,0.000,1.000,1.000,0.000,48.418,48.237,0.940,62.329,5.000,0.10000000149011612,371.8241882324219,399.0,103.0
79.741,13:16:04.088,464.335,34.712,16117.805,0.000,0.000,0.000,0.000,0.000,0.000,1.000,1.000,0.000,48.418,48.237,0.940,62.329,5.000,0.10000000149011612,371.8241882324219,399.0,103.0
79.996,13:16:04.233,462.812,35.075,16233.243,0.000,0.000,0.000,0.000,0.000,0.000,1.000,1.000,0.000,48.457,48.637,0.940,62.349,5.000,0.10000000149011612,371.8241882324219,399.0,103.0
80.141,13:16:04.297,462.812,35.075,16233.243,0.000,0.000,0.000,0.000,0.000,0.000,1.000,1.000,0.000,48.457,48.637,0.940,62.349,5.000,0.10000000149011612,371.8241882324219,399.0,103.0
80.205,13:16:04.361,462.812,35.075,16233.243,0.000,0.000,0.000,0.000,0.000,0.000,1.000,1.000,0.000,48.457,48.637,0.940,62.349,5.000,0.10000000149011612,371.8241882324219,399.0,103.0
80.268,13:16:04.504,462.812,35.075,16233.243,0.000,0.000,0.000,0.000,0.000,0.000,1.000,1.000,0.000,48.457,48.637,0.940,62.349,5.000,0.10000000149011612,371.8241882324219,399.0,103.0
80.413,13:16:04.568,458.708,35.981,16504.600,0.000,0.000,0.000,0.000,0.000,0.000,1.000,1.000,0.000,48.457,48.637,0.940,62.349,5.000,0.10000000149011612,371.8241882324219,399.0,103.0
80.477,13:16:04.632,458.708,35.981,16504.600,0.000,0.000,0.000,0.000,0.000,0.000,1.000,1.000,0.000,48.457,48.637,0.940,62.349,5.000,0.10000000149011612,371.8241882324219,399.0,103.0
80.541,13:16:04.775,458.708,35.981,16504.600,0.000,0.000,0.000,0.000,0.000,0.000,1.000,1.000,0.000,48.856,49.037,0.940,62.382,5.000,0.10000000149011612,371.8241882324219,399.0,103.0
80.685,13:16:04.841,458.708,35.981,16504.600,0.000,0.000,0.000,0.000,0.000,0.000,1.000,1.000,0.000,48.856,49.037,0.940,62.382,5.000,0.10000000149011612,371.8241882324219,399.0,103.0
80.748,13:16:05.096,458.708,35.981,16504.600,0.000,0.000,0.000,0.000,0.000,0.000,1.000,1.000,0.000,48.856,49.037,0.940,62.382,5.000,0.10000000149011612,371.8241882324219,399.0,103.0
81.004,13:16:05.240,458.341,36.069,16531.729,0.000,0.000,0.000,0.000,0.000,0.000,1.000,1.000,0.000,48.818,48.637,0.940,62.417,5.000,0.10000000149011612,371.8241882324219,399.0,103.0
81.148,13:16:05.303,458.341,36.069,16531.729,0.000,0.000,0.000,0.000,0.000,0.000,1.000,1.000,0.000,48.818,48.637,0.940,62.417,5.000,0.10000000149011612,371.8241882324219,399.0,103.0
81.212,13:16:05.367,464.741,34.607,16083.353,0.000,0.000,0.000,0.000,0.000,0.000,1.000,1.000,0.000,48.818,48.637,0.940,62.417,5.000,0.10000000149011612,371.8241882324219,399.0,103.0
81.276,13:16:05.512,464.741,34.607,16083.353,0.000,0.000,0.000,0.000,0.000,0.000,1.000,1.000,0.000,48.418,48.237,0.940,62.438,5.000,0.10000000149011612,371.8241882324219,399.0,103.0
81.420,13:16:05.576,464.741,34.607,16083.353,0.000,0.000,0.000,0.000,0.000,0.000,1.000,1.000,0.000,48.418,48.237,0.940,62.438,5.000,0.10000000149011612,371.8241882324219,399.0,103.0
81.485,13:16:05.640,464.741,34.607,16083.353,0.000,0.000,0.000,0.000,0.000,0.000,1.000,1.000,0.000,48.418,48.237,0.940,62.438,5.000,0.10000000149011612,371.8241882324219,399.0,103.0
81.548,13:16:05.783,464.741,34.607,16083.353,0.000,0.000,0.000,0.000,0.000,0.000,1.000,1.000,0.000,48.456,48.637,0.940,62.452,5.000,0.10000000149011612,371.8241882324219,399.0,103.0
81.692,13:16:05.847,464.857,34.574,16071.791,0.000,0.000,0.000,0.000,0.000,0.000,1.000,1.000,0.000,48.456,48.637,0.940,62.452,5.000,0.10000000149011612,371.8241882324219,399.0,103.0
81.756,13:16:06.103,464.857,34.574,16071.791,0.000,0.000,0.000,0.000,0.000,0.000,1.000,1.000,0.000,48.456,48.637,0.940,62.452,5.000,0.10000000149011612,371.8241882324219,399.0,103.0
82.011,13:16:06.247,458.212,36.083,16533.734,0.000,0.000,0.000,0.000,0.000,0.000,1.000,1.000,0.000,48.818,48.637,0.940,62.492,5.000,0.10000000149011612,371.8241882324219,399.0,103.0
82.156,13:16:06.311,458.212,36.083,16533.734,0.000,0.000,0.000,0.000,0.000,0.000,1.000,1.000,0.000,48.818,48.637,0.940,62.492,5.000,0.10000000149011612,371.8241882324219,399.0,103.0
82.220,13:16:06.376,458.212,36.083,16533.734,0.000,0.000,0.000,0.000,0.000,0.000,1.000,1.000,0.000,48.818,48.637,0.940,62.492,5.000,0.10000000149011612,371.8241882324219,399.0,103.0
82.284,13:16:06.519,458.212,36.083,16533.734,0.000,0.000,0.000,0.000,0.000,0.000,1.000,1.000,0.000,48.818,48.637,0.940,62.492,5.000,0.10000000149011612,371.8241882324219,399.0,103.0
82.428,13:16:06.584,464.826,34.584,16075.742,0.000,0.000,0.000,0.000,0.000,0.000,1.000,1.000,0.000,48.818,48.637,0.940,62.492,5.000,0.10000000149011612,371.8241882324219,399.0,103.0
82.492,13:16:06.648,464.826,34.584,16075.742,0.000,0.000,0.000,0.000,0.000,0.000,1.000,1.000,0.000,48.818,48.637,0.940,62.492,5.000,0.10000000149011612,371.8241882324219,399.0,103.0
82.556,13:16:06.791,464.826,34.584,16075.742,0.000,0.000,0.000,0.000,0.000,0.000,1.000,1.000,0.000,48.456,48.637,0.940,62.471,5.000,0.10000000149011612,371.8241882324219,399.0,103.0
82.700,13:16:06.855,464.826,34.584,16075.742,0.000,0.000,0.000,0.000,0.000,0.000,1.000,1.000,0.000,48.456,48.637,0.940,62.471,5.000,0.10000000149011612,371.8241882324219,399.0,103.0
82.763,13:16:07.111,464.826,34.584,16075.742,0.000,0.000,0.000,0.000,0.000,0.000,1.000,1.000,0.000,48.456,48.637,0.940,62.471,5.000,0.10000000149011612,371.8241882324219,399.0,103.0
83.020,13:16:07.254,458.201,36.094,16538.453,0.000,0.000,0.000,0.000,0.000,0.000,1.000,1.000,0.000,48.856,49.037,0.940,62.552,5.000,0.10000000149011612,371.8241882324219,399.0,103.0
83.163,13:16:07.318,458.201,36.094,16538.453,0.000,0.000,0.000,0.000,0.000,0.000,1.000,1.000,0.000,48.856,49.037,0.940,62.552,5.000,0.10000000149011612,371.8241882324219,399.0,103.0
83.228,13:16:07.383,462.385,35.166,16260.380,0.000,0.000,0.000,0.000,0.000,0.000,1.000,1.000,0.000,48.856,49.037,0.940,62.552,5.000,0.10000000149011612,371.8241882324219,399.0,103.0
83.291,13:16:07.527,462.385,35.166,16260.380,0.000,0.000,0.000,0.000,0.000,0.000,1.000,1.000,0.000,48.456,48.637,0.940,62.568,5.000,0.10000000149011612,371.8241882324219,399.0,103.0
83.435,13:16:07.591,462.385,35.166,16260.380,0.000,0.000,0.000,0.000,0.000,0.000,1.000,1.000,0.000,48.456,48.637,0.940,62.568,5.000,0.10000000149011612,371.8241882324219,399.0,103.0
83.500,13:16:07.655,462.385,35.166,16260.380,0.000,0.000,0.000,0.000,0.000,0.000,1.000,1.000,0.000,48.456,48.637,0.940,62.568,5.000,0.10000000149011612,371.8241882324219,399.0,103.0
83.562,13:16:07.798,462.385,35.166,16260.380,0.000,0.000,0.000,0.000,0.000,0.000,1.000,1.000,0.000,48.456,48.637,0.940,62.593,5.000,0.10000000149011612,371.8241882324219,399.0,103.0
83.707,13:16:07.862,462.359,35.177,16264.194,0.000,0.000,0.000,0.000,0.000,0.000,1.000,1.000,0.000,48.456,48.637,0.940,62.593,5.000,0.10000000149011612,371.8241882324219,399.0,103.0
83.770,13:16:08.118,462.359,35.177,16264.194,0.000,0.000,0.000,0.000,0.000,0.000,1.000,1.000,0.000,48.456,48.637,0.940,62.593,5.000,0.10000000149011612,371.8241882324219,399.0,103.0
84.026,13:16:08.262,457.804,36.157,16552.828,0.000,0.000,0.000,0.000,0.000,0.000,1.000,1.000,0.000,48.818,48.637,0.940,62.646,5.000,0.10000000149011612,371.8241882324219,399.0,103.0
84.170,13:16:08.326,457.804,36.157,16552.828,0.000,0.000,0.000,0.000,0.000,0.000,1.000,1.000,0.000,48.818,48.637,0.940,62.646,5.000,0.10000000149011612,371.8241882324219,399.0,103.0
84.235,13:16:08.390,457.804,36.157,16552.828,0.000,0.000,0.000,0.000,0.000,0.000,1.000,1.000,0.000,48.818,48.637,0.940,62.646,5.000,0.10000000149011612,371.8241882324219,399.0,103.0
84.298,13:16:08.534,457.804,36.157,16552.828,0.000,0.000,0.000,0.000,0.000,0.000,1.000,1.000,0.000,48.818,48.637,0.940,62.646,5.000,0.10000000149011612,371.8241882324219,399.0,103.0
84.443,13:16:08.598,465.180,34.488,16042.912,0.000,0.000,0.000,0.000,0.000,0.000,1.000,1.000,0.000,48.818,48.637,0.940,62.646,5.000,0.10000000149011612,371.8241882324219,399.0,103.0
84.507,13:16:08.662,465.180,34.488,16042.912,0.000,0.000,0.000,0.000,0.000,0.000,1.000,1.000,0.000,48.818,48.637,0.940,62.646,5.000,0.10000000149011612,371.8241882324219,399.0,103.0
84.571,13:16:08.805,465.180,34.488,16042.912,0.000,0.000,0.000,0.000,0.000,0.000,1.000,1.000,0.000,48.456,48.637,0.940,62.607,5.000,0.10000000149011612,371.8241882324219,399.0,103.0
84.714,13:16:08.869,465.180,34.488,16042.912,0.000,0.000,0.000,0.000,0.000,0.000,1.000,1.000,0.000,48.456,48.637,0.940,62.607,5.000,0.10000000149011612,371.8241882324219,399.0,103.0
84.778,13:16:09.125,465.180,34.488,16042.912,0.000,0.000,0.000,0.000,0.000,0.000,1.000,1.000,0.000,48.456,48.637,0.940,62.607,5.000,0.10000000149011612,371.8241882324219,399.0,103.0
85.033,13:16:09.269,461.342,35.396,16329.891,0.000,0.000,0.000,0.000,0.000,0.000,1.000,1.000,0.000,48.818,48.637,0.940,62.669,5.000,0.10000000149011612,371.8241882324219,399.0,103.0
85.178,13:16:09.333,461.342,35.396,16329.891,0.000,0.000,0.000,0.000,0.000,0.000,1.000,1.000,0.000,48.818,48.637,0.940,62.669,5.000,0.10000000149011612,371.8241882324219,399.0,103.0
85.242,13:16:09.397,461.435,35.370,16321.093,0.000,0.000,0.000,0.000,0.000,0.000,1.000,1.000,0.000,48.818,48.637,0.940,62.669,5.000,0.10000000149011612,371.8241882324219,399.0,103.0
85.305,13:16:09.542,461.435,35.370,16321.093,0.000,0.000,0.000,0.000,0.000,0.000,1.000,1.000,0.000,48.818,48.637,0.940,62.700,5.000,0.10000000149011612,371.8241882324219,399.0,103.0
85.450,13:16:09.606,461.435,35.370,16321.093,0.000,0.000,0.000,0.000,0.000,0.000,1.000,1.000,0.000,48.818,48.637,0.940,62.700,5.000,0.10000000149011612,371.8241882324219,399.0,103.0
85.514,13:16:09.669,461.435,35.370,16321.093,0.000,0.000,0.000,0.000,0.000,0.000,1.000,1.000,0.000,48.818,48.637,0.940,62.700,5.000,0.10000000149011612,371.8241882324219,399.0,103.0
85.577,13:16:09.813,461.435,35.370,16321.093,0.000,0.000,0.000,0.000,0.000,0.000,1.000,1.000,0.000,48.818,48.637,0.940,62.700,5.000,0.10000000149011612,371.8241882324219,399.0,103.0
85.722,13:16:09.877,461.520,35.345,16312.630,0.000,0.000,0.000,0.000,0.000,0.000,1.000,1.000,0.000,48.818,48.637,0.940,62.700,5.000,0.10000000149011612,371.8241882324219,399.0,103.0
85.786,13:16:10.133,461.520,35.345,16312.630,0.000,0.000,0.000,0.000,0.000,0.000,1.000,1.000,0.000,48.818,48.637,0.940,62.700,5.000,0.10000000149011612,371.8241882324219,399.0,103.0
86.042,13:16:10.276,461.520,35.345,16312.630,0.000,0.000,0.000,0.000,0.000,0.000,1.000,1.000,0.000,48.857,49.037,0.940,62.728,5.000,0.10000000149011612,371.8241882324219,399.0,103.0
86.185,13:16:10.340,461.527,35.361,16320.206,0.000,0.000,0.000,0.000,0.000,0.000,1.000,1.000,0.000,48.857,49.037,0.940,62.728,5.000,0.10000000149011612,371.8241882324219,399.0,103.0
86.249,13:16:10.405,461.527,35.361,16320.206,0.000,0.000,0.000,0.000,0.000,0.000,1.000,1.000,0.000,48.857,49.037,0.940,62.728,5.000,0.10000000149011612,371.8241882324219,399.0,103.0
86.313,13:16:10.549,461.527,35.361,16320.206,0.000,0.000,0.000,0.000,0.000,0.000,1.000,1.000,0.000,48.857,49.037,0.940,62.728,5.000,0.10000000149011612,371.8241882324219,399.0,103.0
86.457,13:16:10.612,461.980,35.251,16285.085,0.000,0.000,0.000,0.000,0.000,0.000,1.000,1.000,0.000,48.857,49.037,0.940,62.728,5.000,0.10000000149011612,371.8241882324219,399.0,103.0
86.521,13:16:10.676,461.980,35.251,16285.085,0.000,0.000,0.000,0.000,0.000,0.000,1.000,1.000,0.000,48.857,49.037,0.940,62.728,5.000,0.10000000149011612,371.8241882324219,399.0,103.0
86.585,13:16:10.821,461.980,35.251,16285.085,0.000,0.000,0.000,0.000,0.000,0.000,1.000,1.000,0.000,48.418,48.237,0.940,62.756,5.000,0.10000000149011612,371.8241882324219,399.0,103.0
86.728,13:16:10.884,461.980,35.251,16285.085,0.000,0.000,0.000,0.000,0.000,0.000,1.000,1.000,0.000,48.418,48.237,0.940,62.756,5.000,0.10000000149011612,371.8241882324219,399.0,103.0
86.793,13:16:11.141,461.980,35.251,16285.085,0.000,0.000,0.000,0.000,0.000,0.000,1.000,1.000,0.000,48.418,48.237,0.940,62.756,5.000,0.10000000149011612,371.8241882324219,399.0,103.0
87.049,13:16:11.283,465.423,34.429,16024.127,0.000,0.000,0.000,0.000,0.000,0.000,1.000,1.000,0.000,48.456,48.637,0.940,62.764,5.000,0.10000000149011612,371.8241882324219,399.0,103.0
87.193,13:16:11.348,465.423,34.429,16024.127,0.000,0.000,0.000,0.000,0.000,0.000,1.000,1.000,0.000,48.456,48.637,0.940,62.764,5.000,0.10000000149011612,371.8241882324219,399.0,103.0
87.256,13:16:11.412,465.423,34.429,16024.127,0.000,0.000,0.000,0.000,0.000,0.000,1.000,1.000,0.000,48.456,48.637,0.940,62.764,5.000,0.10000000149011612,371.8241882324219,399.0,103.0
87.321,13:16:11.557,461.656,35.321,16306.357,0.000,0.000,0.000,0.000,0.000,0.000,1.000,1.000,0.000,48.818,48.637,0.940,62.770,5.000,0.10000000149011612,371.8241882324219,399.0,103.0
87.464,13:16:11.620,461.656,35.321,16306.357,0.000,0.000,0.000,0.000,0.000,0.000,1.000,1.000,0.000,48.818,48.637,0.940,62.770,5.000,0.10000000149011612,371.8241882324219,399.0,103.0
87.528,13:16:11.684,461.656,35.321,16306.357,0.000,0.000,0.000,0.000,0.000,0.000,1.000,1.000,0.000,48.818,48.637,0.940,62.770,5.000,0.10000000149011612,371.8241882324219,399.0,103.0
87.592,13:16:11.828,461.656,35.321,16306.357,0.000,0.000,0.000,0.000,0.000,0.000,1.000,1.000,0.000,48.818,48.637,0.940,62.770,5.000,0.10000000149011612,371.8241882324219,399.0,103.0
87.736,13:16:11.891,461.551,35.348,16314.921,0.000,0.000,0.000,0.000,0.000,0.000,1.000,1.000,0.000,48.818,48.637,0.940,62.770,5.000,0.10000000149011612,371.8241882324219,399.0,103.0
87.800,13:16:12.147,461.551,35.348,16314.921,0.000,0.000,0.000,0.000,0.000,0.000,1.000,1.000,0.000,48.818,48.637,0.940,62.770,5.000,0.10000000149011612,371.8241882324219,399.0,103.0
88.056,13:16:12.292,461.551,35.348,16314.921,0.000,0.000,0.000,0.000,0.000,0.000,1.000,1.000,0.000,48.457,48.637,0.940,62.826,5.000,0.10000000149011612,371.8241882324219,399.0,103.0
88.200,13:16:12.356,462.106,35.225,16277.540,0.000,0.000,0.000,0.000,0.000,0.000,1.000,1.000,0.000,48.457,48.637,0.940,62.826,5.000,0.10000000149011612,371.8241882324219,399.0,103.0
88.264,13:16:12.419,462.106,35.225,16277.540,0.000,0.000,0.000,0.000,0.000,0.000,1.000,1.000,0.000,48.457,48.637,0.940,62.826,5.000,0.10000000149011612,371.8241882324219,399.0,103.0
88.328,13:16:12.564,462.106,35.225,16277.540,0.000,0.000,0.000,0.000,0.000,0.000,1.000,1.000,0.000,48.457,48.637,0.940,62.826,5.000,0.10000000149011612,371.8241882324219,399.0,103.0
88.471,13:16:12.627,462.106,35.225,16277.540,0.000,0.000,0.000,0.000,0.000,0.000,1.000,1.000,0.000,48.457,48.637,0.940,62.826,5.000,0.10000000149011612,371.8241882324219,399.0,103.0
88.535,13:16:12.691,461.629,35.334,16311.053,0.000,0.000,0.000,0.000,0.000,0.000,1.000,1.000,0.000,48.457,48.637,0.940,62.826,5.000,0.10000000149011612,371.8241882324219,399.0,103.0
88.600,13:16:12.834,461.629,35.334,16311.053,0.000,0.000,0.000,0.000,0.000,0.000,1.000,1.000,0.000,48.818,48.637,0.940,62.857,5.000,0.10000000149011612,371.8241882324219,399.0,103.0
88.743,13:16:12.899,461.629,35.334,16311.053,0.000,0.000,0.000,0.000,0.000,0.000,1.000,1.000,0.000,48.818,48.637,0.940,62.857,5.000,0.10000000149011612,371.8241882324219,399.0,103.0
88.808,13:16:13.459,461.629,35.334,16311.053,0.000,0.000,0.000,0.000,0.000,0.000,1.000,1.000,0.000,48.818,48.637,0.940,62.857,5.000,0.10000000149011612,371.8241882324219,,103.0
89.368,13:16:13.603,460.466,35.596,16390.559,0.000,0.000,0.000,0.000,0.000,0.000,1.000,1.000,0.000,48.817,48.637,0.940,62.897,5.000,0.10000000149011612,371.8241882324219,,103.0
89.511,13:16:13.666,460.466,35.596,16390.559,0.000,0.000,0.000,0.000,0.000,0.000,1.000,1.000,0.000,48.817,48.637,0.940,62.897,5.000,0.10000000149011612,371.8241882324219,,103.0
89.575,13:16:13.730,460.466,35.596,16390.559,0.000,0.000,0.000,0.000,0.000,0.000,1.000,1.000,0.000,48.817,48.637,0.940,62.897,5.000,0.10000000149011612,371.8241882324219,,103.0
89.639,13:16:13.874,460.466,35.596,16390.559,0.000,0.000,0.000,0.000,0.000,0.000,1.000,1.000,0.000,48.817,48.637,0.940,62.897,5.000,0.10000000149011612,371.8241882324219,,103.0
89.783,13:16:13.939,463.390,34.918,16180.855,0.000,0.000,0.000,0.000,0.000,0.000,1.000,1.000,0.000,48.817,48.637,0.940,62.897,5.000,0.10000000149011612,371.8241882324219,,103.0
89.846,13:16:14.194,463.390,34.918,16180.855,0.000,0.000,0.000,0.000,0.000,0.000,1.000,1.000,0.000,48.817,48.637,0.940,62.897,5.000,0.10000000149011612,371.8241882324219,399.0,103.0
90.103,13:16:14.338,463.390,34.918,16180.855,0.000,0.000,0.000,0.000,0.000,0.000,1.000,1.000,0.000,48.817,48.637,0.940,62.945,5.000,0.10000000149011612,371.8241882324219,399.0,103.0
90.246,13:16:14.401,460.479,35.586,16386.453,0.000,0.000,0.000,0.000,0.000,0.000,1.000,1.000,0.000,48.817,48.637,0.940,62.945,5.000,0.10000000149011612,371.8241882324219,399.0,103.0
90.310,13:16:14.465,460.479,35.586,16386.453,0.000,0.000,0.000,0.000,0.000,0.000,1.000,1.000,0.000,48.817,48.637,0.940,62.945,5.000,0.10000000149011612,371.8241882324219,399.0,103.0
90.374,13:16:14.610,460.479,35.586,16386.453,0.000,0.000,0.000,0.000,0.000,0.000,1.000,1.000,0.000,48.817,48.637,0.940,62.945,5.000,0.10000000149011612,371.8241882324219,399.0,103.0
90.519,13:16:14.674,460.479,35.586,16386.453,0.000,0.000,0.000,0.000,0.000,0.000,1.000,1.000,0.000,48.817,48.637,0.940,62.945,5.000,0.10000000149011612,371.8241882324219,399.0,103.0
90.582,13:16:14.738,463.110,34.980,16199.776,0.000,0.000,0.000,0.000,0.000,0.000,1.000,1.000,0.000,48.817,48.637,0.940,62.945,5.000,0.10000000149011612,371.8241882324219,399.0,103.0
90.646,13:16:14.881,463.110,34.980,16199.776,0.000,0.000,0.000,0.000,0.000,0.000,1.000,1.000,0.000,48.418,48.237,0.940,62.950,5.000,0.10000000149011612,371.8241882324219,399.0,103.0
90.790,13:16:14.945,463.110,34.980,16199.776,0.000,0.000,0.000,0.000,0.000,0.000,1.000,1.000,0.000,48.418,48.237,0.940,62.950,5.000,0.10000000149011612,371.8241882324219,399.0,103.0
90.854,13:16:15.201,463.110,34.980,16199.776,0.000,0.000,0.000,0.000,0.000,0.000,1.000,1.000,0.000,48.418,48.237,0.940,62.950,5.000,0.10000000149011612,371.8241882324219,399.0,103.0
91.109,13:16:15.345,460.786,35.511,16362.904,0.000,0.000,0.000,0.000,0.000,0.000,1.000,1.000,0.000,48.856,49.037,0.940,62.955,5.000,0.10000000149011612,371.8241882324219,399.0,103.0
91.254,13:16:15.410,460.786,35.511,16362.904,0.000,0.000,0.000,0.000,0.000,0.000,1.000,1.000,0.000,48.856,49.037,0.940,62.955,5.000,0.10000000149011612,371.8241882324219,399.0,103.0
91.318,13:16:15.474,460.786,35.511,16362.904,0.000,0.000,0.000,0.000,0.000,0.000,1.000,1.000,0.000,48.856,49.037,0.940,62.955,5.000,0.10000000149011612,371.8241882324219,399.0,103.0
91.382,13:16:15.617,463.087,35.000,16208.096,0.000,0.000,0.000,0.000,0.000,0.000,1.000,1.000,0.000,48.418,48.237,0.940,62.978,5.000,0.10000000149011612,371.8241882324219,399.0,103.0
91.525,13:16:15.681,463.087,35.000,16208.096,0.000,0.000,0.000,0.000,0.000,0.000,1.000,1.000,0.000,48.418,48.237,0.940,62.978,5.000,0.10000000149011612,371.8241882324219,399.0,103.0
91.590,13:16:15.745,463.087,35.000,16208.096,0.000,0.000,0.000,0.000,0.000,0.000,1.000,1.000,0.000,48.418,48.237,0.940,62.978,5.000,0.10000000149011612,371.8241882324219,399.0,103.0
91.654,13:16:15.889,463.087,35.000,16208.096,0.000,0.000,0.000,0.000,0.000,0.000,1.000,1.000,0.000,48.418,48.237,0.940,62.978,5.000,0.10000000149011612,371.8241882324219,399.0,103.0
91.798,13:16:15.953,460.728,35.517,16363.517,0.000,0.000,0.000,0.000,0.000,0.000,1.000,1.000,0.000,48.418,48.237,0.940,62.978,5.000,0.10000000149011612,371.8241882324219,399.0,103.0
91.861,13:16:16.208,460.728,35.517,16363.517,0.000,0.000,0.000,0.000,0.000,0.000,1.000,1.000,0.000,48.418,48.237,0.940,62.978,5.000,0.10000000149011612,371.8241882324219,399.0,103.0
92.118,13:16:16.353,460.728,35.517,16363.517,0.000,0.000,0.000,0.000,0.000,0.000,1.000,1.000,0.000,48.418,48.237,0.940,62.985,5.000,0.10000000149011612,371.8241882324219,399.0,103.0
92.261,13:16:16.416,463.070,34.996,16205.411,0.000,0.000,0.000,0.000,0.000,0.000,1.000,1.000,0.000,48.418,48.237,0.940,62.985,5.000,0.10000000149011612,371.8241882324219,399.0,103.0
92.325,13:16:16.481,463.070,34.996,16205.411,0.000,0.000,0.000,0.000,0.000,0.000,1.000,1.000,0.000,48.418,48.237,0.940,62.985,5.000,0.10000000149011612,371.8241882324219,399.0,103.0
92.389,13:16:16.625,463.070,34.996,16205.411,0.000,0.000,0.000,0.000,0.000,0.000,1.000,1.000,0.000,48.418,48.237,0.940,62.985,5.000,0.10000000149011612,371.8241882324219,399.0,103.0
92.533,13:16:16.689,463.070,34.996,16205.411,0.000,0.000,0.000,0.000,0.000,0.000,1.000,1.000,0.000,48.418,48.237,0.940,62.985,5.000,0.10000000149011612,371.8241882324219,399.0,103.0
92.598,13:16:16.753,460.653,35.534,16368.842,0.000,0.000,0.000,0.000,0.000,0.000,1.000,1.000,0.000,48.418,48.237,0.940,62.985,5.000,0.10000000149011612,371.8241882324219,399.0,103.0
92.661,13:16:16.897,460.653,35.534,16368.842,0.000,0.000,0.000,0.000,0.000,0.000,1.000,1.000,0.000,48.818,48.637,0.940,63.019,5.000,0.10000000149011612,371.8241882324219,399.0,103.0
92.804,13:16:16.960,460.653,35.534,16368.842,0.000,0.000,0.000,0.000,0.000,0.000,1.000,1.000,0.000,48.818,48.637,0.940,63.019,5.000,0.10000000149011612,371.8241882324219,399.0,103.0
92.869,13:16:17.216,460.653,35.534,16368.842,0.000,0.000,0.000,0.000,0.000,0.000,1.000,1.000,0.000,48.818,48.637,0.940,63.019,5.000,0.10000000149011612,371.8241882324219,399.0,103.0
93.125,13:16:17.360,462.623,35.097,16236.481,0.000,0.000,0.000,0.000,0.000,0.000,1.000,1.000,0.000,48.456,48.637,0.940,63.018,5.000,0.10000000149011612,371.8241882324219,399.0,103.0
93.269,13:16:17.424,462.623,35.097,16236.481,0.000,0.000,0.000,0.000,0.000,0.000,1.000,1.000,0.000,48.456,48.637,0.940,63.018,5.000,0.10000000149011612,371.8241882324219,399.0,103.0
93.333,13:16:17.488,462.623,35.097,16236.481,0.000,0.000,0.000,0.000,0.000,0.000,1.000,1.000,0.000,48.456,48.637,0.940,63.018,5.000,0.10000000149011612,371.8241882324219,399.0,103.0
93.397,13:16:17.632,460.833,35.493,16356.452,0.000,0.000,0.000,0.000,0.000,0.000,1.000,1.000,0.000,48.818,48.637,0.940,63.037,5.000,0.10000000149011612,371.8241882324219,399.0,103.0
93.540,13:16:17.696,460.833,35.493,16356.452,0.000,0.000,0.000,0.000,0.000,0.000,1.000,1.000,0.000,48.818,48.637,0.940,63.037,5.000,0.10000000149011612,371.8241882324219,399.0,103.0
93.605,13:16:17.760,460.833,35.493,16356.452,0.000,0.000,0.000,0.000,0.000,0.000,1.000,1.000,0.000,48.818,48.637,0.940,63.037,5.000,0.10000000149011612,371.8241882324219,399.0,103.0
93.668,13:16:17.904,460.833,35.493,16356.452,0.000,0.000,0.000,0.000,0.000,0.000,1.000,1.000,0.000,48.818,48.637,0.940,63.037,5.000,0.10000000149011612,371.8241882324219,399.0,103.0
93.813,13:16:17.968,462.568,35.111,16241.276,0.000,0.000,0.000,0.000,0.000,0.000,1.000,1.000,0.000,48.818,48.637,0.940,63.037,5.000,0.10000000149011612,371.8241882324219,399.0,103.0
93.876,13:16:18.224,462.568,35.111,16241.276,0.000,0.000,0.000,0.000,0.000,0.000,1.000,1.000,0.000,48.818,48.637,0.940,63.037,5.000,0.10000000149011612,371.8241882324219,399.0,103.0
94.133,13:16:18.368,462.568,35.111,16241.276,0.000,0.000,0.000,0.000,0.000,0.000,1.000,1.000,0.000,48.818,48.637,0.940,63.071,5.000,0.10000000149011612,371.8241882324219,399.0,103.0
94.276,13:16:18.431,461.077,35.437,16339.220,0.000,0.000,0.000,0.000,0.000,0.000,1.000,1.000,0.000,48.818,48.637,0.940,63.071,5.000,0.10000000149011612,371.8241882324219,399.0,103.0
94.340,13:16:18.495,461.077,35.437,16339.220,0.000,0.000,0.000,0.000,0.000,0.000,1.000,1.000,0.000,48.818,48.637,0.940,63.071,5.000,0.10000000149011612,371.8241882324219,399.0,103.0
94.405,13:16:18.640,461.077,35.437,16339.220,0.000,0.000,0.000,0.000,0.000,0.000,1.000,1.000,0.000,48.818,48.637,0.940,63.071,5.000,0.10000000149011612,371.8241882324219,399.0,103.0
94.548,13:16:18.704,461.077,35.437,16339.220,0.000,0.000,0.000,0.000,0.000,0.000,1.000,1.000,0.000,48.818,48.637,0.940,63.071,5.000,0.10000000149011612,371.8241882324219,399.0,103.0
94.612,13:16:18.767,462.392,35.130,16244.018,0.000,0.000,0.000,0.000,0.000,0.000,1.000,1.000,0.000,48.818,48.637,0.940,63.071,5.000,0.10000000149011612,371.8241882324219,399.0,103.0
94.676,13:16:18.911,462.392,35.130,16244.018,0.000,0.000,0.000,0.000,0.000,0.000,1.000,1.000,0.000,48.418,48.237,0.940,63.060,5.000,0.10000000149011612,371.8241882324219,399.0,103.0
94.820,13:16:18.975,462.392,35.130,16244.018,0.000,0.000,0.000,0.000,0.000,0.000,1.000,1.000,0.000,48.418,48.237,0.940,63.060,5.000,0.10000000149011612,371.8241882324219,399.0,103.0
94.884,13:16:19.231,462.392,35.130,16244.018,0.000,0.000,0.000,0.000,0.000,0.000,1.000,1.000,0.000,48.418,48.237,0.940,63.060,5.000,0.10000000149011612,371.8241882324219,399.0,103.0
95.140,13:16:19.375,461.351,35.373,16319.284,0.000,0.000,0.000,0.000,0.000,0.000,1.000,1.000,0.000,48.818,48.637,0.940,63.109,5.000,0.10000000149011612,371.8241882324219,399.0,103.0
95.283,13:16:19.438,461.351,35.373,16319.284,0.000,0.000,0.000,0.000,0.000,0.000,1.000,1.000,0.000,48.818,48.637,0.940,63.109,5.000,0.10000000149011612,371.8241882324219,399.0,103.0
95.348,13:16:19.503,461.351,35.373,16319.284,0.000,0.000,0.000,0.000,0.000,0.000,1.000,1.000,0.000,48.818,48.637,0.940,63.109,5.000,0.10000000149011612,371.8241882324219,399.0,103.0
95.412,13:16:19.647,462.377,35.149,16252.155,0.000,0.000,0.000,0.000,0.000,0.000,1.000,1.000,0.000,48.456,48.637,0.940,63.138,5.000,0.10000000149011612,371.8241882324219,399.0,103.0
95.557,13:16:19.712,462.377,35.149,16252.155,0.000,0.000,0.000,0.000,0.000,0.000,1.000,1.000,0.000,48.456,48.637,0.940,63.138,5.000,0.10000000149011612,371.8241882324219,399.0,103.0
95.619,13:16:19.774,462.377,35.149,16252.155,0.000,0.000,0.000,0.000,0.000,0.000,1.000,1.000,0.000,48.456,48.637,0.940,63.138,5.000,0.10000000149011612,371.8241882324219,399.0,103.0
95.684,13:16:19.918,462.377,35.149,16252.155,0.000,0.000,0.000,0.000,0.000,0.000,1.000,1.000,0.000,48.456,48.637,0.940,63.138,5.000,0.10000000149011612,371.8241882324219,399.0,103.0
95.827,13:16:19.982,461.276,35.393,16326.054,0.000,0.000,0.000,0.000,0.000,0.000,1.000,1.000,0.000,48.456,48.637,0.940,63.138,5.000,0.10000000149011612,371.8241882324219,399.0,103.0
95.890,13:16:20.238,461.276,35.393,16326.054,0.000,0.000,0.000,0.000,0.000,0.000,1.000,1.000,0.000,48.456,48.637,0.940,63.138,5.000,0.10000000149011612,371.8241882324219,399.0,103.0
96.146,13:16:20.383,461.276,35.393,16326.054,0.000,0.000,0.000,0.000,0.000,0.000,1.000,1.000,0.000,48.856,49.037,0.940,63.149,5.000,0.10000000149011612,371.8241882324219,399.0,103.0
96.290,13:16:20.446,462.213,35.196,16268.220,0.000,0.000,0.000,0.000,0.000,0.000,1.000,1.000,0.000,48.856,49.037,0.940,63.149,5.000,0.10000000149011612,371.8241882324219,399.0,103.0
96.355,13:16:20.510,462.213,35.196,16268.220,0.000,0.000,0.000,0.000,0.000,0.000,1.000,1.000,0.000,48.856,49.037,0.940,63.149,5.000,0.10000000149011612,371.8241882324219,399.0,103.0
96.419,13:16:20.655,462.213,35.196,16268.220,0.000,0.000,0.000,0.000,0.000,0.000,1.000,1.000,0.000,48.418,48.237,0.940,63.198,5.000,0.10000000149011612,371.8241882324219,399.0,103.0
96.563,13:16:20.718,462.213,35.196,16268.220,0.000,0.000,0.000,0.000,0.000,0.000,1.000,1.000,0.000,48.418,48.237,0.940,63.198,5.000,0.10000000149011612,371.8241882324219,399.0,103.0
96.626,13:16:20.782,461.418,35.366,16318.732,0.000,0.000,0.000,0.000,0.000,0.000,1.000,1.000,0.000,48.418,48.237,0.940,63.198,5.000,0.10000000149011612,371.8241882324219,399.0,103.0
96.690,13:16:20.926,461.418,35.366,16318.732,0.000,0.000,0.000,0.000,0.000,0.000,1.000,1.000,0.000,48.818,48.637,0.940,63.168,5.000,0.10000000149011612,371.8241882324219,399.0,103.0
96.834,13:16:20.989,461.418,35.366,16318.732,0.000,0.000,0.000,0.000,0.000,0.000,1.000,1.000,0.000,48.818,48.637,0.940,63.168,5.000,0.10000000149011612,371.8241882324219,399.0,103.0
96.898,13:16:21.245,461.418,35.366,16318.732,0.000,0.000,0.000,0.000,0.000,0.000,1.000,1.000,0.000,48.818,48.637,0.940,63.168,5.000,0.10000000149011612,371.8241882324219,399.0,103.0
97.154,13:16:21.389,465.539,34.391,16010.457,0.000,0.000,0.000,0.000,0.000,0.000,1.000,1.000,0.000,48.456,48.637,0.940,63.184,5.000,0.10000000149011612,371.8241882324219,399.0,103.0
97.298,13:16:21.453,465.539,34.391,16010.457,0.000,0.000,0.000,0.000,0.000,0.000,1.000,1.000,0.000,48.456,48.637,0.940,63.184,5.000,0.10000000149011612,371.8241882324219,399.0,103.0
97.362,13:16:21.517,465.539,34.391,16010.457,0.000,0.000,0.000,0.000,0.000,0.000,1.000,1.000,0.000,48.456,48.637,0.940,63.184,5.000,0.10000000149011612,371.8241882324219,399.0,103.0
97.426,13:16:21.661,465.539,34.391,16010.457,0.000,0.000,0.000,0.000,0.000,0.000,1.000,1.000,0.000,48.418,48.237,0.940,63.181,5.000,0.10000000149011612,371.8241882324219,399.0,103.0
97.569,13:16:21.725,462.209,35.196,16268.002,0.000,0.000,0.000,0.000,0.000,0.000,1.000,1.000,0.000,48.418,48.237,0.940,63.181,5.000,0.10000000149011612,371.8241882324219,399.0,103.0
97.633,13:16:21.789,462.209,35.196,16268.002,0.000,0.000,0.000,0.000,0.000,0.000,1.000,1.000,0.000,48.418,48.237,0.940,63.181,5.000,0.10000000149011612,371.8241882324219,399.0,103.0
97.697,13:16:21.933,462.209,35.196,16268.002,0.000,0.000,0.000,0.000,0.000,0.000,1.000,1.000,0.000,48.418,48.237,0.940,63.181,5.000,0.10000000149011612,371.8241882324219,399.0,103.0
97.841,13:16:21.997,461.842,35.281,16294.448,0.000,0.000,0.000,0.000,0.000,0.000,1.000,1.000,0.000,48.418,48.237,0.940,63.181,5.000,0.10000000149011612,371.8241882324219,399.0,103.0
97.905,13:16:22.253,461.842,35.281,16294.448,0.000,0.000,0.000,0.000,0.000,0.000,1.000,1.000,0.000,48.418,48.237,0.940,63.181,5.000,0.10000000149011612,371.8241882324219,399.0,103.0
98.162,13:16:22.397,461.842,35.281,16294.448,0.000,0.000,0.000,0.000,0.000,0.000,1.000,1.000,0.000,48.856,49.037,0.940,63.165,5.000,0.10000000149011612,371.8241882324219,399.0,103.0
98.305,13:16:22.460,462.047,35.242,16283.687,0.000,0.000,0.000,0.000,0.000,0.000,1.000,1.000,0.000,48.856,49.037,0.940,63.165,5.000,0.10000000149011612,371.8241882324219,399.0,103.0
98.370,13:16:22.525,462.047,35.242,16283.687,0.000,0.000,0.000,0.000,0.000,0.000,1.000,1.000,0.000,48.856,49.037,0.940,63.165,5.000,0.10000000149011612,371.8241882324219,399.0,103.0
98.433,13:16:22.669,462.047,35.242,16283.687,0.000,0.000,0.000,0.000,0.000,0.000,1.000,1.000,0.000,48.418,48.237,0.940,63.243,5.000,0.10000000149011612,371.8241882324219,399.0,103.0
98.577,13:16:22.732,462.047,35.242,16283.687,0.000,0.000,0.000,0.000,0.000,0.000,1.000,1.000,0.000,48.418,48.237,0.940,63.243,5.000,0.10000000149011612,371.8241882324219,399.0,103.0
98.641,13:16:22.797,462.047,35.242,16283.687,0.000,0.000,0.000,0.000,0.000,0.000,1.000,1.000,0.000,48.418,48.237,0.940,63.243,5.000,0.10000000149011612,371.8241882324219,399.0,103.0
98.705,13:16:22.942,461.886,35.276,16293.289,0.000,0.000,0.000,0.000,0.000,0.000,1.000,1.000,0.000,48.856,49.037,0.940,63.240,5.000,0.10000000149011612,371.8241882324219,399.0,103.0
98.849,13:16:23.005,461.886,35.276,16293.289,0.000,0.000,0.000,0.000,0.000,0.000,1.000,1.000,0.000,48.856,49.037,0.940,63.240,5.000,0.10000000149011612,371.8241882324219,399.0,103.0
98.913,13:16:23.260,461.886,35.276,16293.289,0.000,0.000,0.000,0.000,0.000,0.000,1.000,1.000,0.000,48.856,49.037,0.940,63.240,5.000,0.10000000149011612,371.8241882324219,399.0,103.0
99.170,13:16:23.406,462.130,35.226,16278.836,0.000,0.000,0.000,0.000,0.000,0.000,1.000,1.000,0.000,48.418,48.237,0.940,63.298,5.000,0.10000000149011612,371.8241882324219,399.0,103.0
99.313,13:16:23.469,462.130,35.226,16278.836,0.000,0.000,0.000,0.000,0.000,0.000,1.000,1.000,0.000,48.418,48.237,0.940,63.298,5.000,0.10000000149011612,371.8241882324219,399.0,103.0
99.377,13:16:23.533,462.130,35.226,16278.836,0.000,0.000,0.000,0.000,0.000,0.000,1.000,1.000,0.000,48.418,48.237,0.940,63.298,5.000,0.10000000149011612,371.8241882324219,399.0,103.0
99.441,13:16:23.677,462.130,35.226,16278.836,0.000,0.000,0.000,0.000,0.000,0.000,1.000,1.000,0.000,48.818,48.637,0.940,63.289,5.000,0.10000000149011612,371.8241882324219,399.0,103.0
99.585,13:16:23.740,461.880,35.266,16288.480,0.000,0.000,0.000,0.000,0.000,0.000,1.000,1.000,0.000,48.818,48.637,0.940,63.289,5.000,0.10000000149011612,371.8241882324219,399.0,103.0
99.649,13:16:23.805,461.880,35.266,16288.480,0.000,0.000,0.000,0.000,0.000,0.000,1.000,1.000,0.000,48.818,48.637,0.940,63.289,5.000,0.10000000149011612,371.8241882324219,399.0,103.0
99.713,13:16:23.948,461.880,35.266,16288.480,0.000,0.000,0.000,0.000,0.000,0.000,1.000,1.000,0.000,48.818,48.637,0.940,63.289,5.000,0.10000000149011612,371.8241882324219,399.0,103.0
99.856,13:16:24.012,461.880,35.266,16288.480,0.000,0.000,0.000,0.000,0.000,0.000,1.000,1.000,0.000,48.818,48.637,0.940,63.289,5.000,0.10000000149011612,371.8241882324219,399.0,103.0
99.921,13:16:24.267,464.136,34.741,16124.586,0.000,0.000,0.000,0.000,0.000,0.000,1.000,1.000,0.000,48.818,48.637,0.940,63.289,5.000,0.10000000149011612,371.8241882324219,399.0,103.0
100.177,13:16:24.411,464.136,34.741,16124.586,0.000,0.000,0.000,0.000,0.000,0.000,1.000,1.000,0.000,48.457,48.637,0.940,63.300,5.000,0.10000000149011612,371.8241882324219,399.0,103.0
100.321,13:16:24.476,462.024,35.246,16284.311,0.000,0.000,0.000,0.000,0.000,0.000,1.000,1.000,0.000,48.457,48.637,0.940,63.300,5.000,0.10000000149011612,371.8241882324219,399.0,103.0
100.385,13:16:24.540,462.024,35.246,16284.311,0.000,0.000,0.000,0.000,0.000,0.000,1.000,1.000,0.000,48.457,48.637,0.940,63.300,5.000,0.10000000149011612,371.8241882324219,399.0,103.0
100.449,13:16:24.683,462.024,35.246,16284.311,0.000,0.000,0.000,0.000,0.000,0.000,1.000,1.000,0.000,48.856,49.037,0.940,63.340,5.000,0.10000000149011612,371.8241882324219,399.0,103.0
100.593,13:16:24.748,462.024,35.246,16284.311,0.000,0.000,0.000,0.000,0.000,0.000,1.000,1.000,0.000,48.856,49.037,0.940,63.340,5.000,0.10000000149011612,371.8241882324219,399.0,103.0
100.656,13:16:24.811,462.024,35.246,16284.311,0.000,0.000,0.000,0.000,0.000,0.000,1.000,1.000,0.000,48.856,49.037,0.940,63.340,5.000,0.10000000149011612,371.8241882324219,399.0,103.0
100.720,13:16:24.956,457.946,36.126,16543.773,0.000,0.000,0.000,0.000,0.000,0.000,1.000,1.000,0.000,48.818,48.637,0.940,63.351,5.000,0.10000000149011612,371.8241882324219,399.0,103.0
100.864,13:16:25.020,457.946,36.126,16543.773,0.000,0.000,0.000,0.000,0.000,0.000,1.000,1.000,0.000,48.818,48.637,0.940,63.351,5.000,0.10000000149011612,371.8241882324219,399.0,103.0
100.929,13:16:25.276,457.946,36.126,16543.773,0.000,0.000,0.000,0.000,0.000,0.000,1.000,1.000,0.000,48.818,48.637,0.940,63.351,5.000,0.10000000149011612,371.8241882324219,399.0,103.0
101.184,13:16:25.420,463.403,34.930,16186.518,0.000,0.000,0.000,0.000,0.000,0.000,1.000,1.000,0.000,48.418,48.237,0.940,63.385,5.000,0.10000000149011612,371.8241882324219,399.0,103.0
101.328,13:16:25.483,463.403,34.930,16186.518,0.000,0.000,0.000,0.000,0.000,0.000,1.000,1.000,0.000,48.418,48.237,0.940,63.385,5.000,0.10000000149011612,371.8241882324219,399.0,103.0
101.392,13:16:25.547,463.403,34.930,16186.518,0.000,0.000,0.000,0.000,0.000,0.000,1.000,1.000,0.000,48.418,48.237,0.940,63.385,5.000,0.10000000149011612,371.8241882324219,399.0,103.0
101.455,13:16:25.692,463.403,34.930,16186.518,0.000,0.000,0.000,0.000,0.000,0.000,1.000,1.000,0.000,48.456,48.637,0.940,63.388,5.000,0.10000000149011612,371.8241882324219,399.0,103.0
101.600,13:16:25.755,464.302,34.706,16114.280,0.000,0.000,0.000,0.000,0.000,0.000,1.000,1.000,0.000,48.456,48.637,0.940,63.388,5.000,0.10000000149011612,371.8241882324219,399.0,103.0
101.664,13:16:25.819,464.302,34.706,16114.280,0.000,0.000,0.000,0.000,0.000,0.000,1.000,1.000,0.000,48.456,48.637,0.940,63.388,5.000,0.10000000149011612,371.8241882324219,399.0,103.0
101.728,13:16:25.963,464.302,34.706,16114.280,0.000,0.000,0.000,0.000,0.000,0.000,1.000,1.000,0.000,48.456,48.637,0.940,63.388,5.000,0.10000000149011612,371.8241882324219,399.0,103.0
101.871,13:16:26.027,464.302,34.706,16114.280,0.000,0.000,0.000,0.000,0.000,0.000,1.000,1.000,0.000,48.456,48.637,0.940,63.388,5.000,0.10000000149011612,371.8241882324219,399.0,103.0
101.935,13:16:26.283,460.704,35.534,16370.827,0.000,0.000,0.000,0.000,0.000,0.000,1.000,1.000,0.000,48.456,48.637,0.940,63.388,5.000,0.10000000149011612,371.8241882324219,399.0,103.0
102.191,13:16:26.427,460.704,35.534,16370.827,0.000,0.000,0.000,0.000,0.000,0.000,1.000,1.000,0.000,48.818,48.637,0.940,63.412,5.000,0.10000000149011612,371.8241882324219,399.0,103.0
102.337,13:16:26.492,463.030,35.005,16208.476,0.000,0.000,0.000,0.000,0.000,0.000,1.000,1.000,0.000,48.818,48.637,0.940,63.412,5.000,0.10000000149011612,371.8241882324219,399.0,103.0
102.399,13:16:26.554,463.030,35.005,16208.476,0.000,0.000,0.000,0.000,0.000,0.000,1.000,1.000,0.000,48.818,48.637,0.940,63.412,5.000,0.10000000149011612,371.8241882324219,399.0,103.0
102.463,13:16:26.699,463.030,35.005,16208.476,0.000,0.000,0.000,0.000,0.000,0.000,1.000,1.000,0.000,48.456,48.637,0.940,63.432,5.000,0.10000000149011612,371.8241882324219,399.0,103.0
102.606,13:16:26.762,463.030,35.005,16208.476,0.000,0.000,0.000,0.000,0.000,0.000,1.000,1.000,0.000,48.456,48.637,0.940,63.432,5.000,0.10000000149011612,371.8241882324219,399.0,103.0
102.670,13:16:26.826,463.030,35.005,16208.476,0.000,0.000,0.000,0.000,0.000,0.000,1.000,1.000,0.000,48.456,48.637,0.940,63.432,5.000,0.10000000149011612,371.8241882324219,399.0,103.0
102.734,13:16:26.970,459.039,35.891,16475.166,0.000,0.000,0.000,0.000,0.000,0.000,1.000,1.000,0.000,48.818,48.637,0.940,63.356,5.000,0.10000000149011612,371.8241882324219,399.0,103.0
102.878,13:16:27.034,459.039,35.891,16475.166,0.000,0.000,0.000,0.000,0.000,0.000,1.000,1.000,0.000,48.818,48.637,0.940,63.356,5.000,0.10000000149011612,371.8241882324219,399.0,103.0
102.942,13:16:27.289,459.039,35.891,16475.166,0.000,0.000,0.000,0.000,0.000,0.000,1.000,1.000,0.000,48.818,48.637,0.940,63.356,5.000,0.10000000149011612,371.8241882324219,399.0,103.0
103.198,13:16:27.433,462.932,35.037,16219.923,0.000,0.000,0.000,0.000,0.000,0.000,1.000,1.000,0.000,48.418,48.237,0.940,63.397,5.000,0.10000000149011612,371.8241882324219,399.0,103.0
103.342,13:16:27.497,462.932,35.037,16219.923,0.000,0.000,0.000,0.000,0.000,0.000,1.000,1.000,0.000,48.418,48.237,0.940,63.397,5.000,0.10000000149011612,371.8241882324219,399.0,103.0
103.406,13:16:27.561,462.932,35.037,16219.923,0.000,0.000,0.000,0.000,0.000,0.000,1.000,1.000,0.000,48.418,48.237,0.940,63.397,5.000,0.10000000149011612,371.8241882324219,399.0,103.0
103.470,13:16:27.705,462.932,35.037,16219.923,0.000,0.000,0.000,0.000,0.000,0.000,1.000,1.000,0.000,48.456,48.637,0.940,63.411,5.000,0.10000000149011612,371.8241882324219,399.0,103.0
103.614,13:16:27.770,464.621,34.632,16090.526,0.000,0.000,0.000,0.000,0.000,0.000,1.000,1.000,0.000,48.456,48.637,0.940,63.411,5.000,0.10000000149011612,371.8241882324219,399.0,103.0
103.678,13:16:27.833,464.621,34.632,16090.526,0.000,0.000,0.000,0.000,0.000,0.000,1.000,1.000,0.000,48.456,48.637,0.940,63.411,5.000,0.10000000149011612,371.8241882324219,399.0,103.0
103.742,13:16:27.978,464.621,34.632,16090.526,0.000,0.000,0.000,0.000,0.000,0.000,1.000,1.000,0.000,48.456,48.637,0.940,63.411,5.000,0.10000000149011612,371.8241882324219,399.0,103.0
103.887,13:16:28.042,464.621,34.632,16090.526,0.000,0.000,0.000,0.000,0.000,0.000,1.000,1.000,0.000,48.456,48.637,0.940,63.411,5.000,0.10000000149011612,371.8241882324219,399.0,103.0
103.950,13:16:28.297,461.206,35.430,16340.516,0.000,0.000,0.000,0.000,0.000,0.000,1.000,1.000,0.000,48.456,48.637,0.940,63.411,5.000,0.10000000149011612,371.8241882324219,399.0,103.0
104.206,13:16:28.441,461.206,35.430,16340.516,0.000,0.000,0.000,0.000,0.000,0.000,1.000,1.000,0.000,48.856,49.037,0.940,63.429,5.000,0.10000000149011612,371.8241882324219,399.0,103.0
104.349,13:16:28.505,458.503,36.008,16509.893,0.000,0.000,0.000,0.000,0.000,0.000,1.000,1.000,0.000,48.856,49.037,0.940,63.429,5.000,0.10000000149011612,371.8241882324219,399.0,103.0
104.413,13:16:28.568,458.503,36.008,16509.893,0.000,0.000,0.000,0.000,0.000,0.000,1.000,1.000,0.000,48.856,49.037,0.940,63.429,5.000,0.10000000149011612,371.8241882324219,399.0,103.0
104.477,13:16:28.714,458.503,36.008,16509.893,0.000,0.000,0.000,0.000,0.000,0.000,1.000,1.000,0.000,48.818,48.637,0.940,63.419,5.000,0.10000000149011612,371.8241882324219,399.0,103.0
104.622,13:16:28.777,458.503,36.008,16509.893,0.000,0.000,0.000,0.000,0.000,0.000,1.000,1.000,0.000,48.818,48.637,0.940,63.419,5.000,0.10000000149011612,371.8241882324219,399.0,103.0
104.686,13:16:28.841,458.503,36.008,16509.893,0.000,0.000,0.000,0.000,0.000,0.000,1.000,1.000,0.000,48.818,48.637,0.940,63.419,5.000,0.10000000149011612,371.8241882324219,399.0,103.0
104.749,13:16:28.985,462.806,35.068,16229.885,0.000,0.000,0.000,0.000,0.000,0.000,1.000,1.000,0.000,48.418,48.237,0.940,63.492,5.000,0.10000000149011612,371.8241882324219,399.0,103.0
104.894,13:16:29.049,462.806,35.068,16229.885,0.000,0.000,0.000,0.000,0.000,0.000,1.000,1.000,0.000,48.418,48.237,0.940,63.492,5.000,0.10000000149011612,371.8241882324219,399.0,103.0
104.958,13:16:29.304,462.806,35.068,16229.885,0.000,0.000,0.000,0.000,0.000,0.000,1.000,1.000,0.000,48.418,48.237,0.940,63.492,5.000,0.10000000149011612,371.8241882324219,399.0,103.0
105.213,13:16:29.449,465.044,34.519,16052.864,0.000,0.000,0.000,0.000,0.000,0.000,1.000,1.000,0.000,48.418,48.237,0.940,63.452,5.000,0.10000000149011612,371.8241882324219,399.0,103.0
105.357,13:16:29.512,465.044,34.519,16052.864,0.000,0.000,0.000,0.000,0.000,0.000,1.000,1.000,0.000,48.418,48.237,0.940,63.452,5.000,0.10000000149011612,371.8241882324219,399.0,103.0
105.421,13:16:29.577,465.044,34.519,16052.864,0.000,0.000,0.000,0.000,0.000,0.000,1.000,1.000,0.000,48.418,48.237,0.940,63.452,5.000,0.10000000149011612,371.8241882324219,399.0,103.0
105.485,13:16:29.721,465.044,34.519,16052.864,0.000,0.000,0.000,0.000,0.000,0.000,1.000,1.000,0.000,48.418,48.237,0.940,63.452,5.000,0.10000000149011612,371.8241882324219,399.0,103.0
105.629,13:16:29.784,468.471,33.643,15760.695,0.000,0.000,0.000,0.000,0.000,0.000,1.000,1.000,0.000,48.418,48.237,0.940,63.452,5.000,0.10000000149011612,371.8241882324219,399.0,103.0
105.692,13:16:29.848,468.471,33.643,15760.695,0.000,0.000,0.000,0.000,0.000,0.000,1.000,1.000,0.000,48.418,48.237,0.940,63.452,5.000,0.10000000149011612,371.8241882324219,399.0,103.0
105.756,13:16:29.992,468.471,33.643,15760.695,0.000,0.000,0.000,0.000,0.000,0.000,1.000,1.000,0.000,48.056,48.237,0.940,63.454,5.000,0.10000000149011612,371.8241882324219,399.0,103.0
105.900,13:16:30.055,468.471,33.643,15760.695,0.000,0.000,0.000,0.000,0.000,0.000,1.000,1.000,0.000,48.056,48.237,0.940,63.454,5.000,0.10000000149011612,371.8241882324219,399.0,103.0
105.964,13:16:30.311,468.471,33.643,15760.695,0.000,0.000,0.000,0.000,0.000,0.000,1.000,1.000,0.000,48.056,48.237,0.940,63.454,5.000,0.10000000149011612,371.8241882324219,399.0,103.0
106.220,13:16:30.455,465.025,34.521,16053.053,0.000,0.000,0.000,0.000,0.000,0.000,1.000,1.000,0.000,48.456,48.637,0.940,63.441,5.000,0.10000000149011612,371.8241882324219,399.0,103.0
106.364,13:16:30.519,465.025,34.521,16053.053,0.000,0.000,0.000,0.000,0.000,0.000,1.000,1.000,0.000,48.456,48.637,0.940,63.441,5.000,0.10000000149011612,371.8241882324219,399.0,103.0
106.428,13:16:30.583,462.577,35.109,16240.496,0.000,0.000,0.000,0.000,0.000,0.000,1.000,1.000,0.000,48.456,48.637,0.940,63.441,5.000,0.10000000149011612,371.8241882324219,399.0,103.0
106.492,13:16:30.727,462.577,35.109,16240.496,0.000,0.000,0.000,0.000,0.000,0.000,1.000,1.000,0.000,48.456,48.637,0.940,63.440,5.000,0.10000000149011612,371.8241882324219,399.0,103.0
106.636,13:16:30.791,462.577,35.109,16240.496,0.000,0.000,0.000,0.000,0.000,0.000,1.000,1.000,0.000,48.456,48.637,0.940,63.440,5.000,0.10000000149011612,371.8241882324219,399.0,103.0
106.700,13:16:30.855,462.577,35.109,16240.496,0.000,0.000,0.000,0.000,0.000,0.000,1.000,1.000,0.000,48.456,48.637,0.940,63.440,5.000,0.10000000149011612,371.8241882324219,399.0,103.0
106.764,13:16:30.999,462.577,35.109,16240.496,0.000,0.000,0.000,0.000,0.000,0.000,1.000,1.000,0.000,48.818,48.637,0.940,63.456,5.000,0.10000000149011612,371.8241882324219,399.0,103.0
106.907,13:16:31.063,458.124,36.082,16530.227,0.000,0.000,0.000,0.000,0.000,0.000,1.000,1.000,0.000,48.818,48.637,0.940,63.456,5.000,0.10000000149011612,371.8241882324219,399.0,103.0
106.971,13:16:31.319,458.124,36.082,16530.227,0.000,0.000,0.000,0.000,0.000,0.000,1.000,1.000,0.000,48.818,48.637,0.940,63.456,5.000,0.10000000149011612,371.8241882324219,399.0,103.0
107.227,13:16:31.463,462.399,35.151,16253.771,0.000,0.000,0.000,0.000,0.000,0.000,1.000,1.000,0.000,48.418,48.237,0.940,63.450,5.000,0.10000000149011612,371.8241882324219,399.0,103.0
107.371,13:16:31.527,462.399,35.151,16253.771,0.000,0.000,0.000,0.000,0.000,0.000,1.000,1.000,0.000,48.418,48.237,0.940,63.450,5.000,0.10000000149011612,371.8241882324219,399.0,103.0
107.435,13:16:31.591,462.399,35.151,16253.771,0.000,0.000,0.000,0.000,0.000,0.000,1.000,1.000,0.000,48.418,48.237,0.940,63.450,5.000,0.10000000149011612,371.8241882324219,399.0,103.0
107.499,13:16:31.734,462.399,35.151,16253.771,0.000,0.000,0.000,0.000,0.000,0.000,1.000,1.000,0.000,48.418,48.237,0.940,63.450,5.000,0.10000000149011612,371.8241882324219,399.0,103.0
107.643,13:16:31.798,465.210,34.480,16040.307,0.000,0.000,0.000,0.000,0.000,0.000,1.000,1.000,0.000,48.418,48.237,0.940,63.450,5.000,0.10000000149011612,371.8241882324219,399.0,103.0
107.707,13:16:31.862,465.210,34.480,16040.307,0.000,0.000,0.000,0.000,0.000,0.000,1.000,1.000,0.000,48.418,48.237,0.940,63.450,5.000,0.10000000149011612,371.8241882324219,399.0,103.0
107.771,13:16:32.006,465.210,34.480,16040.307,0.000,0.000,0.000,0.000,0.000,0.000,1.000,1.000,0.000,48.456,48.637,0.940,63.487,5.000,0.10000000149011612,371.8241882324219,399.0,103.0
107.915,13:16:32.070,465.210,34.480,16040.307,0.000,0.000,0.000,0.000,0.000,0.000,1.000,1.000,0.000,48.456,48.637,0.940,63.487,5.000,0.10000000149011612,371.8241882324219,399.0,103.0
107.979,13:16:32.326,465.210,34.480,16040.307,0.000,0.000,0.000,0.000,0.000,0.000,1.000,1.000,0.000,48.456,48.637,0.940,63.487,5.000,0.10000000149011612,371.8241882324219,399.0,103.0
108.235,13:16:32.470,461.524,35.342,16311.104,0.000,0.000,0.000,0.000,0.000,0.000,1.000,1.000,0.000,48.856,49.037,0.940,63.485,5.000,0.10000000149011612,371.8241882324219,399.0,103.0
108.379,13:16:32.534,461.524,35.342,16311.104,0.000,0.000,0.000,0.000,0.000,0.000,1.000,1.000,0.000,48.856,49.037,0.940,63.485,5.000,0.10000000149011612,371.8241882324219,399.0,103.0
108.443,13:16:32.598,457.640,36.172,16553.869,0.000,0.000,0.000,0.000,0.000,0.000,1.000,1.000,0.000,48.856,49.037,0.940,63.485,5.000,0.10000000149011612,371.8241882324219,399.0,103.0
108.507,13:16:32.742,457.640,36.172,16553.869,0.000,0.000,0.000,0.000,0.000,0.000,1.000,1.000,0.000,48.818,48.637,0.940,63.541,5.000,0.10000000149011612,371.8241882324219,399.0,103.0
108.650,13:16:32.806,457.640,36.172,16553.869,0.000,0.000,0.000,0.000,0.000,0.000,1.000,1.000,0.000,48.818,48.637,0.940,63.541,5.000,0.10000000149011612,371.8241882324219,399.0,103.0
108.714,13:16:32.870,457.640,36.172,16553.869,0.000,0.000,0.000,0.000,0.000,0.000,1.000,1.000,0.000,48.818,48.637,0.940,63.541,5.000,0.10000000149011612,371.8241882324219,399.0,103.0
108.778,13:16:33.014,457.640,36.172,16553.869,0.000,0.000,0.000,0.000,0.000,0.000,1.000,1.000,0.000,48.818,48.637,0.940,63.572,5.000,0.10000000149011612,371.8241882324219,399.0,103.0
108.922,13:16:33.078,461.572,35.355,16319.053,0.000,0.000,0.000,0.000,0.000,0.000,1.000,1.000,0.000,48.818,48.637,0.940,63.572,5.000,0.10000000149011612,371.8241882324219,399.0,103.0
108.986,13:16:33.333,461.572,35.355,16319.053,0.000,0.000,0.000,0.000,0.000,0.000,1.000,1.000,0.000,48.818,48.637,0.940,63.572,5.000,0.10000000149011612,371.8241882324219,399.0,103.0
109.242,13:16:33.477,465.252,34.469,16036.889,0.000,0.000,0.000,0.000,0.000,0.000,1.000,1.000,0.000,48.456,48.637,0.940,63.592,5.000,0.10000000149011612,371.8241882324219,399.0,103.0
109.386,13:16:33.541,465.252,34.469,16036.889,0.000,0.000,0.000,0.000,0.000,0.000,1.000,1.000,0.000,48.456,48.637,0.940,63.592,5.000,0.10000000149011612,371.8241882324219,399.0,103.0
109.451,13:16:33.606,465.252,34.469,16036.889,0.000,0.000,0.000,0.000,0.000,0.000,1.000,1.000,0.000,48.456,48.637,0.940,63.592,5.000,0.10000000149011612,371.8241882324219,399.0,103.0
109.514,13:16:33.749,465.252,34.469,16036.889,0.000,0.000,0.000,0.000,0.000,0.000,1.000,1.000,0.000,48.456,48.637,0.940,63.592,5.000,0.10000000149011612,371.8241882324219,399.0,103.0
109.658,13:16:33.813,461.775,35.289,16295.588,0.000,0.000,0.000,0.000,0.000,0.000,1.000,1.000,0.000,48.456,48.637,0.940,63.592,5.000,0.10000000149011612,371.8241882324219,399.0,103.0
109.722,13:16:33.877,461.775,35.289,16295.588,0.000,0.000,0.000,0.000,0.000,0.000,1.000,1.000,0.000,48.456,48.637,0.940,63.592,5.000,0.10000000149011612,371.8241882324219,399.0,103.0
109.786,13:16:34.021,461.775,35.289,16295.588,0.000,0.000,0.000,0.000,0.000,0.000,1.000,1.000,0.000,48.818,48.637,0.940,63.607,5.000,0.10000000149011612,371.8241882324219,399.0,103.0
109.930,13:16:34.085,461.775,35.289,16295.588,0.000,0.000,0.000,0.000,0.000,0.000,1.000,1.000,0.000,48.818,48.637,0.940,63.607,5.000,0.10000000149011612,371.8241882324219,399.0,103.0
109.994,13:16:34.341,461.775,35.289,16295.588,0.000,0.000,0.000,0.000,0.000,0.000,1.000,1.000,0.000,48.818,48.637,0.940,63.607,5.000,0.10000000149011612,371.8241882324219,399.0,103.0
110.249,13:16:34.485,465.595,34.388,16010.747,0.000,0.000,0.000,0.000,0.000,0.000,1.000,1.000,0.000,48.456,48.637,0.940,63.598,5.000,0.10000000149011612,371.8241882324219,399.0,103.0
110.394,13:16:34.549,465.595,34.388,16010.747,0.000,0.000,0.000,0.000,0.000,0.000,1.000,1.000,0.000,48.456,48.637,0.940,63.598,5.000,0.10000000149011612,371.8241882324219,399.0,103.0
110.457,13:16:34.613,461.759,35.283,16292.355,0.000,0.000,0.000,0.000,0.000,0.000,1.000,1.000,0.000,48.456,48.637,0.940,63.598,5.000,0.10000000149011612,371.8241882324219,399.0,103.0
110.521,13:16:34.757,461.759,35.283,16292.355,0.000,0.000,0.000,0.000,0.000,0.000,1.000,1.000,0.000,48.818,48.637,0.940,63.626,5.000,0.10000000149011612,371.8241882324219,399.0,103.0
110.665,13:16:34.821,461.759,35.283,16292.355,0.000,0.000,0.000,0.000,0.000,0.000,1.000,1.000,0.000,48.818,48.637,0.940,63.626,5.000,0.10000000149011612,371.8241882324219,399.0,103.0
110.729,13:16:34.885,461.759,35.283,16292.355,0.000,0.000,0.000,0.000,0.000,0.000,1.000,1.000,0.000,48.818,48.637,0.940,63.626,5.000,0.10000000149011612,371.8241882324219,399.0,103.0
110.793,13:16:35.028,461.759,35.283,16292.355,0.000,0.000,0.000,0.000,0.000,0.000,1.000,1.000,0.000,48.456,48.637,0.940,63.642,5.000,0.10000000149011612,371.8241882324219,399.0,103.0
110.937,13:16:35.092,465.403,34.426,16021.795,0.000,0.000,0.000,0.000,0.000,0.000,1.000,1.000,0.000,48.456,48.637,0.940,63.642,5.000,0.10000000149011612,371.8241882324219,399.0,103.0
111.001,13:16:35.348,465.403,34.426,16021.795,0.000,0.000,0.000,0.000,0.000,0.000,1.000,1.000,0.000,48.456,48.637,0.940,63.642,5.000,0.10000000149011612,371.8241882324219,399.0,103.0
111.257,13:16:35.492,461.844,35.265,16286.807,0.000,0.000,0.000,0.000,0.000,0.000,1.000,1.000,0.000,48.418,48.237,0.940,63.639,5.000,0.10000000149011612,371.8241882324219,399.0,103.0
111.401,13:16:35.556,461.844,35.265,16286.807,0.000,0.000,0.000,0.000,0.000,0.000,1.000,1.000,0.000,48.418,48.237,0.940,63.639,5.000,0.10000000149011612,371.8241882324219,399.0,103.0
111.465,13:16:35.620,461.844,35.265,16286.807,0.000,0.000,0.000,0.000,0.000,0.000,1.000,1.000,0.000,48.418,48.237,0.940,63.639,5.000,0.10000000149011612,371.8241882324219,399.0,103.0
111.529,13:16:35.764,461.844,35.265,16286.807,0.000,0.000,0.000,0.000,0.000,0.000,1.000,1.000,0.000,48.418,48.237,0.940,63.639,5.000,0.10000000149011612,371.8241882324219,399.0,103.0
111.673,13:16:35.828,465.564,34.378,16005.196,0.000,0.000,0.000,0.000,0.000,0.000,1.000,1.000,0.000,48.418,48.237,0.940,63.639,5.000,0.10000000149011612,371.8241882324219,399.0,103.0
111.736,13:16:35.892,465.564,34.378,16005.196,0.000,0.000,0.000,0.000,0.000,0.000,1.000,1.000,0.000,48.418,48.237,0.940,63.639,5.000,0.10000000149011612,371.8241882324219,399.0,103.0
111.800,13:16:36.036,465.564,34.378,16005.196,0.000,0.000,0.000,0.000,0.000,0.000,1.000,1.000,0.000,48.456,48.637,0.940,63.626,5.000,0.10000000149011612,371.8241882324219,399.0,103.0
111.944,13:16:36.100,465.564,34.378,16005.196,0.000,0.000,0.000,0.000,0.000,0.000,1.000,1.000,0.000,48.456,48.637,0.940,63.626,5.000,0.10000000149011612,371.8241882324219,399.0,103.0
112.009,13:16:36.372,465.564,34.378,16005.196,0.000,0.000,0.000,0.000,0.000,0.000,1.000,1.000,0.000,48.456,48.637,0.940,63.626,5.000,0.10000000149011612,371.8241882324219,399.0,103.0
112.281,13:16:36.516,463.622,34.782,16125.658,0.000,0.000,0.000,0.000,0.000,0.000,1.000,1.000,0.000,48.417,48.237,0.940,63.663,5.000,0.10000000149011612,371.8241882324219,399.0,103.0
112.425,13:16:36.581,463.622,34.782,16125.658,0.000,0.000,0.000,0.000,0.000,0.000,1.000,1.000,0.000,48.417,48.237,0.940,63.663,5.000,0.10000000149011612,371.8241882324219,399.0,103.0
112.489,13:16:36.645,460.494,35.481,16338.782,0.000,0.000,0.000,0.000,0.000,0.000,1.000,1.000,0.000,48.417,48.237,0.940,63.663,5.000,0.10000000149011612,371.8241882324219,399.0,103.0
112.553,13:16:36.787,460.494,35.481,16338.782,0.000,0.000,0.000,0.000,0.000,0.000,1.000,1.000,0.000,48.817,48.637,0.940,63.645,5.000,0.10000000149011612,371.8241882324219,399.0,103.0
112.697,13:16:36.852,460.494,35.481,16338.782,0.000,0.000,0.000,0.000,0.000,0.000,1.000,1.000,0.000,48.817,48.637,0.940,63.645,5.000,0.10000000149011612,371.8241882324219,399.0,103.0
112.761,13:16:36.916,460.494,35.481,16338.782,0.000,0.000,0.000,0.000,0.000,0.000,1.000,1.000,0.000,48.817,48.637,0.940,63.645,5.000,0.10000000149011612,371.8241882324219,399.0,103.0
112.824,13:16:37.060,460.494,35.481,16338.782,0.000,0.000,0.000,0.000,0.000,0.000,1.000,1.000,0.000,48.417,48.237,0.940,63.661,5.000,0.10000000149011612,371.8241882324219,399.0,103.0
112.969,13:16:37.125,463.297,34.855,16148.025,0.000,0.000,0.000,0.000,0.000,0.000,1.000,1.000,0.000,48.417,48.237,0.940,63.661,5.000,0.10000000149011612,371.8241882324219,399.0,103.0
113.032,13:16:37.379,463.297,34.855,16148.025,0.000,0.000,0.000,0.000,0.000,0.000,1.000,1.000,0.000,48.417,48.237,0.940,63.661,5.000,0.10000000149011612,371.8241882324219,399.0,103.0
113.288,13:16:37.523,463.297,34.855,16148.025,0.000,0.000,0.000,0.000,0.000,0.000,1.000,1.000,0.000,48.817,48.637,0.940,63.678,5.000,0.10000000149011612,371.8241882324219,399.0,103.0
113.431,13:16:37.587,460.669,35.437,16324.602,0.000,0.000,0.000,0.000,0.000,0.000,1.000,1.000,0.000,48.817,48.637,0.940,63.678,5.000,0.10000000149011612,371.8241882324219,399.0,103.0
113.495,13:16:37.651,460.669,35.437,16324.602,0.000,0.000,0.000,0.000,0.000,0.000,1.000,1.000,0.000,48.817,48.637,0.940,63.678,5.000,0.10000000149011612,371.8241882324219,399.0,103.0
113.559,13:16:37.795,460.669,35.437,16324.602,0.000,0.000,0.000,0.000,0.000,0.000,1.000,1.000,0.000,48.817,48.637,0.940,63.678,5.000,0.10000000149011612,371.8241882324219,399.0,103.0
113.703,13:16:37.859,459.207,35.763,16422.490,0.000,0.000,0.000,0.000,0.000,0.000,1.000,1.000,0.000,48.817,48.637,0.940,63.678,5.000,0.10000000149011612,371.8241882324219,399.0,103.0
113.767,13:16:37.923,459.207,35.763,16422.490,0.000,0.000,0.000,0.000,0.000,0.000,1.000,1.000,0.000,48.817,48.637,0.940,63.678,5.000,0.10000000149011612,371.8241882324219,399.0,103.0
113.831,13:16:38.067,459.207,35.763,16422.490,0.000,0.000,0.000,0.000,0.000,0.000,1.000,1.000,0.000,48.818,48.637,0.940,63.706,5.000,0.10000000149011612,371.8241882324219,399.0,103.0
113.975,13:16:38.131,459.207,35.763,16422.490,0.000,0.000,0.000,0.000,0.000,0.000,1.000,1.000,0.000,48.818,48.637,0.940,63.706,5.000,0.10000000149011612,371.8241882324219,399.0,103.0
114.039,13:16:38.386,459.207,35.763,16422.490,0.000,0.000,0.000,0.000,0.000,0.000,1.000,1.000,0.000,48.818,48.637,0.940,63.706,5.000,0.10000000149011612,371.8241882324219,399.0,103.0
114.295,13:16:38.530,464.494,34.562,16053.981,0.000,0.000,0.000,0.000,0.000,0.000,1.000,1.000,0.000,48.456,48.637,0.940,63.713,5.000,0.10000000149011612,371.8241882324219,399.0,103.0
114.439,13:16:38.594,464.494,34.562,16053.981,0.000,0.000,0.000,0.000,0.000,0.000,1.000,1.000,0.000,48.456,48.637,0.940,63.713,5.000,0.10000000149011612,371.8241882324219,399.0,103.0
114.503,13:16:38.658,464.494,34.562,16053.981,0.000,0.000,0.000,0.000,0.000,0.000,1.000,1.000,0.000,48.456,48.637,0.940,63.713,5.000,0.10000000149011612,371.8241882324219,399.0,103.0
114.567,13:16:38.802,459.159,35.776,16426.922,0.000,0.000,0.000,0.000,0.000,0.000,1.000,1.000,0.000,48.817,48.637,0.940,63.766,5.000,0.10000000149011612,371.8241882324219,399.0,103.0
114.711,13:16:38.866,459.159,35.776,16426.922,0.000,0.000,0.000,0.000,0.000,0.000,1.000,1.000,0.000,48.817,48.637,0.940,63.766,5.000,0.10000000149011612,371.8241882324219,399.0,103.0
114.775,13:16:38.930,459.159,35.776,16426.922,0.000,0.000,0.000,0.000,0.000,0.000,1.000,1.000,0.000,48.817,48.637,0.940,63.766,5.000,0.10000000149011612,371.8241882324219,399.0,103.0
114.839,13:16:39.074,459.159,35.776,16426.922,0.000,0.000,0.000,0.000,0.000,0.000,1.000,1.000,0.000,48.817,48.637,0.940,63.766,5.000,0.10000000149011612,371.8241882324219,399.0,103.0
114.982,13:16:39.138,464.553,34.533,16042.209,0.000,0.000,0.000,0.000,0.000,0.000,1.000,1.000,0.000,48.817,48.637,0.940,63.766,5.000,0.10000000149011612,371.8241882324219,399.0,103.0
115.047,13:16:39.394,464.553,34.533,16042.209,0.000,0.000,0.000,0.000,0.000,0.000,1.000,1.000,0.000,48.817,48.637,0.940,63.766,5.000,0.10000000149011612,371.8241882324219,399.0,103.0
115.302,13:16:39.538,464.553,34.533,16042.209,0.000,0.000,0.000,0.000,0.000,0.000,1.000,1.000,0.000,48.818,48.637,0.940,63.802,5.000,0.10000000149011612,371.8241882324219,399.0,103.0
115.446,13:16:39.602,458.991,35.803,16433.303,0.000,0.000,0.000,0.000,0.000,0.000,1.000,1.000,0.000,48.818,48.637,0.940,63.802,5.000,0.10000000149011612,371.8241882324219,399.0,103.0
115.510,13:16:39.665,458.991,35.803,16433.303,0.000,0.000,0.000,0.000,0.000,0.000,1.000,1.000,0.000,48.818,48.637,0.940,63.802,5.000,0.10000000149011612,371.8241882324219,399.0,103.0
115.574,13:16:39.809,458.991,35.803,16433.303,0.000,0.000,0.000,0.000,0.000,0.000,1.000,1.000,0.000,48.818,48.637,0.940,63.802,5.000,0.10000000149011612,371.8241882324219,399.0,103.0
115.718,13:16:39.873,458.991,35.803,16433.303,0.000,0.000,0.000,0.000,0.000,0.000,1.000,1.000,0.000,48.818,48.637,0.940,63.802,5.000,0.10000000149011612,371.8241882324219,399.0,103.0
115.782,13:16:39.938,464.616,34.513,16035.222,0.000,0.000,0.000,0.000,0.000,0.000,1.000,1.000,0.000,48.818,48.637,0.940,63.802,5.000,0.10000000149011612,371.8241882324219,399.0,103.0
115.846,13:16:40.081,464.616,34.513,16035.222,0.000,0.000,0.000,0.000,0.000,0.000,1.000,1.000,0.000,48.456,48.637,0.940,63.792,5.000,0.10000000149011612,371.8241882324219,399.0,103.0
115.990,13:16:40.145,464.616,34.513,16035.222,0.000,0.000,0.000,0.000,0.000,0.000,1.000,1.000,0.000,48.456,48.637,0.940,63.792,5.000,0.10000000149011612,371.8241882324219,399.0,103.0
116.054,13:16:40.401,464.616,34.513,16035.222,0.000,0.000,0.000,0.000,0.000,0.000,1.000,1.000,0.000,48.456,48.637,0.940,63.792,5.000,0.10000000149011612,371.8241882324219,399.0,103.0
116.310,13:16:40.545,458.690,35.863,16449.951,0.000,0.000,0.000,0.000,0.000,0.000,1.000,1.000,0.000,48.818,48.637,0.940,63.800,5.000,0.10000000149011612,371.8241882324219,399.0,103.0
116.454,13:16:40.609,458.690,35.863,16449.951,0.000,0.000,0.000,0.000,0.000,0.000,1.000,1.000,0.000,48.818,48.637,0.940,63.800,5.000,0.10000000149011612,371.8241882324219,399.0,103.0
116.518,13:16:40.673,458.690,35.863,16449.951,0.000,0.000,0.000,0.000,0.000,0.000,1.000,1.000,0.000,48.818,48.637,0.940,63.800,5.000,0.10000000149011612,371.8241882324219,399.0,103.0
116.582,13:16:40.817,465.056,34.407,16001.406,0.000,0.000,0.000,0.000,0.000,0.000,1.000,1.000,0.000,48.417,48.237,0.940,63.825,5.000,0.10000000149011612,371.8241882324219,399.0,103.0
116.725,13:16:40.881,465.056,34.407,16001.406,0.000,0.000,0.000,0.000,0.000,0.000,1.000,1.000,0.000,48.417,48.237,0.940,63.825,5.000,0.10000000149011612,371.8241882324219,399.0,103.0
116.789,13:16:40.945,465.056,34.407,16001.406,0.000,0.000,0.000,0.000,0.000,0.000,1.000,1.000,0.000,48.417,48.237,0.940,63.825,5.000,0.10000000149011612,371.8241882324219,399.0,103.0
116.853,13:16:41.089,465.056,34.407,16001.406,0.000,0.000,0.000,0.000,0.000,0.000,1.000,1.000,0.000,48.417,48.237,0.940,63.825,5.000,0.10000000149011612,371.8241882324219,399.0,103.0
116.997,13:16:41.153,461.573,35.240,16265.660,0.000,0.000,0.000,0.000,0.000,0.000,1.000,1.000,0.000,48.417,48.237,0.940,63.825,5.000,0.10000000149011612,371.8241882324219,399.0,103.0
117.061,13:16:41.409,461.573,35.240,16265.660,0.000,0.000,0.000,0.000,0.000,0.000,1.000,1.000,0.000,48.417,48.237,0.940,63.825,5.000,0.10000000149011612,371.8241882324219,399.0,103.0
117.317,13:16:41.553,461.573,35.240,16265.660,0.000,0.000,0.000,0.000,0.000,0.000,1.000,1.000,0.000,48.456,48.637,0.940,63.875,5.000,0.10000000149011612,371.8241882324219,399.0,103.0
117.461,13:16:41.616,462.606,34.999,16190.804,0.000,0.000,0.000,0.000,0.000,0.000,1.000,1.000,0.000,48.456,48.637,0.940,63.875,5.000,0.10000000149011612,371.8241882324219,399.0,103.0
117.525,13:16:41.680,462.606,34.999,16190.804,0.000,0.000,0.000,0.000,0.000,0.000,1.000,1.000,0.000,48.456,48.637,0.940,63.875,5.000,0.10000000149011612,371.8241882324219,399.0,103.0
117.589,13:16:41.824,462.606,34.999,16190.804,0.000,0.000,0.000,0.000,0.000,0.000,1.000,1.000,0.000,48.456,48.637,0.940,63.875,5.000,0.10000000149011612,371.8241882324219,399.0,103.0
117.733,13:16:41.888,462.606,34.999,16190.804,0.000,0.000,0.000,0.000,0.000,0.000,1.000,1.000,0.000,48.456,48.637,0.940,63.875,5.000,0.10000000149011612,371.8241882324219,399.0,103.0
117.797,13:16:41.952,462.778,34.961,16179.000,0.000,0.000,0.000,0.000,0.000,0.000,1.000,1.000,0.000,48.456,48.637,0.940,63.875,5.000,0.10000000149011612,371.8241882324219,399.0,103.0
117.861,13:16:42.096,462.778,34.961,16179.000,0.000,0.000,0.000,0.000,0.000,0.000,1.000,1.000,0.000,48.456,48.637,0.940,63.861,5.000,0.10000000149011612,371.8241882324219,399.0,103.0
118.005,13:16:42.160,462.778,34.961,16179.000,0.000,0.000,0.000,0.000,0.000,0.000,1.000,1.000,0.000,48.456,48.637,0.940,63.861,5.000,0.10000000149011612,371.8241882324219,399.0,103.0
118.069,13:16:42.416,462.778,34.961,16179.000,0.000,0.000,0.000,0.000,0.000,0.000,1.000,1.000,0.000,48.456,48.637,0.940,63.861,5.000,0.10000000149011612,371.8241882324219,399.0,103.0
118.324,13:16:42.560,461.519,35.251,16269.171,0.000,0.000,0.000,0.000,0.000,0.000,1.000,1.000,0.000,48.818,48.637,0.940,63.851,5.000,0.10000000149011612,371.8241882324219,399.0,103.0
118.468,13:16:42.624,461.519,35.251,16269.171,0.000,0.000,0.000,0.000,0.000,0.000,1.000,1.000,0.000,48.818,48.637,0.940,63.851,5.000,0.10000000149011612,371.8241882324219,399.0,103.0
118.533,13:16:42.688,461.519,35.251,16269.171,0.000,0.000,0.000,0.000,0.000,0.000,1.000,1.000,0.000,48.818,48.637,0.940,63.851,5.000,0.10000000149011612,371.8241882324219,399.0,103.0
118.596,13:16:42.832,462.488,35.026,16199.319,0.000,0.000,0.000,0.000,0.000,0.000,1.000,1.000,0.000,48.456,48.637,0.940,63.889,5.000,0.10000000149011612,371.8241882324219,399.0,103.0
118.740,13:16:42.896,462.488,35.026,16199.319,0.000,0.000,0.000,0.000,0.000,0.000,1.000,1.000,0.000,48.456,48.637,0.940,63.889,5.000,0.10000000149011612,371.8241882324219,399.0,103.0
118.804,13:16:42.960,462.488,35.026,16199.319,0.000,0.000,0.000,0.000,0.000,0.000,1.000,1.000,0.000,48.456,48.637,0.940,63.889,5.000,0.10000000149011612,371.8241882324219,399.0,103.0
118.868,13:16:43.104,462.488,35.026,16199.319,0.000,0.000,0.000,0.000,0.000,0.000,1.000,1.000,0.000,48.456,48.637,0.940,63.889,5.000,0.10000000149011612,371.8241882324219,399.0,103.0
119.012,13:16:43.168,465.272,34.355,15984.325,0.000,0.000,0.000,0.000,0.000,0.000,1.000,1.000,0.000,48.456,48.637,0.940,63.889,5.000,0.10000000149011612,371.8241882324219,399.0,103.0
119.076,13:16:43.423,465.272,34.355,15984.325,0.000,0.000,0.000,0.000,0.000,0.000,1.000,1.000,0.000,48.456,48.637,0.940,63.889,5.000,0.10000000149011612,371.8241882324219,399.0,103.0
119.332,13:16:43.567,465.272,34.355,15984.325,0.000,0.000,0.000,0.000,0.000,0.000,1.000,1.000,0.000,48.818,48.637,0.940,63.912,5.000,0.10000000149011612,371.8241882324219,399.0,103.0
119.476,13:16:43.631,458.291,35.951,16476.244,0.000,0.000,0.000,0.000,0.000,0.000,1.000,1.000,0.000,48.818,48.637,0.940,63.912,5.000,0.10000000149011612,371.8241882324219,399.0,103.0
119.540,13:16:43.695,458.291,35.951,16476.244,0.000,0.000,0.000,0.000,0.000,0.000,1.000,1.000,0.000,48.818,48.637,0.940,63.912,5.000,0.10000000149011612,371.8241882324219,399.0,103.0
119.604,13:16:43.839,458.291,35.951,16476.244,0.000,0.000,0.000,0.000,0.000,0.000,1.000,1.000,0.000,48.818,48.637,0.940,63.912,5.000,0.10000000149011612,371.8241882324219,399.0,103.0
119.748,13:16:43.904,458.291,35.951,16476.244,0.000,0.000,0.000,0.000,0.000,0.000,1.000,1.000,0.000,48.818,48.637,0.940,63.912,5.000,0.10000000149011612,371.8241882324219,399.0,103.0
119.812,13:16:43.967,465.315,34.339,15978.489,0.000,0.000,0.000,0.000,0.000,0.000,1.000,1.000,0.000,48.818,48.637,0.940,63.912,5.000,0.10000000149011612,371.8241882324219,399.0,103.0
119.876,13:16:44.111,465.315,34.339,15978.489,0.000,0.000,0.000,0.000,0.000,0.000,1.000,1.000,0.000,48.456,48.637,0.940,63.907,5.000,0.10000000149011612,371.8241882324219,399.0,103.0
120.020,13:16:44.175,465.315,34.339,15978.489,0.000,0.000,0.000,0.000,0.000,0.000,1.000,1.000,0.000,48.456,48.637,0.940,63.907,5.000,0.10000000149011612,371.8241882324219,399.0,103.0
120.083,13:16:44.431,465.315,34.339,15978.489,0.000,0.000,0.000,0.000,0.000,0.000,1.000,1.000,0.000,48.456,48.637,0.940,63.907,5.000,0.10000000149011612,371.8241882324219,399.0,103.0
120.339,13:16:44.575,461.688,35.207,16254.453,0.000,0.000,0.000,0.000,0.000,0.000,1.000,1.000,0.000,48.856,49.037,0.940,63.941,5.000,0.10000000149011612,371.8241882324219,399.0,103.0
120.483,13:16:44.639,461.688,35.207,16254.453,0.000,0.000,0.000,0.000,0.000,0.000,1.000,1.000,0.000,48.856,49.037,0.940,63.941,5.000,0.10000000149011612,371.8241882324219,399.0,103.0
120.547,13:16:44.703,461.688,35.207,16254.453,0.000,0.000,0.000,0.000,0.000,0.000,1.000,1.000,0.000,48.856,49.037,0.940,63.941,5.000,0.10000000149011612,371.8241882324219,399.0,103.0
120.611,13:16:44.847,457.691,36.061,16504.824,0.000,0.000,0.000,0.000,0.000,0.000,1.000,1.000,0.000,48.856,49.037,0.940,63.994,5.000,0.10000000149011612,371.8241882324219,399.0,103.0
120.755,13:16:44.910,457.691,36.061,16504.824,0.000,0.000,0.000,0.000,0.000,0.000,1.000,1.000,0.000,48.856,49.037,0.940,63.994,5.000,0.10000000149011612,371.8241882324219,399.0,103.0
120.819,13:16:44.974,457.691,36.061,16504.824,0.000,0.000,0.000,0.000,0.000,0.000,1.000,1.000,0.000,48.856,49.037,0.940,63.994,5.000,0.10000000149011612,371.8241882324219,399.0,103.0
120.883,13:16:45.118,457.691,36.061,16504.824,0.000,0.000,0.000,0.000,0.000,0.000,1.000,1.000,0.000,48.856,49.037,0.940,63.994,5.000,0.10000000149011612,371.8241882324219,399.0,103.0
121.027,13:16:45.182,462.106,35.116,16227.294,0.000,0.000,0.000,0.000,0.000,0.000,1.000,1.000,0.000,48.856,49.037,0.940,63.994,5.000,0.10000000149011612,371.8241882324219,399.0,103.0
121.091,13:16:45.438,462.106,35.116,16227.294,0.000,0.000,0.000,0.000,0.000,0.000,1.000,1.000,0.000,48.856,49.037,0.940,63.994,5.000,0.10000000149011612,371.8241882324219,399.0,103.0
121.347,13:16:45.582,462.106,35.116,16227.294,0.000,0.000,0.000,0.000,0.000,0.000,1.000,1.000,0.000,48.456,48.637,0.940,64.005,5.000,0.10000000149011612,371.8241882324219,399.0,103.0
121.491,13:16:45.646,462.265,35.067,16210.134,0.000,0.000,0.000,0.000,0.000,0.000,1.000,1.000,0.000,48.456,48.637,0.940,64.005,5.000,0.10000000149011612,371.8241882324219,399.0,103.0
121.555,13:16:45.710,462.265,35.067,16210.134,0.000,0.000,0.000,0.000,0.000,0.000,1.000,1.000,0.000,48.456,48.637,0.940,64.005,5.000,0.10000000149011612,371.8241882324219,399.0,103.0
121.619,13:16:45.854,462.265,35.067,16210.134,0.000,0.000,0.000,0.000,0.000,0.000,1.000,1.000,0.000,48.418,48.237,0.940,64.020,5.000,0.10000000149011612,371.8241882324219,399.0,103.0
121.763,13:16:45.918,462.265,35.067,16210.134,0.000,0.000,0.000,0.000,0.000,0.000,1.000,1.000,0.000,48.418,48.237,0.940,64.020,5.000,0.10000000149011612,371.8241882324219,399.0,103.0
121.826,13:16:45.982,462.265,35.067,16210.134,0.000,0.000,0.000,0.000,0.000,0.000,1.000,1.000,0.000,48.418,48.237,0.940,64.020,5.000,0.10000000149011612,371.8241882324219,399.0,103.0
121.890,13:16:46.126,465.593,34.275,15958.226,0.000,0.000,0.000,0.000,0.000,0.000,1.000,1.000,0.000,48.418,48.237,0.940,64.032,5.000,0.10000000149011612,371.8241882324219,399.0,103.0
122.034,13:16:46.189,465.593,34.275,15958.226,0.000,0.000,0.000,0.000,0.000,0.000,1.000,1.000,0.000,48.418,48.237,0.940,64.032,5.000,0.10000000149011612,371.8241882324219,399.0,103.0
122.098,13:16:46.445,465.593,34.275,15958.226,0.000,0.000,0.000,0.000,0.000,0.000,1.000,1.000,0.000,48.418,48.237,0.940,64.032,5.000,0.10000000149011612,371.8241882324219,399.0,103.0
122.354,13:16:46.589,462.165,35.098,16220.854,0.000,0.000,0.000,0.000,0.000,0.000,1.000,1.000,0.000,48.818,48.637,0.940,64.008,5.000,0.10000000149011612,371.8241882324219,399.0,103.0
122.498,13:16:46.653,462.165,35.098,16220.854,0.000,0.000,0.000,0.000,0.000,0.000,1.000,1.000,0.000,48.818,48.637,0.940,64.008,5.000,0.10000000149011612,371.8241882324219,399.0,103.0
122.562,13:16:46.717,462.165,35.098,16220.854,0.000,0.000,0.000,0.000,0.000,0.000,1.000,1.000,0.000,48.818,48.637,0.940,64.008,5.000,0.10000000149011612,371.8241882324219,399.0,103.0
122.626,13:16:46.861,462.165,35.098,16220.854,0.000,0.000,0.000,0.000,0.000,0.000,1.000,1.000,0.000,48.457,48.637,0.940,64.019,5.000,0.10000000149011612,371.8241882324219,399.0,103.0
122.770,13:16:46.925,462.073,35.117,16226.747,0.000,0.000,0.000,0.000,0.000,0.000,1.000,1.000,0.000,48.457,48.637,0.940,64.019,5.000,0.10000000149011612,371.8241882324219,399.0,103.0
122.834,13:16:46.989,462.073,35.117,16226.747,0.000,0.000,0.000,0.000,0.000,0.000,1.000,1.000,0.000,48.457,48.637,0.940,64.019,5.000,0.10000000149011612,371.8241882324219,399.0,103.0
122.898,13:16:47.133,462.073,35.117,16226.747,0.000,0.000,0.000,0.000,0.000,0.000,1.000,1.000,0.000,48.457,48.637,0.940,64.019,5.000,0.10000000149011612,371.8241882324219,399.0,103.0
123.042,13:16:47.197,462.073,35.117,16226.747,0.000,0.000,0.000,0.000,0.000,0.000,1.000,1.000,0.000,48.457,48.637,0.940,64.019,5.000,0.10000000149011612,371.8241882324219,399.0,103.0
123.106,13:16:47.453,465.716,34.260,15955.207,0.000,0.000,0.000,0.000,0.000,0.000,1.000,1.000,0.000,48.457,48.637,0.940,64.019,5.000,0.10000000149011612,371.8241882324219,399.0,103.0
123.361,13:16:47.597,465.716,34.260,15955.207,0.000,0.000,0.000,0.000,0.000,0.000,1.000,1.000,0.000,48.456,48.637,0.940,64.025,5.000,0.10000000149011612,371.8241882324219,399.0,103.0
123.505,13:16:47.661,461.960,35.149,16237.468,0.000,0.000,0.000,0.000,0.000,0.000,1.000,1.000,0.000,48.456,48.637,0.940,64.025,5.000,0.10000000149011612,371.8241882324219,399.0,103.0
123.569,13:16:47.725,461.960,35.149,16237.468,0.000,0.000,0.000,0.000,0.000,0.000,1.000,1.000,0.000,48.456,48.637,0.940,64.025,5.000,0.10000000149011612,371.8241882324219,399.0,103.0
123.633,13:16:47.869,461.960,35.149,16237.468,0.000,0.000,0.000,0.000,0.000,0.000,1.000,1.000,0.000,48.856,49.037,0.940,64.013,5.000,0.10000000149011612,371.8241882324219,399.0,103.0
123.777,13:16:47.933,461.960,35.149,16237.468,0.000,0.000,0.000,0.000,0.000,0.000,1.000,1.000,0.000,48.856,49.037,0.940,64.013,5.000,0.10000000149011612,371.8241882324219,399.0,103.0
123.841,13:16:47.997,461.960,35.149,16237.468,0.000,0.000,0.000,0.000,0.000,0.000,1.000,1.000,0.000,48.856,49.037,0.940,64.013,5.000,0.10000000149011612,371.8241882324219,399.0,103.0
123.905,13:16:48.140,457.433,36.111,16518.449,0.000,0.000,0.000,0.000,0.000,0.000,1.000,1.000,0.000,48.818,48.637,0.940,64.079,5.000,0.10000000149011612,371.8241882324219,399.0,103.0
124.049,13:16:48.204,457.433,36.111,16518.449,0.000,0.000,0.000,0.000,0.000,0.000,1.000,1.000,0.000,48.818,48.637,0.940,64.079,5.000,0.10000000149011612,371.8241882324219,399.0,103.0
124.113,13:16:48.476,457.433,36.111,16518.449,0.000,0.000,0.000,0.000,0.000,0.000,1.000,1.000,0.000,48.818,48.637,0.940,64.079,5.000,0.10000000149011612,371.8241882324219,399.0,103.0
124.385,13:16:48.620,460.298,35.584,16379.433,0.000,0.000,0.000,0.000,0.000,0.000,1.000,1.000,0.000,48.818,48.637,0.940,64.093,5.000,0.10000000149011612,371.8241882324219,399.0,103.0
124.529,13:16:48.684,460.298,35.584,16379.433,0.000,0.000,0.000,0.000,0.000,0.000,1.000,1.000,0.000,48.818,48.637,0.940,64.093,5.000,0.10000000149011612,371.8241882324219,399.0,103.0
124.593,13:16:48.748,460.298,35.584,16379.433,0.000,0.000,0.000,0.000,0.000,0.000,1.000,1.000,0.000,48.818,48.637,0.940,64.093,5.000,0.10000000149011612,371.8241882324219,399.0,103.0
124.657,13:16:48.892,460.298,35.584,16379.433,0.000,0.000,0.000,0.000,0.000,0.000,1.000,1.000,0.000,48.457,48.637,0.940,64.095,5.000,0.10000000149011612,371.8241882324219,399.0,103.0
124.800,13:16:48.956,464.232,34.674,16096.839,0.000,0.000,0.000,0.000,0.000,0.000,1.000,1.000,0.000,48.457,48.637,0.940,64.095,5.000,0.10000000149011612,371.8241882324219,399.0,103.0
124.864,13:16:49.020,464.232,34.674,16096.839,0.000,0.000,0.000,0.000,0.000,0.000,1.000,1.000,0.000,48.457,48.637,0.940,64.095,5.000,0.10000000149011612,371.8241882324219,399.0,103.0
125.248,13:16:49.675,463.209,34.935,16182.164,0.000,0.000,0.000,0.000,0.000,0.000,1.000,1.000,0.000,48.457,48.637,0.940,64.130,5.000,0.10000000149011612,371.8241882324219,399.0,103.0
125.584,13:16:49.819,464.360,34.652,16091.034,0.000,0.000,0.000,0.000,0.000,0.000,1.000,1.000,0.000,48.418,48.237,0.940,64.139,5.000,0.10000000149011612,371.8241882324219,399.0,103.0
125.728,13:16:49.883,464.360,34.652,16091.034,0.000,0.000,0.000,0.000,0.000,0.000,1.000,1.000,0.000,48.418,48.237,0.940,64.139,5.000,0.10000000149011612,371.8241882324219,399.0,103.0
125.792,13:16:49.947,464.360,34.652,16091.034,0.000,0.000,0.000,0.000,0.000,0.000,1.000,1.000,0.000,48.418,48.237,0.940,64.139,5.000,0.10000000149011612,371.8241882324219,399.0,103.0
125.856,13:16:50.091,464.360,34.652,16091.034,0.000,0.000,0.000,0.000,0.000,0.000,1.000,1.000,0.000,48.818,48.637,0.940,64.099,5.000,0.10000000149011612,371.8241882324219,399.0,103.0
126.000,13:16:50.155,460.519,35.521,16358.230,0.000,0.000,0.000,0.000,0.000,0.000,1.000,1.000,0.000,48.818,48.637,0.940,64.099,5.000,0.10000000149011612,371.8241882324219,399.0,103.0
126.064,13:16:50.219,460.519,35.521,16358.230,0.000,0.000,0.000,0.000,0.000,0.000,1.000,1.000,0.000,48.818,48.637,0.940,64.099,5.000,0.10000000149011612,371.8241882324219,399.0,103.0
126.128,13:16:50.363,460.519,35.521,16358.230,0.000,0.000,0.000,0.000,0.000,0.000,1.000,1.000,0.000,48.818,48.637,0.940,64.099,5.000,0.10000000149011612,371.8241882324219,399.0,103.0
126.272,13:16:50.619,460.519,35.521,16358.230,0.000,0.000,0.000,0.000,0.000,0.000,1.000,1.000,0.000,48.818,48.637,0.940,64.099,5.000,0.10000000149011612,371.8241882324219,399.0,103.0
126.527,13:16:50.763,462.974,34.979,16194.255,0.000,0.000,0.000,0.000,0.000,0.000,1.000,1.000,0.000,48.418,48.237,0.940,64.137,5.000,0.10000000149011612,371.8241882324219,399.0,103.0
126.671,13:16:50.827,462.974,34.979,16194.255,0.000,0.000,0.000,0.000,0.000,0.000,1.000,1.000,0.000,48.418,48.237,0.940,64.137,5.000,0.10000000149011612,371.8241882324219,399.0,103.0
126.735,13:16:50.891,460.778,35.477,16347.006,0.000,0.000,0.000,0.000,0.000,0.000,1.000,1.000,0.000,48.418,48.237,0.940,64.137,5.000,0.10000000149011612,371.8241882324219,399.0,103.0
126.799,13:16:51.035,460.778,35.477,16347.006,0.000,0.000,0.000,0.000,0.000,0.000,1.000,1.000,0.000,48.818,48.637,0.940,64.093,5.000,0.10000000149011612,371.8241882324219,399.0,103.0
126.943,13:16:51.099,460.778,35.477,16347.006,0.000,0.000,0.000,0.000,0.000,0.000,1.000,1.000,0.000,48.818,48.637,0.940,64.093,5.000,0.10000000149011612,371.8241882324219,399.0,103.0
127.018,13:16:51.173,460.778,35.477,16347.006,0.000,0.000,0.000,0.000,0.000,0.000,1.000,1.000,0.000,48.818,48.637,0.940,64.093,5.000,0.10000000149011612,371.8241882324219,399.0,103.0
127.071,13:16:51.306,460.778,35.477,16347.006,0.000,0.000,0.000,0.000,0.000,0.000,1.000,1.000,0.000,48.456,48.637,0.940,64.135,5.000,0.10000000149011612,371.8241882324219,399.0,103.0
127.215,13:16:51.370,464.545,34.592,16069.682,0.000,0.000,0.000,0.000,0.000,0.000,1.000,1.000,0.000,48.456,48.637,0.940,64.135,5.000,0.10000000149011612,371.8241882324219,399.0,103.0
127.279,13:16:51.626,464.545,34.592,16069.682,0.000,0.000,0.000,0.000,0.000,0.000,1.000,1.000,0.000,48.456,48.637,0.940,64.135,5.000,0.10000000149011612,371.8241882324219,399.0,103.0
127.535,13:16:51.770,458.435,35.995,16501.531,0.000,0.000,0.000,0.000,0.000,0.000,1.000,1.000,0.000,48.818,48.637,0.940,64.141,5.000,0.10000000149011612,371.8241882324219,399.0,103.0
127.679,13:16:51.834,458.435,35.995,16501.531,0.000,0.000,0.000,0.000,0.000,0.000,1.000,1.000,0.000,48.818,48.637,0.940,64.141,5.000,0.10000000149011612,371.8241882324219,399.0,103.0
127.743,13:16:51.898,458.435,35.995,16501.531,0.000,0.000,0.000,0.000,0.000,0.000,1.000,1.000,0.000,48.818,48.637,0.940,64.141,5.000,0.10000000149011612,371.8241882324219,399.0,103.0
127.807,13:16:52.042,458.435,35.995,16501.531,0.000,0.000,0.000,0.000,0.000,0.000,1.000,1.000,0.000,48.818,48.637,0.940,64.141,5.000,0.10000000149011612,371.8241882324219,399.0,103.0
127.950,13:16:52.106,466.395,34.141,15923.086,0.000,0.000,0.000,0.000,0.000,0.000,1.000,1.000,0.000,48.818,48.637,0.940,64.141,5.000,0.10000000149011612,371.8241882324219,399.0,103.0
128.015,13:16:52.170,466.395,34.141,15923.086,0.000,0.000,0.000,0.000,0.000,0.000,1.000,1.000,0.000,48.818,48.637,0.940,64.141,5.000,0.10000000149011612,371.8241882324219,399.0,103.0
128.078,13:16:52.314,466.395,34.141,15923.086,0.000,0.000,0.000,0.000,0.000,0.000,1.000,1.000,0.000,48.056,48.237,0.940,64.127,5.000,0.10000000149011612,371.8241882324219,399.0,103.0
128.222,13:16:52.378,466.395,34.141,15923.086,0.000,0.000,0.000,0.000,0.000,0.000,1.000,1.000,0.000,48.056,48.237,0.940,64.127,5.000,0.10000000149011612,371.8241882324219,399.0,103.0
128.286,13:16:52.634,466.395,34.141,15923.086,0.000,0.000,0.000,0.000,0.000,0.000,1.000,1.000,0.000,48.056,48.237,0.940,64.127,5.000,0.10000000149011612,371.8241882324219,399.0,103.0
128.542,13:16:52.778,462.676,35.038,16211.250,0.000,0.000,0.000,0.000,0.000,0.000,1.000,1.000,0.000,48.418,48.237,0.940,64.178,5.000,0.10000000149011612,371.8241882324219,399.0,103.0
128.686,13:16:52.841,462.676,35.038,16211.250,0.000,0.000,0.000,0.000,0.000,0.000,1.000,1.000,0.000,48.418,48.237,0.940,64.178,5.000,0.10000000149011612,371.8241882324219,399.0,103.0
128.750,13:16:52.905,462.575,35.062,16218.796,0.000,0.000,0.000,0.000,0.000,0.000,1.000,1.000,0.000,48.418,48.237,0.940,64.178,5.000,0.10000000149011612,371.8241882324219,399.0,103.0
128.814,13:16:53.050,462.575,35.062,16218.796,0.000,0.000,0.000,0.000,0.000,0.000,1.000,1.000,0.000,48.456,48.637,0.940,64.135,5.000,0.10000000149011612,371.8241882324219,399.0,103.0
128.958,13:16:53.113,462.575,35.062,16218.796,0.000,0.000,0.000,0.000,0.000,0.000,1.000,1.000,0.000,48.456,48.637,0.940,64.135,5.000,0.10000000149011612,371.8241882324219,399.0,103.0
129.022,13:16:53.177,462.575,35.062,16218.796,0.000,0.000,0.000,0.000,0.000,0.000,1.000,1.000,0.000,48.456,48.637,0.940,64.135,5.000,0.10000000149011612,371.8241882324219,399.0,103.0
129.086,13:16:53.321,462.575,35.062,16218.796,0.000,0.000,0.000,0.000,0.000,0.000,1.000,1.000,0.000,48.456,48.637,0.940,64.148,5.000,0.10000000149011612,371.8241882324219,399.0,103.0
129.230,13:16:53.385,465.054,34.477,16033.692,0.000,0.000,0.000,0.000,0.000,0.000,1.000,1.000,0.000,48.456,48.637,0.940,64.148,5.000,0.10000000149011612,371.8241882324219,399.0,103.0
129.294,13:16:53.641,465.054,34.477,16033.692,0.000,0.000,0.000,0.000,0.000,0.000,1.000,1.000,0.000,48.456,48.637,0.940,64.148,5.000,0.10000000149011612,371.8241882324219,399.0,103.0
129.549,13:16:53.785,465.054,34.477,16033.692,0.000,0.000,0.000,0.000,0.000,0.000,1.000,1.000,0.000,48.418,48.237,0.940,64.143,5.000,0.10000000149011612,371.8241882324219,399.0,103.0
129.694,13:16:53.849,462.522,35.090,16230.072,0.000,0.000,0.000,0.000,0.000,0.000,1.000,1.000,0.000,48.418,48.237,0.940,64.143,5.000,0.10000000149011612,371.8241882324219,399.0,103.0
129.757,13:16:53.913,462.522,35.090,16230.072,0.000,0.000,0.000,0.000,0.000,0.000,1.000,1.000,0.000,48.418,48.237,0.940,64.143,5.000,0.10000000149011612,371.8241882324219,399.0,103.0
129.821,13:16:54.057,462.522,35.090,16230.072,0.000,0.000,0.000,0.000,0.000,0.000,1.000,1.000,0.000,48.418,48.237,0.940,64.143,5.000,0.10000000149011612,371.8241882324219,399.0,103.0
129.965,13:16:54.121,462.651,35.050,16216.159,0.000,0.000,0.000,0.000,0.000,0.000,1.000,1.000,0.000,48.418,48.237,0.940,64.143,5.000,0.10000000149011612,371.8241882324219,399.0,103.0
130.029,13:16:54.185,462.651,35.050,16216.159,0.000,0.000,0.000,0.000,0.000,0.000,1.000,1.000,0.000,48.418,48.237,0.940,64.143,5.000,0.10000000149011612,371.8241882324219,399.0,103.0
130.093,13:16:54.329,462.651,35.050,16216.159,0.000,0.000,0.000,0.000,0.000,0.000,1.000,1.000,0.000,48.456,48.637,0.940,64.172,5.000,0.10000000149011612,371.8241882324219,399.0,103.0
130.237,13:16:54.393,462.651,35.050,16216.159,0.000,0.000,0.000,0.000,0.000,0.000,1.000,1.000,0.000,48.456,48.637,0.940,64.172,5.000,0.10000000149011612,371.8241882324219,399.0,103.0
130.301,13:16:54.648,462.651,35.050,16216.159,0.000,0.000,0.000,0.000,0.000,0.000,1.000,1.000,0.000,48.456,48.637,0.940,64.172,5.000,0.10000000149011612,371.8241882324219,399.0,103.0
130.557,13:16:54.792,458.193,36.035,16510.984,0.000,0.000,0.000,0.000,0.000,0.000,1.000,1.000,0.000,48.856,49.037,0.940,64.173,5.000,0.10000000149011612,371.8241882324219,399.0,103.0
130.701,13:16:54.856,458.193,36.035,16510.984,0.000,0.000,0.000,0.000,0.000,0.000,1.000,1.000,0.000,48.856,49.037,0.940,64.173,5.000,0.10000000149011612,371.8241882324219,399.0,103.0
130.765,13:16:54.920,458.193,36.035,16510.984,0.000,0.000,0.000,0.000,0.000,0.000,1.000,1.000,0.000,48.856,49.037,0.940,64.173,5.000,0.10000000149011612,371.8241882324219,399.0,103.0
130.829,13:16:55.064,461.433,35.332,16303.413,0.000,0.000,0.000,0.000,0.000,0.000,1.000,1.000,0.000,48.818,48.637,0.940,64.201,5.000,0.10000000149011612,371.8241882324219,399.0,103.0
130.973,13:16:55.128,461.433,35.332,16303.413,0.000,0.000,0.000,0.000,0.000,0.000,1.000,1.000,0.000,48.818,48.637,0.940,64.201,5.000,0.10000000149011612,371.8241882324219,399.0,103.0
131.037,13:16:55.192,461.433,35.332,16303.413,0.000,0.000,0.000,0.000,0.000,0.000,1.000,1.000,0.000,48.818,48.637,0.940,64.201,5.000,0.10000000149011612,371.8241882324219,399.0,103.0
131.101,13:16:55.336,461.433,35.332,16303.413,0.000,0.000,0.000,0.000,0.000,0.000,1.000,1.000,0.000,48.818,48.637,0.940,64.201,5.000,0.10000000149011612,371.8241882324219,399.0,103.0
131.244,13:16:55.400,465.216,34.439,16021.551,0.000,0.000,0.000,0.000,0.000,0.000,1.000,1.000,0.000,48.818,48.637,0.940,64.201,5.000,0.10000000149011612,371.8241882324219,399.0,103.0
131.309,13:16:55.656,465.216,34.439,16021.551,0.000,0.000,0.000,0.000,0.000,0.000,1.000,1.000,0.000,48.818,48.637,0.940,64.201,5.000,0.10000000149011612,371.8241882324219,399.0,103.0
131.564,13:16:55.800,465.216,34.439,16021.551,0.000,0.000,0.000,0.000,0.000,0.000,1.000,1.000,0.000,48.418,48.237,0.940,64.237,5.000,0.10000000149011612,371.8241882324219,399.0,103.0
131.708,13:16:55.864,465.252,34.431,16019.147,0.000,0.000,0.000,0.000,0.000,0.000,1.000,1.000,0.000,48.418,48.237,0.940,64.237,5.000,0.10000000149011612,371.8241882324219,399.0,103.0
131.772,13:16:55.928,465.252,34.431,16019.147,0.000,0.000,0.000,0.000,0.000,0.000,1.000,1.000,0.000,48.418,48.237,0.940,64.237,5.000,0.10000000149011612,371.8241882324219,399.0,103.0
131.836,13:16:56.072,465.252,34.431,16019.147,0.000,0.000,0.000,0.000,0.000,0.000,1.000,1.000,0.000,48.418,48.237,0.940,64.237,5.000,0.10000000149011612,371.8241882324219,399.0,103.0
131.980,13:16:56.135,465.252,34.431,16019.147,0.000,0.000,0.000,0.000,0.000,0.000,1.000,1.000,0.000,48.418,48.237,0.940,64.237,5.000,0.10000000149011612,371.8241882324219,399.0,103.0
132.044,13:16:56.199,462.229,35.137,16241.381,0.000,0.000,0.000,0.000,0.000,0.000,1.000,1.000,0.000,48.418,48.237,0.940,64.237,5.000,0.10000000149011612,371.8241882324219,399.0,103.0
132.108,13:16:56.343,462.229,35.137,16241.381,0.000,0.000,0.000,0.000,0.000,0.000,1.000,1.000,0.000,48.456,48.637,0.940,64.222,5.000,0.10000000149011612,371.8241882324219,399.0,103.0
132.588,13:16:57.015,461.546,35.317,16300.604,0.000,0.000,0.000,0.000,0.000,0.000,1.000,1.000,0.000,48.818,48.637,0.940,64.236,5.000,0.10000000149011612,371.8241882324219,399.0,103.0
132.923,13:16:57.159,465.334,34.410,16012.188,0.000,0.000,0.000,0.000,0.000,0.000,1.000,1.000,0.000,48.418,48.237,0.940,64.205,5.000,0.10000000149011612,371.8241882324219,399.0,103.0
133.067,13:16:57.223,465.334,34.410,16012.188,0.000,0.000,0.000,0.000,0.000,0.000,1.000,1.000,0.000,48.418,48.237,0.940,64.205,5.000,0.10000000149011612,371.8241882324219,399.0,103.0
133.131,13:16:57.287,465.334,34.410,16012.188,0.000,0.000,0.000,0.000,0.000,0.000,1.000,1.000,0.000,48.418,48.237,0.940,64.205,5.000,0.10000000149011612,371.8241882324219,399.0,103.0
133.195,13:16:57.431,465.334,34.410,16012.188,0.000,0.000,0.000,0.000,0.000,0.000,1.000,1.000,0.000,48.456,48.637,0.940,64.241,5.000,0.10000000149011612,371.8241882324219,399.0,103.0
133.339,13:16:57.494,462.155,35.172,16254.825,0.000,0.000,0.000,0.000,0.000,0.000,1.000,1.000,0.000,48.456,48.637,0.940,64.241,5.000,0.10000000149011612,371.8241882324219,399.0,103.0
133.403,13:16:57.558,462.155,35.172,16254.825,0.000,0.000,0.000,0.000,0.000,0.000,1.000,1.000,0.000,48.456,48.637,0.940,64.241,5.000,0.10000000149011612,371.8241882324219,399.0,103.0
133.467,13:16:57.703,462.155,35.172,16254.825,0.000,0.000,0.000,0.000,0.000,0.000,1.000,1.000,0.000,48.456,48.637,0.940,64.241,5.000,0.10000000149011612,371.8241882324219,399.0,103.0
133.611,13:16:57.958,462.155,35.172,16254.825,0.000,0.000,0.000,0.000,0.000,0.000,1.000,1.000,0.000,48.456,48.637,0.940,64.241,5.000,0.10000000149011612,371.8241882324219,399.0,103.0
133.867,13:16:58.102,461.982,35.201,16262.048,0.000,0.000,0.000,0.000,0.000,0.000,1.000,1.000,0.000,48.418,48.237,0.940,64.233,5.000,0.10000000149011612,371.8241882324219,399.0,103.0
134.011,13:16:58.166,461.982,35.201,16262.048,0.000,0.000,0.000,0.000,0.000,0.000,1.000,1.000,0.000,48.418,48.237,0.940,64.233,5.000,0.10000000149011612,371.8241882324219,399.0,103.0
134.075,13:16:58.230,465.521,34.351,15991.268,0.000,0.000,0.000,0.000,0.000,0.000,1.000,1.000,0.000,48.418,48.237,0.940,64.233,5.000,0.10000000149011612,371.8241882324219,399.0,103.0
134.139,13:16:58.374,465.521,34.351,15991.268,0.000,0.000,0.000,0.000,0.000,0.000,1.000,1.000,0.000,48.456,48.637,0.940,64.202,5.000,0.10000000149011612,371.8241882324219,399.0,103.0
134.283,13:16:58.438,465.521,34.351,15991.268,0.000,0.000,0.000,0.000,0.000,0.000,1.000,1.000,0.000,48.456,48.637,0.940,64.202,5.000,0.10000000149011612,371.8241882324219,399.0,103.0
134.347,13:16:58.502,465.521,34.351,15991.268,0.000,0.000,0.000,0.000,0.000,0.000,1.000,1.000,0.000,48.456,48.637,0.940,64.202,5.000,0.10000000149011612,371.8241882324219,399.0,103.0
134.411,13:16:58.646,465.521,34.351,15991.268,0.000,0.000,0.000,0.000,0.000,0.000,1.000,1.000,0.000,48.418,48.237,0.940,64.225,5.000,0.10000000149011612,371.8241882324219,399.0,103.0
134.555,13:16:58.710,461.867,35.229,16271.348,0.000,0.000,0.000,0.000,0.000,0.000,1.000,1.000,0.000,48.418,48.237,0.940,64.225,5.000,0.10000000149011612,371.8241882324219,399.0,103.0
134.618,13:16:58.966,461.867,35.229,16271.348,0.000,0.000,0.000,0.000,0.000,0.000,1.000,1.000,0.000,48.418,48.237,0.940,64.225,5.000,0.10000000149011612,371.8241882324219,399.0,103.0
134.874,13:16:59.110,462.221,35.148,16246.053,0.000,0.000,0.000,0.000,0.000,0.000,1.000,1.000,0.000,48.456,48.637,0.940,64.254,5.000,0.10000000149011612,371.8241882324219,399.0,103.0
135.018,13:16:59.174,462.221,35.148,16246.053,0.000,0.000,0.000,0.000,0.000,0.000,1.000,1.000,0.000,48.456,48.637,0.940,64.254,5.000,0.10000000149011612,371.8241882324219,399.0,103.0
135.082,13:16:59.238,462.221,35.148,16246.053,0.000,0.000,0.000,0.000,0.000,0.000,1.000,1.000,0.000,48.456,48.637,0.940,64.254,5.000,0.10000000149011612,371.8241882324219,399.0,103.0
135.146,13:16:59.382,462.221,35.148,16246.053,0.000,0.000,0.000,0.000,0.000,0.000,1.000,1.000,0.000,48.456,48.637,0.940,64.254,5.000,0.10000000149011612,371.8241882324219,399.0,103.0
135.290,13:16:59.445,461.936,35.222,16270.426,0.000,0.000,0.000,0.000,0.000,0.000,1.000,1.000,0.000,48.456,48.637,0.940,64.254,5.000,0.10000000149011612,371.8241882324219,399.0,103.0
135.354,13:16:59.509,461.936,35.222,16270.426,0.000,0.000,0.000,0.000,0.000,0.000,1.000,1.000,0.000,48.456,48.637,0.940,64.254,5.000,0.10000000149011612,371.8241882324219,399.0,103.0
135.418,13:16:59.653,461.936,35.222,16270.426,0.000,0.000,0.000,0.000,0.000,0.000,1.000,1.000,0.000,48.418,48.237,0.940,64.239,5.000,0.10000000149011612,371.8241882324219,399.0,103.0
135.562,13:16:59.717,461.936,35.222,16270.426,0.000,0.000,0.000,0.000,0.000,0.000,1.000,1.000,0.000,48.418,48.237,0.940,64.239,5.000,0.10000000149011612,371.8241882324219,399.0,103.0
135.626,13:16:59.973,461.936,35.222,16270.426,0.000,0.000,0.000,0.000,0.000,0.000,1.000,1.000,0.000,48.418,48.237,0.940,64.239,5.000,0.10000000149011612,371.8241882324219,399.0,103.0
135.882,13:17:00.117,462.139,35.157,16247.432,0.000,0.000,0.000,0.000,0.000,0.000,1.000,1.000,0.000,48.456,48.637,0.940,64.243,5.000,0.10000000149011612,371.8241882324219,399.0,103.0
136.025,13:17:00.181,462.139,35.157,16247.432,0.000,0.000,0.000,0.000,0.000,0.000,1.000,1.000,0.000,48.456,48.637,0.940,64.243,5.000,0.10000000149011612,371.8241882324219,399.0,103.0
136.089,13:17:00.245,460.505,35.521,16357.685,0.000,0.000,0.000,0.000,0.000,0.000,1.000,1.000,0.000,48.456,48.637,0.940,64.243,5.000,0.10000000149011612,371.8241882324219,399.0,103.0
136.153,13:17:00.389,460.505,35.521,16357.685,0.000,0.000,0.000,0.000,0.000,0.000,1.000,1.000,0.000,48.857,49.037,0.940,64.249,5.000,0.10000000149011612,371.8241882324219,399.0,103.0
136.297,13:17:00.453,460.505,35.521,16357.685,0.000,0.000,0.000,0.000,0.000,0.000,1.000,1.000,0.000,48.857,49.037,0.940,64.249,5.000,0.10000000149011612,371.8241882324219,399.0,103.0
136.361,13:17:00.517,460.505,35.521,16357.685,0.000,0.000,0.000,0.000,0.000,0.000,1.000,1.000,0.000,48.857,49.037,0.940,64.249,5.000,0.10000000149011612,371.8241882324219,399.0,103.0
136.425,13:17:00.661,460.505,35.521,16357.685,0.000,0.000,0.000,0.000,0.000,0.000,1.000,1.000,0.000,48.818,48.637,0.940,64.270,5.000,0.10000000149011612,371.8241882324219,399.0,103.0
136.569,13:17:00.725,460.591,35.510,16355.692,0.000,0.000,0.000,0.000,0.000,0.000,1.000,1.000,0.000,48.818,48.637,0.940,64.270,5.000,0.10000000149011612,371.8241882324219,399.0,103.0
136.633,13:17:00.980,460.591,35.510,16355.692,0.000,0.000,0.000,0.000,0.000,0.000,1.000,1.000,0.000,48.818,48.637,0.940,64.270,5.000,0.10000000149011612,371.8241882324219,399.0,103.0
136.889,13:17:01.124,459.149,35.821,16446.961,0.000,0.000,0.000,0.000,0.000,0.000,1.000,1.000,0.000,48.857,49.037,0.940,64.319,5.000,0.10000000149011612,371.8241882324219,399.0,103.0
137.033,13:17:01.188,459.149,35.821,16446.961,0.000,0.000,0.000,0.000,0.000,0.000,1.000,1.000,0.000,48.857,49.037,0.940,64.319,5.000,0.10000000149011612,371.8241882324219,399.0,103.0
137.097,13:17:01.252,459.149,35.821,16446.961,0.000,0.000,0.000,0.000,0.000,0.000,1.000,1.000,0.000,48.857,49.037,0.940,64.319,5.000,0.10000000149011612,371.8241882324219,399.0,103.0
137.161,13:17:01.396,459.149,35.821,16446.961,0.000,0.000,0.000,0.000,0.000,0.000,1.000,1.000,0.000,48.857,49.037,0.940,64.319,5.000,0.10000000149011612,371.8241882324219,399.0,103.0
137.305,13:17:01.460,460.390,35.542,16363.190,0.000,0.000,0.000,0.000,0.000,0.000,1.000,1.000,0.000,48.857,49.037,0.940,64.319,5.000,0.10000000149011612,371.8241882324219,399.0,103.0
137.369,13:17:01.524,460.390,35.542,16363.190,0.000,0.000,0.000,0.000,0.000,0.000,1.000,1.000,0.000,48.857,49.037,0.940,64.319,5.000,0.10000000149011612,371.8241882324219,399.0,103.0
137.433,13:17:01.668,460.390,35.542,16363.190,0.000,0.000,0.000,0.000,0.000,0.000,1.000,1.000,0.000,48.818,48.637,0.940,64.356,5.000,0.10000000149011612,371.8241882324219,399.0,103.0
137.576,13:17:01.732,460.390,35.542,16363.190,0.000,0.000,0.000,0.000,0.000,0.000,1.000,1.000,0.000,48.818,48.637,0.940,64.356,5.000,0.10000000149011612,371.8241882324219,399.0,103.0
137.641,13:17:01.988,460.390,35.542,16363.190,0.000,0.000,0.000,0.000,0.000,0.000,1.000,1.000,0.000,48.818,48.637,0.940,64.356,5.000,0.10000000149011612,371.8241882324219,399.0,103.0
137.896,13:17:02.132,464.481,34.602,16072.085,0.000,0.000,0.000,0.000,0.000,0.000,1.000,1.000,0.000,48.418,48.237,0.940,64.376,5.000,0.10000000149011612,371.8241882324219,399.0,103.0
138.041,13:17:02.196,464.481,34.602,16072.085,0.000,0.000,0.000,0.000,0.000,0.000,1.000,1.000,0.000,48.418,48.237,0.940,64.376,5.000,0.10000000149011612,371.8241882324219,399.0,103.0
138.104,13:17:02.260,464.535,34.586,16066.170,0.000,0.000,0.000,0.000,0.000,0.000,1.000,1.000,0.000,48.418,48.237,0.940,64.376,5.000,0.10000000149011612,371.8241882324219,399.0,103.0
138.168,13:17:02.404,464.535,34.586,16066.170,0.000,0.000,0.000,0.000,0.000,0.000,1.000,1.000,0.000,48.456,48.637,0.940,64.385,5.000,0.10000000149011612,371.8241882324219,399.0,103.0
138.312,13:17:02.467,464.535,34.586,16066.170,0.000,0.000,0.000,0.000,0.000,0.000,1.000,1.000,0.000,48.456,48.637,0.940,64.385,5.000,0.10000000149011612,371.8241882324219,399.0,103.0
138.376,13:17:02.531,464.535,34.586,16066.170,0.000,0.000,0.000,0.000,0.000,0.000,1.000,1.000,0.000,48.456,48.637,0.940,64.385,5.000,0.10000000149011612,371.8241882324219,399.0,103.0
138.440,13:17:02.675,464.535,34.586,16066.170,0.000,0.000,0.000,0.000,0.000,0.000,1.000,1.000,0.000,48.856,49.037,0.940,64.411,5.000,0.10000000149011612,371.8241882324219,399.0,103.0
138.584,13:17:02.739,458.514,35.947,16482.252,0.000,0.000,0.000,0.000,0.000,0.000,1.000,1.000,0.000,48.856,49.037,0.940,64.411,5.000,0.10000000149011612,371.8241882324219,399.0,103.0
138.648,13:17:02.995,458.514,35.947,16482.252,0.000,0.000,0.000,0.000,0.000,0.000,1.000,1.000,0.000,48.856,49.037,0.940,64.411,5.000,0.10000000149011612,371.8241882324219,399.0,103.0
138.904,13:17:03.139,458.514,35.947,16482.252,0.000,0.000,0.000,0.000,0.000,0.000,1.000,1.000,0.000,48.817,48.637,0.940,64.445,5.000,0.10000000149011612,371.8241882324219,399.0,103.0
139.047,13:17:03.203,458.582,35.942,16482.146,0.000,0.000,0.000,0.000,0.000,0.000,1.000,1.000,0.000,48.817,48.637,0.940,64.445,5.000,0.10000000149011612,371.8241882324219,399.0,103.0
139.111,13:17:03.267,458.582,35.942,16482.146,0.000,0.000,0.000,0.000,0.000,0.000,1.000,1.000,0.000,48.817,48.637,0.940,64.445,5.000,0.10000000149011612,371.8241882324219,399.0,103.0
139.175,13:17:03.411,458.582,35.942,16482.146,0.000,0.000,0.000,0.000,0.000,0.000,1.000,1.000,0.000,48.817,48.637,0.940,64.445,5.000,0.10000000149011612,371.8241882324219,399.0,103.0
139.320,13:17:03.475,464.876,34.500,16038.242,0.000,0.000,0.000,0.000,0.000,0.000,1.000,1.000,0.000,48.817,48.637,0.940,64.445,5.000,0.10000000149011612,371.8241882324219,399.0,103.0
139.383,13:17:03.539,464.876,34.500,16038.242,0.000,0.000,0.000,0.000,0.000,0.000,1.000,1.000,0.000,48.817,48.637,0.940,64.445,5.000,0.10000000149011612,371.8241882324219,399.0,103.0
139.447,13:17:03.683,464.876,34.500,16038.242,0.000,0.000,0.000,0.000,0.000,0.000,1.000,1.000,0.000,48.418,48.237,0.940,64.434,5.000,0.10000000149011612,371.8241882324219,399.0,103.0
139.591,13:17:03.747,464.876,34.500,16038.242,0.000,0.000,0.000,0.000,0.000,0.000,1.000,1.000,0.000,48.418,48.237,0.940,64.434,5.000,0.10000000149011612,371.8241882324219,399.0,103.0
139.655,13:17:04.002,464.876,34.500,16038.242,0.000,0.000,0.000,0.000,0.000,0.000,1.000,1.000,0.000,48.418,48.237,0.940,64.434,5.000,0.10000000149011612,371.8241882324219,399.0,103.0
139.911,13:17:04.146,462.730,35.014,16202.200,0.000,0.000,0.000,0.000,0.000,0.000,1.000,1.000,0.000,48.456,48.637,0.940,64.474,5.000,0.10000000149011612,371.8241882324219,399.0,103.0
140.055,13:17:04.210,462.730,35.014,16202.200,0.000,0.000,0.000,0.000,0.000,0.000,1.000,1.000,0.000,48.456,48.637,0.940,64.474,5.000,0.10000000149011612,371.8241882324219,399.0,103.0
140.119,13:17:04.274,462.730,35.014,16202.200,0.000,0.000,0.000,0.000,0.000,0.000,1.000,1.000,0.000,48.456,48.637,0.940,64.474,5.000,0.10000000149011612,371.8241882324219,399.0,103.0
140.183,13:17:04.418,460.881,35.432,16329.850,0.000,0.000,0.000,0.000,0.000,0.000,1.000,1.000,0.000,48.856,49.037,0.940,64.449,5.000,0.10000000149011612,371.8241882324219,399.0,103.0
140.327,13:17:04.482,460.881,35.432,16329.850,0.000,0.000,0.000,0.000,0.000,0.000,1.000,1.000,0.000,48.856,49.037,0.940,64.449,5.000,0.10000000149011612,371.8241882324219,399.0,103.0
140.391,13:17:04.546,460.881,35.432,16329.850,0.000,0.000,0.000,0.000,0.000,0.000,1.000,1.000,0.000,48.856,49.037,0.940,64.449,5.000,0.10000000149011612,371.8241882324219,399.0,103.0
140.455,13:17:04.690,460.881,35.432,16329.850,0.000,0.000,0.000,0.000,0.000,0.000,1.000,1.000,0.000,48.856,49.037,0.940,64.449,5.000,0.10000000149011612,371.8241882324219,399.0,103.0
140.599,13:17:04.754,462.719,35.027,16207.581,0.000,0.000,0.000,0.000,0.000,0.000,1.000,1.000,0.000,48.856,49.037,0.940,64.449,5.000,0.10000000149011612,371.8241882324219,399.0,103.0
140.662,13:17:05.010,462.719,35.027,16207.581,0.000,0.000,0.000,0.000,0.000,0.000,1.000,1.000,0.000,48.856,49.037,0.940,64.449,5.000,0.10000000149011612,371.8241882324219,399.0,103.0
140.918,13:17:05.154,462.719,35.027,16207.581,0.000,0.000,0.000,0.000,0.000,0.000,1.000,1.000,0.000,48.817,48.637,0.940,64.499,5.000,0.10000000149011612,371.8241882324219,399.0,103.0
141.062,13:17:05.218,461.041,35.395,16318.641,0.000,0.000,0.000,0.000,0.000,0.000,1.000,1.000,0.000,48.817,48.637,0.940,64.499,5.000,0.10000000149011612,371.8241882324219,399.0,103.0
141.126,13:17:05.282,461.041,35.395,16318.641,0.000,0.000,0.000,0.000,0.000,0.000,1.000,1.000,0.000,48.817,48.637,0.940,64.499,5.000,0.10000000149011612,371.8241882324219,399.0,103.0
141.190,13:17:05.425,461.041,35.395,16318.641,0.000,0.000,0.000,0.000,0.000,0.000,1.000,1.000,0.000,48.817,48.637,0.940,64.499,5.000,0.10000000149011612,371.8241882324219,399.0,103.0
141.334,13:17:05.489,461.041,35.395,16318.641,0.000,0.000,0.000,0.000,0.000,0.000,1.000,1.000,0.000,48.817,48.637,0.940,64.499,5.000,0.10000000149011612,371.8241882324219,399.0,103.0
141.398,13:17:05.553,464.894,34.491,16034.882,0.000,0.000,0.000,0.000,0.000,0.000,1.000,1.000,0.000,48.817,48.637,0.940,64.499,5.000,0.10000000149011612,371.8241882324219,399.0,103.0
141.462,13:17:05.697,464.894,34.491,16034.882,0.000,0.000,0.000,0.000,0.000,0.000,1.000,1.000,0.000,48.456,48.637,0.940,64.461,5.000,0.10000000149011612,371.8241882324219,399.0,103.0
141.606,13:17:05.761,464.894,34.491,16034.882,0.000,0.000,0.000,0.000,0.000,0.000,1.000,1.000,0.000,48.456,48.637,0.940,64.461,5.000,0.10000000149011612,371.8241882324219,399.0,103.0
141.670,13:17:06.017,464.894,34.491,16034.882,0.000,0.000,0.000,0.000,0.000,0.000,1.000,1.000,0.000,48.456,48.637,0.940,64.461,5.000,0.10000000149011612,371.8241882324219,399.0,103.0
141.926,13:17:06.161,461.090,35.387,16316.673,0.000,0.000,0.000,0.000,0.000,0.000,1.000,1.000,0.000,48.818,48.637,0.940,64.491,5.000,0.10000000149011612,371.8241882324219,399.0,103.0
142.070,13:17:06.225,461.090,35.387,16316.673,0.000,0.000,0.000,0.000,0.000,0.000,1.000,1.000,0.000,48.818,48.637,0.940,64.491,5.000,0.10000000149011612,371.8241882324219,399.0,103.0
142.134,13:17:06.289,461.090,35.387,16316.673,0.000,0.000,0.000,0.000,0.000,0.000,1.000,1.000,0.000,48.818,48.637,0.940,64.491,5.000,0.10000000149011612,371.8241882324219,399.0,103.0
142.198,13:17:06.433,465.155,34.436,16018.078,0.000,0.000,0.000,0.000,0.000,0.000,1.000,1.000,0.000,48.456,48.637,0.940,64.519,5.000,0.10000000149011612,371.8241882324219,399.0,103.0
142.341,13:17:06.497,465.155,34.436,16018.078,0.000,0.000,0.000,0.000,0.000,0.000,1.000,1.000,0.000,48.456,48.637,0.940,64.519,5.000,0.10000000149011612,371.8241882324219,399.0,103.0
142.405,13:17:06.561,465.155,34.436,16018.078,0.000,0.000,0.000,0.000,0.000,0.000,1.000,1.000,0.000,48.456,48.637,0.940,64.519,5.000,0.10000000149011612,371.8241882324219,399.0,103.0
142.469,13:17:06.705,465.155,34.436,16018.078,0.000,0.000,0.000,0.000,0.000,0.000,1.000,1.000,0.000,48.456,48.637,0.940,64.519,5.000,0.10000000149011612,371.8241882324219,399.0,103.0
142.613,13:17:06.769,461.179,35.366,16310.013,0.000,0.000,0.000,0.000,0.000,0.000,1.000,1.000,0.000,48.456,48.637,0.940,64.519,5.000,0.10000000149011612,371.8241882324219,399.0,103.0
142.677,13:17:07.024,461.179,35.366,16310.013,0.000,0.000,0.000,0.000,0.000,0.000,1.000,1.000,0.000,48.456,48.637,0.940,64.519,5.000,0.10000000149011612,371.8241882324219,399.0,103.0
142.933,13:17:07.168,461.179,35.366,16310.013,0.000,0.000,0.000,0.000,0.000,0.000,1.000,1.000,0.000,48.418,48.237,0.940,64.527,5.000,0.10000000149011612,371.8241882324219,399.0,103.0
143.064,13:17:07.220,462.194,35.147,16244.773,0.000,0.000,0.000,0.000,0.000,0.000,1.000,1.000,0.000,48.418,48.237,0.940,64.527,5.000,0.10000000149011612,371.8241882324219,399.0,103.0
143.125,13:17:07.280,462.194,35.147,16244.773,0.000,0.000,0.000,0.000,0.000,0.000,1.000,1.000,0.000,48.418,48.237,0.940,64.527,5.000,0.10000000149011612,371.8241882324219,399.0,103.0
143.189,13:17:07.424,462.194,35.147,16244.773,0.000,0.000,0.000,0.000,0.000,0.000,1.000,1.000,0.000,48.418,48.237,0.940,64.527,5.000,0.10000000149011612,371.8241882324219,399.0,103.0
143.333,13:17:07.488,462.194,35.147,16244.773,0.000,0.000,0.000,0.000,0.000,0.000,1.000,1.000,0.000,48.418,48.237,0.940,64.527,5.000,0.10000000149011612,371.8241882324219,399.0,103.0
143.397,13:17:07.552,461.420,35.299,16287.908,0.000,0.000,0.000,0.000,0.000,0.000,1.000,1.000,0.000,48.418,48.237,0.940,64.527,5.000,0.10000000149011612,371.8241882324219,399.0,103.0
143.461,13:17:07.696,461.420,35.299,16287.908,0.000,0.000,0.000,0.000,0.000,0.000,1.000,1.000,0.000,48.818,48.637,0.940,64.531,5.000,0.10000000149011612,371.8241882324219,399.0,103.0
143.605,13:17:07.760,461.420,35.299,16287.908,0.000,0.000,0.000,0.000,0.000,0.000,1.000,1.000,0.000,48.818,48.637,0.940,64.531,5.000,0.10000000149011612,371.8241882324219,399.0,103.0
143.668,13:17:07.824,461.420,35.299,16287.908,0.000,0.000,0.000,0.000,0.000,0.000,1.000,1.000,0.000,48.818,48.637,0.940,64.531,5.000,0.10000000149011612,371.8241882324219,399.0,103.0
143.732,13:17:08.160,461.420,35.299,16287.908,0.000,0.000,0.000,0.000,0.000,0.000,1.000,1.000,0.000,48.818,48.637,0.940,64.520,5.000,0.10000000149011612,371.8241882324219,399.0,103.0
144.068,13:17:08.304,461.436,35.301,16289.036,0.000,0.000,0.000,0.000,0.000,0.000,1.000,1.000,0.000,48.818,48.637,0.940,64.520,5.000,0.10000000149011612,371.8241882324219,399.0,103.0
144.212,13:17:08.367,462.049,35.154,16242.879,0.000,0.000,0.000,0.000,0.000,0.000,1.000,1.000,0.000,48.818,48.637,0.940,64.520,5.000,0.10000000149011612,371.8241882324219,399.0,103.0
144.276,13:17:08.431,462.049,35.154,16242.879,0.000,0.000,0.000,0.000,0.000,0.000,1.000,1.000,0.000,48.818,48.637,0.940,64.520,5.000,0.10000000149011612,371.8241882324219,399.0,103.0
144.340,13:17:08.575,462.049,35.154,16242.879,0.000,0.000,0.000,0.000,0.000,0.000,1.000,1.000,0.000,48.456,48.637,0.940,64.526,5.000,0.10000000149011612,371.8241882324219,399.0,103.0
144.484,13:17:08.639,462.049,35.154,16242.879,0.000,0.000,0.000,0.000,0.000,0.000,1.000,1.000,0.000,48.456,48.637,0.940,64.526,5.000,0.10000000149011612,371.8241882324219,399.0,103.0
144.548,13:17:08.703,462.049,35.154,16242.879,0.000,0.000,0.000,0.000,0.000,0.000,1.000,1.000,0.000,48.456,48.637,0.940,64.526,5.000,0.10000000149011612,371.8241882324219,399.0,103.0
144.612,13:17:08.847,461.365,35.319,16294.730,0.000,0.000,0.000,0.000,0.000,0.000,1.000,1.000,0.000,48.818,48.637,0.940,64.545,5.000,0.10000000149011612,371.8241882324219,399.0,103.0
144.756,13:17:09.103,461.365,35.319,16294.730,0.000,0.000,0.000,0.000,0.000,0.000,1.000,1.000,0.000,48.818,48.637,0.940,64.545,5.000,0.10000000149011612,371.8241882324219,399.0,103.0
145.012,13:17:09.247,461.872,35.190,16253.138,0.000,0.000,0.000,0.000,0.000,0.000,1.000,1.000,0.000,48.457,48.637,0.940,64.552,5.000,0.10000000149011612,371.8241882324219,399.0,103.0
145.155,13:17:09.311,461.872,35.190,16253.138,0.000,0.000,0.000,0.000,0.000,0.000,1.000,1.000,0.000,48.457,48.637,0.940,64.552,5.000,0.10000000149011612,371.8241882324219,399.0,103.0
145.219,13:17:09.375,461.872,35.190,16253.138,0.000,0.000,0.000,0.000,0.000,0.000,1.000,1.000,0.000,48.457,48.637,0.940,64.552,5.000,0.10000000149011612,371.8241882324219,399.0,103.0
145.283,13:17:09.519,461.872,35.190,16253.138,0.000,0.000,0.000,0.000,0.000,0.000,1.000,1.000,0.000,48.457,48.637,0.940,64.552,5.000,0.10000000149011612,371.8241882324219,399.0,103.0
145.431,13:17:09.586,465.479,34.322,15976.281,0.000,0.000,0.000,0.000,0.000,0.000,1.000,1.000,0.000,48.457,48.637,0.940,64.552,5.000,0.10000000149011612,371.8241882324219,399.0,103.0
145.491,13:17:09.647,465.479,34.322,15976.281,0.000,0.000,0.000,0.000,0.000,0.000,1.000,1.000,0.000,48.457,48.637,0.940,64.552,5.000,0.10000000149011612,371.8241882324219,399.0,103.0
145.555,13:17:09.791,465.479,34.322,15976.281,0.000,0.000,0.000,0.000,0.000,0.000,1.000,1.000,0.000,48.056,48.237,0.940,64.552,5.000,0.10000000149011612,371.8241882324219,399.0,103.0
145.699,13:17:09.855,465.479,34.322,15976.281,0.000,0.000,0.000,0.000,0.000,0.000,1.000,1.000,0.000,48.056,48.237,0.940,64.552,5.000,0.10000000149011612,371.8241882324219,399.0,103.0
145.763,13:17:10.111,465.479,34.322,15976.281,0.000,0.000,0.000,0.000,0.000,0.000,1.000,1.000,0.000,48.056,48.237,0.940,64.552,5.000,0.10000000149011612,371.8241882324219,399.0,103.0
146.019,13:17:10.255,465.361,34.355,15987.585,0.000,0.000,0.000,0.000,0.000,0.000,1.000,1.000,0.000,48.456,48.637,0.940,64.550,5.000,0.10000000149011612,371.8241882324219,399.0,103.0
146.163,13:17:10.319,465.361,34.355,15987.585,0.000,0.000,0.000,0.000,0.000,0.000,1.000,1.000,0.000,48.456,48.637,0.940,64.550,5.000,0.10000000149011612,371.8241882324219,399.0,103.0
146.227,13:17:10.382,461.445,35.279,16279.393,0.000,0.000,0.000,0.000,0.000,0.000,1.000,1.000,0.000,48.456,48.637,0.940,64.550,5.000,0.10000000149011612,371.8241882324219,399.0,103.0
146.292,13:17:10.526,461.445,35.279,16279.393,0.000,0.000,0.000,0.000,0.000,0.000,1.000,1.000,0.000,48.818,48.637,0.940,64.536,5.000,0.10000000149011612,371.8241882324219,399.0,103.0
146.436,13:17:10.591,461.445,35.279,16279.393,0.000,0.000,0.000,0.000,0.000,0.000,1.000,1.000,0.000,48.818,48.637,0.940,64.536,5.000,0.10000000149011612,371.8241882324219,399.0,103.0
146.499,13:17:10.654,461.445,35.279,16279.393,0.000,0.000,0.000,0.000,0.000,0.000,1.000,1.000,0.000,48.818,48.637,0.940,64.536,5.000,0.10000000149011612,371.8241882324219,399.0,103.0
146.563,13:17:10.798,461.445,35.279,16279.393,0.000,0.000,0.000,0.000,0.000,0.000,1.000,1.000,0.000,48.818,48.637,0.940,64.536,5.000,0.10000000149011612,371.8241882324219,399.0,103.0
146.707,13:17:10.863,457.312,36.153,16533.344,0.000,0.000,0.000,0.000,0.000,0.000,1.000,1.000,0.000,48.818,48.637,0.940,64.536,5.000,0.10000000149011612,371.8241882324219,399.0,103.0
146.772,13:17:11.118,457.312,36.153,16533.344,0.000,0.000,0.000,0.000,0.000,0.000,1.000,1.000,0.000,48.818,48.637,0.940,64.536,5.000,0.10000000149011612,371.8241882324219,399.0,103.0
147.026,13:17:11.263,457.312,36.153,16533.344,0.000,0.000,0.000,0.000,0.000,0.000,1.000,1.000,0.000,48.817,48.637,0.940,64.633,5.000,0.10000000149011612,371.8241882324219,399.0,103.0
147.171,13:17:11.327,457.535,36.116,16524.209,0.000,0.000,0.000,0.000,0.000,0.000,1.000,1.000,0.000,48.817,48.637,0.940,64.633,5.000,0.10000000149011612,371.8241882324219,399.0,103.0
147.235,13:17:11.391,457.535,36.116,16524.209,0.000,0.000,0.000,0.000,0.000,0.000,1.000,1.000,0.000,48.817,48.637,0.940,64.633,5.000,0.10000000149011612,371.8241882324219,399.0,103.0
147.299,13:17:11.534,457.535,36.116,16524.209,0.000,0.000,0.000,0.000,0.000,0.000,1.000,1.000,0.000,48.817,48.637,0.940,64.633,5.000,0.10000000149011612,371.8241882324219,399.0,103.0
147.443,13:17:11.599,462.922,34.934,16171.885,0.000,0.000,0.000,0.000,0.000,0.000,1.000,1.000,0.000,48.817,48.637,0.940,64.633,5.000,0.10000000149011612,371.8241882324219,399.0,103.0
147.507,13:17:11.662,462.922,34.934,16171.885,0.000,0.000,0.000,0.000,0.000,0.000,1.000,1.000,0.000,48.817,48.637,0.940,64.633,5.000,0.10000000149011612,371.8241882324219,399.0,103.0
147.571,13:17:11.806,462.922,34.934,16171.885,0.000,0.000,0.000,0.000,0.000,0.000,1.000,1.000,0.000,48.417,48.237,0.940,64.649,5.000,0.10000000149011612,371.8241882324219,399.0,103.0
147.715,13:17:11.870,462.922,34.934,16171.885,0.000,0.000,0.000,0.000,0.000,0.000,1.000,1.000,0.000,48.417,48.237,0.940,64.649,5.000,0.10000000149011612,371.8241882324219,399.0,103.0
147.778,13:17:12.125,462.922,34.934,16171.885,0.000,0.000,0.000,0.000,0.000,0.000,1.000,1.000,0.000,48.417,48.237,0.940,64.649,5.000,0.10000000149011612,371.8241882324219,399.0,103.0
148.034,13:17:12.269,459.972,35.577,16364.317,0.000,0.000,0.000,0.000,0.000,0.000,1.000,1.000,0.000,48.817,48.637,0.940,64.686,5.000,0.10000000149011612,371.8241882324219,399.0,103.0
148.179,13:17:12.334,459.972,35.577,16364.317,0.000,0.000,0.000,0.000,0.000,0.000,1.000,1.000,0.000,48.817,48.637,0.940,64.686,5.000,0.10000000149011612,371.8241882324219,399.0,103.0
148.243,13:17:12.398,459.972,35.577,16364.317,0.000,0.000,0.000,0.000,0.000,0.000,1.000,1.000,0.000,48.817,48.637,0.940,64.686,5.000,0.10000000149011612,371.8241882324219,399.0,103.0
148.306,13:17:12.541,455.577,36.469,16614.277,0.000,0.000,0.000,0.000,0.000,0.000,1.000,1.000,0.000,49.217,49.037,0.940,64.696,5.000,0.10000000149011612,371.8241882324219,399.0,103.0
148.449,13:17:12.605,455.577,36.469,16614.277,0.000,0.000,0.000,0.000,0.000,0.000,1.000,1.000,0.000,49.217,49.037,0.940,64.696,5.000,0.10000000149011612,371.8241882324219,399.0,103.0
148.514,13:17:12.670,455.577,36.469,16614.277,0.000,0.000,0.000,0.000,0.000,0.000,1.000,1.000,0.000,49.217,49.037,0.940,64.696,5.000,0.10000000149011612,371.8241882324219,399.0,103.0
148.579,13:17:12.813,455.577,36.469,16614.277,0.000,0.000,0.000,0.000,0.000,0.000,1.000,1.000,0.000,49.217,49.037,0.940,64.696,5.000,0.10000000149011612,371.8241882324219,399.0,103.0
148.722,13:17:12.877,458.301,35.929,16466.389,0.000,0.000,0.000,0.000,0.000,0.000,1.000,1.000,0.000,49.217,49.037,0.940,64.696,5.000,0.10000000149011612,371.8241882324219,399.0,103.0
148.786,13:17:13.133,458.301,35.929,16466.389,0.000,0.000,0.000,0.000,0.000,0.000,1.000,1.000,0.000,49.217,49.037,0.940,64.696,5.000,0.10000000149011612,371.8241882324219,399.0,103.0
149.042,13:17:13.277,458.301,35.929,16466.389,0.000,0.000,0.000,0.000,0.000,0.000,1.000,1.000,0.000,48.418,48.237,0.940,64.773,5.000,0.10000000149011612,371.8241882324219,399.0,103.0
149.186,13:17:13.341,462.771,34.940,16169.121,0.000,0.000,0.000,0.000,0.000,0.000,1.000,1.000,0.000,48.418,48.237,0.940,64.773,5.000,0.10000000149011612,371.8241882324219,399.0,103.0
149.249,13:17:13.405,462.771,34.940,16169.121,0.000,0.000,0.000,0.000,0.000,0.000,1.000,1.000,0.000,48.418,48.237,0.940,64.773,5.000,0.10000000149011612,371.8241882324219,399.0,103.0
149.649,13:17:13.884,460.331,35.485,16334.727,0.000,0.000,0.000,0.000,0.000,0.000,1.000,1.000,0.000,48.818,48.637,0.940,64.768,5.000,0.10000000149011612,371.8241882324219,399.0,103.0
149.793,13:17:14.140,460.331,35.485,16334.727,0.000,0.000,0.000,0.000,0.000,0.000,1.000,1.000,0.000,48.818,48.637,0.940,64.768,5.000,0.10000000149011612,371.8241882324219,399.0,103.0
150.049,13:17:14.285,455.888,36.409,16598.336,0.000,0.000,0.000,0.000,0.000,0.000,1.000,1.000,0.000,49.218,49.037,0.940,64.767,5.000,0.10000000149011612,371.8241882324219,399.0,103.0
150.193,13:17:14.348,455.888,36.409,16598.336,0.000,0.000,0.000,0.000,0.000,0.000,1.000,1.000,0.000,49.218,49.037,0.940,64.767,5.000,0.10000000149011612,371.8241882324219,399.0,103.0
150.257,13:17:14.413,455.888,36.409,16598.336,0.000,0.000,0.000,0.000,0.000,0.000,1.000,1.000,0.000,49.218,49.037,0.940,64.767,5.000,0.10000000149011612,371.8241882324219,399.0,103.0
150.321,13:17:14.556,462.598,34.984,16183.503,0.000,0.000,0.000,0.000,0.000,0.000,1.000,1.000,0.000,48.418,48.237,0.940,64.825,5.000,0.10000000149011612,371.8241882324219,399.0,103.0
150.465,13:17:14.620,462.598,34.984,16183.503,0.000,0.000,0.000,0.000,0.000,0.000,1.000,1.000,0.000,48.418,48.237,0.940,64.825,5.000,0.10000000149011612,371.8241882324219,399.0,103.0
150.529,13:17:14.685,462.598,34.984,16183.503,0.000,0.000,0.000,0.000,0.000,0.000,1.000,1.000,0.000,48.418,48.237,0.940,64.825,5.000,0.10000000149011612,371.8241882324219,399.0,103.0
150.592,13:17:14.828,462.598,34.984,16183.503,0.000,0.000,0.000,0.000,0.000,0.000,1.000,1.000,0.000,48.418,48.237,0.940,64.825,5.000,0.10000000149011612,371.8241882324219,399.0,103.0
150.736,13:17:14.891,460.561,35.438,16321.242,0.000,0.000,0.000,0.000,0.000,0.000,1.000,1.000,0.000,48.418,48.237,0.940,64.825,5.000,0.10000000149011612,371.8241882324219,399.0,103.0
150.801,13:17:15.148,460.561,35.438,16321.242,0.000,0.000,0.000,0.000,0.000,0.000,1.000,1.000,0.000,48.418,48.237,0.940,64.825,5.000,0.10000000149011612,371.8241882324219,399.0,103.0
151.056,13:17:15.292,460.561,35.438,16321.242,0.000,0.000,0.000,0.000,0.000,0.000,1.000,1.000,0.000,48.418,48.237,0.940,64.800,5.000,0.10000000149011612,371.8241882324219,399.0,103.0
151.200,13:17:15.355,462.308,35.044,16200.941,0.000,0.000,0.000,0.000,0.000,0.000,1.000,1.000,0.000,48.418,48.237,0.940,64.800,5.000,0.10000000149011612,371.8241882324219,399.0,103.0
151.264,13:17:15.420,462.308,35.044,16200.941,0.000,0.000,0.000,0.000,0.000,0.000,1.000,1.000,0.000,48.418,48.237,0.940,64.800,5.000,0.10000000149011612,371.8241882324219,399.0,103.0
151.328,13:17:15.564,462.308,35.044,16200.941,0.000,0.000,0.000,0.000,0.000,0.000,1.000,1.000,0.000,48.418,48.237,0.940,64.800,5.000,0.10000000149011612,371.8241882324219,399.0,103.0
151.473,13:17:15.628,462.308,35.044,16200.941,0.000,0.000,0.000,0.000,0.000,0.000,1.000,1.000,0.000,48.418,48.237,0.940,64.800,5.000,0.10000000149011612,371.8241882324219,399.0,103.0
151.537,13:17:15.692,460.435,35.449,16321.877,0.000,0.000,0.000,0.000,0.000,0.000,1.000,1.000,0.000,48.418,48.237,0.940,64.800,5.000,0.10000000149011612,371.8241882324219,399.0,103.0
151.599,13:17:15.835,460.435,35.449,16321.877,0.000,0.000,0.000,0.000,0.000,0.000,1.000,1.000,0.000,48.818,48.637,0.940,64.782,5.000,0.10000000149011612,371.8241882324219,399.0,103.0
151.744,13:17:15.899,460.435,35.449,16321.877,0.000,0.000,0.000,0.000,0.000,0.000,1.000,1.000,0.000,48.818,48.637,0.940,64.782,5.000,0.10000000149011612,371.8241882324219,399.0,103.0
151.808,13:17:16.155,460.435,35.449,16321.877,0.000,0.000,0.000,0.000,0.000,0.000,1.000,1.000,0.000,48.818,48.637,0.940,64.782,5.000,0.10000000149011612,371.8241882324219,399.0,103.0
152.063,13:17:16.299,456.292,36.322,16573.281,0.000,0.000,0.000,0.000,0.000,0.000,1.000,1.000,0.000,49.218,49.037,0.940,64.798,5.000,0.10000000149011612,371.8241882324219,399.0,103.0
152.208,13:17:16.363,456.292,36.322,16573.281,0.000,0.000,0.000,0.000,0.000,0.000,1.000,1.000,0.000,49.218,49.037,0.940,64.798,5.000,0.10000000149011612,371.8241882324219,399.0,103.0
152.272,13:17:16.428,456.292,36.322,16573.281,0.000,0.000,0.000,0.000,0.000,0.000,1.000,1.000,0.000,49.218,49.037,0.940,64.798,5.000,0.10000000149011612,371.8241882324219,399.0,103.0
152.335,13:17:16.570,462.206,35.064,16206.598,0.000,0.000,0.000,0.000,0.000,0.000,1.000,1.000,0.000,48.418,48.237,0.940,64.826,5.000,0.10000000149011612,371.8241882324219,399.0,103.0
152.480,13:17:16.635,462.206,35.064,16206.598,0.000,0.000,0.000,0.000,0.000,0.000,1.000,1.000,0.000,48.418,48.237,0.940,64.826,5.000,0.10000000149011612,371.8241882324219,399.0,103.0
152.544,13:17:16.699,462.206,35.064,16206.598,0.000,0.000,0.000,0.000,0.000,0.000,1.000,1.000,0.000,48.418,48.237,0.940,64.826,5.000,0.10000000149011612,371.8241882324219,399.0,103.0
152.608,13:17:16.843,462.206,35.064,16206.598,0.000,0.000,0.000,0.000,0.000,0.000,1.000,1.000,0.000,48.418,48.237,0.940,64.826,5.000,0.10000000149011612,371.8241882324219,399.0,103.0
152.752,13:17:16.907,460.908,35.344,16290.389,0.000,0.000,0.000,0.000,0.000,0.000,1.000,1.000,0.000,48.418,48.237,0.940,64.826,5.000,0.10000000149011612,371.8241882324219,399.0,103.0
152.815,13:17:17.162,460.908,35.344,16290.389,0.000,0.000,0.000,0.000,0.000,0.000,1.000,1.000,0.000,48.418,48.237,0.940,64.826,5.000,0.10000000149011612,371.8241882324219,399.0,103.0
153.071,13:17:17.307,460.908,35.344,16290.389,0.000,0.000,0.000,0.000,0.000,0.000,1.000,1.000,0.000,48.456,48.637,0.940,64.831,5.000,0.10000000149011612,371.8241882324219,399.0,103.0
153.215,13:17:17.370,462.078,35.092,16215.127,0.000,0.000,0.000,0.000,0.000,0.000,1.000,1.000,0.000,48.456,48.637,0.940,64.831,5.000,0.10000000149011612,371.8241882324219,399.0,103.0
153.279,13:17:17.435,462.078,35.092,16215.127,0.000,0.000,0.000,0.000,0.000,0.000,1.000,1.000,0.000,48.456,48.637,0.940,64.831,5.000,0.10000000149011612,371.8241882324219,399.0,103.0
153.343,13:17:17.579,462.078,35.092,16215.127,0.000,0.000,0.000,0.000,0.000,0.000,1.000,1.000,0.000,48.456,48.637,0.940,64.831,5.000,0.10000000149011612,371.8241882324219,399.0,103.0
153.487,13:17:17.643,462.078,35.092,16215.127,0.000,0.000,0.000,0.000,0.000,0.000,1.000,1.000,0.000,48.456,48.637,0.940,64.831,5.000,0.10000000149011612,371.8241882324219,399.0,103.0
153.551,13:17:17.706,460.889,35.350,16292.523,0.000,0.000,0.000,0.000,0.000,0.000,1.000,1.000,0.000,48.456,48.637,0.940,64.831,5.000,0.10000000149011612,371.8241882324219,399.0,103.0
153.614,13:17:17.850,460.889,35.350,16292.523,0.000,0.000,0.000,0.000,0.000,0.000,1.000,1.000,0.000,48.818,48.637,0.940,64.869,5.000,0.10000000149011612,371.8241882324219,399.0,103.0
153.759,13:17:17.915,460.889,35.350,16292.523,0.000,0.000,0.000,0.000,0.000,0.000,1.000,1.000,0.000,48.818,48.637,0.940,64.869,5.000,0.10000000149011612,371.8241882324219,399.0,103.0
153.823,13:17:18.170,460.889,35.350,16292.523,0.000,0.000,0.000,0.000,0.000,0.000,1.000,1.000,0.000,48.818,48.637,0.940,64.869,5.000,0.10000000149011612,371.8241882324219,399.0,103.0
154.078,13:17:18.314,461.974,35.118,16223.542,0.000,0.000,0.000,0.000,0.000,0.000,1.000,1.000,0.000,48.456,48.637,0.940,64.833,5.000,0.10000000149011612,371.8241882324219,399.0,103.0
154.223,13:17:18.378,461.974,35.118,16223.542,0.000,0.000,0.000,0.000,0.000,0.000,1.000,1.000,0.000,48.456,48.637,0.940,64.833,5.000,0.10000000149011612,371.8241882324219,399.0,103.0
154.286,13:17:18.442,461.974,35.118,16223.542,0.000,0.000,0.000,0.000,0.000,0.000,1.000,1.000,0.000,48.456,48.637,0.940,64.833,5.000,0.10000000149011612,371.8241882324219,399.0,103.0
154.351,13:17:18.585,461.974,35.118,16223.542,0.000,0.000,0.000,0.000,0.000,0.000,1.000,1.000,0.000,48.818,48.637,0.940,64.860,5.000,0.10000000149011612,371.8241882324219,399.0,103.0
154.494,13:17:18.649,460.940,35.342,16290.537,0.000,0.000,0.000,0.000,0.000,0.000,1.000,1.000,0.000,48.818,48.637,0.940,64.860,5.000,0.10000000149011612,371.8241882324219,399.0,103.0
154.559,13:17:18.714,460.940,35.342,16290.537,0.000,0.000,0.000,0.000,0.000,0.000,1.000,1.000,0.000,48.818,48.637,0.940,64.860,5.000,0.10000000149011612,371.8241882324219,399.0,103.0
154.623,13:17:18.858,460.940,35.342,16290.537,0.000,0.000,0.000,0.000,0.000,0.000,1.000,1.000,0.000,48.818,48.637,0.940,64.860,5.000,0.10000000149011612,371.8241882324219,399.0,103.0
154.766,13:17:18.921,465.001,34.397,15994.419,0.000,0.000,0.000,0.000,0.000,0.000,1.000,1.000,0.000,48.818,48.637,0.940,64.860,5.000,0.10000000149011612,371.8241882324219,399.0,103.0
154.830,13:17:19.177,465.001,34.397,15994.419,0.000,0.000,0.000,0.000,0.000,0.000,1.000,1.000,0.000,48.818,48.637,0.940,64.860,5.000,0.10000000149011612,371.8241882324219,399.0,103.0
155.085,13:17:19.321,465.001,34.397,15994.419,0.000,0.000,0.000,0.000,0.000,0.000,1.000,1.000,0.000,48.456,48.637,0.940,64.852,5.000,0.10000000149011612,371.8241882324219,399.0,103.0
155.229,13:17:19.385,461.735,35.171,16239.737,0.000,0.000,0.000,0.000,0.000,0.000,1.000,1.000,0.000,48.456,48.637,0.940,64.852,5.000,0.10000000149011612,371.8241882324219,399.0,103.0
155.294,13:17:19.450,461.735,35.171,16239.737,0.000,0.000,0.000,0.000,0.000,0.000,1.000,1.000,0.000,48.456,48.637,0.940,64.852,5.000,0.10000000149011612,371.8241882324219,399.0,103.0
155.357,13:17:19.592,461.735,35.171,16239.737,0.000,0.000,0.000,0.000,0.000,0.000,1.000,1.000,0.000,48.418,48.237,0.940,64.874,5.000,0.10000000149011612,371.8241882324219,399.0,103.0
155.502,13:17:19.657,461.735,35.171,16239.737,0.000,0.000,0.000,0.000,0.000,0.000,1.000,1.000,0.000,48.418,48.237,0.940,64.874,5.000,0.10000000149011612,371.8241882324219,399.0,103.0
155.565,13:17:19.721,461.735,35.171,16239.737,0.000,0.000,0.000,0.000,0.000,0.000,1.000,1.000,0.000,48.418,48.237,0.940,64.874,5.000,0.10000000149011612,371.8241882324219,399.0,103.0
155.629,13:17:19.865,461.138,35.297,16276.662,0.000,0.000,0.000,0.000,0.000,0.000,1.000,1.000,0.000,48.818,48.637,0.940,64.838,5.000,0.10000000149011612,371.8241882324219,399.0,103.0
155.773,13:17:19.929,461.138,35.297,16276.662,0.000,0.000,0.000,0.000,0.000,0.000,1.000,1.000,0.000,48.818,48.637,0.940,64.838,5.000,0.10000000149011612,371.8241882324219,399.0,103.0
155.838,13:17:20.184,461.138,35.297,16276.662,0.000,0.000,0.000,0.000,0.000,0.000,1.000,1.000,0.000,48.818,48.637,0.940,64.838,5.000,0.10000000149011612,371.8241882324219,399.0,103.0
156.093,13:17:20.328,465.111,34.372,15986.629,0.000,0.000,0.000,0.000,0.000,0.000,1.000,1.000,0.000,48.456,48.637,0.940,64.839,5.000,0.10000000149011612,371.8241882324219,399.0,103.0
156.237,13:17:20.392,465.111,34.372,15986.629,0.000,0.000,0.000,0.000,0.000,0.000,1.000,1.000,0.000,48.456,48.637,0.940,64.839,5.000,0.10000000149011612,371.8241882324219,399.0,103.0
156.301,13:17:20.456,465.111,34.372,15986.629,0.000,0.000,0.000,0.000,0.000,0.000,1.000,1.000,0.000,48.456,48.637,0.940,64.839,5.000,0.10000000149011612,371.8241882324219,399.0,103.0
156.365,13:17:20.600,465.111,34.372,15986.629,0.000,0.000,0.000,0.000,0.000,0.000,1.000,1.000,0.000,48.818,48.637,0.940,64.855,5.000,0.10000000149011612,371.8241882324219,399.0,103.0
156.509,13:17:20.665,457.478,36.091,16510.727,0.000,0.000,0.000,0.000,0.000,0.000,1.000,1.000,0.000,48.818,48.637,0.940,64.855,5.000,0.10000000149011612,371.8241882324219,399.0,103.0
156.573,13:17:20.729,457.478,36.091,16510.727,0.000,0.000,0.000,0.000,0.000,0.000,1.000,1.000,0.000,48.818,48.637,0.940,64.855,5.000,0.10000000149011612,371.8241882324219,399.0,103.0
156.973,13:17:21.399,465.063,34.389,15993.280,0.000,0.000,0.000,0.000,0.000,0.000,1.000,1.000,0.000,48.456,48.637,0.940,64.829,5.000,0.10000000149011612,371.8241882324219,399.0,103.0
157.309,13:17:21.544,461.576,35.203,16249.059,0.000,0.000,0.000,0.000,0.000,0.000,1.000,1.000,0.000,48.418,48.237,0.940,64.888,5.000,0.10000000149011612,371.8241882324219,399.0,103.0
157.453,13:17:21.608,461.576,35.203,16249.059,0.000,0.000,0.000,0.000,0.000,0.000,1.000,1.000,0.000,48.418,48.237,0.940,64.888,5.000,0.10000000149011612,371.8241882324219,399.0,103.0
157.517,13:17:21.672,461.576,35.203,16249.059,0.000,0.000,0.000,0.000,0.000,0.000,1.000,1.000,0.000,48.418,48.237,0.940,64.888,5.000,0.10000000149011612,371.8241882324219,399.0,103.0
157.580,13:17:21.816,461.576,35.203,16249.059,0.000,0.000,0.000,0.000,0.000,0.000,1.000,1.000,0.000,48.856,49.037,0.940,64.827,5.000,0.10000000149011612,371.8241882324219,399.0,103.0
157.725,13:17:21.880,461.446,35.230,16256.628,0.000,0.000,0.000,0.000,0.000,0.000,1.000,1.000,0.000,48.856,49.037,0.940,64.827,5.000,0.10000000149011612,371.8241882324219,399.0,103.0
157.788,13:17:21.944,461.446,35.230,16256.628,0.000,0.000,0.000,0.000,0.000,0.000,1.000,1.000,0.000,48.856,49.037,0.940,64.827,5.000,0.10000000149011612,371.8241882324219,399.0,103.0
157.851,13:17:22.088,461.446,35.230,16256.628,0.000,0.000,0.000,0.000,0.000,0.000,1.000,1.000,0.000,48.856,49.037,0.940,64.827,5.000,0.10000000149011612,371.8241882324219,399.0,103.0
157.996,13:17:22.343,461.446,35.230,16256.628,0.000,0.000,0.000,0.000,0.000,0.000,1.000,1.000,0.000,48.856,49.037,0.940,64.827,5.000,0.10000000149011612,371.8241882324219,399.0,103.0
158.252,13:17:22.487,457.593,36.064,16502.467,0.000,0.000,0.000,0.000,0.000,0.000,1.000,1.000,0.000,48.818,48.637,0.940,64.883,5.000,0.10000000149011612,371.8241882324219,399.0,103.0
158.395,13:17:22.551,457.593,36.064,16502.467,0.000,0.000,0.000,0.000,0.000,0.000,1.000,1.000,0.000,48.818,48.637,0.940,64.883,5.000,0.10000000149011612,371.8241882324219,399.0,103.0
158.460,13:17:22.616,465.093,34.374,15987.306,0.000,0.000,0.000,0.000,0.000,0.000,1.000,1.000,0.000,48.818,48.637,0.940,64.883,5.000,0.10000000149011612,371.8241882324219,399.0,103.0
158.524,13:17:22.759,465.093,34.374,15987.306,0.000,0.000,0.000,0.000,0.000,0.000,1.000,1.000,0.000,48.456,48.637,0.940,64.893,5.000,0.10000000149011612,371.8241882324219,399.0,103.0
158.668,13:17:22.823,465.093,34.374,15987.306,0.000,0.000,0.000,0.000,0.000,0.000,1.000,1.000,0.000,48.456,48.637,0.940,64.893,5.000,0.10000000149011612,371.8241882324219,399.0,103.0
158.731,13:17:22.887,465.093,34.374,15987.306,0.000,0.000,0.000,0.000,0.000,0.000,1.000,1.000,0.000,48.456,48.637,0.940,64.893,5.000,0.10000000149011612,371.8241882324219,399.0,103.0
158.795,13:17:23.032,465.093,34.374,15987.306,0.000,0.000,0.000,0.000,0.000,0.000,1.000,1.000,0.000,48.818,48.637,0.940,64.921,5.000,0.10000000149011612,371.8241882324219,399.0,103.0
158.939,13:17:23.094,461.611,35.186,16242.193,0.000,0.000,0.000,0.000,0.000,0.000,1.000,1.000,0.000,48.818,48.637,0.940,64.921,5.000,0.10000000149011612,371.8241882324219,399.0,103.0
159.003,13:17:23.350,461.611,35.186,16242.193,0.000,0.000,0.000,0.000,0.000,0.000,1.000,1.000,0.000,48.818,48.637,0.940,64.921,5.000,0.10000000149011612,371.8241882324219,399.0,103.0
159.259,13:17:23.494,463.807,34.678,16083.819,0.000,0.000,0.000,0.000,0.000,0.000,1.000,1.000,0.000,48.457,48.637,0.940,64.898,5.000,0.10000000149011612,371.8241882324219,399.0,103.0
159.403,13:17:23.558,463.807,34.678,16083.819,0.000,0.000,0.000,0.000,0.000,0.000,1.000,1.000,0.000,48.457,48.637,0.940,64.898,5.000,0.10000000149011612,371.8241882324219,399.0,103.0
159.467,13:17:23.622,463.807,34.678,16083.819,0.000,0.000,0.000,0.000,0.000,0.000,1.000,1.000,0.000,48.457,48.637,0.940,64.898,5.000,0.10000000149011612,371.8241882324219,399.0,103.0
159.532,13:17:23.766,463.807,34.678,16083.819,0.000,0.000,0.000,0.000,0.000,0.000,1.000,1.000,0.000,48.457,48.637,0.940,64.898,5.000,0.10000000149011612,371.8241882324219,399.0,103.0
159.675,13:17:23.830,459.905,35.548,16348.635,0.000,0.000,0.000,0.000,0.000,0.000,1.000,1.000,0.000,48.457,48.637,0.940,64.898,5.000,0.10000000149011612,371.8241882324219,399.0,103.0
