file,start,end,n,dt_ms,trip,names,ch0_min,ch0_max,ch1_min,ch1_max,ch2_min,ch2_max
ring_103551.csv,10:35:31.821,10:35:51.901,252,80.0,0,vDcInst/idc_units/iq_shed,519.78,520.26,0.11,0.13,1.0,1.0
ring_103615.csv,10:35:57.285,10:36:15.685,231,80.0,0,vDcInst/idc_units/iq_shed,519.78,520.02,0.11,0.13,1.0,1.0
ring_103639.csv,10:36:20.909,10:36:39.309,231,80.0,0,vDcInst/idc_units/iq_shed,519.29,519.78,0.1,0.13,1.0,1.0
ring_103702.csv,10:36:44.390,10:37:02.790,231,80.0,0,vDcInst/idc_units/iq_shed,519.29,519.78,0.1,0.13,1.0,1.0
ring_103726.csv,10:37:07.838,10:37:26.878,239,80.0,0,vDcInst/idc_units/iq_shed,519.29,519.78,0.1,0.12,1.0,1.0
ring_103750.csv,10:37:32.326,10:37:50.726,231,80.0,0,vDcInst/idc_units/iq_shed,519.29,519.53,0.1,0.12,1.0,1.0
ring_103814.csv,10:37:55.662,10:38:14.062,231,80.0,0,vDcInst/idc_units/iq_shed,519.29,519.78,0.1,0.12,1.0,1.0
ring_103838.csv,10:38:19.270,10:38:38.230,238,80.0,0,vDcInst/idc_units/iq_shed,519.53,519.78,0.09,0.12,1.0,1.0
ring_103901.csv,10:38:43.550,10:39:01.950,231,80.0,0,vDcInst/idc_units/iq_shed,519.29,519.78,0.09,0.12,1.0,1.0
ring_103925.csv,10:39:06.999,10:39:25.399,231,80.0,0,vDcInst/idc_units/iq_shed,519.53,519.78,0.09,0.12,1.0,1.0
ring_103948.csv,10:39:30.559,10:39:48.959,231,80.0,0,vDcInst/idc_units/iq_shed,519.29,519.78,0.09,0.11,1.0,1.0
ring_104012.csv,10:39:53.991,10:40:12.951,238,80.0,0,vDcInst/idc_units/iq_shed,519.53,519.78,0.09,0.11,1.0,1.0
ring_104036.csv,10:40:18.095,10:40:36.415,230,80.0,0,vDcInst/idc_units/iq_shed,517.36,520.74,0.09,1.76,1.0,1.0
ring_104059.csv,10:40:41.447,10:40:59.767,230,80.0,0,vDcInst/idc_units/iq_shed,517.84,519.53,1.22,1.71,1.0,1.0
ring_104123.csv,10:41:04.975,10:41:23.935,238,80.0,0,vDcInst/idc_units/iq_shed,516.39,519.05,1.61,2.38,1.0,1.0
ring_104147.csv,10:41:29.256,10:41:47.736,232,80.0,0,vDcInst/idc_units/iq_shed,513.97,516.63,2.62,3.85,1.0,1.0
ring_104211.csv,10:41:52.706,10:42:11.106,231,80.0,0,vDcInst/idc_units/iq_shed,506.96,514.21,4.28,8.13,1.0,1.0
ring_104234.csv,10:42:16.296,10:42:34.696,231,80.0,0,vDcInst/idc_units/iq_shed,498.5,506.48,9.11,13.27,1.0,1.0
ring_104258.csv,10:42:39.761,10:42:58.161,231,80.0,0,vDcInst/idc_units/iq_shed,483.75,497.05,14.87,21.17,1.0,1.0
ring_104322.csv,10:43:03.225,10:43:22.185,238,80.0,0,vDcInst/idc_units/iq_shed,464.65,480.13,23.2,29.48,1.0,1.0
ring_104345.csv,10:43:27.281,10:43:45.681,231,80.0,0,vDcInst/idc_units/iq_shed,464.9,467.56,29.27,29.51,1.0,1.0
ring_104409.csv,10:43:50.666,10:44:09.146,232,80.0,0,vDcInst/idc_units/iq_shed,465.14,468.28,29.3,29.5,1.0,1.0
ring_104432.csv,10:44:14.194,10:44:32.514,230,80.0,0,vDcInst/idc_units/iq_shed,465.38,468.52,29.32,29.52,1.0,1.0
ring_104456.csv,10:44:37.723,10:44:56.123,231,80.0,0,vDcInst/idc_units/iq_shed,465.62,468.52,29.32,29.53,1.0,1.0
ring_104519.csv,10:45:01.187,10:45:19.507,230,80.0,0,vDcInst/idc_units/iq_shed,465.86,468.76,29.3,29.55,1.0,1.0
ring_104543.csv,10:45:25.403,10:45:43.723,230,80.0,0,vDcInst/idc_units/iq_shed,466.83,469.49,29.35,29.6,1.0,1.0
ring_104607.csv,10:45:48.644,10:46:07.044,231,80.0,0,vDcInst/idc_units/iq_shed,467.31,470.21,29.39,29.59,1.0,1.0
ring_104630.csv,10:46:12.268,10:46:30.588,230,80.0,0,vDcInst/idc_units/iq_shed,466.59,470.46,29.42,29.6,1.0,1.0
ring_104654.csv,10:46:35.716,10:46:54.116,231,80.0,0,vDcInst/idc_units/iq_shed,452.81,471.18,29.22,29.7,1.0,1.0
ring_104717.csv,10:46:59.324,10:47:17.724,231,80.0,0,vDcInst/idc_units/iq_shed,453.53,456.92,29.44,29.67,1.0,1.0
ring_104741.csv,10:47:22.660,10:47:41.060,231,80.0,0,vDcInst/idc_units/iq_shed,454.26,457.64,29.41,29.66,1.0,1.0
ring_104804.csv,10:47:46.299,10:48:04.699,231,80.0,0,vDcInst/idc_units/iq_shed,454.5,457.89,29.45,29.69,1.0,1.0
ring_104828.csv,10:48:09.777,10:48:28.177,231,80.0,0,vDcInst/idc_units/iq_shed,454.98,458.61,29.46,29.75,1.0,1.0
ring_104852.csv,10:48:33.448,10:48:52.808,243,80.0,0,vDcInst/idc_units/iq_shed,455.47,474.08,28.84,30.06,1.0,1.0
ring_104916.csv,10:48:58.447,10:49:16.847,231,80.0,0,vDcInst/idc_units/iq_shed,469.73,471.91,29.57,29.77,1.0,1.0
ring_104940.csv,10:49:22.038,10:49:40.438,231,80.0,0,vDcInst/idc_units/iq_shed,469.49,472.39,29.54,29.8,1.0,1.0
ring_105003.csv,10:49:45.580,10:50:03.980,231,80.0,0,vDcInst/idc_units/iq_shed,469.73,471.91,29.62,29.81,1.0,1.0
ring_105027.csv,10:50:09.140,10:50:27.540,231,80.0,0,vDcInst/idc_units/iq_shed,469.01,472.15,29.6,29.84,1.0,1.0
ring_105051.csv,10:50:32.764,10:50:51.084,230,80.0,0,vDcInst/idc_units/iq_shed,469.25,471.67,29.65,29.85,1.0,1.0
ring_105115.csv,10:50:56.275,10:51:15.235,238,80.0,0,vDcInst/idc_units/iq_shed,469.49,472.39,29.64,29.88,1.0,1.0
ring_105138.csv,10:51:20.648,10:51:38.968,230,80.0,0,vDcInst/idc_units/iq_shed,469.49,472.15,29.68,29.89,1.0,1.0
ring_105203.csv,10:51:45.120,10:52:03.440,230,80.0,0,vDcInst/idc_units/iq_shed,469.73,472.63,29.69,29.89,1.0,1.0
ring_105226.csv,10:52:08.567,10:52:26.887,230,80.0,0,vDcInst/idc_units/iq_shed,470.21,473.12,29.69,29.89,1.0,1.0
ring_105250.csv,10:52:32.077,10:52:50.397,230,80.0,0,vDcInst/idc_units/iq_shed,470.7,474.32,29.7,29.96,1.0,1.0
ring_105313.csv,10:52:55.540,10:53:13.860,230,80.0,0,vDcInst/idc_units/iq_shed,469.97,472.87,29.74,29.97,1.0,1.0
ring_105337.csv,10:53:19.147,10:53:37.467,230,80.0,0,vDcInst/idc_units/iq_shed,436.13,450.87,26.46,29.4,1.0,1.0
ring_105400.csv,10:53:42.626,10:54:00.946,230,80.0,0,vDcInst/idc_units/iq_shed,436.61,446.28,28.0,29.49,1.0,1.0
ring_105424.csv,10:54:06.249,10:54:24.569,230,80.0,0,vDcInst/idc_units/iq_shed,437.58,446.76,28.3,29.72,1.0,1.0
ring_105448.csv,10:54:29.792,10:54:48.032,229,80.0,0,vDcInst/idc_units/iq_shed,438.79,478.68,27.57,29.64,1.0,1.0
ring_105511.csv,10:54:53.336,10:55:11.736,231,80.0,0,vDcInst/idc_units/iq_shed,470.94,476.5,28.52,30.01,1.0,1.0
ring_105536.csv,10:55:16.877,10:55:36.877,251,80.0,0,vDcInst/idc_units/iq_shed,470.21,473.84,29.81,30.03,1.0,1.0
ring_105600.csv,10:55:42.468,10:56:00.788,230,80.0,0,vDcInst/idc_units/iq_shed,471.18,473.84,29.83,30.01,1.0,1.0
ring_105624.csv,10:56:06.011,10:56:24.331,230,80.0,0,vDcInst/idc_units/iq_shed,470.94,473.84,29.8,30.02,1.0,1.0
ring_105648.csv,10:56:29.570,10:56:48.930,243,80.0,0,vDcInst/idc_units/iq_shed,470.94,473.84,29.83,30.05,1.0,1.0
ring_105713.csv,10:56:54.696,10:57:13.656,238,80.0,0,vDcInst/idc_units/iq_shed,470.94,473.84,29.83,30.08,1.0,1.0
ring_105737.csv,10:57:19.135,10:57:37.535,231,80.0,0,vDcInst/idc_units/iq_shed,471.42,473.84,29.85,30.06,1.0,1.0
ring_105802.csv,10:57:42.679,10:58:02.039,243,80.0,0,vDcInst/idc_units/iq_shed,434.43,474.08,26.72,30.26,1.0,1.0
ring_105828.csv,10:58:09.884,10:58:28.204,230,80.0,0,vDcInst/idc_units/iq_shed,437.34,446.04,28.34,29.76,1.0,1.0
ring_105851.csv,10:58:33.443,10:58:51.843,231,80.0,0,vDcInst/idc_units/iq_shed,437.09,445.56,28.78,29.9,1.0,1.0
ring_105915.csv,10:58:56.954,10:59:15.274,230,80.0,0,vDcInst/idc_units/iq_shed,439.03,446.28,28.69,29.91,1.0,1.0
ring_105938.csv,10:59:20.545,10:59:38.865,230,80.0,0,vDcInst/idc_units/iq_shed,438.54,479.16,27.6,30.56,1.0,1.0
ring_110002.csv,10:59:44.104,11:00:02.424,230,80.0,0,vDcInst/idc_units/iq_shed,471.67,474.81,29.86,30.05,1.0,1.0
ring_110025.csv,11:00:07.599,11:00:25.919,230,80.0,0,vDcInst/idc_units/iq_shed,471.91,474.57,29.86,30.06,1.0,1.0
ring_110049.csv,11:00:31.238,11:00:49.558,230,80.0,0,vDcInst/idc_units/iq_shed,472.15,474.57,29.84,30.08,1.0,1.0
ring_110115.csv,11:00:55.788,11:01:15.228,244,80.0,0,vDcInst/idc_units/iq_shed,472.15,474.57,29.82,30.09,1.0,1.0
ring_110138.csv,11:01:20.691,11:01:38.931,229,80.0,0,vDcInst/idc_units/iq_shed,471.91,474.57,29.86,30.12,1.0,1.0
ring_110202.csv,11:01:44.377,11:02:02.777,231,80.0,0,vDcInst/idc_units/iq_shed,471.67,474.32,29.88,30.07,1.0,1.0
ring_110226.csv,11:02:07.937,11:02:26.257,230,80.0,0,vDcInst/idc_units/iq_shed,471.67,474.57,29.89,30.1,1.0,1.0
ring_110249.csv,11:02:31.463,11:02:49.863,231,80.0,0,vDcInst/idc_units/iq_shed,471.67,474.81,29.89,30.1,1.0,1.0
ring_110313.csv,11:02:55.006,11:03:13.326,230,80.0,0,vDcInst/idc_units/iq_shed,471.18,474.08,29.86,30.08,1.0,1.0
ring_110336.csv,11:03:18.582,11:03:36.822,229,80.0,0,vDcInst/idc_units/iq_shed,408.57,474.32,21.92,30.08,0.938,1.0
ring_110400.csv,11:03:42.156,11:04:00.556,231,80.0,0,vDcInst/idc_units/iq_shed,447.01,450.87,22.3,23.12,1.0,1.0
ring_110423.csv,11:04:05.667,11:04:23.987,230,80.0,0,vDcInst/idc_units/iq_shed,447.01,450.87,22.6,23.25,1.0,1.0
ring_110447.csv,11:04:29.194,11:04:47.514,230,80.0,0,vDcInst/idc_units/iq_shed,446.52,451.12,22.74,23.6,1.0,1.0
ring_110511.csv,11:04:52.802,11:05:11.202,231,80.0,0,vDcInst/idc_units/iq_shed,447.01,451.36,23.1,23.82,1.0,1.0
ring_110534.csv,11:05:16.313,11:05:34.633,230,80.0,0,vDcInst/idc_units/iq_shed,447.01,451.36,23.32,24.07,1.0,1.0
ring_110558.csv,11:05:39.922,11:05:58.322,231,80.0,0,vDcInst/idc_units/iq_shed,447.01,451.36,23.4,24.08,1.0,1.0
ring_110622.csv,11:06:03.929,11:06:22.329,231,80.0,0,vDcInst/idc_units/iq_shed,446.52,451.6,23.44,24.12,1.0,1.0
ring_110645.csv,11:06:27.472,11:06:45.792,230,80.0,0,vDcInst/idc_units/iq_shed,447.25,490.52,23.43,30.01,1.0,1.0
ring_110709.csv,11:06:51.031,11:07:09.351,230,80.0,0,vDcInst/idc_units/iq_shed,473.84,476.26,29.84,30.04,1.0,1.0
ring_110732.csv,11:07:14.606,11:07:32.926,230,80.0,0,vDcInst/idc_units/iq_shed,473.36,476.02,29.83,30.04,1.0,1.0
ring_110756.csv,11:07:38.198,11:07:56.598,231,80.0,0,vDcInst/idc_units/iq_shed,473.36,476.26,29.83,30.05,1.0,1.0
ring_110820.csv,11:08:01.709,11:08:20.109,231,80.0,0,vDcInst/idc_units/iq_shed,473.6,477.23,29.84,30.05,1.0,1.0
ring_110843.csv,11:08:25.206,11:08:43.606,231,80.0,0,vDcInst/idc_units/iq_shed,413.4,476.26,25.2,30.04,0.955,1.0
ring_110907.csv,11:08:48.828,11:09:07.228,231,80.0,0,vDcInst/idc_units/iq_shed,447.97,454.5,25.47,26.19,1.0,1.0
ring_110930.csv,11:09:12.356,11:09:30.676,230,80.0,0,vDcInst/idc_units/iq_shed,447.25,454.5,25.48,26.24,1.0,1.0
ring_110954.csv,11:09:35.979,11:09:54.379,231,80.0,0,vDcInst/idc_units/iq_shed,447.97,454.26,25.47,26.23,1.0,1.0
ring_111017.csv,11:09:59.475,11:10:17.875,231,80.0,0,vDcInst/idc_units/iq_shed,448.46,454.02,25.55,26.27,1.0,1.0
ring_111041.csv,11:10:23.066,11:10:41.466,231,80.0,0,vDcInst/idc_units/iq_shed,448.21,454.5,25.53,26.24,1.0,1.0
ring_111105.csv,11:10:46.610,11:11:05.890,242,80.0,0,vDcInst/idc_units/iq_shed,448.21,454.74,25.47,26.21,1.0,1.0
ring_111129.csv,11:11:11.320,11:11:29.640,230,80.0,0,vDcInst/idc_units/iq_shed,446.52,454.02,25.47,26.26,1.0,1.0
ring_111153.csv,11:11:34.943,11:11:53.263,230,80.0,0,vDcInst/idc_units/iq_shed,448.7,484.72,25.5,30.05,1.0,1.0
ring_111216.csv,11:11:58.583,11:12:16.903,230,80.0,0,vDcInst/idc_units/iq_shed,472.87,475.53,29.9,30.12,1.0,1.0
ring_111240.csv,11:12:22.159,11:12:40.479,230,80.0,0,vDcInst/idc_units/iq_shed,472.63,475.53,29.88,30.13,1.0,1.0
ring_111304.csv,11:12:45.702,11:13:04.582,237,80.0,0,vDcInst/idc_units/iq_shed,472.39,475.05,29.89,30.11,1.0,1.0
ring_111328.csv,11:13:10.061,11:13:28.461,231,80.0,0,vDcInst/idc_units/iq_shed,472.63,475.05,29.91,30.12,1.0,1.0
ring_111351.csv,11:13:33.604,11:13:51.924,230,80.0,0,vDcInst/idc_units/iq_shed,472.39,475.29,29.92,30.14,1.0,1.0
ring_111416.csv,11:13:57.180,11:14:16.460,242,80.0,0,vDcInst/idc_units/iq_shed,472.87,475.29,29.91,30.12,1.0,1.0
ring_111440.csv,11:14:22.210,11:14:40.610,231,80.0,0,vDcInst/idc_units/iq_shed,472.63,475.53,29.91,30.13,1.0,1.0
ring_111504.csv,11:14:45.930,11:15:04.250,230,80.0,0,vDcInst/idc_units/iq_shed,472.87,475.78,29.93,30.11,1.0,1.0
ring_111527.csv,11:15:09.505,11:15:27.825,230,80.0,0,vDcInst/idc_units/iq_shed,384.15,475.53,15.71,30.11,0.793,1.0
ring_111551.csv,11:15:33.065,11:15:51.385,230,80.0,0,vDcInst/idc_units/iq_shed,448.46,452.32,17.26,17.94,1.0,1.0
ring_111614.csv,11:15:56.592,11:16:14.832,229,80.0,0,vDcInst/idc_units/iq_shed,448.94,452.32,17.62,18.38,1.0,1.0
ring_111638.csv,11:16:20.167,11:16:38.567,231,80.0,0,vDcInst/idc_units/iq_shed,448.7,452.57,17.99,18.5,1.0,1.0
ring_111702.csv,11:16:43.695,11:17:02.015,230,80.0,0,vDcInst/idc_units/iq_shed,448.46,452.08,18.18,18.72,1.0,1.0
ring_111725.csv,11:17:07.302,11:17:25.622,230,80.0,0,vDcInst/idc_units/iq_shed,448.94,452.32,18.29,18.81,1.0,1.0
ring_111749.csv,11:17:30.878,11:17:49.198,230,80.0,0,vDcInst/idc_units/iq_shed,448.7,501.4,17.93,19.81,1.0,1.0
ring_111812.csv,11:17:54.373,11:18:12.773,231,80.0,0,vDcInst/idc_units/iq_shed,473.12,484.24,26.11,30.01,1.0,1.0
ring_111836.csv,11:18:17.982,11:18:36.462,232,80.0,0,vDcInst/idc_units/iq_shed,473.12,476.26,29.81,30.02,1.0,1.0
ring_111859.csv,11:18:41.589,11:18:59.909,230,80.0,0,vDcInst/idc_units/iq_shed,473.36,475.78,29.81,30.03,1.0,1.0
ring_111923.csv,11:19:05.180,11:19:23.500,230,80.0,0,vDcInst/idc_units/iq_shed,472.87,475.78,29.79,29.99,1.0,1.0
ring_111947.csv,11:19:28.707,11:19:47.747,239,80.0,0,vDcInst/idc_units/iq_shed,472.63,475.53,29.82,30.01,1.0,1.0
ring_112011.csv,11:19:53.194,11:20:11.514,230,80.0,0,vDcInst/idc_units/iq_shed,472.39,475.05,29.8,30.02,1.0,1.0
ring_112034.csv,11:20:16.658,11:20:34.978,230,80.0,0,vDcInst/idc_units/iq_shed,472.15,475.05,29.82,30.04,1.0,1.0
ring_112058.csv,11:20:40.217,11:20:58.697,232,80.0,0,vDcInst/idc_units/iq_shed,472.15,474.81,29.82,30.01,1.0,1.0
ring_112122.csv,11:21:04.209,11:21:22.529,230,80.0,0,vDcInst/idc_units/iq_shed,411.71,475.29,25.45,30.04,1.0,1.0
ring_112146.csv,11:21:27.784,11:21:46.184,231,80.0,0,vDcInst/idc_units/iq_shed,446.28,453.29,25.62,26.45,1.0,1.0
ring_112209.csv,11:21:51.328,11:22:09.648,230,80.0,0,vDcInst/idc_units/iq_shed,447.01,452.57,25.67,26.44,1.0,1.0
ring_112233.csv,11:22:14.840,11:22:33.240,231,80.0,0,vDcInst/idc_units/iq_shed,447.25,453.53,25.7,26.45,1.0,1.0
ring_112256.csv,11:22:38.495,11:22:56.815,230,80.0,0,vDcInst/idc_units/iq_shed,447.01,453.29,25.66,26.44,1.0,1.0
ring_112320.csv,11:23:02.023,11:23:20.343,230,80.0,0,vDcInst/idc_units/iq_shed,447.49,453.05,25.68,26.43,1.0,1.0
ring_112345.csv,11:23:25.535,11:23:45.455,250,80.0,0,vDcInst/idc_units/iq_shed,446.52,453.29,25.62,26.4,1.0,1.0
ring_112409.csv,11:23:51.190,11:24:09.590,231,80.0,0,vDcInst/idc_units/iq_shed,446.28,452.57,25.67,26.39,1.0,1.0
ring_112433.csv,11:24:14.702,11:24:33.662,238,80.0,0,vDcInst/idc_units/iq_shed,447.73,483.27,25.44,30.05,1.0,1.0
ring_112457.csv,11:24:39.238,11:24:57.558,230,80.0,0,vDcInst/idc_units/iq_shed,471.18,474.08,29.88,30.09,1.0,1.0
ring_112522.csv,11:25:03.693,11:25:22.013,230,80.0,0,vDcInst/idc_units/iq_shed,470.94,474.32,29.88,30.11,1.0,1.0
ring_112545.csv,11:25:27.509,11:25:45.829,230,80.0,0,vDcInst/idc_units/iq_shed,471.18,473.6,29.91,30.11,1.0,1.0
ring_112609.csv,11:25:51.085,11:26:09.405,230,80.0,0,vDcInst/idc_units/iq_shed,470.94,473.6,29.91,30.09,1.0,1.0
ring_112632.csv,11:26:14.645,11:26:32.965,230,80.0,0,vDcInst/idc_units/iq_shed,470.7,473.36,29.89,30.1,1.0,1.0
ring_112657.csv,11:26:38.156,11:26:57.516,243,80.0,0,vDcInst/idc_units/iq_shed,470.46,473.12,29.88,30.1,1.0,1.0
ring_112721.csv,11:27:03.412,11:27:21.732,230,80.0,0,vDcInst/idc_units/iq_shed,470.21,473.12,29.9,30.1,1.0,1.0
ring_112745.csv,11:27:26.924,11:27:45.244,230,80.0,0,vDcInst/idc_units/iq_shed,322.74,472.15,11.52,30.07,1.0,1.0
ring_112808.csv,11:27:50.595,11:28:08.915,230,80.0,0,vDcInst/idc_units/iq_shed,446.28,449.67,17.54,18.19,1.0,1.0
ring_112832.csv,11:28:14.123,11:28:32.443,230,80.0,0,vDcInst/idc_units/iq_shed,446.28,449.67,17.91,18.49,1.0,1.0
ring_112855.csv,11:28:37.667,11:28:55.987,230,80.0,0,vDcInst/idc_units/iq_shed,445.56,449.42,18.15,18.61,1.0,1.0
ring_112919.csv,11:29:01.195,11:29:19.595,231,80.0,0,vDcInst/idc_units/iq_shed,469.73,486.41,22.95,30.03,1.0,1.0
ring_112944.csv,11:29:25.891,11:29:44.131,229,80.0,0,vDcInst/idc_units/iq_shed,469.49,472.15,29.8,30.05,1.0,1.0
ring_113008.csv,11:29:49.690,11:30:08.010,230,80.0,0,vDcInst/idc_units/iq_shed,469.49,472.15,29.84,30.05,1.0,1.0
ring_113031.csv,11:30:13.154,11:30:31.474,230,80.0,0,vDcInst/idc_units/iq_shed,469.25,471.91,29.86,30.03,1.0,1.0
ring_113055.csv,11:30:36.826,11:30:55.066,229,80.0,0,vDcInst/idc_units/iq_shed,469.49,472.15,29.85,30.05,1.0,1.0
ring_113118.csv,11:31:00.322,11:31:18.642,230,80.0,0,vDcInst/idc_units/iq_shed,469.73,473.36,29.83,30.05,1.0,1.0
ring_113142.csv,11:31:23.899,11:31:42.219,230,80.0,0,vDcInst/idc_units/iq_shed,469.73,472.63,29.84,30.03,1.0,1.0
trip_113205.csv,,,215,80.0,1,vDcInst/idc_units/iq_shed,407.36,472.39,28.88,30.17,1.0,1.0
ring_113228.csv,11:32:10.665,11:32:28.985,230,80.0,0,vDcInst/idc_units/iq_shed,465.86,467.31,0.6,0.62,1.0,1.0
ring_113252.csv,11:32:34.193,11:32:52.513,230,80.0,0,vDcInst/idc_units/iq_shed,467.56,468.52,0.6,0.62,1.0,1.0
ring_113316.csv,11:32:57.833,11:33:16.153,230,80.0,0,vDcInst/idc_units/iq_shed,468.76,469.49,0.6,0.62,1.0,1.0
ring_113339.csv,11:33:21.425,11:33:39.745,230,80.0,0,vDcInst/idc_units/iq_shed,469.49,522.19,0.59,2.97,1.0,1.0
ring_113403.csv,11:33:45.017,11:34:03.337,230,80.0,0,vDcInst/idc_units/iq_shed,521.71,522.19,0.59,0.61,1.0,1.0
ring_113426.csv,11:34:08.577,11:34:26.897,230,80.0,0,vDcInst/idc_units/iq_shed,521.23,521.95,0.58,0.6,1.0,1.0
ring_113450.csv,11:34:32.121,11:34:50.441,230,80.0,0,vDcInst/idc_units/iq_shed,520.74,521.47,0.57,0.59,1.0,1.0
ring_113513.csv,11:34:55.697,11:35:13.937,229,80.0,0,vDcInst/idc_units/iq_shed,520.26,520.98,0.56,0.58,1.0,1.0
ring_113537.csv,11:35:19.289,11:35:37.689,231,80.0,0,vDcInst/idc_units/iq_shed,520.02,520.5,0.54,0.56,1.0,1.0
ring_113601.csv,11:35:42.832,11:36:01.152,230,80.0,0,vDcInst/idc_units/iq_shed,519.53,520.02,0.53,0.55,1.0,1.0
ring_113624.csv,11:36:06.393,11:36:24.793,231,80.0,0,vDcInst/idc_units/iq_shed,518.81,519.53,0.51,0.54,1.0,1.0
ring_113648.csv,11:36:29.920,11:36:48.400,232,80.0,0,vDcInst/idc_units/iq_shed,516.87,520.02,0.5,2.36,1.0,1.0
ring_113712.csv,11:36:54.615,11:37:12.935,230,80.0,0,vDcInst/idc_units/iq_shed,517.6,518.81,1.82,2.3,1.0,1.0
ring_113737.csv,11:37:18.336,11:37:37.776,244,80.0,0,vDcInst/idc_units/iq_shed,516.39,518.57,2.06,2.74,1.0,1.0
ring_113801.csv,11:37:43.479,11:38:01.799,230,80.0,0,vDcInst/idc_units/iq_shed,514.21,517.12,2.96,4.1,1.0,1.0
ring_113825.csv,11:38:07.039,11:38:25.359,230,80.0,0,vDcInst/idc_units/iq_shed,508.9,514.94,4.43,8.01,1.0,1.0
ring_113848.csv,11:38:30.599,11:38:48.919,230,80.0,0,vDcInst/idc_units/iq_shed,501.4,508.41,8.77,12.62,1.0,1.0
ring_113912.csv,11:38:54.239,11:39:12.479,229,80.0,0,vDcInst/idc_units/iq_shed,488.59,500.92,13.87,20.04,1.0,1.0
ring_113936.csv,11:39:17.831,11:39:36.151,230,80.0,0,vDcInst/idc_units/iq_shed,468.28,486.65,21.83,29.68,1.0,1.0
ring_114001.csv,11:39:41.438,11:40:01.838,256,80.0,0,vDcInst/idc_units/iq_shed,464.65,470.46,29.37,29.86,1.0,1.0
ring_114025.csv,11:40:07.415,11:40:25.735,230,80.0,0,vDcInst/idc_units/iq_shed,468.04,471.67,29.65,29.85,1.0,1.0
ring_114050.csv,11:40:30.910,11:40:50.270,243,80.0,0,vDcInst/idc_units/iq_shed,469.49,472.15,29.66,29.9,1.0,1.0
ring_114114.csv,11:40:56.005,11:41:14.405,231,80.0,0,vDcInst/idc_units/iq_shed,469.97,473.6,29.66,29.85,1.0,1.0
ring_114137.csv,11:41:19.646,11:41:37.966,230,80.0,0,vDcInst/idc_units/iq_shed,471.18,475.29,29.65,29.9,1.0,1.0
ring_114201.csv,11:41:43.189,11:42:01.509,230,80.0,0,vDcInst/idc_units/iq_shed,472.63,476.02,29.67,29.86,1.0,1.0
ring_114226.csv,11:42:07.773,11:42:26.093,230,80.0,0,vDcInst/idc_units/iq_shed,473.84,476.5,29.67,29.88,1.0,1.0
ring_114250.csv,11:42:31.621,11:42:50.021,231,80.0,0,vDcInst/idc_units/iq_shed,474.08,476.74,29.7,29.9,1.0,1.0
ring_114314.csv,11:42:55.181,11:43:14.461,242,80.0,0,vDcInst/idc_units/iq_shed,474.57,477.23,29.71,29.96,1.0,1.0
ring_114338.csv,11:43:20.293,11:43:38.613,230,80.0,0,vDcInst/idc_units/iq_shed,474.81,477.71,29.73,29.92,1.0,1.0
ring_114403.csv,11:43:43.981,11:44:03.421,244,80.0,0,vDcInst/idc_units/iq_shed,475.05,478.19,29.73,29.94,1.0,1.0
ring_114427.csv,11:44:09.076,11:44:27.396,230,80.0,0,vDcInst/idc_units/iq_shed,475.05,477.95,29.72,29.93,1.0,1.0
ring_114451.csv,11:44:32.749,11:44:51.069,230,80.0,0,vDcInst/idc_units/iq_shed,324.68,478.19,13.94,29.94,0.401,1.0
ring_114514.csv,11:44:56.324,11:45:14.724,231,80.0,0,vDcInst/idc_units/iq_shed,451.36,458.37,3.84,5.12,1.0,1.0
ring_114539.csv,11:45:20.925,11:45:39.245,230,80.0,0,vDcInst/idc_units/iq_shed,451.6,454.74,5.04,5.39,1.0,1.0
ring_114603.csv,11:45:45.189,11:46:03.589,231,80.0,0,vDcInst/idc_units/iq_shed,451.12,454.5,5.25,5.69,1.0,1.0
ring_114627.csv,11:46:08.972,11:46:27.292,230,80.0,0,vDcInst/idc_units/iq_shed,451.6,519.05,5.27,26.37,1.0,1.0
ring_114650.csv,11:46:32.662,11:46:50.982,230,80.0,0,vDcInst/idc_units/iq_shed,475.78,479.4,28.69,29.92,1.0,1.0
ring_114714.csv,11:46:56.221,11:47:14.621,231,80.0,0,vDcInst/idc_units/iq_shed,475.78,478.92,29.73,29.96,1.0,1.0
ring_114738.csv,11:47:19.797,11:47:38.037,229,80.0,0,vDcInst/idc_units/iq_shed,476.5,479.16,29.75,29.96,1.0,1.0
ring_114804.csv,11:47:43.980,11:48:04.380,256,80.0,0,vDcInst/idc_units/iq_shed,476.5,480.13,29.74,29.98,1.0,1.0
ring_114828.csv,11:48:10.277,11:48:28.597,230,80.0,0,vDcInst/idc_units/iq_shed,476.98,480.13,29.76,29.97,1.0,1.0
ring_114852.csv,11:48:34.283,11:48:52.603,230,80.0,0,vDcInst/idc_units/iq_shed,477.71,480.61,29.74,30.02,1.0,1.0
ring_114917.csv,11:48:57.780,11:49:17.220,244,80.0,0,vDcInst/idc_units/iq_shed,477.95,481.58,29.59,30.04,1.0,1.0
ring_114941.csv,11:49:22.891,11:49:41.211,230,80.0,0,vDcInst/idc_units/iq_shed,478.19,481.09,29.54,30.03,1.0,1.0
ring_115004.csv,11:49:46.547,11:50:04.947,231,80.0,0,vDcInst/idc_units/iq_shed,478.68,481.34,29.78,30.02,1.0,1.0
ring_115028.csv,11:50:10.043,11:50:28.443,231,80.0,0,vDcInst/idc_units/iq_shed,478.68,482.3,29.46,30.0,1.0,1.0
ring_115052.csv,11:50:33.684,11:50:52.004,230,80.0,0,vDcInst/idc_units/iq_shed,478.68,481.82,29.78,30.02,1.0,1.0
ring_115115.csv,11:50:57.261,11:51:15.661,231,80.0,0,vDcInst/idc_units/iq_shed,478.43,481.82,29.78,30.02,1.0,1.0
ring_115139.csv,11:51:20.805,11:51:39.205,231,80.0,0,vDcInst/idc_units/iq_shed,479.16,482.79,29.32,30.02,1.0,1.0
ring_115202.csv,11:51:44.412,11:52:02.812,231,80.0,0,vDcInst/idc_units/iq_shed,479.4,482.79,29.31,30.04,1.0,1.0
ring_115227.csv,11:52:08.996,11:52:27.396,231,80.0,0,vDcInst/idc_units/iq_shed,479.89,482.54,29.75,30.03,1.0,1.0
ring_115251.csv,11:52:32.876,11:52:51.356,232,80.0,0,vDcInst/idc_units/iq_shed,480.13,482.79,29.77,30.04,1.0,1.0
ring_115315.csv,11:52:56.883,11:53:15.123,229,80.0,0,vDcInst/idc_units/iq_shed,480.61,483.03,29.76,30.04,1.0,1.0
ring_115338.csv,11:53:20.347,11:53:38.747,231,80.0,0,vDcInst/idc_units/iq_shed,480.61,483.03,29.77,30.03,1.0,1.0
ring_115402.csv,11:53:43.940,11:54:02.340,231,80.0,0,vDcInst/idc_units/iq_shed,479.89,483.27,29.78,30.05,1.0,1.0
ring_115425.csv,11:54:07.484,11:54:25.884,231,80.0,0,vDcInst/idc_units/iq_shed,480.37,484.0,29.77,30.06,1.0,1.0
ring_115449.csv,11:54:31.125,11:54:49.525,231,80.0,0,vDcInst/idc_units/iq_shed,480.13,483.03,29.8,30.07,1.0,1.0
ring_115513.csv,11:54:54.685,11:55:13.005,230,80.0,0,vDcInst/idc_units/iq_shed,479.64,482.79,29.78,30.08,1.0,1.0
ring_115536.csv,11:55:18.293,11:55:36.693,231,80.0,0,vDcInst/idc_units/iq_shed,479.4,482.3,29.62,30.06,1.0,1.0
ring_115600.csv,11:55:41.804,11:56:00.204,231,80.0,0,vDcInst/idc_units/iq_shed,479.4,483.03,29.27,30.08,1.0,1.0
ring_115625.csv,11:56:06.516,11:56:25.876,243,80.0,0,vDcInst/idc_units/iq_shed,479.4,482.54,29.83,30.1,1.0,1.0
ring_115649.csv,11:56:31.340,11:56:49.740,231,80.0,0,vDcInst/idc_units/iq_shed,479.4,482.3,29.83,30.09,1.0,1.0
ring_115713.csv,11:56:55.076,11:57:13.396,230,80.0,0,vDcInst/idc_units/iq_shed,479.64,482.06,29.84,30.08,1.0,1.0
ring_115737.csv,11:57:18.654,11:57:37.134,232,80.0,0,vDcInst/idc_units/iq_shed,479.4,482.3,29.79,30.09,1.0,1.0
ring_115800.csv,11:57:42.678,11:58:00.998,230,80.0,0,vDcInst/idc_units/iq_shed,479.64,482.3,29.81,30.1,1.0,1.0
ring_115824.csv,11:58:06.285,11:58:24.605,230,80.0,0,vDcInst/idc_units/iq_shed,479.89,482.79,29.82,30.11,1.0,1.0
ring_115848.csv,11:58:29.734,11:58:48.134,231,80.0,0,vDcInst/idc_units/iq_shed,479.64,483.03,29.79,30.12,1.0,1.0
ring_115911.csv,11:58:53.375,11:59:11.855,232,80.0,0,vDcInst/idc_units/iq_shed,479.64,482.3,29.82,30.1,1.0,1.0
ring_115935.csv,11:59:16.997,11:59:35.317,230,80.0,0,vDcInst/idc_units/iq_shed,479.4,482.06,29.81,30.12,1.0,1.0
ring_115958.csv,11:59:40.590,11:59:58.990,231,80.0,0,vDcInst/idc_units/iq_shed,478.92,481.58,29.84,30.09,1.0,1.0
ring_120022.csv,12:00:04.151,12:00:22.471,230,80.0,0,vDcInst/idc_units/iq_shed,479.16,482.06,29.85,30.08,1.0,1.0
ring_120046.csv,12:00:27.696,12:00:46.096,231,80.0,0,vDcInst/idc_units/iq_shed,478.92,481.82,29.86,30.1,1.0,1.0
ring_120109.csv,12:00:51.367,12:01:09.687,230,80.0,0,vDcInst/idc_units/iq_shed,478.92,482.06,29.83,30.1,1.0,1.0
ring_120133.csv,12:01:14.976,12:01:33.296,230,80.0,0,vDcInst/idc_units/iq_shed,479.64,482.54,29.83,30.1,1.0,1.0
ring_120156.csv,12:01:38.423,12:01:56.903,232,80.0,0,vDcInst/idc_units/iq_shed,326.13,483.03,14.14,30.12,0.399,1.0
ring_120220.csv,12:02:02.111,12:02:20.431,230,80.0,0,vDcInst/idc_units/iq_shed,455.71,460.06,4.45,5.44,1.0,1.0
ring_120245.csv,12:02:26.744,12:02:45.064,230,80.0,0,vDcInst/idc_units/iq_shed,455.47,459.09,5.3,5.72,1.0,1.0
ring_120308.csv,12:02:50.464,12:03:08.864,231,80.0,0,vDcInst/idc_units/iq_shed,454.98,459.34,5.57,5.94,1.0,1.0
ring_120332.csv,12:03:13.992,12:03:32.392,231,80.0,0,vDcInst/idc_units/iq_shed,454.74,524.13,5.42,26.47,1.0,1.0
ring_120356.csv,12:03:37.648,12:03:56.048,231,80.0,0,vDcInst/idc_units/iq_shed,479.89,494.87,23.93,30.09,1.0,1.0
ring_120419.csv,12:04:01.194,12:04:19.514,230,80.0,0,vDcInst/idc_units/iq_shed,479.64,482.54,29.85,30.13,1.0,1.0
ring_120443.csv,12:04:25.265,12:04:43.665,231,80.0,0,vDcInst/idc_units/iq_shed,479.89,482.54,29.85,30.11,1.0,1.0
ring_120507.csv,12:04:48.793,12:05:07.273,232,80.0,0,vDcInst/idc_units/iq_shed,479.89,482.54,29.81,30.11,1.0,1.0
ring_120531.csv,12:05:12.881,12:05:31.281,231,80.0,0,vDcInst/idc_units/iq_shed,480.13,482.79,29.82,30.12,1.0,1.0
ring_120555.csv,12:05:36.761,12:05:55.161,231,80.0,0,vDcInst/idc_units/iq_shed,480.37,483.03,29.83,30.09,1.0,1.0
ring_120618.csv,12:06:00.290,12:06:18.690,231,80.0,0,vDcInst/idc_units/iq_shed,480.13,483.03,29.85,30.08,1.0,1.0
ring_120642.csv,12:06:23.898,12:06:42.298,231,80.0,0,vDcInst/idc_units/iq_shed,480.37,483.03,29.8,30.09,1.0,1.0
ring_120706.csv,12:06:48.114,12:07:06.514,231,80.0,0,vDcInst/idc_units/iq_shed,480.61,483.27,29.85,30.09,1.0,1.0
ring_120730.csv,12:07:11.930,12:07:30.410,232,80.0,0,vDcInst/idc_units/iq_shed,480.85,483.51,29.83,30.1,1.0,1.0
ring_120754.csv,12:07:35.954,12:07:54.354,231,80.0,0,vDcInst/idc_units/iq_shed,480.37,483.27,29.81,30.1,1.0,1.0
ring_120817.csv,12:07:59.547,12:08:17.867,230,80.0,0,vDcInst/idc_units/iq_shed,480.61,483.27,29.82,30.07,1.0,1.0
ring_120841.csv,12:08:23.011,12:08:41.491,232,80.0,0,vDcInst/idc_units/iq_shed,480.13,483.75,29.82,30.08,1.0,1.0
ring_120905.csv,12:08:46.683,12:09:05.083,231,80.0,0,vDcInst/idc_units/iq_shed,474.08,475.53,0.66,0.69,1.0,1.0
ring_120928.csv,12:09:10.227,12:09:28.707,232,80.0,0,vDcInst/idc_units/iq_shed,475.78,476.5,0.65,0.67,1.0,1.0
ring_120952.csv,12:09:34.251,12:09:52.571,230,80.0,0,vDcInst/idc_units/iq_shed,476.5,477.23,0.64,0.66,1.0,1.0
ring_121016.csv,12:09:57.827,12:10:16.147,230,80.0,0,vDcInst/idc_units/iq_shed,476.98,529.93,0.63,3.05,1.0,1.0
ring_121039.csv,12:10:21.403,12:10:39.883,232,80.0,0,vDcInst/idc_units/iq_shed,528.96,529.69,0.63,0.65,1.0,1.0
ring_121103.csv,12:10:45.348,12:11:03.748,231,80.0,0,vDcInst/idc_units/iq_shed,526.54,529.93,0.62,2.81,1.0,1.0
ring_121127.csv,12:11:08.860,12:11:27.340,232,80.0,0,vDcInst/idc_units/iq_shed,525.34,527.75,1.93,2.41,1.0,1.0
ring_121150.csv,12:11:32.484,12:11:50.804,230,80.0,0,vDcInst/idc_units/iq_shed,523.16,526.06,2.42,3.24,1.0,1.0
ring_121214.csv,12:11:56.029,12:12:14.349,230,80.0,0,vDcInst/idc_units/iq_shed,519.53,523.4,3.47,4.81,1.0,1.0
ring_121238.csv,12:12:19.589,12:12:38.069,232,80.0,0,vDcInst/idc_units/iq_shed,511.8,520.26,5.17,9.38,1.0,1.0
ring_121301.csv,12:12:43.293,12:13:01.613,230,80.0,0,vDcInst/idc_units/iq_shed,502.13,511.8,10.27,14.71,1.0,1.0
ring_121325.csv,12:13:06.773,12:13:25.173,231,80.0,0,vDcInst/idc_units/iq_shed,486.9,500.19,16.2,22.88,1.0,1.0
ring_121348.csv,12:13:30.366,12:13:48.686,230,80.0,0,vDcInst/idc_units/iq_shed,470.46,483.27,24.83,29.92,1.0,1.0
ring_121412.csv,12:13:53.941,12:14:12.181,229,80.0,0,vDcInst/idc_units/iq_shed,470.46,473.36,29.74,29.91,1.0,1.0
ring_121435.csv,12:14:17.486,12:14:35.886,231,80.0,0,vDcInst/idc_units/iq_shed,469.97,472.63,29.7,29.93,1.0,1.0
ring_121459.csv,12:14:41.015,12:14:59.415,231,80.0,0,vDcInst/idc_units/iq_shed,469.73,472.87,29.71,29.93,1.0,1.0
ring_121522.csv,12:15:04.623,12:15:22.943,230,80.0,0,vDcInst/idc_units/iq_shed,469.73,472.39,29.7,29.95,1.0,1.0
ring_121546.csv,12:15:28.199,12:15:46.599,231,80.0,0,vDcInst/idc_units/iq_shed,469.49,472.39,29.7,29.96,1.0,1.0
ring_121610.csv,12:15:51.761,12:16:10.081,230,80.0,0,vDcInst/idc_units/iq_shed,469.97,472.87,29.7,29.94,1.0,1.0
ring_121633.csv,12:16:15.305,12:16:33.785,232,80.0,0,vDcInst/idc_units/iq_shed,470.46,474.32,29.72,29.89,1.0,1.0
ring_121657.csv,12:16:38.976,12:16:57.296,230,80.0,0,vDcInst/idc_units/iq_shed,470.7,473.6,29.72,29.89,1.0,1.0
ring_121720.csv,12:17:02.505,12:17:20.825,230,80.0,0,vDcInst/idc_units/iq_shed,470.94,473.84,29.72,29.95,1.0,1.0
ring_121744.csv,12:17:26.112,12:17:44.432,230,80.0,0,vDcInst/idc_units/iq_shed,471.67,474.57,29.73,29.92,1.0,1.0
ring_121808.csv,12:17:49.640,12:18:08.040,231,80.0,0,vDcInst/idc_units/iq_shed,471.67,475.29,29.74,29.93,1.0,1.0
ring_121832.csv,12:18:13.745,12:18:32.065,230,80.0,0,vDcInst/idc_units/iq_shed,472.15,475.29,29.71,29.95,1.0,1.0
ring_121855.csv,12:18:37.177,12:18:55.737,233,80.0,0,vDcInst/idc_units/iq_shed,329.51,475.78,12.32,29.96,0.384,1.0
ring_121919.csv,12:19:01.201,12:19:19.601,231,80.0,0,vDcInst/idc_units/iq_shed,448.94,452.32,4.88,5.37,1.0,1.0
ring_121943.csv,12:19:24.745,12:19:43.225,232,80.0,0,vDcInst/idc_units/iq_shed,448.46,452.32,5.24,5.68,1.0,1.0
ring_122007.csv,12:19:48.706,12:20:07.026,230,80.0,0,vDcInst/idc_units/iq_shed,448.21,452.32,5.55,6.03,1.0,1.0
ring_122030.csv,12:20:12.267,12:20:30.587,230,80.0,0,vDcInst/idc_units/iq_shed,448.7,517.12,5.54,26.52,1.0,1.0
ring_122054.csv,12:20:35.826,12:20:54.226,231,80.0,0,vDcInst/idc_units/iq_shed,473.12,477.23,28.88,29.95,1.0,1.0
ring_122117.csv,12:20:59.354,12:21:17.674,230,80.0,0,vDcInst/idc_units/iq_shed,473.6,476.26,29.72,29.97,1.0,1.0
ring_122143.csv,12:21:25.089,12:21:43.329,229,80.0,0,vDcInst/idc_units/iq_shed,473.84,476.98,29.73,29.94,1.0,1.0
ring_122206.csv,12:21:48.538,12:22:06.858,230,80.0,0,vDcInst/idc_units/iq_shed,474.08,477.47,29.74,29.97,1.0,1.0
ring_122230.csv,12:22:12.082,12:22:30.402,230,80.0,0,vDcInst/idc_units/iq_shed,475.29,478.19,29.73,29.95,1.0,1.0
ring_122254.csv,12:22:35.706,12:22:54.106,231,80.0,0,vDcInst/idc_units/iq_shed,475.53,478.19,29.78,29.96,1.0,1.0
ring_122318.csv,12:22:59.235,12:23:18.595,243,80.0,0,vDcInst/idc_units/iq_shed,475.53,478.43,29.76,29.94,1.0,1.0
ring_122342.csv,12:23:24.410,12:23:42.730,230,80.0,0,vDcInst/idc_units/iq_shed,475.78,478.43,29.71,29.96,1.0,1.0
ring_122406.csv,12:23:48.082,12:24:06.482,231,80.0,0,vDcInst/idc_units/iq_shed,475.78,478.19,29.76,29.94,1.0,1.0
ring_122429.csv,12:24:11.610,12:24:29.930,230,80.0,0,vDcInst/idc_units/iq_shed,475.29,478.43,29.74,29.98,1.0,1.0
ring_122454.csv,12:24:35.154,12:24:54.594,244,80.0,0,vDcInst/idc_units/iq_shed,475.05,477.95,29.77,29.97,1.0,1.0
ring_122518.csv,12:25:00.394,12:25:18.714,230,80.0,0,vDcInst/idc_units/iq_shed,475.29,477.95,29.76,29.97,1.0,1.0
trip_122542.csv,,,196,80.0,1,vDcInst/idc_units/iq_shed,410.5,477.71,28.92,29.98,1.0,1.0
ring_122605.csv,12:25:47.051,12:26:05.451,231,80.0,0,vDcInst/idc_units/iq_shed,469.49,470.7,0.6,0.62,1.0,1.0
ring_122629.csv,12:26:10.691,12:26:29.011,230,80.0,0,vDcInst/idc_units/iq_shed,470.7,471.91,0.59,0.62,1.0,1.0
ring_122652.csv,12:26:34.219,12:26:52.539,230,80.0,0,vDcInst/idc_units/iq_shed,472.15,473.36,0.59,0.61,1.0,1.0
ring_122716.csv,12:26:57.812,12:27:16.212,231,80.0,0,vDcInst/idc_units/iq_shed,473.36,528.0,0.58,3.06,1.0,1.0
ring_122739.csv,12:27:21.309,12:27:39.869,233,80.0,0,vDcInst/idc_units/iq_shed,527.51,528.48,0.59,0.61,1.0,1.0
ring_122803.csv,12:27:45.429,12:28:03.909,232,80.0,0,vDcInst/idc_units/iq_shed,525.58,528.96,0.58,2.38,1.0,1.0
ring_122827.csv,12:28:09.326,12:28:27.726,231,80.0,0,vDcInst/idc_units/iq_shed,525.09,526.79,1.92,2.41,1.0,1.0
ring_122851.csv,12:28:32.901,12:28:51.221,230,80.0,0,vDcInst/idc_units/iq_shed,523.16,525.82,2.41,3.23,1.0,1.0
ring_122915.csv,12:28:56.445,12:29:15.805,243,80.0,0,vDcInst/idc_units/iq_shed,519.53,522.92,3.45,4.84,1.0,1.0
ring_122939.csv,12:29:21.540,12:29:39.860,230,80.0,0,vDcInst/idc_units/iq_shed,511.56,519.53,5.29,9.71,1.0,1.0
ring_123003.csv,12:29:45.165,12:30:03.565,231,80.0,0,vDcInst/idc_units/iq_shed,501.89,510.59,10.64,15.25,1.0,1.0
ring_123028.csv,12:30:09.829,12:30:28.229,231,80.0,0,vDcInst/idc_units/iq_shed,485.2,499.71,17.27,24.0,1.0,1.0
ring_123051.csv,12:30:33.517,12:30:51.837,230,80.0,0,vDcInst/idc_units/iq_shed,472.15,481.82,26.29,29.9,1.0,1.0
ring_123116.csv,12:30:57.189,12:31:16.469,242,80.0,0,vDcInst/idc_units/iq_shed,472.87,476.02,29.68,29.91,1.0,1.0
ring_123140.csv,12:31:22.173,12:31:40.493,230,80.0,0,vDcInst/idc_units/iq_shed,473.6,476.26,29.65,29.87,1.0,1.0
ring_123204.csv,12:31:45.910,12:32:04.230,230,80.0,0,vDcInst/idc_units/iq_shed,474.32,477.23,29.67,29.84,1.0,1.0
ring_123228.csv,12:32:09.453,12:32:28.333,237,80.0,0,vDcInst/idc_units/iq_shed,474.81,477.95,29.68,29.84,1.0,1.0
ring_123252.csv,12:32:33.973,12:32:52.613,234,80.0,0,vDcInst/idc_units/iq_shed,475.53,478.43,29.67,29.89,1.0,1.0
ring_123317.csv,12:32:57.806,12:33:17.166,243,80.0,0,vDcInst/idc_units/iq_shed,476.26,479.16,29.65,29.91,1.0,1.0
ring_123341.csv,12:33:22.884,12:33:41.284,231,80.0,0,vDcInst/idc_units/iq_shed,476.98,479.64,29.65,29.89,1.0,1.0
ring_123404.csv,12:33:46.525,12:34:04.845,230,80.0,0,vDcInst/idc_units/iq_shed,477.47,480.37,29.68,29.92,1.0,1.0
ring_123428.csv,12:34:10.101,12:34:28.421,230,80.0,0,vDcInst/idc_units/iq_shed,477.71,480.61,29.63,29.93,1.0,1.0
ring_123452.csv,12:34:33.629,12:34:52.029,231,80.0,0,vDcInst/idc_units/iq_shed,477.95,480.61,29.6,29.97,1.0,1.0
ring_123515.csv,12:34:57.269,12:35:15.589,230,80.0,0,vDcInst/idc_units/iq_shed,477.71,480.85,29.7,29.97,1.0,1.0
ring_123539.csv,12:35:20.797,12:35:39.117,230,80.0,0,vDcInst/idc_units/iq_shed,477.71,480.85,29.7,29.98,1.0,1.0
ring_123603.csv,12:35:44.373,12:36:03.813,244,80.0,0,vDcInst/idc_units/iq_shed,478.19,481.82,29.53,29.98,1.0,1.0
ring_123627.csv,12:36:09.471,12:36:27.791,230,80.0,0,vDcInst/idc_units/iq_shed,478.68,481.58,29.68,29.96,1.0,1.0
ring_123651.csv,12:36:33.157,12:36:51.477,230,80.0,0,vDcInst/idc_units/iq_shed,478.68,481.58,29.73,30.02,1.0,1.0
ring_123716.csv,12:36:57.229,12:37:16.669,244,80.0,0,vDcInst/idc_units/iq_shed,479.64,482.06,29.68,29.93,1.0,1.0
ring_123740.csv,12:37:22.213,12:37:40.533,230,80.0,0,vDcInst/idc_units/iq_shed,389.23,481.82,15.77,29.94,0.79,1.0
ring_123805.csv,12:37:45.853,12:38:05.293,244,80.0,0,vDcInst/idc_units/iq_shed,455.47,458.85,17.05,17.64,1.0,1.0
ring_123829.csv,12:38:10.981,12:38:29.301,230,80.0,0,vDcInst/idc_units/iq_shed,454.98,458.61,17.29,17.82,1.0,1.0
ring_123853.csv,12:38:34.622,12:38:53.022,231,80.0,0,vDcInst/idc_units/iq_shed,366.74,458.61,5.07,12.68,0.574,1.0
ring_123916.csv,12:38:58.198,12:39:16.518,230,80.0,0,vDcInst/idc_units/iq_shed,453.78,459.34,5.01,5.51,1.0,1.0
ring_123940.csv,12:39:21.743,12:39:40.063,230,80.0,0,vDcInst/idc_units/iq_shed,454.74,492.21,5.09,17.74,1.0,1.0
ring_124003.csv,12:39:45.287,12:40:03.687,231,80.0,0,vDcInst/idc_units/iq_shed,454.98,458.85,17.32,17.83,1.0,1.0
ring_124027.csv,12:40:08.783,12:40:27.103,230,80.0,0,vDcInst/idc_units/iq_shed,454.98,458.85,17.21,17.7,1.0,1.0
ring_124050.csv,12:40:32.455,12:40:50.775,230,80.0,0,vDcInst/idc_units/iq_shed,454.98,458.61,17.18,17.64,1.0,1.0
ring_124115.csv,12:40:56.031,12:41:15.471,244,80.0,0,vDcInst/idc_units/iq_shed,455.23,458.61,17.19,17.67,1.0,1.0
ring_124139.csv,12:41:21.112,12:41:39.512,231,80.0,0,vDcInst/idc_units/iq_shed,455.47,507.45,16.47,29.43,1.0,1.0
ring_124203.csv,12:41:44.735,12:42:03.135,231,80.0,0,vDcInst/idc_units/iq_shed,477.47,480.37,29.71,29.94,1.0,1.0
ring_124226.csv,12:42:08.264,12:42:26.744,232,80.0,0,vDcInst/idc_units/iq_shed,477.23,480.61,29.67,29.97,1.0,1.0
ring_124250.csv,12:42:31.936,12:42:50.176,229,80.0,0,vDcInst/idc_units/iq_shed,477.47,480.37,29.67,29.97,1.0,1.0
ring_124313.csv,12:42:55.368,12:43:13.768,231,80.0,0,vDcInst/idc_units/iq_shed,477.23,480.13,29.67,29.97,1.0,1.0
ring_124337.csv,12:43:18.992,12:43:37.312,230,80.0,0,vDcInst/idc_units/iq_shed,476.5,479.89,29.71,29.97,1.0,1.0
ring_124401.csv,12:43:42.536,12:44:01.896,243,80.0,0,vDcInst/idc_units/iq_shed,476.26,478.92,29.69,29.95,1.0,1.0
ring_124426.csv,12:44:07.680,12:44:26.000,230,80.0,0,vDcInst/idc_units/iq_shed,476.02,478.68,29.72,29.92,1.0,1.0
ring_124450.csv,12:44:32.328,12:44:50.648,230,80.0,0,vDcInst/idc_units/iq_shed,475.29,478.19,29.68,29.91,1.0,1.0
ring_124514.csv,12:44:56.064,12:45:14.384,230,80.0,0,vDcInst/idc_units/iq_shed,475.29,478.19,29.69,29.94,1.0,1.0
ring_124538.csv,12:45:19.705,12:45:38.025,230,80.0,0,vDcInst/idc_units/iq_shed,384.39,478.19,22.36,29.9,1.0,1.0
ring_124601.csv,12:45:43.265,12:46:01.505,229,80.0,0,vDcInst/idc_units/iq_shed,449.42,456.19,25.24,25.99,1.0,1.0
ring_124625.csv,12:46:06.857,12:46:25.177,230,80.0,0,vDcInst/idc_units/iq_shed,449.42,487.62,25.08,26.85,1.0,1.0
ring_124648.csv,12:46:30.418,12:46:48.738,230,80.0,0,vDcInst/idc_units/iq_shed,475.05,479.16,28.98,30.03,1.0,1.0
ring_124712.csv,12:46:54.010,12:47:12.250,229,80.0,0,vDcInst/idc_units/iq_shed,475.78,478.68,29.84,30.09,1.0,1.0
ring_124735.csv,12:47:17.458,12:47:35.778,230,80.0,0,vDcInst/idc_units/iq_shed,475.05,477.95,29.83,30.09,1.0,1.0
ring_124759.csv,12:47:41.067,12:47:59.387,230,80.0,0,vDcInst/idc_units/iq_shed,475.29,478.19,29.86,30.04,1.0,1.0
ring_124822.csv,12:48:04.659,12:48:22.979,230,80.0,0,vDcInst/idc_units/iq_shed,475.29,477.95,29.84,30.06,1.0,1.0
ring_124846.csv,12:48:28.187,12:48:46.507,230,80.0,0,vDcInst/idc_units/iq_shed,474.81,477.71,29.88,30.09,1.0,1.0
ring_124909.csv,12:48:51.748,12:49:09.988,229,80.0,0,vDcInst/idc_units/iq_shed,296.87,477.95,22.66,30.08,1.0,1.0
ring_124933.csv,12:49:15.356,12:49:33.676,230,80.0,0,vDcInst/idc_units/iq_shed,450.39,469.01,12.07,17.34,1.0,1.0
ring_124957.csv,12:49:38.933,12:49:57.173,229,80.0,0,vDcInst/idc_units/iq_shed,450.39,454.02,17.03,17.5,1.0,1.0
trip_125020.csv,,,102,80.0,1,vDcInst/idc_units/iq_shed,209.84,454.02,13.09,17.61,1.0,1.0
ring_125042.csv,12:50:24.006,12:50:42.406,231,80.0,0,vDcInst/idc_units/iq_shed,465.62,469.01,2.04,2.58,1.0,1.0
ring_125105.csv,12:50:47.614,12:51:05.934,230,80.0,0,vDcInst/idc_units/iq_shed,463.93,468.28,2.28,2.95,1.0,1.0
ring_125129.csv,12:51:11.190,12:51:29.510,230,80.0,0,vDcInst/idc_units/iq_shed,462.0,491.73,3.16,4.01,1.0,1.0
ring_125153.csv,12:51:34.783,12:51:53.663,237,80.0,0,vDcInst/idc_units/iq_shed,484.72,489.56,4.33,6.02,1.0,1.0
ring_125217.csv,12:51:59.192,12:52:17.592,231,80.0,0,vDcInst/idc_units/iq_shed,469.01,481.34,7.79,12.19,1.0,1.0
ring_125241.csv,12:52:22.735,12:52:41.135,231,80.0,0,vDcInst/idc_units/iq_shed,443.14,466.83,13.5,19.66,1.0,1.0
ring_125304.csv,12:52:46.312,12:53:04.712,231,80.0,0,vDcInst/idc_units/iq_shed,430.57,438.79,20.92,22.04,1.0,1.0
ring_125329.csv,12:53:09.888,12:53:29.248,243,80.0,0,vDcInst/idc_units/iq_shed,479.16,497.05,19.41,27.02,1.0,1.0
ring_125353.csv,12:53:34.888,12:53:53.288,231,80.0,0,vDcInst/idc_units/iq_shed,471.42,474.32,29.44,29.95,1.0,1.0
ring_125417.csv,12:53:58.592,12:54:17.072,232,80.0,0,vDcInst/idc_units/iq_shed,471.18,473.84,29.71,29.92,1.0,1.0
ring_125441.csv,12:54:22.648,12:54:41.048,231,80.0,0,vDcInst/idc_units/iq_shed,470.46,473.36,29.72,29.91,1.0,1.0
ring_125504.csv,12:54:46.560,12:55:04.960,231,80.0,0,vDcInst/idc_units/iq_shed,469.97,473.36,29.75,29.94,1.0,1.0
ring_125528.csv,12:55:10.105,12:55:28.505,231,80.0,0,vDcInst/idc_units/iq_shed,470.21,473.36,29.74,29.95,1.0,1.0
ring_125552.csv,12:55:33.634,12:55:52.034,231,80.0,0,vDcInst/idc_units/iq_shed,469.97,473.36,29.73,29.93,1.0,1.0
ring_125615.csv,12:55:57.162,12:56:15.482,230,80.0,0,vDcInst/idc_units/iq_shed,469.97,473.12,29.72,29.92,1.0,1.0
ring_125639.csv,12:56:20.769,12:56:39.089,230,80.0,0,vDcInst/idc_units/iq_shed,470.94,474.57,29.73,29.92,1.0,1.0
ring_125702.csv,12:56:44.298,12:57:02.698,231,80.0,0,vDcInst/idc_units/iq_shed,471.42,474.32,29.73,29.92,1.0,1.0
ring_125726.csv,12:57:07.906,12:57:26.226,230,80.0,0,vDcInst/idc_units/iq_shed,471.91,474.57,29.72,29.96,1.0,1.0
ring_125749.csv,12:57:31.450,12:57:49.850,231,80.0,0,vDcInst/idc_units/iq_shed,471.91,474.81,29.75,29.95,1.0,1.0
ring_125813.csv,12:57:54.946,12:58:13.266,230,80.0,0,vDcInst/idc_units/iq_shed,472.63,475.29,29.75,29.98,1.0,1.0
ring_125836.csv,12:58:18.538,12:58:36.938,231,80.0,0,vDcInst/idc_units/iq_shed,472.87,476.26,29.75,29.94,1.0,1.0
ring_125901.csv,12:58:42.179,12:59:01.139,238,80.0,0,vDcInst/idc_units/iq_shed,472.87,476.02,29.76,29.96,1.0,1.0
ring_125924.csv,12:59:06.667,12:59:24.987,230,80.0,0,vDcInst/idc_units/iq_shed,472.63,475.53,29.76,29.96,1.0,1.0
ring_125948.csv,12:59:30.099,12:59:48.419,230,80.0,0,vDcInst/idc_units/iq_shed,472.15,475.53,29.76,29.97,1.0,1.0
ring_130011.csv,12:59:53.596,13:00:11.996,231,80.0,0,vDcInst/idc_units/iq_shed,472.39,475.29,29.79,30.02,1.0,1.0
ring_130035.csv,13:00:17.204,13:00:35.524,230,80.0,0,vDcInst/idc_units/iq_shed,472.63,475.29,29.81,29.97,1.0,1.0
ring_130059.csv,13:00:40.748,13:00:59.148,231,80.0,0,vDcInst/idc_units/iq_shed,472.63,475.78,29.8,30.0,1.0,1.0
ring_130122.csv,13:01:04.390,13:01:22.710,230,80.0,0,vDcInst/idc_units/iq_shed,472.87,476.02,29.79,29.97,1.0,1.0
ring_130146.csv,13:01:27.917,13:01:46.237,230,80.0,0,vDcInst/idc_units/iq_shed,473.36,476.26,29.81,30.02,1.0,1.0
ring_130209.csv,13:01:51.414,13:02:09.814,231,80.0,0,vDcInst/idc_units/iq_shed,474.08,476.74,29.8,29.99,1.0,1.0
ring_130233.csv,13:02:15.006,13:02:33.326,230,80.0,0,vDcInst/idc_units/iq_shed,475.05,477.95,29.77,29.98,1.0,1.0
ring_130256.csv,13:02:38.679,13:02:56.999,230,80.0,0,vDcInst/idc_units/iq_shed,475.53,478.43,29.78,30.01,1.0,1.0
ring_130320.csv,13:03:02.206,13:03:20.526,230,80.0,0,vDcInst/idc_units/iq_shed,476.26,479.16,29.7,30.02,1.0,1.0
ring_130344.csv,13:03:25.767,13:03:44.087,230,80.0,0,vDcInst/idc_units/iq_shed,476.5,479.64,29.81,30.03,1.0,1.0
ring_130407.csv,13:03:49.328,13:04:07.728,231,80.0,0,vDcInst/idc_units/iq_shed,477.23,479.64,29.82,30.05,1.0,1.0
ring_130431.csv,13:04:12.871,13:04:31.191,230,80.0,0,vDcInst/idc_units/iq_shed,477.23,480.85,29.81,30.06,1.0,1.0
ring_130454.csv,13:04:36.399,13:04:54.799,231,80.0,0,vDcInst/idc_units/iq_shed,476.98,479.89,29.8,30.07,1.0,1.0
ring_130518.csv,13:05:00.040,13:05:18.520,232,80.0,0,vDcInst/idc_units/iq_shed,477.47,480.37,29.82,30.1,1.0,1.0
ring_130542.csv,13:05:24.098,13:05:42.978,237,80.0,0,vDcInst/idc_units/iq_shed,477.23,480.61,29.81,30.07,1.0,1.0
ring_130607.csv,13:05:48.520,13:06:07.960,244,80.0,0,vDcInst/idc_units/iq_shed,477.23,480.13,29.79,30.04,1.0,1.0
ring_130631.csv,13:06:13.552,13:06:31.952,231,80.0,0,vDcInst/idc_units/iq_shed,476.98,479.89,29.81,30.03,1.0,1.0
ring_130655.csv,13:06:37.209,13:06:55.689,232,80.0,0,vDcInst/idc_units/iq_shed,476.74,480.13,29.83,30.04,1.0,1.0
ring_130720.csv,13:07:01.168,13:07:20.768,246,80.0,0,vDcInst/idc_units/iq_shed,476.74,479.64,29.79,30.03,1.0,1.0
ring_130744.csv,13:07:26.281,13:07:44.601,230,80.0,0,vDcInst/idc_units/iq_shed,476.74,479.4,29.81,30.04,1.0,1.0
ring_130808.csv,13:07:49.840,13:08:08.160,230,80.0,0,vDcInst/idc_units/iq_shed,476.26,479.16,29.84,30.02,1.0,1.0
ring_130832.csv,13:08:13.448,13:08:32.808,243,80.0,0,vDcInst/idc_units/iq_shed,476.26,479.16,29.79,30.05,1.0,1.0
ring_130856.csv,13:08:38.576,13:08:56.896,230,80.0,0,vDcInst/idc_units/iq_shed,476.02,478.68,29.85,30.03,1.0,1.0
ring_130920.csv,13:09:02.217,13:09:20.617,231,80.0,0,vDcInst/idc_units/iq_shed,476.5,479.16,29.8,30.03,1.0,1.0
ring_130944.csv,13:09:25.779,13:09:44.179,231,80.0,0,vDcInst/idc_units/iq_shed,476.26,479.64,29.81,30.05,1.0,1.0
ring_131007.csv,13:09:49.338,13:10:07.658,230,80.0,0,vDcInst/idc_units/iq_shed,476.74,479.64,29.83,30.1,1.0,1.0
ring_131031.csv,13:10:12.866,13:10:31.266,231,80.0,0,vDcInst/idc_units/iq_shed,476.98,480.13,29.82,30.05,1.0,1.0
ring_131054.csv,13:10:36.523,13:10:54.843,230,80.0,0,vDcInst/idc_units/iq_shed,476.5,479.64,29.83,30.08,1.0,1.0
ring_131118.csv,13:11:00.067,13:11:18.467,231,80.0,0,vDcInst/idc_units/iq_shed,476.5,479.4,29.85,30.07,1.0,1.0
ring_131142.csv,13:11:23.643,13:11:42.043,231,80.0,0,vDcInst/idc_units/iq_shed,476.5,479.64,29.85,30.05,1.0,1.0
ring_131205.csv,13:11:47.139,13:12:05.539,231,80.0,0,vDcInst/idc_units/iq_shed,476.74,479.64,29.78,30.07,1.0,1.0
ring_131229.csv,13:12:10.781,13:12:29.741,238,80.0,0,vDcInst/idc_units/iq_shed,476.74,479.64,29.86,30.04,1.0,1.0
ring_131254.csv,13:12:36.324,13:12:54.724,231,80.0,0,vDcInst/idc_units/iq_shed,476.74,479.89,29.86,30.07,1.0,1.0
ring_131318.csv,13:12:59.980,13:13:18.300,230,80.0,0,vDcInst/idc_units/iq_shed,476.74,479.89,29.84,30.08,1.0,1.0
ring_131343.csv,13:13:24.629,13:13:43.029,231,80.0,0,vDcInst/idc_units/iq_shed,476.26,479.16,29.83,30.06,1.0,1.0
ring_131406.csv,13:13:48.238,13:14:06.638,231,80.0,0,vDcInst/idc_units/iq_shed,475.78,479.16,29.85,30.07,1.0,1.0
ring_131430.csv,13:14:11.909,13:14:30.309,231,80.0,0,vDcInst/idc_units/iq_shed,475.78,478.92,29.86,30.06,1.0,1.0
ring_131453.csv,13:14:35.502,13:14:53.982,232,80.0,0,vDcInst/idc_units/iq_shed,475.78,478.68,29.87,30.08,1.0,1.0
ring_131517.csv,13:14:59.462,13:15:17.782,230,80.0,0,vDcInst/idc_units/iq_shed,475.53,478.43,29.82,30.05,1.0,1.0
ring_131541.csv,13:15:23.054,13:15:41.374,230,80.0,0,vDcInst/idc_units/iq_shed,475.53,478.19,29.69,30.05,1.0,1.0
ring_131604.csv,13:15:46.534,13:16:04.854,230,80.0,0,vDcInst/idc_units/iq_shed,474.81,477.95,29.83,30.04,1.0,1.0
ring_131628.csv,13:16:10.063,13:16:28.463,231,80.0,0,vDcInst/idc_units/iq_shed,474.57,477.71,29.81,30.05,1.0,1.0
ring_131652.csv,13:16:33.704,13:16:52.184,232,80.0,0,vDcInst/idc_units/iq_shed,475.05,477.95,29.83,30.04,1.0,1.0
ring_131716.csv,13:16:57.743,13:17:16.063,230,80.0,0,vDcInst/idc_units/iq_shed,474.32,477.47,29.75,30.06,1.0,1.0
ring_131739.csv,13:17:21.209,13:17:39.609,231,80.0,0,vDcInst/idc_units/iq_shed,473.6,476.98,29.88,30.06,1.0,1.0
ring_131803.csv,13:17:44.832,13:18:03.232,231,80.0,0,vDcInst/idc_units/iq_shed,473.6,476.5,29.85,30.06,1.0,1.0
ring_131826.csv,13:18:08.425,13:18:26.745,230,80.0,0,vDcInst/idc_units/iq_shed,473.36,476.74,29.86,30.05,1.0,1.0
ring_131850.csv,13:18:32.001,13:18:50.321,230,80.0,0,vDcInst/idc_units/iq_shed,473.12,475.78,29.84,30.06,1.0,1.0
ring_131913.csv,13:18:55.593,13:19:13.993,231,80.0,0,vDcInst/idc_units/iq_shed,472.63,475.29,29.88,30.06,1.0,1.0
ring_131939.csv,13:19:19.681,13:19:39.121,244,80.0,0,vDcInst/idc_units/iq_shed,472.15,475.05,29.88,30.05,1.0,1.0
ring_132003.csv,13:19:45.658,13:20:03.978,230,80.0,0,vDcInst/idc_units/iq_shed,471.91,474.81,29.87,30.06,1.0,1.0
ring_132027.csv,13:20:09.105,13:20:27.425,230,80.0,0,vDcInst/idc_units/iq_shed,471.18,474.32,29.85,30.05,1.0,1.0
ring_132050.csv,13:20:32.681,13:20:50.921,229,80.0,0,vDcInst/idc_units/iq_shed,471.42,474.08,29.83,30.05,1.0,1.0
ring_132114.csv,13:20:56.242,13:21:14.642,231,80.0,0,vDcInst/idc_units/iq_shed,471.18,474.08,29.83,30.06,1.0,1.0
ring_132138.csv,13:21:19.770,13:21:38.090,230,80.0,0,vDcInst/idc_units/iq_shed,471.67,474.08,29.84,30.08,1.0,1.0
ring_132201.csv,13:21:43.331,13:22:01.651,230,80.0,0,vDcInst/idc_units/iq_shed,471.18,474.08,29.84,30.06,1.0,1.0
ring_132225.csv,13:22:06.924,13:22:25.324,231,80.0,0,vDcInst/idc_units/iq_shed,470.94,474.08,29.85,30.06,1.0,1.0
ring_132248.csv,13:22:30.501,13:22:48.901,231,80.0,0,vDcInst/idc_units/iq_shed,470.94,473.6,29.83,30.05,1.0,1.0
ring_132312.csv,13:22:54.092,13:23:12.412,230,80.0,0,vDcInst/idc_units/iq_shed,470.7,473.36,29.83,30.05,1.0,1.0
ring_132335.csv,13:23:17.668,13:23:35.988,230,80.0,0,vDcInst/idc_units/iq_shed,470.21,473.12,29.83,30.04,1.0,1.0
ring_132359.csv,13:23:41.244,13:23:59.564,230,80.0,0,vDcInst/idc_units/iq_shed,469.97,473.6,29.83,30.11,1.0,1.0
ring_132423.csv,13:24:04.854,13:24:23.254,231,80.0,0,vDcInst/idc_units/iq_shed,469.73,472.39,29.83,30.04,1.0,1.0
ring_132447.csv,13:24:28.414,13:24:47.854,244,80.0,0,vDcInst/idc_units/iq_shed,469.49,473.12,29.85,30.05,1.0,1.0
ring_132511.csv,13:24:53.541,13:25:11.861,230,80.0,0,vDcInst/idc_units/iq_shed,470.21,473.12,29.84,30.06,1.0,1.0
ring_132535.csv,13:25:17.118,13:25:35.598,232,80.0,0,vDcInst/idc_units/iq_shed,469.97,473.12,29.84,30.07,1.0,1.0
ring_132559.csv,13:25:40.758,13:25:59.238,232,80.0,0,vDcInst/idc_units/iq_shed,470.21,473.12,29.84,30.07,1.0,1.0
ring_132623.csv,13:26:04.638,13:26:23.038,231,80.0,0,vDcInst/idc_units/iq_shed,470.21,472.87,29.84,30.06,1.0,1.0
ring_132647.csv,13:26:29.318,13:26:47.638,230,80.0,0,vDcInst/idc_units/iq_shed,469.97,473.12,29.83,30.04,1.0,1.0
ring_132711.csv,13:26:53.038,13:27:11.438,231,80.0,0,vDcInst/idc_units/iq_shed,470.7,473.6,29.83,30.04,1.0,1.0
ring_132734.csv,13:27:16.566,13:27:34.966,231,80.0,0,vDcInst/idc_units/iq_shed,470.46,473.36,29.84,30.05,1.0,1.0
ring_132758.csv,13:27:40.255,13:27:58.575,230,80.0,0,vDcInst/idc_units/iq_shed,470.21,473.36,29.85,30.05,1.0,1.0
ring_132823.csv,13:28:03.704,13:28:23.064,243,80.0,0,vDcInst/idc_units/iq_shed,469.97,473.36,29.83,30.09,1.0,1.0
ring_132848.csv,13:28:29.903,13:28:48.303,231,80.0,0,vDcInst/idc_units/iq_shed,469.49,472.63,29.85,30.06,1.0,1.0
ring_132912.csv,13:28:53.719,13:29:12.119,231,80.0,0,vDcInst/idc_units/iq_shed,469.97,472.87,29.85,30.04,1.0,1.0
ring_132935.csv,13:29:17.296,13:29:35.696,231,80.0,0,vDcInst/idc_units/iq_shed,469.73,472.87,29.85,30.04,1.0,1.0
ring_132959.csv,13:29:40.841,13:29:59.161,230,80.0,0,vDcInst/idc_units/iq_shed,469.97,472.87,29.84,30.06,1.0,1.0
ring_133022.csv,13:30:04.448,13:30:22.768,230,80.0,0,vDcInst/idc_units/iq_shed,469.73,472.63,29.84,30.04,1.0,1.0
ring_133046.csv,13:30:28.010,13:30:46.490,232,80.0,0,vDcInst/idc_units/iq_shed,469.49,472.63,29.83,30.06,1.0,1.0
ring_133111.csv,13:30:52.081,13:31:11.361,242,80.0,0,vDcInst/idc_units/iq_shed,469.25,472.39,29.82,30.03,1.0,1.0
ring_133135.csv,13:31:17.067,13:31:35.467,231,80.0,0,vDcInst/idc_units/iq_shed,469.01,472.63,29.85,30.06,1.0,1.0
ring_133159.csv,13:31:40.850,13:31:59.730,237,80.0,0,vDcInst/idc_units/iq_shed,469.01,472.87,29.83,30.06,1.0,1.0
ring_133223.csv,13:32:05.243,13:32:23.563,230,80.0,0,vDcInst/idc_units/iq_shed,469.01,472.15,29.82,30.06,1.0,1.0
ring_133248.csv,13:32:28.723,13:32:48.243,245,80.0,0,vDcInst/idc_units/iq_shed,468.28,471.42,29.87,30.1,1.0,1.0
ring_133312.csv,13:32:53.786,13:33:12.186,231,80.0,0,vDcInst/idc_units/iq_shed,467.8,470.7,29.86,30.12,1.0,1.0
ring_133335.csv,13:33:17.555,13:33:35.955,231,80.0,0,vDcInst/idc_units/iq_shed,467.31,470.94,29.86,30.16,1.0,1.0
ring_133359.csv,13:33:41.051,13:33:59.451,231,80.0,0,vDcInst/idc_units/iq_shed,467.8,471.18,29.86,30.11,1.0,1.0
ring_133424.csv,13:34:04.596,13:34:24.036,244,80.0,0,vDcInst/idc_units/iq_shed,467.8,471.18,29.87,30.11,1.0,1.0
ring_133448.csv,13:34:29.835,13:34:48.235,231,80.0,0,vDcInst/idc_units/iq_shed,467.8,470.94,29.87,30.13,1.0,1.0
ring_133511.csv,13:34:53.332,13:35:11.812,232,80.0,0,vDcInst/idc_units/iq_shed,468.04,471.18,29.87,30.15,1.0,1.0
ring_133535.csv,13:35:17.021,13:35:35.421,231,80.0,0,vDcInst/idc_units/iq_shed,467.07,470.94,29.88,30.12,1.0,1.0
ring_133559.csv,13:35:40.612,13:35:59.012,231,80.0,0,vDcInst/idc_units/iq_shed,467.8,470.7,29.86,30.15,1.0,1.0
ring_133623.csv,13:36:04.684,13:36:23.004,230,80.0,0,vDcInst/idc_units/iq_shed,468.04,471.18,29.87,30.14,1.0,1.0
ring_133647.csv,13:36:28.532,13:36:47.572,239,80.0,0,vDcInst/idc_units/iq_shed,468.04,471.18,29.88,30.11,1.0,1.0
ring_133711.csv,13:36:53.004,13:37:11.404,231,80.0,0,vDcInst/idc_units/iq_shed,467.56,470.94,29.87,30.09,1.0,1.0
ring_133735.csv,13:37:16.820,13:37:35.140,230,80.0,0,vDcInst/idc_units/iq_shed,467.8,471.18,29.88,30.13,1.0,1.0
ring_133758.csv,13:37:40.493,13:37:58.813,230,80.0,0,vDcInst/idc_units/iq_shed,467.8,470.21,29.86,30.1,1.0,1.0
ring_133823.csv,13:38:04.054,13:38:23.014,238,80.0,0,vDcInst/idc_units/iq_shed,467.56,470.94,29.88,30.14,1.0,1.0
ring_133847.csv,13:38:28.574,13:38:47.934,243,80.0,0,vDcInst/idc_units/iq_shed,467.56,470.7,29.88,30.11,1.0,1.0
ring_133911.csv,13:38:53.478,13:39:11.878,231,80.0,0,vDcInst/idc_units/iq_shed,467.31,470.46,29.86,30.1,1.0,1.0
ring_133935.csv,13:39:17.134,13:39:35.454,230,80.0,0,vDcInst/idc_units/iq_shed,467.31,470.21,29.86,30.08,1.0,1.0
ring_133959.csv,13:39:40.678,13:39:59.638,238,80.0,0,vDcInst/idc_units/iq_shed,466.83,470.46,29.89,30.08,1.0,1.0
ring_134023.csv,13:40:05.199,13:40:23.679,232,80.0,0,vDcInst/idc_units/iq_shed,467.31,470.21,29.86,30.09,1.0,1.0
ring_134047.csv,13:40:29.191,13:40:47.511,230,80.0,0,vDcInst/idc_units/iq_shed,467.8,470.7,29.87,30.09,1.0,1.0
ring_134111.csv,13:40:52.623,13:41:11.103,232,80.0,0,vDcInst/idc_units/iq_shed,467.56,470.94,29.85,30.12,1.0,1.0
ring_134134.csv,13:41:16.279,13:41:34.599,230,80.0,0,vDcInst/idc_units/iq_shed,467.8,470.7,29.89,30.14,1.0,1.0
ring_134159.csv,13:41:39.823,13:41:59.263,244,80.0,0,vDcInst/idc_units/iq_shed,467.31,470.7,29.89,30.12,1.0,1.0
ring_134223.csv,13:42:04.951,13:42:23.351,231,80.0,0,vDcInst/idc_units/iq_shed,467.8,470.94,29.87,30.14,1.0,1.0
ring_134246.csv,13:42:28.608,13:42:46.928,230,80.0,0,vDcInst/idc_units/iq_shed,467.31,470.94,29.89,30.09,1.0,1.0
ring_134310.csv,13:42:52.186,13:43:10.506,230,80.0,0,vDcInst/idc_units/iq_shed,467.56,470.7,29.88,30.13,1.0,1.0
ring_134335.csv,13:43:15.729,13:43:35.249,245,80.0,0,vDcInst/idc_units/iq_shed,467.31,470.7,29.86,30.12,1.0,1.0
ring_134359.csv,13:43:40.809,13:43:59.129,230,80.0,0,vDcInst/idc_units/iq_shed,467.31,470.46,29.87,30.11,1.0,1.0
ring_134424.csv,13:44:04.545,13:44:24.945,256,80.0,0,vDcInst/idc_units/iq_shed,467.07,470.46,29.87,30.09,1.0,1.0
ring_134448.csv,13:44:30.521,13:44:48.841,230,80.0,0,vDcInst/idc_units/iq_shed,466.83,469.97,29.88,30.06,1.0,1.0
ring_134512.csv,13:44:54.130,13:45:12.450,230,80.0,0,vDcInst/idc_units/iq_shed,466.83,469.97,29.88,30.09,1.0,1.0
ring_134536.csv,13:45:17.611,13:45:36.011,231,80.0,0,vDcInst/idc_units/iq_shed,467.07,469.73,29.88,30.12,1.0,1.0
ring_134559.csv,13:45:41.155,13:45:59.555,231,80.0,0,vDcInst/idc_units/iq_shed,466.83,469.73,29.88,30.06,1.0,1.0
ring_134623.csv,13:46:04.843,13:46:23.163,230,80.0,0,vDcInst/idc_units/iq_shed,466.1,469.25,29.89,30.07,1.0,1.0
ring_134646.csv,13:46:28.307,13:46:46.787,232,80.0,0,vDcInst/idc_units/iq_shed,466.1,469.01,29.85,30.06,1.0,1.0
ring_134710.csv,13:46:51.947,13:47:10.427,232,80.0,0,vDcInst/idc_units/iq_shed,465.38,469.01,29.89,30.08,1.0,1.0
ring_134734.csv,13:47:15.955,13:47:34.275,230,80.0,0,vDcInst/idc_units/iq_shed,465.14,469.25,29.89,30.06,1.0,1.0
ring_134756.csv,13:47:39.453,13:47:56.333,212,80.0,0,vDcInst/idc_units/iq_shed,465.62,468.76,29.86,30.09,1.0,1.0
ring_134820.csv,13:48:01.526,13:48:20.966,244,80.0,0,vDcInst/idc_units/iq_shed,465.14,468.52,29.84,30.07,1.0,1.0
ring_134844.csv,13:48:26.589,13:48:44.989,231,80.0,0,vDcInst/idc_units/iq_shed,465.14,468.28,29.84,30.06,1.0,1.0
ring_134908.csv,13:48:50.118,13:49:08.518,231,80.0,0,vDcInst/idc_units/iq_shed,464.9,468.04,29.83,30.09,1.0,1.0
ring_134933.csv,13:49:14.782,13:49:33.102,230,80.0,0,vDcInst/idc_units/iq_shed,464.9,468.28,29.86,30.07,1.0,1.0
ring_134956.csv,13:49:38.519,13:49:56.919,231,80.0,0,vDcInst/idc_units/iq_shed,463.69,468.28,29.87,30.08,1.0,1.0
ring_135020.csv,13:50:02.126,13:50:20.446,230,80.0,0,vDcInst/idc_units/iq_shed,464.65,467.31,29.86,30.07,1.0,1.0
ring_135045.csv,13:50:25.702,13:50:45.222,245,80.0,0,vDcInst/idc_units/iq_shed,464.65,467.8,29.84,30.07,1.0,1.0
ring_135110.csv,13:50:50.799,13:51:10.239,244,80.0,0,vDcInst/idc_units/iq_shed,464.9,468.04,29.81,30.06,1.0,1.0
ring_135134.csv,13:51:15.990,13:51:34.310,230,80.0,0,vDcInst/idc_units/iq_shed,464.9,467.8,29.85,30.08,1.0,1.0
ring_135158.csv,13:51:39.680,13:51:58.080,231,80.0,0,vDcInst/idc_units/iq_shed,464.17,467.56,29.86,30.09,1.0,1.0
ring_135221.csv,13:52:03.192,13:52:21.672,232,80.0,0,vDcInst/idc_units/iq_shed,464.17,467.56,29.85,30.11,1.0,1.0
ring_135245.csv,13:52:26.863,13:52:45.183,230,80.0,0,vDcInst/idc_units/iq_shed,463.69,467.31,29.85,30.09,1.0,1.0
ring_135308.csv,13:52:50.376,13:53:08.696,230,80.0,0,vDcInst/idc_units/iq_shed,463.45,467.07,29.86,30.05,1.0,1.0
ring_135332.csv,13:53:13.906,13:53:32.306,231,80.0,0,vDcInst/idc_units/iq_shed,463.93,466.59,29.87,30.07,1.0,1.0
ring_135356.csv,13:53:37.561,13:53:56.041,232,80.0,0,vDcInst/idc_units/iq_shed,463.69,466.83,29.87,30.06,1.0,1.0
ring_135419.csv,13:54:01.537,13:54:19.857,230,80.0,0,vDcInst/idc_units/iq_shed,462.96,466.59,29.86,30.1,1.0,1.0
ring_135443.csv,13:54:25.113,13:54:43.433,230,80.0,0,vDcInst/idc_units/iq_shed,462.48,466.35,29.89,30.09,1.0,1.0
ring_135507.csv,13:54:48.658,13:55:07.058,231,80.0,0,vDcInst/idc_units/iq_shed,462.72,465.86,29.9,30.11,1.0,1.0
ring_135530.csv,13:55:12.218,13:55:30.538,230,80.0,0,vDcInst/idc_units/iq_shed,462.48,465.86,29.89,30.12,1.0,1.0
ring_135555.csv,13:55:35.795,13:55:55.155,243,80.0,0,vDcInst/idc_units/iq_shed,462.24,465.86,29.87,30.12,1.0,1.0
ring_135619.csv,13:56:00.890,13:56:19.290,231,80.0,0,vDcInst/idc_units/iq_shed,462.96,466.1,29.87,30.1,1.0,1.0
ring_135643.csv,13:56:24.563,13:56:43.923,243,80.0,0,vDcInst/idc_units/iq_shed,462.96,466.1,29.86,30.06,1.0,1.0
ring_135708.csv,13:56:49.723,13:57:08.683,238,80.0,0,vDcInst/idc_units/iq_shed,463.2,466.35,29.88,30.11,1.0,1.0
ring_135733.csv,13:57:14.212,13:57:33.652,244,80.0,0,vDcInst/idc_units/iq_shed,463.2,466.35,29.86,30.1,1.0,1.0
ring_135757.csv,13:57:39.228,13:57:57.628,231,80.0,0,vDcInst/idc_units/iq_shed,463.2,466.1,29.88,30.1,1.0,1.0
ring_135822.csv,13:58:03.923,13:58:22.243,230,80.0,0,vDcInst/idc_units/iq_shed,463.69,466.59,29.85,30.05,1.0,1.0
ring_135845.csv,13:58:27.643,13:58:45.963,230,80.0,0,vDcInst/idc_units/iq_shed,463.2,466.1,29.88,30.05,1.0,1.0
ring_135909.csv,13:58:51.299,13:59:09.619,230,80.0,0,vDcInst/idc_units/iq_shed,462.48,466.35,29.89,30.1,1.0,1.0
ring_135935.csv,13:59:14.909,13:59:35.309,256,80.0,0,vDcInst/idc_units/iq_shed,462.72,466.59,29.86,30.1,1.0,1.0
ring_135959.csv,13:59:40.980,13:59:59.300,230,80.0,0,vDcInst/idc_units/iq_shed,462.48,465.38,29.91,30.13,1.0,1.0
ring_140022.csv,14:00:04.444,14:00:22.924,232,80.0,0,vDcInst/idc_units/iq_shed,462.24,465.86,29.87,30.1,1.0,1.0
ring_140046.csv,14:00:28.406,14:00:46.726,230,80.0,0,vDcInst/idc_units/iq_shed,462.0,465.14,29.88,30.11,1.0,1.0
ring_140110.csv,14:00:51.933,14:01:10.333,231,80.0,0,vDcInst/idc_units/iq_shed,462.72,465.62,29.86,30.12,1.0,1.0
ring_140134.csv,14:01:15.573,14:01:34.613,239,80.0,0,vDcInst/idc_units/iq_shed,462.72,466.1,29.87,30.11,1.0,1.0
ring_140158.csv,14:01:40.079,14:01:58.319,229,80.0,0,vDcInst/idc_units/iq_shed,462.72,466.1,29.89,30.09,1.0,1.0
ring_140222.csv,14:02:03.445,14:02:22.805,243,80.0,0,vDcInst/idc_units/iq_shed,462.72,466.35,29.86,30.1,1.0,1.0
ring_140247.csv,14:02:29.581,14:02:47.981,231,80.0,0,vDcInst/idc_units/iq_shed,463.2,467.07,29.88,30.06,1.0,1.0
ring_140311.csv,14:02:53.510,14:03:11.910,231,80.0,0,vDcInst/idc_units/iq_shed,462.96,466.1,29.85,30.1,1.0,1.0
ring_140335.csv,14:03:17.039,14:03:35.519,232,80.0,0,vDcInst/idc_units/iq_shed,462.72,466.35,29.87,30.09,1.0,1.0
ring_140359.csv,14:03:41.016,14:03:59.336,230,80.0,0,vDcInst/idc_units/iq_shed,462.72,466.35,29.88,30.08,1.0,1.0
ring_140422.csv,14:04:04.560,14:04:22.960,231,80.0,0,vDcInst/idc_units/iq_shed,463.45,466.83,29.85,30.08,1.0,1.0
ring_140446.csv,14:04:28.184,14:04:46.584,231,80.0,0,vDcInst/idc_units/iq_shed,463.2,466.59,29.85,30.07,1.0,1.0
ring_140511.csv,14:04:52.289,14:05:11.649,243,80.0,0,vDcInst/idc_units/iq_shed,463.93,466.83,29.88,30.08,1.0,1.0
ring_140536.csv,14:05:17.207,14:05:36.647,244,80.0,0,vDcInst/idc_units/iq_shed,461.75,468.04,29.87,30.06,1.0,1.0
ring_140600.csv,14:05:42.417,14:06:00.817,231,80.0,0,vDcInst/idc_units/iq_shed,462.96,481.82,25.61,30.02,1.0,1.0
ring_140625.csv,14:06:06.152,14:06:25.512,243,80.0,0,vDcInst/idc_units/iq_shed,464.41,469.73,29.82,30.07,1.0,1.0
ring_140649.csv,14:06:31.248,14:06:49.648,231,80.0,0,vDcInst/idc_units/iq_shed,467.56,471.18,29.88,30.11,1.0,1.0
ring_140713.csv,14:06:54.890,14:07:13.290,231,80.0,0,vDcInst/idc_units/iq_shed,465.86,470.94,29.88,30.12,1.0,1.0
ring_140736.csv,14:07:18.401,14:07:36.801,231,80.0,0,vDcInst/idc_units/iq_shed,465.38,470.21,29.57,30.1,1.0,1.0
ring_140800.csv,14:07:42.089,14:08:00.409,230,80.0,0,vDcInst/idc_units/iq_shed,467.56,471.42,29.87,30.11,1.0,1.0
ring_140825.csv,14:08:05.649,14:08:25.009,243,80.0,0,vDcInst/idc_units/iq_shed,467.8,471.18,29.85,30.11,1.0,1.0
ring_140849.csv,14:08:30.683,14:08:49.083,231,80.0,0,vDcInst/idc_units/iq_shed,468.04,471.42,29.87,30.12,1.0,1.0
ring_140914.csv,14:08:55.410,14:09:14.850,244,80.0,0,vDcInst/idc_units/iq_shed,468.04,471.42,29.86,30.13,1.0,1.0
ring_140938.csv,14:09:20.331,14:09:38.651,230,80.0,0,vDcInst/idc_units/iq_shed,467.07,470.94,29.86,30.12,1.0,1.0
ring_141002.csv,14:09:43.970,14:10:02.450,232,80.0,0,vDcInst/idc_units/iq_shed,467.07,469.97,29.87,30.12,1.0,1.0
ring_141026.csv,14:10:07.996,14:10:26.316,230,80.0,0,vDcInst/idc_units/iq_shed,466.59,470.21,29.88,30.07,1.0,1.0
ring_141049.csv,14:10:31.587,14:10:49.987,231,80.0,0,vDcInst/idc_units/iq_shed,466.35,469.97,29.89,30.06,1.0,1.0
ring_141113.csv,14:10:55.196,14:11:13.676,232,80.0,0,vDcInst/idc_units/iq_shed,466.83,470.21,29.89,30.06,1.0,1.0
ring_141137.csv,14:11:19.140,14:11:37.620,232,80.0,0,vDcInst/idc_units/iq_shed,466.59,470.21,29.9,30.06,1.0,1.0
ring_141202.csv,14:11:43.932,14:12:02.332,231,80.0,0,vDcInst/idc_units/iq_shed,465.14,469.97,29.84,30.08,1.0,1.0
ring_141227.csv,14:12:08.388,14:12:27.908,245,80.0,0,vDcInst/idc_units/iq_shed,465.86,469.25,29.87,30.06,1.0,1.0
ring_141251.csv,14:12:33.419,14:12:51.819,231,80.0,0,vDcInst/idc_units/iq_shed,465.38,469.49,29.87,30.08,1.0,1.0
ring_141315.csv,14:12:56.964,14:13:15.444,232,80.0,0,vDcInst/idc_units/iq_shed,465.14,468.28,29.86,30.06,1.0,1.0
ring_141338.csv,14:13:20.605,14:13:38.925,230,80.0,0,vDcInst/idc_units/iq_shed,464.9,468.52,29.84,30.06,1.0,1.0
ring_141402.csv,14:13:44.198,14:14:02.518,230,80.0,0,vDcInst/idc_units/iq_shed,463.69,468.28,29.85,30.07,1.0,1.0
ring_141426.csv,14:14:07.726,14:14:26.126,231,80.0,0,vDcInst/idc_units/iq_shed,464.17,468.04,29.83,30.07,1.0,1.0
ring_141450.csv,14:14:31.255,14:14:50.615,243,80.0,0,vDcInst/idc_units/iq_shed,463.93,467.8,29.85,30.06,1.0,1.0
ring_141514.csv,14:14:56.398,14:15:14.718,230,80.0,0,vDcInst/idc_units/iq_shed,463.93,467.07,29.85,30.07,1.0,1.0
ring_141538.csv,14:15:20.103,14:15:38.423,230,80.0,0,vDcInst/idc_units/iq_shed,464.17,467.31,29.85,30.07,1.0,1.0
ring_141602.csv,14:15:43.647,14:16:02.047,231,80.0,0,vDcInst/idc_units/iq_shed,464.17,468.04,29.84,30.07,1.0,1.0
ring_141625.csv,14:16:07.223,14:16:25.543,230,80.0,0,vDcInst/idc_units/iq_shed,464.65,468.52,29.82,30.11,1.0,1.0
ring_141650.csv,14:16:30.783,14:16:50.143,243,80.0,0,vDcInst/idc_units/iq_shed,464.9,468.52,29.83,30.06,1.0,1.0
ring_141714.csv,14:16:55.912,14:17:14.232,230,80.0,0,vDcInst/idc_units/iq_shed,464.9,468.52,29.84,30.05,1.0,1.0
ring_141738.csv,14:17:19.553,14:17:38.513,238,80.0,0,vDcInst/idc_units/iq_shed,464.65,468.28,29.83,30.06,1.0,1.0
ring_141802.csv,14:17:44.009,14:18:02.409,231,80.0,0,vDcInst/idc_units/iq_shed,464.9,468.28,29.83,30.07,1.0,1.0
ring_141825.csv,14:18:07.570,14:18:25.970,231,80.0,0,vDcInst/idc_units/iq_shed,464.65,468.04,29.83,30.06,1.0,1.0
ring_141849.csv,14:18:31.146,14:18:49.466,230,80.0,0,vDcInst/idc_units/iq_shed,464.65,468.04,29.84,30.08,1.0,1.0
ring_141913.csv,14:18:54.627,14:19:13.987,243,80.0,0,vDcInst/idc_units/iq_shed,464.65,468.52,29.8,30.06,1.0,1.0
ring_141940.csv,14:19:20.778,14:19:40.218,244,80.0,0,vDcInst/idc_units/iq_shed,463.93,467.8,29.83,30.07,1.0,1.0
ring_142004.csv,14:19:45.796,14:20:04.196,231,80.0,0,vDcInst/idc_units/iq_shed,463.93,467.56,29.85,30.06,1.0,1.0
ring_142027.csv,14:20:09.452,14:20:27.772,230,80.0,0,vDcInst/idc_units/iq_shed,463.69,467.8,29.84,30.05,1.0,1.0
ring_142051.csv,14:20:32.995,14:20:51.475,232,80.0,0,vDcInst/idc_units/iq_shed,464.17,467.56,29.83,30.05,1.0,1.0
ring_142116.csv,14:20:58.092,14:21:16.412,230,80.0,0,vDcInst/idc_units/iq_shed,463.93,467.8,29.84,30.07,1.0,1.0
ring_142140.csv,14:21:21.765,14:21:40.165,231,80.0,0,vDcInst/idc_units/iq_shed,464.41,467.8,29.83,30.05,1.0,1.0
ring_142203.csv,14:21:45.308,14:22:03.708,231,80.0,0,vDcInst/idc_units/iq_shed,464.9,468.52,29.84,30.07,1.0,1.0
ring_142227.csv,14:22:08.981,14:22:27.301,230,80.0,0,vDcInst/idc_units/iq_shed,464.65,468.28,29.88,30.07,1.0,1.0
ring_142251.csv,14:22:32.444,14:22:51.964,245,80.0,0,vDcInst/idc_units/iq_shed,464.9,469.01,29.86,30.07,1.0,1.0
ring_142315.csv,14:22:57.077,14:23:15.957,237,80.0,0,vDcInst/idc_units/iq_shed,465.38,469.01,29.88,30.06,1.0,1.0
ring_142340.csv,14:23:21.773,14:23:40.173,231,80.0,0,vDcInst/idc_units/iq_shed,465.14,468.76,29.84,30.05,1.0,1.0
ring_142404.csv,14:23:45.654,14:24:04.054,231,80.0,0,vDcInst/idc_units/iq_shed,464.41,468.52,29.86,30.05,1.0,1.0
ring_142427.csv,14:24:09.181,14:24:27.661,232,80.0,0,vDcInst/idc_units/iq_shed,289.38,467.56,12.17,30.06,0.359,1.0
ring_142451.csv,14:24:32.855,14:24:51.255,231,80.0,0,vDcInst/idc_units/iq_shed,439.75,471.67,3.16,7.11,1.0,1.0
ring_142514.csv,14:24:56.415,14:25:14.815,231,80.0,0,vDcInst/idc_units/iq_shed,439.75,445.56,6.83,7.26,1.0,1.0
ring_142538.csv,14:25:19.959,14:25:38.359,231,80.0,0,vDcInst/idc_units/iq_shed,437.82,446.04,6.94,7.51,1.0,1.0
ring_142601.csv,14:25:43.568,14:26:01.968,231,80.0,0,vDcInst/idc_units/iq_shed,432.02,519.53,6.58,25.56,1.0,1.0
ring_142625.csv,14:26:07.143,14:26:25.463,230,80.0,0,vDcInst/idc_units/iq_shed,463.45,473.84,27.89,30.22,1.0,1.0
ring_142648.csv,14:26:30.672,14:26:48.992,230,80.0,0,vDcInst/idc_units/iq_shed,463.45,466.83,29.94,30.18,1.0,1.0
ring_142712.csv,14:26:54.218,14:27:12.618,231,80.0,0,vDcInst/idc_units/iq_shed,464.17,467.8,29.93,30.13,1.0,1.0
ring_142736.csv,14:27:17.905,14:27:36.305,231,80.0,0,vDcInst/idc_units/iq_shed,463.45,467.07,29.88,30.1,1.0,1.0
ring_142801.csv,14:27:41.881,14:28:01.321,244,80.0,0,vDcInst/idc_units/iq_shed,463.2,466.59,29.91,30.1,1.0,1.0
ring_142826.csv,14:28:06.864,14:28:26.304,244,80.0,0,vDcInst/idc_units/iq_shed,462.72,466.35,29.93,30.16,1.0,1.0
ring_142850.csv,14:28:32.137,14:28:50.457,230,80.0,0,vDcInst/idc_units/iq_shed,462.48,466.1,29.94,30.18,1.0,1.0
ring_142914.csv,14:28:55.777,14:29:14.177,231,80.0,0,vDcInst/idc_units/iq_shed,462.24,466.59,29.92,30.14,1.0,1.0
ring_142937.csv,14:29:19.338,14:29:37.658,230,80.0,0,vDcInst/idc_units/iq_shed,462.48,470.7,28.93,30.12,1.0,1.0
ring_143001.csv,14:29:42.899,14:30:01.219,230,80.0,0,vDcInst/idc_units/iq_shed,462.72,466.35,29.93,30.15,1.0,1.0
ring_143024.csv,14:30:06.459,14:30:24.859,231,80.0,0,vDcInst/idc_units/iq_shed,462.96,466.59,29.94,30.14,1.0,1.0
ring_143048.csv,14:30:29.971,14:30:48.291,230,80.0,0,vDcInst/idc_units/iq_shed,462.72,467.31,29.92,30.11,1.0,1.0
trip_143112.csv,,,192,80.0,1,vDcInst/idc_units/iq_shed,229.42,472.39,23.68,30.09,1.0,1.0
ring_143135.csv,14:31:16.868,14:31:35.108,229,80.0,0,vDcInst/idc_units/iq_shed,475.29,477.95,2.02,2.5,1.0,1.0
ring_143158.csv,14:31:40.365,14:31:58.685,230,80.0,0,vDcInst/idc_units/iq_shed,475.53,479.64,2.16,2.74,1.0,1.0
ring_143222.csv,14:32:03.925,14:32:22.405,232,80.0,0,vDcInst/idc_units/iq_shed,468.76,476.02,2.92,3.95,1.0,1.0
ring_143246.csv,14:32:27.933,14:32:46.333,231,80.0,0,vDcInst/idc_units/iq_shed,458.13,530.17,4.32,6.88,1.0,1.0
ring_143309.csv,14:32:51.479,14:33:09.959,232,80.0,0,vDcInst/idc_units/iq_shed,520.98,529.93,5.5,9.85,1.0,1.0
ring_143333.csv,14:33:15.519,14:33:33.999,232,80.0,0,vDcInst/idc_units/iq_shed,509.62,519.78,10.88,15.28,1.0,1.0
ring_143357.csv,14:33:39.462,14:33:57.862,231,80.0,0,vDcInst/idc_units/iq_shed,487.14,506.48,17.0,23.95,1.0,1.0
ring_143421.csv,14:34:03.039,14:34:21.439,231,80.0,0,vDcInst/idc_units/iq_shed,466.35,480.37,26.23,29.47,1.0,1.0
ring_143444.csv,14:34:26.583,14:34:44.903,230,80.0,0,vDcInst/idc_units/iq_shed,466.35,472.87,28.37,29.45,1.0,1.0
ring_143508.csv,14:34:50.143,14:35:08.543,231,80.0,0,vDcInst/idc_units/iq_shed,466.1,474.08,28.22,29.39,1.0,1.0
ring_143532.csv,14:35:13.704,14:35:32.104,231,80.0,0,vDcInst/idc_units/iq_shed,466.59,473.6,28.29,29.35,1.0,1.0
ring_143555.csv,14:35:37.201,14:35:55.601,231,80.0,0,vDcInst/idc_units/iq_shed,466.1,473.84,28.27,29.38,1.0,1.0
ring_143620.csv,14:36:00.840,14:36:20.200,243,80.0,0,vDcInst/idc_units/iq_shed,467.07,475.05,27.88,29.22,1.0,1.0
ring_143644.csv,14:36:25.921,14:36:44.401,232,80.0,0,vDcInst/idc_units/iq_shed,467.07,474.57,27.97,29.0,1.0,1.0
ring_143707.csv,14:36:49.706,14:37:07.946,229,80.0,0,vDcInst/idc_units/iq_shed,467.07,475.78,27.54,28.95,1.0,1.0
ring_143732.csv,14:37:14.257,14:37:32.657,231,80.0,0,vDcInst/idc_units/iq_shed,467.56,475.78,27.45,28.95,1.0,1.0
ring_143756.csv,14:37:38.026,14:37:56.346,230,80.0,0,vDcInst/idc_units/iq_shed,467.56,474.32,27.88,28.97,1.0,1.0
ring_143819.csv,14:38:01.619,14:38:19.939,230,80.0,0,vDcInst/idc_units/iq_shed,466.83,475.53,27.55,28.98,1.0,1.0
ring_143843.csv,14:38:25.099,14:38:43.419,230,80.0,0,vDcInst/idc_units/iq_shed,468.76,474.81,27.52,28.62,1.0,1.0
ring_143907.csv,14:38:48.644,14:39:07.044,231,80.0,0,vDcInst/idc_units/iq_shed,468.28,475.05,27.54,28.55,1.0,1.0
ring_143930.csv,14:39:12.253,14:39:30.733,232,80.0,0,vDcInst/idc_units/iq_shed,467.31,474.81,27.55,28.59,1.0,1.0
ring_143954.csv,14:39:36.276,14:39:54.676,231,80.0,0,vDcInst/idc_units/iq_shed,467.56,474.57,27.58,28.69,1.0,1.0
ring_144018.csv,14:39:59.774,14:40:18.174,231,80.0,0,vDcInst/idc_units/iq_shed,467.56,474.57,27.56,28.62,1.0,1.0
ring_144041.csv,14:40:23.429,14:40:41.749,230,80.0,0,vDcInst/idc_units/iq_shed,467.31,474.57,27.59,28.65,1.0,1.0
ring_144105.csv,14:40:47.022,14:41:05.342,230,80.0,0,vDcInst/idc_units/iq_shed,466.83,474.57,27.58,28.68,1.0,1.0
ring_144128.csv,14:41:10.470,14:41:28.790,230,80.0,0,vDcInst/idc_units/iq_shed,466.59,473.84,27.61,28.69,1.0,1.0
ring_144152.csv,14:41:34.160,14:41:52.560,231,80.0,0,vDcInst/idc_units/iq_shed,467.56,474.81,27.28,28.39,1.0,1.0
ring_144216.csv,14:41:57.735,14:42:16.055,230,80.0,0,vDcInst/idc_units/iq_shed,467.31,474.81,27.25,28.34,1.0,1.0
ring_144239.csv,14:42:21.215,14:42:39.535,230,80.0,0,vDcInst/idc_units/iq_shed,465.62,474.32,27.28,28.73,1.0,1.0
ring_144304.csv,14:42:44.792,14:43:04.152,243,80.0,0,vDcInst/idc_units/iq_shed,467.07,474.57,27.29,28.35,1.0,1.0
ring_144329.csv,14:43:10.881,14:43:29.761,237,80.0,0,vDcInst/idc_units/iq_shed,466.83,474.32,27.3,28.38,1.0,1.0
ring_144354.csv,14:43:35.272,14:43:54.712,244,80.0,0,vDcInst/idc_units/iq_shed,466.59,474.08,27.23,28.36,1.0,1.0
ring_144419.csv,14:44:00.303,14:44:19.663,243,80.0,0,vDcInst/idc_units/iq_shed,466.1,473.84,27.28,28.34,1.0,1.0
ring_144444.csv,14:44:25.112,14:44:44.472,243,80.0,0,vDcInst/idc_units/iq_shed,468.76,475.53,26.89,28.02,1.0,1.0
ring_144508.csv,14:44:49.905,14:45:08.305,231,80.0,0,vDcInst/idc_units/iq_shed,467.31,475.78,26.91,28.35,1.0,1.0
ring_144532.csv,14:45:13.544,14:45:32.904,243,80.0,0,vDcInst/idc_units/iq_shed,468.28,474.81,26.95,28.0,1.0,1.0
ring_144557.csv,14:45:38.673,14:45:57.073,231,80.0,0,vDcInst/idc_units/iq_shed,468.52,475.53,26.94,28.0,1.0,1.0
ring_144620.csv,14:46:02.346,14:46:20.666,230,80.0,0,vDcInst/idc_units/iq_shed,467.56,474.57,26.95,28.0,1.0,1.0
ring_144644.csv,14:46:25.939,14:46:44.339,231,80.0,0,vDcInst/idc_units/iq_shed,466.59,474.32,26.97,28.07,1.0,1.0
ring_144707.csv,14:46:49.451,14:47:07.931,232,80.0,0,vDcInst/idc_units/iq_shed,467.8,475.53,26.64,27.7,1.0,1.0
ring_144731.csv,14:47:13.074,14:47:31.394,230,80.0,0,vDcInst/idc_units/iq_shed,467.8,475.29,26.63,27.74,1.0,1.0
ring_144754.csv,14:47:36.668,14:47:54.988,230,80.0,0,vDcInst/idc_units/iq_shed,468.52,475.53,26.67,27.77,1.0,1.0
ring_144818.csv,14:48:00.163,14:48:18.563,231,80.0,0,vDcInst/idc_units/iq_shed,467.8,475.78,26.65,27.71,1.0,1.0
ring_144842.csv,14:48:23.708,14:48:42.028,230,80.0,0,vDcInst/idc_units/iq_shed,469.01,474.57,26.68,27.39,1.0,1.0
ring_144905.csv,14:48:47.252,14:49:05.732,232,80.0,0,vDcInst/idc_units/iq_shed,468.52,475.29,26.35,27.39,1.0,1.0
ring_144929.csv,14:49:10.860,14:49:29.260,231,80.0,0,vDcInst/idc_units/iq_shed,468.28,475.29,26.31,27.41,1.0,1.0
ring_144952.csv,14:49:34.486,14:49:52.886,231,80.0,0,vDcInst/idc_units/iq_shed,468.76,475.78,26.31,27.35,1.0,1.0
ring_145016.csv,14:49:57.998,14:50:16.398,231,80.0,0,vDcInst/idc_units/iq_shed,467.56,474.81,26.35,27.4,1.0,1.0
ring_145040.csv,14:50:21.686,14:50:40.006,230,80.0,0,vDcInst/idc_units/iq_shed,467.56,475.29,26.29,27.39,1.0,1.0
ring_145103.csv,14:50:45.150,14:51:03.470,230,80.0,0,vDcInst/idc_units/iq_shed,469.01,476.26,26.02,27.06,1.0,1.0
ring_145127.csv,14:51:08.726,14:51:27.046,230,80.0,0,vDcInst/idc_units/iq_shed,468.76,474.57,26.03,27.03,1.0,1.0
ring_145150.csv,14:51:32.303,14:51:50.623,230,80.0,0,vDcInst/idc_units/iq_shed,468.28,475.53,26.05,27.02,1.0,1.0
ring_145214.csv,14:51:55.863,14:52:14.183,230,80.0,0,vDcInst/idc_units/iq_shed,467.8,474.32,26.04,27.05,1.0,1.0
ring_145237.csv,14:52:19.408,14:52:37.728,230,80.0,0,vDcInst/idc_units/iq_shed,467.56,474.57,26.06,27.1,1.0,1.0
ring_145301.csv,14:52:43.064,14:53:01.464,231,80.0,0,vDcInst/idc_units/iq_shed,468.28,475.05,25.71,26.76,1.0,1.0
ring_145325.csv,14:53:06.609,14:53:25.009,231,80.0,0,vDcInst/idc_units/iq_shed,468.76,474.81,25.75,26.74,1.0,1.0
ring_145348.csv,14:53:30.153,14:53:48.393,229,80.0,0,vDcInst/idc_units/iq_shed,468.52,474.81,25.75,26.71,1.0,1.0
ring_145412.csv,14:53:53.698,14:54:12.018,230,80.0,0,vDcInst/idc_units/iq_shed,467.8,476.74,25.34,26.77,1.0,1.0
ring_145435.csv,14:54:17.370,14:54:35.690,230,80.0,0,vDcInst/idc_units/iq_shed,467.56,474.57,25.72,26.75,1.0,1.0
ring_145500.csv,14:54:40.898,14:55:00.258,243,80.0,0,vDcInst/idc_units/iq_shed,467.56,474.81,25.73,26.83,1.0,1.0
ring_145525.csv,14:55:06.026,14:55:25.546,245,80.0,0,vDcInst/idc_units/iq_shed,467.56,474.57,25.76,26.76,1.0,1.0
ring_145549.csv,14:55:31.219,14:55:49.619,231,80.0,0,vDcInst/idc_units/iq_shed,467.56,475.78,25.38,26.8,1.0,1.0
ring_145613.csv,14:55:54.876,14:56:13.196,230,80.0,0,vDcInst/idc_units/iq_shed,469.01,476.26,25.38,26.43,1.0,1.0
ring_145636.csv,14:56:18.468,14:56:36.868,231,80.0,0,vDcInst/idc_units/iq_shed,467.56,476.26,25.38,26.77,1.0,1.0
ring_145700.csv,14:56:42.044,14:57:00.284,229,80.0,0,vDcInst/idc_units/iq_shed,469.49,478.19,25.02,26.43,1.0,1.0
ring_145723.csv,14:57:05.493,14:57:23.973,232,80.0,0,vDcInst/idc_units/iq_shed,469.49,476.98,25.34,26.38,1.0,1.0
ring_145747.csv,14:57:29.181,14:57:47.581,231,80.0,0,vDcInst/idc_units/iq_shed,468.52,477.95,25.01,26.38,1.0,1.0
ring_145811.csv,14:57:52.757,14:58:11.077,230,80.0,0,vDcInst/idc_units/iq_shed,466.59,476.26,25.38,26.78,1.0,1.0
ring_145834.csv,14:58:16.221,14:58:34.701,232,80.0,0,vDcInst/idc_units/iq_shed,468.76,476.26,25.39,26.44,1.0,1.0
ring_145858.csv,14:58:39.863,14:58:58.263,231,80.0,0,vDcInst/idc_units/iq_shed,469.25,477.47,25.06,26.42,1.0,1.0
ring_145921.csv,14:59:03.456,14:59:21.776,230,80.0,0,vDcInst/idc_units/iq_shed,471.42,476.5,25.35,26.04,1.0,1.0
ring_145945.csv,14:59:26.952,14:59:45.352,231,80.0,0,vDcInst/idc_units/iq_shed,469.73,477.71,25.07,26.42,1.0,1.0
ring_150008.csv,14:59:50.527,15:00:08.767,229,80.0,0,vDcInst/idc_units/iq_shed,470.7,477.71,25.07,26.07,1.0,1.0
ring_150032.csv,15:00:14.136,15:00:32.536,231,80.0,0,vDcInst/idc_units/iq_shed,469.49,476.98,25.05,26.08,1.0,1.0
ring_150056.csv,15:00:37.664,15:00:56.064,231,80.0,0,vDcInst/idc_units/iq_shed,469.73,476.5,25.06,26.07,1.0,1.0
ring_150119.csv,15:01:01.177,15:01:19.497,230,80.0,0,vDcInst/idc_units/iq_shed,469.25,476.5,25.05,26.06,1.0,1.0
ring_150143.csv,15:01:24.818,15:01:43.218,231,80.0,0,vDcInst/idc_units/iq_shed,469.73,476.98,25.07,26.04,1.0,1.0
ring_150206.csv,15:01:48.378,15:02:06.778,231,80.0,0,vDcInst/idc_units/iq_shed,469.49,476.74,25.04,26.04,1.0,1.0
ring_150230.csv,15:02:11.970,15:02:30.370,231,80.0,0,vDcInst/idc_units/iq_shed,470.7,477.71,24.74,25.71,1.0,1.0
ring_150253.csv,15:02:35.516,15:02:53.836,230,80.0,0,vDcInst/idc_units/iq_shed,470.46,476.02,25.07,25.76,1.0,1.0
ring_150317.csv,15:02:59.091,15:03:17.491,231,80.0,0,vDcInst/idc_units/iq_shed,470.7,477.47,24.74,25.72,1.0,1.0
ring_150341.csv,15:03:22.636,15:03:41.036,231,80.0,0,vDcInst/idc_units/iq_shed,470.46,477.47,24.75,25.79,1.0,1.0
ring_150404.csv,15:03:46.149,15:04:04.469,230,80.0,0,vDcInst/idc_units/iq_shed,469.73,476.5,24.76,25.77,1.0,1.0
ring_150428.csv,15:04:09.805,15:04:28.205,231,80.0,0,vDcInst/idc_units/iq_shed,466.59,476.5,24.74,25.99,1.0,1.0
ring_150451.csv,15:04:33.365,15:04:51.765,231,80.0,0,vDcInst/idc_units/iq_shed,469.01,477.71,24.46,25.77,1.0,1.0
ring_150515.csv,15:04:56.925,15:05:15.245,230,80.0,0,vDcInst/idc_units/iq_shed,468.76,475.53,24.75,25.79,1.0,1.0
ring_150538.csv,15:05:20.486,15:05:38.806,230,80.0,0,vDcInst/idc_units/iq_shed,469.25,477.23,24.45,25.42,1.0,1.0
ring_150602.csv,15:05:44.031,15:06:02.511,232,80.0,0,vDcInst/idc_units/iq_shed,468.76,476.74,24.49,25.46,1.0,1.0
ring_150627.csv,15:06:08.072,15:06:27.512,244,80.0,0,vDcInst/idc_units/iq_shed,464.9,476.02,24.48,25.61,1.0,1.0
ring_150651.csv,15:06:33.055,15:06:51.455,231,80.0,0,vDcInst/idc_units/iq_shed,468.76,475.05,24.49,25.49,1.0,1.0
ring_150715.csv,15:06:56.775,15:07:15.175,231,80.0,0,vDcInst/idc_units/iq_shed,467.8,476.5,24.17,25.52,1.0,1.0
ring_150739.csv,15:07:20.305,15:07:39.745,244,80.0,0,vDcInst/idc_units/iq_shed,469.25,476.02,24.22,25.16,1.0,1.0
ring_150803.csv,15:07:45.353,15:08:03.753,231,80.0,0,vDcInst/idc_units/iq_shed,468.76,476.02,24.21,25.16,1.0,1.0
ring_150827.csv,15:08:09.088,15:08:27.488,231,80.0,0,vDcInst/idc_units/iq_shed,468.76,477.71,23.87,25.2,1.0,1.0
ring_150851.csv,15:08:32.601,15:08:51.001,231,80.0,0,vDcInst/idc_units/iq_shed,470.21,475.78,24.18,24.86,1.0,1.0
ring_150914.csv,15:08:56.225,15:09:14.625,231,80.0,0,vDcInst/idc_units/iq_shed,467.07,476.74,23.9,25.19,1.0,1.0
ring_150939.csv,15:09:20.345,15:09:39.705,243,80.0,0,vDcInst/idc_units/iq_shed,469.49,476.74,23.87,24.84,1.0,1.0
ring_151003.csv,15:09:45.314,15:10:03.714,231,80.0,0,vDcInst/idc_units/iq_shed,469.25,476.5,23.89,24.83,1.0,1.0
ring_151027.csv,15:10:08.986,15:10:27.306,230,80.0,0,vDcInst/idc_units/iq_shed,468.76,475.29,23.9,24.89,1.0,1.0
ring_151051.csv,15:10:33.571,15:10:51.971,231,80.0,0,vDcInst/idc_units/iq_shed,468.52,476.02,23.88,24.86,1.0,1.0
ring_151115.csv,15:10:57.291,15:11:15.771,232,80.0,0,vDcInst/idc_units/iq_shed,468.04,476.5,23.6,24.84,1.0,1.0
ring_151139.csv,15:11:21.314,15:11:39.634,230,80.0,0,vDcInst/idc_units/iq_shed,468.28,476.26,23.65,24.89,1.0,1.0
ring_151203.csv,15:11:44.891,15:12:03.291,231,80.0,0,vDcInst/idc_units/iq_shed,469.01,476.26,23.61,24.52,1.0,1.0
ring_151226.csv,15:12:08.483,15:12:26.883,231,80.0,0,vDcInst/idc_units/iq_shed,468.76,475.29,23.64,24.58,1.0,1.0
ring_151250.csv,15:12:32.395,15:12:50.795,231,80.0,0,vDcInst/idc_units/iq_shed,468.76,475.05,23.63,24.53,1.0,1.0
ring_151314.csv,15:12:55.956,15:13:14.276,230,80.0,0,vDcInst/idc_units/iq_shed,467.8,474.81,23.66,24.56,1.0,1.0
ring_151338.csv,15:13:19.548,15:13:38.908,243,80.0,0,vDcInst/idc_units/iq_shed,468.28,476.74,23.3,24.54,1.0,1.0
ring_151402.csv,15:13:44.564,15:14:02.884,230,80.0,0,vDcInst/idc_units/iq_shed,468.52,475.53,23.62,24.61,1.0,1.0
ring_151426.csv,15:14:08.189,15:14:26.589,231,80.0,0,vDcInst/idc_units/iq_shed,468.28,476.02,23.57,24.56,1.0,1.0
ring_151452.csv,15:14:32.821,15:14:52.261,244,80.0,0,vDcInst/idc_units/iq_shed,468.76,476.74,23.3,24.53,1.0,1.0
ring_151516.csv,15:14:57.741,15:15:16.141,231,80.0,0,vDcInst/idc_units/iq_shed,467.56,475.78,23.6,24.57,1.0,1.0
ring_151540.csv,15:15:21.861,15:15:40.181,230,80.0,0,vDcInst/idc_units/iq_shed,468.28,476.74,23.31,24.58,1.0,1.0
ring_151603.csv,15:15:45.343,15:16:03.663,230,80.0,0,vDcInst/idc_units/iq_shed,470.7,477.23,23.24,24.16,1.0,1.0
ring_151627.csv,15:16:08.870,15:16:27.270,231,80.0,0,vDcInst/idc_units/iq_shed,469.49,476.5,23.23,24.17,1.0,1.0
ring_151650.csv,15:16:32.495,15:16:50.895,231,80.0,0,vDcInst/idc_units/iq_shed,469.97,476.5,23.26,24.15,1.0,1.0
ring_151714.csv,15:16:56.056,15:17:14.376,230,80.0,0,vDcInst/idc_units/iq_shed,469.97,478.68,22.88,24.16,1.0,1.0
ring_151737.csv,15:17:19.648,15:17:37.968,230,80.0,0,vDcInst/idc_units/iq_shed,469.49,478.68,22.94,24.15,1.0,1.0
ring_151802.csv,15:17:43.145,15:18:02.585,244,80.0,0,vDcInst/idc_units/iq_shed,471.91,478.68,22.89,23.76,1.0,1.0
ring_151827.csv,15:18:08.240,15:18:27.680,244,80.0,0,vDcInst/idc_units/iq_shed,472.15,479.16,22.94,23.85,1.0,1.0
ring_151851.csv,15:18:33.449,15:18:51.769,230,80.0,0,vDcInst/idc_units/iq_shed,472.15,479.16,22.85,23.81,1.0,1.0
ring_151915.csv,15:18:57.121,15:19:15.521,231,80.0,0,vDcInst/idc_units/iq_shed,471.67,479.4,22.86,23.85,1.0,1.0
ring_151940.csv,15:19:20.649,15:19:40.089,244,80.0,0,vDcInst/idc_units/iq_shed,471.91,479.4,22.58,23.82,1.0,1.0
ring_152004.csv,15:19:45.746,15:20:04.066,230,80.0,0,vDcInst/idc_units/iq_shed,472.15,479.4,22.64,23.74,1.0,1.0
ring_152027.csv,15:20:09.433,15:20:27.833,231,80.0,0,vDcInst/idc_units/iq_shed,472.15,480.37,22.6,23.75,1.0,1.0
ring_152051.csv,15:20:33.010,15:20:51.330,230,80.0,0,vDcInst/idc_units/iq_shed,473.12,479.89,22.52,23.47,1.0,1.0
ring_152115.csv,15:20:56.603,15:21:15.963,243,80.0,0,vDcInst/idc_units/iq_shed,472.63,480.13,22.51,23.46,1.0,1.0
ring_152139.csv,15:21:21.587,15:21:39.987,231,80.0,0,vDcInst/idc_units/iq_shed,472.87,479.64,22.5,23.38,1.0,1.0
ring_152203.csv,15:21:45.355,15:22:03.675,230,80.0,0,vDcInst/idc_units/iq_shed,472.87,481.09,22.25,23.39,1.0,1.0
ring_152227.csv,15:22:08.915,15:22:27.155,229,80.0,0,vDcInst/idc_units/iq_shed,474.08,480.85,22.15,23.13,1.0,1.0
ring_152250.csv,15:22:32.444,15:22:50.844,231,80.0,0,vDcInst/idc_units/iq_shed,474.57,481.58,22.18,23.13,1.0,1.0
ring_152314.csv,15:22:55.924,15:23:14.324,231,80.0,0,vDcInst/idc_units/iq_shed,474.08,481.34,22.14,23.1,1.0,1.0
ring_152337.csv,15:23:19.502,15:23:37.822,230,80.0,0,vDcInst/idc_units/iq_shed,473.12,480.61,22.19,23.14,1.0,1.0
ring_152401.csv,15:23:43.157,15:24:01.557,231,80.0,0,vDcInst/idc_units/iq_shed,473.6,480.13,22.24,23.06,1.0,1.0
ring_152425.csv,15:24:06.701,15:24:25.021,230,80.0,0,vDcInst/idc_units/iq_shed,474.57,481.34,21.91,22.81,1.0,1.0
ring_152448.csv,15:24:30.263,15:24:48.663,231,80.0,0,vDcInst/idc_units/iq_shed,474.32,481.09,21.87,22.85,1.0,1.0
ring_152512.csv,15:24:53.744,15:25:12.144,231,80.0,0,vDcInst/idc_units/iq_shed,470.94,480.85,21.87,22.87,1.0,1.0
ring_152535.csv,15:25:17.415,15:25:35.735,230,80.0,0,vDcInst/idc_units/iq_shed,473.36,480.37,21.91,22.75,1.0,1.0
ring_152559.csv,15:25:40.975,15:25:59.455,232,80.0,0,vDcInst/idc_units/iq_shed,473.12,481.09,21.87,22.85,1.0,1.0
ring_152625.csv,15:26:05.912,15:26:25.272,243,80.0,0,vDcInst/idc_units/iq_shed,472.39,482.06,21.55,22.84,1.0,1.0
ring_152649.csv,15:26:30.815,15:26:49.295,232,80.0,0,vDcInst/idc_units/iq_shed,474.32,481.82,21.57,22.48,1.0,1.0
ring_152712.csv,15:26:54.488,15:27:12.808,230,80.0,0,vDcInst/idc_units/iq_shed,474.32,481.58,21.56,22.48,1.0,1.0
ring_152736.csv,15:27:18.000,15:27:36.400,231,80.0,0,vDcInst/idc_units/iq_shed,474.32,482.54,21.27,22.5,1.0,1.0
ring_152759.csv,15:27:41.594,15:27:59.994,231,80.0,0,vDcInst/idc_units/iq_shed,475.78,481.58,21.53,22.11,1.0,1.0
ring_152823.csv,15:28:05.137,15:28:23.457,230,80.0,0,vDcInst/idc_units/iq_shed,471.42,483.03,21.17,22.49,1.0,1.0
ring_152847.csv,15:28:28.714,15:28:47.034,230,80.0,0,vDcInst/idc_units/iq_shed,475.05,482.54,21.21,22.09,1.0,1.0
ring_152910.csv,15:28:52.258,15:29:10.738,232,80.0,0,vDcInst/idc_units/iq_shed,474.32,482.3,21.2,22.17,1.0,1.0
ring_152935.csv,15:29:16.923,15:29:35.323,231,80.0,0,vDcInst/idc_units/iq_shed,474.08,481.09,21.22,22.16,1.0,1.0
ring_153000.csv,15:29:40.626,15:30:00.066,244,80.0,0,vDcInst/idc_units/iq_shed,475.05,481.82,21.0,21.85,1.0,1.0
ring_153024.csv,15:30:05.708,15:30:24.108,231,80.0,0,vDcInst/idc_units/iq_shed,475.05,481.34,20.92,21.81,1.0,1.0
ring_153047.csv,15:30:29.381,15:30:47.781,231,80.0,0,vDcInst/idc_units/iq_shed,474.08,482.06,20.95,21.81,1.0,1.0
ring_153111.csv,15:30:52.908,15:31:11.388,232,80.0,0,vDcInst/idc_units/iq_shed,474.81,481.34,20.97,21.58,1.0,1.0
ring_153134.csv,15:31:16.581,15:31:34.901,230,80.0,0,vDcInst/idc_units/iq_shed,474.57,481.34,20.72,21.57,1.0,1.0
ring_153158.csv,15:31:39.981,15:31:58.301,230,80.0,0,vDcInst/idc_units/iq_shed,474.08,482.79,20.37,21.54,1.0,1.0
ring_153223.csv,15:32:03.621,15:32:23.061,244,80.0,0,vDcInst/idc_units/iq_shed,472.63,480.37,20.68,21.64,1.0,1.0
ring_153248.csv,15:32:29.741,15:32:48.061,230,80.0,0,vDcInst/idc_units/iq_shed,472.87,480.61,20.71,21.6,1.0,1.0
ring_153311.csv,15:32:53.191,15:33:11.671,232,80.0,0,vDcInst/idc_units/iq_shed,473.84,479.16,20.73,21.32,1.0,1.0
ring_153335.csv,15:33:17.262,15:33:35.662,231,80.0,0,vDcInst/idc_units/iq_shed,470.7,480.37,20.42,21.31,1.0,1.0
ring_153359.csv,15:33:41.111,15:33:59.511,231,80.0,0,vDcInst/idc_units/iq_shed,472.39,480.13,20.41,21.3,1.0,1.0
ring_153423.csv,15:34:04.767,15:34:23.247,232,80.0,0,vDcInst/idc_units/iq_shed,472.15,479.4,20.48,21.41,1.0,1.0
ring_153447.csv,15:34:28.711,15:34:47.111,231,80.0,0,vDcInst/idc_units/iq_shed,276.57,480.85,8.38,21.03,0.241,1.0
ring_153510.csv,15:34:52.257,15:35:10.577,230,80.0,0,vDcInst/idc_units/iq_shed,326.13,458.85,4.46,8.7,0.434,1.0
ring_153534.csv,15:35:15.803,15:35:34.203,231,80.0,0,vDcInst/idc_units/iq_shed,430.57,459.09,4.33,5.42,1.0,1.0
ring_153557.csv,15:35:39.298,15:35:57.698,231,80.0,0,vDcInst/idc_units/iq_shed,445.07,458.85,4.65,5.03,1.0,1.0
ring_153621.csv,15:36:02.955,15:36:21.275,230,80.0,0,vDcInst/idc_units/iq_shed,314.52,521.71,4.51,18.99,0.506,1.0
ring_153644.csv,15:36:26.515,15:36:44.835,230,80.0,0,vDcInst/idc_units/iq_shed,472.39,489.56,17.85,20.85,1.0,1.0
ring_153709.csv,15:36:51.116,15:37:09.436,230,80.0,0,vDcInst/idc_units/iq_shed,472.39,480.13,19.81,20.7,1.0,1.0
ring_153733.csv,15:37:14.900,15:37:33.300,231,80.0,0,vDcInst/idc_units/iq_shed,472.63,479.89,19.73,20.63,1.0,1.0
ring_153757.csv,15:37:38.924,15:37:57.244,230,80.0,0,vDcInst/idc_units/iq_shed,473.6,479.4,19.7,20.3,1.0,1.0
ring_153820.csv,15:38:02.373,15:38:20.773,231,80.0,0,vDcInst/idc_units/iq_shed,471.91,478.68,19.76,20.55,1.0,1.0
ring_153845.csv,15:38:26.973,15:38:45.293,230,80.0,0,vDcInst/idc_units/iq_shed,471.67,478.19,19.72,20.31,1.0,1.0
ring_153909.csv,15:38:50.694,15:39:09.094,231,80.0,0,vDcInst/idc_units/iq_shed,472.39,479.64,19.39,20.24,1.0,1.0
ring_153932.csv,15:39:14.366,15:39:32.686,230,80.0,0,vDcInst/idc_units/iq_shed,472.39,479.4,19.42,20.24,1.0,1.0
ring_153956.csv,15:39:37.799,15:39:56.119,230,80.0,0,vDcInst/idc_units/iq_shed,471.42,479.16,19.42,20.33,1.0,1.0
ring_154019.csv,15:40:01.455,15:40:19.855,231,80.0,0,vDcInst/idc_units/iq_shed,473.36,479.4,19.39,20.0,1.0,1.0
ring_154043.csv,15:40:24.985,15:40:43.465,232,80.0,0,vDcInst/idc_units/iq_shed,473.12,478.92,19.41,19.98,1.0,1.0
ring_154106.csv,15:40:48.561,15:41:06.961,231,80.0,0,vDcInst/idc_units/iq_shed,473.36,480.37,19.08,19.97,1.0,1.0
trip_154130.csv,,,187,80.0,1,vDcInst/idc_units/iq_shed,271.73,479.4,16.14,19.99,1.0,1.0
ring_154153.csv,15:41:35.186,15:41:53.506,230,80.0,0,vDcInst/idc_units/iq_shed,484.24,485.45,0.23,0.25,1.0,1.0
ring_154217.csv,15:41:58.875,15:42:17.275,231,80.0,0,vDcInst/idc_units/iq_shed,485.69,486.9,0.23,0.25,1.0,1.0
ring_154240.csv,15:42:22.436,15:42:40.836,231,80.0,0,vDcInst/idc_units/iq_shed,486.9,487.86,0.23,0.25,1.0,1.0
ring_154305.csv,15:42:45.995,15:43:05.035,239,80.0,0,vDcInst/idc_units/iq_shed,487.86,531.38,0.22,2.07,1.0,1.0
ring_154328.csv,15:43:10.469,15:43:28.949,232,80.0,0,vDcInst/idc_units/iq_shed,528.48,533.07,0.43,2.29,1.0,1.0
ring_154352.csv,15:43:34.429,15:43:52.909,232,80.0,0,vDcInst/idc_units/iq_shed,529.2,530.65,1.72,2.21,1.0,1.0
ring_154416.csv,15:43:58.373,15:44:16.693,230,80.0,0,vDcInst/idc_units/iq_shed,527.75,530.65,1.98,2.58,1.0,1.0
ring_154441.csv,15:44:21.805,15:44:41.245,244,80.0,0,vDcInst/idc_units/iq_shed,524.85,528.48,2.78,3.93,1.0,1.0
ring_154505.csv,15:44:46.998,15:45:05.398,231,80.0,0,vDcInst/idc_units/iq_shed,517.6,525.09,4.32,7.14,1.0,1.0
ring_154529.csv,15:45:10.655,15:45:29.055,231,80.0,0,vDcInst/idc_units/iq_shed,502.85,515.18,8.68,12.38,1.0,1.0
ring_154553.csv,15:45:34.246,15:45:53.686,244,80.0,0,vDcInst/idc_units/iq_shed,471.18,500.43,13.82,19.45,1.0,1.0
ring_154617.csv,15:45:59.247,15:46:17.567,230,80.0,0,vDcInst/idc_units/iq_shed,474.81,482.54,18.0,19.0,1.0,1.0
ring_154641.csv,15:46:22.856,15:46:41.256,231,80.0,0,vDcInst/idc_units/iq_shed,475.78,482.79,17.93,18.87,1.0,1.0
ring_154704.csv,15:46:46.480,15:47:04.960,232,80.0,0,vDcInst/idc_units/iq_shed,475.53,483.27,17.9,18.81,1.0,1.0
ring_154728.csv,15:47:10.120,15:47:28.440,230,80.0,0,vDcInst/idc_units/iq_shed,476.26,484.48,17.88,18.8,1.0,1.0
ring_154752.csv,15:47:33.569,15:47:52.049,232,80.0,0,vDcInst/idc_units/iq_shed,476.74,483.75,17.84,18.81,1.0,1.0
ring_154815.csv,15:47:57.177,15:48:15.577,231,80.0,0,vDcInst/idc_units/iq_shed,478.19,484.72,17.84,18.45,1.0,1.0
ring_154838.csv,15:48:20.643,15:48:38.963,230,80.0,0,vDcInst/idc_units/iq_shed,478.92,484.72,17.82,18.43,1.0,1.0
ring_154901.csv,15:48:44.251,15:49:01.211,213,80.0,0,vDcInst/idc_units/iq_shed,478.43,486.17,17.49,18.42,1.0,1.0
ring_154924.csv,15:49:06.405,15:49:24.805,231,80.0,0,vDcInst/idc_units/iq_shed,478.19,486.41,17.5,18.42,1.0,1.0
ring_154948.csv,15:49:30.253,15:49:48.573,230,80.0,0,vDcInst/idc_units/iq_shed,478.68,486.41,17.5,18.44,1.0,1.0
ring_155012.csv,15:49:53.798,15:50:12.278,232,80.0,0,vDcInst/idc_units/iq_shed,478.43,486.17,17.52,18.43,1.0,1.0
ring_155036.csv,15:50:17.789,15:50:36.109,230,80.0,0,vDcInst/idc_units/iq_shed,480.13,487.38,17.22,18.11,1.0,1.0
ring_155100.csv,15:50:41.862,15:51:00.262,231,80.0,0,vDcInst/idc_units/iq_shed,479.64,487.38,17.22,18.12,1.0,1.0
ring_155125.csv,15:51:06.686,15:51:25.646,238,80.0,0,vDcInst/idc_units/iq_shed,479.89,488.1,17.19,18.1,1.0,1.0
ring_155149.csv,15:51:30.983,15:51:49.303,230,80.0,0,vDcInst/idc_units/iq_shed,479.89,488.35,17.21,18.13,1.0,1.0
ring_155212.csv,15:51:54.416,15:52:12.816,231,80.0,0,vDcInst/idc_units/iq_shed,481.82,486.9,17.2,17.8,1.0,1.0
ring_155236.csv,15:52:18.040,15:52:36.360,230,80.0,0,vDcInst/idc_units/iq_shed,481.58,488.1,17.21,17.79,1.0,1.0
ring_155259.csv,15:52:41.584,15:52:59.904,230,80.0,0,vDcInst/idc_units/iq_shed,480.61,488.59,16.93,17.81,1.0,1.0
ring_155323.csv,15:53:05.129,15:53:23.529,231,80.0,0,vDcInst/idc_units/iq_shed,480.37,488.59,16.93,17.84,1.0,1.0
ring_155346.csv,15:53:28.674,15:53:46.994,230,80.0,0,vDcInst/idc_units/iq_shed,480.61,488.83,16.94,17.83,1.0,1.0
ring_155410.csv,15:53:52.154,15:54:10.634,232,80.0,0,vDcInst/idc_units/iq_shed,481.34,488.1,16.95,17.55,1.0,1.0
ring_155434.csv,15:54:15.859,15:54:34.339,232,80.0,0,vDcInst/idc_units/iq_shed,481.58,488.83,16.68,17.58,1.0,1.0
ring_155458.csv,15:54:39.739,15:54:58.059,230,80.0,0,vDcInst/idc_units/iq_shed,480.61,488.35,16.68,17.58,1.0,1.0
ring_155521.csv,15:55:03.412,15:55:21.732,230,80.0,0,vDcInst/idc_units/iq_shed,481.34,489.07,16.68,17.58,1.0,1.0
ring_155545.csv,15:55:26.974,15:55:45.374,231,80.0,0,vDcInst/idc_units/iq_shed,482.3,488.1,16.71,17.28,1.0,1.0
ring_155608.csv,15:55:50.518,15:56:08.838,230,80.0,0,vDcInst/idc_units/iq_shed,481.58,488.83,16.43,17.32,1.0,1.0
ring_155632.csv,15:56:14.062,15:56:32.462,231,80.0,0,vDcInst/idc_units/iq_shed,481.09,488.83,16.43,17.31,1.0,1.0
ring_155656.csv,15:56:37.608,15:56:56.008,231,80.0,0,vDcInst/idc_units/iq_shed,482.54,488.59,16.43,17.01,1.0,1.0
ring_155719.csv,15:57:01.281,15:57:19.681,231,80.0,0,vDcInst/idc_units/iq_shed,480.37,489.8,16.18,17.36,1.0,1.0
ring_155744.csv,15:57:25.224,15:57:44.584,243,80.0,0,vDcInst/idc_units/iq_shed,482.79,489.56,16.18,17.04,1.0,1.0
ring_155808.csv,15:57:50.208,15:58:08.608,231,80.0,0,vDcInst/idc_units/iq_shed,482.06,490.04,16.17,17.03,1.0,1.0
ring_155832.csv,15:58:13.944,15:58:32.344,231,80.0,0,vDcInst/idc_units/iq_shed,481.34,491.25,15.89,17.03,1.0,1.0
ring_155855.csv,15:58:37.490,15:58:55.810,230,80.0,0,vDcInst/idc_units/iq_shed,479.64,490.76,15.9,17.06,1.0,1.0
ring_155919.csv,15:59:01.003,15:59:19.323,230,80.0,0,vDcInst/idc_units/iq_shed,482.79,490.28,15.92,16.76,1.0,1.0
ring_155942.csv,15:59:24.658,15:59:42.978,230,80.0,0,vDcInst/idc_units/iq_shed,482.06,490.28,15.94,16.77,1.0,1.0
ring_160007.csv,15:59:48.220,16:00:07.580,243,80.0,0,vDcInst/idc_units/iq_shed,484.24,490.04,15.94,16.5,1.0,1.0
ring_160031.csv,16:00:13.348,16:00:31.668,230,80.0,0,vDcInst/idc_units/iq_shed,483.51,491.49,15.69,16.52,1.0,1.0
ring_160055.csv,16:00:36.940,16:00:55.260,230,80.0,0,vDcInst/idc_units/iq_shed,482.54,490.28,15.69,16.53,1.0,1.0
ring_160118.csv,16:01:00.453,16:01:18.853,231,80.0,0,vDcInst/idc_units/iq_shed,483.51,490.76,15.7,16.53,1.0,1.0
ring_160142.csv,16:01:24.094,16:01:42.574,232,80.0,0,vDcInst/idc_units/iq_shed,484.24,490.28,15.71,16.25,1.0,1.0
ring_160207.csv,16:01:48.021,16:02:07.381,243,80.0,0,vDcInst/idc_units/iq_shed,483.51,490.76,15.46,16.27,1.0,1.0
ring_160231.csv,16:02:13.102,16:02:31.502,231,80.0,0,vDcInst/idc_units/iq_shed,484.96,490.76,15.47,16.01,1.0,1.0
ring_160255.csv,16:02:36.790,16:02:55.190,231,80.0,0,vDcInst/idc_units/iq_shed,484.0,490.28,15.48,16.03,1.0,1.0
ring_160319.csv,16:03:00.367,16:03:19.727,243,80.0,0,vDcInst/idc_units/iq_shed,483.75,491.73,15.23,16.02,1.0,1.0
ring_160343.csv,16:03:25.479,16:03:43.879,231,80.0,0,vDcInst/idc_units/iq_shed,483.27,491.49,15.23,16.02,1.0,1.0
ring_160407.csv,16:03:49.120,16:04:07.520,231,80.0,0,vDcInst/idc_units/iq_shed,270.52,491.73,5.46,16.05,0.1,1.0
ring_160430.csv,16:04:12.632,16:04:30.952,230,80.0,0,vDcInst/idc_units/iq_shed,403.73,411.95,2.15,2.23,0.868,0.897
ring_160454.csv,16:04:36.241,16:04:54.641,231,80.0,0,vDcInst/idc_units/iq_shed,408.81,473.84,1.54,2.51,0.892,0.998
ring_160518.csv,16:04:59.802,16:05:18.122,230,80.0,0,vDcInst/idc_units/iq_shed,410.5,417.03,2.06,2.14,0.909,0.928
ring_160541.csv,16:05:23.330,16:05:41.730,231,80.0,0,vDcInst/idc_units/iq_shed,412.19,532.83,1.9,8.35,0.918,1.0
ring_160605.csv,16:05:46.906,16:06:05.306,231,80.0,0,vDcInst/idc_units/iq_shed,482.79,490.76,14.66,15.57,1.0,1.0
ring_160628.csv,16:06:10.419,16:06:28.819,231,80.0,0,vDcInst/idc_units/iq_shed,483.75,490.04,14.83,15.39,1.0,1.0
ring_160652.csv,16:06:34.059,16:06:52.539,232,80.0,0,vDcInst/idc_units/iq_shed,483.51,491.25,14.54,15.34,1.0,1.0
ring_160716.csv,16:06:58.020,16:07:16.340,230,80.0,0,vDcInst/idc_units/iq_shed,483.27,491.73,14.53,15.31,1.0,1.0
ring_160739.csv,16:07:21.597,16:07:39.997,231,80.0,0,vDcInst/idc_units/iq_shed,485.45,491.97,14.3,15.05,1.0,1.0
ring_160803.csv,16:07:44.614,16:08:03.654,239,80.0,0,vDcInst/idc_units/iq_shed,484.48,490.28,14.54,15.07,1.0,1.0
ring_160828.csv,16:08:09.646,16:08:28.046,231,80.0,0,vDcInst/idc_units/iq_shed,483.75,491.01,14.3,15.08,1.0,1.0
ring_160851.csv,16:08:33.495,16:08:51.895,231,80.0,0,vDcInst/idc_units/iq_shed,483.75,491.73,14.29,15.06,1.0,1.0
ring_160915.csv,16:08:57.056,16:09:15.536,232,80.0,0,vDcInst/idc_units/iq_shed,483.75,491.25,14.29,15.06,1.0,1.0
ring_160940.csv,16:09:21.016,16:09:40.456,244,80.0,0,vDcInst/idc_units/iq_shed,482.79,491.01,14.21,14.81,1.0,1.0
ring_161004.csv,16:09:46.128,16:10:04.528,231,80.0,0,vDcInst/idc_units/iq_shed,483.51,491.73,14.07,15.0,1.0,1.0
ring_161028.csv,16:10:09.816,16:10:28.136,230,80.0,0,vDcInst/idc_units/iq_shed,484.0,491.25,14.09,14.85,1.0,1.0
ring_161052.csv,16:10:33.377,16:10:52.257,237,80.0,0,vDcInst/idc_units/iq_shed,483.75,491.01,14.1,14.86,1.0,1.0
ring_161116.csv,16:10:57.753,16:11:16.153,231,80.0,0,vDcInst/idc_units/iq_shed,484.72,490.76,14.1,14.61,1.0,1.0
ring_161139.csv,16:11:21.315,16:11:39.635,230,80.0,0,vDcInst/idc_units/iq_shed,484.48,491.97,13.88,14.62,1.0,1.0
ring_161203.csv,16:11:44.859,16:12:03.179,230,80.0,0,vDcInst/idc_units/iq_shed,484.0,492.21,13.88,14.63,1.0,1.0
ring_161226.csv,16:12:08.387,16:12:26.787,231,80.0,0,vDcInst/idc_units/iq_shed,484.24,492.21,13.88,14.63,1.0,1.0
ring_161251.csv,16:12:31.964,16:12:51.324,243,80.0,0,vDcInst/idc_units/iq_shed,485.69,492.46,13.66,14.38,1.0,1.0
ring_161315.csv,16:12:57.076,16:13:15.476,231,80.0,0,vDcInst/idc_units/iq_shed,484.72,492.7,13.66,14.4,1.0,1.0
ring_161339.csv,16:13:20.717,16:13:39.117,231,80.0,0,vDcInst/idc_units/iq_shed,485.69,491.97,13.67,14.16,1.0,1.0
ring_161402.csv,16:13:44.229,16:14:02.549,230,80.0,0,vDcInst/idc_units/iq_shed,486.17,493.42,13.46,14.16,1.0,1.0
ring_161428.csv,16:14:08.846,16:14:28.286,244,80.0,0,vDcInst/idc_units/iq_shed,486.41,493.42,13.46,14.18,1.0,1.0
ring_161452.csv,16:14:33.766,16:14:52.166,231,80.0,0,vDcInst/idc_units/iq_shed,486.41,492.7,13.46,13.93,1.0,1.0
ring_161516.csv,16:14:57.919,16:15:16.239,230,80.0,0,vDcInst/idc_units/iq_shed,486.41,493.18,13.25,13.95,1.0,1.0
ring_161540.csv,16:15:21.398,16:15:40.758,243,80.0,0,vDcInst/idc_units/iq_shed,485.69,493.18,13.24,13.96,1.0,1.0
ring_161605.csv,16:15:47.087,16:16:05.407,230,80.0,0,vDcInst/idc_units/iq_shed,487.14,492.46,13.26,13.73,1.0,1.0
ring_161628.csv,16:16:10.504,16:16:28.904,231,80.0,0,vDcInst/idc_units/iq_shed,485.69,493.67,13.05,13.75,1.0,1.0
ring_161652.csv,16:16:34.063,16:16:52.463,231,80.0,0,vDcInst/idc_units/iq_shed,486.65,492.94,13.05,13.74,1.0,1.0
ring_161717.csv,16:16:57.608,16:17:17.048,244,80.0,0,vDcInst/idc_units/iq_shed,485.69,492.94,13.06,13.76,1.0,1.0
ring_161741.csv,16:17:22.769,16:17:41.249,232,80.0,0,vDcInst/idc_units/iq_shed,486.65,492.21,13.06,13.53,1.0,1.0
ring_161804.csv,16:17:46.441,16:18:04.761,230,80.0,0,vDcInst/idc_units/iq_shed,486.65,493.42,12.86,13.53,1.0,1.0
ring_161828.csv,16:18:10.019,16:18:28.339,230,80.0,0,vDcInst/idc_units/iq_shed,487.62,493.67,12.86,13.31,1.0,1.0
ring_161851.csv,16:18:33.579,16:18:51.979,231,80.0,0,vDcInst/idc_units/iq_shed,475.78,494.63,12.64,13.4,1.0,1.0
ring_161915.csv,16:18:57.124,16:19:15.524,231,80.0,0,vDcInst/idc_units/iq_shed,486.65,494.39,12.66,13.34,1.0,1.0
ring_161939.csv,16:19:20.684,16:19:39.164,232,80.0,0,vDcInst/idc_units/iq_shed,486.9,493.91,12.66,13.32,1.0,1.0
ring_162003.csv,16:19:44.660,16:20:03.620,238,80.0,0,vDcInst/idc_units/iq_shed,486.9,493.67,12.68,13.12,1.0,1.0
ring_162027.csv,16:20:09.116,16:20:27.516,231,80.0,0,vDcInst/idc_units/iq_shed,486.65,493.91,12.46,13.14,1.0,1.0
ring_162051.csv,16:20:32.932,16:20:51.972,239,80.0,0,vDcInst/idc_units/iq_shed,486.9,493.91,12.46,13.13,1.0,1.0
ring_162116.csv,16:20:57.388,16:21:16.348,238,80.0,0,vDcInst/idc_units/iq_shed,487.14,493.91,12.48,12.93,1.0,1.0
ring_162140.csv,16:21:21.749,16:21:40.149,231,80.0,0,vDcInst/idc_units/iq_shed,486.65,494.15,12.27,12.94,1.0,1.0
ring_162203.csv,16:21:45.342,16:22:03.742,231,80.0,0,vDcInst/idc_units/iq_shed,488.1,493.67,12.29,12.73,1.0,1.0
ring_162227.csv,16:22:08.903,16:22:27.303,231,80.0,0,vDcInst/idc_units/iq_shed,487.62,494.87,12.09,12.73,1.0,1.0
ring_162250.csv,16:22:32.447,16:22:50.927,232,80.0,0,vDcInst/idc_units/iq_shed,486.41,494.39,12.09,12.76,1.0,1.0
ring_162314.csv,16:22:56.327,16:23:14.727,231,80.0,0,vDcInst/idc_units/iq_shed,488.1,494.39,12.11,12.54,1.0,1.0
ring_162338.csv,16:23:19.969,16:23:38.289,230,80.0,0,vDcInst/idc_units/iq_shed,487.86,493.42,12.11,12.54,1.0,1.0
ring_162401.csv,16:23:43.481,16:24:01.961,232,80.0,0,vDcInst/idc_units/iq_shed,486.9,494.15,11.91,12.55,1.0,1.0
ring_162425.csv,16:24:07.073,16:24:25.393,230,80.0,0,vDcInst/idc_units/iq_shed,487.86,494.15,11.93,12.36,1.0,1.0
ring_162450.csv,16:24:31.659,16:24:50.059,231,80.0,0,vDcInst/idc_units/iq_shed,487.14,494.63,11.74,12.36,1.0,1.0
ring_162513.csv,16:24:55.396,16:25:13.796,231,80.0,0,vDcInst/idc_units/iq_shed,488.1,493.91,11.73,12.19,1.0,1.0
ring_162537.csv,16:25:18.939,16:25:37.259,230,80.0,0,vDcInst/idc_units/iq_shed,488.35,494.15,11.75,12.17,1.0,1.0
ring_162600.csv,16:25:42.515,16:26:00.915,231,80.0,0,vDcInst/idc_units/iq_shed,485.2,493.91,11.75,12.4,1.0,1.0
ring_162624.csv,16:26:06.045,16:26:24.445,231,80.0,0,vDcInst/idc_units/iq_shed,487.14,495.12,11.54,12.18,1.0,1.0
ring_162648.csv,16:26:29.684,16:26:48.084,231,80.0,0,vDcInst/idc_units/iq_shed,488.35,495.12,11.37,11.98,1.0,1.0
ring_162712.csv,16:26:53.261,16:27:12.701,244,80.0,0,vDcInst/idc_units/iq_shed,487.86,495.36,11.38,11.99,1.0,1.0
ring_162736.csv,16:27:18.341,16:27:36.741,231,80.0,0,vDcInst/idc_units/iq_shed,488.59,494.87,11.38,11.79,1.0,1.0
ring_162800.csv,16:27:41.966,16:28:00.366,231,80.0,0,vDcInst/idc_units/iq_shed,487.86,494.15,11.39,11.8,1.0,1.0
ring_162823.csv,16:28:05.527,16:28:23.927,231,80.0,0,vDcInst/idc_units/iq_shed,488.1,495.12,11.2,11.82,1.0,1.0
ring_162847.csv,16:28:29.039,16:28:47.439,231,80.0,0,vDcInst/idc_units/iq_shed,488.35,494.15,11.21,11.62,1.0,1.0
ring_162911.csv,16:28:52.679,16:29:11.159,232,80.0,0,vDcInst/idc_units/iq_shed,488.1,494.15,11.2,11.62,1.0,1.0
ring_162934.csv,16:29:16.577,16:29:34.977,231,80.0,0,vDcInst/idc_units/iq_shed,487.62,495.84,11.01,11.65,1.0,1.0
ring_162958.csv,16:29:40.232,16:29:58.552,230,80.0,0,vDcInst/idc_units/iq_shed,488.83,494.87,11.03,11.44,1.0,1.0
ring_163022.csv,16:30:03.777,16:30:22.257,232,80.0,0,vDcInst/idc_units/iq_shed,487.62,493.67,11.04,11.45,1.0,1.0
ring_163046.csv,16:30:27.753,16:30:46.153,231,80.0,0,vDcInst/idc_units/iq_shed,489.56,495.36,10.85,11.27,1.0,1.0
ring_163110.csv,16:30:51.283,16:31:10.243,238,80.0,0,vDcInst/idc_units/iq_shed,488.35,495.12,10.87,11.27,1.0,1.0
ring_163134.csv,16:31:15.771,16:31:34.251,232,80.0,0,vDcInst/idc_units/iq_shed,488.1,495.36,10.69,11.26,1.0,1.0
ring_163157.csv,16:31:39.586,16:31:57.986,231,80.0,0,vDcInst/idc_units/iq_shed,487.62,494.87,10.69,11.28,1.0,1.0
ring_163221.csv,16:32:03.227,16:32:21.547,230,80.0,0,vDcInst/idc_units/iq_shed,488.83,495.84,10.54,11.1,1.0,1.0
ring_163245.csv,16:32:26.661,16:32:45.061,231,80.0,0,vDcInst/idc_units/iq_shed,488.59,495.36,10.53,11.09,1.0,1.0
ring_163308.csv,16:32:50.253,16:33:08.653,231,80.0,0,vDcInst/idc_units/iq_shed,488.83,494.87,10.54,10.93,1.0,1.0
ring_163332.csv,16:33:13.893,16:33:32.293,231,80.0,0,vDcInst/idc_units/iq_shed,488.35,494.63,10.53,10.94,1.0,1.0
ring_163355.csv,16:33:37.422,16:33:55.822,231,80.0,0,vDcInst/idc_units/iq_shed,489.56,494.87,10.37,10.76,1.0,1.0
ring_163419.csv,16:34:00.918,16:34:19.318,231,80.0,0,vDcInst/idc_units/iq_shed,488.83,495.36,10.37,10.76,1.0,1.0
ring_163442.csv,16:34:24.560,16:34:42.960,231,80.0,0,vDcInst/idc_units/iq_shed,488.83,495.84,10.2,10.75,1.0,1.0
ring_163506.csv,16:34:48.071,16:35:06.471,231,80.0,0,vDcInst/idc_units/iq_shed,489.31,495.36,10.21,10.6,1.0,1.0
ring_163529.csv,16:35:11.599,16:35:29.999,231,80.0,0,vDcInst/idc_units/iq_shed,488.83,495.6,10.05,10.58,1.0,1.0
ring_163553.csv,16:35:35.256,16:35:53.576,230,80.0,0,vDcInst/idc_units/iq_shed,488.59,495.36,10.06,10.6,1.0,1.0
ring_163617.csv,16:35:58.850,16:36:17.170,230,80.0,0,vDcInst/idc_units/iq_shed,489.8,495.36,10.06,10.43,1.0,1.0
ring_163641.csv,16:36:22.281,16:36:41.721,244,80.0,0,vDcInst/idc_units/iq_shed,488.83,497.05,9.74,10.43,1.0,1.0
ring_163705.csv,16:36:47.489,16:37:05.809,230,80.0,0,vDcInst/idc_units/iq_shed,490.28,495.36,9.91,10.27,1.0,1.0
ring_163729.csv,16:37:11.035,16:37:29.435,231,80.0,0,vDcInst/idc_units/iq_shed,489.8,496.08,9.76,10.27,1.0,1.0
ring_163753.csv,16:37:34.658,16:37:53.138,232,80.0,0,vDcInst/idc_units/iq_shed,490.28,495.36,9.76,10.11,1.0,1.0
ring_163816.csv,16:37:58.587,16:38:16.907,230,80.0,0,vDcInst/idc_units/iq_shed,489.07,496.32,9.6,10.12,1.0,1.0
ring_163840.csv,16:38:22.116,16:38:40.596,232,80.0,0,vDcInst/idc_units/iq_shed,491.01,495.84,9.62,9.96,1.0,1.0
ring_163904.csv,16:38:45.804,16:39:04.124,230,80.0,0,vDcInst/idc_units/iq_shed,489.07,495.12,9.62,10.12,1.0,1.0
ring_163927.csv,16:39:09.285,16:39:27.605,230,80.0,0,vDcInst/idc_units/iq_shed,489.56,495.12,9.63,9.97,1.0,1.0
ring_163951.csv,16:39:32.813,16:39:51.293,232,80.0,0,vDcInst/idc_units/iq_shed,490.76,495.6,9.47,9.81,1.0,1.0
ring_164014.csv,16:39:56.422,16:40:14.822,231,80.0,0,vDcInst/idc_units/iq_shed,489.8,496.57,9.33,9.82,1.0,1.0
ring_164038.csv,16:40:19.935,16:40:38.895,238,80.0,0,vDcInst/idc_units/iq_shed,490.04,496.08,9.33,9.68,1.0,1.0
ring_164102.csv,16:40:44.408,16:41:02.888,232,80.0,0,vDcInst/idc_units/iq_shed,490.04,495.12,9.34,9.67,1.0,1.0
ring_164126.csv,16:41:08.352,16:41:26.752,231,80.0,0,vDcInst/idc_units/iq_shed,489.31,495.36,9.2,9.68,1.0,1.0
ring_164150.csv,16:41:32.249,16:41:50.649,231,80.0,0,vDcInst/idc_units/iq_shed,490.04,495.6,9.2,9.53,1.0,1.0
ring_164214.csv,16:41:55.792,16:42:14.112,230,80.0,0,vDcInst/idc_units/iq_shed,489.31,495.36,9.07,9.54,1.0,1.0
ring_164239.csv,16:42:20.360,16:42:39.160,236,80.0,0,vDcInst/idc_units/iq_shed,490.04,496.32,8.92,9.39,1.0,1.0
ring_164303.csv,16:42:44.562,16:43:03.042,232,80.0,0,vDcInst/idc_units/iq_shed,489.31,496.32,8.93,9.4,1.0,1.0
ring_164326.csv,16:43:08.490,16:43:26.810,230,80.0,0,vDcInst/idc_units/iq_shed,490.76,495.36,8.92,9.24,1.0,1.0
ring_164350.csv,16:43:32.034,16:43:50.914,237,80.0,0,vDcInst/idc_units/iq_shed,491.01,495.84,8.78,9.1,1.0,1.0
ring_164415.csv,16:43:56.539,16:44:15.979,244,80.0,0,vDcInst/idc_units/iq_shed,489.07,495.36,8.78,9.26,1.0,1.0
ring_164439.csv,16:44:21.523,16:44:39.923,231,80.0,0,vDcInst/idc_units/iq_shed,489.8,496.57,8.63,9.12,1.0,1.0
ring_164503.csv,16:44:45.131,16:45:03.531,231,80.0,0,vDcInst/idc_units/iq_shed,490.04,495.84,8.63,8.96,1.0,1.0
ring_164527.csv,16:45:08.629,16:45:27.029,231,80.0,0,vDcInst/idc_units/iq_shed,490.52,496.81,8.49,8.96,1.0,1.0
ring_164550.csv,16:45:32.269,16:45:50.669,231,80.0,0,vDcInst/idc_units/iq_shed,490.28,496.32,8.48,8.97,1.0,1.0
ring_164614.csv,16:45:55.797,16:46:14.197,231,80.0,0,vDcInst/idc_units/iq_shed,491.01,497.29,8.32,8.81,1.0,1.0
ring_164637.csv,16:46:19.293,16:46:37.693,231,80.0,0,vDcInst/idc_units/iq_shed,491.01,497.05,8.33,8.81,1.0,1.0
ring_164701.csv,16:46:42.950,16:47:01.350,231,80.0,0,vDcInst/idc_units/iq_shed,491.01,497.05,8.33,8.65,1.0,1.0
ring_164724.csv,16:47:06.480,16:47:24.960,232,80.0,0,vDcInst/idc_units/iq_shed,490.52,497.78,8.17,8.65,1.0,1.0
ring_164748.csv,16:47:30.455,16:47:48.855,231,80.0,0,vDcInst/idc_units/iq_shed,491.97,497.05,8.18,8.51,1.0,1.0
ring_164812.csv,16:47:53.967,16:48:12.367,231,80.0,0,vDcInst/idc_units/iq_shed,491.01,496.57,8.18,8.52,1.0,1.0
ring_164835.csv,16:48:17.593,16:48:35.913,230,80.0,0,vDcInst/idc_units/iq_shed,491.73,497.29,8.02,8.36,1.0,1.0
ring_164859.csv,16:48:41.137,16:48:59.537,231,80.0,0,vDcInst/idc_units/iq_shed,491.73,497.29,8.03,8.36,1.0,1.0
ring_164923.csv,16:49:04.682,16:49:23.082,231,80.0,0,vDcInst/idc_units/iq_shed,490.52,497.05,8.02,8.37,1.0,1.0
ring_164946.csv,16:49:28.161,16:49:46.561,231,80.0,0,vDcInst/idc_units/iq_shed,490.76,497.53,7.86,8.37,1.0,1.0
ring_165010.csv,16:49:51.771,16:50:10.171,231,80.0,0,vDcInst/idc_units/iq_shed,491.97,496.81,7.87,8.21,1.0,1.0
ring_165034.csv,16:50:16.322,16:50:34.802,232,80.0,0,vDcInst/idc_units/iq_shed,491.25,498.5,7.63,8.21,1.0,1.0
ring_165058.csv,16:50:40.140,16:50:58.540,231,80.0,0,vDcInst/idc_units/iq_shed,491.25,497.78,7.65,8.18,1.0,1.0
ring_165122.csv,16:51:03.668,16:51:22.628,238,80.0,0,vDcInst/idc_units/iq_shed,489.8,497.53,7.63,8.21,1.0,1.0
ring_165146.csv,16:51:28.156,16:51:46.476,230,80.0,0,vDcInst/idc_units/iq_shed,491.49,497.05,7.65,8.05,1.0,1.0
ring_165209.csv,16:51:51.621,16:52:09.941,230,80.0,0,vDcInst/idc_units/iq_shed,490.52,498.98,7.36,8.04,1.0,1.0
ring_165233.csv,16:52:15.149,16:52:33.549,231,80.0,0,vDcInst/idc_units/iq_shed,488.59,499.23,7.26,8.09,1.0,1.0
ring_165257.csv,16:52:38.726,16:52:57.046,230,80.0,0,vDcInst/idc_units/iq_shed,489.07,500.68,7.02,8.04,1.0,1.0
ring_165320.csv,16:53:02.222,16:53:20.622,231,80.0,0,vDcInst/idc_units/iq_shed,487.14,499.71,7.07,8.11,1.0,1.0
ring_165345.csv,16:53:25.846,16:53:45.286,244,80.0,0,vDcInst/idc_units/iq_shed,486.17,498.98,7.1,8.14,1.0,1.0
ring_165409.csv,16:53:50.958,16:54:09.278,230,80.0,0,vDcInst/idc_units/iq_shed,485.2,498.26,7.11,8.14,1.0,1.0
ring_165433.csv,16:54:14.615,16:54:33.095,232,80.0,0,vDcInst/idc_units/iq_shed,484.96,497.78,7.15,8.15,1.0,1.0
ring_165456.csv,16:54:38.480,16:54:56.960,232,80.0,0,vDcInst/idc_units/iq_shed,484.72,502.13,6.54,8.03,1.0,1.0
ring_165520.csv,16:55:02.057,16:55:20.457,231,80.0,0,vDcInst/idc_units/iq_shed,482.54,500.43,6.67,8.06,1.0,1.0
ring_165544.csv,16:55:25.585,16:55:44.065,232,80.0,0,vDcInst/idc_units/iq_shed,482.06,500.19,6.69,8.08,1.0,1.0
ring_165607.csv,16:55:49.209,16:56:07.609,231,80.0,0,vDcInst/idc_units/iq_shed,482.79,504.79,6.03,8.0,1.0,1.0
ring_165631.csv,16:56:12.690,16:56:31.090,231,80.0,0,vDcInst/idc_units/iq_shed,478.43,502.85,6.2,8.08,1.0,1.0
ring_165654.csv,16:56:36.299,16:56:54.699,231,80.0,0,vDcInst/idc_units/iq_shed,476.74,502.37,6.21,8.1,1.0,1.0
ring_165718.csv,16:56:59.811,16:57:18.211,231,80.0,0,vDcInst/idc_units/iq_shed,482.3,502.13,6.24,7.8,1.0,1.0
ring_165741.csv,16:57:23.436,16:57:41.836,231,80.0,0,vDcInst/idc_units/iq_shed,480.37,500.19,6.36,7.81,1.0,1.0
ring_165806.csv,16:57:46.995,16:58:06.355,243,80.0,0,vDcInst/idc_units/iq_shed,440.24,504.79,5.73,8.31,1.0,1.0
ring_165831.csv,16:58:12.076,16:58:31.436,243,80.0,0,vDcInst/idc_units/iq_shed,309.69,506.72,5.36,8.73,0.278,1.0
ring_165855.csv,16:58:36.884,16:58:55.844,238,80.0,0,vDcInst/idc_units/iq_shed,472.87,502.61,5.86,7.86,1.0,1.0
ring_165919.csv,16:59:01.341,16:59:19.821,232,80.0,0,vDcInst/idc_units/iq_shed,311.86,506.24,5.25,8.57,0.274,1.0
ring_165943.csv,16:59:25.269,16:59:43.589,230,80.0,0,vDcInst/idc_units/iq_shed,484.0,507.45,5.15,7.3,0.744,1.0
ring_170008.csv,16:59:49.837,17:00:08.317,232,80.0,0,vDcInst/idc_units/iq_shed,425.25,504.3,5.44,8.07,0.995,1.0
ring_170031.csv,17:00:13.637,17:00:31.957,230,80.0,0,vDcInst/idc_units/iq_shed,309.93,505.51,5.15,8.35,0.269,1.0
ring_170055.csv,17:00:37.150,17:00:55.550,231,80.0,0,vDcInst/idc_units/iq_shed,470.94,502.85,5.56,7.51,1.0,1.0
ring_170118.csv,17:01:00.678,17:01:18.998,230,80.0,0,vDcInst/idc_units/iq_shed,440.96,501.64,5.6,7.73,1.0,1.0
ring_170142.csv,17:01:24.335,17:01:42.735,231,80.0,0,vDcInst/idc_units/iq_shed,308.48,506.24,5.12,8.14,0.255,1.0
ring_170206.csv,17:01:47.880,17:02:06.280,231,80.0,0,vDcInst/idc_units/iq_shed,484.0,500.92,5.58,6.94,1.0,1.0
ring_170229.csv,17:02:11.457,17:02:29.777,230,80.0,0,vDcInst/idc_units/iq_shed,484.96,500.92,5.55,6.81,1.0,1.0
ring_170253.csv,17:02:35.001,17:02:53.321,230,80.0,0,vDcInst/idc_units/iq_shed,480.61,503.34,5.21,6.97,1.0,1.0
ring_170316.csv,17:02:58.497,17:03:16.897,231,80.0,0,vDcInst/idc_units/iq_shed,306.06,504.3,5.01,7.85,0.244,1.0
ring_170340.csv,17:03:22.155,17:03:40.475,230,80.0,0,vDcInst/idc_units/iq_shed,304.13,505.75,4.84,7.79,0.239,1.0
ring_170404.csv,17:03:45.602,17:04:04.002,231,80.0,0,vDcInst/idc_units/iq_shed,305.82,503.09,5.04,7.75,0.24,1.0
ring_170427.csv,17:04:09.226,17:04:27.546,230,80.0,0,vDcInst/idc_units/iq_shed,489.07,499.95,5.43,6.21,1.0,1.0
ring_170451.csv,17:04:32.787,17:04:51.027,229,80.0,0,vDcInst/idc_units/iq_shed,491.01,498.98,5.43,5.99,1.0,1.0
ring_170514.csv,17:04:56.348,17:05:14.748,231,80.0,0,vDcInst/idc_units/iq_shed,493.42,498.26,5.5,5.75,1.0,1.0
ring_170538.csv,17:05:19.924,17:05:38.244,230,80.0,0,vDcInst/idc_units/iq_shed,492.7,497.78,5.43,5.75,1.0,1.0
ring_170601.csv,17:05:43.390,17:06:01.790,231,80.0,0,vDcInst/idc_units/iq_shed,492.7,498.26,5.34,5.66,1.0,1.0
ring_170625.csv,17:06:07.013,17:06:25.493,232,80.0,0,vDcInst/idc_units/iq_shed,492.94,498.26,5.35,5.66,1.0,1.0
ring_170649.csv,17:06:30.927,17:06:49.247,230,80.0,0,vDcInst/idc_units/iq_shed,493.18,498.26,5.27,5.57,1.0,1.0
ring_170712.csv,17:06:54.486,17:07:12.886,231,80.0,0,vDcInst/idc_units/iq_shed,493.18,498.02,5.2,5.49,1.0,1.0
ring_170736.csv,17:07:18.031,17:07:36.431,231,80.0,0,vDcInst/idc_units/iq_shed,493.18,498.02,5.14,5.42,1.0,1.0
ring_170800.csv,17:07:41.639,17:08:00.119,232,80.0,0,vDcInst/idc_units/iq_shed,492.94,498.02,5.13,5.43,1.0,1.0
ring_170824.csv,17:08:05.600,17:08:24.000,231,80.0,0,vDcInst/idc_units/iq_shed,493.91,498.02,5.05,5.27,1.0,1.0
ring_170848.csv,17:08:30.168,17:08:48.488,230,80.0,0,vDcInst/idc_units/iq_shed,492.94,497.29,5.01,5.27,1.0,1.0
ring_170912.csv,17:08:53.937,17:09:12.257,230,80.0,0,vDcInst/idc_units/iq_shed,493.18,498.02,4.92,5.2,1.0,1.0
ring_170935.csv,17:09:17.529,17:09:35.849,230,80.0,0,vDcInst/idc_units/iq_shed,492.21,498.02,4.93,5.19,1.0,1.0
ring_170959.csv,17:09:40.963,17:09:59.283,230,80.0,0,vDcInst/idc_units/iq_shed,493.42,498.98,4.84,5.12,1.0,1.0
ring_171023.csv,17:10:04.618,17:10:23.018,231,80.0,0,vDcInst/idc_units/iq_shed,492.94,497.29,4.85,5.06,1.0,1.0
ring_171046.csv,17:10:28.131,17:10:46.531,231,80.0,0,vDcInst/idc_units/iq_shed,493.91,497.78,4.74,5.01,1.0,1.0
ring_171109.csv,17:10:51.660,17:11:09.980,230,80.0,0,vDcInst/idc_units/iq_shed,493.91,498.02,4.72,4.92,1.0,1.0
ring_171133.csv,17:11:15.284,17:11:33.684,231,80.0,0,vDcInst/idc_units/iq_shed,493.42,498.5,4.67,4.92,1.0,1.0
ring_171157.csv,17:11:38.798,17:11:57.198,231,80.0,0,vDcInst/idc_units/iq_shed,493.18,497.78,4.66,4.86,1.0,1.0
ring_171221.csv,17:12:02.358,17:12:21.718,243,80.0,0,vDcInst/idc_units/iq_shed,493.18,498.26,4.55,4.79,1.0,1.0
ring_171245.csv,17:12:27.501,17:12:45.901,231,80.0,0,vDcInst/idc_units/iq_shed,492.7,497.29,4.53,4.79,1.0,1.0
ring_171310.csv,17:12:52.165,17:13:10.485,230,80.0,0,vDcInst/idc_units/iq_shed,493.42,498.26,4.47,4.66,1.0,1.0
ring_171334.csv,17:13:15.919,17:13:34.319,231,80.0,0,vDcInst/idc_units/iq_shed,492.46,498.26,4.42,4.66,1.0,1.0
ring_171357.csv,17:13:39.414,17:13:57.814,231,80.0,0,vDcInst/idc_units/iq_shed,491.97,497.29,4.39,4.66,1.0,1.0
ring_171421.csv,17:14:03.039,17:14:21.359,230,80.0,0,vDcInst/idc_units/iq_shed,493.42,497.78,4.34,4.52,1.0,1.0
ring_171445.csv,17:14:26.615,17:14:45.015,231,80.0,0,vDcInst/idc_units/iq_shed,492.7,497.05,4.27,4.52,1.0,1.0
ring_171508.csv,17:14:50.143,17:15:08.463,230,80.0,0,vDcInst/idc_units/iq_shed,492.7,497.53,4.22,4.46,1.0,1.0
ring_171532.csv,17:15:13.689,17:15:32.009,230,80.0,0,vDcInst/idc_units/iq_shed,492.94,498.02,4.15,4.41,1.0,1.0
ring_171555.csv,17:15:37.218,17:15:55.618,231,80.0,0,vDcInst/idc_units/iq_shed,492.94,497.53,4.11,4.34,1.0,1.0
ring_171620.csv,17:16:00.841,17:16:20.281,244,80.0,0,vDcInst/idc_units/iq_shed,491.97,497.53,4.09,4.34,1.0,1.0
ring_171644.csv,17:16:25.937,17:16:44.337,231,80.0,0,vDcInst/idc_units/iq_shed,492.7,497.29,4.04,4.27,1.0,1.0
ring_171708.csv,17:16:49.593,17:17:08.313,235,80.0,0,vDcInst/idc_units/iq_shed,492.46,521.95,0.38,4.22,1.0,1.0
ring_171732.csv,17:17:13.570,17:17:32.450,237,80.0,0,vDcInst/idc_units/iq_shed,521.47,521.95,0.37,0.4,1.0,1.0
ring_171756.csv,17:17:37.979,17:17:56.379,231,80.0,0,vDcInst/idc_units/iq_shed,521.23,521.95,0.37,0.39,1.0,1.0
ring_171820.csv,17:18:01.778,17:18:20.178,231,80.0,0,vDcInst/idc_units/iq_shed,520.98,521.47,0.37,0.39,1.0,1.0
ring_171843.csv,17:18:25.388,17:18:43.788,231,80.0,0,vDcInst/idc_units/iq_shed,510.59,521.23,0.37,2.49,1.0,1.0
ring_171907.csv,17:18:48.883,17:19:07.283,231,80.0,0,vDcInst/idc_units/iq_shed,510.59,515.18,1.74,2.2,1.0,1.0
ring_171930.csv,17:19:12.508,17:19:30.828,230,80.0,0,vDcInst/idc_units/iq_shed,505.51,512.52,2.01,2.69,1.0,1.0
ring_171954.csv,17:19:36.068,17:19:54.468,231,80.0,0,vDcInst/idc_units/iq_shed,492.21,504.3,2.93,3.78,1.0,1.0
ring_172019.csv,17:20:00.670,17:20:19.390,235,80.0,0,vDcInst/idc_units/iq_shed,492.21,496.57,3.56,3.72,1.0,1.0
ring_172043.csv,17:20:24.854,17:20:43.254,231,80.0,0,vDcInst/idc_units/iq_shed,492.21,496.57,3.5,3.67,1.0,1.0
ring_172106.csv,17:20:48.365,17:21:06.765,231,80.0,0,vDcInst/idc_units/iq_shed,492.21,496.81,3.45,3.66,1.0,1.0
ring_172130.csv,17:21:12.406,17:21:30.726,230,80.0,0,vDcInst/idc_units/iq_shed,491.73,496.32,3.4,3.61,1.0,1.0
ring_172154.csv,17:21:35.872,17:21:54.272,231,80.0,0,vDcInst/idc_units/iq_shed,492.46,497.29,3.32,3.56,1.0,1.0
ring_172217.csv,17:21:59.448,17:22:17.848,231,80.0,0,vDcInst/idc_units/iq_shed,492.46,496.81,3.3,3.51,1.0,1.0
ring_172242.csv,17:22:22.991,17:22:42.431,244,80.0,0,vDcInst/idc_units/iq_shed,492.7,496.81,3.25,3.46,1.0,1.0
ring_172306.csv,17:22:48.104,17:23:06.424,230,80.0,0,vDcInst/idc_units/iq_shed,491.73,495.84,3.24,3.44,1.0,1.0
ring_172330.csv,17:23:11.632,17:23:30.032,231,80.0,0,vDcInst/idc_units/iq_shed,492.7,497.29,3.14,3.35,1.0,1.0
ring_172353.csv,17:23:35.209,17:23:53.609,231,80.0,0,vDcInst/idc_units/iq_shed,491.73,518.57,0.35,3.31,1.0,1.0
ring_172417.csv,17:23:58.817,17:24:17.297,232,80.0,0,vDcInst/idc_units/iq_shed,518.08,518.57,0.35,0.37,1.0,1.0
ring_172441.csv,17:24:22.842,17:24:41.162,230,80.0,0,vDcInst/idc_units/iq_shed,518.08,518.32,0.34,0.37,1.0,1.0
ring_172504.csv,17:24:46.258,17:25:04.578,230,80.0,0,vDcInst/idc_units/iq_shed,517.6,518.08,0.34,0.37,1.0,1.0
ring_172528.csv,17:25:09.851,17:25:28.331,232,80.0,0,vDcInst/idc_units/iq_shed,517.12,517.84,0.34,0.36,1.0,1.0
ring_172552.csv,17:25:33.459,17:25:52.179,235,80.0,0,vDcInst/idc_units/iq_shed,516.87,517.6,0.33,0.36,1.0,1.0
ring_172615.csv,17:25:57.437,17:26:15.837,231,80.0,0,vDcInst/idc_units/iq_shed,516.87,517.36,0.33,0.36,1.0,1.0
ring_172639.csv,17:26:20.934,17:26:39.254,230,80.0,0,vDcInst/idc_units/iq_shed,516.63,517.12,0.33,0.36,1.0,1.0
ring_172702.csv,17:26:44.461,17:27:02.781,230,80.0,0,vDcInst/idc_units/iq_shed,516.39,516.87,0.32,0.35,1.0,1.0
ring_172726.csv,17:27:07.974,17:27:26.374,231,80.0,0,vDcInst/idc_units/iq_shed,516.15,516.63,0.32,0.35,1.0,1.0
ring_172749.csv,17:27:31.566,17:27:49.966,231,80.0,0,vDcInst/idc_units/iq_shed,515.91,516.39,0.31,0.35,1.0,1.0
ring_172813.csv,17:27:55.047,17:28:13.447,231,80.0,0,vDcInst/idc_units/iq_shed,515.67,516.15,0.31,0.33,1.0,1.0
ring_172837.csv,17:28:18.673,17:28:37.073,231,80.0,0,vDcInst/idc_units/iq_shed,491.01,515.91,0.31,2.51,1.0,1.0
ring_172900.csv,17:28:42.217,17:29:00.617,231,80.0,0,vDcInst/idc_units/iq_shed,498.98,506.48,1.7,2.14,1.0,1.0
ring_172924.csv,17:29:05.761,17:29:24.161,231,80.0,0,vDcInst/idc_units/iq_shed,490.04,500.92,2.12,2.67,1.0,1.0
ring_172947.csv,17:29:29.273,17:29:47.593,230,80.0,0,vDcInst/idc_units/iq_shed,489.8,493.67,2.51,2.67,1.0,1.0
ring_173011.csv,17:29:52.947,17:30:11.267,230,80.0,0,vDcInst/idc_units/iq_shed,489.31,493.18,2.49,2.63,1.0,1.0
ring_173034.csv,17:30:16.395,17:30:34.795,231,80.0,0,vDcInst/idc_units/iq_shed,489.56,494.15,2.43,2.59,1.0,1.0
ring_173058.csv,17:30:39.939,17:30:58.339,231,80.0,0,vDcInst/idc_units/iq_shed,488.1,492.94,2.43,2.65,1.0,1.0
ring_173121.csv,17:31:03.436,17:31:21.756,230,80.0,0,vDcInst/idc_units/iq_shed,489.8,494.87,2.32,2.5,1.0,1.0
ring_173145.csv,17:31:27.060,17:31:45.380,230,80.0,0,vDcInst/idc_units/iq_shed,487.38,492.21,2.41,2.6,1.0,1.0
ring_173208.csv,17:31:50.605,17:32:08.925,230,80.0,0,vDcInst/idc_units/iq_shed,489.07,493.91,2.27,2.45,1.0,1.0
ring_173232.csv,17:32:14.149,17:32:32.549,231,80.0,0,vDcInst/idc_units/iq_shed,488.83,492.7,2.31,2.45,1.0,1.0
ring_173255.csv,17:32:37.678,17:32:55.998,230,80.0,0,vDcInst/idc_units/iq_shed,489.31,492.94,2.26,2.39,1.0,1.0
ring_173320.csv,17:33:01.176,17:33:20.536,243,80.0,0,vDcInst/idc_units/iq_shed,488.1,513.25,0.3,2.35,1.0,1.0
ring_173344.csv,17:33:25.967,17:33:44.927,238,80.0,0,vDcInst/idc_units/iq_shed,512.76,513.25,0.29,0.31,1.0,1.0
ring_173408.csv,17:33:50.487,17:34:08.887,231,80.0,0,vDcInst/idc_units/iq_shed,512.52,513.01,0.29,0.31,1.0,1.0
ring_173432.csv,17:34:14.241,17:34:32.641,231,80.0,0,vDcInst/idc_units/iq_shed,512.28,512.76,0.29,0.32,1.0,1.0
ring_173456.csv,17:34:37.880,17:34:56.920,239,80.0,0,vDcInst/idc_units/iq_shed,512.04,512.52,0.29,0.31,1.0,1.0
ring_173520.csv,17:35:02.290,17:35:20.610,230,80.0,0,vDcInst/idc_units/iq_shed,511.8,512.28,0.29,0.31,1.0,1.0
ring_173544.csv,17:35:25.865,17:35:44.185,230,80.0,0,vDcInst/idc_units/iq_shed,511.31,512.04,0.29,0.31,1.0,1.0
ring_173607.csv,17:35:49.298,17:36:07.618,230,80.0,0,vDcInst/idc_units/iq_shed,511.07,511.56,0.29,0.31,1.0,1.0
ring_173631.csv,17:36:12.939,17:36:31.339,231,80.0,0,vDcInst/idc_units/iq_shed,510.83,511.31,0.29,0.3,1.0,1.0
ring_173654.csv,17:36:36.467,17:36:54.867,231,80.0,0,vDcInst/idc_units/iq_shed,510.59,511.07,0.28,0.3,1.0,1.0
ring_173718.csv,17:36:59.996,17:37:18.316,230,80.0,0,vDcInst/idc_units/iq_shed,510.35,510.83,0.28,0.3,1.0,1.0
ring_173742.csv,17:37:23.461,17:37:42.421,238,80.0,0,vDcInst/idc_units/iq_shed,510.1,510.59,0.27,0.3,1.0,1.0
ring_173806.csv,17:37:48.045,17:38:06.445,231,80.0,0,vDcInst/idc_units/iq_shed,509.86,510.35,0.27,0.3,1.0,1.0
ring_173830.csv,17:38:11.860,17:38:30.180,230,80.0,0,vDcInst/idc_units/iq_shed,509.38,509.86,0.26,0.29,1.0,1.0
ring_173853.csv,17:38:35.326,17:38:53.726,231,80.0,0,vDcInst/idc_units/iq_shed,509.14,509.62,0.26,0.28,1.0,1.0
ring_173917.csv,17:38:58.917,17:39:17.317,231,80.0,0,vDcInst/idc_units/iq_shed,508.9,509.38,0.26,0.29,1.0,1.0
ring_173940.csv,17:39:22.446,17:39:40.846,231,80.0,0,vDcInst/idc_units/iq_shed,508.41,509.14,0.25,0.28,1.0,1.0
ring_174004.csv,17:39:46.038,17:40:04.438,231,80.0,0,vDcInst/idc_units/iq_shed,508.41,508.9,0.25,0.27,1.0,1.0
ring_174027.csv,17:40:09.567,17:40:27.887,230,80.0,0,vDcInst/idc_units/iq_shed,508.17,508.65,0.24,0.27,1.0,1.0
ring_174051.csv,17:40:33.031,17:40:51.351,230,80.0,0,vDcInst/idc_units/iq_shed,507.93,508.17,0.24,0.27,1.0,1.0
ring_174115.csv,17:40:56.704,17:41:15.104,231,80.0,0,vDcInst/idc_units/iq_shed,507.45,508.17,0.24,0.27,1.0,1.0
ring_174138.csv,17:41:20.122,17:41:38.602,232,80.0,0,vDcInst/idc_units/iq_shed,507.45,507.69,0.23,0.26,1.0,1.0
ring_174202.csv,17:41:43.697,17:42:02.737,239,80.0,0,vDcInst/idc_units/iq_shed,506.96,507.45,0.23,0.26,1.0,1.0
ring_174226.csv,17:42:08.139,17:42:26.539,231,80.0,0,vDcInst/idc_units/iq_shed,506.72,507.2,0.23,0.25,1.0,1.0
ring_174250.csv,17:42:32.051,17:42:50.371,230,80.0,0,vDcInst/idc_units/iq_shed,452.32,485.2,1.6,2.07,1.0,1.0
ring_174313.csv,17:42:55.498,17:43:13.898,231,80.0,0,vDcInst/idc_units/iq_shed,506.24,506.72,0.23,0.26,1.0,1.0
ring_174337.csv,17:43:19.059,17:43:37.379,230,80.0,0,vDcInst/idc_units/iq_shed,506.0,506.48,0.23,0.26,1.0,1.0
ring_174400.csv,17:43:42.555,17:44:00.955,231,80.0,0,vDcInst/idc_units/iq_shed,505.51,506.0,0.22,0.25,1.0,1.0
ring_174424.csv,17:44:06.181,17:44:24.581,231,80.0,0,vDcInst/idc_units/iq_shed,439.51,505.75,0.22,1.88,1.0,1.0
ring_174447.csv,17:44:29.644,17:44:47.964,230,80.0,0,vDcInst/idc_units/iq_shed,504.79,505.27,0.22,0.25,1.0,1.0
ring_174511.csv,17:44:53.269,17:45:11.669,231,80.0,0,vDcInst/idc_units/iq_shed,504.54,505.03,0.22,0.24,1.0,1.0
ring_174535.csv,17:45:16.813,17:45:35.133,230,80.0,0,vDcInst/idc_units/iq_shed,504.3,504.79,0.21,0.25,1.0,1.0
ring_174558.csv,17:45:40.294,17:45:58.774,232,80.0,0,vDcInst/idc_units/iq_shed,464.9,504.3,0.21,1.74,1.0,1.0
ring_174622.csv,17:46:03.854,17:46:22.254,231,80.0,0,vDcInst/idc_units/iq_shed,503.58,504.06,0.21,0.24,1.0,1.0
ring_174646.csv,17:46:27.352,17:46:46.312,238,80.0,0,vDcInst/idc_units/iq_shed,503.34,503.82,0.21,0.23,1.0,1.0
ring_174710.csv,17:46:51.775,17:47:10.175,231,80.0,0,vDcInst/idc_units/iq_shed,503.09,503.34,0.21,0.24,1.0,1.0
ring_174733.csv,17:47:15.304,17:47:33.624,230,80.0,0,vDcInst/idc_units/iq_shed,460.3,503.09,0.21,1.68,1.0,1.0
ring_174757.csv,17:47:38.832,17:47:57.152,230,80.0,0,vDcInst/idc_units/iq_shed,502.13,502.85,0.2,0.23,1.0,1.0
ring_174820.csv,17:48:02.313,17:48:20.793,232,80.0,0,vDcInst/idc_units/iq_shed,501.89,502.37,0.2,0.23,1.0,1.0
ring_174844.csv,17:48:25.889,17:48:44.209,230,80.0,0,vDcInst/idc_units/iq_shed,501.64,502.13,0.2,0.22,1.0,1.0
ring_174907.csv,17:48:49.371,17:49:07.771,231,80.0,0,vDcInst/idc_units/iq_shed,451.12,501.64,0.2,1.44,1.0,1.0
ring_174931.csv,17:49:13.027,17:49:31.427,231,80.0,0,vDcInst/idc_units/iq_shed,500.92,501.4,0.19,0.22,1.0,1.0
ring_174954.csv,17:49:36.507,17:49:54.827,230,80.0,0,vDcInst/idc_units/iq_shed,500.68,501.16,0.19,0.22,1.0,1.0
ring_175018.csv,17:49:59.972,17:50:18.372,231,80.0,0,vDcInst/idc_units/iq_shed,500.19,500.68,0.19,0.22,1.0,1.0
ring_175041.csv,17:50:23.548,17:50:41.948,231,80.0,0,vDcInst/idc_units/iq_shed,439.03,500.43,0.18,1.43,1.0,1.0
ring_175105.csv,17:50:47.094,17:51:05.494,231,80.0,0,vDcInst/idc_units/iq_shed,499.47,500.19,0.19,0.21,1.0,1.0
ring_175128.csv,17:51:10.589,17:51:28.989,231,80.0,0,vDcInst/idc_units/iq_shed,499.23,499.71,0.18,0.21,1.0,1.0
ring_175152.csv,17:51:34.197,17:51:52.597,231,80.0,0,vDcInst/idc_units/iq_shed,498.74,499.23,0.18,0.21,1.0,1.0
ring_175215.csv,17:51:57.599,17:52:15.919,230,80.0,0,vDcInst/idc_units/iq_shed,433.23,498.98,0.18,1.42,1.0,1.0
ring_175239.csv,17:52:21.174,17:52:39.574,231,80.0,0,vDcInst/idc_units/iq_shed,498.02,498.74,0.18,0.21,1.0,1.0
ring_175303.csv,17:52:44.784,17:53:03.184,231,80.0,0,vDcInst/idc_units/iq_shed,497.78,498.26,0.18,0.2,1.0,1.0
ring_175326.csv,17:53:08.280,17:53:26.600,230,80.0,0,vDcInst/idc_units/iq_shed,497.53,497.78,0.18,0.2,1.0,1.0
ring_175350.csv,17:53:31.793,17:53:50.193,231,80.0,0,vDcInst/idc_units/iq_shed,448.21,498.5,0.18,1.35,1.0,1.0
ring_175413.csv,17:53:55.369,17:54:13.769,231,80.0,0,vDcInst/idc_units/iq_shed,496.81,497.29,0.18,0.2,1.0,1.0
ring_175437.csv,17:54:18.945,17:54:37.345,231,80.0,0,vDcInst/idc_units/iq_shed,496.32,496.81,0.17,0.2,1.0,1.0
ring_175500.csv,17:54:42.426,17:55:00.826,231,80.0,0,vDcInst/idc_units/iq_shed,496.08,496.57,0.17,0.2,1.0,1.0
ring_175524.csv,17:55:05.906,17:55:24.306,231,80.0,0,vDcInst/idc_units/iq_shed,411.95,496.08,0.17,1.22,1.0,1.0
ring_175547.csv,17:55:29.516,17:55:47.836,230,80.0,0,vDcInst/idc_units/iq_shed,495.36,495.84,0.17,0.2,1.0,1.0
ring_175611.csv,17:55:53.043,17:56:11.363,230,80.0,0,vDcInst/idc_units/iq_shed,494.87,495.6,0.16,0.19,1.0,1.0
ring_175634.csv,17:56:16.509,17:56:34.909,231,80.0,0,vDcInst/idc_units/iq_shed,494.39,495.12,0.17,0.2,1.0,1.0
ring_175658.csv,17:56:40.116,17:56:58.516,231,80.0,0,vDcInst/idc_units/iq_shed,419.69,494.63,0.17,1.1,1.0,1.0
ring_175721.csv,17:57:03.598,17:57:21.998,231,80.0,0,vDcInst/idc_units/iq_shed,493.67,494.15,0.17,0.2,1.0,1.0
ring_175745.csv,17:57:27.173,17:57:45.573,231,80.0,0,vDcInst/idc_units/iq_shed,493.42,493.91,0.16,0.19,1.0,1.0
ring_175809.csv,17:57:50.686,17:58:09.086,231,80.0,0,vDcInst/idc_units/iq_shed,492.94,493.42,0.16,0.19,1.0,1.0
ring_175832.csv,17:58:14.182,17:58:32.502,230,80.0,0,vDcInst/idc_units/iq_shed,409.05,493.18,0.16,1.07,1.0,1.0
ring_175856.csv,17:58:37.824,17:58:56.304,232,80.0,0,vDcInst/idc_units/iq_shed,491.97,492.7,0.16,0.19,1.0,1.0
ring_175920.csv,17:59:01.655,17:59:20.055,231,80.0,0,vDcInst/idc_units/iq_shed,491.73,492.21,0.16,0.19,1.0,1.0
ring_175943.csv,17:59:25.263,17:59:43.583,230,80.0,0,vDcInst/idc_units/iq_shed,491.49,491.97,0.16,0.19,1.0,1.0
ring_180007.csv,17:59:48.824,18:00:07.144,230,80.0,0,vDcInst/idc_units/iq_shed,420.65,491.49,0.16,1.02,1.0,1.0
ring_180030.csv,18:00:12.321,18:00:30.641,230,80.0,0,vDcInst/idc_units/iq_shed,490.52,491.01,0.16,0.18,1.0,1.0
ring_180054.csv,18:00:35.817,18:00:54.217,231,80.0,0,vDcInst/idc_units/iq_shed,490.04,490.52,0.16,0.19,1.0,1.0
ring_180117.csv,18:00:59.345,18:01:17.665,230,80.0,0,vDcInst/idc_units/iq_shed,489.56,490.04,0.16,0.18,1.0,1.0
ring_180141.csv,18:01:22.859,18:01:41.179,230,80.0,0,vDcInst/idc_units/iq_shed,429.12,489.8,0.15,0.95,1.0,1.0
ring_180204.csv,18:01:46.402,18:02:04.882,232,80.0,0,vDcInst/idc_units/iq_shed,488.83,489.31,0.15,0.18,1.0,1.0
ring_180228.csv,18:02:10.027,18:02:28.347,230,80.0,0,vDcInst/idc_units/iq_shed,488.1,488.83,0.15,0.18,1.0,1.0
ring_180251.csv,18:02:33.491,18:02:51.811,230,80.0,0,vDcInst/idc_units/iq_shed,487.62,488.35,0.15,0.18,1.0,1.0
ring_180316.csv,18:02:57.085,18:03:16.045,238,80.0,0,vDcInst/idc_units/iq_shed,434.43,488.1,0.15,0.84,1.0,1.0
ring_180339.csv,18:03:21.477,18:03:39.877,231,80.0,0,vDcInst/idc_units/iq_shed,486.65,487.38,0.15,0.18,1.0,1.0
ring_180403.csv,18:03:45.277,18:04:03.757,232,80.0,0,vDcInst/idc_units/iq_shed,486.17,486.9,0.15,0.17,1.0,1.0
ring_180427.csv,18:04:09.318,18:04:27.638,230,80.0,0,vDcInst/idc_units/iq_shed,485.69,486.41,0.14,0.17,1.0,1.0
ring_180451.csv,18:04:32.735,18:04:51.135,231,80.0,0,vDcInst/idc_units/iq_shed,485.2,485.69,0.14,0.17,1.0,1.0
ring_180514.csv,18:04:56.215,18:05:14.615,231,80.0,0,vDcInst/idc_units/iq_shed,484.48,485.2,0.14,0.17,1.0,1.0
ring_180538.csv,18:05:19.775,18:05:38.095,230,80.0,0,vDcInst/idc_units/iq_shed,484.0,484.72,0.14,0.17,1.0,1.0
ring_180601.csv,18:05:43.305,18:06:01.705,231,80.0,0,vDcInst/idc_units/iq_shed,483.27,484.0,0.14,0.17,1.0,1.0
ring_180625.csv,18:06:06.911,18:06:25.311,231,80.0,0,vDcInst/idc_units/iq_shed,482.79,483.27,0.14,0.17,1.0,1.0
ring_180648.csv,18:06:30.408,18:06:48.728,230,80.0,0,vDcInst/idc_units/iq_shed,482.06,482.79,0.14,0.17,1.0,1.0
ring_180712.csv,18:06:53.970,18:07:12.370,231,80.0,0,vDcInst/idc_units/iq_shed,481.34,482.06,0.14,0.17,1.0,1.0
ring_180735.csv,18:07:17.449,18:07:35.849,231,80.0,0,vDcInst/idc_units/iq_shed,429.6,481.34,0.14,0.66,1.0,1.0
ring_180759.csv,18:07:40.867,18:07:59.347,232,80.0,0,vDcInst/idc_units/iq_shed,479.89,480.61,0.14,0.17,1.0,1.0
ring_180822.csv,18:08:04.555,18:08:22.955,231,80.0,0,vDcInst/idc_units/iq_shed,478.92,479.89,0.14,0.17,1.0,1.0
ring_180846.csv,18:08:28.035,18:08:46.435,231,80.0,0,vDcInst/idc_units/iq_shed,478.43,479.16,0.14,0.16,1.0,1.0
ring_180909.csv,18:08:51.531,18:09:09.851,230,80.0,0,vDcInst/idc_units/iq_shed,424.76,478.43,0.13,0.59,1.0,1.0
ring_180933.csv,18:09:15.076,18:09:33.476,231,80.0,0,vDcInst/idc_units/iq_shed,476.98,477.71,0.13,0.16,1.0,1.0
ring_180956.csv,18:09:38.524,18:09:56.844,230,80.0,0,vDcInst/idc_units/iq_shed,476.02,476.98,0.13,0.16,1.0,1.0
ring_181020.csv,18:10:02.101,18:10:20.581,232,80.0,0,vDcInst/idc_units/iq_shed,475.29,476.02,0.13,0.16,1.0,1.0
ring_181043.csv,18:10:25.645,18:10:43.965,230,80.0,0,vDcInst/idc_units/iq_shed,409.29,475.29,0.14,0.52,1.0,1.0
ring_181107.csv,18:10:49.174,18:11:07.494,230,80.0,0,vDcInst/idc_units/iq_shed,473.36,474.32,0.14,0.16,1.0,1.0
ring_181131.csv,18:11:12.734,18:11:31.214,232,80.0,0,vDcInst/idc_units/iq_shed,472.63,473.36,0.13,0.16,1.0,1.0
ring_181155.csv,18:11:36.695,18:11:55.095,231,80.0,0,vDcInst/idc_units/iq_shed,471.42,472.39,0.13,0.16,1.0,1.0
ring_181218.csv,18:12:00.144,18:12:18.544,231,80.0,0,vDcInst/idc_units/iq_shed,407.12,471.91,0.13,0.48,1.0,1.0
ring_181242.csv,18:12:23.751,18:12:42.151,231,80.0,0,vDcInst/idc_units/iq_shed,469.73,470.7,0.13,0.16,1.0,1.0
ring_181305.csv,18:12:47.153,18:13:05.473,230,80.0,0,vDcInst/idc_units/iq_shed,468.76,469.73,0.13,0.16,1.0,1.0
ring_181329.csv,18:13:10.792,18:13:29.192,231,80.0,0,vDcInst/idc_units/iq_shed,468.04,468.76,0.14,0.16,1.0,1.0
ring_181352.csv,18:13:34.194,18:13:52.594,231,80.0,0,vDcInst/idc_units/iq_shed,401.56,468.04,0.13,0.42,1.0,1.0
ring_181416.csv,18:13:57.897,18:14:16.217,230,80.0,0,vDcInst/idc_units/iq_shed,466.1,467.07,0.13,0.16,1.0,1.0
ring_181439.csv,18:14:21.443,18:14:39.843,231,80.0,0,vDcInst/idc_units/iq_shed,465.14,466.35,0.13,0.16,1.0,1.0
ring_181503.csv,18:14:44.892,18:15:03.292,231,80.0,0,vDcInst/idc_units/iq_shed,464.17,465.14,0.13,0.16,1.0,1.0
ring_181526.csv,18:15:08.355,18:15:26.755,231,80.0,0,vDcInst/idc_units/iq_shed,406.87,463.93,0.13,0.38,1.0,1.0
ring_181550.csv,18:15:31.915,18:15:50.395,232,80.0,0,vDcInst/idc_units/iq_shed,461.75,462.96,0.13,0.16,1.0,1.0
ring_181613.csv,18:15:55.460,18:16:13.780,230,80.0,0,vDcInst/idc_units/iq_shed,460.54,461.75,0.13,0.16,1.0,1.0
ring_181637.csv,18:16:18.925,18:16:37.405,232,80.0,0,vDcInst/idc_units/iq_shed,459.34,460.54,0.14,0.16,1.0,1.0
ring_181700.csv,18:16:42.405,18:17:00.805,231,80.0,0,vDcInst/idc_units/iq_shed,403.49,459.34,0.13,0.33,1.0,1.0
ring_181724.csv,18:17:06.094,18:17:24.494,231,80.0,0,vDcInst/idc_units/iq_shed,456.68,457.89,0.13,0.16,1.0,1.0
ring_181747.csv,18:17:29.511,18:17:47.911,231,80.0,0,vDcInst/idc_units/iq_shed,455.47,456.68,0.13,0.15,1.0,1.0
ring_181811.csv,18:17:53.135,18:18:11.455,230,80.0,0,vDcInst/idc_units/iq_shed,454.26,455.47,0.13,0.16,1.0,1.0
ring_181835.csv,18:18:16.679,18:18:35.079,231,80.0,0,vDcInst/idc_units/iq_shed,397.69,454.26,0.13,0.29,1.0,1.0
ring_181858.csv,18:18:40.097,18:18:58.657,233,80.0,0,vDcInst/idc_units/iq_shed,451.6,453.05,0.13,0.16,1.0,1.0
ring_181922.csv,18:19:03.785,18:19:22.185,231,80.0,0,vDcInst/idc_units/iq_shed,450.39,451.6,0.13,0.16,1.0,1.0
ring_181945.csv,18:19:27.249,18:19:45.649,231,80.0,0,vDcInst/idc_units/iq_shed,449.18,450.39,0.13,0.15,1.0,1.0
ring_182009.csv,18:19:50.683,18:20:09.083,231,80.0,0,vDcInst/idc_units/iq_shed,447.73,448.94,0.13,0.15,1.0,1.0
ring_182032.csv,18:20:14.290,18:20:32.610,230,80.0,0,vDcInst/idc_units/iq_shed,446.52,447.73,0.13,0.16,1.0,1.0
ring_182056.csv,18:20:37.786,18:20:56.266,232,80.0,0,vDcInst/idc_units/iq_shed,445.07,446.28,0.13,0.15,1.0,1.0
ring_182119.csv,18:21:01.332,18:21:19.652,230,80.0,0,vDcInst/idc_units/iq_shed,443.62,445.07,0.13,0.16,1.0,1.0
ring_182143.csv,18:21:24.845,18:21:43.165,230,80.0,0,vDcInst/idc_units/iq_shed,442.41,443.62,0.13,0.16,1.0,1.0
ring_182206.csv,18:21:48.372,18:22:06.852,232,80.0,0,vDcInst/idc_units/iq_shed,440.96,442.17,0.13,0.16,1.0,1.0
ring_182230.csv,18:22:11.996,18:22:30.316,230,80.0,0,vDcInst/idc_units/iq_shed,439.27,440.72,0.13,0.16,1.0,1.0
ring_182253.csv,18:22:35.461,18:22:53.941,232,80.0,0,vDcInst/idc_units/iq_shed,384.39,439.27,0.13,0.23,1.0,1.0
ring_182317.csv,18:22:59.071,18:23:17.471,231,80.0,0,vDcInst/idc_units/iq_shed,436.13,437.82,0.13,0.16,1.0,1.0
ring_182341.csv,18:23:22.598,18:23:41.558,238,80.0,0,vDcInst/idc_units/iq_shed,434.43,436.13,0.13,0.16,1.0,1.0
ring_182405.csv,18:23:46.895,18:24:05.375,232,80.0,0,vDcInst/idc_units/iq_shed,432.74,434.43,0.13,0.16,1.0,1.0
ring_182429.csv,18:24:10.743,18:24:29.143,231,80.0,0,vDcInst/idc_units/iq_shed,374.96,432.74,0.13,0.21,1.0,1.0
ring_182452.csv,18:24:34.336,18:24:52.656,230,80.0,0,vDcInst/idc_units/iq_shed,429.12,431.05,0.13,0.15,1.0,1.0
ring_182516.csv,18:24:57.865,18:25:16.265,231,80.0,0,vDcInst/idc_units/iq_shed,427.18,429.12,0.13,0.15,1.0,1.0
ring_182539.csv,18:25:21.378,18:25:39.698,230,80.0,0,vDcInst/idc_units/iq_shed,425.25,427.18,0.13,0.15,1.0,1.0
ring_182603.csv,18:25:44.842,18:26:03.322,232,80.0,0,vDcInst/idc_units/iq_shed,367.95,425.01,0.13,0.2,1.0,1.0
ring_182626.csv,18:26:08.403,18:26:26.803,231,80.0,0,vDcInst/idc_units/iq_shed,420.41,422.83,0.13,0.15,1.0,1.0
ring_182650.csv,18:26:31.946,18:26:50.426,232,80.0,0,vDcInst/idc_units/iq_shed,418.0,420.41,0.13,0.16,1.0,1.0
ring_182713.csv,18:26:55.522,18:27:13.922,231,80.0,0,vDcInst/idc_units/iq_shed,415.34,417.75,0.13,0.15,1.0,1.0
ring_182737.csv,18:27:18.956,18:27:37.436,232,80.0,0,vDcInst/idc_units/iq_shed,359.01,414.85,0.13,0.18,1.0,1.0
ring_182801.csv,18:27:42.547,18:28:01.027,232,80.0,0,vDcInst/idc_units/iq_shed,408.81,411.47,0.13,0.15,1.0,1.0
ring_182824.csv,18:28:06.060,18:28:24.380,230,80.0,0,vDcInst/idc_units/iq_shed,405.18,408.32,0.13,0.15,1.0,1.0
ring_182848.csv,18:28:29.718,18:28:48.038,230,80.0,0,vDcInst/idc_units/iq_shed,400.59,404.21,0.13,0.15,1.0,1.0
ring_182911.csv,18:28:53.149,18:29:11.629,232,80.0,0,vDcInst/idc_units/iq_shed,346.19,399.62,0.13,0.18,1.0,1.0
ring_182935.csv,18:29:16.759,18:29:35.639,237,80.0,0,vDcInst/idc_units/iq_shed,389.95,394.3,0.13,0.15,1.0,1.0
ring_182959.csv,18:29:41.086,18:29:59.486,231,80.0,0,vDcInst/idc_units/iq_shed,382.7,387.78,0.13,0.15,1.0,1.0
ring_183023.csv,18:30:04.535,18:30:23.495,238,80.0,0,vDcInst/idc_units/iq_shed,373.51,379.56,0.13,0.15,1.0,1.0
ring_183047.csv,18:30:28.974,18:30:47.374,231,80.0,0,vDcInst/idc_units/iq_shed,317.67,367.71,0.14,0.16,1.0,1.0
ring_183110.csv,18:30:52.455,18:31:10.775,230,80.0,0,vDcInst/idc_units/iq_shed,331.2,344.02,0.13,0.16,1.0,1.0
