iso,t_s,sts,mode,hz,P_W,VDC,IDC,drive_C,Q_m3h,vel_ms,QperP,bore_mm,M91_pct,transit_us,pos_total,fault,mod_idx,headroom_pct,panel_C,f_rot,f_slip,foc_id,foc_iq,psir,foc_md,te_Nm,p_est_W,foc_idref,foc_iqref,v_dem,vlim,v_left,on_ceiling,stop_r,f_uv_n,f_oc_n,idq_pk,mppt_voc,mppt_vhold,mppt_vratio,run_kwh,rpm,ps_spread,ps_flags,ps_ru,ps_rv,ps_rw,ps_leak,foc_rs,foc_rr,foc_lm,foc_sigls,tune_sts
2026-09-05 12:54:20,0.0,ON,MPPT,50.0,14092.9,477.3,29.53,58.8,52.1537,1.49709,3.701,111.0,,180.683,3822.4435,0,0.2,5.2,0.0,44.122,2.173,18.35,41.82,0.902,2,53.92,13470.7,16.02,50.41,268.2,246.1,-22.1,1,11,97,40,48.99,524.1,314.5,0.9105,2.479,2647.3,0.0789,0,0.6502,0.6578,0.759,0.393,0.873,0.3,57.2,5.53,1
2026-09-05 12:54:37,16.5,ON,MPPT,50.0,14095.0,477.2,29.53,58.9,52.7575,1.51442,3.743,111.0,,180.683,3822.6908,0,0.2,5.2,0.0,43.098,2.166,13.93,43.62,0.903,2,56.29,13463.8,15.78,50.48,215.6,246.1,30.5,0,11,97,40,48.99,524.1,314.5,0.9107,2.5438,2585.9,0.0789,0,0.6502,0.6578,0.759,0.393,0.873,0.3,57.2,5.53,1
2026-09-05 12:54:53,33.0,ON,MPPT,50.0,14072.6,477.2,29.49,58.9,52.858,1.5173,3.756,111.0,97.58,,3822.9257,0,0.2,5.2,0.0,42.881,2.168,16.59,43.3,0.903,2,55.88,13457.0,15.98,50.42,242.9,246.0,3.1,1,11,97,40,48.99,524.1,314.5,0.9103,2.6071,2572.9,0.0789,0,0.6502,0.6578,0.759,0.393,0.873,0.3,57.2,5.53,1
2026-09-05 12:55:10,49.5,ON,MPPT,50.0,14110.1,476.7,29.6,58.8,52.7351,1.51378,3.737,111.0,,180.685,3823.1749,0,0.2,5.1,0.0,43.848,2.174,14.61,41.94,0.9,2,53.98,13462.8,15.8,50.48,234.2,245.8,11.6,0,11,97,40,48.99,524.1,314.5,0.9101,2.6719,2630.9,0.0789,0,0.6502,0.6578,0.759,0.393,0.873,0.3,57.2,5.53,1
2026-09-05 12:55:26,66.0,ON,MPPT,50.0,14083.3,476.6,29.55,58.8,52.4369,1.50521,3.723,111.0,,180.648,3823.4088,0,0.2,5.1,0.0,44.963,2.18,15.01,40.78,0.898,2,52.37,13452.0,15.9,50.44,257.9,245.7,-12.2,1,11,97,40,48.99,524.1,314.5,0.9096,2.7351,2697.8,0.0789,0,0.6502,0.6578,0.759,0.393,0.873,0.3,57.2,5.53,1
2026-09-05 12:58:28,0.1,ON,MPPT,50.0,14148.2,477.5,29.63,60.3,52.5175,1.50753,3.712,111.0,97.59,,3826.0677,0,0.2,5.2,0.0,45.032,2.176,16.25,40.81,0.9,2,52.51,13485.7,15.94,50.43,269.1,246.2,-22.9,1,11,97,40,48.99,524.1,314.5,0.9115,3.447,2701.9,0.0789,0,0.6502,0.6578,0.759,0.393,0.873,0.3,57.2,5.53,1
2026-09-05 12:58:45,16.6,ON,MPPT,50.0,14114.3,477.9,29.54,60.4,52.6509,1.51136,3.73,111.0,,180.69,3826.3163,0,0.2,5.3,0.0,43.12,2.177,16.75,42.7,0.901,2,55.0,13483.8,16.07,50.39,242.9,246.4,3.5,1,11,97,40,48.99,524.1,314.5,0.9117,3.5105,2587.2,0.0789,0,0.6502,0.6578,0.759,0.393,0.873,0.3,57.2,5.53,1
2026-09-05 12:59:01,33.1,ON,MPPT,50.0,14150.8,477.8,29.62,60.4,52.6404,1.51106,3.72,111.0,,180.69,3826.5496,0,0.2,5.3,0.0,44.095,2.171,13.56,42.22,0.903,2,54.47,13486.5,15.89,50.45,225.6,246.3,20.8,0,11,97,40,48.99,524.1,314.5,0.912,3.5755,2645.7,0.0789,0,0.6502,0.6578,0.759,0.393,0.873,0.3,57.2,5.53,1
2026-09-05 12:59:18,49.5,ON,MPPT,50.0,14130.2,478.1,29.56,60.4,52.3836,1.50368,3.707,111.0,97.59,,3826.7983,0,0.2,5.3,0.0,43.316,2.169,15.18,43.06,0.901,2,55.47,13486.2,15.65,50.52,233.1,246.5,13.4,0,11,97,40,48.99,524.1,314.5,0.9122,3.639,2599.0,0.0789,0,0.6502,0.6578,0.759,0.393,0.873,0.3,57.2,5.53,1
2026-09-05 12:59:34,66.0,ON,MPPT,50.0,14151.6,478.1,29.6,60.5,52.4445,1.50543,3.706,111.0,,180.688,3827.0309,0,0.2,5.3,0.0,43.229,2.166,18.49,42.06,0.903,2,54.26,13492.5,16.09,50.38,262.8,246.5,-16.3,1,11,97,40,48.99,524.1,314.5,0.912,3.704,2593.8,0.0789,0,0.6502,0.6578,0.759,0.393,0.873,0.3,57.2,5.53,1
2026-09-05 12:59:51,82.5,ON,MPPT,50.0,14125.0,478.4,29.52,60.5,52.4092,1.50442,3.71,111.0,,180.688,3827.2782,0,0.2,5.4,0.0,43.13,2.17,16.2,42.49,0.903,2,54.83,13498.2,15.78,50.48,240.3,246.7,6.4,0,11,97,40,48.99,524.1,314.5,0.9125,3.7691,2587.8,0.0789,0,0.6502,0.6578,0.759,0.393,0.873,0.3,57.2,5.53,1
2026-09-05 13:00:07,98.9,ON,MPPT,50.0,14145.7,478.2,29.58,60.5,52.6405,1.51106,3.721,111.0,,180.688,3827.5122,0,0.2,5.4,0.0,44.118,2.171,16.6,42.64,0.9,2,54.87,13491.3,15.56,50.55,249.5,246.6,-2.9,1,11,97,40,48.99,524.1,314.5,0.9125,3.8326,2647.1,0.0789,0,0.6502,0.6578,0.759,0.393,0.873,0.3,57.2,5.53,1
2026-09-05 13:00:24,115.4,ON,MPPT,50.0,14133.2,478.1,29.56,60.6,52.4907,1.50676,3.714,111.0,,180.689,3827.7604,0,0.2,5.4,0.0,46.053,2.169,12.93,40.66,0.901,2,52.39,13489.7,15.18,50.67,249.8,246.5,-3.3,1,11,97,40,48.99,524.1,314.5,0.9124,3.8977,2763.2,0.0789,0,0.6502,0.6578,0.759,0.393,0.873,0.3,57.2,5.53,1
2026-09-05 13:00:40,131.9,ON,MPPT,50.0,14130.1,478.0,29.56,60.6,52.7677,1.51471,3.734,111.0,,180.687,3827.9944,0,0.2,5.3,0.0,43.798,2.171,14.4,42.82,0.9,2,55.06,13477.6,15.85,50.46,233.4,246.4,13.0,0,11,97,40,48.99,524.1,314.5,0.9121,3.9612,2627.9,0.0789,0,0.6502,0.6578,0.759,0.393,0.873,0.3,57.2,5.53,1
2026-09-05 13:00:57,148.4,ON,MPPT,50.0,14124.6,478.0,29.55,60.6,52.5309,1.50791,3.719,111.0,,180.691,3828.243,0,0.2,5.3,0.0,42.681,2.173,14.31,43.08,0.901,2,55.46,13476.1,16.32,50.31,229.1,246.4,17.3,0,11,97,40,48.99,524.1,314.5,0.9118,4.0262,2560.9,0.0789,0,0.6502,0.6578,0.759,0.393,0.873,0.3,57.2,5.53,1
2026-09-05 13:01:13,164.9,ON,MPPT,50.0,14131.3,477.7,29.58,60.5,52.6379,1.51098,3.725,111.0,,180.689,3828.4769,0,0.2,5.3,0.0,44.094,2.169,17.32,40.84,0.904,2,52.74,13484.6,16.29,50.32,279.0,246.3,-32.7,1,11,97,40,48.99,524.1,314.5,0.9113,4.0913,2645.6,0.0789,0,0.6502,0.6578,0.759,0.393,0.873,0.3,57.2,5.53,1
2026-09-05 13:01:29,181.3,ON,MPPT,50.0,14145.8,477.5,29.62,60.5,52.5046,1.50716,3.712,111.0,97.59,,3828.725,0,0.2,5.2,0.0,43.786,2.169,15.8,42.61,0.902,2,54.91,13476.6,15.74,50.49,241.3,246.2,4.9,1,11,97,40,48.99,524.1,314.5,0.9114,4.1547,2627.1,0.0789,0,0.6502,0.6578,0.759,0.393,0.873,0.3,57.2,5.53,1
2026-09-05 13:01:46,197.8,ON,MPPT,50.0,14117.4,477.8,29.55,60.6,52.4159,1.50461,3.713,111.0,,180.694,3828.9581,0,0.2,5.3,0.0,43.949,2.172,16.64,43.14,0.901,2,55.53,13477.2,15.48,50.58,236.9,246.3,9.5,0,11,97,40,48.99,524.1,314.5,0.9117,4.2198,2636.9,0.0789,0,0.6502,0.6578,0.759,0.393,0.873,0.3,57.2,5.53,1
2026-09-05 13:02:02,214.3,ON,MPPT,50.0,14123.2,477.6,29.57,60.5,52.2413,1.4996,3.699,111.0,,180.693,3829.2052,0,0.2,5.3,0.0,44.3,2.18,18.38,41.26,0.9,2,53.09,13478.0,16.49,50.26,277.3,246.3,-31.1,1,11,97,40,48.99,524.1,314.5,0.9109,4.2833,2658.0,0.0789,0,0.6502,0.6578,0.759,0.393,0.873,0.3,57.2,5.53,1
2026-09-05 13:02:19,230.7,ON,MPPT,50.0,14164.8,477.3,29.68,60.6,52.5685,1.50899,3.711,111.0,,180.693,3829.4386,0,0.2,5.2,0.0,42.631,2.176,17.55,43.32,0.901,2,55.81,13479.8,16.45,50.27,247.0,246.1,-0.9,1,11,97,40,48.99,524.1,314.5,0.9108,4.3483,2557.9,0.0789,0,0.6502,0.6578,0.759,0.393,0.873,0.3,57.2,5.53,1
2026-09-05 13:02:35,247.2,ON,MPPT,50.0,14147.9,477.7,29.62,60.5,52.6192,1.51045,3.719,111.0,,180.7,3829.6873,0,0.2,5.3,0.0,44.023,2.168,16.64,41.59,0.9,2,53.5,13479.0,16.05,50.4,266.2,246.3,-20.0,1,11,97,40,48.99,524.1,314.5,0.9115,4.4117,2641.4,0.0789,0,0.6502,0.6578,0.759,0.393,0.873,0.3,57.2,5.53,1
2026-09-05 13:02:52,263.7,ON,MPPT,50.0,14133.7,477.9,29.57,60.5,52.293,1.50108,3.7,111.0,,180.691,3829.9209,0,0.2,5.3,0.0,44.54,2.178,14.77,42.36,0.901,2,54.54,13479.5,15.97,50.42,235.1,246.4,11.3,0,11,97,40,48.99,524.1,314.5,0.9117,4.4768,2672.4,0.0789,0,0.6502,0.6578,0.759,0.393,0.873,0.3,57.2,5.53,1
2026-09-05 13:03:08,280.2,ON,MPPT,50.0,14169.1,477.6,29.67,60.5,52.5851,1.50947,3.711,111.0,,180.693,3830.1686,0,0.2,5.2,0.0,43.233,2.166,17.01,42.93,0.902,2,55.36,13486.2,16.18,50.36,246.9,246.2,-0.7,1,11,97,40,48.99,524.1,314.5,0.9116,4.5419,2594.0,0.0789,0,0.6502,0.6578,0.759,0.393,0.873,0.3,57.2,5.53,1
2026-09-05 13:03:25,296.6,ON,MPPT,50.0,14149.4,477.5,29.63,60.6,52.24,1.49956,3.692,111.0,,180.695,3830.4021,0,0.2,5.2,0.0,45.105,2.172,16.51,40.22,0.902,2,53.86,13482.1,15.67,50.52,237.1,246.2,9.2,0,11,97,40,48.99,524.1,314.5,0.9112,4.6054,2706.3,0.0789,0,0.6502,0.6578,0.759,0.393,0.873,0.3,57.2,5.53,1
2026-09-05 13:03:41,313.1,ON,MPPT,50.0,14133.4,477.4,29.61,60.6,52.2155,1.49886,3.694,111.0,,180.695,3830.6345,0,0.2,5.2,0.0,44.053,2.178,15.94,42.46,0.9,2,54.59,13467.8,16.11,50.38,239.3,246.1,6.8,0,11,97,40,48.99,524.1,314.5,0.9107,4.6704,2643.2,0.0789,0,0.6502,0.6578,0.759,0.393,0.873,0.3,57.2,5.53,1
2026-09-05 13:03:58,329.6,ON,MPPT,50.0,14121.9,477.2,29.59,60.6,52.7134,1.51315,3.733,111.0,,180.696,3830.8823,0,0.2,5.2,0.0,43.546,2.175,17.26,42.45,0.899,2,54.58,13468.7,15.63,50.53,256.5,246.1,-10.5,1,11,97,40,48.99,524.1,314.5,0.9103,4.7354,2612.7,0.0789,0,0.6502,0.6578,0.759,0.393,0.873,0.3,57.2,5.53,1
2026-09-05 13:04:14,346.1,ON,MPPT,50.0,14127.4,477.1,29.61,60.6,52.2738,1.50053,3.7,111.0,97.59,,3831.1151,0,0.2,5.1,0.0,44.722,2.173,13.89,42.11,0.901,2,54.23,13461.9,15.2,50.66,227.3,246.0,18.7,0,11,97,40,48.99,524.1,314.5,0.9106,4.7988,2683.3,0.0789,0,0.6502,0.6578,0.759,0.393,0.873,0.3,57.2,5.53,1
2026-09-05 13:04:31,362.6,ON,MPPT,50.0,14127.5,477.0,29.62,60.6,52.3318,1.5022,3.704,111.0,,180.7,3831.3624,0,0.2,5.1,0.0,43.127,2.169,15.29,43.18,0.9,2,55.57,13456.1,15.38,50.6,228.1,245.9,17.8,0,11,97,40,48.99,524.1,314.5,0.9099,4.8638,2587.6,0.0789,0,0.6502,0.6578,0.759,0.393,0.873,0.3,57.2,5.53,1
2026-09-05 13:04:47,379.0,ON,MPPT,50.0,14093.1,476.7,29.56,60.5,52.3284,1.5021,3.713,111.0,,180.697,3831.595,0,0.2,5.1,0.0,44.899,2.175,15.99,41.8,0.9,2,53.77,13443.4,15.4,50.6,238.0,245.8,7.8,0,11,97,40,48.99,524.1,314.5,0.9094,4.9272,2693.9,0.0789,0,0.6502,0.6578,0.759,0.393,0.873,0.3,57.2,5.53,1
2026-09-05 13:05:04,395.5,ON,MPPT,50.0,14117.6,476.4,29.64,60.5,52.4729,1.50625,3.717,111.0,,180.711,3831.8429,0,0.2,5.0,0.0,43.952,2.186,16.82,41.85,0.898,2,53.69,13451.2,15.69,50.51,255.0,245.6,-9.4,1,11,97,40,48.99,524.1,314.5,0.9089,4.9921,2637.1,0.0789,0,0.6502,0.6578,0.759,0.393,0.873,0.3,57.2,5.53,1
2026-09-05 13:05:20,412.0,ON,MPPT,50.0,14113.9,476.4,29.63,60.5,52.1665,1.49745,3.696,111.0,97.59,,3832.075,0,0.2,5.0,0.0,43.91,2.185,16.11,42.59,0.896,2,54.51,13447.4,15.63,50.53,249.2,245.6,-3.6,1,11,97,40,48.99,524.1,314.5,0.9091,5.0554,2634.6,0.0789,0,0.6502,0.6578,0.759,0.393,0.873,0.3,57.2,5.53,1
2026-09-05 13:05:37,428.4,ON,MPPT,50.0,14101.5,476.4,29.6,60.5,52.3559,1.50289,3.713,111.0,,180.701,3832.3218,0,0.2,5.0,0.0,43.533,2.182,16.51,42.91,0.897,2,55.02,13447.8,15.71,50.5,236.3,245.6,9.3,0,11,97,40,48.99,524.1,314.5,0.9093,5.1203,2612.0,0.0789,0,0.6502,0.6578,0.759,0.393,0.873,0.3,57.2,5.53,1
2026-09-05 13:05:53,444.9,ON,MPPT,50.0,14104.3,476.3,29.61,60.5,52.0153,1.49311,3.688,111.0,,180.7,3832.5541,0,0.2,5.0,0.0,43.211,2.18,15.81,42.9,0.899,2,55.12,13438.9,15.95,50.43,238.9,245.6,6.7,0,11,97,40,48.99,524.1,314.5,0.9086,5.1852,2592.7,0.0789,0,0.6502,0.6578,0.759,0.393,0.873,0.3,57.2,5.53,1
2026-09-05 13:06:10,461.4,ON,MPPT,50.0,14093.3,476.6,29.57,60.4,52.1842,1.49796,3.703,111.0,,180.7,3832.7998,0,0.2,5.1,0.0,43.519,2.183,13.94,43.57,0.898,2,55.93,13447.2,15.79,50.48,225.6,245.7,20.1,0,11,97,40,48.99,524.1,314.5,0.9095,5.2485,2611.1,0.0789,0,0.6502,0.6578,0.759,0.393,0.873,0.3,57.2,5.53,1
2026-09-05 13:06:26,477.9,ON,MPPT,50.0,14089.4,476.4,29.57,60.4,51.8705,1.48896,3.682,111.0,,180.7,3833.0314,0,0.2,5.0,0.0,44.566,2.188,12.77,42.0,0.896,2,53.77,13441.3,15.78,50.48,233.0,245.6,12.6,0,11,97,40,48.99,524.1,314.5,0.9087,5.3134,2673.9,0.0789,0,0.6502,0.6578,0.759,0.393,0.873,0.3,57.2,5.53,1
2026-09-05 13:06:42,494.3,ON,MPPT,50.0,14085.4,476.1,29.59,60.5,52.3485,1.50268,3.717,111.0,,180.7,3833.2778,0,0.2,4.9,0.0,43.293,2.187,14.44,43.38,0.896,2,55.56,13433.7,15.54,50.56,225.2,245.5,20.2,0,11,97,40,48.99,524.1,314.5,0.9082,5.3767,2597.6,0.0789,0,0.6502,0.6578,0.759,0.393,0.873,0.3,57.2,5.53,1
2026-09-05 13:06:59,510.8,ON,MPPT,50.0,14109.4,476.0,29.64,60.5,52.3158,1.50174,3.708,111.0,,180.702,3833.5107,0,0.2,4.9,0.0,42.693,2.179,14.95,44.79,0.897,2,57.42,13436.1,15.75,50.49,221.3,245.4,24.1,0,11,97,40,48.99,524.1,314.5,0.9087,5.4416,2561.6,0.0789,0,0.6502,0.6578,0.759,0.393,0.873,0.3,57.2,5.53,1
2026-09-05 13:07:15,527.3,ON,MPPT,50.0,14094.2,476.1,29.6,60.5,52.3746,1.50343,3.716,111.0,,180.707,3833.7575,0,0.2,5.0,0.0,44.327,2.18,16.76,42.39,0.896,2,54.28,13435.2,15.43,50.59,252.6,245.5,-7.1,1,11,97,40,48.99,524.1,314.5,0.9084,5.5064,2659.6,0.0789,0,0.6502,0.6578,0.759,0.393,0.873,0.3,57.2,5.53,1
2026-09-05 13:07:32,543.8,ON,MPPT,50.0,14111.8,475.8,29.66,60.6,52.2586,1.5001,3.703,111.0,,180.704,3833.9898,0,0.2,4.9,0.0,44.665,2.176,18.48,41.5,0.897,2,53.22,13419.0,15.95,50.43,274.0,245.3,-28.7,1,11,97,40,48.99,524.1,314.5,0.9079,5.5697,2679.9,0.0789,0,0.6502,0.6578,0.759,0.393,0.873,0.3,57.2,5.53,1
2026-09-05 13:07:48,560.3,ON,MPPT,50.0,14080.1,475.9,29.59,60.6,52.2722,1.50049,3.712,111.0,97.59,,3834.237,0,0.2,4.9,0.0,45.235,2.183,11.04,41.67,0.895,2,53.3,13425.4,15.24,50.65,231.9,245.3,13.4,0,11,97,40,48.99,524.1,314.5,0.9078,5.6345,2714.1,0.0789,0,0.6502,0.6578,0.759,0.393,0.873,0.3,57.2,5.53,1
2026-09-05 13:08:05,576.7,ON,MPPT,50.0,14065.7,476.0,29.55,60.5,52.2343,1.4994,3.714,111.0,,180.717,3834.469,0,0.2,4.9,0.0,44.129,2.186,16.31,41.59,0.896,2,53.24,13423.1,15.78,50.48,259.5,245.4,-14.1,1,11,97,40,48.99,524.1,314.5,0.908,5.6977,2647.8,0.0789,0,0.6502,0.6578,0.759,0.393,0.873,0.3,57.2,5.53,1
2026-09-05 13:08:21,593.2,ON,MPPT,50.0,14078.7,475.7,29.59,60.6,51.7989,1.4869,3.679,111.0,,180.706,3834.7152,0,0.2,4.9,0.0,44.755,2.185,16.15,40.89,0.897,2,52.41,13425.6,15.47,50.58,261.7,245.3,-16.5,1,11,97,40,48.99,524.1,314.5,0.9075,5.7626,2685.3,0.0789,0,0.6502,0.6578,0.759,0.393,0.873,0.3,57.2,5.53,1
2026-09-05 13:08:38,609.6,ON,MPPT,50.0,14092.2,475.7,29.62,60.6,52.1308,1.49643,3.699,111.0,,180.711,3834.9453,0,0.2,4.9,0.0,42.256,2.18,16.36,43.84,0.897,2,56.22,13422.1,16.09,50.38,232.6,245.3,12.6,0,11,97,40,48.99,524.1,314.5,0.9076,5.8258,2535.4,0.0789,0,0.6502,0.6578,0.759,0.393,0.873,0.3,57.2,5.53,1
2026-09-05 13:08:54,626.1,ON,MPPT,50.0,14081.6,475.6,29.61,60.6,52.2448,1.4997,3.71,111.0,,180.703,3835.1776,0,0.2,4.9,0.0,43.648,2.182,13.95,42.48,0.898,2,54.52,13421.7,15.65,50.52,234.3,245.2,10.9,0,11,97,40,48.99,524.1,314.5,0.9075,5.8906,2618.9,0.0789,0,0.6502,0.6578,0.759,0.393,0.873,0.3,57.2,5.53,1
2026-09-05 13:09:11,642.5,ON,MPPT,50.0,14067.0,475.3,29.6,60.6,52.0014,1.49271,3.697,111.0,97.6,,3835.4232,0,0.2,4.8,0.0,44.301,2.183,16.87,41.44,0.897,2,53.12,13409.6,15.56,50.55,269.6,245.1,-24.6,1,11,97,40,48.99,524.1,314.5,0.907,5.9538,2658.1,0.0789,0,0.6502,0.6578,0.759,0.393,0.873,0.3,57.2,5.53,1
2026-09-05 13:09:27,659.1,ON,MPPT,50.0,14059.5,475.0,29.6,60.6,51.8309,1.48782,3.687,111.0,,180.7,3835.6544,0,0.2,4.7,0.0,43.1,2.187,16.64,43.51,0.894,2,55.61,13403.5,15.74,50.5,235.2,244.9,9.7,0,11,97,40,48.99,524.1,314.5,0.9063,6.0185,2586.0,0.0789,0,0.6502,0.6578,0.759,0.393,0.873,0.3,57.2,5.53,1
2026-09-05 13:09:44,675.5,ON,MPPT,50.0,14053.3,474.7,29.61,60.7,52.1903,1.49814,3.714,111.0,,180.715,3835.9003,0,0.2,4.7,0.0,43.267,2.191,16.0,42.55,0.894,2,54.38,13396.2,16.01,50.41,242.8,244.7,1.9,1,11,97,40,48.99,524.1,314.5,0.9056,6.0832,2596.0,0.0789,0,0.6502,0.6578,0.759,0.393,0.873,0.3,57.2,5.53,1
2026-09-05 13:10:00,692.0,ON,MPPT,50.0,14087.6,474.5,29.69,60.6,52.1763,1.49773,3.704,111.0,97.58,,3836.1324,0,0.2,4.6,0.0,43.875,2.183,18.38,41.06,0.897,2,52.62,13391.1,15.95,50.43,280.3,244.7,-35.7,1,11,97,40,48.99,524.1,314.5,0.9059,6.1463,2632.5,0.0789,0,0.6502,0.6578,0.759,0.393,0.873,0.3,57.2,5.53,1
2026-09-05 13:10:17,708.5,ON,MPPT,50.0,14049.7,475.0,29.58,60.6,51.9535,1.49134,3.698,111.0,,180.71,3836.3782,0,0.2,4.7,0.0,43.195,2.185,15.81,42.04,0.894,2,53.72,13394.2,15.83,50.47,244.2,244.9,0.7,1,11,97,40,48.99,524.1,314.5,0.906,6.211,2591.7,0.0789,0,0.6502,0.6578,0.759,0.393,0.873,0.3,57.2,5.53,1
2026-09-05 13:10:33,725.0,ON,MPPT,50.0,14071.5,474.8,29.64,60.6,52.1951,1.49828,3.709,111.0,,180.714,3836.6099,0,0.2,4.7,0.0,43.771,2.196,16.91,42.36,0.893,2,54.09,13400.2,16.14,50.37,247.4,244.8,-2.6,1,11,97,40,48.99,524.1,314.5,0.9058,6.2757,2626.3,0.0789,0,0.6502,0.6578,0.759,0.393,0.873,0.3,57.2,5.53,1
2026-09-05 13:10:50,741.4,ON,MPPT,50.0,14028.2,475.5,29.5,60.6,52.0792,1.49495,3.712,111.0,,180.714,3836.8558,0,0.2,4.8,0.0,43.937,2.184,15.81,42.11,0.898,2,54.02,13403.3,16.0,50.41,250.5,245.1,-5.3,1,11,97,40,48.99,524.1,314.5,0.9064,6.3389,2636.2,0.0789,0,0.6502,0.6578,0.759,0.393,0.873,0.3,57.2,5.53,1
2026-09-05 13:11:06,757.9,ON,MPPT,50.0,14077.7,475.5,29.61,60.6,52.0231,1.49334,3.695,111.0,,180.724,3837.0872,0,0.2,4.8,0.0,43.062,2.176,16.44,42.68,0.901,2,54.99,13445.6,16.09,50.38,236.8,245.2,8.3,0,11,97,40,48.99,524.1,314.5,0.907,6.4036,2583.7,0.0789,0,0.6502,0.6578,0.759,0.393,0.873,0.3,57.2,5.53,1
2026-09-05 13:11:23,774.4,ON,MPPT,50.0,14081.0,475.5,29.61,60.6,51.6276,1.48198,3.666,111.0,,180.717,3837.3315,0,0.2,4.8,0.0,43.662,2.191,15.25,43.47,0.895,2,55.6,13422.6,15.85,50.46,224.9,245.2,20.3,0,11,97,40,48.99,524.1,314.5,0.9072,6.4669,2619.7,0.0789,0,0.6502,0.6578,0.759,0.393,0.873,0.3,57.2,5.53,1
2026-09-05 13:11:39,790.9,ON,MPPT,50.0,14114.3,475.5,29.68,60.6,52.2248,1.49913,3.7,111.0,,180.714,3837.5626,0,0.2,4.8,0.0,44.406,2.193,13.49,41.68,0.896,2,53.39,13431.9,15.98,50.42,233.9,245.2,11.3,0,11,97,40,48.99,524.1,314.5,0.9074,6.5317,2664.4,0.0789,0,0.6502,0.6578,0.759,0.393,0.873,0.3,57.2,5.53,1
2026-09-05 13:11:57,807.3,ON,MPPT,50.0,14112.4,475.6,29.67,60.7,52.1386,1.49665,3.695,111.0,,180.714,3837.8089,0,0.2,4.9,0.0,43.668,2.194,17.98,41.73,0.896,2,53.43,13431.0,16.45,50.27,268.4,245.2,-23.2,1,11,97,40,48.99,524.1,314.5,0.9079,6.5997,2620.1,0.0789,0,0.6502,0.6578,0.759,0.393,0.873,0.3,57.2,5.53,1
2026-09-05 13:12:13,824.8,ON,MPPT,50.0,14101.8,475.6,29.65,60.7,52.1357,1.49657,3.697,111.0,,180.714,3838.055,0,0.2,4.9,0.0,44.749,2.189,17.14,41.73,0.894,2,51.58,13428.0,15.45,50.58,266.9,245.2,-21.6,1,11,97,40,48.99,524.1,314.5,0.9077,6.663,2684.9,0.0789,0,0.6502,0.6578,0.759,0.393,0.873,0.3,57.2,5.53,1
2026-09-05 13:12:29,841.3,ON,MPPT,50.0,14104.2,475.7,29.65,60.6,51.9768,1.49201,3.685,111.0,,180.725,3838.3012,0,0.2,4.9,0.0,43.69,2.188,14.9,42.57,0.895,2,54.46,13425.0,15.82,50.47,229.5,245.3,15.7,0,11,97,40,48.99,524.1,314.5,0.908,6.7278,2621.4,0.0789,0,0.6502,0.6578,0.759,0.393,0.873,0.3,57.2,5.53,1
2026-09-05 13:12:46,857.8,ON,MPPT,50.0,14112.5,475.7,29.67,60.6,52.3339,1.50226,3.708,111.0,,180.717,3838.5334,0,0.2,4.9,0.0,44.559,2.188,18.07,41.2,0.895,2,52.71,13430.4,15.73,50.5,269.8,245.3,-24.5,1,11,97,40,48.99,524.1,314.5,0.9082,6.7926,2673.5,0.0789,0,0.6502,0.6578,0.759,0.393,0.873,0.3,57.2,5.53,1
2026-09-05 13:13:02,874.2,ON,MPPT,50.0,14096.4,476.1,29.61,60.7,51.9348,1.4908,3.684,111.0,,180.717,3838.7796,0,0.2,5.0,0.0,44.811,2.176,14.88,40.3,0.898,2,51.72,13434.0,15.37,50.61,261.2,245.5,-15.7,1,11,97,40,48.99,524.1,314.5,0.9083,6.8559,2688.7,0.0789,0,0.6502,0.6578,0.759,0.393,0.873,0.3,57.2,5.53,1
2026-09-05 13:13:19,890.7,ON,MPPT,50.0,14065.5,476.3,29.53,60.7,51.6818,1.48354,3.674,111.0,,180.712,3839.0096,0,0.2,5.0,0.0,43.782,2.185,18.09,41.93,0.898,2,53.79,13442.4,16.16,50.36,266.4,245.6,-20.8,1,11,97,40,48.99,524.1,314.5,0.9082,6.9208,2626.9,0.0789,0,0.6502,0.6578,0.759,0.393,0.873,0.3,57.2,5.53,1
2026-09-05 13:13:35,907.2,ON,MPPT,50.0,14089.3,476.0,29.6,60.7,51.767,1.48599,3.674,111.0,97.6,,3839.2398,0,0.2,4.9,0.0,43.345,2.178,17.4,43.47,0.9,2,55.89,13427.5,16.12,50.37,234.8,245.4,10.6,0,11,97,40,48.99,524.1,314.5,0.908,6.9841,2600.7,0.0789,0,0.6502,0.6578,0.759,0.393,0.873,0.3,57.2,5.53,1
2026-09-05 13:13:52,923.7,ON,MPPT,50.0,14085.7,476.0,29.59,60.6,51.8534,1.48847,3.681,111.0,,180.729,3839.4847,0,0.2,4.9,0.0,43.003,2.187,15.95,43.77,0.897,2,56.14,13432.7,15.93,50.44,232.1,245.4,13.3,0,11,97,40,48.99,524.1,314.5,0.908,7.049,2580.2,0.0789,0,0.6502,0.6578,0.759,0.393,0.873,0.3,57.2,5.53,1
2026-09-05 13:14:08,940.2,ON,MPPT,50.0,14105.8,475.7,29.66,60.6,52.1564,1.49716,3.698,111.0,97.6,,3839.7158,0,0.2,4.9,0.0,43.811,2.186,13.37,42.55,0.896,2,54.49,13424.0,16.1,50.38,227.8,245.2,17.4,0,11,97,40,48.99,524.1,314.5,0.9078,7.1138,2628.6,0.0789,0,0.6502,0.6578,0.759,0.393,0.873,0.3,57.2,5.53,1
2026-09-05 13:14:25,956.6,ON,MPPT,50.0,14085.1,475.6,29.61,60.6,52.1999,1.49841,3.706,111.0,,180.717,3839.9622,0,0.2,4.9,0.0,43.355,2.19,16.01,42.55,0.895,2,55.57,13422.8,16.17,50.36,230.8,245.2,14.4,0,11,97,40,48.99,524.1,314.5,0.9073,7.1771,2601.3,0.0789,0,0.6502,0.6578,0.759,0.393,0.873,0.3,57.2,5.53,1
2026-09-05 13:14:41,973.1,ON,MPPT,50.0,14078.8,475.5,29.61,60.6,52.1159,1.496,3.702,111.0,,180.713,3840.1941,0,0.2,4.8,0.0,44.637,2.181,16.05,40.8,0.898,2,52.34,13414.6,15.76,50.49,268.5,245.2,-23.3,1,11,97,40,48.99,524.1,314.5,0.9074,7.2419,2678.2,0.0789,0,0.6502,0.6578,0.759,0.393,0.873,0.3,57.2,5.53,1
2026-09-05 13:14:58,989.6,ON,MPPT,50.0,14051.4,475.4,29.56,60.6,52.0536,1.49421,3.705,111.0,,180.709,3840.4399,0,0.2,4.8,0.0,44.761,2.184,16.19,41.49,0.896,2,53.15,13413.2,15.54,50.56,268.4,245.1,-23.3,1,11,97,40,48.99,524.1,314.5,0.9063,7.3051,2685.6,0.0789,0,0.6502,0.6578,0.759,0.393,0.873,0.3,57.2,5.53,1
2026-09-05 13:15:14,1006.1,ON,MPPT,50.0,14080.0,475.1,29.64,60.6,51.9876,1.49232,3.692,111.0,,180.713,3840.6708,0,0.2,4.7,0.0,45.246,2.19,13.46,42.37,0.894,2,54.15,13410.8,14.77,50.79,221.5,244.9,23.4,0,11,97,40,48.99,524.1,314.5,0.9065,7.3698,2714.8,0.0789,0,0.6502,0.6578,0.759,0.393,0.873,0.3,57.2,5.53,1
2026-09-05 13:15:31,1022.5,ON,MPPT,50.0,14067.8,474.7,29.63,60.6,52.1425,1.49676,3.707,111.0,,180.679,3840.9165,0,0.2,4.7,0.0,43.074,2.188,15.55,42.37,0.894,2,54.13,13395.0,16.1,50.38,244.7,244.8,0.0,1,11,97,40,48.99,524.1,314.5,0.9058,7.4345,2584.4,0.0789,0,0.6502,0.6578,0.759,0.393,0.873,0.3,57.2,5.53,1
2026-09-05 13:15:47,1039.0,ON,MPPT,50.0,14030.6,474.1,29.59,60.6,52.2305,1.49929,3.723,111.0,,180.701,3841.1481,0,0.2,4.5,0.0,44.414,2.191,17.82,41.71,0.893,2,53.9,13377.5,15.5,50.57,247.5,244.4,-3.0,1,11,97,40,48.99,524.1,314.5,0.9043,7.4976,2664.8,0.0789,0,0.6502,0.6578,0.759,0.393,0.873,0.3,57.2,5.53,1
2026-09-05 13:16:04,1055.5,ON,MPPT,50.0,14030.6,473.5,29.63,60.4,52.1638,1.49738,3.718,111.0,97.6,,3841.3946,0,0.2,4.4,0.0,45.205,2.195,15.57,40.39,0.894,2,51.59,13363.5,15.52,50.56,260.6,244.1,-16.5,1,11,97,40,48.99,524.1,314.5,0.9035,7.5622,2712.3,0.0789,0,0.6502,0.6578,0.759,0.393,0.873,0.3,57.2,5.53,1
2026-09-05 13:16:20,1072.0,ON,MPPT,50.0,14052.8,473.0,29.71,60.4,51.9485,1.4912,3.697,111.0,,180.717,3841.626,0,0.2,4.3,0.0,43.082,2.203,15.68,42.82,0.893,2,54.62,13372.4,16.36,50.3,244.0,243.8,-0.2,1,11,97,40,48.99,524.1,314.5,0.9031,7.6251,2584.9,0.0789,0,0.6502,0.6578,0.759,0.393,0.873,0.3,57.2,5.53,1
2026-09-05 13:16:38,1088.5,ON,MPPT,50.0,14004.2,472.9,29.61,60.2,51.6197,1.48176,3.686,111.0,,180.729,3841.8706,0,0.2,4.3,0.0,44.157,2.198,13.81,42.36,0.891,2,53.97,13343.0,15.54,50.56,236.6,243.8,7.2,0,11,97,40,48.99,524.1,314.5,0.9023,7.6943,2649.4,0.0789,0,0.6502,0.6578,0.759,0.393,0.873,0.3,57.2,5.53,1
2026-09-05 13:16:54,1106.0,ON,MPPT,50.0,13996.8,473.0,29.59,60.1,51.5969,1.4811,3.686,111.0,,180.72,3842.1148,0,0.2,4.3,0.0,42.528,2.19,14.22,43.93,0.893,2,56.09,13344.7,15.65,50.52,218.7,243.9,25.2,0,11,97,40,48.99,524.1,314.5,0.9026,7.7571,2551.7,0.0789,0,0.6502,0.6578,0.759,0.393,0.873,0.3,57.2,5.53,1
2026-09-05 13:17:11,1122.5,ON,MPPT,50.0,13995.1,472.6,29.61,60.0,51.7348,1.48506,3.697,111.0,,180.716,3842.3588,0,0.2,4.2,0.0,43.491,2.199,14.25,43.12,0.892,2,54.99,13347.9,15.64,50.53,228.7,243.7,15.0,0,11,97,40,48.99,524.1,314.5,0.9017,7.8215,2609.4,0.0789,0,0.6502,0.6578,0.759,0.393,0.873,0.3,57.2,5.53,1
2026-09-05 13:17:27,1139.0,ON,MPPT,50.0,13985.7,472.3,29.61,59.9,51.7711,1.4861,3.702,111.0,,180.719,3842.5886,0,0.2,4.2,0.0,44.382,2.196,17.06,41.83,0.891,2,53.3,13335.9,15.48,50.57,269.2,243.5,-25.7,1,11,97,40,48.99,524.1,314.5,0.9015,7.8843,2662.9,0.0789,0,0.6502,0.6578,0.759,0.393,0.873,0.3,57.2,5.53,1
2026-09-05 13:17:44,1155.5,ON,MPPT,50.0,13960.1,472.4,29.55,59.9,51.779,1.48633,3.709,111.0,,180.723,3842.8332,0,0.2,4.2,0.0,43.363,2.205,15.45,43.05,0.89,2,54.78,13327.8,16.07,50.39,239.3,243.6,4.3,1,11,97,40,48.99,524.1,314.5,0.9009,7.9487,2601.8,0.0789,0,0.6502,0.6578,0.759,0.393,0.873,0.3,57.2,5.53,1
2026-09-05 13:18:00,1172.0,ON,MPPT,50.0,13960.3,472.2,29.56,59.7,51.5411,1.4795,3.692,111.0,,180.721,3843.0634,0,0.2,4.2,0.0,43.526,2.206,17.19,41.68,0.889,2,52.94,13333.9,15.96,50.42,256.0,243.4,-12.6,1,11,97,40,48.99,524.1,314.5,0.9013,8.013,2611.6,0.0789,0,0.6502,0.6578,0.759,0.393,0.873,0.3,57.2,5.53,1
2026-09-05 13:18:17,1188.5,ON,MPPT,50.0,13972.0,471.8,29.61,59.7,51.4035,1.47555,3.679,111.0,,180.731,3843.3062,0,0.2,4.1,0.0,44.151,2.199,18.14,40.64,0.891,2,51.75,13324.1,16.15,50.37,273.2,243.2,-29.9,1,11,97,40,48.99,524.1,314.5,0.9003,8.0757,2649.1,0.0789,0,0.6502,0.6578,0.759,0.393,0.873,0.3,57.2,5.53,1
2026-09-05 13:18:33,1205.0,ON,MPPT,50.0,13993.4,471.4,29.69,59.6,51.5761,1.48051,3.686,111.0,97.59,,3843.5349,0,0.2,4.0,0.0,44.818,2.204,15.69,40.48,0.891,2,51.55,13318.5,15.41,50.6,264.9,243.0,-21.9,1,11,97,40,48.99,524.1,314.5,0.8995,8.14,2689.1,0.0789,0,0.6502,0.6578,0.759,0.393,0.873,0.3,57.2,5.53,1
2026-09-05 13:18:50,1221.4,ON,MPPT,50.0,13956.6,471.7,29.59,59.6,51.5458,1.47964,3.693,111.0,,180.721,3843.7788,0,0.2,4.1,0.0,43.29,2.196,15.01,42.9,0.89,2,54.58,13315.3,15.32,50.62,236.4,243.2,6.8,0,11,97,40,48.99,524.1,314.5,0.8992,8.2042,2597.4,0.0789,0,0.6502,0.6578,0.759,0.393,0.873,0.3,57.2,5.53,1
2026-09-05 13:19:06,1237.9,ON,MPPT,50.0,13963.3,471.5,29.62,59.5,51.5127,1.47869,3.689,111.0,,180.717,3844.0075,0,0.2,4.0,0.0,44.019,2.211,13.75,42.43,0.889,2,53.93,13321.3,15.66,50.52,225.5,243.1,17.6,0,11,97,40,48.99,524.1,314.5,0.8993,8.2669,2641.1,0.0789,0,0.6502,0.6578,0.759,0.393,0.873,0.3,57.2,5.53,1
2026-09-05 13:19:23,1254.5,ON,MPPT,50.0,13922.3,471.5,29.53,59.4,51.4214,1.47606,3.693,111.0,,180.721,3844.2507,0,0.2,4.0,0.0,43.917,2.213,16.11,42.48,0.887,2,53.88,13316.8,15.94,50.43,245.7,243.1,-2.6,1,11,97,40,48.99,524.1,314.5,0.899,8.3311,2635.0,0.0789,0,0.6502,0.6578,0.759,0.393,0.873,0.3,57.2,5.53,1
2026-09-05 13:19:39,1270.9,ON,MPPT,50.0,13958.1,471.0,29.64,59.4,51.5468,1.47966,3.693,111.0,97.6,,3844.4795,0,0.2,3.9,0.0,43.582,2.204,14.79,42.64,0.889,2,54.2,13310.5,15.85,50.46,242.9,242.8,-0.1,1,11,97,40,48.99,524.1,314.5,0.8985,8.3953,2614.9,0.0789,0,0.6502,0.6578,0.759,0.393,0.873,0.3,57.2,5.53,1
2026-09-05 13:19:56,1287.4,ON,MPPT,50.0,13917.6,471.2,29.54,59.3,51.5156,1.47877,3.701,111.0,,180.731,3844.723,0,0.2,4.0,0.0,44.765,2.2,14.16,42.07,0.891,2,53.58,13292.6,15.21,50.66,223.4,242.9,19.6,0,11,97,40,48.99,524.1,314.5,0.8987,8.4579,2685.9,0.0789,0,0.6502,0.6578,0.759,0.393,0.873,0.3,57.2,5.53,1
2026-09-05 13:20:12,1303.9,ON,MPPT,50.0,13932.9,471.1,29.58,59.3,50.8255,1.45896,3.648,111.0,,180.728,3844.9509,0,0.2,3.9,0.0,42.498,2.197,16.65,43.19,0.89,2,54.96,13294.2,15.58,50.55,237.5,242.9,5.3,0,11,97,40,48.99,524.1,314.5,0.8988,8.522,2549.9,0.0789,0,0.6502,0.6578,0.759,0.393,0.873,0.3,57.2,5.53,1
2026-09-05 13:20:29,1320.4,ON,MPPT,50.0,13943.0,471.1,29.59,59.2,51.4679,1.4774,3.691,111.0,,180.726,3845.1931,0,0.2,3.9,0.0,42.92,2.206,16.27,44.55,0.889,2,56.63,13302.5,15.64,50.53,224.6,242.9,18.3,0,11,97,40,48.99,524.1,314.5,0.8992,8.5846,2575.2,0.0789,0,0.6502,0.6578,0.759,0.393,0.873,0.3,57.2,5.53,1
2026-09-05 13:20:45,1336.9,ON,MPPT,50.0,13968.1,471.3,29.64,59.2,51.276,1.47189,3.671,111.0,,180.726,3845.4212,0,0.2,4.0,0.0,43.794,2.199,17.59,42.23,0.894,2,53.95,13328.3,15.88,50.45,263.5,243.0,-20.5,1,11,97,40,48.99,524.1,314.5,0.8994,8.6488,2627.7,0.0789,0,0.6502,0.6578,0.759,0.393,0.873,0.3,57.2,5.53,1
2026-09-05 13:21:01,1353.3,ON,MPPT,50.0,13966.5,471.1,29.65,59.2,51.2553,1.4713,3.67,111.0,97.61,,3845.6631,0,0.2,3.9,0.0,43.088,2.208,15.17,44.11,0.89,2,56.11,13325.9,15.65,50.52,220.4,242.9,22.4,0,11,97,40,48.99,524.1,314.5,0.8992,8.713,2585.3,0.0789,0,0.6502,0.6578,0.759,0.393,0.873,0.3,57.2,5.53,1
2026-09-05 13:21:18,1369.8,ON,MPPT,50.0,13960.0,471.2,29.62,59.1,51.5387,1.47943,3.692,111.0,,180.726,3845.8917,0,0.2,4.0,0.0,44.701,2.201,14.96,41.87,0.894,2,55.08,13325.4,15.71,50.5,240.0,243.0,2.9,1,11,97,40,48.99,524.1,314.5,0.8992,8.7756,2682.1,0.0789,0,0.6502,0.6578,0.759,0.393,0.873,0.3,57.2,5.53,1
2026-09-05 13:21:34,1386.3,ON,MPPT,50.0,13937.3,471.6,29.56,59.1,51.5027,1.4784,3.695,111.0,,180.727,3846.1346,0,0.2,4.0,0.0,43.934,2.203,17.12,42.11,0.891,2,53.63,13318.4,15.75,50.49,246.0,243.1,-2.9,1,11,97,40,48.99,524.1,314.5,0.8999,8.8398,2636.0,0.0789,0,0.6502,0.6578,0.759,0.393,0.873,0.3,57.2,5.53,1
2026-09-05 13:21:51,1402.8,ON,MPPT,50.0,13956.2,471.8,29.58,59.0,51.2603,1.47144,3.673,111.0,,180.73,3846.3634,0,0.2,4.1,0.0,44.55,2.19,15.57,41.13,0.897,2,52.7,13337.9,15.57,50.55,252.4,243.3,-9.1,1,11,97,40,48.99,524.1,314.5,0.8998,8.9024,2673.0,0.0789,0,0.6502,0.6578,0.759,0.393,0.873,0.3,57.2,5.53,1
2026-09-05 13:22:07,1419.3,ON,MPPT,50.0,13977.3,471.8,29.62,59.0,51.3442,1.47385,3.673,111.0,,180.727,3846.6057,0,0.2,4.1,0.0,43.719,2.201,15.91,41.6,0.891,2,52.97,13332.6,15.47,50.58,249.7,243.3,-6.4,1,11,97,40,48.99,524.1,314.5,0.9003,8.9667,2623.2,0.0789,0,0.6502,0.6578,0.759,0.393,0.873,0.3,57.2,5.53,1
2026-09-05 13:22:24,1435.7,ON,MPPT,50.0,13940.1,471.7,29.55,59.0,51.1029,1.46692,3.666,111.0,,180.74,3846.8332,0,0.2,4.1,0.0,43.198,2.192,18.02,41.64,0.892,2,53.06,13315.2,15.7,50.51,266.4,243.2,-23.2,1,11,97,40,48.99,524.1,314.5,0.9,9.0309,2591.9,0.0789,0,0.6502,0.6578,0.759,0.393,0.873,0.3,57.2,5.53,1
2026-09-05 13:22:40,1452.2,ON,MPPT,50.0,13943.2,472.0,29.54,59.0,51.3158,1.47303,3.68,111.0,,180.736,3847.0615,0,0.2,4.1,0.0,43.344,2.207,16.53,43.45,0.89,2,55.25,13324.9,16.03,50.4,230.7,243.3,12.6,0,11,97,40,48.99,524.1,314.5,0.9006,9.0935,2600.7,0.0789,0,0.6502,0.6578,0.759,0.393,0.873,0.3,57.2,5.53,1
2026-09-05 13:22:57,1468.7,ON,MPPT,50.0,13956.7,472.3,29.55,58.9,51.6403,1.48235,3.7,111.0,,180.731,3847.3045,0,0.2,4.2,0.0,45.22,2.202,15.53,41.3,0.892,2,52.67,13335.6,15.23,50.65,245.9,243.5,-2.4,1,11,97,40,48.99,524.1,314.5,0.9008,9.1577,2713.2,0.0789,0,0.6502,0.6578,0.759,0.393,0.873,0.3,57.2,5.53,1
2026-09-05 13:23:13,1485.2,ON,MPPT,50.0,13962.9,472.0,29.58,58.9,51.3499,1.47401,3.678,111.0,,180.728,3847.533,0,0.2,4.1,0.0,42.97,2.201,15.92,43.12,0.892,2,54.98,13326.5,16.16,50.36,237.4,243.4,5.9,0,11,97,40,48.99,524.1,314.5,0.9005,9.222,2578.2,0.0789,0,0.6502,0.6578,0.759,0.393,0.873,0.3,57.2,5.53,1
2026-09-05 13:23:30,1501.7,ON,MPPT,50.0,13950.1,471.8,29.57,58.9,51.493,1.47812,3.691,111.0,,180.727,3847.7759,0,0.2,4.1,0.0,42.787,2.193,14.76,43.63,0.892,2,55.61,13320.6,15.29,50.63,217.1,243.2,26.1,0,11,97,40,48.99,524.1,314.5,0.8999,9.2847,2567.2,0.0789,0,0.6502,0.6578,0.759,0.393,0.873,0.3,57.2,5.53,1
2026-09-05 13:23:46,1518.2,ON,MPPT,50.0,13940.6,471.7,29.55,58.9,51.3895,1.47515,3.686,111.0,,180.712,3848.0047,0,0.2,4.1,0.0,43.49,2.21,15.8,42.87,0.89,2,54.52,13319.7,15.69,50.51,232.0,243.2,11.2,0,11,97,40,48.99,524.1,314.5,0.9002,9.3489,2609.4,0.0789,0,0.6502,0.6578,0.759,0.393,0.873,0.3,57.2,5.53,1
2026-09-05 13:24:03,1534.7,ON,MPPT,50.0,13956.4,472.1,29.56,58.9,51.3908,1.47519,3.682,111.0,97.61,,3848.247,0,0.2,4.1,0.0,43.218,2.195,16.42,41.6,0.893,2,53.08,13324.7,16.15,50.36,251.3,243.4,-7.9,1,11,97,40,48.99,524.1,314.5,0.9008,9.4131,2593.1,0.0789,0,0.6502,0.6578,0.759,0.393,0.873,0.3,57.2,5.53,1
2026-09-05 13:24:19,1551.1,ON,MPPT,50.0,13965.1,472.4,29.56,58.9,51.6864,1.48367,3.701,111.0,,180.688,3848.4763,0,0.2,4.2,0.0,42.912,2.196,15.1,43.26,0.891,2,55.11,13331.8,15.48,50.58,224.2,243.5,19.3,0,11,97,40,48.99,524.1,314.5,0.9007,9.4757,2574.7,0.0789,0,0.6502,0.6578,0.759,0.393,0.873,0.3,57.2,5.53,1
2026-09-05 13:24:36,1567.6,ON,MPPT,50.0,13979.7,472.1,29.61,58.9,51.628,1.482,3.693,111.0,,180.716,3848.7205,0,0.2,4.2,0.0,43.834,2.198,17.81,41.76,0.89,2,53.15,13340.1,15.53,50.56,266.5,243.4,-23.0,1,11,97,40,48.99,524.1,314.5,0.9013,9.54,2630.0,0.0789,0,0.6502,0.6578,0.759,0.393,0.873,0.3,57.2,5.53,1
2026-09-05 13:24:52,1584.2,ON,MPPT,50.0,13995.9,472.5,29.62,59.0,51.5766,1.48052,3.685,111.0,,180.708,3848.9494,0,0.2,4.2,0.0,43.965,2.201,13.23,42.49,0.892,2,54.14,13352.4,15.71,50.51,226.5,243.6,17.1,0,11,97,40,48.99,524.1,314.5,0.9017,9.6043,2637.9,0.0789,0,0.6502,0.6578,0.759,0.393,0.873,0.3,57.2,5.53,1
2026-09-05 13:25:09,1600.6,ON,MPPT,50.0,13993.5,472.8,29.6,59.0,51.6881,1.48372,3.694,111.0,97.6,,3849.1933,0,0.2,4.3,0.0,44.255,2.193,14.75,41.06,0.896,2,52.59,13374.3,15.6,50.54,244.9,243.8,-1.2,1,11,97,40,48.99,524.1,314.5,0.9019,9.6671,2655.3,0.0789,0,0.6502,0.6578,0.759,0.393,0.873,0.3,57.2,5.53,1
2026-09-05 13:25:25,1617.1,ON,MPPT,50.0,13958.7,472.8,29.52,59.1,51.4251,1.47617,3.684,111.0,,180.718,3849.4219,0,0.2,4.3,0.0,43.09,2.196,15.03,43.3,0.892,2,55.2,13352.7,16.0,50.42,231.5,243.8,12.2,0,11,97,40,48.99,524.1,314.5,0.9017,9.7314,2585.4,0.0789,0,0.6502,0.6578,0.759,0.393,0.873,0.3,57.2,5.53,1
2026-09-05 13:25:42,1633.6,ON,MPPT,50.0,13994.5,472.4,29.62,59.2,51.5834,1.48071,3.686,111.0,,180.723,3849.665,0,0.2,4.2,0.0,43.804,2.197,16.8,42.03,0.893,2,53.65,13347.0,15.81,50.47,249.8,243.6,-6.2,1,11,97,40,48.99,524.1,314.5,0.9013,9.7942,2628.2,0.0789,0,0.6502,0.6578,0.759,0.393,0.873,0.3,57.2,5.53,1
2026-09-05 13:25:58,1650.1,ON,MPPT,50.0,13955.3,472.8,29.51,59.1,51.545,1.47961,3.694,111.0,,180.721,3849.8947,0,0.2,4.3,0.0,43.016,2.195,17.93,42.65,0.891,2,54.32,13342.6,15.8,50.48,251.9,243.8,-8.1,1,11,97,40,48.99,524.1,314.5,0.9019,9.8585,2580.9,0.0789,0,0.6502,0.6578,0.759,0.393,0.873,0.3,57.2,5.53,1
2026-09-05 13:26:15,1666.5,ON,MPPT,50.0,13961.9,472.7,29.53,59.2,51.7197,1.48463,3.704,111.0,,180.723,3850.1381,0,0.2,4.3,0.0,43.775,2.197,15.57,42.45,0.89,2,55.37,13348.9,15.65,50.52,255.1,243.7,-11.4,1,11,97,40,48.99,524.1,314.5,0.9018,9.9228,2626.5,0.0789,0,0.6502,0.6578,0.759,0.393,0.873,0.3,57.2,5.53,1
2026-09-05 13:26:31,1683.0,ON,MPPT,50.0,13958.2,472.4,29.54,59.2,51.9473,1.49116,3.722,111.0,,180.727,3850.3684,0,0.2,4.2,0.0,44.564,2.205,16.72,41.55,0.891,2,52.9,13337.5,15.28,50.64,244.5,243.6,-0.9,1,11,97,40,48.99,524.1,314.5,0.9014,9.9856,2673.9,0.0789,0,0.6502,0.6578,0.759,0.393,0.873,0.3,57.2,5.53,1
2026-09-05 13:26:48,1699.5,ON,MPPT,50.0,13997.5,471.8,29.67,59.1,51.5115,1.47865,3.68,111.0,,180.728,3850.613,0,0.2,4.1,0.0,44.321,2.201,14.14,41.21,0.892,2,52.52,13353.6,15.59,50.54,238.4,243.3,4.8,1,11,97,40,48.99,524.1,314.5,0.9004,10.0499,2659.3,0.0789,0,0.6502,0.6578,0.759,0.393,0.873,0.3,57.2,5.53,1
2026-09-05 13:27:04,1716.0,ON,MPPT,50.0,13966.6,472.3,29.57,59.1,51.4584,1.47713,3.684,111.0,,180.738,3850.8414,0,0.2,4.2,0.0,43.25,2.194,16.3,42.17,0.894,2,53.86,13332.2,15.86,50.46,256.6,243.5,-13.1,1,11,97,40,48.99,524.1,314.5,0.9013,10.1141,2595.0,0.0789,0,0.6502,0.6578,0.759,0.393,0.873,0.3,57.2,5.53,1
2026-09-05 13:27:21,1732.5,ON,MPPT,50.0,13970.4,472.4,29.57,59.1,51.5154,1.47876,3.687,111.0,,180.729,3851.0849,0,0.2,4.2,0.0,44.55,2.196,16.6,41.34,0.891,2,52.66,13342.2,15.13,50.68,256.5,243.6,-12.9,1,11,97,40,48.99,524.1,314.5,0.9015,10.1769,2673.0,0.0789,0,0.6502,0.6578,0.759,0.393,0.873,0.3,57.2,5.53,1
2026-09-05 13:27:37,1748.9,ON,MPPT,50.0,13965.1,472.5,29.56,59.2,51.4965,1.47822,3.688,111.0,97.61,,3851.3141,0,0.2,4.2,0.0,43.045,2.198,16.79,42.3,0.891,2,53.84,13341.0,15.55,50.55,246.9,243.6,-3.3,1,11,97,40,48.99,524.1,314.5,0.9015,10.2412,2582.7,0.0789,0,0.6502,0.6578,0.759,0.393,0.873,0.3,57.2,5.53,1
2026-09-05 13:27:54,1765.4,ON,MPPT,50.0,13946.9,472.7,29.51,59.1,51.4317,1.47636,3.688,111.0,,180.731,3851.5574,0,0.2,4.3,0.0,44.338,2.204,18.42,41.43,0.892,2,52.81,13349.7,16.15,50.37,271.7,243.7,-28.0,1,11,97,40,48.99,524.1,314.5,0.9009,10.3039,2660.3,0.0789,0,0.6502,0.6578,0.759,0.393,0.873,0.3,57.2,5.53,1
2026-09-05 13:28:10,1782.0,ON,MPPT,50.0,14004.9,472.6,29.63,59.2,51.3917,1.47521,3.67,111.0,,180.743,3851.7857,0,0.2,4.2,0.0,43.197,2.197,16.06,44.69,0.892,2,54.87,13355.2,15.52,50.56,250.2,243.7,-6.5,1,11,97,40,48.99,524.1,314.5,0.9021,10.3682,2591.8,0.0789,0,0.6502,0.6578,0.759,0.393,0.873,0.3,57.2,5.53,1
2026-09-05 13:28:27,1798.4,ON,MPPT,50.0,13992.8,473.1,29.58,59.1,51.8287,1.48776,3.704,111.0,97.6,,3852.0295,0,0.2,4.3,0.0,43.676,2.186,13.86,42.8,0.895,2,54.76,13343.3,15.61,50.54,227.5,243.9,16.5,0,11,97,40,48.99,524.1,314.5,0.9025,10.4326,2620.6,0.0789,0,0.6502,0.6578,0.759,0.393,0.873,0.3,57.2,5.53,1
2026-09-05 13:28:43,1814.9,ON,MPPT,50.0,13997.9,473.5,29.56,59.1,51.557,1.47996,3.683,111.0,,180.731,3852.2594,0,0.2,4.4,0.0,44.351,2.192,15.5,41.35,0.893,2,52.79,13355.7,15.96,50.43,253.2,244.1,-9.1,1,11,97,40,48.99,524.1,314.5,0.9038,10.4954,2661.0,0.0789,0,0.6502,0.6578,0.759,0.393,0.873,0.3,57.2,5.53,1
2026-09-05 13:29:00,1831.4,ON,MPPT,50.0,13995.4,473.2,29.57,59.1,51.5279,1.47912,3.682,111.0,,180.732,3852.5033,0,0.2,4.4,0.0,42.684,2.188,15.05,43.12,0.895,2,55.16,13379.3,15.58,50.55,225.2,244.0,18.8,0,11,97,40,48.99,524.1,314.5,0.9029,10.5598,2561.0,0.0789,0,0.6502,0.6578,0.759,0.393,0.873,0.3,57.2,5.53,1
2026-09-05 13:29:16,1847.9,ON,MPPT,50.0,13981.7,473.3,29.54,59.1,51.0861,1.46644,3.654,111.0,,180.73,3852.7311,0,0.2,4.4,0.0,44.112,2.193,15.13,42.01,0.896,2,53.83,13364.1,15.82,50.47,227.9,244.0,16.1,0,11,97,40,48.99,524.1,314.5,0.9025,10.6242,2646.7,0.0789,0,0.6502,0.6578,0.759,0.393,0.873,0.3,57.2,5.53,1
2026-09-05 13:29:33,1864.4,ON,MPPT,50.0,13985.9,472.5,29.6,59.0,50.9947,1.46382,3.646,111.0,97.61,,3852.9724,0,0.2,4.2,0.0,44.672,2.202,13.88,42.32,0.89,2,53.83,13350.5,14.89,50.75,226.5,243.6,17.1,0,11,97,40,48.99,524.1,314.5,0.9021,10.687,2680.3,0.0789,0,0.6502,0.6578,0.759,0.393,0.873,0.3,57.2,5.53,1
2026-09-05 13:29:49,1880.8,ON,MPPT,50.0,13970.6,472.5,29.57,59.0,51.2991,1.47255,3.672,111.0,,180.749,3853.1999,0,0.2,4.2,0.0,43.232,2.193,18.03,42.07,0.893,2,53.67,13336.2,15.92,50.44,259.9,243.6,-16.3,1,11,97,40,48.99,524.1,314.5,0.9021,10.7513,2593.9,0.0789,0,0.6502,0.6578,0.759,0.393,0.873,0.3,57.2,5.53,1
2026-09-05 13:30:05,1897.3,ON,MPPT,50.0,13976.5,472.4,29.59,59.0,51.3808,1.4749,3.676,111.0,,180.742,3853.4426,0,0.2,4.2,0.0,42.98,2.206,16.11,43.75,0.89,2,55.64,13344.1,15.86,50.46,233.3,243.5,10.2,0,11,97,40,48.99,524.1,314.5,0.9013,10.814,2578.8,0.0789,0,0.6502,0.6578,0.759,0.393,0.873,0.3,57.2,5.53,1
2026-09-05 13:30:22,1913.9,ON,MPPT,50.0,13941.5,472.2,29.52,58.9,51.4471,1.4768,3.69,111.0,,180.739,3853.671,0,0.2,4.2,0.0,43.543,2.209,14.8,42.78,0.891,2,54.48,13335.4,16.35,50.3,233.9,243.5,9.6,0,11,97,40,48.99,524.1,314.5,0.9005,10.8783,2612.6,0.0789,0,0.6502,0.6578,0.759,0.393,0.873,0.3,57.2,5.53,1
2026-09-05 13:30:38,1930.3,ON,MPPT,50.0,13954.9,471.7,29.59,58.9,51.1976,1.46964,3.669,111.0,,180.759,3853.9133,0,0.2,4.1,0.0,46.211,2.199,16.76,39.69,0.892,2,50.61,13315.6,15.27,50.64,276.8,243.2,-33.6,1,11,97,40,48.99,524.1,314.5,0.8997,10.9425,2772.6,0.0789,0,0.6502,0.6578,0.759,0.393,0.873,0.3,57.2,5.53,1
2026-09-05 13:30:55,1946.8,ON,MPPT,50.0,13928.0,471.5,29.54,58.9,51.5454,1.47963,3.701,111.0,97.61,,3854.1415,0,0.2,4.0,0.0,44.067,2.21,16.4,41.85,0.889,2,53.15,13314.1,15.97,50.42,254.8,243.1,-11.7,1,11,97,40,48.99,524.1,314.5,0.8995,11.0051,2644.0,0.0789,0,0.6502,0.6578,0.759,0.393,0.873,0.3,57.2,5.53,1
2026-09-05 13:31:11,1963.3,ON,MPPT,50.0,13932.8,471.0,29.58,58.9,51.2999,1.47258,3.682,111.0,,180.737,3854.3702,0,0.2,3.9,0.0,44.281,2.203,16.36,41.13,0.889,2,52.24,13292.4,15.11,50.69,253.7,242.8,-10.9,1,11,97,40,48.99,524.1,314.5,0.8986,11.0692,2656.8,0.0789,0,0.6502,0.6578,0.759,0.393,0.873,0.3,57.2,5.53,1
2026-09-05 13:31:28,1979.8,ON,MPPT,50.0,13909.5,470.7,29.55,58.9,51.3066,1.47277,3.689,111.0,,180.738,3854.6125,0,0.2,3.9,0.0,44.5,2.198,15.98,40.82,0.891,2,51.99,13290.2,15.58,50.54,259.4,242.7,-16.7,1,11,97,40,48.99,524.1,314.5,0.898,11.1332,2670.0,0.0789,0,0.6502,0.6578,0.759,0.393,0.873,0.3,57.2,5.53,1
2026-09-05 13:31:44,1996.3,ON,MPPT,50.0,13940.9,469.9,29.67,58.9,51.2704,1.47173,3.678,111.0,,180.743,3854.8412,0,0.2,3.7,0.0,44.974,2.197,14.13,41.04,0.894,2,52.44,13294.8,15.22,50.65,230.6,242.3,11.7,0,11,97,40,48.99,524.1,314.5,0.8969,11.1957,2698.5,0.0789,0,0.6502,0.6578,0.759,0.393,0.873,0.3,57.2,5.53,1
2026-09-05 13:32:01,2012.8,ON,MPPT,50.0,13878.5,469.9,29.54,58.9,51.2578,1.47137,3.693,111.0,,180.739,3855.0824,0,0.2,3.7,0.0,44.516,2.204,16.3,41.19,0.89,2,52.42,13264.7,15.63,50.53,245.4,242.3,-3.2,1,11,97,40,49.0,524.1,314.5,0.896,11.2597,2671.0,0.0789,0,0.6502,0.6578,0.759,0.393,0.873,0.3,57.2,5.53,1
2026-09-05 13:32:17,2029.2,ON,MPPT,50.0,13889.4,469.6,29.58,58.9,51.0865,1.46645,3.678,111.0,97.61,,3855.3101,0,0.2,3.6,0.0,43.691,2.205,13.47,42.62,0.891,2,54.25,13288.0,15.13,50.68,220.7,242.1,21.4,0,11,97,40,49.0,524.1,314.5,0.8959,11.3236,2621.4,0.0789,0,0.6502,0.6578,0.759,0.393,0.873,0.3,57.2,5.53,1
2026-09-05 13:32:34,2045.8,ON,MPPT,50.0,13890.6,469.3,29.6,58.8,50.523,1.45028,3.637,111.0,,180.751,3855.5494,0,0.2,3.6,0.0,43.249,2.217,16.44,43.08,0.886,2,54.56,13266.3,15.4,50.6,241.5,242.0,0.5,1,11,97,40,49.0,524.1,314.5,0.8953,11.3859,2595.0,0.0789,0,0.6502,0.6578,0.759,0.393,0.873,0.3,57.2,5.53,1
2026-09-05 13:32:50,2062.2,ON,MPPT,50.0,13887.1,469.4,29.59,58.8,51.1581,1.46851,3.684,111.0,,180.753,3855.7752,0,0.2,3.6,0.0,43.292,2.209,14.45,42.21,0.886,2,53.46,13258.7,15.37,50.61,242.5,242.0,-0.5,1,11,97,40,49.0,524.1,314.5,0.8955,11.4498,2597.5,0.0789,0,0.6502,0.6578,0.759,0.393,0.873,0.3,57.2,5.53,1
2026-09-05 13:33:07,2078.7,ON,MPPT,50.0,13894.8,469.3,29.61,58.9,51.3226,1.47323,3.694,111.0,,180.752,3856.0175,0,0.2,3.6,0.0,44.47,2.199,15.5,41.55,0.89,2,52.86,13265.2,14.95,50.73,237.2,241.9,4.7,1,11,97,40,49.0,524.1,314.5,0.8953,11.5121,2668.2,0.0789,0,0.6502,0.6578,0.759,0.393,0.873,0.3,57.2,5.53,1
2026-09-05 13:33:23,2095.2,ON,MPPT,50.0,13885.2,469.4,29.58,58.9,50.6986,1.45532,3.651,111.0,97.62,,3856.2439,0,0.2,3.6,0.0,45.04,2.212,16.34,40.92,0.887,2,51.85,13265.6,15.09,50.69,253.7,242.0,-11.7,1,11,97,40,49.0,524.1,314.5,0.8952,11.576,2702.4,0.0789,0,0.6502,0.6578,0.759,0.393,0.873,0.3,57.2,5.53,1
2026-09-05 13:33:40,2111.7,ON,MPPT,50.0,13902.5,469.4,29.62,58.9,50.9774,1.46332,3.667,111.0,,180.739,3856.4838,0,0.2,3.6,0.0,43.176,2.212,13.39,42.5,0.886,2,53.8,13265.2,15.81,50.47,228.6,242.0,13.4,0,11,97,40,49.0,524.1,314.5,0.8958,11.6399,2590.5,0.0789,0,0.6502,0.6578,0.759,0.393,0.873,0.3,57.2,5.53,1
2026-09-05 13:33:56,2128.2,ON,MPPT,50.0,13893.6,469.5,29.59,58.9,51.0731,1.46607,3.676,111.0,97.62,,3856.7105,0,0.2,3.6,0.0,44.306,2.209,15.16,41.82,0.889,2,54.74,13268.0,15.73,50.5,230.7,242.1,11.4,0,11,97,40,49.0,524.1,314.5,0.8957,11.7022,2658.3,0.0789,0,0.6502,0.6578,0.759,0.393,0.873,0.3,57.2,5.53,1
2026-09-05 13:34:13,2144.6,ON,MPPT,50.0,13873.4,469.7,29.54,58.9,50.8859,1.46069,3.668,111.0,,180.749,3856.9515,0,0.2,3.7,0.0,43.276,2.196,13.73,43.14,0.891,2,54.93,13273.1,15.47,50.58,225.1,242.2,17.1,0,11,97,40,49.0,524.1,314.5,0.8955,11.7661,2596.5,0.0789,0,0.6502,0.6578,0.759,0.393,0.873,0.3,57.2,5.53,1
2026-09-05 13:34:29,2161.1,ON,MPPT,50.0,13883.3,469.6,29.56,58.9,50.9582,1.46277,3.67,111.0,,180.737,3857.1777,0,0.2,3.6,0.0,43.742,2.203,17.42,41.44,0.89,2,52.7,13273.8,15.72,50.5,261.9,242.1,-19.8,1,11,97,40,49.0,524.1,314.5,0.8962,11.83,2624.5,0.0789,0,0.6502,0.6578,0.759,0.393,0.873,0.3,57.2,5.53,1
2026-09-05 13:34:46,2177.6,ON,MPPT,50.0,13905.1,469.7,29.6,58.9,51.115,1.46727,3.676,111.0,,180.736,3857.4183,0,0.2,3.7,0.0,43.653,2.206,16.88,43.31,0.888,2,54.98,13267.8,15.39,50.6,240.5,242.2,1.7,1,11,97,40,49.0,524.1,314.5,0.8962,11.8924,2619.2,0.0789,0,0.6502,0.6578,0.759,0.393,0.873,0.3,57.2,5.53,1
2026-09-05 13:35:03,2194.1,ON,MPPT,50.0,13905.1,470.1,29.58,58.9,51.2619,1.47149,3.687,111.0,,180.73,3857.6455,0,0.2,3.7,0.0,45.683,2.204,16.66,39.95,0.889,2,50.77,13280.0,15.12,50.68,271.3,242.3,-28.9,1,11,97,40,49.0,524.1,314.5,0.8968,11.9563,2741.0,0.0789,0,0.6502,0.6578,0.759,0.393,0.873,0.3,57.2,5.53,1
2026-09-05 13:35:20,2211.6,ON,MPPT,50.0,13887.8,470.4,29.52,58.9,51.054,1.46552,3.676,111.0,,180.736,3857.9015,0,0.2,3.8,0.0,44.896,2.206,17.19,40.45,0.889,2,51.38,13281.1,15.33,50.62,267.6,242.5,-25.1,1,11,97,40,49.0,524.1,314.5,0.8973,12.0235,2693.8,0.0789,0,0.6502,0.6578,0.759,0.393,0.873,0.3,57.2,5.53,1
2026-09-05 13:35:36,2228.1,ON,MPPT,50.0,13912.7,470.3,29.58,58.9,51.4231,1.47611,3.696,111.0,,180.734,3858.1291,0,0.2,3.8,0.0,44.206,2.198,16.57,41.73,0.893,2,53.25,13294.5,15.32,50.63,245.8,242.5,-3.3,1,11,97,40,49.0,524.1,314.5,0.8969,12.0875,2652.3,0.0789,0,0.6502,0.6578,0.759,0.393,0.873,0.3,57.2,5.53,1
2026-09-05 13:35:53,2244.6,ON,MPPT,50.0,13936.8,470.3,29.63,58.9,51.0029,1.46405,3.66,111.0,,180.736,3858.3709,0,0.2,3.8,0.0,43.293,2.211,16.87,42.9,0.889,2,53.01,13301.0,15.66,50.52,269.5,242.5,-27.1,1,11,97,40,49.0,524.1,314.5,0.8978,12.15,2597.6,0.0789,0,0.6502,0.6578,0.759,0.393,0.873,0.3,57.2,5.53,1
2026-09-05 13:36:09,2261.1,ON,MPPT,50.0,13911.6,470.4,29.58,58.9,51.1868,1.46933,3.679,111.0,,180.739,3858.5977,0,0.2,3.8,0.0,44.123,2.205,17.26,41.56,0.889,2,52.82,13292.0,15.76,50.49,257.5,242.5,-15.0,1,11,97,40,49.0,524.1,314.5,0.8975,12.214,2647.4,0.0789,0,0.6502,0.6578,0.759,0.393,0.873,0.3,57.2,5.53,1
2026-09-05 13:36:26,2277.5,ON,MPPT,50.0,13927.9,470.5,29.6,58.9,51.2756,1.47188,3.681,111.0,,180.738,3858.8395,0,0.2,3.8,0.0,41.92,2.211,15.52,44.53,0.887,2,56.44,13296.8,15.77,50.49,222.1,242.6,20.5,0,11,97,40,49.0,524.1,314.5,0.898,12.2781,2515.2,0.0789,0,0.6502,0.6578,0.759,0.393,0.873,0.3,57.2,5.53,1
2026-09-05 13:36:42,2294.0,ON,MPPT,50.0,13956.1,470.6,29.65,58.9,51.6269,1.48196,3.699,111.0,,180.734,3859.068,0,0.2,3.8,0.0,43.926,2.2,15.07,42.51,0.892,2,54.17,13317.1,15.54,50.56,245.1,242.6,-2.4,1,11,97,40,49.0,524.1,314.5,0.8982,12.3406,2635.6,0.0789,0,0.6502,0.6578,0.759,0.393,0.873,0.3,57.2,5.53,1
2026-09-05 13:36:59,2310.5,ON,MPPT,50.0,13915.2,470.8,29.56,58.9,51.3366,1.47363,3.689,111.0,,180.742,3859.3105,0,0.2,3.9,0.0,43.649,2.2,13.5,42.27,0.891,2,53.82,13294.0,15.44,50.59,225.4,242.7,17.3,0,11,97,40,49.0,524.1,314.5,0.898,12.4046,2619.0,0.0789,0,0.6502,0.6578,0.759,0.393,0.873,0.3,57.2,5.53,1
2026-09-05 13:37:15,2327.0,ON,MPPT,50.0,13935.5,470.4,29.63,58.9,50.8865,1.46071,3.652,111.0,97.62,,3859.5377,0,0.2,3.8,0.0,42.784,2.199,15.12,42.67,0.892,2,53.55,13304.4,15.48,50.54,234.0,242.5,8.5,0,11,97,40,49.0,524.1,314.5,0.8974,12.4671,2567.0,0.0789,0,0.6502,0.6578,0.759,0.393,0.873,0.3,57.2,5.53,1
2026-09-05 13:37:32,2343.5,ON,MPPT,50.0,13890.9,470.6,29.52,58.8,51.1039,1.46695,3.679,111.0,,180.745,3859.7785,0,0.2,3.8,0.0,43.339,2.209,16.95,42.12,0.889,2,53.51,13292.7,15.71,50.5,246.9,242.6,-4.2,1,11,97,40,49.0,524.1,314.5,0.8972,12.5312,2600.3,0.0789,0,0.6502,0.6578,0.759,0.393,0.873,0.3,57.2,5.53,1
2026-09-05 13:37:48,2359.9,ON,MPPT,50.0,13877.1,470.0,29.53,58.8,50.9915,1.46372,3.675,111.0,97.62,,3860.0055,0,0.2,3.7,0.0,44.469,2.216,15.0,41.39,0.889,2,52.57,13275.8,15.37,50.61,231.7,242.3,10.6,0,11,97,40,49.0,524.1,314.5,0.896,12.5951,2668.1,0.0789,0,0.6502,0.6578,0.759,0.393,0.873,0.3,57.2,5.53,1
2026-09-05 13:38:05,2376.4,ON,MPPT,50.0,13900.5,469.6,29.6,58.8,51.0663,1.46587,3.674,111.0,,180.745,3860.2469,0,0.2,3.6,0.0,41.883,2.201,15.34,44.46,0.892,2,56.66,13281.3,15.8,50.48,215.6,242.1,26.5,0,11,97,40,49.0,524.1,314.5,0.8964,12.6575,2513.0,0.0789,0,0.6502,0.6578,0.759,0.393,0.873,0.3,57.2,5.53,1
2026-09-05 13:38:21,2392.9,ON,MPPT,50.0,13879.7,469.8,29.55,58.8,50.8184,1.45876,3.661,111.0,,180.77,3860.4733,0,0.2,3.7,0.0,43.766,2.201,13.59,43.48,0.89,2,55.29,13279.8,14.69,50.81,221.2,242.2,21.0,0,11,97,40,49.0,524.1,314.5,0.8961,12.7214,2626.0,0.0789,0,0.6502,0.6578,0.759,0.393,0.873,0.3,57.2,5.53,1
2026-09-05 13:38:38,2409.4,ON,MPPT,50.0,13873.1,469.9,29.52,58.8,51.1817,1.46918,3.689,111.0,,180.766,3860.7137,0,0.2,3.7,0.0,41.71,2.213,14.57,44.23,0.887,2,56.09,13271.3,15.7,50.51,212.0,242.3,30.3,0,11,97,40,49.0,524.1,314.5,0.896,12.7838,2502.6,0.0789,0,0.6502,0.6578,0.759,0.393,0.873,0.3,57.2,5.53,1
2026-09-05 13:38:54,2425.8,ON,MPPT,50.0,13887.0,469.9,29.56,58.7,51.1342,1.46782,3.682,111.0,,180.758,3860.9411,0,0.2,3.7,0.0,43.757,2.21,12.02,42.01,0.887,2,53.24,13272.5,15.41,50.6,233.6,242.2,8.6,0,11,97,40,49.0,524.1,314.5,0.8965,12.8477,2625.4,0.0789,0,0.6502,0.6578,0.759,0.393,0.873,0.3,57.2,5.53,1
2026-09-05 13:39:11,2442.4,ON,MPPT,50.0,13896.0,469.8,29.58,58.7,50.989,1.46365,3.669,111.0,,180.751,3861.182,0,0.2,3.7,0.0,43.438,2.206,14.68,43.31,0.888,2,54.95,13266.0,15.27,50.64,225.1,242.2,17.1,0,11,97,40,49.0,524.1,314.5,0.8965,12.9116,2606.3,0.0789,0,0.6502,0.6578,0.759,0.393,0.873,0.3,57.2,5.53,1
2026-09-05 13:39:27,2458.8,ON,MPPT,50.0,13911.4,470.2,29.58,58.7,51.0736,1.46608,3.671,111.0,,180.745,3861.4092,0,0.2,3.8,0.0,44.195,2.2,16.78,42.07,0.893,2,53.67,13300.2,15.31,50.63,253.8,242.4,-11.4,1,11,97,40,49.0,524.1,314.5,0.897,12.974,2651.7,0.0789,0,0.6502,0.6578,0.759,0.393,0.873,0.3,57.2,5.53,1
2026-09-05 13:39:43,2475.3,ON,MPPT,50.0,13914.5,470.6,29.57,58.7,51.3577,1.47424,3.691,111.0,97.62,,3861.6362,0,0.2,3.8,0.0,42.054,2.206,15.37,44.89,0.891,2,57.15,13288.9,16.0,50.41,215.1,242.6,27.6,0,11,97,40,49.0,524.1,314.5,0.8983,13.038,2523.2,0.0789,0,0.6502,0.6578,0.759,0.393,0.873,0.3,57.2,5.53,1
2026-09-05 13:40:00,2491.8,ON,MPPT,50.0,13918.3,471.1,29.54,58.7,51.204,1.46983,3.679,111.0,,180.733,3861.8787,0,0.2,3.9,0.0,43.442,2.203,14.54,43.43,0.889,2,55.15,13299.1,15.3,50.63,216.5,242.9,26.4,0,11,97,40,49.0,524.1,314.5,0.8982,13.1021,2606.5,0.0789,0,0.6502,0.6578,0.759,0.393,0.873,0.3,57.2,5.53,1
2026-09-05 13:40:16,2508.3,ON,MPPT,50.0,13942.1,471.0,29.6,58.7,51.191,1.46945,3.672,111.0,,180.739,3862.1067,0,0.2,3.9,0.0,42.773,2.199,16.6,43.42,0.893,2,55.44,13320.6,15.94,50.43,232.5,242.8,10.4,0,11,97,40,49.0,524.1,314.5,0.899,13.1646,2566.4,0.0789,0,0.6502,0.6578,0.759,0.393,0.873,0.3,57.2,5.53,1
2026-09-05 13:40:33,2524.8,ON,MPPT,50.0,13932.5,471.1,29.57,58.8,50.9125,1.46146,3.654,111.0,,180.736,3862.3478,0,0.2,3.9,0.0,44.636,2.193,13.86,41.5,0.894,2,53.04,13318.7,14.53,50.86,234.9,242.9,8.0,0,11,97,40,49.0,524.1,314.5,0.8986,13.2288,2678.1,0.0789,0,0.6502,0.6578,0.759,0.393,0.873,0.3,57.2,5.53,1
2026-09-05 13:40:49,2541.3,ON,MPPT,50.0,13937.9,471.4,29.57,58.8,50.7516,1.45684,3.641,111.0,97.61,,3862.5732,0,0.2,4.0,0.0,44.158,2.196,17.28,41.53,0.891,2,52.89,13310.6,15.57,50.55,276.7,243.0,-33.7,1,11,97,40,49.0,524.1,314.5,0.8993,13.2929,2649.5,0.0789,0,0.6502,0.6578,0.759,0.393,0.873,0.3,57.2,5.53,1
2026-09-05 13:41:06,2557.7,ON,MPPT,50.0,13963.4,471.4,29.62,58.8,51.4079,1.47568,3.682,111.0,97.61,,3862.8148,0,0.2,4.0,0.0,43.674,2.199,13.56,43.53,0.891,2,55.47,13324.2,15.61,50.54,222.8,243.1,20.2,0,11,97,40,49.0,524.1,314.5,0.9003,13.3555,2620.5,0.0789,0,0.6502,0.6578,0.759,0.393,0.873,0.3,57.2,5.53,1
2026-09-05 13:41:22,2574.3,ON,MPPT,50.0,13953.5,471.7,29.58,58.9,51.0768,1.46617,3.661,111.0,,180.737,3863.0422,0,0.2,4.1,0.0,43.677,2.199,16.56,42.12,0.892,2,53.71,13320.3,15.48,50.58,241.4,243.2,1.8,1,11,97,40,49.0,524.1,314.5,0.9002,13.4197,2620.6,0.0789,0,0.6502,0.6578,0.759,0.393,0.873,0.3,57.2,5.53,1
2026-09-05 13:41:39,2590.8,ON,MPPT,50.0,13934.0,472.1,29.52,58.9,51.436,1.47648,3.691,111.0,,180.738,3863.2847,0,0.2,4.1,0.0,43.51,2.199,16.86,42.23,0.89,2,53.72,13325.4,15.44,50.59,248.4,243.4,-5.0,1,11,97,40,49.0,524.1,314.5,0.9003,13.4839,2610.6,0.0789,0,0.6502,0.6578,0.759,0.393,0.873,0.3,57.2,5.53,1
2026-09-05 13:41:55,2607.2,ON,MPPT,50.0,13939.8,472.0,29.54,58.9,51.1776,1.46907,3.671,111.0,,180.736,3863.5132,0,0.2,4.1,0.0,44.788,2.197,12.24,42.05,0.891,2,53.57,13336.5,14.81,50.78,226.2,243.3,17.1,0,11,97,40,49.0,524.1,314.5,0.9003,13.5465,2687.3,0.0789,0,0.6502,0.6578,0.759,0.393,0.873,0.3,57.2,5.53,1
2026-09-05 13:42:12,2623.7,ON,MPPT,50.0,13972.2,472.0,29.6,58.9,51.0858,1.46643,3.656,111.0,,180.73,3863.7546,0,0.2,4.1,0.0,43.749,2.198,13.27,42.84,0.893,2,54.67,13352.4,15.35,50.61,222.4,243.3,20.9,0,11,97,40,49.0,524.1,314.5,0.9008,13.6108,2624.9,0.0789,0,0.6502,0.6578,0.759,0.393,0.873,0.3,57.2,5.53,1
2026-09-05 13:42:28,2640.2,ON,MPPT,50.0,13954.8,472.1,29.56,58.9,51.0231,1.46463,3.656,111.0,,180.728,3863.9808,0,0.2,4.1,0.0,45.114,2.201,12.16,41.56,0.89,2,52.89,13331.9,14.92,50.74,228.3,243.4,15.1,0,11,97,40,49.0,524.1,314.5,0.9009,13.6734,2706.8,0.0789,0,0.6502,0.6578,0.759,0.393,0.873,0.3,57.2,5.53,1
2026-09-05 13:42:45,2656.7,ON,MPPT,50.0,13943.3,472.0,29.54,59.0,51.4281,1.47626,3.688,111.0,,180.728,3864.2226,0,0.2,4.1,0.0,44.821,2.199,15.73,40.51,0.891,2,53.36,13322.7,15.82,50.47,262.9,243.4,-19.5,1,11,97,40,49.0,524.1,314.5,0.9003,13.7377,2689.3,0.0789,0,0.6502,0.6578,0.759,0.393,0.873,0.3,57.2,5.53,1
2026-09-05 13:43:01,2673.1,ON,MPPT,50.0,13960.0,471.8,29.59,58.9,51.4011,1.47548,3.682,111.0,,180.715,3864.4513,0,0.2,4.1,0.0,45.039,2.199,15.31,40.57,0.891,2,51.69,13325.5,15.26,50.64,254.3,243.2,-11.0,1,11,97,40,49.0,524.1,314.5,0.9007,13.8018,2702.3,0.0789,0,0.6502,0.6578,0.759,0.393,0.873,0.3,57.2,5.53,1
2026-09-05 13:43:18,2689.6,ON,MPPT,50.0,13954.2,472.0,29.57,59.0,51.3408,1.47375,3.679,111.0,,180.723,3864.6936,0,0.2,4.1,0.0,44.522,2.201,15.84,41.92,0.89,2,53.3,13322.9,15.96,50.43,260.1,243.3,-16.8,1,11,97,40,49.0,524.1,314.5,0.9008,13.8645,2671.3,0.0789,0,0.6502,0.6578,0.759,0.393,0.873,0.3,57.2,5.53,1
2026-09-05 13:43:34,2706.1,ON,MPPT,50.0,13984.8,471.6,29.65,59.0,51.5378,1.47941,3.685,111.0,,180.716,3864.9223,0,0.2,4.0,0.0,43.927,2.205,12.69,42.77,0.891,2,54.49,13328.5,15.77,50.49,219.4,243.1,23.7,0,11,97,40,49.0,524.1,314.5,0.9004,13.9287,2635.6,0.0789,0,0.6502,0.6578,0.759,0.393,0.873,0.3,57.2,5.53,1
2026-09-05 13:43:51,2722.6,ON,MPPT,50.0,13960.0,472.0,29.57,59.0,51.2913,1.47233,3.674,111.0,,180.727,3865.165,0,0.2,4.1,0.0,43.32,2.2,14.53,43.13,0.891,2,54.96,13335.4,15.28,50.64,229.2,243.4,14.2,0,11,97,40,49.0,524.1,314.5,0.9005,13.9913,2599.2,0.0789,0,0.6502,0.6578,0.759,0.393,0.873,0.3,57.2,5.53,1
2026-09-05 13:44:07,2739.0,ON,MPPT,50.0,13983.5,472.3,29.61,59.0,51.2779,1.47195,3.667,111.0,97.62,,3865.3926,0,0.2,4.2,0.0,43.411,2.195,16.01,41.73,0.892,2,54.96,13343.5,16.14,50.37,258.9,243.5,-15.4,1,11,97,40,49.0,524.1,314.5,0.9014,14.0556,2604.7,0.0789,0,0.6502,0.6578,0.759,0.393,0.873,0.3,57.2,5.53,1
2026-09-05 13:44:24,2755.5,ON,MPPT,50.0,13993.1,472.6,29.61,59.1,51.1048,1.46698,3.652,111.0,,180.739,3865.635,0,0.2,4.2,0.0,43.267,2.191,14.42,42.7,0.895,2,54.64,13368.4,15.82,50.47,233.0,243.7,10.7,0,11,97,40,49.0,524.1,314.5,0.9012,14.1199,2596.0,0.0789,0,0.6502,0.6578,0.759,0.393,0.873,0.3,57.2,5.53,1
2026-09-05 13:44:40,2772.0,ON,MPPT,50.0,13991.2,472.9,29.59,59.1,51.1125,1.4672,3.653,111.0,,180.733,3865.8619,0,0.2,4.3,0.0,44.212,2.191,17.16,41.53,0.893,2,53.0,13352.9,15.67,50.52,261.6,243.8,-17.8,1,11,97,40,49.0,524.1,314.5,0.9024,14.1827,2652.7,0.0789,0,0.6502,0.6578,0.759,0.393,0.873,0.3,57.2,5.53,1
2026-09-05 13:44:57,2788.5,ON,MPPT,50.0,14006.7,472.6,29.64,59.1,51.5545,1.47989,3.681,111.0,97.61,,3866.1047,0,0.2,4.2,0.0,43.941,2.194,14.77,42.03,0.894,2,53.73,13353.5,15.41,50.6,231.0,243.6,12.7,0,11,97,40,49.0,524.1,314.5,0.9023,14.247,2636.5,0.0789,0,0.6502,0.6578,0.759,0.393,0.873,0.3,57.2,5.53,1
2026-09-05 13:45:13,2805.0,ON,MPPT,50.0,13992.0,472.7,29.6,59.1,51.198,1.46965,3.659,111.0,,180.73,3866.3329,0,0.2,4.3,0.0,43.813,2.194,17.3,42.81,0.894,2,54.69,13347.5,15.98,50.42,249.7,243.7,-6.0,1,11,97,40,49.0,524.1,314.5,0.902,14.3114,2628.8,0.0789,0,0.6502,0.6578,0.759,0.393,0.873,0.3,57.2,5.53,1
2026-09-05 13:45:30,2821.5,ON,MPPT,50.0,13993.4,472.7,29.6,59.1,50.926,1.46184,3.639,111.0,,180.736,3866.5744,0,0.2,4.3,0.0,43.33,2.201,15.87,42.82,0.891,2,54.55,13356.6,16.18,50.36,236.9,243.7,6.9,0,11,97,40,49.0,524.1,314.5,0.9024,14.3742,2599.8,0.0789,0,0.6502,0.6578,0.759,0.393,0.873,0.3,57.2,5.53,1
2026-09-05 13:45:46,2838.0,ON,MPPT,50.0,13973.7,473.0,29.54,59.1,51.2834,1.4721,3.67,111.0,,180.739,3866.8011,0,0.2,4.3,0.0,44.485,2.195,17.6,41.82,0.892,2,53.34,13353.3,15.66,50.52,259.6,243.9,-15.7,1,11,97,40,49.0,524.1,314.5,0.9028,14.4385,2669.1,0.0789,0,0.6502,0.6578,0.759,0.393,0.873,0.3,57.2,5.53,1
2026-09-05 13:46:03,2854.5,ON,MPPT,50.0,13986.3,473.0,29.57,59.1,51.4239,1.47614,3.677,111.0,,180.745,3867.044,0,0.2,4.3,0.0,43.488,2.207,16.0,43.55,0.891,2,55.47,13363.4,15.8,50.48,230.3,243.9,13.6,0,11,97,40,49.0,524.1,314.5,0.9025,14.5013,2609.3,0.0789,0,0.6502,0.6578,0.759,0.393,0.873,0.3,57.2,5.53,1
2026-09-05 13:46:19,2870.9,ON,MPPT,50.0,13974.6,472.9,29.55,59.1,51.104,1.46695,3.657,111.0,,180.752,3867.2714,0,0.2,4.3,0.0,43.773,2.194,12.96,42.59,0.894,2,55.97,13368.9,15.75,50.49,223.7,243.8,20.1,0,11,97,40,49.0,524.1,314.5,0.9018,14.5657,2626.4,0.0789,0,0.6502,0.6578,0.759,0.393,0.873,0.3,57.2,5.53,1
2026-09-05 13:46:36,2887.4,ON,MPPT,50.0,14005.8,472.4,29.65,59.0,51.115,1.46727,3.65,111.0,,180.739,3867.5125,0,0.2,4.2,0.0,44.146,2.2,15.75,41.75,0.89,2,53.09,13352.0,15.46,50.58,247.9,243.6,-4.3,1,11,97,40,49.0,524.1,314.5,0.9022,14.6301,2648.7,0.0789,0,0.6502,0.6578,0.759,0.393,0.873,0.3,57.2,5.53,1
2026-09-05 13:46:52,2903.9,ON,MPPT,50.0,13955.2,472.7,29.52,59.0,51.1771,1.46905,3.667,111.0,,180.748,3867.74,0,0.2,4.3,0.0,42.883,2.189,15.55,44.02,0.893,2,56.17,13346.6,15.66,50.52,230.2,243.7,13.6,0,11,97,40,49.0,524.1,314.5,0.9019,14.6929,2573.0,0.0789,0,0.6502,0.6578,0.759,0.393,0.873,0.3,57.2,5.53,1
2026-09-05 13:47:09,2920.4,ON,MPPT,50.0,13958.2,472.4,29.55,59.0,51.1097,1.46712,3.662,111.0,,180.77,3867.9812,0,0.2,4.2,0.0,43.833,2.203,15.52,42.26,0.892,2,55.58,13338.1,16.15,50.36,229.8,243.5,13.7,0,11,97,40,49.0,524.1,314.5,0.9009,14.7571,2630.0,0.0789,0,0.6502,0.6578,0.759,0.393,0.873,0.3,57.2,5.53,1
2026-09-05 13:47:25,2936.9,ON,MPPT,50.0,13965.5,472.4,29.56,59.0,51.1322,1.46776,3.661,111.0,,180.754,3868.2085,0,0.2,4.2,0.0,43.197,2.197,15.63,43.09,0.891,2,54.9,13337.6,15.37,50.61,231.5,243.5,12.1,0,11,97,40,49.0,524.1,314.5,0.9013,14.8214,2591.8,0.0789,0,0.6502,0.6578,0.759,0.393,0.873,0.3,57.2,5.53,1
2026-09-05 13:47:41,2953.3,ON,MPPT,50.0,13974.6,472.2,29.59,59.0,50.9478,1.46247,3.646,111.0,,180.781,3868.4357,0,0.2,4.2,0.0,43.483,2.191,15.2,41.84,0.894,2,53.49,13349.0,15.94,50.43,240.2,243.5,3.3,1,11,97,40,49.0,524.1,314.5,0.901,14.8841,2609.0,0.0789,0,0.6502,0.6578,0.759,0.393,0.873,0.3,57.2,5.53,1
2026-09-05 13:47:58,2969.9,ON,MPPT,50.0,13928.5,472.1,29.5,58.9,51.2084,1.46995,3.677,111.0,,180.766,3868.6766,0,0.2,4.1,0.0,43.931,2.196,17.61,41.51,0.892,2,52.92,13339.9,16.08,50.39,262.2,243.4,-18.8,1,11,97,40,49.0,524.1,314.5,0.9004,14.9484,2635.8,0.0789,0,0.6502,0.6578,0.759,0.393,0.873,0.3,57.2,5.53,1
2026-09-05 13:48:14,2986.3,ON,MPPT,50.0,13939.0,471.9,29.54,58.9,50.9691,1.46308,3.657,111.0,97.61,,3868.9175,0,0.2,4.1,0.0,43.971,2.199,13.1,42.12,0.892,2,53.7,13326.2,15.42,50.59,232.5,243.3,10.8,0,11,97,40,49.0,524.1,314.5,0.9002,15.0126,2638.3,0.0789,0,0.6502,0.6578,0.759,0.393,0.873,0.3,57.2,5.53,1
2026-09-05 13:48:31,3002.8,ON,MPPT,50.0,13941.9,471.9,29.55,58.9,51.2015,1.46975,3.673,111.0,97.62,,3869.1444,0,0.2,4.1,0.0,43.262,2.196,17.47,41.93,0.893,2,53.52,13338.6,15.81,50.47,248.2,243.3,-4.9,1,11,97,40,49.0,524.1,314.5,0.8995,15.0752,2595.7,0.0789,0,0.6502,0.6578,0.759,0.393,0.873,0.3,57.2,5.53,1
2026-09-05 13:48:47,3019.3,ON,MPPT,50.0,13955.4,472.1,29.56,58.9,50.8871,1.46073,3.646,111.0,,180.734,3869.3708,0,0.2,4.1,0.0,44.848,2.203,16.54,40.72,0.889,2,51.74,13328.5,15.48,50.58,271.6,243.4,-28.2,1,11,97,40,49.0,524.1,314.5,0.9007,15.1394,2690.9,0.0789,0,0.6502,0.6578,0.759,0.393,0.873,0.3,57.2,5.53,1
2026-09-05 13:49:04,3035.8,ON,MPPT,50.0,13964.6,472.1,29.58,59.0,51.1414,1.46803,3.662,111.0,,180.742,3869.612,0,0.2,4.1,0.0,44.265,2.191,15.16,41.05,0.893,2,52.42,13330.6,15.64,50.53,246.5,243.4,-3.1,1,11,97,40,49.0,524.1,314.5,0.9013,15.2021,2655.9,0.0789,0,0.6502,0.6578,0.759,0.393,0.873,0.3,57.2,5.53,1
2026-09-05 13:49:20,3052.3,ON,MPPT,50.0,13964.0,471.9,29.59,58.9,50.9493,1.46251,3.649,111.0,,180.753,3869.839,0,0.2,4.1,0.0,43.341,2.194,13.59,42.9,0.894,2,54.81,13341.9,15.87,50.45,227.0,243.3,16.3,0,11,97,40,49.0,524.1,314.5,0.9003,15.2663,2600.5,0.0789,0,0.6502,0.6578,0.759,0.393,0.873,0.3,57.2,5.53,1
2026-09-05 13:49:37,3068.7,ON,MPPT,50.0,13943.5,471.7,29.56,59.0,50.7864,1.45784,3.642,111.0,,180.765,3870.0793,0,0.2,4.1,0.0,43.483,2.19,14.41,42.57,0.894,2,54.42,13329.4,15.33,50.62,227.5,243.2,15.7,0,11,97,40,49.0,524.1,314.5,0.8998,15.3306,2609.0,0.0789,0,0.6502,0.6578,0.759,0.393,0.873,0.3,57.2,5.53,1
2026-09-05 13:49:53,3085.2,ON,MPPT,50.0,13928.3,471.3,29.56,59.0,51.0689,1.46595,3.667,111.0,,180.812,3870.3061,0,0.2,4.0,0.0,43.804,2.198,14.25,42.21,0.892,2,53.84,13318.7,15.76,50.49,225.3,243.0,17.7,0,11,97,40,49.0,524.1,314.5,0.8991,15.3932,2628.3,0.0789,0,0.6502,0.6578,0.759,0.393,0.873,0.3,57.2,5.53,1
2026-09-05 13:50:10,3101.7,ON,MPPT,50.0,13908.5,470.8,29.54,59.0,50.7519,1.45685,3.649,111.0,,180.781,3870.5462,0,0.2,3.9,0.0,44.331,2.193,16.82,40.6,0.894,2,51.9,13307.3,15.48,50.57,262.1,242.7,-19.4,1,11,97,40,49.0,524.1,314.5,0.8982,15.4573,2659.8,0.0789,0,0.6502,0.6578,0.759,0.393,0.873,0.3,57.2,5.53,1
2026-09-05 13:50:26,3118.2,ON,MPPT,50.0,13924.5,470.1,29.62,59.0,51.0331,1.46492,3.665,111.0,,180.784,3870.7724,0,0.2,3.7,0.0,44.64,2.209,14.43,41.35,0.89,2,52.57,13285.7,15.51,50.57,245.9,242.4,-3.5,1,11,97,40,49.0,524.1,314.5,0.8967,15.5197,2678.4,0.0789,0,0.6502,0.6578,0.759,0.393,0.873,0.3,57.2,5.53,1
2026-09-05 13:50:43,3134.6,ON,MPPT,50.0,13880.7,469.7,29.55,58.9,50.7051,1.4555,3.653,111.0,,180.802,3871.013,0,0.2,3.7,0.0,43.645,2.215,14.2,42.55,0.887,2,53.96,13284.1,15.84,50.46,235.7,242.2,6.5,0,11,97,40,49.0,524.1,314.5,0.8955,15.5837,2618.7,0.0789,0,0.6502,0.6578,0.759,0.393,0.873,0.3,57.2,5.53,1
2026-09-05 13:50:59,3151.1,ON,MPPT,50.0,13876.9,469.4,29.57,58.9,50.8272,1.45901,3.663,111.0,,180.787,3871.238,0,0.2,3.6,0.0,43.525,2.217,16.83,41.57,0.887,2,52.72,13254.5,16.0,50.41,250.6,242.0,-8.6,1,11,97,40,49.0,524.1,314.5,0.8954,15.6476,2611.5,0.0789,0,0.6502,0.6578,0.759,0.393,0.873,0.3,57.2,5.53,1
2026-09-05 13:51:16,3167.6,ON,MPPT,50.0,13899.5,468.4,29.67,58.9,50.9778,1.46333,3.668,111.0,,180.782,3871.478,0,0.2,3.4,0.0,44.248,2.205,16.49,41.21,0.887,2,52.24,13233.9,15.29,50.63,253.3,241.5,-11.8,1,11,97,40,49.0,524.1,314.5,0.8951,15.7098,2654.9,0.0789,0,0.6502,0.6578,0.759,0.393,0.873,0.3,57.2,5.53,1
2026-09-05 13:51:32,3184.1,ON,MPPT,50.0,13852.0,468.6,29.56,58.8,51.0799,1.46626,3.688,111.0,,180.823,3871.7052,0,0.2,3.4,0.0,43.978,2.216,17.81,41.38,0.885,2,52.35,13239.5,15.37,50.61,266.0,241.6,-24.4,1,11,97,40,49.0,524.1,314.5,0.8944,15.7736,2638.7,0.0789,0,0.6502,0.6578,0.759,0.393,0.873,0.3,57.2,5.53,1
2026-09-05 13:51:49,3200.5,ON,MPPT,50.0,13857.5,468.5,29.58,58.8,50.74,1.45651,3.662,111.0,97.63,,3871.9456,0,0.2,3.4,0.0,43.905,2.219,14.68,42.73,0.885,2,54.06,13236.0,15.6,50.54,235.5,241.5,6.1,0,11,97,40,49.0,524.1,314.5,0.8934,15.8358,2634.3,0.0789,0,0.6502,0.6578,0.759,0.393,0.873,0.3,57.2,5.53,1
2026-09-05 13:52:05,3217.0,ON,MPPT,50.0,13841.9,468.8,29.53,58.8,50.9115,1.46143,3.678,111.0,,180.806,3872.1718,0,0.2,3.5,0.0,42.022,2.221,15.44,44.12,0.887,2,55.93,13240.5,15.87,50.46,219.0,241.7,22.7,0,11,97,40,49.0,524.1,314.5,0.8938,15.8995,2521.3,0.0789,0,0.6502,0.6578,0.759,0.393,0.873,0.3,57.2,5.53,1
2026-09-05 13:52:22,3233.5,ON,MPPT,50.0,13869.3,468.1,29.63,58.8,50.94,1.46225,3.673,111.0,,180.815,3872.4125,0,0.2,3.3,0.0,44.052,2.217,15.58,42.26,0.887,2,53.58,13231.1,15.76,50.49,244.0,241.4,-2.7,1,11,97,40,49.0,524.1,314.5,0.8932,15.9633,2643.1,0.0789,0,0.6502,0.6578,0.759,0.393,0.873,0.3,57.2,5.53,1
2026-09-05 13:52:38,3250.0,ON,MPPT,50.0,13844.7,467.9,29.59,58.8,50.3586,1.44556,3.637,111.0,97.63,,3872.638,0,0.2,3.3,0.0,42.962,2.225,17.14,43.11,0.882,2,54.32,13229.1,15.65,50.52,247.2,241.2,-6.0,1,11,97,40,49.0,524.1,314.5,0.8926,16.0254,2577.7,0.0789,0,0.6502,0.6578,0.759,0.393,0.873,0.3,57.2,5.53,1
2026-09-05 13:52:55,3266.5,ON,MPPT,50.0,13844.8,467.4,29.62,58.7,50.5743,1.45175,3.653,111.0,,180.838,3872.8767,0,0.2,3.2,0.0,44.04,2.23,15.88,41.5,0.882,2,52.34,13223.8,15.23,50.65,237.1,241.0,3.9,1,11,97,40,49.0,524.1,314.5,0.8922,16.0891,2642.4,0.0789,0,0.6502,0.6578,0.759,0.393,0.873,0.3,57.2,5.53,1
2026-09-05 13:53:11,3282.9,ON,MPPT,50.0,13841.3,467.1,29.63,58.7,50.4799,1.44904,3.647,111.0,,180.773,3873.1013,0,0.2,3.1,0.0,44.188,2.23,17.54,42.2,0.88,2,53.09,13212.1,15.2,50.66,256.9,240.8,-16.1,1,11,97,40,49.0,524.1,314.5,0.8917,16.1512,2651.3,0.0789,0,0.6502,0.6578,0.759,0.393,0.873,0.3,57.2,5.53,1
2026-09-05 13:53:28,3299.4,ON,MPPT,50.0,13820.3,467.1,29.59,58.6,50.6297,1.45334,3.663,111.0,,180.759,3873.3401,0,0.2,3.1,0.0,42.414,2.217,17.16,43.53,0.884,2,54.99,13213.3,15.71,50.5,237.5,240.8,3.3,1,11,97,40,49.0,524.1,314.5,0.8913,16.2148,2544.8,0.0789,0,0.6502,0.6578,0.759,0.393,0.873,0.3,57.2,5.53,1
2026-09-05 13:53:44,3315.9,ON,MPPT,50.0,13805.2,467.1,29.55,58.6,50.7497,1.45678,3.676,111.0,97.63,,3873.5652,0,0.2,3.1,0.0,43.339,2.209,15.0,42.63,0.887,2,54.04,13204.7,14.96,50.73,226.4,240.8,14.5,0,11,97,40,49.0,524.1,314.5,0.8911,16.2784,2600.4,0.0789,0,0.6502,0.6578,0.759,0.393,0.873,0.3,57.2,5.53,1
2026-09-05 13:54:01,3332.4,ON,MPPT,50.0,13801.4,466.5,29.59,58.6,50.2325,1.44194,3.64,111.0,,180.791,3873.804,0,0.2,3.0,0.0,43.926,2.221,14.19,42.04,0.881,2,52.95,13184.8,15.43,50.59,230.8,240.5,9.7,0,11,97,40,49.0,524.1,314.5,0.8906,16.3403,2635.6,0.0789,0,0.6502,0.6578,0.759,0.393,0.873,0.3,57.2,5.53,1
2026-09-05 13:54:17,3348.9,ON,MPPT,50.0,13797.5,466.4,29.59,58.6,50.6944,1.4552,3.674,111.0,,180.771,3874.0288,0,0.2,3.0,0.0,43.975,2.223,17.63,41.35,0.884,2,52.22,13191.5,15.89,50.45,266.6,240.4,-26.2,1,11,97,40,49.0,524.1,314.5,0.8893,16.4038,2638.5,0.0789,0,0.6502,0.6578,0.759,0.393,0.873,0.3,57.2,5.53,1
2026-09-05 13:54:34,3365.4,ON,MPPT,50.0,13792.6,466.1,29.59,58.6,50.6116,1.45282,3.669,111.0,,180.779,3874.2674,0,0.2,2.9,0.0,43.09,2.224,15.63,43.43,0.881,2,54.68,13175.3,15.05,50.71,224.1,240.3,16.2,0,11,97,40,49.0,524.1,314.5,0.8892,16.4673,2585.4,0.0789,0,0.6502,0.6578,0.759,0.393,0.873,0.3,57.2,5.53,1
2026-09-05 13:54:50,3381.9,ON,MPPT,50.0,13799.5,465.8,29.62,58.5,50.5687,1.45159,3.665,111.0,,180.812,3874.4922,0,0.2,2.8,0.0,44.477,2.232,16.54,41.38,0.881,2,52.12,13183.1,15.65,50.52,265.8,240.2,-25.7,1,11,97,40,49.0,524.1,314.5,0.889,16.5291,2668.6,0.0789,0,0.6502,0.6578,0.759,0.393,0.873,0.3,57.2,5.53,1
2026-09-05 13:55:07,3398.3,ON,MPPT,50.0,13772.4,465.9,29.56,58.5,49.8988,1.43236,3.623,111.0,97.65,,3874.7151,0,0.2,2.9,0.0,44.915,2.231,11.24,41.82,0.881,2,52.68,13164.8,15.0,50.72,230.2,240.2,10.1,0,11,97,40,49.0,524.1,314.5,0.889,16.5926,2694.9,0.0789,0,0.6502,0.6578,0.759,0.393,0.873,0.3,57.2,5.53,1
2026-09-05 13:55:23,3414.8,ON,MPPT,50.0,13773.0,465.6,29.58,58.5,50.372,1.44594,3.657,111.0,,180.778,3874.9517,0,0.2,2.8,0.0,44.224,2.229,15.93,42.07,0.88,2,52.94,13153.5,15.32,50.63,243.3,240.1,-3.2,1,11,97,40,49.0,524.1,314.5,0.8882,16.656,2653.5,0.0789,0,0.6502,0.6578,0.759,0.393,0.873,0.3,57.2,5.53,1
2026-09-05 13:55:40,3431.4,ON,MPPT,50.0,13748.3,465.7,29.52,58.5,50.4832,1.44913,3.672,111.0,,180.755,3875.1756,0,0.2,2.8,0.0,43.068,2.228,15.84,42.38,0.88,2,53.32,13148.7,15.58,50.55,249.2,240.1,-9.1,1,11,97,40,49.0,524.1,314.5,0.888,16.7178,2584.1,0.0789,0,0.6502,0.6578,0.759,0.393,0.873,0.3,57.2,5.53,1
2026-09-05 13:55:56,3447.8,ON,MPPT,50.0,13749.1,465.5,29.54,58.6,50.7756,1.45753,3.693,111.0,,180.775,3875.4146,0,0.2,2.8,0.0,43.837,2.235,13.26,42.67,0.88,2,53.68,13147.7,15.39,50.6,220.9,240.0,19.1,0,11,97,40,49.0,524.1,314.5,0.8879,16.7811,2630.2,0.0789,0,0.6502,0.6578,0.759,0.393,0.873,0.3,57.2,5.53,1
2026-09-05 13:56:12,3464.3,ON,MPPT,50.0,13784.2,465.3,29.63,58.5,50.6462,1.45381,3.674,111.0,,180.797,3875.6397,0,0.2,2.7,0.0,44.35,2.239,16.49,41.07,0.879,2,51.61,13158.1,15.44,50.59,260.8,239.9,-20.9,1,11,97,40,49.0,524.1,314.5,0.8876,16.8429,2661.0,0.0789,0,0.6502,0.6578,0.759,0.393,0.873,0.3,57.2,5.53,1
2026-09-05 13:56:29,3480.8,ON,MPPT,50.0,13800.7,465.5,29.64,58.5,50.69,1.45507,3.673,111.0,,180.759,3875.8788,0,0.2,2.8,0.0,43.52,2.222,13.59,42.62,0.883,2,53.82,13169.0,15.72,50.5,224.7,240.0,15.3,0,11,97,40,49.0,524.1,314.5,0.8888,16.9063,2611.2,0.0789,0,0.6502,0.6578,0.759,0.393,0.873,0.3,57.2,5.53,1
2026-09-05 13:56:45,3497.3,ON,MPPT,50.0,13768.4,465.7,29.57,58.6,50.0815,1.4376,3.637,111.0,,180.755,3876.1024,0,0.2,2.8,0.0,44.919,2.228,16.83,40.88,0.882,2,51.53,13172.7,14.9,50.75,262.0,240.1,-21.9,1,11,97,40,49.0,524.1,314.5,0.8885,16.9697,2695.1,0.0789,0,0.6502,0.6578,0.759,0.393,0.873,0.3,57.2,5.53,1
2026-09-05 13:57:02,3513.8,ON,MPPT,50.0,13759.8,465.3,29.57,58.6,50.5064,1.4498,3.671,111.0,,180.798,3876.3392,0,0.2,2.8,0.0,42.665,2.236,15.51,43.08,0.879,2,54.15,13146.6,15.92,50.44,221.9,239.9,18.1,0,11,97,40,49.0,524.1,314.5,0.8883,17.0316,2559.9,0.0789,0,0.6502,0.6578,0.759,0.393,0.873,0.3,57.2,5.53,1
2026-09-05 13:57:18,3530.3,ON,MPPT,50.0,13738.1,465.7,29.5,58.6,50.3334,1.44483,3.664,111.0,,180.761,3876.5634,0,0.2,2.8,0.0,43.741,2.228,17.7,40.93,0.88,2,51.5,13160.7,15.72,50.5,273.0,240.1,-33.0,1,11,97,40,49.0,524.1,314.5,0.8878,17.0949,2624.5,0.0789,0,0.6502,0.6578,0.759,0.393,0.873,0.3,57.2,5.53,1
2026-09-05 13:57:35,3546.8,ON,MPPT,50.0,13772.0,466.1,29.55,58.6,50.5698,1.45162,3.672,111.0,97.64,,3876.8013,0,0.2,2.9,0.0,42.153,2.232,16.15,44.5,0.878,2,55.85,13163.7,15.47,50.58,219.8,240.3,20.5,0,11,97,40,49.0,524.1,314.5,0.8895,17.1583,2529.2,0.0789,0,0.6502,0.6578,0.759,0.393,0.873,0.3,57.2,5.53,1
2026-09-05 13:57:51,3563.3,ON,MPPT,50.0,13794.4,466.4,29.58,58.6,50.718,1.45587,3.677,111.0,,180.755,3877.0258,0,0.2,3.0,0.0,43.209,2.228,17.54,41.85,0.883,2,52.79,13179.4,15.85,50.46,254.4,240.5,-13.9,1,11,97,40,49.0,524.1,314.5,0.8905,17.2218,2592.6,0.0789,0,0.6502,0.6578,0.759,0.393,0.873,0.3,57.2,5.53,1
2026-09-05 13:58:08,3579.8,ON,MPPT,50.0,13820.1,466.8,29.61,58.7,50.3266,1.44464,3.642,111.0,,180.739,3877.2647,0,0.2,3.0,0.0,44.541,2.222,16.6,41.62,0.884,2,52.59,13197.2,15.73,50.5,265.8,240.7,-25.2,1,11,97,40,49.0,524.1,314.5,0.891,17.2837,2672.4,0.0789,0,0.6502,0.6578,0.759,0.393,0.873,0.3,57.2,5.53,1
2026-09-05 13:58:24,3596.3,ON,MPPT,50.0,13836.8,467.2,29.62,58.8,50.5746,1.45176,3.655,111.0,,180.736,3877.489,0,0.2,3.1,0.0,45.889,2.234,16.16,40.59,0.882,2,51.17,13212.7,15.13,50.68,257.1,240.9,-16.3,1,11,97,40,49.0,524.1,314.5,0.8916,17.3473,2753.3,0.0789,0,0.6502,0.6578,0.759,0.393,0.873,0.3,57.2,5.53,1
2026-09-05 13:58:41,3612.7,ON,MPPT,50.0,13846.4,467.9,29.6,58.8,50.78,1.45765,3.667,111.0,,180.747,3877.7289,0,0.2,3.3,0.0,44.293,2.221,16.16,41.54,0.886,2,52.59,13216.3,15.84,50.46,253.6,241.2,-12.4,1,11,97,40,49.0,524.1,314.5,0.8929,17.4095,2657.6,0.0789,0,0.6502,0.6578,0.759,0.393,0.873,0.3,57.2,5.53,1
2026-09-05 13:58:57,3629.3,ON,MPPT,50.0,13849.1,468.7,29.55,58.9,50.9871,1.4636,3.682,111.0,,180.735,3877.955,0,0.2,3.5,0.0,43.424,2.224,13.91,42.73,0.885,2,54.07,13244.6,16.06,50.4,229.8,241.7,11.9,0,11,97,40,49.0,524.1,314.5,0.8937,17.4732,2605.5,0.0789,0,0.6502,0.6578,0.759,0.393,0.873,0.3,57.2,5.53,1
2026-09-05 13:59:14,3645.7,ON,MPPT,50.0,13877.3,469.3,29.57,59.0,50.9915,1.46372,3.674,111.0,97.61,,3878.196,0,0.2,3.6,0.0,43.76,2.213,12.12,42.25,0.887,2,53.56,13258.4,15.68,50.51,227.6,241.9,14.3,0,11,97,40,49.0,524.1,314.5,0.8955,17.537,2625.6,0.0789,0,0.6502,0.6578,0.759,0.393,0.873,0.3,57.2,5.53,1
2026-09-05 13:59:30,3662.2,ON,MPPT,50.0,13892.1,469.5,29.59,59.0,50.822,1.45886,3.658,111.0,,180.733,3878.4225,0,0.2,3.6,0.0,43.251,2.209,16.85,41.82,0.887,2,53.01,13259.5,15.47,50.58,244.2,242.1,-2.2,1,11,97,40,49.0,524.1,314.5,0.8963,17.5993,2595.1,0.0789,0,0.6502,0.6578,0.759,0.393,0.873,0.3,57.2,5.53,1
2026-09-05 13:59:47,3678.6,ON,MPPT,50.0,13907.0,469.9,29.59,59.0,50.9219,1.46173,3.662,111.0,,180.734,3878.6627,0,0.2,3.7,0.0,45.0,2.215,13.91,41.05,0.887,2,52.05,13282.2,15.28,50.64,237.4,242.3,4.9,0,11,97,40,49.0,524.1,314.5,0.8969,17.6632,2700.0,0.0789,0,0.6502,0.6578,0.759,0.393,0.873,0.3,57.2,5.53,1
2026-09-05 14:00:03,3695.2,ON,MPPT,50.0,13897.9,470.2,29.56,59.1,51.0383,1.46507,3.672,111.0,,180.75,3878.8894,0,0.2,3.8,0.0,42.51,2.216,15.82,43.46,0.888,2,55.15,13278.3,16.02,50.41,228.2,242.4,14.3,0,11,97,40,49.0,524.1,314.5,0.8971,17.7272,2550.6,0.0789,0,0.6502,0.6578,0.759,0.393,0.873,0.3,57.2,5.53,1
2026-09-05 14:00:20,3711.7,ON,MPPT,50.0,13918.5,470.1,29.61,59.1,50.8001,1.45823,3.65,111.0,,180.747,3879.1298,0,0.2,3.7,0.0,45.973,2.207,15.96,39.75,0.889,2,50.49,13285.8,14.93,50.74,269.9,242.4,-27.5,1,11,97,40,49.0,524.1,314.5,0.8971,17.7897,2758.4,0.0789,0,0.6502,0.6578,0.759,0.393,0.873,0.3,57.2,5.53,1
2026-09-05 14:00:36,3728.1,ON,MPPT,50.0,13919.3,470.0,29.62,59.1,51.014,1.46437,3.665,111.0,,180.741,3879.3566,0,0.2,3.7,0.0,43.363,2.215,16.27,42.98,0.887,2,54.48,13283.6,15.32,50.63,240.8,242.3,1.5,1,11,97,40,49.0,524.1,314.5,0.8972,17.8537,2601.8,0.0789,0,0.6502,0.6578,0.759,0.393,0.873,0.3,57.2,5.53,1
2026-09-05 14:00:53,3744.6,ON,MPPT,50.0,13902.4,469.9,29.59,59.2,50.9863,1.46358,3.667,111.0,,180.736,3879.5978,0,0.2,3.7,0.0,43.3,2.198,15.67,42.85,0.891,2,54.57,13284.0,15.3,50.63,231.2,242.3,11.1,0,11,97,40,49.0,524.1,314.5,0.8966,17.9162,2598.0,0.0789,0,0.6502,0.6578,0.759,0.393,0.873,0.3,57.2,5.53,1
2026-09-05 14:01:09,3761.1,ON,MPPT,50.0,13906.5,469.8,29.6,59.2,50.5779,1.45185,3.637,111.0,,180.736,3879.8233,0,0.2,3.7,0.0,42.586,2.205,16.88,42.52,0.892,2,54.21,13293.0,15.75,50.49,251.6,242.2,-9.4,1,11,97,40,49.0,524.1,314.5,0.8962,17.9802,2555.2,0.0789,0,0.6502,0.6578,0.759,0.393,0.873,0.3,57.2,5.53,1
2026-09-05 14:01:26,3777.6,ON,MPPT,50.0,13885.8,469.6,29.57,59.2,50.6296,1.45334,3.646,111.0,,180.741,3880.0619,0,0.2,3.6,0.0,42.472,2.211,14.48,43.05,0.887,2,54.59,13276.9,16.02,50.41,230.8,242.1,11.3,0,11,97,40,49.0,524.1,314.5,0.896,18.0442,2548.3,0.0789,0,0.6502,0.6578,0.759,0.393,0.873,0.3,57.2,5.53,1
2026-09-05 14:01:42,3794.1,ON,MPPT,50.0,13873.1,469.5,29.55,59.2,50.5412,1.4508,3.643,111.0,,180.767,3880.2871,0,0.2,3.6,0.0,44.527,2.216,12.3,42.45,0.885,2,53.73,13265.5,15.57,50.55,229.7,242.1,12.4,0,11,97,40,49.0,524.1,314.5,0.8959,18.1066,2671.6,0.0789,0,0.6502,0.6578,0.759,0.393,0.873,0.3,57.2,5.53,1
2026-09-05 14:01:59,3810.5,ON,MPPT,50.0,13872.1,469.5,29.55,59.2,50.8668,1.46014,3.667,111.0,,180.741,3880.5261,0,0.2,3.6,0.0,45.075,2.213,13.75,42.05,0.887,2,53.3,13255.5,14.88,50.76,220.7,242.1,21.3,0,11,97,40,49.0,524.1,314.5,0.8953,18.1705,2704.5,0.0789,0,0.6502,0.6578,0.759,0.393,0.873,0.3,57.2,5.53,1
2026-09-05 14:02:15,3827.1,ON,MPPT,50.0,13900.4,469.2,29.63,59.2,50.992,1.46374,3.668,111.0,,180.749,3880.7526,0,0.2,3.5,0.0,44.619,2.213,13.55,41.98,0.887,2,53.2,13259.4,14.79,50.78,227.8,241.9,14.1,0,11,97,40,49.0,524.1,314.5,0.8953,18.2344,2677.2,0.0789,0,0.6502,0.6578,0.759,0.393,0.873,0.3,57.2,5.53,1
2026-09-05 14:02:32,3843.5,ON,MPPT,50.0,13852.8,469.4,29.51,59.1,50.9494,1.46252,3.678,111.0,,180.771,3880.9932,0,0.2,3.6,0.0,43.849,2.223,14.89,43.59,0.885,2,55.12,13260.8,15.49,50.57,219.1,242.0,22.9,0,11,97,40,49.0,524.1,314.5,0.8949,18.2967,2631.0,0.0789,0,0.6502,0.6578,0.759,0.393,0.873,0.3,57.2,5.53,1
2026-09-05 14:02:48,3860.0,ON,MPPT,50.0,13891.7,468.7,29.64,59.1,51.191,1.46945,3.685,111.0,,180.764,3881.2203,0,0.2,3.5,0.0,43.75,2.216,15.11,43.16,0.888,2,54.79,13248.6,15.38,50.61,228.6,241.7,13.1,0,11,97,40,49.0,524.1,314.5,0.8949,18.3604,2625.0,0.0789,0,0.6502,0.6578,0.759,0.393,0.873,0.3,57.2,5.53,1
2026-09-05 14:03:05,3876.5,ON,MPPT,50.0,13885.1,468.6,29.63,59.1,50.998,1.46391,3.673,111.0,97.63,,3881.4615,0,0.2,3.4,0.0,43.872,2.221,16.98,41.74,0.883,2,53.74,13240.6,15.23,50.65,241.8,241.6,-0.3,1,11,97,40,49.0,524.1,314.5,0.8947,18.4227,2632.3,0.0789,0,0.6502,0.6578,0.759,0.393,0.873,0.3,57.2,5.53,1
2026-09-05 14:03:21,3893.0,ON,MPPT,50.0,13865.8,468.6,29.59,59.1,50.317,1.44436,3.629,111.0,,180.752,3881.6868,0,0.2,3.4,0.0,43.236,2.201,16.38,42.18,0.89,2,53.63,13247.9,15.4,50.6,251.9,241.6,-10.3,1,11,97,40,49.0,524.1,314.5,0.8946,18.4864,2594.1,0.0789,0,0.6502,0.6578,0.759,0.393,0.873,0.3,57.2,5.53,1
2026-09-05 14:03:38,3909.5,ON,MPPT,50.0,13855.9,468.9,29.55,59.1,50.4836,1.44915,3.643,111.0,,180.755,3881.9239,0,0.2,3.5,0.0,43.704,2.215,18.43,41.82,0.887,2,53.01,13240.8,15.8,50.48,263.1,241.8,-21.3,1,11,97,40,49.0,524.1,314.5,0.8944,18.5502,2622.2,0.0789,0,0.6502,0.6578,0.759,0.393,0.873,0.3,57.2,5.53,1
2026-09-05 14:03:54,3925.9,ON,MPPT,50.0,13880.8,469.2,29.58,59.1,50.748,1.45673,3.656,111.0,,180.761,3882.1494,0,0.2,3.6,0.0,43.75,2.208,16.72,42.67,0.891,2,54.31,13272.0,15.53,50.56,240.2,241.9,1.7,1,11,97,40,49.0,524.1,314.5,0.8947,18.6124,2625.0,0.0789,0,0.6502,0.6578,0.759,0.393,0.873,0.3,57.2,5.53,1
2026-09-05 14:04:11,3942.4,ON,MPPT,50.0,13880.5,469.1,29.59,59.1,50.7975,1.45816,3.66,111.0,97.64,,3882.3747,0,0.2,3.5,0.0,43.784,2.211,11.93,42.21,0.887,2,54.25,13248.4,15.46,50.55,225.6,241.8,16.2,0,11,97,40,49.0,524.1,314.5,0.8948,18.6763,2627.1,0.0789,0,0.6502,0.6578,0.759,0.393,0.873,0.3,57.2,5.53,1
2026-09-05 14:04:27,3958.9,ON,MPPT,50.0,13854.5,469.1,29.54,59.1,50.9509,1.46256,3.678,111.0,,180.766,3882.615,0,0.2,3.5,0.0,45.026,2.218,15.96,40.45,0.886,2,51.2,13247.1,15.52,50.56,264.2,241.8,-22.3,1,11,97,40,49.0,524.1,314.5,0.8941,18.7401,2701.6,0.0789,0,0.6502,0.6578,0.759,0.393,0.873,0.3,57.2,5.53,1
2026-09-05 14:04:44,3975.4,ON,MPPT,50.0,13885.6,468.6,29.63,59.1,50.7283,1.45617,3.653,111.0,,180.778,3882.8415,0,0.2,3.4,0.0,45.163,2.213,16.53,40.5,0.889,2,51.44,13255.6,15.71,50.5,263.7,241.6,-22.1,1,11,97,40,49.0,524.1,314.5,0.8947,18.8023,2709.8,0.0789,0,0.6502,0.6578,0.759,0.393,0.873,0.3,57.2,5.53,1
2026-09-05 14:05:00,3991.9,ON,MPPT,50.0,13854.2,469.1,29.53,59.2,50.4858,1.44921,3.644,111.0,,180.784,3883.0807,0,0.2,3.5,0.0,43.804,2.206,17.71,42.24,0.887,2,53.52,13240.4,15.34,50.62,256.3,241.9,-14.4,1,11,97,40,49.0,524.1,314.5,0.8944,18.8661,2628.2,0.0789,0,0.6502,0.6578,0.759,0.393,0.873,0.3,57.2,5.53,1
2026-09-05 14:05:17,4008.3,ON,MPPT,50.0,13892.9,469.2,29.61,59.1,50.8276,1.45902,3.659,111.0,,180.77,3883.3059,0,0.2,3.5,0.0,43.336,2.214,14.79,42.72,0.885,2,53.11,13251.0,16.1,50.37,255.6,241.9,-13.7,1,11,97,40,49.0,524.1,314.5,0.8955,18.9283,2600.2,0.0789,0,0.6502,0.6578,0.759,0.393,0.873,0.3,57.2,5.53,1
2026-09-05 14:05:33,4024.9,ON,MPPT,50.0,13899.1,469.1,29.63,59.1,51.012,1.46431,3.67,111.0,,180.785,3883.5466,0,0.2,3.5,0.0,44.646,2.208,13.11,40.86,0.887,2,51.78,13253.7,15.18,50.67,244.5,241.9,-2.6,1,11,97,40,49.0,524.1,314.5,0.896,18.9921,2678.7,0.0789,0,0.6502,0.6578,0.759,0.393,0.873,0.3,57.2,5.53,1
2026-09-05 14:05:50,4041.4,ON,MPPT,50.0,13870.3,469.2,29.56,59.1,50.6818,1.45483,3.654,111.0,,180.775,3883.7726,0,0.2,3.5,0.0,43.795,2.206,15.01,42.27,0.886,2,53.54,13247.4,15.46,50.58,250.5,241.9,-8.6,1,11,97,40,49.0,524.1,314.5,0.8949,19.056,2627.7,0.0789,0,0.6502,0.6578,0.759,0.393,0.873,0.3,57.2,5.53,1
2026-09-05 14:06:06,4057.8,ON,MPPT,50.0,13900.1,468.9,29.64,59.1,50.5758,1.45179,3.639,111.0,97.64,,3884.0113,0,0.2,3.5,0.0,42.861,2.216,17.02,42.54,0.887,2,53.94,13255.5,15.85,50.46,252.4,241.8,-10.6,1,11,97,40,49.0,524.1,314.5,0.8949,19.1182,2571.7,0.0789,0,0.6502,0.6578,0.759,0.393,0.873,0.3,57.2,5.53,1
2026-09-05 14:06:22,4074.3,ON,MPPT,50.0,13884.3,469.2,29.59,59.1,50.8452,1.45953,3.662,111.0,,180.717,3884.2367,0,0.2,3.5,0.0,42.795,2.211,17.08,43.21,0.885,2,54.66,13257.0,15.46,50.58,241.9,241.9,-0.0,1,11,97,40,49.0,524.1,314.5,0.8951,19.1821,2567.7,0.0789,0,0.6502,0.6578,0.759,0.393,0.873,0.3,57.2,5.53,1
2026-09-05 14:06:39,4090.8,ON,MPPT,50.0,13868.9,469.0,29.57,59.1,50.9542,1.46265,3.674,111.0,,180.775,3884.4774,0,0.2,3.5,0.0,43.381,2.21,12.77,42.4,0.889,2,53.84,13244.0,15.69,50.51,227.7,241.8,14.1,0,11,97,40,49.0,524.1,314.5,0.8955,19.2459,2602.9,0.0789,0,0.6502,0.6578,0.759,0.393,0.873,0.3,57.2,5.53,1
2026-09-05 14:06:55,4107.3,ON,MPPT,50.0,13863.8,468.7,29.58,59.0,50.8957,1.46098,3.671,111.0,,180.776,3884.7038,0,0.2,3.4,0.0,42.934,2.211,17.37,42.77,0.888,2,54.3,13251.7,16.03,50.4,265.4,241.6,-23.8,1,11,97,40,49.0,524.1,314.5,0.8943,19.3081,2576.0,0.0789,0,0.6502,0.6578,0.759,0.393,0.873,0.3,57.2,5.53,1
2026-09-05 14:07:12,4123.8,ON,MPPT,50.0,13853.7,468.3,29.58,59.1,50.261,1.44276,3.628,111.0,,180.772,3884.9429,0,0.2,3.4,0.0,42.854,2.209,15.37,42.94,0.888,2,54.48,13237.6,15.37,50.61,236.5,241.4,4.9,0,11,97,40,49.0,524.1,314.5,0.8939,19.3719,2571.2,0.0789,0,0.6502,0.6578,0.759,0.393,0.873,0.3,57.2,5.53,1
2026-09-05 14:07:28,4140.2,ON,MPPT,50.0,13829.4,467.9,29.55,59.0,50.2386,1.44211,3.633,111.0,,180.776,3885.1662,0,0.2,3.3,0.0,44.414,2.218,16.31,41.9,0.886,2,53.08,13207.3,16.17,50.36,258.0,241.3,-16.7,1,11,97,40,49.0,524.1,314.5,0.8927,19.434,2664.8,0.0789,0,0.6502,0.6578,0.759,0.393,0.873,0.3,57.2,5.53,1
2026-09-05 14:07:45,4156.8,ON,MPPT,50.0,13822.4,467.5,29.57,59.0,50.4524,1.44825,3.65,111.0,,180.78,3885.4039,0,0.2,3.2,0.0,43.3,2.224,14.35,43.25,0.883,2,54.6,13207.1,15.03,50.71,217.3,241.0,23.8,0,11,97,40,49.0,524.1,314.5,0.8914,19.4977,2598.0,0.0789,0,0.6502,0.6578,0.759,0.393,0.873,0.3,57.2,5.53,1
2026-09-05 14:08:01,4173.2,ON,MPPT,50.0,13841.2,467.0,29.64,59.0,50.6843,1.45491,3.662,111.0,,180.778,3885.6289,0,0.2,3.1,0.0,43.067,2.227,14.5,42.23,0.882,2,53.21,13203.9,15.67,50.52,230.9,240.8,9.9,0,11,97,40,49.0,524.1,314.5,0.8911,19.5614,2584.0,0.0789,0,0.6502,0.6578,0.759,0.393,0.873,0.3,57.2,5.53,1
2026-09-05 14:08:18,4189.7,ON,MPPT,50.0,13842.5,466.6,29.67,59.0,50.5083,1.44986,3.649,111.0,,180.761,3885.8677,0,0.2,3.0,0.0,44.36,2.227,16.08,41.13,0.881,2,51.77,13200.7,14.99,50.72,259.1,240.5,-18.6,1,11,97,40,49.0,524.1,314.5,0.8909,19.6235,2661.6,0.0789,0,0.6502,0.6578,0.759,0.393,0.873,0.3,57.2,5.53,1
2026-09-05 14:08:34,4206.2,ON,MPPT,50.0,13790.2,466.9,29.54,59.1,50.8694,1.46022,3.689,111.0,97.63,,3886.0935,0,0.2,3.1,0.0,44.294,2.225,14.33,42.12,0.881,2,53.02,13189.8,15.07,50.7,222.8,240.7,17.9,0,11,97,40,49.0,524.1,314.5,0.8901,19.6871,2657.7,0.0789,0,0.6502,0.6578,0.759,0.393,0.873,0.3,57.2,5.53,1
2026-09-05 14:08:51,4222.7,ON,MPPT,50.0,13806.1,466.4,29.6,59.1,50.8103,1.45852,3.68,111.0,,180.814,3886.3336,0,0.2,3.0,0.0,44.295,2.229,14.56,42.14,0.881,2,53.04,13181.8,14.95,50.74,239.8,240.5,0.7,1,11,97,40,49.0,524.1,314.5,0.8902,19.749,2657.7,0.0789,0,0.6502,0.6578,0.759,0.393,0.873,0.3,57.2,5.53,1
2026-09-05 14:09:07,4239.1,ON,MPPT,50.0,13796.3,466.2,29.59,59.1,50.8746,1.46037,3.688,111.0,97.64,,3886.5598,0,0.2,2.9,0.0,44.46,2.236,17.54,40.62,0.88,2,51.11,13180.9,15.5,50.57,265.2,240.4,-24.8,1,11,97,40,49.0,524.1,314.5,0.8897,19.8125,2667.6,0.0789,0,0.6502,0.6578,0.759,0.393,0.873,0.3,57.2,5.53,1
2026-09-05 14:09:24,4255.6,ON,MPPT,50.0,13820.3,466.0,29.66,59.0,50.8901,1.46081,3.682,111.0,,180.772,3886.7995,0,0.2,2.9,0.0,42.579,2.233,16.0,42.89,0.879,2,53.85,13181.0,15.65,50.52,240.6,240.3,-0.4,1,11,97,40,49.0,524.1,314.5,0.8898,19.876,2554.8,0.0789,0,0.6502,0.6578,0.759,0.393,0.873,0.3,57.2,5.53,1
2026-09-05 14:09:40,4272.1,ON,MPPT,50.0,13790.1,466.7,29.55,59.1,50.5204,1.4502,3.664,111.0,97.64,,3887.0249,0,0.2,3.0,0.0,42.503,2.236,13.67,43.16,0.88,2,54.29,13183.1,15.68,50.51,220.7,240.6,19.9,0,11,97,40,49.0,524.1,314.5,0.8896,19.9379,2550.2,0.0789,0,0.6502,0.6578,0.759,0.393,0.873,0.3,57.2,5.53,1
2026-09-05 14:09:57,4288.6,ON,MPPT,50.0,13810.0,466.8,29.59,59.0,50.6849,1.45492,3.67,111.0,,180.763,3887.2643,0,0.2,3.1,0.0,42.828,2.221,14.1,43.27,0.881,2,54.48,13177.9,15.22,50.65,221.1,240.7,19.6,0,11,97,40,49.0,524.1,314.5,0.8909,20.0013,2569.7,0.0789,0,0.6502,0.6578,0.759,0.393,0.873,0.3,57.2,5.53,1
2026-09-05 14:10:13,4305.1,ON,MPPT,50.0,13808.5,466.6,29.59,59.1,50.9537,1.46264,3.69,111.0,,180.791,3887.4897,0,0.2,3.0,0.0,44.024,2.221,13.18,41.83,0.883,2,52.77,13177.3,14.93,50.74,228.1,240.6,12.5,0,11,97,40,49.0,524.1,314.5,0.8907,20.0648,2641.4,0.0789,0,0.6502,0.6578,0.759,0.393,0.873,0.3,57.2,5.53,1
2026-09-05 14:10:30,4321.5,ON,MPPT,50.0,13795.3,466.0,29.6,59.0,50.8001,1.45823,3.682,111.0,,180.697,3887.7299,0,0.2,2.9,0.0,42.105,2.229,14.87,44.33,0.882,2,55.88,13174.8,15.61,50.53,212.7,240.3,27.5,0,11,97,40,49.0,524.1,314.5,0.8892,20.1267,2526.3,0.0789,0,0.6502,0.6578,0.759,0.393,0.873,0.3,57.2,5.53,1
2026-09-05 14:10:46,4338.0,ON,MPPT,50.0,13783.9,465.2,29.63,59.0,50.5792,1.45189,3.669,111.0,,180.772,3887.9552,0,0.2,2.7,0.0,44.863,2.236,17.26,40.66,0.88,2,51.15,13146.6,15.58,50.54,269.3,239.8,-29.5,1,11,97,40,49.0,524.1,314.5,0.8879,20.1901,2691.8,0.0789,0,0.6502,0.6578,0.759,0.393,0.873,0.3,57.2,5.53,1
2026-09-05 14:11:03,4354.5,ON,MPPT,50.0,13769.1,464.9,29.62,58.9,50.1072,1.43834,3.639,111.0,,180.768,3888.1926,0,0.2,2.7,0.0,42.924,2.219,16.79,42.27,0.884,2,53.38,13140.9,15.82,50.47,249.3,239.7,-9.6,1,11,97,40,49.0,524.1,314.5,0.8868,20.2519,2575.4,0.0789,0,0.6502,0.6578,0.759,0.393,0.873,0.3,57.2,5.53,1
2026-09-05 14:11:19,4371.0,ON,MPPT,50.0,13731.6,464.7,29.55,59.0,49.9895,1.43496,3.64,111.0,,180.795,3888.4144,0,0.2,2.6,0.0,43.227,2.233,14.46,42.64,0.879,2,53.56,13133.8,15.34,50.62,222.0,239.6,17.6,0,11,97,40,49.0,524.1,314.5,0.8862,20.3152,2593.6,0.0789,0,0.6502,0.6578,0.759,0.393,0.873,0.3,57.2,5.53,1
2026-09-05 14:11:36,4387.4,ON,MPPT,50.0,13707.7,464.5,29.51,58.9,50.2189,1.44155,3.664,111.0,,180.759,3888.6375,0,0.2,2.6,0.0,43.983,2.237,14.48,42.28,0.879,2,53.14,13109.2,15.24,50.65,220.8,239.5,18.7,0,11,97,40,49.0,524.1,314.5,0.8849,20.3784,2639.0,0.0789,0,0.6502,0.6578,0.759,0.393,0.873,0.3,57.2,5.53,1
2026-09-05 14:11:52,4403.9,ON,MPPT,50.0,13722.0,464.0,29.57,58.9,50.3548,1.44545,3.67,111.0,,180.833,3888.8749,0,0.2,2.5,0.0,42.909,2.242,14.8,43.35,0.878,2,54.4,13108.0,15.85,50.46,229.7,239.2,9.5,0,11,97,40,49.0,524.1,314.5,0.8852,20.4399,2574.5,0.0789,0,0.6502,0.6578,0.759,0.393,0.873,0.3,57.2,5.53,1
2026-09-05 14:12:09,4420.4,ON,MPPT,50.0,13724.9,463.9,29.59,58.9,50.4148,1.44717,3.673,111.0,,180.784,3889.0996,0,0.2,2.4,0.0,43.564,2.234,12.29,41.53,0.879,2,52.2,13104.1,15.51,50.57,233.8,239.2,5.4,0,11,97,40,49.0,524.1,314.5,0.8847,20.503,2613.9,0.0789,0,0.6502,0.6578,0.759,0.393,0.873,0.3,57.2,5.53,1
2026-09-05 14:12:25,4436.9,ON,MPPT,50.0,13730.5,463.5,29.63,58.8,50.3213,1.44449,3.665,111.0,,180.772,3889.3378,0,0.2,2.4,0.0,43.38,2.236,15.63,42.34,0.878,2,53.13,13097.8,15.54,50.56,245.4,238.9,-6.5,1,11,97,40,49.0,524.1,314.5,0.884,20.5661,2602.8,0.0789,0,0.6502,0.6578,0.759,0.393,0.873,0.3,57.2,5.53,1
2026-09-05 14:12:42,4453.4,ON,MPPT,50.0,13696.8,462.9,29.59,58.8,50.407,1.44695,3.68,111.0,,180.773,3889.5617,0,0.2,2.2,0.0,43.314,2.228,13.98,40.59,0.879,2,50.96,13063.0,15.12,50.69,251.5,238.7,-12.9,1,11,97,40,49.0,524.1,314.5,0.884,20.6276,2598.8,0.0789,0,0.6502,0.6578,0.759,0.393,0.873,0.3,57.2,5.53,1
2026-09-05 14:12:58,4469.9,ON,MPPT,50.0,13684.5,462.6,29.58,58.7,50.2699,1.44301,3.673,111.0,,180.767,3889.7993,0,0.2,2.2,0.0,44.001,2.248,16.92,42.12,0.876,2,52.75,13069.7,15.4,50.6,247.4,238.5,-8.9,1,11,97,40,49.0,524.1,314.5,0.8823,20.6905,2640.1,0.0789,0,0.6502,0.6578,0.759,0.393,0.873,0.3,57.2,5.53,1
2026-09-05 14:13:15,4486.4,ON,MPPT,50.0,13682.1,461.6,29.64,58.7,50.1322,1.43906,3.664,111.0,,180.765,3890.0223,0,0.2,2.0,0.0,42.8,2.256,15.48,43.15,0.872,2,53.75,13060.8,15.46,50.58,231.7,238.0,6.3,0,11,97,40,49.0,524.1,314.5,0.8809,20.7519,2568.0,0.0789,0,0.6502,0.6578,0.759,0.393,0.873,0.3,57.2,5.53,1
2026-09-05 14:13:31,4502.9,ON,MPPT,50.0,13642.8,461.8,29.54,58.7,50.2127,1.44137,3.681,111.0,,180.775,3890.259,0,0.2,2.0,0.0,43.42,2.251,16.62,42.16,0.873,2,52.59,13042.6,15.27,50.64,245.9,238.1,-7.8,1,11,97,40,49.0,524.1,314.5,0.8803,20.8147,2605.2,0.0789,0,0.6502,0.6578,0.759,0.393,0.873,0.3,57.2,5.53,1
2026-09-05 14:13:47,4519.3,ON,MPPT,50.0,13657.7,461.5,29.59,58.7,50.2885,1.44355,3.682,111.0,97.64,,3890.4822,0,0.2,1.9,0.0,42.937,2.255,15.26,44.04,0.871,2,54.84,13046.8,15.67,50.52,223.4,237.9,14.6,0,11,97,40,49.0,524.1,314.5,0.8813,20.8775,2576.2,0.0789,0,0.6502,0.6578,0.759,0.393,0.873,0.3,57.2,5.53,1
2026-09-05 14:14:04,4535.8,ON,MPPT,50.0,13655.3,461.3,29.6,58.7,50.2523,1.44251,3.68,111.0,,180.768,3890.7196,0,0.2,1.9,0.0,42.63,2.251,13.63,42.55,0.874,2,53.13,13037.1,15.89,50.45,226.2,237.8,11.6,0,11,97,40,49.0,524.1,314.5,0.8806,20.9387,2557.8,0.0789,0,0.6502,0.6578,0.759,0.393,0.873,0.3,57.2,5.53,1
2026-09-05 14:14:20,4552.3,ON,MPPT,50.0,13616.1,461.0,29.53,58.7,49.9332,1.43335,3.667,111.0,,180.769,3890.9421,0,0.2,1.8,0.0,43.602,2.253,17.17,41.94,0.873,2,52.34,13022.7,15.53,50.56,271.0,237.7,-33.3,1,11,97,40,49.0,524.1,314.5,0.8794,21.0015,2616.1,0.0789,0,0.6502,0.6578,0.759,0.393,0.873,0.3,57.2,5.53,1
2026-09-05 14:14:37,4568.8,ON,MPPT,50.0,13605.5,460.7,29.53,58.7,50.0887,1.43781,3.682,111.0,,180.796,3891.1784,0,0.2,1.8,0.0,42.917,2.252,14.93,42.72,0.871,2,53.17,13007.9,15.56,50.55,238.2,237.5,-0.6,1,11,97,40,49.0,524.1,314.5,0.8782,21.0642,2575.0,0.0789,0,0.6502,0.6578,0.759,0.393,0.873,0.3,57.2,5.53,1
2026-09-05 14:14:53,4585.3,ON,MPPT,50.0,13630.0,460.9,29.57,58.7,50.1281,1.43894,3.678,111.0,,180.78,3891.4007,0,0.2,1.8,0.0,43.774,2.256,15.38,41.96,0.87,2,52.19,13019.9,15.34,50.62,249.1,237.6,-11.5,1,11,97,40,49.0,524.1,314.5,0.8794,21.1254,2626.4,0.0789,0,0.6502,0.6578,0.759,0.393,0.873,0.3,57.2,5.53,1
2026-09-05 14:15:10,4601.7,ON,MPPT,50.0,13597.6,460.2,29.55,58.6,50.1053,1.43829,3.685,111.0,,180.772,3891.6373,0,0.2,1.7,0.0,45.409,2.257,14.92,40.26,0.87,2,50.08,12997.0,14.92,50.74,258.1,237.3,-20.8,1,11,97,40,49.0,524.1,314.5,0.8781,21.188,2724.5,0.0789,0,0.6502,0.6578,0.759,0.393,0.873,0.3,57.2,5.53,1
2026-09-05 14:15:26,4618.3,ON,MPPT,50.0,13574.7,459.7,29.53,58.6,49.9625,1.43419,3.681,111.0,,180.769,3891.8596,0,0.2,1.6,0.0,43.57,2.254,13.4,43.06,0.871,2,53.59,12976.9,14.92,50.74,224.7,237.0,12.3,0,11,97,40,49.0,524.1,314.5,0.8767,21.249,2614.2,0.0789,0,0.6502,0.6578,0.759,0.393,0.873,0.3,57.2,5.53,1
2026-09-05 14:15:43,4634.7,ON,MPPT,50.0,13582.9,458.1,29.65,58.7,49.926,1.43314,3.676,111.0,,180.769,3892.0956,0,0.2,1.2,0.0,44.015,2.251,15.08,40.52,0.872,2,50.49,12935.1,15.42,50.59,252.6,236.2,-16.4,1,11,97,40,49.0,524.1,314.5,0.8746,21.3114,2640.9,0.0789,0,0.6502,0.6578,0.759,0.393,0.873,0.3,57.2,5.53,1
2026-09-05 14:15:59,4651.2,ON,MPPT,50.0,13522.4,458.0,29.53,58.4,49.7636,1.42848,3.68,111.0,,180.773,3892.3168,0,0.2,1.2,0.0,43.947,2.262,13.06,40.92,0.866,2,50.64,12908.7,15.28,50.64,241.8,236.1,-5.6,1,11,97,40,49.0,524.1,314.5,0.8737,21.3736,2636.8,0.0789,0,0.6502,0.6578,0.759,0.393,0.873,0.3,57.2,5.53,1
2026-09-05 14:16:16,4667.6,ON,MPPT,50.0,13489.7,458.1,29.45,58.5,49.773,1.42875,3.69,111.0,97.63,,3892.5516,0,0.2,1.2,0.0,43.701,2.256,14.02,42.6,0.867,2,52.77,12901.4,14.65,50.82,219.2,236.2,17.0,0,11,97,40,49.0,524.1,314.5,0.8743,21.4343,2622.0,0.0789,0,0.6502,0.6578,0.759,0.393,0.873,0.3,57.2,5.53,1
2026-09-05 14:16:32,4684.2,ON,MPPT,49.8,13493.4,458.1,29.45,58.4,49.7034,1.42675,3.684,111.0,,180.768,3892.7728,0,0.2,1.6,0.0,44.393,2.26,14.73,41.52,0.867,2,51.43,12908.5,14.33,50.91,230.7,236.2,5.5,0,11,97,40,49.0,524.1,314.5,0.8742,21.4965,2663.6,0.0789,0,0.6502,0.6578,0.759,0.393,0.873,0.3,57.2,5.53,1
2026-09-05 14:16:49,4700.6,ON,MPPT,50.0,13526.1,458.5,29.5,58.5,49.8278,1.43032,3.684,111.0,,180.766,3893.0078,0,0.2,1.3,0.0,44.291,2.266,17.14,40.64,0.869,2,50.46,12932.6,15.51,50.57,272.0,236.4,-35.6,1,11,97,40,49.0,524.1,314.5,0.8738,21.5572,2657.5,0.0789,0,0.6502,0.6578,0.759,0.393,0.873,0.3,57.2,5.53,1
2026-09-05 14:17:05,4717.1,ON,MPPT,50.0,13514.3,457.6,29.54,58.6,49.6791,1.42605,3.676,111.0,,180.782,3893.2292,0,0.2,1.1,0.0,42.479,2.26,15.4,43.67,0.869,2,54.21,12899.3,15.36,50.61,224.6,235.9,11.3,0,11,97,40,49.0,524.1,314.5,0.8737,21.6193,2548.7,0.0789,0,0.6502,0.6578,0.759,0.393,0.873,0.3,57.2,5.53,1
2026-09-05 14:17:22,4733.6,ON,MPPT,50.0,13490.8,457.7,29.48,58.4,49.5672,1.42284,3.674,111.0,,180.766,3893.4634,0,0.2,1.1,0.0,43.179,2.258,16.24,42.47,0.866,2,52.55,12891.2,15.02,50.71,245.1,236.0,-9.1,1,11,97,40,49.0,524.1,314.5,0.8735,21.6815,2590.7,0.0789,0,0.6502,0.6578,0.759,0.393,0.873,0.3,57.2,5.53,1
2026-09-05 14:17:38,4750.1,ON,MPPT,50.0,13540.6,457.3,29.61,58.6,49.5334,1.42187,3.658,111.0,,180.782,3893.6841,0,0.2,1.0,0.0,42.717,2.27,15.79,42.14,0.868,2,52.28,12938.5,15.75,50.49,245.6,235.8,-9.8,1,11,97,40,49.0,524.1,314.5,0.8721,21.7421,2563.0,0.0789,0,0.6502,0.6578,0.759,0.393,0.873,0.3,57.2,5.53,1
2026-09-05 14:17:55,4766.6,ON,MPPT,49.8,13501.5,457.3,29.53,58.5,49.1721,1.4115,3.642,111.0,,180.776,3893.9173,0,0.2,1.4,0.0,43.673,2.282,11.7,42.45,0.864,2,52.41,12931.5,14.69,50.81,220.7,235.8,15.1,0,11,97,40,49.0,524.1,314.5,0.8716,21.8043,2620.4,0.0789,0,0.6502,0.6578,0.759,0.393,0.873,0.3,57.2,5.53,1
2026-09-05 14:18:11,4783.0,ON,MPPT,49.8,13520.0,456.3,29.63,58.5,49.4591,1.41974,3.658,111.0,,180.769,3894.1364,0,0.2,1.2,0.0,44.107,2.269,17.32,42.02,0.867,2,52.06,12915.0,15.2,50.66,258.2,235.3,-22.9,1,11,97,40,49.0,524.1,314.5,0.8704,21.8665,2646.4,0.0789,0,0.6502,0.6578,0.759,0.393,0.873,0.3,57.2,5.53,1
2026-09-05 14:18:28,4799.5,ON,MPPT,50.0,13533.3,457.0,29.61,58.6,49.4404,1.4192,3.653,111.0,,180.767,3894.3694,0,0.2,1.0,0.0,43.186,2.273,16.52,43.35,0.868,2,53.79,12933.5,15.69,50.51,239.7,235.6,-4.1,1,11,97,40,49.0,524.1,314.5,0.872,21.9271,2591.2,0.0789,0,0.6502,0.6578,0.759,0.393,0.873,0.3,57.2,5.53,1
2026-09-05 14:18:44,4816.0,ON,MPPT,50.0,13533.0,456.8,29.62,58.5,49.7662,1.42855,3.677,111.0,,180.773,3894.59,0,0.2,0.9,0.0,42.868,2.261,14.9,43.55,0.867,2,53.99,12929.0,14.78,50.78,225.0,235.5,10.5,0,11,97,40,49.0,524.1,314.5,0.8727,21.9894,2572.1,0.0789,0,0.6502,0.6578,0.759,0.393,0.873,0.3,57.2,5.53,1
2026-09-05 14:19:01,4832.5,ON,MPPT,49.6,13527.7,457.1,29.59,58.6,49.4853,1.42049,3.658,111.0,,180.779,3894.8242,0,0.2,1.8,0.0,42.775,2.264,13.93,43.32,0.865,2,53.54,12927.0,14.6,50.84,217.7,235.7,18.0,0,11,97,40,49.0,524.1,314.5,0.8713,22.0515,2566.5,0.0789,0,0.6502,0.6578,0.759,0.393,0.873,0.3,57.2,5.53,1
2026-09-05 14:19:17,4849.0,ON,MPPT,50.0,13554.7,456.4,29.7,58.4,49.5829,1.42329,3.658,111.0,,180.767,3895.0448,0,0.2,0.8,0.0,43.2,2.266,15.92,42.31,0.868,2,52.47,12921.0,14.99,50.72,238.1,235.3,-2.9,1,11,97,40,49.0,524.1,314.5,0.8729,22.1122,2592.0,0.0789,0,0.6502,0.6578,0.759,0.393,0.873,0.3,57.2,5.53,1
2026-09-05 14:19:34,4865.5,ON,MPPT,50.0,13526.5,458.8,29.48,58.6,49.4938,1.42073,3.659,111.0,,180.77,3895.2647,0,0.2,1.4,0.0,43.007,2.253,15.12,42.99,0.869,2,53.37,12932.1,15.04,50.71,224.7,236.5,11.8,0,11,97,40,49.0,524.1,314.5,0.8763,22.1745,2580.4,0.0789,0,0.6502,0.6578,0.759,0.393,0.873,0.3,57.2,5.53,1
2026-09-05 14:19:50,4882.0,ON,MPPT,50.0,13518.6,459.2,29.44,58.6,49.5172,1.42141,3.663,111.0,,180.768,3895.4987,0,0.2,1.4,0.0,43.637,2.252,15.2,41.86,0.872,2,52.19,12936.9,15.73,50.5,247.6,236.7,-10.9,1,11,97,40,49.0,524.1,314.5,0.8756,22.2368,2618.2,0.0789,0,0.6502,0.6578,0.759,0.393,0.873,0.3,57.2,5.53,1
2026-09-05 14:20:07,4898.4,ON,MPPT,49.4,13452.0,456.4,29.48,58.6,49.8914,1.43215,3.709,111.0,,180.786,3895.7193,0,0.2,2.0,0.0,44.289,2.291,12.94,41.21,0.86,2,50.64,12877.0,14.99,50.72,237.0,235.3,-1.7,1,11,97,40,49.0,524.1,314.5,0.8693,22.2975,2657.4,0.0789,0,0.6502,0.6578,0.759,0.393,0.873,0.3,57.2,5.53,1
2026-09-05 14:20:23,4914.9,ON,MPPT,47.8,13340.4,450.0,29.64,58.5,49.1736,1.41154,3.686,111.0,,180.769,3895.9538,0,0.2,3.9,0.0,42.652,2.333,13.64,43.77,0.846,2,52.94,12737.5,14.74,50.8,203.7,232.0,28.3,0,11,97,40,49.0,524.1,314.5,0.8609,22.3589,2559.1,0.0789,0,0.6502,0.6578,0.759,0.393,0.873,0.3,57.2,5.53,1
2026-09-05 14:20:40,4931.4,ON,MPPT,45.6,13318.5,450.1,29.59,58.5,48.801,1.40084,3.664,111.0,,180.769,3896.1714,0,0.2,8.3,0.0,42.865,2.343,15.5,42.63,0.844,2,51.43,12736.3,15.37,50.61,227.6,232.1,4.5,1,11,97,40,49.0,524.1,314.5,0.8591,22.4186,2571.9,0.0789,0,0.6502,0.6578,0.759,0.393,0.873,0.3,57.2,5.53,1
2026-09-05 14:20:56,4947.9,ON,MPPT,45.6,13503.0,456.0,29.61,58.2,48.8953,1.40355,3.621,111.0,,180.772,3896.4018,0,0.2,9.5,0.0,43.514,2.307,11.77,42.8,0.852,2,52.15,12904.0,14.65,50.82,222.5,235.1,12.6,0,11,97,40,49.0,524.1,314.5,0.8705,22.4798,2610.8,0.0789,0,0.6502,0.6578,0.759,0.393,0.873,0.3,57.2,5.53,1
2026-09-05 14:21:13,4964.4,ON,MPPT,48.0,13495.7,457.4,29.51,58.4,49.1654,1.41131,3.643,111.0,,180.779,3896.6193,0,0.2,5.0,0.0,44.399,2.301,15.48,41.35,0.858,2,50.71,12935.0,15.33,50.62,254.4,235.8,-18.6,1,11,97,40,49.0,524.1,314.5,0.8718,22.542,2663.9,0.0789,0,0.6502,0.6578,0.759,0.393,0.873,0.3,57.2,5.53,1
2026-09-05 14:21:29,4980.9,ON,MPPT,50.0,13527.7,458.0,29.53,58.4,49.6781,1.42602,3.672,111.0,,180.771,3896.8531,0,0.2,1.2,0.0,42.257,2.261,14.32,42.76,0.869,2,53.11,12928.7,15.58,50.55,224.7,236.2,11.5,0,11,97,40,49.0,524.1,314.5,0.874,22.6027,2535.4,0.0789,0,0.6502,0.6578,0.759,0.393,0.873,0.3,57.2,5.53,1
2026-09-05 14:21:45,4997.3,ON,MPPT,50.0,13519.5,457.4,29.56,58.6,49.8535,1.43106,3.688,111.0,,180.769,3897.0744,0,0.2,1.1,0.0,43.115,2.277,15.95,43.39,0.864,2,53.6,12938.2,15.28,50.64,220.9,235.8,14.9,0,11,97,40,49.0,524.1,314.5,0.8721,22.6649,2586.9,0.0789,0,0.6502,0.6578,0.759,0.393,0.873,0.3,57.2,5.53,1
2026-09-05 14:22:02,5013.9,ON,MPPT,50.0,13499.4,458.0,29.47,58.7,49.8695,1.43152,3.694,111.0,,180.77,3897.3091,0,0.2,1.2,0.0,42.477,2.27,14.48,42.73,0.867,2,52.92,12924.5,15.49,50.57,231.1,236.1,5.0,0,11,97,40,49.0,524.1,314.5,0.8732,22.7271,2548.6,0.0789,0,0.6502,0.6578,0.759,0.393,0.873,0.3,57.2,5.53,1
2026-09-05 14:22:18,5030.3,ON,MPPT,49.8,13513.5,457.8,29.52,58.6,49.9115,1.43272,3.693,111.0,,180.774,3897.5304,0,0.2,1.5,0.0,42.187,2.269,14.62,43.31,0.866,2,53.62,12938.8,15.3,50.63,225.1,236.0,10.9,0,11,97,40,49.0,524.1,314.5,0.8729,22.7878,2531.2,0.0789,0,0.6502,0.6578,0.759,0.393,0.873,0.3,57.2,5.53,1
2026-09-05 14:22:35,5046.8,ON,MPPT,50.0,13525.6,457.4,29.57,58.6,49.9607,1.43414,3.694,111.0,,180.766,3897.7671,0,0.2,1.1,0.0,42.993,2.258,14.79,42.63,0.869,2,52.94,12933.5,15.14,50.68,234.7,235.8,1.1,1,11,97,40,49.0,524.1,314.5,0.8732,22.85,2579.6,0.0789,0,0.6502,0.6578,0.759,0.393,0.873,0.3,57.2,5.53,1
2026-09-05 14:22:51,5063.3,ON,MPPT,50.0,13493.9,457.2,29.51,58.6,49.4564,1.41966,3.665,111.0,,180.774,3897.988,0,0.2,1.0,0.0,44.748,2.263,16.54,40.87,0.868,2,50.7,12922.2,14.41,50.89,264.9,235.7,-29.1,1,11,97,40,49.0,524.1,314.5,0.8712,22.9106,2684.9,0.0789,0,0.6502,0.6578,0.759,0.393,0.873,0.3,57.2,5.53,1
2026-09-05 14:23:08,5079.8,ON,MPPT,50.0,13499.9,457.0,29.54,58.7,49.174,1.41155,3.643,111.0,,180.792,3898.2206,0,0.2,1.0,0.0,43.661,2.268,16.31,41.36,0.864,2,51.07,12911.5,15.16,50.67,261.5,235.6,-25.9,1,11,97,40,49.06,524.1,314.5,0.8717,22.9728,2619.7,0.0789,0,0.6502,0.6578,0.759,0.393,0.873,0.3,57.2,5.53,1
2026-09-05 14:23:24,5096.3,ON,MPPT,50.0,13535.9,456.8,29.63,58.6,49.4983,1.42086,3.657,111.0,,180.765,3898.4393,0,0.2,0.9,0.0,42.385,2.277,14.11,43.6,0.866,2,53.97,12927.9,15.08,50.7,212.6,235.5,22.9,0,11,97,40,49.06,524.1,314.5,0.8717,23.0349,2543.1,0.0789,0,0.6502,0.6578,0.759,0.393,0.873,0.3,57.2,5.53,1
2026-09-05 14:23:41,5112.7,ON,MPPT,50.0,13543.5,457.6,29.59,58.7,49.7139,1.42705,3.671,111.0,,180.776,3898.6739,0,0.2,1.1,0.0,45.286,2.275,16.79,40.66,0.868,2,50.46,12939.2,15.05,50.71,256.4,236.0,-20.4,1,11,97,40,49.06,524.1,314.5,0.873,23.0957,2717.2,0.0789,0,0.6502,0.6578,0.759,0.393,0.873,0.3,57.2,5.53,1
2026-09-05 14:23:57,5129.2,ON,MPPT,49.8,13559.9,458.0,29.61,58.5,49.6349,1.42478,3.66,111.0,,180.78,3898.8948,0,0.2,1.6,0.0,43.039,2.251,14.17,43.08,0.87,2,53.57,12928.1,14.85,50.76,226.4,236.1,9.7,0,11,97,40,49.06,524.1,314.5,0.875,23.1579,2582.4,0.0789,0,0.6502,0.6578,0.759,0.393,0.873,0.3,57.2,5.53,1
2026-09-05 14:24:14,5145.7,ON,MPPT,49.8,13555.5,458.7,29.55,58.6,49.726,1.4274,3.668,111.0,,180.769,3899.1299,0,0.2,1.7,0.0,43.049,2.256,15.62,42.43,0.872,2,52.85,12962.5,15.88,50.45,237.2,236.5,-0.7,1,11,97,40,49.06,524.1,314.5,0.875,23.2202,2582.9,0.0789,0,0.6502,0.6578,0.759,0.393,0.873,0.3,57.2,5.53,1
2026-09-05 14:24:30,5162.2,ON,MPPT,50.0,13534.4,460.0,29.42,58.5,49.2575,1.41395,3.639,111.0,,180.786,3899.3503,0,0.2,1.6,0.0,43.817,2.244,15.6,41.65,0.87,2,51.82,12963.8,15.04,50.71,255.8,237.2,-18.7,1,11,97,40,49.06,524.1,314.5,0.8764,23.2811,2629.0,0.0789,0,0.6502,0.6578,0.759,0.393,0.873,0.3,57.2,5.53,1
2026-09-05 14:24:47,5178.6,ON,MPPT,50.0,13561.1,460.0,29.48,58.6,49.4884,1.42058,3.649,111.0,,180.777,3899.5835,0,0.2,1.6,0.0,42.978,2.249,15.93,41.71,0.873,2,52.03,12992.4,15.75,50.49,249.1,237.2,-11.9,1,11,97,40,49.06,524.1,314.5,0.877,23.3436,2578.7,0.0789,0,0.6502,0.6578,0.759,0.393,0.873,0.3,57.2,5.53,1
2026-09-05 14:25:03,5195.1,ON,MPPT,50.0,13622.4,459.8,29.63,58.7,49.7492,1.42807,3.652,111.0,97.66,,3899.8045,0,0.2,1.6,0.0,43.108,2.264,16.79,43.55,0.87,2,54.13,12996.1,15.5,50.57,226.4,237.0,10.6,0,11,97,40,49.06,524.1,314.5,0.8777,23.4045,2586.5,0.0789,0,0.6502,0.6578,0.759,0.393,0.873,0.3,57.2,5.53,1
2026-09-05 14:25:20,5211.6,ON,MPPT,50.0,13629.3,460.2,29.61,58.7,49.7491,1.42806,3.65,111.0,,180.781,3900.0394,0,0.2,1.7,0.0,43.042,2.255,15.6,42.94,0.871,2,53.44,13010.2,15.15,50.68,238.9,237.3,-1.6,1,11,97,40,49.06,524.1,314.5,0.8783,23.4671,2582.5,0.0789,0,0.6502,0.6578,0.759,0.393,0.873,0.3,57.2,5.53,1
2026-09-05 14:25:36,5228.1,ON,MPPT,50.0,13625.4,460.4,29.59,58.8,50.1316,1.43904,3.679,111.0,,180.805,3900.261,0,0.2,1.7,0.0,43.294,2.252,15.77,42.19,0.873,2,52.63,13014.9,15.26,50.64,248.7,237.4,-11.3,1,11,97,40,49.06,524.1,314.5,0.8792,23.5297,2597.6,0.0789,0,0.6502,0.6578,0.759,0.393,0.873,0.3,57.2,5.53,1
2026-09-05 14:25:53,5244.6,ON,MPPT,50.0,13615.2,460.5,29.56,58.8,49.7469,1.428,3.654,111.0,,180.762,3900.4965,0,0.2,1.7,0.0,43.255,2.254,14.12,42.83,0.87,2,53.26,13009.8,15.21,50.66,227.4,237.4,10.1,0,11,97,40,49.06,524.1,314.5,0.8787,23.5909,2595.3,0.0789,0,0.6502,0.6578,0.759,0.393,0.873,0.3,57.2,5.53,1
2026-09-05 14:26:09,5261.1,ON,MPPT,50.0,13612.5,460.4,29.56,58.8,49.9336,1.43336,3.668,111.0,,180.759,3900.7185,0,0.2,1.7,0.0,43.135,2.255,16.86,43.43,0.869,2,53.97,13010.8,15.0,50.72,236.4,237.4,0.9,1,11,97,40,49.06,524.1,314.5,0.8786,23.6535,2588.1,0.0789,0,0.6502,0.6578,0.759,0.393,0.873,0.3,57.2,5.53,1
2026-09-05 14:26:26,5277.6,ON,MPPT,50.0,13602.3,460.5,29.54,58.8,49.8452,1.43082,3.664,111.0,97.64,,3900.9544,0,0.2,1.7,0.0,44.358,2.258,15.3,40.79,0.872,2,50.85,13002.4,14.9,50.75,258.0,237.4,-20.6,1,11,97,40,49.06,524.1,314.5,0.879,23.7161,2661.5,0.0789,0,0.6502,0.6578,0.759,0.393,0.873,0.3,57.2,5.53,1
2026-09-05 14:26:42,5294.1,ON,MPPT,50.0,13602.1,459.9,29.57,58.8,50.1703,1.44015,3.688,111.0,,180.78,3901.1763,0,0.2,1.6,0.0,43.408,2.27,14.33,42.64,0.868,2,52.92,12998.9,15.42,50.59,224.7,237.1,12.5,0,11,97,40,49.06,524.1,314.5,0.8773,23.7771,2604.5,0.0789,0,0.6502,0.6578,0.759,0.393,0.873,0.3,57.2,5.53,1
2026-09-05 14:26:59,5310.5,ON,MPPT,50.0,13603.8,459.6,29.6,58.8,49.7054,1.42681,3.654,111.0,97.64,,3901.3994,0,0.2,1.5,0.0,42.54,2.259,14.91,43.18,0.868,2,53.59,13002.9,15.61,50.54,235.4,237.0,1.5,1,11,97,40,49.06,524.1,314.5,0.877,23.8396,2552.4,0.0789,0,0.6502,0.6578,0.759,0.393,0.873,0.3,57.2,5.53,1
2026-09-05 14:27:15,5327.0,ON,MPPT,50.0,13594.2,459.7,29.57,58.9,49.2213,1.41291,3.621,111.0,,180.775,3901.6322,0,0.2,1.6,0.0,42.606,2.265,15.18,43.55,0.871,2,54.19,13001.0,15.92,50.44,221.0,237.0,16.0,0,11,97,40,49.06,524.1,314.5,0.876,23.9006,2556.4,0.0789,0,0.6502,0.6578,0.759,0.393,0.873,0.3,57.2,5.53,1
2026-09-05 14:27:32,5343.5,ON,MPPT,49.8,13581.2,459.6,29.55,58.8,49.7454,1.42796,3.663,111.0,,180.775,3901.8527,0,0.2,1.9,0.0,43.654,2.26,11.9,42.52,0.867,2,52.71,12984.6,15.01,50.72,224.5,236.9,12.5,0,11,97,40,49.06,524.1,314.5,0.8773,23.9631,2619.2,0.0789,0,0.6502,0.6578,0.759,0.393,0.873,0.3,57.2,5.53,1
2026-09-05 14:27:48,5360.0,ON,MPPT,50.0,13579.6,459.6,29.55,58.8,49.6667,1.4257,3.657,111.0,,180.763,3902.0872,0,0.2,1.5,0.0,43.551,2.256,17.05,42.83,0.869,2,53.21,12977.3,14.73,50.8,250.7,236.9,-13.7,1,11,97,40,49.06,524.1,314.5,0.8769,24.0256,2613.0,0.0789,0,0.6502,0.6578,0.759,0.393,0.873,0.3,57.2,5.53,1
2026-09-05 14:28:05,5376.5,ON,MPPT,50.0,13596.0,459.0,29.62,58.6,49.6426,1.42501,3.651,111.0,,180.771,3902.3084,0,0.2,1.4,0.0,42.5,2.262,14.04,42.93,0.871,2,53.44,12972.1,15.96,50.42,221.7,236.7,14.9,0,11,97,40,49.06,524.1,314.5,0.8755,24.0865,2550.0,0.0789,0,0.6502,0.6578,0.759,0.393,0.873,0.3,57.2,5.53,1
2026-09-05 14:28:21,5392.9,ON,MPPT,49.8,13558.1,459.3,29.52,58.6,50.0187,1.4358,3.689,111.0,,180.793,3902.5436,0,0.2,1.9,0.0,42.452,2.256,13.35,44.38,0.869,2,55.09,12961.2,14.56,50.85,211.7,236.8,25.1,0,11,97,40,49.06,524.1,314.5,0.8765,24.1489,2547.1,0.0789,0,0.6502,0.6578,0.759,0.393,0.873,0.3,57.2,5.53,1
2026-09-05 14:28:38,5409.5,ON,MPPT,50.0,13545.6,459.4,29.49,58.7,50.1588,1.43982,3.703,111.0,,180.765,3902.7663,0,0.2,1.5,0.0,44.851,2.259,16.69,40.48,0.872,2,50.47,12964.1,15.06,50.7,268.1,236.9,-31.3,1,11,97,40,49.06,524.1,314.5,0.8751,24.2113,2691.0,0.0789,0,0.6502,0.6578,0.759,0.393,0.873,0.3,57.2,5.53,1
2026-09-05 14:28:54,5426.0,ON,MPPT,49.8,13539.2,459.0,29.5,58.7,49.6212,1.42439,3.665,111.0,,180.792,3903.0023,0,0.2,1.8,0.0,44.235,2.251,11.55,41.36,0.871,2,51.49,12962.9,14.95,50.73,234.8,236.7,1.8,1,11,97,40,49.06,524.1,314.5,0.8755,24.2722,2654.1,0.0789,0,0.6502,0.6578,0.759,0.393,0.873,0.3,57.2,5.53,1
2026-09-05 14:29:11,5442.4,ON,MPPT,50.0,13550.2,458.6,29.55,58.7,49.3544,1.41673,3.642,111.0,97.64,,3903.2219,0,0.2,1.3,0.0,43.416,2.252,17.44,41.95,0.871,2,52.2,12960.1,15.72,50.5,259.6,236.5,-23.1,1,11,97,40,49.18,524.1,314.5,0.8747,24.3346,2605.0,0.0789,0,0.6502,0.6578,0.759,0.393,0.873,0.3,57.2,5.53,1
2026-09-05 14:29:27,5458.9,ON,MPPT,50.0,13570.0,458.1,29.62,58.8,49.7577,1.42831,3.667,111.0,,180.767,3903.4555,0,0.2,1.2,0.0,42.139,2.259,14.22,44.01,0.869,2,54.68,12936.4,15.51,50.56,223.5,236.2,12.7,0,11,97,40,49.18,524.1,314.5,0.875,24.3954,2528.3,0.0789,0,0.6502,0.6578,0.759,0.393,0.873,0.3,57.2,5.53,1
2026-09-05 14:29:44,5475.4,ON,MPPT,50.0,13499.7,459.0,29.41,58.5,49.8008,1.42955,3.689,111.0,,180.788,3903.6765,0,0.2,1.4,0.0,44.404,2.271,17.1,41.31,0.867,2,51.18,12932.1,15.36,50.61,269.3,236.6,-32.7,1,11,97,40,49.18,524.1,314.5,0.8747,24.4576,2664.3,0.0789,0,0.6502,0.6578,0.759,0.393,0.873,0.3,57.2,5.53,1
2026-09-05 14:30:00,5491.9,ON,MPPT,49.8,13560.2,457.9,29.61,58.6,49.5232,1.42158,3.652,111.0,,180.769,3903.9117,0,0.2,1.6,0.0,42.977,2.272,16.43,43.51,0.866,2,53.88,12961.1,15.4,50.6,234.6,236.1,1.5,1,11,97,40,49.18,524.1,314.5,0.8742,24.5199,2578.6,0.0789,0,0.6502,0.6578,0.759,0.393,0.873,0.3,57.2,5.53,1
2026-09-05 14:30:16,5508.3,ON,MPPT,49.8,13565.9,457.4,29.66,58.7,49.4465,1.41937,3.645,111.0,,180.778,3904.1316,0,0.2,1.5,0.0,43.228,2.265,16.49,42.3,0.87,2,52.63,12944.5,15.44,50.59,239.7,235.8,-3.8,1,11,97,40,49.18,524.1,314.5,0.8734,24.5806,2593.7,0.0789,0,0.6502,0.6578,0.759,0.393,0.873,0.3,57.2,5.53,1
2026-09-05 14:30:33,5524.8,ON,MPPT,50.0,13506.2,458.6,29.45,58.5,49.7273,1.42744,3.682,111.0,,180.765,3904.3654,0,0.2,1.3,0.0,43.562,2.26,16.16,41.49,0.867,2,53.85,12929.2,15.35,50.62,221.4,236.5,15.1,0,11,97,40,49.18,524.1,314.5,0.8744,24.6429,2613.7,0.0789,0,0.6502,0.6578,0.759,0.393,0.873,0.3,57.2,5.53,1
2026-09-05 14:30:49,5541.3,ON,MPPT,50.0,13566.8,457.1,29.68,58.7,49.7232,1.42732,3.665,111.0,,180.775,3904.5866,0,0.2,1.0,0.0,45.047,2.279,16.85,40.82,0.866,2,50.55,12948.7,15.26,50.64,250.6,235.7,-14.9,1,11,97,40,49.18,524.1,314.5,0.8721,24.7051,2702.8,0.0789,0,0.6502,0.6578,0.759,0.393,0.873,0.3,57.2,5.53,1
2026-09-05 14:31:06,5557.8,ON,MPPT,50.0,13532.0,457.5,29.58,58.6,49.8812,1.43185,3.686,111.0,,180.797,3904.8219,0,0.2,1.1,0.0,43.155,2.269,16.15,41.78,0.867,2,51.74,12943.8,15.44,50.59,257.6,235.9,-21.7,1,11,97,40,49.18,524.1,314.5,0.8728,24.7658,2589.3,0.0789,0,0.6502,0.6578,0.759,0.393,0.873,0.3,57.2,5.53,1
2026-09-05 14:31:22,5574.3,ON,MPPT,50.0,13558.3,456.2,29.72,58.7,49.4102,1.41833,3.644,111.0,97.64,,3905.0427,0,0.2,0.8,0.0,43.164,2.279,13.65,42.69,0.864,2,52.72,12921.1,14.88,50.75,231.1,235.2,4.1,1,11,97,40,49.18,524.1,314.5,0.8714,24.828,2589.9,0.0789,0,0.6502,0.6578,0.759,0.393,0.873,0.3,57.2,5.53,1
2026-09-05 14:31:39,5590.7,ON,MPPT,48.4,13433.4,454.2,29.57,58.6,49.3768,1.41738,3.676,111.0,,180.762,3905.2758,0,0.2,3.6,0.0,42.725,2.293,15.65,43.3,0.859,2,53.16,12848.7,14.9,50.75,224.3,234.2,9.9,0,11,97,40,49.18,524.1,314.5,0.8658,24.8885,2563.5,0.0789,0,0.6502,0.6578,0.759,0.393,0.873,0.3,57.2,5.53,1
2026-09-05 14:31:55,5607.2,ON,MPPT,47.0,13482.8,455.6,29.59,58.6,49.1943,1.41214,3.649,111.0,,180.765,3905.4941,0,0.2,6.6,0.0,42.685,2.31,16.97,42.95,0.854,2,52.43,12880.3,15.15,50.67,246.4,234.9,-11.5,1,11,97,40,49.18,524.1,314.5,0.8698,24.9502,2561.1,0.0789,0,0.6502,0.6578,0.759,0.393,0.873,0.3,57.2,5.53,1
2026-09-05 14:32:12,5623.7,ON,MPPT,45.4,13363.6,453.7,29.46,58.5,49.1591,1.41112,3.679,111.0,,180.773,3905.7266,0,0.2,9.4,0.0,44.273,2.301,14.83,40.27,0.85,2,48.95,12762.5,14.85,50.28,255.8,233.9,-21.9,1,11,97,40,49.18,524.1,314.5,0.8676,25.012,2656.4,0.0789,0,0.6502,0.6578,0.759,0.393,0.873,0.3,57.2,5.53,1
2026-09-05 14:32:28,5640.2,ON,MPPT,44.2,12693.2,467.8,27.13,57.8,48.5134,1.39259,3.822,111.0,,180.765,3905.9444,0,0.2,14.5,0.0,41.226,1.968,16.21,39.04,0.902,2,50.32,12092.6,16.14,46.09,243.3,241.2,-2.1,1,11,97,40,49.18,524.1,314.5,0.8923,25.0703,2473.6,0.0789,0,0.6502,0.6578,0.759,0.393,0.873,0.3,57.2,5.53,1
2026-09-05 14:32:45,5656.6,ON,MPPT,45.2,13332.4,459.6,29.01,57.4,47.8672,1.37404,3.59,111.0,,180.757,3906.172,0,0.2,11.0,0.0,43.414,2.202,17.09,40.77,0.871,2,50.74,12699.3,15.73,49.05,250.1,237.0,-13.1,1,11,97,40,49.18,524.1,314.5,0.88,25.1286,2604.8,0.0789,0,0.6502,0.6578,0.759,0.393,0.873,0.3,57.2,5.53,1
2026-09-05 14:33:01,5673.2,ON,MPPT,45.2,13485.8,459.7,29.34,57.8,48.9343,1.40467,3.629,111.0,,180.794,3906.3875,0,0.2,11.0,0.0,42.667,2.234,16.14,40.78,0.868,2,50.61,12865.0,15.63,50.01,264.8,237.0,-27.8,1,11,97,40,49.18,524.1,314.5,0.8802,25.1892,2560.0,0.0789,0,0.6502,0.6578,0.759,0.393,0.873,0.3,57.2,5.53,1
2026-09-05 14:33:18,5689.6,ON,MPPT,44.8,13061.9,466.8,27.98,57.9,49.2896,1.41487,3.774,111.0,,180.769,3906.6193,0,0.2,13.1,0.0,41.853,2.07,15.41,41.65,0.887,2,52.81,12482.2,15.76,47.65,221.9,240.7,18.8,0,11,97,40,49.18,524.1,314.5,0.8919,25.2485,2511.2,0.0789,0,0.6502,0.6578,0.759,0.393,0.873,0.3,57.2,5.53,1
2026-09-05 14:33:34,5706.1,ON,MPPT,45.0,13239.6,464.7,28.49,57.8,49.6523,1.42528,3.75,111.0,,180.778,3906.8392,0,0.2,12.4,0.0,43.057,2.107,17.27,38.91,0.886,2,49.28,12618.4,15.4,48.23,258.1,239.6,-18.5,1,11,97,40,49.18,524.1,314.5,0.8889,25.3093,2583.4,0.0789,0,0.6502,0.6578,0.759,0.393,0.873,0.3,57.2,5.53,1
2026-09-05 14:33:51,5722.6,ON,MPPT,45.0,13127.9,467.3,28.09,58.0,49.5327,1.42185,3.773,111.0,,180.774,3907.0597,0,0.2,12.8,0.0,41.349,2.12,14.78,42.12,0.886,2,53.36,12624.9,15.89,48.42,217.8,240.9,23.1,0,11,97,40,49.18,524.1,314.5,0.8885,25.3691,2480.9,0.0789,0,0.6502,0.6578,0.759,0.393,0.873,0.3,57.2,5.53,1
2026-09-05 14:34:07,5739.1,ON,MPPT,45.0,13098.2,467.8,28.0,57.8,49.5182,1.42143,3.781,111.0,,180.775,3907.2935,0,0.2,12.9,0.0,43.725,2.089,18.24,38.42,0.887,2,48.72,12501.8,15.69,47.93,273.9,241.2,-32.7,1,11,97,40,49.18,524.1,314.5,0.8913,25.4301,2623.5,0.0789,0,0.6502,0.6578,0.759,0.393,0.873,0.3,57.2,5.53,1
2026-09-05 14:34:24,5755.6,ON,MPPT,45.2,13425.0,464.2,28.92,58.1,49.5243,1.42161,3.689,111.0,,180.81,3907.5142,0,0.2,11.9,0.0,44.107,2.194,15.59,40.9,0.874,2,51.08,12864.4,15.37,49.06,256.9,239.3,-17.5,1,11,97,40,49.18,524.1,314.5,0.8877,25.4916,2646.4,0.0789,0,0.6502,0.6578,0.759,0.393,0.873,0.3,57.2,5.53,1
2026-09-05 14:34:40,5772.1,ON,MPPT,44.4,12848.5,472.1,27.21,57.8,49.5824,1.42328,3.859,111.0,,180.809,3907.7478,0,0.2,14.9,0.0,41.981,1.949,14.97,38.78,0.912,2,50.57,12240.7,16.27,45.86,238.4,243.4,5.0,0,11,97,40,49.18,524.1,314.5,0.8996,25.5513,2518.9,0.0789,0,0.6502,0.6578,0.759,0.393,0.873,0.3,57.2,5.53,1
2026-09-05 14:34:57,5788.5,ON,MPPT,45.2,13354.0,466.3,28.64,58.1,48.503,1.39229,3.632,111.0,,180.773,3907.9783,0,0.2,12.3,0.0,43.616,2.111,17.57,38.8,0.888,2,49.23,12766.2,15.27,47.9,266.8,240.4,-26.3,1,11,97,40,49.18,524.1,314.5,0.8915,25.6122,2617.0,0.0789,0,0.6502,0.6578,0.759,0.393,0.873,0.3,57.2,5.53,1
2026-09-05 14:35:13,5805.1,ON,MPPT,45.2,13492.1,464.3,29.06,58.1,49.937,1.43346,3.701,111.0,,180.796,3908.1977,0,0.2,11.9,0.0,42.13,2.166,17.8,41.35,0.882,2,52.11,12894.0,16.02,48.95,247.4,239.4,-8.0,1,11,97,40,49.18,524.1,314.5,0.8896,25.6737,2527.8,0.0789,0,0.6502,0.6578,0.759,0.393,0.873,0.3,57.2,5.53,1
2026-09-05 14:35:30,5821.5,ON,MPPT,45.4,13323.3,467.1,28.52,58.1,49.1444,1.4107,3.689,111.0,,180.771,3908.4176,0,0.2,12.0,0.0,43.177,2.144,14.01,40.52,0.88,2,50.99,12721.0,15.46,48.63,231.8,240.8,9.0,0,11,97,40,49.18,524.1,314.5,0.89,25.7334,2590.6,0.0789,0,0.6502,0.6578,0.759,0.393,0.873,0.3,57.2,5.53,1
2026-09-05 14:35:46,5838.0,ON,MPPT,45.0,13200.1,468.9,28.15,58.0,49.8524,1.43103,3.777,111.0,,180.769,3908.652,0,0.2,13.1,0.0,42.119,2.076,16.34,41.67,0.891,2,53.04,12645.7,15.91,47.67,230.8,241.8,11.0,0,11,97,40,49.18,524.1,314.5,0.8948,25.7945,2527.2,0.0789,0,0.6502,0.6578,0.759,0.393,0.873,0.3,57.2,5.53,1
2026-09-05 14:36:03,5854.4,ON,MPPT,45.0,13215.4,469.4,28.16,58.0,49.5877,1.42343,3.752,111.0,,180.797,3908.8726,0,0.2,13.2,0.0,42.812,2.035,14.81,40.27,0.9,2,51.79,12601.1,15.74,47.16,235.0,242.0,7.0,0,11,97,40,49.18,524.1,314.5,0.8971,25.854,2568.7,0.0789,0,0.6502,0.6578,0.759,0.393,0.873,0.3,57.2,5.53,1
2026-09-05 14:36:19,5871.0,ON,MPPT,44.8,13158.1,470.3,27.98,58.1,49.7101,1.42694,3.778,111.0,,180.756,3909.1071,0,0.2,13.8,0.0,42.111,2.011,14.86,40.13,0.901,2,51.65,12532.1,15.48,46.57,228.6,242.5,13.8,0,11,97,40,49.18,524.1,314.5,0.8997,25.9152,2526.7,0.0789,0,0.6502,0.6578,0.759,0.393,0.873,0.3,57.2,5.53,1
2026-09-05 14:36:36,5887.5,ON,MPPT,44.8,13107.7,471.2,27.82,57.9,49.3347,1.41617,3.764,111.0,,180.779,3909.3273,0,0.2,13.9,0.0,41.906,2.022,17.48,40.07,0.902,2,51.66,12561.7,16.17,47.06,239.4,242.9,3.6,1,11,97,40,49.18,524.1,314.5,0.8989,25.976,2514.4,0.0789,0,0.6502,0.6578,0.759,0.393,0.873,0.3,57.2,5.53,1
2026-09-05 14:36:52,5904.0,ON,MPPT,45.2,13319.4,468.1,28.45,58.0,49.2786,1.41455,3.7,111.0,,180.821,3909.5593,0,0.2,12.6,0.0,43.689,2.094,16.82,38.94,0.89,2,49.56,12710.6,15.61,47.74,259.6,241.3,-18.2,1,11,97,40,49.18,524.1,314.5,0.8961,26.037,2621.4,0.0789,0,0.6502,0.6578,0.759,0.393,0.873,0.3,57.2,5.53,1
2026-09-05 14:37:09,5920.4,ON,MPPT,45.0,13293.6,468.8,28.36,58.1,49.6241,1.42447,3.733,111.0,,180.781,3909.7791,0,0.2,13.1,0.0,42.557,2.074,16.98,40.15,0.892,2,51.21,12681.7,15.71,47.56,239.7,241.7,2.0,1,11,97,40,49.18,524.1,314.5,0.8963,26.0966,2553.4,0.0789,0,0.6502,0.6578,0.759,0.393,0.873,0.3,57.2,5.53,1
2026-09-05 14:37:25,5937.0,ON,MPPT,45.0,13352.0,467.8,28.54,58.1,49.556,1.42252,3.712,111.0,,180.772,3910.0136,0,0.2,12.9,0.0,42.855,2.118,16.54,40.7,0.89,2,51.78,12739.6,16.07,48.39,258.7,241.2,-17.5,1,11,97,40,49.18,524.1,314.5,0.8917,26.1576,2571.3,0.0789,0,0.6502,0.6578,0.759,0.393,0.873,0.3,57.2,5.53,1
2026-09-05 14:37:42,5953.5,ON,MPPT,45.0,13312.9,468.6,28.41,58.4,49.2061,1.41247,3.696,111.0,,180.832,3910.2326,0,0.2,13.1,0.0,41.947,2.065,18.39,40.09,0.897,2,51.4,12710.9,15.75,47.89,260.6,241.6,-19.0,1,11,97,40,49.18,524.1,314.5,0.895,26.2173,2516.8,0.0789,0,0.6502,0.6578,0.759,0.393,0.873,0.3,57.2,5.53,1
2026-09-05 14:37:58,5969.9,ON,MPPT,45.2,13430.1,466.3,28.8,58.2,49.3172,1.41566,3.672,111.0,,180.787,3910.4651,0,0.2,12.3,0.0,43.0,2.129,14.24,40.59,0.884,2,51.3,12794.6,14.9,48.27,225.5,240.4,15.0,0,11,97,40,49.18,524.1,314.5,0.8923,26.2783,2580.0,0.0789,0,0.6502,0.6578,0.759,0.393,0.873,0.3,57.2,5.53,1
2026-09-05 14:38:15,5986.4,ON,MPPT,44.8,13157.4,470.0,27.99,58.0,48.8878,1.40334,3.716,111.0,97.65,,3910.684,0,0.2,13.7,0.0,42.865,2.012,15.63,39.48,0.902,2,50.89,12520.3,15.6,46.76,237.9,242.3,4.4,1,11,97,40,49.18,524.1,314.5,0.8991,26.3389,2571.9,0.0789,0,0.6502,0.6578,0.759,0.393,0.873,0.3,57.2,5.53,1
2026-09-05 14:38:31,6002.9,ON,MPPT,44.8,13047.5,470.8,27.71,58.0,49.5329,1.42186,3.796,111.0,,180.779,3910.9164,0,0.2,13.9,0.0,43.889,2.032,16.14,37.84,0.896,2,48.48,12458.8,16.03,46.87,264.6,242.7,-21.9,1,11,97,40,49.18,524.1,314.5,0.8976,26.3981,2633.4,0.0789,0,0.6502,0.6578,0.759,0.393,0.873,0.3,57.2,5.53,1
2026-09-05 14:38:48,6019.4,ON,MPPT,45.0,13082.3,470.4,27.81,57.9,49.4754,1.4202,3.782,111.0,,180.787,3911.136,0,0.2,13.4,0.0,43.324,2.034,17.34,38.7,0.897,2,49.6,12499.9,15.55,47.28,260.3,242.5,-17.8,1,11,97,40,49.18,524.1,314.5,0.8947,26.4587,2599.4,0.0789,0,0.6502,0.6578,0.759,0.393,0.873,0.3,57.2,5.53,1
2026-09-05 14:39:04,6035.8,ON,MPPT,44.6,13001.5,471.1,27.6,57.7,49.3264,1.41593,3.794,111.0,97.64,,3911.3688,0,0.2,14.3,0.0,43.63,1.968,16.33,37.83,0.907,2,49.05,12372.0,15.35,46.03,238.9,242.9,4.0,1,11,97,40,49.18,524.1,314.5,0.9013,26.5187,2617.8,0.0789,0,0.6502,0.6578,0.759,0.393,0.873,0.3,57.2,5.53,1
2026-09-05 14:39:20,6052.3,ON,MPPT,44.6,13036.3,470.9,27.69,57.8,49.2502,1.41374,3.778,111.0,,180.788,3911.5879,0,0.2,14.3,0.0,42.035,1.998,15.95,40.26,0.902,2,51.88,12423.2,16.08,46.24,228.4,242.8,14.3,0,11,97,40,49.18,524.1,314.5,0.9005,26.5777,2522.1,0.0789,0,0.6502,0.6578,0.759,0.393,0.873,0.3,57.2,5.53,1
2026-09-05 14:39:37,6068.8,ON,MPPT,44.8,12906.9,472.4,27.32,57.8,49.0685,1.40852,3.802,111.0,,180.817,3911.8201,0,0.2,14.2,0.0,42.973,1.975,16.06,38.2,0.904,2,49.35,12350.8,15.85,46.27,257.3,243.6,-13.8,1,11,97,40,49.18,524.1,314.5,0.8987,26.6381,2578.4,0.0789,0,0.6502,0.6578,0.759,0.393,0.873,0.3,57.2,5.53,1
2026-09-05 14:39:53,6085.3,ON,MPPT,44.8,12917.1,472.0,27.37,57.7,49.224,1.41299,3.811,111.0,,180.772,3912.0384,0,0.2,14.1,0.0,41.676,1.997,15.95,40.52,0.901,2,52.21,12364.7,15.9,46.23,224.0,243.4,19.4,0,11,97,40,49.18,524.1,314.5,0.8993,26.6968,2500.6,0.0789,0,0.6502,0.6578,0.759,0.393,0.873,0.3,57.2,5.53,1
2026-09-05 14:40:10,6101.7,ON,MPPT,44.8,13026.4,470.0,27.72,57.7,49.2054,1.41245,3.777,111.0,97.63,,3912.2703,0,0.2,13.7,0.0,41.813,2.017,16.23,39.07,0.897,2,50.11,12455.5,16.25,46.8,245.3,242.3,-2.9,1,11,97,40,49.18,524.1,314.5,0.8962,26.757,2508.8,0.0789,0,0.6502,0.6578,0.759,0.393,0.873,0.3,57.2,5.53,1
2026-09-05 14:40:26,6118.2,ON,MPPT,44.8,13077.1,468.9,27.89,57.6,49.18,1.41173,3.761,111.0,,180.764,3912.4893,0,0.2,13.5,0.0,42.771,2.037,16.72,38.81,0.9,2,49.93,12484.4,15.64,47.03,259.0,241.7,-17.3,1,11,97,40,49.18,524.1,314.5,0.8947,26.8171,2566.3,0.0789,0,0.6502,0.6578,0.759,0.393,0.873,0.3,57.2,5.53,1
2026-09-05 14:40:43,6134.7,ON,MPPT,44.6,13005.0,469.6,27.7,57.5,49.0573,1.4082,3.772,111.0,,180.765,3912.7213,0,0.2,14.0,0.0,42.446,1.985,17.0,38.45,0.903,2,49.62,12358.6,16.1,46.1,257.2,242.1,-15.2,1,11,97,40,49.18,524.1,314.5,0.8987,26.8756,2546.8,0.0789,0,0.6502,0.6578,0.759,0.393,0.873,0.3,57.2,5.53,1
2026-09-05 14:40:59,6151.2,ON,MPPT,44.6,12910.7,470.4,27.45,57.4,48.817,1.40131,3.781,111.0,,180.768,3912.9392,0,0.2,14.2,0.0,43.567,1.98,16.42,36.98,0.904,2,47.8,12325.4,15.68,46.01,265.6,242.5,-23.1,1,11,97,40,49.18,524.1,314.5,0.898,26.9353,2614.0,0.0789,0,0.6502,0.6578,0.759,0.393,0.873,0.3,57.2,5.53,1
2026-09-05 14:41:16,6167.7,ON,MPPT,44.2,12795.2,470.6,27.19,57.4,48.8235,1.40149,3.816,111.0,97.63,,3913.1697,0,0.2,15.0,0.0,42.776,1.95,16.42,37.86,0.91,2,49.23,12212.8,16.21,45.82,259.1,242.6,-16.5,1,11,97,40,49.18,524.1,314.5,0.8982,26.9935,2566.5,0.0789,0,0.6502,0.6578,0.759,0.393,0.873,0.3,57.2,5.53,1
2026-09-05 14:41:32,6184.1,ON,MPPT,44.4,12652.5,473.0,26.75,57.2,48.6677,1.39702,3.846,111.0,,180.773,3913.3857,0,0.2,15.0,0.0,43.118,1.925,14.95,36.07,0.914,2,47.1,12099.6,16.13,45.2,255.6,243.9,-11.7,1,11,97,40,49.18,524.1,314.5,0.9006,27.0528,2587.1,0.0789,0,0.6502,0.6578,0.759,0.393,0.873,0.3,57.2,5.53,1
2026-09-05 14:41:49,6200.7,ON,MPPT,44.4,12800.6,470.5,27.21,57.1,48.4588,1.39102,3.786,111.0,,180.767,3913.6157,0,0.2,14.6,0.0,41.997,1.951,15.35,38.83,0.907,2,50.32,12249.2,16.22,45.32,236.6,242.6,5.9,0,11,97,40,49.18,524.1,314.5,0.8979,27.112,2519.8,0.0789,0,0.6502,0.6578,0.759,0.393,0.873,0.3,57.2,5.53,1
2026-09-05 14:42:05,6217.1,ON,MPPT,44.0,12597.7,473.5,26.6,57.0,48.7171,1.39844,3.867,111.0,,180.766,3913.8315,0,0.2,15.9,0.0,42.724,1.873,16.33,36.16,0.922,2,47.67,11976.7,16.25,44.83,258.0,244.1,-13.9,1,11,97,40,49.18,524.1,314.5,0.9038,27.1694,2563.5,0.0789,0,0.6502,0.6578,0.759,0.393,0.873,0.3,57.2,5.53,1
2026-09-05 14:42:22,6233.6,ON,MPPT,45.0,13094.8,466.5,28.07,57.1,48.2822,1.38595,3.687,111.0,,,3914.0466,0,0.2,12.7,0.0,43.342,2.058,13.29,39.22,0.893,2,50.04,12472.7,15.61,47.19,236.5,240.5,4.1,1,11,97,40,49.18,524.1,314.5,0.891,27.2302,2600.5,0.0789,0,0.6502,0.6578,0.759,0.393,0.873,0.3,57.2,5.53,1
2026-09-05 14:42:39,6250.6,ON,MPPT,44.4,12928.0,467.0,27.68,57.3,48.7007,1.39797,3.767,111.0,,180.836,3914.2893,0,0.2,14.0,0.0,42.973,2.014,15.94,38.2,0.901,2,49.19,12359.5,16.08,46.45,245.2,240.8,-4.4,1,11,97,40,49.18,524.1,314.5,0.8929,27.2896,2578.4,0.0789,0,0.6502,0.6578,0.759,0.393,0.873,0.3,57.2,5.53,1
2026-09-05 14:42:55,6267.1,ON,MPPT,44.4,12706.9,471.5,26.95,57.0,48.1229,1.38138,3.787,111.0,,180.766,3914.505,0,0.2,14.8,0.0,41.737,1.934,14.24,39.4,0.911,2,51.3,12110.2,16.07,45.56,222.9,243.1,20.1,0,11,97,40,49.18,524.1,314.5,0.897,27.3481,2504.2,0.0789,0,0.6502,0.6578,0.759,0.393,0.873,0.3,57.2,5.53,1
2026-09-05 14:43:12,6283.6,ON,MPPT,44.4,12898.9,468.7,27.52,57.1,48.6036,1.39518,3.768,111.0,,180.766,3914.7202,0,0.2,14.3,0.0,43.871,1.963,17.16,36.54,0.91,2,47.51,12295.9,15.65,45.69,264.6,241.7,-23.0,1,11,97,40,49.18,524.1,314.5,0.8959,27.4059,2632.3,0.0789,0,0.6502,0.6578,0.759,0.393,0.873,0.3,57.2,5.53,1
2026-09-05 14:43:28,6300.0,ON,MPPT,44.4,12852.7,469.0,27.4,57.2,48.6052,1.39523,3.782,111.0,97.62,,3914.9497,0,0.2,14.3,0.0,43.173,1.992,18.26,37.09,0.903,2,47.9,12247.7,15.96,46.43,271.2,241.8,-29.3,1,11,97,40,49.18,524.1,314.5,0.8922,27.4651,2590.4,0.0789,0,0.6502,0.6578,0.759,0.393,0.873,0.3,57.2,5.53,1
2026-09-05 14:43:45,6316.5,ON,MPPT,44.6,13066.2,466.0,28.04,57.1,48.621,1.39568,3.721,111.0,,180.767,3915.1655,0,0.2,13.4,0.0,42.957,2.047,13.9,38.91,0.896,2,49.83,12466.0,15.41,46.94,225.6,240.3,14.6,0,11,97,40,49.18,524.1,314.5,0.8902,27.5227,2577.4,0.0789,0,0.6502,0.6578,0.759,0.393,0.873,0.3,57.2,5.53,1
2026-09-05 14:44:01,6333.0,ON,MPPT,45.0,13047.5,466.1,27.99,57.0,48.6374,1.39615,3.728,111.0,,180.773,3915.3952,0,0.2,12.6,0.0,42.281,2.063,15.99,40.9,0.893,2,52.18,12430.9,15.91,47.3,222.0,240.3,18.3,0,11,97,40,49.18,524.1,314.5,0.8892,27.5818,2536.9,0.0789,0,0.6502,0.6578,0.759,0.393,0.873,0.3,57.2,5.53,1
2026-09-05 14:44:18,6349.5,ON,MPPT,44.2,12703.6,470.6,26.99,57.1,48.7199,1.39852,3.835,111.0,97.64,,3915.612,0,0.2,15.0,0.0,42.862,1.906,15.72,37.36,0.917,2,48.98,12093.4,15.75,45.05,250.7,242.7,-8.0,1,11,97,40,49.18,524.1,314.5,0.8997,27.6408,2571.7,0.0789,0,0.6502,0.6578,0.759,0.393,0.873,0.3,57.2,5.53,1
2026-09-05 14:44:34,6366.0,ON,MPPT,43.6,12161.6,471.2,25.81,56.6,48.246,1.38491,3.967,111.0,,180.767,3915.8411,0,0.2,16.3,0.0,42.24,1.805,16.56,35.48,0.925,2,46.92,11562.9,16.22,43.13,258.9,242.9,-15.9,1,11,97,40,49.18,524.1,314.5,0.8978,27.6972,2534.4,0.0789,0,0.6502,0.6578,0.759,0.393,0.873,0.3,57.2,5.53,1
2026-09-05 14:44:51,6382.5,ON,MPPT,43.2,11978.8,478.4,25.04,56.0,46.2593,1.32788,3.862,111.0,,180.766,3916.0505,0,0.2,18.3,0.0,40.862,1.682,15.75,34.66,0.95,2,47.05,11401.3,16.88,41.05,239.7,246.6,7.0,0,11,97,40,49.18,524.1,314.5,0.9133,27.7521,2451.7,0.0789,0,0.6502,0.6578,0.759,0.393,0.873,0.3,57.2,5.53,1
2026-09-05 14:45:07,6399.0,ON,MPPT,44.4,12678.5,470.0,26.97,56.5,47.9214,1.3756,3.78,111.0,97.64,,3916.2722,0,0.2,14.5,0.0,43.163,1.95,16.4,36.6,0.905,2,47.34,12090.8,15.48,45.71,267.1,242.3,-24.8,1,11,97,40,49.18,524.1,314.5,0.8935,27.8099,2589.8,0.0789,0,0.6502,0.6578,0.759,0.393,0.873,0.3,57.2,5.53,1
2026-09-05 14:45:24,6415.5,ON,MPPT,42.6,11592.9,478.3,24.24,55.6,47.2996,1.35775,4.08,111.0,,180.785,3916.486,0,0.2,19.4,0.0,41.666,1.595,17.21,31.68,0.961,2,43.5,10939.8,16.84,39.11,270.7,246.6,-24.1,1,11,97,40,49.18,524.1,314.5,0.9157,27.864,2499.9,0.0789,0,0.6502,0.6578,0.759,0.393,0.873,0.3,57.2,5.53,1
2026-09-05 14:45:40,6432.0,ON,MPPT,42.2,11094.3,489.5,22.66,54.6,43.7488,1.25582,3.943,111.0,97.63,,3916.702,0,0.2,22.0,0.0,41.474,1.503,14.97,30.57,0.972,2,42.46,10424.8,17.04,34.0,239.9,252.4,12.5,0,11,97,40,49.18,524.1,314.5,0.9332,27.9145,2488.4,0.0789,0,0.6502,0.6578,0.759,0.393,0.873,0.3,57.2,5.53,1
2026-09-05 14:45:57,6448.4,ON,MPPT,44.2,12521.0,475.8,26.32,55.5,46.6467,1.33901,3.725,111.0,97.66,,3916.8985,0,0.2,15.9,0.0,43.654,1.873,15.26,35.31,0.922,2,46.51,11932.9,16.07,44.19,258.6,245.3,-13.3,1,11,97,40,49.18,524.1,314.5,0.906,27.9689,2619.2,0.0789,0,0.6502,0.6578,0.759,0.393,0.873,0.3,57.2,5.53,1
2026-09-05 14:46:13,6465.0,ON,MPPT,44.4,12606.5,472.7,26.67,56.3,48.9709,1.40572,3.885,111.0,,180.784,3917.1254,0,0.2,15.0,0.0,44.516,1.915,16.48,35.42,0.914,2,46.27,12064.8,15.74,44.96,263.8,243.7,-20.1,1,11,97,40,49.18,524.1,314.5,0.8998,28.0276,2671.0,0.0789,0,0.6502,0.6578,0.759,0.393,0.873,0.3,57.2,5.53,1
2026-09-05 14:46:30,6481.4,ON,MPPT,44.4,12989.6,467.8,27.77,56.8,48.6441,1.39634,3.745,111.0,97.65,,3917.342,0,0.2,14.1,0.0,42.772,1.991,15.87,38.97,0.906,2,50.47,12383.8,15.84,46.34,238.1,241.2,3.0,1,11,97,40,49.18,524.1,314.5,0.896,28.0869,2566.3,0.0789,0,0.6502,0.6578,0.759,0.393,0.873,0.3,57.2,5.53,1
2026-09-05 14:46:46,6497.9,ON,MPPT,44.0,12490.7,476.1,26.24,56.7,48.3391,1.38759,3.87,111.0,97.63,,3917.5706,0,0.2,16.3,0.0,41.638,1.842,15.35,37.52,0.926,2,49.67,11920.5,16.33,43.84,223.7,245.4,21.8,0,11,97,40,49.18,524.1,314.5,0.9078,28.1441,2498.3,0.0789,0,0.6502,0.6578,0.759,0.393,0.873,0.3,57.2,5.53,1
2026-09-05 14:47:02,6514.3,ON,MPPT,44.2,12778.8,472.3,27.06,56.8,48.3298,1.38732,3.782,111.0,,180.774,3917.7855,0,0.2,15.3,0.0,42.612,1.907,17.37,36.52,0.92,2,48.01,12204.8,15.69,45.06,250.0,243.5,-6.5,1,11,97,40,49.18,524.1,314.5,0.9027,28.2029,2556.7,0.0789,0,0.6502,0.6578,0.759,0.393,0.873,0.3,57.2,5.53,1
2026-09-05 14:47:19,6530.9,ON,MPPT,44.6,12752.2,472.5,26.99,56.8,48.4779,1.39157,3.802,111.0,,180.751,3918.0142,0,0.2,14.6,0.0,43.221,1.945,14.15,38.91,0.911,2,50.65,12183.1,15.58,45.59,220.3,243.6,23.3,0,11,97,40,49.18,524.1,314.5,0.8994,28.2617,2593.3,0.0789,0,0.6502,0.6578,0.759,0.393,0.873,0.3,57.2,5.53,1
2026-09-05 14:47:35,6547.3,ON,MPPT,44.2,12795.6,471.9,27.11,56.9,48.8019,1.40087,3.814,111.0,,180.804,3918.2305,0,0.2,15.2,0.0,42.353,1.89,14.91,37.9,0.923,2,50.01,12187.9,16.01,44.57,223.3,243.3,20.0,0,11,97,40,49.18,524.1,314.5,0.9021,28.3191,2541.2,0.0789,0,0.6502,0.6578,0.759,0.393,0.873,0.3,57.2,5.53,1
2026-09-05 14:47:52,6563.8,ON,MPPT,44.4,12810.1,471.2,27.19,56.8,48.8421,1.40203,3.813,111.0,,180.796,3918.4607,0,0.2,14.7,0.0,42.411,1.933,13.99,38.39,0.914,2,50.13,12184.3,16.01,45.42,235.7,242.9,7.3,0,11,97,40,49.18,524.1,314.5,0.9013,28.3777,2544.6,0.0789,0,0.6502,0.6578,0.759,0.393,0.873,0.3,57.2,5.53,1
2026-09-05 14:48:08,6580.3,ON,MPPT,44.4,12634.9,473.7,26.67,56.8,49.2277,1.41309,3.896,111.0,97.65,,3918.6789,0,0.2,15.2,0.0,41.842,1.908,16.98,38.01,0.916,2,49.78,12082.9,16.38,45.02,239.4,244.2,4.8,1,11,97,40,49.18,524.1,314.5,0.9023,28.4349,2510.5,0.0789,0,0.6502,0.6578,0.759,0.393,0.873,0.3,57.2,5.53,1
2026-09-05 14:48:25,6596.8,ON,MPPT,44.4,12665.4,473.0,26.78,56.7,48.9418,1.40489,3.864,111.0,,180.807,3918.9105,0,0.2,15.0,0.0,43.156,1.889,17.29,36.04,0.919,2,47.34,12064.5,16.13,44.62,274.3,243.9,-30.4,1,11,97,40,49.18,524.1,314.5,0.9021,28.4934,2589.3,0.0789,0,0.6502,0.6578,0.759,0.393,0.873,0.3,57.2,5.53,1
2026-09-05 14:48:41,6613.3,ON,MPPT,44.2,12842.4,470.0,27.32,56.8,48.5261,1.39295,3.779,111.0,97.63,,3919.1275,0,0.2,14.9,0.0,42.043,1.938,17.84,38.4,0.914,2,50.17,12247.3,16.88,45.48,259.2,242.3,-16.9,1,11,97,40,49.18,524.1,314.5,0.9007,28.5518,2522.6,0.0789,0,0.6502,0.6578,0.759,0.393,0.873,0.3,57.2,5.53,1
2026-09-05 14:48:58,6629.8,ON,MPPT,44.2,12558.2,474.2,26.48,56.8,48.0418,1.37905,3.826,111.0,,180.765,3919.3554,0,0.2,15.6,0.0,41.288,1.867,14.36,38.35,0.922,2,50.51,12018.4,16.17,44.54,229.3,244.5,15.2,0,11,97,40,49.18,524.1,314.5,0.904,28.6086,2477.3,0.0789,0,0.6502,0.6578,0.759,0.393,0.873,0.3,57.2,5.53,1
2026-09-05 14:49:14,6646.2,ON,MPPT,44.6,12775.5,470.7,27.14,56.8,48.1167,1.3812,3.766,111.0,,180.769,3919.5691,0,0.2,14.2,0.0,43.359,1.96,17.64,36.59,0.906,2,47.38,12166.1,16.15,45.6,267.6,242.7,-24.9,1,11,97,40,49.18,524.1,314.5,0.8952,28.667,2601.5,0.0789,0,0.6502,0.6578,0.759,0.393,0.873,0.3,57.2,5.53,1
2026-09-05 14:49:31,6662.7,ON,MPPT,44.2,12608.5,472.9,26.66,56.6,47.6932,1.36905,3.783,111.0,,180.778,3919.796,0,0.2,15.4,0.0,42.731,1.905,16.88,37.79,0.915,2,49.39,12040.8,15.66,45.1,245.6,243.8,-1.8,1,11,97,40,49.18,524.1,314.5,0.8978,28.7251,2563.9,0.0789,0,0.6502,0.6578,0.759,0.393,0.873,0.3,57.2,5.53,1
2026-09-05 14:49:47,6679.2,ON,MPPT,44.4,12679.5,471.5,26.89,56.7,48.3174,1.38696,3.811,111.0,97.64,,3920.0094,0,0.2,14.8,0.0,42.732,1.955,17.63,36.99,0.908,2,47.99,12145.5,16.17,45.5,276.0,243.1,-32.9,1,11,97,40,49.18,524.1,314.5,0.8968,28.7818,2563.9,0.0789,0,0.6502,0.6578,0.759,0.393,0.873,0.3,57.2,5.53,1
2026-09-05 14:50:04,6695.7,ON,MPPT,44.0,12599.3,472.3,26.68,56.6,48.3485,1.38786,3.837,111.0,,180.767,3920.2371,0,0.2,15.7,0.0,42.09,1.875,17.49,37.05,0.92,2,48.74,12012.7,15.99,44.35,237.8,243.5,5.7,0,11,97,40,49.18,524.1,314.5,0.9035,28.8399,2525.4,0.0789,0,0.6502,0.6578,0.759,0.393,0.873,0.3,57.2,5.53,1
2026-09-05 14:50:20,6712.1,ON,MPPT,44.4,12632.9,471.4,26.8,56.6,48.5203,1.39279,3.841,111.0,97.63,,3920.4521,0,0.2,14.7,0.0,42.489,1.898,15.63,36.38,0.916,2,47.61,12031.8,15.68,44.62,238.3,243.0,4.7,1,11,97,40,49.18,524.1,314.5,0.8982,28.8964,2549.3,0.0789,0,0.6502,0.6578,0.759,0.393,0.873,0.3,57.2,5.53,1
2026-09-05 14:50:37,6728.6,ON,MPPT,44.2,12644.0,470.7,26.86,56.5,48.3151,1.3869,3.821,111.0,,180.764,3920.667,0,0.2,15.0,0.0,43.497,1.892,15.32,35.7,0.915,2,46.67,12012.4,15.63,44.54,254.4,242.7,-11.8,1,11,97,40,49.18,524.1,314.5,0.8999,28.9542,2609.8,0.0789,0,0.6502,0.6578,0.759,0.393,0.873,0.3,57.2,5.53,1
2026-09-05 14:50:53,6745.1,ON,MPPT,43.8,12317.1,475.2,25.92,56.4,48.3258,1.38721,3.923,111.0,,180.764,3920.8954,0,0.2,16.6,0.0,41.41,1.795,18.17,35.71,0.933,2,47.6,11757.9,16.97,43.08,271.6,245.0,-26.6,1,11,97,40,49.18,524.1,314.5,0.9058,29.0117,2484.6,0.0789,0,0.6502,0.6578,0.759,0.393,0.873,0.3,57.2,5.53,1
2026-09-05 14:51:10,6761.6,ON,MPPT,44.2,12508.9,472.5,26.47,56.4,48.3251,1.38719,3.863,111.0,,180.766,3921.1101,0,0.2,15.3,0.0,41.435,1.89,15.42,38.26,0.915,2,48.88,11937.5,16.21,44.76,254.4,243.6,-10.8,1,11,97,40,49.18,524.1,314.5,0.8996,29.0678,2486.1,0.0789,0,0.6502,0.6578,0.759,0.393,0.873,0.3,57.2,5.53,1
2026-09-05 14:51:26,6778.1,ON,MPPT,44.0,12495.8,472.6,26.44,56.3,48.2126,1.38396,3.858,111.0,,180.78,3921.3382,0,0.2,15.7,0.0,41.429,1.857,16.01,38.8,0.921,2,51.09,11877.2,15.96,44.23,226.6,243.7,17.1,0,11,97,40,49.18,524.1,314.5,0.9001,29.1255,2485.7,0.0789,0,0.6502,0.6578,0.759,0.393,0.873,0.3,57.2,5.53,1
2026-09-05 14:51:43,6794.6,ON,MPPT,43.6,12260.9,474.9,25.82,56.2,47.9001,1.37499,3.907,111.0,,180.769,3921.5512,0,0.2,16.9,0.0,43.015,1.784,15.01,35.32,0.936,2,47.25,11691.9,15.9,42.93,228.8,244.9,16.1,0,11,97,40,49.18,524.1,314.5,0.905,29.1828,2580.9,0.0789,0,0.6502,0.6578,0.759,0.393,0.873,0.3,57.2,5.53,1
2026-09-05 14:51:59,6811.0,ON,MPPT,43.6,12321.0,474.8,25.95,56.3,47.6412,1.36755,3.867,111.0,97.63,,3921.7771,0,0.2,16.9,0.0,42.361,1.799,16.72,36.23,0.932,2,48.25,11745.9,16.22,43.64,255.5,244.8,-10.7,1,11,97,40,49.18,524.1,314.5,0.9057,29.2386,2541.7,0.0789,0,0.6502,0.6578,0.759,0.393,0.873,0.3,57.2,5.53,1
2026-09-05 14:52:16,6827.5,ON,MPPT,44.2,12721.2,469.2,27.11,56.3,47.9321,1.3759,3.768,111.0,,180.761,3921.9893,0,0.2,14.7,0.0,41.981,1.947,16.91,38.58,0.91,2,50.2,12136.9,16.2,45.63,242.8,241.9,-0.9,1,11,97,40,49.18,524.1,314.5,0.8969,29.2963,2518.8,0.0789,0,0.6502,0.6578,0.759,0.393,0.873,0.3,57.2,5.53,1
2026-09-05 14:52:32,6844.0,ON,MPPT,44.2,12563.3,472.3,26.6,56.3,47.5899,1.36608,3.788,111.0,,180.771,3922.2147,0,0.2,15.3,0.0,42.025,1.884,15.81,37.59,0.917,2,49.27,11966.7,16.41,44.31,246.0,243.5,-2.5,1,11,97,40,49.18,524.1,314.5,0.9011,29.3525,2521.5,0.0789,0,0.6502,0.6578,0.759,0.393,0.873,0.3,57.2,5.53,1
2026-09-05 14:52:49,6860.5,ON,MPPT,44.2,12652.5,470.8,26.87,56.3,48.0,1.37785,3.794,111.0,,180.764,3922.4268,0,0.2,15.0,0.0,42.409,1.902,14.24,37.91,0.919,2,49.81,12050.8,15.92,44.81,222.3,242.7,20.5,0,11,97,40,49.18,524.1,314.5,0.8978,29.4102,2544.6,0.0789,0,0.6502,0.6578,0.759,0.393,0.873,0.3,57.2,5.53,1
2026-09-05 14:53:05,6877.0,ON,MPPT,44.2,12521.4,472.8,26.49,56.2,47.6404,1.36753,3.805,111.0,,180.765,3922.6525,0,0.2,15.4,0.0,42.031,1.858,18.19,36.05,0.924,2,47.63,11938.4,16.29,44.32,257.0,243.7,-13.3,1,11,97,40,49.18,524.1,314.5,0.9037,29.4677,2521.9,0.0789,0,0.6502,0.6578,0.759,0.393,0.873,0.3,57.2,5.53,1
2026-09-05 14:53:22,6893.5,ON,MPPT,44.0,12542.2,472.0,26.57,56.2,47.9115,1.37531,3.82,111.0,,180.778,3922.8655,0,0.2,15.6,0.0,42.811,1.852,17.77,36.21,0.923,2,47.76,11943.8,16.28,44.28,266.3,243.4,-23.0,1,11,97,40,49.18,524.1,314.5,0.9029,29.5238,2568.7,0.0789,0,0.6502,0.6578,0.759,0.393,0.873,0.3,57.2,5.53,1
2026-09-05 14:53:38,6909.9,ON,MPPT,44.0,12462.2,473.0,26.35,56.2,48.1835,1.38312,3.866,111.0,,180.766,3923.0929,0,0.2,15.8,0.0,43.128,1.846,15.36,34.91,0.924,2,46.11,11894.0,15.9,43.73,258.2,243.8,-14.3,1,11,97,40,49.18,524.1,314.5,0.9023,29.5811,2587.7,0.0789,0,0.6502,0.6578,0.759,0.393,0.873,0.3,57.2,5.53,1
2026-09-05 14:53:55,6926.5,ON,MPPT,44.4,12603.9,470.4,26.79,56.1,48.2096,1.38387,3.825,111.0,,180.778,3923.307,0,0.2,14.6,0.0,41.935,1.909,14.89,38.09,0.914,2,49.74,12011.3,16.15,44.82,234.1,242.5,8.4,0,11,97,40,49.18,524.1,314.5,0.8986,29.6384,2516.1,0.0789,0,0.6502,0.6578,0.759,0.393,0.873,0.3,57.2,5.53,1
2026-09-05 14:54:11,6943.0,ON,MPPT,44.2,12611.4,470.0,26.83,56.1,48.1458,1.38204,3.818,111.0,97.63,,3923.5348,0,0.2,14.9,0.0,41.608,1.899,14.94,38.81,0.914,2,50.67,12004.5,15.75,44.62,223.4,242.3,18.9,0,11,97,40,49.18,524.1,314.5,0.8984,29.6942,2496.5,0.0789,0,0.6502,0.6578,0.759,0.393,0.873,0.3,57.2,5.53,1
2026-09-05 14:54:28,6959.4,ON,MPPT,43.8,12335.9,473.6,26.05,56.0,48.0239,1.37854,3.893,111.0,97.63,,3923.7486,0,0.2,16.3,0.0,42.642,1.813,17.06,34.36,0.928,2,45.58,11780.3,16.46,42.86,273.4,244.2,-29.2,1,11,97,40,49.18,524.1,314.5,0.9045,29.7511,2558.5,0.0789,0,0.6502,0.6578,0.759,0.393,0.873,0.3,57.2,5.53,1
2026-09-05 14:54:44,6975.9,ON,MPPT,43.8,12334.5,472.9,26.09,56.0,47.5599,1.36522,3.856,111.0,,180.766,3923.9743,0,0.2,16.2,0.0,42.014,1.851,16.6,35.32,0.922,2,46.53,11767.8,16.36,44.37,271.3,243.8,-27.5,1,11,97,40,49.18,524.1,314.5,0.8977,29.808,2520.9,0.0789,0,0.6502,0.6578,0.759,0.393,0.873,0.3,57.2,5.53,1
2026-09-05 14:55:01,6992.4,ON,MPPT,44.0,12368.9,472.5,26.18,55.9,47.5316,1.36441,3.843,111.0,,180.767,3924.1856,0,0.2,15.7,0.0,41.719,1.866,17.02,38.16,0.919,2,50.13,11818.0,16.26,44.28,237.2,243.6,6.4,0,11,97,40,49.18,524.1,314.5,0.8989,29.8634,2503.1,0.0789,0,0.6502,0.6578,0.759,0.393,0.873,0.3,57.2,5.53,1
2026-09-05 14:55:17,7008.9,ON,MPPT,43.6,12273.0,473.7,25.91,55.9,47.4347,1.36163,3.865,111.0,,180.782,3924.4091,0,0.2,16.7,0.0,41.636,1.796,16.53,36.29,0.932,2,48.34,11726.0,16.19,42.98,231.3,244.2,13.0,0,11,97,40,49.18,524.1,314.5,0.9034,29.9202,2498.1,0.0789,0,0.6502,0.6578,0.759,0.393,0.873,0.3,57.2,5.53,1
2026-09-05 14:55:34,7025.4,ON,MPPT,43.6,12239.6,473.6,25.84,55.9,47.5626,1.3653,3.886,111.0,,180.78,3924.6203,0,0.2,16.7,0.0,41.634,1.776,16.84,36.72,0.937,2,49.17,11645.8,16.45,42.95,232.1,244.2,12.1,0,11,97,40,49.18,524.1,314.5,0.9039,29.9755,2498.0,0.0789,0,0.6502,0.6578,0.759,0.393,0.873,0.3,57.2,5.53,1
2026-09-05 14:55:50,7041.8,ON,MPPT,43.8,12479.8,468.7,26.63,55.9,47.3953,1.36049,3.798,111.0,,180.764,3924.8442,0,0.2,15.4,0.0,42.792,1.871,17.71,35.83,0.92,2,47.1,11871.9,16.47,44.09,267.3,241.7,-25.6,1,11,97,40,49.18,524.1,314.5,0.8962,30.032,2567.5,0.0789,0,0.6502,0.6578,0.759,0.393,0.873,0.3,57.2,5.53,1
2026-09-05 14:56:07,7058.3,ON,MPPT,43.8,12249.5,472.8,25.91,55.8,47.1813,1.35435,3.852,111.0,,180.771,3925.0546,0,0.2,16.1,0.0,42.578,1.807,17.77,35.44,0.927,2,46.93,11632.9,16.21,42.9,250.6,243.8,-6.9,1,11,97,40,49.18,524.1,314.5,0.902,30.0884,2554.7,0.0789,0,0.6502,0.6578,0.759,0.393,0.873,0.3,57.2,5.53,1
2026-09-05 14:56:23,7074.8,ON,MPPT,43.8,12210.4,473.5,25.79,55.7,47.5727,1.36559,3.896,111.0,97.63,,3925.2784,0,0.2,16.3,0.0,42.814,1.82,15.38,36.56,0.923,2,48.22,11631.5,15.39,43.49,227.0,244.1,17.1,0,11,97,40,49.18,524.1,314.5,0.9019,30.1433,2568.9,0.0789,0,0.6502,0.6578,0.759,0.393,0.873,0.3,57.2,5.53,1
2026-09-05 14:56:39,7091.3,ON,MPPT,43.6,12263.7,471.8,26.0,55.6,47.7194,1.3698,3.891,111.0,,180.771,3925.4905,0,0.2,16.4,0.0,42.047,1.808,18.49,35.41,0.929,2,46.99,11698.9,16.42,43.06,258.1,243.2,-14.9,1,11,97,40,49.18,524.1,314.5,0.9022,30.1996,2522.8,0.0789,0,0.6502,0.6578,0.759,0.393,0.873,0.3,57.2,5.53,1
2026-09-05 14:56:56,7107.7,ON,MPPT,43.2,12072.4,473.0,25.52,55.6,47.2304,1.35576,3.912,111.0,,180.787,3925.7149,0,0.2,17.3,0.0,43.222,1.732,16.98,32.85,0.942,2,44.2,11452.5,16.34,41.94,270.5,243.9,-26.7,1,11,97,40,49.18,524.1,314.5,0.904,30.2543,2593.3,0.0789,0,0.6502,0.6578,0.759,0.393,0.873,0.3,57.2,5.53,1
2026-09-05 14:57:12,7124.3,ON,MPPT,43.2,11959.7,474.0,25.23,55.5,46.8484,1.34479,3.917,111.0,,180.78,3925.9237,0,0.2,17.5,0.0,40.389,1.71,18.17,35.43,0.944,2,47.81,11362.7,16.95,41.71,249.2,244.4,-4.8,1,11,97,40,49.18,524.1,314.5,0.9044,30.31,2423.4,0.0789,0,0.6502,0.6578,0.759,0.393,0.873,0.3,57.2,5.53,1
2026-09-05 14:57:29,7140.7,ON,MPPT,43.8,12103.2,472.9,25.6,55.3,46.9779,1.34851,3.881,111.0,97.63,,3926.1447,0,0.2,16.2,0.0,40.989,1.788,17.37,36.71,0.927,2,48.64,11478.5,16.36,43.08,235.3,243.8,8.5,0,11,97,40,49.18,524.1,314.5,0.8994,30.3654,2459.3,0.0789,0,0.6502,0.6578,0.759,0.393,0.873,0.3,57.2,5.53,1
2026-09-05 14:57:45,7157.2,ON,MPPT,43.4,11899.3,475.2,25.04,55.3,46.7168,1.34102,3.926,111.0,,180.774,3926.3533,0,0.2,17.3,0.0,41.282,1.727,14.83,35.91,0.939,2,48.21,11366.8,16.57,41.8,223.7,245.0,21.3,0,11,97,40,49.18,524.1,314.5,0.9047,30.4193,2476.9,0.0789,0,0.6502,0.6578,0.759,0.393,0.873,0.3,57.2,5.53,1
2026-09-05 14:58:02,7173.7,ON,MPPT,43.4,12042.2,473.9,25.41,55.3,47.1834,1.35441,3.918,111.0,,180.772,3926.5746,0,0.2,17.1,0.0,42.285,1.76,16.38,34.05,0.931,2,45.29,11481.1,15.93,42.31,249.7,244.4,-5.3,1,11,97,40,49.18,524.1,314.5,0.9051,30.475,2537.1,0.0789,0,0.6502,0.6578,0.759,0.393,0.873,0.3,57.2,5.53,1
2026-09-05 14:58:18,7190.2,ON,MPPT,43.6,11974.8,474.8,25.22,55.3,47.4062,1.36081,3.959,111.0,,180.785,3926.7852,0,0.2,16.9,0.0,41.423,1.742,16.86,34.93,0.935,2,46.67,11380.3,16.21,42.06,236.6,244.8,8.2,0,11,97,40,49.18,524.1,314.5,0.9031,30.5306,2485.4,0.0789,0,0.6502,0.6578,0.759,0.393,0.873,0.3,57.2,5.53,1
2026-09-05 14:58:35,7206.7,ON,MPPT,43.6,11978.7,475.0,25.22,55.2,47.3107,1.35807,3.95,111.0,,180.773,3926.9949,0,0.2,16.9,0.0,42.19,1.756,16.45,35.44,0.935,2,47.34,11431.2,16.14,42.28,230.8,244.9,14.1,0,11,97,40,49.18,524.1,314.5,0.9042,30.5849,2531.4,0.0789,0,0.6502,0.6578,0.759,0.393,0.873,0.3,57.2,5.53,1
2026-09-05 14:58:51,7223.1,ON,MPPT,44.0,12449.3,466.8,26.67,55.3,46.8052,1.34355,3.76,111.0,97.63,,3927.2179,0,0.2,14.7,0.0,43.515,1.901,14.79,35.72,0.914,2,46.68,11869.6,15.77,44.49,248.0,240.7,-7.4,1,11,97,40,49.18,524.1,314.5,0.8902,30.6408,2610.9,0.0789,0,0.6502,0.6578,0.759,0.393,0.873,0.3,57.2,5.53,1
2026-09-05 14:59:08,7239.6,ON,MPPT,42.0,11133.4,474.8,23.45,54.9,46.2564,1.3278,4.155,111.0,,180.77,3927.4252,0,0.2,19.9,0.0,40.47,1.543,17.63,31.62,0.962,2,43.47,10541.9,16.79,37.54,249.0,244.8,-4.2,1,11,97,40,49.18,524.1,314.5,0.905,30.6952,2428.2,0.0789,0,0.6502,0.6578,0.759,0.393,0.873,0.3,57.2,5.53,1
2026-09-05 14:59:24,7256.1,ON,MPPT,3.1,825.8,532.7,1.55,49.9,13.7864,0.39574,16.695,111.0,,180.768,3927.5992,0,0.2,94.7,0.0,3.122,0.004,21.6,0.09,1.238,0,0.15,676.5,21.64,0.0,27.2,274.7,247.5,0,0,97,40,32.74,534.3,320.6,0.9974,0.0016,187.3,0.0761,0,0.6781,0.6801,0.7869,0.375,0.873,0.3,57.2,5.53,1
2026-09-05 14:59:41,7272.6,ON,MPPT,9.52,1077.1,533.8,2.02,49.4,0.0,0.0,,,,180.761,3927.6163,0,0.2,83.9,0.0,9.521,0.01,21.85,0.46,1.238,0,0.81,881.4,21.64,0.0,60.2,275.2,215.0,0,0,97,40,32.74,534.3,320.6,0.9987,0.0059,571.3,0.0761,0,0.6781,0.6801,0.7869,0.375,0.873,0.3,57.2,5.53,1
2026-09-05 14:59:57,7289.1,ON,MPPT,15.7,1329.8,531.7,2.5,47.1,0.0,0.0,,,,180.768,3927.6163,0,0.2,73.3,0.0,15.457,0.225,17.46,4.75,0.976,2,6.63,1064.5,17.05,5.34,109.5,274.1,164.7,0,0,97,40,32.74,534.3,320.6,0.9948,0.0111,927.4,0.0761,0,0.6781,0.6801,0.7869,0.375,0.873,0.3,57.2,5.53,1
2026-09-05 15:00:14,7305.6,ON,MPPT,19.7,1717.1,532.3,3.23,46.4,0.0,0.0,,,,180.753,3927.6163,0,0.2,66.5,0.0,18.881,0.288,17.38,4.73,0.975,2,6.6,1408.1,17.05,6.33,147.2,274.4,127.2,0,0,97,40,32.74,534.3,320.6,0.9957,0.018,1132.9,0.0761,0,0.6781,0.6801,0.7869,0.375,0.873,0.3,57.2,5.53,1
2026-09-05 15:00:30,7322.0,ON,MPPT,23.9,2325.7,530.1,4.39,45.9,0.0,0.0,,,,180.751,3927.6163,0,0.2,59.2,0.0,22.66,0.366,16.69,9.85,0.975,2,13.74,1880.6,17.05,7.65,118.4,273.3,154.9,0,0,97,40,32.74,534.3,320.6,0.9921,0.0273,1359.6,0.0761,0,0.6781,0.6801,0.7869,0.375,0.873,0.3,57.2,5.53,1
2026-09-05 15:00:47,7338.5,ON,MPPT,27.9,2931.9,527.9,5.55,45.5,0.0,0.0,,,97.62,,3927.6163,0,0.2,52.2,0.0,27.323,0.439,16.92,8.12,0.975,2,11.33,2516.6,17.05,9.12,187.1,272.2,85.1,0,0,97,40,32.74,534.3,320.6,0.9879,0.0388,1639.4,0.0761,0,0.6781,0.6801,0.7869,0.375,0.873,0.3,57.2,5.53,1
2026-09-05 15:01:03,7355.0,ON,MPPT,31.9,5173.2,519.1,9.97,46.0,9.965,0.28605,1.926,111.0,,180.757,3927.6279,0,0.2,44.4,0.0,32.416,0.814,18.09,14.73,0.975,2,20.53,4811.8,17.05,16.6,223.7,267.6,44.0,0,0,97,40,32.74,534.3,320.6,0.971,0.0587,1945.0,0.0761,0,0.6781,0.6801,0.7869,0.375,0.873,0.3,57.2,5.53,1
2026-09-05 15:01:20,7371.5,ON,MPPT,35.9,7032.2,510.2,13.78,47.1,22.9148,0.65777,3.259,111.0,,180.767,3927.7038,0,0.2,36.3,0.0,34.486,1.044,16.65,22.24,0.975,2,30.98,6651.5,17.05,21.67,207.0,263.1,56.1,0,0,97,40,32.74,534.3,320.6,0.9537,0.087,2069.2,0.0761,0,0.6781,0.6801,0.7869,0.375,0.873,0.3,57.2,5.53,1
2026-09-05 15:01:36,7388.0,ON,MPPT,40.1,9595.1,494.6,19.4,48.9,33.702,0.96742,3.512,111.0,,180.777,3927.8373,0,0.2,26.6,0.0,38.508,1.349,16.85,28.44,0.974,2,39.59,9123.4,17.05,28.23,226.1,255.0,29.0,0,0,97,40,35.07,534.3,320.6,0.9253,0.1244,2310.5,0.0761,0,0.6781,0.6801,0.7869,0.375,0.873,0.3,57.2,5.53,1
2026-09-05 15:01:53,7404.4,ON,MPPT,42.9,11692.7,473.9,24.67,51.1,44.4528,1.27603,3.802,111.0,,180.664,3928.0118,0,0.2,18.1,0.0,40.923,1.68,17.04,34.96,0.947,2,47.29,11254.9,16.85,41.08,239.4,244.3,5.0,0,0,97,40,41.79,534.3,320.6,0.8868,0.1749,2455.4,0.0761,0,0.6781,0.6801,0.7869,0.375,0.873,0.3,57.2,5.53,1
2026-09-05 15:02:09,7420.9,ON,MPPT,43.3,11819.3,471.8,25.05,51.8,47.9411,1.37616,4.056,111.0,97.64,,3928.2336,0,0.2,16.9,0.0,41.2,1.723,18.0,35.23,0.941,2,47.36,11304.2,16.71,41.67,239.4,243.2,3.8,1,0,97,40,41.79,534.3,320.6,0.8828,0.2275,2472.0,0.0761,0,0.6781,0.6801,0.7869,0.375,0.873,0.3,57.2,5.53,1
2026-09-05 15:02:26,7437.4,ON,MPPT,43.1,11794.4,472.0,24.99,52.4,47.8345,1.3731,4.056,111.0,,180.782,3928.4468,0,0.2,17.4,0.0,41.108,1.708,17.62,34.32,0.941,2,46.18,11270.4,16.49,41.38,240.5,243.4,2.9,1,0,97,40,41.79,534.3,320.6,0.8843,0.2815,2466.5,0.0761,0,0.6781,0.6801,0.7869,0.375,0.873,0.3,57.2,5.53,1
2026-09-05 15:02:42,7453.9,ON,MPPT,42.7,11487.8,476.1,24.13,52.7,47.6134,1.36676,4.145,111.0,,180.814,3928.6716,0,0.2,18.8,0.0,40.811,1.623,16.69,33.8,0.955,2,46.15,11007.4,16.63,39.86,234.7,245.4,10.8,0,0,97,40,41.79,534.3,320.6,0.8905,0.3354,2448.6,0.0761,0,0.6781,0.6801,0.7869,0.375,0.873,0.3,57.2,5.53,1
2026-09-05 15:02:59,7470.4,ON,MPPT,43.1,11666.7,473.4,24.65,52.9,47.0562,1.35076,4.033,111.0,97.63,,3928.8821,0,0.2,17.6,0.0,41.558,1.681,17.87,33.69,0.945,2,45.49,11160.6,16.94,40.71,263.8,244.1,-19.7,1,0,97,40,41.79,534.3,320.6,0.8859,0.3875,2493.5,0.0761,0,0.6781,0.6801,0.7869,0.375,0.873,0.3,57.2,5.53,1
2026-09-05 15:03:15,7486.8,ON,MPPT,43.3,11724.3,472.4,24.82,53.1,47.1028,1.3521,4.018,111.0,,180.778,3929.1047,0,0.2,17.0,0.0,40.803,1.735,15.29,35.8,0.932,2,47.71,11264.3,16.69,41.75,237.8,243.5,5.8,0,0,97,40,41.79,534.3,320.6,0.8822,0.4411,2448.2,0.0761,0,0.6781,0.6801,0.7869,0.375,0.873,0.3,57.2,5.53,1
2026-09-05 15:03:31,7503.3,ON,MPPT,42.9,11651.6,473.0,24.63,53.3,46.9201,1.34685,4.027,111.0,97.63,,3929.3141,0,0.2,17.9,0.0,41.939,1.665,17.39,32.4,0.947,2,43.84,11113.9,16.46,40.83,266.3,243.9,-22.5,1,0,97,40,41.79,534.3,320.6,0.8869,0.4948,2516.4,0.0761,0,0.6781,0.6801,0.7869,0.375,0.873,0.3,57.2,5.53,1
2026-09-05 15:03:48,7519.8,ON,MPPT,42.5,11314.0,475.5,23.79,53.3,46.6969,1.34045,4.127,111.0,,180.772,3929.5348,0,0.2,19.1,0.0,41.378,1.603,17.75,31.49,0.953,2,42.91,10807.0,16.77,39.74,273.4,245.2,-28.2,1,0,97,40,41.79,534.3,320.6,0.8893,0.5464,2482.7,0.0761,0,0.6781,0.6801,0.7869,0.375,0.873,0.3,57.2,5.53,1
2026-09-05 15:04:04,7536.3,ON,MPPT,41.9,10829.6,483.8,22.39,53.0,45.0284,1.29255,4.158,111.0,,180.784,3929.7393,0,0.2,21.6,0.0,40.972,1.506,16.96,31.41,0.971,2,43.58,10342.3,16.78,35.33,237.3,249.4,12.2,0,0,97,40,41.79,534.3,320.6,0.9041,0.5974,2458.3,0.0761,0,0.6781,0.6801,0.7869,0.375,0.873,0.3,57.2,5.53,1
2026-09-05 15:04:21,7552.8,ON,MPPT,43.1,11698.7,473.4,24.71,53.7,46.1537,1.32485,3.945,111.0,,180.771,3929.9511,0,0.2,17.6,0.0,41.207,1.713,15.32,35.7,0.941,2,48.02,11246.0,16.74,41.6,232.2,244.1,11.8,0,0,97,40,42.0,534.3,320.6,0.8833,0.6509,2472.4,0.0761,0,0.6781,0.6801,0.7869,0.375,0.873,0.3,57.2,5.53,1
2026-09-05 15:04:37,7569.2,ON,MPPT,43.1,11756.7,471.9,24.91,53.9,46.5003,1.3348,3.955,111.0,,180.768,3930.1581,0,0.2,17.3,0.0,41.233,1.7,18.01,34.33,0.942,2,46.21,11257.2,16.62,40.91,245.5,243.3,-2.2,1,0,97,40,42.0,534.3,320.6,0.884,0.7033,2474.0,0.0761,0,0.6781,0.6801,0.7869,0.375,0.873,0.3,57.2,5.53,1
2026-09-05 15:04:54,7585.8,ON,MPPT,42.9,11523.6,476.1,24.21,53.9,46.4339,1.3329,4.029,111.0,,180.774,3930.3774,0,0.2,18.4,0.0,40.786,1.648,16.72,34.31,0.95,2,46.56,11056.6,16.67,40.42,242.8,245.4,2.6,1,0,97,40,42.0,534.3,320.6,0.8895,0.7567,2447.1,0.0761,0,0.6781,0.6801,0.7869,0.375,0.873,0.3,57.2,5.53,1
2026-09-05 15:05:10,7602.3,ON,MPPT,42.9,11640.6,472.4,24.64,53.8,46.4048,1.33206,3.986,111.0,,180.769,3930.5841,0,0.2,17.8,0.0,40.773,1.668,16.28,34.67,0.945,2,46.84,11101.6,16.41,40.84,233.5,243.5,10.0,0,0,97,40,42.0,534.3,320.6,0.8851,0.8095,2446.4,0.0761,0,0.6781,0.6801,0.7869,0.375,0.873,0.3,57.2,5.53,1
2026-09-05 15:05:27,7618.7,ON,MPPT,42.9,11598.2,474.0,24.47,53.9,46.5086,1.33504,4.01,111.0,,180.78,3930.8034,0,0.2,18.1,0.0,40.171,1.65,18.67,34.7,0.95,2,47.12,11082.5,17.02,40.22,241.5,244.4,2.9,1,0,97,40,42.0,534.3,320.6,0.8875,0.8613,2410.3,0.0761,0,0.6781,0.6801,0.7869,0.375,0.873,0.3,57.2,5.53,1
2026-09-05 15:05:43,7635.2,ON,MPPT,42.7,11577.8,474.8,24.38,54.1,46.4783,1.33417,4.014,111.0,,180.766,3931.01,0,0.2,18.6,0.0,40.965,1.647,17.16,33.92,0.951,2,46.09,11093.1,16.77,40.21,239.7,244.8,5.1,0,0,97,40,42.0,534.3,320.6,0.891,0.9146,2457.9,0.0761,0,0.6781,0.6801,0.7869,0.375,0.873,0.3,57.2,5.53,1
2026-09-05 15:06:00,7651.7,ON,MPPT,43.1,11566.3,474.9,24.36,54.1,46.6196,1.33823,4.031,111.0,97.63,,3931.217,0,0.2,17.9,0.0,41.373,1.681,16.75,33.53,0.943,2,45.18,11092.7,16.68,40.98,257.4,244.8,-12.6,1,0,97,40,42.0,534.3,320.6,0.8863,0.9665,2482.4,0.0761,0,0.6781,0.6801,0.7869,0.375,0.873,0.3,57.2,5.53,1
2026-09-05 15:06:16,7668.2,ON,MPPT,42.7,11399.3,477.3,23.88,54.1,46.4162,1.33239,4.072,111.0,,180.768,3931.4362,0,0.2,19.0,0.0,41.853,1.612,18.81,31.53,0.956,2,43.07,10882.0,16.66,39.8,277.2,246.1,-31.1,1,0,97,40,42.0,534.3,320.6,0.8928,1.0195,2511.2,0.0761,0,0.6781,0.6801,0.7869,0.375,0.873,0.3,57.2,5.53,1
2026-09-05 15:06:33,7684.6,ON,MPPT,42.5,11291.1,478.1,23.61,54.1,46.1781,1.32555,4.09,111.0,,180.766,3931.6418,0,0.2,19.6,0.0,41.028,1.581,15.2,32.52,0.961,2,44.69,10829.2,16.75,38.7,237.9,246.5,8.6,0,0,97,40,42.0,534.3,320.6,0.893,1.0724,2461.7,0.0761,0,0.6781,0.6801,0.7869,0.375,0.873,0.3,57.2,5.53,1
2026-09-05 15:06:49,7701.1,ON,MPPT,42.9,11692.7,472.6,24.74,54.3,46.0192,1.32099,3.936,111.0,,180.777,3931.8586,0,0.2,17.8,0.0,41.709,1.683,15.9,34.48,0.946,2,46.6,11160.3,16.23,41.08,233.2,243.7,10.4,0,0,97,40,42.0,534.3,320.6,0.885,1.1242,2502.5,0.0761,0,0.6781,0.6801,0.7869,0.375,0.873,0.3,57.2,5.53,1
2026-09-05 15:07:06,7717.6,ON,MPPT,41.7,10944.0,478.8,22.86,54.1,45.4411,1.3044,4.152,111.0,,180.77,3932.0624,0,0.2,21.2,0.0,39.935,1.522,17.5,32.05,0.968,2,44.35,10440.6,17.05,36.52,239.5,246.8,7.4,0,0,97,40,42.0,534.3,320.6,0.8958,1.1768,2396.1,0.0761,0,0.6781,0.6801,0.7869,0.375,0.873,0.3,57.2,5.53,1
2026-09-05 15:07:22,7734.1,ON,MPPT,43.3,11875.6,467.7,25.39,54.1,44.1279,1.2667,3.716,111.0,,180.772,3932.2723,0,0.2,16.2,0.0,41.423,1.771,18.35,34.37,0.929,2,45.63,11359.3,16.7,42.25,265.1,241.2,-23.9,1,0,97,40,42.0,534.3,320.6,0.8764,1.2285,2485.4,0.0761,0,0.6781,0.6801,0.7869,0.375,0.873,0.3,57.2,5.53,1
2026-09-05 15:07:39,7750.6,ON,MPPT,42.7,11576.3,473.7,24.44,54.2,45.4252,1.30394,3.924,111.0,,180.772,3932.4731,0,0.2,18.4,0.0,40.866,1.633,15.93,34.04,0.952,2,46.34,11017.4,16.59,40.07,231.8,244.2,12.5,0,0,97,40,42.0,534.3,320.6,0.8887,1.2802,2452.0,0.0761,0,0.6781,0.6801,0.7869,0.375,0.873,0.3,57.2,5.53,1
2026-09-05 15:07:55,7767.1,ON,MPPT,42.7,11441.8,475.6,24.06,54.2,45.4304,1.30409,3.971,111.0,,180.768,3932.6882,0,0.2,18.7,0.0,41.057,1.615,17.74,32.76,0.955,2,44.72,10911.4,16.88,39.67,251.6,245.2,-6.4,1,0,97,40,42.0,534.3,320.6,0.8899,1.3327,2463.4,0.0761,0,0.6781,0.6801,0.7869,0.375,0.873,0.3,57.2,5.53,1
2026-09-05 15:08:13,7783.6,ON,MPPT,42.3,11346.5,477.4,23.77,54.2,45.544,1.30735,4.014,111.0,,180.773,3932.8903,0,0.2,19.8,0.0,40.495,1.573,16.41,33.34,0.962,2,45.84,10820.1,16.92,38.52,234.3,246.1,11.8,0,0,97,40,42.0,534.3,320.6,0.8952,1.3876,2429.7,0.0761,0,0.6781,0.6801,0.7869,0.375,0.873,0.3,57.2,5.53,1
2026-09-05 15:08:29,7801.1,ON,MPPT,42.7,11476.7,475.2,24.15,54.1,45.6017,1.30901,3.973,111.0,97.63,,3933.1188,0,0.2,18.7,0.0,41.567,1.628,16.49,33.76,0.953,2,45.97,10971.9,16.25,39.99,230.5,245.0,14.5,0,0,97,40,42.0,534.3,320.6,0.8887,1.4401,2494.0,0.0761,0,0.6781,0.6801,0.7869,0.375,0.873,0.3,57.2,5.53,1
2026-09-05 15:08:46,7817.5,ON,MPPT,42.7,11394.1,476.5,23.91,54.1,45.631,1.30985,4.005,111.0,,180.777,3933.3215,0,0.2,18.9,0.0,40.506,1.602,15.45,34.44,0.958,2,47.13,10871.9,16.99,39.26,223.2,245.7,22.5,0,0,97,40,42.0,534.3,320.6,0.8919,1.4915,2430.4,0.0761,0,0.6781,0.6801,0.7869,0.375,0.873,0.3,57.2,5.53,1
2026-09-05 15:09:02,7834.0,ON,MPPT,42.5,11399.4,476.0,23.95,54.1,45.6568,1.31059,4.005,111.0,,180.771,3933.5366,0,0.2,19.2,0.0,41.484,1.594,17.81,31.12,0.958,2,44.04,10879.7,16.7,39.23,247.9,245.4,-2.4,1,0,97,40,42.0,534.3,320.6,0.8922,1.544,2489.1,0.0761,0,0.6781,0.6801,0.7869,0.375,0.873,0.3,57.2,5.53,1
2026-09-05 15:09:19,7850.5,ON,MPPT,42.5,11246.1,478.0,23.53,54.1,45.7743,1.31396,4.07,111.0,,180.772,3933.7403,0,0.2,19.5,0.0,41.031,1.569,16.05,32.57,0.962,2,44.77,10730.2,16.66,38.41,229.3,246.5,17.2,0,0,97,40,42.0,534.3,320.6,0.8947,1.5963,2461.8,0.0761,0,0.6781,0.6801,0.7869,0.375,0.873,0.3,57.2,5.53,1
2026-09-05 15:09:35,7867.0,ON,MPPT,42.5,11344.9,476.1,23.83,54.0,45.323,1.30101,3.995,111.0,,180.768,3933.9556,0,0.2,19.2,0.0,40.609,1.595,14.37,34.76,0.956,2,47.5,10837.9,16.77,39.6,221.0,245.4,24.4,0,0,97,40,42.0,534.3,320.6,0.8909,1.6472,2436.6,0.0761,0,0.6781,0.6801,0.7869,0.375,0.873,0.3,57.2,5.53,1
2026-09-05 15:09:52,7883.5,ON,MPPT,42.7,11276.5,476.8,23.65,53.9,45.4955,1.30596,4.035,111.0,,180.768,3934.1578,0,0.2,18.9,0.0,41.26,1.582,17.14,32.51,0.96,2,44.61,10723.6,16.59,39.36,249.4,245.8,-3.6,1,0,97,40,42.0,534.3,320.6,0.8904,1.6992,2475.6,0.0761,0,0.6781,0.6801,0.7869,0.375,0.873,0.3,57.2,5.53,1
2026-09-05 15:10:08,7900.0,ON,MPPT,42.3,11232.1,476.9,23.55,53.9,45.4521,1.30472,4.047,111.0,,180.777,3934.3724,0,0.2,19.7,0.0,40.789,1.56,17.12,32.08,0.962,2,44.12,10686.1,16.56,38.12,233.1,245.9,12.8,0,0,97,40,42.0,534.3,320.6,0.8936,1.7512,2447.4,0.0761,0,0.6781,0.6801,0.7869,0.375,0.873,0.3,57.2,5.53,1
2026-09-05 15:10:25,7916.5,ON,MPPT,42.3,11195.1,476.6,23.49,53.8,45.2033,1.29757,4.038,111.0,,180.773,3934.574,0,0.2,19.7,0.0,41.287,1.582,15.71,31.32,0.961,2,43.02,10689.6,16.35,39.18,250.5,245.7,-4.8,1,0,97,40,42.0,534.3,320.6,0.8895,1.8016,2477.2,0.0761,0,0.6781,0.6801,0.7869,0.375,0.873,0.3,57.2,5.53,1
2026-09-05 15:10:41,7933.0,ON,MPPT,42.5,11525.7,471.0,24.47,53.9,44.8599,1.28772,3.892,111.0,,180.773,3934.7862,0,0.2,18.3,0.0,41.135,1.664,15.15,33.52,0.947,2,45.38,11014.0,16.59,40.52,236.9,242.8,5.9,0,0,97,40,42.0,534.3,320.6,0.8833,1.8536,2468.1,0.0761,0,0.6781,0.6801,0.7869,0.375,0.873,0.3,57.2,5.53,1
2026-09-05 15:10:58,7949.4,ON,MPPT,42.1,11143.6,477.2,23.35,53.8,44.8013,1.28603,4.02,111.0,,180.768,3934.9852,0,0.2,20.1,0.0,40.476,1.543,16.57,32.66,0.964,2,45.01,10594.2,17.05,37.36,236.3,246.0,9.7,0,0,97,40,42.0,534.3,320.6,0.8942,1.904,2428.6,0.0761,0,0.6781,0.6801,0.7869,0.375,0.873,0.3,57.2,5.53,1
2026-09-05 15:11:14,7965.9,ON,MPPT,42.1,11207.9,475.9,23.55,53.8,44.8612,1.28775,4.003,111.0,97.63,,3935.1977,0,0.2,19.9,0.0,40.021,1.567,16.38,33.36,0.963,2,45.9,10698.7,16.86,38.32,224.6,245.4,20.8,0,0,97,40,42.0,534.3,320.6,0.8917,1.9555,2401.3,0.0761,0,0.6781,0.6801,0.7869,0.375,0.873,0.3,57.2,5.53,1
2026-09-05 15:11:31,7982.4,ON,MPPT,42.1,11014.4,478.0,23.04,53.6,44.148,1.26728,4.008,111.0,,180.775,3935.3953,0,0.2,20.3,0.0,39.86,1.548,16.57,33.31,0.965,2,45.94,10499.7,16.79,38.06,225.6,246.5,20.8,0,0,97,40,42.0,534.3,320.6,0.8894,2.0063,2391.6,0.0761,0,0.6781,0.6801,0.7869,0.375,0.873,0.3,57.2,5.53,1
2026-09-05 15:11:47,7998.9,ON,MPPT,41.9,11090.1,476.0,23.3,53.7,44.1031,1.26599,3.977,111.0,,180.77,3935.6034,0,0.2,20.3,0.0,40.472,1.529,17.34,30.51,0.964,2,42.04,10544.8,17.05,36.92,260.5,245.4,-15.0,1,0,97,40,42.0,534.3,320.6,0.8936,2.0561,2428.3,0.0761,0,0.6781,0.6801,0.7869,0.375,0.873,0.3,57.2,5.53,1
2026-09-05 15:12:03,8015.3,ON,MPPT,42.3,11124.3,476.6,23.34,53.7,44.3953,1.27438,3.991,111.0,,180.786,3935.8003,0,0.2,19.7,0.0,40.796,1.555,17.86,31.48,0.962,2,43.3,10597.3,16.93,38.09,258.9,245.7,-13.2,1,0,97,40,42.0,534.3,320.6,0.8919,2.1073,2447.8,0.0761,0,0.6781,0.6801,0.7869,0.375,0.873,0.3,57.2,5.53,1
2026-09-05 15:12:20,8031.8,ON,MPPT,42.3,11130.0,476.7,23.35,53.6,44.9714,1.29092,4.041,111.0,,180.761,3936.0118,0,0.2,19.7,0.0,41.254,1.551,18.44,31.15,0.963,2,42.85,10601.4,17.03,37.84,267.6,245.7,-21.9,1,0,97,40,42.0,534.3,320.6,0.8933,2.1586,2475.3,0.0761,0,0.6781,0.6801,0.7869,0.375,0.873,0.3,57.2,5.53,1
2026-09-05 15:12:37,8048.3,ON,MPPT,42.1,11125.7,476.3,23.36,53.7,44.7574,1.28477,4.023,111.0,,180.772,3936.2113,0,0.2,20.0,0.0,39.773,1.541,16.67,33.12,0.964,2,45.63,10563.5,16.87,37.6,225.0,245.6,20.5,0,0,97,40,42.0,534.3,320.6,0.893,2.2086,2386.4,0.0761,0,0.6781,0.6801,0.7869,0.375,0.873,0.3,57.2,5.53,1
2026-09-05 15:12:53,8064.8,ON,MPPT,42.1,11088.6,476.4,23.28,53.7,44.5062,1.27756,4.014,111.0,,180.785,3936.4228,0,0.2,20.0,0.0,39.945,1.55,15.54,33.58,0.962,2,46.17,10605.6,17.05,37.71,221.9,245.6,23.7,0,0,97,40,42.0,534.3,320.6,0.8918,2.2596,2396.7,0.0761,0,0.6781,0.6801,0.7869,0.375,0.873,0.3,57.2,5.53,1
2026-09-05 15:13:09,8081.3,ON,MPPT,42.1,10993.4,477.9,23.0,53.6,44.8876,1.28851,4.083,111.0,,180.763,3936.6215,0,0.2,20.3,0.0,41.026,1.52,16.13,30.47,0.966,2,42.05,10458.8,16.75,36.44,244.0,246.4,2.4,1,0,97,40,42.0,534.3,320.6,0.8961,2.3106,2461.6,0.0761,0,0.6781,0.6801,0.7869,0.375,0.873,0.3,57.2,5.53,1
2026-09-05 15:13:26,8097.8,ON,MPPT,41.9,10970.7,477.7,22.96,53.6,44.5576,1.27904,4.061,111.0,,180.759,3936.8324,0,0.2,20.6,0.0,41.136,1.511,16.22,30.24,0.967,2,41.78,10407.9,16.9,36.45,253.5,246.3,-7.2,1,0,97,40,42.0,534.3,320.6,0.8959,2.36,2468.1,0.0761,0,0.6781,0.6801,0.7869,0.375,0.873,0.3,57.2,5.53,1
2026-09-05 15:13:42,8114.3,ON,MPPT,42.3,11163.8,473.6,23.57,53.6,44.4019,1.27457,3.977,111.0,,180.761,3937.0306,0,0.2,19.2,0.0,40.67,1.574,17.71,31.21,0.956,2,42.66,10650.0,16.71,38.79,252.8,244.2,-8.6,1,0,97,40,42.0,534.3,320.6,0.8864,2.4108,2440.2,0.0761,0,0.6781,0.6801,0.7869,0.375,0.873,0.3,57.2,5.53,1
2026-09-05 15:13:59,8130.7,ON,MPPT,41.5,10554.7,483.5,21.83,53.5,44.232,1.26969,4.191,111.0,,180.764,3937.24,0,0.2,22.3,0.0,39.495,1.458,15.45,31.24,0.971,2,43.37,10036.5,17.05,33.62,224.3,249.3,24.9,0,0,97,40,42.0,534.3,320.6,0.9041,2.4599,2369.7,0.0761,0,0.6781,0.6801,0.7869,0.375,0.873,0.3,57.2,5.53,1
2026-09-05 15:14:15,8147.2,ON,MPPT,41.3,10564.8,482.9,21.88,53.4,44.0571,1.26467,4.17,111.0,,180.763,3937.4354,0,0.2,22.6,0.0,39.159,1.444,17.73,30.89,0.972,2,42.91,9983.3,17.05,32.9,240.4,249.0,8.6,0,0,97,40,42.0,534.3,320.6,0.9053,2.5099,2349.5,0.0761,0,0.6781,0.6801,0.7869,0.375,0.873,0.3,57.2,5.53,1
2026-09-05 15:14:32,8163.7,ON,MPPT,41.7,11011.1,476.6,23.1,53.7,43.3666,1.24485,3.938,111.0,,180.768,3937.6271,0,0.2,20.8,0.0,39.816,1.522,16.46,32.67,0.967,2,45.15,10460.4,17.05,36.2,226.0,245.7,19.7,0,0,97,40,42.0,534.3,320.6,0.8946,2.5601,2388.9,0.0761,0,0.6781,0.6801,0.7869,0.375,0.873,0.3,57.2,5.53,1
2026-09-05 15:14:48,8180.2,ON,MPPT,41.7,10896.6,476.9,22.85,53.6,44.0388,1.26415,4.042,111.0,,180.772,3937.8344,0,0.2,20.9,0.0,40.181,1.515,17.26,31.6,0.967,2,43.65,10379.1,16.87,36.61,240.3,245.9,5.6,0,0,97,40,42.0,534.3,320.6,0.8929,2.6093,2410.8,0.0761,0,0.6781,0.6801,0.7869,0.375,0.873,0.3,57.2,5.53,1
2026-09-05 15:15:05,8196.7,ON,MPPT,41.9,11022.0,474.2,23.24,53.5,43.784,1.25683,3.972,111.0,,180.764,3938.0301,0,0.2,20.0,0.0,39.653,1.536,16.57,32.16,0.963,2,44.25,10482.6,17.05,37.3,239.4,244.5,5.1,0,0,97,40,42.0,534.3,320.6,0.8883,2.6595,2379.2,0.0761,0,0.6781,0.6801,0.7869,0.375,0.873,0.3,57.2,5.53,1
2026-09-05 15:15:21,8213.2,ON,MPPT,42.3,11105.3,473.9,23.43,53.5,43.5824,1.25104,3.924,111.0,,180.763,3938.2362,0,0.2,19.2,0.0,41.93,1.581,15.71,30.22,0.956,2,41.28,10633.7,16.41,38.91,257.5,244.3,-13.2,1,0,97,40,42.0,534.3,320.6,0.8842,2.7096,2515.8,0.0761,0,0.6781,0.6801,0.7869,0.375,0.873,0.3,57.2,5.53,1
2026-09-05 15:15:38,8229.6,ON,MPPT,41.9,10957.3,477.4,22.95,53.6,44.2437,1.27003,4.038,111.0,,180.783,3938.4313,0,0.2,20.6,0.0,40.607,1.513,16.13,32.26,0.966,2,44.55,10430.6,16.74,36.32,225.1,246.1,21.1,0,0,97,40,42.0,534.3,320.6,0.8942,2.7588,2436.4,0.0761,0,0.6781,0.6801,0.7869,0.375,0.873,0.3,57.2,5.53,1
2026-09-05 15:15:54,8246.2,ON,MPPT,42.1,10884.6,477.8,22.78,53.5,44.04,1.26418,4.046,111.0,,180.768,3938.6397,0,0.2,20.2,0.0,40.963,1.52,14.65,31.59,0.965,2,43.59,10353.7,17.05,36.74,235.1,246.3,11.3,0,0,97,40,42.0,534.3,320.6,0.8932,2.8088,2457.8,0.0761,0,0.6781,0.6801,0.7869,0.375,0.873,0.3,57.2,5.53,1
2026-09-05 15:16:11,8262.6,ON,MPPT,41.7,10821.3,478.1,22.63,53.5,44.2481,1.27015,4.089,111.0,,180.765,3938.8355,0,0.2,21.1,0.0,40.21,1.495,16.09,32.31,0.968,2,44.69,10285.2,16.94,35.64,220.8,246.5,25.7,0,0,97,40,42.0,534.3,320.6,0.8952,2.8591,2412.6,0.0761,0,0.6781,0.6801,0.7869,0.375,0.873,0.3,57.2,5.53,1
2026-09-05 15:16:27,8279.1,ON,MPPT,41.7,10780.3,478.9,22.51,53.5,44.013,1.26341,4.083,111.0,,180.763,3939.0436,0,0.2,21.2,0.0,40.321,1.492,17.23,31.75,0.968,2,43.94,10258.6,17.05,35.85,233.6,246.9,13.3,0,0,97,40,42.0,534.3,320.6,0.8958,2.9079,2419.3,0.0761,0,0.6781,0.6801,0.7869,0.375,0.873,0.3,57.2,5.53,1
2026-09-05 15:16:44,8295.5,ON,MPPT,41.7,10713.1,480.2,22.31,53.4,44.0858,1.2655,4.115,111.0,,180.763,3939.2392,0,0.2,21.4,0.0,39.624,1.486,16.55,31.84,0.969,2,44.11,10190.1,17.05,35.53,231.3,247.6,16.3,0,0,97,40,42.0,534.3,320.6,0.8966,2.958,2377.5,0.0761,0,0.6781,0.6801,0.7869,0.375,0.873,0.3,57.2,5.53,1
2026-09-05 15:17:00,8312.1,ON,MPPT,41.9,11066.5,475.0,23.3,53.5,44.2035,1.26887,3.994,111.0,,180.771,3939.4477,0,0.2,20.2,0.0,40.184,1.538,18.76,31.3,0.964,2,43.12,10519.0,17.05,37.13,261.4,244.9,-16.5,1,0,97,40,42.0,534.3,320.6,0.8898,3.0071,2411.0,0.0761,0,0.6781,0.6801,0.7869,0.375,0.873,0.3,57.2,5.53,1
2026-09-05 15:17:17,8328.6,ON,MPPT,41.9,10879.2,478.2,22.75,53.6,43.9331,1.26111,4.038,111.0,,180.763,3939.6437,0,0.2,20.7,0.0,40.131,1.513,17.92,31.25,0.967,2,43.18,10354.3,16.77,36.83,241.7,246.5,4.8,1,0,97,40,42.0,534.3,320.6,0.8937,3.0576,2407.9,0.0761,0,0.6781,0.6801,0.7869,0.375,0.873,0.3,57.2,5.53,1
2026-09-05 15:17:33,8345.0,ON,MPPT,41.9,11060.2,474.6,23.31,53.6,43.63,1.25241,3.945,111.0,97.63,,3939.8507,0,0.2,20.1,0.0,41.191,1.538,15.82,30.73,0.964,2,42.35,10519.7,16.62,36.91,244.1,244.7,0.6,1,0,97,40,42.0,534.3,320.6,0.8919,3.1079,2471.5,0.0761,0,0.6781,0.6801,0.7869,0.375,0.873,0.3,57.2,5.53,1
2026-09-05 15:17:50,8361.5,ON,MPPT,42.1,11194.1,472.4,23.7,53.6,43.5738,1.2508,3.893,111.0,97.63,,3940.0446,0,0.2,19.3,0.0,39.664,1.575,16.65,34.04,0.959,2,46.65,10663.6,16.88,38.79,224.0,243.6,19.6,0,0,97,40,42.0,534.3,320.6,0.8858,3.1569,2379.8,0.0761,0,0.6781,0.6801,0.7869,0.375,0.873,0.3,57.2,5.53,1
2026-09-05 15:18:06,8378.1,ON,MPPT,41.7,10806.8,479.4,22.54,53.6,43.7463,1.25575,4.048,111.0,,180.761,3940.2514,0,0.2,21.3,0.0,39.51,1.503,15.9,32.31,0.969,2,44.73,10289.5,16.95,35.85,224.8,247.2,22.3,0,0,97,40,42.0,534.3,320.6,0.8955,3.2073,2370.6,0.0761,0,0.6781,0.6801,0.7869,0.375,0.873,0.3,57.2,5.53,1
2026-09-05 15:18:23,8394.5,ON,MPPT,42.1,10913.5,477.4,22.86,53.5,43.772,1.25649,4.011,111.0,,180.764,3940.4455,0,0.2,20.2,0.0,40.485,1.53,16.89,31.95,0.964,2,44.01,10404.6,16.82,37.59,237.7,246.1,8.4,0,0,97,40,42.0,534.3,320.6,0.8887,3.2574,2429.1,0.0761,0,0.6781,0.6801,0.7869,0.375,0.873,0.3,57.2,5.53,1
2026-09-05 15:18:39,8411.0,ON,MPPT,41.9,10795.4,479.1,22.53,53.6,44.1515,1.26738,4.09,111.0,97.63,,3940.6528,0,0.2,20.8,0.0,39.877,1.499,15.96,32.13,0.967,2,44.43,10291.6,16.91,36.09,223.2,247.0,23.8,0,0,97,40,42.0,534.3,320.6,0.8955,3.3064,2392.6,0.0761,0,0.6781,0.6801,0.7869,0.375,0.873,0.3,57.2,5.53,1
2026-09-05 15:18:56,8427.4,ON,MPPT,41.9,10825.3,478.5,22.62,53.5,44.1174,1.2664,4.075,111.0,,180.769,3940.8492,0,0.2,20.7,0.0,40.667,1.5,16.49,30.84,0.968,2,42.67,10281.5,16.99,35.87,240.1,246.7,6.6,0,0,97,40,42.0,534.3,320.6,0.8958,3.3565,2440.0,0.0761,0,0.6781,0.6801,0.7869,0.375,0.873,0.3,57.2,5.53,1
2026-09-05 15:19:12,8444.0,ON,MPPT,41.9,10903.0,477.0,22.86,53.5,44.1529,1.26742,4.05,111.0,,180.772,3941.0572,0,0.2,20.5,0.0,40.112,1.513,17.64,31.61,0.966,2,43.64,10378.0,16.74,36.2,235.0,245.9,10.9,0,0,97,40,42.0,534.3,320.6,0.8951,3.4064,2406.7,0.0761,0,0.6781,0.6801,0.7869,0.375,0.873,0.3,57.2,5.53,1
2026-09-05 15:19:29,8460.4,ON,MPPT,41.3,10818.8,477.9,22.64,53.5,43.8011,1.25732,4.049,111.0,,180.771,3941.2527,0,0.2,21.8,0.0,40.184,1.483,18.52,29.86,0.97,2,41.4,10270.4,17.05,34.29,260.1,246.4,-13.7,1,0,97,40,42.0,534.3,320.6,0.8969,3.4551,2411.0,0.0761,0,0.6781,0.6801,0.7869,0.375,0.873,0.3,57.2,5.53,1
2026-09-05 15:19:46,8476.9,ON,MPPT,41.5,10829.8,477.2,22.69,53.4,,,,,,180.774,,0,0.2,21.3,0.0,40.029,1.498,17.11,31.05,0.969,2,42.99,10285.5,16.96,35.41,243.0,246.1,3.0,1,0,97,40,42.0,534.3,320.6,0.8945,3.5062,2401.7,0.0761,0,0.6781,0.6801,0.7869,0.375,0.873,0.3,57.2,5.53,1
2026-09-05 15:20:02,8493.9,ON,MPPT,41.5,10674.7,479.0,22.28,53.4,43.3585,1.24462,4.062,111.0,,180.785,3941.663,0,0.2,21.6,0.0,39.361,1.484,17.42,31.32,0.97,2,43.41,10176.1,17.05,34.92,241.2,247.0,5.8,0,0,97,40,42.0,534.3,320.6,0.8948,3.5559,2361.7,0.0761,0,0.6781,0.6801,0.7869,0.375,0.873,0.3,57.2,5.53,1
2026-09-05 15:20:19,8510.5,ON,MPPT,41.5,10626.1,480.7,22.11,53.3,43.1165,1.23767,4.058,111.0,,180.776,3941.8557,0,0.2,21.9,0.0,39.616,1.482,15.25,32.09,0.97,2,44.5,10125.7,17.05,34.86,225.3,247.8,22.5,0,0,97,40,42.0,534.3,320.6,0.8982,3.6039,2377.0,0.0761,0,0.6781,0.6801,0.7869,0.375,0.873,0.3,57.2,5.53,1
2026-09-05 15:20:35,8526.9,ON,MPPT,41.7,10664.7,478.9,22.27,53.3,43.3945,1.24565,4.069,111.0,,180.768,3942.0604,0,0.2,21.2,0.0,39.375,1.481,16.81,31.47,0.968,2,43.55,10171.3,16.84,35.16,232.9,246.9,14.0,0,0,97,40,42.0,534.3,320.6,0.8954,3.6535,2362.5,0.0761,0,0.6781,0.6801,0.7869,0.375,0.873,0.3,57.2,5.53,1
2026-09-05 15:20:52,8543.4,ON,MPPT,41.7,10892.7,476.3,22.87,53.2,43.3729,1.24503,3.982,111.0,,180.768,3942.2535,0,0.2,20.8,0.0,40.504,1.506,15.39,30.98,0.966,2,42.79,10349.3,17.05,35.81,238.3,245.5,7.2,0,0,97,40,42.0,534.3,320.6,0.8955,3.7029,2430.3,0.0761,0,0.6781,0.6801,0.7869,0.375,0.873,0.3,57.2,5.53,1
2026-09-05 15:21:08,8559.9,ON,MPPT,41.7,10711.1,479.7,22.33,53.1,43.1769,1.23941,4.031,111.0,97.63,,3942.4581,0,0.2,21.3,0.0,40.908,1.476,18.39,29.35,0.97,2,39.87,10180.6,16.98,34.39,263.9,247.3,-16.6,1,0,97,40,42.0,534.3,320.6,0.898,3.7512,2454.5,0.0761,0,0.6781,0.6801,0.7869,0.375,0.873,0.3,57.2,5.53,1
2026-09-05 15:21:25,8576.4,ON,MPPT,41.5,10785.8,478.1,22.56,53.2,43.6376,1.25263,4.046,111.0,,180.769,3942.6518,0,0.2,21.4,0.0,40.666,1.479,17.34,29.88,0.969,2,41.39,10234.2,16.9,34.56,247.9,246.5,-1.4,1,0,97,40,42.0,534.3,320.6,0.8973,3.8008,2440.0,0.0761,0,0.6781,0.6801,0.7869,0.375,0.873,0.3,57.2,5.53,1
2026-09-05 15:21:41,8592.9,ON,MPPT,41.9,10757.9,478.4,22.49,53.2,43.7086,1.25467,4.063,111.0,97.63,,3942.8583,0,0.2,20.7,0.0,40.128,1.501,18.29,30.29,0.967,2,41.85,10268.6,17.04,36.03,265.7,246.6,-19.0,1,0,97,40,42.0,534.3,320.6,0.8932,3.8502,2407.7,0.0761,0,0.6781,0.6801,0.7869,0.375,0.873,0.3,57.2,5.53,1
2026-09-05 15:21:58,8609.4,ON,MPPT,41.9,10876.8,476.2,22.84,53.1,44.0305,1.26391,4.048,111.0,,180.773,3943.0541,0,0.2,20.4,0.0,39.56,1.514,16.11,32.34,0.964,2,44.58,10347.8,16.79,37.32,232.6,245.5,13.0,0,0,97,40,42.0,534.3,320.6,0.8913,3.8987,2373.6,0.0761,0,0.6781,0.6801,0.7869,0.375,0.873,0.3,57.2,5.53,1
2026-09-05 15:22:14,8625.9,ON,MPPT,41.3,10569.6,481.3,21.96,53.1,43.6108,1.25186,4.126,111.0,,180.773,3943.2614,0,0.2,22.3,0.0,40.654,1.468,17.47,28.48,0.972,2,39.55,10099.3,17.05,33.74,266.1,248.1,-18.0,1,0,97,40,42.0,534.3,320.6,0.8995,3.9483,2439.2,0.0761,0,0.6781,0.6801,0.7869,0.375,0.873,0.3,57.2,5.53,1
2026-09-05 15:22:31,8642.4,ON,MPPT,41.3,10685.9,479.0,22.31,53.1,42.7823,1.22808,4.004,111.0,,180.772,3943.4529,0,0.2,22.0,0.0,39.738,1.472,16.47,31.3,0.971,2,43.43,10128.9,16.9,34.17,226.6,247.0,20.4,0,0,97,40,42.0,534.3,320.6,0.8983,3.9975,2384.3,0.0761,0,0.6781,0.6801,0.7869,0.375,0.873,0.3,57.2,5.53,1
2026-09-05 15:22:47,8658.9,ON,MPPT,41.3,10532.3,481.3,21.88,53.0,42.6398,1.22399,4.048,111.0,,180.772,3943.6546,0,0.2,22.3,0.0,39.883,1.463,16.75,30.43,0.971,2,42.24,10017.6,16.81,33.9,233.9,248.2,14.2,0,0,97,40,42.0,534.3,320.6,0.9003,4.0452,2393.0,0.0761,0,0.6781,0.6801,0.7869,0.375,0.873,0.3,57.2,5.53,1
2026-09-05 15:23:03,8675.3,ON,MPPT,41.5,10732.4,477.1,22.5,52.9,42.5466,1.22131,3.964,111.0,,180.774,3943.844,0,0.2,21.3,0.0,39.716,1.489,15.59,32.13,0.968,2,44.43,10215.8,17.01,35.28,223.3,246.0,22.7,0,0,97,40,42.0,534.3,320.6,0.8951,4.0942,2383.0,0.0761,0,0.6781,0.6801,0.7869,0.375,0.873,0.3,57.2,5.53,1
2026-09-05 15:23:20,8691.8,ON,MPPT,41.5,10496.3,480.2,21.86,52.9,42.9798,1.23375,4.095,111.0,,180.774,3944.0339,0,0.2,21.8,0.0,39.671,1.456,17.46,30.56,0.97,2,42.39,9997.2,17.05,34.17,244.6,247.6,3.0,1,0,97,40,42.0,534.3,320.6,0.8974,4.1417,2380.2,0.0761,0,0.6781,0.6801,0.7869,0.375,0.873,0.3,57.2,5.53,1
2026-09-05 15:23:36,8708.3,ON,MPPT,41.1,10429.2,480.8,21.69,52.8,42.4315,1.21801,4.069,111.0,,180.781,3944.236,0,0.2,22.6,0.0,39.815,1.444,15.48,30.03,0.972,2,41.7,9915.6,17.05,33.34,234.6,247.9,13.3,0,0,97,40,42.0,534.3,320.6,0.9007,4.1902,2388.9,0.0761,0,0.6781,0.6801,0.7869,0.375,0.873,0.3,57.2,5.53,1
2026-09-05 15:23:53,8724.8,ON,MPPT,40.9,10435.9,480.1,21.73,52.8,42.3454,1.21554,4.058,111.0,,180.781,3944.4241,0,0.2,22.9,0.0,39.737,1.448,17.61,29.61,0.971,2,41.12,9963.7,17.05,32.93,252.1,247.6,-4.6,1,0,97,40,42.0,534.3,320.6,0.9001,4.2387,2384.2,0.0761,0,0.6781,0.6801,0.7869,0.375,0.873,0.3,57.2,5.53,1
2026-09-05 15:24:09,8741.3,ON,MPPT,41.3,10392.4,480.8,21.62,52.7,42.229,1.21219,4.063,111.0,97.63,,3944.6232,0,0.2,22.2,0.0,39.277,1.436,16.31,29.13,0.971,2,40.44,9868.7,16.77,33.22,236.7,247.9,11.2,0,0,97,40,42.0,534.3,320.6,0.8989,4.2857,2356.6,0.0761,0,0.6781,0.6801,0.7869,0.375,0.873,0.3,57.2,5.53,1
2026-09-05 15:24:26,8757.7,ON,MPPT,41.3,10413.9,479.9,21.7,52.7,42.9039,1.23157,4.12,111.0,97.64,,3944.8123,0,0.2,22.1,0.0,40.096,1.435,17.42,29.91,0.971,2,41.53,9876.6,16.97,32.73,228.7,247.4,18.7,0,0,97,40,42.0,534.3,320.6,0.8985,4.3341,2405.7,0.0761,0,0.6781,0.6801,0.7869,0.375,0.873,0.3,57.2,5.53,1
2026-09-05 15:24:42,8774.3,ON,MPPT,41.5,10616.5,476.0,22.3,52.5,42.6796,1.22513,4.02,111.0,,180.775,3945.0141,0,0.2,21.1,0.0,40.25,1.475,18.03,30.38,0.967,2,41.99,10079.5,17.05,35.34,253.5,245.4,-8.1,1,0,97,40,42.0,534.3,320.6,0.8914,4.3823,2415.0,0.0761,0,0.6781,0.6801,0.7869,0.375,0.873,0.3,57.2,5.53,1
2026-09-05 15:24:59,8790.7,ON,MPPT,41.1,10271.6,481.5,21.33,52.5,42.5168,1.22046,4.139,111.0,97.63,,3945.2041,0,0.2,22.8,0.0,39.08,1.42,16.51,29.57,0.972,2,41.06,9762.2,17.05,32.28,235.3,248.3,12.9,0,0,97,40,42.0,534.3,320.6,0.9006,4.4292,2344.8,0.0761,0,0.6781,0.6801,0.7869,0.375,0.873,0.3,57.2,5.53,1
2026-09-05 15:25:15,8807.2,ON,MPPT,41.1,10370.8,479.7,21.62,52.4,42.2908,1.21397,4.078,111.0,,180.787,3945.4049,0,0.2,22.4,0.0,39.852,1.45,17.62,30.19,0.971,2,41.91,9857.5,17.01,33.7,247.2,247.3,0.1,1,0,97,40,42.0,534.3,320.6,0.8956,4.4771,2391.1,0.0761,0,0.6781,0.6801,0.7869,0.375,0.873,0.3,57.2,5.53,1
2026-09-05 15:25:32,8823.7,ON,MPPT,41.1,10337.1,480.0,21.54,52.3,41.8787,1.20214,4.051,111.0,97.63,,3945.5913,0,0.2,22.5,0.0,39.36,1.421,15.8,29.74,0.972,2,41.29,9792.9,17.05,32.25,234.0,247.5,13.5,0,0,97,40,42.0,534.3,320.6,0.9011,4.5249,2361.6,0.0761,0,0.6781,0.6801,0.7869,0.375,0.873,0.3,57.2,5.53,1
2026-09-05 15:25:48,8840.2,ON,MPPT,40.9,10154.8,482.3,21.05,52.3,42.0268,1.20639,4.139,111.0,,180.787,3945.7896,0,0.2,23.3,0.0,38.633,1.402,15.85,30.14,0.972,2,41.89,9661.2,17.05,31.61,222.3,248.7,26.4,0,0,97,40,42.0,534.3,320.6,0.9023,4.5716,2318.0,0.0761,0,0.6781,0.6801,0.7869,0.375,0.873,0.3,57.2,5.53,1
2026-09-05 15:26:05,8856.7,ON,MPPT,40.9,10330.8,479.3,21.55,52.2,42.1068,1.20869,4.076,111.0,97.64,,3945.9763,0,0.2,22.8,0.0,39.354,1.431,16.97,29.76,0.972,2,41.34,9821.3,16.83,32.69,234.0,247.1,13.1,0,0,97,40,42.0,534.3,320.6,0.8981,4.6196,2361.2,0.0761,0,0.6781,0.6801,0.7869,0.375,0.873,0.3,57.2,5.53,1
2026-09-05 15:26:21,8873.1,ON,MPPT,40.9,10216.4,480.6,21.26,52.1,42.0911,1.20824,4.12,111.0,97.64,,3946.1752,0,0.2,23.0,0.0,39.429,1.415,17.7,30.16,0.972,2,41.9,9699.0,16.92,32.35,226.6,247.8,21.2,0,0,97,40,42.0,534.3,320.6,0.8979,4.667,2365.8,0.0761,0,0.6781,0.6801,0.7869,0.375,0.873,0.3,57.2,5.53,1
2026-09-05 15:26:38,8889.6,ON,MPPT,41.1,10213.8,480.0,21.28,52.0,42.203,1.21145,4.132,111.0,,180.78,3946.3631,0,0.2,22.5,0.0,40.019,1.419,19.23,28.7,0.972,2,39.87,9705.1,17.05,32.56,262.0,247.5,-14.6,1,0,97,40,42.0,534.3,320.6,0.8973,4.713,2401.2,0.0761,0,0.6781,0.6801,0.7869,0.375,0.873,0.3,57.2,5.53,1
2026-09-05 15:26:54,8906.1,ON,MPPT,40.7,10123.1,480.9,21.05,51.9,42.1463,1.20982,4.163,111.0,,180.78,3946.5617,0,0.2,23.4,0.0,39.356,1.4,16.07,29.08,0.972,2,40.4,9659.8,17.05,31.43,236.0,247.9,11.9,0,0,97,40,42.0,534.3,320.6,0.9006,4.7603,2361.4,0.0761,0,0.6781,0.6801,0.7869,0.375,0.873,0.3,57.2,5.53,1
2026-09-05 15:27:11,8922.6,ON,MPPT,41.1,10309.1,477.4,21.6,51.8,41.5722,1.19334,4.033,111.0,,180.78,3946.7478,0,0.2,22.1,0.0,40.288,1.422,17.97,27.54,0.971,2,38.21,9785.1,16.95,32.63,266.6,246.1,-20.5,1,0,97,40,42.0,534.3,320.6,0.8944,4.8061,2417.3,0.0761,0,0.6781,0.6801,0.7869,0.375,0.873,0.3,57.2,5.53,1
2026-09-05 15:27:27,8939.1,ON,MPPT,40.9,10276.8,477.5,21.52,51.7,41.8054,1.20004,4.068,111.0,,180.792,3946.9446,0,0.2,22.5,0.0,39.591,1.413,18.22,28.26,0.971,2,39.23,9743.1,17.05,32.64,264.1,246.2,-17.9,1,0,97,40,42.0,534.3,320.6,0.8957,4.8532,2375.4,0.0761,0,0.6781,0.6801,0.7869,0.375,0.873,0.3,57.2,5.53,1
2026-09-05 15:27:44,8955.5,ON,MPPT,40.5,10159.2,479.2,21.2,51.7,41.099,1.17976,4.045,111.0,,180.783,3947.1299,0,0.2,23.5,0.0,38.839,1.403,17.19,28.48,0.972,2,39.57,9636.5,17.05,31.3,247.6,247.0,-0.6,1,0,97,40,42.0,534.3,320.6,0.8989,4.9002,2330.3,0.0761,0,0.6781,0.6801,0.7869,0.375,0.873,0.3,57.2,5.53,1
2026-09-05 15:28:00,8972.0,ON,MPPT,40.9,10175.3,478.3,21.27,51.5,40.9212,1.17465,4.022,111.0,,180.785,3947.3229,0,0.2,22.6,0.0,38.934,1.425,16.04,29.64,0.971,2,41.15,9676.4,16.82,33.12,233.4,246.6,13.3,0,0,97,40,42.0,534.3,320.6,0.8931,4.9459,2336.0,0.0761,0,0.6781,0.6801,0.7869,0.375,0.873,0.3,57.2,5.53,1
2026-09-05 15:28:17,8988.5,ON,MPPT,41.1,10278.3,475.9,21.6,51.5,40.8708,1.17321,3.976,111.0,,180.787,3947.5052,0,0.2,21.8,0.0,38.598,1.435,17.67,30.62,0.97,2,42.46,9778.8,17.05,33.65,231.1,245.4,14.2,0,0,97,40,42.0,534.3,320.6,0.8886,4.9926,2315.9,0.0761,0,0.6781,0.6801,0.7869,0.375,0.873,0.3,57.2,5.53,1
2026-09-05 15:28:33,9005.0,ON,MPPT,40.7,10197.1,477.0,21.38,51.4,40.7952,1.17104,4.001,111.0,,180.801,3947.6987,0,0.2,22.8,0.0,39.037,1.415,15.16,30.02,0.972,2,41.69,9669.0,17.05,32.11,221.7,245.9,24.2,0,0,97,40,42.0,534.3,320.6,0.8932,5.0381,2342.2,0.0761,0,0.6781,0.6801,0.7869,0.375,0.873,0.3,57.2,5.53,1
2026-09-05 15:28:50,9021.4,ON,MPPT,40.7,9998.3,479.8,20.84,51.2,41.2428,1.18389,4.125,111.0,,180.789,3947.8807,0,0.2,23.2,0.0,39.999,1.392,16.74,27.34,0.972,2,37.99,9497.8,17.05,31.62,255.0,247.4,-7.6,1,0,97,40,42.0,534.3,320.6,0.8969,5.0845,2399.9,0.0761,0,0.6781,0.6801,0.7869,0.375,0.873,0.3,57.2,5.53,1
2026-09-05 15:29:06,9037.9,ON,MPPT,40.9,10002.2,479.1,20.88,51.1,41.1245,1.18049,4.112,111.0,,180.789,3948.0759,0,0.2,22.7,0.0,39.564,1.392,16.37,29.47,0.972,2,40.94,9470.5,16.92,31.8,230.1,247.0,16.9,0,0,97,40,42.0,534.3,320.6,0.8943,5.1307,2373.9,0.0761,0,0.6781,0.6801,0.7869,0.375,0.873,0.3,57.2,5.53,1
2026-09-05 15:29:23,9054.4,ON,MPPT,40.5,9939.8,479.5,20.73,51.1,40.6872,1.16794,4.093,111.0,,180.785,3948.2581,0,0.2,23.6,0.0,38.112,1.391,16.52,30.86,0.972,2,42.88,9459.9,17.05,31.26,213.8,247.2,33.4,0,0,97,40,42.0,534.3,320.6,0.8965,5.1757,2286.7,0.0761,0,0.6781,0.6801,0.7869,0.375,0.873,0.3,57.2,5.53,1
2026-09-05 15:29:39,9070.9,ON,MPPT,40.5,9930.8,479.1,20.73,51.0,40.598,1.16538,4.088,111.0,97.64,,3948.4381,0,0.2,23.5,0.0,39.863,1.39,16.84,28.36,0.973,2,39.42,9417.6,16.94,31.33,235.7,247.0,11.3,0,0,97,40,42.0,534.3,320.6,0.8959,5.2217,2391.8,0.0761,0,0.6781,0.6801,0.7869,0.375,0.873,0.3,57.2,5.53,1
2026-09-05 15:29:55,9087.3,ON,MPPT,40.9,10050.0,476.5,21.09,50.9,40.6848,1.16787,4.048,111.0,97.65,,3948.6298,0,0.2,22.3,0.0,39.181,1.397,16.3,29.82,0.971,2,41.4,9534.5,16.93,32.34,226.3,245.7,19.3,0,0,97,40,42.0,534.3,320.6,0.8926,5.2678,2350.8,0.0761,0,0.6781,0.6801,0.7869,0.375,0.873,0.3,57.2,5.53,1
2026-09-05 15:30:12,9103.9,ON,MPPT,40.3,9881.7,479.1,20.63,50.8,40.7366,1.16936,4.122,111.0,,180.8,3948.8222,0,0.2,23.9,0.0,39.932,1.363,17.79,27.08,0.973,2,37.65,9353.5,17.05,30.29,256.9,247.0,-10.0,1,0,97,40,42.0,534.3,320.6,0.899,5.3125,2395.9,0.0761,0,0.6781,0.6801,0.7869,0.375,0.873,0.3,57.2,5.53,1
2026-09-05 15:30:28,9120.3,ON,MPPT,40.7,10042.8,475.8,21.1,50.8,40.3344,1.15781,4.016,111.0,,180.785,3949.0029,0,0.2,22.6,0.0,39.648,1.401,18.46,27.79,0.972,2,38.01,9528.6,17.05,31.87,257.1,245.3,-11.8,1,0,97,40,42.0,534.3,320.6,0.8898,5.3581,2378.9,0.0761,0,0.6781,0.6801,0.7869,0.375,0.873,0.3,57.2,5.53,1
2026-09-05 15:30:45,9136.8,ON,MPPT,40.7,10027.5,475.9,21.07,50.7,40.079,1.15048,3.997,111.0,,180.787,3949.1809,0,0.2,22.6,0.0,39.374,1.401,15.03,29.19,0.972,2,40.54,9519.8,17.05,32.07,227.9,245.4,17.5,0,0,97,40,42.0,534.3,320.6,0.8894,5.4025,2362.4,0.0761,0,0.6781,0.6801,0.7869,0.375,0.873,0.3,57.2,5.53,1
2026-09-05 15:31:01,9153.2,ON,MPPT,40.5,9942.5,477.0,20.84,50.7,40.6458,1.16675,4.088,111.0,,180.784,3949.371,0,0.2,23.2,0.0,39.666,1.374,15.02,28.14,0.972,2,39.11,9400.9,17.05,31.14,233.6,245.9,12.3,0,0,97,40,42.0,534.3,320.6,0.8943,5.448,2380.0,0.0761,0,0.6781,0.6801,0.7869,0.375,0.873,0.3,57.2,5.53,1
2026-09-05 15:31:18,9169.8,ON,MPPT,40.1,9843.1,478.5,20.57,50.7,40.3652,1.15869,4.101,111.0,,180.799,3949.5512,0,0.2,24.1,0.0,38.541,1.372,16.8,28.9,0.973,2,40.19,9352.6,17.02,30.41,221.4,246.7,25.3,0,0,97,40,42.0,534.3,320.6,0.8969,5.4937,2312.5,0.0761,0,0.6781,0.6801,0.7869,0.375,0.873,0.3,57.2,5.53,1
2026-09-05 15:31:34,9186.3,ON,MPPT,40.1,9779.0,479.1,20.41,50.6,40.4017,1.15974,4.131,111.0,,180.787,3949.7419,0,0.2,24.3,0.0,38.793,1.37,19.37,27.87,0.973,2,38.76,9299.2,17.05,30.43,254.7,247.0,-7.7,1,0,97,40,42.0,534.3,320.6,0.8953,5.539,2327.6,0.0761,0,0.6781,0.6801,0.7869,0.375,0.873,0.3,57.2,5.53,1
2026-09-05 15:31:51,9202.7,ON,MPPT,40.3,10005.7,474.8,21.08,50.6,40.1069,1.15128,4.008,111.0,,180.764,3949.9208,0,0.2,23.2,0.0,39.013,1.388,16.56,30.0,0.972,2,41.68,9486.2,17.05,31.39,216.9,244.8,27.9,0,0,97,40,42.0,534.3,320.6,0.8916,5.5831,2340.8,0.0761,0,0.6781,0.6801,0.7869,0.375,0.873,0.3,57.2,5.53,1
2026-09-05 15:32:07,9219.2,ON,MPPT,40.3,9811.1,478.1,20.52,50.5,40.056,1.14982,4.083,111.0,97.64,,3950.1103,0,0.2,23.7,0.0,39.5,1.363,17.31,27.56,0.972,2,38.3,9358.5,17.02,30.57,245.3,246.5,1.2,1,0,97,40,42.0,534.3,320.6,0.8959,5.6282,2370.0,0.0761,0,0.6781,0.6801,0.7869,0.375,0.873,0.3,57.2,5.53,1
2026-09-05 15:32:24,9235.7,ON,MPPT,40.3,9699.3,480.1,20.2,50.4,40.1697,1.15308,4.142,111.0,,180.78,3950.2883,0,0.2,24.0,0.0,38.653,1.354,16.86,28.9,0.973,2,40.18,9213.6,17.05,30.07,218.4,247.5,29.1,0,0,97,40,42.0,534.3,320.6,0.8952,5.6732,2319.2,0.0761,0,0.6781,0.6801,0.7869,0.375,0.873,0.3,57.2,5.53,1
2026-09-05 15:32:40,9252.2,ON,MPPT,40.1,9718.1,479.4,20.27,50.4,40.2168,1.15443,4.138,111.0,,180.788,3950.4787,0,0.2,24.3,0.0,38.709,1.345,16.53,27.6,0.973,2,38.38,9229.0,16.88,29.63,232.0,247.2,15.2,0,0,97,40,42.0,534.3,320.6,0.899,5.7171,2322.5,0.0761,0,0.6781,0.6801,0.7869,0.375,0.873,0.3,57.2,5.53,1
2026-09-05 15:32:57,9268.7,ON,MPPT,40.1,9810.8,477.8,20.53,50.4,40.0308,1.14909,4.08,111.0,,180.782,3950.6571,0,0.2,24.0,0.0,38.38,1.371,15.17,28.76,0.973,2,39.98,9329.9,17.05,30.29,226.5,246.3,19.8,0,0,97,40,42.0,534.3,320.6,0.8964,5.7619,2302.8,0.0761,0,0.6781,0.6801,0.7869,0.375,0.873,0.3,57.2,5.53,1
2026-09-05 15:33:13,9285.2,ON,MPPT,40.1,9688.9,479.8,20.19,50.4,39.3822,1.13048,4.065,111.0,,180.781,3950.8446,0,0.2,24.4,0.0,38.024,1.363,14.95,29.39,0.973,2,40.87,9203.6,17.05,30.27,219.6,247.4,27.8,0,0,97,40,42.0,534.3,320.6,0.8958,5.8056,2281.4,0.0761,0,0.6781,0.6801,0.7869,0.375,0.873,0.3,57.2,5.53,1
2026-09-05 15:33:30,9301.7,ON,MPPT,39.9,9639.0,480.4,20.07,50.4,39.6176,1.13723,4.11,111.0,,180.786,3951.0195,0,0.2,24.8,0.0,38.196,1.347,16.1,28.87,0.973,2,40.16,9156.0,17.05,29.66,224.1,247.7,23.5,0,0,97,40,42.0,534.3,320.6,0.8996,5.8504,2291.8,0.0761,0,0.6781,0.6801,0.7869,0.375,0.873,0.3,57.2,5.53,1
2026-09-05 15:33:46,9318.2,ON,MPPT,40.3,9742.4,478.5,20.36,50.4,39.5448,1.13514,4.059,111.0,,180.789,3951.2063,0,0.2,23.8,0.0,38.851,1.361,15.12,29.17,0.973,2,40.57,9216.7,17.05,30.37,221.4,246.7,25.3,0,0,97,40,42.0,534.3,320.6,0.8937,5.8951,2331.1,0.0761,0,0.6781,0.6801,0.7869,0.375,0.873,0.3,57.2,5.53,1
2026-09-05 15:34:03,9334.6,ON,MPPT,40.3,9827.9,476.6,20.62,50.3,39.2787,1.12751,3.997,111.0,,180.777,3951.3823,0,0.2,23.5,0.0,38.819,1.366,17.78,27.18,0.972,2,37.77,9332.3,16.98,30.5,252.4,245.7,-6.7,1,0,97,40,42.0,534.3,320.6,0.8929,5.9387,2329.2,0.0761,0,0.6781,0.6801,0.7869,0.375,0.873,0.3,57.2,5.53,1
2026-09-05 15:34:19,9351.1,ON,MPPT,40.1,9643.9,479.6,20.11,50.4,39.2768,1.12745,4.073,111.0,97.64,,3951.5677,0,0.2,24.3,0.0,38.744,1.35,16.21,27.43,0.973,2,38.15,9154.3,17.02,29.79,243.6,247.3,3.6,1,0,97,40,42.0,534.3,320.6,0.8968,5.9832,2324.6,0.0761,0,0.6781,0.6801,0.7869,0.375,0.873,0.3,57.2,5.53,1
2026-09-05 15:34:36,9367.6,ON,MPPT,40.1,9576.7,480.5,19.93,50.3,39.1421,1.12358,4.087,111.0,,180.784,3951.742,0,0.2,24.5,0.0,40.383,1.333,17.93,26.28,0.974,2,36.57,9086.5,16.99,29.01,245.8,247.7,2.0,1,0,97,40,42.0,534.3,320.6,0.898,6.0276,2423.0,0.0761,0,0.6781,0.6801,0.7869,0.375,0.873,0.3,57.2,5.53,1
2026-09-05 15:34:52,9384.1,ON,MPPT,40.1,9571.5,480.5,19.92,50.3,39.8893,1.14503,4.168,111.0,97.62,,3951.928,0,0.2,24.5,0.0,38.966,1.341,15.2,28.41,0.973,2,39.52,9079.7,17.05,29.45,220.4,247.7,27.3,0,0,97,40,42.0,534.3,320.6,0.898,6.0709,2338.0,0.0761,0,0.6781,0.6801,0.7869,0.375,0.873,0.3,57.2,5.53,1
2026-09-05 15:35:09,9400.6,ON,MPPT,39.9,9590.5,480.1,19.98,50.3,39.8897,1.14504,4.159,111.0,,180.785,3952.1056,0,0.2,24.8,0.0,39.189,1.329,17.92,26.31,0.973,2,36.6,9093.3,17.05,28.62,249.9,247.5,-2.4,1,0,97,40,42.0,534.3,320.6,0.9002,6.1152,2351.4,0.0761,0,0.6781,0.6801,0.7869,0.375,0.873,0.3,57.2,5.53,1
2026-09-05 15:35:25,9417.1,ON,MPPT,40.3,9593.9,479.5,20.01,50.2,39.7584,1.14127,4.144,111.0,97.64,,3952.2933,0,0.2,23.9,0.0,39.219,1.346,15.44,28.03,0.973,2,38.99,9108.7,17.05,30.0,228.7,247.2,18.5,0,0,97,40,42.0,534.3,320.6,0.896,6.1594,2353.2,0.0761,0,0.6781,0.6801,0.7869,0.375,0.873,0.3,57.2,5.53,1
2026-09-05 15:35:42,9433.6,ON,MPPT,39.9,9583.5,479.6,19.98,50.2,39.2906,1.12785,4.1,111.0,,180.787,3952.469,0,0.2,24.7,0.0,38.098,1.337,18.94,27.19,0.973,2,37.82,9080.2,17.05,29.1,252.4,247.3,-5.1,1,0,97,40,42.0,534.3,320.6,0.8986,6.2025,2285.9,0.0761,0,0.6781,0.6801,0.7869,0.375,0.873,0.3,57.2,5.53,1
2026-09-05 15:35:58,9450.1,ON,MPPT,40.1,9589.5,478.9,20.02,50.2,38.762,1.11267,4.042,111.0,97.64,,3952.653,0,0.2,24.2,0.0,38.332,1.35,16.84,27.25,0.973,2,37.9,9119.4,16.91,30.29,246.6,246.9,0.3,1,0,97,40,42.0,534.3,320.6,0.8947,6.2466,2299.9,0.0761,0,0.6781,0.6801,0.7869,0.375,0.873,0.3,57.2,5.53,1
2026-09-05 15:36:15,9466.5,ON,MPPT,40.1,9571.1,479.1,19.98,50.2,38.9384,1.11774,4.068,111.0,,180.794,3952.8257,0,0.2,24.2,0.0,40.205,1.348,16.26,26.24,0.973,2,36.51,9101.1,17.04,29.8,253.1,247.0,-6.1,1,0,97,40,42.0,534.3,320.6,0.8945,6.2904,2412.3,0.0761,0,0.6781,0.6801,0.7869,0.375,0.873,0.3,57.2,5.53,1
2026-09-05 15:36:31,9483.0,ON,MPPT,40.1,9602.9,478.6,20.06,50.0,39.1982,1.12519,4.082,111.0,,180.781,3953.0099,0,0.2,24.2,0.0,38.613,1.332,17.81,26.13,0.973,2,36.34,9108.4,17.05,29.06,254.5,246.8,-7.7,1,0,97,40,42.0,534.3,320.6,0.8965,6.3332,2316.8,0.0761,0,0.6781,0.6801,0.7869,0.375,0.873,0.3,57.2,5.53,1
2026-09-05 15:36:48,9499.5,ON,MPPT,39.9,9709.8,476.2,20.39,50.1,39.0542,1.12106,4.022,111.0,,180.783,3953.1839,0,0.2,24.2,0.0,38.561,1.358,15.47,29.52,0.973,2,41.04,9242.8,17.05,30.3,217.0,245.5,28.6,0,0,97,40,42.0,534.3,320.6,0.8935,6.3771,2313.6,0.0761,0,0.6781,0.6801,0.7869,0.375,0.873,0.3,57.2,5.53,1
2026-09-05 15:37:04,9516.0,ON,MPPT,39.5,9423.3,481.3,19.58,50.0,39.0726,1.12159,4.146,111.0,,180.777,3953.3687,0,0.2,25.7,0.0,37.854,1.311,15.8,27.33,0.974,2,38.03,8913.1,17.05,27.55,219.4,248.1,28.7,0,0,97,40,42.0,534.3,320.6,0.9027,6.421,2271.3,0.0761,0,0.6781,0.6801,0.7869,0.375,0.873,0.3,57.2,5.53,1
2026-09-05 15:37:21,9532.4,ON,MPPT,39.9,9572.1,478.2,20.02,50.0,38.5684,1.10712,4.029,111.0,,180.801,3953.5408,0,0.2,24.5,0.0,38.301,1.32,18.06,28.6,0.973,2,39.79,9045.4,17.05,28.66,222.0,246.5,24.5,0,0,97,40,42.0,534.3,320.6,0.8981,6.4637,2298.1,0.0761,0,0.6781,0.6801,0.7869,0.375,0.873,0.3,57.2,5.53,1
2026-09-05 15:37:37,9548.9,ON,MPPT,39.9,9421.1,480.7,19.6,49.9,38.914,1.11704,4.131,111.0,97.63,,3953.7241,0,0.2,24.9,0.0,38.586,1.322,16.79,28.01,0.973,2,38.97,8945.4,17.05,28.93,224.2,247.8,23.7,0,0,97,40,42.0,534.3,320.6,0.8964,6.507,2315.1,0.0761,0,0.6781,0.6801,0.7869,0.375,0.873,0.3,57.2,5.53,1
2026-09-05 15:37:54,9565.4,ON,MPPT,40.1,9451.6,479.9,19.7,49.9,39.2392,1.12637,4.152,111.0,,180.776,3953.8981,0,0.2,24.4,0.0,39.009,1.329,18.33,26.74,0.973,2,37.2,8986.0,17.05,29.33,252.8,247.4,-5.4,1,0,97,40,42.0,534.3,320.6,0.8959,6.5494,2340.5,0.0761,0,0.6781,0.6801,0.7869,0.375,0.873,0.3,57.2,5.53,1
2026-09-05 15:38:10,9581.9,ON,MPPT,39.7,9361.9,481.3,19.45,49.9,38.768,1.11284,4.141,111.0,,180.784,3954.0822,0,0.2,25.3,0.0,39.067,1.311,16.6,26.64,0.974,2,37.07,8888.7,17.05,28.18,239.4,248.2,8.7,0,0,97,40,42.0,534.3,320.6,0.9004,6.5927,2344.0,0.0761,0,0.6781,0.6801,0.7869,0.375,0.873,0.3,57.2,5.53,1
2026-09-05 15:38:27,9598.4,ON,MPPT,39.9,9326.6,481.6,19.37,49.8,38.7087,1.11114,4.15,111.0,97.64,,3954.2543,0,0.2,25.0,0.0,38.348,1.306,18.49,27.38,0.974,2,38.11,8820.7,17.05,28.57,232.7,248.3,15.6,0,0,97,40,42.0,534.3,320.6,0.899,6.6359,2300.9,0.0761,0,0.6781,0.6801,0.7869,0.375,0.873,0.3,57.2,5.53,1
2026-09-05 15:38:43,9614.8,ON,MPPT,39.9,9378.1,480.4,19.52,49.8,38.8367,1.11482,4.141,111.0,,180.792,3954.4268,0,0.2,24.8,0.0,39.272,1.337,15.98,27.87,0.974,2,38.77,8932.8,17.02,29.25,226.5,247.7,21.2,0,0,97,40,42.0,534.3,320.6,0.895,6.678,2356.3,0.0761,0,0.6781,0.6801,0.7869,0.375,0.873,0.3,57.2,5.53,1
2026-09-05 15:39:00,9631.4,ON,MPPT,39.5,9390.2,480.0,19.56,49.9,38.0562,1.09241,4.053,111.0,,180.792,3954.6082,0,0.2,25.5,0.0,37.819,1.308,16.37,27.92,0.974,2,38.85,8906.0,17.05,28.06,217.1,247.5,30.4,0,0,97,40,42.0,534.3,320.6,0.8994,6.7214,2269.2,0.0761,0,0.6781,0.6801,0.7869,0.375,0.873,0.3,57.2,5.53,1
2026-09-05 15:39:16,9647.8,ON,MPPT,39.7,9474.7,477.9,19.82,49.8,38.3799,1.10171,4.051,111.0,,180.788,3954.7783,0,0.2,24.8,0.0,38.229,1.327,18.59,26.09,0.973,2,37.3,8976.1,17.05,28.99,261.9,246.4,-15.4,1,0,97,40,42.0,534.3,320.6,0.8959,6.7645,2293.8,0.0761,0,0.6781,0.6801,0.7869,0.375,0.873,0.3,57.2,5.53,1
2026-09-05 15:39:32,9664.3,ON,MPPT,39.3,9289.6,481.0,19.31,49.8,38.2374,1.09761,4.116,111.0,,180.778,3954.9596,0,0.2,26.0,0.0,37.852,1.289,18.46,25.92,0.974,2,36.07,8775.8,17.05,27.51,247.5,248.0,0.4,1,0,97,40,42.0,534.3,320.6,0.9028,6.8065,2271.1,0.0761,0,0.6781,0.6801,0.7869,0.375,0.873,0.3,57.2,5.53,1
2026-09-05 15:39:49,9680.8,ON,MPPT,39.3,9238.5,481.6,19.18,49.7,38.0351,1.09181,4.117,111.0,97.64,,3955.1292,0,0.2,26.1,0.0,37.949,1.298,17.26,27.38,0.974,2,38.11,8759.8,17.05,27.71,221.8,248.3,26.4,0,0,97,40,42.0,534.3,320.6,0.9018,6.8494,2276.9,0.0761,0,0.6781,0.6801,0.7869,0.375,0.873,0.3,57.2,5.53,1
2026-09-05 15:40:05,9697.3,ON,MPPT,39.5,9196.0,481.8,19.09,49.8,38.0672,1.09273,4.14,111.0,,180.776,3955.3086,0,0.2,25.8,0.0,38.539,1.297,16.35,27.1,0.974,2,37.73,8745.5,17.05,27.86,227.4,248.4,21.0,0,0,97,40,42.0,534.3,320.6,0.9,6.8921,2312.3,0.0761,0,0.6781,0.6801,0.7869,0.375,0.873,0.3,57.2,5.53,1
2026-09-05 15:40:22,9713.8,ON,MPPT,39.5,9205.8,481.3,19.13,49.8,37.8437,1.08631,4.111,111.0,,180.79,3955.4779,0,0.2,25.7,0.0,38.43,1.301,17.12,27.82,0.974,2,38.73,8771.9,17.05,28.07,219.9,248.1,28.3,0,0,97,40,42.0,534.3,320.6,0.8991,6.9337,2305.8,0.0761,0,0.6781,0.6801,0.7869,0.375,0.873,0.3,57.2,5.53,1
2026-09-05 15:40:38,9730.3,ON,MPPT,39.9,9355.2,478.1,19.57,49.6,37.9421,1.08914,4.056,111.0,,180.78,3955.6566,0,0.2,24.5,0.0,38.668,1.311,16.94,26.87,0.973,2,37.38,8869.8,17.05,28.69,244.3,246.5,2.2,1,0,97,40,42.0,534.3,320.6,0.8936,6.9764,2320.1,0.0761,0,0.6781,0.6801,0.7869,0.375,0.873,0.3,57.2,5.53,1
2026-09-05 15:40:55,9746.7,ON,MPPT,39.9,9364.9,477.4,19.62,49.5,38.5002,1.10516,4.111,111.0,,180.777,3955.8265,0,0.2,24.3,0.0,39.188,1.31,18.48,26.13,0.973,2,36.35,8866.8,16.95,28.87,254.8,246.1,-8.7,1,0,97,40,42.0,534.3,320.6,0.8942,7.0187,2351.3,0.0761,0,0.6781,0.6801,0.7869,0.375,0.873,0.3,57.2,5.53,1
2026-09-05 15:41:11,9763.3,ON,MPPT,39.7,9233.8,479.4,19.26,49.5,38.2961,1.0993,4.147,111.0,,180.774,3956.0076,0,0.2,25.0,0.0,39.272,1.298,15.8,26.36,0.974,2,36.69,8762.0,16.99,28.18,235.6,247.2,11.5,0,0,97,40,42.0,534.3,320.6,0.8959,7.06,2356.3,0.0761,0,0.6781,0.6801,0.7869,0.375,0.873,0.3,57.2,5.53,1
2026-09-05 15:41:28,9779.7,ON,MPPT,39.3,9226.1,479.5,19.24,49.6,37.8239,1.08575,4.1,111.0,,180.781,3956.1772,0,0.2,25.8,0.0,37.103,1.291,17.04,28.12,0.974,2,39.14,8746.6,17.05,27.68,216.3,247.2,30.9,0,0,97,40,42.0,534.3,320.6,0.899,7.1023,2226.2,0.0761,0,0.6781,0.6801,0.7869,0.375,0.873,0.3,57.2,5.53,1
2026-09-05 15:41:44,9796.2,ON,MPPT,39.3,9163.4,480.4,19.07,49.5,37.8634,1.08688,4.132,111.0,,180.795,3956.3551,0,0.2,26.0,0.0,37.861,1.283,15.72,26.83,0.974,2,37.34,8670.5,17.05,26.9,219.9,247.7,27.7,0,0,97,40,42.0,534.3,320.6,0.902,7.1445,2271.7,0.0761,0,0.6781,0.6801,0.7869,0.375,0.873,0.3,57.2,5.53,1
2026-09-05 15:42:01,9812.7,ON,MPPT,39.5,9193.2,479.9,19.16,49.5,37.5823,1.07881,4.088,111.0,,180.785,3956.5224,0,0.2,25.5,0.0,37.374,1.3,16.55,27.79,0.973,2,38.67,8729.6,17.05,27.94,219.7,247.4,27.8,0,0,97,40,42.0,534.3,320.6,0.896,7.1857,2242.4,0.0761,0,0.6781,0.6801,0.7869,0.375,0.873,0.3,57.2,5.53,1
2026-09-05 15:42:17,9829.2,ON,MPPT,39.5,9133.9,480.7,19.0,49.4,37.7965,1.08496,4.138,111.0,97.64,,3956.7004,0,0.2,25.6,0.0,38.271,1.291,15.82,27.63,0.974,2,38.46,8660.9,17.05,27.96,223.2,247.8,24.6,0,0,97,40,42.0,534.3,320.6,0.8974,7.2278,2296.2,0.0761,0,0.6781,0.6801,0.7869,0.375,0.873,0.3,57.2,5.53,1
2026-09-05 15:42:34,9845.7,ON,MPPT,39.5,9153.8,480.0,19.07,49.4,37.6991,1.08216,4.118,111.0,,180.79,3956.8678,0,0.2,25.5,0.0,38.845,1.291,16.88,25.65,0.974,2,35.7,8672.0,17.02,27.79,243.8,247.5,3.7,1,0,97,40,42.0,534.3,320.6,0.8948,7.2698,2330.7,0.0761,0,0.6781,0.6801,0.7869,0.375,0.873,0.3,57.2,5.53,1
2026-09-05 15:42:50,9862.2,ON,MPPT,39.3,9247.3,477.9,19.35,49.3,37.5725,1.07853,4.063,111.0,,180.776,3957.0461,0,0.2,25.6,0.0,38.489,1.299,18.13,25.56,0.974,2,35.58,8758.2,16.97,27.94,251.0,246.4,-4.6,1,0,97,40,42.0,534.3,320.6,0.8956,7.3108,2309.3,0.0761,0,0.6781,0.6801,0.7869,0.375,0.873,0.3,57.2,5.53,1
2026-09-05 15:43:07,9878.6,ON,MPPT,38.9,8957.7,482.5,18.56,49.3,37.0622,1.06388,4.137,111.0,,180.794,3957.2115,0,0.2,27.0,0.0,37.558,1.263,17.13,25.29,0.974,2,35.2,8535.5,17.05,26.84,245.3,248.8,3.5,1,0,97,40,42.0,534.3,320.6,0.9023,7.3526,2253.5,0.0761,0,0.6781,0.6801,0.7869,0.375,0.873,0.3,57.2,5.53,1
2026-09-05 15:43:23,9895.2,ON,MPPT,39.3,9097.3,479.8,18.96,49.3,36.9105,1.05953,4.057,111.0,,180.784,3957.3855,0,0.2,25.9,0.0,38.755,1.267,15.84,25.92,0.974,2,36.08,8615.9,17.05,26.85,232.2,247.3,15.1,0,0,97,40,42.0,534.3,320.6,0.902,7.3942,2325.3,0.0761,0,0.6781,0.6801,0.7869,0.375,0.873,0.3,57.2,5.53,1
2026-09-05 15:43:40,9911.6,ON,MPPT,39.1,9147.6,478.4,19.12,49.2,37.4761,1.07576,4.097,111.0,,180.787,3957.5511,0,0.2,26.0,0.0,37.018,1.286,18.15,27.73,0.974,2,38.59,8651.5,17.05,27.52,223.0,246.6,23.6,0,0,97,40,42.0,534.3,320.6,0.8969,7.4348,2221.1,0.0761,0,0.6781,0.6801,0.7869,0.375,0.873,0.3,57.2,5.53,1
2026-09-05 15:43:56,9928.0,ON,MPPT,39.5,9068.0,479.6,18.91,49.2,37.3726,1.07279,4.121,111.0,,180.784,3957.7279,0,0.2,25.5,0.0,38.869,1.278,16.13,25.73,0.974,2,35.81,8599.1,17.03,27.7,239.5,247.3,7.8,0,0,97,40,42.0,534.3,320.6,0.8958,7.4764,2332.1,0.0761,0,0.6781,0.6801,0.7869,0.375,0.873,0.3,57.2,5.53,1
2026-09-05 15:44:13,9944.5,ON,MPPT,39.1,9031.5,480.1,18.81,49.2,37.2537,1.06938,4.125,111.0,,180.776,3957.8939,0,0.2,26.3,0.0,38.016,1.282,17.42,26.1,0.974,2,36.34,8546.5,17.05,27.71,242.3,247.5,5.2,0,0,97,40,42.0,534.3,320.6,0.8974,7.517,2281.0,0.0761,0,0.6781,0.6801,0.7869,0.375,0.873,0.3,57.2,5.53,1
2026-09-05 15:44:29,9961.0,ON,MPPT,39.3,9069.0,479.0,18.93,49.1,36.8896,1.05893,4.068,111.0,,180.787,3958.0681,0,0.2,25.7,0.0,38.771,1.29,18.34,24.36,0.974,2,33.9,8594.6,16.89,27.38,258.1,247.0,-11.2,1,0,97,40,42.0,534.3,320.6,0.8941,7.5584,2326.2,0.0761,0,0.6781,0.6801,0.7869,0.375,0.873,0.3,57.2,5.53,1
2026-09-05 15:44:46,9977.5,ON,MPPT,39.3,8998.3,480.2,18.74,49.1,37.1609,1.06671,4.13,111.0,,180.772,3958.2327,0,0.2,25.9,0.0,38.436,1.266,17.7,26.24,0.974,2,36.54,8480.1,17.0,27.04,229.8,247.6,17.8,0,0,97,40,42.0,534.3,320.6,0.897,7.5996,2306.1,0.0761,0,0.6781,0.6801,0.7869,0.375,0.873,0.3,57.2,5.53,1
2026-09-05 15:45:02,9994.0,ON,MPPT,38.9,8850.2,482.5,18.34,49.1,36.8923,1.059,4.169,111.0,,180.785,3958.4077,0,0.2,27.0,0.0,37.96,1.247,17.59,26.83,0.974,2,37.37,8387.9,17.05,26.28,213.8,248.8,34.9,0,0,97,40,42.0,534.3,320.6,0.9026,7.6398,2277.6,0.0761,0,0.6781,0.6801,0.7869,0.375,0.873,0.3,57.2,5.53,1
2026-09-05 15:45:19,10010.5,ON,MPPT,39.1,8994.6,479.7,18.75,49.1,36.9952,1.06196,4.113,111.0,,180.766,3958.5721,0,0.2,26.2,0.0,37.114,1.257,19.03,25.79,0.974,2,35.9,8492.2,17.05,26.84,235.4,247.3,12.0,0,0,97,40,42.0,534.3,320.6,0.8994,7.6808,2226.9,0.0761,0,0.6781,0.6801,0.7869,0.375,0.873,0.3,57.2,5.53,1
2026-09-05 15:45:35,10027.0,ON,MPPT,39.1,8901.0,481.2,18.5,49.0,36.9714,1.06127,4.154,111.0,,180.785,3958.7471,0,0.2,26.5,0.0,37.165,1.249,18.83,24.99,0.974,2,34.79,8399.9,17.05,26.6,247.3,248.1,0.8,1,0,97,40,42.0,534.3,320.6,0.9011,7.7218,2229.9,0.0761,0,0.6781,0.6801,0.7869,0.375,0.873,0.3,57.2,5.53,1
2026-09-05 15:45:52,10043.5,ON,MPPT,39.1,9016.1,478.5,18.84,49.0,36.6299,1.05147,4.063,111.0,,180.783,3958.911,0,0.2,26.0,0.0,38.015,1.269,15.87,26.58,0.974,2,36.99,8522.7,17.05,26.7,218.9,246.7,27.8,0,0,97,40,42.0,534.3,320.6,0.8956,7.7618,2280.9,0.0761,0,0.6781,0.6801,0.7869,0.375,0.873,0.3,57.2,5.53,1
2026-09-05 15:46:08,10059.9,ON,MPPT,38.9,8773.7,482.9,18.17,49.0,36.4037,1.04498,4.149,111.0,,180.795,3959.0831,0,0.2,27.1,0.0,37.398,1.251,16.54,26.21,0.974,2,36.49,8341.7,17.05,26.26,217.8,249.0,31.2,0,0,97,40,42.0,534.3,320.6,0.901,7.8026,2243.9,0.0761,0,0.6781,0.6801,0.7869,0.375,0.873,0.3,57.2,5.53,1
2026-09-05 15:46:25,10076.4,ON,MPPT,38.9,8831.9,481.6,18.34,49.0,36.5334,1.0487,4.137,111.0,,180.786,3959.2451,0,0.2,26.9,0.0,36.895,1.255,18.67,25.49,0.974,2,35.49,8389.8,17.05,26.64,242.2,248.3,6.2,0,0,97,40,42.0,534.3,320.6,0.9002,7.8434,2213.7,0.0761,0,0.6781,0.6801,0.7869,0.375,0.873,0.3,57.2,5.53,1
2026-09-05 15:46:41,10092.9,ON,MPPT,38.9,8930.0,479.5,18.62,49.0,36.3064,1.04218,4.066,111.0,,180.779,3959.417,0,0.2,26.6,0.0,37.715,1.254,17.5,26.13,0.974,2,36.38,8456.3,17.05,26.21,223.0,247.2,24.2,0,0,97,40,42.0,534.3,320.6,0.8986,7.883,2262.9,0.0761,0,0.6781,0.6801,0.7869,0.375,0.873,0.3,57.2,5.53,1
2026-09-05 15:46:58,10109.4,ON,MPPT,38.7,8798.5,481.4,18.28,48.9,36.6589,1.0523,4.166,111.0,,180.777,3959.5787,0,0.2,27.2,0.0,37.601,1.228,16.92,24.48,0.974,2,34.08,8287.3,17.0,25.63,237.5,248.2,10.7,0,0,97,40,42.0,534.3,320.6,0.9039,7.9235,2256.1,0.0761,0,0.6781,0.6801,0.7869,0.375,0.873,0.3,57.2,5.53,1
2026-09-05 15:47:14,10125.9,ON,MPPT,38.7,8793.1,481.2,18.27,48.9,36.5724,1.04982,4.159,111.0,,180.78,3959.7416,0,0.2,27.2,0.0,38.309,1.228,16.44,24.72,0.974,2,34.43,8279.2,17.05,25.79,234.5,248.1,13.6,0,0,97,40,42.0,534.3,320.6,0.9034,7.9639,2298.5,0.0761,0,0.6781,0.6801,0.7869,0.375,0.873,0.3,57.2,5.53,1
2026-09-05 15:47:30,10142.3,ON,MPPT,38.7,8731.3,481.9,18.12,48.9,36.1596,1.03797,4.141,111.0,97.63,,3959.9136,0,0.2,27.3,0.0,36.893,1.253,18.22,25.69,0.974,2,35.76,8289.2,17.05,26.33,232.0,248.4,16.4,0,0,97,40,42.0,534.3,320.6,0.8994,8.0032,2213.6,0.0761,0,0.6781,0.6801,0.7869,0.375,0.873,0.3,57.2,5.53,1
2026-09-05 15:47:47,10158.9,ON,MPPT,38.9,8876.0,478.8,18.54,48.8,36.0137,1.03378,4.057,111.0,,180.781,3960.0738,0,0.2,26.5,0.0,37.129,1.245,15.57,27.25,0.974,2,37.94,8367.1,17.05,26.62,213.4,246.9,33.4,0,0,97,40,42.0,534.3,320.6,0.8986,8.0435,2227.7,0.0761,0,0.6781,0.6801,0.7869,0.375,0.873,0.3,57.2,5.53,1
2026-09-05 15:48:04,10175.3,ON,MPPT,38.9,8673.1,482.4,17.98,48.8,36.1087,1.03651,4.163,111.0,,180.779,3960.2448,0,0.2,27.0,0.0,38.651,1.235,18.42,24.03,0.974,2,33.46,8253.7,17.05,26.17,255.0,248.7,-6.3,1,0,97,40,42.0,534.3,320.6,0.9001,8.0837,2319.1,0.0761,0,0.6781,0.6801,0.7869,0.375,0.873,0.3,57.2,5.53,1
2026-09-05 15:48:20,10191.8,ON,MPPT,38.9,8801.4,479.4,18.36,48.7,35.7215,1.0254,4.059,111.0,97.64,,3960.4038,0,0.2,26.6,0.0,37.308,1.232,17.8,26.09,0.974,2,36.32,8312.2,17.05,25.78,218.0,247.2,29.2,0,0,97,40,42.0,534.3,320.6,0.898,8.1226,2238.5,0.0761,0,0.6781,0.6801,0.7869,0.375,0.873,0.3,57.2,5.53,1
2026-09-05 15:48:36,10208.3,ON,MPPT,38.7,8768.5,479.6,18.28,48.7,36.1172,1.03675,4.119,111.0,,180.786,3960.5734,0,0.2,27.0,0.0,38.031,1.226,18.31,24.87,0.974,2,34.62,8242.3,17.05,26.02,238.1,247.2,9.1,0,0,97,40,42.0,534.3,320.6,0.9005,8.1624,2281.9,0.0761,0,0.6781,0.6801,0.7869,0.375,0.873,0.3,57.2,5.53,1
2026-09-05 15:48:53,10224.8,ON,MPPT,38.3,8583.5,482.4,17.79,48.7,36.0143,1.0338,4.196,111.0,,180.797,3960.7345,0,0.2,28.1,0.0,36.954,1.218,16.93,25.7,0.974,2,35.79,8159.2,17.05,25.59,216.4,248.7,32.3,0,0,97,40,42.0,534.3,320.6,0.9043,8.2023,2217.3,0.0761,0,0.6781,0.6801,0.7869,0.375,0.873,0.3,57.2,5.53,1
2026-09-05 15:49:09,10241.3,ON,MPPT,38.7,8720.9,479.3,18.19,48.6,35.6965,1.02468,4.093,111.0,,180.794,3960.9031,0,0.2,26.9,0.0,37.699,1.232,17.32,26.2,0.974,2,36.48,8246.6,17.05,25.91,216.6,247.1,30.5,0,0,97,40,42.0,534.3,320.6,0.8961,8.2411,2262.0,0.0761,0,0.6781,0.6801,0.7869,0.375,0.873,0.3,57.2,5.53,1
2026-09-05 15:49:26,10257.8,ON,MPPT,38.5,8597.8,481.3,17.86,48.5,35.3791,1.01557,4.115,111.0,,180.784,3961.0611,0,0.2,27.6,0.0,37.679,1.212,17.45,24.34,0.974,2,33.89,8155.7,17.05,25.34,234.5,248.2,13.7,0,0,97,40,42.0,534.3,320.6,0.9017,8.2806,2260.7,0.0761,0,0.6781,0.6801,0.7869,0.375,0.873,0.3,57.2,5.53,1
2026-09-05 15:49:42,10274.2,ON,MPPT,38.5,8501.2,482.7,17.61,48.5,35.6179,1.02242,4.19,111.0,,180.779,3961.229,0,0.2,27.8,0.0,37.418,1.206,17.79,23.34,0.974,2,32.5,8032.0,17.05,25.43,249.9,248.8,-1.0,1,0,97,40,42.0,534.3,320.6,0.9009,8.3198,2245.1,0.0761,0,0.6781,0.6801,0.7869,0.375,0.873,0.3,57.2,5.53,1
2026-09-05 15:49:59,10290.8,ON,MPPT,38.5,8496.2,482.4,17.61,48.5,35.0381,1.00578,4.124,111.0,,180.785,3961.3869,0,0.2,27.8,0.0,38.029,1.213,17.47,26.01,0.974,2,36.22,8039.5,17.05,25.6,216.7,248.7,32.1,0,0,97,40,42.0,534.3,320.6,0.9001,8.3582,2281.8,0.0761,0,0.6781,0.6801,0.7869,0.375,0.873,0.3,57.2,5.53,1
2026-09-05 15:50:15,10307.2,ON,MPPT,38.3,8384.3,484.1,17.32,48.5,35.4972,1.01896,4.234,111.0,97.64,,3961.5533,0,0.2,28.4,0.0,37.119,1.19,17.31,25.58,0.974,2,35.62,7905.5,17.05,24.82,212.0,249.6,37.6,0,0,97,40,42.0,534.3,320.6,0.9056,8.3975,2227.1,0.0761,0,0.6781,0.6801,0.7869,0.375,0.873,0.3,57.2,5.53,1
2026-09-05 15:50:32,10323.6,ON,MPPT,38.3,8639.3,479.2,18.03,48.4,35.2029,1.01051,4.075,111.0,,180.797,3961.71,0,0.2,27.7,0.0,36.764,1.223,16.87,24.15,0.974,2,33.62,8186.7,17.05,25.82,245.9,247.0,1.1,1,0,97,40,42.0,534.3,320.6,0.8985,8.4357,2205.9,0.0761,0,0.6781,0.6801,0.7869,0.375,0.873,0.3,57.2,5.53,1
2026-09-05 15:50:48,10340.1,ON,MPPT,38.3,8429.0,482.8,17.46,48.4,35.4409,1.01734,4.205,111.0,97.64,,3961.877,0,0.2,28.2,0.0,37.12,1.204,17.31,25.18,0.974,2,35.06,7992.9,16.98,25.54,225.3,248.9,23.6,0,0,97,40,42.0,534.3,320.6,0.9018,8.4748,2227.2,0.0761,0,0.6781,0.6801,0.7869,0.375,0.873,0.3,57.2,5.53,1
2026-09-05 15:51:05,10356.6,ON,MPPT,38.1,8457.0,481.9,17.55,48.4,35.0753,1.00685,4.147,111.0,,180.786,3962.0347,0,0.2,28.4,0.0,36.581,1.198,18.83,24.94,0.974,2,34.72,8075.7,17.05,25.04,226.9,248.5,21.5,0,0,97,40,42.0,534.3,320.6,0.9052,8.5138,2194.9,0.0761,0,0.6781,0.6801,0.7869,0.375,0.873,0.3,57.2,5.53,1
2026-09-05 15:51:21,10373.1,ON,MPPT,38.1,8413.6,482.4,17.44,48.3,34.9714,1.00386,4.157,111.0,,180.776,3962.1999,0,0.2,28.5,0.0,37.018,1.196,16.9,24.51,0.974,2,34.13,7958.2,17.05,25.07,229.7,248.7,19.0,0,0,97,40,42.0,534.3,320.6,0.9028,8.5527,2221.1,0.0761,0,0.6781,0.6801,0.7869,0.375,0.873,0.3,57.2,5.53,1
2026-09-05 15:51:38,10389.6,ON,MPPT,38.5,8629.1,477.6,18.07,48.2,34.9499,1.00325,4.05,111.0,,180.785,3962.3548,0,0.2,27.0,0.0,36.286,1.223,16.97,25.82,0.974,2,35.94,8160.1,17.05,25.92,219.6,246.2,26.6,0,0,97,40,42.0,534.3,320.6,0.8944,8.5905,2177.2,0.0761,0,0.6781,0.6801,0.7869,0.375,0.873,0.3,57.2,5.53,1
2026-09-05 15:51:54,10406.1,ON,MPPT,38.3,8345.0,482.8,17.28,48.2,34.8205,0.99953,4.173,111.0,,180.796,3962.5196,0,0.2,28.2,0.0,36.302,1.189,18.4,25.07,0.974,2,34.9,7869.0,17.05,25.17,226.7,248.9,22.2,0,0,97,40,42.0,534.3,320.6,0.9022,8.6292,2178.1,0.0761,0,0.6781,0.6801,0.7869,0.375,0.873,0.3,57.2,5.53,1
2026-09-05 15:52:11,10422.6,ON,MPPT,38.3,8335.0,482.5,17.27,48.2,35.1937,1.01025,4.222,111.0,,180.786,3962.6753,0,0.2,28.2,0.0,37.242,1.19,17.61,23.54,0.974,2,32.78,7893.5,17.05,24.98,240.9,248.8,7.9,0,0,97,40,42.0,534.3,320.6,0.9023,8.6677,2234.5,0.0761,0,0.6781,0.6801,0.7869,0.375,0.873,0.3,57.2,5.53,1
2026-09-05 15:52:27,10439.1,ON,MPPT,38.3,8365.0,481.5,17.37,48.1,35.0378,1.00577,4.189,111.0,,180.78,3962.8407,0,0.2,28.0,0.0,36.794,1.199,18.63,24.5,0.974,2,34.12,7907.3,17.05,25.47,237.7,248.2,10.5,0,0,97,40,42.0,534.3,320.6,0.8998,8.705,2207.6,0.0761,0,0.6781,0.6801,0.7869,0.375,0.873,0.3,57.2,5.53,1
2026-09-05 15:52:44,10455.5,ON,MPPT,37.7,8286.9,482.7,17.17,48.2,34.5945,0.99304,4.175,111.0,,180.783,3962.9961,0,0.2,29.3,0.0,36.793,1.18,17.89,23.51,0.974,2,32.74,7871.6,17.05,24.58,237.5,248.9,11.4,0,0,97,40,42.0,534.3,320.6,0.9058,8.7435,2207.6,0.0761,0,0.6781,0.6801,0.7869,0.375,0.873,0.3,57.2,5.53,1
2026-09-05 15:53:00,10472.0,ON,MPPT,37.7,8238.4,483.1,17.05,48.1,34.2005,0.98173,4.151,111.0,,180.788,3963.1576,0,0.2,29.4,0.0,36.481,1.167,17.21,25.08,0.974,2,34.93,7774.3,17.05,24.16,208.7,249.1,40.3,0,0,97,40,42.0,534.3,320.6,0.9065,8.7808,2188.9,0.0761,0,0.6781,0.6801,0.7869,0.375,0.873,0.3,57.2,5.53,1
2026-09-05 15:53:17,10488.5,ON,MPPT,37.7,8172.1,483.9,16.89,48.0,33.9284,0.97392,4.152,111.0,,180.796,3963.3094,0,0.2,29.5,0.0,36.946,1.175,17.08,23.93,0.974,2,33.33,7741.2,17.05,24.69,229.6,249.5,19.9,0,0,97,40,42.0,534.3,320.6,0.905,8.8188,2216.8,0.0761,0,0.6781,0.6801,0.7869,0.375,0.873,0.3,57.2,5.53,1
2026-09-05 15:53:33,10505.0,ON,MPPT,37.9,8127.5,484.2,16.79,48.0,34.3808,0.98691,4.23,111.0,,180.795,3963.4702,0,0.2,29.2,0.0,36.435,1.166,18.6,25.23,0.974,2,35.14,7707.4,17.05,24.59,212.1,249.6,37.6,0,0,97,40,42.0,534.3,320.6,0.9037,8.8568,2186.1,0.0761,0,0.6781,0.6801,0.7869,0.375,0.873,0.3,57.2,5.53,1
2026-09-05 15:53:50,10521.5,ON,MPPT,37.9,8306.3,480.5,17.29,47.9,34.1631,0.98066,4.113,111.0,97.64,,3963.6231,0,0.2,28.6,0.0,35.796,1.179,17.74,24.64,0.974,2,34.31,7828.1,17.05,24.87,222.2,247.7,25.5,0,0,97,40,42.0,534.3,320.6,0.9024,8.8947,2147.8,0.0761,0,0.6781,0.6801,0.7869,0.375,0.873,0.3,57.2,5.53,1
2026-09-05 15:54:06,10538.0,ON,MPPT,37.9,8255.3,481.1,17.16,47.9,33.9721,0.97518,4.115,111.0,,180.777,3963.7835,0,0.2,28.7,0.0,36.888,1.175,18.47,24.59,0.974,2,34.24,7786.5,17.05,24.4,222.8,248.0,25.2,0,0,97,40,42.0,534.3,320.6,0.9006,8.9316,2213.3,0.0761,0,0.6781,0.6801,0.7869,0.375,0.873,0.3,57.2,5.53,1
2026-09-05 15:54:23,10554.5,ON,MPPT,38.1,8258.7,480.5,17.19,47.8,33.8639,0.97207,4.1,111.0,,180.786,3963.9341,0,0.2,28.2,0.0,36.323,1.186,18.4,23.47,0.974,2,32.68,7776.7,17.05,25.05,246.1,247.7,1.6,1,0,97,40,42.0,534.3,320.6,0.8968,8.9693,2179.4,0.0761,0,0.6781,0.6801,0.7869,0.375,0.873,0.3,57.2,5.53,1
2026-09-05 15:54:39,10571.0,ON,MPPT,37.7,8225.5,480.7,17.11,47.8,33.639,0.96562,4.09,111.0,,180.797,3964.0842,0,0.2,29.0,0.0,36.431,1.168,15.61,24.63,0.974,2,34.3,7752.8,17.05,24.28,214.5,247.8,33.3,0,0,97,40,42.0,534.3,320.6,0.9034,9.0069,2185.9,0.0761,0,0.6781,0.6801,0.7869,0.375,0.873,0.3,57.2,5.53,1
2026-09-05 15:54:56,10587.5,ON,MPPT,37.7,8167.1,481.5,16.96,47.8,33.8198,0.97081,4.141,111.0,,180.797,3964.2437,0,0.2,29.1,0.0,35.621,1.161,17.59,25.05,0.974,2,34.88,7709.8,17.05,24.29,209.5,248.2,38.7,0,0,97,40,42.0,534.3,320.6,0.9019,9.0434,2137.3,0.0761,0,0.6781,0.6801,0.7869,0.375,0.873,0.3,57.2,5.53,1
2026-09-05 15:55:12,10603.9,ON,MPPT,37.9,8235.3,479.6,17.17,47.7,33.787,0.96987,4.103,111.0,,180.79,3964.3936,0,0.2,28.5,0.0,36.699,1.17,16.44,24.03,0.974,2,33.46,7773.7,17.05,24.52,226.5,247.3,20.8,0,0,97,40,42.0,534.3,320.6,0.8999,9.0807,2201.9,0.0761,0,0.6781,0.6801,0.7869,0.375,0.873,0.3,57.2,5.53,1
2026-09-05 15:55:29,10620.5,ON,MPPT,37.9,8060.4,482.7,16.7,47.7,33.8658,0.97213,4.202,111.0,,180.787,3964.5542,0,0.2,28.9,0.0,37.155,1.159,16.29,24.66,0.975,2,34.35,7652.6,17.05,24.34,215.0,248.9,33.8,0,0,97,40,42.0,534.3,320.6,0.9012,9.1179,2229.3,0.0761,0,0.6781,0.6801,0.7869,0.375,0.873,0.3,57.2,5.53,1
2026-09-05 15:55:45,10637.0,ON,MPPT,37.5,7949.8,484.2,16.42,47.7,33.9588,0.9748,4.272,111.0,,180.786,3964.7141,0,0.2,29.9,0.0,36.906,1.144,17.16,23.77,0.975,2,33.11,7522.5,17.05,23.93,224.3,249.7,25.4,0,0,97,40,42.0,534.3,320.6,0.9064,9.154,2214.4,0.0761,0,0.6781,0.6801,0.7869,0.375,0.873,0.3,57.2,5.53,1
2026-09-05 15:56:02,10653.4,ON,MPPT,37.7,8114.5,481.0,16.87,47.6,33.6301,0.96536,4.144,111.0,,180.793,3964.8646,0,0.2,29.1,0.0,36.515,1.153,14.84,24.53,0.974,2,34.16,7638.5,17.05,23.86,208.5,248.0,39.4,0,0,97,40,42.0,534.3,320.6,0.9025,9.1911,2190.9,0.0761,0,0.6781,0.6801,0.7869,0.375,0.873,0.3,57.2,5.53,1
2026-09-05 15:56:18,10669.9,ON,MPPT,37.7,8114.0,480.6,16.88,47.5,33.7093,0.96764,4.154,111.0,,180.792,3965.0138,0,0.2,29.0,0.0,36.567,1.149,18.13,23.51,0.974,2,32.74,7609.1,17.05,23.97,229.0,247.8,18.7,0,0,97,40,42.0,534.3,320.6,0.9023,9.228,2194.0,0.0761,0,0.6781,0.6801,0.7869,0.375,0.873,0.3,57.2,5.53,1
2026-09-05 15:56:35,10686.5,ON,MPPT,37.7,7998.2,482.7,16.57,47.5,33.7406,0.96853,4.219,111.0,,180.79,3965.1733,0,0.2,29.3,0.0,36.666,1.153,17.29,24.61,0.975,2,34.28,7555.0,17.05,24.3,215.6,248.9,33.3,0,0,97,40,42.0,534.3,320.6,0.9027,9.264,2200.0,0.0761,0,0.6781,0.6801,0.7869,0.375,0.873,0.3,57.2,5.53,1
2026-09-05 15:56:51,10703.0,ON,MPPT,37.5,7989.5,482.5,16.56,47.5,33.5571,0.96327,4.2,111.0,,180.788,3965.3228,0,0.2,29.7,0.0,36.13,1.13,17.24,23.89,0.974,2,33.26,7491.9,17.05,23.67,218.0,248.8,30.8,0,0,97,40,42.0,534.3,320.6,0.9054,9.3009,2167.8,0.0761,0,0.6781,0.6801,0.7869,0.375,0.873,0.3,57.2,5.53,1
2026-09-05 15:57:08,10719.4,ON,MPPT,37.9,8003.4,481.9,16.61,47.5,33.6952,0.96723,4.21,111.0,,180.753,3965.4814,0,0.2,28.8,0.0,36.325,1.155,17.58,24.83,0.974,2,34.59,7597.9,17.05,24.24,211.2,248.4,37.2,0,0,97,40,42.0,534.3,320.6,0.8982,9.3376,2179.5,0.0761,0,0.6781,0.6801,0.7869,0.375,0.873,0.3,57.2,5.53,1
2026-09-05 15:57:24,10735.9,ON,MPPT,37.1,7869.9,484.2,16.25,47.5,33.7276,0.96816,4.286,111.0,,180.785,3965.6315,0,0.2,30.7,0.0,36.755,1.126,15.82,23.26,0.975,2,32.4,7382.2,17.05,23.49,221.0,249.6,28.6,0,0,97,40,42.0,534.3,320.6,0.9091,9.3735,2205.3,0.0761,0,0.6781,0.6801,0.7869,0.375,0.873,0.3,57.2,5.53,1
2026-09-05 15:57:41,10752.4,ON,MPPT,37.3,7901.9,483.6,16.34,47.5,32.9753,0.94656,4.173,111.0,,180.761,3965.7884,0,0.2,30.2,0.0,36.204,1.144,18.06,24.11,0.975,2,33.58,7465.4,17.05,24.07,222.4,249.3,26.9,0,0,97,40,42.0,534.3,320.6,0.9042,9.4102,2172.2,0.0761,0,0.6781,0.6801,0.7869,0.375,0.873,0.3,57.2,5.53,1
2026-09-05 15:57:57,10768.9,ON,MPPT,37.3,7946.0,482.5,16.47,47.5,32.5024,0.93299,4.09,111.0,,180.783,3965.9337,0,0.2,30.0,0.0,36.417,1.144,16.56,24.68,0.975,2,34.38,7519.3,17.05,23.82,207.5,248.8,41.2,0,0,97,40,42.0,534.3,320.6,0.9051,9.4467,2185.0,0.0761,0,0.6781,0.6801,0.7869,0.375,0.873,0.3,57.2,5.53,1
2026-09-05 15:58:14,10785.4,ON,MPPT,37.3,7897.7,483.0,16.35,47.4,32.6931,0.93847,4.14,111.0,,180.781,3966.0875,0,0.2,30.1,0.0,36.757,1.147,16.94,24.72,0.975,2,34.43,7465.9,17.05,24.0,208.0,249.0,41.0,0,0,97,40,42.0,534.3,320.6,0.9011,9.4822,2205.4,0.0761,0,0.6781,0.6801,0.7869,0.375,0.873,0.3,57.2,5.53,1
2026-09-05 15:58:30,10801.8,ON,MPPT,37.1,7800.1,484.2,16.11,47.4,32.668,0.93774,4.188,111.0,,180.781,3966.233,0,0.2,30.7,0.0,35.416,1.128,17.47,24.26,0.974,2,33.78,7351.7,17.05,23.54,209.0,249.7,40.7,0,0,97,40,42.0,534.3,320.6,0.9063,9.5185,2125.0,0.0761,0,0.6781,0.6801,0.7869,0.375,0.873,0.3,57.2,5.53,1
2026-09-05 15:58:47,10818.4,ON,MPPT,37.1,7827.0,483.3,16.2,47.4,32.4422,0.93126,4.145,111.0,,180.779,3966.3862,0,0.2,30.5,0.0,35.284,1.129,17.92,23.95,0.974,2,33.35,7411.5,17.05,23.66,215.1,249.2,34.0,0,0,97,40,42.0,534.3,320.6,0.9067,9.5547,2117.0,0.0761,0,0.6781,0.6801,0.7869,0.375,0.873,0.3,57.2,5.53,1
2026-09-05 15:59:03,10834.8,ON,MPPT,37.1,7738.8,484.5,15.97,47.3,32.5712,0.93497,4.209,111.0,,180.723,3966.5306,0,0.2,30.7,0.0,35.738,1.122,16.74,23.9,0.975,2,32.96,7333.7,17.05,23.29,213.2,249.8,36.6,0,0,97,40,42.0,534.3,320.6,0.9048,9.5898,2144.3,0.0761,0,0.6781,0.6801,0.7869,0.375,0.873,0.3,57.2,5.53,1
2026-09-05 15:59:19,10851.3,ON,MPPT,37.3,7877.3,481.3,16.37,47.4,32.77,0.94067,4.16,111.0,,180.787,3966.6851,0,0.2,29.9,0.0,36.393,1.127,18.34,20.97,0.974,2,29.21,7430.3,17.05,23.36,255.5,248.2,-7.3,1,0,97,40,42.0,534.3,320.6,0.9022,9.6258,2183.6,0.0761,0,0.6781,0.6801,0.7869,0.375,0.873,0.3,57.2,5.53,1
2026-09-05 15:59:36,10867.8,ON,MPPT,37.3,7881.9,480.7,16.4,47.3,32.4214,0.93066,4.113,111.0,97.64,,3966.8302,0,0.2,29.8,0.0,36.428,1.129,16.41,23.45,0.975,2,32.66,7431.5,17.05,23.31,215.1,247.8,32.8,0,0,97,40,42.0,534.3,320.6,0.9027,9.6616,2185.7,0.0761,0,0.6781,0.6801,0.7869,0.375,0.873,0.3,57.2,5.53,1
2026-09-05 15:59:52,10884.3,ON,MPPT,36.9,7633.5,484.9,15.74,47.2,32.8209,0.94213,4.3,111.0,,180.79,3966.9843,0,0.2,31.1,0.0,35.602,1.109,15.8,22.87,0.975,2,31.86,7215.9,17.05,23.02,219.0,250.0,31.0,0,0,97,40,42.0,534.3,320.6,0.9062,9.6965,2136.1,0.0761,0,0.6781,0.6801,0.7869,0.375,0.873,0.3,57.2,5.53,1
2026-09-05 16:00:09,10900.8,ON,MPPT,37.1,7669.6,483.7,15.86,47.2,32.5028,0.933,4.238,111.0,,180.784,3967.1292,0,0.2,30.6,0.0,36.439,1.109,17.12,22.49,0.974,2,31.32,7232.5,17.04,23.04,222.1,249.4,27.3,0,0,97,40,42.0,534.3,320.6,0.9048,9.732,2186.3,0.0761,0,0.6781,0.6801,0.7869,0.375,0.873,0.3,57.2,5.53,1
2026-09-05 16:00:25,10917.2,ON,MPPT,37.1,7652.1,483.4,15.83,47.2,32.4344,0.93104,4.239,111.0,,180.787,3967.2825,0,0.2,30.5,0.0,36.123,1.106,17.18,21.06,0.974,2,29.33,7227.1,17.05,23.06,247.2,249.3,2.0,1,0,97,40,42.0,534.3,320.6,0.904,9.7675,2167.4,0.0761,0,0.6781,0.6801,0.7869,0.375,0.873,0.3,57.2,5.53,1
2026-09-05 16:00:42,10933.7,ON,MPPT,37.1,7687.9,482.0,15.95,47.1,32.225,0.92503,4.192,111.0,,180.789,3967.4261,0,0.2,30.3,0.0,35.602,1.098,15.04,23.54,0.975,2,32.78,7217.8,17.05,22.75,204.8,248.5,43.7,0,0,97,40,42.0,534.3,320.6,0.9035,9.802,2136.1,0.0761,0,0.6781,0.6801,0.7869,0.375,0.873,0.3,57.2,5.53,1
2026-09-05 16:00:58,10950.3,ON,MPPT,36.9,7795.1,479.3,16.26,47.1,31.679,0.90935,4.064,111.0,,180.79,3967.5776,0,0.2,30.3,0.0,36.098,1.125,18.44,22.17,0.975,2,30.88,7348.8,17.05,23.47,239.6,247.1,7.5,0,0,97,40,42.0,534.3,320.6,0.8987,9.8373,2165.9,0.0761,0,0.6781,0.6801,0.7869,0.375,0.873,0.3,57.2,5.53,1
2026-09-05 16:01:15,10966.7,ON,MPPT,36.5,7524.2,484.5,15.53,47.1,31.3859,0.90094,4.171,111.0,,180.787,3967.718,0,0.2,31.8,0.0,36.027,1.091,16.79,22.08,0.975,2,30.75,7126.5,17.05,22.67,225.6,249.8,24.2,0,0,97,40,42.0,534.3,320.6,0.9063,9.8724,2161.6,0.0761,0,0.6781,0.6801,0.7869,0.375,0.873,0.3,57.2,5.53,1
2026-09-05 16:01:31,10983.2,ON,MPPT,36.9,7709.3,480.5,16.04,47.0,31.5768,0.90642,4.096,111.0,97.64,,3967.8664,0,0.2,30.5,0.0,36.104,1.126,16.01,23.41,0.974,2,32.6,7284.5,17.05,23.33,215.9,247.8,31.9,0,0,97,40,42.0,534.3,320.6,0.8985,9.9067,2166.2,0.0761,0,0.6781,0.6801,0.7869,0.375,0.873,0.3,57.2,5.53,1
2026-09-05 16:01:48,10999.7,ON,MPPT,36.7,7579.0,482.9,15.69,47.0,31.4859,0.90381,4.154,111.0,,180.785,3968.0064,0,0.2,31.2,0.0,35.979,1.091,16.94,21.42,0.975,2,29.84,7185.1,17.05,22.59,234.3,249.0,14.7,0,0,97,40,42.0,534.3,320.6,0.9053,9.9418,2158.8,0.0761,0,0.6781,0.6801,0.7869,0.375,0.873,0.3,57.2,5.53,1
2026-09-05 16:02:04,11016.2,ON,MPPT,36.7,7580.4,482.5,15.71,46.9,31.5631,0.90603,4.164,111.0,,180.799,3968.1557,0,0.2,31.2,0.0,34.935,1.087,17.6,23.64,0.974,2,32.92,7126.0,17.05,22.52,203.0,248.8,45.7,0,0,97,40,42.0,534.3,320.6,0.9053,9.9766,2096.1,0.0761,0,0.6781,0.6801,0.7869,0.375,0.873,0.3,57.2,5.53,1
2026-09-05 16:02:21,11032.6,ON,MPPT,37.1,7690.8,480.0,16.02,46.9,31.8701,0.91484,4.144,111.0,,180.788,3968.2963,0,0.2,30.0,0.0,35.624,1.101,16.11,23.16,0.975,2,32.26,7230.7,17.05,23.01,214.5,247.5,33.0,0,0,97,40,42.0,534.3,320.6,0.8987,10.0108,2137.4,0.0761,0,0.6781,0.6801,0.7869,0.375,0.873,0.3,57.2,5.53,1
2026-09-05 16:02:37,11049.1,ON,MPPT,36.9,7516.8,483.2,15.56,46.8,31.3849,0.90091,4.175,111.0,,180.79,3968.446,0,0.2,30.9,0.0,35.502,1.095,17.77,21.69,0.974,2,30.21,7103.5,17.05,22.94,235.8,249.1,13.3,0,0,97,40,42.0,534.3,320.6,0.9022,10.0454,2130.1,0.0761,0,0.6781,0.6801,0.7869,0.375,0.873,0.3,57.2,5.53,1
2026-09-05 16:02:54,11065.6,ON,MPPT,36.5,7465.9,483.8,15.43,46.8,31.5386,0.90532,4.224,111.0,,180.788,3968.5855,0,0.2,31.7,0.0,35.121,1.073,16.79,22.59,0.975,2,31.46,7019.3,17.05,22.49,214.4,249.4,35.0,0,0,97,40,42.0,534.3,320.6,0.9071,10.0801,2107.3,0.0761,0,0.6781,0.6801,0.7869,0.375,0.873,0.3,57.2,5.53,1
2026-09-05 16:03:10,11082.2,ON,MPPT,36.5,7558.3,481.8,15.69,46.8,31.5516,0.9057,4.174,111.0,,180.79,3968.7345,0,0.2,31.4,0.0,34.927,1.09,16.92,23.47,0.975,2,32.69,7133.8,17.05,22.55,202.6,248.4,45.7,0,0,97,40,42.0,534.3,320.6,0.9027,10.114,2095.6,0.0761,0,0.6781,0.6801,0.7869,0.375,0.873,0.3,57.2,5.53,1
2026-09-05 16:03:27,11098.6,ON,MPPT,36.7,7498.4,482.4,15.55,46.8,31.2255,0.89634,4.164,111.0,,180.791,3968.8741,0,0.2,31.1,0.0,36.444,1.102,16.45,22.26,0.975,2,31.01,7110.7,17.02,22.68,220.8,248.7,27.9,0,0,97,40,42.0,534.3,320.6,0.8995,10.1485,2186.7,0.0761,0,0.6781,0.6801,0.7869,0.375,0.873,0.3,57.2,5.53,1
2026-09-05 16:03:43,11115.1,ON,MPPT,36.7,7501.8,481.5,15.58,46.7,30.5028,0.87559,4.066,111.0,,180.803,3969.02,0,0.2,31.0,0.0,36.118,1.087,18.18,20.17,0.975,2,28.09,7047.0,17.05,22.59,253.2,248.2,-5.0,1,0,97,40,42.0,534.3,320.6,0.9022,10.1828,2167.1,0.0761,0,0.6781,0.6801,0.7869,0.375,0.873,0.3,57.2,5.53,1
2026-09-05 16:04:00,11131.6,ON,MPPT,36.7,7519.1,480.7,15.64,46.7,30.9407,0.88816,4.115,111.0,97.65,,3969.1564,0,0.2,30.9,0.0,36.106,1.092,17.29,21.64,0.975,2,30.15,7076.2,17.05,22.59,231.4,247.9,16.5,0,0,97,40,42.0,534.3,320.6,0.8987,10.2163,2166.3,0.0761,0,0.6781,0.6801,0.7869,0.375,0.873,0.3,57.2,5.53,1
2026-09-05 16:04:16,11148.1,ON,MPPT,36.5,7296.2,484.7,15.05,46.6,31.0213,0.89048,4.252,111.0,,180.779,3969.3024,0,0.2,31.8,0.0,35.541,1.068,16.2,21.83,0.975,2,30.41,6909.4,17.05,22.23,220.9,249.9,28.9,0,0,97,40,42.0,534.3,320.6,0.9048,10.2504,2132.5,0.0761,0,0.6781,0.6801,0.7869,0.375,0.873,0.3,57.2,5.53,1
2026-09-05 16:04:33,11164.6,ON,MPPT,36.7,7362.3,482.8,15.25,46.6,,,,,,180.793,,0,0.2,31.2,0.0,35.91,1.081,17.29,22.48,0.975,2,31.32,6977.1,17.05,22.65,221.2,248.9,27.7,0,0,97,40,42.0,534.3,320.6,0.9006,10.2851,2154.6,0.0761,0,0.6781,0.6801,0.7869,0.375,0.873,0.3,57.2,5.53,1
2026-09-05 16:04:50,11181.6,ON,MPPT,36.7,7447.4,480.5,15.5,46.6,30.1236,0.86471,4.045,111.0,,180.794,3969.5857,0,0.2,30.9,0.0,35.08,1.081,15.99,22.81,0.974,2,31.77,6986.3,17.05,22.37,209.7,247.7,38.0,0,0,97,40,42.0,534.3,320.6,0.8988,10.3189,2104.8,0.0761,0,0.6781,0.6801,0.7869,0.375,0.873,0.3,57.2,5.53,1
2026-09-05 16:05:06,11198.1,ON,MPPT,36.3,7343.7,482.2,15.23,46.6,30.7537,0.88279,4.188,111.0,,180.8,3969.7296,0,0.2,31.9,0.0,34.917,1.068,17.37,21.95,0.975,2,30.58,6919.5,17.05,22.22,217.0,248.6,31.6,0,0,97,40,42.0,534.3,320.6,0.9038,10.3526,2095.0,0.0761,0,0.6781,0.6801,0.7869,0.375,0.873,0.3,57.2,5.53,1
2026-09-05 16:05:23,11214.7,ON,MPPT,36.1,7292.7,482.7,15.11,46.6,29.9569,0.85992,4.108,111.0,,180.791,3969.864,0,0.2,32.3,0.0,35.144,1.066,17.37,21.39,0.975,2,29.81,6882.9,17.05,22.19,226.9,248.9,22.0,0,0,97,40,42.0,534.3,320.6,0.9037,10.3853,2108.6,0.0761,0,0.6781,0.6801,0.7869,0.375,0.873,0.3,57.2,5.53,1
2026-09-05 16:05:39,11231.1,ON,MPPT,36.1,7233.0,483.6,14.96,46.5,29.9825,0.86066,4.145,111.0,97.64,,3970.0054,0,0.2,32.4,0.0,35.276,1.071,18.27,22.61,0.975,2,31.51,6838.2,17.05,22.19,213.2,249.4,36.2,0,0,97,40,42.0,534.3,320.6,0.9019,10.4188,2116.6,0.0761,0,0.6781,0.6801,0.7869,0.375,0.873,0.3,57.2,5.53,1
2026-09-05 16:05:56,11247.6,ON,MPPT,36.1,7187.9,484.4,14.84,46.4,30.3803,0.87208,4.227,111.0,97.64,,3970.1397,0,0.2,32.5,0.0,35.647,1.057,17.09,22.22,0.975,2,30.97,6790.5,17.05,22.13,215.1,249.7,34.7,0,0,97,40,42.0,534.3,320.6,0.9038,10.4522,2138.8,0.0761,0,0.6781,0.6801,0.7869,0.375,0.873,0.3,57.2,5.53,1
2026-09-05 16:06:12,11264.1,ON,MPPT,35.9,7215.6,484.0,14.91,46.4,29.9657,0.86017,4.153,111.0,97.65,,3970.2828,0,0.2,32.9,0.0,35.1,1.053,17.95,21.33,0.975,2,29.71,6804.9,17.05,21.55,218.5,249.6,31.0,0,0,97,40,42.0,534.3,320.6,0.9065,10.4849,2106.0,0.0761,0,0.6781,0.6801,0.7869,0.375,0.873,0.3,57.2,5.53,1
2026-09-05 16:06:29,11280.6,ON,MPPT,35.9,7134.4,485.2,14.7,46.3,29.6927,0.85234,4.162,111.0,,180.746,3970.4151,0,0.2,33.0,0.0,34.991,1.044,18.64,20.81,0.975,2,28.99,6756.5,17.05,21.86,232.4,250.2,17.8,0,0,97,40,42.0,534.3,320.6,0.9064,10.5181,2099.4,0.0761,0,0.6781,0.6801,0.7869,0.375,0.873,0.3,57.2,5.53,1
2026-09-05 16:06:45,11297.1,ON,MPPT,35.9,7155.3,484.7,14.76,46.3,30.0944,0.86387,4.206,111.0,,180.784,3970.5563,0,0.2,33.0,0.0,34.803,1.059,17.06,22.49,0.975,2,31.33,6743.5,17.05,21.97,208.3,249.9,41.6,0,0,97,40,42.0,534.3,320.6,0.9038,10.5514,2088.2,0.0761,0,0.6781,0.6801,0.7869,0.375,0.873,0.3,57.2,5.53,1
2026-09-05 16:07:02,11313.5,ON,MPPT,36.1,7196.5,483.6,14.88,46.4,30.0949,0.86388,4.182,111.0,,180.791,3970.6889,0,0.2,32.4,0.0,34.31,1.046,16.86,22.07,0.974,2,30.74,6773.2,17.05,21.65,208.0,249.3,41.3,0,0,97,40,42.0,534.3,320.6,0.9057,10.5837,2058.6,0.0761,0,0.6781,0.6801,0.7869,0.375,0.873,0.3,57.2,5.53,1
2026-09-05 16:07:18,11330.0,ON,MPPT,36.1,7173.0,483.6,14.83,46.3,30.057,0.86279,4.19,111.0,,180.787,3970.8226,0,0.2,32.4,0.0,35.143,1.045,18.04,20.83,0.975,2,29.01,6768.6,17.05,21.39,225.1,249.3,24.3,0,0,97,40,42.0,534.3,320.6,0.9072,10.6166,2108.6,0.0761,0,0.6781,0.6801,0.7869,0.375,0.873,0.3,57.2,5.53,1
2026-09-05 16:07:35,11346.5,ON,MPPT,36.1,7129.5,484.0,14.73,46.2,29.8908,0.85802,4.193,111.0,,180.792,3970.9646,0,0.2,32.5,0.0,35.181,1.033,18.89,20.97,0.975,2,29.23,6687.2,17.05,21.47,226.1,249.5,23.4,0,0,97,40,42.0,534.3,320.6,0.9086,10.6494,2110.9,0.0761,0,0.6781,0.6801,0.7869,0.375,0.873,0.3,57.2,5.53,1
2026-09-05 16:07:51,11363.0,ON,MPPT,35.9,7218.5,481.9,14.98,46.3,29.7756,0.85472,4.125,111.0,,180.786,3971.0975,0,0.2,32.6,0.0,35.648,1.057,16.77,20.74,0.975,2,28.9,6796.9,17.05,21.67,227.5,248.5,21.0,0,0,97,40,42.0,534.3,320.6,0.9032,10.6815,2138.9,0.0761,0,0.6781,0.6801,0.7869,0.375,0.873,0.3,57.2,5.53,1
2026-09-05 16:08:08,11379.5,ON,MPPT,35.9,7180.9,482.5,14.88,46.2,29.0594,0.83416,4.047,111.0,,180.794,3971.2361,0,0.2,32.7,0.0,34.94,1.056,17.64,20.06,0.975,2,27.94,6753.7,17.05,21.77,238.2,248.8,10.6,0,0,97,40,42.0,534.3,320.6,0.9014,10.7143,2096.4,0.0761,0,0.6781,0.6801,0.7869,0.375,0.873,0.3,57.2,5.53,1
2026-09-05 16:08:24,11395.9,ON,MPPT,35.9,7125.7,483.2,14.75,46.2,29.2559,0.8398,4.106,111.0,97.64,,3971.3664,0,0.2,32.8,0.0,35.145,1.057,17.61,19.59,0.974,2,27.29,6717.3,17.05,22.1,250.2,249.1,-1.1,1,0,97,40,42.0,534.3,320.6,0.9021,10.7461,2108.7,0.0761,0,0.6781,0.6801,0.7869,0.375,0.873,0.3,57.2,5.53,1
2026-09-05 16:08:41,11412.5,ON,MPPT,35.7,7094.0,483.3,14.68,46.2,29.1125,0.83568,4.104,111.0,,180.786,3971.5041,0,0.2,33.1,0.0,35.056,1.037,18.79,21.06,0.975,2,29.35,6653.9,17.05,21.46,223.4,249.2,25.8,0,0,97,40,42.0,534.3,320.6,0.9059,10.7787,2103.4,0.0761,0,0.6781,0.6801,0.7869,0.375,0.873,0.3,57.2,5.53,1
2026-09-05 16:08:57,11428.9,ON,MPPT,35.7,7021.7,484.5,14.49,46.1,29.1264,0.83608,4.148,111.0,,180.778,3971.633,0,0.2,33.3,0.0,34.375,1.033,17.02,22.12,0.975,2,30.82,6576.7,17.05,21.53,205.4,249.8,44.4,0,0,97,40,42.0,534.3,320.6,0.9052,10.811,2062.5,0.0761,0,0.6781,0.6801,0.7869,0.375,0.873,0.3,57.2,5.53,1
2026-09-05 16:09:14,11445.4,ON,MPPT,35.7,6994.9,484.7,14.43,46.1,28.8497,0.82814,4.124,111.0,97.64,,3971.7698,0,0.2,33.3,0.0,35.156,1.038,16.55,20.64,0.975,2,28.75,6584.5,17.05,21.59,226.9,249.9,23.0,0,0,97,40,42.0,534.3,320.6,0.9062,10.8425,2109.3,0.0761,0,0.6781,0.6801,0.7869,0.375,0.873,0.3,57.2,5.53,1
2026-09-05 16:09:30,11461.8,ON,MPPT,35.5,7022.4,483.7,14.52,46.1,28.9984,0.83241,4.129,111.0,,180.787,3971.8986,0,0.2,33.6,0.0,33.93,1.01,16.34,21.87,0.975,2,30.47,6554.1,17.05,21.01,198.3,249.4,51.1,0,0,97,40,42.0,534.3,320.6,0.9101,10.8748,2035.8,0.0761,0,0.6781,0.6801,0.7869,0.375,0.873,0.3,57.2,5.53,1
2026-09-05 16:09:47,11478.4,ON,MPPT,35.9,7050.6,482.7,14.61,46.1,29.2689,0.84017,4.151,111.0,,180.791,3972.0356,0,0.2,32.7,0.0,35.31,1.033,15.74,21.43,0.975,2,29.84,6656.3,17.05,21.25,210.5,248.9,38.4,0,0,97,40,42.0,534.3,320.6,0.9043,10.907,2118.6,0.0761,0,0.6781,0.6801,0.7869,0.375,0.873,0.3,57.2,5.53,1
2026-09-05 16:10:03,11494.9,ON,MPPT,35.9,7016.0,482.9,14.53,46.0,29.1972,0.83811,4.161,111.0,97.64,,3972.1654,0,0.2,32.7,0.0,34.539,1.02,19.09,21.49,0.975,2,29.95,6574.9,17.05,21.14,214.2,249.0,34.8,0,0,97,40,42.0,534.3,320.6,0.9063,10.9391,2072.4,0.0761,0,0.6781,0.6801,0.7869,0.375,0.873,0.3,57.2,5.53,1
2026-09-05 16:10:19,11511.3,ON,MPPT,35.7,6863.1,485.6,14.13,45.9,29.0551,0.83403,4.234,111.0,,180.787,3972.3033,0,0.2,33.5,0.0,34.493,1.015,15.94,21.74,0.975,2,30.29,6473.3,17.05,21.01,199.9,250.4,50.5,0,0,97,40,42.0,534.3,320.6,0.9069,10.9703,2069.6,0.0761,0,0.6781,0.6801,0.7869,0.375,0.873,0.3,57.2,5.53,1
2026-09-05 16:10:36,11527.8,ON,MPPT,35.7,6918.6,484.1,14.29,45.9,28.9583,0.83126,4.186,111.0,,180.786,3972.4321,0,0.2,33.3,0.0,33.573,1.014,15.1,23.38,0.974,2,32.56,6526.2,17.05,21.04,178.2,249.6,71.4,0,0,97,40,42.0,534.3,320.6,0.907,11.0021,2014.4,0.0761,0,0.6781,0.6801,0.7869,0.375,0.873,0.3,57.2,5.53,1
2026-09-05 16:10:53,11544.3,ON,MPPT,35.7,6895.4,484.0,14.25,45.9,28.891,0.82932,4.19,111.0,,180.798,3972.5683,0,0.2,33.2,0.0,34.262,1.021,17.15,21.74,0.975,2,30.29,6481.7,17.05,21.15,205.0,249.5,44.5,0,0,97,40,42.0,534.3,320.6,0.9023,11.0339,2055.7,0.0761,0,0.6781,0.6801,0.7869,0.375,0.873,0.3,57.2,5.53,1
2026-09-05 16:11:09,11560.8,ON,MPPT,35.9,6910.4,483.2,14.3,45.8,28.9688,0.83156,4.192,111.0,,180.783,3972.6975,0,0.2,32.7,0.0,34.345,1.022,15.12,22.66,0.975,2,31.57,6527.3,17.05,21.26,191.9,249.1,57.2,0,0,97,40,42.0,534.3,320.6,0.9012,11.0648,2060.7,0.0761,0,0.6781,0.6801,0.7869,0.375,0.873,0.3,57.2,5.53,1
2026-09-05 16:11:25,11577.3,ON,MPPT,35.5,6811.8,484.6,14.06,45.7,28.7814,0.82618,4.225,111.0,97.64,,3972.8343,0,0.2,33.7,0.0,34.619,1.007,18.76,20.01,0.975,2,27.87,6413.2,17.05,20.8,228.6,249.9,21.2,0,0,97,40,42.0,534.3,320.6,0.9068,11.0964,2077.1,0.0761,0,0.6781,0.6801,0.7869,0.375,0.873,0.3,57.2,5.53,1
2026-09-05 16:11:42,11593.8,ON,MPPT,35.5,6803.4,484.2,14.05,45.7,28.4867,0.81772,4.187,111.0,,180.788,3972.9616,0,0.2,33.6,0.0,34.804,0.989,17.09,19.72,0.975,2,27.48,6382.9,17.05,20.63,224.9,249.7,24.7,0,0,97,40,42.0,534.3,320.6,0.9093,11.1277,2088.2,0.0761,0,0.6781,0.6801,0.7869,0.375,0.873,0.3,57.2,5.53,1
2026-09-05 16:11:58,11610.3,ON,MPPT,35.7,6797.6,483.8,14.05,45.6,28.5392,0.81923,4.198,111.0,,180.799,3973.0962,0,0.2,33.2,0.0,35.577,1.009,18.4,20.32,0.975,2,28.93,6416.7,17.05,21.02,217.5,249.4,31.9,0,0,97,40,42.0,534.3,320.6,0.9028,11.1582,2134.6,0.0761,0,0.6781,0.6801,0.7869,0.375,0.873,0.3,57.2,5.53,1
2026-09-05 16:12:15,11626.8,ON,MPPT,34.9,6793.2,483.6,14.05,45.6,28.7302,0.82471,4.229,111.0,,180.799,3973.2233,0,0.2,34.7,0.0,34.471,1.003,18.72,19.51,0.975,2,27.19,6386.8,17.05,20.75,229.5,249.3,19.8,0,0,97,40,42.0,534.3,320.6,0.9061,11.1895,2068.3,0.0761,0,0.6781,0.6801,0.7869,0.375,0.873,0.3,57.2,5.53,1
2026-09-05 16:12:31,11643.3,ON,MPPT,34.9,6703.9,484.8,13.83,45.6,27.495,0.78925,4.101,111.0,,180.794,3973.3557,0,0.2,34.8,0.0,33.685,0.987,15.59,20.24,0.975,2,28.2,6284.3,17.05,20.81,214.8,250.0,35.2,0,0,97,40,42.0,534.3,320.6,0.9106,11.2205,2021.1,0.0761,0,0.6781,0.6801,0.7869,0.375,0.873,0.3,57.2,5.53,1
2026-09-05 16:12:48,11659.7,ON,MPPT,35.5,6806.0,482.3,14.11,45.6,27.1654,0.77979,3.991,111.0,,180.789,3973.4769,0,0.2,33.4,0.0,34.694,1.017,17.86,19.24,0.975,2,27.35,6440.5,17.05,21.41,238.3,248.7,10.4,0,0,97,40,42.0,534.3,320.6,0.899,11.2507,2081.7,0.0761,0,0.6781,0.6801,0.7869,0.375,0.873,0.3,57.2,5.53,1
2026-09-05 16:13:04,11676.3,ON,MPPT,35.1,6749.8,483.3,13.97,45.6,27.5151,0.78983,4.076,111.0,97.64,,3973.6064,0,0.2,34.3,0.0,34.851,0.982,17.61,18.93,0.975,2,26.38,6304.0,17.05,20.46,232.8,249.2,16.3,0,0,97,40,42.0,534.3,320.6,0.906,11.2816,2091.1,0.0761,0,0.6781,0.6801,0.7869,0.375,0.873,0.3,57.2,5.53,1
2026-09-05 16:13:21,11692.7,ON,MPPT,35.1,6721.6,483.6,13.9,45.5,27.4576,0.78818,4.085,111.0,97.64,,3973.7286,0,0.2,34.3,0.0,34.287,0.991,17.1,20.85,0.975,2,29.06,6296.9,17.05,20.61,206.1,249.3,43.3,0,0,97,40,42.0,534.3,320.6,0.9079,11.3125,2057.2,0.0761,0,0.6781,0.6801,0.7869,0.375,0.873,0.3,57.2,5.53,1
2026-09-05 16:13:37,11709.2,ON,MPPT,34.9,6568.5,486.4,13.51,45.4,27.6252,0.79299,4.206,111.0,,180.774,3973.8585,0,0.2,35.1,0.0,32.95,0.972,16.21,22.37,0.974,2,31.15,6175.6,17.05,20.18,177.3,250.8,73.5,0,0,97,40,42.0,534.3,320.6,0.9104,11.3424,1977.0,0.0761,0,0.6781,0.6801,0.7869,0.375,0.873,0.3,57.2,5.53,1
2026-09-05 16:13:54,11725.7,ON,MPPT,34.9,6689.5,483.7,13.83,45.5,27.9014,0.80092,4.171,111.0,,180.785,3973.9819,0,0.2,34.7,0.0,33.584,0.984,16.34,20.15,0.975,2,28.08,6272.2,17.05,20.44,211.2,249.4,38.2,0,0,97,40,42.0,534.3,320.6,0.9079,11.3732,2015.0,0.0761,0,0.6781,0.6801,0.7869,0.375,0.873,0.3,57.2,5.53,1
2026-09-05 16:14:10,11742.2,ON,MPPT,34.7,6504.0,486.9,13.36,45.4,27.134,0.77889,4.172,111.0,,180.783,3974.1116,0,0.2,35.5,0.0,34.081,0.964,17.44,20.15,0.975,2,28.08,6178.5,17.05,20.06,208.0,251.0,43.0,0,0,97,40,42.0,534.3,320.6,0.9123,11.4037,2044.9,0.0761,0,0.6781,0.6801,0.7869,0.375,0.873,0.3,57.2,5.53,1
2026-09-05 16:14:27,11758.7,ON,MPPT,34.7,6536.6,486.0,13.45,45.4,27.14,0.77906,4.152,111.0,97.63,,3974.2321,0,0.2,35.4,0.0,33.705,0.974,18.97,21.22,0.975,2,29.56,6167.0,17.05,20.22,200.4,250.6,50.2,0,0,97,40,42.0,534.3,320.6,0.9097,11.4334,2022.3,0.0761,0,0.6781,0.6801,0.7869,0.375,0.873,0.3,57.2,5.53,1
2026-09-05 16:14:43,11775.2,ON,MPPT,35.1,6621.6,484.1,13.68,45.3,27.3583,0.78533,4.132,111.0,97.64,,3974.3606,0,0.2,34.4,0.0,34.493,0.973,18.77,18.7,0.975,2,26.05,6190.9,17.05,19.9,230.1,249.6,19.5,0,0,97,40,42.0,534.3,320.6,0.9079,11.4638,2069.6,0.0761,0,0.6781,0.6801,0.7869,0.375,0.873,0.3,57.2,5.53,1
2026-09-05 16:15:00,11791.6,ON,MPPT,35.1,6623.1,483.7,13.69,45.4,27.3313,0.78455,4.127,111.0,,180.796,3974.4818,0,0.2,34.3,0.0,34.426,0.972,16.26,18.78,0.975,2,26.17,6194.5,17.05,19.6,220.5,249.4,28.9,0,0,97,40,42.0,534.3,320.6,0.9082,11.4941,2065.6,0.0761,0,0.6781,0.6801,0.7869,0.375,0.873,0.3,57.2,5.53,1
2026-09-05 16:15:16,11808.1,ON,MPPT,34.5,6435.9,487.1,13.21,45.4,26.8693,0.77129,4.175,111.0,,180.783,3974.6102,0,0.2,35.9,0.0,33.359,0.967,17.07,20.66,0.975,2,28.79,6079.7,17.05,20.09,199.3,251.1,51.8,0,0,97,40,42.0,534.3,320.6,0.9107,11.5236,2001.5,0.0761,0,0.6781,0.6801,0.7869,0.375,0.873,0.3,57.2,5.53,1
2026-09-05 16:15:33,11824.6,ON,MPPT,34.9,6542.8,484.5,13.5,45.3,27.0034,0.77514,4.127,111.0,,180.786,3974.7294,0,0.2,34.8,0.0,33.297,0.97,15.58,20.75,0.975,2,28.9,6110.9,17.05,20.09,198.5,249.8,51.3,0,0,97,40,42.0,534.3,320.6,0.9085,11.5537,1997.8,0.0761,0,0.6781,0.6801,0.7869,0.375,0.873,0.3,57.2,5.53,1
2026-09-05 16:15:49,11841.0,ON,MPPT,34.5,6383.4,487.6,13.09,45.3,27.2802,0.78308,4.274,111.0,,180.782,3974.85,0,0.2,36.0,0.0,33.938,0.957,16.9,20.42,0.975,2,28.46,5992.7,17.05,19.72,199.0,251.4,52.4,0,0,97,40,42.0,534.3,320.6,0.9101,11.5837,2036.3,0.0761,0,0.6781,0.6801,0.7869,0.375,0.873,0.3,57.2,5.53,1
2026-09-05 16:16:06,11857.5,ON,MPPT,34.7,6405.0,486.8,13.16,45.2,26.9132,0.77255,4.202,111.0,,180.783,3974.978,0,0.2,35.5,0.0,33.687,0.956,17.66,20.63,0.975,2,28.74,6010.1,17.05,19.91,200.9,251.0,50.0,0,0,97,40,42.0,534.3,320.6,0.9096,11.6128,2021.2,0.0761,0,0.6781,0.6801,0.7869,0.375,0.873,0.3,57.2,5.53,1
2026-09-05 16:16:22,11874.1,ON,MPPT,34.3,6420.7,486.2,13.21,45.2,26.8862,0.77178,4.187,111.0,,180.788,3975.0979,0,0.2,36.1,0.0,33.882,0.975,19.28,20.4,0.975,2,28.44,6047.3,17.05,20.49,215.4,250.7,35.3,0,0,97,40,42.0,534.3,320.6,0.9085,11.6426,2032.9,0.0761,0,0.6781,0.6801,0.7869,0.375,0.873,0.3,57.2,5.53,1
2026-09-05 16:16:39,11890.5,ON,MPPT,34.7,6442.0,485.2,13.28,45.2,26.3031,0.75504,4.083,111.0,,180.718,3975.2232,0,0.2,35.3,0.0,33.47,0.948,17.61,17.53,0.975,2,24.42,6011.9,17.05,19.6,236.6,250.2,13.5,0,0,97,40,42.0,534.3,320.6,0.9111,11.6723,2008.2,0.0761,0,0.6781,0.6801,0.7869,0.375,0.873,0.3,57.2,5.53,1
2026-09-05 16:16:55,11907.0,ON,MPPT,34.5,6300.8,487.6,12.92,45.1,26.6451,0.76486,4.229,111.0,,180.787,3975.3406,0,0.2,36.0,0.0,34.093,0.945,16.73,17.69,0.975,2,24.64,5913.6,17.05,19.45,232.8,251.4,18.7,0,0,97,40,42.0,534.3,320.6,0.9114,11.7011,2045.6,0.0761,0,0.6781,0.6801,0.7869,0.375,0.873,0.3,57.2,5.53,1
2026-09-05 16:17:12,11923.4,ON,MPPT,34.5,6403.4,485.3,13.19,45.2,26.4436,0.75907,4.13,111.0,,180.782,3975.4661,0,0.2,35.7,0.0,34.096,0.957,16.36,19.39,0.975,2,27.02,5972.2,17.05,19.68,210.5,250.2,39.7,0,0,97,40,42.0,534.3,320.6,0.9052,11.7305,2045.8,0.0761,0,0.6781,0.6801,0.7869,0.375,0.873,0.3,57.2,5.53,1
2026-09-05 16:17:28,11940.0,ON,MPPT,34.5,6359.3,485.6,13.09,45.1,26.1305,0.75008,4.109,111.0,,180.781,3975.5825,0,0.2,35.7,0.0,33.125,0.938,17.69,20.09,0.975,2,27.99,5953.0,17.05,19.44,198.8,250.4,51.5,0,0,97,40,42.0,534.3,320.6,0.912,11.7599,1987.5,0.0761,0,0.6781,0.6801,0.7869,0.375,0.873,0.3,57.2,5.53,1
2026-09-05 16:17:45,11956.4,ON,MPPT,34.3,6315.6,486.0,12.99,45.1,26.3218,0.75557,4.168,111.0,,180.784,3975.7064,0,0.2,36.1,0.0,32.366,0.936,17.96,19.15,0.974,2,26.67,5900.2,17.05,19.68,214.1,250.6,36.5,0,0,97,40,42.0,534.3,320.6,0.9117,11.7884,1942.0,0.0761,0,0.6781,0.6801,0.7869,0.375,0.873,0.3,57.2,5.53,1
2026-09-05 16:18:01,11972.9,ON,MPPT,34.3,6350.6,485.2,13.09,45.1,26.1907,0.75181,4.124,111.0,,180.79,3975.8234,0,0.2,36.0,0.0,33.254,0.954,15.1,20.63,0.975,2,28.74,5972.3,17.05,19.7,191.6,250.2,58.5,0,0,97,40,42.0,534.3,320.6,0.9075,11.8176,1995.3,0.0761,0,0.6781,0.6801,0.7869,0.375,0.873,0.3,57.2,5.53,1
2026-09-05 16:18:18,11989.4,ON,MPPT,34.7,6551.7,479.9,13.65,45.1,25.7017,0.73778,3.923,111.0,,180.783,3975.9452,0,0.2,34.6,0.0,34.0,0.973,16.65,19.53,0.975,2,27.22,6128.6,17.05,20.16,215.8,247.4,31.6,0,0,97,40,42.0,534.3,320.6,0.899,11.8461,2040.0,0.0761,0,0.6781,0.6801,0.7869,0.375,0.873,0.3,57.2,5.53,1
2026-09-05 16:18:34,12005.9,ON,MPPT,34.5,6298.9,485.7,12.97,45.0,26.0283,0.74715,4.132,111.0,,180.783,3976.0604,0,0.2,35.7,0.0,34.154,0.95,17.46,20.08,0.975,2,27.99,5925.4,17.05,19.74,203.5,250.4,47.0,0,0,97,40,42.0,534.3,320.6,0.9069,11.8752,2049.3,0.0761,0,0.6781,0.6801,0.7869,0.375,0.873,0.3,57.2,5.53,1
2026-09-05 16:18:51,12022.4,ON,MPPT,34.5,6344.1,484.4,13.1,45.0,25.958,0.74513,4.092,111.0,,180.782,3976.1833,0,0.2,35.5,0.0,33.789,0.94,15.82,19.25,0.975,2,26.82,5920.1,17.05,19.31,206.4,249.7,43.4,0,0,97,40,42.0,534.3,320.6,0.9068,11.904,2027.3,0.0761,0,0.6781,0.6801,0.7869,0.375,0.873,0.3,57.2,5.53,1
2026-09-05 16:19:07,12038.8,ON,MPPT,34.1,6183.8,487.3,12.69,44.9,25.7514,0.7392,4.164,111.0,,180.785,3976.2987,0,0.2,36.7,0.0,33.108,0.934,18.34,18.2,0.975,2,25.36,5805.5,17.05,19.33,224.3,251.2,26.9,0,0,97,40,42.0,534.3,320.6,0.9097,11.9328,1986.5,0.0761,0,0.6781,0.6801,0.7869,0.375,0.873,0.3,57.2,5.53,1
2026-09-05 16:19:23,12055.3,ON,MPPT,34.3,6310.9,483.9,13.04,45.0,25.8295,0.74144,4.093,111.0,,180.768,3976.4202,0,0.2,35.8,0.0,32.285,0.935,15.14,20.54,0.974,2,28.6,5877.3,17.05,19.15,185.5,249.5,63.9,0,0,97,40,42.0,534.3,320.6,0.9081,11.9608,1937.1,0.0761,0,0.6781,0.6801,0.7869,0.375,0.873,0.3,57.2,5.53,1
2026-09-05 16:19:40,12071.9,ON,MPPT,34.3,6233.8,485.2,12.85,44.9,25.7801,0.74003,4.136,111.0,,180.783,3976.5355,0,0.2,36.0,0.0,33.155,0.924,16.92,19.13,0.975,2,26.66,5813.0,17.05,19.03,203.4,250.1,46.8,0,0,97,40,42.0,534.3,320.6,0.9082,11.9894,1989.3,0.0761,0,0.6781,0.6801,0.7869,0.375,0.873,0.3,57.2,5.53,1
2026-09-05 16:19:57,12088.3,ON,MPPT,33.9,6070.5,488.1,12.44,44.8,25.4761,0.7313,4.197,111.0,,180.787,3976.6562,0,0.2,37.1,0.0,32.582,0.921,16.58,20.23,0.975,2,28.19,5700.4,17.05,19.45,193.9,251.7,57.8,0,0,97,40,42.0,534.3,320.6,0.9108,12.0178,1954.9,0.0761,0,0.6781,0.6801,0.7869,0.375,0.873,0.3,57.2,5.53,1
2026-09-05 16:20:13,12104.8,ON,MPPT,34.1,6078.5,487.6,12.47,44.8,25.4298,0.72997,4.184,111.0,,180.786,3976.7692,0,0.2,36.7,0.0,33.831,0.92,17.76,18.53,0.975,2,25.83,5718.4,17.05,18.74,210.3,251.4,41.1,0,0,97,40,42.0,534.3,320.6,0.9103,12.0454,2029.8,0.0761,0,0.6781,0.6801,0.7869,0.375,0.873,0.3,57.2,5.53,1
2026-09-05 16:20:29,12121.3,ON,MPPT,34.1,6133.2,486.2,12.62,44.8,25.3395,0.72738,4.132,111.0,97.64,,3976.8892,0,0.2,36.5,0.0,32.755,0.929,17.54,20.7,0.975,2,28.84,5741.2,17.05,19.24,186.9,250.7,63.7,0,0,97,40,42.0,534.3,320.6,0.9096,12.0737,1965.3,0.0761,0,0.6781,0.6801,0.7869,0.375,0.873,0.3,57.2,5.53,1
2026-09-05 16:20:46,12137.8,ON,MPPT,33.9,6125.7,486.1,12.6,44.8,25.5025,0.73206,4.163,111.0,,180.787,3977.0022,0,0.2,36.9,0.0,32.984,0.913,18.65,19.41,0.975,2,27.05,5737.8,17.05,19.11,204.0,250.6,46.6,0,0,97,40,42.0,534.3,320.6,0.9123,12.1019,1979.0,0.0761,0,0.6781,0.6801,0.7869,0.375,0.873,0.3,57.2,5.53,1
2026-09-05 16:21:02,12154.3,ON,MPPT,34.3,6129.9,485.5,12.63,44.8,25.3515,0.72772,4.136,111.0,,180.788,3977.1225,0,0.2,36.1,0.0,33.488,0.929,16.29,19.45,0.975,2,27.11,5770.5,17.05,19.18,201.5,250.3,48.8,0,0,97,40,42.0,534.3,320.6,0.9056,12.1294,2009.3,0.0761,0,0.6781,0.6801,0.7869,0.375,0.873,0.3,57.2,5.53,1
2026-09-05 16:21:19,12170.8,ON,MPPT,33.9,6027.5,487.0,12.38,44.7,25.2474,0.72473,4.189,111.0,97.64,,3977.2348,0,0.2,37.0,0.0,33.007,0.918,17.93,19.91,0.975,2,27.74,5644.7,17.05,18.73,190.0,251.1,61.1,0,0,97,40,42.0,534.3,320.6,0.911,12.1575,1980.4,0.0761,0,0.6781,0.6801,0.7869,0.375,0.873,0.3,57.2,5.53,1
2026-09-05 16:21:35,12187.2,ON,MPPT,33.9,6031.3,486.4,12.4,44.7,25.2381,0.72447,4.184,111.0,97.64,,3977.354,0,0.2,36.9,0.0,32.673,0.917,16.27,19.2,0.975,2,26.75,5643.3,17.05,18.85,199.3,250.8,51.4,0,0,97,40,42.0,534.3,320.6,0.907,12.1854,1960.4,0.0761,0,0.6781,0.6801,0.7869,0.375,0.873,0.3,57.2,5.53,1
2026-09-05 16:21:52,12203.7,ON,MPPT,34.1,6090.2,484.7,12.57,44.6,24.966,0.71666,4.099,111.0,,180.789,3977.4658,0,0.2,36.3,0.0,33.202,0.916,17.35,19.35,0.975,2,26.96,5674.4,17.05,18.98,201.1,249.9,48.8,0,0,97,40,42.0,534.3,320.6,0.9065,12.2125,1992.1,0.0761,0,0.6781,0.6801,0.7869,0.375,0.873,0.3,57.2,5.53,1
2026-09-05 16:22:08,12220.2,ON,MPPT,33.7,5939.2,487.3,12.19,44.5,24.8622,0.71368,4.186,111.0,,180.789,3977.5831,0,0.2,37.4,0.0,32.877,0.901,17.05,18.85,0.975,2,26.27,5561.4,17.05,18.36,197.9,251.2,53.3,0,0,97,40,42.0,534.3,320.6,0.9098,12.2402,1972.6,0.0761,0,0.6781,0.6801,0.7869,0.375,0.873,0.3,57.2,5.53,1
2026-09-05 16:22:25,12236.6,ON,MPPT,33.7,5935.5,486.8,12.19,44.5,24.9451,0.71605,4.203,111.0,,180.788,3977.6937,0,0.2,37.3,0.0,31.909,0.899,16.61,19.13,0.975,2,26.65,5559.2,17.05,18.58,195.5,251.0,55.5,0,0,97,40,42.0,534.3,320.6,0.9083,12.2677,1914.5,0.0761,0,0.6781,0.6801,0.7869,0.375,0.873,0.3,57.2,5.53,1
2026-09-05 16:22:41,12253.1,ON,MPPT,33.5,5863.5,487.5,12.03,44.4,24.8716,0.71395,4.242,111.0,,180.797,3977.8047,0,0.2,37.8,0.0,31.991,0.88,17.81,17.32,0.975,2,24.13,5486.4,17.05,17.72,208.6,251.4,42.8,0,0,97,40,42.0,534.3,320.6,0.9131,12.2944,1919.5,0.0761,0,0.6781,0.6801,0.7869,0.375,0.873,0.3,57.2,5.53,1
2026-09-05 16:22:58,12269.6,ON,MPPT,33.9,5991.2,484.3,12.37,44.4,24.5245,0.70398,4.093,111.0,,180.789,3977.9208,0,0.2,36.6,0.0,32.484,0.893,17.63,17.26,0.975,2,24.04,5578.3,17.05,18.11,215.7,249.7,34.0,0,0,97,40,42.0,534.3,320.6,0.9085,12.3217,1949.0,0.0761,0,0.6781,0.6801,0.7869,0.375,0.873,0.3,57.2,5.53,1
2026-09-05 16:23:14,12286.1,ON,MPPT,33.9,5987.9,483.9,12.37,44.4,24.7977,0.71183,4.141,111.0,97.64,,3978.0374,0,0.2,36.6,0.0,33.315,0.894,16.84,18.91,0.975,2,26.36,5574.2,17.05,18.59,198.8,249.5,50.7,0,0,97,40,42.0,534.3,320.6,0.9085,12.349,1998.9,0.0761,0,0.6781,0.6801,0.7869,0.375,0.873,0.3,57.2,5.53,1
2026-09-05 16:23:31,12302.6,ON,MPPT,33.7,5936.4,484.7,12.25,44.4,24.3814,0.69987,4.107,111.0,,180.779,3978.1465,0,0.2,37.1,0.0,32.13,0.891,17.79,18.66,0.975,2,25.99,5551.6,17.05,18.6,203.7,249.9,46.2,0,0,97,40,42.0,534.3,320.6,0.9081,12.3754,1927.8,0.0761,0,0.6781,0.6801,0.7869,0.375,0.873,0.3,57.2,5.53,1
2026-09-05 16:23:47,12319.0,ON,MPPT,33.3,5752.7,488.3,11.78,44.3,24.3517,0.69902,4.233,111.0,97.64,,3978.2551,0,0.2,38.3,0.0,32.306,0.87,17.19,18.12,0.975,2,25.25,5395.9,17.05,18.27,204.3,251.7,47.4,0,0,97,40,42.0,534.3,320.6,0.9124,12.4024,1938.3,0.0761,0,0.6781,0.6801,0.7869,0.375,0.873,0.3,57.2,5.53,1
2026-09-05 16:24:04,12335.6,ON,MPPT,33.7,5898.3,484.7,12.17,44.3,24.1796,0.69408,4.099,111.0,97.64,,3978.3696,0,0.2,37.1,0.0,33.354,0.882,16.61,18.31,0.975,2,25.51,5487.5,17.05,17.51,192.0,249.9,57.9,0,0,97,40,42.0,534.3,320.6,0.9099,12.4293,2001.2,0.0761,0,0.6781,0.6801,0.7869,0.375,0.873,0.3,57.2,5.53,1
2026-09-05 16:24:20,12352.0,ON,MPPT,33.1,5649.8,489.2,11.55,44.2,23.4254,0.67243,4.146,111.0,,180.79,3978.4763,0,0.2,38.8,0.0,32.395,0.864,18.71,15.21,0.975,2,21.19,5279.6,17.05,17.59,237.0,252.2,15.2,0,0,97,40,42.0,534.3,320.6,0.9143,12.4554,1943.7,0.0761,0,0.6781,0.6801,0.7869,0.375,0.873,0.3,57.2,5.53,1
2026-09-05 16:24:37,12368.5,ON,MPPT,33.1,5868.0,484.4,12.11,44.3,23.2378,0.66705,3.96,111.0,97.64,,3978.5859,0,0.2,38.2,0.0,32.248,0.899,17.27,19.02,0.975,2,26.5,5500.8,17.05,18.38,192.4,249.8,57.4,0,0,97,40,42.0,534.3,320.6,0.9084,12.4823,1934.9,0.0761,0,0.6781,0.6801,0.7869,0.375,0.873,0.3,57.2,5.53,1
2026-09-05 16:24:53,12385.0,ON,MPPT,32.7,5667.5,488.3,11.61,44.2,23.0718,0.66228,4.071,111.0,,180.788,3978.6892,0,0.2,39.4,0.0,33.303,0.881,17.8,17.82,0.976,2,24.86,5310.9,17.05,18.51,211.4,251.8,40.4,0,0,97,40,42.0,534.3,320.6,0.9115,12.5089,1998.2,0.0761,0,0.6781,0.6801,0.7869,0.375,0.873,0.3,57.2,5.53,1
2026-09-05 16:25:10,12401.5,ON,MPPT,33.3,5810.6,484.9,11.98,44.1,22.7866,0.6541,3.922,111.0,,180.787,3978.7965,0,0.2,37.8,0.0,32.23,0.89,15.71,18.42,0.975,2,25.67,5437.3,17.05,18.19,197.2,250.0,52.8,0,0,97,40,42.0,534.3,320.6,0.9058,12.5348,1933.8,0.0761,0,0.6781,0.6801,0.7869,0.375,0.873,0.3,57.2,5.53,1
2026-09-05 16:25:26,12418.0,ON,MPPT,32.9,5685.4,487.0,11.67,44.2,23.0184,0.66075,4.049,111.0,,180.797,3978.8987,0,0.2,38.9,0.0,32.018,0.861,16.17,18.08,0.975,2,25.2,5303.3,17.05,18.2,199.8,251.1,51.3,0,0,97,40,42.0,534.3,320.6,0.9127,12.5611,1921.1,0.0761,0,0.6781,0.6801,0.7869,0.375,0.873,0.3,57.2,5.53,1
2026-09-05 16:25:43,12434.4,ON,MPPT,32.9,5691.4,486.8,11.69,44.1,22.6133,0.64912,3.973,111.0,,180.784,3979.0061,0,0.2,38.8,0.0,31.851,0.863,19.18,17.81,0.975,2,24.83,5306.2,17.05,18.13,207.9,251.0,43.1,0,0,97,40,42.0,534.3,320.6,0.9135,12.5874,1911.0,0.0761,0,0.6781,0.6801,0.7869,0.375,0.873,0.3,57.2,5.53,1
2026-09-05 16:25:59,12450.9,ON,MPPT,33.1,5641.4,487.4,11.57,44.1,22.5809,0.64819,4.003,111.0,,180.786,3979.1061,0,0.2,38.5,0.0,32.196,0.865,18.81,15.37,0.975,2,21.42,5288.2,17.05,17.8,236.4,251.3,14.9,0,0,97,40,42.0,534.3,320.6,0.9105,12.6129,1931.8,0.0761,0,0.6781,0.6801,0.7869,0.375,0.873,0.3,57.2,5.53,1
2026-09-05 16:26:16,12467.4,ON,MPPT,33.1,5669.4,486.5,11.65,44.0,23.1115,0.66342,4.077,111.0,,180.786,3979.2142,0,0.2,38.4,0.0,31.493,0.875,17.49,18.47,0.975,2,25.72,5305.7,17.05,18.38,199.4,250.8,51.4,0,0,97,40,42.0,534.3,320.6,0.9092,12.639,1889.6,0.0761,0,0.6781,0.6801,0.7869,0.375,0.873,0.3,57.2,5.53,1
2026-09-05 16:26:32,12483.9,ON,MPPT,32.7,5552.6,488.8,11.36,44.1,23.09,0.6628,4.158,111.0,,180.778,3979.3172,0,0.2,39.4,0.0,31.667,0.866,17.15,15.93,0.975,2,22.2,5227.6,17.05,17.67,223.7,252.0,28.3,0,0,97,40,42.0,534.3,320.6,0.9086,12.6652,1900.0,0.0761,0,0.6781,0.6801,0.7869,0.375,0.873,0.3,57.2,5.53,1
2026-09-05 16:26:49,12500.4,ON,MPPT,32.9,5779.1,483.2,11.96,44.0,22.3808,0.64245,3.873,111.0,,180.788,3979.4245,0,0.2,38.4,0.0,32.389,0.884,16.58,17.85,0.975,2,24.88,5370.0,17.05,18.27,205.1,249.1,44.1,0,0,97,40,42.0,534.3,320.6,0.9061,12.6908,1943.4,0.0761,0,0.6781,0.6801,0.7869,0.375,0.873,0.3,57.2,5.53,1
2026-09-05 16:27:05,12516.8,ON,MPPT,32.9,5612.2,486.6,11.53,44.0,22.255,0.63884,3.965,111.0,,180.788,3979.5241,0,0.2,38.8,0.0,32.266,0.85,14.97,18.11,0.975,2,25.23,5233.5,17.05,17.26,185.7,250.9,65.2,0,0,97,40,42.0,534.3,320.6,0.9112,12.7167,1936.0,0.0761,0,0.6781,0.6801,0.7869,0.375,0.873,0.3,57.2,5.53,1
2026-09-05 16:27:22,12533.4,ON,MPPT,32.7,5585.6,486.6,11.48,43.9,22.495,0.64573,4.027,111.0,,180.786,3979.6298,0,0.2,39.2,0.0,33.306,0.848,17.72,16.54,0.975,2,23.05,5220.6,17.05,16.73,203.1,250.9,47.8,0,0,97,40,42.0,534.3,320.6,0.913,12.7425,1998.4,0.0761,0,0.6781,0.6801,0.7869,0.375,0.873,0.3,57.2,5.53,1
2026-09-05 16:27:38,12549.9,ON,MPPT,33.1,5598.2,485.8,11.52,43.9,22.4556,0.64459,4.011,111.0,,180.788,3979.7298,0,0.2,38.3,0.0,33.914,0.866,16.17,17.01,0.975,2,23.71,5249.4,17.05,17.62,208.8,250.4,41.6,0,0,97,40,42.0,534.3,320.6,0.9063,12.7675,2034.8,0.0761,0,0.6781,0.6801,0.7869,0.375,0.873,0.3,57.2,5.53,1
2026-09-05 16:27:55,12566.3,ON,MPPT,32.7,5510.7,487.5,11.3,43.9,22.4837,0.6454,4.08,111.0,,180.783,3979.836,0,0.2,39.3,0.0,32.048,0.835,15.99,18.15,0.975,2,25.28,5127.0,17.05,16.29,171.6,251.3,79.8,0,0,97,40,42.0,534.3,320.6,0.9129,12.7932,1922.9,0.0761,0,0.6781,0.6801,0.7869,0.375,0.873,0.3,57.2,5.53,1
2026-09-05 16:28:11,12582.8,ON,MPPT,32.7,5510.9,487.0,11.32,43.8,22.508,0.6461,4.084,111.0,,180.757,3979.9357,0,0.2,39.2,0.0,32.099,0.834,18.66,15.7,0.975,2,21.89,5121.2,17.05,17.58,226.5,251.1,24.6,0,0,97,40,42.0,534.3,320.6,0.9149,12.8187,1926.0,0.0761,0,0.6781,0.6801,0.7869,0.375,0.873,0.3,57.2,5.53,1
2026-09-05 16:28:28,12599.4,ON,MPPT,32.9,5496.1,486.8,11.29,43.8,22.4554,0.64459,4.086,111.0,,180.795,3980.0419,0,0.2,38.8,0.0,30.941,0.847,17.71,17.33,0.975,2,24.14,5150.8,17.05,17.81,206.3,251.0,44.7,0,0,97,40,42.0,534.3,320.6,0.9087,12.8435,1856.5,0.0761,0,0.6781,0.6801,0.7869,0.375,0.873,0.3,57.2,5.53,1
2026-09-05 16:28:44,12615.8,ON,MPPT,32.9,5552.3,485.3,11.44,43.7,22.2699,0.63926,4.011,111.0,,180.788,3980.1414,0,0.2,38.6,0.0,31.615,0.841,18.35,17.14,0.975,2,23.88,5156.0,17.05,16.91,196.5,250.2,53.7,0,0,97,40,42.0,534.3,320.6,0.9086,12.8689,1896.9,0.0761,0,0.6781,0.6801,0.7869,0.375,0.873,0.3,57.2,5.53,1
2026-09-05 16:29:00,12632.3,ON,MPPT,32.5,5499.8,486.2,11.31,43.8,21.6625,0.62183,3.939,111.0,97.64,,3980.2456,0,0.2,39.5,0.0,30.901,0.876,17.0,18.84,0.975,2,26.25,5163.4,17.05,18.08,186.1,250.6,64.6,0,0,97,40,42.0,534.3,320.6,0.9021,12.8942,1854.1,0.0761,0,0.6781,0.6801,0.7869,0.375,0.873,0.3,57.2,5.53,1
2026-09-05 16:29:17,12648.8,ON,MPPT,32.3,5436.4,487.4,11.15,43.8,,,,,,180.783,,0,0.2,40.0,0.0,32.4,0.842,16.75,17.53,0.975,2,24.44,5077.4,17.05,17.47,196.3,251.3,55.0,0,0,97,40,42.0,534.3,320.6,0.9084,12.9202,1944.0,0.0761,0,0.6781,0.6801,0.7869,0.375,0.873,0.3,57.2,5.53,1
2026-09-05 16:29:34,12665.8,ON,MPPT,32.5,5512.3,485.2,11.36,43.8,21.171,0.60772,3.841,111.0,97.64,,3980.4415,0,0.2,39.4,0.0,31.639,0.853,15.78,17.61,0.975,2,24.55,5126.7,17.05,17.57,196.1,250.2,54.1,0,0,97,40,42.0,534.3,320.6,0.91,12.9454,1898.3,0.0761,0,0.6781,0.6801,0.7869,0.375,0.873,0.3,57.2,5.53,1
2026-09-05 16:29:50,12682.3,ON,MPPT,32.1,5314.6,489.1,10.87,43.7,21.387,0.61392,4.024,111.0,97.64,,3980.5418,0,0.2,40.6,0.0,31.405,0.83,15.89,17.06,0.975,2,23.77,4967.2,17.05,17.02,195.1,252.2,57.0,0,0,97,40,42.0,534.3,320.6,0.9134,12.9698,1884.3,0.0761,0,0.6781,0.6801,0.7869,0.375,0.873,0.3,57.2,5.53,1
2026-09-05 16:30:07,12698.8,ON,MPPT,32.3,5406.0,486.7,11.11,43.7,21.4827,0.61667,3.974,111.0,,180.771,3980.637,0,0.2,39.9,0.0,31.173,0.837,16.67,18.1,0.975,2,25.22,5006.6,17.05,17.68,190.7,251.0,60.2,0,0,97,40,42.0,534.3,320.6,0.9106,12.9947,1870.4,0.0761,0,0.6781,0.6801,0.7869,0.375,0.873,0.3,57.2,5.53,1
2026-09-05 16:30:24,12715.3,ON,MPPT,32.1,5344.0,487.6,10.96,43.7,,,,,,180.772,,0,0.2,40.4,0.0,30.771,0.831,17.05,17.56,0.975,2,24.47,4954.4,17.05,16.95,186.5,251.4,64.9,0,0,97,40,42.0,534.3,320.6,0.9118,13.0202,1846.3,0.0761,0,0.6781,0.6801,0.7869,0.375,0.873,0.3,57.2,5.53,1
2026-09-05 16:30:41,12732.4,ON,MPPT,32.1,5303.0,488.0,10.87,43.7,21.152,0.60717,3.989,111.0,,180.782,3980.8368,0,0.2,40.5,0.0,31.215,0.817,18.32,17.95,0.975,2,25.02,4937.5,17.05,16.32,175.7,251.6,75.9,0,0,97,40,42.0,534.3,320.6,0.9124,13.0448,1872.9,0.0761,0,0.6781,0.6801,0.7869,0.375,0.873,0.3,57.2,5.53,1
2026-09-05 16:30:57,12748.9,ON,MPPT,32.5,5408.1,485.0,11.15,43.6,21.2203,0.60913,3.924,111.0,,180.78,3980.9307,0,0.2,39.4,0.0,31.437,0.824,15.68,16.35,0.975,2,22.77,5018.9,17.05,16.45,197.5,250.1,52.5,0,0,97,40,42.0,534.3,320.6,0.9091,13.0688,1886.2,0.0761,0,0.6781,0.6801,0.7869,0.375,0.873,0.3,57.2,5.53,1
2026-09-05 16:31:14,12765.3,ON,MPPT,32.3,5282.2,487.4,10.84,43.6,21.0948,0.60553,3.994,111.0,,180.79,3981.0303,0,0.2,40.0,0.0,31.092,0.818,19.1,16.98,0.975,2,23.67,4904.3,17.05,17.24,204.3,251.3,47.0,0,0,97,40,42.0,534.3,320.6,0.9112,13.0931,1865.5,0.0761,0,0.6781,0.6801,0.7869,0.375,0.873,0.3,57.2,5.53,1
2026-09-05 16:31:30,12781.8,ON,MPPT,32.3,5272.7,487.0,10.83,43.5,21.0501,0.60425,3.992,111.0,,180.785,3981.1238,0,0.2,40.0,0.0,32.082,0.817,17.26,15.3,0.975,2,21.33,4906.7,17.05,17.25,224.5,251.1,26.6,0,0,97,40,42.0,534.3,320.6,0.9119,13.1175,1924.9,0.0761,0,0.6781,0.6801,0.7869,0.375,0.873,0.3,57.2,5.53,1
2026-09-05 16:31:47,12798.4,ON,MPPT,32.3,5284.0,486.3,10.87,43.5,21.0653,0.60468,3.987,111.0,,180.784,3981.2232,0,0.2,39.9,0.0,31.452,0.806,16.33,16.93,0.975,2,23.6,4895.0,17.05,16.67,191.8,250.7,58.9,0,0,97,40,42.0,534.3,320.6,0.9128,13.1417,1887.1,0.0761,0,0.6781,0.6801,0.7869,0.375,0.873,0.3,57.2,5.53,1
2026-09-05 16:32:03,12814.9,ON,MPPT,32.1,5253.6,486.5,10.8,43.5,20.6959,0.59408,3.939,111.0,97.64,,3981.3161,0,0.2,40.3,0.0,31.348,0.805,16.26,16.25,0.975,2,22.65,4870.9,17.05,16.18,193.8,250.8,57.1,0,0,97,40,42.0,534.3,320.6,0.9119,13.1651,1880.9,0.0761,0,0.6781,0.6801,0.7869,0.375,0.873,0.3,57.2,5.53,1
2026-09-05 16:32:20,12831.3,ON,MPPT,32.1,5201.5,487.1,10.68,43.4,20.6706,0.59336,3.974,111.0,97.64,,3981.4137,0,0.2,40.4,0.0,32.226,0.806,17.18,15.59,0.976,2,21.75,4817.1,17.05,17.0,215.4,251.2,35.7,0,0,97,40,42.0,534.3,320.6,0.9101,13.189,1933.6,0.0761,0,0.6781,0.6801,0.7869,0.375,0.873,0.3,57.2,5.53,1
2026-09-05 16:32:36,12847.8,ON,MPPT,31.7,5067.0,489.5,10.35,43.4,20.8409,0.59824,4.113,111.0,97.62,,3981.5063,0,0.2,41.4,0.0,31.002,0.793,16.29,16.37,0.975,2,22.81,4719.5,17.05,16.29,193.2,252.4,59.2,0,0,97,40,42.0,534.3,320.6,0.9151,13.2124,1860.1,0.0761,0,0.6781,0.6801,0.7869,0.375,0.873,0.3,57.2,5.53,1
2026-09-05 16:32:52,12864.3,ON,MPPT,32.3,5230.3,485.2,10.78,43.4,20.7645,0.59605,3.97,111.0,,180.783,3981.6041,0,0.2,39.8,0.0,30.435,0.812,17.71,17.01,0.975,2,23.69,4880.3,17.05,16.71,191.8,250.2,58.3,0,0,97,40,42.0,534.3,320.6,0.906,13.2363,1826.1,0.0761,0,0.6781,0.6801,0.7869,0.375,0.873,0.3,57.2,5.53,1
2026-09-05 16:33:09,12880.8,ON,MPPT,31.9,5137.1,486.9,10.55,43.4,20.3483,0.5841,3.961,111.0,,180.787,3981.6959,0,0.2,40.7,0.0,30.452,0.794,15.33,16.38,0.975,2,22.82,4749.7,17.05,16.16,191.2,251.1,59.9,0,0,97,40,42.0,534.3,320.6,0.9121,13.26,1827.1,0.0761,0,0.6781,0.6801,0.7869,0.375,0.873,0.3,57.2,5.53,1
2026-09-05 16:33:25,12897.2,ON,MPPT,31.9,5129.1,486.5,10.54,43.3,20.0954,0.57684,3.918,111.0,,180.786,3981.7912,0,0.2,40.7,0.0,30.967,0.787,17.19,15.59,0.975,2,21.72,4749.5,17.05,16.03,200.1,250.8,50.7,0,0,97,40,42.0,534.3,320.6,0.9111,13.2829,1858.0,0.0761,0,0.6781,0.6801,0.7869,0.375,0.873,0.3,57.2,5.53,1
2026-09-05 16:33:42,12913.7,ON,MPPT,31.7,5112.3,486.3,10.51,43.3,20.1744,0.57911,3.946,111.0,,180.782,3981.8808,0,0.2,41.0,0.0,31.132,0.787,17.85,14.46,0.975,2,20.15,4720.6,17.05,16.64,225.1,250.7,25.6,0,0,97,40,42.0,534.3,320.6,0.9118,13.3063,1867.9,0.0761,0,0.6781,0.6801,0.7869,0.375,0.873,0.3,57.2,5.53,1
2026-09-05 16:33:58,12930.2,ON,MPPT,31.7,5060.6,486.9,10.39,43.2,19.8775,0.57059,3.928,111.0,,180.79,3981.9748,0,0.2,41.1,0.0,31.59,0.787,15.24,15.41,0.975,2,21.47,4719.5,17.05,15.18,190.5,251.0,60.5,0,0,97,40,42.0,534.3,320.6,0.9122,13.3296,1895.4,0.0761,0,0.6781,0.6801,0.7869,0.375,0.873,0.3,57.2,5.53,1
2026-09-05 16:34:15,12946.7,ON,MPPT,31.7,5047.9,486.6,10.37,43.2,19.9795,0.57352,3.958,111.0,,180.794,3982.0636,0,0.2,41.0,0.0,30.574,0.776,19.09,17.27,0.975,2,24.07,4664.9,17.05,16.17,182.2,250.9,68.6,0,0,97,40,42.0,534.3,320.6,0.9133,13.3527,1834.4,0.0761,0,0.6781,0.6801,0.7869,0.375,0.873,0.3,57.2,5.53,1
2026-09-05 16:34:31,12963.2,ON,MPPT,31.5,5029.8,486.4,10.34,43.2,19.6002,0.56263,3.897,111.0,,180.779,3982.1569,0,0.2,41.4,0.0,31.173,0.777,18.12,14.48,0.975,2,20.19,4638.7,17.05,15.96,214.3,250.8,36.4,0,0,97,40,42.0,534.3,320.6,0.9125,13.3752,1870.4,0.0761,0,0.6781,0.6801,0.7869,0.375,0.873,0.3,57.2,5.53,1
2026-09-05 16:34:48,12979.6,ON,MPPT,31.1,5054.9,485.2,10.42,43.2,19.0998,0.54827,3.778,111.0,,180.787,3982.2436,0,0.2,42.0,0.0,30.334,0.803,16.36,16.57,0.975,2,23.09,4664.9,17.05,17.09,197.6,250.2,52.5,0,0,97,40,42.0,534.3,320.6,0.9084,13.3983,1820.1,0.0761,0,0.6781,0.6801,0.7869,0.375,0.873,0.3,57.2,5.53,1
2026-09-05 16:35:04,12996.2,ON,MPPT,31.1,4906.9,488.2,10.05,43.2,18.2183,0.52296,3.713,111.0,,180.788,3982.331,0,0.2,42.3,0.0,28.792,0.784,18.15,17.95,0.975,2,25.01,4602.2,17.05,16.09,162.8,251.7,88.9,0,0,97,40,42.0,534.3,320.6,0.9115,13.4213,1727.5,0.0761,0,0.6781,0.6801,0.7869,0.375,0.873,0.3,57.2,5.53,1
2026-09-05 16:35:21,13012.7,ON,MPPT,30.9,4907.6,487.7,10.06,43.1,18.0629,0.5185,3.681,111.0,,180.798,3982.4119,0,0.2,42.7,0.0,29.98,0.763,17.74,14.15,0.975,2,19.71,4525.6,17.05,16.71,226.1,251.4,25.3,0,0,97,40,42.0,534.3,320.6,0.9156,13.4434,1798.8,0.0761,0,0.6781,0.6801,0.7869,0.375,0.873,0.3,57.2,5.53,1
2026-09-05 16:35:37,13029.1,ON,MPPT,30.9,4908.2,487.0,10.08,43.2,17.9213,0.51444,3.651,111.0,97.64,,3982.4914,0,0.2,42.6,0.0,31.004,0.775,17.13,13.18,0.975,2,18.37,4518.3,17.05,14.84,213.0,251.1,38.1,0,0,97,40,42.0,534.3,320.6,0.9117,13.466,1860.3,0.0761,0,0.6781,0.6801,0.7869,0.375,0.873,0.3,57.2,5.53,1
2026-09-05 16:35:54,13045.6,ON,MPPT,30.9,4899.7,486.8,10.07,43.1,17.8659,0.51285,3.646,111.0,97.64,,3982.576,0,0.2,42.5,0.0,29.909,0.768,18.15,16.28,0.975,2,22.69,4537.9,17.05,16.14,187.9,251.0,63.1,0,0,97,40,42.0,534.3,320.6,0.9117,13.4881,1794.6,0.0761,0,0.6781,0.6801,0.7869,0.375,0.873,0.3,57.2,5.53,1
2026-09-05 16:36:10,13062.1,ON,MPPT,30.7,4887.6,486.7,10.04,43.1,17.8506,0.51241,3.652,111.0,,180.775,3982.6555,0,0.2,42.9,0.0,28.713,0.766,18.09,18.16,0.975,2,25.31,4501.5,17.05,16.02,159.1,251.0,91.8,0,0,97,40,42.0,534.3,320.6,0.9132,13.5106,1722.8,0.0761,0,0.6781,0.6801,0.7869,0.375,0.873,0.3,57.2,5.53,1
2026-09-05 16:36:27,13078.6,ON,MPPT,30.7,4854.4,487.4,9.96,43.1,17.8267,0.51172,3.672,111.0,,180.776,3982.7394,0,0.2,43.0,0.0,29.701,0.77,17.73,16.42,0.975,2,22.88,4506.2,17.05,15.86,180.8,251.3,70.5,0,0,97,40,42.0,534.3,320.6,0.9124,13.5329,1782.0,0.0761,0,0.6781,0.6801,0.7869,0.375,0.873,0.3,57.2,5.53,1
2026-09-05 16:36:43,13095.1,ON,MPPT,31.1,4862.0,486.8,9.99,43.1,17.7259,0.50883,3.646,111.0,,180.77,3982.8184,0,0.2,42.2,0.0,30.128,0.771,15.94,15.46,0.975,2,21.54,4511.1,17.05,15.55,192.0,251.0,58.9,0,0,97,40,42.0,534.3,320.6,0.9084,13.5553,1807.7,0.0761,0,0.6781,0.6801,0.7869,0.375,0.873,0.3,57.2,5.53,1
2026-09-05 16:37:00,13111.5,ON,MPPT,30.9,4857.7,486.6,9.98,43.0,17.9302,0.51469,3.691,111.0,,180.787,3982.903,0,0.2,42.5,0.0,31.018,0.769,14.94,15.36,0.975,2,21.4,4511.0,17.05,14.86,182.8,250.9,68.1,0,0,97,40,42.0,534.3,320.6,0.911,13.577,1861.1,0.0761,0,0.6781,0.6801,0.7869,0.375,0.873,0.3,57.2,5.53,1
2026-09-05 16:37:16,13128.0,ON,MPPT,30.5,4715.2,489.6,9.63,43.0,17.7909,0.51069,3.773,111.0,,180.776,3982.9825,0,0.2,43.6,0.0,31.488,0.751,17.05,15.19,0.976,2,21.18,4390.0,17.05,15.78,197.1,252.4,55.3,0,0,97,40,42.0,534.3,320.6,0.9145,13.5992,1889.3,0.0761,0,0.6781,0.6801,0.7869,0.375,0.873,0.3,57.2,5.53,1
2026-09-05 16:37:33,13144.5,ON,MPPT,30.9,4851.8,485.9,9.98,43.0,17.4491,0.50088,3.596,111.0,,180.776,3983.0657,0,0.2,42.4,0.0,29.851,0.763,18.37,14.72,0.975,2,20.51,4470.7,17.05,15.84,204.7,250.5,45.8,0,0,97,40,42.0,534.3,320.6,0.9111,13.6212,1791.1,0.0761,0,0.6781,0.6801,0.7869,0.375,0.873,0.3,57.2,5.53,1
2026-09-05 16:37:49,13161.0,ON,MPPT,30.7,4748.1,488.0,9.73,43.0,17.2945,0.49644,3.642,111.0,,180.775,3983.1427,0,0.2,43.1,0.0,29.792,0.752,15.98,15.09,0.975,2,21.03,4370.6,17.05,14.68,182.6,251.6,69.0,0,0,97,40,42.0,534.3,320.6,0.9126,13.6426,1787.5,0.0761,0,0.6781,0.6801,0.7869,0.375,0.873,0.3,57.2,5.53,1
2026-09-05 16:38:06,13177.5,ON,MPPT,30.7,4732.7,488.0,9.7,42.9,17.6637,0.50704,3.732,111.0,97.63,,3983.2252,0,0.2,43.1,0.0,30.971,0.747,17.11,13.07,0.975,2,18.21,4388.4,17.05,15.46,222.6,251.6,29.0,0,0,97,40,42.0,534.3,320.6,0.9153,13.6645,1858.3,0.0761,0,0.6781,0.6801,0.7869,0.375,0.873,0.3,57.2,5.53,1
2026-09-05 16:38:22,13194.0,ON,MPPT,30.7,4720.6,487.9,9.68,42.9,17.5471,0.50369,3.717,111.0,,180.772,3983.3032,0,0.2,43.0,0.0,30.593,0.754,16.24,14.78,0.975,2,20.6,4358.4,17.05,15.66,201.8,251.5,49.8,0,0,97,40,42.0,534.3,320.6,0.9102,13.6862,1835.6,0.0761,0,0.6781,0.6801,0.7869,0.375,0.873,0.3,57.2,5.53,1
2026-09-05 16:38:39,13210.5,ON,MPPT,30.9,4757.9,486.6,9.78,42.9,17.4631,0.50128,3.67,111.0,,180.773,3983.3856,0,0.2,42.5,0.0,29.397,0.754,17.78,16.06,0.975,2,22.38,4390.1,17.05,16.01,187.8,250.9,63.1,0,0,97,40,42.0,534.3,320.6,0.9097,13.7074,1763.8,0.0761,0,0.6781,0.6801,0.7869,0.375,0.873,0.3,57.2,5.53,1
2026-09-05 16:38:55,13226.9,ON,MPPT,30.5,4645.5,489.0,9.5,42.9,17.2583,0.49541,3.715,111.0,,180.773,3983.4631,0,0.2,43.6,0.0,29.679,0.735,15.6,15.9,0.975,2,22.16,4303.2,17.05,15.24,178.1,252.1,74.0,0,0,97,40,42.0,534.3,320.6,0.9137,13.729,1780.7,0.0761,0,0.6781,0.6801,0.7869,0.375,0.873,0.3,57.2,5.53,1
2026-09-05 16:39:12,13243.4,ON,MPPT,30.5,4638.7,488.8,9.49,42.9,17.0504,0.48944,3.676,111.0,,180.766,3983.5444,0,0.2,43.5,0.0,29.162,0.745,17.8,18.22,0.975,2,25.39,4279.6,17.05,15.57,151.7,252.0,100.3,0,0,97,40,42.0,534.3,320.6,0.9122,13.7504,1749.7,0.0761,0,0.6781,0.6801,0.7869,0.375,0.873,0.3,57.2,5.53,1
2026-09-05 16:39:28,13259.9,ON,MPPT,30.3,4599.0,489.4,9.4,42.9,17.0383,0.48909,3.705,111.0,,180.765,3983.6199,0,0.2,44.0,0.0,29.042,0.726,16.08,15.43,0.975,2,21.5,4237.0,17.05,14.99,178.9,252.3,73.4,0,0,97,40,42.0,534.3,320.6,0.9171,13.7712,1742.5,0.0761,0,0.6781,0.6801,0.7869,0.375,0.873,0.3,57.2,5.53,1
2026-09-05 16:39:45,13276.4,ON,MPPT,30.3,4580.0,489.7,9.35,42.9,17.1328,0.4918,3.741,111.0,97.64,,3983.7007,0,0.2,44.0,0.0,30.468,0.735,16.38,14.54,0.975,2,20.26,4227.2,17.05,14.4,184.8,252.5,67.7,0,0,97,40,42.0,534.3,320.6,0.9155,13.7925,1828.1,0.0761,0,0.6781,0.6801,0.7869,0.375,0.873,0.3,57.2,5.53,1
2026-09-05 16:40:01,13292.9,ON,MPPT,30.7,4688.6,486.8,9.63,42.9,16.9684,0.48708,3.619,111.0,,180.757,3983.7768,0,0.2,42.9,0.0,30.039,0.736,18.85,14.77,0.975,2,20.59,4309.1,17.05,15.48,199.5,251.0,51.5,0,0,97,40,42.0,534.3,320.6,0.9138,13.8138,1802.4,0.0761,0,0.6781,0.6801,0.7869,0.375,0.873,0.3,57.2,5.53,1
2026-09-05 16:40:18,13309.4,ON,MPPT,30.5,4588.1,489.0,9.38,42.9,17.0547,0.48956,3.717,111.0,,180.767,3983.8569,0,0.2,43.6,0.0,29.906,0.733,16.15,15.42,0.975,2,21.49,4244.6,17.05,14.97,180.4,252.1,71.8,0,0,97,40,42.0,534.3,320.6,0.9136,13.8345,1794.3,0.0761,0,0.6781,0.6801,0.7869,0.375,0.873,0.3,57.2,5.53,1
2026-09-05 16:40:34,13325.9,ON,MPPT,30.5,4617.5,487.9,9.46,42.9,17.0181,0.48851,3.686,111.0,,180.766,3983.9323,0,0.2,43.4,0.0,29.887,0.722,17.12,14.3,0.975,2,19.93,4257.2,17.05,14.79,192.9,251.6,58.7,0,0,97,40,42.0,534.3,320.6,0.9141,13.8557,1793.2,0.0761,0,0.6781,0.6801,0.7869,0.375,0.873,0.3,57.2,5.53,1
2026-09-05 16:40:50,13342.3,ON,MPPT,30.5,4614.4,487.6,9.46,42.9,16.8328,0.48319,3.648,111.0,,180.762,3984.0124,0,0.2,43.4,0.0,28.75,0.737,16.59,15.85,0.975,2,22.08,4251.4,17.05,15.41,180.3,251.4,71.1,0,0,97,40,42.0,534.3,320.6,0.9098,13.8768,1725.0,0.0761,0,0.6781,0.6801,0.7869,0.375,0.873,0.3,57.2,5.53,1
2026-09-05 16:41:07,13358.8,ON,MPPT,30.3,4509.5,489.7,9.21,42.9,16.773,0.48147,3.719,111.0,,180.78,3984.087,0,0.2,44.0,0.0,28.369,0.717,17.7,14.22,0.975,2,19.81,4157.3,17.05,14.69,191.6,252.5,60.9,0,0,97,40,42.0,534.3,320.6,0.915,13.8972,1702.1,0.0761,0,0.6781,0.6801,0.7869,0.375,0.873,0.3,57.2,5.53,1
2026-09-05 16:41:23,13375.3,ON,MPPT,30.3,4532.0,488.7,9.27,42.9,16.3924,0.47055,3.617,111.0,,180.776,3984.1656,0,0.2,43.9,0.0,29.361,0.71,17.15,13.15,0.975,2,18.32,4152.3,17.05,13.96,196.4,252.0,55.6,0,0,97,40,42.0,534.3,320.6,0.9151,13.9181,1761.6,0.0761,0,0.6781,0.6801,0.7869,0.375,0.873,0.3,57.2,5.53,1
2026-09-05 16:41:40,13391.8,ON,MPPT,30.3,4529.9,488.2,9.28,42.9,16.2369,0.46608,3.584,111.0,,180.761,3984.2378,0,0.2,43.8,0.0,29.588,0.713,15.66,14.28,0.975,2,19.91,4153.1,17.05,14.9,193.1,251.7,58.6,0,0,97,40,42.0,534.3,320.6,0.916,13.9389,1775.3,0.0761,0,0.6781,0.6801,0.7869,0.375,0.873,0.3,57.2,5.53,1
2026-09-05 16:41:56,13408.3,ON,MPPT,30.1,4508.3,488.3,9.23,42.8,16.2033,0.46512,3.594,111.0,,180.769,3984.3148,0,0.2,44.2,0.0,29.056,0.711,16.24,16.94,0.975,2,23.6,4127.0,17.05,14.39,149.4,251.8,102.3,0,0,97,40,42.0,534.3,320.6,0.9156,13.959,1743.4,0.0761,0,0.6781,0.6801,0.7869,0.375,0.873,0.3,57.2,5.53,1
2026-09-05 16:42:13,13424.7,ON,MPPT,30.1,4460.4,489.1,9.12,42.8,16.2027,0.4651,3.633,111.0,,180.768,3984.3869,0,0.2,44.3,0.0,28.847,0.699,15.54,13.63,0.975,2,18.99,4093.4,17.05,13.86,187.2,252.2,65.0,0,0,97,40,42.0,534.3,320.6,0.916,13.9795,1730.8,0.0761,0,0.6781,0.6801,0.7869,0.375,0.873,0.3,57.2,5.53,1
2026-09-05 16:42:29,13441.2,ON,MPPT,30.1,4459.8,488.6,9.13,42.8,16.0675,0.46122,3.603,111.0,,180.769,3984.4628,0,0.2,44.2,0.0,28.607,0.699,18.18,15.64,0.975,2,21.78,4094.3,17.05,13.79,159.8,251.9,92.1,0,0,97,40,42.0,534.3,320.6,0.9172,14.0,1716.4,0.0761,0,0.6781,0.6801,0.7869,0.375,0.873,0.3,57.2,5.53,1
2026-09-05 16:42:46,13457.7,ON,MPPT,29.9,4451.3,488.6,9.11,42.8,16.1353,0.46317,3.625,111.0,,180.778,3984.5342,0,0.2,44.6,0.0,29.738,0.703,17.28,15.81,0.976,2,22.05,4062.4,17.05,14.58,167.3,251.9,84.6,0,0,97,40,42.0,534.3,320.6,0.9165,14.02,1784.3,0.0761,0,0.6781,0.6801,0.7869,0.375,0.873,0.3,57.2,5.53,1
2026-09-05 16:43:02,13474.2,ON,MPPT,29.9,4396.4,489.4,8.98,42.7,15.9738,0.45853,3.633,111.0,,180.772,3984.61,0,0.2,44.7,0.0,30.277,0.696,18.03,12.04,0.975,2,16.79,4031.2,17.05,14.11,212.1,252.3,40.2,0,0,97,40,42.0,534.3,320.6,0.9162,14.0403,1816.6,0.0761,0,0.6781,0.6801,0.7869,0.375,0.873,0.3,57.2,5.53,1
2026-09-05 16:43:19,13490.7,ON,MPPT,29.9,4393.7,488.9,8.99,42.7,15.6124,0.44816,3.553,111.0,,180.768,3984.6804,0,0.2,44.7,0.0,28.382,0.692,18.39,16.42,0.975,2,22.88,4008.7,17.05,14.25,154.8,252.1,97.3,0,0,97,40,42.0,534.3,320.6,0.9178,14.0605,1702.9,0.0761,0,0.6781,0.6801,0.7869,0.375,0.873,0.3,57.2,5.53,1
2026-09-05 16:43:35,13507.1,ON,MPPT,29.7,4392.2,488.6,8.99,42.6,15.6115,0.44813,3.554,111.0,,180.769,3984.7499,0,0.2,45.0,0.0,29.432,0.694,16.45,13.96,0.975,2,19.46,3987.8,17.05,13.68,178.6,251.9,73.4,0,0,97,40,42.0,534.3,320.6,0.9168,14.0802,1765.9,0.0761,0,0.6781,0.6801,0.7869,0.375,0.873,0.3,57.2,5.53,1
2026-09-05 16:43:52,13523.6,ON,MPPT,29.7,4325.7,489.6,8.83,42.6,15.2444,0.4376,3.524,111.0,,180.768,3984.8225,0,0.2,45.1,0.0,29.424,0.687,17.6,15.95,0.976,2,22.24,3942.3,17.05,14.18,158.0,252.4,94.5,0,0,97,40,42.0,534.3,320.6,0.9167,14.1001,1765.4,0.0761,0,0.6781,0.6801,0.7869,0.375,0.873,0.3,57.2,5.53,1
2026-09-05 16:44:08,13540.1,ON,MPPT,29.7,4327.9,489.2,8.85,42.6,15.1269,0.43422,3.495,111.0,,180.765,3984.8898,0,0.2,45.1,0.0,28.696,0.681,17.2,12.58,0.975,2,17.54,3957.5,17.05,14.04,202.0,252.2,50.2,0,0,97,40,42.0,534.3,320.6,0.9182,14.12,1721.8,0.0761,0,0.6781,0.6801,0.7869,0.375,0.873,0.3,57.2,5.53,1
2026-09-05 16:44:25,13556.6,ON,MPPT,29.5,4323.7,489.1,8.84,42.6,15.1846,0.43588,3.512,111.0,,180.772,3984.9612,0,0.2,45.4,0.0,28.776,0.686,17.56,15.06,0.976,2,21.0,3930.6,17.05,14.69,177.1,252.2,75.1,0,0,97,40,42.0,534.3,320.6,0.9177,14.1394,1726.6,0.0761,0,0.6781,0.6801,0.7869,0.375,0.873,0.3,57.2,5.53,1
2026-09-05 16:44:41,13573.0,ON,MPPT,29.5,4264.2,489.9,8.7,42.6,14.8977,0.42764,3.494,111.0,97.63,,3985.0284,0,0.2,45.5,0.0,28.842,0.684,18.03,11.9,0.975,2,16.59,3917.0,17.05,14.74,222.1,252.6,30.5,0,0,97,40,42.0,534.3,320.6,0.9173,14.1592,1730.5,0.0761,0,0.6781,0.6801,0.7869,0.375,0.873,0.3,57.2,5.53,1
2026-09-05 16:44:58,13589.6,ON,MPPT,29.5,4263.2,489.4,8.71,42.6,14.5878,0.41875,3.422,111.0,,180.756,3985.0981,0,0.2,45.4,0.0,28.528,0.69,16.35,16.08,0.975,2,22.41,3914.3,17.05,13.87,152.0,252.3,100.4,0,0,97,40,42.0,534.3,320.6,0.9133,14.1788,1711.7,0.0761,0,0.6781,0.6801,0.7869,0.375,0.873,0.3,57.2,5.53,1
2026-09-05 16:45:14,13606.0,ON,MPPT,29.3,4199.2,490.5,8.56,42.5,14.8843,0.42726,3.545,111.0,97.63,,3985.164,0,0.2,45.9,0.0,27.339,0.672,16.28,15.02,0.975,2,20.93,3843.0,17.05,14.18,167.3,252.9,85.6,0,0,97,40,42.0,534.3,320.6,0.9183,14.1979,1640.3,0.0761,0,0.6781,0.6801,0.7869,0.375,0.873,0.3,57.2,5.53,1
2026-09-05 16:45:31,13622.5,ON,MPPT,29.7,4317.1,486.9,8.87,42.5,14.7788,0.42423,3.423,111.0,,180.77,3985.2341,0,0.2,44.8,0.0,29.194,0.685,16.19,16.22,0.975,2,22.6,3929.1,17.05,13.89,148.9,251.1,102.1,0,0,97,40,42.0,534.3,320.6,0.9142,14.2174,1751.7,0.0761,0,0.6781,0.6801,0.7869,0.375,0.873,0.3,57.2,5.53,1
2026-09-05 16:45:47,13639.0,ON,MPPT,29.3,4195.3,489.5,8.57,42.5,14.3144,0.4109,3.412,111.0,,180.743,3985.2988,0,0.2,45.8,0.0,30.795,0.685,16.5,10.84,0.975,2,15.11,3842.4,17.05,13.59,221.0,252.4,31.3,0,0,97,40,42.0,534.3,320.6,0.9139,14.2368,1847.7,0.0761,0,0.6781,0.6801,0.7869,0.375,0.873,0.3,57.2,5.53,1
2026-09-05 16:46:04,13655.5,ON,MPPT,29.1,4136.2,490.5,8.43,42.5,14.2037,0.40772,3.434,111.0,,180.765,3985.3659,0,0.2,46.3,0.0,28.369,0.666,17.47,14.47,0.975,2,20.16,3788.9,17.05,13.46,165.7,252.9,87.2,0,0,97,40,42.0,534.3,320.6,0.9181,14.2556,1702.1,0.0761,0,0.6781,0.6801,0.7869,0.375,0.873,0.3,57.2,5.53,1
2026-09-05 16:46:20,13672.0,ON,MPPT,29.1,4130.2,490.2,8.43,42.5,14.0025,0.40195,3.39,111.0,,180.765,3985.4286,0,0.2,46.3,0.0,29.077,0.679,18.26,16.11,0.976,2,22.47,3776.6,17.05,13.96,152.3,252.7,100.5,0,0,97,40,42.0,534.3,320.6,0.9153,14.2748,1744.6,0.0761,0,0.6781,0.6801,0.7869,0.375,0.873,0.3,57.2,5.53,1
2026-09-05 16:46:37,13688.5,ON,MPPT,29.3,4157.1,489.0,8.5,42.5,13.9913,0.40162,3.366,111.0,,180.762,3985.4947,0,0.2,45.8,0.0,28.899,0.671,17.46,11.71,0.975,2,16.31,3750.5,17.05,13.64,208.4,252.1,43.7,0,0,97,40,42.0,534.3,320.6,0.9144,14.2939,1734.0,0.0761,0,0.6781,0.6801,0.7869,0.375,0.873,0.3,57.2,5.53,1
2026-09-05 16:46:53,13705.0,ON,MPPT,28.9,4088.3,490.3,8.34,42.4,13.6851,0.39283,3.347,111.0,,180.721,3985.5562,0,0.2,46.7,0.0,29.093,0.657,14.82,12.14,0.975,2,16.91,3724.1,17.05,13.12,194.6,252.8,58.2,0,0,97,40,42.0,534.3,320.6,0.9186,14.3124,1745.6,0.0761,0,0.6781,0.6801,0.7869,0.375,0.873,0.3,57.2,5.53,1
2026-09-05 16:47:10,13721.5,ON,MPPT,29.3,4176.3,487.7,8.56,42.4,13.5333,0.38848,3.24,111.0,,180.758,3985.6204,0,0.2,45.6,0.0,26.951,0.663,17.79,16.03,0.975,2,22.34,3793.5,17.05,14.09,151.6,251.5,99.9,0,0,97,40,42.0,534.3,320.6,0.9145,14.3314,1617.1,0.0761,0,0.6781,0.6801,0.7869,0.375,0.873,0.3,57.2,5.53,1
2026-09-05 16:47:26,13737.9,ON,MPPT,29.1,4093.0,489.5,8.36,42.4,13.3183,0.38231,3.254,111.0,,180.757,3985.6803,0,0.2,46.2,0.0,29.559,0.666,15.04,12.27,0.975,2,17.1,3710.9,17.05,13.32,196.2,252.4,56.2,0,0,97,40,42.0,534.3,320.6,0.9152,14.3502,1773.5,0.0761,0,0.6781,0.6801,0.7869,0.375,0.873,0.3,57.2,5.53,1
2026-09-05 16:47:43,13754.4,ON,MPPT,28.7,4015.1,490.9,8.18,42.4,13.3736,0.38389,3.331,111.0,,180.758,3985.7431,0,0.2,47.1,0.0,28.073,0.648,16.98,14.02,0.975,2,19.55,3646.3,17.05,13.75,173.3,253.1,79.7,0,0,97,40,42.0,534.3,320.6,0.9196,14.3686,1684.4,0.0761,0,0.6781,0.6801,0.7869,0.375,0.873,0.3,57.2,5.53,1
2026-09-05 16:47:59,13770.9,ON,MPPT,28.7,4003.9,490.7,8.16,42.4,13.2963,0.38167,3.321,111.0,,180.754,3985.8025,0,0.2,47.1,0.0,27.848,0.652,17.65,14.16,0.975,2,19.73,3639.9,17.05,12.83,160.4,253.0,92.6,0,0,97,40,42.0,534.3,320.6,0.9177,14.3873,1670.9,0.0761,0,0.6781,0.6801,0.7869,0.375,0.873,0.3,57.2,5.53,1
2026-09-05 16:48:16,13787.4,ON,MPPT,28.9,4075.2,488.5,8.34,42.4,12.9838,0.3727,3.186,111.0,,180.755,3985.8649,0,0.2,46.5,0.0,27.977,0.653,16.62,13.4,0.975,2,18.68,3717.6,17.05,13.62,181.1,251.8,70.8,0,0,97,40,42.0,534.3,320.6,0.9151,14.4059,1678.6,0.0761,0,0.6781,0.6801,0.7869,0.375,0.873,0.3,57.2,5.53,1
2026-09-05 16:48:32,13803.9,ON,MPPT,28.9,4002.9,489.7,8.17,42.4,12.9647,0.37215,3.239,111.0,,180.739,3985.9223,0,0.2,46.6,0.0,29.107,0.656,15.71,13.04,0.975,2,18.17,3642.0,17.05,12.89,176.8,252.5,75.6,0,0,97,40,42.0,534.3,320.6,0.9149,14.424,1746.4,0.0761,0,0.6781,0.6801,0.7869,0.375,0.873,0.3,57.2,5.53,1
2026-09-05 16:48:48,13820.3,ON,MPPT,28.5,3928.1,491.0,8.0,42.4,12.7342,0.36554,3.242,111.0,,180.765,3985.9829,0,0.2,47.5,0.0,28.494,0.646,15.39,13.66,0.975,2,19.05,3571.0,17.05,13.54,177.2,253.2,76.0,0,0,97,40,42.0,534.3,320.6,0.9184,14.4424,1709.6,0.0761,0,0.6781,0.6801,0.7869,0.375,0.873,0.3,57.2,5.53,1
2026-09-05 16:49:05,13836.8,ON,MPPT,28.5,3918.1,490.9,7.98,42.4,12.4575,0.3576,3.179,111.0,,180.754,3986.0388,0,0.2,47.5,0.0,28.284,0.646,17.76,14.42,0.976,2,20.11,3561.9,17.05,13.74,169.0,253.1,84.1,0,0,97,40,42.0,534.3,320.6,0.9162,14.4606,1697.1,0.0761,0,0.6781,0.6801,0.7869,0.375,0.873,0.3,57.2,5.53,1
2026-09-05 16:49:21,13853.3,ON,MPPT,28.7,3938.4,489.8,8.04,42.4,12.3763,0.35526,3.142,111.0,,180.761,3986.0972,0,0.2,47.0,0.0,28.633,0.647,15.97,13.9,0.976,2,19.38,3584.6,17.05,13.25,167.1,252.5,85.4,0,0,97,40,42.0,534.3,320.6,0.9151,14.4784,1718.0,0.0761,0,0.6781,0.6801,0.7869,0.375,0.873,0.3,57.2,5.53,1
2026-09-05 16:49:38,13869.8,ON,MPPT,28.3,3852.5,491.5,7.84,42.3,12.1154,0.34777,3.145,111.0,97.62,,3986.1521,0,0.2,47.9,0.0,27.504,0.633,18.72,12.55,0.975,2,17.49,3495.4,17.05,12.95,183.5,253.4,69.9,0,0,97,40,42.0,534.3,320.6,0.9192,14.4965,1650.2,0.0761,0,0.6781,0.6801,0.7869,0.375,0.873,0.3,57.2,5.53,1
2026-09-05 16:49:54,13886.3,ON,MPPT,28.3,3849.9,491.1,7.84,42.3,11.79,0.33843,3.062,111.0,,180.758,3986.2084,0,0.2,47.8,0.0,28.748,0.635,16.85,11.03,0.975,2,15.37,3498.8,17.05,12.44,196.7,253.2,56.5,0,0,97,40,42.0,534.3,320.6,0.9168,14.5145,1724.9,0.0761,0,0.6781,0.6801,0.7869,0.375,0.873,0.3,57.2,5.53,1
2026-09-05 16:50:11,13902.7,ON,MPPT,28.5,3949.8,487.9,8.09,42.3,11.714,0.33625,2.966,111.0,,180.764,3986.2608,0,0.2,47.1,0.0,27.778,0.637,16.77,13.07,0.975,2,18.21,3560.7,17.05,13.09,176.5,251.6,75.1,0,0,97,40,42.0,534.3,320.6,0.9148,14.532,1666.7,0.0761,0,0.6781,0.6801,0.7869,0.375,0.873,0.3,57.2,5.53,1
2026-09-05 16:50:27,13919.3,ON,MPPT,28.1,3790.4,491.5,7.71,42.3,11.5995,0.33297,3.06,111.0,,180.754,3986.3161,0,0.2,48.3,0.0,27.624,0.624,17.37,10.95,0.975,2,15.26,3430.0,17.05,12.55,196.6,253.4,56.8,0,0,97,40,42.0,534.3,320.6,0.9195,14.5498,1657.5,0.0761,0,0.6781,0.6801,0.7869,0.375,0.873,0.3,57.2,5.53,1
2026-09-05 16:50:44,13935.8,ON,MPPT,28.3,3891.9,488.3,7.97,42.2,11.3942,0.32707,2.928,111.0,97.62,,3986.3673,0,0.2,47.5,0.0,26.635,0.626,18.42,13.8,0.975,2,19.23,3510.2,17.05,12.87,162.3,251.8,89.5,0,0,97,40,42.0,534.3,320.6,0.9163,14.5675,1598.1,0.0761,0,0.6781,0.6801,0.7869,0.375,0.873,0.3,57.2,5.53,1
2026-09-05 16:51:00,13952.2,ON,MPPT,28.3,3787.2,490.7,7.72,42.3,11.2927,0.32416,2.982,111.0,,180.747,3986.4177,0,0.2,47.8,0.0,27.42,0.624,17.31,14.95,0.975,2,20.84,3442.4,17.05,12.97,148.2,253.0,104.8,0,0,97,40,42.0,534.3,320.6,0.9159,14.5846,1645.2,0.0761,0,0.6781,0.6801,0.7869,0.375,0.873,0.3,57.2,5.53,1
2026-09-05 16:51:17,13968.7,ON,MPPT,27.9,3718.9,491.9,7.56,42.2,11.188,0.32116,3.008,111.0,,180.751,3986.4706,0,0.2,48.7,0.0,27.398,0.612,18.26,11.88,0.975,2,16.56,3352.8,17.05,12.72,187.1,253.6,66.5,0,0,97,40,42.0,534.3,320.6,0.9207,14.6022,1643.9,0.0761,0,0.6781,0.6801,0.7869,0.375,0.873,0.3,57.2,5.53,1
2026-09-05 16:51:33,13985.2,ON,MPPT,28.1,3818.5,488.7,7.81,42.2,10.7317,0.30806,2.81,111.0,97.62,,3986.5194,0,0.2,48.0,0.0,27.217,0.616,18.14,11.29,0.975,2,15.74,3431.4,17.05,12.91,196.7,252.0,55.3,0,0,97,40,42.0,534.3,320.6,0.9167,14.6196,1633.0,0.0761,0,0.6781,0.6801,0.7869,0.375,0.873,0.3,57.2,5.53,1
2026-09-05 16:51:50,14001.7,ON,MPPT,28.1,3821.7,488.1,7.83,42.2,10.4335,0.2995,2.73,111.0,,180.755,3986.5692,0,0.2,47.9,0.0,27.151,0.615,18.25,10.54,0.975,2,14.69,3418.1,17.05,12.49,201.1,251.7,50.6,0,0,97,40,42.0,534.3,320.6,0.9159,14.6365,1629.1,0.0761,0,0.6781,0.6801,0.7869,0.375,0.873,0.3,57.2,5.53,1
2026-09-05 16:52:06,14018.1,ON,MPPT,28.1,3782.9,488.9,7.74,42.2,10.4682,0.30049,2.767,111.0,,180.757,3986.6157,0,0.2,48.0,0.0,29.116,0.607,16.52,9.9,0.975,2,13.81,3396.3,17.05,12.17,206.1,252.1,45.9,0,0,97,40,42.0,534.3,320.6,0.9154,14.6538,1747.0,0.0761,0,0.6781,0.6801,0.7869,0.375,0.873,0.3,57.2,5.53,1
2026-09-05 16:52:23,14034.6,ON,MPPT,28.3,3758.0,489.0,7.69,42.2,10.2053,0.29295,2.716,111.0,,180.758,3986.6649,0,0.2,47.6,0.0,27.768,0.622,15.84,12.96,0.975,2,18.05,3370.1,17.05,12.45,168.3,252.1,83.8,0,0,97,40,42.0,534.3,320.6,0.9124,14.6709,1666.1,0.0761,0,0.6781,0.6801,0.7869,0.375,0.873,0.3,57.2,5.53,1
2026-09-05 16:52:39,14051.2,ON,MPPT,27.9,3769.7,488.2,7.72,42.2,9.945,0.28548,2.638,111.0,,180.772,3986.7097,0,0.2,48.3,0.0,27.594,0.604,16.65,9.78,0.975,2,13.63,3366.8,17.05,12.3,208.8,251.7,42.9,0,0,97,40,42.0,534.3,320.6,0.9172,14.688,1655.7,0.0761,0,0.6781,0.6801,0.7869,0.375,0.873,0.3,57.2,5.53,1
2026-09-05 16:52:56,14067.6,ON,MPPT,27.9,3649.5,490.9,7.43,42.1,9.8917,0.28394,2.71,111.0,,180.759,3986.7565,0,0.2,48.6,0.0,26.397,0.604,18.16,14.14,0.975,2,19.7,3287.7,17.05,12.52,151.2,253.1,101.9,0,0,97,40,42.0,534.3,320.6,0.918,14.7046,1583.8,0.0761,0,0.6781,0.6801,0.7869,0.375,0.873,0.3,57.2,5.53,1
2026-09-05 16:53:12,14084.1,ON,MPPT,28.1,3714.1,488.9,7.6,42.0,9.5836,0.2751,2.58,111.0,97.62,,3986.7997,0,0.2,48.0,0.0,27.477,0.607,17.03,14.07,0.975,2,19.61,3291.2,17.05,12.51,152.6,252.1,99.4,0,0,97,40,42.0,534.3,320.6,0.9142,14.7215,1648.6,0.0761,0,0.6781,0.6801,0.7869,0.375,0.873,0.3,57.2,5.53,1
2026-09-05 16:53:29,14100.6,ON,MPPT,28.1,3711.1,488.4,7.6,42.0,9.3058,0.26713,2.508,111.0,,180.745,3986.8445,0,0.2,47.9,0.0,26.782,0.609,15.81,14.85,0.975,2,20.7,3324.1,17.05,12.6,142.2,251.8,109.6,0,0,97,40,42.0,534.3,320.6,0.9151,14.7383,1606.9,0.0761,0,0.6781,0.6801,0.7869,0.375,0.873,0.3,57.2,5.53,1
2026-09-05 16:53:45,14117.1,ON,MPPT,27.7,3488.5,493.4,7.07,41.9,9.2291,0.26492,2.646,111.0,,180.75,3986.8856,0,0.2,49.2,0.0,27.558,0.571,15.56,11.91,0.975,2,16.6,3125.0,17.05,11.23,165.1,254.4,89.3,0,0,97,40,42.0,534.3,320.6,0.9218,14.7546,1653.5,0.0761,0,0.6781,0.6801,0.7869,0.375,0.873,0.3,57.2,5.53,1
2026-09-05 16:54:02,14133.6,ON,MPPT,27.9,3706.0,487.4,7.6,41.9,8.9938,0.25817,2.427,111.0,97.62,,3986.9284,0,0.2,48.2,0.0,26.811,0.604,18.44,12.02,0.975,2,16.76,3355.7,17.05,12.35,178.2,251.3,73.1,0,0,97,40,42.0,534.3,320.6,0.9132,14.7714,1608.6,0.0761,0,0.6781,0.6801,0.7869,0.375,0.873,0.3,57.2,5.53,1
2026-09-05 16:54:18,14150.1,ON,MPPT,27.9,3492.8,492.6,7.09,41.8,8.8364,0.25365,2.53,111.0,,180.753,3986.9685,0,0.2,48.7,0.0,27.761,0.569,17.24,11.55,0.976,2,16.1,3118.5,17.05,11.58,173.1,254.0,80.9,0,0,97,40,42.0,534.3,320.6,0.9173,14.7879,1665.7,0.0761,0,0.6781,0.6801,0.7869,0.375,0.873,0.3,57.2,5.53,1
2026-09-05 16:54:35,14166.5,ON,MPPT,27.9,3682.6,487.1,7.56,41.9,8.4033,0.24122,2.282,111.0,97.6,,3987.0086,0,0.2,48.2,0.0,28.232,0.596,17.35,10.43,0.976,2,14.54,3320.8,17.05,12.44,200.8,251.2,50.3,0,0,97,40,42.0,534.3,320.6,0.9145,14.8042,1693.9,0.0761,0,0.6781,0.6801,0.7869,0.375,0.873,0.3,57.2,5.53,1
2026-09-05 16:54:51,14183.0,ON,MPPT,28.1,3531.2,490.8,7.19,41.7,8.4974,0.24392,2.406,111.0,,180.755,3987.0463,0,0.2,48.2,0.0,28.525,0.584,15.09,11.2,0.975,2,15.62,3171.7,17.05,11.73,183.6,253.0,69.4,0,0,97,40,42.0,534.3,320.6,0.9155,14.8206,1711.5,0.0761,0,0.6781,0.6801,0.7869,0.375,0.873,0.3,57.2,5.53,1
2026-09-05 16:55:08,14199.5,ON,MPPT,27.7,3617.7,487.9,7.41,41.8,8.3125,0.23861,2.298,111.0,,180.754,3987.0858,0,0.2,48.6,0.0,26.914,0.587,17.86,13.28,0.976,2,18.53,3264.0,17.05,12.07,154.7,251.6,96.8,0,0,97,40,42.0,534.3,320.6,0.9183,14.8371,1614.9,0.0761,0,0.6781,0.6801,0.7869,0.375,0.873,0.3,57.2,5.53,1
2026-09-05 16:55:24,14216.0,ON,MPPT,28.1,3592.3,488.1,7.36,41.7,8.1495,0.23393,2.269,111.0,,180.747,3987.1225,0,0.2,47.9,0.0,26.923,0.588,17.75,14.01,0.975,2,19.53,3223.0,17.05,12.28,149.1,251.6,102.5,0,0,97,40,42.0,534.3,320.6,0.9117,14.853,1615.4,0.0761,0,0.6781,0.6801,0.7869,0.375,0.873,0.3,57.2,5.53,1
2026-09-05 16:55:41,14232.4,ON,MPPT,27.5,3448.2,491.6,7.01,41.7,,,,,,180.75,,0,0.2,49.4,0.0,27.06,0.554,17.27,10.89,0.975,2,15.18,3083.2,17.05,11.35,178.3,253.4,75.2,0,0,97,40,42.0,534.3,320.6,0.9212,14.8696,1623.6,0.0761,0,0.6781,0.6801,0.7869,0.375,0.873,0.3,57.2,5.53,1
2026-09-05 16:55:58,14249.5,ON,MPPT,27.7,3416.4,491.9,6.94,41.6,8.0075,0.22986,2.344,111.0,,180.75,3987.1964,0,0.2,49.0,0.0,27.289,0.55,15.78,11.44,0.975,2,16.55,3067.2,17.05,11.23,165.4,253.6,88.2,0,0,97,40,42.0,534.3,320.6,0.9209,14.8858,1637.3,0.0761,0,0.6781,0.6801,0.7869,0.375,0.873,0.3,57.2,5.53,1
2026-09-05 16:56:14,14266.0,ON,MPPT,28.1,3464.4,489.9,7.07,41.5,7.1171,0.2043,2.054,111.0,,180.736,3987.2309,0,0.2,48.1,0.0,27.329,0.558,15.94,10.54,0.975,2,14.69,3032.1,17.05,11.05,181.2,252.6,71.4,0,0,97,40,42.0,534.3,320.6,0.9114,14.9016,1639.7,0.0761,0,0.6781,0.6801,0.7869,0.375,0.873,0.3,57.2,5.53,1
2026-09-05 16:56:31,14282.5,ON,MPPT,28.1,3478.8,489.0,7.11,41.5,7.3455,0.21085,2.111,111.0,,180.749,3987.2651,0,0.2,48.0,0.0,26.66,0.591,18.2,12.53,0.975,2,17.46,3148.0,17.05,12.17,169.1,252.1,83.0,0,0,97,40,42.0,534.3,320.6,0.9092,14.9172,1599.6,0.0761,0,0.6781,0.6801,0.7869,0.375,0.873,0.3,57.2,5.53,1
2026-09-05 16:56:47,14298.9,ON,MPPT,28.3,3575.7,485.5,7.37,41.4,7.4968,0.2152,2.097,111.0,,180.747,3987.298,0,0.2,47.2,0.0,28.226,0.609,17.73,10.39,0.975,2,14.48,3259.0,17.05,12.71,208.0,250.3,42.3,0,0,97,40,42.0,534.3,320.6,0.9002,14.9332,1693.5,0.0761,0,0.6781,0.6801,0.7869,0.375,0.873,0.3,57.2,5.53,1
2026-09-05 16:57:04,14315.5,ON,MPPT,27.5,3458.2,488.5,7.08,41.5,6.8877,0.19771,1.992,111.0,,180.76,3987.3331,0,0.2,49.0,0.0,26.561,0.566,17.6,12.26,0.975,2,17.09,3146.1,17.05,11.67,162.0,251.9,89.9,0,0,97,40,42.0,534.3,320.6,0.9175,14.949,1593.7,0.0761,0,0.6781,0.6801,0.7869,0.375,0.873,0.3,57.2,5.53,1
2026-09-05 16:57:20,14331.9,ON,MPPT,27.9,3363.0,490.5,6.86,41.4,6.8554,0.19679,2.038,111.0,,180.755,3987.3632,0,0.2,48.5,0.0,27.462,0.563,18.38,10.08,0.975,2,14.05,3030.0,17.05,11.49,193.4,252.9,59.5,0,0,97,40,42.0,534.3,320.6,0.9144,14.9642,1647.7,0.0761,0,0.6781,0.6801,0.7869,0.375,0.873,0.3,57.2,5.53,1
2026-09-05 16:57:37,14348.4,ON,MPPT,28.1,3678.3,477.4,7.7,41.3,6.5679,0.18853,1.786,111.0,,180.745,3987.396,0,0.2,46.7,0.0,28.103,0.614,17.64,14.46,0.976,2,20.16,3305.0,17.05,12.37,145.3,246.2,100.9,0,0,97,40,42.0,534.3,320.6,0.8924,14.9796,1686.2,0.0761,0,0.6781,0.6801,0.7869,0.375,0.873,0.3,57.2,5.53,1
2026-09-05 16:57:53,14364.9,ON,MPPT,27.7,2972.3,498.1,5.97,41.3,6.105,0.17524,2.054,111.0,,180.744,3987.4228,0,0.2,49.7,0.0,26.846,0.471,17.37,10.15,0.975,2,14.15,2645.2,17.05,9.2,158.8,256.8,98.0,0,0,97,40,42.0,534.3,320.6,0.9291,14.9948,1610.7,0.0761,0,0.6781,0.6801,0.7869,0.375,0.873,0.3,57.2,5.53,1
2026-09-05 16:58:10,14381.4,ON,MPPT,27.3,3353.7,488.9,6.86,41.3,6.1659,0.17699,1.839,111.0,,180.743,3987.4519,0,0.2,49.5,0.0,26.889,0.519,16.21,8.95,0.975,2,12.48,2988.0,17.05,10.64,193.7,252.1,58.4,0,0,97,40,42.0,534.3,320.6,0.9244,15.0104,1613.3,0.0761,0,0.6781,0.6801,0.7869,0.375,0.873,0.3,57.2,5.53,1
2026-09-05 16:58:27,14397.9,ON,MPPT,27.32,2485.9,504.7,4.93,40.9,,,,,,180.712,,0,0.2,51.0,0.0,27.35,0.382,18.39,7.21,0.976,2,10.06,2190.3,17.05,8.02,182.9,260.2,77.3,0,0,97,40,42.0,534.3,320.6,0.9418,15.0238,1641.0,0.0761,0,0.6781,0.6801,0.7869,0.375,0.873,0.3,57.2,5.53,1
2026-09-05 16:58:43,14414.9,ON,MPPT,27.3,3004.9,495.8,6.06,41.1,2.1578,0.06194,0.718,111.0,,180.655,3987.4759,0,0.2,50.2,0.0,26.511,0.509,17.07,10.21,0.975,2,14.22,2714.8,17.05,10.49,173.7,255.6,81.9,0,0,97,40,42.0,534.3,320.6,0.9246,15.0382,1590.6,0.0761,0,0.6781,0.6801,0.7869,0.375,0.873,0.3,57.2,5.53,1
2026-09-05 16:59:00,14431.3,ON,MPPT,1.9,676.5,521.9,1.3,40.5,3.2578,0.09351,4.815,111.0,,180.723,3987.4958,0,0.2,96.7,0.0,1.899,0.002,21.57,0.02,1.238,0,0.05,641.6,21.64,0.0,24.7,269.1,244.4,0,0,97,40,32.84,525.2,315.1,0.9933,0.0008,113.9,0.0575,0,0.6607,0.6673,0.74,0.331,0.873,0.3,57.2,5.53,1
2026-09-05 16:59:16,14447.9,ON,MPPT,8.3,935.8,519.7,1.8,42.1,-0.6486,-0.01862,,111.0,,180.73,3987.4982,0,0.2,85.5,0.0,8.5,0.009,21.52,0.06,1.238,0,0.11,892.7,21.64,0.0,60.7,267.9,207.2,0,0,97,40,32.84,525.2,315.1,0.9887,0.0046,510.0,0.0575,0,0.6607,0.6673,0.74,0.331,0.873,0.3,57.2,5.53,1
2026-09-05 16:59:33,14464.4,ON,MPPT,14.9,1178.7,517.2,2.28,40.8,0.0,0.0,,,,180.752,3987.4982,0,0.2,73.9,0.0,15.631,0.231,16.35,2.95,0.975,2,4.11,1037.5,17.05,3.7,108.8,266.6,157.8,0,0,97,40,32.84,525.2,315.1,0.9844,0.0091,937.8,0.0575,0,0.6607,0.6673,0.74,0.331,0.873,0.3,57.2,5.53,1
2026-09-05 16:59:49,14480.8,ON,MPPT,19.1,1549.2,513.5,3.02,40.5,0.0,0.0,,,,180.695,3987.4982,0,0.2,66.3,0.0,19.283,0.287,16.55,5.07,0.975,2,7.07,1355.7,17.05,6.0,135.6,264.7,129.1,0,0,97,40,32.84,525.2,315.1,0.977,0.0154,1157.0,0.0575,0,0.6607,0.6673,0.74,0.331,0.873,0.3,57.2,5.53,1
2026-09-05 17:00:05,14497.3,ON,MPPT,23.1,2093.8,507.2,4.13,40.5,0.0,0.0,,,97.61,,3987.4982,0,0.2,58.8,0.0,22.709,0.317,16.3,4.14,0.975,2,5.77,1786.9,17.05,6.12,175.2,261.5,86.3,0,0,97,40,32.84,525.2,315.1,0.9683,0.0233,1362.5,0.0575,0,0.6607,0.6673,0.74,0.331,0.873,0.3,57.2,5.53,1
2026-09-05 17:00:22,14513.8,ON,MPPT,27.1,2672.8,498.6,5.36,40.3,0.0,0.0,,,,180.73,3987.4982,0,0.2,50.8,0.0,27.116,0.454,15.43,9.07,0.975,2,12.64,2434.2,17.05,9.08,170.8,257.1,86.2,0,0,97,40,32.84,525.2,315.1,0.9442,0.0341,1626.9,0.0575,0,0.6607,0.6673,0.74,0.331,0.873,0.3,57.2,5.53,1
2026-09-05 17:00:38,14530.3,ON,MPPT,3.1,718.9,520.7,1.38,40.8,0.0,0.0,,,97.62,,3987.499,0,0.2,94.6,0.0,3.1,0.002,21.65,0.15,1.238,0,0.29,672.4,21.64,0.0,30.5,268.4,238.0,0,0,97,40,33.0,524.5,314.7,0.9929,0.0013,186.0,0.0742,0,0.6584,0.6549,0.7573,0.108,0.873,0.3,57.2,5.53,1
2026-09-05 17:00:55,14546.7,ON,MPPT,9.5,971.6,518.4,1.87,41.7,0.0,0.0,,,97.68,,3987.499,0,0.2,83.4,0.0,9.521,0.01,21.77,-0.52,1.238,0,-0.92,895.3,21.64,0.0,73.6,267.3,193.6,0,0,97,40,33.0,524.5,314.7,0.9881,0.0052,571.3,0.0742,0,0.6584,0.6549,0.7573,0.108,0.873,0.3,57.2,5.53,1
2026-09-05 17:01:11,14563.2,ON,MPPT,15.7,1223.9,515.6,2.37,40.3,0.0,0.0,,,,180.726,3987.499,0,0.2,72.4,0.0,15.34,0.222,17.15,4.04,0.976,2,5.63,1066.1,17.05,5.21,117.2,265.9,148.6,0,0,97,40,33.0,524.5,314.7,0.9833,0.0097,920.4,0.0742,0,0.6584,0.6549,0.7573,0.108,0.873,0.3,57.2,5.53,1
2026-09-05 17:01:28,14579.7,ON,MPPT,19.7,1585.0,511.9,3.1,40.2,0.0,0.0,,,,180.76,3987.499,0,0.2,65.2,0.0,18.935,0.284,17.57,5.32,0.976,2,7.42,1389.9,17.05,6.2,136.7,263.9,127.2,0,0,97,40,33.0,524.5,314.7,0.9752,0.0161,1136.1,0.0742,0,0.6584,0.6549,0.7573,0.108,0.873,0.3,57.2,5.53,1
2026-09-05 17:01:44,14596.2,ON,MPPT,23.7,2148.8,505.0,4.25,40.2,0.0,0.0,,,,180.694,3987.499,0,0.2,57.5,0.0,23.55,0.368,18.48,5.7,0.975,2,7.95,1884.9,17.05,7.57,176.0,260.4,84.3,0,0,97,40,33.0,524.5,314.7,0.9621,0.0247,1413.0,0.0742,0,0.6584,0.6549,0.7573,0.108,0.873,0.3,57.2,5.53,1
2026-09-05 17:02:01,14612.7,ON,MPPT,27.5,3279.4,477.6,6.87,40.2,0.0,0.0,,,,180.691,3987.499,0,0.2,47.9,0.0,27.601,0.564,17.94,9.07,0.975,2,12.65,2999.7,17.05,11.42,202.8,246.2,43.4,0,0,97,40,33.0,524.5,314.7,0.8927,0.036,1656.1,0.0742,0,0.6584,0.6549,0.7573,0.108,0.873,0.3,57.2,5.53,1
2026-09-05 17:02:17,14629.2,ON,MPPT,27.1,2508.5,499.3,5.02,40.3,2.7565,0.07913,1.099,111.0,97.61,,3987.5061,0,0.2,50.9,0.0,26.844,0.394,15.79,8.14,0.975,2,11.34,2230.7,17.05,8.0,169.2,257.4,88.3,0,0,97,40,33.0,524.5,314.7,0.9507,0.0493,1610.7,0.0742,0,0.6584,0.6549,0.7573,0.108,0.873,0.3,57.2,5.53,1
2026-09-05 17:02:34,14645.7,ON,MPPT,2.7,669.1,520.2,1.29,40.4,0.0,0.0,,,,180.705,3987.5111,0,0.2,95.3,0.0,2.7,0.003,21.66,-0.01,1.238,0,-0.03,646.9,21.64,0.0,27.9,268.2,240.3,0,0,97,40,32.51,523.9,314.3,0.9927,0.0011,162.0,0.0543,0,0.6732,0.6664,0.7418,0.026,0.873,0.3,57.2,5.53,1
2026-09-05 17:02:50,14662.2,ON,MPPT,9.1,926.9,517.9,1.79,41.5,0.0,0.0,,,,180.655,3987.5111,0,0.2,84.1,0.0,9.299,0.009,21.33,-0.01,1.238,0,-0.03,878.4,21.64,0.0,69.0,267.0,198.0,0,0,97,40,32.51,523.9,314.3,0.988,0.0046,557.9,0.0543,0,0.6732,0.6664,0.7418,0.026,0.873,0.3,57.2,5.53,1
2026-09-05 17:03:07,14678.6,ON,MPPT,15.32,1150.8,515.4,2.23,40.2,0.0,0.0,,,,180.661,3987.5111,0,0.2,73.1,0.0,14.688,0.21,17.3,4.26,0.975,2,5.93,1023.9,17.05,4.29,99.2,265.7,166.5,0,0,97,40,32.51,523.9,314.3,0.9831,0.0091,881.3,0.0543,0,0.6732,0.6664,0.7418,0.026,0.873,0.3,57.2,5.53,1
2026-09-05 17:03:23,14695.1,ON,MPPT,19.32,1556.1,511.0,3.05,40.1,0.0,0.0,,,,180.711,3987.5111,0,0.2,65.8,0.0,19.759,0.282,17.37,6.74,0.976,2,9.4,1379.8,17.05,5.76,111.1,263.4,152.4,0,0,97,40,32.51,523.9,314.3,0.9748,0.0154,1185.6,0.0543,0,0.6732,0.6664,0.7418,0.026,0.873,0.3,57.2,5.53,1
2026-09-05 17:03:40,14711.6,ON,MPPT,23.5,1997.4,505.4,3.95,40.0,0.0,0.0,,,,180.709,3987.5111,0,0.2,57.9,0.0,24.022,0.329,17.17,4.83,0.976,2,6.74,1726.5,17.05,6.21,165.9,260.6,94.7,0,0,97,40,32.51,523.9,314.3,0.9649,0.0235,1441.3,0.0543,0,0.6732,0.6664,0.7418,0.026,0.873,0.3,57.2,5.53,1
2026-09-05 17:03:56,14728.0,ON,MPPT,27.48,2969.5,484.9,6.12,40.0,0.0,0.0,,,,180.709,3987.5111,0,0.2,48.7,0.0,27.307,0.497,15.46,9.42,0.975,2,13.13,2689.1,17.05,9.92,177.2,250.0,72.8,0,0,97,40,32.51,523.9,314.3,0.9235,0.0345,1638.4,0.0543,0,0.6732,0.6664,0.7418,0.026,0.873,0.3,57.2,5.53,1
2026-09-05 17:04:13,14744.5,ON,MPPT,27.3,2934.7,485.7,6.04,40.1,1.3207,0.03791,0.45,111.0,,180.677,3987.514,0,0.2,49.1,0.0,26.494,0.483,18.0,11.23,0.976,2,15.67,2620.4,17.05,9.99,151.6,250.4,98.8,0,0,97,40,32.51,523.9,314.3,0.9251,0.0473,1589.7,0.0543,0,0.6732,0.6664,0.7418,0.026,0.873,0.3,57.2,5.53,1
2026-09-05 17:04:29,14761.0,FAULT_UV_WAIT,MPPT,15.0,46.7,523.2,0.09,38.3,0.8542,0.02452,,111.0,97.61,,3987.5214,0,0.2,74.1,0.0,,,,,,,,,,,,,,,5,97,40,32.51,523.9,314.3,0.4936,0.057,,0.0543,0,0.6732,0.6664,0.7418,0.026,0.873,0.3,57.2,5.53,1
2026-09-05 17:04:46,14777.5,ON,MPPT,5.9,754.8,518.5,1.46,41.2,0.0,0.0,,,,180.723,3987.5217,0,0.2,89.7,0.0,5.922,0.005,21.64,0.14,1.238,0,0.25,706.8,21.64,0.0,45.8,267.3,221.5,0,0,97,40,31.98,523.2,313.9,0.9911,0.0027,355.3,0.0522,0,0.6666,0.6703,0.7388,0.056,0.873,0.3,57.2,5.53,1
2026-09-05 17:05:02,14794.0,ON,MPPT,12.32,934.0,516.7,1.81,40.6,0.0,0.0,,,,180.689,3987.5217,0,0.2,78.4,0.0,12.201,0.187,17.46,3.79,0.976,2,5.29,830.9,17.05,4.21,85.7,266.4,180.7,0,0,97,40,31.98,523.2,313.9,0.9872,0.0067,732.1,0.0522,0,0.6666,0.6703,0.7388,0.056,0.873,0.3,57.2,5.53,1
2026-09-05 17:05:19,14810.5,ON,MPPT,17.3,1344.1,512.0,2.63,39.9,0.0,0.0,,,,180.723,3987.5217,0,0.2,69.4,0.0,18.096,0.251,17.31,5.25,0.976,2,7.32,1186.8,17.05,5.09,110.7,264.0,153.3,0,0,97,40,31.98,523.2,313.9,0.9783,0.0121,1085.8,0.0522,0,0.6666,0.6703,0.7388,0.056,0.873,0.3,57.2,5.53,1
2026-09-05 17:05:35,14827.0,ON,MPPT,21.5,1688.0,507.7,3.32,39.9,0.0,0.0,,,,180.7,3987.5217,0,0.2,61.7,0.0,21.335,0.277,16.92,6.23,0.975,2,8.69,1447.5,17.05,6.06,134.0,261.8,127.8,0,0,97,40,31.98,523.2,313.9,0.9705,0.019,1280.1,0.0522,0,0.6666,0.6703,0.7388,0.056,0.873,0.3,57.2,5.53,1
2026-09-05 17:05:52,14843.5,ON,MPPT,25.5,2318.2,497.9,4.66,39.9,0.0,0.0,,,,180.7,3987.5217,0,0.2,53.6,0.0,24.515,0.376,18.4,7.83,0.975,2,10.91,2069.6,17.05,7.45,155.2,256.7,101.5,0,0,97,40,31.98,523.2,313.9,0.9501,0.0283,1470.9,0.0522,0,0.6666,0.6703,0.7388,0.056,0.873,0.3,57.2,5.53,1
2026-09-05 17:06:08,14860.0,ON,MPPT,27.1,2647.2,490.0,5.4,39.9,0.0,0.0,,,,180.68,3987.5217,0,0.2,49.9,0.0,26.898,0.42,16.38,6.69,0.975,2,9.33,2371.5,17.05,8.8,197.1,252.6,55.6,0,0,97,40,31.98,523.2,313.9,0.9384,0.0402,1613.9,0.0522,0,0.6666,0.6703,0.7388,0.056,0.873,0.3,57.2,5.53,1
2026-09-05 17:06:25,14876.5,ON,MPPT,26.9,2578.0,491.4,5.25,39.9,0.0,0.0,,,,180.692,3987.5217,0,0.2,50.5,0.0,26.0,0.407,16.48,8.87,0.975,2,12.36,2307.4,17.05,8.18,157.9,253.4,95.4,0,0,97,40,31.98,523.2,313.9,0.9393,0.0518,1560.0,0.0522,0,0.6666,0.6703,0.7388,0.056,0.873,0.3,57.2,5.53,1
2026-09-05 17:06:41,14892.9,ON,MPPT,26.9,2571.5,491.1,5.24,39.9,0.0,0.0,,,,180.695,3987.5217,0,0.2,50.4,0.0,25.507,0.402,17.5,9.77,0.975,2,13.62,2287.3,17.05,8.38,145.2,253.2,108.0,0,0,97,40,31.98,523.2,313.9,0.9403,0.0636,1530.4,0.0522,0,0.6666,0.6703,0.7388,0.056,0.873,0.3,57.2,5.53,1
2026-09-05 17:06:58,14909.5,ON,MPPT,26.7,2535.3,491.6,5.16,40.0,0.0,0.0,,,,180.689,3987.5217,0,0.2,50.8,0.0,26.069,0.402,16.78,6.55,0.975,2,9.13,2291.4,17.05,8.06,187.5,253.4,66.0,0,0,97,40,31.98,523.2,313.9,0.9395,0.0753,1564.1,0.0522,0,0.6666,0.6703,0.7388,0.056,0.873,0.3,57.2,5.53,1
2026-09-05 17:07:14,14925.9,ON,MPPT,26.7,2530.8,491.2,5.15,40.0,0.0,0.0,,,97.61,,3987.5217,0,0.2,50.8,0.0,25.775,0.406,17.59,10.11,0.975,2,14.09,2267.9,17.05,8.27,140.1,253.3,113.1,0,0,97,40,31.98,523.2,313.9,0.9383,0.0867,1546.5,0.0522,0,0.6666,0.6703,0.7388,0.056,0.873,0.3,57.2,5.53,1
2026-09-05 17:07:31,14942.4,ON,MPPT,26.3,2466.9,492.5,5.01,40.0,0.0,0.0,,,,180.655,3987.5217,0,0.2,51.7,0.0,25.326,0.396,17.19,9.27,0.975,2,12.92,2216.4,17.05,7.54,139.5,253.9,114.4,0,0,97,40,31.98,523.2,313.9,0.9399,0.0983,1519.5,0.0522,0,0.6666,0.6703,0.7388,0.056,0.873,0.3,57.2,5.53,1
2026-09-05 17:07:47,14958.8,ON,MPPT,26.3,2455.5,492.3,4.99,40.0,0.0,0.0,,,,180.649,3987.5217,0,0.2,51.6,0.0,26.894,0.399,17.79,7.16,0.976,2,9.99,2215.9,17.05,7.95,176.1,253.8,77.7,0,0,97,40,31.98,523.2,313.9,0.939,0.1098,1613.6,0.0522,0,0.6666,0.6703,0.7388,0.056,0.873,0.3,57.2,5.53,1
2026-09-05 17:08:03,14975.4,ON,MPPT,26.5,2486.2,490.9,5.06,40.0,0.0,0.0,,,97.56,,3987.5217,0,0.2,51.1,0.0,25.73,0.395,15.79,9.8,0.975,2,13.65,2217.7,17.05,8.11,142.4,253.1,110.7,0,0,97,40,31.98,523.2,313.9,0.938,0.121,1543.8,0.0522,0,0.6666,0.6703,0.7388,0.056,0.873,0.3,57.2,5.53,1
2026-09-05 17:08:20,14991.8,ON,MPPT,26.5,2482.7,490.5,5.06,40.0,0.0,0.0,,,97.55,,3987.5217,0,0.2,51.1,0.0,26.226,0.392,17.0,6.64,0.976,2,9.26,2200.0,17.05,7.71,177.8,252.9,75.1,0,0,97,40,31.98,523.2,313.9,0.9391,0.1323,1573.6,0.0522,0,0.6666,0.6703,0.7388,0.056,0.873,0.3,57.2,5.53,1
2026-09-05 17:08:36,15008.3,ON,MPPT,26.1,2404.7,492.3,4.88,40.0,0.0,0.0,,,97.56,,3987.5217,0,0.2,52.0,0.0,25.645,0.39,16.96,9.92,0.976,2,13.83,2163.1,17.05,7.81,133.9,253.8,119.9,0,0,97,40,31.98,523.2,313.9,0.9389,0.1436,1538.7,0.0522,0,0.6666,0.6703,0.7388,0.056,0.873,0.3,57.2,5.53,1
2026-09-05 17:08:53,15024.7,ON,MPPT,26.3,2441.6,490.7,4.98,40.0,0.0,0.0,,,97.55,,3987.5217,0,0.2,51.5,0.0,25.367,0.388,18.16,7.13,0.975,2,9.94,2172.2,17.05,8.18,177.8,253.0,75.2,0,0,97,40,31.98,523.2,313.9,0.9376,0.1545,1522.0,0.0522,0,0.6666,0.6703,0.7388,0.056,0.873,0.3,57.2,5.53,1
2026-09-05 17:09:09,15041.3,ON,MPPT,26.3,2437.8,490.3,4.97,40.0,0.0,0.0,,,,180.611,3987.5217,0,0.2,51.5,0.0,26.135,0.383,17.52,8.35,0.976,2,11.64,2156.6,17.05,7.57,152.7,252.8,100.1,0,0,97,40,31.98,523.2,313.9,0.9392,0.1656,1568.1,0.0522,0,0.6666,0.6703,0.7388,0.056,0.873,0.3,57.2,5.53,1
2026-09-05 17:09:26,15057.8,ON,MPPT,25.7,2328.0,493.0,4.72,40.1,0.0,0.0,,,,180.602,3987.5217,0,0.2,52.8,0.0,25.905,0.372,16.37,6.27,0.975,2,8.74,2082.9,17.05,7.45,177.9,254.2,76.3,0,0,97,40,31.98,523.2,313.9,0.9421,0.1766,1554.3,0.0522,0,0.6666,0.6703,0.7388,0.056,0.873,0.3,57.2,5.53,1
2026-09-05 17:09:42,15074.2,ON,MPPT,25.7,2337.7,492.4,4.75,40.0,0.0,0.0,,,97.53,,3987.5217,0,0.2,52.8,0.0,25.7,0.375,18.35,7.15,0.976,2,9.97,2069.9,17.05,7.45,164.8,253.9,89.0,0,0,97,40,31.98,523.2,313.9,0.9415,0.1873,1542.0,0.0522,0,0.6666,0.6703,0.7388,0.056,0.873,0.3,57.2,5.53,1
2026-09-05 17:09:59,15090.7,ON,MPPT,25.7,2322.5,492.3,4.72,40.0,0.0,0.0,,,,180.598,3987.5217,0,0.2,52.8,0.0,25.587,0.379,17.43,8.9,0.976,2,12.41,2080.1,17.05,7.77,145.6,253.8,108.2,0,0,97,40,31.98,523.2,313.9,0.9389,0.1981,1535.2,0.0522,0,0.6666,0.6703,0.7388,0.056,0.873,0.3,57.2,5.53,1
2026-09-05 17:10:15,15107.3,ON,MPPT,25.9,2352.6,491.0,4.79,40.0,0.0,0.0,,,,180.58,3987.5217,0,0.2,52.3,0.0,25.461,0.378,17.96,7.46,0.975,2,10.39,2085.4,17.05,7.13,155.7,253.1,97.4,0,0,97,40,31.98,523.2,313.9,0.9379,0.2089,1527.7,0.0522,0,0.6666,0.6703,0.7388,0.056,0.873,0.3,57.2,5.53,1
2026-09-05 17:10:32,15123.7,ON,MPPT,25.9,2354.3,490.4,4.8,40.0,0.0,0.0,,,,180.578,3987.5217,0,0.2,52.2,0.0,25.29,0.377,17.64,6.38,0.975,2,8.89,2086.2,17.05,7.23,172.3,252.8,80.5,0,0,97,40,31.98,523.2,313.9,0.939,0.2197,1517.4,0.0522,0,0.6666,0.6703,0.7388,0.056,0.873,0.3,57.2,5.53,1
2026-09-05 17:10:48,15140.2,ON,MPPT,25.9,2353.3,490.0,4.8,40.0,0.0,0.0,,,,180.566,3987.5217,0,0.2,52.2,0.0,25.197,0.371,17.47,6.12,0.975,2,8.53,2068.6,17.05,7.13,173.2,252.6,79.4,0,0,97,40,31.98,523.2,313.9,0.9383,0.2301,1511.8,0.0522,0,0.6666,0.6703,0.7388,0.056,0.873,0.3,57.2,5.53,1
2026-09-05 17:11:05,15156.7,ON,MPPT,25.7,2311.1,490.7,4.71,40.0,0.0,0.0,,,97.52,,3987.5217,0,0.2,52.6,0.0,25.103,0.372,17.85,9.12,0.976,2,12.71,2031.3,17.05,7.17,132.1,253.0,120.9,0,0,97,40,31.98,523.2,313.9,0.9372,0.2406,1506.2,0.0522,0,0.6666,0.6703,0.7388,0.056,0.873,0.3,57.2,5.53,1
2026-09-05 17:11:21,15173.2,ON,MPPT,25.3,2248.0,492.1,4.57,40.0,0.0,0.0,,,,180.559,3987.5217,0,0.2,53.5,0.0,24.606,0.358,18.07,6.82,0.975,2,9.51,1986.7,17.05,7.37,165.6,253.7,88.1,0,0,97,40,31.98,523.2,313.9,0.9383,0.2511,1476.4,0.0522,0,0.6666,0.6703,0.7388,0.056,0.873,0.3,57.2,5.53,1
2026-09-05 17:11:38,15189.7,ON,MPPT,25.3,2247.7,491.5,4.57,39.9,0.0,0.0,,,97.52,,3987.5217,0,0.2,53.4,0.0,23.961,0.362,17.78,9.11,0.975,2,12.7,1993.6,17.05,7.32,133.1,253.4,120.3,0,0,97,40,31.98,523.2,313.9,0.9375,0.2612,1437.7,0.0522,0,0.6666,0.6703,0.7388,0.056,0.873,0.3,57.2,5.53,1
2026-09-05 17:11:54,15206.1,ON,MPPT,25.1,2211.9,492.0,4.5,39.9,0.0,0.0,,,,180.548,3987.5217,0,0.2,53.8,0.0,25.098,0.357,17.82,8.37,0.976,2,11.68,1954.0,17.05,7.09,139.1,253.7,114.6,0,0,97,40,31.98,523.2,313.9,0.9403,0.2715,1505.9,0.0522,0,0.6666,0.6703,0.7388,0.056,0.873,0.3,57.2,5.53,1
2026-09-05 17:12:11,15222.6,ON,MPPT,25.1,2211.0,491.6,4.5,39.9,0.0,0.0,,,97.51,,3987.5217,0,0.2,53.8,0.0,24.892,0.352,15.09,7.0,0.975,2,9.75,1935.7,17.05,6.95,159.1,253.4,94.3,0,0,97,40,31.98,523.2,313.9,0.9374,0.2818,1493.5,0.0522,0,0.6666,0.6703,0.7388,0.056,0.873,0.3,57.2,5.53,1
2026-09-05 17:12:27,15239.2,ON,MPPT,25.1,2207.3,491.1,4.49,39.9,0.0,0.0,,,,180.534,3987.5217,0,0.2,53.7,0.0,24.49,0.35,17.96,7.53,0.975,2,10.49,1922.7,17.05,6.41,139.3,253.2,113.9,0,0,97,40,31.98,523.2,313.9,0.9402,0.2919,1469.4,0.0522,0,0.6666,0.6703,0.7388,0.056,0.873,0.3,57.2,5.53,1
2026-09-05 17:12:44,15255.6,ON,MPPT,24.9,2177.3,491.4,4.43,39.8,0.0,0.0,,,,180.527,3987.5217,0,0.2,54.1,0.0,23.527,0.343,17.37,8.11,0.975,2,11.3,1899.4,17.05,6.79,136.9,253.4,116.5,0,0,97,40,31.98,523.2,313.9,0.9392,0.3017,1411.6,0.0522,0,0.6666,0.6703,0.7388,0.056,0.873,0.3,57.2,5.53,1
2026-09-05 17:13:00,15272.1,ON,MPPT,24.9,2169.6,491.1,4.42,39.8,0.0,0.0,,,,180.535,3987.5217,0,0.2,54.1,0.0,24.955,0.349,16.07,6.02,0.976,2,8.4,1900.2,17.05,7.23,173.0,253.2,80.2,0,0,97,40,31.98,523.2,313.9,0.9361,0.3117,1497.3,0.0522,0,0.6666,0.6703,0.7388,0.056,0.873,0.3,57.2,5.53,1
2026-09-05 17:13:17,15288.6,ON,MPPT,24.9,2171.9,490.5,4.43,39.8,0.0,0.0,,,,180.524,3987.5217,0,0.2,54.0,0.0,23.606,0.34,17.4,7.67,0.975,2,10.69,1886.5,17.05,6.4,136.5,252.9,116.4,0,0,97,40,31.98,523.2,313.9,0.9393,0.3215,1416.4,0.0522,0,0.6666,0.6703,0.7388,0.056,0.873,0.3,57.2,5.53,1
2026-09-05 17:13:33,15305.1,ON,MPPT,24.7,2136.6,491.0,4.35,39.8,0.0,0.0,,,,180.512,3987.5217,0,0.2,54.5,0.0,24.479,0.343,17.3,6.07,0.975,2,8.46,1864.6,17.05,6.84,164.2,253.1,88.9,0,0,97,40,31.98,523.2,313.9,0.9384,0.3313,1468.7,0.0522,0,0.6666,0.6703,0.7388,0.056,0.873,0.3,57.2,5.53,1
2026-09-05 17:13:50,15321.5,ON,MPPT,24.7,2128.5,490.7,4.34,39.7,0.0,0.0,,,97.49,,3987.5217,0,0.2,54.4,0.0,23.69,0.341,18.05,8.49,0.976,2,11.83,1860.6,17.05,7.27,136.5,253.0,116.5,0,0,97,40,31.98,523.2,313.9,0.9393,0.3411,1421.4,0.0522,0,0.6666,0.6703,0.7388,0.056,0.873,0.3,57.2,5.53,1
2026-09-05 17:14:06,15338.0,ON,MPPT,24.3,2066.9,492.0,4.2,39.7,0.0,0.0,,,97.48,,3987.5217,0,0.2,55.3,0.0,24.498,0.337,17.15,7.59,0.976,2,10.58,1821.9,17.05,6.85,143.2,253.7,110.4,0,0,97,40,31.98,523.2,313.9,0.9387,0.3505,1469.9,0.0522,0,0.6666,0.6703,0.7388,0.056,0.873,0.3,57.2,5.53,1
2026-09-05 17:14:23,15354.5,ON,MPPT,24.5,2096.5,490.7,4.27,39.7,0.0,0.0,,,,180.504,3987.5217,0,0.2,54.8,0.0,23.836,0.338,16.73,8.57,0.975,2,11.95,1826.2,17.05,7.14,133.4,253.0,119.6,0,0,97,40,31.98,523.2,313.9,0.9377,0.3601,1430.2,0.0522,0,0.6666,0.6703,0.7388,0.056,0.873,0.3,57.2,5.53,1
2026-09-05 17:14:39,15371.0,ON,MPPT,24.5,2093.8,490.2,4.27,39.7,0.0,0.0,,,,180.493,3987.5217,0,0.2,54.8,0.0,23.997,0.337,17.05,7.64,0.975,2,10.64,1827.2,17.05,6.11,131.9,252.7,120.9,0,0,97,40,31.98,523.2,313.9,0.9386,0.3697,1439.8,0.0522,0,0.6666,0.6703,0.7388,0.056,0.873,0.3,57.2,5.53,1
2026-09-05 17:14:56,15387.5,ON,MPPT,24.1,2030.1,491.7,4.13,39.7,0.0,0.0,,,,180.48,3987.5217,0,0.2,55.6,0.0,25.407,0.333,15.96,4.29,0.976,2,5.99,1785.5,17.05,6.27,181.1,253.5,72.4,0,0,97,40,31.98,523.2,313.9,0.9378,0.3791,1524.4,0.0522,0,0.6666,0.6703,0.7388,0.056,0.873,0.3,57.2,5.53,1
2026-09-05 17:15:12,15404.0,ON,MPPT,24.3,2063.7,490.2,4.21,39.6,0.0,0.0,,,,180.476,3987.5217,0,0.2,55.1,0.0,24.04,0.331,17.23,5.74,0.976,2,8.01,1794.6,17.05,7.21,171.7,252.7,81.0,0,0,97,40,31.98,523.2,313.9,0.9368,0.3883,1442.4,0.0522,0,0.6666,0.6703,0.7388,0.056,0.873,0.3,57.2,5.53,1
2026-09-05 17:15:29,15420.4,ON,MPPT,23.9,1995.4,491.8,4.06,39.6,0.0,0.0,,,,180.47,3987.5217,0,0.2,56.0,0.0,23.187,0.319,16.52,5.08,0.975,2,7.09,1740.1,17.05,6.8,173.5,253.6,80.0,0,0,97,40,31.98,523.2,313.9,0.9375,0.3977,1391.2,0.0522,0,0.6666,0.6703,0.7388,0.056,0.873,0.3,57.2,5.53,1
2026-09-05 17:15:45,15437.0,ON,MPPT,24.1,2021.9,490.5,4.12,39.6,0.0,0.0,,,,180.474,3987.5217,0,0.2,55.5,0.0,23.956,0.326,16.3,6.78,0.975,2,9.46,1748.5,17.05,7.0,155.6,252.9,97.3,0,0,97,40,31.98,523.2,313.9,0.9372,0.4069,1437.3,0.0522,0,0.6666,0.6703,0.7388,0.056,0.873,0.3,57.2,5.53,1
2026-09-05 17:16:02,15453.4,ON,MPPT,24.1,2024.4,489.9,4.13,39.6,0.0,0.0,,,,180.47,3987.5217,0,0.2,55.5,0.0,23.75,0.325,16.65,5.95,0.975,2,8.3,1759.5,17.05,7.15,168.3,252.6,84.2,0,0,97,40,31.98,523.2,313.9,0.9363,0.4159,1425.0,0.0522,0,0.6666,0.6703,0.7388,0.056,0.873,0.3,57.2,5.53,1
2026-09-05 17:16:18,15469.9,ON,MPPT,23.7,1960.5,491.4,3.99,39.5,0.0,0.0,,,97.46,,3987.5217,0,0.2,56.3,0.0,23.466,0.322,18.45,6.62,0.975,2,9.22,1716.0,17.05,5.89,138.5,253.3,114.8,0,0,97,40,31.98,523.2,313.9,0.9372,0.425,1407.9,0.0522,0,0.6666,0.6703,0.7388,0.056,0.873,0.3,57.2,5.53,1
2026-09-05 17:16:35,15486.4,ON,MPPT,23.3,1906.0,492.5,3.87,39.6,0.0,0.0,,,,180.451,3987.5217,0,0.2,57.2,0.0,23.364,0.309,16.36,4.57,0.975,2,6.37,1664.5,17.05,5.73,164.2,253.9,89.7,0,0,97,40,31.98,523.2,313.9,0.9395,0.4341,1401.8,0.0522,0,0.6666,0.6703,0.7388,0.056,0.873,0.3,57.2,5.53,1
2026-09-05 17:16:51,15502.9,ON,MPPT,23.5,1937.1,491.1,3.94,39.5,0.0,0.0,,,,180.445,3987.5217,0,0.2,56.7,0.0,23.328,0.313,16.56,7.48,0.976,2,10.42,1683.1,17.05,6.78,138.3,253.2,114.9,0,0,97,40,31.98,523.2,313.9,0.9384,0.4429,1399.7,0.0522,0,0.6666,0.6703,0.7388,0.056,0.873,0.3,57.2,5.53,1
2026-09-05 17:17:08,15519.4,ON,MPPT,23.5,1930.0,490.8,3.93,39.5,0.0,0.0,,,97.45,,3987.5217,0,0.2,56.7,0.0,24.121,0.32,16.64,5.98,0.976,2,8.34,1693.2,17.05,6.52,157.2,253.0,95.8,0,0,97,40,31.98,523.2,313.9,0.936,0.4518,1447.2,0.0522,0,0.6666,0.6703,0.7388,0.056,0.873,0.3,57.2,5.53,1
2026-09-05 17:17:24,15535.9,ON,MPPT,23.3,1899.7,491.2,3.87,39.5,0.0,0.0,,,,180.447,3987.5217,0,0.2,57.1,0.0,22.011,0.303,17.74,7.77,0.975,2,10.82,1633.6,17.05,5.96,119.7,253.2,133.5,0,0,97,40,31.98,523.2,313.9,0.9384,0.4607,1320.7,0.0522,0,0.6666,0.6703,0.7388,0.056,0.873,0.3,57.2,5.53,1
2026-09-05 17:17:41,15552.3,ON,MPPT,23.3,1899.4,490.6,3.87,39.4,0.0,0.0,,,,180.436,3987.5217,0,0.2,57.0,0.0,22.679,0.302,16.57,5.03,0.975,2,7.01,1640.0,17.05,5.93,160.2,252.9,92.8,0,0,97,40,31.98,523.2,313.9,0.9376,0.4692,1360.7,0.0522,0,0.6666,0.6703,0.7388,0.056,0.873,0.3,57.2,5.53,1
2026-09-05 17:17:57,15568.9,ON,MPPT,23.3,1903.5,489.9,3.89,39.4,0.0,0.0,,,,180.422,3987.5217,0,0.2,57.0,0.0,22.531,0.305,17.57,7.51,0.975,2,10.46,1636.3,17.05,5.4,114.5,252.6,138.1,0,0,97,40,31.98,523.2,313.9,0.9378,0.4779,1351.8,0.0522,0,0.6666,0.6703,0.7388,0.056,0.873,0.3,57.2,5.53,1
2026-09-05 17:18:14,15585.4,ON,MPPT,23.1,1879.6,490.0,3.84,39.4,0.0,0.0,,,,180.416,3987.5217,0,0.2,57.3,0.0,22.36,0.302,18.16,6.84,0.975,2,9.53,1617.1,17.05,5.46,125.1,252.7,127.6,0,0,97,40,31.98,523.2,313.9,0.9369,0.4865,1341.6,0.0522,0,0.6666,0.6703,0.7388,0.056,0.873,0.3,57.2,5.53,1
2026-09-05 17:18:30,15601.9,ON,MPPT,23.1,1882.4,489.5,3.85,39.4,0.0,0.0,,,,180.409,3987.5217,0,0.2,57.3,0.0,23.954,0.308,16.41,5.44,0.976,2,7.58,1620.7,17.05,6.3,159.0,252.4,93.4,0,0,97,40,31.98,523.2,313.9,0.9374,0.4951,1437.3,0.0522,0,0.6666,0.6703,0.7388,0.056,0.873,0.3,57.2,5.53,1
2026-09-05 17:18:46,15618.3,ON,MPPT,22.7,1827.1,490.7,3.72,39.3,0.0,0.0,,,,180.424,3987.5217,0,0.2,58.1,0.0,23.58,0.3,15.7,3.92,0.975,2,5.46,1583.3,17.05,5.32,166.6,253.0,86.3,0,0,97,40,31.98,523.2,313.9,0.9362,0.5033,1414.8,0.0522,0,0.6666,0.6703,0.7388,0.056,0.873,0.3,57.2,5.53,1
2026-09-05 17:19:03,15634.9,ON,MPPT,22.5,1793.4,491.0,3.65,39.3,0.0,0.0,,,,180.41,3987.5217,0,0.2,58.5,0.0,21.878,0.289,16.89,6.95,0.975,2,9.69,1551.4,17.05,5.24,117.5,253.2,135.6,0,0,97,40,31.98,523.2,313.9,0.9384,0.5117,1312.7,0.0522,0,0.6666,0.6703,0.7388,0.056,0.873,0.3,57.2,5.53,1
2026-09-05 17:19:19,15651.3,ON,MPPT,22.5,1792.0,490.5,3.65,39.3,0.0,0.0,,,,180.393,3987.5217,0,0.2,58.5,0.0,22.181,0.288,16.08,4.61,0.975,2,6.43,1551.5,17.05,6.1,163.2,252.9,89.7,0,0,97,40,31.98,523.2,313.9,0.9356,0.52,1330.9,0.0522,0,0.6666,0.6703,0.7388,0.056,0.873,0.3,57.2,5.53,1
2026-09-05 17:19:36,15667.8,ON,MPPT,22.5,1793.3,490.0,3.66,39.3,0.0,0.0,,,,180.387,3987.5217,0,0.2,58.4,0.0,21.054,0.284,17.95,5.51,0.975,2,7.68,1531.3,17.05,6.03,145.6,252.6,107.1,0,0,97,40,31.98,523.2,313.9,0.9384,0.5281,1263.3,0.0522,0,0.6666,0.6703,0.7388,0.056,0.873,0.3,57.2,5.53,1
2026-09-05 17:19:52,15684.2,ON,MPPT,22.3,1767.6,490.3,3.61,39.3,0.0,0.0,,,,180.38,3987.5217,0,0.2,58.8,0.0,21.447,0.29,18.43,7.73,0.976,2,10.78,1528.1,17.05,6.16,117.7,252.8,135.1,0,0,97,40,31.98,523.2,313.9,0.9368,0.5362,1286.8,0.0522,0,0.6666,0.6703,0.7388,0.056,0.873,0.3,57.2,5.53,1
2026-09-05 17:20:09,15700.8,ON,MPPT,22.3,1770.5,489.5,3.62,39.3,0.0,0.0,,,97.42,,3987.5217,0,0.2,58.8,0.0,21.839,0.288,17.5,7.2,0.975,2,10.04,1518.9,17.05,5.38,113.7,252.4,138.7,0,0,97,40,31.98,523.2,313.9,0.9374,0.5443,1310.4,0.0522,0,0.6666,0.6703,0.7388,0.056,0.873,0.3,57.2,5.53,1
2026-09-05 17:20:25,15717.2,ON,MPPT,21.9,1712.9,490.9,3.49,39.3,0.0,0.0,,,,180.415,3987.5217,0,0.2,59.6,0.0,22.863,0.287,15.58,4.09,0.976,2,5.7,1488.6,17.05,5.21,156.2,253.1,96.9,0,0,97,40,31.98,523.2,313.9,0.9364,0.5522,1371.8,0.0522,0,0.6666,0.6703,0.7388,0.056,0.873,0.3,57.2,5.53,1
2026-09-05 17:20:42,15733.7,ON,MPPT,22.1,1740.5,489.5,3.56,39.3,0.0,0.0,,,,180.379,3987.5217,0,0.2,59.1,0.0,22.124,0.282,18.47,6.31,0.975,2,8.79,1491.0,17.05,5.13,123.6,252.4,128.8,0,0,97,40,31.98,523.2,313.9,0.9358,0.5601,1327.5,0.0522,0,0.6666,0.6703,0.7388,0.056,0.873,0.3,57.2,5.53,1
2026-09-05 17:20:58,15750.1,ON,MPPT,22.1,1732.4,489.3,3.54,39.2,0.0,0.0,,,,180.381,3987.5217,0,0.2,59.1,0.0,21.094,0.281,17.85,6.61,0.975,2,9.21,1488.6,17.05,6.06,130.2,252.2,122.1,0,0,97,40,31.98,523.2,313.9,0.9365,0.5681,1265.7,0.0522,0,0.6666,0.6703,0.7388,0.056,0.873,0.3,57.2,5.53,1
2026-09-05 17:21:15,15766.7,ON,MPPT,21.7,1682.1,490.4,3.43,39.2,0.0,0.0,,,97.41,,3987.5217,0,0.2,59.9,0.0,22.196,0.28,16.51,4.21,0.976,2,5.87,1458.5,17.05,5.75,159.9,252.8,92.9,0,0,97,40,31.98,523.2,313.9,0.9354,0.5759,1331.8,0.0522,0,0.6666,0.6703,0.7388,0.056,0.873,0.3,57.2,5.53,1
2026-09-05 17:21:31,15783.1,ON,MPPT,21.5,1639.7,491.0,3.34,39.2,0.0,0.0,,,,180.35,3987.5217,0,0.2,60.4,0.0,20.898,0.263,16.59,5.79,0.975,2,8.07,1419.0,17.05,5.24,129.2,253.1,124.0,0,0,97,40,31.98,523.2,313.9,0.9382,0.5834,1253.9,0.0522,0,0.6666,0.6703,0.7388,0.056,0.873,0.3,57.2,5.53,1
2026-09-05 17:21:48,15799.6,ON,MPPT,21.5,1651.1,490.2,3.37,39.2,0.0,0.0,,,,180.346,3987.5217,0,0.2,60.3,0.0,21.461,0.268,15.97,4.42,0.975,2,6.15,1423.5,17.05,5.54,153.2,252.8,99.6,0,0,97,40,31.98,523.2,313.9,0.9354,0.5911,1287.7,0.0522,0,0.6666,0.6703,0.7388,0.056,0.873,0.3,57.2,5.53,1
2026-09-05 17:22:04,15816.0,ON,MPPT,21.5,1646.4,489.9,3.36,39.2,0.0,0.0,,,,180.334,3987.5217,0,0.2,60.3,0.0,20.695,0.258,16.29,3.75,0.975,2,5.22,1402.9,17.05,5.1,154.7,252.6,97.8,0,0,97,40,31.98,523.2,313.9,0.9378,0.5985,1241.7,0.0522,0,0.6666,0.6703,0.7388,0.056,0.873,0.3,57.2,5.53,1
2026-09-05 17:22:21,15832.6,ON,MPPT,21.3,1622.9,490.2,3.31,39.1,0.0,0.0,,,,180.323,3987.5217,0,0.2,60.7,0.0,20.616,0.262,16.7,6.02,0.975,2,8.39,1400.2,17.05,5.41,126.4,252.7,126.3,0,0,97,40,31.98,523.2,313.9,0.9368,0.6061,1237.0,0.0522,0,0.6666,0.6703,0.7388,0.056,0.873,0.3,57.2,5.53,1
2026-09-05 17:22:37,15849.1,ON,MPPT,20.9,1570.9,491.4,3.2,39.1,0.0,0.0,,,,180.318,3987.5217,0,0.2,61.5,0.0,20.565,0.256,17.26,4.66,0.975,2,6.49,1354.6,17.05,4.58,128.9,253.3,124.5,0,0,97,40,31.98,523.2,313.9,0.9374,0.6134,1233.9,0.0522,0,0.6666,0.6703,0.7388,0.056,0.873,0.3,57.2,5.53,1
2026-09-05 17:22:54,15865.5,ON,MPPT,21.3,1623.8,489.0,3.32,39.1,0.0,0.0,,,,180.311,3987.5217,0,0.2,60.6,0.0,21.28,0.265,18.02,5.34,0.976,2,7.45,1382.8,17.05,5.26,131.6,252.1,120.5,0,0,97,40,31.98,523.2,313.9,0.9361,0.6208,1276.8,0.0522,0,0.6666,0.6703,0.7388,0.056,0.873,0.3,57.2,5.53,1
2026-09-05 17:23:10,15882.0,ON,MPPT,20.7,1549.9,491.0,3.16,39.1,0.0,0.0,,,,180.305,3987.5217,0,0.2,61.8,0.0,20.198,0.255,18.05,6.55,0.976,2,9.13,1335.7,17.05,5.32,112.6,253.2,140.6,0,0,97,40,31.98,523.2,313.9,0.9382,0.6279,1211.9,0.0522,0,0.6666,0.6703,0.7388,0.056,0.873,0.3,57.2,5.53,1
2026-09-05 17:23:27,15898.5,ON,MPPT,20.7,1544.9,490.7,3.15,39.1,0.0,0.0,,,,180.301,3987.5217,0,0.2,61.8,0.0,21.552,0.257,16.17,4.13,0.976,2,5.76,1339.3,17.05,4.94,144.6,253.0,108.4,0,0,97,40,31.98,523.2,313.9,0.9366,0.6352,1293.1,0.0522,0,0.6666,0.6703,0.7388,0.056,0.873,0.3,57.2,5.53,1
2026-09-05 17:23:43,15915.0,ON,MPPT,20.7,1543.7,490.3,3.15,39.0,0.0,0.0,,,,180.295,3987.5217,0,0.2,61.8,0.0,20.858,0.257,17.92,5.1,0.975,2,7.11,1336.0,17.05,4.52,122.0,252.8,130.8,0,0,97,40,31.98,523.2,313.9,0.9353,0.6424,1251.5,0.0522,0,0.6666,0.6703,0.7388,0.056,0.873,0.3,57.2,5.53,1
2026-09-05 17:24:00,15931.4,ON,MPPT,20.9,1568.4,489.0,3.21,39.0,0.0,0.0,,,,180.292,3987.5217,0,0.2,61.3,0.0,20.141,0.256,17.96,6.94,0.976,2,9.68,1344.7,17.05,5.52,111.0,252.1,141.1,0,0,97,40,31.98,523.2,313.9,0.9345,0.6493,1208.4,0.0522,0,0.6666,0.6703,0.7388,0.056,0.873,0.3,57.2,5.53,1
2026-09-05 17:24:16,15947.9,ON,MPPT,20.5,1518.5,490.2,3.1,39.0,0.0,0.0,,,,180.285,3987.5217,0,0.2,62.1,0.0,19.843,0.252,17.65,7.25,0.975,2,10.11,1317.3,17.05,5.42,104.1,252.7,148.6,0,0,97,40,31.98,523.2,313.9,0.9358,0.6564,1190.6,0.0522,0,0.6666,0.6703,0.7388,0.056,0.873,0.3,57.2,5.53,1
2026-09-05 17:24:33,15964.4,ON,MPPT,20.3,1496.1,490.6,3.05,39.0,0.0,0.0,,,,180.28,3987.5217,0,0.2,62.5,0.0,20.911,0.246,16.78,3.46,0.976,2,4.83,1290.4,17.05,4.47,141.9,252.9,111.0,0,0,97,40,31.98,523.2,313.9,0.9373,0.6633,1254.7,0.0522,0,0.6666,0.6703,0.7388,0.056,0.873,0.3,57.2,5.53,1
2026-09-05 17:24:49,15980.9,ON,MPPT,20.3,1490.9,490.2,3.04,39.0,0.0,0.0,,,,180.276,3987.5217,0,0.2,62.5,0.0,20.315,0.242,16.46,5.2,0.975,2,7.25,1287.2,17.05,5.23,130.0,252.7,122.8,0,0,97,40,31.98,523.2,313.9,0.9369,0.6701,1218.9,0.0522,0,0.6666,0.6703,0.7388,0.056,0.873,0.3,57.2,5.53,1
2026-09-05 17:25:06,15997.4,ON,MPPT,20.3,1486.3,489.8,3.03,38.9,0.0,0.0,,,,180.27,3987.5217,0,0.2,62.5,0.0,19.913,0.239,17.24,5.29,0.976,2,7.37,1268.5,17.05,4.82,120.7,252.5,131.8,0,0,97,40,31.98,523.2,313.9,0.9376,0.677,1194.8,0.0522,0,0.6666,0.6703,0.7388,0.056,0.873,0.3,57.2,5.53,1
2026-09-05 17:25:22,16013.9,ON,MPPT,20.5,1513.1,488.4,3.1,38.9,0.0,0.0,,,,180.265,3987.5217,0,0.2,62.0,0.0,19.556,0.246,17.66,5.74,0.975,2,8.0,1292.0,17.05,5.32,122.0,251.8,129.8,0,0,97,40,31.98,523.2,313.9,0.9332,0.6838,1173.3,0.0522,0,0.6666,0.6703,0.7388,0.056,0.873,0.3,57.2,5.53,1
2026-09-05 17:25:39,16030.4,ON,MPPT,19.7,1425.3,491.0,2.9,38.9,0.0,0.0,,,,180.26,3987.5217,0,0.2,63.7,0.0,20.796,0.231,16.66,3.08,0.976,2,4.3,1222.1,17.05,4.6,148.3,253.2,104.9,0,0,97,40,31.98,523.2,313.9,0.9373,0.6906,1247.8,0.0522,0,0.6666,0.6703,0.7388,0.056,0.873,0.3,57.2,5.53,1
2026-09-05 17:25:55,16046.9,ON,MPPT,19.7,1419.2,490.7,2.89,38.9,0.0,0.0,,,,180.256,3987.5217,0,0.2,63.7,0.0,19.989,0.236,16.5,5.19,0.975,2,7.24,1232.2,17.05,5.0,125.0,253.0,128.0,0,0,97,40,31.98,523.2,313.9,0.936,0.6971,1199.3,0.0522,0,0.6666,0.6703,0.7388,0.056,0.873,0.3,57.2,5.53,1
2026-09-05 17:26:12,16063.4,ON,MPPT,19.9,1437.6,489.4,2.94,38.8,0.0,0.0,,,,180.263,3987.5217,0,0.2,63.2,0.0,20.391,0.238,17.07,3.39,0.976,2,4.73,1227.1,17.05,4.3,137.0,252.3,115.3,0,0,97,40,31.98,523.2,313.9,0.9354,0.7037,1223.4,0.0522,0,0.6666,0.6703,0.7388,0.056,0.873,0.3,57.2,5.53,1
2026-09-05 17:26:28,16079.8,ON,MPPT,19.5,1402.1,490.2,2.86,38.8,0.0,0.0,,,97.35,,3987.5217,0,0.2,64.0,0.0,19.624,0.225,15.91,4.77,0.975,2,6.65,1199.8,17.05,4.0,115.4,252.7,137.3,0,0,97,40,31.98,523.2,313.9,0.936,0.7103,1177.4,0.0522,0,0.6666,0.6703,0.7388,0.056,0.873,0.3,57.2,5.53,1
2026-09-05 17:26:44,16096.4,ON,MPPT,19.9,1433.5,488.4,2.93,38.8,0.0,0.0,,,,180.247,3987.5217,0,0.2,63.1,0.0,19.475,0.23,17.61,4.51,0.976,2,6.29,1223.0,17.05,4.22,118.7,251.8,133.2,0,0,97,40,31.98,523.2,313.9,0.9349,0.7167,1168.5,0.0522,0,0.6666,0.6703,0.7388,0.056,0.873,0.3,57.2,5.53,1
2026-09-05 17:27:01,16112.8,ON,MPPT,19.7,1417.6,488.4,2.9,38.8,0.0,0.0,,,,180.241,3987.5217,0,0.2,63.5,0.0,19.732,0.232,16.72,4.69,0.975,2,6.54,1214.1,17.05,4.6,124.5,251.8,127.3,0,0,97,40,31.98,523.2,313.9,0.9332,0.7231,1183.9,0.0522,0,0.6666,0.6703,0.7388,0.056,0.873,0.3,57.2,5.53,1
2026-09-05 17:27:17,16129.3,ON,MPPT,19.7,1418.5,487.8,2.91,38.8,0.0,0.0,,,,180.24,3987.5217,0,0.2,63.5,0.0,19.32,0.227,16.29,5.73,0.975,2,7.99,1213.8,17.05,4.77,113.2,251.5,138.4,0,0,97,40,31.98,523.2,313.9,0.9341,0.7295,1159.2,0.0522,0,0.6666,0.6703,0.7388,0.056,0.873,0.3,57.2,5.53,1
2026-09-05 17:27:34,16145.8,ON,MPPT,19.3,1370.9,489.0,2.8,38.8,0.0,0.0,,,,180.231,3987.5217,0,0.2,64.3,0.0,19.204,0.22,16.62,2.62,0.975,2,3.65,1186.1,17.05,4.37,149.2,252.1,102.9,0,0,97,40,31.98,523.2,313.9,0.9333,0.7357,1152.3,0.0522,0,0.6666,0.6703,0.7388,0.056,0.873,0.3,57.2,5.53,1
2026-09-05 17:27:50,16162.3,ON,MPPT,19.1,1350.0,489.3,2.76,38.7,0.0,0.0,,,,180.233,3987.5217,0,0.2,64.7,0.0,18.51,0.214,17.44,5.28,0.975,2,7.36,1157.2,17.05,3.95,102.1,252.3,150.2,0,0,97,40,31.98,523.2,313.9,0.9354,0.742,1110.6,0.0522,0,0.6666,0.6703,0.7388,0.056,0.873,0.3,57.2,5.53,1
2026-09-05 17:28:07,16178.8,ON,MPPT,19.1,1345.6,489.0,2.75,38.7,0.0,0.0,,,,180.225,3987.5217,0,0.2,64.6,0.0,19.206,0.214,16.02,2.8,0.975,2,3.9,1150.2,17.05,3.86,138.9,252.1,113.2,0,0,97,40,31.98,523.2,313.9,0.9359,0.7482,1152.3,0.0522,0,0.6666,0.6703,0.7388,0.056,0.873,0.3,57.2,5.53,1
2026-09-05 17:28:23,16195.3,ON,MPPT,18.7,1304.6,489.9,2.66,38.7,0.0,0.0,,,,180.221,3987.5217,0,0.2,65.5,0.0,18.482,0.21,16.57,3.79,0.975,2,5.28,1127.8,17.05,4.38,128.2,252.6,124.4,0,0,97,40,31.98,523.2,313.9,0.935,0.7541,1108.9,0.0522,0,0.6666,0.6703,0.7388,0.056,0.873,0.3,57.2,5.53,1
2026-09-05 17:28:40,16211.7,ON,MPPT,18.9,1323.3,488.7,2.71,38.7,0.0,0.0,,,97.33,,3987.5217,0,0.2,65.0,0.0,18.63,0.208,16.49,3.77,0.975,2,5.25,1131.0,17.05,4.21,127.8,252.0,124.2,0,0,97,40,31.98,523.2,313.9,0.9342,0.7602,1117.8,0.0522,0,0.6666,0.6703,0.7388,0.056,0.873,0.3,57.2,5.53,1
2026-09-05 17:28:56,16228.3,ON,MPPT,18.5,1280.4,489.7,2.61,38.6,0.0,0.0,,,,180.224,3987.5217,0,0.2,65.8,0.0,19.166,0.211,16.42,3.45,0.976,2,4.82,1109.9,17.05,4.14,130.0,252.5,122.5,0,0,97,40,31.98,523.2,313.9,0.9344,0.7662,1150.0,0.0522,0,0.6666,0.6703,0.7388,0.056,0.873,0.3,57.2,5.53,1
2026-09-05 17:29:13,16244.7,ON,MPPT,18.5,1283.4,489.2,2.62,38.7,0.0,0.0,,,,180.214,3987.5217,0,0.2,65.8,0.0,17.681,0.205,17.85,4.52,0.975,2,6.3,1107.6,17.05,4.31,114.6,252.2,137.6,0,0,97,40,31.98,523.2,313.9,0.9335,0.7722,1060.9,0.0522,0,0.6666,0.6703,0.7388,0.056,0.873,0.3,57.2,5.53,1
2026-09-05 17:29:29,16261.2,ON,MPPT,18.7,1301.3,487.9,2.67,38.6,0.0,0.0,,,97.33,,3987.5217,0,0.2,65.3,0.0,17.857,0.205,16.96,3.06,0.975,2,4.27,1110.5,17.05,3.92,130.2,251.6,121.4,0,0,97,40,31.98,523.2,313.9,0.9326,0.778,1071.4,0.0522,0,0.6666,0.6703,0.7388,0.056,0.873,0.3,57.2,5.53,1
2026-09-05 17:29:46,16277.7,ON,MPPT,18.3,1257.0,489.1,2.57,38.6,0.0,0.0,,,,180.196,3987.5217,0,0.2,66.1,0.0,17.707,0.198,17.13,4.24,0.975,2,5.92,1073.2,17.05,3.94,111.7,252.2,140.5,0,0,97,40,31.98,523.2,313.9,0.933,0.7838,1062.4,0.0522,0,0.6666,0.6703,0.7388,0.056,0.873,0.3,57.2,5.53,1
2026-09-05 17:30:02,16294.2,ON,MPPT,18.3,1261.1,488.6,2.58,38.7,0.0,0.0,,,,180.193,3987.5217,0,0.2,66.1,0.0,17.879,0.2,17.08,3.32,0.976,2,4.63,1065.8,17.05,4.12,125.3,251.9,126.6,0,0,97,40,31.98,523.2,313.9,0.9351,0.7896,1072.7,0.0522,0,0.6666,0.6703,0.7388,0.056,0.873,0.3,57.2,5.53,1
2026-09-05 17:30:19,16310.7,ON,MPPT,18.1,1236.9,488.9,2.53,38.6,0.0,0.0,,,,180.202,3987.5217,0,0.2,66.5,0.0,18.485,0.198,16.44,4.22,0.976,2,5.88,1060.7,17.05,3.32,104.1,252.0,148.0,0,0,97,40,31.98,523.2,313.9,0.9342,0.7952,1109.1,0.0522,0,0.6666,0.6703,0.7388,0.056,0.873,0.3,57.2,5.53,1
2026-09-05 17:30:35,16327.1,ON,MPPT,18.1,1238.4,488.3,2.54,38.6,0.0,0.0,,,,180.183,3987.5217,0,0.2,66.5,0.0,17.605,0.193,17.64,4.12,0.975,2,5.75,1050.4,17.05,3.38,101.6,251.8,150.2,0,0,97,40,31.98,523.2,313.9,0.9344,0.8009,1056.3,0.0522,0,0.6666,0.6703,0.7388,0.056,0.873,0.3,57.2,5.53,1
2026-09-05 17:30:52,16343.6,ON,MPPT,17.7,1200.0,489.4,2.45,38.5,0.0,0.0,,,,180.183,3987.5217,0,0.2,67.3,0.0,16.943,0.187,17.16,5.22,0.975,2,7.28,1016.4,17.05,3.89,92.3,252.3,160.0,0,0,97,40,31.98,523.2,313.9,0.9362,0.8065,1016.6,0.0522,0,0.6666,0.6703,0.7388,0.056,0.873,0.3,57.2,5.53,1
2026-09-05 17:31:08,16360.1,ON,MPPT,17.5,1184.8,489.3,2.42,38.5,0.0,0.0,,,97.31,,3987.5217,0,0.2,67.6,0.0,17.258,0.19,16.9,3.94,0.976,2,5.5,1011.5,17.05,3.76,108.3,252.3,144.0,0,0,97,40,31.98,523.2,313.9,0.9352,0.8119,1035.5,0.0522,0,0.6666,0.6703,0.7388,0.056,0.873,0.3,57.2,5.53,1
2026-09-05 17:31:25,16376.6,ON,MPPT,17.5,1178.8,489.1,2.41,38.5,0.0,0.0,,,,180.169,3987.5217,0,0.2,67.6,0.0,17.335,0.184,16.67,4.81,0.976,2,6.71,995.6,17.05,4.03,100.6,252.2,151.5,0,0,97,40,31.98,523.2,313.9,0.9361,0.8174,1040.1,0.0522,0,0.6666,0.6703,0.7388,0.056,0.873,0.3,57.2,5.53,1
2026-09-05 17:31:41,16393.0,ON,MPPT,17.5,1177.9,488.6,2.41,38.5,0.0,0.0,,,,180.164,3987.5217,0,0.2,67.6,0.0,18.07,0.191,16.51,2.33,0.976,2,3.25,1014.8,17.05,3.31,127.1,251.9,124.9,0,0,97,40,31.98,523.2,313.9,0.9323,0.8227,1084.2,0.0522,0,0.6666,0.6703,0.7388,0.056,0.873,0.3,57.2,5.53,1
2026-09-05 17:31:58,16409.5,ON,MPPT,17.3,1160.9,488.8,2.38,38.5,0.0,0.0,,,,180.172,3987.5217,0,0.2,68.0,0.0,17.951,0.185,16.71,1.99,0.976,2,2.78,992.3,17.05,3.25,128.1,252.0,124.0,0,0,97,40,31.98,523.2,313.9,0.934,0.828,1077.1,0.0522,0,0.6666,0.6703,0.7388,0.056,0.873,0.3,57.2,5.53,1
2026-09-05 17:32:14,16426.0,ON,MPPT,17.3,1162.5,488.1,2.38,38.5,0.0,0.0,,,,180.161,3987.5217,1,0.2,67.9,0.0,17.492,0.177,16.27,2.28,0.975,2,3.18,979.2,17.05,3.03,121.4,251.7,130.2,0,0,97,40,31.98,523.2,313.9,0.9343,0.8333,1049.5,0.0522,0,0.6666,0.6703,0.7388,0.056,0.873,0.3,57.2,5.53,1
2026-09-05 17:32:31,16442.5,ON,MPPT,16.9,1129.0,489.0,2.31,38.5,0.0,0.0,,,,180.15,3987.5217,0,0.2,68.7,0.0,16.52,0.184,17.59,4.11,0.975,2,5.72,972.8,17.05,3.66,101.1,252.1,151.0,0,0,97,40,31.98,523.2,313.9,0.9333,0.8386,991.2,0.0522,0,0.6666,0.6703,0.7388,0.056,0.873,0.3,57.2,5.53,1
2026-09-05 17:32:47,16458.9,ON,MPPT,17.1,1142.6,487.9,2.34,38.5,0.0,0.0,,,,180.146,3987.5217,0,0.2,68.3,0.0,17.123,0.176,16.68,2.81,0.975,2,3.92,969.7,17.05,3.76,123.5,251.6,128.1,0,0,97,40,31.98,523.2,313.9,0.9326,0.8437,1027.4,0.0522,0,0.6666,0.6703,0.7388,0.056,0.873,0.3,57.2,5.53,1
2026-09-05 17:33:04,16475.4,ON,MPPT,17.1,1136.2,487.6,2.33,38.4,0.0,0.0,,,,180.142,3987.5217,0,0.2,68.3,0.0,16.832,0.173,16.27,2.02,0.975,2,2.82,962.3,17.05,3.02,124.1,251.4,127.2,0,0,97,40,31.98,523.2,313.9,0.9325,0.8489,1009.9,0.0522,0,0.6666,0.6703,0.7388,0.056,0.873,0.3,57.2,5.53,1
2026-09-05 17:33:20,16491.9,ON,MPPT,16.9,1121.9,487.6,2.3,38.4,0.0,0.0,,,,180.153,3987.5217,0,0.2,68.6,0.0,16.739,0.174,16.55,3.01,0.976,2,4.19,949.7,17.05,3.68,118.6,251.4,132.8,0,0,97,40,31.98,523.2,313.9,0.9316,0.8541,1004.4,0.0522,0,0.6666,0.6703,0.7388,0.056,0.873,0.3,57.2,5.53,1
2026-09-05 17:33:37,16508.4,ON,MPPT,16.5,1090.8,488.4,2.23,38.4,0.0,0.0,,,,180.143,3987.5217,0,0.2,69.4,0.0,16.447,0.172,17.24,4.05,0.976,2,5.65,929.3,17.05,3.58,98.6,251.8,153.2,0,0,97,40,31.98,523.2,313.9,0.9346,0.8591,986.8,0.0522,0,0.6666,0.6703,0.7388,0.056,0.873,0.3,57.2,5.53,1
2026-09-05 17:33:53,16524.9,ON,MPPT,16.5,1089.9,487.8,2.23,38.3,0.0,0.0,,,,180.128,3987.5217,0,0.2,69.4,0.0,16.746,0.169,16.51,2.72,0.976,2,3.79,934.5,17.05,3.67,122.1,251.5,129.4,0,0,97,40,31.98,523.2,313.9,0.9312,0.864,1004.7,0.0522,0,0.6666,0.6703,0.7388,0.056,0.873,0.3,57.2,5.53,1
2026-09-05 17:34:10,16541.4,ON,MPPT,16.3,1070.3,488.1,2.19,38.4,0.0,0.0,,,97.28,,3987.5217,0,0.2,69.8,0.0,16.112,0.169,17.62,4.28,0.976,2,5.97,919.5,17.05,3.44,91.8,251.6,159.9,0,0,97,40,31.98,523.2,313.9,0.9323,0.8689,966.7,0.0522,0,0.6666,0.6703,0.7388,0.056,0.873,0.3,57.2,5.53,1
2026-09-05 17:34:26,16557.9,ON,MPPT,16.3,1070.4,487.5,2.2,38.4,0.0,0.0,,,97.28,,3987.5217,0,0.2,69.7,0.0,16.744,0.162,17.22,1.58,0.975,2,2.2,910.6,17.05,2.93,124.1,251.3,127.2,0,0,97,40,31.98,523.2,313.9,0.9328,0.8738,1004.6,0.0522,0,0.6666,0.6703,0.7388,0.056,0.873,0.3,57.2,5.53,1
2026-09-05 17:34:43,16574.3,ON,MPPT,15.9,1035.2,488.4,2.12,38.4,0.0,0.0,,,97.28,,3987.5217,0,0.2,70.5,0.0,15.859,0.166,17.23,3.54,0.976,2,4.4,895.1,17.05,2.93,92.6,251.8,159.2,0,0,97,40,31.98,523.2,313.9,0.932,0.8785,951.5,0.0522,0,0.6666,0.6703,0.7388,0.056,0.873,0.3,57.2,5.53,1
2026-09-05 17:34:59,16590.8,ON,MPPT,16.1,1051.1,487.1,2.16,38.4,0.0,0.0,,,,180.115,3987.5217,0,0.2,70.1,0.0,15.343,0.166,16.77,4.03,0.976,2,5.61,893.3,17.05,3.64,96.7,251.1,154.4,0,0,97,40,31.98,523.2,313.9,0.9309,0.8833,920.6,0.0522,0,0.6666,0.6703,0.7388,0.056,0.873,0.3,57.2,5.53,1
2026-09-05 17:35:15,16607.3,ON,MPPT,15.7,1018.4,488.0,2.09,38.4,0.0,0.0,,,,180.116,3987.5217,0,0.2,70.9,0.0,16.017,0.16,17.35,3.89,0.976,2,5.42,874.1,17.05,2.84,86.4,251.6,165.2,0,0,97,40,31.98,523.2,313.9,0.9336,0.8881,961.0,0.0522,0,0.6666,0.6703,0.7388,0.056,0.873,0.3,57.2,5.53,1
2026-09-05 17:35:32,16623.8,ON,MPPT,15.7,1019.5,487.4,2.09,38.4,0.0,0.0,,,,180.11,3987.5217,0,0.2,70.8,0.0,15.008,0.155,16.91,3.69,0.976,2,5.14,864.1,17.05,3.26,93.4,251.3,157.9,0,0,97,40,31.98,523.2,313.9,0.9331,0.8926,900.5,0.0522,0,0.6666,0.6703,0.7388,0.056,0.873,0.3,57.2,5.53,1
2026-09-05 17:35:48,16640.3,ON,MPPT,15.5,1004.4,487.6,2.06,38.4,0.0,0.0,,,,180.105,3987.5217,0,0.2,71.2,0.0,15.735,0.158,17.51,2.15,0.976,2,2.99,858.8,17.05,3.39,116.5,251.4,134.9,0,0,97,40,31.98,523.2,313.9,0.9322,0.8972,944.1,0.0522,0,0.6666,0.6703,0.7388,0.056,0.873,0.3,57.2,5.53,1
2026-09-05 17:36:05,16656.7,ON,MPPT,15.5,1002.9,487.1,2.06,38.3,0.0,0.0,,,97.28,,3987.5217,0,0.2,71.2,0.0,15.029,0.157,17.54,3.95,0.976,2,5.5,857.4,17.05,3.26,88.6,251.1,162.6,0,0,97,40,31.98,523.2,313.9,0.9325,0.9018,901.8,0.0522,0,0.6666,0.6703,0.7388,0.056,0.873,0.3,57.2,5.53,1
2026-09-05 17:36:21,16673.2,ON,MPPT,15.2,976.4,487.7,2.0,38.3,0.0,0.0,,,,180.089,3987.5217,0,0.2,71.8,0.0,14.779,0.149,16.86,2.14,0.976,2,2.98,830.4,17.05,3.08,108.5,251.5,143.0,0,0,97,40,31.98,523.2,313.9,0.9335,0.9063,886.8,0.0522,0,0.6666,0.6703,0.7388,0.056,0.873,0.3,57.2,5.53,1
2026-09-05 17:36:38,16689.7,ON,MPPT,15.2,974.8,487.3,2.0,38.4,0.0,0.0,,,,180.08,3987.5217,0,0.2,71.8,0.0,15.198,0.149,16.7,2.59,0.975,2,3.62,834.4,17.05,2.51,96.1,251.2,155.1,0,0,97,40,31.98,523.2,313.9,0.9312,0.9107,911.9,0.0522,0,0.6666,0.6703,0.7388,0.056,0.873,0.3,57.2,5.53,1
2026-09-05 17:36:54,16706.2,ON,MPPT,15.0,966.2,487.3,1.98,38.3,0.0,0.0,,,,180.09,3987.5217,0,0.2,72.1,0.0,15.151,0.145,16.34,1.55,0.975,2,2.16,826.6,17.05,2.29,107.9,251.2,143.3,0,0,97,40,31.98,523.2,313.9,0.93,0.9152,909.1,0.0522,0,0.6666,0.6703,0.7388,0.056,0.873,0.3,57.2,5.53,1
2026-09-05 17:37:11,16722.7,ON,MPPT,15.2,978.7,486.1,2.01,38.3,0.0,0.0,,,,180.087,3987.5217,0,0.2,71.7,0.0,15.08,0.145,16.56,2.43,0.975,2,3.39,830.4,17.05,3.03,106.4,250.6,144.2,0,0,97,40,31.98,523.2,313.9,0.9302,0.9196,904.8,0.0522,0,0.6666,0.6703,0.7388,0.056,0.873,0.3,57.2,5.53,1
2026-09-05 17:37:27,16739.1,ON,MPPT,15.0,960.5,486.3,1.98,38.3,0.0,0.0,,,,180.148,3987.5217,0,0.2,72.1,0.0,15.967,0.151,16.79,2.96,0.976,2,4.12,829.4,17.05,2.56,93.1,250.7,157.6,0,0,97,40,31.98,523.2,313.9,0.9294,0.924,958.0,0.0522,0,0.6666,0.6703,0.7388,0.056,0.873,0.3,57.2,5.53,1
2026-09-05 17:37:44,16755.6,ON,MPPT,15.0,964.5,485.6,1.99,38.3,0.0,0.0,,,,180.094,3987.5217,0,0.2,72.0,0.0,15.038,0.144,16.78,1.85,0.975,2,2.58,828.7,17.05,2.69,109.1,250.3,141.3,0,0,97,40,31.98,523.2,313.9,0.9281,0.9285,902.3,0.0522,0,0.6666,0.6703,0.7388,0.056,0.873,0.3,57.2,5.53,1
2026-09-05 17:38:00,16772.1,ON,MPPT,15.2,974.8,484.6,2.01,38.2,0.0,0.0,,,,180.077,3987.5217,0,0.2,71.6,0.0,14.358,0.142,16.83,4.06,0.975,2,5.67,829.5,17.05,3.26,85.8,249.9,164.0,0,0,97,40,31.98,523.2,313.9,0.9274,0.9328,861.5,0.0522,0,0.6666,0.6703,0.7388,0.056,0.873,0.3,57.2,5.53,1
2026-09-05 17:38:17,16788.6,ON,MPPT,15.2,979.6,483.7,2.03,38.2,0.0,0.0,,,,180.075,3987.5217,0,0.2,71.6,0.0,15.569,0.155,16.84,1.84,0.976,2,2.57,836.6,17.05,3.33,119.1,249.4,130.3,0,0,97,40,31.98,523.2,313.9,0.9245,0.9373,934.1,0.0522,0,0.6666,0.6703,0.7388,0.056,0.873,0.3,57.2,5.53,1
2026-09-05 17:38:33,16805.0,ON,MPPT,15.0,961.8,483.9,1.99,38.2,0.0,0.0,,,,180.069,3987.5217,0,0.2,71.9,0.0,15.261,0.146,16.74,1.48,0.975,2,2.07,825.4,17.05,2.33,108.0,249.5,141.5,0,0,97,40,31.98,523.2,313.9,0.9234,0.9417,915.7,0.0522,0,0.6666,0.6703,0.7388,0.056,0.873,0.3,57.2,5.53,1
2026-09-05 17:38:50,16821.5,ON,MPPT,15.0,963.2,483.3,1.99,38.2,0.0,0.0,,,,180.064,3987.5217,0,0.2,71.9,0.0,14.397,0.143,17.66,3.02,0.975,2,4.21,827.2,17.05,3.13,97.0,249.2,152.2,0,0,97,40,31.98,523.2,313.9,0.9238,0.9461,863.8,0.0522,0,0.6666,0.6703,0.7388,0.056,0.873,0.3,57.2,5.53,1
2026-09-05 17:39:06,16838.0,ON,MPPT,15.0,960.3,482.7,1.99,38.2,0.0,0.0,,,97.25,,3987.5217,0,0.2,71.9,0.0,14.683,0.15,17.22,4.05,0.976,2,5.65,829.7,17.05,3.45,87.4,248.9,161.4,0,0,97,40,31.98,523.2,313.9,0.9225,0.9505,881.0,0.0522,0,0.6666,0.6703,0.7388,0.056,0.873,0.3,57.2,5.53,1
2026-09-05 17:39:23,16854.5,ON,MPPT,15.2,977.0,481.1,2.03,38.2,0.0,0.0,,,,180.065,3987.5217,0,0.2,71.4,0.0,15.386,0.152,16.73,3.29,0.976,2,4.59,836.4,17.05,2.55,88.3,248.0,159.8,0,0,97,40,31.98,523.2,313.9,0.9214,0.955,923.2,0.0522,0,0.6666,0.6703,0.7388,0.056,0.873,0.3,57.2,5.53,1
2026-09-05 17:39:39,16870.9,ON,MPPT,15.0,957.1,481.4,1.99,38.1,0.0,0.0,,,,180.052,3987.5217,0,0.2,71.8,0.0,15.288,0.144,17.35,3.25,0.975,2,4.53,831.0,17.05,2.37,86.1,248.2,162.1,0,0,97,40,31.98,523.2,313.9,0.9186,0.9593,917.3,0.0522,0,0.6666,0.6703,0.7388,0.056,0.873,0.3,57.2,5.53,1
2026-09-05 17:39:56,16887.5,ON,MPPT,15.0,963.3,480.6,2.0,38.1,0.0,0.0,,,,180.174,3987.5217,0,0.2,71.8,0.0,14.423,0.143,17.06,2.7,0.975,2,3.76,826.6,17.05,3.25,103.1,247.8,144.7,0,0,97,40,31.98,523.2,313.9,0.9187,0.9637,865.4,0.0522,0,0.6666,0.6703,0.7388,0.056,0.873,0.3,57.2,5.53,1
2026-09-05 17:40:12,16903.9,ON,MPPT,15.0,961.6,479.9,2.0,38.1,0.0,0.0,,,,180.046,3987.5217,0,0.2,71.7,0.0,14.407,0.15,17.48,3.83,0.975,2,5.34,828.7,17.05,3.14,85.7,247.4,161.7,0,0,97,40,31.98,523.2,313.9,0.9171,0.9682,864.4,0.0522,0,0.6666,0.6703,0.7388,0.056,0.873,0.3,57.2,5.53,1
2026-09-05 17:40:29,16920.4,ON,MPPT,15.2,972.0,478.3,2.03,38.1,0.0,0.0,,,,180.052,3987.5217,0,0.2,71.2,0.0,15.438,0.143,16.48,1.52,0.975,2,2.12,829.6,17.05,2.11,108.0,246.6,138.6,0,0,97,40,31.98,523.2,313.9,0.9158,0.9726,926.3,0.0522,0,0.6666,0.6703,0.7388,0.056,0.873,0.3,57.2,5.53,1
2026-09-05 17:40:45,16936.9,ON,MPPT,15.2,971.1,477.5,2.03,38.1,0.0,0.0,,,,180.035,3987.5217,0,0.2,71.2,0.0,14.592,0.146,17.71,4.09,0.976,2,5.7,834.7,17.05,3.02,81.8,246.2,164.4,0,0,97,40,31.98,523.2,313.9,0.9125,0.9769,875.5,0.0522,0,0.6666,0.6703,0.7388,0.056,0.873,0.3,57.2,5.53,1
2026-09-05 17:41:02,16953.4,ON,MPPT,15.0,963.3,477.4,2.02,38.1,0.0,0.0,,,,180.036,3987.5217,0,0.2,71.6,0.0,15.24,0.149,16.73,2.81,0.976,2,3.92,828.0,17.05,3.1,101.7,246.1,144.5,0,0,97,40,31.98,523.2,313.9,0.9108,0.9814,914.4,0.0522,0,0.6666,0.6703,0.7388,0.056,0.873,0.3,57.2,5.53,1
2026-09-05 17:41:18,16969.8,ON,MPPT,15.0,961.9,476.6,2.02,38.1,0.0,0.0,,,,180.028,3987.5217,0,0.2,71.5,0.0,15.553,0.149,16.69,2.43,0.976,2,4.5,826.6,17.05,2.74,90.2,245.7,155.5,0,0,97,40,31.98,523.2,313.9,0.9113,0.9858,933.2,0.0522,0,0.6666,0.6703,0.7388,0.056,0.873,0.3,57.2,5.53,1
2026-09-05 17:41:34,16986.3,ON,MPPT,15.0,957.2,476.0,2.01,38.0,0.0,0.0,,,,180.025,3987.5217,0,0.2,71.5,0.0,14.657,0.14,17.53,2.77,0.975,2,3.86,825.5,17.05,2.19,87.6,245.4,157.8,0,0,97,40,31.98,523.2,313.9,0.9093,0.9901,879.4,0.0522,0,0.6666,0.6703,0.7388,0.056,0.873,0.3,57.2,5.53,1
2026-09-05 17:41:51,17002.7,ON,MPPT,15.2,967.5,473.7,2.04,38.0,0.0,0.0,,,97.23,,3987.5217,0,0.2,71.0,0.0,14.976,0.146,16.96,2.3,0.976,2,3.2,832.4,17.05,3.44,113.1,244.2,131.1,0,0,97,40,31.98,523.2,313.9,0.9078,0.9945,898.6,0.0522,0,0.6666,0.6703,0.7388,0.056,0.873,0.3,57.2,5.53,1
2026-09-05 17:42:07,17019.3,ON,MPPT,15.0,954.4,473.9,2.01,38.0,0.0,0.0,,,,180.043,3987.5217,0,0.2,71.4,0.0,15.054,0.153,17.06,3.21,0.976,2,4.48,832.0,17.05,3.37,99.6,244.3,144.7,0,0,97,40,31.98,523.2,313.9,0.9033,0.9989,903.2,0.0522,0,0.6666,0.6703,0.7388,0.056,0.873,0.3,57.2,5.53,1
2026-09-05 17:42:24,17035.7,ON,MPPT,15.0,954.2,473.0,2.02,38.0,0.0,0.0,,,,180.014,3987.5217,0,0.2,71.3,0.0,14.738,0.145,17.33,2.44,0.975,2,3.39,821.2,17.05,2.37,93.6,243.8,150.3,0,0,97,40,31.98,523.2,313.9,0.9039,1.0032,884.3,0.0522,0,0.6666,0.6703,0.7388,0.056,0.873,0.3,57.2,5.53,1
2026-09-05 17:42:40,17052.2,ON,MPPT,15.0,953.2,471.9,2.02,38.0,0.0,0.0,,,97.22,,3987.5217,0,0.2,71.2,0.0,14.566,0.14,16.88,1.42,0.975,2,1.98,822.2,17.05,2.57,111.9,243.3,131.4,0,0,97,40,31.98,523.2,313.9,0.9016,1.0076,874.0,0.0522,0,0.6666,0.6703,0.7388,0.056,0.873,0.3,57.2,5.53,1
2026-09-05 17:42:57,17068.7,ON,MPPT,15.0,947.4,471.0,2.01,38.0,0.0,0.0,,,,180.01,3987.5217,0,0.2,71.2,0.0,15.064,0.146,16.89,2.62,0.975,2,3.65,828.0,17.05,3.17,105.4,242.9,137.5,0,0,97,40,31.98,523.2,313.9,0.8969,1.012,903.9,0.0522,0,0.6666,0.6703,0.7388,0.056,0.873,0.3,57.2,5.53,1
2026-09-05 17:43:13,17085.2,ON,MPPT,15.0,950.7,469.6,2.02,38.0,0.0,0.0,,,,180.006,3987.5217,0,0.2,71.1,0.0,15.451,0.148,17.41,3.05,0.976,2,4.25,819.8,17.05,2.54,89.0,242.1,153.1,0,0,97,40,31.98,523.2,313.9,0.8974,1.0163,927.1,0.0522,0,0.6666,0.6703,0.7388,0.056,0.873,0.3,57.2,5.53,1
2026-09-05 17:43:30,17101.7,ON,MPPT,15.0,950.7,468.3,2.03,37.9,0.0,0.0,,,,180.002,3987.5217,0,0.2,71.0,0.0,14.851,0.14,16.82,2.94,0.975,2,4.1,819.1,17.05,2.29,88.4,241.5,153.1,0,0,97,40,31.98,523.2,313.9,0.895,1.0207,891.1,0.0522,0,0.6666,0.6703,0.7388,0.056,0.873,0.3,57.2,5.53,1
2026-09-05 17:43:46,17118.1,ON,MPPT,15.0,947.9,467.0,2.03,37.9,0.0,0.0,,,,180.007,3987.5217,0,0.2,70.9,0.0,15.65,0.145,17.19,2.03,0.975,2,2.84,826.6,17.05,2.23,101.4,240.8,139.4,0,0,97,40,31.98,523.2,313.9,0.8863,1.0251,939.0,0.0522,0,0.6666,0.6703,0.7388,0.056,0.873,0.3,57.2,5.53,1
2026-09-05 17:44:03,17134.6,ON,MPPT,15.0,949.3,461.6,2.06,37.8,0.0,0.0,,,,179.999,3987.5217,0,0.2,70.6,0.0,15.101,0.146,17.08,2.35,0.976,2,3.28,819.9,17.05,3.39,110.1,238.0,127.8,0,0,97,40,31.98,523.2,313.9,0.8885,1.0294,906.1,0.0522,0,0.6666,0.6703,0.7388,0.056,0.873,0.3,57.2,5.53,1
2026-09-05 17:44:19,17151.1,ON,MPPT,15.0,938.5,460.9,2.04,37.8,0.0,0.0,,,,179.993,3987.5217,0,0.2,70.5,0.0,14.112,0.14,17.2,2.22,0.975,2,3.1,816.8,17.05,3.09,107.0,237.6,130.6,0,0,97,40,31.98,523.2,313.9,0.8804,1.0337,846.7,0.0522,0,0.6666,0.6703,0.7388,0.056,0.873,0.3,57.2,5.53,1
2026-09-05 17:44:36,17167.6,ON,MPPT,15.0,935.4,444.3,2.11,37.7,0.0,0.0,,,,179.99,3987.5217,0,0.2,69.4,0.0,14.717,0.143,17.08,3.35,0.975,2,4.67,815.8,17.05,2.3,80.8,229.1,148.2,0,0,97,40,31.98,523.2,313.9,0.8525,1.038,883.0,0.0522,0,0.6666,0.6703,0.7388,0.056,0.873,0.3,57.2,5.53,1
2026-09-05 17:44:52,17184.0,FAULT_UV_WAIT,MPPT,15.0,66.6,505.5,0.13,35.4,0.0,0.0,,,,179.947,3987.5217,0,0.2,73.1,0.0,,,,,,,,,,,,,,,5,97,40,31.98,523.2,313.9,0.599,1.0409,,0.0,0,0.0,0.0,0.0,0.33,0.873,0.3,57.2,5.53,1
2026-09-05 17:45:09,17200.5,ON,MPPT,6.3,741.6,479.7,1.55,39.0,0.0,0.0,,,,179.984,3987.5217,0,0.2,88.1,0.0,6.5,0.007,21.48,0.17,1.238,0,0.3,738.2,21.64,0.0,46.5,247.3,200.8,0,0,97,40,31.51,505.5,303.3,0.9465,0.003,390.0,0.0538,0,0.645,0.6718,0.7179,0.33,0.873,0.3,57.2,5.53,1
2026-09-05 17:45:25,17217.0,ON,MPPT,12.9,803.4,473.6,1.7,38.3,0.0,0.0,,,,179.986,3987.5217,0,0.2,75.3,0.0,13.237,0.121,17.12,1.65,0.976,2,2.3,714.5,17.05,2.8,100.8,244.2,143.4,0,0,97,40,31.51,505.5,303.3,0.9341,0.0065,794.2,0.0538,0,0.645,0.6718,0.7179,0.33,0.873,0.3,57.2,5.53,1
2026-09-05 17:45:42,17233.5,ON,MPPT,0.1,133.7,502.1,0.27,34.5,0.0,0.0,,,,179.981,3987.5217,0,0.2,,0.0,0.1,-0.009,0.0,-0.0,0.001,0,0.0,-0.9,21.64,0.0,279.6,258.9,-20.8,1,0,97,40,0.0,505.0,303.0,0.9792,0.0001,6.0,0.0,0,0.0,0.0,0.0,0.355,0.873,0.3,57.2,5.53,1
2026-09-05 17:45:58,17250.0,ON,MPPT,6.7,732.9,477.8,1.53,38.8,0.0,0.0,,,,179.977,3987.5217,1,0.2,87.3,0.0,6.9,0.008,21.7,0.23,1.238,0,0.39,728.4,21.64,0.0,46.1,246.3,200.2,0,0,97,40,31.5,505.0,303.0,0.9428,0.0031,414.0,0.0493,0,0.6406,0.6753,0.707,0.355,0.873,0.3,57.2,5.53,1
2026-09-05 17:46:15,17266.4,ON,MPPT,13.3,821.5,468.0,1.76,37.9,0.0,0.0,,,,179.986,3987.5217,0,0.2,74.3,0.0,12.767,0.123,17.12,3.43,0.975,2,4.78,725.6,17.05,2.73,76.1,241.3,165.2,0,0,97,40,31.5,505.0,303.0,0.9265,0.0066,766.0,0.0493,0,0.6406,0.6753,0.707,0.355,0.873,0.3,57.2,5.53,1
2026-09-05 17:46:31,17283.0,FAULT_UV_WAIT,MPPT,15.0,69.9,504.5,0.14,33.8,0.0,0.0,,,,179.97,3987.5217,0,0.2,73.1,0.0,,,,,,,,,,,,,,,5,97,40,31.5,505.0,303.0,0.6089,0.0074,,0.0493,0,0.6406,0.6753,0.707,0.355,0.873,0.3,57.2,5.53,1
2026-09-05 17:46:48,17299.4,ON,MPPT,3.5,663.9,480.3,1.38,37.1,0.0,0.0,,,97.2,,3987.5217,0,0.2,93.4,0.0,3.522,0.002,21.65,-0.05,1.238,0,-0.07,692.8,21.64,0.0,38.0,247.7,209.6,0,0,97,40,31.21,504.3,302.6,0.9497,0.0014,211.3,0.0463,0,0.6545,0.6624,0.7173,0.368,0.873,0.3,57.2,5.53,1
2026-09-05 17:47:04,17315.9,ON,MPPT,9.92,820.1,458.2,1.79,38.2,0.0,0.0,,,,179.969,3987.5217,0,0.2,80.4,0.0,9.92,0.01,21.77,-0.1,1.238,0,-0.18,789.5,21.64,0.0,71.8,236.2,164.4,0,0,97,40,31.21,504.3,302.6,0.9522,0.0048,595.2,0.0463,0,0.6545,0.6624,0.7173,0.368,0.873,0.3,57.2,5.53,1
2026-09-05 17:47:21,17332.4,FAULT_UV_WAIT,MPPT,15.0,72.0,503.9,0.14,34.5,0.0,0.0,,,,179.964,3987.5217,0,0.2,73.1,0.0,,,,,,,,,,,,,,,5,97,40,31.21,504.3,302.6,0.5967,0.007,,0.0463,0,0.6545,0.6624,0.7173,0.368,0.873,0.3,57.2,5.53,1
2026-09-05 17:47:37,17348.9,FAULT_UV_WAIT,MPPT,15.0,71.5,503.6,0.14,32.4,0.0,0.0,,,,179.967,3987.5217,0,0.2,73.0,0.0,,,,,,,,,,,,,,,5,97,40,31.21,504.3,302.6,0.5967,0.007,,0.0463,0,0.6545,0.6624,0.7173,0.368,0.873,0.3,57.2,5.53,1
2026-09-05 17:47:54,17365.4,FAULT_UV_WAIT,MPPT,15.0,72.3,503.5,0.14,31.4,0.0,0.0,,,97.19,,3987.5217,0,0.2,73.0,0.0,,,,,,,,,,,,,,,5,97,40,31.21,504.3,302.6,0.5967,0.007,,0.0463,0,0.6545,0.6624,0.7173,0.368,0.873,0.3,57.2,5.53,1
2026-09-05 17:48:10,17381.9,ON,MPPT,5.9,703.7,472.4,1.49,36.3,0.0,0.0,,,97.19,,3987.5217,0,0.2,88.7,0.0,5.9,0.006,21.54,0.23,1.238,0,0.4,696.7,21.64,0.0,42.8,243.6,200.8,0,0,97,40,31.2,503.5,302.1,0.9394,0.0025,354.0,0.0473,0,0.6462,0.6693,0.71,0.381,0.873,0.3,57.2,5.53,1
2026-09-05 17:48:26,17398.3,FAULT_UV_WAIT,MPPT,15.0,70.5,503.1,0.14,33.2,0.0,0.0,,,,179.956,3987.5217,0,0.2,73.0,0.0,,,,,,,,,,,,,,,5,97,40,31.2,503.5,302.1,0.5271,0.0045,,0.0473,0,0.6462,0.6693,0.71,0.381,0.873,0.3,57.2,5.53,1
2026-09-05 17:48:43,17414.9,FAULT_UV_WAIT,MPPT,15.0,72.9,502.9,0.14,31.2,0.0,0.0,,,,179.95,3987.5217,0,0.2,73.0,0.0,,,,,,,,,,,,,,,5,97,40,31.2,503.5,302.1,0.5271,0.0045,,0.0473,0,0.6462,0.6693,0.71,0.381,0.873,0.3,57.2,5.53,1
2026-09-05 17:49:00,17431.3,FAULT_UV_WAIT,MPPT,15.0,72.7,502.7,0.14,30.3,0.0,0.0,,,97.19,,3987.5217,0,0.2,73.0,0.0,,,,,,,,,,,,,,,5,97,40,31.2,503.5,302.1,0.5271,0.0045,,0.0473,0,0.6462,0.6693,0.71,0.381,0.873,0.3,57.2,5.53,1
2026-09-05 17:49:16,17447.8,FAULT_UV_WAIT,MPPT,15.0,75.9,502.5,0.15,29.7,0.0,0.0,,,97.19,,3987.5217,0,0.2,73.0,0.0,,,,,,,,,,,,,,,5,97,40,31.2,503.5,302.1,0.5271,0.0045,,0.0473,0,0.6462,0.6693,0.71,0.381,0.873,0.3,57.2,5.53,1
2026-09-05 17:49:32,17464.3,FAULT_UV_WAIT,MPPT,15.0,77.2,502.3,0.15,29.2,0.0,0.0,,,,179.943,3987.5217,0,0.2,73.0,0.0,,,,,,,,,,,,,,,5,97,40,31.2,503.5,302.1,0.5271,0.0045,,0.0473,0,0.6462,0.6693,0.71,0.381,0.873,0.3,57.2,5.53,1
2026-09-05 17:49:49,17480.8,ON,MPPT,3.1,640.0,472.2,1.36,32.9,0.0,0.0,,,,179.939,3987.5217,1,0.2,94.1,0.0,3.122,0.002,21.72,0.22,1.238,0,0.39,653.9,21.64,0.0,28.0,243.4,215.4,0,0,97,40,30.42,502.1,301.3,0.9414,0.0011,187.3,0.0432,0,0.6532,0.6558,0.7113,0.235,0.873,0.3,57.2,5.53,1
2026-09-05 17:50:05,17497.3,FAULT_UV_WAIT,MPPT,15.0,74.9,501.8,0.15,32.7,0.0,0.0,,,97.18,,3987.5217,0,0.2,72.9,0.0,,,,,,,,,,,,,,,5,97,40,30.42,502.1,301.3,0.5643,0.0037,,0.0432,0,0.6532,0.6558,0.7113,0.235,0.873,0.3,57.2,5.53,1
2026-09-05 17:50:22,17513.7,FAULT_UV_WAIT,MPPT,15.0,79.6,501.6,0.16,29.3,0.0,0.0,,,,179.934,3987.5217,0,0.2,72.9,0.0,,,,,,,,,,,,,,,5,97,40,30.42,502.1,301.3,0.5643,0.0037,,0.0432,0,0.6532,0.6558,0.7113,0.235,0.873,0.3,57.2,5.53,1
2026-09-05 17:50:38,17530.2,FAULT_UV_WAIT,MPPT,15.0,78.2,501.4,0.16,28.6,0.0,0.0,,,,179.931,3987.5217,0,0.2,72.9,0.0,,,,,,,,,,,,,,,5,97,40,30.42,502.1,301.3,0.5643,0.0037,,0.0432,0,0.6532,0.6558,0.7113,0.235,0.873,0.3,57.2,5.53,1
2026-09-05 17:50:55,17546.7,FAULT_UV_WAIT,MPPT,15.0,78.3,501.2,0.16,28.1,0.0,0.0,,,,179.928,3987.5217,0,0.2,72.9,0.0,,,,,,,,,,,,,,,5,97,40,30.42,502.1,301.3,0.5643,0.0037,,0.0432,0,0.6532,0.6558,0.7113,0.235,0.873,0.3,57.2,5.53,1
2026-09-05 17:51:11,17563.2,FAULT_UV_WAIT,MPPT,15.0,81.6,501.0,0.16,27.7,0.0,0.0,,,,179.92,3987.5217,0,0.2,72.9,0.0,,,,,,,,,,,,,,,5,97,40,30.42,502.1,301.3,0.5643,0.0037,,0.0432,0,0.6532,0.6558,0.7113,0.235,0.873,0.3,57.2,5.53,1
2026-09-05 17:51:28,17579.6,FAULT_UV_WAIT,MPPT,15.0,83.1,500.7,0.17,27.3,0.0,0.0,,,,179.925,3987.5217,0,0.2,72.9,0.0,,,,,,,,,,,,,,,5,97,40,30.42,502.1,301.3,0.5643,0.0037,,0.0432,0,0.6532,0.6558,0.7113,0.235,0.873,0.3,57.2,5.53,1
2026-09-05 17:51:44,17596.1,FAULT_UV_WAIT,MPPT,15.0,81.6,500.6,0.16,26.9,0.0,0.0,,,97.17,,3987.5217,0,0.2,72.9,0.0,,,,,,,,,,,,,,,5,97,40,30.42,502.1,301.3,0.5643,0.0037,,0.0432,0,0.6532,0.6558,0.7113,0.235,0.873,0.3,57.2,5.53,1
2026-09-05 17:52:01,17612.6,FAULT_UV_WAIT,MPPT,15.0,85.9,500.4,0.17,26.6,0.0,0.0,,,,179.929,3987.5217,0,0.2,72.9,0.0,,,,,,,,,,,,,,,5,97,40,30.42,502.1,301.3,0.5643,0.0037,,0.0432,0,0.6532,0.6558,0.7113,0.235,0.873,0.3,57.2,5.53,1
2026-09-05 17:52:17,17629.1,FAULT_UV_WAIT,MPPT,15.0,85.4,500.2,0.17,26.3,0.0,0.0,,,,179.928,3987.5217,0,0.2,72.9,0.0,,,,,,,,,,,,,,,5,97,40,30.42,502.1,301.3,0.5643,0.0037,,0.0432,0,0.6532,0.6558,0.7113,0.235,0.873,0.3,57.2,5.53,1
2026-09-05 17:52:34,17645.6,FAULT_UV_WAIT,MPPT,15.0,88.2,499.9,0.18,26.0,0.0,0.0,,,,179.912,3987.5217,0,0.2,72.8,0.0,,,,,,,,,,,,,,,5,97,40,30.42,502.1,301.3,0.5643,0.0037,,0.0432,0,0.6532,0.6558,0.7113,0.235,0.873,0.3,57.2,5.53,1
2026-09-05 17:52:50,17662.0,ON,MPPT,2.1,588.4,463.6,1.27,29.0,0.0,0.0,,,,179.912,3987.5217,0,0.2,95.9,0.0,2.299,0.002,21.53,0.04,1.238,0,0.07,628.0,21.64,0.0,27.0,239.0,212.0,0,0,97,40,30.7,499.7,299.8,0.9238,0.0007,137.9,0.0574,0,0.6412,0.6487,0.7179,0.088,0.873,0.3,57.2,5.53,1
2026-09-05 17:53:07,17678.5,FAULT_UV_WAIT,MPPT,15.0,88.6,499.5,0.18,27.1,0.0,0.0,,,,179.909,3987.5217,0,0.2,72.8,0.0,,,,,,,,,,,,,,,5,97,40,30.7,499.7,299.8,0.6004,0.002,,0.0574,0,0.6412,0.6487,0.7179,0.088,0.873,0.3,57.2,5.53,1
2026-09-05 17:53:23,17695.0,FAULT_UV_WAIT,MPPT,15.0,91.6,499.2,0.18,26.2,0.0,0.0,,,,179.905,3987.5217,0,0.2,72.8,0.0,,,,,,,,,,,,,,,5,97,40,30.7,499.7,299.8,0.6004,0.002,,0.0574,0,0.6412,0.6487,0.7179,0.088,0.873,0.3,57.2,5.53,1
2026-09-05 17:53:40,17711.5,FAULT_UV_WAIT,MPPT,15.0,92.3,499.1,0.18,25.8,0.0,0.0,,,,179.903,3987.5217,0,0.2,72.8,0.0,,,,,,,,,,,,,,,5,97,40,30.7,499.7,299.8,0.6004,0.002,,0.0574,0,0.6412,0.6487,0.7179,0.088,0.873,0.3,57.2,5.53,1
2026-09-05 17:53:56,17727.9,FAULT_UV_WAIT,MPPT,15.0,90.5,498.9,0.18,25.5,0.0,0.0,,,,179.9,3987.5217,0,0.2,72.8,0.0,,,,,,,,,,,,,,,5,97,40,30.7,499.7,299.8,0.6004,0.002,,0.0574,0,0.6412,0.6487,0.7179,0.088,0.873,0.3,57.2,5.53,1
2026-09-05 17:54:13,17744.5,FAULT_UV_WAIT,MPPT,15.0,94.1,498.7,0.19,25.3,0.0,0.0,,,,179.898,3987.5217,0,0.2,72.8,0.0,,,,,,,,,,,,,,,5,97,40,30.7,499.7,299.8,0.6004,0.002,,0.0574,0,0.6412,0.6487,0.7179,0.088,0.873,0.3,57.2,5.53,1
2026-09-05 17:54:29,17760.9,FAULT_UV_WAIT,MPPT,15.0,93.4,498.5,0.19,25.1,0.0,0.0,,,97.16,,3987.5217,0,0.2,72.8,0.0,,,,,,,,,,,,,,,5,97,40,30.7,499.7,299.8,0.6004,0.002,,0.0574,0,0.6412,0.6487,0.7179,0.088,0.873,0.3,57.2,5.53,1
2026-09-05 17:54:46,17777.4,FAULT_UV_WAIT,MPPT,15.0,95.6,498.3,0.19,24.9,0.0,0.0,,,,179.893,3987.5217,0,0.2,72.8,0.0,,,,,,,,,,,,,,,5,97,40,30.7,499.7,299.8,0.6004,0.002,,0.0574,0,0.6412,0.6487,0.7179,0.088,0.873,0.3,57.2,5.53,1
2026-09-05 17:55:02,17793.9,FAULT_UV_WAIT,MPPT,15.0,95.0,498.1,0.19,24.7,0.0,0.0,,,,179.891,3987.5217,0,0.2,72.7,0.0,,,,,,,,,,,,,,,5,97,40,30.7,499.7,299.8,0.6004,0.002,,0.0574,0,0.6412,0.6487,0.7179,0.088,0.873,0.3,57.2,5.53,1
2026-09-05 17:55:19,17810.4,FAULT_UV_WAIT,MPPT,15.0,95.9,497.8,0.19,24.5,0.0,0.0,,,,179.888,3987.5217,0,0.2,72.7,0.0,,,,,,,,,,,,,,,5,97,40,30.7,499.7,299.8,0.6004,0.002,,0.0574,0,0.6412,0.6487,0.7179,0.088,0.873,0.3,57.2,5.53,1
2026-09-05 17:55:35,17826.9,FAULT_UV_WAIT,MPPT,15.0,95.7,497.7,0.19,24.4,0.0,0.0,,,,179.886,3987.5217,0,0.2,72.7,0.0,,,,,,,,,,,,,,,5,97,40,30.7,499.7,299.8,0.6004,0.002,,0.0574,0,0.6412,0.6487,0.7179,0.088,0.873,0.3,57.2,5.53,1
2026-09-05 17:55:51,17843.3,FAULT_UV_WAIT,MPPT,15.0,96.9,497.5,0.19,24.2,0.0,0.0,,,,179.885,3987.5217,0,0.2,72.7,0.0,,,,,,,,,,,,,,,5,97,40,30.7,499.7,299.8,0.6004,0.002,,0.0574,0,0.6412,0.6487,0.7179,0.088,0.873,0.3,57.2,5.53,1
2026-09-05 17:56:08,17859.8,FAULT_UV_WAIT,MPPT,15.0,96.0,497.3,0.19,24.1,0.0,0.0,,,,179.881,3987.5217,0,0.2,72.7,0.0,,,,,,,,,,,,,,,5,97,40,30.7,499.7,299.8,0.6004,0.002,,0.0574,0,0.6412,0.6487,0.7179,0.088,0.873,0.3,57.2,5.53,1
2026-09-05 17:56:24,17876.3,FAULT_UV_WAIT,MPPT,15.0,96.4,497.0,0.19,23.9,0.0,0.0,,,,179.879,3987.5217,0,0.2,72.7,0.0,,,,,,,,,,,,,,,5,97,40,30.7,499.7,299.8,0.6004,0.002,,0.0574,0,0.6412,0.6487,0.7179,0.088,0.873,0.3,57.2,5.53,1
2026-09-05 17:56:41,17892.8,FAULT_UV_WAIT,MPPT,15.0,98.2,496.8,0.2,23.8,0.0,0.0,,,,179.868,3987.5217,0,0.2,72.7,0.0,,,,,,,,,,,,,,,5,97,40,30.7,499.7,299.8,0.6004,0.002,,0.0574,0,0.6412,0.6487,0.7179,0.088,0.873,0.3,57.2,5.53,1
2026-09-05 17:56:57,17909.2,FAULT_UV_WAIT,MPPT,15.0,98.9,496.6,0.2,23.7,0.0,0.0,,,,179.873,3987.5217,0,0.2,72.7,0.0,,,,,,,,,,,,,,,5,97,40,30.7,499.7,299.8,0.6004,0.002,,0.0574,0,0.6412,0.6487,0.7179,0.088,0.873,0.3,57.2,5.53,1
2026-09-05 17:57:14,17925.7,FAULT_UV_WAIT,MPPT,15.0,98.9,496.3,0.2,23.6,0.0,0.0,,,,179.872,3987.5217,0,0.2,72.6,0.0,,,,,,,,,,,,,,,5,97,40,30.7,499.7,299.8,0.6004,0.002,,0.0574,0,0.6412,0.6487,0.7179,0.088,0.873,0.3,57.2,5.53,1
2026-09-05 17:57:30,17942.2,FAULT_UV_WAIT,MPPT,15.0,102.0,496.1,0.21,23.5,0.0,0.0,,,,179.868,3987.5217,0,0.2,72.6,0.0,,,,,,,,,,,,,,,5,97,40,30.7,499.7,299.8,0.6004,0.002,,0.0574,0,0.6412,0.6487,0.7179,0.088,0.873,0.3,57.2,5.53,1
2026-09-05 17:57:47,17958.7,FAULT_UV_WAIT,MPPT,15.0,105.5,495.8,0.21,23.4,,,,,,179.865,,0,0.2,72.6,0.0,,,,,,,,,,,,,,,5,97,40,30.7,499.7,299.8,0.6004,0.002,,0.0574,0,0.6412,0.6487,0.7179,0.088,0.873,0.3,57.2,5.53,1
2026-09-05 17:58:04,17975.7,FAULT_UV_WAIT,MPPT,15.0,101.8,495.6,0.21,23.3,0.0,0.0,,,,179.864,3987.5217,0,0.2,72.6,0.0,,,,,,,,,,,,,,,5,97,40,30.7,499.7,299.8,0.6004,0.002,,0.0574,0,0.6412,0.6487,0.7179,0.088,0.873,0.3,57.2,5.53,1
2026-09-05 17:58:20,17992.1,FAULT_UV_WAIT,MPPT,15.0,106.2,495.4,0.21,23.3,0.0,0.0,,,97.14,,3987.5217,0,0.2,72.6,0.0,,,,,,,,,,,,,,,5,97,40,30.7,499.7,299.8,0.6004,0.002,,0.0574,0,0.6412,0.6487,0.7179,0.088,0.873,0.3,57.2,5.53,1
2026-09-05 17:58:37,18008.7,FAULT_UV_WAIT,MPPT,15.0,102.4,495.2,0.21,23.4,0.0,0.0,,,,179.861,3987.5217,0,0.2,72.6,0.0,,,,,,,,,,,,,,,5,97,40,30.43,495.4,297.2,0.5573,0.0002,,0.0475,0,0.6406,0.6373,0.6999,0.26,0.873,0.3,57.2,5.53,1
2026-09-05 17:58:53,18025.1,FAULT_UV_WAIT,MPPT,15.0,104.9,494.9,0.21,23.2,0.0,0.0,,,,179.858,3987.5217,0,0.2,72.6,0.0,,,,,,,,,,,,,,,5,97,40,30.43,495.4,297.2,0.5573,0.0002,,0.0475,0,0.6406,0.6373,0.6999,0.26,0.873,0.3,57.2,5.53,1
2026-09-05 17:59:10,18041.6,FAULT_UV_WAIT,MPPT,15.0,108.6,494.6,0.22,23.1,0.0,0.0,,,,179.855,3987.5217,0,0.2,72.6,0.0,,,,,,,,,,,,,,,5,97,40,30.43,495.4,297.2,0.5573,0.0002,,0.0475,0,0.6406,0.6373,0.6999,0.26,0.873,0.3,57.2,5.53,1
2026-09-05 17:59:26,18058.0,FAULT_UV_WAIT,MPPT,15.0,108.7,494.4,0.22,23.1,0.0,0.0,,,,179.852,3987.5217,0,0.2,72.5,0.0,,,,,,,,,,,,,,,5,97,40,30.43,495.4,297.2,0.5573,0.0002,,0.0475,0,0.6406,0.6373,0.6999,0.26,0.873,0.3,57.2,5.53,1
2026-09-05 17:59:43,18074.6,FAULT_UV_WAIT,MPPT,15.0,104.8,494.1,0.21,23.0,0.0,0.0,,,97.13,,3987.5217,0,0.2,72.5,0.0,,,,,,,,,,,,,,,5,97,40,30.43,495.4,297.2,0.5573,0.0002,,0.0475,0,0.6406,0.6373,0.6999,0.26,0.873,0.3,57.2,5.53,1
2026-09-05 17:59:59,18091.1,FAULT_UV_WAIT,MPPT,15.0,110.7,493.9,0.22,22.9,0.0,0.0,,,,179.853,3987.5217,0,0.2,72.5,0.0,,,,,,,,,,,,,,,5,97,40,30.43,495.4,297.2,0.5573,0.0002,,0.0475,0,0.6406,0.6373,0.6999,0.26,0.873,0.3,57.2,5.53,1
2026-09-05 18:00:16,18107.5,FAULT_UV_WAIT,MPPT,15.0,108.2,493.7,0.22,22.9,0.0,0.0,,,,179.847,3987.5217,0,0.2,72.5,0.0,,,,,,,,,,,,,,,5,97,40,30.43,495.4,297.2,0.5573,0.0002,,0.0475,0,0.6406,0.6373,0.6999,0.26,0.873,0.3,57.2,5.53,1
2026-09-05 18:00:32,18124.0,FAULT_UV_WAIT,MPPT,15.0,107.7,493.4,0.22,22.8,0.0,0.0,,,,179.843,3987.5217,0,0.2,72.5,0.0,,,,,,,,,,,,,,,5,97,40,30.43,495.4,297.2,0.5573,0.0002,,0.0475,0,0.6406,0.6373,0.6999,0.26,0.873,0.3,57.2,5.53,1
2026-09-05 18:00:49,18140.5,FAULT_UV_WAIT,MPPT,15.0,109.4,493.2,0.22,22.8,0.0,0.0,,,97.13,,3987.5217,0,0.2,72.5,0.0,,,,,,,,,,,,,,,5,97,40,30.43,495.4,297.2,0.5573,0.0002,,0.0475,0,0.6406,0.6373,0.6999,0.26,0.873,0.3,57.2,5.53,1
2026-09-05 18:01:05,18157.0,FAULT_UV_WAIT,MPPT,15.0,107.9,492.9,0.22,22.7,0.0,0.0,,,97.13,,3987.5217,0,0.2,72.5,0.0,,,,,,,,,,,,,,,5,97,40,30.43,495.4,297.2,0.5573,0.0002,,0.0475,0,0.6406,0.6373,0.6999,0.26,0.873,0.3,57.2,5.53,1
2026-09-05 18:01:22,18173.4,FAULT_UV_WAIT,MPPT,15.0,109.4,492.7,0.22,22.7,0.0,0.0,,,,179.836,3987.5217,0,0.2,72.4,0.0,,,,,,,,,,,,,,,5,97,40,30.43,495.4,297.2,0.5573,0.0002,,0.0475,0,0.6406,0.6373,0.6999,0.26,0.873,0.3,57.2,5.53,1
2026-09-05 18:01:38,18189.9,FAULT_UV_WAIT,MPPT,15.0,111.0,492.4,0.23,22.6,0.0,0.0,,,,179.836,3987.5217,0,0.2,72.4,0.0,,,,,,,,,,,,,,,5,97,40,30.43,495.4,297.2,0.5573,0.0002,,0.0475,0,0.6406,0.6373,0.6999,0.26,0.873,0.3,57.2,5.53,1
2026-09-05 18:01:55,18206.4,FAULT_UV_WAIT,MPPT,15.0,109.3,492.0,0.22,22.6,0.0,0.0,,,,179.832,3987.5217,0,0.2,72.4,0.0,,,,,,,,,,,,,,,5,97,40,30.43,495.4,297.2,0.5573,0.0002,,0.0475,0,0.6406,0.6373,0.6999,0.26,0.873,0.3,57.2,5.53,1
2026-09-05 18:02:11,18222.9,FAULT_UV_WAIT,MPPT,15.0,111.3,491.8,0.23,22.6,0.0,0.0,,,,179.83,3987.5217,0,0.2,72.4,0.0,,,,,,,,,,,,,,,5,97,40,30.43,495.4,297.2,0.5573,0.0002,,0.0475,0,0.6406,0.6373,0.6999,0.26,0.873,0.3,57.2,5.53,1
2026-09-05 18:02:28,18239.4,FAULT_UV_WAIT,MPPT,15.0,112.9,491.5,0.23,22.5,0.0,0.0,,,97.13,,3987.5217,0,0.2,72.4,0.0,,,,,,,,,,,,,,,5,97,40,30.43,495.4,297.2,0.5573,0.0002,,0.0475,0,0.6406,0.6373,0.6999,0.26,0.873,0.3,57.2,5.53,1
2026-09-05 18:02:44,18255.8,FAULT_UV_WAIT,MPPT,15.0,109.7,491.3,0.22,22.5,0.0,0.0,,,97.12,,3987.5217,0,0.2,72.4,0.0,,,,,,,,,,,,,,,5,97,40,30.43,495.4,297.2,0.5573,0.0002,,0.0475,0,0.6406,0.6373,0.6999,0.26,0.873,0.3,57.2,5.53,1
2026-09-05 18:03:01,18272.4,FAULT_UV_WAIT,MPPT,15.0,114.4,491.0,0.23,22.5,0.0,0.0,,,,179.825,3987.5217,0,0.2,72.3,0.0,,,,,,,,,,,,,,,5,97,40,30.43,495.4,297.2,0.5573,0.0002,,0.0475,0,0.6406,0.6373,0.6999,0.26,0.873,0.3,57.2,5.53,1
2026-09-05 18:03:17,18288.9,FAULT_UV_WAIT,MPPT,15.0,112.1,490.7,0.23,22.5,0.0,0.0,,,97.12,,3987.5217,0,0.2,72.3,0.0,,,,,,,,,,,,,,,5,97,40,30.43,495.4,297.2,0.5573,0.0002,,0.0475,0,0.6406,0.6373,0.6999,0.26,0.873,0.3,57.2,5.53,1
2026-09-05 18:03:34,18305.3,FAULT_UV_WAIT,MPPT,15.0,109.7,490.4,0.22,22.4,0.0,0.0,,,,179.82,3987.5217,0,0.2,72.3,0.0,,,,,,,,,,,,,,,5,97,40,30.43,495.4,297.2,0.5573,0.0002,,0.0475,0,0.6406,0.6373,0.6999,0.26,0.873,0.3,57.2,5.53,1
2026-09-05 18:03:50,18321.8,ON,MPPT,0.1,254.9,461.4,0.55,22.9,0.0,0.0,,,,179.831,3987.5217,0,0.2,,0.0,0.1,0.003,-0.05,0.09,0.0,0,0.0,-1.5,21.64,0.0,272.0,237.9,-34.1,1,0,97,40,0.0,490.2,294.1,0.9326,0.0001,6.0,0.0,0,0.0,0.0,0.0,0.295,0.873,0.3,57.2,5.53,1
2026-09-05 18:04:07,18338.4,FAULT_UV_WAIT,MPPT,15.0,110.5,489.8,0.23,22.5,0.0,0.0,,,,179.814,3987.5217,0,0.2,72.3,0.0,,,,,,,,,,,,,,,5,97,40,29.55,490.2,294.1,0.5275,0.0001,,0.045,0,0.6448,0.6142,0.6721,0.295,0.873,0.3,57.2,5.53,1
2026-09-05 18:04:23,18354.8,FAULT_UV_WAIT,MPPT,15.0,112.9,489.6,0.23,22.4,0.0,0.0,,,,179.811,3987.5217,0,0.2,72.3,0.0,,,,,,,,,,,,,,,5,97,40,29.55,490.2,294.1,0.5275,0.0001,,0.045,0,0.6448,0.6142,0.6721,0.295,0.873,0.3,57.2,5.53,1
2026-09-05 18:04:39,18371.3,FAULT_UV_WAIT,MPPT,15.0,114.8,489.3,0.23,22.4,0.0,0.0,,,97.11,,3987.5217,0,0.2,72.3,0.0,,,,,,,,,,,,,,,5,97,40,29.55,490.2,294.1,0.5275,0.0001,,0.045,0,0.6448,0.6142,0.6721,0.295,0.873,0.3,57.2,5.53,1
2026-09-05 18:04:56,18387.8,FAULT_UV_WAIT,MPPT,15.0,113.5,489.1,0.23,22.4,0.0,0.0,,,,179.809,3987.5217,0,0.2,72.2,0.0,,,,,,,,,,,,,,,5,97,40,29.55,490.2,294.1,0.5275,0.0001,,0.045,0,0.6448,0.6142,0.6721,0.295,0.873,0.3,57.2,5.53,1
2026-09-05 18:05:12,18404.3,FAULT_UV_WAIT,MPPT,15.0,114.2,488.8,0.23,22.4,0.0,0.0,,,,179.806,3987.5217,0,0.2,72.2,0.0,,,,,,,,,,,,,,,5,97,40,29.55,490.2,294.1,0.5275,0.0001,,0.045,0,0.6448,0.6142,0.6721,0.295,0.873,0.3,57.2,5.53,1
2026-09-05 18:05:29,18420.8,FAULT_UV_WAIT,MPPT,15.0,116.0,488.5,0.24,22.3,0.0,0.0,,,97.11,,3987.5217,0,0.2,72.2,0.0,,,,,,,,,,,,,,,5,97,40,29.55,490.2,294.1,0.5275,0.0001,,0.045,0,0.6448,0.6142,0.6721,0.295,0.873,0.3,57.2,5.53,1
2026-09-05 18:05:45,18437.3,FAULT_UV_WAIT,MPPT,15.0,116.7,488.1,0.24,22.3,0.0,0.0,,,,179.802,3987.5217,0,0.2,72.2,0.0,,,,,,,,,,,,,,,5,97,40,29.55,490.2,294.1,0.5275,0.0001,,0.045,0,0.6448,0.6142,0.6721,0.295,0.873,0.3,57.2,5.53,1
2026-09-05 18:06:02,18453.8,FAULT_UV_WAIT,MPPT,15.0,115.8,487.9,0.24,22.3,0.0,0.0,,,,179.802,3987.5217,0,0.2,72.2,0.0,,,,,,,,,,,,,,,5,97,40,29.55,490.2,294.1,0.5275,0.0001,,0.045,0,0.6448,0.6142,0.6721,0.295,0.873,0.3,57.2,5.53,1
2026-09-05 18:06:18,18470.3,FAULT_UV_WAIT,MPPT,15.0,113.9,487.6,0.23,22.3,0.0,0.0,,,,179.798,3987.5217,0,0.2,72.2,0.0,,,,,,,,,,,,,,,5,97,40,29.55,490.2,294.1,0.5275,0.0001,,0.045,0,0.6448,0.6142,0.6721,0.295,0.873,0.3,57.2,5.53,1
2026-09-05 18:06:35,18486.8,FAULT_UV_WAIT,MPPT,15.0,115.6,487.4,0.24,22.3,0.0,0.0,,,,179.808,3987.5217,0,0.2,72.1,0.0,,,,,,,,,,,,,,,5,97,40,29.55,490.2,294.1,0.5275,0.0001,,0.045,0,0.6448,0.6142,0.6721,0.295,0.873,0.3,57.2,5.53,1
2026-09-05 18:06:51,18503.2,FAULT_UV_WAIT,MPPT,15.0,116.8,487.0,0.24,22.2,0.0,0.0,,,,179.794,3987.5217,0,0.2,72.1,0.0,,,,,,,,,,,,,,,5,97,40,29.55,490.2,294.1,0.5275,0.0001,,0.045,0,0.6448,0.6142,0.6721,0.295,0.873,0.3,57.2,5.53,1
2026-09-05 18:07:08,18519.6,FAULT_UV_WAIT,MPPT,15.0,119.6,486.7,0.25,22.2,0.0,0.0,,,,179.792,3987.5217,0,0.2,72.1,0.0,,,,,,,,,,,,,,,5,97,40,29.55,490.2,294.1,0.5275,0.0001,,0.045,0,0.6448,0.6142,0.6721,0.295,0.873,0.3,57.2,5.53,1
2026-09-05 18:07:24,18536.2,FAULT_UV_WAIT,MPPT,15.0,116.1,486.4,0.24,22.2,0.0,0.0,,,,179.79,3987.5217,0,0.2,72.1,0.0,,,,,,,,,,,,,,,5,97,40,29.55,490.2,294.1,0.5275,0.0001,,0.045,0,0.6448,0.6142,0.6721,0.295,0.873,0.3,57.2,5.53,1
2026-09-05 18:07:41,18552.6,FAULT_UV_WAIT,MPPT,15.0,116.5,486.1,0.24,22.2,0.0,0.0,,,,179.79,3987.5217,0,0.2,72.1,0.0,,,,,,,,,,,,,,,5,97,40,29.55,490.2,294.1,0.5275,0.0001,,0.045,0,0.6448,0.6142,0.6721,0.295,0.873,0.3,57.2,5.53,1
2026-09-05 18:07:57,18569.1,FAULT_UV_WAIT,MPPT,15.0,116.4,485.8,0.24,22.2,0.0,0.0,,,,179.791,3987.5217,0,0.2,72.1,0.0,,,,,,,,,,,,,,,5,97,40,29.55,490.2,294.1,0.5275,0.0001,,0.045,0,0.6448,0.6142,0.6721,0.295,0.873,0.3,57.2,5.53,1
2026-09-05 18:08:14,18585.6,FAULT_UV_WAIT,MPPT,15.0,116.1,485.5,0.24,22.1,0.0,0.0,,,,179.785,3987.5217,0,0.2,72.0,0.0,,,,,,,,,,,,,,,5,97,40,29.55,490.2,294.1,0.5275,0.0001,,0.045,0,0.6448,0.6142,0.6721,0.295,0.873,0.3,57.2,5.53,1
2026-09-05 18:08:30,18602.1,FAULT_UV_WAIT,MPPT,15.0,113.2,485.2,0.23,22.1,0.0,0.0,,,,179.79,3987.5217,0,0.2,72.0,0.0,,,,,,,,,,,,,,,5,97,40,29.55,490.2,294.1,0.5275,0.0001,,0.045,0,0.6448,0.6142,0.6721,0.295,0.873,0.3,57.2,5.53,1
2026-09-05 18:08:47,18618.6,FAULT_UV_WAIT,MPPT,15.0,114.4,484.9,0.24,22.1,0.0,0.0,,,97.1,,3987.5217,0,0.2,72.0,0.0,,,,,,,,,,,,,,,5,97,40,29.55,490.2,294.1,0.5275,0.0001,,0.045,0,0.6448,0.6142,0.6721,0.295,0.873,0.3,57.2,5.53,1
2026-09-05 18:09:03,18635.1,FAULT_UV_WAIT,MPPT,15.0,117.5,484.5,0.24,22.1,0.0,0.0,,,,179.782,3987.5217,0,0.2,72.0,0.0,,,,,,,,,,,,,,,5,97,40,29.55,490.2,294.1,0.5275,0.0001,,0.045,0,0.6448,0.6142,0.6721,0.295,0.873,0.3,57.2,5.53,1
2026-09-05 18:09:20,18651.6,FAULT_UV_WAIT,MPPT,15.0,112.0,484.2,0.23,22.7,0.0,0.0,,,,179.786,3987.5217,0,0.2,72.0,0.0,,,,,,,,,,,,,,,5,97,40,28.23,484.3,290.6,0.8159,0.0001,,0.0554,0,0.6247,0.6051,0.6755,0.103,0.873,0.3,57.2,5.53,1
2026-09-05 18:09:36,18668.1,FAULT_UV_WAIT,MPPT,15.0,116.2,483.9,0.24,22.2,0.0,0.0,,,,179.791,3987.5217,0,0.2,71.9,0.0,,,,,,,,,,,,,,,5,97,40,28.23,484.3,290.6,0.8159,0.0001,,0.0554,0,0.6247,0.6051,0.6755,0.103,0.873,0.3,57.2,5.53,1
2026-09-05 18:09:53,18684.6,FAULT_UV_WAIT,MPPT,15.0,119.0,483.5,0.25,22.1,0.0,0.0,,,,179.776,3987.5217,0,0.2,71.9,0.0,,,,,,,,,,,,,,,5,97,40,28.23,484.3,290.6,0.8159,0.0001,,0.0554,0,0.6247,0.6051,0.6755,0.103,0.873,0.3,57.2,5.53,1
2026-09-05 18:10:09,18701.0,FAULT_UV_WAIT,MPPT,15.0,117.7,483.2,0.24,22.1,0.0,0.0,,,,179.778,3987.5217,0,0.2,71.9,0.0,,,,,,,,,,,,,,,5,97,40,28.23,484.3,290.6,0.8159,0.0001,,0.0554,0,0.6247,0.6051,0.6755,0.103,0.873,0.3,57.2,5.53,1
2026-09-05 18:10:26,18717.4,FAULT_UV_WAIT,MPPT,15.0,115.6,482.8,0.24,22.1,0.0,0.0,,,,179.772,3987.5217,0,0.2,71.9,0.0,,,,,,,,,,,,,,,5,97,40,28.23,484.3,290.6,0.8159,0.0001,,0.0554,0,0.6247,0.6051,0.6755,0.103,0.873,0.3,57.2,5.53,1
2026-09-05 18:10:42,18734.0,FAULT_UV_WAIT,MPPT,15.0,120.2,482.4,0.25,22.0,0.0,0.0,,,,179.794,3987.5217,0,0.2,71.9,0.0,,,,,,,,,,,,,,,5,97,40,28.23,484.3,290.6,0.8159,0.0001,,0.0554,0,0.6247,0.6051,0.6755,0.103,0.873,0.3,57.2,5.53,1
2026-09-05 18:10:59,18750.5,FAULT_UV_WAIT,MPPT,15.0,115.4,482.1,0.24,22.0,0.0,0.0,,,,179.823,3987.5217,0,0.2,71.8,0.0,,,,,,,,,,,,,,,5,97,40,28.23,484.3,290.6,0.8159,0.0001,,0.0554,0,0.6247,0.6051,0.6755,0.103,0.873,0.3,57.2,5.53,1
2026-09-05 18:11:15,18766.9,FAULT_UV_WAIT,MPPT,15.0,119.8,481.6,0.25,22.0,0.0,0.0,,,97.1,,3987.5217,0,0.2,71.8,0.0,,,,,,,,,,,,,,,5,97,40,28.23,484.3,290.6,0.8159,0.0001,,0.0554,0,0.6247,0.6051,0.6755,0.103,0.873,0.3,57.2,5.53,1
2026-09-05 18:11:32,18783.4,FAULT_UV_WAIT,MPPT,15.0,120.9,481.2,0.25,22.0,0.0,0.0,,,,179.766,3987.5217,0,0.2,71.8,0.0,,,,,,,,,,,,,,,5,97,40,28.23,484.3,290.6,0.8159,0.0001,,0.0554,0,0.6247,0.6051,0.6755,0.103,0.873,0.3,57.2,5.53,1
2026-09-05 18:11:48,18799.9,FAULT_UV_WAIT,MPPT,15.0,116.8,480.8,0.24,22.0,0.0,0.0,,,,179.764,3987.5217,0,0.2,71.8,0.0,,,,,,,,,,,,,,,5,97,40,28.23,484.3,290.6,0.8159,0.0001,,0.0554,0,0.6247,0.6051,0.6755,0.103,0.873,0.3,57.2,5.53,1
2026-09-05 18:12:05,18816.4,FAULT_UV_WAIT,MPPT,15.0,116.8,480.4,0.24,22.0,0.0,0.0,,,,179.763,3987.5217,0,0.2,71.7,0.0,,,,,,,,,,,,,,,5,97,40,28.23,484.3,290.6,0.8159,0.0001,,0.0554,0,0.6247,0.6051,0.6755,0.103,0.873,0.3,57.2,5.53,1
2026-09-05 18:12:21,18832.9,FAULT_UV_WAIT,MPPT,15.0,118.1,479.9,0.25,22.0,0.0,0.0,,,,179.772,3987.5217,0,0.2,71.7,0.0,,,,,,,,,,,,,,,5,97,40,28.23,484.3,290.6,0.8159,0.0001,,0.0554,0,0.6247,0.6051,0.6755,0.103,0.873,0.3,57.2,5.53,1
2026-09-05 18:12:38,18849.4,FAULT_UV_WAIT,MPPT,15.0,119.0,479.5,0.25,21.9,0.0,0.0,,,97.09,,3987.5217,0,0.2,71.7,0.0,,,,,,,,,,,,,,,5,97,40,28.23,484.3,290.6,0.8159,0.0001,,0.0554,0,0.6247,0.6051,0.6755,0.103,0.873,0.3,57.2,5.53,1
2026-09-05 18:12:54,18865.9,FAULT_UV_WAIT,MPPT,15.0,119.2,479.1,0.25,21.9,0.0,0.0,,,,179.759,3987.5217,0,0.2,71.7,0.0,,,,,,,,,,,,,,,5,97,40,28.23,484.3,290.6,0.8159,0.0001,,0.0554,0,0.6247,0.6051,0.6755,0.103,0.873,0.3,57.2,5.53,1
2026-09-05 18:13:11,18882.4,FAULT_UV_WAIT,MPPT,15.0,119.7,478.7,0.25,21.9,0.0,0.0,,,,179.76,3987.5217,0,0.2,71.6,0.0,,,,,,,,,,,,,,,5,97,40,28.23,484.3,290.6,0.8159,0.0001,,0.0554,0,0.6247,0.6051,0.6755,0.103,0.873,0.3,57.2,5.53,1
2026-09-05 18:13:27,18898.8,FAULT_UV_WAIT,MPPT,15.0,118.2,478.3,0.25,21.9,0.0,0.0,,,,179.757,3987.5217,0,0.2,71.6,0.0,,,,,,,,,,,,,,,5,97,40,28.23,484.3,290.6,0.8159,0.0001,,0.0554,0,0.6247,0.6051,0.6755,0.103,0.873,0.3,57.2,5.53,1
2026-09-05 18:13:43,18915.3,FAULT_UV_WAIT,MPPT,15.0,118.7,477.9,0.25,21.9,0.0,0.0,,,,179.759,3987.5217,0,0.2,71.6,0.0,,,,,,,,,,,,,,,5,97,40,28.23,484.3,290.6,0.8159,0.0001,,0.0554,0,0.6247,0.6051,0.6755,0.103,0.873,0.3,57.2,5.53,1
2026-09-05 18:14:00,18931.8,FAULT_UV_WAIT,MPPT,15.0,120.1,477.4,0.25,21.9,0.0,0.0,,,,179.766,3987.5217,0,0.2,71.6,0.0,,,,,,,,,,,,,,,5,97,40,28.23,484.3,290.6,0.8159,0.0001,,0.0554,0,0.6247,0.6051,0.6755,0.103,0.873,0.3,57.2,5.53,1
2026-09-05 18:14:16,18948.3,FAULT_UV_WAIT,MPPT,15.0,117.5,477.0,0.25,21.8,0.0,0.0,,,97.08,,3987.5217,0,0.2,71.5,0.0,,,,,,,,,,,,,,,5,97,40,28.23,484.3,290.6,0.8159,0.0001,,0.0554,0,0.6247,0.6051,0.6755,0.103,0.873,0.3,57.2,5.53,1
2026-09-05 18:14:33,18964.8,FAULT_UV_WAIT,MPPT,15.0,119.4,476.5,0.25,21.8,0.0,0.0,,,97.08,,3987.5217,0,0.2,71.5,0.0,,,,,,,,,,,,,,,5,97,40,28.23,484.3,290.6,0.8159,0.0001,,0.0554,0,0.6247,0.6051,0.6755,0.103,0.873,0.3,57.2,5.53,1
2026-09-05 18:14:49,18981.3,FAULT_UV_WAIT,MPPT,15.0,122.5,476.0,0.26,21.9,0.0,0.0,,,,179.75,3987.5217,0,0.2,71.5,0.0,,,,,,,,,,,,,,,5,97,40,0.0,476.3,285.8,0.5661,0.0,,0.0,0,0.0,0.0,0.0,0.079,0.873,0.3,57.2,5.53,1
2026-09-05 18:15:06,18997.8,FAULT_UV_WAIT,MPPT,15.0,118.7,475.5,0.25,21.9,0.0,0.0,,,,179.749,3987.5217,0,0.2,71.5,0.0,,,,,,,,,,,,,,,5,97,40,0.0,476.3,285.8,0.5661,0.0,,0.0,0,0.0,0.0,0.0,0.079,0.873,0.3,57.2,5.53,1
2026-09-05 18:15:22,19014.3,FAULT_UV_WAIT,MPPT,15.0,119.8,475.1,0.25,21.8,0.0,0.0,,,,179.748,3987.5217,0,0.2,71.4,0.0,,,,,,,,,,,,,,,5,97,40,0.0,476.3,285.8,0.5661,0.0,,0.0,0,0.0,0.0,0.0,0.079,0.873,0.3,57.2,5.53,1
2026-09-05 18:15:39,19030.7,FAULT_UV_WAIT,MPPT,15.0,122.0,474.6,0.26,21.8,0.0,0.0,,,97.08,,3987.5217,0,0.2,71.4,0.0,,,,,,,,,,,,,,,5,97,40,0.0,476.3,285.8,0.5661,0.0,,0.0,0,0.0,0.0,0.0,0.079,0.873,0.3,57.2,5.53,1
2026-09-05 18:15:55,19047.2,FAULT_UV_WAIT,MPPT,15.0,123.2,474.1,0.26,21.8,0.0,0.0,,,,179.744,3987.5217,0,0.2,71.4,0.0,,,,,,,,,,,,,,,5,97,40,0.0,476.3,285.8,0.5661,0.0,,0.0,0,0.0,0.0,0.0,0.079,0.873,0.3,57.2,5.53,1
2026-09-05 18:16:12,19063.7,FAULT_UV_WAIT,MPPT,15.0,120.9,473.5,0.26,21.8,0.0,0.0,,,,179.745,3987.5217,0,0.2,71.3,0.0,,,,,,,,,,,,,,,5,97,40,0.0,476.3,285.8,0.5661,0.0,,0.0,0,0.0,0.0,0.0,0.079,0.873,0.3,57.2,5.53,1
2026-09-05 18:16:28,19080.2,FAULT_UV_WAIT,MPPT,15.0,122.0,472.9,0.26,21.8,0.0,0.0,,,,179.742,3987.5217,0,0.2,71.3,0.0,,,,,,,,,,,,,,,5,97,40,0.0,476.3,285.8,0.5661,0.0,,0.0,0,0.0,0.0,0.0,0.079,0.873,0.3,57.2,5.53,1
2026-09-05 18:16:45,19096.7,FAULT_UV_WAIT,MPPT,15.0,123.2,472.4,0.26,21.8,0.0,0.0,,,97.09,,3987.5217,0,0.2,71.3,0.0,,,,,,,,,,,,,,,5,97,40,0.0,476.3,285.8,0.5661,0.0,,0.0,0,0.0,0.0,0.0,0.079,0.873,0.3,57.2,5.53,1
2026-09-05 18:17:01,19113.1,FAULT_UV_WAIT,MPPT,15.0,121.0,471.8,0.26,21.7,0.0,0.0,,,,179.742,3987.5217,0,0.2,71.2,0.0,,,,,,,,,,,,,,,5,97,40,0.0,476.3,285.8,0.5661,0.0,,0.0,0,0.0,0.0,0.0,0.079,0.873,0.3,57.2,5.53,1
2026-09-05 18:17:18,19129.7,FAULT_UV_WAIT,MPPT,15.0,122.1,471.2,0.26,21.7,0.0,0.0,,,,179.738,3987.5217,0,0.2,71.2,0.0,,,,,,,,,,,,,,,5,97,40,0.0,476.3,285.8,0.5661,0.0,,0.0,0,0.0,0.0,0.0,0.079,0.873,0.3,57.2,5.53,1
2026-09-05 18:17:34,19146.1,FAULT_UV_WAIT,MPPT,15.0,121.7,470.6,0.26,21.7,0.0,0.0,,,,179.737,3987.5217,0,0.2,71.2,0.0,,,,,,,,,,,,,,,5,97,40,0.0,476.3,285.8,0.5661,0.0,,0.0,0,0.0,0.0,0.0,0.079,0.873,0.3,57.2,5.53,1
2026-09-05 18:17:51,19162.6,FAULT_UV_WAIT,MPPT,15.0,121.4,470.0,0.26,21.7,0.0,0.0,,,97.07,,3987.5217,0,0.2,71.1,0.0,,,,,,,,,,,,,,,5,97,40,0.0,476.3,285.8,0.5661,0.0,,0.0,0,0.0,0.0,0.0,0.079,0.873,0.3,57.2,5.53,1
2026-09-05 18:18:07,19179.0,FAULT_UV_WAIT,MPPT,15.0,121.0,469.5,0.26,21.7,0.0,0.0,,,97.08,,3987.5217,0,0.2,71.1,0.0,,,,,,,,,,,,,,,5,97,40,0.0,476.3,285.8,0.5661,0.0,,0.0,0,0.0,0.0,0.0,0.079,0.873,0.3,57.2,5.53,1
2026-09-05 18:18:24,19195.6,FAULT_UV_WAIT,MPPT,15.0,119.9,468.8,0.26,21.7,0.0,0.0,,,,179.745,3987.5217,0,0.2,71.0,0.0,,,,,,,,,,,,,,,5,97,40,0.0,476.3,285.8,0.5661,0.0,,0.0,0,0.0,0.0,0.0,0.079,0.873,0.3,57.2,5.53,1
2026-09-05 18:18:40,19212.0,FAULT_UV_WAIT,MPPT,15.0,119.8,468.2,0.26,21.7,0.0,0.0,,,,179.799,3987.5217,0,0.2,71.0,0.0,,,,,,,,,,,,,,,5,97,40,0.0,476.3,285.8,0.5661,0.0,,0.0,0,0.0,0.0,0.0,0.079,0.873,0.3,57.2,5.53,1
2026-09-05 18:18:57,19228.5,FAULT_UV_WAIT,MPPT,15.0,119.0,467.5,0.25,21.7,0.0,0.0,,,,179.809,3987.5217,0,0.2,71.0,0.0,,,,,,,,,,,,,,,5,97,40,0.0,476.3,285.8,0.5661,0.0,,0.0,0,0.0,0.0,0.0,0.079,0.873,0.3,57.2,5.53,1
2026-09-05 18:19:13,19245.0,FAULT_UV_WAIT,MPPT,15.0,123.1,466.8,0.26,21.7,0.0,0.0,,,,179.854,3987.5217,0,0.2,70.9,0.0,,,,,,,,,,,,,,,5,97,40,0.0,476.3,285.8,0.5661,0.0,,0.0,0,0.0,0.0,0.0,0.079,0.873,0.3,57.2,5.53,1
2026-09-05 18:19:30,19261.5,FAULT_UV_WAIT,MPPT,15.0,121.2,466.3,0.26,21.6,0.0,0.0,,,,179.771,3987.5217,0,0.2,70.9,0.0,,,,,,,,,,,,,,,5,97,40,0.0,476.3,285.8,0.5661,0.0,,0.0,0,0.0,0.0,0.0,0.079,0.873,0.3,57.2,5.53,1
2026-09-05 18:19:46,19277.9,FAULT_UV_WAIT,MPPT,15.0,119.0,465.5,0.26,21.6,0.0,0.0,,,,179.729,3987.5217,0,0.2,70.8,0.0,,,,,,,,,,,,,,,5,97,40,0.0,476.3,285.8,0.5661,0.0,,0.0,0,0.0,0.0,0.0,0.079,0.873,0.3,57.2,5.53,1
2026-09-05 18:20:03,19294.4,FAULT_UV_WAIT,MPPT,15.0,123.0,464.9,0.26,21.6,0.0,0.0,,,,179.733,3987.5217,0,0.2,70.8,0.0,,,,,,,,,,,,,,,5,97,40,0.0,476.3,285.8,0.5661,0.0,,0.0,0,0.0,0.0,0.0,0.079,0.873,0.3,57.2,5.53,1
2026-09-05 18:20:19,19310.9,FAULT_UV_WAIT,MPPT,15.0,120.3,464.2,0.26,21.7,0.0,0.0,,,,179.728,3987.5217,0,0.2,70.8,0.0,,,,,,,,,,,,,,,5,97,40,0.0,464.7,278.8,0.6696,0.0,,0.0,0,0.0,0.0,0.0,0.266,0.873,0.3,57.2,5.53,1
2026-09-05 18:20:36,19327.4,FAULT_UV_WAIT,MPPT,15.0,125.5,463.4,0.27,21.6,0.0,0.0,,,,179.725,3987.5217,0,0.2,70.7,0.0,,,,,,,,,,,,,,,5,97,40,0.0,464.7,278.8,0.6696,0.0,,0.0,0,0.0,0.0,0.0,0.266,0.873,0.3,57.2,5.53,1
2026-09-05 18:20:52,19343.9,FAULT_UV_WAIT,MPPT,15.0,124.6,462.7,0.27,21.6,0.0,0.0,,,,179.723,3987.5217,0,0.2,70.7,0.0,,,,,,,,,,,,,,,5,97,40,0.0,464.7,278.8,0.6696,0.0,,0.0,0,0.0,0.0,0.0,0.266,0.873,0.3,57.2,5.53,1
2026-09-05 18:21:09,19360.4,FAULT_UV_WAIT,MPPT,15.0,122.0,462.0,0.26,21.6,0.0,0.0,,,97.06,,3987.5217,0,0.2,70.6,0.0,,,,,,,,,,,,,,,5,97,40,0.0,464.7,278.8,0.6696,0.0,,0.0,0,0.0,0.0,0.0,0.266,0.873,0.3,57.2,5.53,1
2026-09-05 18:21:25,19376.8,FAULT_UV_WAIT,MPPT,15.0,119.4,461.3,0.26,21.6,0.0,0.0,,,97.06,,3987.5217,0,0.2,70.6,0.0,,,,,,,,,,,,,,,5,97,40,0.0,464.7,278.8,0.6696,0.0,,0.0,0,0.0,0.0,0.0,0.266,0.873,0.3,57.2,5.53,1
2026-09-05 18:21:42,19393.4,FAULT_UV_WAIT,MPPT,15.0,122.8,460.6,0.27,21.6,0.0,0.0,,,,179.719,3987.5217,0,0.2,70.5,0.0,,,,,,,,,,,,,,,5,97,40,0.0,464.7,278.8,0.6696,0.0,,0.0,0,0.0,0.0,0.0,0.266,0.873,0.3,57.2,5.53,1
2026-09-05 18:21:58,19409.9,FAULT_UV_WAIT,MPPT,15.0,123.1,459.8,0.27,21.6,0.0,0.0,,,97.06,,3987.5217,0,0.2,70.5,0.0,,,,,,,,,,,,,,,5,97,40,0.0,464.7,278.8,0.6696,0.0,,0.0,0,0.0,0.0,0.0,0.266,0.873,0.3,57.2,5.53,1
2026-09-05 18:22:14,19426.3,FAULT_UV_WAIT,MPPT,15.0,122.2,459.0,0.27,21.6,0.0,0.0,,,,179.717,3987.5217,0,0.2,70.4,0.0,,,,,,,,,,,,,,,5,97,40,0.0,464.7,278.8,0.6696,0.0,,0.0,0,0.0,0.0,0.0,0.266,0.873,0.3,57.2,5.53,1
2026-09-05 18:22:31,19442.8,FAULT_UV_WAIT,MPPT,15.0,122.2,458.3,0.27,21.6,0.0,0.0,,,,179.728,3987.5217,0,0.2,70.4,0.0,,,,,,,,,,,,,,,5,97,40,0.0,464.7,278.8,0.6696,0.0,,0.0,0,0.0,0.0,0.0,0.266,0.873,0.3,57.2,5.53,1
2026-09-05 18:22:47,19459.3,FAULT_UV_WAIT,MPPT,15.0,121.3,457.4,0.27,21.6,0.0,0.0,,,,179.725,3987.5217,0,0.2,70.3,0.0,,,,,,,,,,,,,,,5,97,40,0.0,464.7,278.8,0.6696,0.0,,0.0,0,0.0,0.0,0.0,0.266,0.873,0.3,57.2,5.53,1
2026-09-05 18:23:04,19475.8,FAULT_UV_WAIT,MPPT,15.0,119.8,456.7,0.26,21.6,0.0,0.0,,,,179.718,3987.5217,0,0.2,70.3,0.0,,,,,,,,,,,,,,,5,97,40,0.0,464.7,278.8,0.6696,0.0,,0.0,0,0.0,0.0,0.0,0.266,0.873,0.3,57.2,5.53,1
2026-09-05 18:23:20,19492.3,FAULT_UV_WAIT,MPPT,15.0,117.9,455.8,0.26,21.6,0.0,0.0,,,,179.713,3987.5217,0,0.2,70.2,0.0,,,,,,,,,,,,,,,5,97,40,0.0,464.7,278.8,0.6696,0.0,,0.0,0,0.0,0.0,0.0,0.266,0.873,0.3,57.2,5.53,1
2026-09-05 18:23:37,19508.7,FAULT_UV_WAIT,MPPT,15.0,121.0,455.0,0.27,21.5,0.0,0.0,,,,179.712,3987.5217,0,0.2,70.2,0.0,,,,,,,,,,,,,,,5,97,40,0.0,464.7,278.8,0.6696,0.0,,0.0,0,0.0,0.0,0.0,0.266,0.873,0.3,57.2,5.53,1
2026-09-05 18:23:53,19525.2,FAULT_UV_WAIT,MPPT,15.0,122.0,454.1,0.27,21.5,0.0,0.0,,,,179.721,3987.5217,0,0.2,70.1,0.0,,,,,,,,,,,,,,,5,97,40,0.0,464.7,278.8,0.6696,0.0,,0.0,0,0.0,0.0,0.0,0.266,0.873,0.3,57.2,5.53,1
2026-09-05 18:24:10,19541.7,FAULT_UV_WAIT,MPPT,15.0,120.7,453.3,0.27,21.5,0.0,0.0,,,,179.722,3987.5217,0,0.2,70.0,0.0,,,,,,,,,,,,,,,5,97,40,0.0,464.7,278.8,0.6696,0.0,,0.0,0,0.0,0.0,0.0,0.266,0.873,0.3,57.2,5.53,1
2026-09-05 18:24:26,19558.1,FAULT_UV_WAIT,MPPT,15.0,120.9,452.3,0.27,21.5,0.0,0.0,,,,179.708,3987.5217,0,0.2,70.0,0.0,,,,,,,,,,,,,,,5,97,40,0.0,464.7,278.8,0.6696,0.0,,0.0,0,0.0,0.0,0.0,0.266,0.873,0.3,57.2,5.53,1
2026-09-05 18:24:43,19574.6,FAULT_UV_WAIT,MPPT,15.0,122.4,451.4,0.27,21.5,0.0,0.0,,,97.06,,3987.5217,0,0.2,69.9,0.0,,,,,,,,,,,,,,,5,97,40,0.0,464.7,278.8,0.6696,0.0,,0.0,0,0.0,0.0,0.0,0.266,0.873,0.3,57.2,5.53,1
2026-09-05 18:24:59,19591.1,FAULT_UV_WAIT,MPPT,15.0,124.5,450.5,0.28,21.5,0.0,0.0,,,,179.705,3987.5217,0,0.2,69.9,0.0,,,,,,,,,,,,,,,5,97,40,0.0,464.7,278.8,0.6696,0.0,,0.0,0,0.0,0.0,0.0,0.266,0.873,0.3,57.2,5.53,1
2026-09-05 18:25:16,19607.6,FAULT_UV_WAIT,MPPT,15.0,121.3,449.7,0.27,21.5,0.0,0.0,,,,179.704,3987.5217,0,0.2,69.8,0.0,,,,,,,,,,,,,,,5,97,40,0.0,464.7,278.8,0.6696,0.0,,0.0,0,0.0,0.0,0.0,0.266,0.873,0.3,57.2,5.53,1
2026-09-05 18:25:32,19624.1,FAULT_UV_WAIT,MPPT,15.0,46.1,380.7,0.12,21.6,0.0,0.0,,,,179.695,3987.5217,0,0.2,64.3,0.0,,,,,,,,,,,,,,,5,97,40,0.0,448.8,269.3,0.6614,0.0,,0.0,0,0.0,0.0,0.0,0.063,0.873,0.3,57.2,5.53,1
2026-09-05 18:25:49,19640.5,FAULT_UV_WAIT,MPPT,15.0,120.7,447.8,0.27,21.5,0.0,0.0,,,,179.709,3987.5217,0,0.2,69.7,0.0,,,,,,,,,,,,,,,5,97,40,0.0,448.8,269.3,0.6614,0.0,,0.0,0,0.0,0.0,0.0,0.063,0.873,0.3,57.2,5.53,1
2026-09-05 18:26:05,19657.1,FAULT_UV_WAIT,MPPT,15.0,124.1,447.0,0.28,21.5,0.0,0.0,,,,179.703,3987.5217,0,0.2,69.6,0.0,,,,,,,,,,,,,,,5,97,40,0.0,448.8,269.3,0.6614,0.0,,0.0,0,0.0,0.0,0.0,0.063,0.873,0.3,57.2,5.53,1
2026-09-05 18:26:22,19673.5,FAULT_UV_WAIT,MPPT,15.0,120.5,446.1,0.27,21.5,0.0,0.0,,,,179.7,3987.5217,0,0.2,69.6,0.0,,,,,,,,,,,,,,,5,97,40,0.0,448.8,269.3,0.6614,0.0,,0.0,0,0.0,0.0,0.0,0.063,0.873,0.3,57.2,5.53,1
2026-09-05 18:26:38,19690.0,FAULT_UV_WAIT,MPPT,15.0,122.8,445.1,0.28,21.5,0.0,0.0,,,,179.699,3987.5217,0,0.2,69.5,0.0,,,,,,,,,,,,,,,5,97,40,0.0,448.8,269.3,0.6614,0.0,,0.0,0,0.0,0.0,0.0,0.063,0.873,0.3,57.2,5.53,1
2026-09-05 18:26:55,19706.4,FAULT_UV_WAIT,MPPT,15.0,120.2,444.3,0.27,21.5,0.0,0.0,,,97.05,,3987.5217,0,0.2,69.4,0.0,,,,,,,,,,,,,,,5,97,40,0.0,448.8,269.3,0.6614,0.0,,0.0,0,0.0,0.0,0.0,0.063,0.873,0.3,57.2,5.53,1
2026-09-05 18:27:11,19723.0,FAULT_UV_WAIT,MPPT,15.0,120.9,443.4,0.27,21.5,0.0,0.0,,,,179.695,3987.5217,0,0.2,69.4,0.0,,,,,,,,,,,,,,,5,97,40,0.0,448.8,269.3,0.6614,0.0,,0.0,0,0.0,0.0,0.0,0.063,0.873,0.3,57.2,5.53,1
2026-09-05 18:27:28,19739.4,FAULT_UV_WAIT,MPPT,15.0,123.7,442.6,0.28,21.5,0.0,0.0,,,,179.694,3987.5217,0,0.2,69.3,0.0,,,,,,,,,,,,,,,5,97,40,0.0,448.8,269.3,0.6614,0.0,,0.0,0,0.0,0.0,0.0,0.063,0.873,0.3,57.2,5.53,1
2026-09-05 18:27:44,19755.8,FAULT_UV_WAIT,MPPT,15.0,121.8,441.7,0.28,21.4,0.0,0.0,,,97.05,,3987.5217,0,0.2,69.3,0.0,,,,,,,,,,,,,,,5,97,40,0.0,448.8,269.3,0.6614,0.0,,0.0,0,0.0,0.0,0.0,0.063,0.873,0.3,57.2,5.53,1
2026-09-05 18:28:00,19772.3,FAULT_UV_WAIT,MPPT,15.0,121.1,440.9,0.27,21.4,0.0,0.0,,,,179.693,3987.5217,0,0.2,69.2,0.0,,,,,,,,,,,,,,,5,97,40,0.0,448.8,269.3,0.6614,0.0,,0.0,0,0.0,0.0,0.0,0.063,0.873,0.3,57.2,5.53,1
2026-09-05 18:28:17,19788.8,FAULT_UV_WAIT,MPPT,15.0,120.2,440.0,0.27,21.4,0.0,0.0,,,,179.691,3987.5217,0,0.2,69.1,0.0,,,,,,,,,,,,,,,5,97,40,0.0,448.8,269.3,0.6614,0.0,,0.0,0,0.0,0.0,0.0,0.063,0.873,0.3,57.2,5.53,1
2026-09-05 18:28:33,19805.3,FAULT_UV_WAIT,MPPT,15.0,117.4,439.0,0.27,21.4,0.0,0.0,,,,179.701,3987.5217,0,0.2,69.1,0.0,,,,,,,,,,,,,,,5,97,40,0.0,448.8,269.3,0.6614,0.0,,0.0,0,0.0,0.0,0.0,0.063,0.873,0.3,57.2,5.53,1
2026-09-05 18:28:50,19821.8,FAULT_UV_WAIT,MPPT,15.0,122.5,438.3,0.28,21.4,0.0,0.0,,,97.05,,3987.5217,0,0.2,69.0,0.0,,,,,,,,,,,,,,,5,97,40,0.0,448.8,269.3,0.6614,0.0,,0.0,0,0.0,0.0,0.0,0.063,0.873,0.3,57.2,5.53,1
2026-09-05 18:29:06,19838.2,FAULT_UV_WAIT,MPPT,15.0,117.1,437.3,0.27,21.4,0.0,0.0,,,97.05,,3987.5217,0,0.2,69.0,0.0,,,,,,,,,,,,,,,5,97,40,0.0,448.8,269.3,0.6614,0.0,,0.0,0,0.0,0.0,0.0,0.063,0.873,0.3,57.2,5.53,1
2026-09-05 18:29:23,19854.7,FAULT_UV_WAIT,MPPT,15.0,118.1,436.4,0.27,21.4,0.0,0.0,,,97.05,,3987.5217,0,0.2,68.9,0.0,,,,,,,,,,,,,,,5,97,40,0.0,448.8,269.3,0.6614,0.0,,0.0,0,0.0,0.0,0.0,0.063,0.873,0.3,57.2,5.53,1
2026-09-05 18:29:39,19871.2,FAULT_UV_WAIT,MPPT,15.0,117.5,435.6,0.27,21.4,0.0,0.0,,,,179.689,3987.5217,0,0.2,68.8,0.0,,,,,,,,,,,,,,,5,97,40,0.0,448.8,269.3,0.6614,0.0,,0.0,0,0.0,0.0,0.0,0.063,0.873,0.3,57.2,5.53,1
2026-09-05 18:29:56,19887.7,FAULT_UV_WAIT,MPPT,15.0,119.2,434.6,0.27,21.4,0.0,0.0,,,,179.683,3987.5217,0,0.2,68.8,0.0,,,,,,,,,,,,,,,5,97,40,0.0,448.8,269.3,0.6614,0.0,,0.0,0,0.0,0.0,0.0,0.063,0.873,0.3,57.2,5.53,1
2026-09-05 18:30:12,19904.2,FAULT_UV_WAIT,MPPT,15.0,119.4,433.7,0.28,21.4,0.0,0.0,,,,179.682,3987.5217,0,0.2,68.7,0.0,,,,,,,,,,,,,,,5,97,40,0.0,448.8,269.3,0.6614,0.0,,0.0,0,0.0,0.0,0.0,0.063,0.873,0.3,57.2,5.53,1
2026-09-05 18:30:29,19920.7,FAULT_UV_WAIT,MPPT,15.0,119.2,432.6,0.28,21.4,0.0,0.0,,,,179.681,3987.5217,0,0.2,68.6,0.0,,,,,,,,,,,,,,,5,97,40,0.0,448.8,269.3,0.6614,0.0,,0.0,0,0.0,0.0,0.0,0.063,0.873,0.3,57.2,5.53,1
2026-09-05 18:30:45,19937.1,FAULT_UV_WAIT,MPPT,15.0,116.6,431.6,0.27,21.4,0.0,0.0,,,,179.68,3987.5217,0,0.2,68.5,0.0,,,,,,,,,,,,,,,5,97,40,0.0,448.8,269.3,0.6614,0.0,,0.0,0,0.0,0.0,0.0,0.063,0.873,0.3,57.2,5.53,1
2026-09-05 18:31:02,19953.6,FAULT_UV_WAIT,MPPT,15.0,115.2,430.5,0.27,21.4,0.0,0.0,,,,179.68,3987.5217,0,0.2,68.5,0.0,,,,,,,,,,,,,,,5,97,40,0.0,431.0,258.6,0.8042,0.0,,0.0,0,0.0,0.0,0.0,0.075,0.873,0.3,57.2,5.53,1
2026-09-05 18:31:18,19970.1,FAULT_UV_WAIT,MPPT,15.0,118.3,429.4,0.28,21.4,0.0,0.0,,,,179.693,3987.5217,0,0.2,68.4,0.0,,,,,,,,,,,,,,,5,97,40,0.0,431.0,258.6,0.8042,0.0,,0.0,0,0.0,0.0,0.0,0.075,0.873,0.3,57.2,5.53,1
2026-09-05 18:31:35,19986.6,FAULT_UV_WAIT,MPPT,15.0,120.1,428.4,0.28,21.4,0.0,0.0,,,,179.687,3987.5217,0,0.2,68.3,0.0,,,,,,,,,,,,,,,5,97,40,0.0,431.0,258.6,0.8042,0.0,,0.0,0,0.0,0.0,0.0,0.075,0.873,0.3,57.2,5.53,1
2026-09-05 18:31:51,20003.1,FAULT_UV_WAIT,MPPT,15.0,119.1,427.2,0.28,21.4,0.0,0.0,,,,179.68,3987.5217,0,0.2,68.2,0.0,,,,,,,,,,,,,,,5,97,40,0.0,431.0,258.6,0.8042,0.0,,0.0,0,0.0,0.0,0.0,0.075,0.873,0.3,57.2,5.53,1
2026-09-05 18:32:08,20019.5,FAULT_UV_WAIT,MPPT,15.0,118.0,426.0,0.28,21.3,0.0,0.0,,,,179.677,3987.5217,0,0.2,68.1,0.0,,,,,,,,,,,,,,,5,97,40,0.0,431.0,258.6,0.8042,0.0,,0.0,0,0.0,0.0,0.0,0.075,0.873,0.3,57.2,5.53,1
2026-09-05 18:32:24,20036.0,FAULT_UV_WAIT,MPPT,15.0,118.0,424.9,0.28,21.3,0.0,0.0,,,,179.674,3987.5217,0,0.2,68.0,0.0,,,,,,,,,,,,,,,5,97,40,0.0,431.0,258.6,0.8042,0.0,,0.0,0,0.0,0.0,0.0,0.075,0.873,0.3,57.2,5.53,1
2026-09-05 18:32:41,20052.5,FAULT_UV_WAIT,MPPT,15.0,118.5,423.6,0.28,21.3,0.0,0.0,,,,179.686,3987.5217,0,0.2,67.9,0.0,,,,,,,,,,,,,,,5,97,40,0.0,431.0,258.6,0.8042,0.0,,0.0,0,0.0,0.0,0.0,0.075,0.873,0.3,57.2,5.53,1
2026-09-05 18:32:57,20069.0,FAULT_UV_WAIT,MPPT,15.0,119.4,422.3,0.28,21.3,0.0,0.0,,,,179.683,3987.5217,0,0.2,67.9,0.0,,,,,,,,,,,,,,,5,97,40,0.0,431.0,258.6,0.8042,0.0,,0.0,0,0.0,0.0,0.0,0.075,0.873,0.3,57.2,5.53,1
2026-09-05 18:33:14,20085.4,FAULT_UV_WAIT,MPPT,15.0,117.1,420.9,0.28,21.3,0.0,0.0,,,,179.671,3987.5217,0,0.2,67.7,0.0,,,,,,,,,,,,,,,5,97,40,0.0,431.0,258.6,0.8042,0.0,,0.0,0,0.0,0.0,0.0,0.075,0.873,0.3,57.2,5.53,1
2026-09-05 18:33:30,20101.9,FAULT_UV_WAIT,MPPT,15.0,121.7,419.6,0.29,21.2,0.0,0.0,,,,179.67,3987.5217,0,0.2,67.6,0.0,,,,,,,,,,,,,,,5,97,40,0.0,431.0,258.6,0.8042,0.0,,0.0,0,0.0,0.0,0.0,0.075,0.873,0.3,57.2,5.53,1
2026-09-05 18:33:47,20118.4,FAULT_UV_WAIT,MPPT,15.0,121.5,418.1,0.29,21.2,0.0,0.0,,,,179.671,3987.5217,0,0.2,67.5,0.0,,,,,,,,,,,,,,,5,97,40,0.0,431.0,258.6,0.8042,0.0,,0.0,0,0.0,0.0,0.0,0.075,0.873,0.3,57.2,5.53,1
2026-09-05 18:34:03,20134.9,FAULT_UV_WAIT,MPPT,15.0,117.8,416.6,0.28,21.2,0.0,0.0,,,,179.668,3987.5217,0,0.2,67.4,0.0,,,,,,,,,,,,,,,5,97,40,0.0,431.0,258.6,0.8042,0.0,,0.0,0,0.0,0.0,0.0,0.075,0.873,0.3,57.2,5.53,1
2026-09-05 18:34:20,20151.4,FAULT_UV_WAIT,MPPT,15.0,118.5,415.0,0.29,21.2,0.0,0.0,,,,179.679,3987.5217,0,0.2,67.3,0.0,,,,,,,,,,,,,,,5,97,40,0.0,431.0,258.6,0.8042,0.0,,0.0,0,0.0,0.0,0.0,0.075,0.873,0.3,57.2,5.53,1
2026-09-05 18:34:36,20167.9,FAULT_UV_WAIT,MPPT,15.0,121.3,413.4,0.29,21.1,0.0,0.0,,,,179.666,3987.5217,0,0.2,67.2,0.0,,,,,,,,,,,,,,,5,97,40,0.0,431.0,258.6,0.8042,0.0,,0.0,0,0.0,0.0,0.0,0.075,0.873,0.3,57.2,5.53,1
2026-09-05 18:34:53,20184.4,FAULT_UV_WAIT,MPPT,15.0,118.0,411.7,0.29,21.1,0.0,0.0,,,,179.665,3987.5217,0,0.2,67.0,0.0,,,,,,,,,,,,,,,5,97,40,0.0,431.0,258.6,0.8042,0.0,,0.0,0,0.0,0.0,0.0,0.075,0.873,0.3,57.2,5.53,1
2026-09-05 18:35:09,20200.8,FAULT_UV_WAIT,MPPT,15.0,116.7,409.8,0.28,21.1,0.0,0.0,,,,179.665,3987.5217,0,0.2,66.9,0.0,,,,,,,,,,,,,,,5,97,40,0.0,431.0,258.6,0.8042,0.0,,0.0,0,0.0,0.0,0.0,0.075,0.873,0.3,57.2,5.53,1
2026-09-05 18:35:26,20217.3,FAULT_UV_WAIT,MPPT,15.0,116.2,407.9,0.28,21.1,0.0,0.0,,,,179.663,3987.5217,0,0.2,66.7,0.0,,,,,,,,,,,,,,,5,97,40,0.0,431.0,258.6,0.8042,0.0,,0.0,0,0.0,0.0,0.0,0.075,0.873,0.3,57.2,5.53,1
2026-09-05 18:35:42,20233.8,FAULT_UV_WAIT,MPPT,15.0,115.0,405.9,0.28,21.0,0.0,0.0,,,,179.662,3987.5217,0,0.2,66.6,0.0,,,,,,,,,,,,,,,5,97,40,0.0,431.0,258.6,0.8042,0.0,,0.0,0,0.0,0.0,0.0,0.075,0.873,0.3,57.2,5.53,1
2026-09-05 18:35:58,20250.3,FAULT_UV_WAIT,MPPT,15.0,116.5,403.7,0.29,21.0,0.0,0.0,,,,179.67,3987.5217,0,0.2,66.4,0.0,,,,,,,,,,,,,,,5,97,40,0.0,431.0,258.6,0.8042,0.0,,0.0,0,0.0,0.0,0.0,0.075,0.873,0.3,57.2,5.53,1
2026-09-05 18:36:15,20266.8,FAULT_UV_WAIT,MPPT,15.0,114.8,401.5,0.29,21.0,0.0,0.0,,,97.03,,3987.5217,0,0.2,66.2,0.0,,,,,,,,,,,,,,,5,97,40,0.0,431.0,258.6,0.8042,0.0,,0.0,0,0.0,0.0,0.0,0.075,0.873,0.3,57.2,5.53,1
2026-09-05 18:36:31,20283.3,FAULT_UV_WAIT,MPPT,15.0,113.7,391.4,0.29,21.0,0.0,0.0,,,,179.662,3987.5217,0,0.2,65.3,0.0,,,,,,,,,,,,,,,5,97,40,0.0,400.8,240.5,0.7712,0.0,,0.0,0,0.0,0.0,0.0,0.068,0.873,0.3,57.2,5.53,1
2026-09-05 18:36:48,20299.7,FAULT_UV_WAIT,MPPT,15.0,117.3,396.5,0.3,21.0,0.0,0.0,,,,179.66,3987.5217,0,0.2,65.8,0.0,,,,,,,,,,,,,,,5,97,40,0.0,400.8,240.5,0.7712,0.0,,0.0,0,0.0,0.0,0.0,0.068,0.873,0.3,57.2,5.53,1
2026-09-05 18:37:04,20316.3,FAULT_UV_WAIT,MPPT,15.0,113.1,393.6,0.29,21.0,0.0,0.0,,,,179.659,3987.5217,0,0.2,65.5,0.0,,,,,,,,,,,,,,,5,97,40,0.0,400.8,240.5,0.7712,0.0,,0.0,0,0.0,0.0,0.0,0.068,0.873,0.3,57.2,5.53,1
2026-09-05 18:37:21,20332.7,FAULT_UV_WAIT,MPPT,15.0,115.2,390.7,0.29,21.0,0.0,0.0,,,,179.668,3987.5217,0,0.2,65.2,0.0,,,,,,,,,,,,,,,5,97,40,0.0,400.8,240.5,0.7712,0.0,,0.0,0,0.0,0.0,0.0,0.068,0.873,0.3,57.2,5.53,1
2026-09-05 18:37:37,20349.2,FAULT_UV_WAIT,MPPT,15.0,112.5,387.4,0.29,20.9,0.0,0.0,,,,179.662,3987.5217,0,0.2,65.0,0.0,,,,,,,,,,,,,,,5,97,40,0.0,400.8,240.5,0.7712,0.0,,0.0,0,0.0,0.0,0.0,0.068,0.873,0.3,57.2,5.53,1
2026-09-05 18:37:54,20365.7,FAULT_UV_WAIT,MPPT,15.0,112.8,383.9,0.29,20.9,0.0,0.0,,,97.03,,3987.5217,0,0.2,64.6,0.0,,,,,,,,,,,,,,,5,97,40,0.0,400.8,240.5,0.7712,0.0,,0.0,0,0.0,0.0,0.0,0.068,0.873,0.3,57.2,5.53,1
2026-09-05 18:38:10,20382.2,FAULT_UV_WAIT,MPPT,15.0,113.1,379.8,0.3,20.9,0.0,0.0,,,,179.657,3987.5217,0,0.2,64.3,0.0,,,,,,,,,,,,,,,5,97,40,0.0,400.8,240.5,0.7712,0.0,,0.0,0,0.0,0.0,0.0,0.068,0.873,0.3,57.2,5.53,1
2026-09-05 18:38:27,20398.6,FAULT_UV_WAIT,MPPT,15.0,111.4,375.5,0.3,21.0,0.0,0.0,,,97.03,,3987.5217,0,0.2,63.8,0.0,,,,,,,,,,,,,,,5,97,40,0.0,400.8,240.5,0.7712,0.0,,0.0,0,0.0,0.0,0.0,0.068,0.873,0.3,57.2,5.53,1
2026-09-05 18:38:43,20415.1,FAULT_UV_WAIT,MPPT,15.0,106.1,370.6,0.29,21.1,0.0,0.0,,,,179.654,3987.5217,0,0.2,63.4,0.0,,,,,,,,,,,,,,,5,97,40,0.0,400.8,240.5,0.7712,0.0,,0.0,0,0.0,0.0,0.0,0.068,0.873,0.3,57.2,5.53,1
2026-09-05 18:39:00,20431.6,FAULT_UV_WAIT,MPPT,15.0,103.8,364.6,0.28,21.2,0.0,0.0,,,,179.654,3987.5217,0,0.2,62.8,0.0,,,,,,,,,,,,,,,5,97,40,0.0,400.8,240.5,0.7712,0.0,,0.0,0,0.0,0.0,0.0,0.068,0.873,0.3,57.2,5.53,1
2026-09-05 18:39:16,20448.1,FAULT_UV_WAIT,MPPT,15.0,97.9,357.3,0.27,21.4,0.0,0.0,,,,179.655,3987.5217,0,0.2,62.0,0.0,,,,,,,,,,,,,,,5,97,40,0.0,400.8,240.5,0.7712,0.0,,0.0,0,0.0,0.0,0.0,0.068,0.873,0.3,57.2,5.53,1
2026-09-05 18:39:33,20464.6,FAULT_UV_WAIT,MPPT,15.0,97.7,348.1,0.28,21.6,0.0,0.0,,,97.03,,3987.5217,0,0.2,61.0,0.0,,,,,,,,,,,,,,,5,97,40,0.0,400.8,240.5,0.7712,0.0,,0.0,0,0.0,0.0,0.0,0.068,0.873,0.3,57.2,5.53,1
2026-09-05 18:39:49,20481.0,FAULT_UV_WAIT,MPPT,15.0,91.7,336.0,0.27,21.8,0.0,0.0,,,,179.652,3987.5217,0,0.2,59.6,0.0,,,,,,,,,,,,,,,5,97,40,0.0,400.8,240.5,0.7712,0.0,,0.0,0,0.0,0.0,0.0,0.068,0.873,0.3,57.2,5.53,1
2026-09-05 18:40:06,20497.5,FAULT_UV_WAIT,MPPT,15.0,82.0,316.7,0.26,22.0,0.0,0.0,,,,179.651,3987.5217,0,0.2,57.1,0.0,,,,,,,,,,,,,,,5,97,40,0.0,400.8,240.5,0.7712,0.0,,0.0,0,0.0,0.0,0.0,0.068,0.873,0.3,57.2,5.53,1
2026-09-05 18:40:22,20514.0,FAULT_UV_WAIT,MPPT,15.0,71.4,275.2,0.26,22.1,0.0,0.0,,,,179.658,3987.5217,0,0.2,50.7,0.0,,,,,,,,,,,,,,,5,97,40,0.0,400.8,240.5,0.7712,0.0,,0.0,0,0.0,0.0,0.0,0.068,0.873,0.3,57.2,5.53,1
2026-09-05 18:40:41,20530.5,,,,,,,,0.0,0.0,,,97.03,,3987.5217,,,,,,,,,,,,,,,,,,,,,,,,,,,,,,,,,,,,,,
